module,descriptor,model,metric_type,group,group_n,feature_mean_smd,feature_max_smd,n_features_used,target_shift_smd,target_variance_ratio,class_majority_share,class_entropy,random_group_loss,grouped_group_loss,paired_loss_gap
10-1016-j-conbuildmat-2020-120950,10-1016-j-conbuildmat-2020-120950,Ridge,regression,540.0|0.0|0.0|162.0|2.5|1040.0|676.0,1,,,0,2.646477,,,,0.761067,0.748445,-0.012622
10-1016-j-conbuildmat-2020-120950,10-1016-j-conbuildmat-2020-120950,Ridge,regression,540.0|0.0|0.0|162.0|2.5|1055.0|676.0,1,,,0,1.562036,,,,0.205564,0.235779,0.030214
10-1016-j-conbuildmat-2020-120950,10-1016-j-conbuildmat-2020-120950,Ridge,regression,332.5|142.5|0.0|228.0|0.0|932.0|594.0,6,,,0,0.072364,0.068724,,,0.276644,0.285866,0.009223
10-1016-j-conbuildmat-2020-120950,10-1016-j-conbuildmat-2020-120950,Ridge,regression,198.6|132.4|0.0|192.0|0.0|978.4|825.5,6,,,0,0.391628,0.772684,,,0.223109,0.222029,-0.001080
10-1016-j-conbuildmat-2020-120950,10-1016-j-conbuildmat-2020-120950,Ridge,regression,266.0|114.0|0.0|228.0|0.0|932.0|670.0,5,,,0,0.807619,0.032479,,,0.374732,0.376385,0.001653
10-1016-j-conbuildmat-2020-120950,10-1016-j-conbuildmat-2020-120950,Ridge,regression,380.0|95.0|0.0|228.0|0.0|932.0|594.0,6,,,0,0.206080,0.054574,,,0.300295,0.305505,0.005210
10-1016-j-conbuildmat-2020-120950,10-1016-j-conbuildmat-2020-120950,Ridge,regression,475.0|0.0|0.0|228.0|0.0|932.0|594.0,6,,,0,0.320139,0.010585,,,0.348062,0.350083,0.002021
10-1016-j-conbuildmat-2020-120950,10-1016-j-conbuildmat-2020-120950,Ridge,regression,427.5|47.5|0.0|228.0|0.0|932.0|594.0,6,,,0,0.277851,0.041526,,,0.324154,0.311431,-0.012724
10-1016-j-conbuildmat-2020-120950,10-1016-j-conbuildmat-2020-120950,Ridge,regression,190.0|190.0|0.0|228.0|0.0|932.0|670.0,5,,,0,0.666170,0.105163,,,0.308894,0.331403,0.022509
10-1016-j-conbuildmat-2020-120950,10-1016-j-conbuildmat-2020-120950,Ridge,regression,304.0|76.0|0.0|228.0|0.0|932.0|670.0,5,,,0,0.944348,0.037315,,,0.408244,0.405821,-0.002423
10-1016-j-conbuildmat-2020-120950,10-1016-j-conbuildmat-2020-120950,Ridge,regression,380.0|0.0|0.0|228.0|0.0|932.0|670.0,4,,,0,1.029975,0.000401,,,0.361143,0.351639,-0.009504
10-1016-j-conbuildmat-2020-120950,10-1016-j-conbuildmat-2020-120950,Ridge,regression,139.6|209.4|0.0|192.0|0.0|1047.0|806.9,6,,,0,0.358784,0.878714,,,0.247613,0.246563,-0.001050
10-1016-j-conbuildmat-2020-120950,10-1016-j-conbuildmat-2020-120950,Ridge,regression,342.0|38.0|0.0|228.0|0.0|932.0|670.0,4,,,0,1.059423,0.024563,,,0.325449,0.328275,0.002826
10-1016-j-conbuildmat-2020-120950,10-1016-j-conbuildmat-2020-120950,Ridge,regression,237.5|237.5|0.0|228.0|0.0|932.0|594.0,6,,,0,0.118385,0.089396,,,0.280152,0.270086,-0.010065
10-1016-j-conbuildmat-2020-120950,10-1016-j-conbuildmat-2020-120950,Ridge,regression,349.0|0.0|0.0|192.0|0.0|1047.0|806.9,1,,,0,1.244417,,,,0.283356,0.280510,-0.002846
10-1016-j-conbuildmat-2020-120950,10-1016-j-conbuildmat-2020-120950,Ridge,regression,310.0|0.0|0.0|192.0|0.0|971.0|850.6,1,,,0,1.554959,,,,0.278063,0.287040,0.008977
10-1016-j-conbuildmat-2020-120950,10-1016-j-conbuildmat-2020-120950,Ridge,regression,485.0|0.0|0.0|146.0|0.0|1120.0|800.0,1,,,0,2.167257,,,,0.585267,0.568423,-0.016844
10-1016-j-conbuildmat-2020-120950,10-1016-j-conbuildmat-2020-120950,Ridge,regression,374.0|189.2|0.0|170.1|10.1|926.1|756.7,5,,,0,1.093594,0.631449,,,0.221994,0.214152,-0.007842
10-1016-j-conbuildmat-2020-120950,10-1016-j-conbuildmat-2020-120950,Ridge,regression,313.3|262.2|0.0|175.5|8.6|1046.9|611.8,5,,,0,1.008159,0.954586,,,0.290022,0.289661,-0.000361
10-1016-j-conbuildmat-2020-120950,10-1016-j-conbuildmat-2020-120950,Ridge,regression,425.0|106.3|0.0|153.5|16.5|852.1|887.1,15,,,0,1.133518,0.557284,,,0.195802,0.190866,-0.004936
10-1016-j-conbuildmat-2020-120950,10-1016-j-conbuildmat-2020-120950,Ridge,regression,425.0|106.3|0.0|151.4|18.6|936.0|803.7,5,,,0,1.171896,0.627506,,,0.210782,0.204065,-0.006717
10-1016-j-conbuildmat-2020-120950,10-1016-j-conbuildmat-2020-120950,Ridge,regression,375.0|93.8|0.0|126.6|23.4|852.1|992.6,5,,,0,0.902319,0.683150,,,0.225353,0.224209,-0.001144
10-1016-j-conbuildmat-2020-120950,10-1016-j-conbuildmat-2020-120950,Ridge,regression,475.0|118.8|0.0|181.1|8.9|852.1|781.5,5,,,0,1.553118,0.833002,,,0.307264,0.305180,-0.002084
10-1016-j-conbuildmat-2020-120950,10-1016-j-conbuildmat-2020-120950,Ridge,regression,469.0|117.2|0.0|137.8|32.2|852.1|840.5,5,,,0,1.478549,0.601446,,,0.279985,0.278046,-0.001939
10-1016-j-conbuildmat-2020-120950,10-1016-j-conbuildmat-2020-120950,Ridge,regression,388.6|97.1|0.0|157.9|12.1|852.1|925.7,5,,,0,0.570284,0.610822,,,0.200186,0.195826,-0.004360
10-1016-j-conbuildmat-2020-120950,10-1016-j-conbuildmat-2020-120950,Ridge,regression,531.3|0.0|0.0|141.8|28.2|852.1|893.7,5,,,0,1.004592,0.230048,,,0.360056,0.382438,0.022383
10-1016-j-conbuildmat-2020-120950,10-1016-j-conbuildmat-2020-120950,Ridge,regression,318.8|212.5|0.0|155.7|14.3|852.1|880.4,5,,,0,0.832561,1.355130,,,0.348817,0.334573,-0.014244
10-1016-j-conbuildmat-2020-120950,10-1016-j-conbuildmat-2020-120950,Ridge,regression,401.8|94.7|0.0|147.4|11.4|946.8|852.1,5,,,0,1.609688,0.777731,,,0.332852,0.338033,0.005181
10-1016-j-conbuildmat-2020-120950,10-1016-j-conbuildmat-2020-120950,Ridge,regression,362.6|189.0|0.0|164.9|11.6|944.7|755.8,20,,,0,1.608551,1.391322,,,0.460468,0.478422,0.017954
10-1016-j-conbuildmat-2020-120950,10-1016-j-conbuildmat-2020-120950,Ridge,regression,323.7|282.8|0.0|183.8|10.3|942.7|659.9,4,,,0,1.347941,2.074545,,,0.484843,0.478907,-0.005937
10-1016-j-conbuildmat-2020-120950,10-1016-j-conbuildmat-2020-120950,Ridge,regression,379.5|151.2|0.0|153.9|15.9|1134.3|605.0,5,,,0,0.724233,0.460615,,,0.249155,0.245729,-0.003426
10-1016-j-conbuildmat-2020-120950,10-1016-j-conbuildmat-2020-120950,Ridge,regression,286.3|200.9|0.0|144.7|11.2|1004.6|803.7,5,,,0,1.212705,1.973274,,,0.495974,0.492256,-0.003717
10-1016-j-conbuildmat-2020-120950,10-1016-j-conbuildmat-2020-120950,Ridge,regression,439.0|177.0|0.0|186.0|11.1|884.9|707.9,5,,,0,1.531469,0.709978,,,0.272788,0.256717,-0.016071
10-1016-j-conbuildmat-2020-120950,10-1016-j-conbuildmat-2020-120950,Ridge,regression,389.9|189.0|0.0|145.9|22.0|944.7|755.8,5,,,0,1.889964,1.104785,,,0.324766,0.323034,-0.001732
10-1016-j-conbuildmat-2020-120950,10-1016-j-conbuildmat-2020-120950,Ridge,regression,337.9|189.0|0.0|174.9|9.5|944.7|755.8,5,,,0,0.694123,1.142209,,,0.302010,0.304390,0.002381
10-1016-j-conbuildmat-2020-120950,10-1016-j-conbuildmat-2020-120950,Ridge,regression,222.36|0.0|96.67|189.29|4.46|967.08|870.32,5,,,0,0.577613,0.393317,,,0.151580,0.149613,-0.001967
10-1016-j-conbuildmat-2020-120950,10-1016-j-conbuildmat-2020-120950,Ridge,regression,233.81|0.0|94.58|197.89|4.567|947.04|852.16,5,,,0,0.740023,0.280879,,,0.100868,0.099420,-0.001447
10-1016-j-conbuildmat-2020-120950,10-1016-j-conbuildmat-2020-120950,Ridge,regression,194.68|0.0|100.52|165.62|7.48|1006.4|905.9,5,,,0,0.536804,0.333157,,,0.112774,0.105759,-0.007014
10-1016-j-conbuildmat-2020-120950,10-1016-j-conbuildmat-2020-120950,Ridge,regression,190.68|0.0|125.4|162.14|7.77|1090.0|804.01,5,,,0,0.489275,0.384263,,,0.142092,0.136628,-0.005464
10-1016-j-conbuildmat-2020-120950,10-1016-j-conbuildmat-2020-120950,Ridge,regression,212.07|0.0|121.62|180.31|5.69|1057.6|779.32,5,,,0,0.565171,0.412869,,,0.145713,0.142228,-0.003485
10-1016-j-conbuildmat-2020-120950,10-1016-j-conbuildmat-2020-120950,Ridge,regression,229.97|0.0|118.31|195.47|4.63|1029.4|758.59,5,,,0,0.693075,0.354048,,,0.118377,0.122461,0.004085
10-1016-j-conbuildmat-2020-120950,10-1016-j-conbuildmat-2020-120950,Ridge,regression,190.34|0.0|125.18|161.85|9.88|1088.1|802.59,5,,,0,0.475257,0.570100,,,0.176934,0.177022,0.000088
10-1016-j-conbuildmat-2020-120950,10-1016-j-conbuildmat-2020-120950,Ridge,regression,166.09|0.0|163.27|176.46|4.49|1058.6|780.09,5,,,0,0.711406,0.264753,,,0.108478,0.102664,-0.005814
10-1016-j-conbuildmat-2020-120950,10-1016-j-conbuildmat-2020-120950,Ridge,regression,167.95|42.08|163.83|121.75|5.72|1058.7|780.11,5,,,0,0.688015,0.547934,,,0.413371,0.460966,0.047595
10-1016-j-conbuildmat-2020-120950,10-1016-j-conbuildmat-2020-120950,Ridge,regression,213.72|98.05|24.51|181.71|6.86|1065.8|785.38,5,,,0,0.236673,0.821424,,,0.378379,0.392043,0.013665
10-1016-j-conbuildmat-2020-120950,10-1016-j-conbuildmat-2020-120950,Ridge,regression,213.76|98.06|24.52|181.74|6.65|1066.0|785.52,5,,,0,0.129121,1.038808,,,0.350062,0.353359,0.003298
10-1016-j-conbuildmat-2020-120950,10-1016-j-conbuildmat-2020-120950,Ridge,regression,229.68|0.0|118.16|195.23|6.13|1028.1|757.63,5,,,0,0.561439,0.378941,,,0.119525,0.119342,-0.000183
10-1016-j-conbuildmat-2020-120950,10-1016-j-conbuildmat-2020-120950,Ridge,regression,238.05|0.0|94.11|186.66|7.0|949.91|847.01,5,,,0,0.232721,0.354853,,,0.183669,0.180698,-0.002971
10-1016-j-conbuildmat-2020-120950,10-1016-j-conbuildmat-2020-120950,Ridge,regression,250.0|0.0|95.69|187.42|5.53|956.86|861.17,5,,,0,0.366431,0.455537,,,0.168902,0.167366,-0.001536
10-1016-j-conbuildmat-2020-120950,10-1016-j-conbuildmat-2020-120950,Ridge,regression,212.52|0.0|100.37|159.32|8.71|1007.8|903.59,5,,,0,0.266232,0.537848,,,0.187465,0.181610,-0.005855
10-1016-j-conbuildmat-2020-120950,10-1016-j-conbuildmat-2020-120950,Ridge,regression,212.57|0.0|100.39|159.35|10.37|1003.8|903.79,5,,,0,0.130448,0.723547,,,0.259059,0.252049,-0.007011
10-1016-j-conbuildmat-2020-120950,10-1016-j-conbuildmat-2020-120950,Ridge,regression,212.0|0.0|124.78|159.0|7.84|1085.4|799.54,5,,,0,0.038265,0.464928,,,0.218145,0.222282,0.004137
10-1016-j-conbuildmat-2020-120950,10-1016-j-conbuildmat-2020-120950,Ridge,regression,231.75|0.0|121.62|173.96|6.72|1056.4|778.45,5,,,0,0.175820,0.541937,,,0.198998,0.194083,-0.004915
10-1016-j-conbuildmat-2020-120950,10-1016-j-conbuildmat-2020-120950,Ridge,regression,251.37|0.0|118.27|188.45|5.75|1028.4|757.73,5,,,0,0.261421,0.344304,,,0.150325,0.146934,-0.003391
10-1016-j-conbuildmat-2020-120950,10-1016-j-conbuildmat-2020-120950,Ridge,regression,251.37|0.0|118.27|188.45|6.35|1028.4|757.73,5,,,0,0.337234,0.508329,,,0.176032,0.177481,0.001449
10-1016-j-conbuildmat-2020-120950,10-1016-j-conbuildmat-2020-120950,Ridge,regression,181.38|0.0|167.01|169.59|7.56|1055.6|777.8,5,,,0,0.422918,0.539593,,,0.164272,0.168674,0.004402
10-1016-j-conbuildmat-2020-120950,10-1016-j-conbuildmat-2020-120950,Ridge,regression,182.04|45.21|121.97|170.21|8.19|1059.4|780.65,5,,,0,0.322801,1.001175,,,0.283035,0.279088,-0.003947
10-1016-j-conbuildmat-2020-120950,10-1016-j-conbuildmat-2020-120950,Ridge,regression,168.88|42.22|124.25|158.33|10.83|1080.8|796.15,5,,,0,0.358054,0.865781,,,0.234469,0.236182,0.001714
10-1016-j-conbuildmat-2020-120950,10-1016-j-conbuildmat-2020-120950,Ridge,regression,290.35|0.0|96.18|168.08|9.41|961.18|865.0,5,,,0,0.082807,0.383193,,,0.129031,0.128941,-0.000090
10-1016-j-conbuildmat-2020-120950,10-1016-j-conbuildmat-2020-120950,Ridge,regression,277.05|0.0|97.39|160.6|11.83|973.9|875.61,5,,,0,0.491983,0.575171,,,0.295381,0.291069,-0.004312
10-1016-j-conbuildmat-2020-120950,10-1016-j-conbuildmat-2020-120950,Ridge,regression,295.71|0.0|95.64|171.54|8.87|955.14|859.2,5,,,0,0.238083,0.477358,,,0.200433,0.191128,-0.009305
10-1016-j-conbuildmat-2020-120950,10-1016-j-conbuildmat-2020-120950,Ridge,regression,251.81|0.0|99.94|146.14|12.35|1006.0|899.76,5,,,0,0.015153,0.346911,,,0.126922,0.119314,-0.007608
10-1016-j-conbuildmat-2020-120950,10-1016-j-conbuildmat-2020-120950,Ridge,regression,249.1|0.0|98.75|158.11|12.8|987.76|889.01,5,,,0,0.133683,0.661594,,,0.202930,0.206096,0.003166
10-1016-j-conbuildmat-2020-120950,10-1016-j-conbuildmat-2020-120950,Ridge,regression,252.31|0.0|98.75|146.25|14.17|987.76|889.01,5,,,0,0.629923,0.843354,,,0.362504,0.355395,-0.007109
10-1016-j-conbuildmat-2020-120950,10-1016-j-conbuildmat-2020-120950,Ridge,regression,246.83|0.0|125.08|143.3|11.99|1086.8|800.89,5,,,0,0.792830,1.022580,,,0.402511,0.388969,-0.013543
10-1016-j-conbuildmat-2020-120950,10-1016-j-conbuildmat-2020-120950,Ridge,regression,275.07|0.0|121.35|159.48|9.9|1053.6|777.5,5,,,0,0.604707,0.761327,,,0.321768,0.321570,-0.000198
10-1016-j-conbuildmat-2020-120950,10-1016-j-conbuildmat-2020-120950,Ridge,regression,297.16|0.0|117.54|174.8|9.52|1022.8|753.45,5,,,0,0.432095,0.688317,,,0.283741,0.276367,-0.007374
10-1016-j-conbuildmat-2020-120950,10-1016-j-conbuildmat-2020-120950,Ridge,regression,213.74|0.0|174.74|154.79|10.16|1053.5|776.35,5,,,0,0.109267,0.589678,,,0.195195,0.189444,-0.005751
10-1016-j-conbuildmat-2020-120950,10-1016-j-conbuildmat-2020-120950,Ridge,regression,213.5|0.0|174.24|154.61|11.66|1052.3|775.48,5,,,0,0.344753,0.965591,,,0.307842,0.300096,-0.007746
10-1016-j-conbuildmat-2020-120950,10-1016-j-conbuildmat-2020-120950,Ridge,regression,277.19|97.82|24.46|160.7|11.19|1061.7|782.46,5,,,0,1.154726,0.904740,,,0.464491,0.465229,0.000738
10-1016-j-conbuildmat-2020-120950,10-1016-j-conbuildmat-2020-120950,Ridge,regression,218.23|54.64|123.78|140.75|11.91|1075.7|792.67,5,,,0,0.785779,0.949446,,,0.343233,0.346261,0.003028
10-1016-j-conbuildmat-2020-120950,10-1016-j-conbuildmat-2020-120950,Ridge,regression,214.9|53.8|121.89|155.63|9.61|1014.3|780.58,5,,,0,0.485098,0.922765,,,0.356260,0.355927,-0.000333
10-1016-j-conbuildmat-2020-120950,10-1016-j-conbuildmat-2020-120950,Ridge,regression,218.85|0.0|124.13|158.49|11.33|1078.7|794.91,5,,,0,0.288544,0.483856,,,0.155934,0.160254,0.004320
10-1016-j-conbuildmat-2020-120950,10-1016-j-conbuildmat-2020-120950,Ridge,regression,376.0|0.0|0.0|214.6|0.0|1003.5|762.36,5,,,0,0.311106,0.374651,,,0.161874,0.157632,-0.004242
10-1016-j-conbuildmat-2020-120950,10-1016-j-conbuildmat-2020-120950,Ridge,regression,500.0|0.0|0.0|140.0|4.0|966.0|853.0,1,,,0,1.902447,,,,0.363349,0.359834,-0.003515
10-1016-j-conbuildmat-2020-120950,10-1016-j-conbuildmat-2020-120950,Ridge,regression,475.0|0.0|59.0|142.0|1.9|1098.0|641.0,1,,,0,1.282766,,,,0.107889,0.106201,-0.001688
10-1016-j-conbuildmat-2020-120950,10-1016-j-conbuildmat-2020-120950,Ridge,regression,315.0|137.0|0.0|145.0|5.9|1130.0|745.0,1,,,0,2.752236,,,,0.963003,0.974654,0.011651
10-1016-j-conbuildmat-2020-120950,10-1016-j-conbuildmat-2020-120950,Ridge,regression,505.0|0.0|60.0|195.0|0.0|1030.0|630.0,1,,,0,1.689690,,,,0.471139,0.466117,-0.005022
10-1016-j-conbuildmat-2020-120950,10-1016-j-conbuildmat-2020-120950,Ridge,regression,451.0|0.0|0.0|165.0|11.25|1030.0|745.0,1,,,0,2.575420,,,,0.891422,0.919284,0.027862
10-1016-j-conbuildmat-2020-120950,10-1016-j-conbuildmat-2020-120950,Ridge,regression,516.0|0.0|0.0|162.0|8.2|801.0|802.0,1,,,0,0.332589,,,,0.270031,0.276657,0.006625
10-1016-j-conbuildmat-2020-120950,10-1016-j-conbuildmat-2020-120950,Ridge,regression,520.0|0.0|0.0|170.0|5.2|855.0|855.0,1,,,0,1.465778,,,,0.249805,0.264691,0.014886
10-1016-j-conbuildmat-2020-120950,10-1016-j-conbuildmat-2020-120950,Ridge,regression,528.0|0.0|0.0|185.0|6.86|920.0|720.0,1,,,0,1.259218,,,,0.231195,0.233566,0.002371
10-1016-j-conbuildmat-2020-120950,10-1016-j-conbuildmat-2020-120950,Ridge,regression,520.0|0.0|0.0|175.0|5.2|870.0|805.0,1,,,0,0.910957,,,,0.032003,0.043624,0.011621
10-1016-j-conbuildmat-2020-120950,10-1016-j-conbuildmat-2020-120950,Ridge,regression,385.0|0.0|136.0|158.0|20.0|903.0|768.0,1,,,0,1.182378,,,,0.110440,0.102128,-0.008312
10-1016-j-conbuildmat-2020-120950,10-1016-j-conbuildmat-2020-120950,Ridge,regression,500.1|0.0|0.0|200.0|3.0|1124.4|613.2,1,,,0,0.498250,,,,0.006265,0.002537,-0.003728
10-1016-j-conbuildmat-2020-120950,10-1016-j-conbuildmat-2020-120950,Ridge,regression,450.1|50.0|0.0|200.0|3.0|1124.4|613.2,1,,,0,0.213197,,,,0.069475,0.091388,0.021913
10-1016-j-conbuildmat-2020-120950,10-1016-j-conbuildmat-2020-120950,Ridge,regression,397.0|17.2|158.0|167.0|20.8|967.0|633.0,1,,,0,1.188161,,,,0.025388,0.008959,-0.016429
10-1016-j-conbuildmat-2020-120950,10-1016-j-conbuildmat-2020-120950,Ridge,regression,333.0|17.5|163.0|167.0|17.9|996.0|652.0,1,,,0,0.686633,,,,0.010364,0.020138,0.009774
10-1016-j-conbuildmat-2020-120950,10-1016-j-conbuildmat-2020-120950,Ridge,regression,334.0|17.6|158.0|189.0|15.3|967.0|633.0,1,,,0,0.509817,,,,0.044514,0.078243,0.033729
10-1016-j-conbuildmat-2020-120950,10-1016-j-conbuildmat-2020-120950,Ridge,regression,405.0|0.0|0.0|175.0|0.0|1120.0|695.0,1,,,0,0.987798,,,,0.446007,0.443466,-0.002541
10-1016-j-conbuildmat-2020-120950,10-1016-j-conbuildmat-2020-120950,Ridge,regression,200.0|200.0|0.0|190.0|0.0|1145.0|660.0,1,,,0,0.804785,,,,0.549941,0.533681,-0.016260
10-1016-j-conbuildmat-2020-120950,10-1016-j-conbuildmat-2020-120950,Ridge,regression,516.0|0.0|0.0|162.0|8.26|801.0|802.0,1,,,0,0.332589,,,,0.275957,0.257315,-0.018642
10-1016-j-conbuildmat-2020-120950,10-1016-j-conbuildmat-2020-120950,Ridge,regression,145.0|116.0|119.0|184.0|5.7|833.0|880.0,1,,,0,0.399048,,,,0.061547,0.080262,0.018715
10-1016-j-conbuildmat-2020-120950,10-1016-j-conbuildmat-2020-120950,Ridge,regression,160.0|128.0|122.0|182.0|6.4|824.0|879.0,1,,,0,0.214436,,,,0.253782,0.247448,-0.006334
10-1016-j-conbuildmat-2020-120950,10-1016-j-conbuildmat-2020-120950,Ridge,regression,234.0|156.0|0.0|189.0|5.85|981.0|760.0,1,,,0,0.208652,,,,0.247954,0.251762,0.003808
10-1016-j-conbuildmat-2020-120950,10-1016-j-conbuildmat-2020-120950,Ridge,regression,250.0|180.0|95.0|159.0|9.45|860.0|800.0,1,,,0,1.920211,,,,0.572983,0.579145,0.006162
10-1016-j-conbuildmat-2020-120950,10-1016-j-conbuildmat-2020-120950,Ridge,regression,475.0|0.0|0.0|162.0|9.5|1044.0|662.0,1,,,0,1.360433,,,,0.293240,0.279934,-0.013305
10-1016-j-conbuildmat-2020-120950,10-1016-j-conbuildmat-2020-120950,Ridge,regression,285.0|190.0|0.0|163.0|7.6|1031.0|685.0,1,,,0,1.064225,,,,0.269458,0.268230,-0.001229
10-1016-j-conbuildmat-2020-120950,10-1016-j-conbuildmat-2020-120950,Ridge,regression,356.0|119.0|0.0|160.0|9.03|1061.0|657.0,1,,,0,1.388938,,,,0.356558,0.370319,0.013760
10-1016-j-conbuildmat-2020-120950,10-1016-j-conbuildmat-2020-120950,Ridge,regression,275.0|180.0|120.0|162.0|10.35|830.0|765.0,1,,,0,2.421740,,,,0.712359,0.701890,-0.010469
10-1016-j-conbuildmat-2020-120950,10-1016-j-conbuildmat-2020-120950,Ridge,regression,500.0|0.0|0.0|151.0|9.0|1033.0|655.0,1,,,0,2.038364,,,,0.532427,0.466110,-0.066317
10-1016-j-conbuildmat-2020-120950,10-1016-j-conbuildmat-2020-120950,Ridge,regression,165.0|0.02|143.57|163.81|0.0|1005.6|900.9,5,,,0,0.566581,0.421763,,,0.172881,0.159174,-0.013707
10-1016-j-conbuildmat-2020-120950,10-1016-j-conbuildmat-2020-120950,Ridge,regression,165.0|128.5|132.1|175.06|8.08|1005.8|746.6,5,,,0,0.343425,0.818384,,,0.304933,0.315905,0.010972
10-1016-j-conbuildmat-2020-120950,10-1016-j-conbuildmat-2020-120950,Ridge,regression,178.03|129.8|118.6|179.94|3.57|1007.3|746.8,5,,,0,0.163846,0.507748,,,0.227425,0.239309,0.011885
10-1016-j-conbuildmat-2020-120950,10-1016-j-conbuildmat-2020-120950,Ridge,regression,167.35|129.9|128.62|175.46|7.79|1006.3|746.6,5,,,0,0.171394,0.905000,,,0.279799,0.282298,0.002499
10-1016-j-conbuildmat-2020-120950,10-1016-j-conbuildmat-2020-120950,Ridge,regression,172.38|13.61|172.37|156.76|4.14|1006.3|856.4,5,,,0,0.250555,0.150870,,,0.082647,0.077375,-0.005272
10-1016-j-conbuildmat-2020-120950,10-1016-j-conbuildmat-2020-120950,Ridge,regression,173.54|50.05|173.53|164.77|6.47|1006.2|793.5,5,,,0,0.301123,0.700036,,,0.265994,0.271853,0.005859
10-1016-j-conbuildmat-2020-120950,10-1016-j-conbuildmat-2020-120950,Ridge,regression,167.0|75.4|167.0|164.03|7.91|1007.3|770.1,5,,,0,0.252848,0.998626,,,0.309308,0.309303,-0.000005
10-1016-j-conbuildmat-2020-120950,10-1016-j-conbuildmat-2020-120950,Ridge,regression,173.81|93.37|159.9|172.34|9.73|1007.2|746.6,5,,,0,0.048302,0.752941,,,0.233548,0.232237,-0.001311
10-1016-j-conbuildmat-2020-120950,10-1016-j-conbuildmat-2020-120950,Ridge,regression,190.34|0.0|125.18|166.61|9.88|1079.0|798.9,5,,,0,0.685693,0.271009,,,0.133013,0.133510,0.000497
10-1016-j-conbuildmat-2020-120950,10-1016-j-conbuildmat-2020-120950,Ridge,regression,250.0|0.0|95.69|191.84|5.33|948.9|857.2,5,,,0,0.456179,0.627149,,,0.192559,0.191037,-0.001522
10-1016-j-conbuildmat-2020-120950,10-1016-j-conbuildmat-2020-120950,Ridge,regression,213.5|0.0|174.24|159.21|11.66|1043.6|771.9,5,,,0,0.180021,0.905700,,,0.305073,0.299792,-0.005281
10-1016-j-conbuildmat-2020-120950,10-1016-j-conbuildmat-2020-120950,Ridge,regression,194.68|0.0|100.52|170.17|7.48|998.0|901.8,5,,,0,0.212897,0.679746,,,0.277412,0.284013,0.006601
10-1016-j-conbuildmat-2020-120950,10-1016-j-conbuildmat-2020-120950,Ridge,regression,251.37|0.0|118.27|192.94|5.75|1043.6|754.3,5,,,0,0.405333,0.541740,,,0.211441,0.208819,-0.002623
10-1016-j-conbuildmat-2020-120950,10-1016-j-conbuildmat-2020-120950,Ridge,regression,446.0|24.0|79.0|162.0|11.61|967.0|712.0,4,,,0,0.934338,0.457416,,,0.174843,0.167110,-0.007733
10-1016-j-conbuildmat-2020-120950,10-1016-j-conbuildmat-2020-120950,Ridge,regression,446.0|24.0|79.0|162.0|11.64|967.0|712.0,8,,,0,0.346773,0.572076,,,0.329176,0.331291,0.002115
10-1016-j-conbuildmat-2020-120950,10-1016-j-conbuildmat-2020-120950,Ridge,regression,446.0|24.0|79.0|162.0|10.3|967.0|712.0,2,,,0,1.095034,0.003408,,,0.035590,0.023076,-0.012513
10-1016-j-conbuildmat-2020-120950,10-1016-j-conbuildmat-2020-120950,Ridge,regression,387.0|20.0|94.0|157.0|14.32|938.0|845.0,4,,,0,0.343919,0.798921,,,0.276990,0.291176,0.014187
10-1016-j-conbuildmat-2020-120950,10-1016-j-conbuildmat-2020-120950,Ridge,regression,387.0|20.0|94.0|157.0|13.93|938.0|845.0,4,,,0,0.342366,0.409601,,,0.254246,0.257797,0.003551
10-1016-j-conbuildmat-2020-120950,10-1016-j-conbuildmat-2020-120950,Ridge,regression,387.0|20.0|94.0|157.0|11.61|938.0|845.0,4,,,0,0.620587,0.458511,,,0.214098,0.208733,-0.005366
10-1016-j-conbuildmat-2020-120950,10-1016-j-conbuildmat-2020-120950,Ridge,regression,355.0|19.0|97.0|145.0|13.13|967.0|871.0,1,,,0,0.492053,,,,0.162123,0.176123,0.013999
10-1016-j-conbuildmat-2020-120950,10-1016-j-conbuildmat-2020-120950,Ridge,regression,355.0|19.0|97.0|145.0|12.25|967.0|871.0,1,,,0,1.176594,,,,0.157012,0.158290,0.001278
10-1016-j-conbuildmat-2020-120950,10-1016-j-conbuildmat-2020-120950,Ridge,regression,491.0|26.0|123.0|210.0|3.93|882.0|699.0,4,,,0,0.465244,0.984517,,,0.345192,0.332966,-0.012226
10-1016-j-conbuildmat-2020-120950,10-1016-j-conbuildmat-2020-120950,Ridge,regression,491.0|26.0|123.0|201.0|3.93|822.0|699.0,4,,,0,0.660585,0.868232,,,0.312048,0.307460,-0.004589
10-1016-j-conbuildmat-2020-120950,10-1016-j-conbuildmat-2020-120950,Ridge,regression,424.0|22.0|132.0|178.0|8.48|822.0|750.0,3,,,0,1.186710,0.752669,,,0.317253,0.309074,-0.008179
10-1016-j-conbuildmat-2020-120950,10-1016-j-conbuildmat-2020-120950,Ridge,regression,424.0|22.0|132.0|178.0|8.48|882.0|750.0,1,,,0,0.228075,,,,0.476215,0.468712,-0.007503
10-1016-j-conbuildmat-2020-120950,10-1016-j-conbuildmat-2020-120950,Ridge,regression,424.0|22.0|132.0|168.0|8.92|822.0|750.0,4,,,0,1.135568,1.691343,,,0.460870,0.456026,-0.004844
10-1016-j-conbuildmat-2020-120950,10-1016-j-conbuildmat-2020-120950,Ridge,regression,202.0|11.0|141.0|206.0|1.72|942.0|801.0,4,,,0,1.098802,0.140376,,,0.085057,0.086414,0.001357
10-1016-j-conbuildmat-2020-120950,10-1016-j-conbuildmat-2020-120950,Ridge,regression,284.0|15.0|141.0|179.0|5.46|842.0|801.0,4,,,0,0.262761,0.836575,,,0.295400,0.298130,0.002730
10-1016-j-conbuildmat-2020-120950,10-1016-j-conbuildmat-2020-120950,Ridge,regression,359.0|19.0|141.0|154.0|10.91|942.0|801.0,8,,,0,0.712928,1.282191,,,0.408498,0.413434,0.004936
10-1016-j-conbuildmat-2020-120950,10-1016-j-conbuildmat-2020-120950,Ridge,regression,436.0|0.0|0.0|218.0|0.0|838.4|719.7,1,,,0,0.717151,,,,0.147484,0.177853,0.030369
10-1016-j-conbuildmat-2020-120950,10-1016-j-conbuildmat-2020-120950,Ridge,regression,289.0|0.0|0.0|192.0|0.0|913.2|895.3,4,,,0,0.892054,0.324623,,,0.133352,0.130034,-0.003318
10-1016-j-conbuildmat-2020-120950,10-1016-j-conbuildmat-2020-120950,Ridge,regression,393.0|0.0|0.0|192.0|0.0|940.6|785.6,4,,,0,0.118357,0.607850,,,0.204478,0.204782,0.000304
10-1016-j-conbuildmat-2020-120950,10-1016-j-conbuildmat-2020-120950,Ridge,regression,480.0|0.0|0.0|192.0|0.0|936.2|712.2,4,,,0,0.209739,0.585588,,,0.173958,0.192562,0.018603
10-1016-j-conbuildmat-2020-120950,10-1016-j-conbuildmat-2020-120950,Ridge,regression,333.0|0.0|0.0|192.0|0.0|931.2|842.6,4,,,0,0.459764,0.449798,,,0.172374,0.168808,-0.003566
10-1016-j-conbuildmat-2020-120950,10-1016-j-conbuildmat-2020-120950,Ridge,regression,255.0|0.0|0.0|192.0|0.0|889.8|945.0,4,,,0,1.265561,0.155536,,,0.098075,0.102577,0.004501
10-1016-j-conbuildmat-2020-120950,10-1016-j-conbuildmat-2020-120950,Ridge,regression,158.8|238.2|0.0|185.7|0.0|1040.6|734.3,2,,,0,1.228073,0.235117,,,0.360194,0.360674,0.000480
10-1016-j-conbuildmat-2020-120950,10-1016-j-conbuildmat-2020-120950,Ridge,regression,239.6|359.4|0.0|185.7|0.0|941.6|664.3,2,,,0,0.203261,0.351267,,,0.427294,0.437190,0.009896
10-1016-j-conbuildmat-2020-120950,10-1016-j-conbuildmat-2020-120950,Ridge,regression,238.2|158.8|0.0|185.7|0.0|1040.6|734.3,2,,,0,0.870583,0.225589,,,0.216725,0.222993,0.006269
10-1016-j-conbuildmat-2020-120950,10-1016-j-conbuildmat-2020-120950,Ridge,regression,181.9|272.8|0.0|185.7|0.0|1012.4|714.3,2,,,0,0.939455,0.434013,,,0.385835,0.389022,0.003187
10-1016-j-conbuildmat-2020-120950,10-1016-j-conbuildmat-2020-120950,Ridge,regression,193.5|290.2|0.0|185.7|0.0|998.2|704.3,2,,,0,0.654001,0.426052,,,0.329527,0.332102,0.002575
10-1016-j-conbuildmat-2020-120950,10-1016-j-conbuildmat-2020-120950,Ridge,regression,255.5|170.3|0.0|185.7|0.0|1026.6|724.3,2,,,0,0.670169,0.392981,,,0.216399,0.212157,-0.004242
10-1016-j-conbuildmat-2020-120950,10-1016-j-conbuildmat-2020-120950,Ridge,regression,272.8|181.9|0.0|185.7|0.0|1012.4|714.3,2,,,0,0.614427,0.241519,,,0.271675,0.273659,0.001984
10-1016-j-conbuildmat-2020-120950,10-1016-j-conbuildmat-2020-120950,Ridge,regression,220.8|147.2|0.0|185.7|0.0|1055.0|744.3,2,,,0,0.983661,0.287031,,,0.198853,0.213194,0.014341
10-1016-j-conbuildmat-2020-120950,10-1016-j-conbuildmat-2020-120950,Ridge,regression,397.0|0.0|0.0|185.7|0.0|1040.6|734.3,2,,,0,0.393006,0.104265,,,0.081490,0.073887,-0.007604
10-1016-j-conbuildmat-2020-120950,10-1016-j-conbuildmat-2020-120950,Ridge,regression,382.5|0.0|0.0|185.7|0.0|1047.8|739.3,2,,,0,0.303850,0.319910,,,0.159566,0.152076,-0.007490
10-1016-j-conbuildmat-2020-120950,10-1016-j-conbuildmat-2020-120950,Ridge,regression,210.7|316.1|0.0|185.7|0.0|977.0|689.3,2,,,0,0.359924,0.457722,,,0.307251,0.264646,-0.042606
10-1016-j-conbuildmat-2020-120950,10-1016-j-conbuildmat-2020-120950,Ridge,regression,295.8|0.0|0.0|185.7|0.0|1091.4|769.3,2,,,0,0.946878,0.192778,,,0.113458,0.110170,-0.003288
10-1016-j-conbuildmat-2020-120950,10-1016-j-conbuildmat-2020-120950,Ridge,regression,203.5|135.7|0.0|185.7|0.0|1076.2|759.3,2,,,0,1.111005,0.204197,,,0.187746,0.197944,0.010198
10-1016-j-conbuildmat-2020-120950,10-1016-j-conbuildmat-2020-120950,Ridge,regression,381.4|0.0|0.0|185.7|0.0|1104.6|784.3,2,,,0,1.037749,0.113214,,,0.387314,0.386776,-0.000538
10-1016-j-conbuildmat-2020-120950,10-1016-j-conbuildmat-2020-120950,Ridge,regression,228.0|342.1|0.0|185.7|0.0|955.8|674.3,2,,,0,0.300460,0.565831,,,0.385659,0.395639,0.009979
10-1016-j-conbuildmat-2020-120950,10-1016-j-conbuildmat-2020-120950,Ridge,regression,316.1|210.7|0.0|185.7|0.0|977.0|689.3,2,,,0,0.254827,0.363912,,,0.300931,0.295094,-0.005837
10-1016-j-conbuildmat-2020-120950,10-1016-j-conbuildmat-2020-120950,Ridge,regression,135.7|203.5|0.0|185.7|0.0|1076.2|759.3,2,,,0,1.377355,0.205201,,,0.293079,0.275869,-0.017210
10-1016-j-conbuildmat-2020-120950,10-1016-j-conbuildmat-2020-120950,Ridge,regression,238.1|0.0|0.0|185.7|0.0|1118.8|789.3,2,,,0,1.311191,0.094056,,,0.064651,0.068381,0.003730
10-1016-j-conbuildmat-2020-120950,10-1016-j-conbuildmat-2020-120950,Ridge,regression,339.2|0.0|0.0|185.7|0.0|1069.2|754.3,2,,,0,0.556471,0.205678,,,0.115795,0.117222,0.001428
10-1016-j-conbuildmat-2020-120950,10-1016-j-conbuildmat-2020-120950,Ridge,regression,290.2|193.5|0.0|185.7|0.0|998.2|704.3,2,,,0,0.501804,0.223819,,,0.287427,0.301357,0.013930
10-1016-j-conbuildmat-2020-120950,10-1016-j-conbuildmat-2020-120950,Ridge,regression,170.3|155.5|0.0|185.7|0.0|1026.6|724.3,2,,,0,1.054952,0.403146,,,0.182772,0.175048,-0.007724
10-1016-j-conbuildmat-2020-120950,10-1016-j-conbuildmat-2020-120950,Ridge,regression,186.2|124.1|0.0|185.7|0.0|1083.4|764.3,2,,,0,1.380746,0.165464,,,0.232705,0.221252,-0.011453
10-1016-j-conbuildmat-2020-120950,10-1016-j-conbuildmat-2020-120950,Ridge,regression,252.5|0.0|0.0|185.7|0.0|1111.6|784.3,2,,,0,1.211119,0.122994,,,0.080272,0.082915,0.002643
10-1016-j-conbuildmat-2020-120950,10-1016-j-conbuildmat-2020-120950,Ridge,regression,339.0|0.0|0.0|197.0|0.0|968.0|781.0,7,,,0,0.404179,0.308014,,,0.218317,0.223484,0.005167
10-1016-j-conbuildmat-2020-120950,10-1016-j-conbuildmat-2020-120950,Ridge,regression,236.0|0.0|0.0|194.0|0.0|968.0|885.0,4,,,0,1.256010,0.164520,,,0.067804,0.066468,-0.001335
10-1016-j-conbuildmat-2020-120950,10-1016-j-conbuildmat-2020-120950,Ridge,regression,236.0|0.0|0.0|193.0|0.0|968.0|885.0,3,,,0,0.966075,0.255641,,,0.354946,0.368067,0.013120
10-1016-j-conbuildmat-2020-120950,10-1016-j-conbuildmat-2020-120950,Ridge,regression,277.0|0.0|0.0|191.0|0.0|968.0|856.0,6,,,0,0.592375,0.259959,,,0.229498,0.228775,-0.000724
10-1016-j-conbuildmat-2020-120950,10-1016-j-conbuildmat-2020-120950,Ridge,regression,254.0|0.0|0.0|198.0|0.0|968.0|863.0,4,,,0,0.745247,0.321984,,,0.259388,0.276328,0.016940
10-1016-j-conbuildmat-2020-120950,10-1016-j-conbuildmat-2020-120950,Ridge,regression,307.0|0.0|0.0|193.0|0.0|968.0|812.0,5,,,0,0.426568,0.329904,,,0.247861,0.245184,-0.002677
10-1016-j-conbuildmat-2020-120950,10-1016-j-conbuildmat-2020-120950,Ridge,regression,200.0|0.0|0.0|180.0|0.0|1125.0|845.0,2,,,0,1.545927,0.034871,,,0.085072,0.093446,0.008374
10-1016-j-conbuildmat-2020-120950,10-1016-j-conbuildmat-2020-120950,Ridge,regression,225.0|0.0|0.0|181.0|0.0|1113.0|833.0,2,,,0,1.293265,0.068316,,,0.046923,0.051507,0.004585
10-1016-j-conbuildmat-2020-120950,10-1016-j-conbuildmat-2020-120950,Ridge,regression,325.0|0.0|0.0|184.0|0.0|1063.0|783.0,2,,,0,0.705443,0.304023,,,0.143382,0.147155,0.003773
10-1016-j-conbuildmat-2020-120950,10-1016-j-conbuildmat-2020-120950,Ridge,regression,275.0|0.0|0.0|183.0|0.0|1088.0|808.0,2,,,0,0.987672,0.189871,,,0.113463,0.110663,-0.002801
10-1016-j-conbuildmat-2020-120950,10-1016-j-conbuildmat-2020-120950,Ridge,regression,300.0|0.0|0.0|184.0|0.0|1075.0|795.0,2,,,0,0.876021,0.227622,,,0.124415,0.124451,0.000036
10-1016-j-conbuildmat-2020-120950,10-1016-j-conbuildmat-2020-120950,Ridge,regression,375.0|0.0|0.0|186.0|0.0|1038.0|758.0,2,,,0,0.220794,0.263997,,,0.134330,0.136367,0.002037
10-1016-j-conbuildmat-2020-120950,10-1016-j-conbuildmat-2020-120950,Ridge,regression,400.0|0.0|0.0|187.0|0.0|1025.0|745.0,2,,,0,0.066190,0.328658,,,0.155997,0.156790,0.000792
10-1016-j-conbuildmat-2020-120950,10-1016-j-conbuildmat-2020-120950,Ridge,regression,250.0|0.0|0.0|182.0|0.0|1100.0|820.0,2,,,0,1.140468,0.118672,,,0.084803,0.078938,-0.005865
10-1016-j-conbuildmat-2020-120950,10-1016-j-conbuildmat-2020-120950,Ridge,regression,350.0|0.0|0.0|186.0|0.0|1050.0|770.0,2,,,0,0.511708,0.351625,,,0.159564,0.163927,0.004363
10-1016-j-conbuildmat-2020-120950,10-1016-j-conbuildmat-2020-120950,Ridge,regression,203.5|305.3|0.0|203.5|0.0|963.4|630.0,4,,,0,0.309819,1.362181,,,0.360013,0.364880,0.004867
10-1016-j-conbuildmat-2020-120950,10-1016-j-conbuildmat-2020-120950,Ridge,regression,250.2|166.8|0.0|203.5|0.0|977.6|694.1,4,,,0,0.443357,1.047187,,,0.307178,0.304656,-0.002522
10-1016-j-conbuildmat-2020-120950,10-1016-j-conbuildmat-2020-120950,Ridge,regression,157.0|236.0|0.0|192.0|0.0|935.4|781.2,4,,,0,0.595612,0.847431,,,0.266503,0.262815,-0.003687
10-1016-j-conbuildmat-2020-120950,10-1016-j-conbuildmat-2020-120950,Ridge,regression,141.3|212.0|0.0|203.5|0.0|971.8|748.5,4,,,0,0.878795,0.958812,,,0.299179,0.297601,-0.001578
10-1016-j-conbuildmat-2020-120950,10-1016-j-conbuildmat-2020-120950,Ridge,regression,166.8|250.2|0.0|203.5|0.0|975.6|692.6,4,,,0,0.647621,1.001377,,,0.304107,0.294750,-0.009357
10-1016-j-conbuildmat-2020-120950,10-1016-j-conbuildmat-2020-120950,Ridge,regression,122.6|183.9|0.0|203.5|0.0|958.2|800.1,4,,,0,1.083391,0.651612,,,0.219579,0.221718,0.002139
10-1016-j-conbuildmat-2020-120950,10-1016-j-conbuildmat-2020-120950,Ridge,regression,183.9|122.6|0.0|203.5|0.0|959.2|800.0,4,,,0,1.066673,0.564121,,,0.195574,0.199963,0.004389
10-1016-j-conbuildmat-2020-120950,10-1016-j-conbuildmat-2020-120950,Ridge,regression,102.0|153.0|0.0|192.0|0.0|887.0|942.0,4,,,0,1.326467,0.324746,,,0.128877,0.131223,0.002346
10-1016-j-conbuildmat-2020-120950,10-1016-j-conbuildmat-2020-120950,Ridge,regression,200.0|133.0|0.0|192.0|0.0|965.4|806.2,4,,,0,0.615966,0.725186,,,0.227240,0.229434,0.002194
10-1016-j-conbuildmat-2020-120950,10-1016-j-conbuildmat-2020-120950,Ridge,regression,108.3|162.4|0.0|203.5|0.0|938.2|849.0,4,,,0,1.252799,0.536227,,,0.188188,0.188627,0.000439
10-1016-j-conbuildmat-2020-120950,10-1016-j-conbuildmat-2020-120950,Ridge,regression,305.3|203.5|0.0|203.5|0.0|965.4|631.0,4,,,0,0.078986,1.159445,,,0.322968,0.319758,-0.003210
10-1016-j-conbuildmat-2020-120950,10-1016-j-conbuildmat-2020-120950,Ridge,regression,116.0|173.0|0.0|192.0|0.0|909.8|891.9,4,,,0,1.104656,0.463448,,,0.183034,0.170085,-0.012949
10-1016-j-conbuildmat-2020-120950,10-1016-j-conbuildmat-2020-120950,Ridge,regression,133.0|200.0|0.0|192.0|0.0|927.4|839.2,4,,,0,0.875263,0.649303,,,0.229635,0.221094,-0.008541
10-1016-j-conbuildmat-2020-120950,10-1016-j-conbuildmat-2020-120950,Ridge,regression,173.0|116.0|0.0|192.0|0.0|946.8|856.8,4,,,0,1.029901,0.481492,,,0.181843,0.183962,0.002119
10-1016-j-conbuildmat-2020-120950,10-1016-j-conbuildmat-2020-120950,Ridge,regression,192.0|288.0|0.0|192.0|0.0|929.8|716.1,4,,,0,0.284669,1.051575,,,0.299396,0.300306,0.000910
10-1016-j-conbuildmat-2020-120950,10-1016-j-conbuildmat-2020-120950,Ridge,regression,153.0|102.0|0.0|192.0|0.0|888.0|943.1,4,,,0,1.289416,0.340014,,,0.132777,0.128225,-0.004552
10-1016-j-conbuildmat-2020-120950,10-1016-j-conbuildmat-2020-120950,Ridge,regression,288.0|192.0|0.0|192.0|0.0|932.0|717.8,4,,,0,0.214937,0.851360,,,0.262593,0.261456,-0.001138
10-1016-j-conbuildmat-2020-120950,10-1016-j-conbuildmat-2020-120950,Ridge,regression,236.0|157.0|0.0|192.0|0.0|972.6|749.1,4,,,0,0.430015,0.810711,,,0.240512,0.241795,0.001283
10-1016-j-conbuildmat-2020-120950,10-1016-j-conbuildmat-2020-120950,Ridge,regression,212.0|141.3|0.0|203.5|0.0|973.4|750.0,4,,,0,0.732061,0.840231,,,0.266059,0.270388,0.004329
10-1016-j-conbuildmat-2020-120950,10-1016-j-conbuildmat-2020-120950,Ridge,regression,310.0|0.0|0.0|192.0|0.0|1012.0|830.0,5,,,0,0.573881,0.479838,,,0.154755,0.146772,-0.007982
10-1016-j-conbuildmat-2020-120950,10-1016-j-conbuildmat-2020-120950,Ridge,regression,331.0|0.0|0.0|192.0|0.0|1025.0|821.0,5,,,0,0.460824,0.483540,,,0.158725,0.155515,-0.003210
10-1016-j-conbuildmat-2020-120950,10-1016-j-conbuildmat-2020-120950,Ridge,regression,349.0|0.0|0.0|192.0|0.0|1056.0|809.0,5,,,0,0.470197,0.773947,,,0.219912,0.219599,-0.000313
10-1016-j-conbuildmat-2020-120950,10-1016-j-conbuildmat-2020-120950,Ridge,regression,238.0|0.0|0.0|186.0|0.0|1119.0|789.0,2,,,0,1.260804,0.054029,,,0.043229,0.042017,-0.001212
10-1016-j-conbuildmat-2020-120950,10-1016-j-conbuildmat-2020-120950,Ridge,regression,296.0|0.0|0.0|186.0|0.0|1090.0|769.0,2,,,0,0.825985,0.070334,,,0.050995,0.054575,0.003581
10-1016-j-conbuildmat-2020-120950,10-1016-j-conbuildmat-2020-120950,Ridge,regression,297.0|0.0|0.0|186.0|0.0|1040.0|734.0,1,,,0,0.291224,,,,0.324401,0.303873,-0.020527
10-1016-j-conbuildmat-2020-120950,10-1016-j-conbuildmat-2020-120950,Ridge,regression,480.0|0.0|0.0|192.0|0.0|936.0|721.0,3,,,0,0.302330,0.823829,,,0.219788,0.225240,0.005451
10-1016-j-conbuildmat-2020-120950,10-1016-j-conbuildmat-2020-120950,Ridge,regression,397.0|0.0|0.0|186.0|0.0|1040.0|734.0,1,,,0,0.066952,,,,0.099896,0.100981,0.001086
10-1016-j-conbuildmat-2020-120950,10-1016-j-conbuildmat-2020-120950,Ridge,regression,281.0|0.0|0.0|186.0|0.0|1104.0|774.0,2,,,0,1.040603,0.112862,,,0.076556,0.077746,0.001190
10-1016-j-conbuildmat-2020-120950,10-1016-j-conbuildmat-2020-120950,Ridge,regression,281.0|0.0|0.0|185.0|0.0|1104.0|774.0,1,,,0,0.801841,,,,0.032901,0.035020,0.002119
10-1016-j-conbuildmat-2020-120950,10-1016-j-conbuildmat-2020-120950,Ridge,regression,500.0|0.0|0.0|200.0|0.0|1125.0|613.0,8,,,0,0.149457,0.712497,,,0.278147,0.287243,0.009095
10-1016-j-conbuildmat-2020-120950,10-1016-j-conbuildmat-2020-120950,Ridge,regression,540.0|0.0|0.0|173.0|0.0|1125.0|613.0,7,,,0,1.601829,0.504940,,,0.231425,0.225902,-0.005523
10-1016-j-conbuildmat-2020-120950,10-1016-j-conbuildmat-2020-120950,Ridge,regression,350.0|0.0|0.0|203.0|0.0|974.0|775.0,6,,,0,0.530450,0.113789,,,0.090999,0.091402,0.000403
10-1016-j-conbuildmat-2020-120950,10-1016-j-conbuildmat-2020-120950,Ridge,regression,385.0|0.0|0.0|186.0|0.0|966.0|763.0,5,,,0,0.909814,0.373126,,,0.239530,0.257396,0.017866
10-1016-j-conbuildmat-2020-120950,10-1016-j-conbuildmat-2020-120950,Ridge,regression,331.0|0.0|0.0|192.0|0.0|978.0|825.0,6,,,0,0.363288,0.515889,,,0.235594,0.236341,0.000747
10-1016-j-conbuildmat-2020-120950,10-1016-j-conbuildmat-2020-120950,Ridge,regression,349.0|0.0|0.0|192.0|0.0|1047.0|806.0,6,,,0,0.264970,0.515087,,,0.257777,0.251807,-0.005970
10-1016-j-conbuildmat-2020-120950,10-1016-j-conbuildmat-2020-120950,Ridge,regression,382.0|0.0|0.0|186.0|0.0|1047.0|739.0,2,,,0,0.306187,0.322391,,,0.148935,0.154480,0.005545
10-1016-j-conbuildmat-2020-120950,10-1016-j-conbuildmat-2020-120950,Ridge,regression,382.0|0.0|0.0|186.0|0.0|1111.0|784.0,1,,,0,1.459116,,,,0.553840,0.554393,0.000552
10-1016-j-conbuildmat-2020-120950,10-1016-j-conbuildmat-2020-120950,Ridge,regression,339.0|0.0|0.0|185.0|0.0|1069.0|754.0,2,,,0,0.558849,0.204121,,,0.116002,0.115866,-0.000135
10-1016-j-conbuildmat-2020-120950,10-1016-j-conbuildmat-2020-120950,Ridge,regression,295.0|0.0|0.0|185.0|0.0|1069.0|769.0,2,,,0,0.949421,0.193164,,,0.112275,0.111914,-0.000361
10-1016-j-conbuildmat-2020-120950,10-1016-j-conbuildmat-2020-120950,Ridge,regression,238.0|0.0|0.0|185.0|0.0|1118.0|789.0,1,,,0,1.095156,,,,0.015526,0.009512,-0.006014
10-1016-j-conbuildmat-2020-120950,10-1016-j-conbuildmat-2020-120950,Ridge,regression,296.0|0.0|0.0|192.0|0.0|1085.0|765.0,3,,,0,0.844657,0.206606,,,0.056767,0.055386,-0.001380
10-1016-j-conbuildmat-2020-120950,10-1016-j-conbuildmat-2020-120950,Ridge,regression,331.0|0.0|0.0|192.0|0.0|879.0|825.0,1,,,0,1.336006,,,,0.197097,0.214558,0.017461
10-1016-j-conbuildmat-2020-120950,10-1016-j-conbuildmat-2020-120950,Ridge,regression,302.0|0.0|0.0|203.0|0.0|974.0|817.0,3,,,0,0.817062,0.067038,,,0.110927,0.115723,0.004796
10-1016-j-conbuildmat-2020-120950,10-1016-j-conbuildmat-2020-120950,Ridge,regression,525.0|0.0|0.0|189.0|0.0|1125.0|613.0,7,,,0,1.013063,0.492187,,,0.155021,0.155015,-0.000006
10-1016-j-conbuildmat-2020-120950,10-1016-j-conbuildmat-2020-120950,Ridge,regression,252.0|0.0|0.0|185.0|0.0|1111.0|784.0,3,,,0,1.087769,0.042706,,,0.046583,0.048871,0.002288
10-1016-j-conbuildmat-2020-120950,10-1016-j-conbuildmat-2020-120950,Ridge,regression,339.0|0.0|0.0|185.0|0.0|1060.0|754.0,1,,,0,0.249911,,,,0.124965,0.116855,-0.008111
10-1016-j-conbuildmat-2020-120950,10-1016-j-conbuildmat-2020-120950,Ridge,regression,393.0|0.0|0.0|192.0|0.0|940.0|758.0,3,,,0,0.000578,0.826400,,,0.268422,0.271277,0.002854
10-1016-j-conbuildmat-2020-120950,10-1016-j-conbuildmat-2020-120950,Ridge,regression,382.0|0.0|0.0|185.0|0.0|1047.0|739.0,2,,,0,0.306187,0.322391,,,0.148744,0.153103,0.004360
10-1016-j-conbuildmat-2020-120950,10-1016-j-conbuildmat-2020-120950,Ridge,regression,252.0|0.0|0.0|186.0|0.0|1111.0|784.0,1,,,0,1.459116,,,,0.114758,0.119918,0.005160
10-1016-j-conbuildmat-2020-120950,10-1016-j-conbuildmat-2020-120950,Ridge,regression,310.0|0.0|0.0|192.0|0.0|970.0|850.0,5,,,0,0.313428,0.329742,,,0.230616,0.238477,0.007861
10-1016-j-conbuildmat-2020-120950,10-1016-j-conbuildmat-2020-120950,Ridge,regression,322.0|0.0|0.0|203.0|0.0|974.0|800.0,3,,,0,0.638660,0.069441,,,0.133088,0.129887,-0.003201
10-1016-j-conbuildmat-2020-120950,10-1016-j-conbuildmat-2020-120950,Ridge,regression,397.0|0.0|0.0|185.0|0.0|1040.0|734.0,1,,,0,0.196259,,,,0.167135,0.151124,-0.016011
10-1016-j-conbuildmat-2020-120950,10-1016-j-conbuildmat-2020-120950,Ridge,regression,522.0|0.0|0.0|146.0|0.0|896.0|896.0,2,,,0,1.615245,1.077832,,,0.333869,0.308644,-0.025225
10-1016-j-conbuildmat-2020-120950,10-1016-j-conbuildmat-2020-120950,Ridge,regression,273.0|105.0|82.0|210.0|9.0|904.0|680.0,1,,,0,0.080998,,,,0.142220,0.138067,-0.004153
10-1016-j-conbuildmat-2020-120950,10-1016-j-conbuildmat-2020-120950,Ridge,regression,162.0|190.0|148.0|179.0|19.0|838.0|741.0,1,,,0,0.123497,,,,0.225080,0.203910,-0.021170
10-1016-j-conbuildmat-2020-120950,10-1016-j-conbuildmat-2020-120950,Ridge,regression,154.0|144.0|112.0|220.0|10.0|923.0|658.0,1,,,0,1.157537,,,,0.174418,0.194989,0.020571
10-1016-j-conbuildmat-2020-120950,10-1016-j-conbuildmat-2020-120950,Ridge,regression,147.0|115.0|89.0|202.0|9.0|860.0|829.0,1,,,0,0.948498,,,,0.069524,0.047225,-0.022299
10-1016-j-conbuildmat-2020-120950,10-1016-j-conbuildmat-2020-120950,Ridge,regression,152.0|178.0|139.0|168.0|18.0|944.0|695.0,1,,,0,0.031837,,,,0.090230,0.078431,-0.011800
10-1016-j-conbuildmat-2020-120950,10-1016-j-conbuildmat-2020-120950,Ridge,regression,310.0|143.0|111.0|168.0|22.0|914.0|651.0,1,,,0,0.127628,,,,0.555069,0.536319,-0.018750
10-1016-j-conbuildmat-2020-120950,10-1016-j-conbuildmat-2020-120950,Ridge,regression,144.0|0.0|175.0|158.0|18.0|943.0|844.0,1,,,0,1.222397,,,,0.353139,0.366268,0.013129
10-1016-j-conbuildmat-2020-120950,10-1016-j-conbuildmat-2020-120950,Ridge,regression,304.0|140.0|0.0|214.0|6.0|895.0|722.0,1,,,0,0.143739,,,,0.064670,0.056819,-0.007851
10-1016-j-conbuildmat-2020-120950,10-1016-j-conbuildmat-2020-120950,Ridge,regression,374.0|0.0|0.0|190.0|7.0|1013.0|730.0,1,,,0,0.193780,,,,0.213007,0.211540,-0.001467
10-1016-j-conbuildmat-2020-120950,10-1016-j-conbuildmat-2020-120950,Ridge,regression,159.0|149.0|116.0|175.0|15.0|953.0|720.0,1,,,0,0.487869,,,,0.199047,0.191173,-0.007874
10-1016-j-conbuildmat-2020-120950,10-1016-j-conbuildmat-2020-120950,Ridge,regression,153.0|239.0|0.0|200.0|6.0|1002.0|684.0,1,,,0,0.537030,,,,0.003535,0.000764,-0.002770
10-1016-j-conbuildmat-2020-120950,10-1016-j-conbuildmat-2020-120950,Ridge,regression,310.0|143.0|0.0|168.0|10.0|914.0|804.0,1,,,0,0.568067,,,,0.082239,0.067494,-0.014744
10-1016-j-conbuildmat-2020-120950,10-1016-j-conbuildmat-2020-120950,Ridge,regression,305.0|0.0|100.0|196.0|10.0|959.0|705.0,1,,,0,0.341211,,,,0.009852,0.015300,0.005448
10-1016-j-conbuildmat-2020-120950,10-1016-j-conbuildmat-2020-120950,Ridge,regression,151.0|0.0|184.0|167.0|12.0|991.0|772.0,1,,,0,1.213309,,,,0.304875,0.296044,-0.008831
10-1016-j-conbuildmat-2020-120950,10-1016-j-conbuildmat-2020-120950,Ridge,regression,142.0|167.0|130.0|174.0|11.0|883.0|785.0,1,,,0,0.526755,,,,0.274479,0.279347,0.004869
10-1016-j-conbuildmat-2020-120950,10-1016-j-conbuildmat-2020-120950,Ridge,regression,298.0|137.0|107.0|201.0|6.0|878.0|655.0,1,,,0,1.060920,,,,0.384745,0.396119,0.011374
10-1016-j-conbuildmat-2020-120950,10-1016-j-conbuildmat-2020-120950,Ridge,regression,321.0|164.0|0.0|190.0|5.0|870.0|774.0,1,,,0,1.281940,,,,0.480748,0.477196,-0.003551
10-1016-j-conbuildmat-2020-120950,10-1016-j-conbuildmat-2020-120950,Ridge,regression,366.0|187.0|0.0|191.0|7.0|824.0|757.0,1,,,0,1.802885,,,,0.543777,0.539698,-0.004078
10-1016-j-conbuildmat-2020-120950,10-1016-j-conbuildmat-2020-120950,Ridge,regression,280.0|129.0|100.0|172.0|9.0|825.0|805.0,1,,,0,1.018782,,,,0.260122,0.261933,0.001812
10-1016-j-conbuildmat-2020-120950,10-1016-j-conbuildmat-2020-120950,Ridge,regression,252.0|97.0|76.0|194.0|8.0|835.0|821.0,1,,,0,0.144979,,,,0.043064,0.040676,-0.002388
10-1016-j-conbuildmat-2020-120950,10-1016-j-conbuildmat-2020-120950,Ridge,regression,165.0|0.0|150.0|182.0|12.0|1023.0|729.0,1,,,0,1.065825,,,,0.118330,0.107761,-0.010569
10-1016-j-conbuildmat-2020-120950,10-1016-j-conbuildmat-2020-120950,Ridge,regression,156.0|243.0|0.0|180.0|11.0|1022.0|698.0,1,,,0,0.092566,,,,0.130439,0.126602,-0.003837
10-1016-j-conbuildmat-2020-120950,10-1016-j-conbuildmat-2020-120950,Ridge,regression,160.0|188.0|146.0|203.0|11.0|829.0|710.0,1,,,0,0.178442,,,,0.019111,0.015107,-0.004004
10-1016-j-conbuildmat-2020-120950,10-1016-j-conbuildmat-2020-120950,Ridge,regression,298.0|0.0|107.0|186.0|6.0|879.0|815.0,1,,,0,0.408603,,,,0.317909,0.319624,0.001714
10-1016-j-conbuildmat-2020-120950,10-1016-j-conbuildmat-2020-120950,Ridge,regression,318.0|0.0|126.0|210.0|6.0|861.0|737.0,1,,,0,0.254096,,,,0.296789,0.294916,-0.001873
10-1016-j-conbuildmat-2020-120950,10-1016-j-conbuildmat-2020-120950,Ridge,regression,287.0|121.0|94.0|188.0|9.0|904.0|696.0,1,,,0,0.366878,,,,0.054614,0.070900,0.016286
10-1016-j-conbuildmat-2020-120950,10-1016-j-conbuildmat-2020-120950,Ridge,regression,326.0|166.0|0.0|174.0|9.0|882.0|790.0,1,,,0,1.522789,,,,0.463837,0.476858,0.013021
10-1016-j-conbuildmat-2020-120950,10-1016-j-conbuildmat-2020-120950,Ridge,regression,356.0|0.0|142.0|193.0|11.0|801.0|778.0,1,,,0,0.302431,,,,0.035939,0.021955,-0.013984
10-1016-j-conbuildmat-2020-120950,10-1016-j-conbuildmat-2020-120950,Ridge,regression,132.0|207.0|161.0|179.0|5.0|867.0|736.0,1,,,0,0.150763,,,,0.118604,0.097075,-0.021530
10-1016-j-conbuildmat-2020-120950,10-1016-j-conbuildmat-2020-120950,Ridge,regression,322.0|149.0|0.0|186.0|8.0|951.0|709.0,1,,,0,0.994821,,,,0.347650,0.337732,-0.009918
10-1016-j-conbuildmat-2020-120950,10-1016-j-conbuildmat-2020-120950,Ridge,regression,164.0|0.0|200.0|181.0|13.0|849.0|846.0,1,,,0,1.242227,,,,0.305779,0.305930,0.000151
10-1016-j-conbuildmat-2020-120950,10-1016-j-conbuildmat-2020-120950,Ridge,regression,314.0|0.0|113.0|170.0|10.0|925.0|783.0,1,,,0,0.158252,,,,0.024882,0.030964,0.006082
10-1016-j-conbuildmat-2020-120950,10-1016-j-conbuildmat-2020-120950,Ridge,regression,321.0|0.0|128.0|182.0|11.0|870.0|780.0,1,,,0,0.086369,,,,0.008947,0.006911,-0.002035
10-1016-j-conbuildmat-2020-120950,10-1016-j-conbuildmat-2020-120950,Ridge,regression,140.0|164.0|128.0|237.0|6.0|869.0|656.0,1,,,0,0.035502,,,,0.430258,0.445369,0.015111
10-1016-j-conbuildmat-2020-120950,10-1016-j-conbuildmat-2020-120950,Ridge,regression,288.0|121.0|0.0|177.0|7.0|908.0|829.0,1,,,0,0.378445,,,,0.182951,0.177367,-0.005584
10-1016-j-conbuildmat-2020-120950,10-1016-j-conbuildmat-2020-120950,Ridge,regression,298.0|0.0|107.0|210.0|11.0|880.0|744.0,1,,,0,0.236278,,,,0.134233,0.104012,-0.030221
10-1016-j-conbuildmat-2020-120950,10-1016-j-conbuildmat-2020-120950,Ridge,regression,265.0|111.0|86.0|195.0|6.0|833.0|790.0,1,,,0,0.342917,,,,0.216277,0.206225,-0.010053
10-1016-j-conbuildmat-2020-120950,10-1016-j-conbuildmat-2020-120950,Ridge,regression,160.0|250.0|0.0|168.0|12.0|1049.0|688.0,1,,,0,0.217741,,,,0.071466,0.082998,0.011532
10-1016-j-conbuildmat-2020-120950,10-1016-j-conbuildmat-2020-120950,Ridge,regression,166.0|260.0|0.0|183.0|13.0|859.0|827.0,1,,,0,0.125615,,,,0.080309,0.055253,-0.025056
10-1016-j-conbuildmat-2020-120950,10-1016-j-conbuildmat-2020-120950,Ridge,regression,276.0|116.0|90.0|180.0|9.0|870.0|768.0,1,,,0,0.506926,,,,0.120408,0.138423,0.018014
10-1016-j-conbuildmat-2020-120950,10-1016-j-conbuildmat-2020-120950,Ridge,regression,322.0|0.0|116.0|196.0|10.0|818.0|813.0,1,,,0,0.278004,,,,0.063866,0.056858,-0.007007
10-1016-j-conbuildmat-2020-120950,10-1016-j-conbuildmat-2020-120950,Ridge,regression,149.0|139.0|109.0|193.0|6.0|892.0|780.0,1,,,0,0.726653,,,,0.080988,0.083970,0.002983
10-1016-j-conbuildmat-2020-120950,10-1016-j-conbuildmat-2020-120950,Ridge,regression,159.0|187.0|0.0|176.0|11.0|990.0|789.0,1,,,0,0.182986,,,,0.114031,0.121137,0.007106
10-1016-j-conbuildmat-2020-120950,10-1016-j-conbuildmat-2020-120950,Ridge,regression,261.0|100.0|78.0|201.0|9.0|864.0|761.0,1,,,0,0.204881,,,,0.024048,0.015328,-0.008720
10-1016-j-conbuildmat-2020-120950,10-1016-j-conbuildmat-2020-120950,Ridge,regression,237.0|92.0|71.0|247.0|6.0|853.0|695.0,1,,,0,0.430858,,,,0.276396,0.282626,0.006230
10-1016-j-conbuildmat-2020-120950,10-1016-j-conbuildmat-2020-120950,Ridge,regression,313.0|0.0|113.0|178.0|8.0|1002.0|689.0,1,,,0,0.059103,,,,0.048301,0.032694,-0.015607
10-1016-j-conbuildmat-2020-120950,10-1016-j-conbuildmat-2020-120950,Ridge,regression,155.0|183.0|0.0|193.0|9.0|1047.0|697.0,1,,,0,1.050539,,,,0.155983,0.181440,0.025457
10-1016-j-conbuildmat-2020-120950,10-1016-j-conbuildmat-2020-120950,Ridge,regression,146.0|230.0|0.0|202.0|3.0|827.0|872.0,1,,,0,0.165222,,,,0.243958,0.242649,-0.001308
10-1016-j-conbuildmat-2020-120950,10-1016-j-conbuildmat-2020-120950,Ridge,regression,296.0|0.0|107.0|221.0|11.0|819.0|778.0,1,,,0,0.263544,,,,0.181715,0.176416,-0.005299
10-1016-j-conbuildmat-2020-120950,10-1016-j-conbuildmat-2020-120950,Ridge,regression,133.0|210.0|0.0|196.0|3.0|949.0|795.0,1,,,0,0.287092,,,,0.240036,0.237578,-0.002458
10-1016-j-conbuildmat-2020-120950,10-1016-j-conbuildmat-2020-120950,Ridge,regression,313.0|145.0|0.0|178.0|8.0|867.0|824.0,1,,,0,0.513535,,,,0.110883,0.121109,0.010226
10-1016-j-conbuildmat-2020-120950,10-1016-j-conbuildmat-2020-120950,Ridge,regression,152.0|0.0|112.0|184.0|8.0|992.0|816.0,1,,,0,1.416564,,,,0.138554,0.146518,0.007964
10-1016-j-conbuildmat-2020-120950,10-1016-j-conbuildmat-2020-120950,Ridge,regression,153.0|145.0|113.0|178.0|8.0|1002.0|689.0,1,,,0,0.614697,,,,0.164546,0.157246,-0.007300
10-1016-j-conbuildmat-2020-120950,10-1016-j-conbuildmat-2020-120950,Ridge,regression,140.0|133.0|103.0|200.0|7.0|916.0|753.0,1,,,0,0.037207,,,,0.356123,0.352455,-0.003668
10-1016-j-conbuildmat-2020-120950,10-1016-j-conbuildmat-2020-120950,Ridge,regression,149.0|236.0|0.0|176.0|13.0|847.0|893.0,1,,,0,0.171419,,,,0.006880,0.007503,0.000623
10-1016-j-conbuildmat-2020-120950,10-1016-j-conbuildmat-2020-120950,Ridge,regression,300.0|0.0|120.0|212.0|10.0|878.0|728.0,1,,,0,0.717977,,,,0.114259,0.128690,0.014431
10-1016-j-conbuildmat-2020-120950,10-1016-j-conbuildmat-2020-120950,Ridge,regression,153.0|145.0|113.0|178.0|8.0|867.0|824.0,1,,,0,0.574624,,,,0.133756,0.141292,0.007536
10-1016-j-conbuildmat-2020-120950,10-1016-j-conbuildmat-2020-120950,Ridge,regression,148.0|0.0|137.0|158.0|16.0|1002.0|830.0,1,,,0,1.070369,,,,0.219327,0.219745,0.000418
10-1016-j-conbuildmat-2020-120950,10-1016-j-conbuildmat-2020-120950,Ridge,regression,326.0|0.0|138.0|199.0|11.0|801.0|792.0,1,,,0,0.291277,,,,0.167159,0.164036,-0.003122
10-1016-j-conbuildmat-2020-120950,10-1016-j-conbuildmat-2020-120950,Ridge,regression,153.0|145.0|0.0|178.0|8.0|1000.0|822.0,1,,,0,1.007162,,,,0.121455,0.131421,0.009966
10-1016-j-conbuildmat-2020-120950,10-1016-j-conbuildmat-2020-120950,Ridge,regression,262.0|111.0|86.0|195.0|5.0|895.0|733.0,1,,,0,0.125975,,,,0.014080,0.016174,0.002094
10-1016-j-conbuildmat-2020-120950,10-1016-j-conbuildmat-2020-120950,Ridge,regression,158.0|0.0|195.0|220.0|11.0|898.0|713.0,1,,,0,1.634692,,,,0.239554,0.239260,-0.000293
10-1016-j-conbuildmat-2020-120950,10-1016-j-conbuildmat-2020-120950,Ridge,regression,151.0|0.0|185.0|167.0|16.0|1074.0|678.0,1,,,0,1.339724,,,,0.416180,0.365791,-0.050389
10-1016-j-conbuildmat-2020-120950,10-1016-j-conbuildmat-2020-120950,Ridge,regression,273.0|0.0|90.0|199.0|11.0|931.0|762.0,1,,,0,0.214383,,,,0.176269,0.176815,0.000546
10-1016-j-conbuildmat-2020-120950,10-1016-j-conbuildmat-2020-120950,Ridge,regression,149.0|118.0|92.0|183.0|7.0|953.0|780.0,1,,,0,0.736981,,,,0.059600,0.059046,-0.000554
10-1016-j-conbuildmat-2020-120950,10-1016-j-conbuildmat-2020-120950,Ridge,regression,143.0|169.0|143.0|191.0|8.0|967.0|643.0,1,,,0,0.365172,,,,0.038489,0.044958,0.006469
10-1016-j-conbuildmat-2020-120950,10-1016-j-conbuildmat-2020-120950,Ridge,regression,260.0|101.0|78.0|171.0|10.0|936.0|763.0,1,,,0,0.836183,,,,0.320385,0.329489,0.009104
10-1016-j-conbuildmat-2020-120950,10-1016-j-conbuildmat-2020-120950,Ridge,regression,313.0|161.0|0.0|178.0|10.0|917.0|759.0,1,,,0,0.996060,,,,0.286618,0.284898,-0.001720
10-1016-j-conbuildmat-2020-120950,10-1016-j-conbuildmat-2020-120950,Ridge,regression,284.0|120.0|0.0|168.0|7.0|970.0|794.0,1,,,0,0.306562,,,,0.114318,0.105197,-0.009121
10-1016-j-conbuildmat-2020-120950,10-1016-j-conbuildmat-2020-120950,Ridge,regression,336.0|0.0|0.0|182.0|3.0|986.0|817.0,1,,,0,0.542041,,,,0.468516,0.472462,0.003947
10-1016-j-conbuildmat-2020-120950,10-1016-j-conbuildmat-2020-120950,Ridge,regression,145.0|0.0|134.0|181.0|11.0|979.0|812.0,1,,,0,1.355422,,,,0.172155,0.181195,0.009040
10-1016-j-conbuildmat-2020-120950,10-1016-j-conbuildmat-2020-120950,Ridge,regression,150.0|237.0|0.0|174.0|12.0|1069.0|675.0,1,,,0,0.096697,,,,0.105452,0.125306,0.019854
10-1016-j-conbuildmat-2020-120950,10-1016-j-conbuildmat-2020-120950,Ridge,regression,144.0|170.0|133.0|192.0|8.0|814.0|805.0,1,,,0,0.356497,,,,0.034937,0.036413,0.001476
10-1016-j-conbuildmat-2020-120950,10-1016-j-conbuildmat-2020-120950,Ridge,regression,331.0|170.0|0.0|195.0|8.0|811.0|802.0,1,,,0,1.245998,,,,0.422993,0.427431,0.004438
10-1016-j-conbuildmat-2020-120950,10-1016-j-conbuildmat-2020-120950,Ridge,regression,155.0|0.0|143.0|193.0|9.0|1047.0|697.0,1,,,0,1.399626,,,,0.153022,0.156650,0.003628
10-1016-j-conbuildmat-2020-120950,10-1016-j-conbuildmat-2020-120950,Ridge,regression,155.0|183.0|0.0|193.0|9.0|877.0|868.0,1,,,0,0.720869,,,,0.007218,0.006922,-0.000296
10-1016-j-conbuildmat-2020-120950,10-1016-j-conbuildmat-2020-120950,Ridge,regression,135.0|0.0|166.0|180.0|10.0|961.0|805.0,1,,,0,1.349639,,,,0.217262,0.183810,-0.033452
10-1016-j-conbuildmat-2020-120950,10-1016-j-conbuildmat-2020-120950,Ridge,regression,266.0|112.0|87.0|178.0|10.0|910.0|745.0,1,,,0,0.215675,,,,0.015797,0.017864,0.002066
10-1016-j-conbuildmat-2020-120950,10-1016-j-conbuildmat-2020-120950,Ridge,regression,314.0|145.0|113.0|179.0|8.0|869.0|690.0,1,,,0,0.623839,,,,0.032785,0.055663,0.022877
10-1016-j-conbuildmat-2020-120950,10-1016-j-conbuildmat-2020-120950,Ridge,regression,313.0|145.0|0.0|127.0|8.0|1000.0|822.0,1,,,0,0.521385,,,,0.163495,0.168163,0.004668
10-1016-j-conbuildmat-2020-120950,10-1016-j-conbuildmat-2020-120950,Ridge,regression,146.0|173.0|0.0|182.0|3.0|986.0|817.0,1,,,0,0.723761,,,,0.013193,0.003978,-0.009215
10-1016-j-conbuildmat-2020-120950,10-1016-j-conbuildmat-2020-120950,Ridge,regression,144.0|136.0|106.0|178.0|7.0|941.0|774.0,1,,,0,0.579582,,,,0.073255,0.055594,-0.017661
10-1016-j-conbuildmat-2020-120950,10-1016-j-conbuildmat-2020-120950,Ridge,regression,148.0|0.0|182.0|181.0|15.0|839.0|884.0,1,,,0,1.216201,,,,0.244727,0.219114,-0.025613
10-1016-j-conbuildmat-2020-120950,10-1016-j-conbuildmat-2020-120950,Ridge,regression,277.0|117.0|91.0|191.0|7.0|946.0|666.0,1,,,0,0.464787,,,,0.186702,0.177831,-0.008870
10-1016-j-conbuildmat-2020-120950,10-1016-j-conbuildmat-2020-120950,Ridge,regression,298.0|0.0|107.0|164.0|13.0|953.0|784.0,1,,,0,0.002505,,,,0.037484,0.036881,-0.000604
10-1016-j-conbuildmat-2020-120950,10-1016-j-conbuildmat-2020-120950,Ridge,regression,313.0|145.0|0.0|178.0|8.0|1002.0|689.0,1,,,0,0.313585,,,,0.013916,0.017774,0.003858
10-1016-j-conbuildmat-2020-120950,10-1016-j-conbuildmat-2020-120950,Ridge,regression,155.0|184.0|143.0|194.0|9.0|880.0|699.0,1,,,0,0.409376,,,,0.152574,0.136007,-0.016568
10-1016-j-conbuildmat-2020-120950,10-1016-j-conbuildmat-2020-120950,Ridge,regression,289.0|134.0|0.0|195.0|6.0|924.0|760.0,1,,,0,0.624665,,,,0.365723,0.380083,0.014359
10-1016-j-conbuildmat-2020-120950,10-1016-j-conbuildmat-2020-120950,Ridge,regression,148.0|175.0|0.0|171.0|2.0|1000.0|828.0,1,,,0,0.533312,,,,0.036612,0.041147,0.004535
10-1016-j-conbuildmat-2020-120950,10-1016-j-conbuildmat-2020-120950,Ridge,regression,145.0|0.0|179.0|202.0|8.0|824.0|869.0,1,,,0,1.514887,,,,0.185496,0.207179,0.021682
10-1016-j-conbuildmat-2020-120950,10-1016-j-conbuildmat-2020-120950,Ridge,regression,313.0|0.0|0.0|178.0|8.0|1000.0|822.0,1,,,0,0.642376,,,,0.078728,0.066230,-0.012498
10-1016-j-conbuildmat-2020-120950,10-1016-j-conbuildmat-2020-120950,Ridge,regression,136.0|162.0|126.0|172.0|10.0|923.0|764.0,1,,,0,0.404419,,,,0.116911,0.119417,0.002506
10-1016-j-conbuildmat-2020-120950,10-1016-j-conbuildmat-2020-120950,Ridge,regression,155.0|0.0|143.0|193.0|9.0|877.0|868.0,1,,,0,1.562809,,,,0.231577,0.238491,0.006914
10-1016-j-conbuildmat-2020-120950,10-1016-j-conbuildmat-2020-120950,Ridge,regression,255.0|99.0|77.0|189.0|6.0|919.0|749.0,1,,,0,0.121018,,,,0.035347,0.034884,-0.000464
10-1016-j-conbuildmat-2020-120950,10-1016-j-conbuildmat-2020-120950,Ridge,regression,162.0|207.0|172.0|216.0|10.0|822.0|638.0,1,,,0,0.241289,,,,0.172615,0.166734,-0.005881
10-1016-j-conbuildmat-2020-120950,10-1016-j-conbuildmat-2020-120950,Ridge,regression,136.0|196.0|98.0|199.0|6.0|847.0|783.0,1,,,0,0.530420,,,,0.019817,0.048806,0.028988
10-1016-j-conbuildmat-2020-120950,10-1016-j-conbuildmat-2020-120950,Ridge,regression,164.0|163.0|128.0|197.0|8.0|961.0|641.0,1,,,0,0.514309,,,,0.093310,0.094900,0.001590
10-1016-j-conbuildmat-2020-120950,10-1016-j-conbuildmat-2020-120950,Ridge,regression,162.0|214.0|164.0|202.0|10.0|820.0|680.0,1,,,0,0.309814,,,,0.206787,0.190493,-0.016295
10-1016-j-conbuildmat-2020-120950,10-1016-j-conbuildmat-2020-120950,Ridge,regression,157.0|214.0|152.0|200.0|9.0|819.0|704.0,1,,,0,0.165635,,,,0.081521,0.082399,0.000878
10-1016-j-conbuildmat-2020-120950,10-1016-j-conbuildmat-2020-120950,Ridge,regression,149.0|153.0|194.0|192.0|8.0|935.0|623.0,1,,,0,0.673360,,,,0.259036,0.245019,-0.014017
10-1016-j-conbuildmat-2020-120950,10-1016-j-conbuildmat-2020-120950,Ridge,regression,135.0|105.0|193.0|196.0|6.0|965.0|643.0,1,,,0,0.833238,,,,0.117493,0.142984,0.025491
10-1016-j-conbuildmat-2020-120950,10-1016-j-conbuildmat-2020-120950,Ridge,regression,159.0|209.0|161.0|201.0|7.0|848.0|669.0,1,,,0,0.295768,,,,0.122041,0.139523,0.017482
10-1016-j-conbuildmat-2020-120950,10-1016-j-conbuildmat-2020-120950,Ridge,regression,144.0|15.0|195.0|176.0|6.0|1021.0|709.0,1,,,0,1.226942,,,,0.245427,0.233096,-0.012331
10-1016-j-conbuildmat-2020-120950,10-1016-j-conbuildmat-2020-120950,Ridge,regression,154.0|174.0|185.0|228.0|7.0|845.0|612.0,1,,,0,0.687819,,,,0.106552,0.091257,-0.015295
10-1016-j-conbuildmat-2020-120950,10-1016-j-conbuildmat-2020-120950,Ridge,regression,167.0|187.0|195.0|185.0|7.0|898.0|636.0,1,,,0,0.714672,,,,0.480509,0.440160,-0.040349
10-1016-j-conbuildmat-2020-120950,10-1016-j-conbuildmat-2020-120950,Ridge,regression,184.0|86.0|190.0|213.0|6.0|923.0|623.0,1,,,0,0.772096,,,,0.099268,0.112975,0.013707
10-1016-j-conbuildmat-2020-120950,10-1016-j-conbuildmat-2020-120950,Ridge,regression,156.0|178.0|187.0|221.0|7.0|854.0|614.0,1,,,0,0.383763,,,,0.022929,0.024955,0.002026
10-1016-j-conbuildmat-2020-120950,10-1016-j-conbuildmat-2020-120950,Ridge,regression,236.9|91.7|71.5|246.9|6.0|852.9|695.4,1,,,0,0.430693,,,,0.305514,0.293751,-0.011763
10-1016-j-conbuildmat-2020-120950,10-1016-j-conbuildmat-2020-120950,Ridge,regression,313.3|0.0|113.0|178.5|8.0|1001.9|688.7,1,,,0,0.059144,,,,0.049924,0.054510,0.004586
10-1016-j-conbuildmat-2020-120950,10-1016-j-conbuildmat-2020-120950,Ridge,regression,154.8|183.4|0.0|193.3|9.1|1047.4|696.7,1,,,0,1.050374,,,,0.173996,0.171535,-0.002462
10-1016-j-conbuildmat-2020-120950,10-1016-j-conbuildmat-2020-120950,Ridge,regression,145.9|230.5|0.0|202.5|3.4|827.0|871.8,1,,,0,0.185589,,,,0.231656,0.249263,0.017607
10-1016-j-conbuildmat-2020-120950,10-1016-j-conbuildmat-2020-120950,Ridge,regression,296.0|0.0|106.7|221.4|10.5|819.2|778.4,1,,,0,0.263503,,,,0.160206,0.173165,0.012959
10-1016-j-conbuildmat-2020-120950,10-1016-j-conbuildmat-2020-120950,Ridge,regression,133.1|210.2|0.0|195.7|3.1|949.4|795.3,1,,,0,0.412227,,,,0.178444,0.176972,-0.001472
10-1016-j-conbuildmat-2020-120950,10-1016-j-conbuildmat-2020-120950,Ridge,regression,313.3|145.0|0.0|178.5|8.0|867.2|824.0,1,,,0,0.306025,,,,0.016880,0.003538,-0.013342
10-1016-j-conbuildmat-2020-120950,10-1016-j-conbuildmat-2020-120950,Ridge,regression,151.6|0.0|111.9|184.4|7.9|992.0|815.9,1,,,0,1.416275,,,,0.155369,0.143632,-0.011737
10-1016-j-conbuildmat-2020-120950,10-1016-j-conbuildmat-2020-120950,Ridge,regression,153.1|145.0|113.0|178.5|8.0|1001.9|688.7,1,,,0,0.614656,,,,0.159141,0.148698,-0.010442
10-1016-j-conbuildmat-2020-120950,10-1016-j-conbuildmat-2020-120950,Ridge,regression,139.9|132.6|103.3|200.3|7.4|916.0|753.4,1,,,0,0.037497,,,,0.374142,0.362475,-0.011667
10-1016-j-conbuildmat-2020-120950,10-1016-j-conbuildmat-2020-120950,Ridge,regression,149.5|236.0|0.0|175.8|12.6|846.8|892.7,1,,,0,0.171005,,,,0.007527,0.016723,0.009197
10-1016-j-conbuildmat-2020-120950,10-1016-j-conbuildmat-2020-120950,Ridge,regression,299.8|0.0|119.8|211.5|9.9|878.2|727.6,1,,,0,0.717936,,,,0.127153,0.118611,-0.008542
10-1016-j-conbuildmat-2020-120950,10-1016-j-conbuildmat-2020-120950,Ridge,regression,153.1|145.0|113.0|178.5|8.0|867.2|824.0,1,,,0,0.574294,,,,0.140760,0.136350,-0.004410
10-1016-j-conbuildmat-2020-120950,10-1016-j-conbuildmat-2020-120950,Ridge,regression,148.1|0.0|136.6|158.1|16.1|1001.8|830.1,1,,,0,1.070039,,,,0.208517,0.213487,0.004970
10-1016-j-conbuildmat-2020-120950,10-1016-j-conbuildmat-2020-120950,Ridge,regression,326.5|0.0|137.9|199.0|10.8|801.1|792.5,1,,,0,0.168538,,,,0.103800,0.109628,0.005828
10-1016-j-conbuildmat-2020-120950,10-1016-j-conbuildmat-2020-120950,Ridge,regression,152.7|144.7|0.0|178.1|8.0|999.7|822.2,1,,,0,1.007120,,,,0.119135,0.128287,0.009152
10-1016-j-conbuildmat-2020-120950,10-1016-j-conbuildmat-2020-120950,Ridge,regression,261.9|110.5|86.1|195.4|5.0|895.2|732.6,1,,,0,0.125769,,,,0.007154,0.000619,-0.006535
10-1016-j-conbuildmat-2020-120950,10-1016-j-conbuildmat-2020-120950,Ridge,regression,158.4|0.0|194.9|219.7|11.0|897.7|712.9,1,,,0,1.634650,,,,0.241687,0.265883,0.024196
10-1016-j-conbuildmat-2020-120950,10-1016-j-conbuildmat-2020-120950,Ridge,regression,150.7|0.0|185.3|166.7|15.6|1074.5|678.0,1,,,0,1.339558,,,,0.393159,0.395592,0.002432
10-1016-j-conbuildmat-2020-120950,10-1016-j-conbuildmat-2020-120950,Ridge,regression,272.6|0.0|89.6|198.7|10.6|931.3|762.2,1,,,0,0.214053,,,,0.179116,0.177494,-0.001622
10-1016-j-conbuildmat-2020-120950,10-1016-j-conbuildmat-2020-120950,Ridge,regression,149.0|117.6|91.7|182.9|7.1|953.4|780.3,1,,,0,0.736609,,,,0.055791,0.062586,0.006795
10-1016-j-conbuildmat-2020-120950,10-1016-j-conbuildmat-2020-120950,Ridge,regression,143.0|169.4|142.7|190.7|8.4|967.4|643.5,1,,,0,0.365007,,,,0.049116,0.047350,-0.001766
10-1016-j-conbuildmat-2020-120950,10-1016-j-conbuildmat-2020-120950,Ridge,regression,259.9|100.6|78.4|170.6|10.4|935.7|762.9,1,,,0,0.836183,,,,0.320122,0.326801,0.006680
10-1016-j-conbuildmat-2020-120950,10-1016-j-conbuildmat-2020-120950,Ridge,regression,312.9|160.5|0.0|177.6|9.6|916.6|759.5,1,,,0,0.996349,,,,0.296066,0.283093,-0.012973
10-1016-j-conbuildmat-2020-120950,10-1016-j-conbuildmat-2020-120950,Ridge,regression,284.0|119.7|0.0|168.3|7.2|970.4|794.2,1,,,0,0.306603,,,,0.111610,0.097260,-0.014350
10-1016-j-conbuildmat-2020-120950,10-1016-j-conbuildmat-2020-120950,Ridge,regression,336.5|0.0|0.0|181.9|3.4|985.8|816.8,1,,,0,0.542289,,,,0.462707,0.462854,0.000147
10-1016-j-conbuildmat-2020-120950,10-1016-j-conbuildmat-2020-120950,Ridge,regression,144.8|0.0|133.6|180.8|11.1|979.5|811.5,1,,,0,1.355092,,,,0.160951,0.178310,0.017359
10-1016-j-conbuildmat-2020-120950,10-1016-j-conbuildmat-2020-120950,Ridge,regression,150.0|236.8|0.0|173.8|11.9|1069.3|674.8,1,,,0,0.096697,,,,0.123977,0.116514,-0.007464
10-1016-j-conbuildmat-2020-120950,10-1016-j-conbuildmat-2020-120950,Ridge,regression,143.7|170.2|132.6|191.6|8.5|814.1|805.3,1,,,0,0.356331,,,,0.042623,0.040948,-0.001675
10-1016-j-conbuildmat-2020-120950,10-1016-j-conbuildmat-2020-120950,Ridge,regression,330.5|169.6|0.0|194.9|8.1|811.0|802.3,1,,,0,1.246370,,,,0.429925,0.424947,-0.004978
10-1016-j-conbuildmat-2020-120950,10-1016-j-conbuildmat-2020-120950,Ridge,regression,154.8|0.0|142.8|193.3|9.1|1047.4|696.7,1,,,0,1.399585,,,,0.150580,0.162374,0.011794
10-1016-j-conbuildmat-2020-120950,10-1016-j-conbuildmat-2020-120950,Ridge,regression,154.8|183.4|0.0|193.3|9.1|877.2|867.7,1,,,0,0.720869,,,,0.012382,0.028796,0.016414
10-1016-j-conbuildmat-2020-120950,10-1016-j-conbuildmat-2020-120950,Ridge,regression,134.7|0.0|165.7|180.2|10.0|961.0|804.9,1,,,0,1.349597,,,,0.194990,0.199534,0.004544
10-1016-j-conbuildmat-2020-120950,10-1016-j-conbuildmat-2020-120950,Ridge,regression,266.2|112.3|87.5|177.9|10.4|909.7|744.5,1,,,0,0.215923,,,,0.009751,0.010417,0.000665
10-1016-j-conbuildmat-2020-120950,10-1016-j-conbuildmat-2020-120950,Ridge,regression,314.0|145.3|113.2|178.9|8.0|869.1|690.2,1,,,0,0.624128,,,,0.038190,0.032326,-0.005864
10-1016-j-conbuildmat-2020-120950,10-1016-j-conbuildmat-2020-120950,Ridge,regression,312.7|144.7|0.0|127.3|8.0|999.7|822.2,1,,,0,0.521633,,,,0.160278,0.153965,-0.006313
10-1016-j-conbuildmat-2020-120950,10-1016-j-conbuildmat-2020-120950,Ridge,regression,145.7|172.6|0.0|181.9|3.4|985.8|816.8,1,,,0,0.723430,,,,0.007667,0.012057,0.004390
10-1016-j-conbuildmat-2020-120950,10-1016-j-conbuildmat-2020-120950,Ridge,regression,143.8|136.3|106.2|178.1|7.5|941.5|774.3,1,,,0,0.579416,,,,0.082703,0.090145,0.007442
10-1016-j-conbuildmat-2020-120950,10-1016-j-conbuildmat-2020-120950,Ridge,regression,148.1|0.0|182.1|181.4|15.0|838.9|884.3,1,,,0,1.215829,,,,0.261508,0.247013,-0.014495
10-1016-j-conbuildmat-2020-120950,10-1016-j-conbuildmat-2020-120950,Ridge,regression,277.0|116.8|91.0|190.6|7.0|946.5|665.6,1,,,0,0.464994,,,,0.173202,0.181416,0.008214
10-1016-j-conbuildmat-2020-120950,10-1016-j-conbuildmat-2020-120950,Ridge,regression,298.1|0.0|107.5|163.6|12.8|953.2|784.0,1,,,0,0.002877,,,,0.043303,0.044075,0.000772
10-1016-j-conbuildmat-2020-120950,10-1016-j-conbuildmat-2020-120950,Ridge,regression,313.3|145.0|0.0|178.5|8.0|1001.9|688.7,1,,,0,0.313709,,,,0.031618,0.036538,0.004920
10-1016-j-conbuildmat-2020-120950,10-1016-j-conbuildmat-2020-120950,Ridge,regression,155.2|183.9|143.2|193.8|9.2|879.6|698.5,1,,,0,0.409046,,,,0.143603,0.128473,-0.015130
10-1016-j-conbuildmat-2020-120950,10-1016-j-conbuildmat-2020-120950,Ridge,regression,289.0|133.7|0.0|194.9|5.5|924.1|760.1,1,,,0,0.624913,,,,0.383009,0.370349,-0.012660
10-1016-j-conbuildmat-2020-120950,10-1016-j-conbuildmat-2020-120950,Ridge,regression,147.8|175.1|0.0|171.2|2.2|1000.0|828.5,1,,,0,0.532982,,,,0.028219,0.035759,0.007540
10-1016-j-conbuildmat-2020-120950,10-1016-j-conbuildmat-2020-120950,Ridge,regression,145.4|0.0|178.9|201.7|7.8|824.0|868.7,1,,,0,1.514845,,,,0.189638,0.191896,0.002258
10-1016-j-conbuildmat-2020-120950,10-1016-j-conbuildmat-2020-120950,Ridge,regression,312.7|0.0|0.0|178.1|8.0|999.7|822.2,1,,,0,0.641963,,,,0.077094,0.079994,0.002900
10-1016-j-conbuildmat-2020-120950,10-1016-j-conbuildmat-2020-120950,Ridge,regression,136.4|161.6|125.8|171.6|10.4|922.6|764.4,1,,,0,0.404129,,,,0.136769,0.126154,-0.010615
10-1016-j-conbuildmat-2020-120950,10-1016-j-conbuildmat-2020-120950,Ridge,regression,154.8|0.0|142.8|193.3|9.1|877.2|867.7,1,,,0,1.562644,,,,0.228294,0.233106,0.004812
10-1016-j-conbuildmat-2020-120950,10-1016-j-conbuildmat-2020-120950,Ridge,regression,255.3|98.8|77.0|188.6|6.5|919.0|749.3,1,,,0,0.120977,,,,0.029038,0.023847,-0.005190
10-1016-j-conbuildmat-2020-120950,10-1016-j-conbuildmat-2020-120950,Ridge,regression,272.8|105.1|81.8|209.7|9.0|904.0|679.7,1,,,0,0.081081,,,,0.134665,0.147609,0.012944
10-1016-j-conbuildmat-2020-120950,10-1016-j-conbuildmat-2020-120950,Ridge,regression,162.0|190.1|148.1|178.8|18.8|838.1|741.4,1,,,0,0.123166,,,,0.196275,0.199258,0.002984
10-1016-j-conbuildmat-2020-120950,10-1016-j-conbuildmat-2020-120950,Ridge,regression,153.6|144.2|112.3|220.1|10.1|923.2|657.9,1,,,0,1.157248,,,,0.195029,0.160676,-0.034353
10-1016-j-conbuildmat-2020-120950,10-1016-j-conbuildmat-2020-120950,Ridge,regression,146.5|114.6|89.3|201.9|8.8|860.0|829.5,1,,,0,0.948498,,,,0.060746,0.054703,-0.006043
10-1016-j-conbuildmat-2020-120950,10-1016-j-conbuildmat-2020-120950,Ridge,regression,151.8|178.1|138.7|167.5|18.3|944.0|694.6,1,,,0,0.031878,,,,0.096911,0.116172,0.019261
10-1016-j-conbuildmat-2020-120950,10-1016-j-conbuildmat-2020-120950,Ridge,regression,309.9|142.8|111.2|167.8|22.1|913.9|651.2,1,,,0,0.143669,,,,0.427030,0.398473,-0.028557
10-1016-j-conbuildmat-2020-120950,10-1016-j-conbuildmat-2020-120950,Ridge,regression,143.6|0.0|174.9|158.4|17.9|942.7|844.5,1,,,0,1.221984,,,,0.358749,0.345847,-0.012901
10-1016-j-conbuildmat-2020-120950,10-1016-j-conbuildmat-2020-120950,Ridge,regression,303.6|139.9|0.0|213.5|6.2|895.5|722.5,1,,,0,0.143698,,,,0.060909,0.071320,0.010411
10-1016-j-conbuildmat-2020-120950,10-1016-j-conbuildmat-2020-120950,Ridge,regression,374.3|0.0|0.0|190.2|6.7|1013.2|730.4,1,,,0,0.194028,,,,0.219377,0.231291,0.011914
10-1016-j-conbuildmat-2020-120950,10-1016-j-conbuildmat-2020-120950,Ridge,regression,158.6|148.9|116.0|175.1|15.0|953.3|719.7,1,,,0,0.487538,,,,0.192545,0.169797,-0.022748
10-1016-j-conbuildmat-2020-120950,10-1016-j-conbuildmat-2020-120950,Ridge,regression,152.6|238.7|0.0|200.0|6.3|1001.8|683.9,1,,,0,0.536741,,,,0.001974,0.005530,0.003556
10-1016-j-conbuildmat-2020-120950,10-1016-j-conbuildmat-2020-120950,Ridge,regression,310.0|142.8|0.0|167.9|10.0|914.3|804.0,1,,,0,0.568439,,,,0.074228,0.091925,0.017697
10-1016-j-conbuildmat-2020-120950,10-1016-j-conbuildmat-2020-120950,Ridge,regression,304.8|0.0|99.6|196.0|9.8|959.4|705.2,1,,,0,0.341211,,,,0.007592,0.001671,-0.005921
10-1016-j-conbuildmat-2020-120950,10-1016-j-conbuildmat-2020-120950,Ridge,regression,150.9|0.0|183.9|166.6|11.6|991.2|772.2,1,,,0,1.213226,,,,0.300457,0.284187,-0.016270
10-1016-j-conbuildmat-2020-120950,10-1016-j-conbuildmat-2020-120950,Ridge,regression,141.9|166.6|129.7|173.5|10.9|882.6|785.3,1,,,0,0.526921,,,,0.287007,0.280097,-0.006910
10-1016-j-conbuildmat-2020-120950,10-1016-j-conbuildmat-2020-120950,Ridge,regression,297.8|137.2|106.9|201.3|6.0|878.4|655.3,1,,,0,1.060962,,,,0.381804,0.378489,-0.003316
10-1016-j-conbuildmat-2020-120950,10-1016-j-conbuildmat-2020-120950,Ridge,regression,321.3|164.2|0.0|190.5|4.6|870.0|774.0,1,,,0,1.282270,,,,0.492296,0.495148,0.002852
10-1016-j-conbuildmat-2020-120950,10-1016-j-conbuildmat-2020-120950,Ridge,regression,366.0|187.0|0.0|191.3|6.6|824.3|756.9,1,,,0,1.803009,,,,0.545297,0.536397,-0.008899
10-1016-j-conbuildmat-2020-120950,10-1016-j-conbuildmat-2020-120950,Ridge,regression,279.8|128.9|100.4|172.4|9.5|825.1|804.9,1,,,0,1.019154,,,,0.244443,0.241106,-0.003337
10-1016-j-conbuildmat-2020-120950,10-1016-j-conbuildmat-2020-120950,Ridge,regression,252.1|97.1|75.6|193.8|8.3|835.5|821.4,1,,,0,0.144896,,,,0.040754,0.043978,0.003224
10-1016-j-conbuildmat-2020-120950,10-1016-j-conbuildmat-2020-120950,Ridge,regression,164.6|0.0|150.4|181.6|11.7|1023.3|728.9,1,,,0,1.065577,,,,0.120901,0.132160,0.011259
10-1016-j-conbuildmat-2020-120950,10-1016-j-conbuildmat-2020-120950,Ridge,regression,155.6|243.5|0.0|180.3|10.7|1022.0|697.7,1,,,0,0.092607,,,,0.140414,0.158457,0.018043
10-1016-j-conbuildmat-2020-120950,10-1016-j-conbuildmat-2020-120950,Ridge,regression,160.2|188.0|146.4|203.2|11.3|828.7|709.7,1,,,0,0.030173,,,,0.047405,0.071912,0.024507
10-1016-j-conbuildmat-2020-120950,10-1016-j-conbuildmat-2020-120950,Ridge,regression,298.1|0.0|107.0|186.4|6.1|879.0|815.2,1,,,0,0.409016,,,,0.322894,0.324055,0.001161
10-1016-j-conbuildmat-2020-120950,10-1016-j-conbuildmat-2020-120950,Ridge,regression,317.9|0.0|126.5|209.7|5.7|860.5|736.6,1,,,0,0.254302,,,,0.302861,0.298830,-0.004030
10-1016-j-conbuildmat-2020-120950,10-1016-j-conbuildmat-2020-120950,Ridge,regression,287.3|120.5|93.9|187.6|9.2|904.4|695.9,1,,,0,0.478172,,,,0.116383,0.102156,-0.014227
10-1016-j-conbuildmat-2020-120950,10-1016-j-conbuildmat-2020-120950,Ridge,regression,325.6|166.4|0.0|174.0|8.9|881.6|790.0,1,,,0,1.522996,,,,0.464621,0.469109,0.004488
10-1016-j-conbuildmat-2020-120950,10-1016-j-conbuildmat-2020-120950,Ridge,regression,355.9|0.0|141.6|193.3|11.0|801.4|778.4,1,,,0,0.302637,,,,0.056387,0.040277,-0.016110
10-1016-j-conbuildmat-2020-120950,10-1016-j-conbuildmat-2020-120950,Ridge,regression,132.0|206.5|160.9|178.9|5.5|866.9|735.6,1,,,0,0.150473,,,,0.089166,0.107671,0.018505
10-1016-j-conbuildmat-2020-120950,10-1016-j-conbuildmat-2020-120950,Ridge,regression,322.5|148.6|0.0|185.8|8.5|951.0|709.5,1,,,0,0.995151,,,,0.342163,0.355945,0.013782
10-1016-j-conbuildmat-2020-120950,10-1016-j-conbuildmat-2020-120950,Ridge,regression,164.2|0.0|200.1|181.2|12.6|849.3|846.0,1,,,0,1.241897,,,,0.302627,0.314944,0.012317
10-1016-j-conbuildmat-2020-120950,10-1016-j-conbuildmat-2020-120950,Ridge,regression,313.8|0.0|112.6|169.9|10.1|925.3|782.9,1,,,0,0.158376,,,,0.019867,0.035103,0.015236
10-1016-j-conbuildmat-2020-120950,10-1016-j-conbuildmat-2020-120950,Ridge,regression,321.4|0.0|127.9|182.5|11.5|870.1|779.7,1,,,0,0.086741,,,,0.002040,0.004113,0.002073
10-1016-j-conbuildmat-2020-120950,10-1016-j-conbuildmat-2020-120950,Ridge,regression,139.7|163.9|127.7|236.7|5.8|868.6|655.6,1,,,0,0.035502,,,,0.414991,0.425700,0.010709
10-1016-j-conbuildmat-2020-120950,10-1016-j-conbuildmat-2020-120950,Ridge,regression,288.4|121.0|0.0|177.4|7.0|907.9|829.5,1,,,0,0.378817,,,,0.171436,0.188629,0.017193
10-1016-j-conbuildmat-2020-120950,10-1016-j-conbuildmat-2020-120950,Ridge,regression,298.2|0.0|107.0|209.7|11.1|879.6|744.2,1,,,0,0.236237,,,,0.095890,0.124267,0.028377
10-1016-j-conbuildmat-2020-120950,10-1016-j-conbuildmat-2020-120950,Ridge,regression,264.5|111.0|86.5|195.5|5.9|832.6|790.4,1,,,0,0.342999,,,,0.207731,0.210875,0.003143
10-1016-j-conbuildmat-2020-120950,10-1016-j-conbuildmat-2020-120950,Ridge,regression,159.8|250.0|0.0|168.4|12.2|1049.3|688.2,1,,,0,0.217989,,,,0.102238,0.094948,-0.007291
10-1016-j-conbuildmat-2020-120950,10-1016-j-conbuildmat-2020-120950,Ridge,regression,166.0|259.7|0.0|183.2|12.7|858.8|826.8,1,,,0,0.125780,,,,0.088707,0.103713,0.015006
10-1016-j-conbuildmat-2020-120950,10-1016-j-conbuildmat-2020-120950,Ridge,regression,276.4|116.0|90.3|179.6|8.9|870.1|768.3,1,,,0,0.507297,,,,0.122181,0.124542,0.002361
10-1016-j-conbuildmat-2020-120950,10-1016-j-conbuildmat-2020-120950,Ridge,regression,322.2|0.0|115.6|196.0|10.4|817.9|813.4,1,,,0,0.277962,,,,0.059223,0.082238,0.023015
10-1016-j-conbuildmat-2020-120950,10-1016-j-conbuildmat-2020-120950,Ridge,regression,148.5|139.4|108.6|192.7|6.1|892.4|780.0,1,,,0,0.726281,,,,0.084366,0.085909,0.001543
10-1016-j-conbuildmat-2020-120950,10-1016-j-conbuildmat-2020-120950,Ridge,regression,159.1|186.7|0.0|175.6|11.3|989.6|788.9,1,,,0,0.182738,,,,0.102008,0.101869,-0.000139
10-1016-j-conbuildmat-2020-120950,10-1016-j-conbuildmat-2020-120950,Ridge,regression,260.9|100.5|78.3|200.6|8.6|864.5|761.5,1,,,0,0.204716,,,,0.009604,0.017929,0.008326
10-1016-j-conbuildmat-2020-120950,10-1016-j-conbuildmat-2020-120950,Random Forest,regression,540.0|0.0|0.0|162.0|2.5|1040.0|676.0,1,,,0,2.646477,,,,0.515287,0.511820,-0.003467
10-1016-j-conbuildmat-2020-120950,10-1016-j-conbuildmat-2020-120950,Random Forest,regression,540.0|0.0|0.0|162.0|2.5|1055.0|676.0,1,,,0,1.562036,,,,0.260663,0.008275,-0.252388
10-1016-j-conbuildmat-2020-120950,10-1016-j-conbuildmat-2020-120950,Random Forest,regression,332.5|142.5|0.0|228.0|0.0|932.0|594.0,6,,,0,0.072364,0.068724,,,0.070650,0.177073,0.106424
10-1016-j-conbuildmat-2020-120950,10-1016-j-conbuildmat-2020-120950,Random Forest,regression,198.6|132.4|0.0|192.0|0.0|978.4|825.5,6,,,0,0.391628,0.772684,,,0.066728,0.046623,-0.020106
10-1016-j-conbuildmat-2020-120950,10-1016-j-conbuildmat-2020-120950,Random Forest,regression,266.0|114.0|0.0|228.0|0.0|932.0|670.0,5,,,0,0.807619,0.032479,,,0.054217,0.106327,0.052110
10-1016-j-conbuildmat-2020-120950,10-1016-j-conbuildmat-2020-120950,Random Forest,regression,380.0|95.0|0.0|228.0|0.0|932.0|594.0,6,,,0,0.206080,0.054574,,,0.050876,0.093076,0.042200
10-1016-j-conbuildmat-2020-120950,10-1016-j-conbuildmat-2020-120950,Random Forest,regression,475.0|0.0|0.0|228.0|0.0|932.0|594.0,6,,,0,0.320139,0.010585,,,0.039651,0.189095,0.149444
10-1016-j-conbuildmat-2020-120950,10-1016-j-conbuildmat-2020-120950,Random Forest,regression,427.5|47.5|0.0|228.0|0.0|932.0|594.0,6,,,0,0.277851,0.041526,,,0.033547,0.066073,0.032527
10-1016-j-conbuildmat-2020-120950,10-1016-j-conbuildmat-2020-120950,Random Forest,regression,190.0|190.0|0.0|228.0|0.0|932.0|670.0,5,,,0,0.666170,0.105163,,,0.102729,0.112692,0.009963
10-1016-j-conbuildmat-2020-120950,10-1016-j-conbuildmat-2020-120950,Random Forest,regression,304.0|76.0|0.0|228.0|0.0|932.0|670.0,5,,,0,0.944348,0.037315,,,0.061959,0.129234,0.067275
10-1016-j-conbuildmat-2020-120950,10-1016-j-conbuildmat-2020-120950,Random Forest,regression,380.0|0.0|0.0|228.0|0.0|932.0|670.0,4,,,0,1.029975,0.000401,,,0.039893,0.263369,0.223475
10-1016-j-conbuildmat-2020-120950,10-1016-j-conbuildmat-2020-120950,Random Forest,regression,139.6|209.4|0.0|192.0|0.0|1047.0|806.9,6,,,0,0.358784,0.878714,,,0.076802,0.222417,0.145616
10-1016-j-conbuildmat-2020-120950,10-1016-j-conbuildmat-2020-120950,Random Forest,regression,342.0|38.0|0.0|228.0|0.0|932.0|670.0,4,,,0,1.059423,0.024563,,,0.038806,0.145185,0.106379
10-1016-j-conbuildmat-2020-120950,10-1016-j-conbuildmat-2020-120950,Random Forest,regression,237.5|237.5|0.0|228.0|0.0|932.0|594.0,6,,,0,0.118385,0.089396,,,0.125898,0.201458,0.075560
10-1016-j-conbuildmat-2020-120950,10-1016-j-conbuildmat-2020-120950,Random Forest,regression,349.0|0.0|0.0|192.0|0.0|1047.0|806.9,1,,,0,1.244417,,,,0.014214,0.001206,-0.013008
10-1016-j-conbuildmat-2020-120950,10-1016-j-conbuildmat-2020-120950,Random Forest,regression,310.0|0.0|0.0|192.0|0.0|971.0|850.6,1,,,0,1.554959,,,,0.089710,0.080752,-0.008958
10-1016-j-conbuildmat-2020-120950,10-1016-j-conbuildmat-2020-120950,Random Forest,regression,485.0|0.0|0.0|146.0|0.0|1120.0|800.0,1,,,0,2.167257,,,,0.396011,0.307880,-0.088131
10-1016-j-conbuildmat-2020-120950,10-1016-j-conbuildmat-2020-120950,Random Forest,regression,374.0|189.2|0.0|170.1|10.1|926.1|756.7,5,,,0,1.093594,0.631449,,,0.079110,0.187475,0.108365
10-1016-j-conbuildmat-2020-120950,10-1016-j-conbuildmat-2020-120950,Random Forest,regression,313.3|262.2|0.0|175.5|8.6|1046.9|611.8,5,,,0,1.008159,0.954586,,,0.125032,0.140775,0.015743
10-1016-j-conbuildmat-2020-120950,10-1016-j-conbuildmat-2020-120950,Random Forest,regression,425.0|106.3|0.0|153.5|16.5|852.1|887.1,15,,,0,1.133518,0.557284,,,0.018322,0.088467,0.070145
10-1016-j-conbuildmat-2020-120950,10-1016-j-conbuildmat-2020-120950,Random Forest,regression,425.0|106.3|0.0|151.4|18.6|936.0|803.7,5,,,0,1.171896,0.627506,,,0.056326,0.067199,0.010873
10-1016-j-conbuildmat-2020-120950,10-1016-j-conbuildmat-2020-120950,Random Forest,regression,375.0|93.8|0.0|126.6|23.4|852.1|992.6,5,,,0,0.902319,0.683150,,,0.073993,0.070446,-0.003547
10-1016-j-conbuildmat-2020-120950,10-1016-j-conbuildmat-2020-120950,Random Forest,regression,475.0|118.8|0.0|181.1|8.9|852.1|781.5,5,,,0,1.553118,0.833002,,,0.147118,0.335922,0.188804
10-1016-j-conbuildmat-2020-120950,10-1016-j-conbuildmat-2020-120950,Random Forest,regression,469.0|117.2|0.0|137.8|32.2|852.1|840.5,5,,,0,1.478549,0.601446,,,0.071155,0.170582,0.099426
10-1016-j-conbuildmat-2020-120950,10-1016-j-conbuildmat-2020-120950,Random Forest,regression,388.6|97.1|0.0|157.9|12.1|852.1|925.7,5,,,0,0.570284,0.610822,,,0.120561,0.183972,0.063411
10-1016-j-conbuildmat-2020-120950,10-1016-j-conbuildmat-2020-120950,Random Forest,regression,531.3|0.0|0.0|141.8|28.2|852.1|893.7,5,,,0,1.004592,0.230048,,,0.086001,0.154284,0.068283
10-1016-j-conbuildmat-2020-120950,10-1016-j-conbuildmat-2020-120950,Random Forest,regression,318.8|212.5|0.0|155.7|14.3|852.1|880.4,5,,,0,0.832561,1.355130,,,0.124347,0.132750,0.008403
10-1016-j-conbuildmat-2020-120950,10-1016-j-conbuildmat-2020-120950,Random Forest,regression,401.8|94.7|0.0|147.4|11.4|946.8|852.1,5,,,0,1.609688,0.777731,,,0.129422,0.280633,0.151211
10-1016-j-conbuildmat-2020-120950,10-1016-j-conbuildmat-2020-120950,Random Forest,regression,362.6|189.0|0.0|164.9|11.6|944.7|755.8,20,,,0,1.608551,1.391322,,,0.104785,0.309806,0.205021
10-1016-j-conbuildmat-2020-120950,10-1016-j-conbuildmat-2020-120950,Random Forest,regression,323.7|282.8|0.0|183.8|10.3|942.7|659.9,4,,,0,1.347941,2.074545,,,0.356913,0.481411,0.124498
10-1016-j-conbuildmat-2020-120950,10-1016-j-conbuildmat-2020-120950,Random Forest,regression,379.5|151.2|0.0|153.9|15.9|1134.3|605.0,5,,,0,0.724233,0.460615,,,0.160119,0.311653,0.151534
10-1016-j-conbuildmat-2020-120950,10-1016-j-conbuildmat-2020-120950,Random Forest,regression,286.3|200.9|0.0|144.7|11.2|1004.6|803.7,5,,,0,1.212705,1.973274,,,0.132294,0.234106,0.101811
10-1016-j-conbuildmat-2020-120950,10-1016-j-conbuildmat-2020-120950,Random Forest,regression,439.0|177.0|0.0|186.0|11.1|884.9|707.9,5,,,0,1.531469,0.709978,,,0.151612,0.443549,0.291937
10-1016-j-conbuildmat-2020-120950,10-1016-j-conbuildmat-2020-120950,Random Forest,regression,389.9|189.0|0.0|145.9|22.0|944.7|755.8,5,,,0,1.889964,1.104785,,,0.167437,0.336791,0.169355
10-1016-j-conbuildmat-2020-120950,10-1016-j-conbuildmat-2020-120950,Random Forest,regression,337.9|189.0|0.0|174.9|9.5|944.7|755.8,5,,,0,0.694123,1.142209,,,0.165111,0.116569,-0.048542
10-1016-j-conbuildmat-2020-120950,10-1016-j-conbuildmat-2020-120950,Random Forest,regression,222.36|0.0|96.67|189.29|4.46|967.08|870.32,5,,,0,0.577613,0.393317,,,0.082399,0.063088,-0.019312
10-1016-j-conbuildmat-2020-120950,10-1016-j-conbuildmat-2020-120950,Random Forest,regression,233.81|0.0|94.58|197.89|4.567|947.04|852.16,5,,,0,0.740023,0.280879,,,0.071085,0.048288,-0.022797
10-1016-j-conbuildmat-2020-120950,10-1016-j-conbuildmat-2020-120950,Random Forest,regression,194.68|0.0|100.52|165.62|7.48|1006.4|905.9,5,,,0,0.536804,0.333157,,,0.104670,0.134875,0.030205
10-1016-j-conbuildmat-2020-120950,10-1016-j-conbuildmat-2020-120950,Random Forest,regression,190.68|0.0|125.4|162.14|7.77|1090.0|804.01,5,,,0,0.489275,0.384263,,,0.075593,0.074921,-0.000673
10-1016-j-conbuildmat-2020-120950,10-1016-j-conbuildmat-2020-120950,Random Forest,regression,212.07|0.0|121.62|180.31|5.69|1057.6|779.32,5,,,0,0.565171,0.412869,,,0.054740,0.060069,0.005329
10-1016-j-conbuildmat-2020-120950,10-1016-j-conbuildmat-2020-120950,Random Forest,regression,229.97|0.0|118.31|195.47|4.63|1029.4|758.59,5,,,0,0.693075,0.354048,,,0.051905,0.042669,-0.009236
10-1016-j-conbuildmat-2020-120950,10-1016-j-conbuildmat-2020-120950,Random Forest,regression,190.34|0.0|125.18|161.85|9.88|1088.1|802.59,5,,,0,0.475257,0.570100,,,0.031821,0.044118,0.012297
10-1016-j-conbuildmat-2020-120950,10-1016-j-conbuildmat-2020-120950,Random Forest,regression,166.09|0.0|163.27|176.46|4.49|1058.6|780.09,5,,,0,0.711406,0.264753,,,0.082964,0.115007,0.032043
10-1016-j-conbuildmat-2020-120950,10-1016-j-conbuildmat-2020-120950,Random Forest,regression,167.95|42.08|163.83|121.75|5.72|1058.7|780.11,5,,,0,0.688015,0.547934,,,0.259441,0.280458,0.021017
10-1016-j-conbuildmat-2020-120950,10-1016-j-conbuildmat-2020-120950,Random Forest,regression,213.72|98.05|24.51|181.71|6.86|1065.8|785.38,5,,,0,0.236673,0.821424,,,0.170946,0.178931,0.007985
10-1016-j-conbuildmat-2020-120950,10-1016-j-conbuildmat-2020-120950,Random Forest,regression,213.76|98.06|24.52|181.74|6.65|1066.0|785.52,5,,,0,0.129121,1.038808,,,0.128078,0.119668,-0.008410
10-1016-j-conbuildmat-2020-120950,10-1016-j-conbuildmat-2020-120950,Random Forest,regression,229.68|0.0|118.16|195.23|6.13|1028.1|757.63,5,,,0,0.561439,0.378941,,,0.094273,0.078349,-0.015925
10-1016-j-conbuildmat-2020-120950,10-1016-j-conbuildmat-2020-120950,Random Forest,regression,238.05|0.0|94.11|186.66|7.0|949.91|847.01,5,,,0,0.232721,0.354853,,,0.068266,0.056072,-0.012194
10-1016-j-conbuildmat-2020-120950,10-1016-j-conbuildmat-2020-120950,Random Forest,regression,250.0|0.0|95.69|187.42|5.53|956.86|861.17,5,,,0,0.366431,0.455537,,,0.042994,0.033980,-0.009014
10-1016-j-conbuildmat-2020-120950,10-1016-j-conbuildmat-2020-120950,Random Forest,regression,212.52|0.0|100.37|159.32|8.71|1007.8|903.59,5,,,0,0.266232,0.537848,,,0.063209,0.068945,0.005736
10-1016-j-conbuildmat-2020-120950,10-1016-j-conbuildmat-2020-120950,Random Forest,regression,212.57|0.0|100.39|159.35|10.37|1003.8|903.79,5,,,0,0.130448,0.723547,,,0.057775,0.077818,0.020042
10-1016-j-conbuildmat-2020-120950,10-1016-j-conbuildmat-2020-120950,Random Forest,regression,212.0|0.0|124.78|159.0|7.84|1085.4|799.54,5,,,0,0.038265,0.464928,,,0.146143,0.193331,0.047188
10-1016-j-conbuildmat-2020-120950,10-1016-j-conbuildmat-2020-120950,Random Forest,regression,231.75|0.0|121.62|173.96|6.72|1056.4|778.45,5,,,0,0.175820,0.541937,,,0.034502,0.041147,0.006645
10-1016-j-conbuildmat-2020-120950,10-1016-j-conbuildmat-2020-120950,Random Forest,regression,251.37|0.0|118.27|188.45|5.75|1028.4|757.73,5,,,0,0.261421,0.344304,,,0.096535,0.089388,-0.007147
10-1016-j-conbuildmat-2020-120950,10-1016-j-conbuildmat-2020-120950,Random Forest,regression,251.37|0.0|118.27|188.45|6.35|1028.4|757.73,5,,,0,0.337234,0.508329,,,0.065039,0.063120,-0.001919
10-1016-j-conbuildmat-2020-120950,10-1016-j-conbuildmat-2020-120950,Random Forest,regression,181.38|0.0|167.01|169.59|7.56|1055.6|777.8,5,,,0,0.422918,0.539593,,,0.099437,0.077977,-0.021460
10-1016-j-conbuildmat-2020-120950,10-1016-j-conbuildmat-2020-120950,Random Forest,regression,182.04|45.21|121.97|170.21|8.19|1059.4|780.65,5,,,0,0.322801,1.001175,,,0.110174,0.127775,0.017601
10-1016-j-conbuildmat-2020-120950,10-1016-j-conbuildmat-2020-120950,Random Forest,regression,168.88|42.22|124.25|158.33|10.83|1080.8|796.15,5,,,0,0.358054,0.865781,,,0.153109,0.114854,-0.038255
10-1016-j-conbuildmat-2020-120950,10-1016-j-conbuildmat-2020-120950,Random Forest,regression,290.35|0.0|96.18|168.08|9.41|961.18|865.0,5,,,0,0.082807,0.383193,,,0.050787,0.077645,0.026858
10-1016-j-conbuildmat-2020-120950,10-1016-j-conbuildmat-2020-120950,Random Forest,regression,277.05|0.0|97.39|160.6|11.83|973.9|875.61,5,,,0,0.491983,0.575171,,,0.115415,0.107059,-0.008356
10-1016-j-conbuildmat-2020-120950,10-1016-j-conbuildmat-2020-120950,Random Forest,regression,295.71|0.0|95.64|171.54|8.87|955.14|859.2,5,,,0,0.238083,0.477358,,,0.049433,0.039904,-0.009529
10-1016-j-conbuildmat-2020-120950,10-1016-j-conbuildmat-2020-120950,Random Forest,regression,251.81|0.0|99.94|146.14|12.35|1006.0|899.76,5,,,0,0.015153,0.346911,,,0.114500,0.249238,0.134738
10-1016-j-conbuildmat-2020-120950,10-1016-j-conbuildmat-2020-120950,Random Forest,regression,249.1|0.0|98.75|158.11|12.8|987.76|889.01,5,,,0,0.133683,0.661594,,,0.181930,0.173637,-0.008293
10-1016-j-conbuildmat-2020-120950,10-1016-j-conbuildmat-2020-120950,Random Forest,regression,252.31|0.0|98.75|146.25|14.17|987.76|889.01,5,,,0,0.629923,0.843354,,,0.157690,0.257650,0.099960
10-1016-j-conbuildmat-2020-120950,10-1016-j-conbuildmat-2020-120950,Random Forest,regression,246.83|0.0|125.08|143.3|11.99|1086.8|800.89,5,,,0,0.792830,1.022580,,,0.245319,0.375502,0.130182
10-1016-j-conbuildmat-2020-120950,10-1016-j-conbuildmat-2020-120950,Random Forest,regression,275.07|0.0|121.35|159.48|9.9|1053.6|777.5,5,,,0,0.604707,0.761327,,,0.110068,0.145189,0.035120
10-1016-j-conbuildmat-2020-120950,10-1016-j-conbuildmat-2020-120950,Random Forest,regression,297.16|0.0|117.54|174.8|9.52|1022.8|753.45,5,,,0,0.432095,0.688317,,,0.100758,0.120873,0.020115
10-1016-j-conbuildmat-2020-120950,10-1016-j-conbuildmat-2020-120950,Random Forest,regression,213.74|0.0|174.74|154.79|10.16|1053.5|776.35,5,,,0,0.109267,0.589678,,,0.059606,0.075750,0.016145
10-1016-j-conbuildmat-2020-120950,10-1016-j-conbuildmat-2020-120950,Random Forest,regression,213.5|0.0|174.24|154.61|11.66|1052.3|775.48,5,,,0,0.344753,0.965591,,,0.079015,0.092077,0.013062
10-1016-j-conbuildmat-2020-120950,10-1016-j-conbuildmat-2020-120950,Random Forest,regression,277.19|97.82|24.46|160.7|11.19|1061.7|782.46,5,,,0,1.154726,0.904740,,,0.198911,0.249495,0.050584
10-1016-j-conbuildmat-2020-120950,10-1016-j-conbuildmat-2020-120950,Random Forest,regression,218.23|54.64|123.78|140.75|11.91|1075.7|792.67,5,,,0,0.785779,0.949446,,,0.150457,0.261978,0.111521
10-1016-j-conbuildmat-2020-120950,10-1016-j-conbuildmat-2020-120950,Random Forest,regression,214.9|53.8|121.89|155.63|9.61|1014.3|780.58,5,,,0,0.485098,0.922765,,,0.086726,0.109577,0.022851
10-1016-j-conbuildmat-2020-120950,10-1016-j-conbuildmat-2020-120950,Random Forest,regression,218.85|0.0|124.13|158.49|11.33|1078.7|794.91,5,,,0,0.288544,0.483856,,,0.165331,0.257458,0.092127
10-1016-j-conbuildmat-2020-120950,10-1016-j-conbuildmat-2020-120950,Random Forest,regression,376.0|0.0|0.0|214.6|0.0|1003.5|762.36,5,,,0,0.311106,0.374651,,,0.042969,0.032322,-0.010647
10-1016-j-conbuildmat-2020-120950,10-1016-j-conbuildmat-2020-120950,Random Forest,regression,500.0|0.0|0.0|140.0|4.0|966.0|853.0,1,,,0,1.902447,,,,0.106817,0.134756,0.027939
10-1016-j-conbuildmat-2020-120950,10-1016-j-conbuildmat-2020-120950,Random Forest,regression,475.0|0.0|59.0|142.0|1.9|1098.0|641.0,1,,,0,1.282766,,,,0.080455,0.211096,0.130640
10-1016-j-conbuildmat-2020-120950,10-1016-j-conbuildmat-2020-120950,Random Forest,regression,315.0|137.0|0.0|145.0|5.9|1130.0|745.0,1,,,0,2.752236,,,,0.995849,1.007186,0.011337
10-1016-j-conbuildmat-2020-120950,10-1016-j-conbuildmat-2020-120950,Random Forest,regression,505.0|0.0|60.0|195.0|0.0|1030.0|630.0,1,,,0,1.689690,,,,0.496236,0.510656,0.014419
10-1016-j-conbuildmat-2020-120950,10-1016-j-conbuildmat-2020-120950,Random Forest,regression,451.0|0.0|0.0|165.0|11.25|1030.0|745.0,1,,,0,2.575420,,,,0.517103,0.588083,0.070980
10-1016-j-conbuildmat-2020-120950,10-1016-j-conbuildmat-2020-120950,Random Forest,regression,516.0|0.0|0.0|162.0|8.2|801.0|802.0,1,,,0,0.332589,,,,0.314072,0.326087,0.012016
10-1016-j-conbuildmat-2020-120950,10-1016-j-conbuildmat-2020-120950,Random Forest,regression,520.0|0.0|0.0|170.0|5.2|855.0|855.0,1,,,0,1.465778,,,,0.082631,0.068121,-0.014510
10-1016-j-conbuildmat-2020-120950,10-1016-j-conbuildmat-2020-120950,Random Forest,regression,528.0|0.0|0.0|185.0|6.86|920.0|720.0,1,,,0,1.259218,,,,0.011800,0.025126,0.013326
10-1016-j-conbuildmat-2020-120950,10-1016-j-conbuildmat-2020-120950,Random Forest,regression,520.0|0.0|0.0|175.0|5.2|870.0|805.0,1,,,0,0.910957,,,,0.298874,0.217421,-0.081453
10-1016-j-conbuildmat-2020-120950,10-1016-j-conbuildmat-2020-120950,Random Forest,regression,385.0|0.0|136.0|158.0|20.0|903.0|768.0,1,,,0,1.182378,,,,0.073312,0.004378,-0.068935
10-1016-j-conbuildmat-2020-120950,10-1016-j-conbuildmat-2020-120950,Random Forest,regression,500.1|0.0|0.0|200.0|3.0|1124.4|613.2,1,,,0,0.498250,,,,0.121280,0.153760,0.032480
10-1016-j-conbuildmat-2020-120950,10-1016-j-conbuildmat-2020-120950,Random Forest,regression,450.1|50.0|0.0|200.0|3.0|1124.4|613.2,1,,,0,0.213197,,,,0.155700,0.098287,-0.057413
10-1016-j-conbuildmat-2020-120950,10-1016-j-conbuildmat-2020-120950,Random Forest,regression,397.0|17.2|158.0|167.0|20.8|967.0|633.0,1,,,0,1.188161,,,,0.079005,0.178369,0.099364
10-1016-j-conbuildmat-2020-120950,10-1016-j-conbuildmat-2020-120950,Random Forest,regression,333.0|17.5|163.0|167.0|17.9|996.0|652.0,1,,,0,0.686633,,,,0.071805,0.060541,-0.011263
10-1016-j-conbuildmat-2020-120950,10-1016-j-conbuildmat-2020-120950,Random Forest,regression,334.0|17.6|158.0|189.0|15.3|967.0|633.0,1,,,0,0.509817,,,,0.047526,0.035604,-0.011923
10-1016-j-conbuildmat-2020-120950,10-1016-j-conbuildmat-2020-120950,Random Forest,regression,405.0|0.0|0.0|175.0|0.0|1120.0|695.0,1,,,0,0.987798,,,,0.271781,0.226240,-0.045541
10-1016-j-conbuildmat-2020-120950,10-1016-j-conbuildmat-2020-120950,Random Forest,regression,200.0|200.0|0.0|190.0|0.0|1145.0|660.0,1,,,0,0.804785,,,,0.562302,0.506638,-0.055665
10-1016-j-conbuildmat-2020-120950,10-1016-j-conbuildmat-2020-120950,Random Forest,regression,516.0|0.0|0.0|162.0|8.26|801.0|802.0,1,,,0,0.332589,,,,0.372209,0.338601,-0.033608
10-1016-j-conbuildmat-2020-120950,10-1016-j-conbuildmat-2020-120950,Random Forest,regression,145.0|116.0|119.0|184.0|5.7|833.0|880.0,1,,,0,0.399048,,,,0.129898,0.116827,-0.013071
10-1016-j-conbuildmat-2020-120950,10-1016-j-conbuildmat-2020-120950,Random Forest,regression,160.0|128.0|122.0|182.0|6.4|824.0|879.0,1,,,0,0.214436,,,,0.240440,0.242273,0.001833
10-1016-j-conbuildmat-2020-120950,10-1016-j-conbuildmat-2020-120950,Random Forest,regression,234.0|156.0|0.0|189.0|5.85|981.0|760.0,1,,,0,0.208652,,,,0.175896,0.199646,0.023750
10-1016-j-conbuildmat-2020-120950,10-1016-j-conbuildmat-2020-120950,Random Forest,regression,250.0|180.0|95.0|159.0|9.45|860.0|800.0,1,,,0,1.920211,,,,0.450596,0.498054,0.047458
10-1016-j-conbuildmat-2020-120950,10-1016-j-conbuildmat-2020-120950,Random Forest,regression,475.0|0.0|0.0|162.0|9.5|1044.0|662.0,1,,,0,1.360433,,,,0.226565,0.070850,-0.155715
10-1016-j-conbuildmat-2020-120950,10-1016-j-conbuildmat-2020-120950,Random Forest,regression,285.0|190.0|0.0|163.0|7.6|1031.0|685.0,1,,,0,1.064225,,,,0.065416,0.007759,-0.057657
10-1016-j-conbuildmat-2020-120950,10-1016-j-conbuildmat-2020-120950,Random Forest,regression,356.0|119.0|0.0|160.0|9.03|1061.0|657.0,1,,,0,1.388938,,,,0.064009,0.074923,0.010914
10-1016-j-conbuildmat-2020-120950,10-1016-j-conbuildmat-2020-120950,Random Forest,regression,275.0|180.0|120.0|162.0|10.35|830.0|765.0,1,,,0,2.421740,,,,0.554445,0.530211,-0.024234
10-1016-j-conbuildmat-2020-120950,10-1016-j-conbuildmat-2020-120950,Random Forest,regression,500.0|0.0|0.0|151.0|9.0|1033.0|655.0,1,,,0,2.038364,,,,0.193236,0.181218,-0.012019
10-1016-j-conbuildmat-2020-120950,10-1016-j-conbuildmat-2020-120950,Random Forest,regression,165.0|0.02|143.57|163.81|0.0|1005.6|900.9,5,,,0,0.566581,0.421763,,,0.096121,0.086635,-0.009485
10-1016-j-conbuildmat-2020-120950,10-1016-j-conbuildmat-2020-120950,Random Forest,regression,165.0|128.5|132.1|175.06|8.08|1005.8|746.6,5,,,0,0.343425,0.818384,,,0.126974,0.219070,0.092096
10-1016-j-conbuildmat-2020-120950,10-1016-j-conbuildmat-2020-120950,Random Forest,regression,178.03|129.8|118.6|179.94|3.57|1007.3|746.8,5,,,0,0.163846,0.507748,,,0.153840,0.195524,0.041684
10-1016-j-conbuildmat-2020-120950,10-1016-j-conbuildmat-2020-120950,Random Forest,regression,167.35|129.9|128.62|175.46|7.79|1006.3|746.6,5,,,0,0.171394,0.905000,,,0.044334,0.041060,-0.003274
10-1016-j-conbuildmat-2020-120950,10-1016-j-conbuildmat-2020-120950,Random Forest,regression,172.38|13.61|172.37|156.76|4.14|1006.3|856.4,5,,,0,0.250555,0.150870,,,0.108470,0.124617,0.016147
10-1016-j-conbuildmat-2020-120950,10-1016-j-conbuildmat-2020-120950,Random Forest,regression,173.54|50.05|173.53|164.77|6.47|1006.2|793.5,5,,,0,0.301123,0.700036,,,0.154821,0.238564,0.083743
10-1016-j-conbuildmat-2020-120950,10-1016-j-conbuildmat-2020-120950,Random Forest,regression,167.0|75.4|167.0|164.03|7.91|1007.3|770.1,5,,,0,0.252848,0.998626,,,0.049835,0.083853,0.034019
10-1016-j-conbuildmat-2020-120950,10-1016-j-conbuildmat-2020-120950,Random Forest,regression,173.81|93.37|159.9|172.34|9.73|1007.2|746.6,5,,,0,0.048302,0.752941,,,0.056186,0.050594,-0.005592
10-1016-j-conbuildmat-2020-120950,10-1016-j-conbuildmat-2020-120950,Random Forest,regression,190.34|0.0|125.18|166.61|9.88|1079.0|798.9,5,,,0,0.685693,0.271009,,,0.131766,0.166735,0.034969
10-1016-j-conbuildmat-2020-120950,10-1016-j-conbuildmat-2020-120950,Random Forest,regression,250.0|0.0|95.69|191.84|5.33|948.9|857.2,5,,,0,0.456179,0.627149,,,0.075746,0.076640,0.000894
10-1016-j-conbuildmat-2020-120950,10-1016-j-conbuildmat-2020-120950,Random Forest,regression,213.5|0.0|174.24|159.21|11.66|1043.6|771.9,5,,,0,0.180021,0.905700,,,0.068417,0.041590,-0.026827
10-1016-j-conbuildmat-2020-120950,10-1016-j-conbuildmat-2020-120950,Random Forest,regression,194.68|0.0|100.52|170.17|7.48|998.0|901.8,5,,,0,0.212897,0.679746,,,0.111614,0.141119,0.029505
10-1016-j-conbuildmat-2020-120950,10-1016-j-conbuildmat-2020-120950,Random Forest,regression,251.37|0.0|118.27|192.94|5.75|1043.6|754.3,5,,,0,0.405333,0.541740,,,0.093027,0.085776,-0.007251
10-1016-j-conbuildmat-2020-120950,10-1016-j-conbuildmat-2020-120950,Random Forest,regression,446.0|24.0|79.0|162.0|11.61|967.0|712.0,4,,,0,0.934338,0.457416,,,0.202684,0.223974,0.021290
10-1016-j-conbuildmat-2020-120950,10-1016-j-conbuildmat-2020-120950,Random Forest,regression,446.0|24.0|79.0|162.0|11.64|967.0|712.0,8,,,0,0.346773,0.572076,,,0.118766,0.234159,0.115393
10-1016-j-conbuildmat-2020-120950,10-1016-j-conbuildmat-2020-120950,Random Forest,regression,446.0|24.0|79.0|162.0|10.3|967.0|712.0,2,,,0,1.095034,0.003408,,,0.303278,0.218858,-0.084420
10-1016-j-conbuildmat-2020-120950,10-1016-j-conbuildmat-2020-120950,Random Forest,regression,387.0|20.0|94.0|157.0|14.32|938.0|845.0,4,,,0,0.343919,0.798921,,,0.098905,0.115864,0.016959
10-1016-j-conbuildmat-2020-120950,10-1016-j-conbuildmat-2020-120950,Random Forest,regression,387.0|20.0|94.0|157.0|13.93|938.0|845.0,4,,,0,0.342366,0.409601,,,0.155174,0.164509,0.009335
10-1016-j-conbuildmat-2020-120950,10-1016-j-conbuildmat-2020-120950,Random Forest,regression,387.0|20.0|94.0|157.0|11.61|938.0|845.0,4,,,0,0.620587,0.458511,,,0.206624,0.155869,-0.050755
10-1016-j-conbuildmat-2020-120950,10-1016-j-conbuildmat-2020-120950,Random Forest,regression,355.0|19.0|97.0|145.0|13.13|967.0|871.0,1,,,0,0.492053,,,,0.270063,0.275223,0.005159
10-1016-j-conbuildmat-2020-120950,10-1016-j-conbuildmat-2020-120950,Random Forest,regression,355.0|19.0|97.0|145.0|12.25|967.0|871.0,1,,,0,1.176594,,,,0.230157,0.212236,-0.017921
10-1016-j-conbuildmat-2020-120950,10-1016-j-conbuildmat-2020-120950,Random Forest,regression,491.0|26.0|123.0|210.0|3.93|882.0|699.0,4,,,0,0.465244,0.984517,,,0.063884,0.087523,0.023639
10-1016-j-conbuildmat-2020-120950,10-1016-j-conbuildmat-2020-120950,Random Forest,regression,491.0|26.0|123.0|201.0|3.93|822.0|699.0,4,,,0,0.660585,0.868232,,,0.096759,0.137666,0.040907
10-1016-j-conbuildmat-2020-120950,10-1016-j-conbuildmat-2020-120950,Random Forest,regression,424.0|22.0|132.0|178.0|8.48|822.0|750.0,3,,,0,1.186710,0.752669,,,0.065749,0.065326,-0.000424
10-1016-j-conbuildmat-2020-120950,10-1016-j-conbuildmat-2020-120950,Random Forest,regression,424.0|22.0|132.0|178.0|8.48|882.0|750.0,1,,,0,0.228075,,,,0.023438,0.008056,-0.015382
10-1016-j-conbuildmat-2020-120950,10-1016-j-conbuildmat-2020-120950,Random Forest,regression,424.0|22.0|132.0|168.0|8.92|822.0|750.0,4,,,0,1.135568,1.691343,,,0.132561,0.219929,0.087368
10-1016-j-conbuildmat-2020-120950,10-1016-j-conbuildmat-2020-120950,Random Forest,regression,202.0|11.0|141.0|206.0|1.72|942.0|801.0,4,,,0,1.098802,0.140376,,,0.108310,0.119004,0.010693
10-1016-j-conbuildmat-2020-120950,10-1016-j-conbuildmat-2020-120950,Random Forest,regression,284.0|15.0|141.0|179.0|5.46|842.0|801.0,4,,,0,0.262761,0.836575,,,0.131945,0.123457,-0.008489
10-1016-j-conbuildmat-2020-120950,10-1016-j-conbuildmat-2020-120950,Random Forest,regression,359.0|19.0|141.0|154.0|10.91|942.0|801.0,8,,,0,0.712928,1.282191,,,0.114355,0.177228,0.062873
10-1016-j-conbuildmat-2020-120950,10-1016-j-conbuildmat-2020-120950,Random Forest,regression,436.0|0.0|0.0|218.0|0.0|838.4|719.7,1,,,0,0.717151,,,,0.649952,0.632867,-0.017085
10-1016-j-conbuildmat-2020-120950,10-1016-j-conbuildmat-2020-120950,Random Forest,regression,289.0|0.0|0.0|192.0|0.0|913.2|895.3,4,,,0,0.892054,0.324623,,,0.025369,0.037686,0.012317
10-1016-j-conbuildmat-2020-120950,10-1016-j-conbuildmat-2020-120950,Random Forest,regression,393.0|0.0|0.0|192.0|0.0|940.6|785.6,4,,,0,0.118357,0.607850,,,0.109084,0.072352,-0.036732
10-1016-j-conbuildmat-2020-120950,10-1016-j-conbuildmat-2020-120950,Random Forest,regression,480.0|0.0|0.0|192.0|0.0|936.2|712.2,4,,,0,0.209739,0.585588,,,0.080931,0.048721,-0.032210
10-1016-j-conbuildmat-2020-120950,10-1016-j-conbuildmat-2020-120950,Random Forest,regression,333.0|0.0|0.0|192.0|0.0|931.2|842.6,4,,,0,0.459764,0.449798,,,0.102714,0.092472,-0.010242
10-1016-j-conbuildmat-2020-120950,10-1016-j-conbuildmat-2020-120950,Random Forest,regression,255.0|0.0|0.0|192.0|0.0|889.8|945.0,4,,,0,1.265561,0.155536,,,0.134599,0.173395,0.038796
10-1016-j-conbuildmat-2020-120950,10-1016-j-conbuildmat-2020-120950,Random Forest,regression,158.8|238.2|0.0|185.7|0.0|1040.6|734.3,2,,,0,1.228073,0.235117,,,0.208656,0.207756,-0.000899
10-1016-j-conbuildmat-2020-120950,10-1016-j-conbuildmat-2020-120950,Random Forest,regression,239.6|359.4|0.0|185.7|0.0|941.6|664.3,2,,,0,0.203261,0.351267,,,0.059436,0.057199,-0.002237
10-1016-j-conbuildmat-2020-120950,10-1016-j-conbuildmat-2020-120950,Random Forest,regression,238.2|158.8|0.0|185.7|0.0|1040.6|734.3,2,,,0,0.870583,0.225589,,,0.079138,0.080898,0.001760
10-1016-j-conbuildmat-2020-120950,10-1016-j-conbuildmat-2020-120950,Random Forest,regression,181.9|272.8|0.0|185.7|0.0|1012.4|714.3,2,,,0,0.939455,0.434013,,,0.147252,0.136049,-0.011203
10-1016-j-conbuildmat-2020-120950,10-1016-j-conbuildmat-2020-120950,Random Forest,regression,193.5|290.2|0.0|185.7|0.0|998.2|704.3,2,,,0,0.654001,0.426052,,,0.044362,0.053069,0.008707
10-1016-j-conbuildmat-2020-120950,10-1016-j-conbuildmat-2020-120950,Random Forest,regression,255.5|170.3|0.0|185.7|0.0|1026.6|724.3,2,,,0,0.670169,0.392981,,,0.023939,0.012727,-0.011212
10-1016-j-conbuildmat-2020-120950,10-1016-j-conbuildmat-2020-120950,Random Forest,regression,272.8|181.9|0.0|185.7|0.0|1012.4|714.3,2,,,0,0.614427,0.241519,,,0.094717,0.087786,-0.006931
10-1016-j-conbuildmat-2020-120950,10-1016-j-conbuildmat-2020-120950,Random Forest,regression,220.8|147.2|0.0|185.7|0.0|1055.0|744.3,2,,,0,0.983661,0.287031,,,0.109542,0.133040,0.023498
10-1016-j-conbuildmat-2020-120950,10-1016-j-conbuildmat-2020-120950,Random Forest,regression,397.0|0.0|0.0|185.7|0.0|1040.6|734.3,2,,,0,0.393006,0.104265,,,0.132617,0.113517,-0.019100
10-1016-j-conbuildmat-2020-120950,10-1016-j-conbuildmat-2020-120950,Random Forest,regression,382.5|0.0|0.0|185.7|0.0|1047.8|739.3,2,,,0,0.303850,0.319910,,,0.035085,0.036007,0.000923
10-1016-j-conbuildmat-2020-120950,10-1016-j-conbuildmat-2020-120950,Random Forest,regression,210.7|316.1|0.0|185.7|0.0|977.0|689.3,2,,,0,0.359924,0.457722,,,0.061331,0.046639,-0.014692
10-1016-j-conbuildmat-2020-120950,10-1016-j-conbuildmat-2020-120950,Random Forest,regression,295.8|0.0|0.0|185.7|0.0|1091.4|769.3,2,,,0,0.946878,0.192778,,,0.041012,0.044263,0.003251
10-1016-j-conbuildmat-2020-120950,10-1016-j-conbuildmat-2020-120950,Random Forest,regression,203.5|135.7|0.0|185.7|0.0|1076.2|759.3,2,,,0,1.111005,0.204197,,,0.114279,0.137737,0.023458
10-1016-j-conbuildmat-2020-120950,10-1016-j-conbuildmat-2020-120950,Random Forest,regression,381.4|0.0|0.0|185.7|0.0|1104.6|784.3,2,,,0,1.037749,0.113214,,,0.310969,0.228392,-0.082578
10-1016-j-conbuildmat-2020-120950,10-1016-j-conbuildmat-2020-120950,Random Forest,regression,228.0|342.1|0.0|185.7|0.0|955.8|674.3,2,,,0,0.300460,0.565831,,,0.012944,0.011076,-0.001867
10-1016-j-conbuildmat-2020-120950,10-1016-j-conbuildmat-2020-120950,Random Forest,regression,316.1|210.7|0.0|185.7|0.0|977.0|689.3,2,,,0,0.254827,0.363912,,,0.131212,0.151559,0.020347
10-1016-j-conbuildmat-2020-120950,10-1016-j-conbuildmat-2020-120950,Random Forest,regression,135.7|203.5|0.0|185.7|0.0|1076.2|759.3,2,,,0,1.377355,0.205201,,,0.201589,0.182675,-0.018914
10-1016-j-conbuildmat-2020-120950,10-1016-j-conbuildmat-2020-120950,Random Forest,regression,238.1|0.0|0.0|185.7|0.0|1118.8|789.3,2,,,0,1.311191,0.094056,,,0.032897,0.029144,-0.003753
10-1016-j-conbuildmat-2020-120950,10-1016-j-conbuildmat-2020-120950,Random Forest,regression,339.2|0.0|0.0|185.7|0.0|1069.2|754.3,2,,,0,0.556471,0.205678,,,0.011397,0.014933,0.003536
10-1016-j-conbuildmat-2020-120950,10-1016-j-conbuildmat-2020-120950,Random Forest,regression,290.2|193.5|0.0|185.7|0.0|998.2|704.3,2,,,0,0.501804,0.223819,,,0.120377,0.088742,-0.031635
10-1016-j-conbuildmat-2020-120950,10-1016-j-conbuildmat-2020-120950,Random Forest,regression,170.3|155.5|0.0|185.7|0.0|1026.6|724.3,2,,,0,1.054952,0.403146,,,0.090151,0.061288,-0.028863
10-1016-j-conbuildmat-2020-120950,10-1016-j-conbuildmat-2020-120950,Random Forest,regression,186.2|124.1|0.0|185.7|0.0|1083.4|764.3,2,,,0,1.380746,0.165464,,,0.178679,0.182728,0.004048
10-1016-j-conbuildmat-2020-120950,10-1016-j-conbuildmat-2020-120950,Random Forest,regression,252.5|0.0|0.0|185.7|0.0|1111.6|784.3,2,,,0,1.211119,0.122994,,,0.012244,0.017135,0.004891
10-1016-j-conbuildmat-2020-120950,10-1016-j-conbuildmat-2020-120950,Random Forest,regression,339.0|0.0|0.0|197.0|0.0|968.0|781.0,7,,,0,0.404179,0.308014,,,0.057471,0.061262,0.003791
10-1016-j-conbuildmat-2020-120950,10-1016-j-conbuildmat-2020-120950,Random Forest,regression,236.0|0.0|0.0|194.0|0.0|968.0|885.0,4,,,0,1.256010,0.164520,,,0.187044,0.153611,-0.033433
10-1016-j-conbuildmat-2020-120950,10-1016-j-conbuildmat-2020-120950,Random Forest,regression,236.0|0.0|0.0|193.0|0.0|968.0|885.0,3,,,0,0.966075,0.255641,,,0.177270,0.137412,-0.039858
10-1016-j-conbuildmat-2020-120950,10-1016-j-conbuildmat-2020-120950,Random Forest,regression,277.0|0.0|0.0|191.0|0.0|968.0|856.0,6,,,0,0.592375,0.259959,,,0.034120,0.062811,0.028691
10-1016-j-conbuildmat-2020-120950,10-1016-j-conbuildmat-2020-120950,Random Forest,regression,254.0|0.0|0.0|198.0|0.0|968.0|863.0,4,,,0,0.745247,0.321984,,,0.026050,0.026368,0.000318
10-1016-j-conbuildmat-2020-120950,10-1016-j-conbuildmat-2020-120950,Random Forest,regression,307.0|0.0|0.0|193.0|0.0|968.0|812.0,5,,,0,0.426568,0.329904,,,0.018352,0.020691,0.002340
10-1016-j-conbuildmat-2020-120950,10-1016-j-conbuildmat-2020-120950,Random Forest,regression,200.0|0.0|0.0|180.0|0.0|1125.0|845.0,2,,,0,1.545927,0.034871,,,0.167637,0.177913,0.010276
10-1016-j-conbuildmat-2020-120950,10-1016-j-conbuildmat-2020-120950,Random Forest,regression,225.0|0.0|0.0|181.0|0.0|1113.0|833.0,2,,,0,1.293265,0.068316,,,0.042260,0.037652,-0.004608
10-1016-j-conbuildmat-2020-120950,10-1016-j-conbuildmat-2020-120950,Random Forest,regression,325.0|0.0|0.0|184.0|0.0|1063.0|783.0,2,,,0,0.705443,0.304023,,,0.046178,0.010474,-0.035704
10-1016-j-conbuildmat-2020-120950,10-1016-j-conbuildmat-2020-120950,Random Forest,regression,275.0|0.0|0.0|183.0|0.0|1088.0|808.0,2,,,0,0.987672,0.189871,,,0.019860,0.039381,0.019521
10-1016-j-conbuildmat-2020-120950,10-1016-j-conbuildmat-2020-120950,Random Forest,regression,300.0|0.0|0.0|184.0|0.0|1075.0|795.0,2,,,0,0.876021,0.227622,,,0.026766,0.012170,-0.014596
10-1016-j-conbuildmat-2020-120950,10-1016-j-conbuildmat-2020-120950,Random Forest,regression,375.0|0.0|0.0|186.0|0.0|1038.0|758.0,2,,,0,0.220794,0.263997,,,0.114916,0.099334,-0.015582
10-1016-j-conbuildmat-2020-120950,10-1016-j-conbuildmat-2020-120950,Random Forest,regression,400.0|0.0|0.0|187.0|0.0|1025.0|745.0,2,,,0,0.066190,0.328658,,,0.156682,0.102091,-0.054591
10-1016-j-conbuildmat-2020-120950,10-1016-j-conbuildmat-2020-120950,Random Forest,regression,250.0|0.0|0.0|182.0|0.0|1100.0|820.0,2,,,0,1.140468,0.118672,,,0.009691,0.010236,0.000544
10-1016-j-conbuildmat-2020-120950,10-1016-j-conbuildmat-2020-120950,Random Forest,regression,350.0|0.0|0.0|186.0|0.0|1050.0|770.0,2,,,0,0.511708,0.351625,,,0.043956,0.050954,0.006998
10-1016-j-conbuildmat-2020-120950,10-1016-j-conbuildmat-2020-120950,Random Forest,regression,203.5|305.3|0.0|203.5|0.0|963.4|630.0,4,,,0,0.309819,1.362181,,,0.154724,0.100498,-0.054226
10-1016-j-conbuildmat-2020-120950,10-1016-j-conbuildmat-2020-120950,Random Forest,regression,250.2|166.8|0.0|203.5|0.0|977.6|694.1,4,,,0,0.443357,1.047187,,,0.080354,0.075592,-0.004762
10-1016-j-conbuildmat-2020-120950,10-1016-j-conbuildmat-2020-120950,Random Forest,regression,157.0|236.0|0.0|192.0|0.0|935.4|781.2,4,,,0,0.595612,0.847431,,,0.127287,0.181314,0.054028
10-1016-j-conbuildmat-2020-120950,10-1016-j-conbuildmat-2020-120950,Random Forest,regression,141.3|212.0|0.0|203.5|0.0|971.8|748.5,4,,,0,0.878795,0.958812,,,0.041507,0.056201,0.014694
10-1016-j-conbuildmat-2020-120950,10-1016-j-conbuildmat-2020-120950,Random Forest,regression,166.8|250.2|0.0|203.5|0.0|975.6|692.6,4,,,0,0.647621,1.001377,,,0.060900,0.047810,-0.013090
10-1016-j-conbuildmat-2020-120950,10-1016-j-conbuildmat-2020-120950,Random Forest,regression,122.6|183.9|0.0|203.5|0.0|958.2|800.1,4,,,0,1.083391,0.651612,,,0.049471,0.031825,-0.017647
10-1016-j-conbuildmat-2020-120950,10-1016-j-conbuildmat-2020-120950,Random Forest,regression,183.9|122.6|0.0|203.5|0.0|959.2|800.0,4,,,0,1.066673,0.564121,,,0.111077,0.102226,-0.008851
10-1016-j-conbuildmat-2020-120950,10-1016-j-conbuildmat-2020-120950,Random Forest,regression,102.0|153.0|0.0|192.0|0.0|887.0|942.0,4,,,0,1.326467,0.324746,,,0.088134,0.092865,0.004731
10-1016-j-conbuildmat-2020-120950,10-1016-j-conbuildmat-2020-120950,Random Forest,regression,200.0|133.0|0.0|192.0|0.0|965.4|806.2,4,,,0,0.615966,0.725186,,,0.066907,0.068662,0.001755
10-1016-j-conbuildmat-2020-120950,10-1016-j-conbuildmat-2020-120950,Random Forest,regression,108.3|162.4|0.0|203.5|0.0|938.2|849.0,4,,,0,1.252799,0.536227,,,0.065467,0.091479,0.026012
10-1016-j-conbuildmat-2020-120950,10-1016-j-conbuildmat-2020-120950,Random Forest,regression,305.3|203.5|0.0|203.5|0.0|965.4|631.0,4,,,0,0.078986,1.159445,,,0.138406,0.131166,-0.007240
10-1016-j-conbuildmat-2020-120950,10-1016-j-conbuildmat-2020-120950,Random Forest,regression,116.0|173.0|0.0|192.0|0.0|909.8|891.9,4,,,0,1.104656,0.463448,,,0.037701,0.040770,0.003069
10-1016-j-conbuildmat-2020-120950,10-1016-j-conbuildmat-2020-120950,Random Forest,regression,133.0|200.0|0.0|192.0|0.0|927.4|839.2,4,,,0,0.875263,0.649303,,,0.055649,0.046372,-0.009277
10-1016-j-conbuildmat-2020-120950,10-1016-j-conbuildmat-2020-120950,Random Forest,regression,173.0|116.0|0.0|192.0|0.0|946.8|856.8,4,,,0,1.029901,0.481492,,,0.097418,0.089369,-0.008050
10-1016-j-conbuildmat-2020-120950,10-1016-j-conbuildmat-2020-120950,Random Forest,regression,192.0|288.0|0.0|192.0|0.0|929.8|716.1,4,,,0,0.284669,1.051575,,,0.124764,0.121616,-0.003148
10-1016-j-conbuildmat-2020-120950,10-1016-j-conbuildmat-2020-120950,Random Forest,regression,153.0|102.0|0.0|192.0|0.0|888.0|943.1,4,,,0,1.289416,0.340014,,,0.070977,0.066437,-0.004540
10-1016-j-conbuildmat-2020-120950,10-1016-j-conbuildmat-2020-120950,Random Forest,regression,288.0|192.0|0.0|192.0|0.0|932.0|717.8,4,,,0,0.214937,0.851360,,,0.080436,0.040565,-0.039871
10-1016-j-conbuildmat-2020-120950,10-1016-j-conbuildmat-2020-120950,Random Forest,regression,236.0|157.0|0.0|192.0|0.0|972.6|749.1,4,,,0,0.430015,0.810711,,,0.072086,0.083553,0.011467
10-1016-j-conbuildmat-2020-120950,10-1016-j-conbuildmat-2020-120950,Random Forest,regression,212.0|141.3|0.0|203.5|0.0|973.4|750.0,4,,,0,0.732061,0.840231,,,0.081300,0.092968,0.011668
10-1016-j-conbuildmat-2020-120950,10-1016-j-conbuildmat-2020-120950,Random Forest,regression,310.0|0.0|0.0|192.0|0.0|1012.0|830.0,5,,,0,0.573881,0.479838,,,0.032598,0.023459,-0.009139
10-1016-j-conbuildmat-2020-120950,10-1016-j-conbuildmat-2020-120950,Random Forest,regression,331.0|0.0|0.0|192.0|0.0|1025.0|821.0,5,,,0,0.460824,0.483540,,,0.011323,0.014025,0.002702
10-1016-j-conbuildmat-2020-120950,10-1016-j-conbuildmat-2020-120950,Random Forest,regression,349.0|0.0|0.0|192.0|0.0|1056.0|809.0,5,,,0,0.470197,0.773947,,,0.088074,0.084591,-0.003483
10-1016-j-conbuildmat-2020-120950,10-1016-j-conbuildmat-2020-120950,Random Forest,regression,238.0|0.0|0.0|186.0|0.0|1119.0|789.0,2,,,0,1.260804,0.054029,,,0.015977,0.010502,-0.005475
10-1016-j-conbuildmat-2020-120950,10-1016-j-conbuildmat-2020-120950,Random Forest,regression,296.0|0.0|0.0|186.0|0.0|1090.0|769.0,2,,,0,0.825985,0.070334,,,0.069992,0.054620,-0.015372
10-1016-j-conbuildmat-2020-120950,10-1016-j-conbuildmat-2020-120950,Random Forest,regression,297.0|0.0|0.0|186.0|0.0|1040.0|734.0,1,,,0,0.291224,,,,0.306104,0.325125,0.019021
10-1016-j-conbuildmat-2020-120950,10-1016-j-conbuildmat-2020-120950,Random Forest,regression,480.0|0.0|0.0|192.0|0.0|936.0|721.0,3,,,0,0.302330,0.823829,,,0.080626,0.056152,-0.024474
10-1016-j-conbuildmat-2020-120950,10-1016-j-conbuildmat-2020-120950,Random Forest,regression,397.0|0.0|0.0|186.0|0.0|1040.0|734.0,1,,,0,0.066952,,,,0.028594,0.020386,-0.008208
10-1016-j-conbuildmat-2020-120950,10-1016-j-conbuildmat-2020-120950,Random Forest,regression,281.0|0.0|0.0|186.0|0.0|1104.0|774.0,2,,,0,1.040603,0.112862,,,0.013890,0.031171,0.017281
10-1016-j-conbuildmat-2020-120950,10-1016-j-conbuildmat-2020-120950,Random Forest,regression,281.0|0.0|0.0|185.0|0.0|1104.0|774.0,1,,,0,0.801841,,,,0.013377,0.014464,0.001087
10-1016-j-conbuildmat-2020-120950,10-1016-j-conbuildmat-2020-120950,Random Forest,regression,500.0|0.0|0.0|200.0|0.0|1125.0|613.0,8,,,0,0.149457,0.712497,,,0.134088,0.180988,0.046901
10-1016-j-conbuildmat-2020-120950,10-1016-j-conbuildmat-2020-120950,Random Forest,regression,540.0|0.0|0.0|173.0|0.0|1125.0|613.0,7,,,0,1.601829,0.504940,,,0.157005,0.255989,0.098984
10-1016-j-conbuildmat-2020-120950,10-1016-j-conbuildmat-2020-120950,Random Forest,regression,350.0|0.0|0.0|203.0|0.0|974.0|775.0,6,,,0,0.530450,0.113789,,,0.052604,0.076367,0.023763
10-1016-j-conbuildmat-2020-120950,10-1016-j-conbuildmat-2020-120950,Random Forest,regression,385.0|0.0|0.0|186.0|0.0|966.0|763.0,5,,,0,0.909814,0.373126,,,0.128899,0.186324,0.057425
10-1016-j-conbuildmat-2020-120950,10-1016-j-conbuildmat-2020-120950,Random Forest,regression,331.0|0.0|0.0|192.0|0.0|978.0|825.0,6,,,0,0.363288,0.515889,,,0.034523,0.029567,-0.004956
10-1016-j-conbuildmat-2020-120950,10-1016-j-conbuildmat-2020-120950,Random Forest,regression,349.0|0.0|0.0|192.0|0.0|1047.0|806.0,6,,,0,0.264970,0.515087,,,0.034667,0.027925,-0.006742
10-1016-j-conbuildmat-2020-120950,10-1016-j-conbuildmat-2020-120950,Random Forest,regression,382.0|0.0|0.0|186.0|0.0|1047.0|739.0,2,,,0,0.306187,0.322391,,,0.042509,0.032178,-0.010331
10-1016-j-conbuildmat-2020-120950,10-1016-j-conbuildmat-2020-120950,Random Forest,regression,382.0|0.0|0.0|186.0|0.0|1111.0|784.0,1,,,0,1.459116,,,,0.342734,0.237337,-0.105398
10-1016-j-conbuildmat-2020-120950,10-1016-j-conbuildmat-2020-120950,Random Forest,regression,339.0|0.0|0.0|185.0|0.0|1069.0|754.0,2,,,0,0.558849,0.204121,,,0.013147,0.022714,0.009567
10-1016-j-conbuildmat-2020-120950,10-1016-j-conbuildmat-2020-120950,Random Forest,regression,295.0|0.0|0.0|185.0|0.0|1069.0|769.0,2,,,0,0.949421,0.193164,,,0.071299,0.068518,-0.002781
10-1016-j-conbuildmat-2020-120950,10-1016-j-conbuildmat-2020-120950,Random Forest,regression,238.0|0.0|0.0|185.0|0.0|1118.0|789.0,1,,,0,1.095156,,,,0.001719,0.001073,-0.000646
10-1016-j-conbuildmat-2020-120950,10-1016-j-conbuildmat-2020-120950,Random Forest,regression,296.0|0.0|0.0|192.0|0.0|1085.0|765.0,3,,,0,0.844657,0.206606,,,0.079661,0.064004,-0.015657
10-1016-j-conbuildmat-2020-120950,10-1016-j-conbuildmat-2020-120950,Random Forest,regression,331.0|0.0|0.0|192.0|0.0|879.0|825.0,1,,,0,1.336006,,,,0.044671,0.048057,0.003385
10-1016-j-conbuildmat-2020-120950,10-1016-j-conbuildmat-2020-120950,Random Forest,regression,302.0|0.0|0.0|203.0|0.0|974.0|817.0,3,,,0,0.817062,0.067038,,,0.137736,0.135817,-0.001919
10-1016-j-conbuildmat-2020-120950,10-1016-j-conbuildmat-2020-120950,Random Forest,regression,525.0|0.0|0.0|189.0|0.0|1125.0|613.0,7,,,0,1.013063,0.492187,,,0.108677,0.205934,0.097257
10-1016-j-conbuildmat-2020-120950,10-1016-j-conbuildmat-2020-120950,Random Forest,regression,252.0|0.0|0.0|185.0|0.0|1111.0|784.0,3,,,0,1.087769,0.042706,,,0.022201,0.019960,-0.002241
10-1016-j-conbuildmat-2020-120950,10-1016-j-conbuildmat-2020-120950,Random Forest,regression,339.0|0.0|0.0|185.0|0.0|1060.0|754.0,1,,,0,0.249911,,,,0.038567,0.024981,-0.013586
10-1016-j-conbuildmat-2020-120950,10-1016-j-conbuildmat-2020-120950,Random Forest,regression,393.0|0.0|0.0|192.0|0.0|940.0|758.0,3,,,0,0.000578,0.826400,,,0.060717,0.080354,0.019637
10-1016-j-conbuildmat-2020-120950,10-1016-j-conbuildmat-2020-120950,Random Forest,regression,382.0|0.0|0.0|185.0|0.0|1047.0|739.0,2,,,0,0.306187,0.322391,,,0.032891,0.018987,-0.013903
10-1016-j-conbuildmat-2020-120950,10-1016-j-conbuildmat-2020-120950,Random Forest,regression,252.0|0.0|0.0|186.0|0.0|1111.0|784.0,1,,,0,1.459116,,,,0.041023,0.038403,-0.002619
10-1016-j-conbuildmat-2020-120950,10-1016-j-conbuildmat-2020-120950,Random Forest,regression,310.0|0.0|0.0|192.0|0.0|970.0|850.0,5,,,0,0.313428,0.329742,,,0.025445,0.037383,0.011938
10-1016-j-conbuildmat-2020-120950,10-1016-j-conbuildmat-2020-120950,Random Forest,regression,322.0|0.0|0.0|203.0|0.0|974.0|800.0,3,,,0,0.638660,0.069441,,,0.069622,0.076822,0.007199
10-1016-j-conbuildmat-2020-120950,10-1016-j-conbuildmat-2020-120950,Random Forest,regression,397.0|0.0|0.0|185.0|0.0|1040.0|734.0,1,,,0,0.196259,,,,0.017525,0.028144,0.010618
10-1016-j-conbuildmat-2020-120950,10-1016-j-conbuildmat-2020-120950,Random Forest,regression,522.0|0.0|0.0|146.0|0.0|896.0|896.0,2,,,0,1.615245,1.077832,,,0.326437,0.293167,-0.033269
10-1016-j-conbuildmat-2020-120950,10-1016-j-conbuildmat-2020-120950,Random Forest,regression,273.0|105.0|82.0|210.0|9.0|904.0|680.0,1,,,0,0.080998,,,,0.049332,0.052305,0.002974
10-1016-j-conbuildmat-2020-120950,10-1016-j-conbuildmat-2020-120950,Random Forest,regression,162.0|190.0|148.0|179.0|19.0|838.0|741.0,1,,,0,0.123497,,,,0.014351,0.024069,0.009718
10-1016-j-conbuildmat-2020-120950,10-1016-j-conbuildmat-2020-120950,Random Forest,regression,154.0|144.0|112.0|220.0|10.0|923.0|658.0,1,,,0,1.157537,,,,0.176441,0.167516,-0.008925
10-1016-j-conbuildmat-2020-120950,10-1016-j-conbuildmat-2020-120950,Random Forest,regression,147.0|115.0|89.0|202.0|9.0|860.0|829.0,1,,,0,0.948498,,,,0.059262,0.048696,-0.010566
10-1016-j-conbuildmat-2020-120950,10-1016-j-conbuildmat-2020-120950,Random Forest,regression,152.0|178.0|139.0|168.0|18.0|944.0|695.0,1,,,0,0.031837,,,,0.020384,0.010994,-0.009391
10-1016-j-conbuildmat-2020-120950,10-1016-j-conbuildmat-2020-120950,Random Forest,regression,310.0|143.0|111.0|168.0|22.0|914.0|651.0,1,,,0,0.127628,,,,0.285670,0.290740,0.005070
10-1016-j-conbuildmat-2020-120950,10-1016-j-conbuildmat-2020-120950,Random Forest,regression,144.0|0.0|175.0|158.0|18.0|943.0|844.0,1,,,0,1.222397,,,,0.040967,0.035360,-0.005607
10-1016-j-conbuildmat-2020-120950,10-1016-j-conbuildmat-2020-120950,Random Forest,regression,304.0|140.0|0.0|214.0|6.0|895.0|722.0,1,,,0,0.143739,,,,0.200025,0.214652,0.014628
10-1016-j-conbuildmat-2020-120950,10-1016-j-conbuildmat-2020-120950,Random Forest,regression,374.0|0.0|0.0|190.0|7.0|1013.0|730.0,1,,,0,0.193780,,,,0.123634,0.093334,-0.030300
10-1016-j-conbuildmat-2020-120950,10-1016-j-conbuildmat-2020-120950,Random Forest,regression,159.0|149.0|116.0|175.0|15.0|953.0|720.0,1,,,0,0.487869,,,,0.098464,0.128170,0.029706
10-1016-j-conbuildmat-2020-120950,10-1016-j-conbuildmat-2020-120950,Random Forest,regression,153.0|239.0|0.0|200.0|6.0|1002.0|684.0,1,,,0,0.537030,,,,0.019860,0.029038,0.009177
10-1016-j-conbuildmat-2020-120950,10-1016-j-conbuildmat-2020-120950,Random Forest,regression,310.0|143.0|0.0|168.0|10.0|914.0|804.0,1,,,0,0.568067,,,,0.009874,0.024408,0.014534
10-1016-j-conbuildmat-2020-120950,10-1016-j-conbuildmat-2020-120950,Random Forest,regression,305.0|0.0|100.0|196.0|10.0|959.0|705.0,1,,,0,0.341211,,,,0.029032,0.026800,-0.002232
10-1016-j-conbuildmat-2020-120950,10-1016-j-conbuildmat-2020-120950,Random Forest,regression,151.0|0.0|184.0|167.0|12.0|991.0|772.0,1,,,0,1.213309,,,,0.007607,0.020079,0.012471
10-1016-j-conbuildmat-2020-120950,10-1016-j-conbuildmat-2020-120950,Random Forest,regression,142.0|167.0|130.0|174.0|11.0|883.0|785.0,1,,,0,0.526755,,,,0.228885,0.208963,-0.019921
10-1016-j-conbuildmat-2020-120950,10-1016-j-conbuildmat-2020-120950,Random Forest,regression,298.0|137.0|107.0|201.0|6.0|878.0|655.0,1,,,0,1.060920,,,,0.167055,0.193079,0.026024
10-1016-j-conbuildmat-2020-120950,10-1016-j-conbuildmat-2020-120950,Random Forest,regression,321.0|164.0|0.0|190.0|5.0|870.0|774.0,1,,,0,1.281940,,,,0.121938,0.129326,0.007388
10-1016-j-conbuildmat-2020-120950,10-1016-j-conbuildmat-2020-120950,Random Forest,regression,366.0|187.0|0.0|191.0|7.0|824.0|757.0,1,,,0,1.802885,,,,0.198368,0.266680,0.068311
10-1016-j-conbuildmat-2020-120950,10-1016-j-conbuildmat-2020-120950,Random Forest,regression,280.0|129.0|100.0|172.0|9.0|825.0|805.0,1,,,0,1.018782,,,,0.118905,0.134895,0.015990
10-1016-j-conbuildmat-2020-120950,10-1016-j-conbuildmat-2020-120950,Random Forest,regression,252.0|97.0|76.0|194.0|8.0|835.0|821.0,1,,,0,0.144979,,,,0.040566,0.047909,0.007343
10-1016-j-conbuildmat-2020-120950,10-1016-j-conbuildmat-2020-120950,Random Forest,regression,165.0|0.0|150.0|182.0|12.0|1023.0|729.0,1,,,0,1.065825,,,,0.249741,0.279091,0.029350
10-1016-j-conbuildmat-2020-120950,10-1016-j-conbuildmat-2020-120950,Random Forest,regression,156.0|243.0|0.0|180.0|11.0|1022.0|698.0,1,,,0,0.092566,,,,0.074346,0.074437,0.000092
10-1016-j-conbuildmat-2020-120950,10-1016-j-conbuildmat-2020-120950,Random Forest,regression,160.0|188.0|146.0|203.0|11.0|829.0|710.0,1,,,0,0.178442,,,,0.006636,0.046018,0.039383
10-1016-j-conbuildmat-2020-120950,10-1016-j-conbuildmat-2020-120950,Random Forest,regression,298.0|0.0|107.0|186.0|6.0|879.0|815.0,1,,,0,0.408603,,,,0.154701,0.162208,0.007508
10-1016-j-conbuildmat-2020-120950,10-1016-j-conbuildmat-2020-120950,Random Forest,regression,318.0|0.0|126.0|210.0|6.0|861.0|737.0,1,,,0,0.254096,,,,0.116264,0.118704,0.002439
10-1016-j-conbuildmat-2020-120950,10-1016-j-conbuildmat-2020-120950,Random Forest,regression,287.0|121.0|94.0|188.0|9.0|904.0|696.0,1,,,0,0.366878,,,,0.025889,0.016657,-0.009232
10-1016-j-conbuildmat-2020-120950,10-1016-j-conbuildmat-2020-120950,Random Forest,regression,326.0|166.0|0.0|174.0|9.0|882.0|790.0,1,,,0,1.522789,,,,0.090613,0.062959,-0.027654
10-1016-j-conbuildmat-2020-120950,10-1016-j-conbuildmat-2020-120950,Random Forest,regression,356.0|0.0|142.0|193.0|11.0|801.0|778.0,1,,,0,0.302431,,,,0.132008,0.173614,0.041607
10-1016-j-conbuildmat-2020-120950,10-1016-j-conbuildmat-2020-120950,Random Forest,regression,132.0|207.0|161.0|179.0|5.0|867.0|736.0,1,,,0,0.150763,,,,0.048737,0.038386,-0.010351
10-1016-j-conbuildmat-2020-120950,10-1016-j-conbuildmat-2020-120950,Random Forest,regression,322.0|149.0|0.0|186.0|8.0|951.0|709.0,1,,,0,0.994821,,,,0.213233,0.087149,-0.126084
10-1016-j-conbuildmat-2020-120950,10-1016-j-conbuildmat-2020-120950,Random Forest,regression,164.0|0.0|200.0|181.0|13.0|849.0|846.0,1,,,0,1.242227,,,,0.209900,0.081133,-0.128766
10-1016-j-conbuildmat-2020-120950,10-1016-j-conbuildmat-2020-120950,Random Forest,regression,314.0|0.0|113.0|170.0|10.0|925.0|783.0,1,,,0,0.158252,,,,0.047299,0.087820,0.040521
10-1016-j-conbuildmat-2020-120950,10-1016-j-conbuildmat-2020-120950,Random Forest,regression,321.0|0.0|128.0|182.0|11.0|870.0|780.0,1,,,0,0.086369,,,,0.031346,0.079115,0.047769
10-1016-j-conbuildmat-2020-120950,10-1016-j-conbuildmat-2020-120950,Random Forest,regression,140.0|164.0|128.0|237.0|6.0|869.0|656.0,1,,,0,0.035502,,,,0.085228,0.093850,0.008623
10-1016-j-conbuildmat-2020-120950,10-1016-j-conbuildmat-2020-120950,Random Forest,regression,288.0|121.0|0.0|177.0|7.0|908.0|829.0,1,,,0,0.378445,,,,0.003396,0.002885,-0.000512
10-1016-j-conbuildmat-2020-120950,10-1016-j-conbuildmat-2020-120950,Random Forest,regression,298.0|0.0|107.0|210.0|11.0|880.0|744.0,1,,,0,0.236278,,,,0.009382,0.005036,-0.004346
10-1016-j-conbuildmat-2020-120950,10-1016-j-conbuildmat-2020-120950,Random Forest,regression,265.0|111.0|86.0|195.0|6.0|833.0|790.0,1,,,0,0.342917,,,,0.062713,0.044349,-0.018364
10-1016-j-conbuildmat-2020-120950,10-1016-j-conbuildmat-2020-120950,Random Forest,regression,160.0|250.0|0.0|168.0|12.0|1049.0|688.0,1,,,0,0.217741,,,,0.034265,0.046729,0.012464
10-1016-j-conbuildmat-2020-120950,10-1016-j-conbuildmat-2020-120950,Random Forest,regression,166.0|260.0|0.0|183.0|13.0|859.0|827.0,1,,,0,0.125615,,,,0.004703,0.056531,0.051828
10-1016-j-conbuildmat-2020-120950,10-1016-j-conbuildmat-2020-120950,Random Forest,regression,276.0|116.0|90.0|180.0|9.0|870.0|768.0,1,,,0,0.506926,,,,0.012225,0.018208,0.005983
10-1016-j-conbuildmat-2020-120950,10-1016-j-conbuildmat-2020-120950,Random Forest,regression,322.0|0.0|116.0|196.0|10.0|818.0|813.0,1,,,0,0.278004,,,,0.106594,0.098244,-0.008350
10-1016-j-conbuildmat-2020-120950,10-1016-j-conbuildmat-2020-120950,Random Forest,regression,149.0|139.0|109.0|193.0|6.0|892.0|780.0,1,,,0,0.726653,,,,0.021391,0.021978,0.000587
10-1016-j-conbuildmat-2020-120950,10-1016-j-conbuildmat-2020-120950,Random Forest,regression,159.0|187.0|0.0|176.0|11.0|990.0|789.0,1,,,0,0.182986,,,,0.018228,0.007153,-0.011075
10-1016-j-conbuildmat-2020-120950,10-1016-j-conbuildmat-2020-120950,Random Forest,regression,261.0|100.0|78.0|201.0|9.0|864.0|761.0,1,,,0,0.204881,,,,0.086160,0.053627,-0.032533
10-1016-j-conbuildmat-2020-120950,10-1016-j-conbuildmat-2020-120950,Random Forest,regression,237.0|92.0|71.0|247.0|6.0|853.0|695.0,1,,,0,0.430858,,,,0.085588,0.073411,-0.012177
10-1016-j-conbuildmat-2020-120950,10-1016-j-conbuildmat-2020-120950,Random Forest,regression,313.0|0.0|113.0|178.0|8.0|1002.0|689.0,1,,,0,0.059103,,,,0.045495,0.055241,0.009746
10-1016-j-conbuildmat-2020-120950,10-1016-j-conbuildmat-2020-120950,Random Forest,regression,155.0|183.0|0.0|193.0|9.0|1047.0|697.0,1,,,0,1.050539,,,,0.108708,0.125277,0.016568
10-1016-j-conbuildmat-2020-120950,10-1016-j-conbuildmat-2020-120950,Random Forest,regression,146.0|230.0|0.0|202.0|3.0|827.0|872.0,1,,,0,0.165222,,,,0.111510,0.071969,-0.039541
10-1016-j-conbuildmat-2020-120950,10-1016-j-conbuildmat-2020-120950,Random Forest,regression,296.0|0.0|107.0|221.0|11.0|819.0|778.0,1,,,0,0.263544,,,,0.013200,0.002329,-0.010872
10-1016-j-conbuildmat-2020-120950,10-1016-j-conbuildmat-2020-120950,Random Forest,regression,133.0|210.0|0.0|196.0|3.0|949.0|795.0,1,,,0,0.287092,,,,0.044092,0.059492,0.015400
10-1016-j-conbuildmat-2020-120950,10-1016-j-conbuildmat-2020-120950,Random Forest,regression,313.0|145.0|0.0|178.0|8.0|867.0|824.0,1,,,0,0.513535,,,,0.030482,0.041210,0.010727
10-1016-j-conbuildmat-2020-120950,10-1016-j-conbuildmat-2020-120950,Random Forest,regression,152.0|0.0|112.0|184.0|8.0|992.0|816.0,1,,,0,1.416564,,,,0.033485,0.032480,-0.001005
10-1016-j-conbuildmat-2020-120950,10-1016-j-conbuildmat-2020-120950,Random Forest,regression,153.0|145.0|113.0|178.0|8.0|1002.0|689.0,1,,,0,0.614697,,,,0.017386,0.028320,0.010934
10-1016-j-conbuildmat-2020-120950,10-1016-j-conbuildmat-2020-120950,Random Forest,regression,140.0|133.0|103.0|200.0|7.0|916.0|753.0,1,,,0,0.037207,,,,0.209379,0.206137,-0.003242
10-1016-j-conbuildmat-2020-120950,10-1016-j-conbuildmat-2020-120950,Random Forest,regression,149.0|236.0|0.0|176.0|13.0|847.0|893.0,1,,,0,0.171419,,,,0.012758,0.029838,0.017081
10-1016-j-conbuildmat-2020-120950,10-1016-j-conbuildmat-2020-120950,Random Forest,regression,300.0|0.0|120.0|212.0|10.0|878.0|728.0,1,,,0,0.717977,,,,0.149035,0.150842,0.001807
10-1016-j-conbuildmat-2020-120950,10-1016-j-conbuildmat-2020-120950,Random Forest,regression,153.0|145.0|113.0|178.0|8.0|867.0|824.0,1,,,0,0.574624,,,,0.012829,0.021434,0.008604
10-1016-j-conbuildmat-2020-120950,10-1016-j-conbuildmat-2020-120950,Random Forest,regression,148.0|0.0|137.0|158.0|16.0|1002.0|830.0,1,,,0,1.070369,,,,0.008548,0.006289,-0.002259
10-1016-j-conbuildmat-2020-120950,10-1016-j-conbuildmat-2020-120950,Random Forest,regression,326.0|0.0|138.0|199.0|11.0|801.0|792.0,1,,,0,0.291277,,,,0.090396,0.122230,0.031834
10-1016-j-conbuildmat-2020-120950,10-1016-j-conbuildmat-2020-120950,Random Forest,regression,153.0|145.0|0.0|178.0|8.0|1000.0|822.0,1,,,0,1.007162,,,,0.182786,0.118303,-0.064483
10-1016-j-conbuildmat-2020-120950,10-1016-j-conbuildmat-2020-120950,Random Forest,regression,262.0|111.0|86.0|195.0|5.0|895.0|733.0,1,,,0,0.125975,,,,0.045791,0.070948,0.025157
10-1016-j-conbuildmat-2020-120950,10-1016-j-conbuildmat-2020-120950,Random Forest,regression,158.0|0.0|195.0|220.0|11.0|898.0|713.0,1,,,0,1.634692,,,,0.158241,0.074336,-0.083905
10-1016-j-conbuildmat-2020-120950,10-1016-j-conbuildmat-2020-120950,Random Forest,regression,151.0|0.0|185.0|167.0|16.0|1074.0|678.0,1,,,0,1.339724,,,,0.066988,0.060252,-0.006736
10-1016-j-conbuildmat-2020-120950,10-1016-j-conbuildmat-2020-120950,Random Forest,regression,273.0|0.0|90.0|199.0|11.0|931.0|762.0,1,,,0,0.214383,,,,0.011045,0.007093,-0.003952
10-1016-j-conbuildmat-2020-120950,10-1016-j-conbuildmat-2020-120950,Random Forest,regression,149.0|118.0|92.0|183.0|7.0|953.0|780.0,1,,,0,0.736981,,,,0.007355,0.016254,0.008899
10-1016-j-conbuildmat-2020-120950,10-1016-j-conbuildmat-2020-120950,Random Forest,regression,143.0|169.0|143.0|191.0|8.0|967.0|643.0,1,,,0,0.365172,,,,0.029154,0.030740,0.001586
10-1016-j-conbuildmat-2020-120950,10-1016-j-conbuildmat-2020-120950,Random Forest,regression,260.0|101.0|78.0|171.0|10.0|936.0|763.0,1,,,0,0.836183,,,,0.101039,0.133231,0.032191
10-1016-j-conbuildmat-2020-120950,10-1016-j-conbuildmat-2020-120950,Random Forest,regression,313.0|161.0|0.0|178.0|10.0|917.0|759.0,1,,,0,0.996060,,,,0.051475,0.078959,0.027484
10-1016-j-conbuildmat-2020-120950,10-1016-j-conbuildmat-2020-120950,Random Forest,regression,284.0|120.0|0.0|168.0|7.0|970.0|794.0,1,,,0,0.306562,,,,0.068992,0.084593,0.015601
10-1016-j-conbuildmat-2020-120950,10-1016-j-conbuildmat-2020-120950,Random Forest,regression,336.0|0.0|0.0|182.0|3.0|986.0|817.0,1,,,0,0.542041,,,,0.263432,0.208077,-0.055354
10-1016-j-conbuildmat-2020-120950,10-1016-j-conbuildmat-2020-120950,Random Forest,regression,145.0|0.0|134.0|181.0|11.0|979.0|812.0,1,,,0,1.355422,,,,0.020723,0.040521,0.019798
10-1016-j-conbuildmat-2020-120950,10-1016-j-conbuildmat-2020-120950,Random Forest,regression,150.0|237.0|0.0|174.0|12.0|1069.0|675.0,1,,,0,0.096697,,,,0.027360,0.032585,0.005225
10-1016-j-conbuildmat-2020-120950,10-1016-j-conbuildmat-2020-120950,Random Forest,regression,144.0|170.0|133.0|192.0|8.0|814.0|805.0,1,,,0,0.356497,,,,0.003881,0.004669,0.000788
10-1016-j-conbuildmat-2020-120950,10-1016-j-conbuildmat-2020-120950,Random Forest,regression,331.0|170.0|0.0|195.0|8.0|811.0|802.0,1,,,0,1.245998,,,,0.044322,0.021986,-0.022336
10-1016-j-conbuildmat-2020-120950,10-1016-j-conbuildmat-2020-120950,Random Forest,regression,155.0|0.0|143.0|193.0|9.0|1047.0|697.0,1,,,0,1.399626,,,,0.029318,0.020048,-0.009270
10-1016-j-conbuildmat-2020-120950,10-1016-j-conbuildmat-2020-120950,Random Forest,regression,155.0|183.0|0.0|193.0|9.0|877.0|868.0,1,,,0,0.720869,,,,0.000238,0.003699,0.003461
10-1016-j-conbuildmat-2020-120950,10-1016-j-conbuildmat-2020-120950,Random Forest,regression,135.0|0.0|166.0|180.0|10.0|961.0|805.0,1,,,0,1.349639,,,,0.017470,0.015812,-0.001658
10-1016-j-conbuildmat-2020-120950,10-1016-j-conbuildmat-2020-120950,Random Forest,regression,266.0|112.0|87.0|178.0|10.0|910.0|745.0,1,,,0,0.215675,,,,0.166841,0.055287,-0.111554
10-1016-j-conbuildmat-2020-120950,10-1016-j-conbuildmat-2020-120950,Random Forest,regression,314.0|145.0|113.0|179.0|8.0|869.0|690.0,1,,,0,0.623839,,,,0.051409,0.054004,0.002595
10-1016-j-conbuildmat-2020-120950,10-1016-j-conbuildmat-2020-120950,Random Forest,regression,313.0|145.0|0.0|127.0|8.0|1000.0|822.0,1,,,0,0.521385,,,,0.426593,0.200824,-0.225769
10-1016-j-conbuildmat-2020-120950,10-1016-j-conbuildmat-2020-120950,Random Forest,regression,146.0|173.0|0.0|182.0|3.0|986.0|817.0,1,,,0,0.723761,,,,0.035487,0.019751,-0.015735
10-1016-j-conbuildmat-2020-120950,10-1016-j-conbuildmat-2020-120950,Random Forest,regression,144.0|136.0|106.0|178.0|7.0|941.0|774.0,1,,,0,0.579582,,,,0.017472,0.013169,-0.004303
10-1016-j-conbuildmat-2020-120950,10-1016-j-conbuildmat-2020-120950,Random Forest,regression,148.0|0.0|182.0|181.0|15.0|839.0|884.0,1,,,0,1.216201,,,,0.017301,0.016252,-0.001049
10-1016-j-conbuildmat-2020-120950,10-1016-j-conbuildmat-2020-120950,Random Forest,regression,277.0|117.0|91.0|191.0|7.0|946.0|666.0,1,,,0,0.464787,,,,0.000984,0.002688,0.001704
10-1016-j-conbuildmat-2020-120950,10-1016-j-conbuildmat-2020-120950,Random Forest,regression,298.0|0.0|107.0|164.0|13.0|953.0|784.0,1,,,0,0.002505,,,,0.087283,0.101660,0.014376
10-1016-j-conbuildmat-2020-120950,10-1016-j-conbuildmat-2020-120950,Random Forest,regression,313.0|145.0|0.0|178.0|8.0|1002.0|689.0,1,,,0,0.313585,,,,0.068547,0.020171,-0.048376
10-1016-j-conbuildmat-2020-120950,10-1016-j-conbuildmat-2020-120950,Random Forest,regression,155.0|184.0|143.0|194.0|9.0|880.0|699.0,1,,,0,0.409376,,,,0.045588,0.032232,-0.013356
10-1016-j-conbuildmat-2020-120950,10-1016-j-conbuildmat-2020-120950,Random Forest,regression,289.0|134.0|0.0|195.0|6.0|924.0|760.0,1,,,0,0.624665,,,,0.073820,0.088737,0.014918
10-1016-j-conbuildmat-2020-120950,10-1016-j-conbuildmat-2020-120950,Random Forest,regression,148.0|175.0|0.0|171.0|2.0|1000.0|828.0,1,,,0,0.533312,,,,0.018527,0.025040,0.006513
10-1016-j-conbuildmat-2020-120950,10-1016-j-conbuildmat-2020-120950,Random Forest,regression,145.0|0.0|179.0|202.0|8.0|824.0|869.0,1,,,0,1.514887,,,,0.014270,0.009016,-0.005254
10-1016-j-conbuildmat-2020-120950,10-1016-j-conbuildmat-2020-120950,Random Forest,regression,313.0|0.0|0.0|178.0|8.0|1000.0|822.0,1,,,0,0.642376,,,,0.422756,0.268708,-0.154048
10-1016-j-conbuildmat-2020-120950,10-1016-j-conbuildmat-2020-120950,Random Forest,regression,136.0|162.0|126.0|172.0|10.0|923.0|764.0,1,,,0,0.404419,,,,0.073062,0.036224,-0.036837
10-1016-j-conbuildmat-2020-120950,10-1016-j-conbuildmat-2020-120950,Random Forest,regression,155.0|0.0|143.0|193.0|9.0|877.0|868.0,1,,,0,1.562809,,,,0.040923,0.033046,-0.007877
10-1016-j-conbuildmat-2020-120950,10-1016-j-conbuildmat-2020-120950,Random Forest,regression,255.0|99.0|77.0|189.0|6.0|919.0|749.0,1,,,0,0.121018,,,,0.044409,0.019584,-0.024825
10-1016-j-conbuildmat-2020-120950,10-1016-j-conbuildmat-2020-120950,Random Forest,regression,162.0|207.0|172.0|216.0|10.0|822.0|638.0,1,,,0,0.241289,,,,0.204826,0.233443,0.028617
10-1016-j-conbuildmat-2020-120950,10-1016-j-conbuildmat-2020-120950,Random Forest,regression,136.0|196.0|98.0|199.0|6.0|847.0|783.0,1,,,0,0.530420,,,,0.122833,0.129040,0.006207
10-1016-j-conbuildmat-2020-120950,10-1016-j-conbuildmat-2020-120950,Random Forest,regression,164.0|163.0|128.0|197.0|8.0|961.0|641.0,1,,,0,0.514309,,,,0.090372,0.143298,0.052925
10-1016-j-conbuildmat-2020-120950,10-1016-j-conbuildmat-2020-120950,Random Forest,regression,162.0|214.0|164.0|202.0|10.0|820.0|680.0,1,,,0,0.309814,,,,0.148506,0.140546,-0.007960
10-1016-j-conbuildmat-2020-120950,10-1016-j-conbuildmat-2020-120950,Random Forest,regression,157.0|214.0|152.0|200.0|9.0|819.0|704.0,1,,,0,0.165635,,,,0.056953,0.040549,-0.016404
10-1016-j-conbuildmat-2020-120950,10-1016-j-conbuildmat-2020-120950,Random Forest,regression,149.0|153.0|194.0|192.0|8.0|935.0|623.0,1,,,0,0.673360,,,,0.056385,0.029682,-0.026703
10-1016-j-conbuildmat-2020-120950,10-1016-j-conbuildmat-2020-120950,Random Forest,regression,135.0|105.0|193.0|196.0|6.0|965.0|643.0,1,,,0,0.833238,,,,0.063415,0.072280,0.008865
10-1016-j-conbuildmat-2020-120950,10-1016-j-conbuildmat-2020-120950,Random Forest,regression,159.0|209.0|161.0|201.0|7.0|848.0|669.0,1,,,0,0.295768,,,,0.051265,0.045222,-0.006043
10-1016-j-conbuildmat-2020-120950,10-1016-j-conbuildmat-2020-120950,Random Forest,regression,144.0|15.0|195.0|176.0|6.0|1021.0|709.0,1,,,0,1.226942,,,,0.102009,0.043700,-0.058309
10-1016-j-conbuildmat-2020-120950,10-1016-j-conbuildmat-2020-120950,Random Forest,regression,154.0|174.0|185.0|228.0|7.0|845.0|612.0,1,,,0,0.687819,,,,0.144856,0.139992,-0.004865
10-1016-j-conbuildmat-2020-120950,10-1016-j-conbuildmat-2020-120950,Random Forest,regression,167.0|187.0|195.0|185.0|7.0|898.0|636.0,1,,,0,0.714672,,,,0.398301,0.404821,0.006520
10-1016-j-conbuildmat-2020-120950,10-1016-j-conbuildmat-2020-120950,Random Forest,regression,184.0|86.0|190.0|213.0|6.0|923.0|623.0,1,,,0,0.772096,,,,0.254180,0.237615,-0.016565
10-1016-j-conbuildmat-2020-120950,10-1016-j-conbuildmat-2020-120950,Random Forest,regression,156.0|178.0|187.0|221.0|7.0|854.0|614.0,1,,,0,0.383763,,,,0.064279,0.053482,-0.010797
10-1016-j-conbuildmat-2020-120950,10-1016-j-conbuildmat-2020-120950,Random Forest,regression,236.9|91.7|71.5|246.9|6.0|852.9|695.4,1,,,0,0.430693,,,,0.101520,0.085377,-0.016142
10-1016-j-conbuildmat-2020-120950,10-1016-j-conbuildmat-2020-120950,Random Forest,regression,313.3|0.0|113.0|178.5|8.0|1001.9|688.7,1,,,0,0.059144,,,,0.010240,0.022072,0.011832
10-1016-j-conbuildmat-2020-120950,10-1016-j-conbuildmat-2020-120950,Random Forest,regression,154.8|183.4|0.0|193.3|9.1|1047.4|696.7,1,,,0,1.050374,,,,0.091452,0.080211,-0.011241
10-1016-j-conbuildmat-2020-120950,10-1016-j-conbuildmat-2020-120950,Random Forest,regression,145.9|230.5|0.0|202.5|3.4|827.0|871.8,1,,,0,0.185589,,,,0.102709,0.061941,-0.040768
10-1016-j-conbuildmat-2020-120950,10-1016-j-conbuildmat-2020-120950,Random Forest,regression,296.0|0.0|106.7|221.4|10.5|819.2|778.4,1,,,0,0.263503,,,,0.004123,0.007367,0.003244
10-1016-j-conbuildmat-2020-120950,10-1016-j-conbuildmat-2020-120950,Random Forest,regression,133.1|210.2|0.0|195.7|3.1|949.4|795.3,1,,,0,0.412227,,,,0.013736,0.028839,0.015103
10-1016-j-conbuildmat-2020-120950,10-1016-j-conbuildmat-2020-120950,Random Forest,regression,313.3|145.0|0.0|178.5|8.0|867.2|824.0,1,,,0,0.306025,,,,0.129889,0.115870,-0.014019
10-1016-j-conbuildmat-2020-120950,10-1016-j-conbuildmat-2020-120950,Random Forest,regression,151.6|0.0|111.9|184.4|7.9|992.0|815.9,1,,,0,1.416275,,,,0.032039,0.044212,0.012174
10-1016-j-conbuildmat-2020-120950,10-1016-j-conbuildmat-2020-120950,Random Forest,regression,153.1|145.0|113.0|178.5|8.0|1001.9|688.7,1,,,0,0.614656,,,,0.023997,0.033572,0.009575
10-1016-j-conbuildmat-2020-120950,10-1016-j-conbuildmat-2020-120950,Random Forest,regression,139.9|132.6|103.3|200.3|7.4|916.0|753.4,1,,,0,0.037497,,,,0.174483,0.213795,0.039311
10-1016-j-conbuildmat-2020-120950,10-1016-j-conbuildmat-2020-120950,Random Forest,regression,149.5|236.0|0.0|175.8|12.6|846.8|892.7,1,,,0,0.171005,,,,0.024193,0.033152,0.008959
10-1016-j-conbuildmat-2020-120950,10-1016-j-conbuildmat-2020-120950,Random Forest,regression,299.8|0.0|119.8|211.5|9.9|878.2|727.6,1,,,0,0.717936,,,,0.143508,0.145755,0.002247
10-1016-j-conbuildmat-2020-120950,10-1016-j-conbuildmat-2020-120950,Random Forest,regression,153.1|145.0|113.0|178.5|8.0|867.2|824.0,1,,,0,0.574294,,,,0.015796,0.028431,0.012635
10-1016-j-conbuildmat-2020-120950,10-1016-j-conbuildmat-2020-120950,Random Forest,regression,148.1|0.0|136.6|158.1|16.1|1001.8|830.1,1,,,0,1.070039,,,,0.011048,0.010229,-0.000819
10-1016-j-conbuildmat-2020-120950,10-1016-j-conbuildmat-2020-120950,Random Forest,regression,326.5|0.0|137.9|199.0|10.8|801.1|792.5,1,,,0,0.168538,,,,0.006898,0.015424,0.008527
10-1016-j-conbuildmat-2020-120950,10-1016-j-conbuildmat-2020-120950,Random Forest,regression,152.7|144.7|0.0|178.1|8.0|999.7|822.2,1,,,0,1.007120,,,,0.184012,0.089106,-0.094906
10-1016-j-conbuildmat-2020-120950,10-1016-j-conbuildmat-2020-120950,Random Forest,regression,261.9|110.5|86.1|195.4|5.0|895.2|732.6,1,,,0,0.125769,,,,0.042106,0.052293,0.010187
10-1016-j-conbuildmat-2020-120950,10-1016-j-conbuildmat-2020-120950,Random Forest,regression,158.4|0.0|194.9|219.7|11.0|897.7|712.9,1,,,0,1.634650,,,,0.157672,0.064743,-0.092929
10-1016-j-conbuildmat-2020-120950,10-1016-j-conbuildmat-2020-120950,Random Forest,regression,150.7|0.0|185.3|166.7|15.6|1074.5|678.0,1,,,0,1.339558,,,,0.068351,0.069813,0.001462
10-1016-j-conbuildmat-2020-120950,10-1016-j-conbuildmat-2020-120950,Random Forest,regression,272.6|0.0|89.6|198.7|10.6|931.3|762.2,1,,,0,0.214053,,,,0.016689,0.003081,-0.013608
10-1016-j-conbuildmat-2020-120950,10-1016-j-conbuildmat-2020-120950,Random Forest,regression,149.0|117.6|91.7|182.9|7.1|953.4|780.3,1,,,0,0.736609,,,,0.028816,0.004233,-0.024584
10-1016-j-conbuildmat-2020-120950,10-1016-j-conbuildmat-2020-120950,Random Forest,regression,143.0|169.4|142.7|190.7|8.4|967.4|643.5,1,,,0,0.365007,,,,0.019407,0.014672,-0.004736
10-1016-j-conbuildmat-2020-120950,10-1016-j-conbuildmat-2020-120950,Random Forest,regression,259.9|100.6|78.4|170.6|10.4|935.7|762.9,1,,,0,0.836183,,,,0.156960,0.131075,-0.025885
10-1016-j-conbuildmat-2020-120950,10-1016-j-conbuildmat-2020-120950,Random Forest,regression,312.9|160.5|0.0|177.6|9.6|916.6|759.5,1,,,0,0.996349,,,,0.037217,0.057082,0.019865
10-1016-j-conbuildmat-2020-120950,10-1016-j-conbuildmat-2020-120950,Random Forest,regression,284.0|119.7|0.0|168.3|7.2|970.4|794.2,1,,,0,0.306603,,,,0.083075,0.092979,0.009904
10-1016-j-conbuildmat-2020-120950,10-1016-j-conbuildmat-2020-120950,Random Forest,regression,336.5|0.0|0.0|181.9|3.4|985.8|816.8,1,,,0,0.542289,,,,0.262003,0.122148,-0.139856
10-1016-j-conbuildmat-2020-120950,10-1016-j-conbuildmat-2020-120950,Random Forest,regression,144.8|0.0|133.6|180.8|11.1|979.5|811.5,1,,,0,1.355092,,,,0.024606,0.037359,0.012753
10-1016-j-conbuildmat-2020-120950,10-1016-j-conbuildmat-2020-120950,Random Forest,regression,150.0|236.8|0.0|173.8|11.9|1069.3|674.8,1,,,0,0.096697,,,,0.033907,0.014681,-0.019227
10-1016-j-conbuildmat-2020-120950,10-1016-j-conbuildmat-2020-120950,Random Forest,regression,143.7|170.2|132.6|191.6|8.5|814.1|805.3,1,,,0,0.356331,,,,0.003587,0.004700,0.001112
10-1016-j-conbuildmat-2020-120950,10-1016-j-conbuildmat-2020-120950,Random Forest,regression,330.5|169.6|0.0|194.9|8.1|811.0|802.3,1,,,0,1.246370,,,,0.013972,0.016122,0.002151
10-1016-j-conbuildmat-2020-120950,10-1016-j-conbuildmat-2020-120950,Random Forest,regression,154.8|0.0|142.8|193.3|9.1|1047.4|696.7,1,,,0,1.399585,,,,0.024628,0.019819,-0.004809
10-1016-j-conbuildmat-2020-120950,10-1016-j-conbuildmat-2020-120950,Random Forest,regression,154.8|183.4|0.0|193.3|9.1|877.2|867.7,1,,,0,0.720869,,,,0.027913,0.029086,0.001173
10-1016-j-conbuildmat-2020-120950,10-1016-j-conbuildmat-2020-120950,Random Forest,regression,134.7|0.0|165.7|180.2|10.0|961.0|804.9,1,,,0,1.349597,,,,0.012620,0.013658,0.001037
10-1016-j-conbuildmat-2020-120950,10-1016-j-conbuildmat-2020-120950,Random Forest,regression,266.2|112.3|87.5|177.9|10.4|909.7|744.5,1,,,0,0.215923,,,,0.175490,0.079140,-0.096350
10-1016-j-conbuildmat-2020-120950,10-1016-j-conbuildmat-2020-120950,Random Forest,regression,314.0|145.3|113.2|178.9|8.0|869.1|690.2,1,,,0,0.624128,,,,0.032040,0.014279,-0.017761
10-1016-j-conbuildmat-2020-120950,10-1016-j-conbuildmat-2020-120950,Random Forest,regression,312.7|144.7|0.0|127.3|8.0|999.7|822.2,1,,,0,0.521633,,,,0.421944,0.221232,-0.200712
10-1016-j-conbuildmat-2020-120950,10-1016-j-conbuildmat-2020-120950,Random Forest,regression,145.7|172.6|0.0|181.9|3.4|985.8|816.8,1,,,0,0.723430,,,,0.002926,0.014201,0.011275
10-1016-j-conbuildmat-2020-120950,10-1016-j-conbuildmat-2020-120950,Random Forest,regression,143.8|136.3|106.2|178.1|7.5|941.5|774.3,1,,,0,0.579416,,,,0.000101,0.008648,0.008547
10-1016-j-conbuildmat-2020-120950,10-1016-j-conbuildmat-2020-120950,Random Forest,regression,148.1|0.0|182.1|181.4|15.0|838.9|884.3,1,,,0,1.215829,,,,0.005956,0.011763,0.005807
10-1016-j-conbuildmat-2020-120950,10-1016-j-conbuildmat-2020-120950,Random Forest,regression,277.0|116.8|91.0|190.6|7.0|946.5|665.6,1,,,0,0.464994,,,,0.005507,0.007910,0.002403
10-1016-j-conbuildmat-2020-120950,10-1016-j-conbuildmat-2020-120950,Random Forest,regression,298.1|0.0|107.5|163.6|12.8|953.2|784.0,1,,,0,0.002877,,,,0.083252,0.099428,0.016176
10-1016-j-conbuildmat-2020-120950,10-1016-j-conbuildmat-2020-120950,Random Forest,regression,313.3|145.0|0.0|178.5|8.0|1001.9|688.7,1,,,0,0.313709,,,,0.042827,0.077318,0.034491
10-1016-j-conbuildmat-2020-120950,10-1016-j-conbuildmat-2020-120950,Random Forest,regression,155.2|183.9|143.2|193.8|9.2|879.6|698.5,1,,,0,0.409046,,,,0.017111,0.029007,0.011896
10-1016-j-conbuildmat-2020-120950,10-1016-j-conbuildmat-2020-120950,Random Forest,regression,289.0|133.7|0.0|194.9|5.5|924.1|760.1,1,,,0,0.624913,,,,0.099136,0.083838,-0.015298
10-1016-j-conbuildmat-2020-120950,10-1016-j-conbuildmat-2020-120950,Random Forest,regression,147.8|175.1|0.0|171.2|2.2|1000.0|828.5,1,,,0,0.532982,,,,0.014640,0.006476,-0.008163
10-1016-j-conbuildmat-2020-120950,10-1016-j-conbuildmat-2020-120950,Random Forest,regression,145.4|0.0|178.9|201.7|7.8|824.0|868.7,1,,,0,1.514845,,,,0.010240,0.001736,-0.008504
10-1016-j-conbuildmat-2020-120950,10-1016-j-conbuildmat-2020-120950,Random Forest,regression,312.7|0.0|0.0|178.1|8.0|999.7|822.2,1,,,0,0.641963,,,,0.423188,0.205566,-0.217621
10-1016-j-conbuildmat-2020-120950,10-1016-j-conbuildmat-2020-120950,Random Forest,regression,136.4|161.6|125.8|171.6|10.4|922.6|764.4,1,,,0,0.404129,,,,0.085655,0.105969,0.020314
10-1016-j-conbuildmat-2020-120950,10-1016-j-conbuildmat-2020-120950,Random Forest,regression,154.8|0.0|142.8|193.3|9.1|877.2|867.7,1,,,0,1.562644,,,,0.034938,0.037562,0.002623
10-1016-j-conbuildmat-2020-120950,10-1016-j-conbuildmat-2020-120950,Random Forest,regression,255.3|98.8|77.0|188.6|6.5|919.0|749.3,1,,,0,0.120977,,,,0.063218,0.024817,-0.038401
10-1016-j-conbuildmat-2020-120950,10-1016-j-conbuildmat-2020-120950,Random Forest,regression,272.8|105.1|81.8|209.7|9.0|904.0|679.7,1,,,0,0.081081,,,,0.039513,0.024408,-0.015105
10-1016-j-conbuildmat-2020-120950,10-1016-j-conbuildmat-2020-120950,Random Forest,regression,162.0|190.1|148.1|178.8|18.8|838.1|741.4,1,,,0,0.123166,,,,0.036582,0.017986,-0.018597
10-1016-j-conbuildmat-2020-120950,10-1016-j-conbuildmat-2020-120950,Random Forest,regression,153.6|144.2|112.3|220.1|10.1|923.2|657.9,1,,,0,1.157248,,,,0.184926,0.162193,-0.022733
10-1016-j-conbuildmat-2020-120950,10-1016-j-conbuildmat-2020-120950,Random Forest,regression,146.5|114.6|89.3|201.9|8.8|860.0|829.5,1,,,0,0.948498,,,,0.057847,0.089864,0.032017
10-1016-j-conbuildmat-2020-120950,10-1016-j-conbuildmat-2020-120950,Random Forest,regression,151.8|178.1|138.7|167.5|18.3|944.0|694.6,1,,,0,0.031878,,,,0.021236,0.035889,0.014653
10-1016-j-conbuildmat-2020-120950,10-1016-j-conbuildmat-2020-120950,Random Forest,regression,309.9|142.8|111.2|167.8|22.1|913.9|651.2,1,,,0,0.143669,,,,0.092853,0.097219,0.004366
10-1016-j-conbuildmat-2020-120950,10-1016-j-conbuildmat-2020-120950,Random Forest,regression,143.6|0.0|174.9|158.4|17.9|942.7|844.5,1,,,0,1.221984,,,,0.037739,0.042291,0.004552
10-1016-j-conbuildmat-2020-120950,10-1016-j-conbuildmat-2020-120950,Random Forest,regression,303.6|139.9|0.0|213.5|6.2|895.5|722.5,1,,,0,0.143698,,,,0.168836,0.123203,-0.045633
10-1016-j-conbuildmat-2020-120950,10-1016-j-conbuildmat-2020-120950,Random Forest,regression,374.3|0.0|0.0|190.2|6.7|1013.2|730.4,1,,,0,0.194028,,,,0.095774,0.128545,0.032771
10-1016-j-conbuildmat-2020-120950,10-1016-j-conbuildmat-2020-120950,Random Forest,regression,158.6|148.9|116.0|175.1|15.0|953.3|719.7,1,,,0,0.487538,,,,0.115358,0.090831,-0.024528
10-1016-j-conbuildmat-2020-120950,10-1016-j-conbuildmat-2020-120950,Random Forest,regression,152.6|238.7|0.0|200.0|6.3|1001.8|683.9,1,,,0,0.536741,,,,0.022084,0.046832,0.024748
10-1016-j-conbuildmat-2020-120950,10-1016-j-conbuildmat-2020-120950,Random Forest,regression,310.0|142.8|0.0|167.9|10.0|914.3|804.0,1,,,0,0.568439,,,,0.003838,0.014773,0.010935
10-1016-j-conbuildmat-2020-120950,10-1016-j-conbuildmat-2020-120950,Random Forest,regression,304.8|0.0|99.6|196.0|9.8|959.4|705.2,1,,,0,0.341211,,,,0.013191,0.042074,0.028883
10-1016-j-conbuildmat-2020-120950,10-1016-j-conbuildmat-2020-120950,Random Forest,regression,150.9|0.0|183.9|166.6|11.6|991.2|772.2,1,,,0,1.213226,,,,0.024550,0.006033,-0.018518
10-1016-j-conbuildmat-2020-120950,10-1016-j-conbuildmat-2020-120950,Random Forest,regression,141.9|166.6|129.7|173.5|10.9|882.6|785.3,1,,,0,0.526921,,,,0.219568,0.224035,0.004467
10-1016-j-conbuildmat-2020-120950,10-1016-j-conbuildmat-2020-120950,Random Forest,regression,297.8|137.2|106.9|201.3|6.0|878.4|655.3,1,,,0,1.060962,,,,0.175895,0.185934,0.010039
10-1016-j-conbuildmat-2020-120950,10-1016-j-conbuildmat-2020-120950,Random Forest,regression,321.3|164.2|0.0|190.5|4.6|870.0|774.0,1,,,0,1.282270,,,,0.099277,0.106919,0.007642
10-1016-j-conbuildmat-2020-120950,10-1016-j-conbuildmat-2020-120950,Random Forest,regression,366.0|187.0|0.0|191.3|6.6|824.3|756.9,1,,,0,1.803009,,,,0.223139,0.221977,-0.001162
10-1016-j-conbuildmat-2020-120950,10-1016-j-conbuildmat-2020-120950,Random Forest,regression,279.8|128.9|100.4|172.4|9.5|825.1|804.9,1,,,0,1.019154,,,,0.101816,0.095960,-0.005856
10-1016-j-conbuildmat-2020-120950,10-1016-j-conbuildmat-2020-120950,Random Forest,regression,252.1|97.1|75.6|193.8|8.3|835.5|821.4,1,,,0,0.144896,,,,0.020099,0.016416,-0.003683
10-1016-j-conbuildmat-2020-120950,10-1016-j-conbuildmat-2020-120950,Random Forest,regression,164.6|0.0|150.4|181.6|11.7|1023.3|728.9,1,,,0,1.065577,,,,0.109931,0.089240,-0.020691
10-1016-j-conbuildmat-2020-120950,10-1016-j-conbuildmat-2020-120950,Random Forest,regression,155.6|243.5|0.0|180.3|10.7|1022.0|697.7,1,,,0,0.092607,,,,0.106422,0.116580,0.010159
10-1016-j-conbuildmat-2020-120950,10-1016-j-conbuildmat-2020-120950,Random Forest,regression,160.2|188.0|146.4|203.2|11.3|828.7|709.7,1,,,0,0.030173,,,,0.077142,0.062828,-0.014313
10-1016-j-conbuildmat-2020-120950,10-1016-j-conbuildmat-2020-120950,Random Forest,regression,298.1|0.0|107.0|186.4|6.1|879.0|815.2,1,,,0,0.409016,,,,0.183499,0.192972,0.009473
10-1016-j-conbuildmat-2020-120950,10-1016-j-conbuildmat-2020-120950,Random Forest,regression,317.9|0.0|126.5|209.7|5.7|860.5|736.6,1,,,0,0.254302,,,,0.099058,0.110802,0.011744
10-1016-j-conbuildmat-2020-120950,10-1016-j-conbuildmat-2020-120950,Random Forest,regression,287.3|120.5|93.9|187.6|9.2|904.4|695.9,1,,,0,0.478172,,,,0.062962,0.048820,-0.014143
10-1016-j-conbuildmat-2020-120950,10-1016-j-conbuildmat-2020-120950,Random Forest,regression,325.6|166.4|0.0|174.0|8.9|881.6|790.0,1,,,0,1.522996,,,,0.096642,0.056822,-0.039821
10-1016-j-conbuildmat-2020-120950,10-1016-j-conbuildmat-2020-120950,Random Forest,regression,355.9|0.0|141.6|193.3|11.0|801.4|778.4,1,,,0,0.302637,,,,0.024527,0.031166,0.006639
10-1016-j-conbuildmat-2020-120950,10-1016-j-conbuildmat-2020-120950,Random Forest,regression,132.0|206.5|160.9|178.9|5.5|866.9|735.6,1,,,0,0.150473,,,,0.039318,0.028504,-0.010814
10-1016-j-conbuildmat-2020-120950,10-1016-j-conbuildmat-2020-120950,Random Forest,regression,322.5|148.6|0.0|185.8|8.5|951.0|709.5,1,,,0,0.995151,,,,0.201765,0.047742,-0.154024
10-1016-j-conbuildmat-2020-120950,10-1016-j-conbuildmat-2020-120950,Random Forest,regression,164.2|0.0|200.1|181.2|12.6|849.3|846.0,1,,,0,1.241897,,,,0.211069,0.041593,-0.169476
10-1016-j-conbuildmat-2020-120950,10-1016-j-conbuildmat-2020-120950,Random Forest,regression,313.8|0.0|112.6|169.9|10.1|925.3|782.9,1,,,0,0.158376,,,,0.078427,0.085947,0.007520
10-1016-j-conbuildmat-2020-120950,10-1016-j-conbuildmat-2020-120950,Random Forest,regression,321.4|0.0|127.9|182.5|11.5|870.1|779.7,1,,,0,0.086741,,,,0.073587,0.090342,0.016755
10-1016-j-conbuildmat-2020-120950,10-1016-j-conbuildmat-2020-120950,Random Forest,regression,139.7|163.9|127.7|236.7|5.8|868.6|655.6,1,,,0,0.035502,,,,0.077500,0.081808,0.004308
10-1016-j-conbuildmat-2020-120950,10-1016-j-conbuildmat-2020-120950,Random Forest,regression,288.4|121.0|0.0|177.4|7.0|907.9|829.5,1,,,0,0.378817,,,,0.002132,0.010913,0.008780
10-1016-j-conbuildmat-2020-120950,10-1016-j-conbuildmat-2020-120950,Random Forest,regression,298.2|0.0|107.0|209.7|11.1|879.6|744.2,1,,,0,0.236237,,,,0.003843,0.005701,0.001858
10-1016-j-conbuildmat-2020-120950,10-1016-j-conbuildmat-2020-120950,Random Forest,regression,264.5|111.0|86.5|195.5|5.9|832.6|790.4,1,,,0,0.342999,,,,0.037997,0.047071,0.009073
10-1016-j-conbuildmat-2020-120950,10-1016-j-conbuildmat-2020-120950,Random Forest,regression,159.8|250.0|0.0|168.4|12.2|1049.3|688.2,1,,,0,0.217989,,,,0.043487,0.031815,-0.011672
10-1016-j-conbuildmat-2020-120950,10-1016-j-conbuildmat-2020-120950,Random Forest,regression,166.0|259.7|0.0|183.2|12.7|858.8|826.8,1,,,0,0.125780,,,,0.001456,0.028675,0.027219
10-1016-j-conbuildmat-2020-120950,10-1016-j-conbuildmat-2020-120950,Random Forest,regression,276.4|116.0|90.3|179.6|8.9|870.1|768.3,1,,,0,0.507297,,,,0.031177,0.001847,-0.029329
10-1016-j-conbuildmat-2020-120950,10-1016-j-conbuildmat-2020-120950,Random Forest,regression,322.2|0.0|115.6|196.0|10.4|817.9|813.4,1,,,0,0.277962,,,,0.075193,0.092550,0.017357
10-1016-j-conbuildmat-2020-120950,10-1016-j-conbuildmat-2020-120950,Random Forest,regression,148.5|139.4|108.6|192.7|6.1|892.4|780.0,1,,,0,0.726281,,,,0.026228,0.016086,-0.010142
10-1016-j-conbuildmat-2020-120950,10-1016-j-conbuildmat-2020-120950,Random Forest,regression,159.1|186.7|0.0|175.6|11.3|989.6|788.9,1,,,0,0.182738,,,,0.003904,0.013315,0.009412
10-1016-j-conbuildmat-2020-120950,10-1016-j-conbuildmat-2020-120950,Random Forest,regression,260.9|100.5|78.3|200.6|8.6|864.5|761.5,1,,,0,0.204716,,,,0.081930,0.079981,-0.001949
10-1016-j-conbuildmat-2020-120950,10-1016-j-conbuildmat-2020-120950,Gradient Boosting,regression,540.0|0.0|0.0|162.0|2.5|1040.0|676.0,1,,,0,2.646477,,,,0.517286,0.464999,-0.052288
10-1016-j-conbuildmat-2020-120950,10-1016-j-conbuildmat-2020-120950,Gradient Boosting,regression,540.0|0.0|0.0|162.0|2.5|1055.0|676.0,1,,,0,1.562036,,,,0.337588,0.040301,-0.297287
10-1016-j-conbuildmat-2020-120950,10-1016-j-conbuildmat-2020-120950,Gradient Boosting,regression,332.5|142.5|0.0|228.0|0.0|932.0|594.0,6,,,0,0.072364,0.068724,,,0.071851,0.104954,0.033103
10-1016-j-conbuildmat-2020-120950,10-1016-j-conbuildmat-2020-120950,Gradient Boosting,regression,198.6|132.4|0.0|192.0|0.0|978.4|825.5,6,,,0,0.391628,0.772684,,,0.032233,0.045691,0.013457
10-1016-j-conbuildmat-2020-120950,10-1016-j-conbuildmat-2020-120950,Gradient Boosting,regression,266.0|114.0|0.0|228.0|0.0|932.0|670.0,5,,,0,0.807619,0.032479,,,0.079593,0.091303,0.011710
10-1016-j-conbuildmat-2020-120950,10-1016-j-conbuildmat-2020-120950,Gradient Boosting,regression,380.0|95.0|0.0|228.0|0.0|932.0|594.0,6,,,0,0.206080,0.054574,,,0.075121,0.056390,-0.018732
10-1016-j-conbuildmat-2020-120950,10-1016-j-conbuildmat-2020-120950,Gradient Boosting,regression,475.0|0.0|0.0|228.0|0.0|932.0|594.0,6,,,0,0.320139,0.010585,,,0.066160,0.113509,0.047349
10-1016-j-conbuildmat-2020-120950,10-1016-j-conbuildmat-2020-120950,Gradient Boosting,regression,427.5|47.5|0.0|228.0|0.0|932.0|594.0,6,,,0,0.277851,0.041526,,,0.059402,0.023037,-0.036365
10-1016-j-conbuildmat-2020-120950,10-1016-j-conbuildmat-2020-120950,Gradient Boosting,regression,190.0|190.0|0.0|228.0|0.0|932.0|670.0,5,,,0,0.666170,0.105163,,,0.117519,0.107541,-0.009978
10-1016-j-conbuildmat-2020-120950,10-1016-j-conbuildmat-2020-120950,Gradient Boosting,regression,304.0|76.0|0.0|228.0|0.0|932.0|670.0,5,,,0,0.944348,0.037315,,,0.125019,0.153008,0.027989
10-1016-j-conbuildmat-2020-120950,10-1016-j-conbuildmat-2020-120950,Gradient Boosting,regression,380.0|0.0|0.0|228.0|0.0|932.0|670.0,4,,,0,1.029975,0.000401,,,0.088314,0.154835,0.066521
10-1016-j-conbuildmat-2020-120950,10-1016-j-conbuildmat-2020-120950,Gradient Boosting,regression,139.6|209.4|0.0|192.0|0.0|1047.0|806.9,6,,,0,0.358784,0.878714,,,0.098029,0.193787,0.095758
10-1016-j-conbuildmat-2020-120950,10-1016-j-conbuildmat-2020-120950,Gradient Boosting,regression,342.0|38.0|0.0|228.0|0.0|932.0|670.0,4,,,0,1.059423,0.024563,,,0.106425,0.156923,0.050498
10-1016-j-conbuildmat-2020-120950,10-1016-j-conbuildmat-2020-120950,Gradient Boosting,regression,237.5|237.5|0.0|228.0|0.0|932.0|594.0,6,,,0,0.118385,0.089396,,,0.131530,0.204020,0.072490
10-1016-j-conbuildmat-2020-120950,10-1016-j-conbuildmat-2020-120950,Gradient Boosting,regression,349.0|0.0|0.0|192.0|0.0|1047.0|806.9,1,,,0,1.244417,,,,0.008729,0.017881,0.009153
10-1016-j-conbuildmat-2020-120950,10-1016-j-conbuildmat-2020-120950,Gradient Boosting,regression,310.0|0.0|0.0|192.0|0.0|971.0|850.6,1,,,0,1.554959,,,,0.090360,0.078020,-0.012340
10-1016-j-conbuildmat-2020-120950,10-1016-j-conbuildmat-2020-120950,Gradient Boosting,regression,485.0|0.0|0.0|146.0|0.0|1120.0|800.0,1,,,0,2.167257,,,,0.259384,0.179416,-0.079968
10-1016-j-conbuildmat-2020-120950,10-1016-j-conbuildmat-2020-120950,Gradient Boosting,regression,374.0|189.2|0.0|170.1|10.1|926.1|756.7,5,,,0,1.093594,0.631449,,,0.169349,0.188878,0.019528
10-1016-j-conbuildmat-2020-120950,10-1016-j-conbuildmat-2020-120950,Gradient Boosting,regression,313.3|262.2|0.0|175.5|8.6|1046.9|611.8,5,,,0,1.008159,0.954586,,,0.042553,0.081025,0.038472
10-1016-j-conbuildmat-2020-120950,10-1016-j-conbuildmat-2020-120950,Gradient Boosting,regression,425.0|106.3|0.0|153.5|16.5|852.1|887.1,15,,,0,1.133518,0.557284,,,0.031069,0.034084,0.003015
10-1016-j-conbuildmat-2020-120950,10-1016-j-conbuildmat-2020-120950,Gradient Boosting,regression,425.0|106.3|0.0|151.4|18.6|936.0|803.7,5,,,0,1.171896,0.627506,,,0.061574,0.087895,0.026321
10-1016-j-conbuildmat-2020-120950,10-1016-j-conbuildmat-2020-120950,Gradient Boosting,regression,375.0|93.8|0.0|126.6|23.4|852.1|992.6,5,,,0,0.902319,0.683150,,,0.065169,0.105893,0.040724
10-1016-j-conbuildmat-2020-120950,10-1016-j-conbuildmat-2020-120950,Gradient Boosting,regression,475.0|118.8|0.0|181.1|8.9|852.1|781.5,5,,,0,1.553118,0.833002,,,0.166704,0.329809,0.163105
10-1016-j-conbuildmat-2020-120950,10-1016-j-conbuildmat-2020-120950,Gradient Boosting,regression,469.0|117.2|0.0|137.8|32.2|852.1|840.5,5,,,0,1.478549,0.601446,,,0.032816,0.046545,0.013729
10-1016-j-conbuildmat-2020-120950,10-1016-j-conbuildmat-2020-120950,Gradient Boosting,regression,388.6|97.1|0.0|157.9|12.1|852.1|925.7,5,,,0,0.570284,0.610822,,,0.095240,0.247387,0.152147
10-1016-j-conbuildmat-2020-120950,10-1016-j-conbuildmat-2020-120950,Gradient Boosting,regression,531.3|0.0|0.0|141.8|28.2|852.1|893.7,5,,,0,1.004592,0.230048,,,0.087868,0.297840,0.209972
10-1016-j-conbuildmat-2020-120950,10-1016-j-conbuildmat-2020-120950,Gradient Boosting,regression,318.8|212.5|0.0|155.7|14.3|852.1|880.4,5,,,0,0.832561,1.355130,,,0.098332,0.116774,0.018442
10-1016-j-conbuildmat-2020-120950,10-1016-j-conbuildmat-2020-120950,Gradient Boosting,regression,401.8|94.7|0.0|147.4|11.4|946.8|852.1,5,,,0,1.609688,0.777731,,,0.140121,0.208279,0.068158
10-1016-j-conbuildmat-2020-120950,10-1016-j-conbuildmat-2020-120950,Gradient Boosting,regression,362.6|189.0|0.0|164.9|11.6|944.7|755.8,20,,,0,1.608551,1.391322,,,0.118852,0.152867,0.034014
10-1016-j-conbuildmat-2020-120950,10-1016-j-conbuildmat-2020-120950,Gradient Boosting,regression,323.7|282.8|0.0|183.8|10.3|942.7|659.9,4,,,0,1.347941,2.074545,,,0.318377,0.406173,0.087796
10-1016-j-conbuildmat-2020-120950,10-1016-j-conbuildmat-2020-120950,Gradient Boosting,regression,379.5|151.2|0.0|153.9|15.9|1134.3|605.0,5,,,0,0.724233,0.460615,,,0.111860,0.674577,0.562717
10-1016-j-conbuildmat-2020-120950,10-1016-j-conbuildmat-2020-120950,Gradient Boosting,regression,286.3|200.9|0.0|144.7|11.2|1004.6|803.7,5,,,0,1.212705,1.973274,,,0.217400,0.234867,0.017468
10-1016-j-conbuildmat-2020-120950,10-1016-j-conbuildmat-2020-120950,Gradient Boosting,regression,439.0|177.0|0.0|186.0|11.1|884.9|707.9,5,,,0,1.531469,0.709978,,,0.109262,0.232562,0.123300
10-1016-j-conbuildmat-2020-120950,10-1016-j-conbuildmat-2020-120950,Gradient Boosting,regression,389.9|189.0|0.0|145.9|22.0|944.7|755.8,5,,,0,1.889964,1.104785,,,0.079295,0.150526,0.071231
10-1016-j-conbuildmat-2020-120950,10-1016-j-conbuildmat-2020-120950,Gradient Boosting,regression,337.9|189.0|0.0|174.9|9.5|944.7|755.8,5,,,0,0.694123,1.142209,,,0.132222,0.181263,0.049041
10-1016-j-conbuildmat-2020-120950,10-1016-j-conbuildmat-2020-120950,Gradient Boosting,regression,222.36|0.0|96.67|189.29|4.46|967.08|870.32,5,,,0,0.577613,0.393317,,,0.099079,0.080792,-0.018287
10-1016-j-conbuildmat-2020-120950,10-1016-j-conbuildmat-2020-120950,Gradient Boosting,regression,233.81|0.0|94.58|197.89|4.567|947.04|852.16,5,,,0,0.740023,0.280879,,,0.070333,0.064554,-0.005779
10-1016-j-conbuildmat-2020-120950,10-1016-j-conbuildmat-2020-120950,Gradient Boosting,regression,194.68|0.0|100.52|165.62|7.48|1006.4|905.9,5,,,0,0.536804,0.333157,,,0.057859,0.090802,0.032943
10-1016-j-conbuildmat-2020-120950,10-1016-j-conbuildmat-2020-120950,Gradient Boosting,regression,190.68|0.0|125.4|162.14|7.77|1090.0|804.01,5,,,0,0.489275,0.384263,,,0.056935,0.057066,0.000131
10-1016-j-conbuildmat-2020-120950,10-1016-j-conbuildmat-2020-120950,Gradient Boosting,regression,212.07|0.0|121.62|180.31|5.69|1057.6|779.32,5,,,0,0.565171,0.412869,,,0.044757,0.091921,0.047165
10-1016-j-conbuildmat-2020-120950,10-1016-j-conbuildmat-2020-120950,Gradient Boosting,regression,229.97|0.0|118.31|195.47|4.63|1029.4|758.59,5,,,0,0.693075,0.354048,,,0.062420,0.086776,0.024357
10-1016-j-conbuildmat-2020-120950,10-1016-j-conbuildmat-2020-120950,Gradient Boosting,regression,190.34|0.0|125.18|161.85|9.88|1088.1|802.59,5,,,0,0.475257,0.570100,,,0.052556,0.042862,-0.009693
10-1016-j-conbuildmat-2020-120950,10-1016-j-conbuildmat-2020-120950,Gradient Boosting,regression,166.09|0.0|163.27|176.46|4.49|1058.6|780.09,5,,,0,0.711406,0.264753,,,0.120384,0.121889,0.001505
10-1016-j-conbuildmat-2020-120950,10-1016-j-conbuildmat-2020-120950,Gradient Boosting,regression,167.95|42.08|163.83|121.75|5.72|1058.7|780.11,5,,,0,0.688015,0.547934,,,0.135046,0.282807,0.147760
10-1016-j-conbuildmat-2020-120950,10-1016-j-conbuildmat-2020-120950,Gradient Boosting,regression,213.72|98.05|24.51|181.71|6.86|1065.8|785.38,5,,,0,0.236673,0.821424,,,0.161727,0.201475,0.039748
10-1016-j-conbuildmat-2020-120950,10-1016-j-conbuildmat-2020-120950,Gradient Boosting,regression,213.76|98.06|24.52|181.74|6.65|1066.0|785.52,5,,,0,0.129121,1.038808,,,0.147052,0.156555,0.009502
10-1016-j-conbuildmat-2020-120950,10-1016-j-conbuildmat-2020-120950,Gradient Boosting,regression,229.68|0.0|118.16|195.23|6.13|1028.1|757.63,5,,,0,0.561439,0.378941,,,0.069975,0.067069,-0.002906
10-1016-j-conbuildmat-2020-120950,10-1016-j-conbuildmat-2020-120950,Gradient Boosting,regression,238.05|0.0|94.11|186.66|7.0|949.91|847.01,5,,,0,0.232721,0.354853,,,0.096001,0.163942,0.067941
10-1016-j-conbuildmat-2020-120950,10-1016-j-conbuildmat-2020-120950,Gradient Boosting,regression,250.0|0.0|95.69|187.42|5.53|956.86|861.17,5,,,0,0.366431,0.455537,,,0.073810,0.082414,0.008604
10-1016-j-conbuildmat-2020-120950,10-1016-j-conbuildmat-2020-120950,Gradient Boosting,regression,212.52|0.0|100.37|159.32|8.71|1007.8|903.59,5,,,0,0.266232,0.537848,,,0.052051,0.093077,0.041027
10-1016-j-conbuildmat-2020-120950,10-1016-j-conbuildmat-2020-120950,Gradient Boosting,regression,212.57|0.0|100.39|159.35|10.37|1003.8|903.79,5,,,0,0.130448,0.723547,,,0.074799,0.103923,0.029124
10-1016-j-conbuildmat-2020-120950,10-1016-j-conbuildmat-2020-120950,Gradient Boosting,regression,212.0|0.0|124.78|159.0|7.84|1085.4|799.54,5,,,0,0.038265,0.464928,,,0.097486,0.200227,0.102742
10-1016-j-conbuildmat-2020-120950,10-1016-j-conbuildmat-2020-120950,Gradient Boosting,regression,231.75|0.0|121.62|173.96|6.72|1056.4|778.45,5,,,0,0.175820,0.541937,,,0.033756,0.034594,0.000837
10-1016-j-conbuildmat-2020-120950,10-1016-j-conbuildmat-2020-120950,Gradient Boosting,regression,251.37|0.0|118.27|188.45|5.75|1028.4|757.73,5,,,0,0.261421,0.344304,,,0.082498,0.073950,-0.008548
10-1016-j-conbuildmat-2020-120950,10-1016-j-conbuildmat-2020-120950,Gradient Boosting,regression,251.37|0.0|118.27|188.45|6.35|1028.4|757.73,5,,,0,0.337234,0.508329,,,0.042711,0.051048,0.008336
10-1016-j-conbuildmat-2020-120950,10-1016-j-conbuildmat-2020-120950,Gradient Boosting,regression,181.38|0.0|167.01|169.59|7.56|1055.6|777.8,5,,,0,0.422918,0.539593,,,0.056743,0.058807,0.002064
10-1016-j-conbuildmat-2020-120950,10-1016-j-conbuildmat-2020-120950,Gradient Boosting,regression,182.04|45.21|121.97|170.21|8.19|1059.4|780.65,5,,,0,0.322801,1.001175,,,0.066796,0.085112,0.018316
10-1016-j-conbuildmat-2020-120950,10-1016-j-conbuildmat-2020-120950,Gradient Boosting,regression,168.88|42.22|124.25|158.33|10.83|1080.8|796.15,5,,,0,0.358054,0.865781,,,0.080978,0.084586,0.003609
10-1016-j-conbuildmat-2020-120950,10-1016-j-conbuildmat-2020-120950,Gradient Boosting,regression,290.35|0.0|96.18|168.08|9.41|961.18|865.0,5,,,0,0.082807,0.383193,,,0.063684,0.084120,0.020436
10-1016-j-conbuildmat-2020-120950,10-1016-j-conbuildmat-2020-120950,Gradient Boosting,regression,277.05|0.0|97.39|160.6|11.83|973.9|875.61,5,,,0,0.491983,0.575171,,,0.138833,0.114008,-0.024825
10-1016-j-conbuildmat-2020-120950,10-1016-j-conbuildmat-2020-120950,Gradient Boosting,regression,295.71|0.0|95.64|171.54|8.87|955.14|859.2,5,,,0,0.238083,0.477358,,,0.029247,0.045529,0.016282
10-1016-j-conbuildmat-2020-120950,10-1016-j-conbuildmat-2020-120950,Gradient Boosting,regression,251.81|0.0|99.94|146.14|12.35|1006.0|899.76,5,,,0,0.015153,0.346911,,,0.120572,0.197610,0.077038
10-1016-j-conbuildmat-2020-120950,10-1016-j-conbuildmat-2020-120950,Gradient Boosting,regression,249.1|0.0|98.75|158.11|12.8|987.76|889.01,5,,,0,0.133683,0.661594,,,0.101339,0.123494,0.022156
10-1016-j-conbuildmat-2020-120950,10-1016-j-conbuildmat-2020-120950,Gradient Boosting,regression,252.31|0.0|98.75|146.25|14.17|987.76|889.01,5,,,0,0.629923,0.843354,,,0.157487,0.247792,0.090305
10-1016-j-conbuildmat-2020-120950,10-1016-j-conbuildmat-2020-120950,Gradient Boosting,regression,246.83|0.0|125.08|143.3|11.99|1086.8|800.89,5,,,0,0.792830,1.022580,,,0.115066,0.252417,0.137351
10-1016-j-conbuildmat-2020-120950,10-1016-j-conbuildmat-2020-120950,Gradient Boosting,regression,275.07|0.0|121.35|159.48|9.9|1053.6|777.5,5,,,0,0.604707,0.761327,,,0.124495,0.136857,0.012362
10-1016-j-conbuildmat-2020-120950,10-1016-j-conbuildmat-2020-120950,Gradient Boosting,regression,297.16|0.0|117.54|174.8|9.52|1022.8|753.45,5,,,0,0.432095,0.688317,,,0.085688,0.095501,0.009813
10-1016-j-conbuildmat-2020-120950,10-1016-j-conbuildmat-2020-120950,Gradient Boosting,regression,213.74|0.0|174.74|154.79|10.16|1053.5|776.35,5,,,0,0.109267,0.589678,,,0.080844,0.060140,-0.020704
10-1016-j-conbuildmat-2020-120950,10-1016-j-conbuildmat-2020-120950,Gradient Boosting,regression,213.5|0.0|174.24|154.61|11.66|1052.3|775.48,5,,,0,0.344753,0.965591,,,0.112719,0.105920,-0.006799
10-1016-j-conbuildmat-2020-120950,10-1016-j-conbuildmat-2020-120950,Gradient Boosting,regression,277.19|97.82|24.46|160.7|11.19|1061.7|782.46,5,,,0,1.154726,0.904740,,,0.173171,0.210138,0.036967
10-1016-j-conbuildmat-2020-120950,10-1016-j-conbuildmat-2020-120950,Gradient Boosting,regression,218.23|54.64|123.78|140.75|11.91|1075.7|792.67,5,,,0,0.785779,0.949446,,,0.139017,0.175014,0.035997
10-1016-j-conbuildmat-2020-120950,10-1016-j-conbuildmat-2020-120950,Gradient Boosting,regression,214.9|53.8|121.89|155.63|9.61|1014.3|780.58,5,,,0,0.485098,0.922765,,,0.097158,0.085549,-0.011608
10-1016-j-conbuildmat-2020-120950,10-1016-j-conbuildmat-2020-120950,Gradient Boosting,regression,218.85|0.0|124.13|158.49|11.33|1078.7|794.91,5,,,0,0.288544,0.483856,,,0.128547,0.197149,0.068602
10-1016-j-conbuildmat-2020-120950,10-1016-j-conbuildmat-2020-120950,Gradient Boosting,regression,376.0|0.0|0.0|214.6|0.0|1003.5|762.36,5,,,0,0.311106,0.374651,,,0.034731,0.034521,-0.000210
10-1016-j-conbuildmat-2020-120950,10-1016-j-conbuildmat-2020-120950,Gradient Boosting,regression,500.0|0.0|0.0|140.0|4.0|966.0|853.0,1,,,0,1.902447,,,,0.184108,0.147024,-0.037084
10-1016-j-conbuildmat-2020-120950,10-1016-j-conbuildmat-2020-120950,Gradient Boosting,regression,475.0|0.0|59.0|142.0|1.9|1098.0|641.0,1,,,0,1.282766,,,,0.365828,0.343575,-0.022254
10-1016-j-conbuildmat-2020-120950,10-1016-j-conbuildmat-2020-120950,Gradient Boosting,regression,315.0|137.0|0.0|145.0|5.9|1130.0|745.0,1,,,0,2.752236,,,,0.746238,0.684748,-0.061490
10-1016-j-conbuildmat-2020-120950,10-1016-j-conbuildmat-2020-120950,Gradient Boosting,regression,505.0|0.0|60.0|195.0|0.0|1030.0|630.0,1,,,0,1.689690,,,,0.622861,0.642019,0.019157
10-1016-j-conbuildmat-2020-120950,10-1016-j-conbuildmat-2020-120950,Gradient Boosting,regression,451.0|0.0|0.0|165.0|11.25|1030.0|745.0,1,,,0,2.575420,,,,0.661296,0.679242,0.017947
10-1016-j-conbuildmat-2020-120950,10-1016-j-conbuildmat-2020-120950,Gradient Boosting,regression,516.0|0.0|0.0|162.0|8.2|801.0|802.0,1,,,0,0.332589,,,,0.220782,0.292975,0.072193
10-1016-j-conbuildmat-2020-120950,10-1016-j-conbuildmat-2020-120950,Gradient Boosting,regression,520.0|0.0|0.0|170.0|5.2|855.0|855.0,1,,,0,1.465778,,,,0.027182,0.062365,0.035183
10-1016-j-conbuildmat-2020-120950,10-1016-j-conbuildmat-2020-120950,Gradient Boosting,regression,528.0|0.0|0.0|185.0|6.86|920.0|720.0,1,,,0,1.259218,,,,0.130058,0.123953,-0.006105
10-1016-j-conbuildmat-2020-120950,10-1016-j-conbuildmat-2020-120950,Gradient Boosting,regression,520.0|0.0|0.0|175.0|5.2|870.0|805.0,1,,,0,0.910957,,,,0.312360,0.249987,-0.062372
10-1016-j-conbuildmat-2020-120950,10-1016-j-conbuildmat-2020-120950,Gradient Boosting,regression,385.0|0.0|136.0|158.0|20.0|903.0|768.0,1,,,0,1.182378,,,,0.059226,0.034648,-0.024578
10-1016-j-conbuildmat-2020-120950,10-1016-j-conbuildmat-2020-120950,Gradient Boosting,regression,500.1|0.0|0.0|200.0|3.0|1124.4|613.2,1,,,0,0.498250,,,,0.065879,0.076625,0.010746
10-1016-j-conbuildmat-2020-120950,10-1016-j-conbuildmat-2020-120950,Gradient Boosting,regression,450.1|50.0|0.0|200.0|3.0|1124.4|613.2,1,,,0,0.213197,,,,0.390438,0.491466,0.101028
10-1016-j-conbuildmat-2020-120950,10-1016-j-conbuildmat-2020-120950,Gradient Boosting,regression,397.0|17.2|158.0|167.0|20.8|967.0|633.0,1,,,0,1.188161,,,,0.073290,0.006396,-0.066894
10-1016-j-conbuildmat-2020-120950,10-1016-j-conbuildmat-2020-120950,Gradient Boosting,regression,333.0|17.5|163.0|167.0|17.9|996.0|652.0,1,,,0,0.686633,,,,0.070086,0.079368,0.009282
10-1016-j-conbuildmat-2020-120950,10-1016-j-conbuildmat-2020-120950,Gradient Boosting,regression,334.0|17.6|158.0|189.0|15.3|967.0|633.0,1,,,0,0.509817,,,,0.185651,0.137128,-0.048522
10-1016-j-conbuildmat-2020-120950,10-1016-j-conbuildmat-2020-120950,Gradient Boosting,regression,405.0|0.0|0.0|175.0|0.0|1120.0|695.0,1,,,0,0.987798,,,,0.103686,0.100537,-0.003150
10-1016-j-conbuildmat-2020-120950,10-1016-j-conbuildmat-2020-120950,Gradient Boosting,regression,200.0|200.0|0.0|190.0|0.0|1145.0|660.0,1,,,0,0.804785,,,,0.331446,0.377156,0.045709
10-1016-j-conbuildmat-2020-120950,10-1016-j-conbuildmat-2020-120950,Gradient Boosting,regression,516.0|0.0|0.0|162.0|8.26|801.0|802.0,1,,,0,0.332589,,,,0.275277,0.260038,-0.015239
10-1016-j-conbuildmat-2020-120950,10-1016-j-conbuildmat-2020-120950,Gradient Boosting,regression,145.0|116.0|119.0|184.0|5.7|833.0|880.0,1,,,0,0.399048,,,,0.005655,0.030183,0.024528
10-1016-j-conbuildmat-2020-120950,10-1016-j-conbuildmat-2020-120950,Gradient Boosting,regression,160.0|128.0|122.0|182.0|6.4|824.0|879.0,1,,,0,0.214436,,,,0.235278,0.169988,-0.065290
10-1016-j-conbuildmat-2020-120950,10-1016-j-conbuildmat-2020-120950,Gradient Boosting,regression,234.0|156.0|0.0|189.0|5.85|981.0|760.0,1,,,0,0.208652,,,,0.168343,0.164019,-0.004324
10-1016-j-conbuildmat-2020-120950,10-1016-j-conbuildmat-2020-120950,Gradient Boosting,regression,250.0|180.0|95.0|159.0|9.45|860.0|800.0,1,,,0,1.920211,,,,0.681111,0.616214,-0.064896
10-1016-j-conbuildmat-2020-120950,10-1016-j-conbuildmat-2020-120950,Gradient Boosting,regression,475.0|0.0|0.0|162.0|9.5|1044.0|662.0,1,,,0,1.360433,,,,0.127955,0.063869,-0.064086
10-1016-j-conbuildmat-2020-120950,10-1016-j-conbuildmat-2020-120950,Gradient Boosting,regression,285.0|190.0|0.0|163.0|7.6|1031.0|685.0,1,,,0,1.064225,,,,0.075169,0.032559,-0.042609
10-1016-j-conbuildmat-2020-120950,10-1016-j-conbuildmat-2020-120950,Gradient Boosting,regression,356.0|119.0|0.0|160.0|9.03|1061.0|657.0,1,,,0,1.388938,,,,0.010977,0.069551,0.058573
10-1016-j-conbuildmat-2020-120950,10-1016-j-conbuildmat-2020-120950,Gradient Boosting,regression,275.0|180.0|120.0|162.0|10.35|830.0|765.0,1,,,0,2.421740,,,,0.624262,0.623317,-0.000945
10-1016-j-conbuildmat-2020-120950,10-1016-j-conbuildmat-2020-120950,Gradient Boosting,regression,500.0|0.0|0.0|151.0|9.0|1033.0|655.0,1,,,0,2.038364,,,,0.238232,0.201261,-0.036971
10-1016-j-conbuildmat-2020-120950,10-1016-j-conbuildmat-2020-120950,Gradient Boosting,regression,165.0|0.02|143.57|163.81|0.0|1005.6|900.9,5,,,0,0.566581,0.421763,,,0.071930,0.078418,0.006489
10-1016-j-conbuildmat-2020-120950,10-1016-j-conbuildmat-2020-120950,Gradient Boosting,regression,165.0|128.5|132.1|175.06|8.08|1005.8|746.6,5,,,0,0.343425,0.818384,,,0.113938,0.156371,0.042433
10-1016-j-conbuildmat-2020-120950,10-1016-j-conbuildmat-2020-120950,Gradient Boosting,regression,178.03|129.8|118.6|179.94|3.57|1007.3|746.8,5,,,0,0.163846,0.507748,,,0.121528,0.158669,0.037140
10-1016-j-conbuildmat-2020-120950,10-1016-j-conbuildmat-2020-120950,Gradient Boosting,regression,167.35|129.9|128.62|175.46|7.79|1006.3|746.6,5,,,0,0.171394,0.905000,,,0.059542,0.080422,0.020880
10-1016-j-conbuildmat-2020-120950,10-1016-j-conbuildmat-2020-120950,Gradient Boosting,regression,172.38|13.61|172.37|156.76|4.14|1006.3|856.4,5,,,0,0.250555,0.150870,,,0.144856,0.156642,0.011786
10-1016-j-conbuildmat-2020-120950,10-1016-j-conbuildmat-2020-120950,Gradient Boosting,regression,173.54|50.05|173.53|164.77|6.47|1006.2|793.5,5,,,0,0.301123,0.700036,,,0.153971,0.248730,0.094758
10-1016-j-conbuildmat-2020-120950,10-1016-j-conbuildmat-2020-120950,Gradient Boosting,regression,167.0|75.4|167.0|164.03|7.91|1007.3|770.1,5,,,0,0.252848,0.998626,,,0.086442,0.092165,0.005724
10-1016-j-conbuildmat-2020-120950,10-1016-j-conbuildmat-2020-120950,Gradient Boosting,regression,173.81|93.37|159.9|172.34|9.73|1007.2|746.6,5,,,0,0.048302,0.752941,,,0.058622,0.090349,0.031726
10-1016-j-conbuildmat-2020-120950,10-1016-j-conbuildmat-2020-120950,Gradient Boosting,regression,190.34|0.0|125.18|166.61|9.88|1079.0|798.9,5,,,0,0.685693,0.271009,,,0.117444,0.125244,0.007800
10-1016-j-conbuildmat-2020-120950,10-1016-j-conbuildmat-2020-120950,Gradient Boosting,regression,250.0|0.0|95.69|191.84|5.33|948.9|857.2,5,,,0,0.456179,0.627149,,,0.085239,0.094316,0.009077
10-1016-j-conbuildmat-2020-120950,10-1016-j-conbuildmat-2020-120950,Gradient Boosting,regression,213.5|0.0|174.24|159.21|11.66|1043.6|771.9,5,,,0,0.180021,0.905700,,,0.096988,0.096091,-0.000897
10-1016-j-conbuildmat-2020-120950,10-1016-j-conbuildmat-2020-120950,Gradient Boosting,regression,194.68|0.0|100.52|170.17|7.48|998.0|901.8,5,,,0,0.212897,0.679746,,,0.130128,0.131168,0.001039
10-1016-j-conbuildmat-2020-120950,10-1016-j-conbuildmat-2020-120950,Gradient Boosting,regression,251.37|0.0|118.27|192.94|5.75|1043.6|754.3,5,,,0,0.405333,0.541740,,,0.075697,0.071516,-0.004182
10-1016-j-conbuildmat-2020-120950,10-1016-j-conbuildmat-2020-120950,Gradient Boosting,regression,446.0|24.0|79.0|162.0|11.61|967.0|712.0,4,,,0,0.934338,0.457416,,,0.120920,0.166832,0.045912
10-1016-j-conbuildmat-2020-120950,10-1016-j-conbuildmat-2020-120950,Gradient Boosting,regression,446.0|24.0|79.0|162.0|11.64|967.0|712.0,8,,,0,0.346773,0.572076,,,0.156038,0.271741,0.115703
10-1016-j-conbuildmat-2020-120950,10-1016-j-conbuildmat-2020-120950,Gradient Boosting,regression,446.0|24.0|79.0|162.0|10.3|967.0|712.0,2,,,0,1.095034,0.003408,,,0.093106,0.124275,0.031169
10-1016-j-conbuildmat-2020-120950,10-1016-j-conbuildmat-2020-120950,Gradient Boosting,regression,387.0|20.0|94.0|157.0|14.32|938.0|845.0,4,,,0,0.343919,0.798921,,,0.093437,0.072361,-0.021076
10-1016-j-conbuildmat-2020-120950,10-1016-j-conbuildmat-2020-120950,Gradient Boosting,regression,387.0|20.0|94.0|157.0|13.93|938.0|845.0,4,,,0,0.342366,0.409601,,,0.182152,0.217523,0.035371
10-1016-j-conbuildmat-2020-120950,10-1016-j-conbuildmat-2020-120950,Gradient Boosting,regression,387.0|20.0|94.0|157.0|11.61|938.0|845.0,4,,,0,0.620587,0.458511,,,0.144330,0.126733,-0.017597
10-1016-j-conbuildmat-2020-120950,10-1016-j-conbuildmat-2020-120950,Gradient Boosting,regression,355.0|19.0|97.0|145.0|13.13|967.0|871.0,1,,,0,0.492053,,,,0.274012,0.338437,0.064425
10-1016-j-conbuildmat-2020-120950,10-1016-j-conbuildmat-2020-120950,Gradient Boosting,regression,355.0|19.0|97.0|145.0|12.25|967.0|871.0,1,,,0,1.176594,,,,0.191487,0.152626,-0.038862
10-1016-j-conbuildmat-2020-120950,10-1016-j-conbuildmat-2020-120950,Gradient Boosting,regression,491.0|26.0|123.0|210.0|3.93|882.0|699.0,4,,,0,0.465244,0.984517,,,0.186588,0.196343,0.009755
10-1016-j-conbuildmat-2020-120950,10-1016-j-conbuildmat-2020-120950,Gradient Boosting,regression,491.0|26.0|123.0|201.0|3.93|822.0|699.0,4,,,0,0.660585,0.868232,,,0.149575,0.256528,0.106953
10-1016-j-conbuildmat-2020-120950,10-1016-j-conbuildmat-2020-120950,Gradient Boosting,regression,424.0|22.0|132.0|178.0|8.48|822.0|750.0,3,,,0,1.186710,0.752669,,,0.153130,0.207976,0.054847
10-1016-j-conbuildmat-2020-120950,10-1016-j-conbuildmat-2020-120950,Gradient Boosting,regression,424.0|22.0|132.0|178.0|8.48|882.0|750.0,1,,,0,0.228075,,,,0.059908,0.025445,-0.034463
10-1016-j-conbuildmat-2020-120950,10-1016-j-conbuildmat-2020-120950,Gradient Boosting,regression,424.0|22.0|132.0|168.0|8.92|822.0|750.0,4,,,0,1.135568,1.691343,,,0.241083,0.233299,-0.007784
10-1016-j-conbuildmat-2020-120950,10-1016-j-conbuildmat-2020-120950,Gradient Boosting,regression,202.0|11.0|141.0|206.0|1.72|942.0|801.0,4,,,0,1.098802,0.140376,,,0.143344,0.130214,-0.013130
10-1016-j-conbuildmat-2020-120950,10-1016-j-conbuildmat-2020-120950,Gradient Boosting,regression,284.0|15.0|141.0|179.0|5.46|842.0|801.0,4,,,0,0.262761,0.836575,,,0.169162,0.147586,-0.021576
10-1016-j-conbuildmat-2020-120950,10-1016-j-conbuildmat-2020-120950,Gradient Boosting,regression,359.0|19.0|141.0|154.0|10.91|942.0|801.0,8,,,0,0.712928,1.282191,,,0.166026,0.209550,0.043525
10-1016-j-conbuildmat-2020-120950,10-1016-j-conbuildmat-2020-120950,Gradient Boosting,regression,436.0|0.0|0.0|218.0|0.0|838.4|719.7,1,,,0,0.717151,,,,0.418504,0.465005,0.046501
10-1016-j-conbuildmat-2020-120950,10-1016-j-conbuildmat-2020-120950,Gradient Boosting,regression,289.0|0.0|0.0|192.0|0.0|913.2|895.3,4,,,0,0.892054,0.324623,,,0.022355,0.030419,0.008064
10-1016-j-conbuildmat-2020-120950,10-1016-j-conbuildmat-2020-120950,Gradient Boosting,regression,393.0|0.0|0.0|192.0|0.0|940.6|785.6,4,,,0,0.118357,0.607850,,,0.117425,0.089510,-0.027915
10-1016-j-conbuildmat-2020-120950,10-1016-j-conbuildmat-2020-120950,Gradient Boosting,regression,480.0|0.0|0.0|192.0|0.0|936.2|712.2,4,,,0,0.209739,0.585588,,,0.035042,0.050494,0.015452
10-1016-j-conbuildmat-2020-120950,10-1016-j-conbuildmat-2020-120950,Gradient Boosting,regression,333.0|0.0|0.0|192.0|0.0|931.2|842.6,4,,,0,0.459764,0.449798,,,0.093342,0.107657,0.014315
10-1016-j-conbuildmat-2020-120950,10-1016-j-conbuildmat-2020-120950,Gradient Boosting,regression,255.0|0.0|0.0|192.0|0.0|889.8|945.0,4,,,0,1.265561,0.155536,,,0.114048,0.168333,0.054284
10-1016-j-conbuildmat-2020-120950,10-1016-j-conbuildmat-2020-120950,Gradient Boosting,regression,158.8|238.2|0.0|185.7|0.0|1040.6|734.3,2,,,0,1.228073,0.235117,,,0.186084,0.204305,0.018221
10-1016-j-conbuildmat-2020-120950,10-1016-j-conbuildmat-2020-120950,Gradient Boosting,regression,239.6|359.4|0.0|185.7|0.0|941.6|664.3,2,,,0,0.203261,0.351267,,,0.075871,0.028285,-0.047586
10-1016-j-conbuildmat-2020-120950,10-1016-j-conbuildmat-2020-120950,Gradient Boosting,regression,238.2|158.8|0.0|185.7|0.0|1040.6|734.3,2,,,0,0.870583,0.225589,,,0.125489,0.097357,-0.028132
10-1016-j-conbuildmat-2020-120950,10-1016-j-conbuildmat-2020-120950,Gradient Boosting,regression,181.9|272.8|0.0|185.7|0.0|1012.4|714.3,2,,,0,0.939455,0.434013,,,0.143406,0.167424,0.024019
10-1016-j-conbuildmat-2020-120950,10-1016-j-conbuildmat-2020-120950,Gradient Boosting,regression,193.5|290.2|0.0|185.7|0.0|998.2|704.3,2,,,0,0.654001,0.426052,,,0.106793,0.113493,0.006700
10-1016-j-conbuildmat-2020-120950,10-1016-j-conbuildmat-2020-120950,Gradient Boosting,regression,255.5|170.3|0.0|185.7|0.0|1026.6|724.3,2,,,0,0.670169,0.392981,,,0.096339,0.084605,-0.011733
10-1016-j-conbuildmat-2020-120950,10-1016-j-conbuildmat-2020-120950,Gradient Boosting,regression,272.8|181.9|0.0|185.7|0.0|1012.4|714.3,2,,,0,0.614427,0.241519,,,0.153224,0.129263,-0.023961
10-1016-j-conbuildmat-2020-120950,10-1016-j-conbuildmat-2020-120950,Gradient Boosting,regression,220.8|147.2|0.0|185.7|0.0|1055.0|744.3,2,,,0,0.983661,0.287031,,,0.122687,0.127683,0.004996
10-1016-j-conbuildmat-2020-120950,10-1016-j-conbuildmat-2020-120950,Gradient Boosting,regression,397.0|0.0|0.0|185.7|0.0|1040.6|734.3,2,,,0,0.393006,0.104265,,,0.150145,0.154471,0.004326
10-1016-j-conbuildmat-2020-120950,10-1016-j-conbuildmat-2020-120950,Gradient Boosting,regression,382.5|0.0|0.0|185.7|0.0|1047.8|739.3,2,,,0,0.303850,0.319910,,,0.048167,0.021763,-0.026404
10-1016-j-conbuildmat-2020-120950,10-1016-j-conbuildmat-2020-120950,Gradient Boosting,regression,210.7|316.1|0.0|185.7|0.0|977.0|689.3,2,,,0,0.359924,0.457722,,,0.054857,0.056513,0.001657
10-1016-j-conbuildmat-2020-120950,10-1016-j-conbuildmat-2020-120950,Gradient Boosting,regression,295.8|0.0|0.0|185.7|0.0|1091.4|769.3,2,,,0,0.946878,0.192778,,,0.014648,0.027044,0.012397
10-1016-j-conbuildmat-2020-120950,10-1016-j-conbuildmat-2020-120950,Gradient Boosting,regression,203.5|135.7|0.0|185.7|0.0|1076.2|759.3,2,,,0,1.111005,0.204197,,,0.106172,0.152017,0.045844
10-1016-j-conbuildmat-2020-120950,10-1016-j-conbuildmat-2020-120950,Gradient Boosting,regression,381.4|0.0|0.0|185.7|0.0|1104.6|784.3,2,,,0,1.037749,0.113214,,,0.282325,0.248349,-0.033976
10-1016-j-conbuildmat-2020-120950,10-1016-j-conbuildmat-2020-120950,Gradient Boosting,regression,228.0|342.1|0.0|185.7|0.0|955.8|674.3,2,,,0,0.300460,0.565831,,,0.021124,0.029445,0.008321
10-1016-j-conbuildmat-2020-120950,10-1016-j-conbuildmat-2020-120950,Gradient Boosting,regression,316.1|210.7|0.0|185.7|0.0|977.0|689.3,2,,,0,0.254827,0.363912,,,0.139906,0.216404,0.076498
10-1016-j-conbuildmat-2020-120950,10-1016-j-conbuildmat-2020-120950,Gradient Boosting,regression,135.7|203.5|0.0|185.7|0.0|1076.2|759.3,2,,,0,1.377355,0.205201,,,0.168911,0.161995,-0.006916
10-1016-j-conbuildmat-2020-120950,10-1016-j-conbuildmat-2020-120950,Gradient Boosting,regression,238.1|0.0|0.0|185.7|0.0|1118.8|789.3,2,,,0,1.311191,0.094056,,,0.113632,0.105559,-0.008073
10-1016-j-conbuildmat-2020-120950,10-1016-j-conbuildmat-2020-120950,Gradient Boosting,regression,339.2|0.0|0.0|185.7|0.0|1069.2|754.3,2,,,0,0.556471,0.205678,,,0.031070,0.030249,-0.000822
10-1016-j-conbuildmat-2020-120950,10-1016-j-conbuildmat-2020-120950,Gradient Boosting,regression,290.2|193.5|0.0|185.7|0.0|998.2|704.3,2,,,0,0.501804,0.223819,,,0.137124,0.095737,-0.041387
10-1016-j-conbuildmat-2020-120950,10-1016-j-conbuildmat-2020-120950,Gradient Boosting,regression,170.3|155.5|0.0|185.7|0.0|1026.6|724.3,2,,,0,1.054952,0.403146,,,0.117661,0.078262,-0.039400
10-1016-j-conbuildmat-2020-120950,10-1016-j-conbuildmat-2020-120950,Gradient Boosting,regression,186.2|124.1|0.0|185.7|0.0|1083.4|764.3,2,,,0,1.380746,0.165464,,,0.151428,0.198995,0.047567
10-1016-j-conbuildmat-2020-120950,10-1016-j-conbuildmat-2020-120950,Gradient Boosting,regression,252.5|0.0|0.0|185.7|0.0|1111.6|784.3,2,,,0,1.211119,0.122994,,,0.092040,0.091026,-0.001014
10-1016-j-conbuildmat-2020-120950,10-1016-j-conbuildmat-2020-120950,Gradient Boosting,regression,339.0|0.0|0.0|197.0|0.0|968.0|781.0,7,,,0,0.404179,0.308014,,,0.057500,0.063995,0.006495
10-1016-j-conbuildmat-2020-120950,10-1016-j-conbuildmat-2020-120950,Gradient Boosting,regression,236.0|0.0|0.0|194.0|0.0|968.0|885.0,4,,,0,1.256010,0.164520,,,0.153021,0.134190,-0.018831
10-1016-j-conbuildmat-2020-120950,10-1016-j-conbuildmat-2020-120950,Gradient Boosting,regression,236.0|0.0|0.0|193.0|0.0|968.0|885.0,3,,,0,0.966075,0.255641,,,0.203126,0.146881,-0.056245
10-1016-j-conbuildmat-2020-120950,10-1016-j-conbuildmat-2020-120950,Gradient Boosting,regression,277.0|0.0|0.0|191.0|0.0|968.0|856.0,6,,,0,0.592375,0.259959,,,0.063308,0.093830,0.030522
10-1016-j-conbuildmat-2020-120950,10-1016-j-conbuildmat-2020-120950,Gradient Boosting,regression,254.0|0.0|0.0|198.0|0.0|968.0|863.0,4,,,0,0.745247,0.321984,,,0.088266,0.104592,0.016327
10-1016-j-conbuildmat-2020-120950,10-1016-j-conbuildmat-2020-120950,Gradient Boosting,regression,307.0|0.0|0.0|193.0|0.0|968.0|812.0,5,,,0,0.426568,0.329904,,,0.027152,0.017303,-0.009849
10-1016-j-conbuildmat-2020-120950,10-1016-j-conbuildmat-2020-120950,Gradient Boosting,regression,200.0|0.0|0.0|180.0|0.0|1125.0|845.0,2,,,0,1.545927,0.034871,,,0.160835,0.380512,0.219677
10-1016-j-conbuildmat-2020-120950,10-1016-j-conbuildmat-2020-120950,Gradient Boosting,regression,225.0|0.0|0.0|181.0|0.0|1113.0|833.0,2,,,0,1.293265,0.068316,,,0.132516,0.115400,-0.017115
10-1016-j-conbuildmat-2020-120950,10-1016-j-conbuildmat-2020-120950,Gradient Boosting,regression,325.0|0.0|0.0|184.0|0.0|1063.0|783.0,2,,,0,0.705443,0.304023,,,0.029060,0.065906,0.036846
10-1016-j-conbuildmat-2020-120950,10-1016-j-conbuildmat-2020-120950,Gradient Boosting,regression,275.0|0.0|0.0|183.0|0.0|1088.0|808.0,2,,,0,0.987672,0.189871,,,0.029139,0.058814,0.029675
10-1016-j-conbuildmat-2020-120950,10-1016-j-conbuildmat-2020-120950,Gradient Boosting,regression,300.0|0.0|0.0|184.0|0.0|1075.0|795.0,2,,,0,0.876021,0.227622,,,0.013513,0.011245,-0.002268
10-1016-j-conbuildmat-2020-120950,10-1016-j-conbuildmat-2020-120950,Gradient Boosting,regression,375.0|0.0|0.0|186.0|0.0|1038.0|758.0,2,,,0,0.220794,0.263997,,,0.091204,0.058558,-0.032646
10-1016-j-conbuildmat-2020-120950,10-1016-j-conbuildmat-2020-120950,Gradient Boosting,regression,400.0|0.0|0.0|187.0|0.0|1025.0|745.0,2,,,0,0.066190,0.328658,,,0.106453,0.083618,-0.022835
10-1016-j-conbuildmat-2020-120950,10-1016-j-conbuildmat-2020-120950,Gradient Boosting,regression,250.0|0.0|0.0|182.0|0.0|1100.0|820.0,2,,,0,1.140468,0.118672,,,0.093117,0.090300,-0.002817
10-1016-j-conbuildmat-2020-120950,10-1016-j-conbuildmat-2020-120950,Gradient Boosting,regression,350.0|0.0|0.0|186.0|0.0|1050.0|770.0,2,,,0,0.511708,0.351625,,,0.050723,0.062573,0.011850
10-1016-j-conbuildmat-2020-120950,10-1016-j-conbuildmat-2020-120950,Gradient Boosting,regression,203.5|305.3|0.0|203.5|0.0|963.4|630.0,4,,,0,0.309819,1.362181,,,0.103184,0.088380,-0.014805
10-1016-j-conbuildmat-2020-120950,10-1016-j-conbuildmat-2020-120950,Gradient Boosting,regression,250.2|166.8|0.0|203.5|0.0|977.6|694.1,4,,,0,0.443357,1.047187,,,0.081138,0.064689,-0.016449
10-1016-j-conbuildmat-2020-120950,10-1016-j-conbuildmat-2020-120950,Gradient Boosting,regression,157.0|236.0|0.0|192.0|0.0|935.4|781.2,4,,,0,0.595612,0.847431,,,0.121142,0.171905,0.050763
10-1016-j-conbuildmat-2020-120950,10-1016-j-conbuildmat-2020-120950,Gradient Boosting,regression,141.3|212.0|0.0|203.5|0.0|971.8|748.5,4,,,0,0.878795,0.958812,,,0.083353,0.082730,-0.000623
10-1016-j-conbuildmat-2020-120950,10-1016-j-conbuildmat-2020-120950,Gradient Boosting,regression,166.8|250.2|0.0|203.5|0.0|975.6|692.6,4,,,0,0.647621,1.001377,,,0.056820,0.030425,-0.026395
10-1016-j-conbuildmat-2020-120950,10-1016-j-conbuildmat-2020-120950,Gradient Boosting,regression,122.6|183.9|0.0|203.5|0.0|958.2|800.1,4,,,0,1.083391,0.651612,,,0.017015,0.051087,0.034072
10-1016-j-conbuildmat-2020-120950,10-1016-j-conbuildmat-2020-120950,Gradient Boosting,regression,183.9|122.6|0.0|203.5|0.0|959.2|800.0,4,,,0,1.066673,0.564121,,,0.068877,0.082518,0.013641
10-1016-j-conbuildmat-2020-120950,10-1016-j-conbuildmat-2020-120950,Gradient Boosting,regression,102.0|153.0|0.0|192.0|0.0|887.0|942.0,4,,,0,1.326467,0.324746,,,0.050573,0.083801,0.033228
10-1016-j-conbuildmat-2020-120950,10-1016-j-conbuildmat-2020-120950,Gradient Boosting,regression,200.0|133.0|0.0|192.0|0.0|965.4|806.2,4,,,0,0.615966,0.725186,,,0.069821,0.055635,-0.014186
10-1016-j-conbuildmat-2020-120950,10-1016-j-conbuildmat-2020-120950,Gradient Boosting,regression,108.3|162.4|0.0|203.5|0.0|938.2|849.0,4,,,0,1.252799,0.536227,,,0.036032,0.066825,0.030793
10-1016-j-conbuildmat-2020-120950,10-1016-j-conbuildmat-2020-120950,Gradient Boosting,regression,305.3|203.5|0.0|203.5|0.0|965.4|631.0,4,,,0,0.078986,1.159445,,,0.128104,0.099405,-0.028699
10-1016-j-conbuildmat-2020-120950,10-1016-j-conbuildmat-2020-120950,Gradient Boosting,regression,116.0|173.0|0.0|192.0|0.0|909.8|891.9,4,,,0,1.104656,0.463448,,,0.032856,0.047150,0.014294
10-1016-j-conbuildmat-2020-120950,10-1016-j-conbuildmat-2020-120950,Gradient Boosting,regression,133.0|200.0|0.0|192.0|0.0|927.4|839.2,4,,,0,0.875263,0.649303,,,0.054955,0.056768,0.001814
10-1016-j-conbuildmat-2020-120950,10-1016-j-conbuildmat-2020-120950,Gradient Boosting,regression,173.0|116.0|0.0|192.0|0.0|946.8|856.8,4,,,0,1.029901,0.481492,,,0.099442,0.136921,0.037479
10-1016-j-conbuildmat-2020-120950,10-1016-j-conbuildmat-2020-120950,Gradient Boosting,regression,192.0|288.0|0.0|192.0|0.0|929.8|716.1,4,,,0,0.284669,1.051575,,,0.075201,0.138975,0.063773
10-1016-j-conbuildmat-2020-120950,10-1016-j-conbuildmat-2020-120950,Gradient Boosting,regression,153.0|102.0|0.0|192.0|0.0|888.0|943.1,4,,,0,1.289416,0.340014,,,0.035635,0.030476,-0.005159
10-1016-j-conbuildmat-2020-120950,10-1016-j-conbuildmat-2020-120950,Gradient Boosting,regression,288.0|192.0|0.0|192.0|0.0|932.0|717.8,4,,,0,0.214937,0.851360,,,0.053001,0.040725,-0.012276
10-1016-j-conbuildmat-2020-120950,10-1016-j-conbuildmat-2020-120950,Gradient Boosting,regression,236.0|157.0|0.0|192.0|0.0|972.6|749.1,4,,,0,0.430015,0.810711,,,0.093788,0.106163,0.012375
10-1016-j-conbuildmat-2020-120950,10-1016-j-conbuildmat-2020-120950,Gradient Boosting,regression,212.0|141.3|0.0|203.5|0.0|973.4|750.0,4,,,0,0.732061,0.840231,,,0.037579,0.055219,0.017640
10-1016-j-conbuildmat-2020-120950,10-1016-j-conbuildmat-2020-120950,Gradient Boosting,regression,310.0|0.0|0.0|192.0|0.0|1012.0|830.0,5,,,0,0.573881,0.479838,,,0.028800,0.023610,-0.005190
10-1016-j-conbuildmat-2020-120950,10-1016-j-conbuildmat-2020-120950,Gradient Boosting,regression,331.0|0.0|0.0|192.0|0.0|1025.0|821.0,5,,,0,0.460824,0.483540,,,0.015839,0.010296,-0.005543
10-1016-j-conbuildmat-2020-120950,10-1016-j-conbuildmat-2020-120950,Gradient Boosting,regression,349.0|0.0|0.0|192.0|0.0|1056.0|809.0,5,,,0,0.470197,0.773947,,,0.103980,0.100698,-0.003282
10-1016-j-conbuildmat-2020-120950,10-1016-j-conbuildmat-2020-120950,Gradient Boosting,regression,238.0|0.0|0.0|186.0|0.0|1119.0|789.0,2,,,0,1.260804,0.054029,,,0.134345,0.122067,-0.012278
10-1016-j-conbuildmat-2020-120950,10-1016-j-conbuildmat-2020-120950,Gradient Boosting,regression,296.0|0.0|0.0|186.0|0.0|1090.0|769.0,2,,,0,0.825985,0.070334,,,0.085176,0.064668,-0.020508
10-1016-j-conbuildmat-2020-120950,10-1016-j-conbuildmat-2020-120950,Gradient Boosting,regression,297.0|0.0|0.0|186.0|0.0|1040.0|734.0,1,,,0,0.291224,,,,0.420333,0.414103,-0.006229
10-1016-j-conbuildmat-2020-120950,10-1016-j-conbuildmat-2020-120950,Gradient Boosting,regression,480.0|0.0|0.0|192.0|0.0|936.0|721.0,3,,,0,0.302330,0.823829,,,0.038104,0.043638,0.005534
10-1016-j-conbuildmat-2020-120950,10-1016-j-conbuildmat-2020-120950,Gradient Boosting,regression,397.0|0.0|0.0|186.0|0.0|1040.0|734.0,1,,,0,0.066952,,,,0.024588,0.068637,0.044049
10-1016-j-conbuildmat-2020-120950,10-1016-j-conbuildmat-2020-120950,Gradient Boosting,regression,281.0|0.0|0.0|186.0|0.0|1104.0|774.0,2,,,0,1.040603,0.112862,,,0.063051,0.066620,0.003570
10-1016-j-conbuildmat-2020-120950,10-1016-j-conbuildmat-2020-120950,Gradient Boosting,regression,281.0|0.0|0.0|185.0|0.0|1104.0|774.0,1,,,0,0.801841,,,,0.067660,0.077046,0.009386
10-1016-j-conbuildmat-2020-120950,10-1016-j-conbuildmat-2020-120950,Gradient Boosting,regression,500.0|0.0|0.0|200.0|0.0|1125.0|613.0,8,,,0,0.149457,0.712497,,,0.099488,0.161379,0.061891
10-1016-j-conbuildmat-2020-120950,10-1016-j-conbuildmat-2020-120950,Gradient Boosting,regression,540.0|0.0|0.0|173.0|0.0|1125.0|613.0,7,,,0,1.601829,0.504940,,,0.101905,0.177908,0.076003
10-1016-j-conbuildmat-2020-120950,10-1016-j-conbuildmat-2020-120950,Gradient Boosting,regression,350.0|0.0|0.0|203.0|0.0|974.0|775.0,6,,,0,0.530450,0.113789,,,0.089561,0.101433,0.011872
10-1016-j-conbuildmat-2020-120950,10-1016-j-conbuildmat-2020-120950,Gradient Boosting,regression,385.0|0.0|0.0|186.0|0.0|966.0|763.0,5,,,0,0.909814,0.373126,,,0.122665,0.182490,0.059825
10-1016-j-conbuildmat-2020-120950,10-1016-j-conbuildmat-2020-120950,Gradient Boosting,regression,331.0|0.0|0.0|192.0|0.0|978.0|825.0,6,,,0,0.363288,0.515889,,,0.034773,0.025612,-0.009162
10-1016-j-conbuildmat-2020-120950,10-1016-j-conbuildmat-2020-120950,Gradient Boosting,regression,349.0|0.0|0.0|192.0|0.0|1047.0|806.0,6,,,0,0.264970,0.515087,,,0.034910,0.043291,0.008382
10-1016-j-conbuildmat-2020-120950,10-1016-j-conbuildmat-2020-120950,Gradient Boosting,regression,382.0|0.0|0.0|186.0|0.0|1047.0|739.0,2,,,0,0.306187,0.322391,,,0.049004,0.032758,-0.016246
10-1016-j-conbuildmat-2020-120950,10-1016-j-conbuildmat-2020-120950,Gradient Boosting,regression,382.0|0.0|0.0|186.0|0.0|1111.0|784.0,1,,,0,1.459116,,,,0.358863,0.308098,-0.050765
10-1016-j-conbuildmat-2020-120950,10-1016-j-conbuildmat-2020-120950,Gradient Boosting,regression,339.0|0.0|0.0|185.0|0.0|1069.0|754.0,2,,,0,0.558849,0.204121,,,0.024995,0.035917,0.010922
10-1016-j-conbuildmat-2020-120950,10-1016-j-conbuildmat-2020-120950,Gradient Boosting,regression,295.0|0.0|0.0|185.0|0.0|1069.0|769.0,2,,,0,0.949421,0.193164,,,0.073767,0.064724,-0.009043
10-1016-j-conbuildmat-2020-120950,10-1016-j-conbuildmat-2020-120950,Gradient Boosting,regression,238.0|0.0|0.0|185.0|0.0|1118.0|789.0,1,,,0,1.095156,,,,0.144156,0.152322,0.008167
10-1016-j-conbuildmat-2020-120950,10-1016-j-conbuildmat-2020-120950,Gradient Boosting,regression,296.0|0.0|0.0|192.0|0.0|1085.0|765.0,3,,,0,0.844657,0.206606,,,0.079163,0.100332,0.021169
10-1016-j-conbuildmat-2020-120950,10-1016-j-conbuildmat-2020-120950,Gradient Boosting,regression,331.0|0.0|0.0|192.0|0.0|879.0|825.0,1,,,0,1.336006,,,,0.031346,0.056849,0.025503
10-1016-j-conbuildmat-2020-120950,10-1016-j-conbuildmat-2020-120950,Gradient Boosting,regression,302.0|0.0|0.0|203.0|0.0|974.0|817.0,3,,,0,0.817062,0.067038,,,0.128408,0.150021,0.021613
10-1016-j-conbuildmat-2020-120950,10-1016-j-conbuildmat-2020-120950,Gradient Boosting,regression,525.0|0.0|0.0|189.0|0.0|1125.0|613.0,7,,,0,1.013063,0.492187,,,0.093800,0.128148,0.034348
10-1016-j-conbuildmat-2020-120950,10-1016-j-conbuildmat-2020-120950,Gradient Boosting,regression,252.0|0.0|0.0|185.0|0.0|1111.0|784.0,3,,,0,1.087769,0.042706,,,0.115079,0.112982,-0.002098
10-1016-j-conbuildmat-2020-120950,10-1016-j-conbuildmat-2020-120950,Gradient Boosting,regression,339.0|0.0|0.0|185.0|0.0|1060.0|754.0,1,,,0,0.249911,,,,0.032831,0.000292,-0.032539
10-1016-j-conbuildmat-2020-120950,10-1016-j-conbuildmat-2020-120950,Gradient Boosting,regression,393.0|0.0|0.0|192.0|0.0|940.0|758.0,3,,,0,0.000578,0.826400,,,0.124928,0.094581,-0.030347
10-1016-j-conbuildmat-2020-120950,10-1016-j-conbuildmat-2020-120950,Gradient Boosting,regression,382.0|0.0|0.0|185.0|0.0|1047.0|739.0,2,,,0,0.306187,0.322391,,,0.033412,0.041230,0.007818
10-1016-j-conbuildmat-2020-120950,10-1016-j-conbuildmat-2020-120950,Gradient Boosting,regression,252.0|0.0|0.0|186.0|0.0|1111.0|784.0,1,,,0,1.459116,,,,0.034678,0.016598,-0.018081
10-1016-j-conbuildmat-2020-120950,10-1016-j-conbuildmat-2020-120950,Gradient Boosting,regression,310.0|0.0|0.0|192.0|0.0|970.0|850.0,5,,,0,0.313428,0.329742,,,0.024954,0.032262,0.007309
10-1016-j-conbuildmat-2020-120950,10-1016-j-conbuildmat-2020-120950,Gradient Boosting,regression,322.0|0.0|0.0|203.0|0.0|974.0|800.0,3,,,0,0.638660,0.069441,,,0.140514,0.120173,-0.020341
10-1016-j-conbuildmat-2020-120950,10-1016-j-conbuildmat-2020-120950,Gradient Boosting,regression,397.0|0.0|0.0|185.0|0.0|1040.0|734.0,1,,,0,0.196259,,,,0.015867,0.058690,0.042823
10-1016-j-conbuildmat-2020-120950,10-1016-j-conbuildmat-2020-120950,Gradient Boosting,regression,522.0|0.0|0.0|146.0|0.0|896.0|896.0,2,,,0,1.615245,1.077832,,,0.293783,0.346036,0.052253
10-1016-j-conbuildmat-2020-120950,10-1016-j-conbuildmat-2020-120950,Gradient Boosting,regression,273.0|105.0|82.0|210.0|9.0|904.0|680.0,1,,,0,0.080998,,,,0.016742,0.050719,0.033976
10-1016-j-conbuildmat-2020-120950,10-1016-j-conbuildmat-2020-120950,Gradient Boosting,regression,162.0|190.0|148.0|179.0|19.0|838.0|741.0,1,,,0,0.123497,,,,0.022274,0.005478,-0.016796
10-1016-j-conbuildmat-2020-120950,10-1016-j-conbuildmat-2020-120950,Gradient Boosting,regression,154.0|144.0|112.0|220.0|10.0|923.0|658.0,1,,,0,1.157537,,,,0.287135,0.245157,-0.041978
10-1016-j-conbuildmat-2020-120950,10-1016-j-conbuildmat-2020-120950,Gradient Boosting,regression,147.0|115.0|89.0|202.0|9.0|860.0|829.0,1,,,0,0.948498,,,,0.007443,0.005358,-0.002086
10-1016-j-conbuildmat-2020-120950,10-1016-j-conbuildmat-2020-120950,Gradient Boosting,regression,152.0|178.0|139.0|168.0|18.0|944.0|695.0,1,,,0,0.031837,,,,0.089132,0.052090,-0.037042
10-1016-j-conbuildmat-2020-120950,10-1016-j-conbuildmat-2020-120950,Gradient Boosting,regression,310.0|143.0|111.0|168.0|22.0|914.0|651.0,1,,,0,0.127628,,,,0.335322,0.349326,0.014004
10-1016-j-conbuildmat-2020-120950,10-1016-j-conbuildmat-2020-120950,Gradient Boosting,regression,144.0|0.0|175.0|158.0|18.0|943.0|844.0,1,,,0,1.222397,,,,0.049703,0.014701,-0.035001
10-1016-j-conbuildmat-2020-120950,10-1016-j-conbuildmat-2020-120950,Gradient Boosting,regression,304.0|140.0|0.0|214.0|6.0|895.0|722.0,1,,,0,0.143739,,,,0.163250,0.144404,-0.018846
10-1016-j-conbuildmat-2020-120950,10-1016-j-conbuildmat-2020-120950,Gradient Boosting,regression,374.0|0.0|0.0|190.0|7.0|1013.0|730.0,1,,,0,0.193780,,,,0.043698,0.092774,0.049077
10-1016-j-conbuildmat-2020-120950,10-1016-j-conbuildmat-2020-120950,Gradient Boosting,regression,159.0|149.0|116.0|175.0|15.0|953.0|720.0,1,,,0,0.487869,,,,0.111510,0.100080,-0.011429
10-1016-j-conbuildmat-2020-120950,10-1016-j-conbuildmat-2020-120950,Gradient Boosting,regression,153.0|239.0|0.0|200.0|6.0|1002.0|684.0,1,,,0,0.537030,,,,0.038744,0.012336,-0.026408
10-1016-j-conbuildmat-2020-120950,10-1016-j-conbuildmat-2020-120950,Gradient Boosting,regression,310.0|143.0|0.0|168.0|10.0|914.0|804.0,1,,,0,0.568067,,,,0.122308,0.085549,-0.036758
10-1016-j-conbuildmat-2020-120950,10-1016-j-conbuildmat-2020-120950,Gradient Boosting,regression,305.0|0.0|100.0|196.0|10.0|959.0|705.0,1,,,0,0.341211,,,,0.092353,0.051516,-0.040837
10-1016-j-conbuildmat-2020-120950,10-1016-j-conbuildmat-2020-120950,Gradient Boosting,regression,151.0|0.0|184.0|167.0|12.0|991.0|772.0,1,,,0,1.213309,,,,0.028231,0.020115,-0.008116
10-1016-j-conbuildmat-2020-120950,10-1016-j-conbuildmat-2020-120950,Gradient Boosting,regression,142.0|167.0|130.0|174.0|11.0|883.0|785.0,1,,,0,0.526755,,,,0.293586,0.237561,-0.056024
10-1016-j-conbuildmat-2020-120950,10-1016-j-conbuildmat-2020-120950,Gradient Boosting,regression,298.0|137.0|107.0|201.0|6.0|878.0|655.0,1,,,0,1.060920,,,,0.296112,0.312450,0.016337
10-1016-j-conbuildmat-2020-120950,10-1016-j-conbuildmat-2020-120950,Gradient Boosting,regression,321.0|164.0|0.0|190.0|5.0|870.0|774.0,1,,,0,1.281940,,,,0.257125,0.195900,-0.061225
10-1016-j-conbuildmat-2020-120950,10-1016-j-conbuildmat-2020-120950,Gradient Boosting,regression,366.0|187.0|0.0|191.0|7.0|824.0|757.0,1,,,0,1.802885,,,,0.245854,0.269307,0.023453
10-1016-j-conbuildmat-2020-120950,10-1016-j-conbuildmat-2020-120950,Gradient Boosting,regression,280.0|129.0|100.0|172.0|9.0|825.0|805.0,1,,,0,1.018782,,,,0.018166,0.007004,-0.011162
10-1016-j-conbuildmat-2020-120950,10-1016-j-conbuildmat-2020-120950,Gradient Boosting,regression,252.0|97.0|76.0|194.0|8.0|835.0|821.0,1,,,0,0.144979,,,,0.021979,0.028036,0.006057
10-1016-j-conbuildmat-2020-120950,10-1016-j-conbuildmat-2020-120950,Gradient Boosting,regression,165.0|0.0|150.0|182.0|12.0|1023.0|729.0,1,,,0,1.065825,,,,0.187624,0.150065,-0.037559
10-1016-j-conbuildmat-2020-120950,10-1016-j-conbuildmat-2020-120950,Gradient Boosting,regression,156.0|243.0|0.0|180.0|11.0|1022.0|698.0,1,,,0,0.092566,,,,0.167602,0.110229,-0.057372
10-1016-j-conbuildmat-2020-120950,10-1016-j-conbuildmat-2020-120950,Gradient Boosting,regression,160.0|188.0|146.0|203.0|11.0|829.0|710.0,1,,,0,0.178442,,,,0.014502,0.082133,0.067631
10-1016-j-conbuildmat-2020-120950,10-1016-j-conbuildmat-2020-120950,Gradient Boosting,regression,298.0|0.0|107.0|186.0|6.0|879.0|815.0,1,,,0,0.408603,,,,0.243837,0.224154,-0.019682
10-1016-j-conbuildmat-2020-120950,10-1016-j-conbuildmat-2020-120950,Gradient Boosting,regression,318.0|0.0|126.0|210.0|6.0|861.0|737.0,1,,,0,0.254096,,,,0.020058,0.073146,0.053088
10-1016-j-conbuildmat-2020-120950,10-1016-j-conbuildmat-2020-120950,Gradient Boosting,regression,287.0|121.0|94.0|188.0|9.0|904.0|696.0,1,,,0,0.366878,,,,0.010231,0.023669,0.013438
10-1016-j-conbuildmat-2020-120950,10-1016-j-conbuildmat-2020-120950,Gradient Boosting,regression,326.0|166.0|0.0|174.0|9.0|882.0|790.0,1,,,0,1.522789,,,,0.098344,0.124981,0.026638
10-1016-j-conbuildmat-2020-120950,10-1016-j-conbuildmat-2020-120950,Gradient Boosting,regression,356.0|0.0|142.0|193.0|11.0|801.0|778.0,1,,,0,0.302431,,,,0.024684,0.002716,-0.021967
10-1016-j-conbuildmat-2020-120950,10-1016-j-conbuildmat-2020-120950,Gradient Boosting,regression,132.0|207.0|161.0|179.0|5.0|867.0|736.0,1,,,0,0.150763,,,,0.022245,0.021354,-0.000891
10-1016-j-conbuildmat-2020-120950,10-1016-j-conbuildmat-2020-120950,Gradient Boosting,regression,322.0|149.0|0.0|186.0|8.0|951.0|709.0,1,,,0,0.994821,,,,0.247754,0.206393,-0.041361
10-1016-j-conbuildmat-2020-120950,10-1016-j-conbuildmat-2020-120950,Gradient Boosting,regression,164.0|0.0|200.0|181.0|13.0|849.0|846.0,1,,,0,1.242227,,,,0.090729,0.028659,-0.062070
10-1016-j-conbuildmat-2020-120950,10-1016-j-conbuildmat-2020-120950,Gradient Boosting,regression,314.0|0.0|113.0|170.0|10.0|925.0|783.0,1,,,0,0.158252,,,,0.189695,0.182597,-0.007098
10-1016-j-conbuildmat-2020-120950,10-1016-j-conbuildmat-2020-120950,Gradient Boosting,regression,321.0|0.0|128.0|182.0|11.0|870.0|780.0,1,,,0,0.086369,,,,0.094046,0.116413,0.022367
10-1016-j-conbuildmat-2020-120950,10-1016-j-conbuildmat-2020-120950,Gradient Boosting,regression,140.0|164.0|128.0|237.0|6.0|869.0|656.0,1,,,0,0.035502,,,,0.067213,0.112337,0.045124
10-1016-j-conbuildmat-2020-120950,10-1016-j-conbuildmat-2020-120950,Gradient Boosting,regression,288.0|121.0|0.0|177.0|7.0|908.0|829.0,1,,,0,0.378445,,,,0.042926,0.034214,-0.008712
10-1016-j-conbuildmat-2020-120950,10-1016-j-conbuildmat-2020-120950,Gradient Boosting,regression,298.0|0.0|107.0|210.0|11.0|880.0|744.0,1,,,0,0.236278,,,,0.043543,0.021599,-0.021943
10-1016-j-conbuildmat-2020-120950,10-1016-j-conbuildmat-2020-120950,Gradient Boosting,regression,265.0|111.0|86.0|195.0|6.0|833.0|790.0,1,,,0,0.342917,,,,0.000855,0.014423,0.013568
10-1016-j-conbuildmat-2020-120950,10-1016-j-conbuildmat-2020-120950,Gradient Boosting,regression,160.0|250.0|0.0|168.0|12.0|1049.0|688.0,1,,,0,0.217741,,,,0.107387,0.060235,-0.047152
10-1016-j-conbuildmat-2020-120950,10-1016-j-conbuildmat-2020-120950,Gradient Boosting,regression,166.0|260.0|0.0|183.0|13.0|859.0|827.0,1,,,0,0.125615,,,,0.085723,0.037561,-0.048162
10-1016-j-conbuildmat-2020-120950,10-1016-j-conbuildmat-2020-120950,Gradient Boosting,regression,276.0|116.0|90.0|180.0|9.0|870.0|768.0,1,,,0,0.506926,,,,0.076205,0.036813,-0.039392
10-1016-j-conbuildmat-2020-120950,10-1016-j-conbuildmat-2020-120950,Gradient Boosting,regression,322.0|0.0|116.0|196.0|10.0|818.0|813.0,1,,,0,0.278004,,,,0.145532,0.143275,-0.002257
10-1016-j-conbuildmat-2020-120950,10-1016-j-conbuildmat-2020-120950,Gradient Boosting,regression,149.0|139.0|109.0|193.0|6.0|892.0|780.0,1,,,0,0.726653,,,,0.034023,0.009005,-0.025018
10-1016-j-conbuildmat-2020-120950,10-1016-j-conbuildmat-2020-120950,Gradient Boosting,regression,159.0|187.0|0.0|176.0|11.0|990.0|789.0,1,,,0,0.182986,,,,0.048681,0.032908,-0.015773
10-1016-j-conbuildmat-2020-120950,10-1016-j-conbuildmat-2020-120950,Gradient Boosting,regression,261.0|100.0|78.0|201.0|9.0|864.0|761.0,1,,,0,0.204881,,,,0.193791,0.186294,-0.007497
10-1016-j-conbuildmat-2020-120950,10-1016-j-conbuildmat-2020-120950,Gradient Boosting,regression,237.0|92.0|71.0|247.0|6.0|853.0|695.0,1,,,0,0.430858,,,,0.172059,0.180236,0.008176
10-1016-j-conbuildmat-2020-120950,10-1016-j-conbuildmat-2020-120950,Gradient Boosting,regression,313.0|0.0|113.0|178.0|8.0|1002.0|689.0,1,,,0,0.059103,,,,0.000007,0.003621,0.003614
10-1016-j-conbuildmat-2020-120950,10-1016-j-conbuildmat-2020-120950,Gradient Boosting,regression,155.0|183.0|0.0|193.0|9.0|1047.0|697.0,1,,,0,1.050539,,,,0.225504,0.200721,-0.024783
10-1016-j-conbuildmat-2020-120950,10-1016-j-conbuildmat-2020-120950,Gradient Boosting,regression,146.0|230.0|0.0|202.0|3.0|827.0|872.0,1,,,0,0.165222,,,,0.170461,0.139372,-0.031088
10-1016-j-conbuildmat-2020-120950,10-1016-j-conbuildmat-2020-120950,Gradient Boosting,regression,296.0|0.0|107.0|221.0|11.0|819.0|778.0,1,,,0,0.263544,,,,0.016497,0.007739,-0.008758
10-1016-j-conbuildmat-2020-120950,10-1016-j-conbuildmat-2020-120950,Gradient Boosting,regression,133.0|210.0|0.0|196.0|3.0|949.0|795.0,1,,,0,0.287092,,,,0.082928,0.081850,-0.001077
10-1016-j-conbuildmat-2020-120950,10-1016-j-conbuildmat-2020-120950,Gradient Boosting,regression,313.0|145.0|0.0|178.0|8.0|867.0|824.0,1,,,0,0.513535,,,,0.062100,0.055044,-0.007056
10-1016-j-conbuildmat-2020-120950,10-1016-j-conbuildmat-2020-120950,Gradient Boosting,regression,152.0|0.0|112.0|184.0|8.0|992.0|816.0,1,,,0,1.416564,,,,0.103736,0.108676,0.004941
10-1016-j-conbuildmat-2020-120950,10-1016-j-conbuildmat-2020-120950,Gradient Boosting,regression,153.0|145.0|113.0|178.0|8.0|1002.0|689.0,1,,,0,0.614697,,,,0.029365,0.023878,-0.005486
10-1016-j-conbuildmat-2020-120950,10-1016-j-conbuildmat-2020-120950,Gradient Boosting,regression,140.0|133.0|103.0|200.0|7.0|916.0|753.0,1,,,0,0.037207,,,,0.291801,0.327436,0.035635
10-1016-j-conbuildmat-2020-120950,10-1016-j-conbuildmat-2020-120950,Gradient Boosting,regression,149.0|236.0|0.0|176.0|13.0|847.0|893.0,1,,,0,0.171419,,,,0.069008,0.069317,0.000309
10-1016-j-conbuildmat-2020-120950,10-1016-j-conbuildmat-2020-120950,Gradient Boosting,regression,300.0|0.0|120.0|212.0|10.0|878.0|728.0,1,,,0,0.717977,,,,0.360612,0.250582,-0.110030
10-1016-j-conbuildmat-2020-120950,10-1016-j-conbuildmat-2020-120950,Gradient Boosting,regression,153.0|145.0|113.0|178.0|8.0|867.0|824.0,1,,,0,0.574624,,,,0.007772,0.009057,0.001285
10-1016-j-conbuildmat-2020-120950,10-1016-j-conbuildmat-2020-120950,Gradient Boosting,regression,148.0|0.0|137.0|158.0|16.0|1002.0|830.0,1,,,0,1.070369,,,,0.020040,0.029584,0.009544
10-1016-j-conbuildmat-2020-120950,10-1016-j-conbuildmat-2020-120950,Gradient Boosting,regression,326.0|0.0|138.0|199.0|11.0|801.0|792.0,1,,,0,0.291277,,,,0.067895,0.130954,0.063059
10-1016-j-conbuildmat-2020-120950,10-1016-j-conbuildmat-2020-120950,Gradient Boosting,regression,153.0|145.0|0.0|178.0|8.0|1000.0|822.0,1,,,0,1.007162,,,,0.218052,0.212059,-0.005993
10-1016-j-conbuildmat-2020-120950,10-1016-j-conbuildmat-2020-120950,Gradient Boosting,regression,262.0|111.0|86.0|195.0|5.0|895.0|733.0,1,,,0,0.125975,,,,0.102449,0.135079,0.032630
10-1016-j-conbuildmat-2020-120950,10-1016-j-conbuildmat-2020-120950,Gradient Boosting,regression,158.0|0.0|195.0|220.0|11.0|898.0|713.0,1,,,0,1.634692,,,,0.168424,0.086696,-0.081729
10-1016-j-conbuildmat-2020-120950,10-1016-j-conbuildmat-2020-120950,Gradient Boosting,regression,151.0|0.0|185.0|167.0|16.0|1074.0|678.0,1,,,0,1.339724,,,,0.034048,0.036052,0.002003
10-1016-j-conbuildmat-2020-120950,10-1016-j-conbuildmat-2020-120950,Gradient Boosting,regression,273.0|0.0|90.0|199.0|11.0|931.0|762.0,1,,,0,0.214383,,,,0.037617,0.050602,0.012985
10-1016-j-conbuildmat-2020-120950,10-1016-j-conbuildmat-2020-120950,Gradient Boosting,regression,149.0|118.0|92.0|183.0|7.0|953.0|780.0,1,,,0,0.736981,,,,0.097013,0.082461,-0.014552
10-1016-j-conbuildmat-2020-120950,10-1016-j-conbuildmat-2020-120950,Gradient Boosting,regression,143.0|169.0|143.0|191.0|8.0|967.0|643.0,1,,,0,0.365172,,,,0.010882,0.007810,-0.003072
10-1016-j-conbuildmat-2020-120950,10-1016-j-conbuildmat-2020-120950,Gradient Boosting,regression,260.0|101.0|78.0|171.0|10.0|936.0|763.0,1,,,0,0.836183,,,,0.051263,0.046905,-0.004358
10-1016-j-conbuildmat-2020-120950,10-1016-j-conbuildmat-2020-120950,Gradient Boosting,regression,313.0|161.0|0.0|178.0|10.0|917.0|759.0,1,,,0,0.996060,,,,0.182233,0.197621,0.015388
10-1016-j-conbuildmat-2020-120950,10-1016-j-conbuildmat-2020-120950,Gradient Boosting,regression,284.0|120.0|0.0|168.0|7.0|970.0|794.0,1,,,0,0.306562,,,,0.256992,0.218254,-0.038738
10-1016-j-conbuildmat-2020-120950,10-1016-j-conbuildmat-2020-120950,Gradient Boosting,regression,336.0|0.0|0.0|182.0|3.0|986.0|817.0,1,,,0,0.542041,,,,0.205711,0.273263,0.067551
10-1016-j-conbuildmat-2020-120950,10-1016-j-conbuildmat-2020-120950,Gradient Boosting,regression,145.0|0.0|134.0|181.0|11.0|979.0|812.0,1,,,0,1.355422,,,,0.066525,0.081706,0.015181
10-1016-j-conbuildmat-2020-120950,10-1016-j-conbuildmat-2020-120950,Gradient Boosting,regression,150.0|237.0|0.0|174.0|12.0|1069.0|675.0,1,,,0,0.096697,,,,0.071434,0.084947,0.013512
10-1016-j-conbuildmat-2020-120950,10-1016-j-conbuildmat-2020-120950,Gradient Boosting,regression,144.0|170.0|133.0|192.0|8.0|814.0|805.0,1,,,0,0.356497,,,,0.112763,0.130524,0.017761
10-1016-j-conbuildmat-2020-120950,10-1016-j-conbuildmat-2020-120950,Gradient Boosting,regression,331.0|170.0|0.0|195.0|8.0|811.0|802.0,1,,,0,1.245998,,,,0.216494,0.230429,0.013935
10-1016-j-conbuildmat-2020-120950,10-1016-j-conbuildmat-2020-120950,Gradient Boosting,regression,155.0|0.0|143.0|193.0|9.0|1047.0|697.0,1,,,0,1.399626,,,,0.053207,0.020723,-0.032484
10-1016-j-conbuildmat-2020-120950,10-1016-j-conbuildmat-2020-120950,Gradient Boosting,regression,155.0|183.0|0.0|193.0|9.0|877.0|868.0,1,,,0,0.720869,,,,0.040715,0.040081,-0.000635
10-1016-j-conbuildmat-2020-120950,10-1016-j-conbuildmat-2020-120950,Gradient Boosting,regression,135.0|0.0|166.0|180.0|10.0|961.0|805.0,1,,,0,1.349639,,,,0.096100,0.065538,-0.030561
10-1016-j-conbuildmat-2020-120950,10-1016-j-conbuildmat-2020-120950,Gradient Boosting,regression,266.0|112.0|87.0|178.0|10.0|910.0|745.0,1,,,0,0.215675,,,,0.080244,0.068963,-0.011281
10-1016-j-conbuildmat-2020-120950,10-1016-j-conbuildmat-2020-120950,Gradient Boosting,regression,314.0|145.0|113.0|179.0|8.0|869.0|690.0,1,,,0,0.623839,,,,0.085476,0.058098,-0.027378
10-1016-j-conbuildmat-2020-120950,10-1016-j-conbuildmat-2020-120950,Gradient Boosting,regression,313.0|145.0|0.0|127.0|8.0|1000.0|822.0,1,,,0,0.521385,,,,0.165200,0.141784,-0.023415
10-1016-j-conbuildmat-2020-120950,10-1016-j-conbuildmat-2020-120950,Gradient Boosting,regression,146.0|173.0|0.0|182.0|3.0|986.0|817.0,1,,,0,0.723761,,,,0.128747,0.128431,-0.000315
10-1016-j-conbuildmat-2020-120950,10-1016-j-conbuildmat-2020-120950,Gradient Boosting,regression,144.0|136.0|106.0|178.0|7.0|941.0|774.0,1,,,0,0.579582,,,,0.028817,0.050168,0.021351
10-1016-j-conbuildmat-2020-120950,10-1016-j-conbuildmat-2020-120950,Gradient Boosting,regression,148.0|0.0|182.0|181.0|15.0|839.0|884.0,1,,,0,1.216201,,,,0.048565,0.053518,0.004954
10-1016-j-conbuildmat-2020-120950,10-1016-j-conbuildmat-2020-120950,Gradient Boosting,regression,277.0|117.0|91.0|191.0|7.0|946.0|666.0,1,,,0,0.464787,,,,0.052025,0.006345,-0.045680
10-1016-j-conbuildmat-2020-120950,10-1016-j-conbuildmat-2020-120950,Gradient Boosting,regression,298.0|0.0|107.0|164.0|13.0|953.0|784.0,1,,,0,0.002505,,,,0.113387,0.169418,0.056031
10-1016-j-conbuildmat-2020-120950,10-1016-j-conbuildmat-2020-120950,Gradient Boosting,regression,313.0|145.0|0.0|178.0|8.0|1002.0|689.0,1,,,0,0.313585,,,,0.147379,0.092871,-0.054508
10-1016-j-conbuildmat-2020-120950,10-1016-j-conbuildmat-2020-120950,Gradient Boosting,regression,155.0|184.0|143.0|194.0|9.0|880.0|699.0,1,,,0,0.409376,,,,0.043817,0.030295,-0.013522
10-1016-j-conbuildmat-2020-120950,10-1016-j-conbuildmat-2020-120950,Gradient Boosting,regression,289.0|134.0|0.0|195.0|6.0|924.0|760.0,1,,,0,0.624665,,,,0.189731,0.216922,0.027191
10-1016-j-conbuildmat-2020-120950,10-1016-j-conbuildmat-2020-120950,Gradient Boosting,regression,148.0|175.0|0.0|171.0|2.0|1000.0|828.0,1,,,0,0.533312,,,,0.078928,0.129578,0.050650
10-1016-j-conbuildmat-2020-120950,10-1016-j-conbuildmat-2020-120950,Gradient Boosting,regression,145.0|0.0|179.0|202.0|8.0|824.0|869.0,1,,,0,1.514887,,,,0.078637,0.093893,0.015256
10-1016-j-conbuildmat-2020-120950,10-1016-j-conbuildmat-2020-120950,Gradient Boosting,regression,313.0|0.0|0.0|178.0|8.0|1000.0|822.0,1,,,0,0.642376,,,,0.364212,0.321968,-0.042244
10-1016-j-conbuildmat-2020-120950,10-1016-j-conbuildmat-2020-120950,Gradient Boosting,regression,136.0|162.0|126.0|172.0|10.0|923.0|764.0,1,,,0,0.404419,,,,0.050047,0.050404,0.000357
10-1016-j-conbuildmat-2020-120950,10-1016-j-conbuildmat-2020-120950,Gradient Boosting,regression,155.0|0.0|143.0|193.0|9.0|877.0|868.0,1,,,0,1.562809,,,,0.059935,0.085813,0.025877
10-1016-j-conbuildmat-2020-120950,10-1016-j-conbuildmat-2020-120950,Gradient Boosting,regression,255.0|99.0|77.0|189.0|6.0|919.0|749.0,1,,,0,0.121018,,,,0.039219,0.049242,0.010023
10-1016-j-conbuildmat-2020-120950,10-1016-j-conbuildmat-2020-120950,Gradient Boosting,regression,162.0|207.0|172.0|216.0|10.0|822.0|638.0,1,,,0,0.241289,,,,0.209608,0.189504,-0.020104
10-1016-j-conbuildmat-2020-120950,10-1016-j-conbuildmat-2020-120950,Gradient Boosting,regression,136.0|196.0|98.0|199.0|6.0|847.0|783.0,1,,,0,0.530420,,,,0.060887,0.064938,0.004051
10-1016-j-conbuildmat-2020-120950,10-1016-j-conbuildmat-2020-120950,Gradient Boosting,regression,164.0|163.0|128.0|197.0|8.0|961.0|641.0,1,,,0,0.514309,,,,0.078288,0.161968,0.083679
10-1016-j-conbuildmat-2020-120950,10-1016-j-conbuildmat-2020-120950,Gradient Boosting,regression,162.0|214.0|164.0|202.0|10.0|820.0|680.0,1,,,0,0.309814,,,,0.115036,0.175391,0.060354
10-1016-j-conbuildmat-2020-120950,10-1016-j-conbuildmat-2020-120950,Gradient Boosting,regression,157.0|214.0|152.0|200.0|9.0|819.0|704.0,1,,,0,0.165635,,,,0.048931,0.023629,-0.025302
10-1016-j-conbuildmat-2020-120950,10-1016-j-conbuildmat-2020-120950,Gradient Boosting,regression,149.0|153.0|194.0|192.0|8.0|935.0|623.0,1,,,0,0.673360,,,,0.065045,0.023700,-0.041345
10-1016-j-conbuildmat-2020-120950,10-1016-j-conbuildmat-2020-120950,Gradient Boosting,regression,135.0|105.0|193.0|196.0|6.0|965.0|643.0,1,,,0,0.833238,,,,0.001648,0.037304,0.035656
10-1016-j-conbuildmat-2020-120950,10-1016-j-conbuildmat-2020-120950,Gradient Boosting,regression,159.0|209.0|161.0|201.0|7.0|848.0|669.0,1,,,0,0.295768,,,,0.083410,0.072155,-0.011255
10-1016-j-conbuildmat-2020-120950,10-1016-j-conbuildmat-2020-120950,Gradient Boosting,regression,144.0|15.0|195.0|176.0|6.0|1021.0|709.0,1,,,0,1.226942,,,,0.098383,0.072201,-0.026181
10-1016-j-conbuildmat-2020-120950,10-1016-j-conbuildmat-2020-120950,Gradient Boosting,regression,154.0|174.0|185.0|228.0|7.0|845.0|612.0,1,,,0,0.687819,,,,0.076940,0.100544,0.023604
10-1016-j-conbuildmat-2020-120950,10-1016-j-conbuildmat-2020-120950,Gradient Boosting,regression,167.0|187.0|195.0|185.0|7.0|898.0|636.0,1,,,0,0.714672,,,,0.279789,0.303808,0.024019
10-1016-j-conbuildmat-2020-120950,10-1016-j-conbuildmat-2020-120950,Gradient Boosting,regression,184.0|86.0|190.0|213.0|6.0|923.0|623.0,1,,,0,0.772096,,,,0.204842,0.264878,0.060037
10-1016-j-conbuildmat-2020-120950,10-1016-j-conbuildmat-2020-120950,Gradient Boosting,regression,156.0|178.0|187.0|221.0|7.0|854.0|614.0,1,,,0,0.383763,,,,0.005278,0.080146,0.074868
10-1016-j-conbuildmat-2020-120950,10-1016-j-conbuildmat-2020-120950,Gradient Boosting,regression,236.9|91.7|71.5|246.9|6.0|852.9|695.4,1,,,0,0.430693,,,,0.153973,0.146145,-0.007828
10-1016-j-conbuildmat-2020-120950,10-1016-j-conbuildmat-2020-120950,Gradient Boosting,regression,313.3|0.0|113.0|178.5|8.0|1001.9|688.7,1,,,0,0.059144,,,,0.061990,0.086130,0.024140
10-1016-j-conbuildmat-2020-120950,10-1016-j-conbuildmat-2020-120950,Gradient Boosting,regression,154.8|183.4|0.0|193.3|9.1|1047.4|696.7,1,,,0,1.050374,,,,0.249697,0.243144,-0.006553
10-1016-j-conbuildmat-2020-120950,10-1016-j-conbuildmat-2020-120950,Gradient Boosting,regression,145.9|230.5|0.0|202.5|3.4|827.0|871.8,1,,,0,0.185589,,,,0.147146,0.086860,-0.060286
10-1016-j-conbuildmat-2020-120950,10-1016-j-conbuildmat-2020-120950,Gradient Boosting,regression,296.0|0.0|106.7|221.4|10.5|819.2|778.4,1,,,0,0.263503,,,,0.022853,0.033784,0.010931
10-1016-j-conbuildmat-2020-120950,10-1016-j-conbuildmat-2020-120950,Gradient Boosting,regression,133.1|210.2|0.0|195.7|3.1|949.4|795.3,1,,,0,0.412227,,,,0.024621,0.031299,0.006678
10-1016-j-conbuildmat-2020-120950,10-1016-j-conbuildmat-2020-120950,Gradient Boosting,regression,313.3|145.0|0.0|178.5|8.0|867.2|824.0,1,,,0,0.306025,,,,0.055099,0.136898,0.081800
10-1016-j-conbuildmat-2020-120950,10-1016-j-conbuildmat-2020-120950,Gradient Boosting,regression,151.6|0.0|111.9|184.4|7.9|992.0|815.9,1,,,0,1.416275,,,,0.129239,0.053189,-0.076049
10-1016-j-conbuildmat-2020-120950,10-1016-j-conbuildmat-2020-120950,Gradient Boosting,regression,153.1|145.0|113.0|178.5|8.0|1001.9|688.7,1,,,0,0.614656,,,,0.029433,0.018790,-0.010643
10-1016-j-conbuildmat-2020-120950,10-1016-j-conbuildmat-2020-120950,Gradient Boosting,regression,139.9|132.6|103.3|200.3|7.4|916.0|753.4,1,,,0,0.037497,,,,0.320308,0.314266,-0.006042
10-1016-j-conbuildmat-2020-120950,10-1016-j-conbuildmat-2020-120950,Gradient Boosting,regression,149.5|236.0|0.0|175.8|12.6|846.8|892.7,1,,,0,0.171005,,,,0.015298,0.013374,-0.001924
10-1016-j-conbuildmat-2020-120950,10-1016-j-conbuildmat-2020-120950,Gradient Boosting,regression,299.8|0.0|119.8|211.5|9.9|878.2|727.6,1,,,0,0.717936,,,,0.207517,0.218990,0.011473
10-1016-j-conbuildmat-2020-120950,10-1016-j-conbuildmat-2020-120950,Gradient Boosting,regression,153.1|145.0|113.0|178.5|8.0|867.2|824.0,1,,,0,0.574294,,,,0.023435,0.013573,-0.009862
10-1016-j-conbuildmat-2020-120950,10-1016-j-conbuildmat-2020-120950,Gradient Boosting,regression,148.1|0.0|136.6|158.1|16.1|1001.8|830.1,1,,,0,1.070039,,,,0.018207,0.008113,-0.010094
10-1016-j-conbuildmat-2020-120950,10-1016-j-conbuildmat-2020-120950,Gradient Boosting,regression,326.5|0.0|137.9|199.0|10.8|801.1|792.5,1,,,0,0.168538,,,,0.002229,0.014130,0.011900
10-1016-j-conbuildmat-2020-120950,10-1016-j-conbuildmat-2020-120950,Gradient Boosting,regression,152.7|144.7|0.0|178.1|8.0|999.7|822.2,1,,,0,1.007120,,,,0.218033,0.182887,-0.035145
10-1016-j-conbuildmat-2020-120950,10-1016-j-conbuildmat-2020-120950,Gradient Boosting,regression,261.9|110.5|86.1|195.4|5.0|895.2|732.6,1,,,0,0.125769,,,,0.167483,0.152439,-0.015044
10-1016-j-conbuildmat-2020-120950,10-1016-j-conbuildmat-2020-120950,Gradient Boosting,regression,158.4|0.0|194.9|219.7|11.0|897.7|712.9,1,,,0,1.634650,,,,0.168405,0.070240,-0.098165
10-1016-j-conbuildmat-2020-120950,10-1016-j-conbuildmat-2020-120950,Gradient Boosting,regression,150.7|0.0|185.3|166.7|15.6|1074.5|678.0,1,,,0,1.339558,,,,0.058793,0.042449,-0.016344
10-1016-j-conbuildmat-2020-120950,10-1016-j-conbuildmat-2020-120950,Gradient Boosting,regression,272.6|0.0|89.6|198.7|10.6|931.3|762.2,1,,,0,0.214053,,,,0.028732,0.004070,-0.024662
10-1016-j-conbuildmat-2020-120950,10-1016-j-conbuildmat-2020-120950,Gradient Boosting,regression,149.0|117.6|91.7|182.9|7.1|953.4|780.3,1,,,0,0.736609,,,,0.108725,0.092753,-0.015972
10-1016-j-conbuildmat-2020-120950,10-1016-j-conbuildmat-2020-120950,Gradient Boosting,regression,143.0|169.4|142.7|190.7|8.4|967.4|643.5,1,,,0,0.365007,,,,0.009368,0.040721,0.031353
10-1016-j-conbuildmat-2020-120950,10-1016-j-conbuildmat-2020-120950,Gradient Boosting,regression,259.9|100.6|78.4|170.6|10.4|935.7|762.9,1,,,0,0.836183,,,,0.097258,0.034265,-0.062993
10-1016-j-conbuildmat-2020-120950,10-1016-j-conbuildmat-2020-120950,Gradient Boosting,regression,312.9|160.5|0.0|177.6|9.6|916.6|759.5,1,,,0,0.996349,,,,0.155461,0.188690,0.033229
10-1016-j-conbuildmat-2020-120950,10-1016-j-conbuildmat-2020-120950,Gradient Boosting,regression,284.0|119.7|0.0|168.3|7.2|970.4|794.2,1,,,0,0.306603,,,,0.221004,0.223756,0.002752
10-1016-j-conbuildmat-2020-120950,10-1016-j-conbuildmat-2020-120950,Gradient Boosting,regression,336.5|0.0|0.0|181.9|3.4|985.8|816.8,1,,,0,0.542289,,,,0.199597,0.194199,-0.005398
10-1016-j-conbuildmat-2020-120950,10-1016-j-conbuildmat-2020-120950,Gradient Boosting,regression,144.8|0.0|133.6|180.8|11.1|979.5|811.5,1,,,0,1.355092,,,,0.042056,0.063995,0.021939
10-1016-j-conbuildmat-2020-120950,10-1016-j-conbuildmat-2020-120950,Gradient Boosting,regression,150.0|236.8|0.0|173.8|11.9|1069.3|674.8,1,,,0,0.096697,,,,0.075083,0.038848,-0.036235
10-1016-j-conbuildmat-2020-120950,10-1016-j-conbuildmat-2020-120950,Gradient Boosting,regression,143.7|170.2|132.6|191.6|8.5|814.1|805.3,1,,,0,0.356331,,,,0.076770,0.130447,0.053677
10-1016-j-conbuildmat-2020-120950,10-1016-j-conbuildmat-2020-120950,Gradient Boosting,regression,330.5|169.6|0.0|194.9|8.1|811.0|802.3,1,,,0,1.246370,,,,0.210898,0.099256,-0.111642
10-1016-j-conbuildmat-2020-120950,10-1016-j-conbuildmat-2020-120950,Gradient Boosting,regression,154.8|0.0|142.8|193.3|9.1|1047.4|696.7,1,,,0,1.399585,,,,0.008327,0.004879,-0.003448
10-1016-j-conbuildmat-2020-120950,10-1016-j-conbuildmat-2020-120950,Gradient Boosting,regression,154.8|183.4|0.0|193.3|9.1|877.2|867.7,1,,,0,0.720869,,,,0.004000,0.037715,0.033715
10-1016-j-conbuildmat-2020-120950,10-1016-j-conbuildmat-2020-120950,Gradient Boosting,regression,134.7|0.0|165.7|180.2|10.0|961.0|804.9,1,,,0,1.349597,,,,0.084253,0.088300,0.004047
10-1016-j-conbuildmat-2020-120950,10-1016-j-conbuildmat-2020-120950,Gradient Boosting,regression,266.2|112.3|87.5|177.9|10.4|909.7|744.5,1,,,0,0.215923,,,,0.080129,0.076849,-0.003280
10-1016-j-conbuildmat-2020-120950,10-1016-j-conbuildmat-2020-120950,Gradient Boosting,regression,314.0|145.3|113.2|178.9|8.0|869.1|690.2,1,,,0,0.624128,,,,0.024131,0.016820,-0.007312
10-1016-j-conbuildmat-2020-120950,10-1016-j-conbuildmat-2020-120950,Gradient Boosting,regression,312.7|144.7|0.0|127.3|8.0|999.7|822.2,1,,,0,0.521633,,,,0.142299,0.090587,-0.051712
10-1016-j-conbuildmat-2020-120950,10-1016-j-conbuildmat-2020-120950,Gradient Boosting,regression,145.7|172.6|0.0|181.9|3.4|985.8|816.8,1,,,0,0.723430,,,,0.122724,0.135806,0.013081
10-1016-j-conbuildmat-2020-120950,10-1016-j-conbuildmat-2020-120950,Gradient Boosting,regression,143.8|136.3|106.2|178.1|7.5|941.5|774.3,1,,,0,0.579416,,,,0.047161,0.052652,0.005490
10-1016-j-conbuildmat-2020-120950,10-1016-j-conbuildmat-2020-120950,Gradient Boosting,regression,148.1|0.0|182.1|181.4|15.0|838.9|884.3,1,,,0,1.215829,,,,0.040818,0.067139,0.026321
10-1016-j-conbuildmat-2020-120950,10-1016-j-conbuildmat-2020-120950,Gradient Boosting,regression,277.0|116.8|91.0|190.6|7.0|946.5|665.6,1,,,0,0.464994,,,,0.010587,0.019849,0.009263
10-1016-j-conbuildmat-2020-120950,10-1016-j-conbuildmat-2020-120950,Gradient Boosting,regression,298.1|0.0|107.5|163.6|12.8|953.2|784.0,1,,,0,0.002877,,,,0.153403,0.150068,-0.003336
10-1016-j-conbuildmat-2020-120950,10-1016-j-conbuildmat-2020-120950,Gradient Boosting,regression,313.3|145.0|0.0|178.5|8.0|1001.9|688.7,1,,,0,0.313709,,,,0.151198,0.134212,-0.016986
10-1016-j-conbuildmat-2020-120950,10-1016-j-conbuildmat-2020-120950,Gradient Boosting,regression,155.2|183.9|143.2|193.8|9.2|879.6|698.5,1,,,0,0.409046,,,,0.037111,0.006071,-0.031039
10-1016-j-conbuildmat-2020-120950,10-1016-j-conbuildmat-2020-120950,Gradient Boosting,regression,289.0|133.7|0.0|194.9|5.5|924.1|760.1,1,,,0,0.624913,,,,0.199125,0.192119,-0.007006
10-1016-j-conbuildmat-2020-120950,10-1016-j-conbuildmat-2020-120950,Gradient Boosting,regression,147.8|175.1|0.0|171.2|2.2|1000.0|828.5,1,,,0,0.532982,,,,0.109628,0.134863,0.025235
10-1016-j-conbuildmat-2020-120950,10-1016-j-conbuildmat-2020-120950,Gradient Boosting,regression,145.4|0.0|178.9|201.7|7.8|824.0|868.7,1,,,0,1.514845,,,,0.087472,0.085204,-0.002268
10-1016-j-conbuildmat-2020-120950,10-1016-j-conbuildmat-2020-120950,Gradient Boosting,regression,312.7|0.0|0.0|178.1|8.0|999.7|822.2,1,,,0,0.641963,,,,0.350030,0.261419,-0.088611
10-1016-j-conbuildmat-2020-120950,10-1016-j-conbuildmat-2020-120950,Gradient Boosting,regression,136.4|161.6|125.8|171.6|10.4|922.6|764.4,1,,,0,0.404129,,,,0.067008,0.116429,0.049420
10-1016-j-conbuildmat-2020-120950,10-1016-j-conbuildmat-2020-120950,Gradient Boosting,regression,154.8|0.0|142.8|193.3|9.1|877.2|867.7,1,,,0,1.562644,,,,0.090372,0.098416,0.008044
10-1016-j-conbuildmat-2020-120950,10-1016-j-conbuildmat-2020-120950,Gradient Boosting,regression,255.3|98.8|77.0|188.6|6.5|919.0|749.3,1,,,0,0.120977,,,,0.049889,0.089184,0.039295
10-1016-j-conbuildmat-2020-120950,10-1016-j-conbuildmat-2020-120950,Gradient Boosting,regression,272.8|105.1|81.8|209.7|9.0|904.0|679.7,1,,,0,0.081081,,,,0.029878,0.049127,0.019249
10-1016-j-conbuildmat-2020-120950,10-1016-j-conbuildmat-2020-120950,Gradient Boosting,regression,162.0|190.1|148.1|178.8|18.8|838.1|741.4,1,,,0,0.123166,,,,0.068844,0.028453,-0.040391
10-1016-j-conbuildmat-2020-120950,10-1016-j-conbuildmat-2020-120950,Gradient Boosting,regression,153.6|144.2|112.3|220.1|10.1|923.2|657.9,1,,,0,1.157248,,,,0.313105,0.212569,-0.100536
10-1016-j-conbuildmat-2020-120950,10-1016-j-conbuildmat-2020-120950,Gradient Boosting,regression,146.5|114.6|89.3|201.9|8.8|860.0|829.5,1,,,0,0.948498,,,,0.019647,0.003598,-0.016049
10-1016-j-conbuildmat-2020-120950,10-1016-j-conbuildmat-2020-120950,Gradient Boosting,regression,151.8|178.1|138.7|167.5|18.3|944.0|694.6,1,,,0,0.031878,,,,0.112850,0.093958,-0.018892
10-1016-j-conbuildmat-2020-120950,10-1016-j-conbuildmat-2020-120950,Gradient Boosting,regression,309.9|142.8|111.2|167.8|22.1|913.9|651.2,1,,,0,0.143669,,,,0.076861,0.123603,0.046742
10-1016-j-conbuildmat-2020-120950,10-1016-j-conbuildmat-2020-120950,Gradient Boosting,regression,143.6|0.0|174.9|158.4|17.9|942.7|844.5,1,,,0,1.221984,,,,0.049831,0.046284,-0.003547
10-1016-j-conbuildmat-2020-120950,10-1016-j-conbuildmat-2020-120950,Gradient Boosting,regression,303.6|139.9|0.0|213.5|6.2|895.5|722.5,1,,,0,0.143698,,,,0.187647,0.121591,-0.066056
10-1016-j-conbuildmat-2020-120950,10-1016-j-conbuildmat-2020-120950,Gradient Boosting,regression,374.3|0.0|0.0|190.2|6.7|1013.2|730.4,1,,,0,0.194028,,,,0.056860,0.065379,0.008520
10-1016-j-conbuildmat-2020-120950,10-1016-j-conbuildmat-2020-120950,Gradient Boosting,regression,158.6|148.9|116.0|175.1|15.0|953.3|719.7,1,,,0,0.487538,,,,0.113487,0.066941,-0.046546
10-1016-j-conbuildmat-2020-120950,10-1016-j-conbuildmat-2020-120950,Gradient Boosting,regression,152.6|238.7|0.0|200.0|6.3|1001.8|683.9,1,,,0,0.536741,,,,0.037422,0.022277,-0.015145
10-1016-j-conbuildmat-2020-120950,10-1016-j-conbuildmat-2020-120950,Gradient Boosting,regression,310.0|142.8|0.0|167.9|10.0|914.3|804.0,1,,,0,0.568439,,,,0.090870,0.069993,-0.020877
10-1016-j-conbuildmat-2020-120950,10-1016-j-conbuildmat-2020-120950,Gradient Boosting,regression,304.8|0.0|99.6|196.0|9.8|959.4|705.2,1,,,0,0.341211,,,,0.070795,0.124897,0.054102
10-1016-j-conbuildmat-2020-120950,10-1016-j-conbuildmat-2020-120950,Gradient Boosting,regression,150.9|0.0|183.9|166.6|11.6|991.2|772.2,1,,,0,1.213226,,,,0.059030,0.024564,-0.034465
10-1016-j-conbuildmat-2020-120950,10-1016-j-conbuildmat-2020-120950,Gradient Boosting,regression,141.9|166.6|129.7|173.5|10.9|882.6|785.3,1,,,0,0.526921,,,,0.254595,0.244334,-0.010261
10-1016-j-conbuildmat-2020-120950,10-1016-j-conbuildmat-2020-120950,Gradient Boosting,regression,297.8|137.2|106.9|201.3|6.0|878.4|655.3,1,,,0,1.060962,,,,0.295644,0.267120,-0.028524
10-1016-j-conbuildmat-2020-120950,10-1016-j-conbuildmat-2020-120950,Gradient Boosting,regression,321.3|164.2|0.0|190.5|4.6|870.0|774.0,1,,,0,1.282270,,,,0.199396,0.255889,0.056493
10-1016-j-conbuildmat-2020-120950,10-1016-j-conbuildmat-2020-120950,Gradient Boosting,regression,366.0|187.0|0.0|191.3|6.6|824.3|756.9,1,,,0,1.803009,,,,0.307574,0.226839,-0.080736
10-1016-j-conbuildmat-2020-120950,10-1016-j-conbuildmat-2020-120950,Gradient Boosting,regression,279.8|128.9|100.4|172.4|9.5|825.1|804.9,1,,,0,1.019154,,,,0.009875,0.009268,-0.000607
10-1016-j-conbuildmat-2020-120950,10-1016-j-conbuildmat-2020-120950,Gradient Boosting,regression,252.1|97.1|75.6|193.8|8.3|835.5|821.4,1,,,0,0.144896,,,,0.009334,0.010439,0.001105
10-1016-j-conbuildmat-2020-120950,10-1016-j-conbuildmat-2020-120950,Gradient Boosting,regression,164.6|0.0|150.4|181.6|11.7|1023.3|728.9,1,,,0,1.065577,,,,0.144814,0.175706,0.030892
10-1016-j-conbuildmat-2020-120950,10-1016-j-conbuildmat-2020-120950,Gradient Boosting,regression,155.6|243.5|0.0|180.3|10.7|1022.0|697.7,1,,,0,0.092607,,,,0.143948,0.111656,-0.032292
10-1016-j-conbuildmat-2020-120950,10-1016-j-conbuildmat-2020-120950,Gradient Boosting,regression,160.2|188.0|146.4|203.2|11.3|828.7|709.7,1,,,0,0.030173,,,,0.054584,0.036304,-0.018280
10-1016-j-conbuildmat-2020-120950,10-1016-j-conbuildmat-2020-120950,Gradient Boosting,regression,298.1|0.0|107.0|186.4|6.1|879.0|815.2,1,,,0,0.409016,,,,0.261125,0.252659,-0.008466
10-1016-j-conbuildmat-2020-120950,10-1016-j-conbuildmat-2020-120950,Gradient Boosting,regression,317.9|0.0|126.5|209.7|5.7|860.5|736.6,1,,,0,0.254302,,,,0.098414,0.117459,0.019045
10-1016-j-conbuildmat-2020-120950,10-1016-j-conbuildmat-2020-120950,Gradient Boosting,regression,287.3|120.5|93.9|187.6|9.2|904.4|695.9,1,,,0,0.478172,,,,0.060058,0.030113,-0.029946
10-1016-j-conbuildmat-2020-120950,10-1016-j-conbuildmat-2020-120950,Gradient Boosting,regression,325.6|166.4|0.0|174.0|8.9|881.6|790.0,1,,,0,1.522996,,,,0.093848,0.053178,-0.040670
10-1016-j-conbuildmat-2020-120950,10-1016-j-conbuildmat-2020-120950,Gradient Boosting,regression,355.9|0.0|141.6|193.3|11.0|801.4|778.4,1,,,0,0.302637,,,,0.050014,0.027357,-0.022657
10-1016-j-conbuildmat-2020-120950,10-1016-j-conbuildmat-2020-120950,Gradient Boosting,regression,132.0|206.5|160.9|178.9|5.5|866.9|735.6,1,,,0,0.150473,,,,0.031017,0.003369,-0.027648
10-1016-j-conbuildmat-2020-120950,10-1016-j-conbuildmat-2020-120950,Gradient Boosting,regression,322.5|148.6|0.0|185.8|8.5|951.0|709.5,1,,,0,0.995151,,,,0.249994,0.238028,-0.011965
10-1016-j-conbuildmat-2020-120950,10-1016-j-conbuildmat-2020-120950,Gradient Boosting,regression,164.2|0.0|200.1|181.2|12.6|849.3|846.0,1,,,0,1.241897,,,,0.090575,0.012550,-0.078024
10-1016-j-conbuildmat-2020-120950,10-1016-j-conbuildmat-2020-120950,Gradient Boosting,regression,313.8|0.0|112.6|169.9|10.1|925.3|782.9,1,,,0,0.158376,,,,0.188015,0.227909,0.039894
10-1016-j-conbuildmat-2020-120950,10-1016-j-conbuildmat-2020-120950,Gradient Boosting,regression,321.4|0.0|127.9|182.5|11.5|870.1|779.7,1,,,0,0.086741,,,,0.101981,0.142008,0.040028
10-1016-j-conbuildmat-2020-120950,10-1016-j-conbuildmat-2020-120950,Gradient Boosting,regression,139.7|163.9|127.7|236.7|5.8|868.6|655.6,1,,,0,0.035502,,,,0.064165,0.131900,0.067735
10-1016-j-conbuildmat-2020-120950,10-1016-j-conbuildmat-2020-120950,Gradient Boosting,regression,288.4|121.0|0.0|177.4|7.0|907.9|829.5,1,,,0,0.378817,,,,0.047567,0.004976,-0.042590
10-1016-j-conbuildmat-2020-120950,10-1016-j-conbuildmat-2020-120950,Gradient Boosting,regression,298.2|0.0|107.0|209.7|11.1|879.6|744.2,1,,,0,0.236237,,,,0.017826,0.000281,-0.017545
10-1016-j-conbuildmat-2020-120950,10-1016-j-conbuildmat-2020-120950,Gradient Boosting,regression,264.5|111.0|86.5|195.5|5.9|832.6|790.4,1,,,0,0.342999,,,,0.021555,0.035032,0.013477
10-1016-j-conbuildmat-2020-120950,10-1016-j-conbuildmat-2020-120950,Gradient Boosting,regression,159.8|250.0|0.0|168.4|12.2|1049.3|688.2,1,,,0,0.217989,,,,0.141928,0.135932,-0.005996
10-1016-j-conbuildmat-2020-120950,10-1016-j-conbuildmat-2020-120950,Gradient Boosting,regression,166.0|259.7|0.0|183.2|12.7|858.8|826.8,1,,,0,0.125780,,,,0.065513,0.093105,0.027592
10-1016-j-conbuildmat-2020-120950,10-1016-j-conbuildmat-2020-120950,Gradient Boosting,regression,276.4|116.0|90.3|179.6|8.9|870.1|768.3,1,,,0,0.507297,,,,0.074253,0.039989,-0.034264
10-1016-j-conbuildmat-2020-120950,10-1016-j-conbuildmat-2020-120950,Gradient Boosting,regression,322.2|0.0|115.6|196.0|10.4|817.9|813.4,1,,,0,0.277962,,,,0.162588,0.138520,-0.024067
10-1016-j-conbuildmat-2020-120950,10-1016-j-conbuildmat-2020-120950,Gradient Boosting,regression,148.5|139.4|108.6|192.7|6.1|892.4|780.0,1,,,0,0.726281,,,,0.066326,0.046462,-0.019863
10-1016-j-conbuildmat-2020-120950,10-1016-j-conbuildmat-2020-120950,Gradient Boosting,regression,159.1|186.7|0.0|175.6|11.3|989.6|788.9,1,,,0,0.182738,,,,0.070017,0.058112,-0.011905
10-1016-j-conbuildmat-2020-120950,10-1016-j-conbuildmat-2020-120950,Gradient Boosting,regression,260.9|100.5|78.3|200.6|8.6|864.5|761.5,1,,,0,0.204716,,,,0.182083,0.111491,-0.070592
10-1016-j-engstruct-2019-110331,10-1016-j-engstruct-2019-110331,Logistic Regression,classification,Lefas et al. (1990a),13,0.765340,3.350426,8,0.634211,,1.000000,-0.000000,0.384615,1.000000,0.615385
10-1016-j-engstruct-2019-110331,10-1016-j-engstruct-2019-110331,Logistic Regression,classification,Lefas et al. (1990b),4,0.617918,1.303975,8,0.619537,,1.000000,-0.000000,0.000000,0.000000,0.000000
10-1016-j-engstruct-2019-110331,10-1016-j-engstruct-2019-110331,Logistic Regression,classification,Pilakoutas et al. (1995),6,0.535273,0.872331,8,0.205426,,0.500000,1.459148,0.500000,0.333333,-0.166667
10-1016-j-engstruct-2019-110331,10-1016-j-engstruct-2019-110331,Logistic Regression,classification,Salonikios et al. (1999),6,0.425456,1.135556,8,0.563307,,0.500000,1.000000,0.333333,0.333333,0.000000
10-1016-j-engstruct-2019-110331,10-1016-j-engstruct-2019-110331,Logistic Regression,classification,Park et al. (2015),8,0.664097,1.830237,8,0.576299,,0.875000,0.543564,1.000000,0.875000,-0.125000
10-1016-j-engstruct-2019-110331,10-1016-j-engstruct-2019-110331,Logistic Regression,classification,Teng and Chandra (2016),7,0.615035,1.665716,8,0.556625,,0.857143,0.591673,0.428571,1.000000,0.571429
10-1016-j-engstruct-2019-110331,10-1016-j-engstruct-2019-110331,Logistic Regression,classification,Oesterle et al. (1976),8,0.654285,1.450779,8,0.376623,,0.625000,0.954434,0.250000,0.375000,0.125000
10-1016-j-engstruct-2019-110331,10-1016-j-engstruct-2019-110331,Logistic Regression,classification,Oesterle et al. (1979),6,0.591051,1.511653,8,0.598191,,0.833333,0.650022,0.166667,0.833333,0.666667
10-1016-j-engstruct-2019-110331,10-1016-j-engstruct-2019-110331,Logistic Regression,classification,Cheng et al. (2016),5,0.555785,1.216611,8,0.953608,,1.000000,-0.000000,0.000000,0.000000,0.000000
10-1016-j-engstruct-2019-110331,10-1016-j-engstruct-2019-110331,Logistic Regression,classification,Alarcon et al. (2014),3,0.902288,1.761973,8,0.617949,,1.000000,-0.000000,0.000000,0.000000,0.000000
10-1016-j-engstruct-2019-110331,10-1016-j-engstruct-2019-110331,Logistic Regression,classification,Tran (2012),5,0.434222,0.779262,8,0.359278,,0.400000,1.521928,0.600000,0.800000,0.200000
10-1016-j-engstruct-2019-110331,10-1016-j-engstruct-2019-110331,Logistic Regression,classification,Hube et al. (2017),9,0.566788,0.966897,8,0.418403,,0.666667,1.224394,1.000000,0.888889,-0.111111
10-1016-j-engstruct-2019-110331,10-1016-j-engstruct-2019-110331,Logistic Regression,classification,Liu et al. (2009),4,0.720215,2.283492,8,0.372751,,0.500000,1.000000,0.750000,0.500000,-0.250000
10-1016-j-engstruct-2019-110331,10-1016-j-engstruct-2019-110331,Logistic Regression,classification,Ghorbani-Renani et al. (2009),2,0.559637,0.974462,8,0.557545,,0.500000,1.000000,0.500000,0.500000,0.000000
10-1016-j-engstruct-2019-110331,10-1016-j-engstruct-2019-110331,Logistic Regression,classification,Hirosawa (1975),88,0.606754,1.096000,8,0.566393,,0.750000,1.004585,0.250000,0.806818,0.556818
10-1016-j-engstruct-2019-110331,10-1016-j-engstruct-2019-110331,Logistic Regression,classification,Dazio et al. (2009),6,0.509519,1.267239,8,0.622739,,1.000000,-0.000000,0.000000,0.000000,0.000000
10-1016-j-engstruct-2019-110331,10-1016-j-engstruct-2019-110331,Logistic Regression,classification,Villalobos (2014),6,0.572335,1.122403,8,0.428941,,0.666667,0.918296,0.500000,0.500000,0.000000
10-1016-j-engstruct-2019-110331,10-1016-j-engstruct-2019-110331,Logistic Regression,classification,Zhang and Wang (2000),4,1.089326,3.210163,8,0.619537,,1.000000,-0.000000,0.000000,0.000000,0.000000
10-1016-j-engstruct-2019-110331,10-1016-j-engstruct-2019-110331,Logistic Regression,classification,Hube et al. (2014),6,0.790454,1.443282,8,0.453488,,0.833333,0.650022,0.166667,0.166667,0.000000
10-1016-j-engstruct-2019-110331,10-1016-j-engstruct-2019-110331,Logistic Regression,classification,Hidalgo et al. (2002),26,0.736407,1.211117,8,0.562146,,0.769231,0.779350,0.730769,0.769231,0.038462
10-1016-j-engstruct-2019-110331,10-1016-j-engstruct-2019-110331,Logistic Regression,classification,Han et al. (2002),2,0.740405,1.569794,8,0.616368,,1.000000,-0.000000,0.000000,0.000000,0.000000
10-1016-j-engstruct-2019-110331,10-1016-j-engstruct-2019-110331,Logistic Regression,classification,Barda et al. (1977),8,0.683961,1.506147,8,0.576299,,0.875000,0.543564,0.125000,0.125000,0.000000
10-1016-j-engstruct-2019-110331,10-1016-j-engstruct-2019-110331,Logistic Regression,classification,SLDRCE (2008),22,0.666350,2.642143,8,0.491301,,0.818182,0.865857,0.136364,0.727273,0.590909
10-1016-j-engstruct-2019-110331,10-1016-j-engstruct-2019-110331,Logistic Regression,classification,Greifenhagen and Lestuzzi (2005),4,0.604292,1.036855,8,0.372751,,0.750000,0.811278,1.000000,1.000000,0.000000
10-1016-j-engstruct-2019-110331,10-1016-j-engstruct-2019-110331,Logistic Regression,classification,Tasnimi (2000),4,0.644917,1.151854,8,0.619537,,1.000000,-0.000000,0.000000,0.000000,0.000000
10-1016-j-engstruct-2019-110331,10-1016-j-engstruct-2019-110331,Logistic Regression,classification,Aoyama et al. (1984),1,0.746258,2.484946,8,0.691327,,1.000000,-0.000000,0.000000,0.000000,0.000000
10-1016-j-engstruct-2019-110331,10-1016-j-engstruct-2019-110331,Logistic Regression,classification,Chiou et al. (2004),4,0.595029,1.052958,8,0.763496,,1.000000,-0.000000,1.000000,1.000000,0.000000
10-1016-j-engstruct-2019-110331,10-1016-j-engstruct-2019-110331,Logistic Regression,classification,Cho et al.(2004),1,0.911424,3.327252,8,0.614796,,1.000000,-0.000000,0.000000,0.000000,0.000000
10-1016-j-engstruct-2019-110331,10-1016-j-engstruct-2019-110331,Logistic Regression,classification,Deng et al.(2008),4,0.715195,1.009850,8,0.619537,,1.000000,-0.000000,0.000000,0.000000,0.000000
10-1016-j-engstruct-2019-110331,10-1016-j-engstruct-2019-110331,Logistic Regression,classification,Elnashai and Pinho (1998),1,0.680702,1.329511,8,0.614796,,1.000000,-0.000000,0.000000,0.000000,0.000000
10-1016-j-engstruct-2019-110331,10-1016-j-engstruct-2019-110331,Logistic Regression,classification,Hsiao et al.(2008),2,1.127454,2.639854,8,0.759591,,1.000000,-0.000000,1.000000,1.000000,0.000000
10-1016-j-engstruct-2019-110331,10-1016-j-engstruct-2019-110331,Logistic Regression,classification,Hwang et al. (2004),2,0.823935,1.336624,8,0.700767,,0.500000,1.000000,1.000000,1.000000,0.000000
10-1016-j-engstruct-2019-110331,10-1016-j-engstruct-2019-110331,Logistic Regression,classification,Kabeyasawa and Matsumoto (1992),6,0.835516,2.962367,8,0.767442,,1.000000,-0.000000,0.166667,1.000000,0.833333
10-1016-j-engstruct-2019-110331,10-1016-j-engstruct-2019-110331,Logistic Regression,classification,Kimura and Sugano (1996),5,0.803728,1.553713,8,0.765464,,1.000000,-0.000000,0.600000,0.200000,-0.400000
10-1016-j-engstruct-2019-110331,10-1016-j-engstruct-2019-110331,Logistic Regression,classification,Lombard et al.(2000),1,0.406471,0.814337,8,0.614796,,1.000000,-0.000000,0.000000,1.000000,1.000000
10-1016-j-engstruct-2019-110331,10-1016-j-engstruct-2019-110331,Logistic Regression,classification,Lopes et al. (2001),1,0.542412,0.771310,8,0.757653,,1.000000,-0.000000,0.000000,0.000000,0.000000
10-1016-j-engstruct-2019-110331,10-1016-j-engstruct-2019-110331,Logistic Regression,classification,Massone et al. (2009),3,0.589587,0.775265,8,0.389744,,0.333333,1.584963,0.666667,0.666667,0.000000
10-1016-j-engstruct-2019-110331,10-1016-j-engstruct-2019-110331,Logistic Regression,classification,Nakamura et al. (2009),2,0.482755,1.281899,8,0.946292,,1.000000,-0.000000,0.500000,1.000000,0.500000
10-1016-j-engstruct-2019-110331,10-1016-j-engstruct-2019-110331,Logistic Regression,classification,Oh et al. (2006),3,0.413127,0.873376,8,0.617949,,1.000000,-0.000000,0.333333,0.333333,0.000000
10-1016-j-engstruct-2019-110331,10-1016-j-engstruct-2019-110331,Logistic Regression,classification,Oh et al. (2002),1,0.577350,0.844147,8,0.614796,,1.000000,-0.000000,0.000000,1.000000,1.000000
10-1016-j-engstruct-2019-110331,10-1016-j-engstruct-2019-110331,Logistic Regression,classification,Palermo and Vecchio (2002),2,1.432532,2.749122,8,0.946292,,1.000000,-0.000000,1.000000,1.000000,0.000000
10-1016-j-engstruct-2019-110331,10-1016-j-engstruct-2019-110331,Logistic Regression,classification,Paulay et al. (1982),1,0.885646,2.425796,8,0.943878,,1.000000,-0.000000,0.000000,0.000000,0.000000
10-1016-j-engstruct-2019-110331,10-1016-j-engstruct-2019-110331,Logistic Regression,classification,Sittipunt and Wood (2004),2,0.406208,1.424620,8,0.693095,,1.000000,-0.000000,0.000000,0.000000,0.000000
10-1016-j-engstruct-2019-110331,10-1016-j-engstruct-2019-110331,Logistic Regression,classification,Taylor et al. (1996),1,0.658584,2.443633,8,0.614796,,1.000000,-0.000000,0.000000,0.000000,0.000000
10-1016-j-engstruct-2019-110331,10-1016-j-engstruct-2019-110331,Logistic Regression,classification,Tokunaga and Nakachi (2012),3,1.260636,2.801814,8,0.761538,,1.000000,-0.000000,1.000000,1.000000,0.000000
10-1016-j-engstruct-2019-110331,10-1016-j-engstruct-2019-110331,Logistic Regression,classification,Tomazevic et al. (1996),10,0.491239,0.789435,8,0.775457,,1.000000,-0.000000,0.200000,0.600000,0.400000
10-1016-j-engstruct-2019-110331,10-1016-j-engstruct-2019-110331,Logistic Regression,classification,Wallace et al. (2008),1,0.683214,1.329695,8,0.757653,,1.000000,-0.000000,0.000000,0.000000,0.000000
10-1016-j-engstruct-2019-110331,10-1016-j-engstruct-2019-110331,Logistic Regression,classification,Su and Wong (2007),3,1.615949,3.840054,8,0.617949,,1.000000,-0.000000,0.000000,0.000000,0.000000
10-1016-j-engstruct-2019-110331,10-1016-j-engstruct-2019-110331,Logistic Regression,classification,Dabbagh (2005),6,0.466425,1.439345,8,0.640827,,0.833333,0.650022,0.166667,0.166667,0.000000
10-1016-j-engstruct-2019-110331,10-1016-j-engstruct-2019-110331,Logistic Regression,classification,Gebreyohaness et al (2014),8,0.669630,0.932709,8,0.454545,,0.750000,0.811278,0.750000,1.000000,0.250000
10-1016-j-engstruct-2019-110331,10-1016-j-engstruct-2019-110331,Logistic Regression,classification,Jiang et al. (2013),6,0.833228,1.776476,8,0.622739,,1.000000,-0.000000,0.000000,0.000000,0.000000
10-1016-j-engstruct-2019-110331,10-1016-j-engstruct-2019-110331,Logistic Regression,classification,Kuang and Ho (2008),8,0.642930,1.390950,8,0.625974,,1.000000,-0.000000,0.875000,1.000000,0.125000
10-1016-j-engstruct-2019-110331,10-1016-j-engstruct-2019-110331,Logistic Regression,classification,Gupta and Rangan (1998),8,0.501101,1.446822,8,0.576299,,0.875000,0.543564,0.125000,0.250000,0.125000
10-1016-j-engstruct-2019-110331,10-1016-j-engstruct-2019-110331,Logistic Regression,classification,Yuan et al. (2018),2,0.618687,0.958445,8,0.616368,,1.000000,-0.000000,0.000000,0.000000,0.000000
10-1016-j-engstruct-2019-110331,10-1016-j-engstruct-2019-110331,Logistic Regression,classification,Yanez et al. (1991),1,0.450171,0.841555,8,0.614796,,1.000000,-0.000000,1.000000,1.000000,0.000000
10-1016-j-engstruct-2019-110331,10-1016-j-engstruct-2019-110331,Logistic Regression,classification,Terzioglu et al. (2018),4,0.553908,1.498249,8,0.763496,,1.000000,-0.000000,0.500000,0.750000,0.250000
10-1016-j-engstruct-2019-110331,10-1016-j-engstruct-2019-110331,Logistic Regression,classification,Abdulridha and Palermo (2017),1,0.793386,1.424873,8,0.614796,,1.000000,-0.000000,0.000000,0.000000,0.000000
10-1016-j-engstruct-2019-110331,10-1016-j-engstruct-2019-110331,Logistic Regression,classification,Christidis and Trezos (2017),4,0.898804,2.293361,8,0.510925,,0.750000,0.811278,1.000000,0.750000,-0.250000
10-1016-j-engstruct-2019-110331,10-1016-j-engstruct-2019-110331,Logistic Regression,classification,Ren et al. (2018),1,0.746421,1.101438,8,0.614796,,1.000000,-0.000000,0.000000,0.000000,0.000000
10-1016-j-engstruct-2019-110331,10-1016-j-engstruct-2019-110331,Logistic Regression,classification,Qiao et al. (2017),1,0.623750,0.973298,8,0.614796,,1.000000,-0.000000,1.000000,1.000000,0.000000
10-1016-j-engstruct-2019-110331,10-1016-j-engstruct-2019-110331,Logistic Regression,classification,Shen et al. (2017),1,0.506577,0.771310,8,0.614796,,1.000000,-0.000000,0.000000,0.000000,0.000000
10-1016-j-engstruct-2019-110331,10-1016-j-engstruct-2019-110331,Logistic Regression,classification,Mohamed et al. (2014),1,0.653397,1.330928,8,0.614796,,1.000000,-0.000000,0.000000,0.000000,0.000000
10-1016-j-engstruct-2019-110331,10-1016-j-engstruct-2019-110331,Logistic Regression,classification,Ghazizadeh and Cruz-Noguez (2018),1,0.609429,0.926975,8,0.614796,,1.000000,-0.000000,1.000000,1.000000,0.000000
10-1016-j-engstruct-2019-110331,10-1016-j-engstruct-2019-110331,Logistic Regression,classification,Aanasopoulou (2010),5,0.890522,3.775677,8,0.561856,,0.800000,0.721928,0.800000,0.800000,0.000000
10-1016-j-engstruct-2019-110331,10-1016-j-engstruct-2019-110331,Logistic Regression,classification,Alltin et al. (2013),1,1.722758,6.068293,8,0.691327,,1.000000,-0.000000,0.000000,0.000000,0.000000
10-1016-j-engstruct-2019-110331,10-1016-j-engstruct-2019-110331,Logistic Regression,classification,Zhu and Guo (2017),1,0.502682,0.894362,8,0.614796,,1.000000,-0.000000,0.000000,0.000000,0.000000
10-1016-j-engstruct-2019-110331,10-1016-j-engstruct-2019-110331,Logistic Regression,classification,Mansur et al. (1992),3,0.524366,1.027630,8,0.761538,,1.000000,-0.000000,1.000000,1.000000,0.000000
10-1016-j-engstruct-2019-110331,10-1016-j-engstruct-2019-110331,Logistic Regression,classification,Lu et al. (2017),1,0.681183,1.004886,8,0.614796,,1.000000,-0.000000,0.000000,0.000000,0.000000
10-1016-j-engstruct-2019-110331,10-1016-j-engstruct-2019-110331,Logistic Regression,classification,Lu et al. (2018),1,0.658416,0.967170,8,0.614796,,1.000000,-0.000000,0.000000,0.000000,0.000000
10-1016-j-engstruct-2019-110331,10-1016-j-engstruct-2019-110331,Logistic Regression,classification,Lu et al. (2019),1,0.668349,0.984218,8,0.614796,,1.000000,-0.000000,0.000000,0.000000,0.000000
10-1016-j-engstruct-2019-110331,10-1016-j-engstruct-2019-110331,Logistic Regression,classification,Lu et al. (2020),1,0.706854,0.969263,8,0.614796,,1.000000,-0.000000,0.000000,0.000000,0.000000
10-1016-j-engstruct-2019-110331,10-1016-j-engstruct-2019-110331,Logistic Regression,classification,Lu et al. (2021),1,0.638448,0.976400,8,0.614796,,1.000000,-0.000000,0.000000,0.000000,0.000000
10-1016-j-engstruct-2019-110331,10-1016-j-engstruct-2019-110331,Logistic Regression,classification,Lu et al. (2022),1,0.673721,0.994421,8,0.614796,,1.000000,-0.000000,0.000000,0.000000,0.000000
10-1016-j-engstruct-2019-110331,10-1016-j-engstruct-2019-110331,Logistic Regression,classification,Tripathi et al. (2019),1,0.454813,0.910302,8,0.614796,,1.000000,-0.000000,1.000000,1.000000,0.000000
10-1016-j-engstruct-2019-110331,10-1016-j-engstruct-2019-110331,Logistic Regression,classification,Tripathi et al. (2020),1,0.477148,0.930010,8,0.614796,,1.000000,-0.000000,1.000000,1.000000,0.000000
10-1016-j-engstruct-2019-110331,10-1016-j-engstruct-2019-110331,Random Forest,classification,Lefas et al. (1990a),13,0.765340,3.350426,8,0.634211,,1.000000,-0.000000,0.000000,0.307692,0.307692
10-1016-j-engstruct-2019-110331,10-1016-j-engstruct-2019-110331,Random Forest,classification,Lefas et al. (1990b),4,0.617918,1.303975,8,0.619537,,1.000000,-0.000000,0.000000,0.000000,0.000000
10-1016-j-engstruct-2019-110331,10-1016-j-engstruct-2019-110331,Random Forest,classification,Pilakoutas et al. (1995),6,0.535273,0.872331,8,0.205426,,0.500000,1.459148,0.500000,0.500000,0.000000
10-1016-j-engstruct-2019-110331,10-1016-j-engstruct-2019-110331,Random Forest,classification,Salonikios et al. (1999),6,0.425456,1.135556,8,0.563307,,0.500000,1.000000,0.166667,0.333333,0.166667
10-1016-j-engstruct-2019-110331,10-1016-j-engstruct-2019-110331,Random Forest,classification,Park et al. (2015),8,0.664097,1.830237,8,0.576299,,0.875000,0.543564,0.250000,0.250000,0.000000
10-1016-j-engstruct-2019-110331,10-1016-j-engstruct-2019-110331,Random Forest,classification,Teng and Chandra (2016),7,0.615035,1.665716,8,0.556625,,0.857143,0.591673,0.142857,1.000000,0.857143
10-1016-j-engstruct-2019-110331,10-1016-j-engstruct-2019-110331,Random Forest,classification,Oesterle et al. (1976),8,0.654285,1.450779,8,0.376623,,0.625000,0.954434,0.250000,0.250000,0.000000
10-1016-j-engstruct-2019-110331,10-1016-j-engstruct-2019-110331,Random Forest,classification,Oesterle et al. (1979),6,0.591051,1.511653,8,0.598191,,0.833333,0.650022,0.166667,0.000000,-0.166667
10-1016-j-engstruct-2019-110331,10-1016-j-engstruct-2019-110331,Random Forest,classification,Cheng et al. (2016),5,0.555785,1.216611,8,0.953608,,1.000000,-0.000000,0.400000,0.400000,0.000000
10-1016-j-engstruct-2019-110331,10-1016-j-engstruct-2019-110331,Random Forest,classification,Alarcon et al. (2014),3,0.902288,1.761973,8,0.617949,,1.000000,-0.000000,0.000000,0.000000,0.000000
10-1016-j-engstruct-2019-110331,10-1016-j-engstruct-2019-110331,Random Forest,classification,Tran (2012),5,0.434222,0.779262,8,0.359278,,0.400000,1.521928,0.600000,0.600000,0.000000
10-1016-j-engstruct-2019-110331,10-1016-j-engstruct-2019-110331,Random Forest,classification,Hube et al. (2017),9,0.566788,0.966897,8,0.418403,,0.666667,1.224394,0.555556,1.000000,0.444444
10-1016-j-engstruct-2019-110331,10-1016-j-engstruct-2019-110331,Random Forest,classification,Liu et al. (2009),4,0.720215,2.283492,8,0.372751,,0.500000,1.000000,0.250000,0.250000,0.000000
10-1016-j-engstruct-2019-110331,10-1016-j-engstruct-2019-110331,Random Forest,classification,Ghorbani-Renani et al. (2009),2,0.559637,0.974462,8,0.557545,,0.500000,1.000000,0.500000,0.500000,0.000000
10-1016-j-engstruct-2019-110331,10-1016-j-engstruct-2019-110331,Random Forest,classification,Hirosawa (1975),88,0.606754,1.096000,8,0.566393,,0.750000,1.004585,0.113636,0.693182,0.579545
10-1016-j-engstruct-2019-110331,10-1016-j-engstruct-2019-110331,Random Forest,classification,Dazio et al. (2009),6,0.509519,1.267239,8,0.622739,,1.000000,-0.000000,0.000000,0.000000,0.000000
10-1016-j-engstruct-2019-110331,10-1016-j-engstruct-2019-110331,Random Forest,classification,Villalobos (2014),6,0.572335,1.122403,8,0.428941,,0.666667,0.918296,0.500000,0.666667,0.166667
10-1016-j-engstruct-2019-110331,10-1016-j-engstruct-2019-110331,Random Forest,classification,Zhang and Wang (2000),4,1.089326,3.210163,8,0.619537,,1.000000,-0.000000,0.000000,0.000000,0.000000
10-1016-j-engstruct-2019-110331,10-1016-j-engstruct-2019-110331,Random Forest,classification,Hube et al. (2014),6,0.790454,1.443282,8,0.453488,,0.833333,0.650022,0.166667,0.166667,0.000000
10-1016-j-engstruct-2019-110331,10-1016-j-engstruct-2019-110331,Random Forest,classification,Hidalgo et al. (2002),26,0.736407,1.211117,8,0.562146,,0.769231,0.779350,0.038462,0.500000,0.461538
10-1016-j-engstruct-2019-110331,10-1016-j-engstruct-2019-110331,Random Forest,classification,Han et al. (2002),2,0.740405,1.569794,8,0.616368,,1.000000,-0.000000,0.000000,0.000000,0.000000
10-1016-j-engstruct-2019-110331,10-1016-j-engstruct-2019-110331,Random Forest,classification,Barda et al. (1977),8,0.683961,1.506147,8,0.576299,,0.875000,0.543564,0.125000,0.375000,0.250000
10-1016-j-engstruct-2019-110331,10-1016-j-engstruct-2019-110331,Random Forest,classification,SLDRCE (2008),22,0.666350,2.642143,8,0.491301,,0.818182,0.865857,0.136364,0.181818,0.045455
10-1016-j-engstruct-2019-110331,10-1016-j-engstruct-2019-110331,Random Forest,classification,Greifenhagen and Lestuzzi (2005),4,0.604292,1.036855,8,0.372751,,0.750000,0.811278,1.000000,0.750000,-0.250000
10-1016-j-engstruct-2019-110331,10-1016-j-engstruct-2019-110331,Random Forest,classification,Tasnimi (2000),4,0.644917,1.151854,8,0.619537,,1.000000,-0.000000,0.000000,0.000000,0.000000
10-1016-j-engstruct-2019-110331,10-1016-j-engstruct-2019-110331,Random Forest,classification,Aoyama et al. (1984),1,0.746258,2.484946,8,0.691327,,1.000000,-0.000000,1.000000,0.000000,-1.000000
10-1016-j-engstruct-2019-110331,10-1016-j-engstruct-2019-110331,Random Forest,classification,Chiou et al. (2004),4,0.595029,1.052958,8,0.763496,,1.000000,-0.000000,0.000000,0.500000,0.500000
10-1016-j-engstruct-2019-110331,10-1016-j-engstruct-2019-110331,Random Forest,classification,Cho et al.(2004),1,0.911424,3.327252,8,0.614796,,1.000000,-0.000000,0.000000,0.000000,0.000000
10-1016-j-engstruct-2019-110331,10-1016-j-engstruct-2019-110331,Random Forest,classification,Deng et al.(2008),4,0.715195,1.009850,8,0.619537,,1.000000,-0.000000,0.000000,0.000000,0.000000
10-1016-j-engstruct-2019-110331,10-1016-j-engstruct-2019-110331,Random Forest,classification,Elnashai and Pinho (1998),1,0.680702,1.329511,8,0.614796,,1.000000,-0.000000,0.000000,0.000000,0.000000
10-1016-j-engstruct-2019-110331,10-1016-j-engstruct-2019-110331,Random Forest,classification,Hsiao et al.(2008),2,1.127454,2.639854,8,0.759591,,1.000000,-0.000000,0.500000,1.000000,0.500000
10-1016-j-engstruct-2019-110331,10-1016-j-engstruct-2019-110331,Random Forest,classification,Hwang et al. (2004),2,0.823935,1.336624,8,0.700767,,0.500000,1.000000,0.500000,0.500000,0.000000
10-1016-j-engstruct-2019-110331,10-1016-j-engstruct-2019-110331,Random Forest,classification,Kabeyasawa and Matsumoto (1992),6,0.835516,2.962367,8,0.767442,,1.000000,-0.000000,0.000000,0.000000,0.000000
10-1016-j-engstruct-2019-110331,10-1016-j-engstruct-2019-110331,Random Forest,classification,Kimura and Sugano (1996),5,0.803728,1.553713,8,0.765464,,1.000000,-0.000000,0.000000,0.000000,0.000000
10-1016-j-engstruct-2019-110331,10-1016-j-engstruct-2019-110331,Random Forest,classification,Lombard et al.(2000),1,0.406471,0.814337,8,0.614796,,1.000000,-0.000000,0.000000,0.000000,0.000000
10-1016-j-engstruct-2019-110331,10-1016-j-engstruct-2019-110331,Random Forest,classification,Lopes et al. (2001),1,0.542412,0.771310,8,0.757653,,1.000000,-0.000000,1.000000,1.000000,0.000000
10-1016-j-engstruct-2019-110331,10-1016-j-engstruct-2019-110331,Random Forest,classification,Massone et al. (2009),3,0.589587,0.775265,8,0.389744,,0.333333,1.584963,0.666667,0.666667,0.000000
10-1016-j-engstruct-2019-110331,10-1016-j-engstruct-2019-110331,Random Forest,classification,Nakamura et al. (2009),2,0.482755,1.281899,8,0.946292,,1.000000,-0.000000,0.000000,1.000000,1.000000
10-1016-j-engstruct-2019-110331,10-1016-j-engstruct-2019-110331,Random Forest,classification,Oh et al. (2006),3,0.413127,0.873376,8,0.617949,,1.000000,-0.000000,0.000000,0.333333,0.333333
10-1016-j-engstruct-2019-110331,10-1016-j-engstruct-2019-110331,Random Forest,classification,Oh et al. (2002),1,0.577350,0.844147,8,0.614796,,1.000000,-0.000000,0.000000,1.000000,1.000000
10-1016-j-engstruct-2019-110331,10-1016-j-engstruct-2019-110331,Random Forest,classification,Palermo and Vecchio (2002),2,1.432532,2.749122,8,0.946292,,1.000000,-0.000000,1.000000,1.000000,0.000000
10-1016-j-engstruct-2019-110331,10-1016-j-engstruct-2019-110331,Random Forest,classification,Paulay et al. (1982),1,0.885646,2.425796,8,0.943878,,1.000000,-0.000000,0.000000,0.000000,0.000000
10-1016-j-engstruct-2019-110331,10-1016-j-engstruct-2019-110331,Random Forest,classification,Sittipunt and Wood (2004),2,0.406208,1.424620,8,0.693095,,1.000000,-0.000000,0.000000,1.000000,1.000000
10-1016-j-engstruct-2019-110331,10-1016-j-engstruct-2019-110331,Random Forest,classification,Taylor et al. (1996),1,0.658584,2.443633,8,0.614796,,1.000000,-0.000000,0.000000,0.000000,0.000000
10-1016-j-engstruct-2019-110331,10-1016-j-engstruct-2019-110331,Random Forest,classification,Tokunaga and Nakachi (2012),3,1.260636,2.801814,8,0.761538,,1.000000,-0.000000,0.333333,1.000000,0.666667
10-1016-j-engstruct-2019-110331,10-1016-j-engstruct-2019-110331,Random Forest,classification,Tomazevic et al. (1996),10,0.491239,0.789435,8,0.775457,,1.000000,-0.000000,0.000000,0.900000,0.900000
10-1016-j-engstruct-2019-110331,10-1016-j-engstruct-2019-110331,Random Forest,classification,Wallace et al. (2008),1,0.683214,1.329695,8,0.757653,,1.000000,-0.000000,0.000000,1.000000,1.000000
10-1016-j-engstruct-2019-110331,10-1016-j-engstruct-2019-110331,Random Forest,classification,Su and Wong (2007),3,1.615949,3.840054,8,0.617949,,1.000000,-0.000000,0.000000,0.666667,0.666667
10-1016-j-engstruct-2019-110331,10-1016-j-engstruct-2019-110331,Random Forest,classification,Dabbagh (2005),6,0.466425,1.439345,8,0.640827,,0.833333,0.650022,0.166667,0.666667,0.500000
10-1016-j-engstruct-2019-110331,10-1016-j-engstruct-2019-110331,Random Forest,classification,Gebreyohaness et al (2014),8,0.669630,0.932709,8,0.454545,,0.750000,0.811278,0.750000,0.750000,0.000000
10-1016-j-engstruct-2019-110331,10-1016-j-engstruct-2019-110331,Random Forest,classification,Jiang et al. (2013),6,0.833228,1.776476,8,0.622739,,1.000000,-0.000000,0.000000,0.833333,0.833333
10-1016-j-engstruct-2019-110331,10-1016-j-engstruct-2019-110331,Random Forest,classification,Kuang and Ho (2008),8,0.642930,1.390950,8,0.625974,,1.000000,-0.000000,0.000000,0.500000,0.500000
10-1016-j-engstruct-2019-110331,10-1016-j-engstruct-2019-110331,Random Forest,classification,Gupta and Rangan (1998),8,0.501101,1.446822,8,0.576299,,0.875000,0.543564,0.125000,0.500000,0.375000
10-1016-j-engstruct-2019-110331,10-1016-j-engstruct-2019-110331,Random Forest,classification,Yuan et al. (2018),2,0.618687,0.958445,8,0.616368,,1.000000,-0.000000,0.000000,0.000000,0.000000
10-1016-j-engstruct-2019-110331,10-1016-j-engstruct-2019-110331,Random Forest,classification,Yanez et al. (1991),1,0.450171,0.841555,8,0.614796,,1.000000,-0.000000,0.000000,0.000000,0.000000
10-1016-j-engstruct-2019-110331,10-1016-j-engstruct-2019-110331,Random Forest,classification,Terzioglu et al. (2018),4,0.553908,1.498249,8,0.763496,,1.000000,-0.000000,0.000000,0.500000,0.500000
10-1016-j-engstruct-2019-110331,10-1016-j-engstruct-2019-110331,Random Forest,classification,Abdulridha and Palermo (2017),1,0.793386,1.424873,8,0.614796,,1.000000,-0.000000,0.000000,0.000000,0.000000
10-1016-j-engstruct-2019-110331,10-1016-j-engstruct-2019-110331,Random Forest,classification,Christidis and Trezos (2017),4,0.898804,2.293361,8,0.510925,,0.750000,0.811278,0.000000,0.750000,0.750000
10-1016-j-engstruct-2019-110331,10-1016-j-engstruct-2019-110331,Random Forest,classification,Ren et al. (2018),1,0.746421,1.101438,8,0.614796,,1.000000,-0.000000,0.000000,0.000000,0.000000
10-1016-j-engstruct-2019-110331,10-1016-j-engstruct-2019-110331,Random Forest,classification,Qiao et al. (2017),1,0.623750,0.973298,8,0.614796,,1.000000,-0.000000,1.000000,1.000000,0.000000
10-1016-j-engstruct-2019-110331,10-1016-j-engstruct-2019-110331,Random Forest,classification,Shen et al. (2017),1,0.506577,0.771310,8,0.614796,,1.000000,-0.000000,0.000000,0.000000,0.000000
10-1016-j-engstruct-2019-110331,10-1016-j-engstruct-2019-110331,Random Forest,classification,Mohamed et al. (2014),1,0.653397,1.330928,8,0.614796,,1.000000,-0.000000,0.000000,0.000000,0.000000
10-1016-j-engstruct-2019-110331,10-1016-j-engstruct-2019-110331,Random Forest,classification,Ghazizadeh and Cruz-Noguez (2018),1,0.609429,0.926975,8,0.614796,,1.000000,-0.000000,0.000000,0.000000,0.000000
10-1016-j-engstruct-2019-110331,10-1016-j-engstruct-2019-110331,Random Forest,classification,Aanasopoulou (2010),5,0.890522,3.775677,8,0.561856,,0.800000,0.721928,0.400000,0.200000,-0.200000
10-1016-j-engstruct-2019-110331,10-1016-j-engstruct-2019-110331,Random Forest,classification,Alltin et al. (2013),1,1.722758,6.068293,8,0.691327,,1.000000,-0.000000,1.000000,1.000000,0.000000
10-1016-j-engstruct-2019-110331,10-1016-j-engstruct-2019-110331,Random Forest,classification,Zhu and Guo (2017),1,0.502682,0.894362,8,0.614796,,1.000000,-0.000000,0.000000,0.000000,0.000000
10-1016-j-engstruct-2019-110331,10-1016-j-engstruct-2019-110331,Random Forest,classification,Mansur et al. (1992),3,0.524366,1.027630,8,0.761538,,1.000000,-0.000000,0.666667,1.000000,0.333333
10-1016-j-engstruct-2019-110331,10-1016-j-engstruct-2019-110331,Random Forest,classification,Lu et al. (2017),1,0.681183,1.004886,8,0.614796,,1.000000,-0.000000,0.000000,0.000000,0.000000
10-1016-j-engstruct-2019-110331,10-1016-j-engstruct-2019-110331,Random Forest,classification,Lu et al. (2018),1,0.658416,0.967170,8,0.614796,,1.000000,-0.000000,0.000000,0.000000,0.000000
10-1016-j-engstruct-2019-110331,10-1016-j-engstruct-2019-110331,Random Forest,classification,Lu et al. (2019),1,0.668349,0.984218,8,0.614796,,1.000000,-0.000000,0.000000,0.000000,0.000000
10-1016-j-engstruct-2019-110331,10-1016-j-engstruct-2019-110331,Random Forest,classification,Lu et al. (2020),1,0.706854,0.969263,8,0.614796,,1.000000,-0.000000,0.000000,0.000000,0.000000
10-1016-j-engstruct-2019-110331,10-1016-j-engstruct-2019-110331,Random Forest,classification,Lu et al. (2021),1,0.638448,0.976400,8,0.614796,,1.000000,-0.000000,0.000000,0.000000,0.000000
10-1016-j-engstruct-2019-110331,10-1016-j-engstruct-2019-110331,Random Forest,classification,Lu et al. (2022),1,0.673721,0.994421,8,0.614796,,1.000000,-0.000000,0.000000,0.000000,0.000000
10-1016-j-engstruct-2019-110331,10-1016-j-engstruct-2019-110331,Random Forest,classification,Tripathi et al. (2019),1,0.454813,0.910302,8,0.614796,,1.000000,-0.000000,0.000000,0.000000,0.000000
10-1016-j-engstruct-2019-110331,10-1016-j-engstruct-2019-110331,Random Forest,classification,Tripathi et al. (2020),1,0.477148,0.930010,8,0.614796,,1.000000,-0.000000,0.000000,0.000000,0.000000
10-1016-j-engstruct-2019-110331,10-1016-j-engstruct-2019-110331,Gradient Boosting,classification,Lefas et al. (1990a),13,0.765340,3.350426,8,0.634211,,1.000000,-0.000000,0.000000,0.153846,0.153846
10-1016-j-engstruct-2019-110331,10-1016-j-engstruct-2019-110331,Gradient Boosting,classification,Lefas et al. (1990b),4,0.617918,1.303975,8,0.619537,,1.000000,-0.000000,0.000000,0.250000,0.250000
10-1016-j-engstruct-2019-110331,10-1016-j-engstruct-2019-110331,Gradient Boosting,classification,Pilakoutas et al. (1995),6,0.535273,0.872331,8,0.205426,,0.500000,1.459148,0.500000,0.500000,0.000000
10-1016-j-engstruct-2019-110331,10-1016-j-engstruct-2019-110331,Gradient Boosting,classification,Salonikios et al. (1999),6,0.425456,1.135556,8,0.563307,,0.500000,1.000000,0.333333,0.333333,0.000000
10-1016-j-engstruct-2019-110331,10-1016-j-engstruct-2019-110331,Gradient Boosting,classification,Park et al. (2015),8,0.664097,1.830237,8,0.576299,,0.875000,0.543564,0.125000,0.250000,0.125000
10-1016-j-engstruct-2019-110331,10-1016-j-engstruct-2019-110331,Gradient Boosting,classification,Teng and Chandra (2016),7,0.615035,1.665716,8,0.556625,,0.857143,0.591673,0.285714,1.000000,0.714286
10-1016-j-engstruct-2019-110331,10-1016-j-engstruct-2019-110331,Gradient Boosting,classification,Oesterle et al. (1976),8,0.654285,1.450779,8,0.376623,,0.625000,0.954434,0.250000,0.500000,0.250000
10-1016-j-engstruct-2019-110331,10-1016-j-engstruct-2019-110331,Gradient Boosting,classification,Oesterle et al. (1979),6,0.591051,1.511653,8,0.598191,,0.833333,0.650022,0.333333,0.000000,-0.333333
10-1016-j-engstruct-2019-110331,10-1016-j-engstruct-2019-110331,Gradient Boosting,classification,Cheng et al. (2016),5,0.555785,1.216611,8,0.953608,,1.000000,-0.000000,0.600000,0.400000,-0.200000
10-1016-j-engstruct-2019-110331,10-1016-j-engstruct-2019-110331,Gradient Boosting,classification,Alarcon et al. (2014),3,0.902288,1.761973,8,0.617949,,1.000000,-0.000000,0.000000,0.000000,0.000000
10-1016-j-engstruct-2019-110331,10-1016-j-engstruct-2019-110331,Gradient Boosting,classification,Tran (2012),5,0.434222,0.779262,8,0.359278,,0.400000,1.521928,0.400000,0.800000,0.400000
10-1016-j-engstruct-2019-110331,10-1016-j-engstruct-2019-110331,Gradient Boosting,classification,Hube et al. (2017),9,0.566788,0.966897,8,0.418403,,0.666667,1.224394,0.666667,1.000000,0.333333
10-1016-j-engstruct-2019-110331,10-1016-j-engstruct-2019-110331,Gradient Boosting,classification,Liu et al. (2009),4,0.720215,2.283492,8,0.372751,,0.500000,1.000000,0.500000,0.500000,0.000000
10-1016-j-engstruct-2019-110331,10-1016-j-engstruct-2019-110331,Gradient Boosting,classification,Ghorbani-Renani et al. (2009),2,0.559637,0.974462,8,0.557545,,0.500000,1.000000,0.500000,0.500000,0.000000
10-1016-j-engstruct-2019-110331,10-1016-j-engstruct-2019-110331,Gradient Boosting,classification,Hirosawa (1975),88,0.606754,1.096000,8,0.566393,,0.750000,1.004585,0.102273,0.875000,0.772727
10-1016-j-engstruct-2019-110331,10-1016-j-engstruct-2019-110331,Gradient Boosting,classification,Dazio et al. (2009),6,0.509519,1.267239,8,0.622739,,1.000000,-0.000000,0.000000,0.166667,0.166667
10-1016-j-engstruct-2019-110331,10-1016-j-engstruct-2019-110331,Gradient Boosting,classification,Villalobos (2014),6,0.572335,1.122403,8,0.428941,,0.666667,0.918296,0.333333,0.666667,0.333333
10-1016-j-engstruct-2019-110331,10-1016-j-engstruct-2019-110331,Gradient Boosting,classification,Zhang and Wang (2000),4,1.089326,3.210163,8,0.619537,,1.000000,-0.000000,0.000000,0.000000,0.000000
10-1016-j-engstruct-2019-110331,10-1016-j-engstruct-2019-110331,Gradient Boosting,classification,Hube et al. (2014),6,0.790454,1.443282,8,0.453488,,0.833333,0.650022,0.166667,0.333333,0.166667
10-1016-j-engstruct-2019-110331,10-1016-j-engstruct-2019-110331,Gradient Boosting,classification,Hidalgo et al. (2002),26,0.736407,1.211117,8,0.562146,,0.769231,0.779350,0.000000,0.846154,0.846154
10-1016-j-engstruct-2019-110331,10-1016-j-engstruct-2019-110331,Gradient Boosting,classification,Han et al. (2002),2,0.740405,1.569794,8,0.616368,,1.000000,-0.000000,0.000000,0.000000,0.000000
10-1016-j-engstruct-2019-110331,10-1016-j-engstruct-2019-110331,Gradient Boosting,classification,Barda et al. (1977),8,0.683961,1.506147,8,0.576299,,0.875000,0.543564,0.250000,0.625000,0.375000
10-1016-j-engstruct-2019-110331,10-1016-j-engstruct-2019-110331,Gradient Boosting,classification,SLDRCE (2008),22,0.666350,2.642143,8,0.491301,,0.818182,0.865857,0.136364,0.181818,0.045455
10-1016-j-engstruct-2019-110331,10-1016-j-engstruct-2019-110331,Gradient Boosting,classification,Greifenhagen and Lestuzzi (2005),4,0.604292,1.036855,8,0.372751,,0.750000,0.811278,0.750000,0.750000,0.000000
10-1016-j-engstruct-2019-110331,10-1016-j-engstruct-2019-110331,Gradient Boosting,classification,Tasnimi (2000),4,0.644917,1.151854,8,0.619537,,1.000000,-0.000000,0.000000,0.000000,0.000000
10-1016-j-engstruct-2019-110331,10-1016-j-engstruct-2019-110331,Gradient Boosting,classification,Aoyama et al. (1984),1,0.746258,2.484946,8,0.691327,,1.000000,-0.000000,1.000000,1.000000,0.000000
10-1016-j-engstruct-2019-110331,10-1016-j-engstruct-2019-110331,Gradient Boosting,classification,Chiou et al. (2004),4,0.595029,1.052958,8,0.763496,,1.000000,-0.000000,0.000000,0.500000,0.500000
10-1016-j-engstruct-2019-110331,10-1016-j-engstruct-2019-110331,Gradient Boosting,classification,Cho et al.(2004),1,0.911424,3.327252,8,0.614796,,1.000000,-0.000000,0.000000,0.000000,0.000000
10-1016-j-engstruct-2019-110331,10-1016-j-engstruct-2019-110331,Gradient Boosting,classification,Deng et al.(2008),4,0.715195,1.009850,8,0.619537,,1.000000,-0.000000,0.000000,0.000000,0.000000
10-1016-j-engstruct-2019-110331,10-1016-j-engstruct-2019-110331,Gradient Boosting,classification,Elnashai and Pinho (1998),1,0.680702,1.329511,8,0.614796,,1.000000,-0.000000,0.000000,0.000000,0.000000
10-1016-j-engstruct-2019-110331,10-1016-j-engstruct-2019-110331,Gradient Boosting,classification,Hsiao et al.(2008),2,1.127454,2.639854,8,0.759591,,1.000000,-0.000000,0.000000,1.000000,1.000000
10-1016-j-engstruct-2019-110331,10-1016-j-engstruct-2019-110331,Gradient Boosting,classification,Hwang et al. (2004),2,0.823935,1.336624,8,0.700767,,0.500000,1.000000,0.000000,0.500000,0.500000
10-1016-j-engstruct-2019-110331,10-1016-j-engstruct-2019-110331,Gradient Boosting,classification,Kabeyasawa and Matsumoto (1992),6,0.835516,2.962367,8,0.767442,,1.000000,-0.000000,0.166667,0.166667,0.000000
10-1016-j-engstruct-2019-110331,10-1016-j-engstruct-2019-110331,Gradient Boosting,classification,Kimura and Sugano (1996),5,0.803728,1.553713,8,0.765464,,1.000000,-0.000000,0.000000,0.000000,0.000000
10-1016-j-engstruct-2019-110331,10-1016-j-engstruct-2019-110331,Gradient Boosting,classification,Lombard et al.(2000),1,0.406471,0.814337,8,0.614796,,1.000000,-0.000000,1.000000,0.000000,-1.000000
10-1016-j-engstruct-2019-110331,10-1016-j-engstruct-2019-110331,Gradient Boosting,classification,Lopes et al. (2001),1,0.542412,0.771310,8,0.757653,,1.000000,-0.000000,1.000000,1.000000,0.000000
10-1016-j-engstruct-2019-110331,10-1016-j-engstruct-2019-110331,Gradient Boosting,classification,Massone et al. (2009),3,0.589587,0.775265,8,0.389744,,0.333333,1.584963,0.666667,0.666667,0.000000
10-1016-j-engstruct-2019-110331,10-1016-j-engstruct-2019-110331,Gradient Boosting,classification,Nakamura et al. (2009),2,0.482755,1.281899,8,0.946292,,1.000000,-0.000000,1.000000,1.000000,0.000000
10-1016-j-engstruct-2019-110331,10-1016-j-engstruct-2019-110331,Gradient Boosting,classification,Oh et al. (2006),3,0.413127,0.873376,8,0.617949,,1.000000,-0.000000,0.000000,0.000000,0.000000
10-1016-j-engstruct-2019-110331,10-1016-j-engstruct-2019-110331,Gradient Boosting,classification,Oh et al. (2002),1,0.577350,0.844147,8,0.614796,,1.000000,-0.000000,0.000000,0.000000,0.000000
10-1016-j-engstruct-2019-110331,10-1016-j-engstruct-2019-110331,Gradient Boosting,classification,Palermo and Vecchio (2002),2,1.432532,2.749122,8,0.946292,,1.000000,-0.000000,1.000000,1.000000,0.000000
10-1016-j-engstruct-2019-110331,10-1016-j-engstruct-2019-110331,Gradient Boosting,classification,Paulay et al. (1982),1,0.885646,2.425796,8,0.943878,,1.000000,-0.000000,0.000000,0.000000,0.000000
10-1016-j-engstruct-2019-110331,10-1016-j-engstruct-2019-110331,Gradient Boosting,classification,Sittipunt and Wood (2004),2,0.406208,1.424620,8,0.693095,,1.000000,-0.000000,0.000000,1.000000,1.000000
10-1016-j-engstruct-2019-110331,10-1016-j-engstruct-2019-110331,Gradient Boosting,classification,Taylor et al. (1996),1,0.658584,2.443633,8,0.614796,,1.000000,-0.000000,0.000000,0.000000,0.000000
10-1016-j-engstruct-2019-110331,10-1016-j-engstruct-2019-110331,Gradient Boosting,classification,Tokunaga and Nakachi (2012),3,1.260636,2.801814,8,0.761538,,1.000000,-0.000000,0.000000,1.000000,1.000000
10-1016-j-engstruct-2019-110331,10-1016-j-engstruct-2019-110331,Gradient Boosting,classification,Tomazevic et al. (1996),10,0.491239,0.789435,8,0.775457,,1.000000,-0.000000,0.000000,0.600000,0.600000
10-1016-j-engstruct-2019-110331,10-1016-j-engstruct-2019-110331,Gradient Boosting,classification,Wallace et al. (2008),1,0.683214,1.329695,8,0.757653,,1.000000,-0.000000,1.000000,1.000000,0.000000
10-1016-j-engstruct-2019-110331,10-1016-j-engstruct-2019-110331,Gradient Boosting,classification,Su and Wong (2007),3,1.615949,3.840054,8,0.617949,,1.000000,-0.000000,0.000000,1.000000,1.000000
10-1016-j-engstruct-2019-110331,10-1016-j-engstruct-2019-110331,Gradient Boosting,classification,Dabbagh (2005),6,0.466425,1.439345,8,0.640827,,0.833333,0.650022,0.166667,0.166667,0.000000
10-1016-j-engstruct-2019-110331,10-1016-j-engstruct-2019-110331,Gradient Boosting,classification,Gebreyohaness et al (2014),8,0.669630,0.932709,8,0.454545,,0.750000,0.811278,0.750000,0.750000,0.000000
10-1016-j-engstruct-2019-110331,10-1016-j-engstruct-2019-110331,Gradient Boosting,classification,Jiang et al. (2013),6,0.833228,1.776476,8,0.622739,,1.000000,-0.000000,0.000000,0.000000,0.000000
10-1016-j-engstruct-2019-110331,10-1016-j-engstruct-2019-110331,Gradient Boosting,classification,Kuang and Ho (2008),8,0.642930,1.390950,8,0.625974,,1.000000,-0.000000,0.125000,0.750000,0.625000
10-1016-j-engstruct-2019-110331,10-1016-j-engstruct-2019-110331,Gradient Boosting,classification,Gupta and Rangan (1998),8,0.501101,1.446822,8,0.576299,,0.875000,0.543564,0.125000,0.125000,0.000000
10-1016-j-engstruct-2019-110331,10-1016-j-engstruct-2019-110331,Gradient Boosting,classification,Yuan et al. (2018),2,0.618687,0.958445,8,0.616368,,1.000000,-0.000000,0.000000,0.000000,0.000000
10-1016-j-engstruct-2019-110331,10-1016-j-engstruct-2019-110331,Gradient Boosting,classification,Yanez et al. (1991),1,0.450171,0.841555,8,0.614796,,1.000000,-0.000000,1.000000,0.000000,-1.000000
10-1016-j-engstruct-2019-110331,10-1016-j-engstruct-2019-110331,Gradient Boosting,classification,Terzioglu et al. (2018),4,0.553908,1.498249,8,0.763496,,1.000000,-0.000000,0.000000,0.250000,0.250000
10-1016-j-engstruct-2019-110331,10-1016-j-engstruct-2019-110331,Gradient Boosting,classification,Abdulridha and Palermo (2017),1,0.793386,1.424873,8,0.614796,,1.000000,-0.000000,0.000000,0.000000,0.000000
10-1016-j-engstruct-2019-110331,10-1016-j-engstruct-2019-110331,Gradient Boosting,classification,Christidis and Trezos (2017),4,0.898804,2.293361,8,0.510925,,0.750000,0.811278,0.000000,0.750000,0.750000
10-1016-j-engstruct-2019-110331,10-1016-j-engstruct-2019-110331,Gradient Boosting,classification,Ren et al. (2018),1,0.746421,1.101438,8,0.614796,,1.000000,-0.000000,0.000000,0.000000,0.000000
10-1016-j-engstruct-2019-110331,10-1016-j-engstruct-2019-110331,Gradient Boosting,classification,Qiao et al. (2017),1,0.623750,0.973298,8,0.614796,,1.000000,-0.000000,1.000000,0.000000,-1.000000
10-1016-j-engstruct-2019-110331,10-1016-j-engstruct-2019-110331,Gradient Boosting,classification,Shen et al. (2017),1,0.506577,0.771310,8,0.614796,,1.000000,-0.000000,0.000000,0.000000,0.000000
10-1016-j-engstruct-2019-110331,10-1016-j-engstruct-2019-110331,Gradient Boosting,classification,Mohamed et al. (2014),1,0.653397,1.330928,8,0.614796,,1.000000,-0.000000,0.000000,0.000000,0.000000
10-1016-j-engstruct-2019-110331,10-1016-j-engstruct-2019-110331,Gradient Boosting,classification,Ghazizadeh and Cruz-Noguez (2018),1,0.609429,0.926975,8,0.614796,,1.000000,-0.000000,1.000000,0.000000,-1.000000
10-1016-j-engstruct-2019-110331,10-1016-j-engstruct-2019-110331,Gradient Boosting,classification,Aanasopoulou (2010),5,0.890522,3.775677,8,0.561856,,0.800000,0.721928,0.400000,0.200000,-0.200000
10-1016-j-engstruct-2019-110331,10-1016-j-engstruct-2019-110331,Gradient Boosting,classification,Alltin et al. (2013),1,1.722758,6.068293,8,0.691327,,1.000000,-0.000000,1.000000,1.000000,0.000000
10-1016-j-engstruct-2019-110331,10-1016-j-engstruct-2019-110331,Gradient Boosting,classification,Zhu and Guo (2017),1,0.502682,0.894362,8,0.614796,,1.000000,-0.000000,0.000000,0.000000,0.000000
10-1016-j-engstruct-2019-110331,10-1016-j-engstruct-2019-110331,Gradient Boosting,classification,Mansur et al. (1992),3,0.524366,1.027630,8,0.761538,,1.000000,-0.000000,0.000000,1.000000,1.000000
10-1016-j-engstruct-2019-110331,10-1016-j-engstruct-2019-110331,Gradient Boosting,classification,Lu et al. (2017),1,0.681183,1.004886,8,0.614796,,1.000000,-0.000000,0.000000,0.000000,0.000000
10-1016-j-engstruct-2019-110331,10-1016-j-engstruct-2019-110331,Gradient Boosting,classification,Lu et al. (2018),1,0.658416,0.967170,8,0.614796,,1.000000,-0.000000,0.000000,0.000000,0.000000
10-1016-j-engstruct-2019-110331,10-1016-j-engstruct-2019-110331,Gradient Boosting,classification,Lu et al. (2019),1,0.668349,0.984218,8,0.614796,,1.000000,-0.000000,0.000000,0.000000,0.000000
10-1016-j-engstruct-2019-110331,10-1016-j-engstruct-2019-110331,Gradient Boosting,classification,Lu et al. (2020),1,0.706854,0.969263,8,0.614796,,1.000000,-0.000000,0.000000,0.000000,0.000000
10-1016-j-engstruct-2019-110331,10-1016-j-engstruct-2019-110331,Gradient Boosting,classification,Lu et al. (2021),1,0.638448,0.976400,8,0.614796,,1.000000,-0.000000,0.000000,0.000000,0.000000
10-1016-j-engstruct-2019-110331,10-1016-j-engstruct-2019-110331,Gradient Boosting,classification,Lu et al. (2022),1,0.673721,0.994421,8,0.614796,,1.000000,-0.000000,0.000000,0.000000,0.000000
10-1016-j-engstruct-2019-110331,10-1016-j-engstruct-2019-110331,Gradient Boosting,classification,Tripathi et al. (2019),1,0.454813,0.910302,8,0.614796,,1.000000,-0.000000,0.000000,0.000000,0.000000
10-1016-j-engstruct-2019-110331,10-1016-j-engstruct-2019-110331,Gradient Boosting,classification,Tripathi et al. (2020),1,0.477148,0.930010,8,0.614796,,1.000000,-0.000000,0.000000,0.000000,0.000000
10-1016-j-engstruct-2020-111743,10-1016-j-engstruct-2020-111743,Ridge,regression,Singh & Jain,1,0.381399,0.831498,6,0.236694,,,,0.340061,0.115006,-0.225054
10-1016-j-engstruct-2020-111743,10-1016-j-engstruct-2020-111743,Ridge,regression,Singh & Jain 2014,31,0.269350,0.617020,6,0.217458,0.043853,,,0.318552,0.345739,0.027187
10-1016-j-engstruct-2020-111743,10-1016-j-engstruct-2020-111743,Ridge,regression,Sahoo & Sharma,1,0.698324,1.294104,6,0.035585,,,,0.060260,0.099595,0.039335
10-1016-j-engstruct-2020-111743,10-1016-j-engstruct-2020-111743,Ridge,regression,Sahoo & Sharma 2014,3,0.535571,0.881552,6,0.290456,0.004973,,,0.193572,0.148156,-0.045415
10-1016-j-engstruct-2020-111743,10-1016-j-engstruct-2020-111743,Ridge,regression,"Shoaib, Lubell and Bindiganavile",2,0.389255,1.056552,6,0.387682,0.001247,,,0.407552,0.367931,-0.039621
10-1016-j-engstruct-2020-111743,10-1016-j-engstruct-2020-111743,Ridge,regression,"Shoaib, Lubell and Bindiganavile 2015",2,0.393442,0.737490,6,1.027280,0.001607,,,1.097688,1.021105,-0.076583
10-1016-j-engstruct-2020-111743,10-1016-j-engstruct-2020-111743,Ridge,regression,Manju et al.,1,0.898318,1.459386,6,0.203978,,,,0.563821,0.566121,0.002300
10-1016-j-engstruct-2020-111743,10-1016-j-engstruct-2020-111743,Ridge,regression,Manju et al. 2017,5,0.849739,1.372806,6,0.166372,0.118119,,,0.462870,0.461093,-0.001778
10-1016-j-engstruct-2020-111743,10-1016-j-engstruct-2020-111743,Ridge,regression,Arslan et al,1,0.511386,1.110186,6,0.557173,,,,0.492180,0.508302,0.016122
10-1016-j-engstruct-2020-111743,10-1016-j-engstruct-2020-111743,Ridge,regression,Arslan et al 2017,8,1.101285,1.823314,6,0.714482,0.003032,,,0.450389,0.474539,0.024150
10-1016-j-engstruct-2020-111743,10-1016-j-engstruct-2020-111743,Ridge,regression,Parra-Montesinos et al,1,0.338290,0.725738,6,0.157964,,,,0.029662,0.016534,-0.013129
10-1016-j-engstruct-2020-111743,10-1016-j-engstruct-2020-111743,Ridge,regression,Parra-Montesinos et al 2006,9,0.440872,0.617273,6,0.230999,0.023758,,,0.167993,0.160645,-0.007348
10-1016-j-engstruct-2020-111743,10-1016-j-engstruct-2020-111743,Ridge,regression,Rosenbusch and Teutsch,1,0.799784,1.459386,6,0.878198,,,,0.606802,0.556265,-0.050537
10-1016-j-engstruct-2020-111743,10-1016-j-engstruct-2020-111743,Ridge,regression,Rosenbusch and Teutsch 2003,18,0.361875,0.728797,6,0.113947,0.221106,,,0.406996,0.408995,0.001999
10-1016-j-engstruct-2020-111743,10-1016-j-engstruct-2020-111743,Ridge,regression,Sahoo et al,1,0.549467,1.367156,6,0.002434,,,,0.207730,0.234481,0.026750
10-1016-j-engstruct-2020-111743,10-1016-j-engstruct-2020-111743,Ridge,regression,Sahoo et al 2016,2,0.359044,0.601408,6,0.384188,0.004345,,,0.434032,0.426172,-0.007860
10-1016-j-engstruct-2020-111743,10-1016-j-engstruct-2020-111743,Ridge,regression,Amin and Foster,1,0.567717,1.035738,6,0.839701,,,,0.760227,0.932957,0.172730
10-1016-j-engstruct-2020-111743,10-1016-j-engstruct-2020-111743,Ridge,regression,Amin and Foster 2016,1,0.332767,0.517071,6,1.307553,,,,1.265672,1.209503,-0.056169
10-1016-j-engstruct-2020-111743,10-1016-j-engstruct-2020-111743,Ridge,regression,Tahenni et al,1,0.697231,1.286122,6,0.710896,,,,0.856575,0.886025,0.029450
10-1016-j-engstruct-2020-111743,10-1016-j-engstruct-2020-111743,Ridge,regression,Tahenni et al 2016,8,0.480745,1.304878,6,0.692969,0.000484,,,0.796348,0.746986,-0.049362
10-1016-j-engstruct-2020-111743,10-1016-j-engstruct-2020-111743,Ridge,regression,Narayanan and Darwish,2,0.902299,1.610983,6,0.287919,2.241253,,,0.777046,0.772016,-0.005030
10-1016-j-engstruct-2020-111743,10-1016-j-engstruct-2020-111743,Ridge,regression,Narayanan and Darwish 1987,27,0.681378,1.982853,6,0.750083,0.011172,,,0.416196,0.674405,0.258209
10-1016-j-engstruct-2020-111743,10-1016-j-engstruct-2020-111743,Ridge,regression,Cucchiara et al,1,0.305461,0.540900,6,0.347429,,,,0.430458,0.445882,0.015424
10-1016-j-engstruct-2020-111743,10-1016-j-engstruct-2020-111743,Ridge,regression,Cucchiara et al 2004,3,0.777675,1.423172,6,0.248772,0.002116,,,0.428071,0.297389,-0.130682
10-1016-j-engstruct-2020-111743,10-1016-j-engstruct-2020-111743,Ridge,regression,Kwak et al,1,0.696861,0.946209,6,0.090089,,,,0.341615,0.281714,-0.059901
10-1016-j-engstruct-2020-111743,10-1016-j-engstruct-2020-111743,Ridge,regression,Kwak et al 2002,3,0.531376,0.937927,6,0.282534,0.064901,,,0.367992,0.254416,-0.113576
10-1016-j-engstruct-2020-111743,10-1016-j-engstruct-2020-111743,Ridge,regression,Lim and Oh,1,0.424060,0.667497,6,0.601486,,,,0.935907,1.082457,0.146550
10-1016-j-engstruct-2020-111743,10-1016-j-engstruct-2020-111743,Ridge,regression,Lim and Oh 1999,1,0.620097,2.024973,6,0.493746,,,,0.924061,0.960709,0.036648
10-1016-j-engstruct-2020-111743,10-1016-j-engstruct-2020-111743,Ridge,regression,Dinh et al,1,0.412990,0.677897,6,0.148191,,,,0.111696,0.111570,-0.000127
10-1016-j-engstruct-2020-111743,10-1016-j-engstruct-2020-111743,Ridge,regression,Dinh et al 2010,20,0.359958,0.581966,6,0.730483,0.382551,,,0.721975,0.911083,0.189109
10-1016-j-engstruct-2020-111743,10-1016-j-engstruct-2020-111743,Ridge,regression,Lima Araujo et al,1,0.370478,0.620303,6,0.746130,,,,0.217644,0.314015,0.096371
10-1016-j-engstruct-2020-111743,10-1016-j-engstruct-2020-111743,Ridge,regression,Lima Araujo et al 2014,1,0.928408,2.118974,6,0.949980,,,,0.502808,0.436371,-0.066437
10-1016-j-engstruct-2020-111743,10-1016-j-engstruct-2020-111743,Ridge,regression,Casanova et al,1,0.748601,1.390903,6,1.357782,,,,1.701902,1.941306,0.239404
10-1016-j-engstruct-2020-111743,10-1016-j-engstruct-2020-111743,Ridge,regression,Casanova et al 1997,2,0.489899,0.659124,6,0.709206,0.841350,,,1.158373,1.279426,0.121053
10-1016-j-engstruct-2020-111743,10-1016-j-engstruct-2020-111743,Ridge,regression,Aoude et al,1,0.759925,1.283257,6,0.674136,,,,0.465620,0.496766,0.031146
10-1016-j-engstruct-2020-111743,10-1016-j-engstruct-2020-111743,Ridge,regression,Aoude et al 2012,3,0.560276,1.151982,6,0.081188,0.232330,,,0.374227,0.361195,-0.013033
10-1016-j-engstruct-2020-111743,10-1016-j-engstruct-2020-111743,Ridge,regression,Minelli & Plizzari,1,0.930798,1.409053,6,0.129422,,,,0.065090,0.000927,-0.064163
10-1016-j-engstruct-2020-111743,10-1016-j-engstruct-2020-111743,Ridge,regression,Minelli & Plizzari 2013,8,0.845605,1.442218,6,0.261993,0.219904,,,0.452156,0.443084,-0.009072
10-1016-j-engstruct-2020-111743,10-1016-j-engstruct-2020-111743,Ridge,regression,Kang et al,2,0.590923,1.122554,6,0.282556,0.053103,,,0.303496,0.304876,0.001381
10-1016-j-engstruct-2020-111743,10-1016-j-engstruct-2020-111743,Ridge,regression,Kang et al 2011,2,0.465505,0.921591,6,0.616587,0.038769,,,0.628948,0.661210,0.032262
10-1016-j-engstruct-2020-111743,10-1016-j-engstruct-2020-111743,Ridge,regression,Casanova & Rossi,1,0.735217,1.632176,6,0.069270,,,,0.864450,0.875230,0.010780
10-1016-j-engstruct-2020-111743,10-1016-j-engstruct-2020-111743,Ridge,regression,Casanova & Rossi 1999,1,0.735217,1.632176,6,0.069270,,,,0.846676,0.861458,0.014782
10-1016-j-engstruct-2020-111743,10-1016-j-engstruct-2020-111743,Ridge,regression,Lim et al,1,0.688605,1.252768,6,0.603958,,,,0.521737,0.486768,-0.034969
10-1016-j-engstruct-2020-111743,10-1016-j-engstruct-2020-111743,Ridge,regression,Lim et al 1987,6,0.348090,0.602862,6,0.387827,0.072526,,,0.614844,0.648597,0.033753
10-1016-j-engstruct-2020-111743,10-1016-j-engstruct-2020-111743,Ridge,regression,Mansur et al,1,0.779490,1.089880,6,0.490337,,,,0.502554,0.551363,0.048808
10-1016-j-engstruct-2020-111743,10-1016-j-engstruct-2020-111743,Ridge,regression,Mansur et al 1986,8,0.506954,0.855233,6,0.583523,0.011250,,,0.514400,0.541791,0.027391
10-1016-j-engstruct-2020-111743,10-1016-j-engstruct-2020-111743,Ridge,regression,Zarrinpour and Chao,1,0.325832,0.795677,6,0.189575,,,,0.241427,0.286873,0.045446
10-1016-j-engstruct-2020-111743,10-1016-j-engstruct-2020-111743,Ridge,regression,Zarrinpour and Chao 2017,9,0.251215,0.616883,6,2.706559,6.168999,,,2.535479,2.707377,0.171898
10-1016-j-engstruct-2020-111743,10-1016-j-engstruct-2020-111743,Ridge,regression,Noghabai,1,1.087085,2.001099,6,1.006791,,,,0.052523,0.032187,-0.020336
10-1016-j-engstruct-2020-111743,10-1016-j-engstruct-2020-111743,Ridge,regression,Noghabai 2000,18,0.507267,1.047403,6,1.340228,0.443195,,,0.629526,0.843800,0.214274
10-1016-j-engstruct-2020-111743,10-1016-j-engstruct-2020-111743,Ridge,regression,Randl et al,1,1.279612,3.285027,6,0.685978,,,,0.202102,0.473096,0.270994
10-1016-j-engstruct-2020-111743,10-1016-j-engstruct-2020-111743,Ridge,regression,Randl et al 2017,5,1.110214,3.885472,6,0.951783,0.160790,,,0.302822,0.288167,-0.014655
10-1016-j-engstruct-2020-111743,10-1016-j-engstruct-2020-111743,Ridge,regression,Ashour et al,1,0.943784,2.071480,6,0.689843,,,,0.867528,0.831522,-0.036006
10-1016-j-engstruct-2020-111743,10-1016-j-engstruct-2020-111743,Ridge,regression,Ashour et al 1992,17,0.671302,1.951436,6,0.110844,0.489821,,,0.737733,1.214999,0.477266
10-1016-j-engstruct-2020-111743,10-1016-j-engstruct-2020-111743,Ridge,regression,Tan et al,1,0.688580,0.946209,6,0.465419,,,,0.318629,0.331566,0.012937
10-1016-j-engstruct-2020-111743,10-1016-j-engstruct-2020-111743,Ridge,regression,Tan et al 1993,4,0.485768,0.952074,6,0.435351,0.196609,,,0.322148,0.304440,-0.017708
10-1016-j-engstruct-2020-111743,10-1016-j-engstruct-2020-111743,Ridge,regression,Pansuk et al,1,1.092891,3.137075,6,1.280819,,,,0.262372,0.265438,0.003066
10-1016-j-engstruct-2020-111743,10-1016-j-engstruct-2020-111743,Ridge,regression,Pansuk et al 2017,1,1.499771,3.137075,6,2.557388,,,,1.074337,0.750476,-0.323861
10-1016-j-engstruct-2020-111743,10-1016-j-engstruct-2020-111743,Ridge,regression,Kim et al,1,0.654836,1.114084,6,0.229676,,,,0.088460,0.176207,0.087746
10-1016-j-engstruct-2020-111743,10-1016-j-engstruct-2020-111743,Ridge,regression,Kim et al 2017,1,0.515647,1.106499,6,0.371848,,,,0.418154,0.478457,0.060303
10-1016-j-engstruct-2020-111743,10-1016-j-engstruct-2020-111743,Ridge,regression,"sharma, 1986",1,0.600828,1.139580,6,0.172197,,,,0.344888,0.243442,-0.101446
10-1016-j-engstruct-2020-111743,10-1016-j-engstruct-2020-111743,Ridge,regression,Narayanan and Darwish 1988,10,0.887626,2.327953,6,1.472447,0.100609,,,1.433035,2.122315,0.689280
10-1016-j-engstruct-2020-111743,10-1016-j-engstruct-2020-111743,Ridge,regression,"Li, Ward, Hamza",1,0.561672,1.767952,6,0.881219,,,,0.310299,0.243058,-0.067241
10-1016-j-engstruct-2020-111743,10-1016-j-engstruct-2020-111743,Ridge,regression,"Li, Ward, Hamza 1992",21,0.458680,1.235977,6,0.792406,0.019457,,,0.454257,0.597692,0.143436
10-1016-j-engstruct-2020-111743,10-1016-j-engstruct-2020-111743,Ridge,regression,Swamy et al,1,0.875030,1.844811,6,0.454914,,,,0.431315,0.069485,-0.361830
10-1016-j-engstruct-2020-111743,10-1016-j-engstruct-2020-111743,Ridge,regression,Swamy et al 1993,6,0.601854,1.185310,6,0.630933,0.007585,,,0.181220,0.187767,0.006547
10-1016-j-engstruct-2020-111743,10-1016-j-engstruct-2020-111743,Ridge,regression,Adebar et al,1,0.468773,1.321928,6,0.853068,,,,0.403818,0.413898,0.010080
10-1016-j-engstruct-2020-111743,10-1016-j-engstruct-2020-111743,Ridge,regression,Adebar et al 1997,5,0.473126,1.332875,6,0.676833,0.089500,,,0.308072,0.272541,-0.035531
10-1016-j-engstruct-2020-111743,10-1016-j-engstruct-2020-111743,Ridge,regression,Cho and Kim,1,0.905712,1.528320,6,0.584576,,,,0.672441,0.702868,0.030427
10-1016-j-engstruct-2020-111743,10-1016-j-engstruct-2020-111743,Ridge,regression,Cho and Kim 2003,11,0.512205,1.560360,6,0.056020,0.072584,,,0.571964,0.630747,0.058782
10-1016-j-engstruct-2020-111743,10-1016-j-engstruct-2020-111743,Ridge,regression,Greenough and Nehdi,1,0.536233,0.883568,6,0.384402,,,,0.469987,0.467386,-0.002601
10-1016-j-engstruct-2020-111743,10-1016-j-engstruct-2020-111743,Ridge,regression,Greenough and Nehdi 2008,8,0.506800,1.008241,6,0.123045,0.016838,,,0.166597,0.224065,0.057468
10-1016-j-engstruct-2020-111743,10-1016-j-engstruct-2020-111743,Ridge,regression,Kang et al 2012,1,0.558082,0.937300,6,0.477115,,,,0.067579,0.189743,0.122164
10-1016-j-engstruct-2020-111743,10-1016-j-engstruct-2020-111743,Ridge,regression,Dupont and Vandewalle,20,0.518416,0.742977,6,0.056086,0.138564,,,0.306639,0.323228,0.016589
10-1016-j-engstruct-2020-111743,10-1016-j-engstruct-2020-111743,Ridge,regression,Swamy and Bahia,1,1.065912,1.619676,6,0.460261,,,,0.052188,0.043936,-0.008252
10-1016-j-engstruct-2020-111743,10-1016-j-engstruct-2020-111743,Ridge,regression,Swamy and Bahia 1985,4,0.821195,1.629715,6,0.298014,0.024254,,,0.298515,0.394695,0.096180
10-1016-j-engstruct-2020-111743,10-1016-j-engstruct-2020-111743,Ridge,regression,Batson et al,1,1.138766,1.927582,6,0.805365,,,,0.109398,0.077562,-0.031836
10-1016-j-engstruct-2020-111743,10-1016-j-engstruct-2020-111743,Ridge,regression,Batson et al 1972,42,0.733388,1.245574,6,0.814274,0.028150,,,0.109230,0.303520,0.194290
10-1016-j-engstruct-2020-111743,10-1016-j-engstruct-2020-111743,Ridge,regression,zhao et al,1,0.843331,1.500580,6,0.239468,,,,0.259825,0.297674,0.037848
10-1016-j-engstruct-2020-111743,10-1016-j-engstruct-2020-111743,Ridge,regression,zhao et al 2018,3,0.821456,1.506768,6,0.006213,0.003405,,,0.117836,0.236840,0.119004
10-1016-j-engstruct-2020-111743,10-1016-j-engstruct-2020-111743,Ridge,regression,Jindal,1,0.925098,1.911922,6,0.851820,,,,0.295499,0.170731,-0.124768
10-1016-j-engstruct-2020-111743,10-1016-j-engstruct-2020-111743,Ridge,regression,Jindal 1984,6,0.471399,1.138121,6,0.793493,0.001221,,,0.150642,0.139181,-0.011461
10-1016-j-engstruct-2020-111743,10-1016-j-engstruct-2020-111743,Ridge,regression,"shin, oh, ghosh",1,0.999634,1.234168,6,0.191580,,,,0.138467,0.040839,-0.097628
10-1016-j-engstruct-2020-111743,10-1016-j-engstruct-2020-111743,Ridge,regression,"shin, oh, ghosh 1994",5,0.769223,1.244389,6,0.506629,0.046873,,,0.166070,0.650515,0.484445
10-1016-j-engstruct-2020-111743,10-1016-j-engstruct-2020-111743,Ridge,regression,"Imam, Vandewalle, Mortelmans",1,0.782101,2.408293,6,2.539041,,,,1.615148,1.607749,-0.007399
10-1016-j-engstruct-2020-111743,10-1016-j-engstruct-2020-111743,Ridge,regression,"Imam, Vandewalle, Mortelmans 1994",3,0.691765,2.468847,6,0.581484,0.081209,,,0.158059,0.143049,-0.015010
10-1016-j-engstruct-2020-111743,10-1016-j-engstruct-2020-111743,Ridge,regression,Huang et al 2005,1,0.965623,2.458641,6,0.698226,,,,0.105592,0.044835,-0.060757
10-1016-j-engstruct-2020-111743,10-1016-j-engstruct-2020-111743,Ridge,regression,"Kwak, Suh, Hsu",1,0.698897,1.283033,6,0.084475,,,,0.146411,0.200264,0.053853
10-1016-j-engstruct-2020-111743,10-1016-j-engstruct-2020-111743,Ridge,regression,"Kwak, Suh, Hsu 1991",3,1.212832,3.153631,6,0.064914,0.001386,,,0.191456,0.204485,0.013029
10-1016-j-engstruct-2020-111743,10-1016-j-engstruct-2020-111743,Ridge,regression,Roberts and Ho,1,1.497540,3.847910,6,0.772385,,,,0.107710,0.119442,0.011731
10-1016-j-engstruct-2020-111743,10-1016-j-engstruct-2020-111743,Ridge,regression,Roberts and Ho 1982,5,2.132575,5.534007,6,0.554914,0.035532,,,0.117737,0.142894,0.025157
10-1016-j-engstruct-2020-111743,10-1016-j-engstruct-2020-111743,Ridge,regression,Hwang et al,1,0.549597,0.964829,6,0.787758,,,,1.267331,1.267036,-0.000295
10-1016-j-engstruct-2020-111743,10-1016-j-engstruct-2020-111743,Ridge,regression,Hwang et al 2013,6,0.596135,1.655896,6,0.572970,0.008645,,,1.308977,1.396039,0.087062
10-1016-j-engstruct-2020-111743,10-1016-j-engstruct-2020-111743,Ridge,regression,Spinella et al,1,0.469478,1.235760,6,0.231347,,,,0.537130,0.570927,0.033797
10-1016-j-engstruct-2020-111743,10-1016-j-engstruct-2020-111743,Ridge,regression,Spinella et al 2012,1,0.606326,1.235760,6,0.050556,,,,0.487639,0.517472,0.029832
10-1016-j-engstruct-2020-111743,10-1016-j-engstruct-2020-111743,Ridge,regression,Chalioris and Sfiri 2011,1,0.829434,1.898109,6,0.707554,,,,0.524279,0.541548,0.017269
10-1016-j-engstruct-2020-111743,10-1016-j-engstruct-2020-111743,Ridge,regression,Cohen and Aoude 2012,1,0.728663,0.934075,6,0.702007,,,,0.638673,1.016184,0.377511
10-1016-j-engstruct-2020-111743,10-1016-j-engstruct-2020-111743,Ridge,regression,Aoude and Cohen 2014,4,0.351325,0.907371,6,0.651415,0.002907,,,0.683008,0.711349,0.028340
10-1016-j-engstruct-2020-111743,10-1016-j-engstruct-2020-111743,Ridge,regression,Qissab and Salman,1,0.908498,1.899252,6,0.502735,,,,0.666101,0.616609,-0.049492
10-1016-j-engstruct-2020-111743,10-1016-j-engstruct-2020-111743,Ridge,regression,Qissab and Salman 2018,10,0.767210,1.471648,6,0.590826,0.048584,,,0.594936,0.691520,0.096584
10-1016-j-engstruct-2020-111743,10-1016-j-engstruct-2020-111743,Ridge,regression,Furlan and de Hanai,1,0.878318,2.283763,6,0.857936,,,,0.017003,0.016833,-0.000170
10-1016-j-engstruct-2020-111743,10-1016-j-engstruct-2020-111743,Ridge,regression,Furlan and de Hanai 1997,6,1.544068,4.506717,6,0.864584,0.000180,,,0.083339,0.246873,0.163534
10-1016-j-engstruct-2020-111743,10-1016-j-engstruct-2020-111743,Ridge,regression,Danygier and Savir,1,0.735406,2.464015,6,0.349124,,,,0.592617,0.459437,-0.133180
10-1016-j-engstruct-2020-111743,10-1016-j-engstruct-2020-111743,Ridge,regression,Danygier and Savir 2010,1,0.692800,2.396353,6,0.407271,,,,0.484363,0.521255,0.036891
10-1016-j-engstruct-2020-111743,10-1016-j-engstruct-2020-111743,Ridge,regression,Krassowska & Kosior-Kazberuk,1,0.385748,0.883568,6,0.772887,,,,0.773185,0.798538,0.025353
10-1016-j-engstruct-2020-111743,10-1016-j-engstruct-2020-111743,Ridge,regression,Krassowska & Kosior-Kazberuk 2018,1,0.626049,1.113504,6,0.715909,,,,0.710237,0.640808,-0.069429
10-1016-j-engstruct-2020-111743,10-1016-j-engstruct-2020-111743,Ridge,regression,Yoo & Yang,1,0.375307,0.756783,6,1.752013,,,,1.292411,1.257169,-0.035242
10-1016-j-engstruct-2020-111743,10-1016-j-engstruct-2020-111743,Ridge,regression,Yoo & Yang 2018,2,0.405161,0.888724,6,6.450468,11.079644,,,6.028032,6.068878,0.040846
10-1016-j-engstruct-2020-111743,10-1016-j-engstruct-2020-111743,Ridge,regression,Gali & Subramaniam,1,0.726053,1.149630,6,0.463603,,,,0.555968,0.504045,-0.051923
10-1016-j-engstruct-2020-111743,10-1016-j-engstruct-2020-111743,Ridge,regression,Gali & Subramaniam 2017,1,0.726053,1.149630,6,0.416817,,,,0.464096,0.241064,-0.223032
10-1016-j-engstruct-2020-111743,10-1016-j-engstruct-2020-111743,Ridge,regression,Zamanzadeh et al,1,0.437417,0.863469,6,0.448297,,,,0.553338,0.548668,-0.004670
10-1016-j-engstruct-2020-111743,10-1016-j-engstruct-2020-111743,Ridge,regression,Zamanzadeh et al 2015,2,0.397605,0.620973,6,0.307229,0.003957,,,0.169416,0.337303,0.167887
10-1016-j-engstruct-2020-111743,10-1016-j-engstruct-2020-111743,Ridge,regression,"Shoaib, Lubell and Bindiganavile 2014",1,0.480078,1.567170,6,0.879802,,,,0.198533,0.251146,0.052613
10-1016-j-engstruct-2020-111743,10-1016-j-engstruct-2020-111743,Ridge,regression,Shoaib 2012,9,0.206323,0.708228,6,1.926239,1.076804,,,1.715722,1.781686,0.065964
10-1016-j-engstruct-2020-111743,10-1016-j-engstruct-2020-111743,Ridge,regression,"Bae, Choi & Choi",1,2.099204,6.607285,6,1.491353,,,,0.141482,0.939607,0.798124
10-1016-j-engstruct-2020-111743,10-1016-j-engstruct-2020-111743,Ridge,regression,"Bae, Choi & Choi 2013",1,2.051883,5.970471,6,2.921645,,,,1.452095,1.475194,0.023099
10-1016-j-engstruct-2020-111743,10-1016-j-engstruct-2020-111743,Ridge,regression,Abdul-Zaher et al,1,1.191059,1.841375,6,0.148064,,,,0.043075,0.002386,-0.040689
10-1016-j-engstruct-2020-111743,10-1016-j-engstruct-2020-111743,Ridge,regression,Abdul-Zaher et al 2016,2,1.049822,1.845164,6,0.061675,0.003712,,,0.085901,0.125193,0.039291
10-1016-j-engstruct-2020-111743,10-1016-j-engstruct-2020-111743,Random Forest,regression,Singh & Jain,1,0.381399,0.831498,6,0.236694,,,,0.094892,0.128642,0.033750
10-1016-j-engstruct-2020-111743,10-1016-j-engstruct-2020-111743,Random Forest,regression,Singh & Jain 2014,31,0.269350,0.617020,6,0.217458,0.043853,,,0.175152,1.177065,1.001913
10-1016-j-engstruct-2020-111743,10-1016-j-engstruct-2020-111743,Random Forest,regression,Sahoo & Sharma,1,0.698324,1.294104,6,0.035585,,,,0.239587,0.295866,0.056279
10-1016-j-engstruct-2020-111743,10-1016-j-engstruct-2020-111743,Random Forest,regression,Sahoo & Sharma 2014,3,0.535571,0.881552,6,0.290456,0.004973,,,0.149797,0.205255,0.055458
10-1016-j-engstruct-2020-111743,10-1016-j-engstruct-2020-111743,Random Forest,regression,"Shoaib, Lubell and Bindiganavile",2,0.389255,1.056552,6,0.387682,0.001247,,,0.351274,0.327125,-0.024149
10-1016-j-engstruct-2020-111743,10-1016-j-engstruct-2020-111743,Random Forest,regression,"Shoaib, Lubell and Bindiganavile 2015",2,0.393442,0.737490,6,1.027280,0.001607,,,1.164906,1.141144,-0.023762
10-1016-j-engstruct-2020-111743,10-1016-j-engstruct-2020-111743,Random Forest,regression,Manju et al.,1,0.898318,1.459386,6,0.203978,,,,0.110561,0.020300,-0.090261
10-1016-j-engstruct-2020-111743,10-1016-j-engstruct-2020-111743,Random Forest,regression,Manju et al. 2017,5,0.849739,1.372806,6,0.166372,0.118119,,,0.245763,0.219925,-0.025838
10-1016-j-engstruct-2020-111743,10-1016-j-engstruct-2020-111743,Random Forest,regression,Arslan et al,1,0.511386,1.110186,6,0.557173,,,,0.350410,0.199495,-0.150915
10-1016-j-engstruct-2020-111743,10-1016-j-engstruct-2020-111743,Random Forest,regression,Arslan et al 2017,8,1.101285,1.823314,6,0.714482,0.003032,,,0.327941,0.795393,0.467452
10-1016-j-engstruct-2020-111743,10-1016-j-engstruct-2020-111743,Random Forest,regression,Parra-Montesinos et al,1,0.338290,0.725738,6,0.157964,,,,0.329289,0.345786,0.016498
10-1016-j-engstruct-2020-111743,10-1016-j-engstruct-2020-111743,Random Forest,regression,Parra-Montesinos et al 2006,9,0.440872,0.617273,6,0.230999,0.023758,,,0.121286,0.164123,0.042838
10-1016-j-engstruct-2020-111743,10-1016-j-engstruct-2020-111743,Random Forest,regression,Rosenbusch and Teutsch,1,0.799784,1.459386,6,0.878198,,,,0.332724,0.303745,-0.028979
10-1016-j-engstruct-2020-111743,10-1016-j-engstruct-2020-111743,Random Forest,regression,Rosenbusch and Teutsch 2003,18,0.361875,0.728797,6,0.113947,0.221106,,,0.324547,0.613203,0.288656
10-1016-j-engstruct-2020-111743,10-1016-j-engstruct-2020-111743,Random Forest,regression,Sahoo et al,1,0.549467,1.367156,6,0.002434,,,,0.114750,0.354701,0.239951
10-1016-j-engstruct-2020-111743,10-1016-j-engstruct-2020-111743,Random Forest,regression,Sahoo et al 2016,2,0.359044,0.601408,6,0.384188,0.004345,,,0.347136,0.503487,0.156350
10-1016-j-engstruct-2020-111743,10-1016-j-engstruct-2020-111743,Random Forest,regression,Amin and Foster,1,0.567717,1.035738,6,0.839701,,,,0.888485,0.918500,0.030015
10-1016-j-engstruct-2020-111743,10-1016-j-engstruct-2020-111743,Random Forest,regression,Amin and Foster 2016,1,0.332767,0.517071,6,1.307553,,,,1.246898,1.385557,0.138659
10-1016-j-engstruct-2020-111743,10-1016-j-engstruct-2020-111743,Random Forest,regression,Tahenni et al,1,0.697231,1.286122,6,0.710896,,,,0.095092,0.074519,-0.020573
10-1016-j-engstruct-2020-111743,10-1016-j-engstruct-2020-111743,Random Forest,regression,Tahenni et al 2016,8,0.480745,1.304878,6,0.692969,0.000484,,,0.059154,0.420499,0.361346
10-1016-j-engstruct-2020-111743,10-1016-j-engstruct-2020-111743,Random Forest,regression,Narayanan and Darwish,2,0.902299,1.610983,6,0.287919,2.241253,,,0.143538,0.089243,-0.054295
10-1016-j-engstruct-2020-111743,10-1016-j-engstruct-2020-111743,Random Forest,regression,Narayanan and Darwish 1987,27,0.681378,1.982853,6,0.750083,0.011172,,,0.102689,0.682459,0.579769
10-1016-j-engstruct-2020-111743,10-1016-j-engstruct-2020-111743,Random Forest,regression,Cucchiara et al,1,0.305461,0.540900,6,0.347429,,,,0.358198,0.318902,-0.039297
10-1016-j-engstruct-2020-111743,10-1016-j-engstruct-2020-111743,Random Forest,regression,Cucchiara et al 2004,3,0.777675,1.423172,6,0.248772,0.002116,,,0.344818,0.488886,0.144068
10-1016-j-engstruct-2020-111743,10-1016-j-engstruct-2020-111743,Random Forest,regression,Kwak et al,1,0.696861,0.946209,6,0.090089,,,,0.262176,0.275184,0.013008
10-1016-j-engstruct-2020-111743,10-1016-j-engstruct-2020-111743,Random Forest,regression,Kwak et al 2002,3,0.531376,0.937927,6,0.282534,0.064901,,,0.161449,0.171954,0.010504
10-1016-j-engstruct-2020-111743,10-1016-j-engstruct-2020-111743,Random Forest,regression,Lim and Oh,1,0.424060,0.667497,6,0.601486,,,,0.305592,0.310048,0.004456
10-1016-j-engstruct-2020-111743,10-1016-j-engstruct-2020-111743,Random Forest,regression,Lim and Oh 1999,1,0.620097,2.024973,6,0.493746,,,,0.709737,0.797422,0.087685
10-1016-j-engstruct-2020-111743,10-1016-j-engstruct-2020-111743,Random Forest,regression,Dinh et al,1,0.412990,0.677897,6,0.148191,,,,0.131164,0.179911,0.048747
10-1016-j-engstruct-2020-111743,10-1016-j-engstruct-2020-111743,Random Forest,regression,Dinh et al 2010,20,0.359958,0.581966,6,0.730483,0.382551,,,0.340201,0.733282,0.393081
10-1016-j-engstruct-2020-111743,10-1016-j-engstruct-2020-111743,Random Forest,regression,Lima Araujo et al,1,0.370478,0.620303,6,0.746130,,,,0.087778,0.366644,0.278866
10-1016-j-engstruct-2020-111743,10-1016-j-engstruct-2020-111743,Random Forest,regression,Lima Araujo et al 2014,1,0.928408,2.118974,6,0.949980,,,,0.257365,0.051550,-0.205815
10-1016-j-engstruct-2020-111743,10-1016-j-engstruct-2020-111743,Random Forest,regression,Casanova et al,1,0.748601,1.390903,6,1.357782,,,,1.368993,1.759614,0.390621
10-1016-j-engstruct-2020-111743,10-1016-j-engstruct-2020-111743,Random Forest,regression,Casanova et al 1997,2,0.489899,0.659124,6,0.709206,0.841350,,,0.821683,0.938028,0.116345
10-1016-j-engstruct-2020-111743,10-1016-j-engstruct-2020-111743,Random Forest,regression,Aoude et al,1,0.759925,1.283257,6,0.674136,,,,0.370767,0.372753,0.001986
10-1016-j-engstruct-2020-111743,10-1016-j-engstruct-2020-111743,Random Forest,regression,Aoude et al 2012,3,0.560276,1.151982,6,0.081188,0.232330,,,0.371774,0.434087,0.062313
10-1016-j-engstruct-2020-111743,10-1016-j-engstruct-2020-111743,Random Forest,regression,Minelli & Plizzari,1,0.930798,1.409053,6,0.129422,,,,0.134458,0.100843,-0.033615
10-1016-j-engstruct-2020-111743,10-1016-j-engstruct-2020-111743,Random Forest,regression,Minelli & Plizzari 2013,8,0.845605,1.442218,6,0.261993,0.219904,,,0.379722,0.478352,0.098630
10-1016-j-engstruct-2020-111743,10-1016-j-engstruct-2020-111743,Random Forest,regression,Kang et al,2,0.590923,1.122554,6,0.282556,0.053103,,,0.177273,0.188983,0.011711
10-1016-j-engstruct-2020-111743,10-1016-j-engstruct-2020-111743,Random Forest,regression,Kang et al 2011,2,0.465505,0.921591,6,0.616587,0.038769,,,0.346015,0.387406,0.041391
10-1016-j-engstruct-2020-111743,10-1016-j-engstruct-2020-111743,Random Forest,regression,Casanova & Rossi,1,0.735217,1.632176,6,0.069270,,,,0.232444,0.238172,0.005728
10-1016-j-engstruct-2020-111743,10-1016-j-engstruct-2020-111743,Random Forest,regression,Casanova & Rossi 1999,1,0.735217,1.632176,6,0.069270,,,,0.166667,0.234855,0.068188
10-1016-j-engstruct-2020-111743,10-1016-j-engstruct-2020-111743,Random Forest,regression,Lim et al,1,0.688605,1.252768,6,0.603958,,,,0.101502,0.113044,0.011542
10-1016-j-engstruct-2020-111743,10-1016-j-engstruct-2020-111743,Random Forest,regression,Lim et al 1987,6,0.348090,0.602862,6,0.387827,0.072526,,,0.360969,0.578329,0.217359
10-1016-j-engstruct-2020-111743,10-1016-j-engstruct-2020-111743,Random Forest,regression,Mansur et al,1,0.779490,1.089880,6,0.490337,,,,0.012733,0.024976,0.012244
10-1016-j-engstruct-2020-111743,10-1016-j-engstruct-2020-111743,Random Forest,regression,Mansur et al 1986,8,0.506954,0.855233,6,0.583523,0.011250,,,0.192492,0.400406,0.207914
10-1016-j-engstruct-2020-111743,10-1016-j-engstruct-2020-111743,Random Forest,regression,Zarrinpour and Chao,1,0.325832,0.795677,6,0.189575,,,,1.215308,1.065468,-0.149840
10-1016-j-engstruct-2020-111743,10-1016-j-engstruct-2020-111743,Random Forest,regression,Zarrinpour and Chao 2017,9,0.251215,0.616883,6,2.706559,6.168999,,,1.232641,2.735878,1.503237
10-1016-j-engstruct-2020-111743,10-1016-j-engstruct-2020-111743,Random Forest,regression,Noghabai,1,1.087085,2.001099,6,1.006791,,,,0.228624,0.259120,0.030497
10-1016-j-engstruct-2020-111743,10-1016-j-engstruct-2020-111743,Random Forest,regression,Noghabai 2000,18,0.507267,1.047403,6,1.340228,0.443195,,,0.440214,1.116487,0.676272
10-1016-j-engstruct-2020-111743,10-1016-j-engstruct-2020-111743,Random Forest,regression,Randl et al,1,1.279612,3.285027,6,0.685978,,,,0.359356,0.259358,-0.099998
10-1016-j-engstruct-2020-111743,10-1016-j-engstruct-2020-111743,Random Forest,regression,Randl et al 2017,5,1.110214,3.885472,6,0.951783,0.160790,,,0.308875,0.330056,0.021181
10-1016-j-engstruct-2020-111743,10-1016-j-engstruct-2020-111743,Random Forest,regression,Ashour et al,1,0.943784,2.071480,6,0.689843,,,,0.391689,0.325392,-0.066297
10-1016-j-engstruct-2020-111743,10-1016-j-engstruct-2020-111743,Random Forest,regression,Ashour et al 1992,17,0.671302,1.951436,6,0.110844,0.489821,,,0.288640,0.886780,0.598141
10-1016-j-engstruct-2020-111743,10-1016-j-engstruct-2020-111743,Random Forest,regression,Tan et al,1,0.688580,0.946209,6,0.465419,,,,0.511621,0.573631,0.062010
10-1016-j-engstruct-2020-111743,10-1016-j-engstruct-2020-111743,Random Forest,regression,Tan et al 1993,4,0.485768,0.952074,6,0.435351,0.196609,,,0.330832,0.622249,0.291417
10-1016-j-engstruct-2020-111743,10-1016-j-engstruct-2020-111743,Random Forest,regression,Pansuk et al,1,1.092891,3.137075,6,1.280819,,,,0.238295,0.184603,-0.053692
10-1016-j-engstruct-2020-111743,10-1016-j-engstruct-2020-111743,Random Forest,regression,Pansuk et al 2017,1,1.499771,3.137075,6,2.557388,,,,1.886145,1.593403,-0.292741
10-1016-j-engstruct-2020-111743,10-1016-j-engstruct-2020-111743,Random Forest,regression,Kim et al,1,0.654836,1.114084,6,0.229676,,,,0.156403,0.121664,-0.034738
10-1016-j-engstruct-2020-111743,10-1016-j-engstruct-2020-111743,Random Forest,regression,Kim et al 2017,1,0.515647,1.106499,6,0.371848,,,,0.549104,0.715051,0.165947
10-1016-j-engstruct-2020-111743,10-1016-j-engstruct-2020-111743,Random Forest,regression,"sharma, 1986",1,0.600828,1.139580,6,0.172197,,,,0.315001,0.277207,-0.037794
10-1016-j-engstruct-2020-111743,10-1016-j-engstruct-2020-111743,Random Forest,regression,Narayanan and Darwish 1988,10,0.887626,2.327953,6,1.472447,0.100609,,,0.288517,1.381950,1.093433
10-1016-j-engstruct-2020-111743,10-1016-j-engstruct-2020-111743,Random Forest,regression,"Li, Ward, Hamza",1,0.561672,1.767952,6,0.881219,,,,0.091733,0.066468,-0.025265
10-1016-j-engstruct-2020-111743,10-1016-j-engstruct-2020-111743,Random Forest,regression,"Li, Ward, Hamza 1992",21,0.458680,1.235977,6,0.792406,0.019457,,,0.268370,1.301617,1.033247
10-1016-j-engstruct-2020-111743,10-1016-j-engstruct-2020-111743,Random Forest,regression,Swamy et al,1,0.875030,1.844811,6,0.454914,,,,0.050582,0.081822,0.031240
10-1016-j-engstruct-2020-111743,10-1016-j-engstruct-2020-111743,Random Forest,regression,Swamy et al 1993,6,0.601854,1.185310,6,0.630933,0.007585,,,0.118877,0.178984,0.060107
10-1016-j-engstruct-2020-111743,10-1016-j-engstruct-2020-111743,Random Forest,regression,Adebar et al,1,0.468773,1.321928,6,0.853068,,,,0.303909,0.335015,0.031107
10-1016-j-engstruct-2020-111743,10-1016-j-engstruct-2020-111743,Random Forest,regression,Adebar et al 1997,5,0.473126,1.332875,6,0.676833,0.089500,,,0.256227,0.213409,-0.042817
10-1016-j-engstruct-2020-111743,10-1016-j-engstruct-2020-111743,Random Forest,regression,Cho and Kim,1,0.905712,1.528320,6,0.584576,,,,0.142406,0.169162,0.026756
10-1016-j-engstruct-2020-111743,10-1016-j-engstruct-2020-111743,Random Forest,regression,Cho and Kim 2003,11,0.512205,1.560360,6,0.056020,0.072584,,,0.201441,0.363906,0.162465
10-1016-j-engstruct-2020-111743,10-1016-j-engstruct-2020-111743,Random Forest,regression,Greenough and Nehdi,1,0.536233,0.883568,6,0.384402,,,,0.412871,0.279500,-0.133371
10-1016-j-engstruct-2020-111743,10-1016-j-engstruct-2020-111743,Random Forest,regression,Greenough and Nehdi 2008,8,0.506800,1.008241,6,0.123045,0.016838,,,0.122252,0.175149,0.052898
10-1016-j-engstruct-2020-111743,10-1016-j-engstruct-2020-111743,Random Forest,regression,Kang et al 2012,1,0.558082,0.937300,6,0.477115,,,,0.690903,0.578992,-0.111911
10-1016-j-engstruct-2020-111743,10-1016-j-engstruct-2020-111743,Random Forest,regression,Dupont and Vandewalle,20,0.518416,0.742977,6,0.056086,0.138564,,,0.287159,0.417029,0.129869
10-1016-j-engstruct-2020-111743,10-1016-j-engstruct-2020-111743,Random Forest,regression,Swamy and Bahia,1,1.065912,1.619676,6,0.460261,,,,0.194952,0.085833,-0.109119
10-1016-j-engstruct-2020-111743,10-1016-j-engstruct-2020-111743,Random Forest,regression,Swamy and Bahia 1985,4,0.821195,1.629715,6,0.298014,0.024254,,,0.257634,0.320224,0.062590
10-1016-j-engstruct-2020-111743,10-1016-j-engstruct-2020-111743,Random Forest,regression,Batson et al,1,1.138766,1.927582,6,0.805365,,,,0.007206,0.007291,0.000085
10-1016-j-engstruct-2020-111743,10-1016-j-engstruct-2020-111743,Random Forest,regression,Batson et al 1972,42,0.733388,1.245574,6,0.814274,0.028150,,,0.021531,0.426587,0.405056
10-1016-j-engstruct-2020-111743,10-1016-j-engstruct-2020-111743,Random Forest,regression,zhao et al,1,0.843331,1.500580,6,0.239468,,,,0.063873,0.000612,-0.063261
10-1016-j-engstruct-2020-111743,10-1016-j-engstruct-2020-111743,Random Forest,regression,zhao et al 2018,3,0.821456,1.506768,6,0.006213,0.003405,,,0.085824,0.216670,0.130846
10-1016-j-engstruct-2020-111743,10-1016-j-engstruct-2020-111743,Random Forest,regression,Jindal,1,0.925098,1.911922,6,0.851820,,,,0.415901,0.564656,0.148756
10-1016-j-engstruct-2020-111743,10-1016-j-engstruct-2020-111743,Random Forest,regression,Jindal 1984,6,0.471399,1.138121,6,0.793493,0.001221,,,0.102013,0.299887,0.197874
10-1016-j-engstruct-2020-111743,10-1016-j-engstruct-2020-111743,Random Forest,regression,"shin, oh, ghosh",1,0.999634,1.234168,6,0.191580,,,,0.294806,0.052985,-0.241820
10-1016-j-engstruct-2020-111743,10-1016-j-engstruct-2020-111743,Random Forest,regression,"shin, oh, ghosh 1994",5,0.769223,1.244389,6,0.506629,0.046873,,,0.371285,1.387359,1.016074
10-1016-j-engstruct-2020-111743,10-1016-j-engstruct-2020-111743,Random Forest,regression,"Imam, Vandewalle, Mortelmans",1,0.782101,2.408293,6,2.539041,,,,1.899383,1.866930,-0.032454
10-1016-j-engstruct-2020-111743,10-1016-j-engstruct-2020-111743,Random Forest,regression,"Imam, Vandewalle, Mortelmans 1994",3,0.691765,2.468847,6,0.581484,0.081209,,,0.559006,0.829172,0.270166
10-1016-j-engstruct-2020-111743,10-1016-j-engstruct-2020-111743,Random Forest,regression,Huang et al 2005,1,0.965623,2.458641,6,0.698226,,,,0.161105,0.220247,0.059142
10-1016-j-engstruct-2020-111743,10-1016-j-engstruct-2020-111743,Random Forest,regression,"Kwak, Suh, Hsu",1,0.698897,1.283033,6,0.084475,,,,0.022918,0.160303,0.137385
10-1016-j-engstruct-2020-111743,10-1016-j-engstruct-2020-111743,Random Forest,regression,"Kwak, Suh, Hsu 1991",3,1.212832,3.153631,6,0.064914,0.001386,,,0.060159,0.169540,0.109381
10-1016-j-engstruct-2020-111743,10-1016-j-engstruct-2020-111743,Random Forest,regression,Roberts and Ho,1,1.497540,3.847910,6,0.772385,,,,0.133873,0.130922,-0.002951
10-1016-j-engstruct-2020-111743,10-1016-j-engstruct-2020-111743,Random Forest,regression,Roberts and Ho 1982,5,2.132575,5.534007,6,0.554914,0.035532,,,0.236094,0.692012,0.455918
10-1016-j-engstruct-2020-111743,10-1016-j-engstruct-2020-111743,Random Forest,regression,Hwang et al,1,0.549597,0.964829,6,0.787758,,,,0.688014,0.719004,0.030990
10-1016-j-engstruct-2020-111743,10-1016-j-engstruct-2020-111743,Random Forest,regression,Hwang et al 2013,6,0.596135,1.655896,6,0.572970,0.008645,,,0.675704,1.223325,0.547622
10-1016-j-engstruct-2020-111743,10-1016-j-engstruct-2020-111743,Random Forest,regression,Spinella et al,1,0.469478,1.235760,6,0.231347,,,,0.938309,1.470602,0.532293
10-1016-j-engstruct-2020-111743,10-1016-j-engstruct-2020-111743,Random Forest,regression,Spinella et al 2012,1,0.606326,1.235760,6,0.050556,,,,0.820820,0.763580,-0.057240
10-1016-j-engstruct-2020-111743,10-1016-j-engstruct-2020-111743,Random Forest,regression,Chalioris and Sfiri 2011,1,0.829434,1.898109,6,0.707554,,,,0.479374,0.302419,-0.176954
10-1016-j-engstruct-2020-111743,10-1016-j-engstruct-2020-111743,Random Forest,regression,Cohen and Aoude 2012,1,0.728663,0.934075,6,0.702007,,,,1.042328,1.167848,0.125519
10-1016-j-engstruct-2020-111743,10-1016-j-engstruct-2020-111743,Random Forest,regression,Aoude and Cohen 2014,4,0.351325,0.907371,6,0.651415,0.002907,,,0.739810,1.258248,0.518438
10-1016-j-engstruct-2020-111743,10-1016-j-engstruct-2020-111743,Random Forest,regression,Qissab and Salman,1,0.908498,1.899252,6,0.502735,,,,0.063387,0.067288,0.003901
10-1016-j-engstruct-2020-111743,10-1016-j-engstruct-2020-111743,Random Forest,regression,Qissab and Salman 2018,10,0.767210,1.471648,6,0.590826,0.048584,,,0.228387,0.413536,0.185148
10-1016-j-engstruct-2020-111743,10-1016-j-engstruct-2020-111743,Random Forest,regression,Furlan and de Hanai,1,0.878318,2.283763,6,0.857936,,,,0.052042,0.043155,-0.008886
10-1016-j-engstruct-2020-111743,10-1016-j-engstruct-2020-111743,Random Forest,regression,Furlan and de Hanai 1997,6,1.544068,4.506717,6,0.864584,0.000180,,,0.060719,0.175489,0.114770
10-1016-j-engstruct-2020-111743,10-1016-j-engstruct-2020-111743,Random Forest,regression,Danygier and Savir,1,0.735406,2.464015,6,0.349124,,,,1.553283,1.530210,-0.023073
10-1016-j-engstruct-2020-111743,10-1016-j-engstruct-2020-111743,Random Forest,regression,Danygier and Savir 2010,1,0.692800,2.396353,6,0.407271,,,,0.911048,1.354641,0.443593
10-1016-j-engstruct-2020-111743,10-1016-j-engstruct-2020-111743,Random Forest,regression,Krassowska & Kosior-Kazberuk,1,0.385748,0.883568,6,0.772887,,,,1.476652,1.133524,-0.343129
10-1016-j-engstruct-2020-111743,10-1016-j-engstruct-2020-111743,Random Forest,regression,Krassowska & Kosior-Kazberuk 2018,1,0.626049,1.113504,6,0.715909,,,,0.892949,0.580252,-0.312697
10-1016-j-engstruct-2020-111743,10-1016-j-engstruct-2020-111743,Random Forest,regression,Yoo & Yang,1,0.375307,0.756783,6,1.752013,,,,2.404709,2.657666,0.252957
10-1016-j-engstruct-2020-111743,10-1016-j-engstruct-2020-111743,Random Forest,regression,Yoo & Yang 2018,2,0.405161,0.888724,6,6.450468,11.079644,,,3.922717,5.529184,1.606468
10-1016-j-engstruct-2020-111743,10-1016-j-engstruct-2020-111743,Random Forest,regression,Gali & Subramaniam,1,0.726053,1.149630,6,0.463603,,,,0.271369,0.188360,-0.083009
10-1016-j-engstruct-2020-111743,10-1016-j-engstruct-2020-111743,Random Forest,regression,Gali & Subramaniam 2017,1,0.726053,1.149630,6,0.416817,,,,0.203546,0.291006,0.087460
10-1016-j-engstruct-2020-111743,10-1016-j-engstruct-2020-111743,Random Forest,regression,Zamanzadeh et al,1,0.437417,0.863469,6,0.448297,,,,1.138032,1.233527,0.095495
10-1016-j-engstruct-2020-111743,10-1016-j-engstruct-2020-111743,Random Forest,regression,Zamanzadeh et al 2015,2,0.397605,0.620973,6,0.307229,0.003957,,,0.381301,0.321430,-0.059871
10-1016-j-engstruct-2020-111743,10-1016-j-engstruct-2020-111743,Random Forest,regression,"Shoaib, Lubell and Bindiganavile 2014",1,0.480078,1.567170,6,0.879802,,,,0.107362,0.106859,-0.000503
10-1016-j-engstruct-2020-111743,10-1016-j-engstruct-2020-111743,Random Forest,regression,Shoaib 2012,9,0.206323,0.708228,6,1.926239,1.076804,,,1.221273,1.694987,0.473714
10-1016-j-engstruct-2020-111743,10-1016-j-engstruct-2020-111743,Random Forest,regression,"Bae, Choi & Choi",1,2.099204,6.607285,6,1.491353,,,,0.129802,0.099195,-0.030607
10-1016-j-engstruct-2020-111743,10-1016-j-engstruct-2020-111743,Random Forest,regression,"Bae, Choi & Choi 2013",1,2.051883,5.970471,6,2.921645,,,,1.595832,1.672764,0.076933
10-1016-j-engstruct-2020-111743,10-1016-j-engstruct-2020-111743,Random Forest,regression,Abdul-Zaher et al,1,1.191059,1.841375,6,0.148064,,,,0.027708,0.003454,-0.024255
10-1016-j-engstruct-2020-111743,10-1016-j-engstruct-2020-111743,Random Forest,regression,Abdul-Zaher et al 2016,2,1.049822,1.845164,6,0.061675,0.003712,,,0.064398,0.089712,0.025314
10-1016-j-engstruct-2020-111743,10-1016-j-engstruct-2020-111743,Gradient Boosting,regression,Singh & Jain,1,0.381399,0.831498,6,0.236694,,,,0.342436,0.093731,-0.248705
10-1016-j-engstruct-2020-111743,10-1016-j-engstruct-2020-111743,Gradient Boosting,regression,Singh & Jain 2014,31,0.269350,0.617020,6,0.217458,0.043853,,,0.267952,0.555860,0.287908
10-1016-j-engstruct-2020-111743,10-1016-j-engstruct-2020-111743,Gradient Boosting,regression,Sahoo & Sharma,1,0.698324,1.294104,6,0.035585,,,,0.013770,0.103184,0.089414
10-1016-j-engstruct-2020-111743,10-1016-j-engstruct-2020-111743,Gradient Boosting,regression,Sahoo & Sharma 2014,3,0.535571,0.881552,6,0.290456,0.004973,,,0.135915,0.171604,0.035689
10-1016-j-engstruct-2020-111743,10-1016-j-engstruct-2020-111743,Gradient Boosting,regression,"Shoaib, Lubell and Bindiganavile",2,0.389255,1.056552,6,0.387682,0.001247,,,0.187686,0.290547,0.102861
10-1016-j-engstruct-2020-111743,10-1016-j-engstruct-2020-111743,Gradient Boosting,regression,"Shoaib, Lubell and Bindiganavile 2015",2,0.393442,0.737490,6,1.027280,0.001607,,,0.734348,1.072996,0.338648
10-1016-j-engstruct-2020-111743,10-1016-j-engstruct-2020-111743,Gradient Boosting,regression,Manju et al.,1,0.898318,1.459386,6,0.203978,,,,0.380367,0.237623,-0.142744
10-1016-j-engstruct-2020-111743,10-1016-j-engstruct-2020-111743,Gradient Boosting,regression,Manju et al. 2017,5,0.849739,1.372806,6,0.166372,0.118119,,,0.201683,0.154129,-0.047554
10-1016-j-engstruct-2020-111743,10-1016-j-engstruct-2020-111743,Gradient Boosting,regression,Arslan et al,1,0.511386,1.110186,6,0.557173,,,,0.711995,0.569376,-0.142619
10-1016-j-engstruct-2020-111743,10-1016-j-engstruct-2020-111743,Gradient Boosting,regression,Arslan et al 2017,8,1.101285,1.823314,6,0.714482,0.003032,,,0.260212,0.914510,0.654298
10-1016-j-engstruct-2020-111743,10-1016-j-engstruct-2020-111743,Gradient Boosting,regression,Parra-Montesinos et al,1,0.338290,0.725738,6,0.157964,,,,0.113807,0.062324,-0.051483
10-1016-j-engstruct-2020-111743,10-1016-j-engstruct-2020-111743,Gradient Boosting,regression,Parra-Montesinos et al 2006,9,0.440872,0.617273,6,0.230999,0.023758,,,0.124171,0.203223,0.079053
10-1016-j-engstruct-2020-111743,10-1016-j-engstruct-2020-111743,Gradient Boosting,regression,Rosenbusch and Teutsch,1,0.799784,1.459386,6,0.878198,,,,0.511843,0.671881,0.160038
10-1016-j-engstruct-2020-111743,10-1016-j-engstruct-2020-111743,Gradient Boosting,regression,Rosenbusch and Teutsch 2003,18,0.361875,0.728797,6,0.113947,0.221106,,,0.431649,0.513651,0.082002
10-1016-j-engstruct-2020-111743,10-1016-j-engstruct-2020-111743,Gradient Boosting,regression,Sahoo et al,1,0.549467,1.367156,6,0.002434,,,,0.336860,0.429340,0.092480
10-1016-j-engstruct-2020-111743,10-1016-j-engstruct-2020-111743,Gradient Boosting,regression,Sahoo et al 2016,2,0.359044,0.601408,6,0.384188,0.004345,,,0.406011,0.537376,0.131364
10-1016-j-engstruct-2020-111743,10-1016-j-engstruct-2020-111743,Gradient Boosting,regression,Amin and Foster,1,0.567717,1.035738,6,0.839701,,,,0.894271,0.985488,0.091217
10-1016-j-engstruct-2020-111743,10-1016-j-engstruct-2020-111743,Gradient Boosting,regression,Amin and Foster 2016,1,0.332767,0.517071,6,1.307553,,,,1.243416,1.242741,-0.000675
10-1016-j-engstruct-2020-111743,10-1016-j-engstruct-2020-111743,Gradient Boosting,regression,Tahenni et al,1,0.697231,1.286122,6,0.710896,,,,0.306006,0.301725,-0.004281
10-1016-j-engstruct-2020-111743,10-1016-j-engstruct-2020-111743,Gradient Boosting,regression,Tahenni et al 2016,8,0.480745,1.304878,6,0.692969,0.000484,,,0.341879,0.800782,0.458903
10-1016-j-engstruct-2020-111743,10-1016-j-engstruct-2020-111743,Gradient Boosting,regression,Narayanan and Darwish,2,0.902299,1.610983,6,0.287919,2.241253,,,0.041665,0.113402,0.071737
10-1016-j-engstruct-2020-111743,10-1016-j-engstruct-2020-111743,Gradient Boosting,regression,Narayanan and Darwish 1987,27,0.681378,1.982853,6,0.750083,0.011172,,,0.125545,0.802388,0.676843
10-1016-j-engstruct-2020-111743,10-1016-j-engstruct-2020-111743,Gradient Boosting,regression,Cucchiara et al,1,0.305461,0.540900,6,0.347429,,,,0.270738,0.316887,0.046149
10-1016-j-engstruct-2020-111743,10-1016-j-engstruct-2020-111743,Gradient Boosting,regression,Cucchiara et al 2004,3,0.777675,1.423172,6,0.248772,0.002116,,,0.172023,0.161875,-0.010147
10-1016-j-engstruct-2020-111743,10-1016-j-engstruct-2020-111743,Gradient Boosting,regression,Kwak et al,1,0.696861,0.946209,6,0.090089,,,,0.203967,0.419161,0.215194
10-1016-j-engstruct-2020-111743,10-1016-j-engstruct-2020-111743,Gradient Boosting,regression,Kwak et al 2002,3,0.531376,0.937927,6,0.282534,0.064901,,,0.301010,0.205787,-0.095224
10-1016-j-engstruct-2020-111743,10-1016-j-engstruct-2020-111743,Gradient Boosting,regression,Lim and Oh,1,0.424060,0.667497,6,0.601486,,,,0.210710,0.220875,0.010165
10-1016-j-engstruct-2020-111743,10-1016-j-engstruct-2020-111743,Gradient Boosting,regression,Lim and Oh 1999,1,0.620097,2.024973,6,0.493746,,,,0.405158,0.639509,0.234351
10-1016-j-engstruct-2020-111743,10-1016-j-engstruct-2020-111743,Gradient Boosting,regression,Dinh et al,1,0.412990,0.677897,6,0.148191,,,,0.145797,0.100822,-0.044975
10-1016-j-engstruct-2020-111743,10-1016-j-engstruct-2020-111743,Gradient Boosting,regression,Dinh et al 2010,20,0.359958,0.581966,6,0.730483,0.382551,,,0.371370,0.699065,0.327695
10-1016-j-engstruct-2020-111743,10-1016-j-engstruct-2020-111743,Gradient Boosting,regression,Lima Araujo et al,1,0.370478,0.620303,6,0.746130,,,,0.446404,0.115457,-0.330947
10-1016-j-engstruct-2020-111743,10-1016-j-engstruct-2020-111743,Gradient Boosting,regression,Lima Araujo et al 2014,1,0.928408,2.118974,6,0.949980,,,,0.703316,0.603415,-0.099901
10-1016-j-engstruct-2020-111743,10-1016-j-engstruct-2020-111743,Gradient Boosting,regression,Casanova et al,1,0.748601,1.390903,6,1.357782,,,,0.894055,2.041359,1.147304
10-1016-j-engstruct-2020-111743,10-1016-j-engstruct-2020-111743,Gradient Boosting,regression,Casanova et al 1997,2,0.489899,0.659124,6,0.709206,0.841350,,,0.645681,1.200277,0.554596
10-1016-j-engstruct-2020-111743,10-1016-j-engstruct-2020-111743,Gradient Boosting,regression,Aoude et al,1,0.759925,1.283257,6,0.674136,,,,0.242001,0.493404,0.251404
10-1016-j-engstruct-2020-111743,10-1016-j-engstruct-2020-111743,Gradient Boosting,regression,Aoude et al 2012,3,0.560276,1.151982,6,0.081188,0.232330,,,0.517348,0.470617,-0.046731
10-1016-j-engstruct-2020-111743,10-1016-j-engstruct-2020-111743,Gradient Boosting,regression,Minelli & Plizzari,1,0.930798,1.409053,6,0.129422,,,,0.132403,0.171257,0.038854
10-1016-j-engstruct-2020-111743,10-1016-j-engstruct-2020-111743,Gradient Boosting,regression,Minelli & Plizzari 2013,8,0.845605,1.442218,6,0.261993,0.219904,,,0.356600,0.558217,0.201618
10-1016-j-engstruct-2020-111743,10-1016-j-engstruct-2020-111743,Gradient Boosting,regression,Kang et al,2,0.590923,1.122554,6,0.282556,0.053103,,,0.257877,0.203342,-0.054535
10-1016-j-engstruct-2020-111743,10-1016-j-engstruct-2020-111743,Gradient Boosting,regression,Kang et al 2011,2,0.465505,0.921591,6,0.616587,0.038769,,,0.293787,0.415605,0.121818
10-1016-j-engstruct-2020-111743,10-1016-j-engstruct-2020-111743,Gradient Boosting,regression,Casanova & Rossi,1,0.735217,1.632176,6,0.069270,,,,0.350966,0.328651,-0.022315
10-1016-j-engstruct-2020-111743,10-1016-j-engstruct-2020-111743,Gradient Boosting,regression,Casanova & Rossi 1999,1,0.735217,1.632176,6,0.069270,,,,0.319534,0.336927,0.017393
10-1016-j-engstruct-2020-111743,10-1016-j-engstruct-2020-111743,Gradient Boosting,regression,Lim et al,1,0.688605,1.252768,6,0.603958,,,,0.173391,0.081491,-0.091900
10-1016-j-engstruct-2020-111743,10-1016-j-engstruct-2020-111743,Gradient Boosting,regression,Lim et al 1987,6,0.348090,0.602862,6,0.387827,0.072526,,,0.400488,0.443546,0.043058
10-1016-j-engstruct-2020-111743,10-1016-j-engstruct-2020-111743,Gradient Boosting,regression,Mansur et al,1,0.779490,1.089880,6,0.490337,,,,0.086476,0.104122,0.017646
10-1016-j-engstruct-2020-111743,10-1016-j-engstruct-2020-111743,Gradient Boosting,regression,Mansur et al 1986,8,0.506954,0.855233,6,0.583523,0.011250,,,0.238190,0.483371,0.245182
10-1016-j-engstruct-2020-111743,10-1016-j-engstruct-2020-111743,Gradient Boosting,regression,Zarrinpour and Chao,1,0.325832,0.795677,6,0.189575,,,,2.090457,1.526966,-0.563491
10-1016-j-engstruct-2020-111743,10-1016-j-engstruct-2020-111743,Gradient Boosting,regression,Zarrinpour and Chao 2017,9,0.251215,0.616883,6,2.706559,6.168999,,,1.109684,2.728184,1.618500
10-1016-j-engstruct-2020-111743,10-1016-j-engstruct-2020-111743,Gradient Boosting,regression,Noghabai,1,1.087085,2.001099,6,1.006791,,,,0.097272,0.237287,0.140016
10-1016-j-engstruct-2020-111743,10-1016-j-engstruct-2020-111743,Gradient Boosting,regression,Noghabai 2000,18,0.507267,1.047403,6,1.340228,0.443195,,,0.636809,1.208149,0.571340
10-1016-j-engstruct-2020-111743,10-1016-j-engstruct-2020-111743,Gradient Boosting,regression,Randl et al,1,1.279612,3.285027,6,0.685978,,,,0.178330,0.250175,0.071845
10-1016-j-engstruct-2020-111743,10-1016-j-engstruct-2020-111743,Gradient Boosting,regression,Randl et al 2017,5,1.110214,3.885472,6,0.951783,0.160790,,,0.371042,0.460419,0.089377
10-1016-j-engstruct-2020-111743,10-1016-j-engstruct-2020-111743,Gradient Boosting,regression,Ashour et al,1,0.943784,2.071480,6,0.689843,,,,0.278463,0.326573,0.048110
10-1016-j-engstruct-2020-111743,10-1016-j-engstruct-2020-111743,Gradient Boosting,regression,Ashour et al 1992,17,0.671302,1.951436,6,0.110844,0.489821,,,0.230453,0.829280,0.598827
10-1016-j-engstruct-2020-111743,10-1016-j-engstruct-2020-111743,Gradient Boosting,regression,Tan et al,1,0.688580,0.946209,6,0.465419,,,,0.812931,0.861276,0.048345
10-1016-j-engstruct-2020-111743,10-1016-j-engstruct-2020-111743,Gradient Boosting,regression,Tan et al 1993,4,0.485768,0.952074,6,0.435351,0.196609,,,0.622204,0.795455,0.173251
10-1016-j-engstruct-2020-111743,10-1016-j-engstruct-2020-111743,Gradient Boosting,regression,Pansuk et al,1,1.092891,3.137075,6,1.280819,,,,0.429306,0.942719,0.513412
10-1016-j-engstruct-2020-111743,10-1016-j-engstruct-2020-111743,Gradient Boosting,regression,Pansuk et al 2017,1,1.499771,3.137075,6,2.557388,,,,1.718418,1.833999,0.115581
10-1016-j-engstruct-2020-111743,10-1016-j-engstruct-2020-111743,Gradient Boosting,regression,Kim et al,1,0.654836,1.114084,6,0.229676,,,,0.238471,0.282364,0.043894
10-1016-j-engstruct-2020-111743,10-1016-j-engstruct-2020-111743,Gradient Boosting,regression,Kim et al 2017,1,0.515647,1.106499,6,0.371848,,,,0.450108,0.755084,0.304976
10-1016-j-engstruct-2020-111743,10-1016-j-engstruct-2020-111743,Gradient Boosting,regression,"sharma, 1986",1,0.600828,1.139580,6,0.172197,,,,0.149174,0.396393,0.247219
10-1016-j-engstruct-2020-111743,10-1016-j-engstruct-2020-111743,Gradient Boosting,regression,Narayanan and Darwish 1988,10,0.887626,2.327953,6,1.472447,0.100609,,,0.349002,0.782405,0.433403
10-1016-j-engstruct-2020-111743,10-1016-j-engstruct-2020-111743,Gradient Boosting,regression,"Li, Ward, Hamza",1,0.561672,1.767952,6,0.881219,,,,0.119576,0.219829,0.100253
10-1016-j-engstruct-2020-111743,10-1016-j-engstruct-2020-111743,Gradient Boosting,regression,"Li, Ward, Hamza 1992",21,0.458680,1.235977,6,0.792406,0.019457,,,0.217981,1.116927,0.898945
10-1016-j-engstruct-2020-111743,10-1016-j-engstruct-2020-111743,Gradient Boosting,regression,Swamy et al,1,0.875030,1.844811,6,0.454914,,,,0.164468,0.019490,-0.144979
10-1016-j-engstruct-2020-111743,10-1016-j-engstruct-2020-111743,Gradient Boosting,regression,Swamy et al 1993,6,0.601854,1.185310,6,0.630933,0.007585,,,0.163345,0.167103,0.003758
10-1016-j-engstruct-2020-111743,10-1016-j-engstruct-2020-111743,Gradient Boosting,regression,Adebar et al,1,0.468773,1.321928,6,0.853068,,,,0.471289,0.067709,-0.403580
10-1016-j-engstruct-2020-111743,10-1016-j-engstruct-2020-111743,Gradient Boosting,regression,Adebar et al 1997,5,0.473126,1.332875,6,0.676833,0.089500,,,0.296064,0.343254,0.047190
10-1016-j-engstruct-2020-111743,10-1016-j-engstruct-2020-111743,Gradient Boosting,regression,Cho and Kim,1,0.905712,1.528320,6,0.584576,,,,0.056796,0.002545,-0.054251
10-1016-j-engstruct-2020-111743,10-1016-j-engstruct-2020-111743,Gradient Boosting,regression,Cho and Kim 2003,11,0.512205,1.560360,6,0.056020,0.072584,,,0.186158,0.383443,0.197285
10-1016-j-engstruct-2020-111743,10-1016-j-engstruct-2020-111743,Gradient Boosting,regression,Greenough and Nehdi,1,0.536233,0.883568,6,0.384402,,,,0.347512,0.324280,-0.023231
10-1016-j-engstruct-2020-111743,10-1016-j-engstruct-2020-111743,Gradient Boosting,regression,Greenough and Nehdi 2008,8,0.506800,1.008241,6,0.123045,0.016838,,,0.173750,0.160579,-0.013171
10-1016-j-engstruct-2020-111743,10-1016-j-engstruct-2020-111743,Gradient Boosting,regression,Kang et al 2012,1,0.558082,0.937300,6,0.477115,,,,0.669890,0.719774,0.049883
10-1016-j-engstruct-2020-111743,10-1016-j-engstruct-2020-111743,Gradient Boosting,regression,Dupont and Vandewalle,20,0.518416,0.742977,6,0.056086,0.138564,,,0.312162,0.433139,0.120977
10-1016-j-engstruct-2020-111743,10-1016-j-engstruct-2020-111743,Gradient Boosting,regression,Swamy and Bahia,1,1.065912,1.619676,6,0.460261,,,,0.506774,0.406568,-0.100206
10-1016-j-engstruct-2020-111743,10-1016-j-engstruct-2020-111743,Gradient Boosting,regression,Swamy and Bahia 1985,4,0.821195,1.629715,6,0.298014,0.024254,,,0.349646,0.473821,0.124175
10-1016-j-engstruct-2020-111743,10-1016-j-engstruct-2020-111743,Gradient Boosting,regression,Batson et al,1,1.138766,1.927582,6,0.805365,,,,0.065580,0.028095,-0.037485
10-1016-j-engstruct-2020-111743,10-1016-j-engstruct-2020-111743,Gradient Boosting,regression,Batson et al 1972,42,0.733388,1.245574,6,0.814274,0.028150,,,0.088355,0.176619,0.088264
10-1016-j-engstruct-2020-111743,10-1016-j-engstruct-2020-111743,Gradient Boosting,regression,zhao et al,1,0.843331,1.500580,6,0.239468,,,,0.001406,0.078252,0.076846
10-1016-j-engstruct-2020-111743,10-1016-j-engstruct-2020-111743,Gradient Boosting,regression,zhao et al 2018,3,0.821456,1.506768,6,0.006213,0.003405,,,0.178774,0.214880,0.036106
10-1016-j-engstruct-2020-111743,10-1016-j-engstruct-2020-111743,Gradient Boosting,regression,Jindal,1,0.925098,1.911922,6,0.851820,,,,0.101603,0.250088,0.148485
10-1016-j-engstruct-2020-111743,10-1016-j-engstruct-2020-111743,Gradient Boosting,regression,Jindal 1984,6,0.471399,1.138121,6,0.793493,0.001221,,,0.054932,0.274347,0.219415
10-1016-j-engstruct-2020-111743,10-1016-j-engstruct-2020-111743,Gradient Boosting,regression,"shin, oh, ghosh",1,0.999634,1.234168,6,0.191580,,,,0.067160,0.049137,-0.018024
10-1016-j-engstruct-2020-111743,10-1016-j-engstruct-2020-111743,Gradient Boosting,regression,"shin, oh, ghosh 1994",5,0.769223,1.244389,6,0.506629,0.046873,,,0.266054,1.667628,1.401574
10-1016-j-engstruct-2020-111743,10-1016-j-engstruct-2020-111743,Gradient Boosting,regression,"Imam, Vandewalle, Mortelmans",1,0.782101,2.408293,6,2.539041,,,,2.053556,1.796483,-0.257073
10-1016-j-engstruct-2020-111743,10-1016-j-engstruct-2020-111743,Gradient Boosting,regression,"Imam, Vandewalle, Mortelmans 1994",3,0.691765,2.468847,6,0.581484,0.081209,,,0.344952,0.640134,0.295183
10-1016-j-engstruct-2020-111743,10-1016-j-engstruct-2020-111743,Gradient Boosting,regression,Huang et al 2005,1,0.965623,2.458641,6,0.698226,,,,0.665208,0.454476,-0.210732
10-1016-j-engstruct-2020-111743,10-1016-j-engstruct-2020-111743,Gradient Boosting,regression,"Kwak, Suh, Hsu",1,0.698897,1.283033,6,0.084475,,,,0.058043,0.018058,-0.039985
10-1016-j-engstruct-2020-111743,10-1016-j-engstruct-2020-111743,Gradient Boosting,regression,"Kwak, Suh, Hsu 1991",3,1.212832,3.153631,6,0.064914,0.001386,,,0.110279,0.023974,-0.086305
10-1016-j-engstruct-2020-111743,10-1016-j-engstruct-2020-111743,Gradient Boosting,regression,Roberts and Ho,1,1.497540,3.847910,6,0.772385,,,,0.156601,0.127596,-0.029005
10-1016-j-engstruct-2020-111743,10-1016-j-engstruct-2020-111743,Gradient Boosting,regression,Roberts and Ho 1982,5,2.132575,5.534007,6,0.554914,0.035532,,,0.232328,1.054788,0.822461
10-1016-j-engstruct-2020-111743,10-1016-j-engstruct-2020-111743,Gradient Boosting,regression,Hwang et al,1,0.549597,0.964829,6,0.787758,,,,0.370490,0.191500,-0.178990
10-1016-j-engstruct-2020-111743,10-1016-j-engstruct-2020-111743,Gradient Boosting,regression,Hwang et al 2013,6,0.596135,1.655896,6,0.572970,0.008645,,,0.426479,0.748235,0.321756
10-1016-j-engstruct-2020-111743,10-1016-j-engstruct-2020-111743,Gradient Boosting,regression,Spinella et al,1,0.469478,1.235760,6,0.231347,,,,0.943121,0.923691,-0.019430
10-1016-j-engstruct-2020-111743,10-1016-j-engstruct-2020-111743,Gradient Boosting,regression,Spinella et al 2012,1,0.606326,1.235760,6,0.050556,,,,0.687741,0.868678,0.180938
10-1016-j-engstruct-2020-111743,10-1016-j-engstruct-2020-111743,Gradient Boosting,regression,Chalioris and Sfiri 2011,1,0.829434,1.898109,6,0.707554,,,,0.767057,0.045771,-0.721286
10-1016-j-engstruct-2020-111743,10-1016-j-engstruct-2020-111743,Gradient Boosting,regression,Cohen and Aoude 2012,1,0.728663,0.934075,6,0.702007,,,,0.430253,0.583748,0.153494
10-1016-j-engstruct-2020-111743,10-1016-j-engstruct-2020-111743,Gradient Boosting,regression,Aoude and Cohen 2014,4,0.351325,0.907371,6,0.651415,0.002907,,,0.700267,1.080993,0.380726
10-1016-j-engstruct-2020-111743,10-1016-j-engstruct-2020-111743,Gradient Boosting,regression,Qissab and Salman,1,0.908498,1.899252,6,0.502735,,,,0.091940,0.130323,0.038382
10-1016-j-engstruct-2020-111743,10-1016-j-engstruct-2020-111743,Gradient Boosting,regression,Qissab and Salman 2018,10,0.767210,1.471648,6,0.590826,0.048584,,,0.209560,0.388115,0.178555
10-1016-j-engstruct-2020-111743,10-1016-j-engstruct-2020-111743,Gradient Boosting,regression,Furlan and de Hanai,1,0.878318,2.283763,6,0.857936,,,,0.003550,0.009922,0.006371
10-1016-j-engstruct-2020-111743,10-1016-j-engstruct-2020-111743,Gradient Boosting,regression,Furlan and de Hanai 1997,6,1.544068,4.506717,6,0.864584,0.000180,,,0.090499,0.020525,-0.069975
10-1016-j-engstruct-2020-111743,10-1016-j-engstruct-2020-111743,Gradient Boosting,regression,Danygier and Savir,1,0.735406,2.464015,6,0.349124,,,,0.881327,0.719848,-0.161479
10-1016-j-engstruct-2020-111743,10-1016-j-engstruct-2020-111743,Gradient Boosting,regression,Danygier and Savir 2010,1,0.692800,2.396353,6,0.407271,,,,0.789602,0.796962,0.007361
10-1016-j-engstruct-2020-111743,10-1016-j-engstruct-2020-111743,Gradient Boosting,regression,Krassowska & Kosior-Kazberuk,1,0.385748,0.883568,6,0.772887,,,,1.189047,1.277246,0.088199
10-1016-j-engstruct-2020-111743,10-1016-j-engstruct-2020-111743,Gradient Boosting,regression,Krassowska & Kosior-Kazberuk 2018,1,0.626049,1.113504,6,0.715909,,,,0.904689,0.711087,-0.193602
10-1016-j-engstruct-2020-111743,10-1016-j-engstruct-2020-111743,Gradient Boosting,regression,Yoo & Yang,1,0.375307,0.756783,6,1.752013,,,,1.535981,0.648951,-0.887030
10-1016-j-engstruct-2020-111743,10-1016-j-engstruct-2020-111743,Gradient Boosting,regression,Yoo & Yang 2018,2,0.405161,0.888724,6,6.450468,11.079644,,,5.207254,6.369952,1.162697
10-1016-j-engstruct-2020-111743,10-1016-j-engstruct-2020-111743,Gradient Boosting,regression,Gali & Subramaniam,1,0.726053,1.149630,6,0.463603,,,,0.150749,0.148065,-0.002684
10-1016-j-engstruct-2020-111743,10-1016-j-engstruct-2020-111743,Gradient Boosting,regression,Gali & Subramaniam 2017,1,0.726053,1.149630,6,0.416817,,,,0.090955,0.182111,0.091156
10-1016-j-engstruct-2020-111743,10-1016-j-engstruct-2020-111743,Gradient Boosting,regression,Zamanzadeh et al,1,0.437417,0.863469,6,0.448297,,,,0.521848,0.626941,0.105093
10-1016-j-engstruct-2020-111743,10-1016-j-engstruct-2020-111743,Gradient Boosting,regression,Zamanzadeh et al 2015,2,0.397605,0.620973,6,0.307229,0.003957,,,0.107625,0.059909,-0.047716
10-1016-j-engstruct-2020-111743,10-1016-j-engstruct-2020-111743,Gradient Boosting,regression,"Shoaib, Lubell and Bindiganavile 2014",1,0.480078,1.567170,6,0.879802,,,,0.326504,0.023079,-0.303425
10-1016-j-engstruct-2020-111743,10-1016-j-engstruct-2020-111743,Gradient Boosting,regression,Shoaib 2012,9,0.206323,0.708228,6,1.926239,1.076804,,,1.035013,1.751119,0.716106
10-1016-j-engstruct-2020-111743,10-1016-j-engstruct-2020-111743,Gradient Boosting,regression,"Bae, Choi & Choi",1,2.099204,6.607285,6,1.491353,,,,1.005144,1.533277,0.528133
10-1016-j-engstruct-2020-111743,10-1016-j-engstruct-2020-111743,Gradient Boosting,regression,"Bae, Choi & Choi 2013",1,2.051883,5.970471,6,2.921645,,,,1.211344,1.656582,0.445238
10-1016-j-engstruct-2020-111743,10-1016-j-engstruct-2020-111743,Gradient Boosting,regression,Abdul-Zaher et al,1,1.191059,1.841375,6,0.148064,,,,0.042600,0.010331,-0.032269
10-1016-j-engstruct-2020-111743,10-1016-j-engstruct-2020-111743,Gradient Boosting,regression,Abdul-Zaher et al 2016,2,1.049822,1.845164,6,0.061675,0.003712,,,0.156482,0.223077,0.066594
10-1038-s41598-024-53352-1,10-1038-s41598-024-53352-1,Ridge,regression,circular,674,0.386031,0.900998,12,1.012687,1.299534,,,0.066587,0.110658,0.044071
10-1038-s41598-024-53352-1,10-1038-s41598-024-53352-1,Ridge,regression,rectangular,396,0.282002,0.628740,12,1.131460,0.322097,,,0.061831,0.175765,0.113933
10-1038-s41598-024-53352-1,10-1038-s41598-024-53352-1,Ridge,regression,double_skin,246,0.781258,2.351384,12,0.098717,0.878615,,,0.081183,0.085509,0.004326
10-1038-s41598-024-53352-1,10-1038-s41598-024-53352-1,Random Forest,regression,circular,674,0.386031,0.900998,12,1.012687,1.299534,,,0.042658,0.175527,0.132869
10-1038-s41598-024-53352-1,10-1038-s41598-024-53352-1,Random Forest,regression,rectangular,396,0.282002,0.628740,12,1.131460,0.322097,,,0.034674,0.168709,0.134036
10-1038-s41598-024-53352-1,10-1038-s41598-024-53352-1,Random Forest,regression,double_skin,246,0.781258,2.351384,12,0.098717,0.878615,,,0.039521,0.094493,0.054971
10-1038-s41598-024-53352-1,10-1038-s41598-024-53352-1,Gradient Boosting,regression,circular,674,0.386031,0.900998,12,1.012687,1.299534,,,0.050635,0.170220,0.119585
10-1038-s41598-024-53352-1,10-1038-s41598-024-53352-1,Gradient Boosting,regression,rectangular,396,0.282002,0.628740,12,1.131460,0.322097,,,0.045078,0.176228,0.131149
10-1038-s41598-024-53352-1,10-1038-s41598-024-53352-1,Gradient Boosting,regression,double_skin,246,0.781258,2.351384,12,0.098717,0.878615,,,0.046612,0.094518,0.047906
10-5281-zenodo-8062007,10-5281-zenodo-8062007,Ridge,regression,Al-Sulaimani et al. (1990),12,0.701880,3.697298,33,0.650496,0.001855,,,0.025516,0.040491,0.014975
10-5281-zenodo-8062007,10-5281-zenodo-8062007,Ridge,regression,Rodriguez et al. (1997),14,0.575807,2.464482,34,0.426240,0.275218,,,0.039220,0.086440,0.047219
10-5281-zenodo-8062007,10-5281-zenodo-8062007,Ridge,regression,Lee et al. (1999),4,0.659092,2.293322,33,0.755707,0.013327,,,0.105844,0.184099,0.078255
10-5281-zenodo-8062007,10-5281-zenodo-8062007,Ridge,regression,Mangat and Elgarf (1999a),111,0.834297,1.893838,34,0.870264,0.154601,,,0.088631,0.207838,0.119206
10-5281-zenodo-8062007,10-5281-zenodo-8062007,Ridge,regression,Castel et al. (2000a),2,0.906009,3.389006,34,0.873762,0.027802,,,0.059246,0.026363,-0.032883
10-5281-zenodo-8062007,10-5281-zenodo-8062007,Ridge,regression,Jin and Zhao (2001),17,0.502061,1.664558,31,0.375724,0.005557,,,0.033063,0.094700,0.061638
10-5281-zenodo-8062007,10-5281-zenodo-8062007,Ridge,regression,Torres-Acosta et al. (2003),12,0.795701,1.875513,34,1.271975,0.006454,,,0.077438,0.074744,-0.002695
10-5281-zenodo-8062007,10-5281-zenodo-8062007,Ridge,regression,O'Flaherty et al. (2004),26,0.622973,2.285903,34,0.842473,0.193861,,,0.081194,0.204812,0.123619
10-5281-zenodo-8062007,10-5281-zenodo-8062007,Ridge,regression,El Maaddawy et al. (2005),9,0.738543,2.401723,34,0.819566,0.009677,,,0.054893,0.266482,0.211589
10-5281-zenodo-8062007,10-5281-zenodo-8062007,Ridge,regression,Azad et al. (2007),56,0.473842,1.183759,34,0.276991,0.043216,,,0.055059,0.141625,0.086566
10-5281-zenodo-8062007,10-5281-zenodo-8062007,Ridge,regression,Du et al. (2007),17,0.749194,2.871717,33,0.830884,0.317123,,,0.066451,0.207556,0.141105
10-5281-zenodo-8062007,10-5281-zenodo-8062007,Ridge,regression,Torres-Acosta et al. (2007),11,0.837731,1.873148,34,1.498301,0.173298,,,0.084560,0.275573,0.191012
10-5281-zenodo-8062007,10-5281-zenodo-8062007,Ridge,regression,Cairns et al. (2008),13,0.629406,3.086528,33,0.529115,0.126613,,,0.041657,0.192153,0.150497
10-5281-zenodo-8062007,10-5281-zenodo-8062007,Ridge,regression,Azad et al. (2010),48,0.596819,1.631353,34,0.972978,0.134806,,,0.061342,0.175719,0.114377
10-5281-zenodo-8062007,10-5281-zenodo-8062007,Ridge,regression,Gu et al. (2010),15,0.474833,1.863078,33,0.497166,0.098317,,,0.115253,0.300392,0.185138
10-5281-zenodo-8062007,10-5281-zenodo-8062007,Ridge,regression,Dong et al. (2011),11,0.733399,2.316303,34,0.650915,0.049507,,,0.055457,0.201794,0.146336
10-5281-zenodo-8062007,10-5281-zenodo-8062007,Ridge,regression,Khan et al. (2011),2,1.223053,4.223735,34,1.193229,0.016025,,,0.048854,0.039993,-0.008861
10-5281-zenodo-8062007,10-5281-zenodo-8062007,Ridge,regression,Oyado et al. (2011),13,0.509793,1.981293,33,0.017025,0.182093,,,0.069079,0.086342,0.017263
10-5281-zenodo-8062007,10-5281-zenodo-8062007,Ridge,regression,Xia et al. (2012),20,0.592641,1.410711,34,0.667573,0.064979,,,0.043311,0.171435,0.128124
10-5281-zenodo-8062007,10-5281-zenodo-8062007,Ridge,regression,Dang and François (2013),2,1.206556,4.223735,34,1.134038,0.053886,,,0.051272,0.045785,-0.005487
10-5281-zenodo-8062007,10-5281-zenodo-8062007,Ridge,regression,Du et al. (2013),5,0.564870,3.098132,34,1.046917,0.049424,,,0.149915,0.173497,0.023581
10-5281-zenodo-8062007,10-5281-zenodo-8062007,Ridge,regression,Ma et al. (2013),48,0.717790,1.876585,34,1.556371,0.072405,,,0.057893,0.072856,0.014964
10-5281-zenodo-8062007,10-5281-zenodo-8062007,Ridge,regression,Zhu et al. (2013),4,0.917429,4.234294,34,0.651717,0.053463,,,0.103243,0.077528,-0.025716
10-5281-zenodo-8062007,10-5281-zenodo-8062007,Ridge,regression,Wang et al. (2014),22,0.656596,1.908335,34,1.471716,0.051301,,,0.039132,0.069399,0.030267
10-5281-zenodo-8062007,10-5281-zenodo-8062007,Ridge,regression,Zhu and François (2014),2,1.128417,4.223735,34,0.777863,0.031862,,,0.162181,0.135876,-0.026305
10-5281-zenodo-8062007,10-5281-zenodo-8062007,Ridge,regression,Yu et al. (2015),3,0.758832,3.284534,33,0.828468,0.004960,,,0.062902,0.086374,0.023472
10-5281-zenodo-8062007,10-5281-zenodo-8062007,Ridge,regression,Zhu et al. (2015),4,0.908238,4.234294,34,0.925081,0.013641,,,0.053714,0.076024,0.022310
10-5281-zenodo-8062007,10-5281-zenodo-8062007,Ridge,regression,Liu et al. (2016),12,0.825061,4.058725,34,1.387460,0.008901,,,0.019958,0.067592,0.047633
10-5281-zenodo-8062007,10-5281-zenodo-8062007,Ridge,regression,Zhang et al. (2016),4,0.804306,2.279511,33,1.314563,0.012969,,,0.058304,0.150233,0.091929
10-5281-zenodo-8062007,10-5281-zenodo-8062007,Ridge,regression,Zhu and François (2016),2,1.086231,4.223735,34,0.698907,0.108843,,,0.123598,0.106807,-0.016791
10-5281-zenodo-8062007,10-5281-zenodo-8062007,Ridge,regression,Dasar et al. (2017),3,0.842157,4.391164,33,0.775795,0.084948,,,0.193433,0.329678,0.136245
10-5281-zenodo-8062007,10-5281-zenodo-8062007,Ridge,regression,Dong et al. (2017),4,0.806648,2.482315,34,0.770339,0.000070,,,0.041028,0.090329,0.049302
10-5281-zenodo-8062007,10-5281-zenodo-8062007,Ridge,regression,Lim et al. (2017),4,0.668478,1.746054,34,1.136234,0.017382,,,0.088479,0.058778,-0.029701
10-5281-zenodo-8062007,10-5281-zenodo-8062007,Ridge,regression,Li et al. (2018),13,0.529389,3.234551,34,0.226225,0.098960,,,0.055509,0.110188,0.054679
10-5281-zenodo-8062007,10-5281-zenodo-8062007,Ridge,regression,Nguyen and Lambert (2018),20,0.797687,1.894651,34,0.376394,0.004883,,,0.067871,0.300152,0.232281
10-5281-zenodo-8062007,10-5281-zenodo-8062007,Ridge,regression,Yadav et al. (2018),16,0.626719,2.066596,33,1.118630,0.008843,,,0.056736,0.221487,0.164751
10-5281-zenodo-8062007,10-5281-zenodo-8062007,Ridge,regression,Ye et al. (2018),19,0.589758,2.423630,34,0.155365,0.003888,,,0.026935,0.094765,0.067830
10-5281-zenodo-8062007,10-5281-zenodo-8062007,Ridge,regression,Zhou et al. (2018),10,0.651716,1.872502,32,0.222178,0.052489,,,0.022348,0.142008,0.119660
10-5281-zenodo-8062007,10-5281-zenodo-8062007,Ridge,regression,Hou et al. (2019),12,0.591377,3.230467,34,0.760496,0.024723,,,0.043766,0.073172,0.029405
10-5281-zenodo-8062007,10-5281-zenodo-8062007,Ridge,regression,Hu et al. 2019),4,0.483910,1.821515,33,0.313347,0.003275,,,0.052992,0.051353,-0.001639
10-5281-zenodo-8062007,10-5281-zenodo-8062007,Ridge,regression,Jung et al. (2019),8,0.693291,1.958445,33,0.518709,0.001494,,,0.038355,0.095740,0.057385
10-5281-zenodo-8062007,10-5281-zenodo-8062007,Ridge,regression,Njeem et al. (2019),2,0.687381,1.887002,33,0.410070,0.009869,,,0.188927,0.331561,0.142635
10-5281-zenodo-8062007,10-5281-zenodo-8062007,Ridge,regression,O'Flaherty and Browne (2019),39,0.499970,1.131259,34,0.886876,0.212682,,,0.072146,0.136459,0.064313
10-5281-zenodo-8062007,10-5281-zenodo-8062007,Ridge,regression,Tan et al. (2019),6,0.603299,1.375769,32,0.751746,0.021110,,,0.042577,0.136978,0.094402
10-5281-zenodo-8062007,10-5281-zenodo-8062007,Ridge,regression,Shen et al. (2019),4,0.493585,2.862824,34,0.122157,0.006183,,,0.080907,0.015660,-0.065247
10-5281-zenodo-8062007,10-5281-zenodo-8062007,Ridge,regression,Zhang et al. (2019),8,0.701666,1.754828,32,0.622846,0.096832,,,0.034038,0.171278,0.137240
10-5281-zenodo-8062007,10-5281-zenodo-8062007,Ridge,regression,Biswas et al. (2020),7,0.632428,2.233140,32,1.053457,0.132544,,,0.055505,0.080606,0.025100
10-5281-zenodo-8062007,10-5281-zenodo-8062007,Ridge,regression,Yalciner et al. (2020),8,0.980223,3.284036,33,1.952057,0.073280,,,0.057891,0.262727,0.204836
10-5281-zenodo-8062007,10-5281-zenodo-8062007,Ridge,regression,Hansapinyo et al. (2021),44,1.020639,2.591404,34,1.749968,0.324160,,,0.075486,0.225870,0.150384
10-5281-zenodo-8062007,10-5281-zenodo-8062007,Ridge,regression,Nasser et al. (2021),17,0.804221,1.990455,34,0.208448,0.067501,,,0.043626,0.156823,0.113197
10-5281-zenodo-8062007,10-5281-zenodo-8062007,Ridge,regression,Huang et al. (2022),6,1.955205,8.428594,30,2.118807,0.000710,,,0.062438,0.680558,0.618121
10-5281-zenodo-8062007,10-5281-zenodo-8062007,Ridge,regression,Nasser et al. (2022),8,0.546248,3.383904,33,0.751077,0.012871,,,0.044068,0.067902,0.023834
10-5281-zenodo-8062007,10-5281-zenodo-8062007,Ridge,regression,Tran et al. (2022),12,1.055772,2.151344,32,1.890554,0.059245,,,0.055207,0.059577,0.004370
10-5281-zenodo-8062007,10-5281-zenodo-8062007,Ridge,regression,Van Nguyen et al. (2022),9,0.392004,0.986752,33,0.156480,0.014893,,,0.043039,0.141782,0.098743
10-5281-zenodo-8062007,10-5281-zenodo-8062007,Random Forest,regression,Al-Sulaimani et al. (1990),12,0.701880,3.697298,33,0.650496,0.001855,,,0.015600,0.082828,0.067227
10-5281-zenodo-8062007,10-5281-zenodo-8062007,Random Forest,regression,Rodriguez et al. (1997),14,0.575807,2.464482,34,0.426240,0.275218,,,0.072334,0.166068,0.093734
10-5281-zenodo-8062007,10-5281-zenodo-8062007,Random Forest,regression,Lee et al. (1999),4,0.659092,2.293322,33,0.755707,0.013327,,,0.023899,0.071355,0.047456
10-5281-zenodo-8062007,10-5281-zenodo-8062007,Random Forest,regression,Mangat and Elgarf (1999a),111,0.834297,1.893838,34,0.870264,0.154601,,,0.019115,0.146042,0.126927
10-5281-zenodo-8062007,10-5281-zenodo-8062007,Random Forest,regression,Castel et al. (2000a),2,0.906009,3.389006,34,0.873762,0.027802,,,0.052577,0.017986,-0.034592
10-5281-zenodo-8062007,10-5281-zenodo-8062007,Random Forest,regression,Jin and Zhao (2001),17,0.502061,1.664558,31,0.375724,0.005557,,,0.014605,0.029816,0.015211
10-5281-zenodo-8062007,10-5281-zenodo-8062007,Random Forest,regression,Torres-Acosta et al. (2003),12,0.795701,1.875513,34,1.271975,0.006454,,,0.048872,0.135861,0.086989
10-5281-zenodo-8062007,10-5281-zenodo-8062007,Random Forest,regression,O'Flaherty et al. (2004),26,0.622973,2.285903,34,0.842473,0.193861,,,0.041427,0.075362,0.033936
10-5281-zenodo-8062007,10-5281-zenodo-8062007,Random Forest,regression,El Maaddawy et al. (2005),9,0.738543,2.401723,34,0.819566,0.009677,,,0.022210,0.070744,0.048534
10-5281-zenodo-8062007,10-5281-zenodo-8062007,Random Forest,regression,Azad et al. (2007),56,0.473842,1.183759,34,0.276991,0.043216,,,0.043372,0.312971,0.269599
10-5281-zenodo-8062007,10-5281-zenodo-8062007,Random Forest,regression,Du et al. (2007),17,0.749194,2.871717,33,0.830884,0.317123,,,0.038975,0.133158,0.094183
10-5281-zenodo-8062007,10-5281-zenodo-8062007,Random Forest,regression,Torres-Acosta et al. (2007),11,0.837731,1.873148,34,1.498301,0.173298,,,0.069368,0.120569,0.051202
10-5281-zenodo-8062007,10-5281-zenodo-8062007,Random Forest,regression,Cairns et al. (2008),13,0.629406,3.086528,33,0.529115,0.126613,,,0.053379,0.143757,0.090378
10-5281-zenodo-8062007,10-5281-zenodo-8062007,Random Forest,regression,Azad et al. (2010),48,0.596819,1.631353,34,0.972978,0.134806,,,0.056576,0.169790,0.113214
10-5281-zenodo-8062007,10-5281-zenodo-8062007,Random Forest,regression,Gu et al. (2010),15,0.474833,1.863078,33,0.497166,0.098317,,,0.094169,0.134334,0.040165
10-5281-zenodo-8062007,10-5281-zenodo-8062007,Random Forest,regression,Dong et al. (2011),11,0.733399,2.316303,34,0.650915,0.049507,,,0.036746,0.051694,0.014948
10-5281-zenodo-8062007,10-5281-zenodo-8062007,Random Forest,regression,Khan et al. (2011),2,1.223053,4.223735,34,1.193229,0.016025,,,0.057441,0.077978,0.020537
10-5281-zenodo-8062007,10-5281-zenodo-8062007,Random Forest,regression,Oyado et al. (2011),13,0.509793,1.981293,33,0.017025,0.182093,,,0.058936,0.059975,0.001039
10-5281-zenodo-8062007,10-5281-zenodo-8062007,Random Forest,regression,Xia et al. (2012),20,0.592641,1.410711,34,0.667573,0.064979,,,0.027190,0.093368,0.066178
10-5281-zenodo-8062007,10-5281-zenodo-8062007,Random Forest,regression,Dang and François (2013),2,1.206556,4.223735,34,1.134038,0.053886,,,0.044862,0.029520,-0.015343
10-5281-zenodo-8062007,10-5281-zenodo-8062007,Random Forest,regression,Du et al. (2013),5,0.564870,3.098132,34,1.046917,0.049424,,,0.046358,0.038032,-0.008326
10-5281-zenodo-8062007,10-5281-zenodo-8062007,Random Forest,regression,Ma et al. (2013),48,0.717790,1.876585,34,1.556371,0.072405,,,0.036644,0.059638,0.022994
10-5281-zenodo-8062007,10-5281-zenodo-8062007,Random Forest,regression,Zhu et al. (2013),4,0.917429,4.234294,34,0.651717,0.053463,,,0.068745,0.081088,0.012343
10-5281-zenodo-8062007,10-5281-zenodo-8062007,Random Forest,regression,Wang et al. (2014),22,0.656596,1.908335,34,1.471716,0.051301,,,0.038269,0.037905,-0.000365
10-5281-zenodo-8062007,10-5281-zenodo-8062007,Random Forest,regression,Zhu and François (2014),2,1.128417,4.223735,34,0.777863,0.031862,,,0.016369,0.012459,-0.003910
10-5281-zenodo-8062007,10-5281-zenodo-8062007,Random Forest,regression,Yu et al. (2015),3,0.758832,3.284534,33,0.828468,0.004960,,,0.003574,0.024586,0.021012
10-5281-zenodo-8062007,10-5281-zenodo-8062007,Random Forest,regression,Zhu et al. (2015),4,0.908238,4.234294,34,0.925081,0.013641,,,0.049581,0.089340,0.039759
10-5281-zenodo-8062007,10-5281-zenodo-8062007,Random Forest,regression,Liu et al. (2016),12,0.825061,4.058725,34,1.387460,0.008901,,,0.011141,0.226493,0.215352
10-5281-zenodo-8062007,10-5281-zenodo-8062007,Random Forest,regression,Zhang et al. (2016),4,0.804306,2.279511,33,1.314563,0.012969,,,0.024881,0.067724,0.042843
10-5281-zenodo-8062007,10-5281-zenodo-8062007,Random Forest,regression,Zhu and François (2016),2,1.086231,4.223735,34,0.698907,0.108843,,,0.070661,0.078983,0.008322
10-5281-zenodo-8062007,10-5281-zenodo-8062007,Random Forest,regression,Dasar et al. (2017),3,0.842157,4.391164,33,0.775795,0.084948,,,0.101606,0.138187,0.036581
10-5281-zenodo-8062007,10-5281-zenodo-8062007,Random Forest,regression,Dong et al. (2017),4,0.806648,2.482315,34,0.770339,0.000070,,,0.003733,0.037400,0.033667
10-5281-zenodo-8062007,10-5281-zenodo-8062007,Random Forest,regression,Lim et al. (2017),4,0.668478,1.746054,34,1.136234,0.017382,,,0.077258,0.143262,0.066003
10-5281-zenodo-8062007,10-5281-zenodo-8062007,Random Forest,regression,Li et al. (2018),13,0.529389,3.234551,34,0.226225,0.098960,,,0.055195,0.294816,0.239621
10-5281-zenodo-8062007,10-5281-zenodo-8062007,Random Forest,regression,Nguyen and Lambert (2018),20,0.797687,1.894651,34,0.376394,0.004883,,,0.011198,0.114370,0.103172
10-5281-zenodo-8062007,10-5281-zenodo-8062007,Random Forest,regression,Yadav et al. (2018),16,0.626719,2.066596,33,1.118630,0.008843,,,0.018666,0.108218,0.089552
10-5281-zenodo-8062007,10-5281-zenodo-8062007,Random Forest,regression,Ye et al. (2018),19,0.589758,2.423630,34,0.155365,0.003888,,,0.017138,0.144750,0.127612
10-5281-zenodo-8062007,10-5281-zenodo-8062007,Random Forest,regression,Zhou et al. (2018),10,0.651716,1.872502,32,0.222178,0.052489,,,0.015905,0.223251,0.207347
10-5281-zenodo-8062007,10-5281-zenodo-8062007,Random Forest,regression,Hou et al. (2019),12,0.591377,3.230467,34,0.760496,0.024723,,,0.035301,0.044059,0.008758
10-5281-zenodo-8062007,10-5281-zenodo-8062007,Random Forest,regression,Hu et al. 2019),4,0.483910,1.821515,33,0.313347,0.003275,,,0.024286,0.078925,0.054639
10-5281-zenodo-8062007,10-5281-zenodo-8062007,Random Forest,regression,Jung et al. (2019),8,0.693291,1.958445,33,0.518709,0.001494,,,0.017146,0.141518,0.124373
10-5281-zenodo-8062007,10-5281-zenodo-8062007,Random Forest,regression,Njeem et al. (2019),2,0.687381,1.887002,33,0.410070,0.009869,,,0.109095,0.162832,0.053736
10-5281-zenodo-8062007,10-5281-zenodo-8062007,Random Forest,regression,O'Flaherty and Browne (2019),39,0.499970,1.131259,34,0.886876,0.212682,,,0.046108,0.058224,0.012115
10-5281-zenodo-8062007,10-5281-zenodo-8062007,Random Forest,regression,Tan et al. (2019),6,0.603299,1.375769,32,0.751746,0.021110,,,0.068868,0.058404,-0.010464
10-5281-zenodo-8062007,10-5281-zenodo-8062007,Random Forest,regression,Shen et al. (2019),4,0.493585,2.862824,34,0.122157,0.006183,,,0.019750,0.094586,0.074835
10-5281-zenodo-8062007,10-5281-zenodo-8062007,Random Forest,regression,Zhang et al. (2019),8,0.701666,1.754828,32,0.622846,0.096832,,,0.074373,0.081758,0.007385
10-5281-zenodo-8062007,10-5281-zenodo-8062007,Random Forest,regression,Biswas et al. (2020),7,0.632428,2.233140,32,1.053457,0.132544,,,0.067666,0.097954,0.030288
10-5281-zenodo-8062007,10-5281-zenodo-8062007,Random Forest,regression,Yalciner et al. (2020),8,0.980223,3.284036,33,1.952057,0.073280,,,0.055487,0.418432,0.362944
10-5281-zenodo-8062007,10-5281-zenodo-8062007,Random Forest,regression,Hansapinyo et al. (2021),44,1.020639,2.591404,34,1.749968,0.324160,,,0.066979,0.159940,0.092960
10-5281-zenodo-8062007,10-5281-zenodo-8062007,Random Forest,regression,Nasser et al. (2021),17,0.804221,1.990455,34,0.208448,0.067501,,,0.021623,0.211353,0.189730
10-5281-zenodo-8062007,10-5281-zenodo-8062007,Random Forest,regression,Huang et al. (2022),6,1.955205,8.428594,30,2.118807,0.000710,,,0.013937,0.324818,0.310881
10-5281-zenodo-8062007,10-5281-zenodo-8062007,Random Forest,regression,Nasser et al. (2022),8,0.546248,3.383904,33,0.751077,0.012871,,,0.036079,0.281214,0.245135
10-5281-zenodo-8062007,10-5281-zenodo-8062007,Random Forest,regression,Tran et al. (2022),12,1.055772,2.151344,32,1.890554,0.059245,,,0.035786,0.288196,0.252409
10-5281-zenodo-8062007,10-5281-zenodo-8062007,Random Forest,regression,Van Nguyen et al. (2022),9,0.392004,0.986752,33,0.156480,0.014893,,,0.035695,0.113776,0.078081
10-5281-zenodo-8062007,10-5281-zenodo-8062007,Gradient Boosting,regression,Al-Sulaimani et al. (1990),12,0.701880,3.697298,33,0.650496,0.001855,,,0.013340,0.050094,0.036754
10-5281-zenodo-8062007,10-5281-zenodo-8062007,Gradient Boosting,regression,Rodriguez et al. (1997),14,0.575807,2.464482,34,0.426240,0.275218,,,0.062303,0.160311,0.098008
10-5281-zenodo-8062007,10-5281-zenodo-8062007,Gradient Boosting,regression,Lee et al. (1999),4,0.659092,2.293322,33,0.755707,0.013327,,,0.024098,0.044426,0.020329
10-5281-zenodo-8062007,10-5281-zenodo-8062007,Gradient Boosting,regression,Mangat and Elgarf (1999a),111,0.834297,1.893838,34,0.870264,0.154601,,,0.027914,0.164575,0.136662
10-5281-zenodo-8062007,10-5281-zenodo-8062007,Gradient Boosting,regression,Castel et al. (2000a),2,0.906009,3.389006,34,0.873762,0.027802,,,0.027371,0.022420,-0.004951
10-5281-zenodo-8062007,10-5281-zenodo-8062007,Gradient Boosting,regression,Jin and Zhao (2001),17,0.502061,1.664558,31,0.375724,0.005557,,,0.019831,0.104960,0.085129
10-5281-zenodo-8062007,10-5281-zenodo-8062007,Gradient Boosting,regression,Torres-Acosta et al. (2003),12,0.795701,1.875513,34,1.271975,0.006454,,,0.057547,0.112471,0.054924
10-5281-zenodo-8062007,10-5281-zenodo-8062007,Gradient Boosting,regression,O'Flaherty et al. (2004),26,0.622973,2.285903,34,0.842473,0.193861,,,0.056408,0.095992,0.039584
10-5281-zenodo-8062007,10-5281-zenodo-8062007,Gradient Boosting,regression,El Maaddawy et al. (2005),9,0.738543,2.401723,34,0.819566,0.009677,,,0.034191,0.037868,0.003676
10-5281-zenodo-8062007,10-5281-zenodo-8062007,Gradient Boosting,regression,Azad et al. (2007),56,0.473842,1.183759,34,0.276991,0.043216,,,0.043865,0.200422,0.156557
10-5281-zenodo-8062007,10-5281-zenodo-8062007,Gradient Boosting,regression,Du et al. (2007),17,0.749194,2.871717,33,0.830884,0.317123,,,0.046379,0.083860,0.037481
10-5281-zenodo-8062007,10-5281-zenodo-8062007,Gradient Boosting,regression,Torres-Acosta et al. (2007),11,0.837731,1.873148,34,1.498301,0.173298,,,0.081245,0.072387,-0.008858
10-5281-zenodo-8062007,10-5281-zenodo-8062007,Gradient Boosting,regression,Cairns et al. (2008),13,0.629406,3.086528,33,0.529115,0.126613,,,0.059173,0.127775,0.068603
10-5281-zenodo-8062007,10-5281-zenodo-8062007,Gradient Boosting,regression,Azad et al. (2010),48,0.596819,1.631353,34,0.972978,0.134806,,,0.054758,0.094393,0.039635
10-5281-zenodo-8062007,10-5281-zenodo-8062007,Gradient Boosting,regression,Gu et al. (2010),15,0.474833,1.863078,33,0.497166,0.098317,,,0.088356,0.128247,0.039891
10-5281-zenodo-8062007,10-5281-zenodo-8062007,Gradient Boosting,regression,Dong et al. (2011),11,0.733399,2.316303,34,0.650915,0.049507,,,0.044120,0.041717,-0.002403
10-5281-zenodo-8062007,10-5281-zenodo-8062007,Gradient Boosting,regression,Khan et al. (2011),2,1.223053,4.223735,34,1.193229,0.016025,,,0.039912,0.074899,0.034987
10-5281-zenodo-8062007,10-5281-zenodo-8062007,Gradient Boosting,regression,Oyado et al. (2011),13,0.509793,1.981293,33,0.017025,0.182093,,,0.060887,0.110184,0.049297
10-5281-zenodo-8062007,10-5281-zenodo-8062007,Gradient Boosting,regression,Xia et al. (2012),20,0.592641,1.410711,34,0.667573,0.064979,,,0.039968,0.088513,0.048545
10-5281-zenodo-8062007,10-5281-zenodo-8062007,Gradient Boosting,regression,Dang and François (2013),2,1.206556,4.223735,34,1.134038,0.053886,,,0.010837,0.002024,-0.008813
10-5281-zenodo-8062007,10-5281-zenodo-8062007,Gradient Boosting,regression,Du et al. (2013),5,0.564870,3.098132,34,1.046917,0.049424,,,0.057783,0.075648,0.017865
10-5281-zenodo-8062007,10-5281-zenodo-8062007,Gradient Boosting,regression,Ma et al. (2013),48,0.717790,1.876585,34,1.556371,0.072405,,,0.042656,0.050668,0.008012
10-5281-zenodo-8062007,10-5281-zenodo-8062007,Gradient Boosting,regression,Zhu et al. (2013),4,0.917429,4.234294,34,0.651717,0.053463,,,0.074432,0.067641,-0.006791
10-5281-zenodo-8062007,10-5281-zenodo-8062007,Gradient Boosting,regression,Wang et al. (2014),22,0.656596,1.908335,34,1.471716,0.051301,,,0.038160,0.035273,-0.002887
10-5281-zenodo-8062007,10-5281-zenodo-8062007,Gradient Boosting,regression,Zhu and François (2014),2,1.128417,4.223735,34,0.777863,0.031862,,,0.013374,0.029939,0.016566
10-5281-zenodo-8062007,10-5281-zenodo-8062007,Gradient Boosting,regression,Yu et al. (2015),3,0.758832,3.284534,33,0.828468,0.004960,,,0.014734,0.014625,-0.000109
10-5281-zenodo-8062007,10-5281-zenodo-8062007,Gradient Boosting,regression,Zhu et al. (2015),4,0.908238,4.234294,34,0.925081,0.013641,,,0.064118,0.102079,0.037961
10-5281-zenodo-8062007,10-5281-zenodo-8062007,Gradient Boosting,regression,Liu et al. (2016),12,0.825061,4.058725,34,1.387460,0.008901,,,0.015240,0.180571,0.165331
10-5281-zenodo-8062007,10-5281-zenodo-8062007,Gradient Boosting,regression,Zhang et al. (2016),4,0.804306,2.279511,33,1.314563,0.012969,,,0.026032,0.064347,0.038315
10-5281-zenodo-8062007,10-5281-zenodo-8062007,Gradient Boosting,regression,Zhu and François (2016),2,1.086231,4.223735,34,0.698907,0.108843,,,0.062494,0.076847,0.014353
10-5281-zenodo-8062007,10-5281-zenodo-8062007,Gradient Boosting,regression,Dasar et al. (2017),3,0.842157,4.391164,33,0.775795,0.084948,,,0.055787,0.069415,0.013628
10-5281-zenodo-8062007,10-5281-zenodo-8062007,Gradient Boosting,regression,Dong et al. (2017),4,0.806648,2.482315,34,0.770339,0.000070,,,0.007218,0.086970,0.079753
10-5281-zenodo-8062007,10-5281-zenodo-8062007,Gradient Boosting,regression,Lim et al. (2017),4,0.668478,1.746054,34,1.136234,0.017382,,,0.125481,0.150159,0.024679
10-5281-zenodo-8062007,10-5281-zenodo-8062007,Gradient Boosting,regression,Li et al. (2018),13,0.529389,3.234551,34,0.226225,0.098960,,,0.055741,0.248764,0.193023
10-5281-zenodo-8062007,10-5281-zenodo-8062007,Gradient Boosting,regression,Nguyen and Lambert (2018),20,0.797687,1.894651,34,0.376394,0.004883,,,0.034282,0.242884,0.208602
10-5281-zenodo-8062007,10-5281-zenodo-8062007,Gradient Boosting,regression,Yadav et al. (2018),16,0.626719,2.066596,33,1.118630,0.008843,,,0.026049,0.066999,0.040950
10-5281-zenodo-8062007,10-5281-zenodo-8062007,Gradient Boosting,regression,Ye et al. (2018),19,0.589758,2.423630,34,0.155365,0.003888,,,0.012811,0.016304,0.003494
10-5281-zenodo-8062007,10-5281-zenodo-8062007,Gradient Boosting,regression,Zhou et al. (2018),10,0.651716,1.872502,32,0.222178,0.052489,,,0.026376,0.200501,0.174125
10-5281-zenodo-8062007,10-5281-zenodo-8062007,Gradient Boosting,regression,Hou et al. (2019),12,0.591377,3.230467,34,0.760496,0.024723,,,0.043584,0.222794,0.179210
10-5281-zenodo-8062007,10-5281-zenodo-8062007,Gradient Boosting,regression,Hu et al. 2019),4,0.483910,1.821515,33,0.313347,0.003275,,,0.040512,0.060715,0.020203
10-5281-zenodo-8062007,10-5281-zenodo-8062007,Gradient Boosting,regression,Jung et al. (2019),8,0.693291,1.958445,33,0.518709,0.001494,,,0.027858,0.195865,0.168008
10-5281-zenodo-8062007,10-5281-zenodo-8062007,Gradient Boosting,regression,Njeem et al. (2019),2,0.687381,1.887002,33,0.410070,0.009869,,,0.091132,0.056984,-0.034148
10-5281-zenodo-8062007,10-5281-zenodo-8062007,Gradient Boosting,regression,O'Flaherty and Browne (2019),39,0.499970,1.131259,34,0.886876,0.212682,,,0.049265,0.061908,0.012643
10-5281-zenodo-8062007,10-5281-zenodo-8062007,Gradient Boosting,regression,Tan et al. (2019),6,0.603299,1.375769,32,0.751746,0.021110,,,0.067938,0.042860,-0.025078
10-5281-zenodo-8062007,10-5281-zenodo-8062007,Gradient Boosting,regression,Shen et al. (2019),4,0.493585,2.862824,34,0.122157,0.006183,,,0.028294,0.131199,0.102905
10-5281-zenodo-8062007,10-5281-zenodo-8062007,Gradient Boosting,regression,Zhang et al. (2019),8,0.701666,1.754828,32,0.622846,0.096832,,,0.069820,0.128682,0.058862
10-5281-zenodo-8062007,10-5281-zenodo-8062007,Gradient Boosting,regression,Biswas et al. (2020),7,0.632428,2.233140,32,1.053457,0.132544,,,0.097150,0.101989,0.004840
10-5281-zenodo-8062007,10-5281-zenodo-8062007,Gradient Boosting,regression,Yalciner et al. (2020),8,0.980223,3.284036,33,1.952057,0.073280,,,0.043790,0.290684,0.246894
10-5281-zenodo-8062007,10-5281-zenodo-8062007,Gradient Boosting,regression,Hansapinyo et al. (2021),44,1.020639,2.591404,34,1.749968,0.324160,,,0.067297,0.097470,0.030173
10-5281-zenodo-8062007,10-5281-zenodo-8062007,Gradient Boosting,regression,Nasser et al. (2021),17,0.804221,1.990455,34,0.208448,0.067501,,,0.027114,0.190033,0.162918
10-5281-zenodo-8062007,10-5281-zenodo-8062007,Gradient Boosting,regression,Huang et al. (2022),6,1.955205,8.428594,30,2.118807,0.000710,,,0.015049,0.275495,0.260446
10-5281-zenodo-8062007,10-5281-zenodo-8062007,Gradient Boosting,regression,Nasser et al. (2022),8,0.546248,3.383904,33,0.751077,0.012871,,,0.048251,0.194751,0.146500
10-5281-zenodo-8062007,10-5281-zenodo-8062007,Gradient Boosting,regression,Tran et al. (2022),12,1.055772,2.151344,32,1.890554,0.059245,,,0.067229,0.104269,0.037041
10-5281-zenodo-8062007,10-5281-zenodo-8062007,Gradient Boosting,regression,Van Nguyen et al. (2022),9,0.392004,0.986752,33,0.156480,0.014893,,,0.037628,0.102669,0.065041
designsafe_prj2430_wall,PRJ-2430 RC wall peak lateral strength|Vmax,Ridge,regression,Dazio,6,0.483326,1.999960,71,0.193596,0.029823,,,0.286431,0.580507,0.294076
designsafe_prj2430_wall,PRJ-2430 RC wall peak lateral strength|Vmax,Ridge,regression,Lefas,15,0.613202,1.934289,71,0.730382,0.033725,,,0.102801,0.411376,0.308576
designsafe_prj2430_wall,PRJ-2430 RC wall peak lateral strength|Vmax,Ridge,regression,Liu,2,0.697389,2.462715,73,0.527148,0.000451,,,2.070882,0.406553,-1.664329
designsafe_prj2430_wall,PRJ-2430 RC wall peak lateral strength|Vmax,Ridge,regression,Lowes,4,0.691741,3.195300,71,0.390763,0.579599,,,0.615695,0.855425,0.239729
designsafe_prj2430_wall,PRJ-2430 RC wall peak lateral strength|Vmax,Ridge,regression,Oesterle,13,0.555716,2.171030,74,0.202229,0.471751,,,0.557566,0.855944,0.298379
designsafe_prj2430_wall,PRJ-2430 RC wall peak lateral strength|Vmax,Ridge,regression,Pilakoutas,6,0.604956,2.233582,70,0.150247,0.313186,,,0.541753,0.575822,0.034068
designsafe_prj2430_wall,PRJ-2430 RC wall peak lateral strength|Vmax,Ridge,regression,Synge,2,0.835037,3.326647,71,0.790096,0.623672,,,0.689159,0.499004,-0.190155
designsafe_prj2430_wall,PRJ-2430 RC wall peak lateral strength|Vmax,Ridge,regression,Wallace,4,0.433447,1.586781,72,0.740209,0.002445,,,0.406008,0.784196,0.378188
designsafe_prj2430_wall,PRJ-2430 RC wall peak lateral strength|Vmax,Ridge,regression,Wiradinata,2,0.558696,1.716432,70,0.624379,0.175556,,,0.687880,1.053054,0.365174
designsafe_prj2430_wall,PRJ-2430 RC wall peak lateral strength|Vmax,Ridge,regression,Bertero,2,0.569093,1.942818,73,0.964063,0.158044,,,0.578215,2.699653,2.121438
designsafe_prj2430_wall,PRJ-2430 RC wall peak lateral strength|Vmax,Ridge,regression,Cardenas,4,0.981701,3.592750,69,0.936917,0.177003,,,1.023623,1.750985,0.727362
designsafe_prj2430_wall,PRJ-2430 RC wall peak lateral strength|Vmax,Ridge,regression,Barda,8,0.696085,1.889284,70,0.299700,0.394890,,,0.715437,2.054434,1.338997
designsafe_prj2430_wall,PRJ-2430 RC wall peak lateral strength|Vmax,Ridge,regression,Palermo,2,0.985629,5.919712,70,0.748090,0.104166,,,0.076877,1.241420,1.164544
designsafe_prj2430_wall,PRJ-2430 RC wall peak lateral strength|Vmax,Ridge,regression,Oh,5,0.789037,2.581133,70,0.324949,0.011012,,,0.380440,0.356114,-0.024326
designsafe_prj2430_wall,PRJ-2430 RC wall peak lateral strength|Vmax,Ridge,regression,Whittaker,7,0.814897,2.322767,74,0.990968,2.165482,,,0.883916,1.168726,0.284810
designsafe_prj2430_wall,PRJ-2430 RC wall peak lateral strength|Vmax,Ridge,regression,Massone,6,0.892243,3.742965,74,2.589410,6.881518,,,1.727118,3.943876,2.216757
designsafe_prj2430_wall,PRJ-2430 RC wall peak lateral strength|Vmax,Ridge,regression,Tupper,1,0.655412,3.303516,74,0.391073,,,,0.036652,1.257621,1.220969
designsafe_prj2430_wall,PRJ-2430 RC wall peak lateral strength|Vmax,Ridge,regression,Shegay,4,0.796908,3.198838,70,0.029118,0.020130,,,0.194174,0.478344,0.284170
designsafe_prj2430_wall,PRJ-2430 RC wall peak lateral strength|Vmax,Ridge,regression,Tran,5,0.471121,1.655188,70,0.294818,0.079195,,,0.334173,0.496561,0.162388
designsafe_prj2430_wall,PRJ-2430 RC wall peak lateral strength|Vmax,Ridge,regression,Alarcon,3,0.573446,1.679045,66,0.743732,0.001694,,,0.057861,0.203813,0.145952
designsafe_prj2430_wall,PRJ-2430 RC wall peak lateral strength|Vmax,Ridge,regression,ZhangWang,3,0.614229,2.156192,68,0.585064,0.011377,,,0.338581,0.161206,-0.177375
designsafe_prj2430_wall,PRJ-2430 RC wall peak lateral strength|Vmax,Ridge,regression,SuWong,3,0.764384,2.550018,69,0.916037,0.000148,,,0.231763,0.337331,0.105568
designsafe_prj2430_wall,PRJ-2430 RC wall peak lateral strength|Vmax,Ridge,regression,Segura,6,0.891936,3.900918,71,0.045637,0.051955,,,0.265957,0.814843,0.548886
designsafe_prj2430_wall,PRJ-2430 RC wall peak lateral strength|Vmax,Ridge,regression,DengLiang,4,0.666265,3.339674,70,0.352496,0.004380,,,0.168450,0.923050,0.754600
designsafe_prj2430_wall,PRJ-2430 RC wall peak lateral strength|Vmax,Ridge,regression,Lu,11,0.772253,2.417372,70,0.872146,0.013285,,,0.158416,1.154149,0.995733
designsafe_prj2430_wall,PRJ-2430 RC wall peak lateral strength|Vmax,Ridge,regression,Huq,4,1.790426,5.757809,71,1.553272,0.012725,,,0.114234,4.518373,4.404139
designsafe_prj2430_wall,PRJ-2430 RC wall peak lateral strength|Vmax,Ridge,regression,Hube,6,0.679717,2.899086,70,0.794919,0.002559,,,0.233838,0.970870,0.737031
designsafe_prj2430_wall,PRJ-2430 RC wall peak lateral strength|Vmax,Ridge,regression,Tasnimi,4,0.892455,2.410605,70,1.079798,0.000001,,,0.095739,0.699426,0.603687
designsafe_prj2430_wall,PRJ-2430 RC wall peak lateral strength|Vmax,Random Forest,regression,Dazio,6,0.483326,1.999960,71,0.193596,0.029823,,,0.116407,0.133517,0.017110
designsafe_prj2430_wall,PRJ-2430 RC wall peak lateral strength|Vmax,Random Forest,regression,Lefas,15,0.613202,1.934289,71,0.730382,0.033725,,,0.058565,0.733589,0.675023
designsafe_prj2430_wall,PRJ-2430 RC wall peak lateral strength|Vmax,Random Forest,regression,Liu,2,0.697389,2.462715,73,0.527148,0.000451,,,0.236946,0.152860,-0.084086
designsafe_prj2430_wall,PRJ-2430 RC wall peak lateral strength|Vmax,Random Forest,regression,Lowes,4,0.691741,3.195300,71,0.390763,0.579599,,,0.716440,0.614291,-0.102149
designsafe_prj2430_wall,PRJ-2430 RC wall peak lateral strength|Vmax,Random Forest,regression,Oesterle,13,0.555716,2.171030,74,0.202229,0.471751,,,0.450635,0.679658,0.229023
designsafe_prj2430_wall,PRJ-2430 RC wall peak lateral strength|Vmax,Random Forest,regression,Pilakoutas,6,0.604956,2.233582,70,0.150247,0.313186,,,0.493182,0.770716,0.277534
designsafe_prj2430_wall,PRJ-2430 RC wall peak lateral strength|Vmax,Random Forest,regression,Synge,2,0.835037,3.326647,71,0.790096,0.623672,,,0.750384,1.094397,0.344013
designsafe_prj2430_wall,PRJ-2430 RC wall peak lateral strength|Vmax,Random Forest,regression,Wallace,4,0.433447,1.586781,72,0.740209,0.002445,,,0.170593,0.415453,0.244860
designsafe_prj2430_wall,PRJ-2430 RC wall peak lateral strength|Vmax,Random Forest,regression,Wiradinata,2,0.558696,1.716432,70,0.624379,0.175556,,,0.479051,0.336744,-0.142307
designsafe_prj2430_wall,PRJ-2430 RC wall peak lateral strength|Vmax,Random Forest,regression,Bertero,2,0.569093,1.942818,73,0.964063,0.158044,,,0.455531,0.913786,0.458256
designsafe_prj2430_wall,PRJ-2430 RC wall peak lateral strength|Vmax,Random Forest,regression,Cardenas,4,0.981701,3.592750,69,0.936917,0.177003,,,0.349755,0.958259,0.608504
designsafe_prj2430_wall,PRJ-2430 RC wall peak lateral strength|Vmax,Random Forest,regression,Barda,8,0.696085,1.889284,70,0.299700,0.394890,,,0.451361,0.444214,-0.007147
designsafe_prj2430_wall,PRJ-2430 RC wall peak lateral strength|Vmax,Random Forest,regression,Palermo,2,0.985629,5.919712,70,0.748090,0.104166,,,0.343362,0.479876,0.136513
designsafe_prj2430_wall,PRJ-2430 RC wall peak lateral strength|Vmax,Random Forest,regression,Oh,5,0.789037,2.581133,70,0.324949,0.011012,,,0.393736,0.588944,0.195208
designsafe_prj2430_wall,PRJ-2430 RC wall peak lateral strength|Vmax,Random Forest,regression,Whittaker,7,0.814897,2.322767,74,0.990968,2.165482,,,0.600340,0.832887,0.232547
designsafe_prj2430_wall,PRJ-2430 RC wall peak lateral strength|Vmax,Random Forest,regression,Massone,6,0.892243,3.742965,74,2.589410,6.881518,,,1.757802,2.287933,0.530132
designsafe_prj2430_wall,PRJ-2430 RC wall peak lateral strength|Vmax,Random Forest,regression,Tupper,1,0.655412,3.303516,74,0.391073,,,,0.191491,0.342888,0.151397
designsafe_prj2430_wall,PRJ-2430 RC wall peak lateral strength|Vmax,Random Forest,regression,Shegay,4,0.796908,3.198838,70,0.029118,0.020130,,,0.088070,0.109981,0.021910
designsafe_prj2430_wall,PRJ-2430 RC wall peak lateral strength|Vmax,Random Forest,regression,Tran,5,0.471121,1.655188,70,0.294818,0.079195,,,0.183121,0.640904,0.457783
designsafe_prj2430_wall,PRJ-2430 RC wall peak lateral strength|Vmax,Random Forest,regression,Alarcon,3,0.573446,1.679045,66,0.743732,0.001694,,,0.031148,0.055700,0.024553
designsafe_prj2430_wall,PRJ-2430 RC wall peak lateral strength|Vmax,Random Forest,regression,ZhangWang,3,0.614229,2.156192,68,0.585064,0.011377,,,0.092479,0.075483,-0.016996
designsafe_prj2430_wall,PRJ-2430 RC wall peak lateral strength|Vmax,Random Forest,regression,SuWong,3,0.764384,2.550018,69,0.916037,0.000148,,,0.074142,0.374987,0.300845
designsafe_prj2430_wall,PRJ-2430 RC wall peak lateral strength|Vmax,Random Forest,regression,Segura,6,0.891936,3.900918,71,0.045637,0.051955,,,0.160651,0.153581,-0.007070
designsafe_prj2430_wall,PRJ-2430 RC wall peak lateral strength|Vmax,Random Forest,regression,DengLiang,4,0.666265,3.339674,70,0.352496,0.004380,,,0.075615,0.285988,0.210373
designsafe_prj2430_wall,PRJ-2430 RC wall peak lateral strength|Vmax,Random Forest,regression,Lu,11,0.772253,2.417372,70,0.872146,0.013285,,,0.093981,0.492741,0.398760
designsafe_prj2430_wall,PRJ-2430 RC wall peak lateral strength|Vmax,Random Forest,regression,Huq,4,1.790426,5.757809,71,1.553272,0.012725,,,0.218474,1.542872,1.324397
designsafe_prj2430_wall,PRJ-2430 RC wall peak lateral strength|Vmax,Random Forest,regression,Hube,6,0.679717,2.899086,70,0.794919,0.002559,,,0.057292,0.317458,0.260166
designsafe_prj2430_wall,PRJ-2430 RC wall peak lateral strength|Vmax,Random Forest,regression,Tasnimi,4,0.892455,2.410605,70,1.079798,0.000001,,,0.053382,0.663157,0.609774
designsafe_prj2430_wall,PRJ-2430 RC wall peak lateral strength|Vmax,Gradient Boosting,regression,Dazio,6,0.483326,1.999960,71,0.193596,0.029823,,,0.149459,0.063971,-0.085489
designsafe_prj2430_wall,PRJ-2430 RC wall peak lateral strength|Vmax,Gradient Boosting,regression,Lefas,15,0.613202,1.934289,71,0.730382,0.033725,,,0.059403,0.347715,0.288312
designsafe_prj2430_wall,PRJ-2430 RC wall peak lateral strength|Vmax,Gradient Boosting,regression,Liu,2,0.697389,2.462715,73,0.527148,0.000451,,,0.231270,0.176480,-0.054790
designsafe_prj2430_wall,PRJ-2430 RC wall peak lateral strength|Vmax,Gradient Boosting,regression,Lowes,4,0.691741,3.195300,71,0.390763,0.579599,,,0.778565,0.676742,-0.101823
designsafe_prj2430_wall,PRJ-2430 RC wall peak lateral strength|Vmax,Gradient Boosting,regression,Oesterle,13,0.555716,2.171030,74,0.202229,0.471751,,,0.375693,0.730874,0.355181
designsafe_prj2430_wall,PRJ-2430 RC wall peak lateral strength|Vmax,Gradient Boosting,regression,Pilakoutas,6,0.604956,2.233582,70,0.150247,0.313186,,,0.489956,0.727364,0.237407
designsafe_prj2430_wall,PRJ-2430 RC wall peak lateral strength|Vmax,Gradient Boosting,regression,Synge,2,0.835037,3.326647,71,0.790096,0.623672,,,0.822577,0.803342,-0.019235
designsafe_prj2430_wall,PRJ-2430 RC wall peak lateral strength|Vmax,Gradient Boosting,regression,Wallace,4,0.433447,1.586781,72,0.740209,0.002445,,,0.140091,0.502825,0.362733
designsafe_prj2430_wall,PRJ-2430 RC wall peak lateral strength|Vmax,Gradient Boosting,regression,Wiradinata,2,0.558696,1.716432,70,0.624379,0.175556,,,0.809659,0.716388,-0.093271
designsafe_prj2430_wall,PRJ-2430 RC wall peak lateral strength|Vmax,Gradient Boosting,regression,Bertero,2,0.569093,1.942818,73,0.964063,0.158044,,,0.561097,1.061654,0.500557
designsafe_prj2430_wall,PRJ-2430 RC wall peak lateral strength|Vmax,Gradient Boosting,regression,Cardenas,4,0.981701,3.592750,69,0.936917,0.177003,,,0.327895,0.948424,0.620529
designsafe_prj2430_wall,PRJ-2430 RC wall peak lateral strength|Vmax,Gradient Boosting,regression,Barda,8,0.696085,1.889284,70,0.299700,0.394890,,,0.505224,0.673567,0.168343
designsafe_prj2430_wall,PRJ-2430 RC wall peak lateral strength|Vmax,Gradient Boosting,regression,Palermo,2,0.985629,5.919712,70,0.748090,0.104166,,,0.513840,0.454593,-0.059247
designsafe_prj2430_wall,PRJ-2430 RC wall peak lateral strength|Vmax,Gradient Boosting,regression,Oh,5,0.789037,2.581133,70,0.324949,0.011012,,,0.092669,0.441493,0.348824
designsafe_prj2430_wall,PRJ-2430 RC wall peak lateral strength|Vmax,Gradient Boosting,regression,Whittaker,7,0.814897,2.322767,74,0.990968,2.165482,,,0.957296,0.802550,-0.154746
designsafe_prj2430_wall,PRJ-2430 RC wall peak lateral strength|Vmax,Gradient Boosting,regression,Massone,6,0.892243,3.742965,74,2.589410,6.881518,,,1.636266,2.248509,0.612242
designsafe_prj2430_wall,PRJ-2430 RC wall peak lateral strength|Vmax,Gradient Boosting,regression,Tupper,1,0.655412,3.303516,74,0.391073,,,,0.323736,0.381549,0.057813
designsafe_prj2430_wall,PRJ-2430 RC wall peak lateral strength|Vmax,Gradient Boosting,regression,Shegay,4,0.796908,3.198838,70,0.029118,0.020130,,,0.091738,0.212341,0.120604
designsafe_prj2430_wall,PRJ-2430 RC wall peak lateral strength|Vmax,Gradient Boosting,regression,Tran,5,0.471121,1.655188,70,0.294818,0.079195,,,0.147312,0.654110,0.506798
designsafe_prj2430_wall,PRJ-2430 RC wall peak lateral strength|Vmax,Gradient Boosting,regression,Alarcon,3,0.573446,1.679045,66,0.743732,0.001694,,,0.047681,0.020717,-0.026964
designsafe_prj2430_wall,PRJ-2430 RC wall peak lateral strength|Vmax,Gradient Boosting,regression,ZhangWang,3,0.614229,2.156192,68,0.585064,0.011377,,,0.100701,0.036047,-0.064654
designsafe_prj2430_wall,PRJ-2430 RC wall peak lateral strength|Vmax,Gradient Boosting,regression,SuWong,3,0.764384,2.550018,69,0.916037,0.000148,,,0.049618,0.673298,0.623681
designsafe_prj2430_wall,PRJ-2430 RC wall peak lateral strength|Vmax,Gradient Boosting,regression,Segura,6,0.891936,3.900918,71,0.045637,0.051955,,,0.187304,0.156233,-0.031071
designsafe_prj2430_wall,PRJ-2430 RC wall peak lateral strength|Vmax,Gradient Boosting,regression,DengLiang,4,0.666265,3.339674,70,0.352496,0.004380,,,0.051612,0.279441,0.227829
designsafe_prj2430_wall,PRJ-2430 RC wall peak lateral strength|Vmax,Gradient Boosting,regression,Lu,11,0.772253,2.417372,70,0.872146,0.013285,,,0.115753,0.310041,0.194288
designsafe_prj2430_wall,PRJ-2430 RC wall peak lateral strength|Vmax,Gradient Boosting,regression,Huq,4,1.790426,5.757809,71,1.553272,0.012725,,,0.128295,1.747783,1.619489
designsafe_prj2430_wall,PRJ-2430 RC wall peak lateral strength|Vmax,Gradient Boosting,regression,Hube,6,0.679717,2.899086,70,0.794919,0.002559,,,0.093457,0.375702,0.282244
designsafe_prj2430_wall,PRJ-2430 RC wall peak lateral strength|Vmax,Gradient Boosting,regression,Tasnimi,4,0.892455,2.410605,70,1.079798,0.000001,,,0.016782,1.063850,1.047068
designsafe_prj2430_wall,PRJ-2430 RC wall drift capacity|driftCap,Ridge,regression,Dazio,6,0.483326,1.999960,71,0.330805,0.138980,,,0.430129,0.502093,0.071964
designsafe_prj2430_wall,PRJ-2430 RC wall drift capacity|driftCap,Ridge,regression,Lefas,15,0.613202,1.934289,71,0.618043,0.060443,,,0.147466,0.380503,0.233037
designsafe_prj2430_wall,PRJ-2430 RC wall drift capacity|driftCap,Ridge,regression,Liu,2,0.697389,2.462715,73,0.573163,0.025754,,,0.776960,0.278288,-0.498673
designsafe_prj2430_wall,PRJ-2430 RC wall drift capacity|driftCap,Ridge,regression,Lowes,4,0.691741,3.195300,71,0.624008,0.031607,,,0.208242,0.750464,0.542222
designsafe_prj2430_wall,PRJ-2430 RC wall drift capacity|driftCap,Ridge,regression,Oesterle,13,0.555716,2.171030,74,0.905529,1.160347,,,0.608278,0.940489,0.332211
designsafe_prj2430_wall,PRJ-2430 RC wall drift capacity|driftCap,Ridge,regression,Pilakoutas,6,0.604956,2.233582,70,0.582130,0.303835,,,0.366127,0.633157,0.267030
designsafe_prj2430_wall,PRJ-2430 RC wall drift capacity|driftCap,Ridge,regression,Synge,2,0.835037,3.326647,71,0.486966,0.924275,,,0.983484,0.356885,-0.626600
designsafe_prj2430_wall,PRJ-2430 RC wall drift capacity|driftCap,Ridge,regression,Wallace,4,0.433447,1.586781,72,0.056310,0.050584,,,0.352842,0.512809,0.159967
designsafe_prj2430_wall,PRJ-2430 RC wall drift capacity|driftCap,Ridge,regression,Wiradinata,2,0.558696,1.716432,70,0.742671,0.189685,,,0.489068,1.677001,1.187933
designsafe_prj2430_wall,PRJ-2430 RC wall drift capacity|driftCap,Ridge,regression,Bertero,2,0.569093,1.942818,73,1.212692,2.987658,,,1.933574,1.088888,-0.844686
designsafe_prj2430_wall,PRJ-2430 RC wall drift capacity|driftCap,Ridge,regression,Cardenas,4,0.981701,3.592750,69,1.556939,1.212310,,,0.750200,2.427109,1.676909
designsafe_prj2430_wall,PRJ-2430 RC wall drift capacity|driftCap,Ridge,regression,Barda,8,0.696085,1.889284,70,0.495842,6.798843,,,0.856167,1.186212,0.330045
designsafe_prj2430_wall,PRJ-2430 RC wall drift capacity|driftCap,Ridge,regression,Palermo,2,0.985629,5.919712,70,0.152344,1.346340,,,1.311682,0.681137,-0.630545
designsafe_prj2430_wall,PRJ-2430 RC wall drift capacity|driftCap,Ridge,regression,Oh,5,0.789037,2.581133,70,0.363618,0.070313,,,0.363526,0.587398,0.223872
designsafe_prj2430_wall,PRJ-2430 RC wall drift capacity|driftCap,Ridge,regression,Whittaker,7,0.814897,2.322767,74,0.692505,0.166403,,,0.412136,0.954859,0.542723
designsafe_prj2430_wall,PRJ-2430 RC wall drift capacity|driftCap,Ridge,regression,Massone,6,0.892243,3.742965,74,0.524745,0.350482,,,0.308794,1.612981,1.304187
designsafe_prj2430_wall,PRJ-2430 RC wall drift capacity|driftCap,Ridge,regression,Tupper,1,0.655412,3.303516,74,0.794581,,,,0.547346,2.391403,1.844058
designsafe_prj2430_wall,PRJ-2430 RC wall drift capacity|driftCap,Ridge,regression,Shegay,4,0.796908,3.198838,70,0.976073,0.160256,,,0.134532,0.186778,0.052246
designsafe_prj2430_wall,PRJ-2430 RC wall drift capacity|driftCap,Ridge,regression,Tran,5,0.471121,1.655188,70,0.794665,0.011070,,,0.266160,0.439701,0.173541
designsafe_prj2430_wall,PRJ-2430 RC wall drift capacity|driftCap,Ridge,regression,Alarcon,3,0.573446,1.679045,66,0.175579,0.164232,,,0.319817,0.222448,-0.097369
designsafe_prj2430_wall,PRJ-2430 RC wall drift capacity|driftCap,Ridge,regression,ZhangWang,3,0.614229,2.156192,68,0.172304,0.056033,,,0.204125,0.111794,-0.092332
designsafe_prj2430_wall,PRJ-2430 RC wall drift capacity|driftCap,Ridge,regression,SuWong,3,0.764384,2.550018,69,0.525141,0.131461,,,0.218458,1.729666,1.511208
designsafe_prj2430_wall,PRJ-2430 RC wall drift capacity|driftCap,Ridge,regression,Segura,6,0.891936,3.900918,71,0.588683,0.627673,,,0.225791,0.939649,0.713857
designsafe_prj2430_wall,PRJ-2430 RC wall drift capacity|driftCap,Ridge,regression,DengLiang,4,0.666265,3.339674,70,0.246598,0.043661,,,0.223216,0.279434,0.056218
designsafe_prj2430_wall,PRJ-2430 RC wall drift capacity|driftCap,Ridge,regression,Lu,11,0.772253,2.417372,70,0.548777,0.233226,,,0.113417,0.885168,0.771751
designsafe_prj2430_wall,PRJ-2430 RC wall drift capacity|driftCap,Ridge,regression,Huq,4,1.790426,5.757809,71,1.226045,0.591163,,,0.211836,3.054795,2.842959
designsafe_prj2430_wall,PRJ-2430 RC wall drift capacity|driftCap,Ridge,regression,Hube,6,0.679717,2.899086,70,0.049418,0.155764,,,0.181352,0.182962,0.001610
designsafe_prj2430_wall,PRJ-2430 RC wall drift capacity|driftCap,Ridge,regression,Tasnimi,4,0.892455,2.410605,70,1.574402,0.000000,,,0.278071,1.991494,1.713423
designsafe_prj2430_wall,PRJ-2430 RC wall drift capacity|driftCap,Random Forest,regression,Dazio,6,0.483326,1.999960,71,0.330805,0.138980,,,0.137349,0.477109,0.339760
designsafe_prj2430_wall,PRJ-2430 RC wall drift capacity|driftCap,Random Forest,regression,Lefas,15,0.613202,1.934289,71,0.618043,0.060443,,,0.094802,0.091989,-0.002813
designsafe_prj2430_wall,PRJ-2430 RC wall drift capacity|driftCap,Random Forest,regression,Liu,2,0.697389,2.462715,73,0.573163,0.025754,,,0.636180,0.764901,0.128721
designsafe_prj2430_wall,PRJ-2430 RC wall drift capacity|driftCap,Random Forest,regression,Lowes,4,0.691741,3.195300,71,0.624008,0.031607,,,0.445679,1.254900,0.809221
designsafe_prj2430_wall,PRJ-2430 RC wall drift capacity|driftCap,Random Forest,regression,Oesterle,13,0.555716,2.171030,74,0.905529,1.160347,,,0.474535,0.556521,0.081986
designsafe_prj2430_wall,PRJ-2430 RC wall drift capacity|driftCap,Random Forest,regression,Pilakoutas,6,0.604956,2.233582,70,0.582130,0.303835,,,0.337522,0.282692,-0.054829
designsafe_prj2430_wall,PRJ-2430 RC wall drift capacity|driftCap,Random Forest,regression,Synge,2,0.835037,3.326647,71,0.486966,0.924275,,,0.606174,0.372197,-0.233977
designsafe_prj2430_wall,PRJ-2430 RC wall drift capacity|driftCap,Random Forest,regression,Wallace,4,0.433447,1.586781,72,0.056310,0.050584,,,0.159340,0.147135,-0.012205
designsafe_prj2430_wall,PRJ-2430 RC wall drift capacity|driftCap,Random Forest,regression,Wiradinata,2,0.558696,1.716432,70,0.742671,0.189685,,,0.384166,0.421326,0.037160
designsafe_prj2430_wall,PRJ-2430 RC wall drift capacity|driftCap,Random Forest,regression,Bertero,2,0.569093,1.942818,73,1.212692,2.987658,,,1.081545,0.889290,-0.192255
designsafe_prj2430_wall,PRJ-2430 RC wall drift capacity|driftCap,Random Forest,regression,Cardenas,4,0.981701,3.592750,69,1.556939,1.212310,,,0.396418,0.487579,0.091161
designsafe_prj2430_wall,PRJ-2430 RC wall drift capacity|driftCap,Random Forest,regression,Barda,8,0.696085,1.889284,70,0.495842,6.798843,,,0.915072,1.128921,0.213849
designsafe_prj2430_wall,PRJ-2430 RC wall drift capacity|driftCap,Random Forest,regression,Palermo,2,0.985629,5.919712,70,0.152344,1.346340,,,0.895065,0.544719,-0.350346
designsafe_prj2430_wall,PRJ-2430 RC wall drift capacity|driftCap,Random Forest,regression,Oh,5,0.789037,2.581133,70,0.363618,0.070313,,,0.089548,0.119035,0.029488
designsafe_prj2430_wall,PRJ-2430 RC wall drift capacity|driftCap,Random Forest,regression,Whittaker,7,0.814897,2.322767,74,0.692505,0.166403,,,0.243841,0.676422,0.432581
designsafe_prj2430_wall,PRJ-2430 RC wall drift capacity|driftCap,Random Forest,regression,Massone,6,0.892243,3.742965,74,0.524745,0.350482,,,0.348122,0.420972,0.072850
designsafe_prj2430_wall,PRJ-2430 RC wall drift capacity|driftCap,Random Forest,regression,Tupper,1,0.655412,3.303516,74,0.794581,,,,0.356656,0.463639,0.106983
designsafe_prj2430_wall,PRJ-2430 RC wall drift capacity|driftCap,Random Forest,regression,Shegay,4,0.796908,3.198838,70,0.976073,0.160256,,,0.137967,0.330046,0.192079
designsafe_prj2430_wall,PRJ-2430 RC wall drift capacity|driftCap,Random Forest,regression,Tran,5,0.471121,1.655188,70,0.794665,0.011070,,,0.095412,0.150227,0.054814
designsafe_prj2430_wall,PRJ-2430 RC wall drift capacity|driftCap,Random Forest,regression,Alarcon,3,0.573446,1.679045,66,0.175579,0.164232,,,0.222509,0.222096,-0.000413
designsafe_prj2430_wall,PRJ-2430 RC wall drift capacity|driftCap,Random Forest,regression,ZhangWang,3,0.614229,2.156192,68,0.172304,0.056033,,,0.158878,0.310766,0.151889
designsafe_prj2430_wall,PRJ-2430 RC wall drift capacity|driftCap,Random Forest,regression,SuWong,3,0.764384,2.550018,69,0.525141,0.131461,,,0.140052,0.228002,0.087950
designsafe_prj2430_wall,PRJ-2430 RC wall drift capacity|driftCap,Random Forest,regression,Segura,6,0.891936,3.900918,71,0.588683,0.627673,,,0.304860,0.367790,0.062929
designsafe_prj2430_wall,PRJ-2430 RC wall drift capacity|driftCap,Random Forest,regression,DengLiang,4,0.666265,3.339674,70,0.246598,0.043661,,,0.094094,0.135798,0.041703
designsafe_prj2430_wall,PRJ-2430 RC wall drift capacity|driftCap,Random Forest,regression,Lu,11,0.772253,2.417372,70,0.548777,0.233226,,,0.126154,0.183964,0.057810
designsafe_prj2430_wall,PRJ-2430 RC wall drift capacity|driftCap,Random Forest,regression,Huq,4,1.790426,5.757809,71,1.226045,0.591163,,,0.448867,0.516575,0.067708
designsafe_prj2430_wall,PRJ-2430 RC wall drift capacity|driftCap,Random Forest,regression,Hube,6,0.679717,2.899086,70,0.049418,0.155764,,,0.125565,0.181876,0.056311
designsafe_prj2430_wall,PRJ-2430 RC wall drift capacity|driftCap,Random Forest,regression,Tasnimi,4,0.892455,2.410605,70,1.574402,0.000000,,,0.098761,0.919430,0.820669
designsafe_prj2430_wall,PRJ-2430 RC wall drift capacity|driftCap,Gradient Boosting,regression,Dazio,6,0.483326,1.999960,71,0.330805,0.138980,,,0.156257,0.499383,0.343125
designsafe_prj2430_wall,PRJ-2430 RC wall drift capacity|driftCap,Gradient Boosting,regression,Lefas,15,0.613202,1.934289,71,0.618043,0.060443,,,0.100265,0.128958,0.028694
designsafe_prj2430_wall,PRJ-2430 RC wall drift capacity|driftCap,Gradient Boosting,regression,Liu,2,0.697389,2.462715,73,0.573163,0.025754,,,0.941655,0.921522,-0.020133
designsafe_prj2430_wall,PRJ-2430 RC wall drift capacity|driftCap,Gradient Boosting,regression,Lowes,4,0.691741,3.195300,71,0.624008,0.031607,,,0.206696,1.080834,0.874138
designsafe_prj2430_wall,PRJ-2430 RC wall drift capacity|driftCap,Gradient Boosting,regression,Oesterle,13,0.555716,2.171030,74,0.905529,1.160347,,,0.575265,0.640518,0.065253
designsafe_prj2430_wall,PRJ-2430 RC wall drift capacity|driftCap,Gradient Boosting,regression,Pilakoutas,6,0.604956,2.233582,70,0.582130,0.303835,,,0.363043,0.268684,-0.094360
designsafe_prj2430_wall,PRJ-2430 RC wall drift capacity|driftCap,Gradient Boosting,regression,Synge,2,0.835037,3.326647,71,0.486966,0.924275,,,0.904087,0.339748,-0.564339
designsafe_prj2430_wall,PRJ-2430 RC wall drift capacity|driftCap,Gradient Boosting,regression,Wallace,4,0.433447,1.586781,72,0.056310,0.050584,,,0.105804,0.191314,0.085510
designsafe_prj2430_wall,PRJ-2430 RC wall drift capacity|driftCap,Gradient Boosting,regression,Wiradinata,2,0.558696,1.716432,70,0.742671,0.189685,,,0.369783,0.402891,0.033108
designsafe_prj2430_wall,PRJ-2430 RC wall drift capacity|driftCap,Gradient Boosting,regression,Bertero,2,0.569093,1.942818,73,1.212692,2.987658,,,1.699281,1.011507,-0.687774
designsafe_prj2430_wall,PRJ-2430 RC wall drift capacity|driftCap,Gradient Boosting,regression,Cardenas,4,0.981701,3.592750,69,1.556939,1.212310,,,0.411912,0.420880,0.008968
designsafe_prj2430_wall,PRJ-2430 RC wall drift capacity|driftCap,Gradient Boosting,regression,Barda,8,0.696085,1.889284,70,0.495842,6.798843,,,1.057059,1.385905,0.328846
designsafe_prj2430_wall,PRJ-2430 RC wall drift capacity|driftCap,Gradient Boosting,regression,Palermo,2,0.985629,5.919712,70,0.152344,1.346340,,,0.982766,0.496926,-0.485841
designsafe_prj2430_wall,PRJ-2430 RC wall drift capacity|driftCap,Gradient Boosting,regression,Oh,5,0.789037,2.581133,70,0.363618,0.070313,,,0.139179,0.138962,-0.000218
designsafe_prj2430_wall,PRJ-2430 RC wall drift capacity|driftCap,Gradient Boosting,regression,Whittaker,7,0.814897,2.322767,74,0.692505,0.166403,,,0.225161,1.011377,0.786216
designsafe_prj2430_wall,PRJ-2430 RC wall drift capacity|driftCap,Gradient Boosting,regression,Massone,6,0.892243,3.742965,74,0.524745,0.350482,,,0.359144,0.725268,0.366124
designsafe_prj2430_wall,PRJ-2430 RC wall drift capacity|driftCap,Gradient Boosting,regression,Tupper,1,0.655412,3.303516,74,0.794581,,,,0.404959,0.448379,0.043420
designsafe_prj2430_wall,PRJ-2430 RC wall drift capacity|driftCap,Gradient Boosting,regression,Shegay,4,0.796908,3.198838,70,0.976073,0.160256,,,0.130751,0.265076,0.134326
designsafe_prj2430_wall,PRJ-2430 RC wall drift capacity|driftCap,Gradient Boosting,regression,Tran,5,0.471121,1.655188,70,0.794665,0.011070,,,0.128339,0.220057,0.091718
designsafe_prj2430_wall,PRJ-2430 RC wall drift capacity|driftCap,Gradient Boosting,regression,Alarcon,3,0.573446,1.679045,66,0.175579,0.164232,,,0.224236,0.208167,-0.016070
designsafe_prj2430_wall,PRJ-2430 RC wall drift capacity|driftCap,Gradient Boosting,regression,ZhangWang,3,0.614229,2.156192,68,0.172304,0.056033,,,0.144502,0.260753,0.116251
designsafe_prj2430_wall,PRJ-2430 RC wall drift capacity|driftCap,Gradient Boosting,regression,SuWong,3,0.764384,2.550018,69,0.525141,0.131461,,,0.084036,0.046716,-0.037320
designsafe_prj2430_wall,PRJ-2430 RC wall drift capacity|driftCap,Gradient Boosting,regression,Segura,6,0.891936,3.900918,71,0.588683,0.627673,,,0.228475,0.382982,0.154507
designsafe_prj2430_wall,PRJ-2430 RC wall drift capacity|driftCap,Gradient Boosting,regression,DengLiang,4,0.666265,3.339674,70,0.246598,0.043661,,,0.093469,0.674728,0.581259
designsafe_prj2430_wall,PRJ-2430 RC wall drift capacity|driftCap,Gradient Boosting,regression,Lu,11,0.772253,2.417372,70,0.548777,0.233226,,,0.108137,0.222757,0.114620
designsafe_prj2430_wall,PRJ-2430 RC wall drift capacity|driftCap,Gradient Boosting,regression,Huq,4,1.790426,5.757809,71,1.226045,0.591163,,,0.352177,0.722794,0.370617
designsafe_prj2430_wall,PRJ-2430 RC wall drift capacity|driftCap,Gradient Boosting,regression,Hube,6,0.679717,2.899086,70,0.049418,0.155764,,,0.085165,0.181448,0.096283
designsafe_prj2430_wall,PRJ-2430 RC wall drift capacity|driftCap,Gradient Boosting,regression,Tasnimi,4,0.892455,2.410605,70,1.574402,0.000000,,,0.112574,0.819664,0.707089
designsafe_prj3053_coupling_beams,PRJ-3053 coupling beam peak shear|V_m_avg_kips,Ridge,regression,Paulay and Binney (1974),3,0.940735,2.359478,28,0.486293,0.002106,,,0.475731,0.336170,-0.139561
designsafe_prj3053_coupling_beams,PRJ-3053 coupling beam peak shear|V_m_avg_kips,Ridge,regression,Shiu et al. (1978),2,1.227156,2.768222,28,2.047370,0.002850,,,1.062916,1.018615,-0.044301
designsafe_prj3053_coupling_beams,PRJ-3053 coupling beam peak shear|V_m_avg_kips,Ridge,regression,Sonobe et al. (1995),1,0.748829,2.578244,28,1.104492,,,,0.162651,0.170076,0.007425
designsafe_prj3053_coupling_beams,PRJ-3053 coupling beam peak shear|V_m_avg_kips,Ridge,regression,Tassios et al. (1996),2,1.191689,2.209494,28,1.584329,0.042525,,,0.192016,0.087767,-0.104249
designsafe_prj3053_coupling_beams,PRJ-3053 coupling beam peak shear|V_m_avg_kips,Ridge,regression,Galano and Vignoli (2000),2,1.082462,2.861552,25,1.496406,0.000051,,,0.049550,0.112752,0.063202
designsafe_prj3053_coupling_beams,PRJ-3053 coupling beam peak shear|V_m_avg_kips,Ridge,regression,Gonzalez (2001),1,0.927602,2.651404,28,0.552246,,,,0.000295,0.222807,0.222512
designsafe_prj3053_coupling_beams,PRJ-3053 coupling beam peak shear|V_m_avg_kips,Ridge,regression,Kwan and Zhao (2002),1,0.967041,2.371582,28,1.192817,,,,0.405932,0.446185,0.040254
designsafe_prj3053_coupling_beams,PRJ-3053 coupling beam peak shear|V_m_avg_kips,Ridge,regression,Shimazaki (2004),2,0.877150,1.898016,28,1.112303,0.006490,,,0.059928,0.155679,0.095751
designsafe_prj3053_coupling_beams,PRJ-3053 coupling beam peak shear|V_m_avg_kips,Ridge,regression,Canbolat et al. (2005),1,0.796161,2.282571,28,0.866012,,,,0.153534,0.166395,0.012860
designsafe_prj3053_coupling_beams,PRJ-3053 coupling beam peak shear|V_m_avg_kips,Ridge,regression,Yun et al. (2007),1,1.196591,1.993293,25,0.337320,,,,0.339891,0.230966,-0.108925
designsafe_prj3053_coupling_beams,PRJ-3053 coupling beam peak shear|V_m_avg_kips,Ridge,regression,Fortney et al. (2008),2,0.675980,1.517920,28,0.739111,0.125708,,,0.164662,0.048003,-0.116659
designsafe_prj3053_coupling_beams,PRJ-3053 coupling beam peak shear|V_m_avg_kips,Ridge,regression,Naish et al. (2013),7,0.504469,0.994521,28,0.122672,0.159459,,,0.078895,0.071263,-0.007632
designsafe_prj3053_coupling_beams,PRJ-3053 coupling beam peak shear|V_m_avg_kips,Ridge,regression,Han et al. (2015),2,0.613406,1.689364,25,0.138196,1.368218,,,0.290006,0.256448,-0.033558
designsafe_prj3053_coupling_beams,PRJ-3053 coupling beam peak shear|V_m_avg_kips,Ridge,regression,Lim et al. (2016),4,0.450415,1.736094,28,0.635006,0.952103,,,0.209662,0.168982,-0.040680
designsafe_prj3053_coupling_beams,PRJ-3053 coupling beam peak shear|V_m_avg_kips,Ridge,regression,Howard (2017),4,0.904864,2.554015,25,0.042984,0.095681,,,0.169866,0.105547,-0.064318
designsafe_prj3053_coupling_beams,PRJ-3053 coupling beam peak shear|V_m_avg_kips,Ridge,regression,Han et al. (2018),2,0.614420,1.689364,25,0.311475,1.478796,,,0.325032,0.177143,-0.147888
designsafe_prj3053_coupling_beams,PRJ-3053 coupling beam peak shear|V_m_avg_kips,Ridge,regression,Poudel et al. (2018),1,0.640903,3.019546,28,0.911857,,,,0.109822,0.244890,0.135069
designsafe_prj3053_coupling_beams,PRJ-3053 coupling beam peak shear|V_m_avg_kips,Ridge,regression,Cheng et al. (2019),6,0.837745,2.259586,28,1.183552,1.599997,,,0.342926,0.273572,-0.069354
designsafe_prj3053_coupling_beams,PRJ-3053 coupling beam peak shear|V_m_avg_kips,Ridge,regression,Ameen et al. (2020),5,0.392557,2.010975,28,0.637077,0.182564,,,0.129794,0.176825,0.047032
designsafe_prj3053_coupling_beams,PRJ-3053 coupling beam peak shear|V_m_avg_kips,Ridge,regression,Park et al. (2020),2,0.902232,2.355031,25,1.028552,0.002246,,,0.022201,0.446696,0.424495
designsafe_prj3053_coupling_beams,PRJ-3053 coupling beam peak shear|V_m_avg_kips,Ridge,regression,Weber-Kamin et al. (2020),9,0.717538,1.998524,28,0.946226,0.126479,,,0.098434,0.118786,0.020352
designsafe_prj3053_coupling_beams,PRJ-3053 coupling beam peak shear|V_m_avg_kips,Random Forest,regression,Paulay and Binney (1974),3,0.940735,2.359478,28,0.486293,0.002106,,,0.170429,0.199577,0.029149
designsafe_prj3053_coupling_beams,PRJ-3053 coupling beam peak shear|V_m_avg_kips,Random Forest,regression,Shiu et al. (1978),2,1.227156,2.768222,28,2.047370,0.002850,,,0.438265,0.359463,-0.078803
designsafe_prj3053_coupling_beams,PRJ-3053 coupling beam peak shear|V_m_avg_kips,Random Forest,regression,Sonobe et al. (1995),1,0.748829,2.578244,28,1.104492,,,,0.519912,0.230314,-0.289597
designsafe_prj3053_coupling_beams,PRJ-3053 coupling beam peak shear|V_m_avg_kips,Random Forest,regression,Tassios et al. (1996),2,1.191689,2.209494,28,1.584329,0.042525,,,0.094171,0.145649,0.051478
designsafe_prj3053_coupling_beams,PRJ-3053 coupling beam peak shear|V_m_avg_kips,Random Forest,regression,Galano and Vignoli (2000),2,1.082462,2.861552,25,1.496406,0.000051,,,0.132638,0.216404,0.083767
designsafe_prj3053_coupling_beams,PRJ-3053 coupling beam peak shear|V_m_avg_kips,Random Forest,regression,Gonzalez (2001),1,0.927602,2.651404,28,0.552246,,,,0.283413,0.339070,0.055657
designsafe_prj3053_coupling_beams,PRJ-3053 coupling beam peak shear|V_m_avg_kips,Random Forest,regression,Kwan and Zhao (2002),1,0.967041,2.371582,28,1.192817,,,,0.084913,0.070227,-0.014686
designsafe_prj3053_coupling_beams,PRJ-3053 coupling beam peak shear|V_m_avg_kips,Random Forest,regression,Shimazaki (2004),2,0.877150,1.898016,28,1.112303,0.006490,,,0.468844,0.234861,-0.233983
designsafe_prj3053_coupling_beams,PRJ-3053 coupling beam peak shear|V_m_avg_kips,Random Forest,regression,Canbolat et al. (2005),1,0.796161,2.282571,28,0.866012,,,,0.080991,0.008083,-0.072908
designsafe_prj3053_coupling_beams,PRJ-3053 coupling beam peak shear|V_m_avg_kips,Random Forest,regression,Yun et al. (2007),1,1.196591,1.993293,25,0.337320,,,,0.117308,0.074722,-0.042586
designsafe_prj3053_coupling_beams,PRJ-3053 coupling beam peak shear|V_m_avg_kips,Random Forest,regression,Fortney et al. (2008),2,0.675980,1.517920,28,0.739111,0.125708,,,0.144599,0.267889,0.123289
designsafe_prj3053_coupling_beams,PRJ-3053 coupling beam peak shear|V_m_avg_kips,Random Forest,regression,Naish et al. (2013),7,0.504469,0.994521,28,0.122672,0.159459,,,0.142359,0.269310,0.126952
designsafe_prj3053_coupling_beams,PRJ-3053 coupling beam peak shear|V_m_avg_kips,Random Forest,regression,Han et al. (2015),2,0.613406,1.689364,25,0.138196,1.368218,,,0.214892,0.216246,0.001354
designsafe_prj3053_coupling_beams,PRJ-3053 coupling beam peak shear|V_m_avg_kips,Random Forest,regression,Lim et al. (2016),4,0.450415,1.736094,28,0.635006,0.952103,,,0.346203,0.260477,-0.085726
designsafe_prj3053_coupling_beams,PRJ-3053 coupling beam peak shear|V_m_avg_kips,Random Forest,regression,Howard (2017),4,0.904864,2.554015,25,0.042984,0.095681,,,0.140839,0.097153,-0.043686
designsafe_prj3053_coupling_beams,PRJ-3053 coupling beam peak shear|V_m_avg_kips,Random Forest,regression,Han et al. (2018),2,0.614420,1.689364,25,0.311475,1.478796,,,0.297156,0.295053,-0.002103
designsafe_prj3053_coupling_beams,PRJ-3053 coupling beam peak shear|V_m_avg_kips,Random Forest,regression,Poudel et al. (2018),1,0.640903,3.019546,28,0.911857,,,,0.206924,0.177575,-0.029349
designsafe_prj3053_coupling_beams,PRJ-3053 coupling beam peak shear|V_m_avg_kips,Random Forest,regression,Cheng et al. (2019),6,0.837745,2.259586,28,1.183552,1.599997,,,0.511924,0.390689,-0.121235
designsafe_prj3053_coupling_beams,PRJ-3053 coupling beam peak shear|V_m_avg_kips,Random Forest,regression,Ameen et al. (2020),5,0.392557,2.010975,28,0.637077,0.182564,,,0.186947,0.165600,-0.021347
designsafe_prj3053_coupling_beams,PRJ-3053 coupling beam peak shear|V_m_avg_kips,Random Forest,regression,Park et al. (2020),2,0.902232,2.355031,25,1.028552,0.002246,,,0.092261,0.143194,0.050932
designsafe_prj3053_coupling_beams,PRJ-3053 coupling beam peak shear|V_m_avg_kips,Random Forest,regression,Weber-Kamin et al. (2020),9,0.717538,1.998524,28,0.946226,0.126479,,,0.121713,0.165069,0.043356
designsafe_prj3053_coupling_beams,PRJ-3053 coupling beam peak shear|V_m_avg_kips,Gradient Boosting,regression,Paulay and Binney (1974),3,0.940735,2.359478,28,0.486293,0.002106,,,0.212214,0.360623,0.148409
designsafe_prj3053_coupling_beams,PRJ-3053 coupling beam peak shear|V_m_avg_kips,Gradient Boosting,regression,Shiu et al. (1978),2,1.227156,2.768222,28,2.047370,0.002850,,,0.358893,0.218904,-0.139989
designsafe_prj3053_coupling_beams,PRJ-3053 coupling beam peak shear|V_m_avg_kips,Gradient Boosting,regression,Sonobe et al. (1995),1,0.748829,2.578244,28,1.104492,,,,0.500428,0.101111,-0.399316
designsafe_prj3053_coupling_beams,PRJ-3053 coupling beam peak shear|V_m_avg_kips,Gradient Boosting,regression,Tassios et al. (1996),2,1.191689,2.209494,28,1.584329,0.042525,,,0.073790,0.139194,0.065405
designsafe_prj3053_coupling_beams,PRJ-3053 coupling beam peak shear|V_m_avg_kips,Gradient Boosting,regression,Galano and Vignoli (2000),2,1.082462,2.861552,25,1.496406,0.000051,,,0.094284,0.146821,0.052536
designsafe_prj3053_coupling_beams,PRJ-3053 coupling beam peak shear|V_m_avg_kips,Gradient Boosting,regression,Gonzalez (2001),1,0.927602,2.651404,28,0.552246,,,,0.407313,0.456278,0.048965
designsafe_prj3053_coupling_beams,PRJ-3053 coupling beam peak shear|V_m_avg_kips,Gradient Boosting,regression,Kwan and Zhao (2002),1,0.967041,2.371582,28,1.192817,,,,0.066482,0.146085,0.079603
designsafe_prj3053_coupling_beams,PRJ-3053 coupling beam peak shear|V_m_avg_kips,Gradient Boosting,regression,Shimazaki (2004),2,0.877150,1.898016,28,1.112303,0.006490,,,0.362075,0.121670,-0.240405
designsafe_prj3053_coupling_beams,PRJ-3053 coupling beam peak shear|V_m_avg_kips,Gradient Boosting,regression,Canbolat et al. (2005),1,0.796161,2.282571,28,0.866012,,,,0.073122,0.063347,-0.009774
designsafe_prj3053_coupling_beams,PRJ-3053 coupling beam peak shear|V_m_avg_kips,Gradient Boosting,regression,Yun et al. (2007),1,1.196591,1.993293,25,0.337320,,,,0.084372,0.038788,-0.045585
designsafe_prj3053_coupling_beams,PRJ-3053 coupling beam peak shear|V_m_avg_kips,Gradient Boosting,regression,Fortney et al. (2008),2,0.675980,1.517920,28,0.739111,0.125708,,,0.227862,0.172155,-0.055708
designsafe_prj3053_coupling_beams,PRJ-3053 coupling beam peak shear|V_m_avg_kips,Gradient Boosting,regression,Naish et al. (2013),7,0.504469,0.994521,28,0.122672,0.159459,,,0.119635,0.348113,0.228478
designsafe_prj3053_coupling_beams,PRJ-3053 coupling beam peak shear|V_m_avg_kips,Gradient Boosting,regression,Han et al. (2015),2,0.613406,1.689364,25,0.138196,1.368218,,,0.061179,0.083755,0.022576
designsafe_prj3053_coupling_beams,PRJ-3053 coupling beam peak shear|V_m_avg_kips,Gradient Boosting,regression,Lim et al. (2016),4,0.450415,1.736094,28,0.635006,0.952103,,,0.358692,0.225829,-0.132864
designsafe_prj3053_coupling_beams,PRJ-3053 coupling beam peak shear|V_m_avg_kips,Gradient Boosting,regression,Howard (2017),4,0.904864,2.554015,25,0.042984,0.095681,,,0.142028,0.306207,0.164179
designsafe_prj3053_coupling_beams,PRJ-3053 coupling beam peak shear|V_m_avg_kips,Gradient Boosting,regression,Han et al. (2018),2,0.614420,1.689364,25,0.311475,1.478796,,,0.061529,0.106207,0.044678
designsafe_prj3053_coupling_beams,PRJ-3053 coupling beam peak shear|V_m_avg_kips,Gradient Boosting,regression,Poudel et al. (2018),1,0.640903,3.019546,28,0.911857,,,,0.044012,0.249597,0.205585
designsafe_prj3053_coupling_beams,PRJ-3053 coupling beam peak shear|V_m_avg_kips,Gradient Boosting,regression,Cheng et al. (2019),6,0.837745,2.259586,28,1.183552,1.599997,,,0.499555,0.452804,-0.046751
designsafe_prj3053_coupling_beams,PRJ-3053 coupling beam peak shear|V_m_avg_kips,Gradient Boosting,regression,Ameen et al. (2020),5,0.392557,2.010975,28,0.637077,0.182564,,,0.210986,0.211128,0.000142
designsafe_prj3053_coupling_beams,PRJ-3053 coupling beam peak shear|V_m_avg_kips,Gradient Boosting,regression,Park et al. (2020),2,0.902232,2.355031,25,1.028552,0.002246,,,0.018400,0.057836,0.039436
designsafe_prj3053_coupling_beams,PRJ-3053 coupling beam peak shear|V_m_avg_kips,Gradient Boosting,regression,Weber-Kamin et al. (2020),9,0.717538,1.998524,28,0.946226,0.126479,,,0.160127,0.245594,0.085467
designsafe_prj3053_coupling_beams,PRJ-3053 coupling beam normalized shear|v_m_normalized,Ridge,regression,Paulay and Binney (1974),3,0.940735,2.359478,28,0.506753,0.191934,,,0.314667,0.297991,-0.016677
designsafe_prj3053_coupling_beams,PRJ-3053 coupling beam normalized shear|v_m_normalized,Ridge,regression,Shiu et al. (1978),2,1.227156,2.768222,28,0.950379,0.760175,,,0.332889,0.261234,-0.071655
designsafe_prj3053_coupling_beams,PRJ-3053 coupling beam normalized shear|v_m_normalized,Ridge,regression,Sonobe et al. (1995),1,0.748829,2.578244,28,0.554851,,,,0.090761,0.082419,-0.008342
designsafe_prj3053_coupling_beams,PRJ-3053 coupling beam normalized shear|v_m_normalized,Ridge,regression,Tassios et al. (1996),2,1.191689,2.209494,28,0.402562,0.007035,,,0.136593,0.150661,0.014068
designsafe_prj3053_coupling_beams,PRJ-3053 coupling beam normalized shear|v_m_normalized,Ridge,regression,Galano and Vignoli (2000),2,1.082462,2.861552,25,1.162036,0.029299,,,0.028998,0.075762,0.046764
designsafe_prj3053_coupling_beams,PRJ-3053 coupling beam normalized shear|v_m_normalized,Ridge,regression,Gonzalez (2001),1,0.927602,2.651404,28,0.742521,,,,0.125141,0.192779,0.067638
designsafe_prj3053_coupling_beams,PRJ-3053 coupling beam normalized shear|v_m_normalized,Ridge,regression,Kwan and Zhao (2002),1,0.967041,2.371582,28,0.554851,,,,0.155588,0.209000,0.053412
designsafe_prj3053_coupling_beams,PRJ-3053 coupling beam normalized shear|v_m_normalized,Ridge,regression,Shimazaki (2004),2,0.877150,1.898016,28,0.975280,0.048863,,,0.074911,0.023406,-0.051505
designsafe_prj3053_coupling_beams,PRJ-3053 coupling beam normalized shear|v_m_normalized,Ridge,regression,Canbolat et al. (2005),1,0.796161,2.282571,28,1.044426,,,,0.165731,0.215552,0.049821
designsafe_prj3053_coupling_beams,PRJ-3053 coupling beam normalized shear|v_m_normalized,Ridge,regression,Yun et al. (2007),1,1.196591,1.993293,25,0.261106,,,,0.149791,0.006720,-0.143071
designsafe_prj3053_coupling_beams,PRJ-3053 coupling beam normalized shear|v_m_normalized,Ridge,regression,Fortney et al. (2008),2,0.675980,1.517920,28,0.153555,0.625523,,,0.196284,0.143165,-0.053119
designsafe_prj3053_coupling_beams,PRJ-3053 coupling beam normalized shear|v_m_normalized,Ridge,regression,Naish et al. (2013),7,0.504469,0.994521,28,0.271201,0.417078,,,0.077554,0.091032,0.013478
designsafe_prj3053_coupling_beams,PRJ-3053 coupling beam normalized shear|v_m_normalized,Ridge,regression,Han et al. (2015),2,0.613406,1.689364,25,0.543667,0.272896,,,0.154690,0.130077,-0.024613
designsafe_prj3053_coupling_beams,PRJ-3053 coupling beam normalized shear|v_m_normalized,Ridge,regression,Lim et al. (2016),4,0.450415,1.736094,28,0.459923,3.108008,,,0.289266,0.200352,-0.088914
designsafe_prj3053_coupling_beams,PRJ-3053 coupling beam normalized shear|v_m_normalized,Ridge,regression,Howard (2017),4,0.904864,2.554015,25,1.577494,0.048636,,,0.078910,0.341673,0.262762
designsafe_prj3053_coupling_beams,PRJ-3053 coupling beam normalized shear|v_m_normalized,Ridge,regression,Han et al. (2018),2,0.614420,1.689364,25,0.904728,0.260015,,,0.149654,0.167495,0.017841
designsafe_prj3053_coupling_beams,PRJ-3053 coupling beam normalized shear|v_m_normalized,Ridge,regression,Poudel et al. (2018),1,0.640903,3.019546,28,1.281053,,,,0.142149,0.240931,0.098782
designsafe_prj3053_coupling_beams,PRJ-3053 coupling beam normalized shear|v_m_normalized,Ridge,regression,Cheng et al. (2019),6,0.837745,2.259586,28,1.234740,1.781447,,,0.211016,0.227327,0.016310
designsafe_prj3053_coupling_beams,PRJ-3053 coupling beam normalized shear|v_m_normalized,Ridge,regression,Ameen et al. (2020),5,0.392557,2.010975,28,1.022350,0.428324,,,0.114203,0.137529,0.023326
designsafe_prj3053_coupling_beams,PRJ-3053 coupling beam normalized shear|v_m_normalized,Ridge,regression,Park et al. (2020),2,0.902232,2.355031,25,0.427463,0.007040,,,0.028134,0.118013,0.089879
designsafe_prj3053_coupling_beams,PRJ-3053 coupling beam normalized shear|v_m_normalized,Ridge,regression,Weber-Kamin et al. (2020),9,0.717538,1.998524,28,0.182497,0.133789,,,0.118729,0.166114,0.047385
designsafe_prj3053_coupling_beams,PRJ-3053 coupling beam normalized shear|v_m_normalized,Random Forest,regression,Paulay and Binney (1974),3,0.940735,2.359478,28,0.506753,0.191934,,,0.116713,0.109771,-0.006941
designsafe_prj3053_coupling_beams,PRJ-3053 coupling beam normalized shear|v_m_normalized,Random Forest,regression,Shiu et al. (1978),2,1.227156,2.768222,28,0.950379,0.760175,,,0.227779,0.208474,-0.019305
designsafe_prj3053_coupling_beams,PRJ-3053 coupling beam normalized shear|v_m_normalized,Random Forest,regression,Sonobe et al. (1995),1,0.748829,2.578244,28,0.554851,,,,0.122032,0.121103,-0.000929
designsafe_prj3053_coupling_beams,PRJ-3053 coupling beam normalized shear|v_m_normalized,Random Forest,regression,Tassios et al. (1996),2,1.191689,2.209494,28,0.402562,0.007035,,,0.011895,0.042122,0.030226
designsafe_prj3053_coupling_beams,PRJ-3053 coupling beam normalized shear|v_m_normalized,Random Forest,regression,Galano and Vignoli (2000),2,1.082462,2.861552,25,1.162036,0.029299,,,0.120702,0.252107,0.131405
designsafe_prj3053_coupling_beams,PRJ-3053 coupling beam normalized shear|v_m_normalized,Random Forest,regression,Gonzalez (2001),1,0.927602,2.651404,28,0.742521,,,,0.136927,0.200744,0.063818
designsafe_prj3053_coupling_beams,PRJ-3053 coupling beam normalized shear|v_m_normalized,Random Forest,regression,Kwan and Zhao (2002),1,0.967041,2.371582,28,0.554851,,,,0.120441,0.024595,-0.095846
designsafe_prj3053_coupling_beams,PRJ-3053 coupling beam normalized shear|v_m_normalized,Random Forest,regression,Shimazaki (2004),2,0.877150,1.898016,28,0.975280,0.048863,,,0.130135,0.190463,0.060328
designsafe_prj3053_coupling_beams,PRJ-3053 coupling beam normalized shear|v_m_normalized,Random Forest,regression,Canbolat et al. (2005),1,0.796161,2.282571,28,1.044426,,,,0.164233,0.180511,0.016278
designsafe_prj3053_coupling_beams,PRJ-3053 coupling beam normalized shear|v_m_normalized,Random Forest,regression,Yun et al. (2007),1,1.196591,1.993293,25,0.261106,,,,0.121205,0.068119,-0.053085
designsafe_prj3053_coupling_beams,PRJ-3053 coupling beam normalized shear|v_m_normalized,Random Forest,regression,Fortney et al. (2008),2,0.675980,1.517920,28,0.153555,0.625523,,,0.212462,0.169084,-0.043378
designsafe_prj3053_coupling_beams,PRJ-3053 coupling beam normalized shear|v_m_normalized,Random Forest,regression,Naish et al. (2013),7,0.504469,0.994521,28,0.271201,0.417078,,,0.146501,0.199087,0.052586
designsafe_prj3053_coupling_beams,PRJ-3053 coupling beam normalized shear|v_m_normalized,Random Forest,regression,Han et al. (2015),2,0.613406,1.689364,25,0.543667,0.272896,,,0.042825,0.058357,0.015532
designsafe_prj3053_coupling_beams,PRJ-3053 coupling beam normalized shear|v_m_normalized,Random Forest,regression,Lim et al. (2016),4,0.450415,1.736094,28,0.459923,3.108008,,,0.346030,0.290362,-0.055668
designsafe_prj3053_coupling_beams,PRJ-3053 coupling beam normalized shear|v_m_normalized,Random Forest,regression,Howard (2017),4,0.904864,2.554015,25,1.577494,0.048636,,,0.147301,0.687645,0.540345
designsafe_prj3053_coupling_beams,PRJ-3053 coupling beam normalized shear|v_m_normalized,Random Forest,regression,Han et al. (2018),2,0.614420,1.689364,25,0.904728,0.260015,,,0.170378,0.162947,-0.007431
designsafe_prj3053_coupling_beams,PRJ-3053 coupling beam normalized shear|v_m_normalized,Random Forest,regression,Poudel et al. (2018),1,0.640903,3.019546,28,1.281053,,,,0.173667,0.166481,-0.007187
designsafe_prj3053_coupling_beams,PRJ-3053 coupling beam normalized shear|v_m_normalized,Random Forest,regression,Cheng et al. (2019),6,0.837745,2.259586,28,1.234740,1.781447,,,0.385976,0.284619,-0.101357
designsafe_prj3053_coupling_beams,PRJ-3053 coupling beam normalized shear|v_m_normalized,Random Forest,regression,Ameen et al. (2020),5,0.392557,2.010975,28,1.022350,0.428324,,,0.187987,0.256902,0.068915
designsafe_prj3053_coupling_beams,PRJ-3053 coupling beam normalized shear|v_m_normalized,Random Forest,regression,Park et al. (2020),2,0.902232,2.355031,25,0.427463,0.007040,,,0.033424,0.052216,0.018792
designsafe_prj3053_coupling_beams,PRJ-3053 coupling beam normalized shear|v_m_normalized,Random Forest,regression,Weber-Kamin et al. (2020),9,0.717538,1.998524,28,0.182497,0.133789,,,0.070427,0.163497,0.093070
designsafe_prj3053_coupling_beams,PRJ-3053 coupling beam normalized shear|v_m_normalized,Gradient Boosting,regression,Paulay and Binney (1974),3,0.940735,2.359478,28,0.506753,0.191934,,,0.256257,0.090210,-0.166046
designsafe_prj3053_coupling_beams,PRJ-3053 coupling beam normalized shear|v_m_normalized,Gradient Boosting,regression,Shiu et al. (1978),2,1.227156,2.768222,28,0.950379,0.760175,,,0.274306,0.199675,-0.074631
designsafe_prj3053_coupling_beams,PRJ-3053 coupling beam normalized shear|v_m_normalized,Gradient Boosting,regression,Sonobe et al. (1995),1,0.748829,2.578244,28,0.554851,,,,0.058635,0.012706,-0.045929
designsafe_prj3053_coupling_beams,PRJ-3053 coupling beam normalized shear|v_m_normalized,Gradient Boosting,regression,Tassios et al. (1996),2,1.191689,2.209494,28,0.402562,0.007035,,,0.014304,0.023440,0.009136
designsafe_prj3053_coupling_beams,PRJ-3053 coupling beam normalized shear|v_m_normalized,Gradient Boosting,regression,Galano and Vignoli (2000),2,1.082462,2.861552,25,1.162036,0.029299,,,0.132628,0.117504,-0.015124
designsafe_prj3053_coupling_beams,PRJ-3053 coupling beam normalized shear|v_m_normalized,Gradient Boosting,regression,Gonzalez (2001),1,0.927602,2.651404,28,0.742521,,,,0.171050,0.087096,-0.083954
designsafe_prj3053_coupling_beams,PRJ-3053 coupling beam normalized shear|v_m_normalized,Gradient Boosting,regression,Kwan and Zhao (2002),1,0.967041,2.371582,28,0.554851,,,,0.154331,0.035920,-0.118411
designsafe_prj3053_coupling_beams,PRJ-3053 coupling beam normalized shear|v_m_normalized,Gradient Boosting,regression,Shimazaki (2004),2,0.877150,1.898016,28,0.975280,0.048863,,,0.232593,0.131392,-0.101201
designsafe_prj3053_coupling_beams,PRJ-3053 coupling beam normalized shear|v_m_normalized,Gradient Boosting,regression,Canbolat et al. (2005),1,0.796161,2.282571,28,1.044426,,,,0.066756,0.176816,0.110060
designsafe_prj3053_coupling_beams,PRJ-3053 coupling beam normalized shear|v_m_normalized,Gradient Boosting,regression,Yun et al. (2007),1,1.196591,1.993293,25,0.261106,,,,0.044367,0.054563,0.010196
designsafe_prj3053_coupling_beams,PRJ-3053 coupling beam normalized shear|v_m_normalized,Gradient Boosting,regression,Fortney et al. (2008),2,0.675980,1.517920,28,0.153555,0.625523,,,0.252361,0.259273,0.006911
designsafe_prj3053_coupling_beams,PRJ-3053 coupling beam normalized shear|v_m_normalized,Gradient Boosting,regression,Naish et al. (2013),7,0.504469,0.994521,28,0.271201,0.417078,,,0.113659,0.204707,0.091049
designsafe_prj3053_coupling_beams,PRJ-3053 coupling beam normalized shear|v_m_normalized,Gradient Boosting,regression,Han et al. (2015),2,0.613406,1.689364,25,0.543667,0.272896,,,0.073039,0.121098,0.048059
designsafe_prj3053_coupling_beams,PRJ-3053 coupling beam normalized shear|v_m_normalized,Gradient Boosting,regression,Lim et al. (2016),4,0.450415,1.736094,28,0.459923,3.108008,,,0.301134,0.255780,-0.045354
designsafe_prj3053_coupling_beams,PRJ-3053 coupling beam normalized shear|v_m_normalized,Gradient Boosting,regression,Howard (2017),4,0.904864,2.554015,25,1.577494,0.048636,,,0.060850,0.686978,0.626128
designsafe_prj3053_coupling_beams,PRJ-3053 coupling beam normalized shear|v_m_normalized,Gradient Boosting,regression,Han et al. (2018),2,0.614420,1.689364,25,0.904728,0.260015,,,0.121173,0.078707,-0.042466
designsafe_prj3053_coupling_beams,PRJ-3053 coupling beam normalized shear|v_m_normalized,Gradient Boosting,regression,Poudel et al. (2018),1,0.640903,3.019546,28,1.281053,,,,0.059404,0.301239,0.241835
designsafe_prj3053_coupling_beams,PRJ-3053 coupling beam normalized shear|v_m_normalized,Gradient Boosting,regression,Cheng et al. (2019),6,0.837745,2.259586,28,1.234740,1.781447,,,0.402592,0.272517,-0.130075
designsafe_prj3053_coupling_beams,PRJ-3053 coupling beam normalized shear|v_m_normalized,Gradient Boosting,regression,Ameen et al. (2020),5,0.392557,2.010975,28,1.022350,0.428324,,,0.265567,0.197767,-0.067800
designsafe_prj3053_coupling_beams,PRJ-3053 coupling beam normalized shear|v_m_normalized,Gradient Boosting,regression,Park et al. (2020),2,0.902232,2.355031,25,0.427463,0.007040,,,0.008448,0.011229,0.002781
designsafe_prj3053_coupling_beams,PRJ-3053 coupling beam normalized shear|v_m_normalized,Gradient Boosting,regression,Weber-Kamin et al. (2020),9,0.717538,1.998524,28,0.182497,0.133789,,,0.086265,0.217087,0.130822
designsafe_prj3053_coupling_beams,PRJ-3053 coupling beam chord-rotation capacity|CR_capacity_average,Ridge,regression,Paulay and Binney (1974),3,0.940735,2.359478,28,0.981726,0.162497,,,0.226122,0.222358,-0.003764
designsafe_prj3053_coupling_beams,PRJ-3053 coupling beam chord-rotation capacity|CR_capacity_average,Ridge,regression,Shiu et al. (1978),2,1.227156,2.768222,28,0.190437,0.056962,,,0.403410,0.322905,-0.080505
designsafe_prj3053_coupling_beams,PRJ-3053 coupling beam chord-rotation capacity|CR_capacity_average,Ridge,regression,Sonobe et al. (1995),1,0.748829,2.578244,28,0.056977,,,,0.363856,0.289781,-0.074075
designsafe_prj3053_coupling_beams,PRJ-3053 coupling beam chord-rotation capacity|CR_capacity_average,Ridge,regression,Tassios et al. (1996),2,1.191689,2.209494,28,0.554750,0.050060,,,0.058275,0.045858,-0.012417
designsafe_prj3053_coupling_beams,PRJ-3053 coupling beam chord-rotation capacity|CR_capacity_average,Ridge,regression,Galano and Vignoli (2000),2,1.082462,2.861552,25,0.885944,0.103902,,,0.195550,0.127010,-0.068540
designsafe_prj3053_coupling_beams,PRJ-3053 coupling beam chord-rotation capacity|CR_capacity_average,Ridge,regression,Gonzalez (2001),1,0.927602,2.651404,28,1.710461,,,,0.291666,0.297997,0.006330
designsafe_prj3053_coupling_beams,PRJ-3053 coupling beam chord-rotation capacity|CR_capacity_average,Ridge,regression,Kwan and Zhao (2002),1,0.967041,2.371582,28,0.219767,,,,0.372342,0.693737,0.321395
designsafe_prj3053_coupling_beams,PRJ-3053 coupling beam chord-rotation capacity|CR_capacity_average,Ridge,regression,Shimazaki (2004),2,0.877150,1.898016,28,1.288109,0.000000,,,0.284642,0.222767,-0.061875
designsafe_prj3053_coupling_beams,PRJ-3053 coupling beam chord-rotation capacity|CR_capacity_average,Ridge,regression,Canbolat et al. (2005),1,0.796161,2.282571,28,1.382555,,,,0.147151,0.252961,0.105810
designsafe_prj3053_coupling_beams,PRJ-3053 coupling beam chord-rotation capacity|CR_capacity_average,Ridge,regression,Yun et al. (2007),1,1.196591,1.993293,25,2.033716,,,,0.066968,0.074675,0.007706
designsafe_prj3053_coupling_beams,PRJ-3053 coupling beam chord-rotation capacity|CR_capacity_average,Ridge,regression,Fortney et al. (2008),2,0.675980,1.517920,28,0.616258,3.210279,,,0.549266,0.552531,0.003265
designsafe_prj3053_coupling_beams,PRJ-3053 coupling beam chord-rotation capacity|CR_capacity_average,Ridge,regression,Naish et al. (2013),7,0.504469,0.994521,28,1.360440,0.352898,,,0.177726,0.232622,0.054896
designsafe_prj3053_coupling_beams,PRJ-3053 coupling beam chord-rotation capacity|CR_capacity_average,Ridge,regression,Han et al. (2015),2,0.613406,1.689364,25,0.888310,1.984698,,,0.057958,0.041122,-0.016836
designsafe_prj3053_coupling_beams,PRJ-3053 coupling beam chord-rotation capacity|CR_capacity_average,Ridge,regression,Lim et al. (2016),4,0.450415,1.736094,28,0.638267,0.171219,,,0.225098,0.191039,-0.034059
designsafe_prj3053_coupling_beams,PRJ-3053 coupling beam chord-rotation capacity|CR_capacity_average,Ridge,regression,Howard (2017),4,0.904864,2.554015,25,1.726138,0.046980,,,0.093141,0.310720,0.217579
designsafe_prj3053_coupling_beams,PRJ-3053 coupling beam chord-rotation capacity|CR_capacity_average,Ridge,regression,Han et al. (2018),2,0.614420,1.689364,25,0.876482,2.031300,,,0.173280,0.099472,-0.073807
designsafe_prj3053_coupling_beams,PRJ-3053 coupling beam chord-rotation capacity|CR_capacity_average,Ridge,regression,Poudel et al. (2018),1,0.640903,3.019546,28,0.617440,,,,0.289643,0.211245,-0.078398
designsafe_prj3053_coupling_beams,PRJ-3053 coupling beam chord-rotation capacity|CR_capacity_average,Ridge,regression,Cheng et al. (2019),6,0.837745,2.259586,28,0.049548,0.092664,,,0.116086,0.254572,0.138486
designsafe_prj3053_coupling_beams,PRJ-3053 coupling beam chord-rotation capacity|CR_capacity_average,Ridge,regression,Ameen et al. (2020),5,0.392557,2.010975,28,0.061120,0.179010,,,0.137744,0.263450,0.125706
designsafe_prj3053_coupling_beams,PRJ-3053 coupling beam chord-rotation capacity|CR_capacity_average,Ridge,regression,Park et al. (2020),2,0.902232,2.355031,25,1.098855,0.105402,,,0.215137,0.590819,0.375682
designsafe_prj3053_coupling_beams,PRJ-3053 coupling beam chord-rotation capacity|CR_capacity_average,Ridge,regression,Weber-Kamin et al. (2020),9,0.717538,1.998524,28,0.361556,0.218409,,,0.110347,0.109959,-0.000388
designsafe_prj3053_coupling_beams,PRJ-3053 coupling beam chord-rotation capacity|CR_capacity_average,Random Forest,regression,Paulay and Binney (1974),3,0.940735,2.359478,28,0.981726,0.162497,,,0.125224,0.143988,0.018764
designsafe_prj3053_coupling_beams,PRJ-3053 coupling beam chord-rotation capacity|CR_capacity_average,Random Forest,regression,Shiu et al. (1978),2,1.227156,2.768222,28,0.190437,0.056962,,,0.035438,0.099131,0.063693
designsafe_prj3053_coupling_beams,PRJ-3053 coupling beam chord-rotation capacity|CR_capacity_average,Random Forest,regression,Sonobe et al. (1995),1,0.748829,2.578244,28,0.056977,,,,0.162846,0.269981,0.107135
designsafe_prj3053_coupling_beams,PRJ-3053 coupling beam chord-rotation capacity|CR_capacity_average,Random Forest,regression,Tassios et al. (1996),2,1.191689,2.209494,28,0.554750,0.050060,,,0.045895,0.064659,0.018763
designsafe_prj3053_coupling_beams,PRJ-3053 coupling beam chord-rotation capacity|CR_capacity_average,Random Forest,regression,Galano and Vignoli (2000),2,1.082462,2.861552,25,0.885944,0.103902,,,0.139153,0.282448,0.143295
designsafe_prj3053_coupling_beams,PRJ-3053 coupling beam chord-rotation capacity|CR_capacity_average,Random Forest,regression,Gonzalez (2001),1,0.927602,2.651404,28,1.710461,,,,0.383294,0.324659,-0.058635
designsafe_prj3053_coupling_beams,PRJ-3053 coupling beam chord-rotation capacity|CR_capacity_average,Random Forest,regression,Kwan and Zhao (2002),1,0.967041,2.371582,28,0.219767,,,,0.162972,0.330935,0.167963
designsafe_prj3053_coupling_beams,PRJ-3053 coupling beam chord-rotation capacity|CR_capacity_average,Random Forest,regression,Shimazaki (2004),2,0.877150,1.898016,28,1.288109,0.000000,,,0.289199,0.275325,-0.013874
designsafe_prj3053_coupling_beams,PRJ-3053 coupling beam chord-rotation capacity|CR_capacity_average,Random Forest,regression,Canbolat et al. (2005),1,0.796161,2.282571,28,1.382555,,,,0.270571,0.286796,0.016225
designsafe_prj3053_coupling_beams,PRJ-3053 coupling beam chord-rotation capacity|CR_capacity_average,Random Forest,regression,Yun et al. (2007),1,1.196591,1.993293,25,2.033716,,,,0.280958,0.425265,0.144307
designsafe_prj3053_coupling_beams,PRJ-3053 coupling beam chord-rotation capacity|CR_capacity_average,Random Forest,regression,Fortney et al. (2008),2,0.675980,1.517920,28,0.616258,3.210279,,,0.489532,0.371962,-0.117571
designsafe_prj3053_coupling_beams,PRJ-3053 coupling beam chord-rotation capacity|CR_capacity_average,Random Forest,regression,Naish et al. (2013),7,0.504469,0.994521,28,1.360440,0.352898,,,0.177643,0.304324,0.126681
designsafe_prj3053_coupling_beams,PRJ-3053 coupling beam chord-rotation capacity|CR_capacity_average,Random Forest,regression,Han et al. (2015),2,0.613406,1.689364,25,0.888310,1.984698,,,0.117279,0.115385,-0.001893
designsafe_prj3053_coupling_beams,PRJ-3053 coupling beam chord-rotation capacity|CR_capacity_average,Random Forest,regression,Lim et al. (2016),4,0.450415,1.736094,28,0.638267,0.171219,,,0.068641,0.075523,0.006881
designsafe_prj3053_coupling_beams,PRJ-3053 coupling beam chord-rotation capacity|CR_capacity_average,Random Forest,regression,Howard (2017),4,0.904864,2.554015,25,1.726138,0.046980,,,0.086846,0.359428,0.272582
designsafe_prj3053_coupling_beams,PRJ-3053 coupling beam chord-rotation capacity|CR_capacity_average,Random Forest,regression,Han et al. (2018),2,0.614420,1.689364,25,0.876482,2.031300,,,0.125081,0.145361,0.020280
designsafe_prj3053_coupling_beams,PRJ-3053 coupling beam chord-rotation capacity|CR_capacity_average,Random Forest,regression,Poudel et al. (2018),1,0.640903,3.019546,28,0.617440,,,,0.276587,0.086087,-0.190500
designsafe_prj3053_coupling_beams,PRJ-3053 coupling beam chord-rotation capacity|CR_capacity_average,Random Forest,regression,Cheng et al. (2019),6,0.837745,2.259586,28,0.049548,0.092664,,,0.050486,0.125209,0.074724
designsafe_prj3053_coupling_beams,PRJ-3053 coupling beam chord-rotation capacity|CR_capacity_average,Random Forest,regression,Ameen et al. (2020),5,0.392557,2.010975,28,0.061120,0.179010,,,0.111875,0.084542,-0.027333
designsafe_prj3053_coupling_beams,PRJ-3053 coupling beam chord-rotation capacity|CR_capacity_average,Random Forest,regression,Park et al. (2020),2,0.902232,2.355031,25,1.098855,0.105402,,,0.167939,0.172600,0.004661
designsafe_prj3053_coupling_beams,PRJ-3053 coupling beam chord-rotation capacity|CR_capacity_average,Random Forest,regression,Weber-Kamin et al. (2020),9,0.717538,1.998524,28,0.361556,0.218409,,,0.131603,0.102384,-0.029220
designsafe_prj3053_coupling_beams,PRJ-3053 coupling beam chord-rotation capacity|CR_capacity_average,Gradient Boosting,regression,Paulay and Binney (1974),3,0.940735,2.359478,28,0.981726,0.162497,,,0.140140,0.177997,0.037857
designsafe_prj3053_coupling_beams,PRJ-3053 coupling beam chord-rotation capacity|CR_capacity_average,Gradient Boosting,regression,Shiu et al. (1978),2,1.227156,2.768222,28,0.190437,0.056962,,,0.171407,0.215249,0.043841
designsafe_prj3053_coupling_beams,PRJ-3053 coupling beam chord-rotation capacity|CR_capacity_average,Gradient Boosting,regression,Sonobe et al. (1995),1,0.748829,2.578244,28,0.056977,,,,0.091603,0.271842,0.180239
designsafe_prj3053_coupling_beams,PRJ-3053 coupling beam chord-rotation capacity|CR_capacity_average,Gradient Boosting,regression,Tassios et al. (1996),2,1.191689,2.209494,28,0.554750,0.050060,,,0.061523,0.037972,-0.023551
designsafe_prj3053_coupling_beams,PRJ-3053 coupling beam chord-rotation capacity|CR_capacity_average,Gradient Boosting,regression,Galano and Vignoli (2000),2,1.082462,2.861552,25,0.885944,0.103902,,,0.255446,0.276793,0.021346
designsafe_prj3053_coupling_beams,PRJ-3053 coupling beam chord-rotation capacity|CR_capacity_average,Gradient Boosting,regression,Gonzalez (2001),1,0.927602,2.651404,28,1.710461,,,,0.485962,0.455537,-0.030425
designsafe_prj3053_coupling_beams,PRJ-3053 coupling beam chord-rotation capacity|CR_capacity_average,Gradient Boosting,regression,Kwan and Zhao (2002),1,0.967041,2.371582,28,0.219767,,,,0.113422,0.357948,0.244526
designsafe_prj3053_coupling_beams,PRJ-3053 coupling beam chord-rotation capacity|CR_capacity_average,Gradient Boosting,regression,Shimazaki (2004),2,0.877150,1.898016,28,1.288109,0.000000,,,0.015988,0.204247,0.188259
designsafe_prj3053_coupling_beams,PRJ-3053 coupling beam chord-rotation capacity|CR_capacity_average,Gradient Boosting,regression,Canbolat et al. (2005),1,0.796161,2.282571,28,1.382555,,,,0.269106,0.222814,-0.046292
designsafe_prj3053_coupling_beams,PRJ-3053 coupling beam chord-rotation capacity|CR_capacity_average,Gradient Boosting,regression,Yun et al. (2007),1,1.196591,1.993293,25,2.033716,,,,0.238843,0.461416,0.222573
designsafe_prj3053_coupling_beams,PRJ-3053 coupling beam chord-rotation capacity|CR_capacity_average,Gradient Boosting,regression,Fortney et al. (2008),2,0.675980,1.517920,28,0.616258,3.210279,,,0.619625,0.314581,-0.305044
designsafe_prj3053_coupling_beams,PRJ-3053 coupling beam chord-rotation capacity|CR_capacity_average,Gradient Boosting,regression,Naish et al. (2013),7,0.504469,0.994521,28,1.360440,0.352898,,,0.181344,0.242646,0.061303
designsafe_prj3053_coupling_beams,PRJ-3053 coupling beam chord-rotation capacity|CR_capacity_average,Gradient Boosting,regression,Han et al. (2015),2,0.613406,1.689364,25,0.888310,1.984698,,,0.005016,0.041397,0.036381
designsafe_prj3053_coupling_beams,PRJ-3053 coupling beam chord-rotation capacity|CR_capacity_average,Gradient Boosting,regression,Lim et al. (2016),4,0.450415,1.736094,28,0.638267,0.171219,,,0.090285,0.072519,-0.017766
designsafe_prj3053_coupling_beams,PRJ-3053 coupling beam chord-rotation capacity|CR_capacity_average,Gradient Boosting,regression,Howard (2017),4,0.904864,2.554015,25,1.726138,0.046980,,,0.104645,0.411136,0.306491
designsafe_prj3053_coupling_beams,PRJ-3053 coupling beam chord-rotation capacity|CR_capacity_average,Gradient Boosting,regression,Han et al. (2018),2,0.614420,1.689364,25,0.876482,2.031300,,,0.015439,0.003308,-0.012131
designsafe_prj3053_coupling_beams,PRJ-3053 coupling beam chord-rotation capacity|CR_capacity_average,Gradient Boosting,regression,Poudel et al. (2018),1,0.640903,3.019546,28,0.617440,,,,0.261821,0.010852,-0.250969
designsafe_prj3053_coupling_beams,PRJ-3053 coupling beam chord-rotation capacity|CR_capacity_average,Gradient Boosting,regression,Cheng et al. (2019),6,0.837745,2.259586,28,0.049548,0.092664,,,0.066988,0.251370,0.184382
designsafe_prj3053_coupling_beams,PRJ-3053 coupling beam chord-rotation capacity|CR_capacity_average,Gradient Boosting,regression,Ameen et al. (2020),5,0.392557,2.010975,28,0.061120,0.179010,,,0.066552,0.033622,-0.032930
designsafe_prj3053_coupling_beams,PRJ-3053 coupling beam chord-rotation capacity|CR_capacity_average,Gradient Boosting,regression,Park et al. (2020),2,0.902232,2.355031,25,1.098855,0.105402,,,0.158961,0.199972,0.041011
designsafe_prj3053_coupling_beams,PRJ-3053 coupling beam chord-rotation capacity|CR_capacity_average,Gradient Boosting,regression,Weber-Kamin et al. (2020),9,0.717538,1.998524,28,0.361556,0.218409,,,0.135990,0.118221,-0.017770
designsafe_rc_columns,DesignSafe circular RC columns,Ridge,regression,Ang_Beng_Ghee,23,,,0,0.294808,0.072101,,,0.180912,0.198847,0.017935
designsafe_rc_columns,DesignSafe circular RC columns,Ridge,regression,Arakawa,23,,,0,0.274221,0.008858,,,0.199452,0.287937,0.088485
designsafe_rc_columns,DesignSafe circular RC columns,Ridge,regression,McDaniel,3,,,0,0.245920,0.018030,,,0.485924,0.711106,0.225183
designsafe_rc_columns,DesignSafe circular RC columns,Ridge,regression,Hussein,1,,,0,0.557293,,,,0.316575,0.228271,-0.088303
designsafe_rc_columns,DesignSafe circular RC columns,Ridge,regression,Xiao,1,,,0,1.847316,,,,1.071601,1.228480,0.156879
designsafe_rc_columns,DesignSafe circular RC columns,Ridge,regression,Yalcin,1,,,0,0.906432,,,,0.435987,0.033012,-0.402975
designsafe_rc_columns,DesignSafe circular RC columns,Ridge,regression,Omar,2,,,0,0.658292,0.000025,,,0.248572,0.152572,-0.096001
designsafe_rc_columns,DesignSafe circular RC columns,Ridge,regression,Yarandi,1,,,0,0.458788,,,,0.089533,0.064540,-0.024993
designsafe_rc_columns,DesignSafe circular RC columns,Ridge,regression,Potangaroa,5,,,0,1.679528,0.097481,,,0.604273,1.399110,0.794838
designsafe_rc_columns,DesignSafe circular RC columns,Ridge,regression,Wong,1,,,0,0.670423,,,,0.319961,0.560476,0.240515
designsafe_rc_columns,DesignSafe circular RC columns,Ridge,regression,Petrovski,4,,,0,0.718231,0.010035,,,0.495480,0.595404,0.099924
designsafe_rc_columns,DesignSafe circular RC columns,Ridge,regression,Kenchiku_Kenkyu_Siryo,3,,,0,0.402686,0.021475,,,0.140880,0.130917,-0.009964
designsafe_rc_columns,DesignSafe circular RC columns,Ridge,regression,Priestley,2,,,0,0.718428,0.145918,,,0.336778,0.214503,-0.122275
designsafe_rc_columns,DesignSafe circular RC columns,Ridge,regression,Vu,3,,,0,0.894333,1.475272,,,0.550180,0.579129,0.028950
designsafe_rc_columns,DesignSafe circular RC columns,Ridge,regression,Hamilton,6,,,0,0.527757,0.020231,,,0.105016,0.123088,0.018072
designsafe_rc_columns,DesignSafe circular RC columns,Ridge,regression,Chai,3,,,0,0.187356,0.350025,,,0.251307,0.490643,0.239336
designsafe_rc_columns,DesignSafe circular RC columns,Ridge,regression,Iwasaki,1,,,0,0.403442,,,,0.168454,0.398495,0.230041
designsafe_rc_columns,DesignSafe circular RC columns,Ridge,regression,Ranf,4,,,0,0.082827,0.007745,,,0.178542,0.118392,-0.060150
designsafe_rc_columns,DesignSafe circular RC columns,Ridge,regression,Davey,3,,,0,0.164803,0.099445,,,0.351158,0.382157,0.030999
designsafe_rc_columns,DesignSafe circular RC columns,Ridge,regression,Munro ,1,,,0,0.460731,,,,0.296111,0.463398,0.167287
designsafe_rc_columns,DesignSafe circular RC columns,Ridge,regression,Ng,2,,,0,0.726006,0.008795,,,0.347492,0.379487,0.031994
designsafe_rc_columns,DesignSafe circular RC columns,Ridge,regression,Ang,2,,,0,0.421255,0.002967,,,0.243635,0.036240,-0.207395
designsafe_rc_columns,DesignSafe circular RC columns,Ridge,regression,Ang et al.,1,,,0,0.359424,,,,0.134667,0.052408,-0.082259
designsafe_rc_columns,DesignSafe circular RC columns,Ridge,regression,Zahn et al.,2,,,0,0.397313,0.005464,,,0.195665,0.147056,-0.048609
designsafe_rc_columns,DesignSafe circular RC columns,Ridge,regression,Watson_Park,2,,,0,0.233182,0.000172,,,0.319673,0.251913,-0.067760
designsafe_rc_columns,DesignSafe circular RC columns,Ridge,regression,Wong et al.,2,,,0,0.773739,0.070395,,,0.277579,0.288550,0.010970
designsafe_rc_columns,DesignSafe circular RC columns,Ridge,regression,Lim,3,,,0,0.804946,0.001830,,,0.102511,0.184731,0.082220
designsafe_rc_columns,DesignSafe circular RC columns,Ridge,regression,Cheok et al.,2,,,0,6.505251,51.180719,,,3.697504,2.806915,-0.890590
designsafe_rc_columns,DesignSafe circular RC columns,Ridge,regression,Stone,6,,,0,0.746701,0.004264,,,0.246963,0.214838,-0.032126
designsafe_rc_columns,DesignSafe circular RC columns,Ridge,regression,Kenchiku Siryo,3,,,0,0.509756,0.005188,,,0.316788,0.365593,0.048805
designsafe_rc_columns,DesignSafe circular RC columns,Ridge,regression,Kunnath,11,,,0,0.701418,0.000330,,,0.091868,0.034256,-0.057612
designsafe_rc_columns,DesignSafe circular RC columns,Ridge,regression,Hose et al.,1,,,0,0.265507,,,,0.084846,0.022086,-0.062759
designsafe_rc_columns,DesignSafe circular RC columns,Ridge,regression,Vu et al.,3,,,0,1.561945,0.984623,,,0.428280,0.515140,0.086860
designsafe_rc_columns,DesignSafe circular RC columns,Ridge,regression,Kowalsky ,3,,,0,0.309496,0.001303,,,0.206801,0.355282,0.148481
designsafe_rc_columns,DesignSafe circular RC columns,Ridge,regression,Lehman et al,5,,,0,0.137932,0.226448,,,0.826998,0.404990,-0.422007
designsafe_rc_columns,DesignSafe circular RC columns,Ridge,regression,Calderone et al.,3,,,0,0.113607,0.434453,,,0.625564,0.524759,-0.100805
designsafe_rc_columns,DesignSafe circular RC columns,Ridge,regression,Sritharan et al.,3,,,0,0.522540,0.002716,,,0.162754,0.315003,0.152250
designsafe_rc_columns,DesignSafe circular RC columns,Ridge,regression,Saatcioglu et al.,8,,,0,0.678208,0.000777,,,0.315034,0.234531,-0.080503
designsafe_rc_columns,DesignSafe circular RC columns,Ridge,regression,Nelson et al.,4,,,0,0.014117,0.003665,,,0.179017,0.169066,-0.009950
designsafe_rc_columns,DesignSafe circular RC columns,Ridge,regression,Henry,2,,,0,0.090319,0.008855,,,0.671099,0.638539,-0.032560
designsafe_rc_columns,DesignSafe circular RC columns,Ridge,regression,Roeder,8,,,0,0.404523,0.009465,,,0.139124,0.558947,0.419822
designsafe_rc_columns,DesignSafe circular RC columns,Ridge,regression,Kowalsky_Moyer,4,,,0,0.378984,0.003022,,,0.200211,0.782396,0.582185
designsafe_rc_columns,DesignSafe circular RC columns,Ridge,regression,Coffman,1,,,0,0.563967,,,,0.854053,0.320387,-0.533666
designsafe_rc_columns,DesignSafe circular RC columns,Random Forest,regression,Ang_Beng_Ghee,23,,,0,0.294808,0.072101,,,0.171527,0.212624,0.041096
designsafe_rc_columns,DesignSafe circular RC columns,Random Forest,regression,Arakawa,23,,,0,0.274221,0.008858,,,0.101152,0.158363,0.057210
designsafe_rc_columns,DesignSafe circular RC columns,Random Forest,regression,McDaniel,3,,,0,0.245920,0.018030,,,0.244476,0.103549,-0.140927
designsafe_rc_columns,DesignSafe circular RC columns,Random Forest,regression,Hussein,1,,,0,0.557293,,,,0.255534,0.113925,-0.141609
designsafe_rc_columns,DesignSafe circular RC columns,Random Forest,regression,Xiao,1,,,0,1.847316,,,,1.257021,1.221017,-0.036004
designsafe_rc_columns,DesignSafe circular RC columns,Random Forest,regression,Yalcin,1,,,0,0.906432,,,,0.249853,0.453120,0.203267
designsafe_rc_columns,DesignSafe circular RC columns,Random Forest,regression,Omar,2,,,0,0.658292,0.000025,,,0.115258,0.288352,0.173094
designsafe_rc_columns,DesignSafe circular RC columns,Random Forest,regression,Yarandi,1,,,0,0.458788,,,,0.388709,0.163341,-0.225367
designsafe_rc_columns,DesignSafe circular RC columns,Random Forest,regression,Potangaroa,5,,,0,1.679528,0.097481,,,0.715221,0.931088,0.215867
designsafe_rc_columns,DesignSafe circular RC columns,Random Forest,regression,Wong,1,,,0,0.670423,,,,0.133688,0.209987,0.076299
designsafe_rc_columns,DesignSafe circular RC columns,Random Forest,regression,Petrovski,4,,,0,0.718231,0.010035,,,0.091255,0.409635,0.318379
designsafe_rc_columns,DesignSafe circular RC columns,Random Forest,regression,Kenchiku_Kenkyu_Siryo,3,,,0,0.402686,0.021475,,,0.047649,0.115506,0.067857
designsafe_rc_columns,DesignSafe circular RC columns,Random Forest,regression,Priestley,2,,,0,0.718428,0.145918,,,0.355505,0.358180,0.002675
designsafe_rc_columns,DesignSafe circular RC columns,Random Forest,regression,Vu,3,,,0,0.894333,1.475272,,,0.506945,0.751195,0.244250
designsafe_rc_columns,DesignSafe circular RC columns,Random Forest,regression,Hamilton,6,,,0,0.527757,0.020231,,,0.080139,0.308132,0.227993
designsafe_rc_columns,DesignSafe circular RC columns,Random Forest,regression,Chai,3,,,0,0.187356,0.350025,,,0.146568,0.308279,0.161710
designsafe_rc_columns,DesignSafe circular RC columns,Random Forest,regression,Iwasaki,1,,,0,0.403442,,,,0.135808,0.248129,0.112321
designsafe_rc_columns,DesignSafe circular RC columns,Random Forest,regression,Ranf,4,,,0,0.082827,0.007745,,,0.072246,0.122278,0.050032
designsafe_rc_columns,DesignSafe circular RC columns,Random Forest,regression,Davey,3,,,0,0.164803,0.099445,,,0.322550,0.317300,-0.005249
designsafe_rc_columns,DesignSafe circular RC columns,Random Forest,regression,Munro ,1,,,0,0.460731,,,,0.363504,0.479121,0.115618
designsafe_rc_columns,DesignSafe circular RC columns,Random Forest,regression,Ng,2,,,0,0.726006,0.008795,,,0.072662,0.087766,0.015105
designsafe_rc_columns,DesignSafe circular RC columns,Random Forest,regression,Ang,2,,,0,0.421255,0.002967,,,0.381829,0.362974,-0.018855
designsafe_rc_columns,DesignSafe circular RC columns,Random Forest,regression,Ang et al.,1,,,0,0.359424,,,,0.337113,0.036884,-0.300229
designsafe_rc_columns,DesignSafe circular RC columns,Random Forest,regression,Zahn et al.,2,,,0,0.397313,0.005464,,,0.325607,0.257492,-0.068115
designsafe_rc_columns,DesignSafe circular RC columns,Random Forest,regression,Watson_Park,2,,,0,0.233182,0.000172,,,0.181386,0.098682,-0.082704
designsafe_rc_columns,DesignSafe circular RC columns,Random Forest,regression,Wong et al.,2,,,0,0.773739,0.070395,,,0.281722,0.160995,-0.120727
designsafe_rc_columns,DesignSafe circular RC columns,Random Forest,regression,Lim,3,,,0,0.804946,0.001830,,,0.133742,0.308267,0.174525
designsafe_rc_columns,DesignSafe circular RC columns,Random Forest,regression,Cheok et al.,2,,,0,6.505251,51.180719,,,4.513182,6.173815,1.660633
designsafe_rc_columns,DesignSafe circular RC columns,Random Forest,regression,Stone,6,,,0,0.746701,0.004264,,,0.052786,0.265315,0.212529
designsafe_rc_columns,DesignSafe circular RC columns,Random Forest,regression,Kenchiku Siryo,3,,,0,0.509756,0.005188,,,0.111326,0.105761,-0.005565
designsafe_rc_columns,DesignSafe circular RC columns,Random Forest,regression,Kunnath,11,,,0,0.701418,0.000330,,,0.014505,0.032042,0.017538
designsafe_rc_columns,DesignSafe circular RC columns,Random Forest,regression,Hose et al.,1,,,0,0.265507,,,,0.179961,0.333167,0.153206
designsafe_rc_columns,DesignSafe circular RC columns,Random Forest,regression,Vu et al.,3,,,0,1.561945,0.984623,,,0.476755,0.924953,0.448198
designsafe_rc_columns,DesignSafe circular RC columns,Random Forest,regression,Kowalsky ,3,,,0,0.309496,0.001303,,,0.146347,0.475799,0.329452
designsafe_rc_columns,DesignSafe circular RC columns,Random Forest,regression,Lehman et al,5,,,0,0.137932,0.226448,,,0.411950,0.389019,-0.022931
designsafe_rc_columns,DesignSafe circular RC columns,Random Forest,regression,Calderone et al.,3,,,0,0.113607,0.434453,,,0.493896,0.257171,-0.236726
designsafe_rc_columns,DesignSafe circular RC columns,Random Forest,regression,Sritharan et al.,3,,,0,0.522540,0.002716,,,0.295099,0.371882,0.076783
designsafe_rc_columns,DesignSafe circular RC columns,Random Forest,regression,Saatcioglu et al.,8,,,0,0.678208,0.000777,,,0.034882,0.456769,0.421887
designsafe_rc_columns,DesignSafe circular RC columns,Random Forest,regression,Nelson et al.,4,,,0,0.014117,0.003665,,,0.045745,0.055995,0.010250
designsafe_rc_columns,DesignSafe circular RC columns,Random Forest,regression,Henry,2,,,0,0.090319,0.008855,,,0.117680,0.069920,-0.047760
designsafe_rc_columns,DesignSafe circular RC columns,Random Forest,regression,Roeder,8,,,0,0.404523,0.009465,,,0.038692,0.759133,0.720441
designsafe_rc_columns,DesignSafe circular RC columns,Random Forest,regression,Kowalsky_Moyer,4,,,0,0.378984,0.003022,,,0.063902,0.065839,0.001937
designsafe_rc_columns,DesignSafe circular RC columns,Random Forest,regression,Coffman,1,,,0,0.563967,,,,0.293150,0.356721,0.063571
designsafe_rc_columns,DesignSafe circular RC columns,Gradient Boosting,regression,Ang_Beng_Ghee,23,,,0,0.294808,0.072101,,,0.164516,0.306332,0.141815
designsafe_rc_columns,DesignSafe circular RC columns,Gradient Boosting,regression,Arakawa,23,,,0,0.274221,0.008858,,,0.095326,0.140484,0.045159
designsafe_rc_columns,DesignSafe circular RC columns,Gradient Boosting,regression,McDaniel,3,,,0,0.245920,0.018030,,,0.279132,0.088525,-0.190608
designsafe_rc_columns,DesignSafe circular RC columns,Gradient Boosting,regression,Hussein,1,,,0,0.557293,,,,0.261836,0.111243,-0.150593
designsafe_rc_columns,DesignSafe circular RC columns,Gradient Boosting,regression,Xiao,1,,,0,1.847316,,,,1.080916,1.227975,0.147058
designsafe_rc_columns,DesignSafe circular RC columns,Gradient Boosting,regression,Yalcin,1,,,0,0.906432,,,,0.364090,0.500256,0.136166
designsafe_rc_columns,DesignSafe circular RC columns,Gradient Boosting,regression,Omar,2,,,0,0.658292,0.000025,,,0.025987,0.231660,0.205673
designsafe_rc_columns,DesignSafe circular RC columns,Gradient Boosting,regression,Yarandi,1,,,0,0.458788,,,,0.149399,0.098336,-0.051063
designsafe_rc_columns,DesignSafe circular RC columns,Gradient Boosting,regression,Potangaroa,5,,,0,1.679528,0.097481,,,0.411134,0.885716,0.474581
designsafe_rc_columns,DesignSafe circular RC columns,Gradient Boosting,regression,Wong,1,,,0,0.670423,,,,0.090796,0.212104,0.121307
designsafe_rc_columns,DesignSafe circular RC columns,Gradient Boosting,regression,Petrovski,4,,,0,0.718231,0.010035,,,0.031080,0.084513,0.053434
designsafe_rc_columns,DesignSafe circular RC columns,Gradient Boosting,regression,Kenchiku_Kenkyu_Siryo,3,,,0,0.402686,0.021475,,,0.055324,0.071901,0.016577
designsafe_rc_columns,DesignSafe circular RC columns,Gradient Boosting,regression,Priestley,2,,,0,0.718428,0.145918,,,0.312195,0.727301,0.415106
designsafe_rc_columns,DesignSafe circular RC columns,Gradient Boosting,regression,Vu,3,,,0,0.894333,1.475272,,,0.335216,0.511893,0.176677
designsafe_rc_columns,DesignSafe circular RC columns,Gradient Boosting,regression,Hamilton,6,,,0,0.527757,0.020231,,,0.092635,0.195780,0.103144
designsafe_rc_columns,DesignSafe circular RC columns,Gradient Boosting,regression,Chai,3,,,0,0.187356,0.350025,,,0.127796,0.350238,0.222442
designsafe_rc_columns,DesignSafe circular RC columns,Gradient Boosting,regression,Iwasaki,1,,,0,0.403442,,,,0.553204,0.004972,-0.548232
designsafe_rc_columns,DesignSafe circular RC columns,Gradient Boosting,regression,Ranf,4,,,0,0.082827,0.007745,,,0.071840,0.085435,0.013595
designsafe_rc_columns,DesignSafe circular RC columns,Gradient Boosting,regression,Davey,3,,,0,0.164803,0.099445,,,0.381774,0.284844,-0.096930
designsafe_rc_columns,DesignSafe circular RC columns,Gradient Boosting,regression,Munro ,1,,,0,0.460731,,,,0.157399,0.219384,0.061985
designsafe_rc_columns,DesignSafe circular RC columns,Gradient Boosting,regression,Ng,2,,,0,0.726006,0.008795,,,0.057758,0.150094,0.092335
designsafe_rc_columns,DesignSafe circular RC columns,Gradient Boosting,regression,Ang,2,,,0,0.421255,0.002967,,,0.511000,0.518317,0.007317
designsafe_rc_columns,DesignSafe circular RC columns,Gradient Boosting,regression,Ang et al.,1,,,0,0.359424,,,,0.318846,0.010715,-0.308131
designsafe_rc_columns,DesignSafe circular RC columns,Gradient Boosting,regression,Zahn et al.,2,,,0,0.397313,0.005464,,,0.347477,0.514128,0.166651
designsafe_rc_columns,DesignSafe circular RC columns,Gradient Boosting,regression,Watson_Park,2,,,0,0.233182,0.000172,,,0.203801,0.230415,0.026614
designsafe_rc_columns,DesignSafe circular RC columns,Gradient Boosting,regression,Wong et al.,2,,,0,0.773739,0.070395,,,0.243563,0.229126,-0.014436
designsafe_rc_columns,DesignSafe circular RC columns,Gradient Boosting,regression,Lim,3,,,0,0.804946,0.001830,,,0.046352,0.958930,0.912577
designsafe_rc_columns,DesignSafe circular RC columns,Gradient Boosting,regression,Cheok et al.,2,,,0,6.505251,51.180719,,,5.319429,6.586536,1.267108
designsafe_rc_columns,DesignSafe circular RC columns,Gradient Boosting,regression,Stone,6,,,0,0.746701,0.004264,,,0.071137,0.526982,0.455845
designsafe_rc_columns,DesignSafe circular RC columns,Gradient Boosting,regression,Kenchiku Siryo,3,,,0,0.509756,0.005188,,,0.117177,0.141753,0.024575
designsafe_rc_columns,DesignSafe circular RC columns,Gradient Boosting,regression,Kunnath,11,,,0,0.701418,0.000330,,,0.014018,0.134351,0.120333
designsafe_rc_columns,DesignSafe circular RC columns,Gradient Boosting,regression,Hose et al.,1,,,0,0.265507,,,,0.360740,0.220806,-0.139934
designsafe_rc_columns,DesignSafe circular RC columns,Gradient Boosting,regression,Vu et al.,3,,,0,1.561945,0.984623,,,0.418026,0.816011,0.397985
designsafe_rc_columns,DesignSafe circular RC columns,Gradient Boosting,regression,Kowalsky ,3,,,0,0.309496,0.001303,,,0.059028,0.258815,0.199787
designsafe_rc_columns,DesignSafe circular RC columns,Gradient Boosting,regression,Lehman et al,5,,,0,0.137932,0.226448,,,0.283435,0.318058,0.034623
designsafe_rc_columns,DesignSafe circular RC columns,Gradient Boosting,regression,Calderone et al.,3,,,0,0.113607,0.434453,,,0.320256,0.239339,-0.080917
designsafe_rc_columns,DesignSafe circular RC columns,Gradient Boosting,regression,Sritharan et al.,3,,,0,0.522540,0.002716,,,0.102548,0.449088,0.346540
designsafe_rc_columns,DesignSafe circular RC columns,Gradient Boosting,regression,Saatcioglu et al.,8,,,0,0.678208,0.000777,,,0.024722,0.372791,0.348069
designsafe_rc_columns,DesignSafe circular RC columns,Gradient Boosting,regression,Nelson et al.,4,,,0,0.014117,0.003665,,,0.056277,0.054323,-0.001954
designsafe_rc_columns,DesignSafe circular RC columns,Gradient Boosting,regression,Henry,2,,,0,0.090319,0.008855,,,0.086947,0.009001,-0.077946
designsafe_rc_columns,DesignSafe circular RC columns,Gradient Boosting,regression,Roeder,8,,,0,0.404523,0.009465,,,0.052984,0.616006,0.563022
designsafe_rc_columns,DesignSafe circular RC columns,Gradient Boosting,regression,Kowalsky_Moyer,4,,,0,0.378984,0.003022,,,0.055139,0.100858,0.045719
designsafe_rc_columns,DesignSafe circular RC columns,Gradient Boosting,regression,Coffman,1,,,0,0.563967,,,,0.100873,0.133105,0.032231
designsafe_rc_columns,DesignSafe rectangular RC columns,Ridge,regression,Nagasaka,2,,,0,0.688355,0.010981,,,0.082639,0.045024,-0.037615
designsafe_rc_columns,DesignSafe rectangular RC columns,Ridge,regression,Imai,1,,,0,1.513092,,,,0.001430,0.077344,0.075914
designsafe_rc_columns,DesignSafe rectangular RC columns,Ridge,regression,Zhou,9,,,0,0.876340,0.017974,,,0.097917,0.237549,0.139632
designsafe_rc_columns,DesignSafe rectangular RC columns,Ridge,regression,Arakawa,3,,,0,0.442514,0.009307,,,0.028144,0.051255,0.023111
designsafe_rc_columns,DesignSafe rectangular RC columns,Ridge,regression,Umehara,2,,,0,0.457601,0.061402,,,0.630039,0.387128,-0.242911
designsafe_rc_columns,DesignSafe rectangular RC columns,Ridge,regression,Bett,1,,,0,0.013560,,,,0.423694,0.351345,-0.072349
designsafe_rc_columns,DesignSafe rectangular RC columns,Ridge,regression,Aboutaha,2,,,0,1.964263,0.660003,,,1.226744,1.098625,-0.128119
designsafe_rc_columns,DesignSafe rectangular RC columns,Ridge,regression,Iwasaki,10,,,0,0.174414,0.458775,,,0.315820,0.333017,0.017197
designsafe_rc_columns,DesignSafe rectangular RC columns,Ridge,regression,Verma,2,,,0,2.272495,0.061729,,,0.875235,1.031753,0.156518
designsafe_rc_columns,DesignSafe rectangular RC columns,Ridge,regression,Pandey,4,,,0,0.344654,0.035935,,,0.080250,0.069303,-0.010946
designsafe_rc_columns,DesignSafe rectangular RC columns,Ridge,regression,Yoshimura,11,,,0,0.034856,0.220266,,,0.065495,0.118817,0.053322
designsafe_rc_columns,DesignSafe rectangular RC columns,Ridge,regression,Ousalem,10,,,0,0.212797,0.120363,,,0.159262,0.173737,0.014475
designsafe_rc_columns,DesignSafe rectangular RC columns,Ridge,regression,Nakamura et al.,3,,,0,0.355031,0.007642,,,0.058835,0.050760,-0.008075
designsafe_rc_columns,DesignSafe rectangular RC columns,Ridge,regression,Wight,16,,,0,0.702739,0.005182,,,0.074324,0.217161,0.142837
designsafe_rc_columns,DesignSafe rectangular RC columns,Ridge,regression,Lynn,8,,,0,0.481481,0.090636,,,0.214260,0.291790,0.077530
designsafe_rc_columns,DesignSafe rectangular RC columns,Ridge,regression,Ohue,2,,,0,0.653197,0.001474,,,0.098611,0.031707,-0.066904
designsafe_rc_columns,DesignSafe rectangular RC columns,Ridge,regression,Ono,2,,,0,0.489961,0.000732,,,0.036266,0.101864,0.065598
designsafe_rc_columns,DesignSafe rectangular RC columns,Ridge,regression,Amitsu,1,,,0,1.763976,,,,0.436328,0.542544,0.106215
designsafe_rc_columns,DesignSafe rectangular RC columns,Ridge,regression,Xiao,2,,,0,0.482054,0.050964,,,0.169176,0.282033,0.112857
designsafe_rc_columns,DesignSafe rectangular RC columns,Ridge,regression,Sezen ,3,,,0,0.637350,0.037824,,,0.142223,0.128829,-0.013394
designsafe_rc_columns,DesignSafe rectangular RC columns,Ridge,regression,Ikeda,7,,,0,0.864367,0.002421,,,0.075328,0.120437,0.045109
designsafe_rc_columns,DesignSafe rectangular RC columns,Ridge,regression,Umemura & Endo ,8,,,0,0.863501,0.010149,,,0.066827,0.118942,0.052115
designsafe_rc_columns,DesignSafe rectangular RC columns,Ridge,regression,Kokusho,2,,,0,0.798193,0.002738,,,0.106472,0.096570,-0.009902
designsafe_rc_columns,DesignSafe rectangular RC columns,Ridge,regression,Kokusho & Fukuhara,2,,,0,0.638922,0.000004,,,0.241776,0.252548,0.010772
designsafe_rc_columns,DesignSafe rectangular RC columns,Ridge,regression,Yalcin,1,,,0,2.218045,,,,0.433163,0.464917,0.031755
designsafe_rc_columns,DesignSafe rectangular RC columns,Ridge,regression,Elwood,2,,,0,0.779952,0.001091,,,0.108248,0.107084,-0.001164
designsafe_rc_columns,DesignSafe rectangular RC columns,Ridge,regression,Saatcioglu,1,,,0,0.345900,,,,0.029063,0.019364,-0.009699
designsafe_rc_columns,DesignSafe rectangular RC columns,Ridge,regression,Esaki,4,,,0,0.603402,0.001569,,,0.099497,0.124454,0.024957
designsafe_rc_columns,DesignSafe rectangular RC columns,Ridge,regression,Yarandi,2,,,0,1.951839,0.052796,,,0.332471,0.146428,-0.186043
designsafe_rc_columns,DesignSafe rectangular RC columns,Ridge,regression,Gill et al.,4,,,0,3.006176,0.154178,,,0.326066,0.358880,0.032815
designsafe_rc_columns,DesignSafe rectangular RC columns,Ridge,regression,Ang et al.,2,,,0,0.209618,0.009029,,,0.145595,0.079273,-0.066322
designsafe_rc_columns,DesignSafe rectangular RC columns,Ridge,regression,Soesianawati et al.,4,,,0,0.234422,0.048669,,,0.086510,0.101539,0.015028
designsafe_rc_columns,DesignSafe rectangular RC columns,Ridge,regression,Zahn ,2,,,0,0.149634,0.053522,,,0.114670,0.113985,-0.000686
designsafe_rc_columns,DesignSafe rectangular RC columns,Ridge,regression,Watson and Park,5,,,0,0.489455,0.001627,,,0.457468,0.629051,0.171584
designsafe_rc_columns,DesignSafe rectangular RC columns,Ridge,regression,Tanaka and Park,8,,,0,0.744471,1.404614,,,0.216598,0.194921,-0.021677
designsafe_rc_columns,DesignSafe rectangular RC columns,Ridge,regression,Park and Paulay,1,,,0,1.061395,,,,0.116357,0.054058,-0.062299
designsafe_rc_columns,DesignSafe rectangular RC columns,Ridge,regression,Ohno and Nishioka,3,,,0,0.611605,0.001576,,,0.164083,0.126427,-0.037656
designsafe_rc_columns,DesignSafe rectangular RC columns,Ridge,regression,Kanda et al.,6,,,0,0.810253,0.000191,,,0.031806,0.160744,0.128937
designsafe_rc_columns,DesignSafe rectangular RC columns,Ridge,regression,Mugurma et al.,8,,,0,0.253743,0.013011,,,0.128164,0.182452,0.054288
designsafe_rc_columns,DesignSafe rectangular RC columns,Ridge,regression,Sakai et al.,7,,,0,1.189130,0.002721,,,0.159921,0.371040,0.211119
designsafe_rc_columns,DesignSafe rectangular RC columns,Ridge,regression,Atalay and Penzein,10,,,0,0.876038,0.002575,,,0.171961,0.214795,0.042835
designsafe_rc_columns,DesignSafe rectangular RC columns,Ridge,regression,Azizinamini et al.,1,,,0,1.486211,,,,0.001314,0.112557,0.111243
designsafe_rc_columns,DesignSafe rectangular RC columns,Ridge,regression,Azizinamini et al. ,1,,,0,1.619560,,,,0.208728,0.217868,0.009140
designsafe_rc_columns,DesignSafe rectangular RC columns,Ridge,regression,Saatcioglu and Ozcebe,5,,,0,0.573666,0.043097,,,0.086804,0.115529,0.028725
designsafe_rc_columns,DesignSafe rectangular RC columns,Ridge,regression,Galeota et al. ,24,,,0,0.418532,0.028048,,,0.103950,0.234722,0.130772
designsafe_rc_columns,DesignSafe rectangular RC columns,Ridge,regression,Wehbe et al.,4,,,0,1.070250,0.026225,,,0.300454,0.466614,0.166161
designsafe_rc_columns,DesignSafe rectangular RC columns,Ridge,regression,Xiao and Martirossyan,4,,,0,0.647515,0.061630,,,0.254816,0.464605,0.209789
designsafe_rc_columns,DesignSafe rectangular RC columns,Ridge,regression,Sugano,5,,,0,0.919261,0.024421,,,0.304232,0.323682,0.019450
designsafe_rc_columns,DesignSafe rectangular RC columns,Ridge,regression,Nosho et al,1,,,0,0.889547,,,,1.035225,0.840768,-0.194458
designsafe_rc_columns,DesignSafe rectangular RC columns,Ridge,regression,Bayrak and Sheikh,8,,,0,0.294627,0.017126,,,0.145650,0.173335,0.027684
designsafe_rc_columns,DesignSafe rectangular RC columns,Ridge,regression,Saatcioglu and Giria,10,,,0,0.043982,0.017238,,,0.135081,0.149762,0.014681
designsafe_rc_columns,DesignSafe rectangular RC columns,Ridge,regression,Matamoros et al.,12,,,0,0.827718,0.009572,,,0.028100,0.045315,0.017215
designsafe_rc_columns,DesignSafe rectangular RC columns,Ridge,regression,Mo and Wang,9,,,0,0.378555,0.020820,,,0.060604,0.047325,-0.013279
designsafe_rc_columns,DesignSafe rectangular RC columns,Ridge,regression,Aboutaha and Machado,3,,,0,0.840559,0.266086,,,0.077485,0.150297,0.072812
designsafe_rc_columns,DesignSafe rectangular RC columns,Ridge,regression,Thomsen and Wallace,11,,,0,0.984326,0.003581,,,0.091882,0.095635,0.003754
designsafe_rc_columns,DesignSafe rectangular RC columns,Ridge,regression,Paultre & Legeron,6,,,0,0.353930,0.038051,,,0.205750,0.194617,-0.011133
designsafe_rc_columns,DesignSafe rectangular RC columns,Ridge,regression,Paultre et al.,6,,,0,0.101611,0.008403,,,0.339234,0.398493,0.059260
designsafe_rc_columns,DesignSafe rectangular RC columns,Ridge,regression,Pujol,14,,,0,0.608292,0.001159,,,0.171957,0.174767,0.002810
designsafe_rc_columns,DesignSafe rectangular RC columns,Ridge,regression,Kono et al.,5,,,0,3.705374,18.294126,,,0.693591,1.061154,0.367563
designsafe_rc_columns,DesignSafe rectangular RC columns,Ridge,regression,Takemura and Kawashima,6,,,0,0.356428,0.002158,,,0.396432,0.512905,0.116473
designsafe_rc_columns,DesignSafe rectangular RC columns,Ridge,regression,Harries,1,,,0,0.153760,,,,0.416840,0.384876,-0.031964
designsafe_rc_columns,DesignSafe rectangular RC columns,Ridge,regression,Melek,6,,,0,0.304659,0.075592,,,0.042835,0.306007,0.263173
designsafe_rc_columns,DesignSafe rectangular RC columns,Random Forest,regression,Nagasaka,2,,,0,0.688355,0.010981,,,0.050115,0.058562,0.008447
designsafe_rc_columns,DesignSafe rectangular RC columns,Random Forest,regression,Imai,1,,,0,1.513092,,,,0.768008,0.563344,-0.204664
designsafe_rc_columns,DesignSafe rectangular RC columns,Random Forest,regression,Zhou,9,,,0,0.876340,0.017974,,,0.124663,0.214255,0.089592
designsafe_rc_columns,DesignSafe rectangular RC columns,Random Forest,regression,Arakawa,3,,,0,0.442514,0.009307,,,0.112860,0.120360,0.007500
designsafe_rc_columns,DesignSafe rectangular RC columns,Random Forest,regression,Umehara,2,,,0,0.457601,0.061402,,,0.076449,0.310560,0.234111
designsafe_rc_columns,DesignSafe rectangular RC columns,Random Forest,regression,Bett,1,,,0,0.013560,,,,0.182639,0.062834,-0.119805
designsafe_rc_columns,DesignSafe rectangular RC columns,Random Forest,regression,Aboutaha,2,,,0,1.964263,0.660003,,,0.365647,0.564211,0.198564
designsafe_rc_columns,DesignSafe rectangular RC columns,Random Forest,regression,Iwasaki,10,,,0,0.174414,0.458775,,,0.315395,0.870008,0.554613
designsafe_rc_columns,DesignSafe rectangular RC columns,Random Forest,regression,Verma,2,,,0,2.272495,0.061729,,,0.940304,0.995049,0.054745
designsafe_rc_columns,DesignSafe rectangular RC columns,Random Forest,regression,Pandey,4,,,0,0.344654,0.035935,,,0.151316,0.319178,0.167862
designsafe_rc_columns,DesignSafe rectangular RC columns,Random Forest,regression,Yoshimura,11,,,0,0.034856,0.220266,,,0.106212,0.141152,0.034940
designsafe_rc_columns,DesignSafe rectangular RC columns,Random Forest,regression,Ousalem,10,,,0,0.212797,0.120363,,,0.160575,0.204489,0.043915
designsafe_rc_columns,DesignSafe rectangular RC columns,Random Forest,regression,Nakamura et al.,3,,,0,0.355031,0.007642,,,0.192032,0.128638,-0.063394
designsafe_rc_columns,DesignSafe rectangular RC columns,Random Forest,regression,Wight,16,,,0,0.702739,0.005182,,,0.019613,0.037970,0.018357
designsafe_rc_columns,DesignSafe rectangular RC columns,Random Forest,regression,Lynn,8,,,0,0.481481,0.090636,,,0.155016,0.120481,-0.034535
designsafe_rc_columns,DesignSafe rectangular RC columns,Random Forest,regression,Ohue,2,,,0,0.653197,0.001474,,,0.026154,0.013672,-0.012483
designsafe_rc_columns,DesignSafe rectangular RC columns,Random Forest,regression,Ono,2,,,0,0.489961,0.000732,,,0.069623,0.030798,-0.038826
designsafe_rc_columns,DesignSafe rectangular RC columns,Random Forest,regression,Amitsu,1,,,0,1.763976,,,,0.731545,0.863638,0.132094
designsafe_rc_columns,DesignSafe rectangular RC columns,Random Forest,regression,Xiao,2,,,0,0.482054,0.050964,,,0.087283,0.468282,0.380999
designsafe_rc_columns,DesignSafe rectangular RC columns,Random Forest,regression,Sezen ,3,,,0,0.637350,0.037824,,,0.067951,0.083794,0.015843
designsafe_rc_columns,DesignSafe rectangular RC columns,Random Forest,regression,Ikeda,7,,,0,0.864367,0.002421,,,0.029980,0.072710,0.042730
designsafe_rc_columns,DesignSafe rectangular RC columns,Random Forest,regression,Umemura & Endo ,8,,,0,0.863501,0.010149,,,0.063923,0.394042,0.330119
designsafe_rc_columns,DesignSafe rectangular RC columns,Random Forest,regression,Kokusho,2,,,0,0.798193,0.002738,,,0.030959,0.044742,0.013783
designsafe_rc_columns,DesignSafe rectangular RC columns,Random Forest,regression,Kokusho & Fukuhara,2,,,0,0.638922,0.000004,,,0.023696,0.020926,-0.002770
designsafe_rc_columns,DesignSafe rectangular RC columns,Random Forest,regression,Yalcin,1,,,0,2.218045,,,,0.374579,0.529164,0.154585
designsafe_rc_columns,DesignSafe rectangular RC columns,Random Forest,regression,Elwood,2,,,0,0.779952,0.001091,,,0.053592,0.155530,0.101938
designsafe_rc_columns,DesignSafe rectangular RC columns,Random Forest,regression,Saatcioglu,1,,,0,0.345900,,,,0.074897,0.219189,0.144292
designsafe_rc_columns,DesignSafe rectangular RC columns,Random Forest,regression,Esaki,4,,,0,0.603402,0.001569,,,0.015580,0.017879,0.002299
designsafe_rc_columns,DesignSafe rectangular RC columns,Random Forest,regression,Yarandi,2,,,0,1.951839,0.052796,,,0.218446,0.335296,0.116850
designsafe_rc_columns,DesignSafe rectangular RC columns,Random Forest,regression,Gill et al.,4,,,0,3.006176,0.154178,,,0.384826,0.629155,0.244329
designsafe_rc_columns,DesignSafe rectangular RC columns,Random Forest,regression,Ang et al.,2,,,0,0.209618,0.009029,,,0.085925,0.287521,0.201596
designsafe_rc_columns,DesignSafe rectangular RC columns,Random Forest,regression,Soesianawati et al.,4,,,0,0.234422,0.048669,,,0.112032,0.246833,0.134801
designsafe_rc_columns,DesignSafe rectangular RC columns,Random Forest,regression,Zahn ,2,,,0,0.149634,0.053522,,,0.190011,0.336780,0.146770
designsafe_rc_columns,DesignSafe rectangular RC columns,Random Forest,regression,Watson and Park,5,,,0,0.489455,0.001627,,,0.046343,0.048592,0.002249
designsafe_rc_columns,DesignSafe rectangular RC columns,Random Forest,regression,Tanaka and Park,8,,,0,0.744471,1.404614,,,0.153610,0.228340,0.074730
designsafe_rc_columns,DesignSafe rectangular RC columns,Random Forest,regression,Park and Paulay,1,,,0,1.061395,,,,0.479864,0.476576,-0.003288
designsafe_rc_columns,DesignSafe rectangular RC columns,Random Forest,regression,Ohno and Nishioka,3,,,0,0.611605,0.001576,,,0.046295,0.230452,0.184157
designsafe_rc_columns,DesignSafe rectangular RC columns,Random Forest,regression,Kanda et al.,6,,,0,0.810253,0.000191,,,0.068366,0.159395,0.091029
designsafe_rc_columns,DesignSafe rectangular RC columns,Random Forest,regression,Mugurma et al.,8,,,0,0.253743,0.013011,,,0.131533,0.324646,0.193114
designsafe_rc_columns,DesignSafe rectangular RC columns,Random Forest,regression,Sakai et al.,7,,,0,1.189130,0.002721,,,0.146521,0.658510,0.511989
designsafe_rc_columns,DesignSafe rectangular RC columns,Random Forest,regression,Atalay and Penzein,10,,,0,0.876038,0.002575,,,0.088072,0.363407,0.275335
designsafe_rc_columns,DesignSafe rectangular RC columns,Random Forest,regression,Azizinamini et al.,1,,,0,1.486211,,,,0.454463,0.511649,0.057186
designsafe_rc_columns,DesignSafe rectangular RC columns,Random Forest,regression,Azizinamini et al. ,1,,,0,1.619560,,,,0.419456,0.412390,-0.007066
designsafe_rc_columns,DesignSafe rectangular RC columns,Random Forest,regression,Saatcioglu and Ozcebe,5,,,0,0.573666,0.043097,,,0.277491,0.451227,0.173736
designsafe_rc_columns,DesignSafe rectangular RC columns,Random Forest,regression,Galeota et al. ,24,,,0,0.418532,0.028048,,,0.062385,0.120224,0.057839
designsafe_rc_columns,DesignSafe rectangular RC columns,Random Forest,regression,Wehbe et al.,4,,,0,1.070250,0.026225,,,0.152276,0.452028,0.299752
designsafe_rc_columns,DesignSafe rectangular RC columns,Random Forest,regression,Xiao and Martirossyan,4,,,0,0.647515,0.061630,,,0.140544,0.599162,0.458618
designsafe_rc_columns,DesignSafe rectangular RC columns,Random Forest,regression,Sugano,5,,,0,0.919261,0.024421,,,0.287715,0.725601,0.437886
designsafe_rc_columns,DesignSafe rectangular RC columns,Random Forest,regression,Nosho et al,1,,,0,0.889547,,,,0.166837,0.193868,0.027030
designsafe_rc_columns,DesignSafe rectangular RC columns,Random Forest,regression,Bayrak and Sheikh,8,,,0,0.294627,0.017126,,,0.069967,0.207823,0.137857
designsafe_rc_columns,DesignSafe rectangular RC columns,Random Forest,regression,Saatcioglu and Giria,10,,,0,0.043982,0.017238,,,0.085291,0.144744,0.059452
designsafe_rc_columns,DesignSafe rectangular RC columns,Random Forest,regression,Matamoros et al.,12,,,0,0.827718,0.009572,,,0.055949,0.167331,0.111382
designsafe_rc_columns,DesignSafe rectangular RC columns,Random Forest,regression,Mo and Wang,9,,,0,0.378555,0.020820,,,0.035269,0.207940,0.172671
designsafe_rc_columns,DesignSafe rectangular RC columns,Random Forest,regression,Aboutaha and Machado,3,,,0,0.840559,0.266086,,,0.229789,0.152648,-0.077142
designsafe_rc_columns,DesignSafe rectangular RC columns,Random Forest,regression,Thomsen and Wallace,11,,,0,0.984326,0.003581,,,0.030587,0.420444,0.389856
designsafe_rc_columns,DesignSafe rectangular RC columns,Random Forest,regression,Paultre & Legeron,6,,,0,0.353930,0.038051,,,0.128245,0.165302,0.037057
designsafe_rc_columns,DesignSafe rectangular RC columns,Random Forest,regression,Paultre et al.,6,,,0,0.101611,0.008403,,,0.094670,0.094941,0.000270
designsafe_rc_columns,DesignSafe rectangular RC columns,Random Forest,regression,Pujol,14,,,0,0.608292,0.001159,,,0.012005,0.087547,0.075542
designsafe_rc_columns,DesignSafe rectangular RC columns,Random Forest,regression,Kono et al.,5,,,0,3.705374,18.294126,,,1.197315,1.879661,0.682345
designsafe_rc_columns,DesignSafe rectangular RC columns,Random Forest,regression,Takemura and Kawashima,6,,,0,0.356428,0.002158,,,0.035461,0.444248,0.408787
designsafe_rc_columns,DesignSafe rectangular RC columns,Random Forest,regression,Harries,1,,,0,0.153760,,,,0.111412,0.236036,0.124624
designsafe_rc_columns,DesignSafe rectangular RC columns,Random Forest,regression,Melek,6,,,0,0.304659,0.075592,,,0.071059,0.130183,0.059124
designsafe_rc_columns,DesignSafe rectangular RC columns,Gradient Boosting,regression,Nagasaka,2,,,0,0.688355,0.010981,,,0.024320,0.061282,0.036962
designsafe_rc_columns,DesignSafe rectangular RC columns,Gradient Boosting,regression,Imai,1,,,0,1.513092,,,,0.434908,0.352642,-0.082265
designsafe_rc_columns,DesignSafe rectangular RC columns,Gradient Boosting,regression,Zhou,9,,,0,0.876340,0.017974,,,0.174878,0.300709,0.125831
designsafe_rc_columns,DesignSafe rectangular RC columns,Gradient Boosting,regression,Arakawa,3,,,0,0.442514,0.009307,,,0.144501,0.290864,0.146363
designsafe_rc_columns,DesignSafe rectangular RC columns,Gradient Boosting,regression,Umehara,2,,,0,0.457601,0.061402,,,0.271413,0.148669,-0.122743
designsafe_rc_columns,DesignSafe rectangular RC columns,Gradient Boosting,regression,Bett,1,,,0,0.013560,,,,0.007917,0.024682,0.016766
designsafe_rc_columns,DesignSafe rectangular RC columns,Gradient Boosting,regression,Aboutaha,2,,,0,1.964263,0.660003,,,0.288253,0.389212,0.100959
designsafe_rc_columns,DesignSafe rectangular RC columns,Gradient Boosting,regression,Iwasaki,10,,,0,0.174414,0.458775,,,0.138438,0.724808,0.586370
designsafe_rc_columns,DesignSafe rectangular RC columns,Gradient Boosting,regression,Verma,2,,,0,2.272495,0.061729,,,0.686660,1.091513,0.404853
designsafe_rc_columns,DesignSafe rectangular RC columns,Gradient Boosting,regression,Pandey,4,,,0,0.344654,0.035935,,,0.127846,0.218631,0.090785
designsafe_rc_columns,DesignSafe rectangular RC columns,Gradient Boosting,regression,Yoshimura,11,,,0,0.034856,0.220266,,,0.087662,0.168600,0.080938
designsafe_rc_columns,DesignSafe rectangular RC columns,Gradient Boosting,regression,Ousalem,10,,,0,0.212797,0.120363,,,0.094929,0.141113,0.046184
designsafe_rc_columns,DesignSafe rectangular RC columns,Gradient Boosting,regression,Nakamura et al.,3,,,0,0.355031,0.007642,,,0.186902,0.140268,-0.046633
designsafe_rc_columns,DesignSafe rectangular RC columns,Gradient Boosting,regression,Wight,16,,,0,0.702739,0.005182,,,0.029766,0.076930,0.047164
designsafe_rc_columns,DesignSafe rectangular RC columns,Gradient Boosting,regression,Lynn,8,,,0,0.481481,0.090636,,,0.084813,0.093302,0.008489
designsafe_rc_columns,DesignSafe rectangular RC columns,Gradient Boosting,regression,Ohue,2,,,0,0.653197,0.001474,,,0.034114,0.020201,-0.013912
designsafe_rc_columns,DesignSafe rectangular RC columns,Gradient Boosting,regression,Ono,2,,,0,0.489961,0.000732,,,0.155478,0.100533,-0.054945
designsafe_rc_columns,DesignSafe rectangular RC columns,Gradient Boosting,regression,Amitsu,1,,,0,1.763976,,,,0.639563,0.589250,-0.050314
designsafe_rc_columns,DesignSafe rectangular RC columns,Gradient Boosting,regression,Xiao,2,,,0,0.482054,0.050964,,,0.063397,0.397778,0.334381
designsafe_rc_columns,DesignSafe rectangular RC columns,Gradient Boosting,regression,Sezen ,3,,,0,0.637350,0.037824,,,0.088306,0.182267,0.093961
designsafe_rc_columns,DesignSafe rectangular RC columns,Gradient Boosting,regression,Ikeda,7,,,0,0.864367,0.002421,,,0.051281,0.037495,-0.013786
designsafe_rc_columns,DesignSafe rectangular RC columns,Gradient Boosting,regression,Umemura & Endo ,8,,,0,0.863501,0.010149,,,0.066581,0.204342,0.137762
designsafe_rc_columns,DesignSafe rectangular RC columns,Gradient Boosting,regression,Kokusho,2,,,0,0.798193,0.002738,,,0.022555,0.021558,-0.000996
designsafe_rc_columns,DesignSafe rectangular RC columns,Gradient Boosting,regression,Kokusho & Fukuhara,2,,,0,0.638922,0.000004,,,0.078604,0.085951,0.007347
designsafe_rc_columns,DesignSafe rectangular RC columns,Gradient Boosting,regression,Yalcin,1,,,0,2.218045,,,,0.438587,0.055827,-0.382759
designsafe_rc_columns,DesignSafe rectangular RC columns,Gradient Boosting,regression,Elwood,2,,,0,0.779952,0.001091,,,0.027445,0.071893,0.044448
designsafe_rc_columns,DesignSafe rectangular RC columns,Gradient Boosting,regression,Saatcioglu,1,,,0,0.345900,,,,0.006541,0.180980,0.174439
designsafe_rc_columns,DesignSafe rectangular RC columns,Gradient Boosting,regression,Esaki,4,,,0,0.603402,0.001569,,,0.014734,0.020439,0.005705
designsafe_rc_columns,DesignSafe rectangular RC columns,Gradient Boosting,regression,Yarandi,2,,,0,1.951839,0.052796,,,0.147085,0.271205,0.124120
designsafe_rc_columns,DesignSafe rectangular RC columns,Gradient Boosting,regression,Gill et al.,4,,,0,3.006176,0.154178,,,0.336885,0.202649,-0.134236
designsafe_rc_columns,DesignSafe rectangular RC columns,Gradient Boosting,regression,Ang et al.,2,,,0,0.209618,0.009029,,,0.058877,0.217546,0.158669
designsafe_rc_columns,DesignSafe rectangular RC columns,Gradient Boosting,regression,Soesianawati et al.,4,,,0,0.234422,0.048669,,,0.087401,0.129457,0.042057
designsafe_rc_columns,DesignSafe rectangular RC columns,Gradient Boosting,regression,Zahn ,2,,,0,0.149634,0.053522,,,0.104169,0.156664,0.052495
designsafe_rc_columns,DesignSafe rectangular RC columns,Gradient Boosting,regression,Watson and Park,5,,,0,0.489455,0.001627,,,0.059735,0.049463,-0.010273
designsafe_rc_columns,DesignSafe rectangular RC columns,Gradient Boosting,regression,Tanaka and Park,8,,,0,0.744471,1.404614,,,0.088054,0.199743,0.111689
designsafe_rc_columns,DesignSafe rectangular RC columns,Gradient Boosting,regression,Park and Paulay,1,,,0,1.061395,,,,0.909723,0.454791,-0.454932
designsafe_rc_columns,DesignSafe rectangular RC columns,Gradient Boosting,regression,Ohno and Nishioka,3,,,0,0.611605,0.001576,,,0.050485,0.105864,0.055379
designsafe_rc_columns,DesignSafe rectangular RC columns,Gradient Boosting,regression,Kanda et al.,6,,,0,0.810253,0.000191,,,0.080224,0.323539,0.243314
designsafe_rc_columns,DesignSafe rectangular RC columns,Gradient Boosting,regression,Mugurma et al.,8,,,0,0.253743,0.013011,,,0.118172,0.182470,0.064298
designsafe_rc_columns,DesignSafe rectangular RC columns,Gradient Boosting,regression,Sakai et al.,7,,,0,1.189130,0.002721,,,0.114225,0.608470,0.494245
designsafe_rc_columns,DesignSafe rectangular RC columns,Gradient Boosting,regression,Atalay and Penzein,10,,,0,0.876038,0.002575,,,0.032140,0.301820,0.269680
designsafe_rc_columns,DesignSafe rectangular RC columns,Gradient Boosting,regression,Azizinamini et al.,1,,,0,1.486211,,,,0.131955,0.083776,-0.048179
designsafe_rc_columns,DesignSafe rectangular RC columns,Gradient Boosting,regression,Azizinamini et al. ,1,,,0,1.619560,,,,0.076586,0.357530,0.280944
designsafe_rc_columns,DesignSafe rectangular RC columns,Gradient Boosting,regression,Saatcioglu and Ozcebe,5,,,0,0.573666,0.043097,,,0.170206,0.396648,0.226442
designsafe_rc_columns,DesignSafe rectangular RC columns,Gradient Boosting,regression,Galeota et al. ,24,,,0,0.418532,0.028048,,,0.060176,0.195518,0.135341
designsafe_rc_columns,DesignSafe rectangular RC columns,Gradient Boosting,regression,Wehbe et al.,4,,,0,1.070250,0.026225,,,0.151284,0.203838,0.052554
designsafe_rc_columns,DesignSafe rectangular RC columns,Gradient Boosting,regression,Xiao and Martirossyan,4,,,0,0.647515,0.061630,,,0.121675,0.524826,0.403151
designsafe_rc_columns,DesignSafe rectangular RC columns,Gradient Boosting,regression,Sugano,5,,,0,0.919261,0.024421,,,0.202391,0.074349,-0.128042
designsafe_rc_columns,DesignSafe rectangular RC columns,Gradient Boosting,regression,Nosho et al,1,,,0,0.889547,,,,0.144651,0.218062,0.073411
designsafe_rc_columns,DesignSafe rectangular RC columns,Gradient Boosting,regression,Bayrak and Sheikh,8,,,0,0.294627,0.017126,,,0.069565,0.224066,0.154501
designsafe_rc_columns,DesignSafe rectangular RC columns,Gradient Boosting,regression,Saatcioglu and Giria,10,,,0,0.043982,0.017238,,,0.067611,0.077870,0.010258
designsafe_rc_columns,DesignSafe rectangular RC columns,Gradient Boosting,regression,Matamoros et al.,12,,,0,0.827718,0.009572,,,0.049397,0.308418,0.259021
designsafe_rc_columns,DesignSafe rectangular RC columns,Gradient Boosting,regression,Mo and Wang,9,,,0,0.378555,0.020820,,,0.047698,0.333672,0.285974
designsafe_rc_columns,DesignSafe rectangular RC columns,Gradient Boosting,regression,Aboutaha and Machado,3,,,0,0.840559,0.266086,,,0.159766,0.065553,-0.094213
designsafe_rc_columns,DesignSafe rectangular RC columns,Gradient Boosting,regression,Thomsen and Wallace,11,,,0,0.984326,0.003581,,,0.030783,0.325382,0.294599
designsafe_rc_columns,DesignSafe rectangular RC columns,Gradient Boosting,regression,Paultre & Legeron,6,,,0,0.353930,0.038051,,,0.110519,0.158958,0.048438
designsafe_rc_columns,DesignSafe rectangular RC columns,Gradient Boosting,regression,Paultre et al.,6,,,0,0.101611,0.008403,,,0.070582,0.079623,0.009041
designsafe_rc_columns,DesignSafe rectangular RC columns,Gradient Boosting,regression,Pujol,14,,,0,0.608292,0.001159,,,0.015410,0.048338,0.032928
designsafe_rc_columns,DesignSafe rectangular RC columns,Gradient Boosting,regression,Kono et al.,5,,,0,3.705374,18.294126,,,0.594048,1.635157,1.041110
designsafe_rc_columns,DesignSafe rectangular RC columns,Gradient Boosting,regression,Takemura and Kawashima,6,,,0,0.356428,0.002158,,,0.032486,0.705695,0.673209
designsafe_rc_columns,DesignSafe rectangular RC columns,Gradient Boosting,regression,Harries,1,,,0,0.153760,,,,0.059227,0.145606,0.086379
designsafe_rc_columns,DesignSafe rectangular RC columns,Gradient Boosting,regression,Melek,6,,,0,0.304659,0.075592,,,0.050278,0.039922,-0.010356
designsafe_rc_columns,DesignSafe RC columns combined,Ridge,regression,Ang_Beng_Ghee,23,,,0,0.556291,0.145181,,,0.205040,0.215720,0.010680
designsafe_rc_columns,DesignSafe RC columns combined,Ridge,regression,Arakawa,26,,,0,0.177987,0.023993,,,0.119854,0.133971,0.014118
designsafe_rc_columns,DesignSafe RC columns combined,Ridge,regression,McDaniel,3,,,0,0.515058,0.033362,,,0.824291,1.016160,0.191869
designsafe_rc_columns,DesignSafe RC columns combined,Ridge,regression,Hussein,1,,,0,0.936248,,,,0.784811,0.763456,-0.021355
designsafe_rc_columns,DesignSafe RC columns combined,Ridge,regression,Xiao,3,,,0,1.064850,1.975053,,,0.446989,0.502242,0.055252
designsafe_rc_columns,DesignSafe RC columns combined,Ridge,regression,Yalcin,2,,,0,1.469823,0.007289,,,0.191198,0.381457,0.190260
designsafe_rc_columns,DesignSafe RC columns combined,Ridge,regression,Omar,2,,,0,0.697261,0.000046,,,0.250952,0.143605,-0.107348
designsafe_rc_columns,DesignSafe RC columns combined,Ridge,regression,Yarandi,3,,,0,1.157667,0.105424,,,0.253717,0.239765,-0.013952
designsafe_rc_columns,DesignSafe RC columns combined,Ridge,regression,Potangaroa,5,,,0,2.414355,0.177332,,,0.252369,0.230298,-0.022072
designsafe_rc_columns,DesignSafe RC columns combined,Ridge,regression,Wong,1,,,0,1.088624,,,,0.114329,0.148555,0.034225
designsafe_rc_columns,DesignSafe RC columns combined,Ridge,regression,Petrovski,4,,,0,0.769454,0.018500,,,0.413751,0.547000,0.133249
designsafe_rc_columns,DesignSafe RC columns combined,Ridge,regression,Kenchiku_Kenkyu_Siryo,3,,,0,0.351837,0.039632,,,0.350023,0.301141,-0.048883
designsafe_rc_columns,DesignSafe RC columns combined,Ridge,regression,Priestley,2,,,0,1.149942,0.268554,,,0.570109,0.436420,-0.133689
designsafe_rc_columns,DesignSafe RC columns combined,Ridge,regression,Vu,3,,,0,1.381694,2.704459,,,0.884272,0.884565,0.000294
designsafe_rc_columns,DesignSafe RC columns combined,Ridge,regression,Hamilton,6,,,0,0.509572,0.037616,,,0.252003,0.304468,0.052466
designsafe_rc_columns,DesignSafe RC columns combined,Ridge,regression,Chai,3,,,0,0.436784,0.646715,,,0.391770,0.427606,0.035836
designsafe_rc_columns,DesignSafe RC columns combined,Ridge,regression,Iwasaki,11,,,0,0.091788,0.266354,,,0.145283,0.243049,0.097766
designsafe_rc_columns,DesignSafe RC columns combined,Ridge,regression,Ranf,4,,,0,0.076482,0.014379,,,0.531323,0.691146,0.159823
designsafe_rc_columns,DesignSafe RC columns combined,Ridge,regression,Davey,3,,,0,0.033893,0.183755,,,0.382578,0.441119,0.058541
designsafe_rc_columns,DesignSafe RC columns combined,Ridge,regression,Munro ,1,,,0,0.434942,,,,0.307937,0.181044,-0.126893
designsafe_rc_columns,DesignSafe RC columns combined,Ridge,regression,Ng,2,,,0,0.788116,0.016144,,,0.342909,0.198026,-0.144883
designsafe_rc_columns,DesignSafe RC columns combined,Ridge,regression,Ang,2,,,0,0.379218,0.005458,,,0.382631,0.336052,-0.046579
designsafe_rc_columns,DesignSafe RC columns combined,Ridge,regression,Ang et al.,3,,,0,0.055886,0.282733,,,0.188844,0.096011,-0.092833
designsafe_rc_columns,DesignSafe RC columns combined,Ridge,regression,Zahn et al.,2,,,0,0.347094,0.010053,,,0.296906,0.336672,0.039766
designsafe_rc_columns,DesignSafe RC columns combined,Ridge,regression,Watson_Park,2,,,0,0.126874,0.000317,,,0.600186,0.655671,0.055485
designsafe_rc_columns,DesignSafe RC columns combined,Ridge,regression,Wong et al.,2,,,0,1.224155,0.129548,,,0.499835,0.476652,-0.023183
designsafe_rc_columns,DesignSafe RC columns combined,Ridge,regression,Lim,3,,,0,0.889477,0.003363,,,0.131124,0.186903,0.055778
designsafe_rc_columns,DesignSafe RC columns combined,Ridge,regression,Cheok et al.,2,,,0,8.914365,60.999149,,,3.656442,3.926242,0.269799
designsafe_rc_columns,DesignSafe RC columns combined,Ridge,regression,Stone,6,,,0,0.798764,0.007891,,,0.209689,0.341570,0.131881
designsafe_rc_columns,DesignSafe RC columns combined,Ridge,regression,Kenchiku Siryo,3,,,0,0.494940,0.009567,,,0.300545,0.071643,-0.228902
designsafe_rc_columns,DesignSafe RC columns combined,Ridge,regression,Kunnath,11,,,0,0.718361,0.000619,,,0.099866,0.081595,-0.018271
designsafe_rc_columns,DesignSafe RC columns combined,Ridge,regression,Hose et al.,1,,,0,0.543238,,,,0.147881,0.044577,-0.103304
designsafe_rc_columns,DesignSafe RC columns combined,Ridge,regression,Vu et al.,3,,,0,2.273991,1.792498,,,0.944953,0.843749,-0.101204
designsafe_rc_columns,DesignSafe RC columns combined,Ridge,regression,Kowalsky ,3,,,0,0.227283,0.002407,,,0.345752,0.356800,0.011048
designsafe_rc_columns,DesignSafe RC columns combined,Ridge,regression,Lehman et al,5,,,0,0.004220,0.421057,,,0.559336,0.657977,0.098641
designsafe_rc_columns,DesignSafe RC columns combined,Ridge,regression,Calderone et al.,3,,,0,0.338215,0.802347,,,0.572743,0.618490,0.045747
designsafe_rc_columns,DesignSafe RC columns combined,Ridge,regression,Sritharan et al.,3,,,0,0.884775,0.005023,,,0.280291,0.351540,0.071249
designsafe_rc_columns,DesignSafe RC columns combined,Ridge,regression,Saatcioglu et al.,8,,,0,0.700355,0.001446,,,0.183670,0.196949,0.013279
designsafe_rc_columns,DesignSafe RC columns combined,Ridge,regression,Nelson et al.,4,,,0,0.205546,0.006808,,,0.421664,0.642615,0.220950
designsafe_rc_columns,DesignSafe RC columns combined,Ridge,regression,Henry,2,,,0,0.307182,0.016318,,,0.819809,0.810614,-0.009196
designsafe_rc_columns,DesignSafe RC columns combined,Ridge,regression,Roeder,8,,,0,0.341754,0.017760,,,0.170425,0.266808,0.096383
designsafe_rc_columns,DesignSafe RC columns combined,Ridge,regression,Kowalsky_Moyer,4,,,0,0.317803,0.005597,,,0.059076,0.075501,0.016425
designsafe_rc_columns,DesignSafe RC columns combined,Ridge,regression,Coffman,1,,,0,0.573993,,,,0.437235,0.506960,0.069725
designsafe_rc_columns,DesignSafe RC columns combined,Ridge,regression,Nagasaka,2,,,0,0.602341,0.005914,,,0.189832,0.400208,0.210376
designsafe_rc_columns,DesignSafe RC columns combined,Ridge,regression,Imai,1,,,0,1.010601,,,,0.174287,0.157989,-0.016298
designsafe_rc_columns,DesignSafe RC columns combined,Ridge,regression,Zhou,9,,,0,0.736466,0.009657,,,0.194034,0.515083,0.321049
designsafe_rc_columns,DesignSafe RC columns combined,Ridge,regression,Umehara,2,,,0,0.236549,0.033078,,,0.177603,0.218765,0.041162
designsafe_rc_columns,DesignSafe RC columns combined,Ridge,regression,Bett,1,,,0,0.108174,,,,0.043325,0.073044,0.029719
designsafe_rc_columns,DesignSafe RC columns combined,Ridge,regression,Aboutaha,2,,,0,1.339490,0.349597,,,0.300222,0.301456,0.001235
designsafe_rc_columns,DesignSafe RC columns combined,Ridge,regression,Verma,2,,,0,1.565129,0.032555,,,0.372282,0.305305,-0.066977
designsafe_rc_columns,DesignSafe RC columns combined,Ridge,regression,Pandey,4,,,0,0.350591,0.019410,,,0.100676,0.076710,-0.023965
designsafe_rc_columns,DesignSafe RC columns combined,Ridge,regression,Yoshimura,11,,,0,0.125523,0.119480,,,0.150295,0.137753,-0.012542
designsafe_rc_columns,DesignSafe RC columns combined,Ridge,regression,Ousalem,10,,,0,0.054361,0.065262,,,0.131586,0.136049,0.004463
designsafe_rc_columns,DesignSafe RC columns combined,Ridge,regression,Nakamura et al.,3,,,0,0.160983,0.004122,,,0.036612,0.046859,0.010247
designsafe_rc_columns,DesignSafe RC columns combined,Ridge,regression,Wight,16,,,0,0.607762,0.002805,,,0.085011,0.236932,0.151921
designsafe_rc_columns,DesignSafe RC columns combined,Ridge,regression,Lynn,8,,,0,0.250519,0.048917,,,0.111475,0.239263,0.127788
designsafe_rc_columns,DesignSafe RC columns combined,Ridge,regression,Ohue,2,,,0,0.576604,0.000794,,,0.162736,0.155872,-0.006863
designsafe_rc_columns,DesignSafe RC columns combined,Ridge,regression,Ono,2,,,0,0.457108,0.000395,,,0.101656,0.129713,0.028058
designsafe_rc_columns,DesignSafe RC columns combined,Ridge,regression,Amitsu,1,,,0,1.194456,,,,0.411040,0.505248,0.094208
designsafe_rc_columns,DesignSafe RC columns combined,Ridge,regression,Sezen ,3,,,0,0.367430,0.020360,,,0.317758,0.349143,0.031386
designsafe_rc_columns,DesignSafe RC columns combined,Ridge,regression,Ikeda,7,,,0,0.728756,0.001302,,,0.197280,0.306191,0.108911
designsafe_rc_columns,DesignSafe RC columns combined,Ridge,regression,Umemura & Endo ,8,,,0,0.727633,0.005456,,,0.321002,0.522878,0.201877
designsafe_rc_columns,DesignSafe RC columns combined,Ridge,regression,Kokusho,2,,,0,0.682747,0.001474,,,0.310543,0.372013,0.061469
designsafe_rc_columns,DesignSafe RC columns combined,Ridge,regression,Kokusho & Fukuhara,2,,,0,0.566154,0.000002,,,0.147211,0.146157,-0.001055
designsafe_rc_columns,DesignSafe RC columns combined,Ridge,regression,Elwood,2,,,0,0.669394,0.000587,,,0.003906,0.072746,0.068840
designsafe_rc_columns,DesignSafe RC columns combined,Ridge,regression,Saatcioglu,1,,,0,0.155249,,,,0.040780,0.009166,-0.031614
designsafe_rc_columns,DesignSafe RC columns combined,Ridge,regression,Esaki,4,,,0,0.539597,0.000846,,,0.065484,0.082977,0.017493
designsafe_rc_columns,DesignSafe RC columns combined,Ridge,regression,Gill et al.,4,,,0,2.097062,0.076781,,,0.257083,0.488817,0.231734
designsafe_rc_columns,DesignSafe RC columns combined,Ridge,regression,Soesianawati et al.,4,,,0,0.072401,0.026282,,,0.117393,0.133224,0.015831
designsafe_rc_columns,DesignSafe RC columns combined,Ridge,regression,Zahn ,2,,,0,0.011103,0.028860,,,0.217233,0.197285,-0.019947
designsafe_rc_columns,DesignSafe RC columns combined,Ridge,regression,Watson and Park,5,,,0,0.258103,0.000878,,,0.621367,0.590652,-0.030715
designsafe_rc_columns,DesignSafe RC columns combined,Ridge,regression,Tanaka and Park,8,,,0,0.441781,0.739731,,,0.261222,0.310205,0.048983
designsafe_rc_columns,DesignSafe RC columns combined,Ridge,regression,Park and Paulay,1,,,0,0.679584,,,,0.073616,0.225283,0.151667
designsafe_rc_columns,DesignSafe RC columns combined,Ridge,regression,Ohno and Nishioka,3,,,0,0.545873,0.000849,,,0.251265,0.183810,-0.067455
designsafe_rc_columns,DesignSafe RC columns combined,Ridge,regression,Kanda et al.,6,,,0,0.689805,0.000103,,,0.124324,0.195116,0.070792
designsafe_rc_columns,DesignSafe RC columns combined,Ridge,regression,Mugurma et al.,8,,,0,0.084894,0.007052,,,0.206519,0.195155,-0.011364
designsafe_rc_columns,DesignSafe RC columns combined,Ridge,regression,Sakai et al.,7,,,0,0.766325,0.001443,,,0.374744,0.469359,0.094615
designsafe_rc_columns,DesignSafe RC columns combined,Ridge,regression,Atalay and Penzein,10,,,0,0.735740,0.001384,,,0.219717,0.213763,-0.005954
designsafe_rc_columns,DesignSafe RC columns combined,Ridge,regression,Azizinamini et al.,1,,,0,0.990902,,,,0.023436,0.008619,-0.014817
designsafe_rc_columns,DesignSafe RC columns combined,Ridge,regression,Azizinamini et al. ,1,,,0,1.088624,,,,0.182384,0.154478,-0.027906
designsafe_rc_columns,DesignSafe RC columns combined,Ridge,regression,Saatcioglu and Ozcebe,5,,,0,0.319549,0.023219,,,0.103069,0.110328,0.007260
designsafe_rc_columns,DesignSafe RC columns combined,Ridge,regression,Galeota et al. ,24,,,0,0.401809,0.015421,,,0.288724,0.536541,0.247817
designsafe_rc_columns,DesignSafe RC columns combined,Ridge,regression,Wehbe et al.,4,,,0,0.682942,0.014027,,,0.085651,0.141062,0.055412
designsafe_rc_columns,DesignSafe RC columns combined,Ridge,regression,Xiao and Martirossyan,4,,,0,0.374150,0.033167,,,0.297713,0.164100,-0.133613
designsafe_rc_columns,DesignSafe RC columns combined,Ridge,regression,Sugano,5,,,0,0.571718,0.013085,,,0.207371,0.167280,-0.040092
designsafe_rc_columns,DesignSafe RC columns combined,Ridge,regression,Nosho et al,1,,,0,0.750123,,,,0.743727,1.231937,0.488210
designsafe_rc_columns,DesignSafe RC columns combined,Ridge,regression,Bayrak and Sheikh,8,,,0,0.313914,0.009291,,,0.380444,0.418925,0.038481
designsafe_rc_columns,DesignSafe RC columns combined,Ridge,regression,Saatcioglu and Giria,10,,,0,0.131967,0.009380,,,0.197441,0.135869,-0.061572
designsafe_rc_columns,DesignSafe RC columns combined,Ridge,regression,Matamoros et al.,12,,,0,0.699737,0.005151,,,0.128827,0.035345,-0.093482
designsafe_rc_columns,DesignSafe RC columns combined,Ridge,regression,Mo and Wang,9,,,0,0.175155,0.011274,,,0.180660,0.055348,-0.125313
designsafe_rc_columns,DesignSafe RC columns combined,Ridge,regression,Aboutaha and Machado,3,,,0,0.516028,0.142812,,,0.107868,0.207705,0.099837
designsafe_rc_columns,DesignSafe RC columns combined,Ridge,regression,Thomsen and Wallace,11,,,0,0.813721,0.001916,,,0.116500,0.116994,0.000494
designsafe_rc_columns,DesignSafe RC columns combined,Ridge,regression,Paultre & Legeron,6,,,0,0.357205,0.020589,,,0.144053,0.313678,0.169625
designsafe_rc_columns,DesignSafe RC columns combined,Ridge,regression,Paultre et al.,6,,,0,0.173299,0.004552,,,0.379348,0.484871,0.105523
designsafe_rc_columns,DesignSafe RC columns combined,Ridge,regression,Pujol,14,,,0,0.540286,0.000629,,,0.172115,0.273866,0.101750
designsafe_rc_columns,DesignSafe RC columns combined,Ridge,regression,Kono et al.,5,,,0,2.604651,7.238015,,,0.698834,1.046552,0.347718
designsafe_rc_columns,DesignSafe RC columns combined,Ridge,regression,Takemura and Kawashima,6,,,0,0.359026,0.001168,,,0.366064,0.422559,0.056495
designsafe_rc_columns,DesignSafe RC columns combined,Ridge,regression,Harries,1,,,0,0.210917,,,,0.333561,0.097014,-0.236548
designsafe_rc_columns,DesignSafe RC columns combined,Ridge,regression,Melek,6,,,0,0.122819,0.040855,,,0.252088,0.396652,0.144564
designsafe_rc_columns,DesignSafe RC columns combined,Random Forest,regression,Ang_Beng_Ghee,23,,,0,0.556291,0.145181,,,0.189158,0.381657,0.192499
designsafe_rc_columns,DesignSafe RC columns combined,Random Forest,regression,Arakawa,26,,,0,0.177987,0.023993,,,0.121473,0.139798,0.018325
designsafe_rc_columns,DesignSafe RC columns combined,Random Forest,regression,McDaniel,3,,,0,0.515058,0.033362,,,0.242585,0.530697,0.288112
designsafe_rc_columns,DesignSafe RC columns combined,Random Forest,regression,Hussein,1,,,0,0.936248,,,,0.468654,0.094714,-0.373940
designsafe_rc_columns,DesignSafe RC columns combined,Random Forest,regression,Xiao,3,,,0,1.064850,1.975053,,,0.513130,0.508242,-0.004888
designsafe_rc_columns,DesignSafe RC columns combined,Random Forest,regression,Yalcin,2,,,0,1.469823,0.007289,,,0.232906,0.226045,-0.006861
designsafe_rc_columns,DesignSafe RC columns combined,Random Forest,regression,Omar,2,,,0,0.697261,0.000046,,,0.079657,0.304214,0.224557
designsafe_rc_columns,DesignSafe RC columns combined,Random Forest,regression,Yarandi,3,,,0,1.157667,0.105424,,,0.393067,0.557833,0.164766
designsafe_rc_columns,DesignSafe RC columns combined,Random Forest,regression,Potangaroa,5,,,0,2.414355,0.177332,,,0.190239,0.895012,0.704774
designsafe_rc_columns,DesignSafe RC columns combined,Random Forest,regression,Wong,1,,,0,1.088624,,,,0.224213,0.291838,0.067625
designsafe_rc_columns,DesignSafe RC columns combined,Random Forest,regression,Petrovski,4,,,0,0.769454,0.018500,,,0.055203,0.083982,0.028779
designsafe_rc_columns,DesignSafe RC columns combined,Random Forest,regression,Kenchiku_Kenkyu_Siryo,3,,,0,0.351837,0.039632,,,0.132165,0.166708,0.034543
designsafe_rc_columns,DesignSafe RC columns combined,Random Forest,regression,Priestley,2,,,0,1.149942,0.268554,,,0.507945,0.511465,0.003520
designsafe_rc_columns,DesignSafe RC columns combined,Random Forest,regression,Vu,3,,,0,1.381694,2.704459,,,0.982143,0.918300,-0.063843
designsafe_rc_columns,DesignSafe RC columns combined,Random Forest,regression,Hamilton,6,,,0,0.509572,0.037616,,,0.098742,0.189552,0.090810
designsafe_rc_columns,DesignSafe RC columns combined,Random Forest,regression,Chai,3,,,0,0.436784,0.646715,,,0.246920,0.820325,0.573405
designsafe_rc_columns,DesignSafe RC columns combined,Random Forest,regression,Iwasaki,11,,,0,0.091788,0.266354,,,0.122765,0.284201,0.161436
designsafe_rc_columns,DesignSafe RC columns combined,Random Forest,regression,Ranf,4,,,0,0.076482,0.014379,,,0.062230,0.161224,0.098994
designsafe_rc_columns,DesignSafe RC columns combined,Random Forest,regression,Davey,3,,,0,0.033893,0.183755,,,0.355158,0.311366,-0.043792
designsafe_rc_columns,DesignSafe RC columns combined,Random Forest,regression,Munro ,1,,,0,0.434942,,,,0.157907,0.353954,0.196046
designsafe_rc_columns,DesignSafe RC columns combined,Random Forest,regression,Ng,2,,,0,0.788116,0.016144,,,0.103793,0.142929,0.039137
designsafe_rc_columns,DesignSafe RC columns combined,Random Forest,regression,Ang,2,,,0,0.379218,0.005458,,,0.159641,0.097901,-0.061740
designsafe_rc_columns,DesignSafe RC columns combined,Random Forest,regression,Ang et al.,3,,,0,0.055886,0.282733,,,0.204186,0.194390,-0.009796
designsafe_rc_columns,DesignSafe RC columns combined,Random Forest,regression,Zahn et al.,2,,,0,0.347094,0.010053,,,0.121049,0.074877,-0.046173
designsafe_rc_columns,DesignSafe RC columns combined,Random Forest,regression,Watson_Park,2,,,0,0.126874,0.000317,,,0.063853,0.039519,-0.024335
designsafe_rc_columns,DesignSafe RC columns combined,Random Forest,regression,Wong et al.,2,,,0,1.224155,0.129548,,,0.284795,0.489892,0.205097
designsafe_rc_columns,DesignSafe RC columns combined,Random Forest,regression,Lim,3,,,0,0.889477,0.003363,,,0.147576,0.819817,0.672242
designsafe_rc_columns,DesignSafe RC columns combined,Random Forest,regression,Cheok et al.,2,,,0,8.914365,60.999149,,,7.861333,8.154131,0.292798
designsafe_rc_columns,DesignSafe RC columns combined,Random Forest,regression,Stone,6,,,0,0.798764,0.007891,,,0.024800,0.096534,0.071733
designsafe_rc_columns,DesignSafe RC columns combined,Random Forest,regression,Kenchiku Siryo,3,,,0,0.494940,0.009567,,,0.101756,0.078737,-0.023019
designsafe_rc_columns,DesignSafe RC columns combined,Random Forest,regression,Kunnath,11,,,0,0.718361,0.000619,,,0.014865,0.013768,-0.001098
designsafe_rc_columns,DesignSafe RC columns combined,Random Forest,regression,Hose et al.,1,,,0,0.543238,,,,0.386079,0.380418,-0.005661
designsafe_rc_columns,DesignSafe RC columns combined,Random Forest,regression,Vu et al.,3,,,0,2.273991,1.792498,,,0.641448,0.859978,0.218530
designsafe_rc_columns,DesignSafe RC columns combined,Random Forest,regression,Kowalsky ,3,,,0,0.227283,0.002407,,,0.093814,0.208759,0.114945
designsafe_rc_columns,DesignSafe RC columns combined,Random Forest,regression,Lehman et al,5,,,0,0.004220,0.421057,,,0.547814,0.587206,0.039392
designsafe_rc_columns,DesignSafe RC columns combined,Random Forest,regression,Calderone et al.,3,,,0,0.338215,0.802347,,,0.627024,0.392590,-0.234434
designsafe_rc_columns,DesignSafe RC columns combined,Random Forest,regression,Sritharan et al.,3,,,0,0.884775,0.005023,,,0.078881,0.482531,0.403649
designsafe_rc_columns,DesignSafe RC columns combined,Random Forest,regression,Saatcioglu et al.,8,,,0,0.700355,0.001446,,,0.033406,0.425707,0.392301
designsafe_rc_columns,DesignSafe RC columns combined,Random Forest,regression,Nelson et al.,4,,,0,0.205546,0.006808,,,0.045246,0.085682,0.040436
designsafe_rc_columns,DesignSafe RC columns combined,Random Forest,regression,Henry,2,,,0,0.307182,0.016318,,,0.131621,0.062079,-0.069542
designsafe_rc_columns,DesignSafe RC columns combined,Random Forest,regression,Roeder,8,,,0,0.341754,0.017760,,,0.067335,0.278724,0.211389
designsafe_rc_columns,DesignSafe RC columns combined,Random Forest,regression,Kowalsky_Moyer,4,,,0,0.317803,0.005597,,,0.081629,0.330325,0.248697
designsafe_rc_columns,DesignSafe RC columns combined,Random Forest,regression,Coffman,1,,,0,0.573993,,,,0.301071,0.281273,-0.019798
designsafe_rc_columns,DesignSafe RC columns combined,Random Forest,regression,Nagasaka,2,,,0,0.602341,0.005914,,,0.088668,0.155229,0.066562
designsafe_rc_columns,DesignSafe RC columns combined,Random Forest,regression,Imai,1,,,0,1.010601,,,,0.273322,0.161936,-0.111386
designsafe_rc_columns,DesignSafe RC columns combined,Random Forest,regression,Zhou,9,,,0,0.736466,0.009657,,,0.134665,0.321539,0.186874
designsafe_rc_columns,DesignSafe RC columns combined,Random Forest,regression,Umehara,2,,,0,0.236549,0.033078,,,0.284025,0.153094,-0.130931
designsafe_rc_columns,DesignSafe RC columns combined,Random Forest,regression,Bett,1,,,0,0.108174,,,,0.021630,0.040608,0.018978
designsafe_rc_columns,DesignSafe RC columns combined,Random Forest,regression,Aboutaha,2,,,0,1.339490,0.349597,,,0.535538,0.384748,-0.150790
designsafe_rc_columns,DesignSafe RC columns combined,Random Forest,regression,Verma,2,,,0,1.565129,0.032555,,,0.765373,0.811433,0.046060
designsafe_rc_columns,DesignSafe RC columns combined,Random Forest,regression,Pandey,4,,,0,0.350591,0.019410,,,0.043426,0.093889,0.050463
designsafe_rc_columns,DesignSafe RC columns combined,Random Forest,regression,Yoshimura,11,,,0,0.125523,0.119480,,,0.086689,0.078674,-0.008015
designsafe_rc_columns,DesignSafe RC columns combined,Random Forest,regression,Ousalem,10,,,0,0.054361,0.065262,,,0.117914,0.240490,0.122576
designsafe_rc_columns,DesignSafe RC columns combined,Random Forest,regression,Nakamura et al.,3,,,0,0.160983,0.004122,,,0.176435,0.199627,0.023193
designsafe_rc_columns,DesignSafe RC columns combined,Random Forest,regression,Wight,16,,,0,0.607762,0.002805,,,0.024046,0.142263,0.118217
designsafe_rc_columns,DesignSafe RC columns combined,Random Forest,regression,Lynn,8,,,0,0.250519,0.048917,,,0.095811,0.097524,0.001713
designsafe_rc_columns,DesignSafe RC columns combined,Random Forest,regression,Ohue,2,,,0,0.576604,0.000794,,,0.003019,0.032096,0.029076
designsafe_rc_columns,DesignSafe RC columns combined,Random Forest,regression,Ono,2,,,0,0.457108,0.000395,,,0.212660,0.137324,-0.075336
designsafe_rc_columns,DesignSafe RC columns combined,Random Forest,regression,Amitsu,1,,,0,1.194456,,,,0.786198,0.664897,-0.121301
designsafe_rc_columns,DesignSafe RC columns combined,Random Forest,regression,Sezen ,3,,,0,0.367430,0.020360,,,0.049987,0.063101,0.013114
designsafe_rc_columns,DesignSafe RC columns combined,Random Forest,regression,Ikeda,7,,,0,0.728756,0.001302,,,0.022378,0.133678,0.111300
designsafe_rc_columns,DesignSafe RC columns combined,Random Forest,regression,Umemura & Endo ,8,,,0,0.727633,0.005456,,,0.053885,0.141781,0.087896
designsafe_rc_columns,DesignSafe RC columns combined,Random Forest,regression,Kokusho,2,,,0,0.682747,0.001474,,,0.029954,0.026308,-0.003645
designsafe_rc_columns,DesignSafe RC columns combined,Random Forest,regression,Kokusho & Fukuhara,2,,,0,0.566154,0.000002,,,0.046791,0.031034,-0.015757
designsafe_rc_columns,DesignSafe RC columns combined,Random Forest,regression,Elwood,2,,,0,0.669394,0.000587,,,0.048471,0.046717,-0.001754
designsafe_rc_columns,DesignSafe RC columns combined,Random Forest,regression,Saatcioglu,1,,,0,0.155249,,,,0.113168,0.184088,0.070919
designsafe_rc_columns,DesignSafe RC columns combined,Random Forest,regression,Esaki,4,,,0,0.539597,0.000846,,,0.019210,0.018975,-0.000236
designsafe_rc_columns,DesignSafe RC columns combined,Random Forest,regression,Gill et al.,4,,,0,2.097062,0.076781,,,0.385178,0.469619,0.084441
designsafe_rc_columns,DesignSafe RC columns combined,Random Forest,regression,Soesianawati et al.,4,,,0,0.072401,0.026282,,,0.077452,0.052734,-0.024718
designsafe_rc_columns,DesignSafe RC columns combined,Random Forest,regression,Zahn ,2,,,0,0.011103,0.028860,,,0.153697,0.263786,0.110089
designsafe_rc_columns,DesignSafe RC columns combined,Random Forest,regression,Watson and Park,5,,,0,0.258103,0.000878,,,0.141199,0.208876,0.067678
designsafe_rc_columns,DesignSafe RC columns combined,Random Forest,regression,Tanaka and Park,8,,,0,0.441781,0.739731,,,0.131238,0.229600,0.098362
designsafe_rc_columns,DesignSafe RC columns combined,Random Forest,regression,Park and Paulay,1,,,0,0.679584,,,,0.364434,1.102615,0.738180
designsafe_rc_columns,DesignSafe RC columns combined,Random Forest,regression,Ohno and Nishioka,3,,,0,0.545873,0.000849,,,0.167562,0.157523,-0.010039
designsafe_rc_columns,DesignSafe RC columns combined,Random Forest,regression,Kanda et al.,6,,,0,0.689805,0.000103,,,0.010787,0.007709,-0.003078
designsafe_rc_columns,DesignSafe RC columns combined,Random Forest,regression,Mugurma et al.,8,,,0,0.084894,0.007052,,,0.082878,0.258017,0.175139
designsafe_rc_columns,DesignSafe RC columns combined,Random Forest,regression,Sakai et al.,7,,,0,0.766325,0.001443,,,0.084036,0.563184,0.479149
designsafe_rc_columns,DesignSafe RC columns combined,Random Forest,regression,Atalay and Penzein,10,,,0,0.735740,0.001384,,,0.029797,0.147936,0.118140
designsafe_rc_columns,DesignSafe RC columns combined,Random Forest,regression,Azizinamini et al.,1,,,0,0.990902,,,,0.591907,0.372943,-0.218963
designsafe_rc_columns,DesignSafe RC columns combined,Random Forest,regression,Azizinamini et al. ,1,,,0,1.088624,,,,0.636387,0.338154,-0.298233
designsafe_rc_columns,DesignSafe RC columns combined,Random Forest,regression,Saatcioglu and Ozcebe,5,,,0,0.319549,0.023219,,,0.148181,0.361205,0.213024
designsafe_rc_columns,DesignSafe RC columns combined,Random Forest,regression,Galeota et al. ,24,,,0,0.401809,0.015421,,,0.050875,0.146216,0.095341
designsafe_rc_columns,DesignSafe RC columns combined,Random Forest,regression,Wehbe et al.,4,,,0,0.682942,0.014027,,,0.142536,0.599874,0.457338
designsafe_rc_columns,DesignSafe RC columns combined,Random Forest,regression,Xiao and Martirossyan,4,,,0,0.374150,0.033167,,,0.219083,0.161448,-0.057636
designsafe_rc_columns,DesignSafe RC columns combined,Random Forest,regression,Sugano,5,,,0,0.571718,0.013085,,,0.145233,0.146602,0.001369
designsafe_rc_columns,DesignSafe RC columns combined,Random Forest,regression,Nosho et al,1,,,0,0.750123,,,,0.145310,0.064126,-0.081184
designsafe_rc_columns,DesignSafe RC columns combined,Random Forest,regression,Bayrak and Sheikh,8,,,0,0.313914,0.009291,,,0.104001,0.187441,0.083440
designsafe_rc_columns,DesignSafe RC columns combined,Random Forest,regression,Saatcioglu and Giria,10,,,0,0.131967,0.009380,,,0.056623,0.048992,-0.007631
designsafe_rc_columns,DesignSafe RC columns combined,Random Forest,regression,Matamoros et al.,12,,,0,0.699737,0.005151,,,0.038877,0.063104,0.024227
designsafe_rc_columns,DesignSafe RC columns combined,Random Forest,regression,Mo and Wang,9,,,0,0.175155,0.011274,,,0.052928,0.289558,0.236631
designsafe_rc_columns,DesignSafe RC columns combined,Random Forest,regression,Aboutaha and Machado,3,,,0,0.516028,0.142812,,,0.192958,0.524393,0.331435
designsafe_rc_columns,DesignSafe RC columns combined,Random Forest,regression,Thomsen and Wallace,11,,,0,0.813721,0.001916,,,0.033611,0.232492,0.198881
designsafe_rc_columns,DesignSafe RC columns combined,Random Forest,regression,Paultre & Legeron,6,,,0,0.357205,0.020589,,,0.079832,0.106130,0.026298
designsafe_rc_columns,DesignSafe RC columns combined,Random Forest,regression,Paultre et al.,6,,,0,0.173299,0.004552,,,0.075030,0.143025,0.067995
designsafe_rc_columns,DesignSafe RC columns combined,Random Forest,regression,Pujol,14,,,0,0.540286,0.000629,,,0.007479,0.348343,0.340864
designsafe_rc_columns,DesignSafe RC columns combined,Random Forest,regression,Kono et al.,5,,,0,2.604651,7.238015,,,0.527713,1.369571,0.841858
designsafe_rc_columns,DesignSafe RC columns combined,Random Forest,regression,Takemura and Kawashima,6,,,0,0.359026,0.001168,,,0.028248,0.439818,0.411570
designsafe_rc_columns,DesignSafe RC columns combined,Random Forest,regression,Harries,1,,,0,0.210917,,,,0.200490,0.218122,0.017632
designsafe_rc_columns,DesignSafe RC columns combined,Random Forest,regression,Melek,6,,,0,0.122819,0.040855,,,0.097161,0.070575,-0.026585
designsafe_rc_columns,DesignSafe RC columns combined,Gradient Boosting,regression,Ang_Beng_Ghee,23,,,0,0.556291,0.145181,,,0.181000,0.373783,0.192783
designsafe_rc_columns,DesignSafe RC columns combined,Gradient Boosting,regression,Arakawa,26,,,0,0.177987,0.023993,,,0.109572,0.187435,0.077862
designsafe_rc_columns,DesignSafe RC columns combined,Gradient Boosting,regression,McDaniel,3,,,0,0.515058,0.033362,,,0.168965,0.663724,0.494758
designsafe_rc_columns,DesignSafe RC columns combined,Gradient Boosting,regression,Hussein,1,,,0,0.936248,,,,0.044865,0.197629,0.152764
designsafe_rc_columns,DesignSafe RC columns combined,Gradient Boosting,regression,Xiao,3,,,0,1.064850,1.975053,,,0.437011,0.469672,0.032661
designsafe_rc_columns,DesignSafe RC columns combined,Gradient Boosting,regression,Yalcin,2,,,0,1.469823,0.007289,,,0.543142,0.237980,-0.305162
designsafe_rc_columns,DesignSafe RC columns combined,Gradient Boosting,regression,Omar,2,,,0,0.697261,0.000046,,,0.098315,0.247194,0.148879
designsafe_rc_columns,DesignSafe RC columns combined,Gradient Boosting,regression,Yarandi,3,,,0,1.157667,0.105424,,,0.332765,0.300211,-0.032554
designsafe_rc_columns,DesignSafe RC columns combined,Gradient Boosting,regression,Potangaroa,5,,,0,2.414355,0.177332,,,0.556333,0.766451,0.210118
designsafe_rc_columns,DesignSafe RC columns combined,Gradient Boosting,regression,Wong,1,,,0,1.088624,,,,0.015747,0.072995,0.057248
designsafe_rc_columns,DesignSafe RC columns combined,Gradient Boosting,regression,Petrovski,4,,,0,0.769454,0.018500,,,0.027788,0.033016,0.005228
designsafe_rc_columns,DesignSafe RC columns combined,Gradient Boosting,regression,Kenchiku_Kenkyu_Siryo,3,,,0,0.351837,0.039632,,,0.156830,0.201797,0.044967
designsafe_rc_columns,DesignSafe RC columns combined,Gradient Boosting,regression,Priestley,2,,,0,1.149942,0.268554,,,0.576105,0.925282,0.349177
designsafe_rc_columns,DesignSafe RC columns combined,Gradient Boosting,regression,Vu,3,,,0,1.381694,2.704459,,,0.722340,0.771861,0.049520
designsafe_rc_columns,DesignSafe RC columns combined,Gradient Boosting,regression,Hamilton,6,,,0,0.509572,0.037616,,,0.083866,0.099324,0.015458
designsafe_rc_columns,DesignSafe RC columns combined,Gradient Boosting,regression,Chai,3,,,0,0.436784,0.646715,,,0.145112,0.581196,0.436084
designsafe_rc_columns,DesignSafe RC columns combined,Gradient Boosting,regression,Iwasaki,11,,,0,0.091788,0.266354,,,0.108887,0.252935,0.144047
designsafe_rc_columns,DesignSafe RC columns combined,Gradient Boosting,regression,Ranf,4,,,0,0.076482,0.014379,,,0.067549,0.089415,0.021866
designsafe_rc_columns,DesignSafe RC columns combined,Gradient Boosting,regression,Davey,3,,,0,0.033893,0.183755,,,0.401995,0.278446,-0.123549
designsafe_rc_columns,DesignSafe RC columns combined,Gradient Boosting,regression,Munro ,1,,,0,0.434942,,,,0.020958,0.005621,-0.015338
designsafe_rc_columns,DesignSafe RC columns combined,Gradient Boosting,regression,Ng,2,,,0,0.788116,0.016144,,,0.037427,0.055578,0.018151
designsafe_rc_columns,DesignSafe RC columns combined,Gradient Boosting,regression,Ang,2,,,0,0.379218,0.005458,,,0.157837,0.091372,-0.066465
designsafe_rc_columns,DesignSafe RC columns combined,Gradient Boosting,regression,Ang et al.,3,,,0,0.055886,0.282733,,,0.096907,0.127159,0.030252
designsafe_rc_columns,DesignSafe RC columns combined,Gradient Boosting,regression,Zahn et al.,2,,,0,0.347094,0.010053,,,0.118050,0.048137,-0.069913
designsafe_rc_columns,DesignSafe RC columns combined,Gradient Boosting,regression,Watson_Park,2,,,0,0.126874,0.000317,,,0.025968,0.096344,0.070376
designsafe_rc_columns,DesignSafe RC columns combined,Gradient Boosting,regression,Wong et al.,2,,,0,1.224155,0.129548,,,0.276805,0.576781,0.299975
designsafe_rc_columns,DesignSafe RC columns combined,Gradient Boosting,regression,Lim,3,,,0,0.889477,0.003363,,,0.104754,0.608947,0.504193
designsafe_rc_columns,DesignSafe RC columns combined,Gradient Boosting,regression,Cheok et al.,2,,,0,8.914365,60.999149,,,7.974980,8.007593,0.032613
designsafe_rc_columns,DesignSafe RC columns combined,Gradient Boosting,regression,Stone,6,,,0,0.798764,0.007891,,,0.023332,0.074208,0.050877
designsafe_rc_columns,DesignSafe RC columns combined,Gradient Boosting,regression,Kenchiku Siryo,3,,,0,0.494940,0.009567,,,0.147924,0.050224,-0.097700
designsafe_rc_columns,DesignSafe RC columns combined,Gradient Boosting,regression,Kunnath,11,,,0,0.718361,0.000619,,,0.018247,0.055371,0.037124
designsafe_rc_columns,DesignSafe RC columns combined,Gradient Boosting,regression,Hose et al.,1,,,0,0.543238,,,,0.497004,2.657166,2.160162
designsafe_rc_columns,DesignSafe RC columns combined,Gradient Boosting,regression,Vu et al.,3,,,0,2.273991,1.792498,,,0.529006,0.652112,0.123106
designsafe_rc_columns,DesignSafe RC columns combined,Gradient Boosting,regression,Kowalsky ,3,,,0,0.227283,0.002407,,,0.062152,0.123396,0.061244
designsafe_rc_columns,DesignSafe RC columns combined,Gradient Boosting,regression,Lehman et al,5,,,0,0.004220,0.421057,,,0.426425,0.396848,-0.029577
designsafe_rc_columns,DesignSafe RC columns combined,Gradient Boosting,regression,Calderone et al.,3,,,0,0.338215,0.802347,,,0.300671,0.260344,-0.040327
designsafe_rc_columns,DesignSafe RC columns combined,Gradient Boosting,regression,Sritharan et al.,3,,,0,0.884775,0.005023,,,0.157847,0.537434,0.379586
designsafe_rc_columns,DesignSafe RC columns combined,Gradient Boosting,regression,Saatcioglu et al.,8,,,0,0.700355,0.001446,,,0.047578,0.315955,0.268378
designsafe_rc_columns,DesignSafe RC columns combined,Gradient Boosting,regression,Nelson et al.,4,,,0,0.205546,0.006808,,,0.072529,0.081146,0.008617
designsafe_rc_columns,DesignSafe RC columns combined,Gradient Boosting,regression,Henry,2,,,0,0.307182,0.016318,,,0.167395,0.091734,-0.075661
designsafe_rc_columns,DesignSafe RC columns combined,Gradient Boosting,regression,Roeder,8,,,0,0.341754,0.017760,,,0.095961,0.363882,0.267922
designsafe_rc_columns,DesignSafe RC columns combined,Gradient Boosting,regression,Kowalsky_Moyer,4,,,0,0.317803,0.005597,,,0.083057,0.303469,0.220412
designsafe_rc_columns,DesignSafe RC columns combined,Gradient Boosting,regression,Coffman,1,,,0,0.573993,,,,0.242945,0.273886,0.030941
designsafe_rc_columns,DesignSafe RC columns combined,Gradient Boosting,regression,Nagasaka,2,,,0,0.602341,0.005914,,,0.082541,0.175768,0.093227
designsafe_rc_columns,DesignSafe RC columns combined,Gradient Boosting,regression,Imai,1,,,0,1.010601,,,,0.233137,0.245294,0.012158
designsafe_rc_columns,DesignSafe RC columns combined,Gradient Boosting,regression,Zhou,9,,,0,0.736466,0.009657,,,0.088507,0.290104,0.201597
designsafe_rc_columns,DesignSafe RC columns combined,Gradient Boosting,regression,Umehara,2,,,0,0.236549,0.033078,,,0.314995,0.322231,0.007236
designsafe_rc_columns,DesignSafe RC columns combined,Gradient Boosting,regression,Bett,1,,,0,0.108174,,,,0.128478,0.009448,-0.119030
designsafe_rc_columns,DesignSafe RC columns combined,Gradient Boosting,regression,Aboutaha,2,,,0,1.339490,0.349597,,,0.481277,0.597778,0.116501
designsafe_rc_columns,DesignSafe RC columns combined,Gradient Boosting,regression,Verma,2,,,0,1.565129,0.032555,,,0.652310,0.707883,0.055574
designsafe_rc_columns,DesignSafe RC columns combined,Gradient Boosting,regression,Pandey,4,,,0,0.350591,0.019410,,,0.037554,0.045142,0.007588
designsafe_rc_columns,DesignSafe RC columns combined,Gradient Boosting,regression,Yoshimura,11,,,0,0.125523,0.119480,,,0.185740,0.102269,-0.083471
designsafe_rc_columns,DesignSafe RC columns combined,Gradient Boosting,regression,Ousalem,10,,,0,0.054361,0.065262,,,0.091736,0.209303,0.117567
designsafe_rc_columns,DesignSafe RC columns combined,Gradient Boosting,regression,Nakamura et al.,3,,,0,0.160983,0.004122,,,0.138237,0.184480,0.046243
designsafe_rc_columns,DesignSafe RC columns combined,Gradient Boosting,regression,Wight,16,,,0,0.607762,0.002805,,,0.028056,0.037713,0.009657
designsafe_rc_columns,DesignSafe RC columns combined,Gradient Boosting,regression,Lynn,8,,,0,0.250519,0.048917,,,0.100196,0.154003,0.053808
designsafe_rc_columns,DesignSafe RC columns combined,Gradient Boosting,regression,Ohue,2,,,0,0.576604,0.000794,,,0.048559,0.019801,-0.028758
designsafe_rc_columns,DesignSafe RC columns combined,Gradient Boosting,regression,Ono,2,,,0,0.457108,0.000395,,,0.164547,0.081742,-0.082805
designsafe_rc_columns,DesignSafe RC columns combined,Gradient Boosting,regression,Amitsu,1,,,0,1.194456,,,,0.606686,0.455431,-0.151255
designsafe_rc_columns,DesignSafe RC columns combined,Gradient Boosting,regression,Sezen ,3,,,0,0.367430,0.020360,,,0.048220,0.105797,0.057578
designsafe_rc_columns,DesignSafe RC columns combined,Gradient Boosting,regression,Ikeda,7,,,0,0.728756,0.001302,,,0.027173,0.039199,0.012026
designsafe_rc_columns,DesignSafe RC columns combined,Gradient Boosting,regression,Umemura & Endo ,8,,,0,0.727633,0.005456,,,0.052518,0.148237,0.095720
designsafe_rc_columns,DesignSafe RC columns combined,Gradient Boosting,regression,Kokusho,2,,,0,0.682747,0.001474,,,0.166230,0.096152,-0.070078
designsafe_rc_columns,DesignSafe RC columns combined,Gradient Boosting,regression,Kokusho & Fukuhara,2,,,0,0.566154,0.000002,,,0.072055,0.018123,-0.053932
designsafe_rc_columns,DesignSafe RC columns combined,Gradient Boosting,regression,Elwood,2,,,0,0.669394,0.000587,,,0.094177,0.105180,0.011003
designsafe_rc_columns,DesignSafe RC columns combined,Gradient Boosting,regression,Saatcioglu,1,,,0,0.155249,,,,0.128032,0.044457,-0.083575
designsafe_rc_columns,DesignSafe RC columns combined,Gradient Boosting,regression,Esaki,4,,,0,0.539597,0.000846,,,0.035722,0.035138,-0.000584
designsafe_rc_columns,DesignSafe RC columns combined,Gradient Boosting,regression,Gill et al.,4,,,0,2.097062,0.076781,,,0.426172,0.464679,0.038507
designsafe_rc_columns,DesignSafe RC columns combined,Gradient Boosting,regression,Soesianawati et al.,4,,,0,0.072401,0.026282,,,0.098122,0.045548,-0.052574
designsafe_rc_columns,DesignSafe RC columns combined,Gradient Boosting,regression,Zahn ,2,,,0,0.011103,0.028860,,,0.135620,0.124232,-0.011388
designsafe_rc_columns,DesignSafe RC columns combined,Gradient Boosting,regression,Watson and Park,5,,,0,0.258103,0.000878,,,0.164464,0.142228,-0.022236
designsafe_rc_columns,DesignSafe RC columns combined,Gradient Boosting,regression,Tanaka and Park,8,,,0,0.441781,0.739731,,,0.087933,0.338157,0.250224
designsafe_rc_columns,DesignSafe RC columns combined,Gradient Boosting,regression,Park and Paulay,1,,,0,0.679584,,,,0.311715,0.720182,0.408467
designsafe_rc_columns,DesignSafe RC columns combined,Gradient Boosting,regression,Ohno and Nishioka,3,,,0,0.545873,0.000849,,,0.085446,0.033219,-0.052227
designsafe_rc_columns,DesignSafe RC columns combined,Gradient Boosting,regression,Kanda et al.,6,,,0,0.689805,0.000103,,,0.015382,0.006506,-0.008876
designsafe_rc_columns,DesignSafe RC columns combined,Gradient Boosting,regression,Mugurma et al.,8,,,0,0.084894,0.007052,,,0.102232,0.257618,0.155387
designsafe_rc_columns,DesignSafe RC columns combined,Gradient Boosting,regression,Sakai et al.,7,,,0,0.766325,0.001443,,,0.060023,0.502510,0.442487
designsafe_rc_columns,DesignSafe RC columns combined,Gradient Boosting,regression,Atalay and Penzein,10,,,0,0.735740,0.001384,,,0.046349,0.091717,0.045369
designsafe_rc_columns,DesignSafe RC columns combined,Gradient Boosting,regression,Azizinamini et al.,1,,,0,0.990902,,,,0.565502,0.467740,-0.097762
designsafe_rc_columns,DesignSafe RC columns combined,Gradient Boosting,regression,Azizinamini et al. ,1,,,0,1.088624,,,,0.613299,0.437286,-0.176013
designsafe_rc_columns,DesignSafe RC columns combined,Gradient Boosting,regression,Saatcioglu and Ozcebe,5,,,0,0.319549,0.023219,,,0.161946,0.238969,0.077023
designsafe_rc_columns,DesignSafe RC columns combined,Gradient Boosting,regression,Galeota et al. ,24,,,0,0.401809,0.015421,,,0.050349,0.332403,0.282054
designsafe_rc_columns,DesignSafe RC columns combined,Gradient Boosting,regression,Wehbe et al.,4,,,0,0.682942,0.014027,,,0.106730,0.199580,0.092850
designsafe_rc_columns,DesignSafe RC columns combined,Gradient Boosting,regression,Xiao and Martirossyan,4,,,0,0.374150,0.033167,,,0.133098,0.087399,-0.045700
designsafe_rc_columns,DesignSafe RC columns combined,Gradient Boosting,regression,Sugano,5,,,0,0.571718,0.013085,,,0.198018,0.154358,-0.043660
designsafe_rc_columns,DesignSafe RC columns combined,Gradient Boosting,regression,Nosho et al,1,,,0,0.750123,,,,0.082151,0.003833,-0.078318
designsafe_rc_columns,DesignSafe RC columns combined,Gradient Boosting,regression,Bayrak and Sheikh,8,,,0,0.313914,0.009291,,,0.075593,0.184514,0.108922
designsafe_rc_columns,DesignSafe RC columns combined,Gradient Boosting,regression,Saatcioglu and Giria,10,,,0,0.131967,0.009380,,,0.073443,0.080551,0.007108
designsafe_rc_columns,DesignSafe RC columns combined,Gradient Boosting,regression,Matamoros et al.,12,,,0,0.699737,0.005151,,,0.052384,0.038264,-0.014120
designsafe_rc_columns,DesignSafe RC columns combined,Gradient Boosting,regression,Mo and Wang,9,,,0,0.175155,0.011274,,,0.067908,0.244996,0.177088
designsafe_rc_columns,DesignSafe RC columns combined,Gradient Boosting,regression,Aboutaha and Machado,3,,,0,0.516028,0.142812,,,0.194972,0.110822,-0.084150
designsafe_rc_columns,DesignSafe RC columns combined,Gradient Boosting,regression,Thomsen and Wallace,11,,,0,0.813721,0.001916,,,0.024010,0.282022,0.258012
designsafe_rc_columns,DesignSafe RC columns combined,Gradient Boosting,regression,Paultre & Legeron,6,,,0,0.357205,0.020589,,,0.057535,0.086169,0.028634
designsafe_rc_columns,DesignSafe RC columns combined,Gradient Boosting,regression,Paultre et al.,6,,,0,0.173299,0.004552,,,0.052504,0.097363,0.044859
designsafe_rc_columns,DesignSafe RC columns combined,Gradient Boosting,regression,Pujol,14,,,0,0.540286,0.000629,,,0.019807,0.261983,0.242176
designsafe_rc_columns,DesignSafe RC columns combined,Gradient Boosting,regression,Kono et al.,5,,,0,2.604651,7.238015,,,0.239748,1.273743,1.033996
designsafe_rc_columns,DesignSafe RC columns combined,Gradient Boosting,regression,Takemura and Kawashima,6,,,0,0.359026,0.001168,,,0.035764,0.149854,0.114090
designsafe_rc_columns,DesignSafe RC columns combined,Gradient Boosting,regression,Harries,1,,,0,0.210917,,,,0.061643,0.117128,0.055486
designsafe_rc_columns,DesignSafe RC columns combined,Gradient Boosting,regression,Melek,6,,,0,0.122819,0.040855,,,0.054956,0.063274,0.008318
mendeley_beam_column_joint,Mendeley exterior RC beam-column joints|shear_strength_regression,Ridge,regression,[1],1,,,0,0.514953,,,,0.292480,0.370685,0.078205
mendeley_beam_column_joint,Mendeley exterior RC beam-column joints|shear_strength_regression,Ridge,regression,[2],3,,,0,0.963403,0.043004,,,0.101613,0.158125,0.056512
mendeley_beam_column_joint,Mendeley exterior RC beam-column joints|shear_strength_regression,Ridge,regression,[3],3,,,0,1.185101,0.150321,,,0.384467,0.333241,-0.051226
mendeley_beam_column_joint,Mendeley exterior RC beam-column joints|shear_strength_regression,Ridge,regression,[4],2,,,0,0.433347,0.010718,,,0.052457,0.203987,0.151530
mendeley_beam_column_joint,Mendeley exterior RC beam-column joints|shear_strength_regression,Ridge,regression,[5],6,,,0,0.477462,0.027074,,,0.307140,0.366306,0.059166
mendeley_beam_column_joint,Mendeley exterior RC beam-column joints|shear_strength_regression,Ridge,regression,[6],5,,,0,0.546781,0.026535,,,0.147313,0.149252,0.001940
mendeley_beam_column_joint,Mendeley exterior RC beam-column joints|shear_strength_regression,Ridge,regression,[7],18,,,0,0.636504,0.003130,,,0.158123,0.253068,0.094944
mendeley_beam_column_joint,Mendeley exterior RC beam-column joints|shear_strength_regression,Ridge,regression,[8],4,,,0,0.473406,0.008223,,,0.035537,0.065462,0.029925
mendeley_beam_column_joint,Mendeley exterior RC beam-column joints|shear_strength_regression,Ridge,regression,[9],5,,,0,1.797269,0.172716,,,0.521458,0.732367,0.210910
mendeley_beam_column_joint,Mendeley exterior RC beam-column joints|shear_strength_regression,Ridge,regression,[10],3,,,0,0.118277,0.000000,,,0.128545,0.114141,-0.014403
mendeley_beam_column_joint,Mendeley exterior RC beam-column joints|shear_strength_regression,Ridge,regression,[11],5,,,0,0.905787,0.001908,,,0.355505,0.337785,-0.017720
mendeley_beam_column_joint,Mendeley exterior RC beam-column joints|shear_strength_regression,Ridge,regression,[12],1,,,0,0.761095,,,,0.547611,0.470918,-0.076693
mendeley_beam_column_joint,Mendeley exterior RC beam-column joints|shear_strength_regression,Ridge,regression,[13],1,,,0,0.180176,,,,0.894160,0.835091,-0.059069
mendeley_beam_column_joint,Mendeley exterior RC beam-column joints|shear_strength_regression,Ridge,regression,[14],4,,,0,1.316425,0.004083,,,0.170168,0.314751,0.144583
mendeley_beam_column_joint,Mendeley exterior RC beam-column joints|shear_strength_regression,Ridge,regression,[15],5,,,0,1.349999,0.014120,,,0.126270,0.217262,0.090992
mendeley_beam_column_joint,Mendeley exterior RC beam-column joints|shear_strength_regression,Ridge,regression,[16],9,,,0,0.694332,0.000000,,,0.114652,0.071515,-0.043137
mendeley_beam_column_joint,Mendeley exterior RC beam-column joints|shear_strength_regression,Ridge,regression,[17],9,,,0,2.036182,0.053127,,,0.301350,0.545822,0.244472
mendeley_beam_column_joint,Mendeley exterior RC beam-column joints|shear_strength_regression,Ridge,regression,[18],4,,,0,0.638821,0.009378,,,0.156407,0.310557,0.154150
mendeley_beam_column_joint,Mendeley exterior RC beam-column joints|shear_strength_regression,Ridge,regression,[19],10,,,0,0.700606,0.057459,,,0.190087,0.193153,0.003066
mendeley_beam_column_joint,Mendeley exterior RC beam-column joints|shear_strength_regression,Ridge,regression,[20],20,,,0,0.829205,0.052837,,,0.209120,0.316270,0.107150
mendeley_beam_column_joint,Mendeley exterior RC beam-column joints|shear_strength_regression,Ridge,regression,[21],13,,,0,0.179868,0.036929,,,0.253168,0.394673,0.141505
mendeley_beam_column_joint,Mendeley exterior RC beam-column joints|shear_strength_regression,Ridge,regression,"[22,23]",12,,,0,0.577471,0.099863,,,0.173263,0.263560,0.090297
mendeley_beam_column_joint,Mendeley exterior RC beam-column joints|shear_strength_regression,Ridge,regression,[24],6,,,0,0.537755,0.006383,,,0.079732,0.086230,0.006498
mendeley_beam_column_joint,Mendeley exterior RC beam-column joints|shear_strength_regression,Ridge,regression,[25],5,,,0,0.376728,0.092154,,,0.601360,1.011402,0.410042
mendeley_beam_column_joint,Mendeley exterior RC beam-column joints|shear_strength_regression,Ridge,regression,[26],12,,,0,0.262562,0.078759,,,0.167879,0.149591,-0.018288
mendeley_beam_column_joint,Mendeley exterior RC beam-column joints|shear_strength_regression,Ridge,regression,[27],15,,,0,0.944923,0.005051,,,0.110434,0.210574,0.100140
mendeley_beam_column_joint,Mendeley exterior RC beam-column joints|shear_strength_regression,Ridge,regression,[28],3,,,0,0.653321,0.000449,,,0.786340,1.073579,0.287240
mendeley_beam_column_joint,Mendeley exterior RC beam-column joints|shear_strength_regression,Ridge,regression,[29],4,,,0,0.646643,0.018525,,,0.403214,0.570217,0.167003
mendeley_beam_column_joint,Mendeley exterior RC beam-column joints|shear_strength_regression,Ridge,regression,[30],2,,,0,0.521258,0.029961,,,0.169394,0.340366,0.170972
mendeley_beam_column_joint,Mendeley exterior RC beam-column joints|shear_strength_regression,Ridge,regression,[31],3,,,0,0.926178,0.002966,,,0.470706,0.658669,0.187963
mendeley_beam_column_joint,Mendeley exterior RC beam-column joints|shear_strength_regression,Ridge,regression,[32],4,,,0,1.081679,0.000111,,,0.100302,0.168973,0.068671
mendeley_beam_column_joint,Mendeley exterior RC beam-column joints|shear_strength_regression,Ridge,regression,[33],1,,,0,1.123605,,,,0.009804,0.071355,0.061551
mendeley_beam_column_joint,Mendeley exterior RC beam-column joints|shear_strength_regression,Ridge,regression,[34],5,,,0,3.395109,1.059990,,,0.382044,0.431777,0.049732
mendeley_beam_column_joint,Mendeley exterior RC beam-column joints|shear_strength_regression,Random Forest,regression,[1],1,,,0,0.514953,,,,0.031997,0.167177,0.135180
mendeley_beam_column_joint,Mendeley exterior RC beam-column joints|shear_strength_regression,Random Forest,regression,[2],3,,,0,0.963403,0.043004,,,0.215159,0.438277,0.223118
mendeley_beam_column_joint,Mendeley exterior RC beam-column joints|shear_strength_regression,Random Forest,regression,[3],3,,,0,1.185101,0.150321,,,0.424137,0.276447,-0.147689
mendeley_beam_column_joint,Mendeley exterior RC beam-column joints|shear_strength_regression,Random Forest,regression,[4],2,,,0,0.433347,0.010718,,,0.062953,0.188506,0.125552
mendeley_beam_column_joint,Mendeley exterior RC beam-column joints|shear_strength_regression,Random Forest,regression,[5],6,,,0,0.477462,0.027074,,,0.151865,0.428527,0.276662
mendeley_beam_column_joint,Mendeley exterior RC beam-column joints|shear_strength_regression,Random Forest,regression,[6],5,,,0,0.546781,0.026535,,,0.162325,0.232246,0.069922
mendeley_beam_column_joint,Mendeley exterior RC beam-column joints|shear_strength_regression,Random Forest,regression,[7],18,,,0,0.636504,0.003130,,,0.032812,0.105437,0.072625
mendeley_beam_column_joint,Mendeley exterior RC beam-column joints|shear_strength_regression,Random Forest,regression,[8],4,,,0,0.473406,0.008223,,,0.083645,0.082984,-0.000661
mendeley_beam_column_joint,Mendeley exterior RC beam-column joints|shear_strength_regression,Random Forest,regression,[9],5,,,0,1.797269,0.172716,,,0.054792,0.395135,0.340343
mendeley_beam_column_joint,Mendeley exterior RC beam-column joints|shear_strength_regression,Random Forest,regression,[10],3,,,0,0.118277,0.000000,,,0.184573,0.380223,0.195649
mendeley_beam_column_joint,Mendeley exterior RC beam-column joints|shear_strength_regression,Random Forest,regression,[11],5,,,0,0.905787,0.001908,,,0.049277,0.059012,0.009735
mendeley_beam_column_joint,Mendeley exterior RC beam-column joints|shear_strength_regression,Random Forest,regression,[12],1,,,0,0.761095,,,,0.002438,0.155892,0.153454
mendeley_beam_column_joint,Mendeley exterior RC beam-column joints|shear_strength_regression,Random Forest,regression,[13],1,,,0,0.180176,,,,0.401757,0.676049,0.274292
mendeley_beam_column_joint,Mendeley exterior RC beam-column joints|shear_strength_regression,Random Forest,regression,[14],4,,,0,1.316425,0.004083,,,0.100744,0.923191,0.822447
mendeley_beam_column_joint,Mendeley exterior RC beam-column joints|shear_strength_regression,Random Forest,regression,[15],5,,,0,1.349999,0.014120,,,0.102306,0.082217,-0.020090
mendeley_beam_column_joint,Mendeley exterior RC beam-column joints|shear_strength_regression,Random Forest,regression,[16],9,,,0,0.694332,0.000000,,,0.017592,0.176562,0.158971
mendeley_beam_column_joint,Mendeley exterior RC beam-column joints|shear_strength_regression,Random Forest,regression,[17],9,,,0,2.036182,0.053127,,,0.155107,0.725612,0.570505
mendeley_beam_column_joint,Mendeley exterior RC beam-column joints|shear_strength_regression,Random Forest,regression,[18],4,,,0,0.638821,0.009378,,,0.092872,0.229175,0.136302
mendeley_beam_column_joint,Mendeley exterior RC beam-column joints|shear_strength_regression,Random Forest,regression,[19],10,,,0,0.700606,0.057459,,,0.019049,0.117832,0.098783
mendeley_beam_column_joint,Mendeley exterior RC beam-column joints|shear_strength_regression,Random Forest,regression,[20],20,,,0,0.829205,0.052837,,,0.013097,0.060539,0.047442
mendeley_beam_column_joint,Mendeley exterior RC beam-column joints|shear_strength_regression,Random Forest,regression,[21],13,,,0,0.179868,0.036929,,,0.159591,0.291473,0.131882
mendeley_beam_column_joint,Mendeley exterior RC beam-column joints|shear_strength_regression,Random Forest,regression,"[22,23]",12,,,0,0.577471,0.099863,,,0.095621,0.359611,0.263990
mendeley_beam_column_joint,Mendeley exterior RC beam-column joints|shear_strength_regression,Random Forest,regression,[24],6,,,0,0.537755,0.006383,,,0.101823,0.065232,-0.036591
mendeley_beam_column_joint,Mendeley exterior RC beam-column joints|shear_strength_regression,Random Forest,regression,[25],5,,,0,0.376728,0.092154,,,0.222243,0.269330,0.047087
mendeley_beam_column_joint,Mendeley exterior RC beam-column joints|shear_strength_regression,Random Forest,regression,[26],12,,,0,0.262562,0.078759,,,0.106448,0.289480,0.183032
mendeley_beam_column_joint,Mendeley exterior RC beam-column joints|shear_strength_regression,Random Forest,regression,[27],15,,,0,0.944923,0.005051,,,0.055201,0.062074,0.006873
mendeley_beam_column_joint,Mendeley exterior RC beam-column joints|shear_strength_regression,Random Forest,regression,[28],3,,,0,0.653321,0.000449,,,0.052487,0.142176,0.089689
mendeley_beam_column_joint,Mendeley exterior RC beam-column joints|shear_strength_regression,Random Forest,regression,[29],4,,,0,0.646643,0.018525,,,0.114004,0.473253,0.359249
mendeley_beam_column_joint,Mendeley exterior RC beam-column joints|shear_strength_regression,Random Forest,regression,[30],2,,,0,0.521258,0.029961,,,0.191776,0.277425,0.085649
mendeley_beam_column_joint,Mendeley exterior RC beam-column joints|shear_strength_regression,Random Forest,regression,[31],3,,,0,0.926178,0.002966,,,0.137704,0.623803,0.486099
mendeley_beam_column_joint,Mendeley exterior RC beam-column joints|shear_strength_regression,Random Forest,regression,[32],4,,,0,1.081679,0.000111,,,0.026032,0.169770,0.143739
mendeley_beam_column_joint,Mendeley exterior RC beam-column joints|shear_strength_regression,Random Forest,regression,[33],1,,,0,1.123605,,,,0.177702,0.156589,-0.021113
mendeley_beam_column_joint,Mendeley exterior RC beam-column joints|shear_strength_regression,Random Forest,regression,[34],5,,,0,3.395109,1.059990,,,0.531676,1.446875,0.915200
mendeley_beam_column_joint,Mendeley exterior RC beam-column joints|shear_strength_regression,Gradient Boosting,regression,[1],1,,,0,0.514953,,,,0.117114,0.199483,0.082369
mendeley_beam_column_joint,Mendeley exterior RC beam-column joints|shear_strength_regression,Gradient Boosting,regression,[2],3,,,0,0.963403,0.043004,,,0.205936,0.529350,0.323414
mendeley_beam_column_joint,Mendeley exterior RC beam-column joints|shear_strength_regression,Gradient Boosting,regression,[3],3,,,0,1.185101,0.150321,,,0.383600,0.467293,0.083693
mendeley_beam_column_joint,Mendeley exterior RC beam-column joints|shear_strength_regression,Gradient Boosting,regression,[4],2,,,0,0.433347,0.010718,,,0.086470,0.280500,0.194030
mendeley_beam_column_joint,Mendeley exterior RC beam-column joints|shear_strength_regression,Gradient Boosting,regression,[5],6,,,0,0.477462,0.027074,,,0.103235,0.397086,0.293851
mendeley_beam_column_joint,Mendeley exterior RC beam-column joints|shear_strength_regression,Gradient Boosting,regression,[6],5,,,0,0.546781,0.026535,,,0.151874,0.283745,0.131872
mendeley_beam_column_joint,Mendeley exterior RC beam-column joints|shear_strength_regression,Gradient Boosting,regression,[7],18,,,0,0.636504,0.003130,,,0.036947,0.073270,0.036323
mendeley_beam_column_joint,Mendeley exterior RC beam-column joints|shear_strength_regression,Gradient Boosting,regression,[8],4,,,0,0.473406,0.008223,,,0.074620,0.135650,0.061030
mendeley_beam_column_joint,Mendeley exterior RC beam-column joints|shear_strength_regression,Gradient Boosting,regression,[9],5,,,0,1.797269,0.172716,,,0.035844,0.479684,0.443840
mendeley_beam_column_joint,Mendeley exterior RC beam-column joints|shear_strength_regression,Gradient Boosting,regression,[10],3,,,0,0.118277,0.000000,,,0.098216,0.421676,0.323460
mendeley_beam_column_joint,Mendeley exterior RC beam-column joints|shear_strength_regression,Gradient Boosting,regression,[11],5,,,0,0.905787,0.001908,,,0.073638,0.051391,-0.022247
mendeley_beam_column_joint,Mendeley exterior RC beam-column joints|shear_strength_regression,Gradient Boosting,regression,[12],1,,,0,0.761095,,,,0.140435,0.492980,0.352545
mendeley_beam_column_joint,Mendeley exterior RC beam-column joints|shear_strength_regression,Gradient Boosting,regression,[13],1,,,0,0.180176,,,,0.519646,0.798383,0.278737
mendeley_beam_column_joint,Mendeley exterior RC beam-column joints|shear_strength_regression,Gradient Boosting,regression,[14],4,,,0,1.316425,0.004083,,,0.077253,0.916736,0.839484
mendeley_beam_column_joint,Mendeley exterior RC beam-column joints|shear_strength_regression,Gradient Boosting,regression,[15],5,,,0,1.349999,0.014120,,,0.106895,0.060147,-0.046748
mendeley_beam_column_joint,Mendeley exterior RC beam-column joints|shear_strength_regression,Gradient Boosting,regression,[16],9,,,0,0.694332,0.000000,,,0.019672,0.042334,0.022662
mendeley_beam_column_joint,Mendeley exterior RC beam-column joints|shear_strength_regression,Gradient Boosting,regression,[17],9,,,0,2.036182,0.053127,,,0.156233,0.679428,0.523195
mendeley_beam_column_joint,Mendeley exterior RC beam-column joints|shear_strength_regression,Gradient Boosting,regression,[18],4,,,0,0.638821,0.009378,,,0.059173,0.130037,0.070865
mendeley_beam_column_joint,Mendeley exterior RC beam-column joints|shear_strength_regression,Gradient Boosting,regression,[19],10,,,0,0.700606,0.057459,,,0.067367,0.133266,0.065899
mendeley_beam_column_joint,Mendeley exterior RC beam-column joints|shear_strength_regression,Gradient Boosting,regression,[20],20,,,0,0.829205,0.052837,,,0.025123,0.065873,0.040750
mendeley_beam_column_joint,Mendeley exterior RC beam-column joints|shear_strength_regression,Gradient Boosting,regression,[21],13,,,0,0.179868,0.036929,,,0.186392,0.238030,0.051638
mendeley_beam_column_joint,Mendeley exterior RC beam-column joints|shear_strength_regression,Gradient Boosting,regression,"[22,23]",12,,,0,0.577471,0.099863,,,0.076129,0.312882,0.236754
mendeley_beam_column_joint,Mendeley exterior RC beam-column joints|shear_strength_regression,Gradient Boosting,regression,[24],6,,,0,0.537755,0.006383,,,0.073838,0.062745,-0.011094
mendeley_beam_column_joint,Mendeley exterior RC beam-column joints|shear_strength_regression,Gradient Boosting,regression,[25],5,,,0,0.376728,0.092154,,,0.198072,0.238511,0.040439
mendeley_beam_column_joint,Mendeley exterior RC beam-column joints|shear_strength_regression,Gradient Boosting,regression,[26],12,,,0,0.262562,0.078759,,,0.120847,0.194667,0.073820
mendeley_beam_column_joint,Mendeley exterior RC beam-column joints|shear_strength_regression,Gradient Boosting,regression,[27],15,,,0,0.944923,0.005051,,,0.055780,0.068005,0.012226
mendeley_beam_column_joint,Mendeley exterior RC beam-column joints|shear_strength_regression,Gradient Boosting,regression,[28],3,,,0,0.653321,0.000449,,,0.020892,0.112840,0.091947
mendeley_beam_column_joint,Mendeley exterior RC beam-column joints|shear_strength_regression,Gradient Boosting,regression,[29],4,,,0,0.646643,0.018525,,,0.138247,0.484037,0.345790
mendeley_beam_column_joint,Mendeley exterior RC beam-column joints|shear_strength_regression,Gradient Boosting,regression,[30],2,,,0,0.521258,0.029961,,,0.191883,0.321596,0.129713
mendeley_beam_column_joint,Mendeley exterior RC beam-column joints|shear_strength_regression,Gradient Boosting,regression,[31],3,,,0,0.926178,0.002966,,,0.077247,0.650045,0.572798
mendeley_beam_column_joint,Mendeley exterior RC beam-column joints|shear_strength_regression,Gradient Boosting,regression,[32],4,,,0,1.081679,0.000111,,,0.022679,0.288495,0.265817
mendeley_beam_column_joint,Mendeley exterior RC beam-column joints|shear_strength_regression,Gradient Boosting,regression,[33],1,,,0,1.123605,,,,0.249923,0.165807,-0.084116
mendeley_beam_column_joint,Mendeley exterior RC beam-column joints|shear_strength_regression,Gradient Boosting,regression,[34],5,,,0,3.395109,1.059990,,,0.487867,1.118832,0.630965
mendeley_beam_column_joint,Mendeley exterior RC beam-column joints|failure_mode_classification,Random Forest,classification,[1],1,,,0,0.603960,,1.000000,-0.000000,1.000000,1.000000,0.000000
mendeley_beam_column_joint,Mendeley exterior RC beam-column joints|failure_mode_classification,Random Forest,classification,[2],3,,,0,0.391667,,0.666667,0.918296,0.666667,0.333333,-0.333333
mendeley_beam_column_joint,Mendeley exterior RC beam-column joints|failure_mode_classification,Random Forest,classification,[3],3,,,0,0.730000,,1.000000,-0.000000,0.000000,0.000000,0.000000
mendeley_beam_column_joint,Mendeley exterior RC beam-column joints|failure_mode_classification,Random Forest,classification,[4],2,,,0,0.323383,,0.500000,1.000000,1.000000,0.500000,-0.500000
mendeley_beam_column_joint,Mendeley exterior RC beam-column joints|failure_mode_classification,Random Forest,classification,[5],6,,,0,0.329949,,0.666667,0.918296,0.833333,0.666667,-0.166667
mendeley_beam_column_joint,Mendeley exterior RC beam-column joints|failure_mode_classification,Random Forest,classification,[6],5,,,0,0.532323,,0.800000,0.721928,0.400000,0.200000,-0.200000
mendeley_beam_column_joint,Mendeley exterior RC beam-column joints|failure_mode_classification,Random Forest,classification,[7],18,,,0,0.345946,,0.611111,1.194174,0.555556,1.000000,0.444444
mendeley_beam_column_joint,Mendeley exterior RC beam-column joints|failure_mode_classification,Random Forest,classification,[8],4,,,0,0.443467,,0.750000,0.811278,1.000000,1.000000,0.000000
mendeley_beam_column_joint,Mendeley exterior RC beam-column joints|failure_mode_classification,Random Forest,classification,[9],5,,,0,0.328283,,0.600000,0.970951,0.000000,0.000000,0.000000
mendeley_beam_column_joint,Mendeley exterior RC beam-column joints|failure_mode_classification,Random Forest,classification,[10],3,,,0,0.610000,,1.000000,-0.000000,0.000000,1.000000,1.000000
mendeley_beam_column_joint,Mendeley exterior RC beam-column joints|failure_mode_classification,Random Forest,classification,[11],5,,,0,0.327273,,0.600000,1.370951,0.800000,0.800000,0.000000
mendeley_beam_column_joint,Mendeley exterior RC beam-column joints|failure_mode_classification,Random Forest,classification,[12],1,,,0,0.603960,,1.000000,-0.000000,1.000000,1.000000,0.000000
mendeley_beam_column_joint,Mendeley exterior RC beam-column joints|failure_mode_classification,Random Forest,classification,[13],1,,,0,0.722772,,1.000000,-0.000000,0.000000,0.000000,0.000000
mendeley_beam_column_joint,Mendeley exterior RC beam-column joints|failure_mode_classification,Random Forest,classification,[14],4,,,0,0.613065,,1.000000,-0.000000,0.000000,0.750000,0.750000
mendeley_beam_column_joint,Mendeley exterior RC beam-column joints|failure_mode_classification,Random Forest,classification,[15],5,,,0,0.702020,,1.000000,-0.000000,0.000000,1.000000,1.000000
mendeley_beam_column_joint,Mendeley exterior RC beam-column joints|failure_mode_classification,Random Forest,classification,[16],9,,,0,0.512600,,0.888889,0.503258,0.222222,1.000000,0.777778
mendeley_beam_column_joint,Mendeley exterior RC beam-column joints|failure_mode_classification,Random Forest,classification,[17],9,,,0,0.335052,,0.555556,0.991076,0.111111,0.555556,0.444444
mendeley_beam_column_joint,Mendeley exterior RC beam-column joints|failure_mode_classification,Random Forest,classification,[18],4,,,0,0.223618,,0.500000,1.500000,0.500000,0.500000,0.000000
mendeley_beam_column_joint,Mendeley exterior RC beam-column joints|failure_mode_classification,Random Forest,classification,[19],10,,,0,0.109326,,0.400000,1.570951,0.900000,0.200000,-0.700000
mendeley_beam_column_joint,Mendeley exterior RC beam-column joints|failure_mode_classification,Random Forest,classification,[20],20,,,0,0.206011,,0.500000,1.360964,0.550000,0.800000,0.250000
mendeley_beam_column_joint,Mendeley exterior RC beam-column joints|failure_mode_classification,Random Forest,classification,[21],13,,,0,0.305263,,0.615385,0.961237,0.230769,0.615385,0.384615
mendeley_beam_column_joint,Mendeley exterior RC beam-column joints|failure_mode_classification,Random Forest,classification,"[22,23]",12,,,0,0.429319,,0.500000,1.000000,0.416667,0.833333,0.416667
mendeley_beam_column_joint,Mendeley exterior RC beam-column joints|failure_mode_classification,Random Forest,classification,[24],6,,,0,0.329949,,0.666667,0.918296,0.333333,0.666667,0.333333
mendeley_beam_column_joint,Mendeley exterior RC beam-column joints|failure_mode_classification,Random Forest,classification,[25],5,,,0,0.737374,,1.000000,-0.000000,0.000000,0.400000,0.400000
mendeley_beam_column_joint,Mendeley exterior RC beam-column joints|failure_mode_classification,Random Forest,classification,[26],12,,,0,0.727749,,1.000000,-0.000000,0.000000,1.000000,1.000000
mendeley_beam_column_joint,Mendeley exterior RC beam-column joints|failure_mode_classification,Random Forest,classification,[27],15,,,0,0.379433,,0.666667,1.241946,0.400000,0.866667,0.466667
mendeley_beam_column_joint,Mendeley exterior RC beam-column joints|failure_mode_classification,Random Forest,classification,[28],3,,,0,0.695000,,1.000000,-0.000000,0.000000,1.000000,1.000000
mendeley_beam_column_joint,Mendeley exterior RC beam-column joints|failure_mode_classification,Random Forest,classification,[29],4,,,0,0.698492,,1.000000,-0.000000,0.000000,1.000000,1.000000
mendeley_beam_column_joint,Mendeley exterior RC beam-column joints|failure_mode_classification,Random Forest,classification,[30],2,,,0,0.288557,,0.500000,1.000000,0.500000,0.500000,0.000000
mendeley_beam_column_joint,Mendeley exterior RC beam-column joints|failure_mode_classification,Random Forest,classification,[31],3,,,0,0.610000,,1.000000,-0.000000,0.000000,1.000000,1.000000
mendeley_beam_column_joint,Mendeley exterior RC beam-column joints|failure_mode_classification,Random Forest,classification,[32],4,,,0,0.733668,,1.000000,-0.000000,0.000000,1.000000,1.000000
mendeley_beam_column_joint,Mendeley exterior RC beam-column joints|failure_mode_classification,Random Forest,classification,[33],1,,,0,0.603960,,1.000000,-0.000000,0.000000,1.000000,1.000000
mendeley_beam_column_joint,Mendeley exterior RC beam-column joints|failure_mode_classification,Random Forest,classification,[34],5,,,0,0.411111,,0.800000,0.721928,0.200000,0.800000,0.600000
mendeley_beam_column_joint,Mendeley exterior RC beam-column joints|failure_mode_classification,Gradient Boosting,classification,[1],1,,,0,0.603960,,1.000000,-0.000000,1.000000,1.000000,0.000000
mendeley_beam_column_joint,Mendeley exterior RC beam-column joints|failure_mode_classification,Gradient Boosting,classification,[2],3,,,0,0.391667,,0.666667,0.918296,1.000000,0.333333,-0.666667
mendeley_beam_column_joint,Mendeley exterior RC beam-column joints|failure_mode_classification,Gradient Boosting,classification,[3],3,,,0,0.730000,,1.000000,-0.000000,0.000000,0.000000,0.000000
mendeley_beam_column_joint,Mendeley exterior RC beam-column joints|failure_mode_classification,Gradient Boosting,classification,[4],2,,,0,0.323383,,0.500000,1.000000,1.000000,0.500000,-0.500000
mendeley_beam_column_joint,Mendeley exterior RC beam-column joints|failure_mode_classification,Gradient Boosting,classification,[5],6,,,0,0.329949,,0.666667,0.918296,0.666667,0.666667,0.000000
mendeley_beam_column_joint,Mendeley exterior RC beam-column joints|failure_mode_classification,Gradient Boosting,classification,[6],5,,,0,0.532323,,0.800000,0.721928,0.400000,0.200000,-0.200000
mendeley_beam_column_joint,Mendeley exterior RC beam-column joints|failure_mode_classification,Gradient Boosting,classification,[7],18,,,0,0.345946,,0.611111,1.194174,0.722222,1.000000,0.277778
mendeley_beam_column_joint,Mendeley exterior RC beam-column joints|failure_mode_classification,Gradient Boosting,classification,[8],4,,,0,0.443467,,0.750000,0.811278,1.000000,0.750000,-0.250000
mendeley_beam_column_joint,Mendeley exterior RC beam-column joints|failure_mode_classification,Gradient Boosting,classification,[9],5,,,0,0.328283,,0.600000,0.970951,0.000000,0.000000,0.000000
mendeley_beam_column_joint,Mendeley exterior RC beam-column joints|failure_mode_classification,Gradient Boosting,classification,[10],3,,,0,0.610000,,1.000000,-0.000000,0.000000,1.000000,1.000000
mendeley_beam_column_joint,Mendeley exterior RC beam-column joints|failure_mode_classification,Gradient Boosting,classification,[11],5,,,0,0.327273,,0.600000,1.370951,0.600000,0.800000,0.200000
mendeley_beam_column_joint,Mendeley exterior RC beam-column joints|failure_mode_classification,Gradient Boosting,classification,[12],1,,,0,0.603960,,1.000000,-0.000000,1.000000,1.000000,0.000000
mendeley_beam_column_joint,Mendeley exterior RC beam-column joints|failure_mode_classification,Gradient Boosting,classification,[13],1,,,0,0.722772,,1.000000,-0.000000,1.000000,0.000000,-1.000000
mendeley_beam_column_joint,Mendeley exterior RC beam-column joints|failure_mode_classification,Gradient Boosting,classification,[14],4,,,0,0.613065,,1.000000,-0.000000,0.000000,1.000000,1.000000
mendeley_beam_column_joint,Mendeley exterior RC beam-column joints|failure_mode_classification,Gradient Boosting,classification,[15],5,,,0,0.702020,,1.000000,-0.000000,0.000000,1.000000,1.000000
mendeley_beam_column_joint,Mendeley exterior RC beam-column joints|failure_mode_classification,Gradient Boosting,classification,[16],9,,,0,0.512600,,0.888889,0.503258,0.222222,1.000000,0.777778
mendeley_beam_column_joint,Mendeley exterior RC beam-column joints|failure_mode_classification,Gradient Boosting,classification,[17],9,,,0,0.335052,,0.555556,0.991076,0.111111,0.666667,0.555556
mendeley_beam_column_joint,Mendeley exterior RC beam-column joints|failure_mode_classification,Gradient Boosting,classification,[18],4,,,0,0.223618,,0.500000,1.500000,0.750000,0.500000,-0.250000
mendeley_beam_column_joint,Mendeley exterior RC beam-column joints|failure_mode_classification,Gradient Boosting,classification,[19],10,,,0,0.109326,,0.400000,1.570951,0.300000,0.300000,0.000000
mendeley_beam_column_joint,Mendeley exterior RC beam-column joints|failure_mode_classification,Gradient Boosting,classification,[20],20,,,0,0.206011,,0.500000,1.360964,0.550000,0.700000,0.150000
mendeley_beam_column_joint,Mendeley exterior RC beam-column joints|failure_mode_classification,Gradient Boosting,classification,[21],13,,,0,0.305263,,0.615385,0.961237,0.230769,0.384615,0.153846
mendeley_beam_column_joint,Mendeley exterior RC beam-column joints|failure_mode_classification,Gradient Boosting,classification,"[22,23]",12,,,0,0.429319,,0.500000,1.000000,0.416667,1.000000,0.583333
mendeley_beam_column_joint,Mendeley exterior RC beam-column joints|failure_mode_classification,Gradient Boosting,classification,[24],6,,,0,0.329949,,0.666667,0.918296,0.333333,1.000000,0.666667
mendeley_beam_column_joint,Mendeley exterior RC beam-column joints|failure_mode_classification,Gradient Boosting,classification,[25],5,,,0,0.737374,,1.000000,-0.000000,0.400000,0.800000,0.400000
mendeley_beam_column_joint,Mendeley exterior RC beam-column joints|failure_mode_classification,Gradient Boosting,classification,[26],12,,,0,0.727749,,1.000000,-0.000000,0.000000,1.000000,1.000000
mendeley_beam_column_joint,Mendeley exterior RC beam-column joints|failure_mode_classification,Gradient Boosting,classification,[27],15,,,0,0.379433,,0.666667,1.241946,0.466667,0.866667,0.400000
mendeley_beam_column_joint,Mendeley exterior RC beam-column joints|failure_mode_classification,Gradient Boosting,classification,[28],3,,,0,0.695000,,1.000000,-0.000000,0.000000,1.000000,1.000000
mendeley_beam_column_joint,Mendeley exterior RC beam-column joints|failure_mode_classification,Gradient Boosting,classification,[29],4,,,0,0.698492,,1.000000,-0.000000,0.000000,1.000000,1.000000
mendeley_beam_column_joint,Mendeley exterior RC beam-column joints|failure_mode_classification,Gradient Boosting,classification,[30],2,,,0,0.288557,,0.500000,1.000000,1.000000,1.000000,0.000000
mendeley_beam_column_joint,Mendeley exterior RC beam-column joints|failure_mode_classification,Gradient Boosting,classification,[31],3,,,0,0.610000,,1.000000,-0.000000,0.000000,0.666667,0.666667
mendeley_beam_column_joint,Mendeley exterior RC beam-column joints|failure_mode_classification,Gradient Boosting,classification,[32],4,,,0,0.733668,,1.000000,-0.000000,0.000000,1.000000,1.000000
mendeley_beam_column_joint,Mendeley exterior RC beam-column joints|failure_mode_classification,Gradient Boosting,classification,[33],1,,,0,0.603960,,1.000000,-0.000000,1.000000,1.000000,0.000000
mendeley_beam_column_joint,Mendeley exterior RC beam-column joints|failure_mode_classification,Gradient Boosting,classification,[34],5,,,0,0.411111,,0.800000,0.721928,0.600000,0.400000,-0.200000
mendeley_beam_column_joint,Mendeley cyclic beam-column joint shear|joint_shear_strength_regression,Ridge,regression,"Burak & Wight  (2005, 2008)",5,,,0,0.118169,0.718545,,,0.354992,0.455725,0.100733
mendeley_beam_column_joint,Mendeley cyclic beam-column joint shear|joint_shear_strength_regression,Ridge,regression,Chen & Chen (1999),2,,,0,1.203229,0.001496,,,0.285808,0.381764,0.095956
mendeley_beam_column_joint,Mendeley cyclic beam-column joint shear|joint_shear_strength_regression,Ridge,regression,Durrani & Wight (1985),3,,,0,0.147246,0.024209,,,0.106741,0.136503,0.029762
mendeley_beam_column_joint,Mendeley cyclic beam-column joint shear|joint_shear_strength_regression,Ridge,regression,Ehsani & Alamed dine (1991),11,,,0,0.465490,0.068206,,,0.135142,0.502010,0.366868
mendeley_beam_column_joint,Mendeley cyclic beam-column joint shear|joint_shear_strength_regression,Ridge,regression,Ehsani & Wight (1985),6,,,0,0.046830,0.143763,,,0.175573,0.302873,0.127300
mendeley_beam_column_joint,Mendeley cyclic beam-column joint shear|joint_shear_strength_regression,Ridge,regression,Fujii & Morita (1991),8,,,0,0.499643,0.603335,,,0.091149,0.113081,0.021932
mendeley_beam_column_joint,Mendeley cyclic beam-column joint shear|joint_shear_strength_regression,Ridge,regression,Gentry & Wight (1994),4,,,0,0.762489,0.046699,,,0.117237,0.312712,0.195475
mendeley_beam_column_joint,Mendeley cyclic beam-column joint shear|joint_shear_strength_regression,Ridge,regression,"Guimaraes, Kreger & Jirsa (1992)",4,,,0,2.854690,4.393177,,,0.339056,0.825515,0.486459
mendeley_beam_column_joint,Mendeley cyclic beam-column joint shear|joint_shear_strength_regression,Ridge,regression,Kaku & Asakusa (1991),18,,,0,0.555772,0.091247,,,0.086293,0.187098,0.100805
mendeley_beam_column_joint,Mendeley cyclic beam-column joint shear|joint_shear_strength_regression,Ridge,regression,"Kitayama, Otani & Aoyama (1991)",4,,,0,1.521565,0.325894,,,0.126349,0.277139,0.150790
mendeley_beam_column_joint,Mendeley cyclic beam-column joint shear|joint_shear_strength_regression,Ridge,regression,LaFave & Wight (1999),4,,,0,0.905433,0.167468,,,0.316204,0.297191,-0.019013
mendeley_beam_column_joint,Mendeley cyclic beam-column joint shear|joint_shear_strength_regression,Ridge,regression,Lee & Ko (2007),5,,,0,0.926440,0.048842,,,0.324220,0.573490,0.249270
mendeley_beam_column_joint,Mendeley cyclic beam-column joint shear|joint_shear_strength_regression,Ridge,regression,Oka & Shiohara (2001),2,,,0,1.862114,0.276412,,,0.519836,0.954779,0.434942
mendeley_beam_column_joint,Mendeley cyclic beam-column joint shear|joint_shear_strength_regression,Ridge,regression,QuinteroFebres & Wight (2001),3,,,0,0.351881,0.103419,,,0.388259,0.634957,0.246698
mendeley_beam_column_joint,Mendeley cyclic beam-column joint shear|joint_shear_strength_regression,Ridge,regression,Raffaelle & Wight (2001),4,,,0,0.569870,0.040505,,,0.148438,0.481875,0.333437
mendeley_beam_column_joint,Mendeley cyclic beam-column joint shear|joint_shear_strength_regression,Ridge,regression,"Shin & LaFave (2004, 2004)",4,,,0,0.081992,0.300706,,,0.316513,0.267460,-0.049053
mendeley_beam_column_joint,Mendeley cyclic beam-column joint shear|joint_shear_strength_regression,Ridge,regression,Teng & Zhou (2008),5,,,0,0.545007,0.055904,,,0.133066,0.116711,-0.016354
mendeley_beam_column_joint,Mendeley cyclic beam-column joint shear|joint_shear_strength_regression,Ridge,regression,Xinchen Z. and Bing Li (2020),6,,,0,1.118815,0.171072,,,0.297697,0.676908,0.379211
mendeley_beam_column_joint,Mendeley cyclic beam-column joint shear|joint_shear_strength_regression,Random Forest,regression,"Burak & Wight  (2005, 2008)",5,,,0,0.118169,0.718545,,,0.192350,0.264954,0.072605
mendeley_beam_column_joint,Mendeley cyclic beam-column joint shear|joint_shear_strength_regression,Random Forest,regression,Chen & Chen (1999),2,,,0,1.203229,0.001496,,,0.150495,0.307788,0.157293
mendeley_beam_column_joint,Mendeley cyclic beam-column joint shear|joint_shear_strength_regression,Random Forest,regression,Durrani & Wight (1985),3,,,0,0.147246,0.024209,,,0.072966,0.425102,0.352136
mendeley_beam_column_joint,Mendeley cyclic beam-column joint shear|joint_shear_strength_regression,Random Forest,regression,Ehsani & Alamed dine (1991),11,,,0,0.465490,0.068206,,,0.088996,0.418093,0.329098
mendeley_beam_column_joint,Mendeley cyclic beam-column joint shear|joint_shear_strength_regression,Random Forest,regression,Ehsani & Wight (1985),6,,,0,0.046830,0.143763,,,0.097660,0.290990,0.193329
mendeley_beam_column_joint,Mendeley cyclic beam-column joint shear|joint_shear_strength_regression,Random Forest,regression,Fujii & Morita (1991),8,,,0,0.499643,0.603335,,,0.109706,0.296596,0.186890
mendeley_beam_column_joint,Mendeley cyclic beam-column joint shear|joint_shear_strength_regression,Random Forest,regression,Gentry & Wight (1994),4,,,0,0.762489,0.046699,,,0.072826,0.108760,0.035935
mendeley_beam_column_joint,Mendeley cyclic beam-column joint shear|joint_shear_strength_regression,Random Forest,regression,"Guimaraes, Kreger & Jirsa (1992)",4,,,0,2.854690,4.393177,,,0.570411,1.095055,0.524644
mendeley_beam_column_joint,Mendeley cyclic beam-column joint shear|joint_shear_strength_regression,Random Forest,regression,Kaku & Asakusa (1991),18,,,0,0.555772,0.091247,,,0.068847,0.309788,0.240941
mendeley_beam_column_joint,Mendeley cyclic beam-column joint shear|joint_shear_strength_regression,Random Forest,regression,"Kitayama, Otani & Aoyama (1991)",4,,,0,1.521565,0.325894,,,0.138002,0.423245,0.285243
mendeley_beam_column_joint,Mendeley cyclic beam-column joint shear|joint_shear_strength_regression,Random Forest,regression,LaFave & Wight (1999),4,,,0,0.905433,0.167468,,,0.171666,0.173181,0.001514
mendeley_beam_column_joint,Mendeley cyclic beam-column joint shear|joint_shear_strength_regression,Random Forest,regression,Lee & Ko (2007),5,,,0,0.926440,0.048842,,,0.159948,0.503015,0.343067
mendeley_beam_column_joint,Mendeley cyclic beam-column joint shear|joint_shear_strength_regression,Random Forest,regression,Oka & Shiohara (2001),2,,,0,1.862114,0.276412,,,0.404264,0.650957,0.246693
mendeley_beam_column_joint,Mendeley cyclic beam-column joint shear|joint_shear_strength_regression,Random Forest,regression,QuinteroFebres & Wight (2001),3,,,0,0.351881,0.103419,,,0.448386,0.881861,0.433475
mendeley_beam_column_joint,Mendeley cyclic beam-column joint shear|joint_shear_strength_regression,Random Forest,regression,Raffaelle & Wight (2001),4,,,0,0.569870,0.040505,,,0.096192,0.501811,0.405619
mendeley_beam_column_joint,Mendeley cyclic beam-column joint shear|joint_shear_strength_regression,Random Forest,regression,"Shin & LaFave (2004, 2004)",4,,,0,0.081992,0.300706,,,0.207576,0.261491,0.053914
mendeley_beam_column_joint,Mendeley cyclic beam-column joint shear|joint_shear_strength_regression,Random Forest,regression,Teng & Zhou (2008),5,,,0,0.545007,0.055904,,,0.065518,0.217106,0.151588
mendeley_beam_column_joint,Mendeley cyclic beam-column joint shear|joint_shear_strength_regression,Random Forest,regression,Xinchen Z. and Bing Li (2020),6,,,0,1.118815,0.171072,,,0.337594,0.900038,0.562444
mendeley_beam_column_joint,Mendeley cyclic beam-column joint shear|joint_shear_strength_regression,Gradient Boosting,regression,"Burak & Wight  (2005, 2008)",5,,,0,0.118169,0.718545,,,0.176351,0.228532,0.052181
mendeley_beam_column_joint,Mendeley cyclic beam-column joint shear|joint_shear_strength_regression,Gradient Boosting,regression,Chen & Chen (1999),2,,,0,1.203229,0.001496,,,0.032297,0.142049,0.109752
mendeley_beam_column_joint,Mendeley cyclic beam-column joint shear|joint_shear_strength_regression,Gradient Boosting,regression,Durrani & Wight (1985),3,,,0,0.147246,0.024209,,,0.052255,0.451279,0.399024
mendeley_beam_column_joint,Mendeley cyclic beam-column joint shear|joint_shear_strength_regression,Gradient Boosting,regression,Ehsani & Alamed dine (1991),11,,,0,0.465490,0.068206,,,0.049857,0.466799,0.416942
mendeley_beam_column_joint,Mendeley cyclic beam-column joint shear|joint_shear_strength_regression,Gradient Boosting,regression,Ehsani & Wight (1985),6,,,0,0.046830,0.143763,,,0.118179,0.305519,0.187340
mendeley_beam_column_joint,Mendeley cyclic beam-column joint shear|joint_shear_strength_regression,Gradient Boosting,regression,Fujii & Morita (1991),8,,,0,0.499643,0.603335,,,0.081330,0.252277,0.170947
mendeley_beam_column_joint,Mendeley cyclic beam-column joint shear|joint_shear_strength_regression,Gradient Boosting,regression,Gentry & Wight (1994),4,,,0,0.762489,0.046699,,,0.053478,0.103250,0.049773
mendeley_beam_column_joint,Mendeley cyclic beam-column joint shear|joint_shear_strength_regression,Gradient Boosting,regression,"Guimaraes, Kreger & Jirsa (1992)",4,,,0,2.854690,4.393177,,,0.238426,1.065178,0.826752
mendeley_beam_column_joint,Mendeley cyclic beam-column joint shear|joint_shear_strength_regression,Gradient Boosting,regression,Kaku & Asakusa (1991),18,,,0,0.555772,0.091247,,,0.074704,0.292315,0.217610
mendeley_beam_column_joint,Mendeley cyclic beam-column joint shear|joint_shear_strength_regression,Gradient Boosting,regression,"Kitayama, Otani & Aoyama (1991)",4,,,0,1.521565,0.325894,,,0.109633,0.383042,0.273409
mendeley_beam_column_joint,Mendeley cyclic beam-column joint shear|joint_shear_strength_regression,Gradient Boosting,regression,LaFave & Wight (1999),4,,,0,0.905433,0.167468,,,0.116840,0.130586,0.013746
mendeley_beam_column_joint,Mendeley cyclic beam-column joint shear|joint_shear_strength_regression,Gradient Boosting,regression,Lee & Ko (2007),5,,,0,0.926440,0.048842,,,0.052048,0.538881,0.486832
mendeley_beam_column_joint,Mendeley cyclic beam-column joint shear|joint_shear_strength_regression,Gradient Boosting,regression,Oka & Shiohara (2001),2,,,0,1.862114,0.276412,,,0.436882,0.576333,0.139451
mendeley_beam_column_joint,Mendeley cyclic beam-column joint shear|joint_shear_strength_regression,Gradient Boosting,regression,QuinteroFebres & Wight (2001),3,,,0,0.351881,0.103419,,,0.206047,0.467943,0.261895
mendeley_beam_column_joint,Mendeley cyclic beam-column joint shear|joint_shear_strength_regression,Gradient Boosting,regression,Raffaelle & Wight (2001),4,,,0,0.569870,0.040505,,,0.098025,0.591169,0.493144
mendeley_beam_column_joint,Mendeley cyclic beam-column joint shear|joint_shear_strength_regression,Gradient Boosting,regression,"Shin & LaFave (2004, 2004)",4,,,0,0.081992,0.300706,,,0.226024,0.362130,0.136106
mendeley_beam_column_joint,Mendeley cyclic beam-column joint shear|joint_shear_strength_regression,Gradient Boosting,regression,Teng & Zhou (2008),5,,,0,0.545007,0.055904,,,0.032977,0.301178,0.268201
mendeley_beam_column_joint,Mendeley cyclic beam-column joint shear|joint_shear_strength_regression,Gradient Boosting,regression,Xinchen Z. and Bing Li (2020),6,,,0,1.118815,0.171072,,,0.244643,1.543898,1.299255
