model,validation,fold,sample_index,source_group,observed,predicted
Ridge,RandomKFold,1,0,random_fold,112.95,163.40278764487277
Ridge,RandomKFold,1,9,random_fold,101.655,161.04241535593107
Ridge,RandomKFold,1,11,random_fold,104.66699999999999,159.9025225202398
Ridge,RandomKFold,1,18,random_fold,127.6335,179.33468070313046
Ridge,RandomKFold,1,30,random_fold,110.3145,45.27777362437257
Ridge,RandomKFold,1,33,random_fold,108.46180962464278,137.1943549629285
Ridge,RandomKFold,1,55,random_fold,148.25472,165.09631359898086
Ridge,RandomKFold,1,63,random_fold,178.94807999999998,141.49973158449671
Ridge,RandomKFold,1,68,random_fold,81.64,139.6771754443024
Ridge,RandomKFold,1,72,random_fold,258.52,180.35655987015397
Ridge,RandomKFold,1,78,random_fold,131.55999999999997,179.88923693754677
Ridge,RandomKFold,1,79,random_fold,153.36,176.32618391938152
Ridge,RandomKFold,1,82,random_fold,117.0,124.59817901187118
Ridge,RandomKFold,1,84,random_fold,98.0,160.8271314180552
Ridge,RandomKFold,1,93,random_fold,42.85,163.5436165792556
Ridge,RandomKFold,1,104,random_fold,21.7685,21.68208377319121
Ridge,RandomKFold,1,132,random_fold,67.575,133.05522284418998
Ridge,RandomKFold,1,153,random_fold,222.21247892074197,115.34515085047707
Ridge,RandomKFold,1,155,random_fold,418.04721753794263,141.76766519448935
Ridge,RandomKFold,1,195,random_fold,120.0,155.81909026424375
Ridge,RandomKFold,1,199,random_fold,267.0,177.40342667739742
Ridge,RandomKFold,1,225,random_fold,318.0,294.5208591016361
Ridge,RandomKFold,1,244,random_fold,53.2125,161.09122873960126
Ridge,RandomKFold,1,250,random_fold,210.3,167.01820479144862
Ridge,RandomKFold,1,253,random_fold,340.0,378.92664347836495
Ridge,RandomKFold,1,272,random_fold,66.32448,43.79887020297227
Ridge,RandomKFold,1,284,random_fold,25.2603,101.66956377227689
Ridge,RandomKFold,1,307,random_fold,95.2,189.36280706781008
Ridge,RandomKFold,1,311,random_fold,186.7,252.0313094086676
Ridge,RandomKFold,1,365,random_fold,32.90788965517241,39.48733576718254
Ridge,RandomKFold,1,369,random_fold,28.30786206896552,30.170026777032547
Ridge,RandomKFold,1,375,random_fold,27.06939310344828,44.799131190660944
Ridge,RandomKFold,1,383,random_fold,36.62329655172413,75.85467734278313
Ridge,RandomKFold,1,402,random_fold,40.050000000000004,54.325331257101865
Ridge,RandomKFold,1,421,random_fold,32.8,48.78034432392454
Ridge,RandomKFold,1,426,random_fold,107.6,84.31779793410618
Ridge,RandomKFold,1,427,random_fold,30.5,218.52647229534838
Ridge,RandomKFold,1,430,random_fold,47.5,204.7743941140356
Ridge,RandomKFold,1,434,random_fold,113.75,193.44077060118855
Ridge,RandomKFold,1,437,random_fold,43.33,138.08615178869317
Ridge,RandomKFold,1,441,random_fold,59.0,160.18490915923746
Ridge,RandomKFold,1,442,random_fold,73.145,171.97043779899408
Ridge,RandomKFold,1,450,random_fold,42.03,128.6075128602326
Ridge,RandomKFold,1,471,random_fold,109.172,59.01328411245089
Ridge,RandomKFold,1,478,random_fold,440.0,181.33056458188412
Ridge,RandomKFold,1,479,random_fold,479.0,135.96826153618372
Ridge,RandomKFold,1,482,random_fold,630.5,192.90218074520033
Ridge,RandomKFold,1,483,random_fold,371.5,350.5091207653128
Ridge,RandomKFold,1,485,random_fold,126.21090909090908,132.6016710389311
Ridge,RandomKFold,2,15,random_fold,165.66,190.0539211783664
Ridge,RandomKFold,2,19,random_fold,152.106,184.4706918780053
Ridge,RandomKFold,2,39,random_fold,117.845,201.49584558669545
Ridge,RandomKFold,2,56,random_fold,188.79312,183.54033855338986
Ridge,RandomKFold,2,70,random_fold,243.8,184.40739057338953
Ridge,RandomKFold,2,73,random_fold,263.12,184.40739057338953
Ridge,RandomKFold,2,75,random_fold,120.12,220.09670875944886
Ridge,RandomKFold,2,76,random_fold,154.96,223.26186155635895
Ridge,RandomKFold,2,77,random_fold,110.76,183.1809193320338
Ridge,RandomKFold,2,86,random_fold,274.0,161.20963611231656
Ridge,RandomKFold,2,90,random_fold,43.02,165.3238874182269
Ridge,RandomKFold,2,101,random_fold,22.8735,39.44211258955164
Ridge,RandomKFold,2,117,random_fold,53.55,193.35102586761363
Ridge,RandomKFold,2,124,random_fold,67.473,217.0272655049303
Ridge,RandomKFold,2,126,random_fold,103.31325,158.47651812240048
Ridge,RandomKFold,2,148,random_fold,334.5177065767285,156.81980271947015
Ridge,RandomKFold,2,154,random_fold,432.035413153457,147.72168070389938
Ridge,RandomKFold,2,172,random_fold,247.0,123.03027678794737
Ridge,RandomKFold,2,175,random_fold,35.4,120.23538096960971
Ridge,RandomKFold,2,182,random_fold,67.4,160.06433248311686
Ridge,RandomKFold,2,185,random_fold,49.4,162.09357781167137
Ridge,RandomKFold,2,192,random_fold,45.0,122.42838740537073
Ridge,RandomKFold,2,193,random_fold,60.0,152.1674727773721
Ridge,RandomKFold,2,208,random_fold,262.0,292.234674415177
Ridge,RandomKFold,2,211,random_fold,363.0,310.7315840067365
Ridge,RandomKFold,2,220,random_fold,292.0,237.1959402611543
Ridge,RandomKFold,2,227,random_fold,266.0,285.885528691377
Ridge,RandomKFold,2,261,random_fold,396.0,169.37440380635337
Ridge,RandomKFold,2,271,random_fold,20.79117,43.70380160355238
Ridge,RandomKFold,2,274,random_fold,61.40196,65.59345106985776
Ridge,RandomKFold,2,297,random_fold,67.8,32.612479549429594
Ridge,RandomKFold,2,304,random_fold,60.9,160.66617766680514
Ridge,RandomKFold,2,310,random_fold,169.5,259.1431131066805
Ridge,RandomKFold,2,316,random_fold,90.85,160.5792443604592
Ridge,RandomKFold,2,324,random_fold,151.35,115.44063731762023
Ridge,RandomKFold,2,325,random_fold,130.65,132.80259800130875
Ridge,RandomKFold,2,336,random_fold,82.5,128.65361417280315
Ridge,RandomKFold,2,376,random_fold,25.654,45.11382218466417
Ridge,RandomKFold,2,377,random_fold,24.327068965517242,29.88765778081583
Ridge,RandomKFold,2,398,random_fold,148.805,124.11545033186144
Ridge,RandomKFold,2,399,random_fold,20.915000000000003,64.75643224757945
Ridge,RandomKFold,2,406,random_fold,119.7,140.24350636843172
Ridge,RandomKFold,2,408,random_fold,55.825,114.86656569535114
Ridge,RandomKFold,2,411,random_fold,60.2,73.86364030510919
Ridge,RandomKFold,2,422,random_fold,36.2,49.165000660942795
Ridge,RandomKFold,2,428,random_fold,52.0,221.69499938582692
Ridge,RandomKFold,2,429,random_fold,54.0,220.33738558648358
Ridge,RandomKFold,2,432,random_fold,72.7,314.1601355399455
Ridge,RandomKFold,2,473,random_fold,280.0,250.54487262645196
Ridge,RandomKFold,3,5,random_fold,131.022,157.39542659716847
Ridge,RandomKFold,3,16,random_fold,195.40350000000004,189.4328915866241
Ridge,RandomKFold,3,17,random_fold,160.0125,185.3959992152986
Ridge,RandomKFold,3,22,random_fold,128.01,182.59787184382398
Ridge,RandomKFold,3,23,random_fold,157.0005,180.5364799946365
Ridge,RandomKFold,3,24,random_fold,78.6885,36.16756121286471
Ridge,RandomKFold,3,25,random_fold,77.9355,35.652213250567854
Ridge,RandomKFold,3,31,random_fold,103.91399999999999,44.41079439765704
Ridge,RandomKFold,3,42,random_fold,62.720000000000006,178.78075687575836
Ridge,RandomKFold,3,45,random_fold,65.0,138.02191275329943
Ridge,RandomKFold,3,46,random_fold,44.0,130.1628563282721
Ridge,RandomKFold,3,57,random_fold,189.95136,176.1608439088419
Ridge,RandomKFold,3,66,random_fold,107.63999999999999,166.8684877498772
Ridge,RandomKFold,3,94,random_fold,49.35,161.85539664001078
Ridge,RandomKFold,3,113,random_fold,38.0205,184.69332482938162
Ridge,RandomKFold,3,116,random_fold,47.5456,107.79214405050487
Ridge,RandomKFold,3,131,random_fold,107.06,160.41783268564052
Ridge,RandomKFold,3,137,random_fold,168.98970037453182,140.41360551424248
Ridge,RandomKFold,3,140,random_fold,196.05898876404495,159.00086199205356
Ridge,RandomKFold,3,181,random_fold,82.6,182.66958329264003
Ridge,RandomKFold,3,203,random_fold,1045.0,175.2918302334094
Ridge,RandomKFold,3,209,random_fold,189.0,247.48785152404375
Ridge,RandomKFold,3,210,random_fold,310.0,303.1079944440621
Ridge,RandomKFold,3,218,random_fold,312.0,229.91298048431122
Ridge,RandomKFold,3,222,random_fold,596.0,268.892977432442
Ridge,RandomKFold,3,229,random_fold,308.0,306.1555127972493
Ridge,RandomKFold,3,234,random_fold,129.5375,273.3324977514619
Ridge,RandomKFold,3,248,random_fold,218.0,170.72684706840926
Ridge,RandomKFold,3,255,random_fold,114.0,100.8756706339063
Ridge,RandomKFold,3,289,random_fold,79.01939999999999,154.42589400015922
Ridge,RandomKFold,3,298,random_fold,276.0,216.08782248956607
Ridge,RandomKFold,3,314,random_fold,153.5,279.3739461963378
Ridge,RandomKFold,3,317,random_fold,105.6,146.7772403270073
Ridge,RandomKFold,3,318,random_fold,148.9,148.49735396962217
Ridge,RandomKFold,3,320,random_fold,144.1,119.98167572070977
Ridge,RandomKFold,3,329,random_fold,155.0,216.28779922595766
Ridge,RandomKFold,3,349,random_fold,115.0,72.20019596481617
Ridge,RandomKFold,3,380,random_fold,33.70404827586207,47.78670314387732
Ridge,RandomKFold,3,396,random_fold,138.06,141.6226578782189
Ridge,RandomKFold,3,409,random_fold,71.74999999999999,102.6829063767182
Ridge,RandomKFold,3,414,random_fold,208.79,249.93736025272725
Ridge,RandomKFold,3,415,random_fold,211.83,220.1710070739053
Ridge,RandomKFold,3,419,random_fold,133.5,166.76556151419484
Ridge,RandomKFold,3,433,random_fold,81.15,310.5103401145401
Ridge,RandomKFold,3,451,random_fold,21.345,160.6160403642535
Ridge,RandomKFold,3,454,random_fold,22.0,10.652646496093439
Ridge,RandomKFold,3,460,random_fold,200.6,288.52311718102095
Ridge,RandomKFold,3,467,random_fold,79.0,161.48577841482933
Ridge,RandomKFold,3,481,random_fold,632.5,167.59281805462126
Ridge,RandomKFold,4,3,random_fold,123.49199999999999,153.80199194639783
Ridge,RandomKFold,4,7,random_fold,77.1825,151.8395234649712
Ridge,RandomKFold,4,26,random_fold,98.643,36.38239448928046
Ridge,RandomKFold,4,29,random_fold,100.149,47.93096597872997
Ridge,RandomKFold,4,37,random_fold,297.5,163.076060508805
Ridge,RandomKFold,4,60,random_fold,146.51736,166.30001192250194
Ridge,RandomKFold,4,67,random_fold,144.04,158.23590931622886
Ridge,RandomKFold,4,74,random_fold,109.72,208.9858187913936
Ridge,RandomKFold,4,83,random_fold,148.0,178.81975210872585
Ridge,RandomKFold,4,108,random_fold,28.8405,17.70791870422127
Ridge,RandomKFold,4,109,random_fold,61.548500000000004,65.15284883444724
Ridge,RandomKFold,4,110,random_fold,48.841,52.16206529286484
Ridge,RandomKFold,4,114,random_fold,24.3712,83.08481399059303
Ridge,RandomKFold,4,118,random_fold,51.94349999999999,186.3089975445348
Ridge,RandomKFold,4,141,random_fold,191.0318352059925,168.68976496364402
Ridge,RandomKFold,4,144,random_fold,218.4878277153558,173.8754565776188
Ridge,RandomKFold,4,145,random_fold,192.57865168539325,142.5725532662787
Ridge,RandomKFold,4,152,random_fold,264.97639123102863,111.23310279087036
Ridge,RandomKFold,4,157,random_fold,290.5,215.90131541489023
Ridge,RandomKFold,4,165,random_fold,129.0,119.34302683115997
Ridge,RandomKFold,4,168,random_fold,136.0,132.15013486045274
Ridge,RandomKFold,4,173,random_fold,328.0,148.13366585122435
Ridge,RandomKFold,4,176,random_fold,77.2,178.99129758992913
Ridge,RandomKFold,4,180,random_fold,147.5,202.2149624378843
Ridge,RandomKFold,4,204,random_fold,1008.0,171.61711487798866
Ridge,RandomKFold,4,228,random_fold,199.0,307.9848654990225
Ridge,RandomKFold,4,238,random_fold,162.8625,262.1645933317644
Ridge,RandomKFold,4,247,random_fold,78.74375,225.87111147958484
Ridge,RandomKFold,4,265,random_fold,342.0,155.1895504157779
Ridge,RandomKFold,4,312,random_fold,157.9,235.6459925114687
Ridge,RandomKFold,4,334,random_fold,108.0,160.44792854902613
Ridge,RandomKFold,4,340,random_fold,100.0,152.77316318126873
Ridge,RandomKFold,4,354,random_fold,26.892468965517246,44.7681083548339
Ridge,RandomKFold,4,357,random_fold,26.36169655172414,34.52215808111441
Ridge,RandomKFold,4,361,random_fold,27.86555172413793,35.97262028356086
Ridge,RandomKFold,4,367,random_fold,31.138648275862067,46.37060589387475
Ridge,RandomKFold,4,371,random_fold,30.077103448275864,51.934697352746156
Ridge,RandomKFold,4,384,random_fold,34.234820689655166,69.13298765346772
Ridge,RandomKFold,4,393,random_fold,23.35398620689655,31.149443686214298
Ridge,RandomKFold,4,397,random_fold,155.45,131.2542739568942
Ridge,RandomKFold,4,400,random_fold,29.5035,50.508200384286525
Ridge,RandomKFold,4,417,random_fold,135.725,157.44719921328343
Ridge,RandomKFold,4,425,random_fold,81.2,94.43542408877313
Ridge,RandomKFold,4,444,random_fold,40.53,130.5214509957677
Ridge,RandomKFold,4,453,random_fold,20.0,17.47730703160866
Ridge,RandomKFold,4,455,random_fold,21.5,5.900868528406448
Ridge,RandomKFold,4,459,random_fold,17.5,3.603685860103198
Ridge,RandomKFold,4,465,random_fold,793.0,217.20632763972588
Ridge,RandomKFold,4,486,random_fold,132.68290909090908,128.37295033159822
Ridge,RandomKFold,5,6,random_fold,64.758,154.65348570596342
Ridge,RandomKFold,5,10,random_fold,115.962,153.89819190621785
Ridge,RandomKFold,5,36,random_fold,202.5,132.2993906632858
Ridge,RandomKFold,5,38,random_fold,306.0,114.70896374612099
Ridge,RandomKFold,5,59,random_fold,195.16344,163.1846666644156
Ridge,RandomKFold,5,81,random_fold,82.16,125.87306643285682
Ridge,RandomKFold,5,103,random_fold,35.6915,36.633608537577345
Ridge,RandomKFold,5,111,random_fold,32.8185,24.296077690282814
Ridge,RandomKFold,5,119,random_fold,52.80029999999999,179.11504748141286
Ridge,RandomKFold,5,139,random_fold,148.4943820224719,159.04077262677228
Ridge,RandomKFold,5,150,random_fold,341.31197301854974,127.89376780279093
Ridge,RandomKFold,5,158,random_fold,351.5151515151515,99.01389259468655
Ridge,RandomKFold,5,167,random_fold,136.5,212.68285206939612
Ridge,RandomKFold,5,177,random_fold,138.0,266.25339625905156
Ridge,RandomKFold,5,184,random_fold,63.7,179.36372784582164
Ridge,RandomKFold,5,194,random_fold,86.0,156.6676530415778
Ridge,RandomKFold,5,196,random_fold,478.0,150.84372355231937
Ridge,RandomKFold,5,198,random_fold,194.0,173.19851680180562
Ridge,RandomKFold,5,231,random_fold,23.999375,118.18865096053378
Ridge,RandomKFold,5,237,random_fold,342.3875,290.3462349124277
Ridge,RandomKFold,5,245,random_fold,180.86875,334.136275457752
Ridge,RandomKFold,5,249,random_fold,180.9,161.2582353051346
Ridge,RandomKFold,5,266,random_fold,344.0,153.18440351748256
Ridge,RandomKFold,5,268,random_fold,333.0,144.38370394641902
Ridge,RandomKFold,5,275,random_fold,50.65014,125.88332451096039
Ridge,RandomKFold,5,277,random_fold,30.053279999999997,107.63973067471872
Ridge,RandomKFold,5,280,random_fold,20.53209,89.39613683847705
Ridge,RandomKFold,5,287,random_fold,15.73911,103.22603760167043
Ridge,RandomKFold,5,290,random_fold,22.99335,144.27731075076215
Ridge,RandomKFold,5,291,random_fold,80.3,144.29162261788292
Ridge,RandomKFold,5,302,random_fold,247.0,203.83281383021938
Ridge,RandomKFold,5,321,random_fold,146.75,112.01755950199349
Ridge,RandomKFold,5,331,random_fold,300.0,186.3890334379542
Ridge,RandomKFold,5,338,random_fold,100.0,129.05818358084284
Ridge,RandomKFold,5,346,random_fold,162.0,117.7697481751841
Ridge,RandomKFold,5,352,random_fold,27.86555172413793,44.09635560230129
Ridge,RandomKFold,5,356,random_fold,28.13093793103448,42.66549110060268
Ridge,RandomKFold,5,374,random_fold,25.830924137931035,42.41305780232038
Ridge,RandomKFold,5,378,random_fold,22.28233142857143,37.548099445989266
Ridge,RandomKFold,5,386,random_fold,41.84255862068966,73.6041600152297
Ridge,RandomKFold,5,392,random_fold,24.238606896551723,37.548099445989266
Ridge,RandomKFold,5,405,random_fold,32.93,58.8994084631898
Ridge,RandomKFold,5,423,random_fold,50.9,72.47996917992789
Ridge,RandomKFold,5,440,random_fold,58.0,159.19098389979087
Ridge,RandomKFold,5,457,random_fold,20.0,18.11405327323439
Ridge,RandomKFold,5,462,random_fold,32.725,147.43799423641346
Ridge,RandomKFold,5,472,random_fold,210.0,159.26837733466502
Ridge,RandomKFold,5,474,random_fold,277.0,177.2798904982244
Ridge,RandomKFold,5,477,random_fold,238.0,161.18494751387115
Ridge,RandomKFold,6,2,random_fold,109.185,160.00904605684246
Ridge,RandomKFold,6,69,random_fold,107.12,135.881010969895
Ridge,RandomKFold,6,89,random_fold,44.31,166.17322200258172
Ridge,RandomKFold,6,92,random_fold,47.62,165.45609330015438
Ridge,RandomKFold,6,96,random_fold,45.0,159.7997044148082
Ridge,RandomKFold,6,97,random_fold,32.708,72.62703488452803
Ridge,RandomKFold,6,112,random_fold,32.2048,92.47837285661345
Ridge,RandomKFold,6,122,random_fold,72.5067,207.08577496110013
Ridge,RandomKFold,6,123,random_fold,76.5765,214.00221775010374
Ridge,RandomKFold,6,125,random_fold,96.3819,160.24648706892862
Ridge,RandomKFold,6,129,random_fold,134.885,185.5683573325132
Ridge,RandomKFold,6,143,random_fold,172.08333333333334,175.78618086593875
Ridge,RandomKFold,6,146,random_fold,189.48501872659176,144.74886900150182
Ridge,RandomKFold,6,147,random_fold,362.893760539629,154.5024143297349
Ridge,RandomKFold,6,163,random_fold,154.3,122.19275785324638
Ridge,RandomKFold,6,179,random_fold,58.0,135.4070954565885
Ridge,RandomKFold,6,183,random_fold,135.0,206.51823981811688
Ridge,RandomKFold,6,202,random_fold,704.0,179.8498557529689
Ridge,RandomKFold,6,219,random_fold,339.0,213.65099302610312
Ridge,RandomKFold,6,223,random_fold,509.0,204.79829512946185
Ridge,RandomKFold,6,239,random_fold,85.19375,212.04095336928793
Ridge,RandomKFold,6,246,random_fold,104.275,276.01008072842035
Ridge,RandomKFold,6,262,random_fold,393.0,166.84991757143501
Ridge,RandomKFold,6,278,random_fold,25.84323,102.11060646283235
Ridge,RandomKFold,6,281,random_fold,17.81175,83.18712309551957
Ridge,RandomKFold,6,286,random_fold,20.46732,150.57343403691772
Ridge,RandomKFold,6,294,random_fold,71.9,89.32970218701274
Ridge,RandomKFold,6,296,random_fold,42.8,14.27129904360089
Ridge,RandomKFold,6,299,random_fold,324.0,205.37917664487696
Ridge,RandomKFold,6,301,random_fold,232.0,212.8248926756345
Ridge,RandomKFold,6,322,random_fold,106.7,143.49901083187905
Ridge,RandomKFold,6,323,random_fold,122.9,134.74884712057033
Ridge,RandomKFold,6,332,random_fold,82.5,137.6779377572247
Ridge,RandomKFold,6,333,random_fold,108.0,136.70068906356119
Ridge,RandomKFold,6,342,random_fold,130.0,144.60273316062433
Ridge,RandomKFold,6,347,random_fold,79.5,71.75712596012436
Ridge,RandomKFold,6,353,random_fold,27.423241379310344,44.85937327101557
Ridge,RandomKFold,6,358,random_fold,26.71554482758621,19.72837748087092
Ridge,RandomKFold,6,360,random_fold,31.492496551724138,34.86716417472117
Ridge,RandomKFold,6,368,random_fold,33.08481379310345,45.218216364377355
Ridge,RandomKFold,6,373,random_fold,33.08481379310345,57.015873009556884
Ridge,RandomKFold,6,388,random_fold,56.17341379310345,86.59330425231437
Ridge,RandomKFold,6,391,random_fold,139.32775862068965,126.96340210258167
Ridge,RandomKFold,6,407,random_fold,129.5,125.09720180685841
Ridge,RandomKFold,6,410,random_fold,48.65,63.803286871878306
Ridge,RandomKFold,6,412,random_fold,528.255,288.62496785845894
Ridge,RandomKFold,6,456,random_fold,18.5,1.2364496761873909
Ridge,RandomKFold,6,463,random_fold,41.25,146.62372259970488
Ridge,RandomKFold,6,469,random_fold,81.29,163.38547187498943
Ridge,RandomKFold,7,12,random_fold,112.95,185.87792565933484
Ridge,RandomKFold,7,28,random_fold,99.396,48.93631483623733
Ridge,RandomKFold,7,35,random_fold,113.58677486966627,133.17151809255452
Ridge,RandomKFold,7,41,random_fold,186.44500000000002,207.9910766409295
Ridge,RandomKFold,7,44,random_fold,134.995,184.807761141316
Ridge,RandomKFold,7,51,random_fold,58.5,108.66711274031249
Ridge,RandomKFold,7,65,random_fold,299.52,187.5401929936956
Ridge,RandomKFold,7,85,random_fold,84.0,149.96253370020457
Ridge,RandomKFold,7,95,random_fold,52.28,164.11582580619284
Ridge,RandomKFold,7,107,random_fold,40.7745,55.84093117193066
Ridge,RandomKFold,7,115,random_fold,24.954300000000003,161.07940137434852
Ridge,RandomKFold,7,120,random_fold,48.524800000000006,112.10958510113326
Ridge,RandomKFold,7,127,random_fold,115.07355,182.62942378356246
Ridge,RandomKFold,7,133,random_fold,58.37,197.22500039820386
Ridge,RandomKFold,7,136,random_fold,159.70880149812734,152.99535815269203
Ridge,RandomKFold,7,142,random_fold,189.48501872659176,176.8005898898801
Ridge,RandomKFold,7,159,random_fold,351.5151515151515,103.5168537250752
Ridge,RandomKFold,7,164,random_fold,198.0,120.39860250692084
Ridge,RandomKFold,7,170,random_fold,194.0,121.434757461068
Ridge,RandomKFold,7,178,random_fold,138.0,263.61631888504223
Ridge,RandomKFold,7,186,random_fold,75.0,149.56104212808683
Ridge,RandomKFold,7,197,random_fold,161.0,176.7701601323219
Ridge,RandomKFold,7,206,random_fold,295.0,377.4854899168006
Ridge,RandomKFold,7,221,random_fold,445.0,227.65935422380778
Ridge,RandomKFold,7,224,random_fold,251.0,280.98465459176543
Ridge,RandomKFold,7,232,random_fold,15.05,77.56364661533071
Ridge,RandomKFold,7,233,random_fold,244.29375,289.996388686216
Ridge,RandomKFold,7,240,random_fold,52.675,176.08865707957648
Ridge,RandomKFold,7,242,random_fold,193.76875,265.92378006789556
Ridge,RandomKFold,7,254,random_fold,531.0,371.6069364854543
Ridge,RandomKFold,7,258,random_fold,350.0,159.3476021762075
Ridge,RandomKFold,7,282,random_fold,12.82446,27.835012224950134
Ridge,RandomKFold,7,283,random_fold,17.81175,110.69186689743339
Ridge,RandomKFold,7,285,random_fold,79.01939999999999,152.04375494771003
Ridge,RandomKFold,7,305,random_fold,79.4,157.21637497646725
Ridge,RandomKFold,7,335,random_fold,144.0,163.0246215528784
Ridge,RandomKFold,7,341,random_fold,120.0,153.86996378903365
Ridge,RandomKFold,7,351,random_fold,69.0,75.9444265974694
Ridge,RandomKFold,7,355,random_fold,28.13093793103448,36.902910113526616
Ridge,RandomKFold,7,362,random_fold,25.123227586206898,35.64732099373418
Ridge,RandomKFold,7,364,random_fold,27.95401379310345,33.328989443772855
Ridge,RandomKFold,7,370,random_fold,26.892468965517246,31.01065789381147
Ridge,RandomKFold,7,382,random_fold,32.46557931034483,54.10809071781843
Ridge,RandomKFold,7,390,random_fold,145.07779310344827,119.06768198570491
Ridge,RandomKFold,7,394,random_fold,26.00784827586207,34.54773221486991
Ridge,RandomKFold,7,403,random_fold,28.7025,6.70513586830937
Ridge,RandomKFold,7,439,random_fold,44.0,160.76978298226854
Ridge,RandomKFold,7,449,random_fold,46.63,136.70547311847517
Ridge,RandomKFold,7,475,random_fold,457.5,272.69163985382056
Ridge,RandomKFold,8,4,random_fold,111.0675,161.51283516343716
Ridge,RandomKFold,8,8,random_fold,91.113,159.4231858605575
Ridge,RandomKFold,8,14,random_fold,144.1995,184.60944040349065
Ridge,RandomKFold,8,27,random_fold,81.324,38.423040640781124
Ridge,RandomKFold,8,32,random_fold,143.0398642916827,134.09942170234885
Ridge,RandomKFold,8,40,random_fold,154.84,209.37299897649206
Ridge,RandomKFold,8,47,random_fold,50.0,130.3623481734969
Ridge,RandomKFold,8,61,random_fold,200.37552,172.09163029163287
Ridge,RandomKFold,8,62,random_fold,175.47335999999999,145.88449642442538
Ridge,RandomKFold,8,64,random_fold,279.76,189.73228354538733
Ridge,RandomKFold,8,98,random_fold,29.5035,58.182703124876554
Ridge,RandomKFold,8,100,random_fold,29.9455,52.94930139399233
Ridge,RandomKFold,8,128,random_fold,115.50059999999999,183.31249982846796
Ridge,RandomKFold,8,135,random_fold,170.5365168539326,153.96479179681444
Ridge,RandomKFold,8,138,random_fold,172.08333333333334,147.3056514543377
Ridge,RandomKFold,8,156,random_fold,260.0,227.7094183210391
Ridge,RandomKFold,8,162,random_fold,56.5,113.35716937190139
Ridge,RandomKFold,8,171,random_fold,154.0,125.24495873487686
Ridge,RandomKFold,8,200,random_fold,380.0,177.75539247450274
Ridge,RandomKFold,8,207,random_fold,252.0,273.45326254806787
Ridge,RandomKFold,8,213,random_fold,289.0,232.64640701185635
Ridge,RandomKFold,8,215,random_fold,367.0,302.782286585468
Ridge,RandomKFold,8,216,random_fold,327.0,302.782286585468
Ridge,RandomKFold,8,226,random_fold,357.0,286.554226102096
Ridge,RandomKFold,8,230,random_fold,45.15,173.86005907205345
Ridge,RandomKFold,8,236,random_fold,52.40625,168.20134542004007
Ridge,RandomKFold,8,256,random_fold,204.0,141.9608673590276
Ridge,RandomKFold,8,260,random_fold,361.0,151.6354901044445
Ridge,RandomKFold,8,267,random_fold,294.0,136.8915613677595
Ridge,RandomKFold,8,279,random_fold,23.446740000000002,89.73758863756402
Ridge,RandomKFold,8,288,random_fold,36.53028,148.46347918363182
Ridge,RandomKFold,8,292,random_fold,59.0,108.92067615580494
Ridge,RandomKFold,8,300,random_fold,204.0,212.24431307962186
Ridge,RandomKFold,8,326,random_fold,219.75,209.72375427498235
Ridge,RandomKFold,8,327,random_fold,110.0,210.01246696437715
Ridge,RandomKFold,8,337,random_fold,117.0,131.20905046260967
Ridge,RandomKFold,8,379,random_fold,31.404034482758618,56.989879582738766
Ridge,RandomKFold,8,381,random_fold,30.077103448275864,52.24637207001102
Ridge,RandomKFold,8,395,random_fold,112.535,151.08375381231443
Ridge,RandomKFold,8,404,random_fold,24.475,-22.079303978031305
Ridge,RandomKFold,8,416,random_fold,252.8325,237.16650688395185
Ridge,RandomKFold,8,418,random_fold,144.625,163.13367095190137
Ridge,RandomKFold,8,420,random_fold,137.95000000000002,171.39156451708297
Ridge,RandomKFold,8,424,random_fold,54.2,70.47725359805423
Ridge,RandomKFold,8,436,random_fold,42.5,120.28424248459288
Ridge,RandomKFold,8,438,random_fold,45.0,131.19009879169653
Ridge,RandomKFold,8,448,random_fold,44.46,139.16201141490004
Ridge,RandomKFold,8,452,random_fold,51.06,158.85640861862845
Ridge,RandomKFold,8,464,random_fold,410.5,218.7525491993188
Ridge,RandomKFold,9,1,random_fold,79.065,160.8302574581383
Ridge,RandomKFold,9,13,random_fold,125.751,186.55244167896979
Ridge,RandomKFold,9,34,random_fold,93.20518373755829,131.04513175615284
Ridge,RandomKFold,9,43,random_fold,79.38,180.7942342083046
Ridge,RandomKFold,9,49,random_fold,32.5,109.4008529370131
Ridge,RandomKFold,9,52,random_fold,42.5,91.18646333466445
Ridge,RandomKFold,9,53,random_fold,35.0,86.53636506895849
Ridge,RandomKFold,9,80,random_fold,229.59999999999997,174.60769494198087
Ridge,RandomKFold,9,88,random_fold,42.0,169.0850146630435
Ridge,RandomKFold,9,91,random_fold,44.95,168.30784947391157
Ridge,RandomKFold,9,105,random_fold,32.8185,22.239143840175586
Ridge,RandomKFold,9,134,random_fold,74.49,211.5875768005392
Ridge,RandomKFold,9,161,random_fold,47.5,116.5812803067464
Ridge,RandomKFold,9,166,random_fold,114.5,134.51195458827868
Ridge,RandomKFold,9,190,random_fold,60.0,133.58653937177255
Ridge,RandomKFold,9,201,random_fold,683.0,183.24306137403985
Ridge,RandomKFold,9,205,random_fold,299.0,306.792548282485
Ridge,RandomKFold,9,212,random_fold,407.0,373.34747215712775
Ridge,RandomKFold,9,217,random_fold,264.0,222.50481063581458
Ridge,RandomKFold,9,241,random_fold,374.90625,282.5027144108838
Ridge,RandomKFold,9,251,random_fold,154.2,156.60996330895296
Ridge,RandomKFold,9,259,random_fold,325.0,146.18150559597566
Ridge,RandomKFold,9,263,random_fold,454.0,150.58772067098093
Ridge,RandomKFold,9,264,random_fold,404.0,145.61175149039445
Ridge,RandomKFold,9,269,random_fold,16.51635,62.553556815356956
Ridge,RandomKFold,9,273,random_fold,17.74698,71.12761822230078
Ridge,RandomKFold,9,295,random_fold,45.6,41.540485745507794
Ridge,RandomKFold,9,303,random_fold,237.0,197.67325779499402
Ridge,RandomKFold,9,306,random_fold,84.3,155.80688035406854
Ridge,RandomKFold,9,309,random_fold,178.8,253.41080769566065
Ridge,RandomKFold,9,315,random_fold,170.6,269.529520486299
Ridge,RandomKFold,9,319,random_fold,115.45,128.19887689581896
Ridge,RandomKFold,9,328,random_fold,120.0,209.68082619749717
Ridge,RandomKFold,9,339,random_fold,120.0,133.69082530969467
Ridge,RandomKFold,9,345,random_fold,162.0,129.05262198025227
Ridge,RandomKFold,9,350,random_fold,118.2,35.13615960497724
Ridge,RandomKFold,9,366,random_fold,33.08481379310345,44.993719669098894
Ridge,RandomKFold,9,387,random_fold,39.454082758620686,67.34569192681582
Ridge,RandomKFold,9,389,random_fold,76.962,100.60802078340413
Ridge,RandomKFold,9,401,random_fold,29.5035,33.801457666408126
Ridge,RandomKFold,9,431,random_fold,73.75,274.85439265148415
Ridge,RandomKFold,9,446,random_fold,106.425,167.27501091645289
Ridge,RandomKFold,9,447,random_fold,125.77,167.66770214649256
Ridge,RandomKFold,9,461,random_fold,209.3,281.16211558569904
Ridge,RandomKFold,9,468,random_fold,86.0,154.85516949993735
Ridge,RandomKFold,9,470,random_fold,95.81,95.92183961543398
Ridge,RandomKFold,9,476,random_fold,248.0,142.6157902680498
Ridge,RandomKFold,9,480,random_fold,484.0,163.96911351196366
Ridge,RandomKFold,10,20,random_fold,146.4585,176.83643949109754
Ridge,RandomKFold,10,21,random_fold,178.08450000000002,177.74957783648523
Ridge,RandomKFold,10,48,random_fold,39.0,119.08963446389937
Ridge,RandomKFold,10,50,random_fold,42.5,103.16735610570045
Ridge,RandomKFold,10,54,random_fold,171.99864000000002,176.39947218794805
Ridge,RandomKFold,10,58,random_fold,217.74912,176.39947218794805
Ridge,RandomKFold,10,71,random_fold,252.08,171.21034079387144
Ridge,RandomKFold,10,87,random_fold,344.0,156.21969563478493
Ridge,RandomKFold,10,99,random_fold,30.6085,50.11853214281487
Ridge,RandomKFold,10,102,random_fold,21.437,34.736301651875095
Ridge,RandomKFold,10,106,random_fold,51.051,71.2221182301638
Ridge,RandomKFold,10,121,random_fold,58.476600000000005,203.5429357394072
Ridge,RandomKFold,10,130,random_fold,144.16,189.11253964882178
Ridge,RandomKFold,10,149,random_fold,348.50590219224284,129.47218311309769
Ridge,RandomKFold,10,151,random_fold,344.90893760539626,128.10610282192027
Ridge,RandomKFold,10,160,random_fold,157.0,252.72373972167915
Ridge,RandomKFold,10,169,random_fold,186.0,154.53132457860144
Ridge,RandomKFold,10,174,random_fold,81.7,169.60311083042473
Ridge,RandomKFold,10,187,random_fold,52.5,129.74985382017894
Ridge,RandomKFold,10,188,random_fold,45.0,108.36864810835233
Ridge,RandomKFold,10,189,random_fold,85.0,151.77216972769082
Ridge,RandomKFold,10,191,random_fold,65.0,154.30754700540746
Ridge,RandomKFold,10,214,random_fold,336.0,237.46408241729176
Ridge,RandomKFold,10,235,random_fold,61.00625,201.86893005396877
Ridge,RandomKFold,10,243,random_fold,94.33125,206.00545666729016
Ridge,RandomKFold,10,252,random_fold,307.0,181.15255661595285
Ridge,RandomKFold,10,257,random_fold,122.6,173.76896204368038
Ridge,RandomKFold,10,270,random_fold,50.5206,67.63950043510579
Ridge,RandomKFold,10,276,random_fold,33.356550000000006,115.37317073048155
Ridge,RandomKFold,10,293,random_fold,42.5,68.69283235620587
Ridge,RandomKFold,10,308,random_fold,103.0,191.7297424499556
Ridge,RandomKFold,10,313,random_fold,162.8,231.89866342844283
Ridge,RandomKFold,10,330,random_fold,280.0,187.94254558161057
Ridge,RandomKFold,10,343,random_fold,157.5,167.51953066665868
Ridge,RandomKFold,10,344,random_fold,147.5,141.17198363555133
Ridge,RandomKFold,10,348,random_fold,114.0,69.65230396172454
Ridge,RandomKFold,10,359,random_fold,31.580958620689653,28.443681335887376
Ridge,RandomKFold,10,363,random_fold,29.54633103448276,31.116332049865733
Ridge,RandomKFold,10,372,random_fold,30.16556551724138,53.39013389408413
Ridge,RandomKFold,10,385,random_fold,33.08481379310345,73.08316479898491
Ridge,RandomKFold,10,413,random_fold,284.405,263.54268147049004
Ridge,RandomKFold,10,435,random_fold,140.8,213.14819064439004
Ridge,RandomKFold,10,443,random_fold,86.84,173.7125430598137
Ridge,RandomKFold,10,445,random_fold,50.895,135.53181857440907
Ridge,RandomKFold,10,458,random_fold,22.5,8.30548199469311
Ridge,RandomKFold,10,466,random_fold,1430.0,217.10594458066026
Ridge,RandomKFold,10,484,random_fold,585.5,370.06117055046207
Ridge,RandomKFold,10,487,random_fold,145.62763636363636,124.44821224385271
Ridge,GroupKFold_Source,1,39,Manju et al.,117.845,201.83707089879593
Ridge,GroupKFold_Source,1,45,Arslan et al,65.0,140.4138024197845
Ridge,GroupKFold_Source,1,248,Tan et al,218.0,168.80742694540942
Ridge,GroupKFold_Source,1,253,Pansuk et al,340.0,379.3814591456672
Ridge,GroupKFold_Source,1,353,Batson et al 1972,27.423241379310344,59.058785193455364
Ridge,GroupKFold_Source,1,354,Batson et al 1972,26.892468965517246,59.058785193455364
Ridge,GroupKFold_Source,1,355,Batson et al 1972,28.13093793103448,53.47767297974154
Ridge,GroupKFold_Source,1,356,Batson et al 1972,28.13093793103448,53.47767297974154
Ridge,GroupKFold_Source,1,357,Batson et al 1972,26.36169655172414,53.47767297974154
Ridge,GroupKFold_Source,1,358,Batson et al 1972,26.71554482758621,90.2520186627726
Ridge,GroupKFold_Source,1,359,Batson et al 1972,31.580958620689653,99.6176633742979
Ridge,GroupKFold_Source,1,360,Batson et al 1972,31.492496551724138,104.30048573006056
Ridge,GroupKFold_Source,1,361,Batson et al 1972,27.86555172413793,104.30048573006056
Ridge,GroupKFold_Source,1,362,Batson et al 1972,25.123227586206898,104.30048573006056
Ridge,GroupKFold_Source,1,363,Batson et al 1972,29.54633103448276,101.95907455217923
Ridge,GroupKFold_Source,1,364,Batson et al 1972,27.95401379310345,101.95907455217923
Ridge,GroupKFold_Source,1,365,Batson et al 1972,32.90788965517241,108.74207295598255
Ridge,GroupKFold_Source,1,366,Batson et al 1972,33.08481379310345,113.42489531174522
Ridge,GroupKFold_Source,1,367,Batson et al 1972,31.138648275862067,113.42489531174522
Ridge,GroupKFold_Source,1,368,Batson et al 1972,33.08481379310345,113.42489531174522
Ridge,GroupKFold_Source,1,369,Batson et al 1972,28.30786206896552,99.6176633742979
Ridge,GroupKFold_Source,1,370,Batson et al 1972,26.892468965517246,99.6176633742979
Ridge,GroupKFold_Source,1,371,Batson et al 1972,30.077103448275864,67.01422838611492
Ridge,GroupKFold_Source,1,372,Batson et al 1972,30.16556551724138,67.01422838611492
Ridge,GroupKFold_Source,1,373,Batson et al 1972,33.08481379310345,67.01422838611492
Ridge,GroupKFold_Source,1,374,Batson et al 1972,25.830924137931035,52.965761318826964
Ridge,GroupKFold_Source,1,375,Batson et al 1972,27.06939310344828,57.6485836745896
Ridge,GroupKFold_Source,1,376,Batson et al 1972,25.654,57.6485836745896
Ridge,GroupKFold_Source,1,377,Batson et al 1972,24.327068965517242,43.60011660730166
Ridge,GroupKFold_Source,1,378,Batson et al 1972,22.28233142857143,48.28293896306431
Ridge,GroupKFold_Source,1,379,Batson et al 1972,31.404034482758618,71.24857359479059
Ridge,GroupKFold_Source,1,380,Batson et al 1972,33.70404827586207,66.56575123902793
Ridge,GroupKFold_Source,1,381,Batson et al 1972,30.077103448275864,66.56575123902793
Ridge,GroupKFold_Source,1,382,Batson et al 1972,32.46557931034483,66.56575123902793
Ridge,GroupKFold_Source,1,383,Batson et al 1972,36.62329655172413,85.4872648740502
Ridge,GroupKFold_Source,1,384,Batson et al 1972,34.234820689655166,80.80444251828754
Ridge,GroupKFold_Source,1,385,Batson et al 1972,33.08481379310345,80.80444251828754
Ridge,GroupKFold_Source,1,386,Batson et al 1972,41.84255862068966,80.80444251828754
Ridge,GroupKFold_Source,1,387,Batson et al 1972,39.454082758620686,80.80444251828754
Ridge,GroupKFold_Source,1,388,Batson et al 1972,56.17341379310345,86.80823527375017
Ridge,GroupKFold_Source,1,389,Batson et al 1972,76.962,110.22234705256344
Ridge,GroupKFold_Source,1,390,Batson et al 1972,145.07779310344827,124.2708141198514
Ridge,GroupKFold_Source,1,391,Batson et al 1972,139.32775862068965,124.2708141198514
Ridge,GroupKFold_Source,1,392,Batson et al 1972,24.238606896551723,48.28293896306431
Ridge,GroupKFold_Source,1,393,Batson et al 1972,23.35398620689655,48.28293896306431
Ridge,GroupKFold_Source,1,394,Batson et al 1972,26.00784827586207,48.28293896306431
Ridge,GroupKFold_Source,1,427,Hwang et al,30.5,218.4827319640747
Ridge,GroupKFold_Source,1,461,Danygier and Savir 2010,209.3,286.63548108373936
Ridge,GroupKFold_Source,1,462,Krassowska & Kosior-Kazberuk,32.725,151.1994035618843
Ridge,GroupKFold_Source,2,1,Singh & Jain 2014,79.065,162.83962249289462
Ridge,GroupKFold_Source,2,2,Singh & Jain 2014,109.185,164.19324377051734
Ridge,GroupKFold_Source,2,3,Singh & Jain 2014,123.49199999999999,162.6730652724607
Ridge,GroupKFold_Source,2,4,Singh & Jain 2014,111.0675,162.42937309618446
Ridge,GroupKFold_Source,2,5,Singh & Jain 2014,131.022,161.7139949794519
Ridge,GroupKFold_Source,2,6,Singh & Jain 2014,64.758,164.53918084827558
Ridge,GroupKFold_Source,2,7,Singh & Jain 2014,77.1825,162.21420196889483
Ridge,GroupKFold_Source,2,8,Singh & Jain 2014,91.113,164.56651946714328
Ridge,GroupKFold_Source,2,9,Singh & Jain 2014,101.655,164.11940814418546
Ridge,GroupKFold_Source,2,10,Singh & Jain 2014,115.962,162.9842573233628
Ridge,GroupKFold_Source,2,11,Singh & Jain 2014,104.66699999999999,163.69963544009534
Ridge,GroupKFold_Source,2,12,Singh & Jain 2014,112.95,187.96727884312486
Ridge,GroupKFold_Source,2,13,Singh & Jain 2014,125.751,188.59323469526583
Ridge,GroupKFold_Source,2,14,Singh & Jain 2014,144.1995,186.81707671218373
Ridge,GroupKFold_Source,2,15,Singh & Jain 2014,165.66,188.69494426860663
Ridge,GroupKFold_Source,2,16,Singh & Jain 2014,195.40350000000004,195.06849967210633
Ridge,GroupKFold_Source,2,17,Singh & Jain 2014,160.0125,190.8656532363027
Ridge,GroupKFold_Source,2,18,Singh & Jain 2014,127.6335,182.69190056036365
Ridge,GroupKFold_Source,2,19,Singh & Jain 2014,152.106,184.21207905842027
Ridge,GroupKFold_Source,2,20,Singh & Jain 2014,146.4585,189.15764222982415
Ridge,GroupKFold_Source,2,21,Singh & Jain 2014,178.08450000000002,190.1412871403314
Ridge,GroupKFold_Source,2,22,Singh & Jain 2014,128.01,187.2176910276774
Ridge,GroupKFold_Source,2,23,Singh & Jain 2014,157.0005,185.0715566774798
Ridge,GroupKFold_Source,2,24,Singh & Jain 2014,78.6885,35.62345080863777
Ridge,GroupKFold_Source,2,25,Singh & Jain 2014,77.9355,35.08691722108837
Ridge,GroupKFold_Source,2,26,Singh & Jain 2014,98.643,34.257733784860164
Ridge,GroupKFold_Source,2,27,Singh & Jain 2014,81.324,34.526000578634864
Ridge,GroupKFold_Source,2,28,Singh & Jain 2014,99.396,41.79358706545588
Ridge,GroupKFold_Source,2,29,Singh & Jain 2014,100.149,43.13492103432938
Ridge,GroupKFold_Source,2,30,Singh & Jain 2014,110.3145,42.66342665646745
Ridge,GroupKFold_Source,2,31,Singh & Jain 2014,103.91399999999999,43.82591609615781
Ridge,GroupKFold_Source,2,36,"Shoaib, Lubell and Bindiganavile",202.5,138.3440106589252
Ridge,GroupKFold_Source,2,135,Dinh et al,170.5365168539326,153.98358434671005
Ridge,GroupKFold_Source,2,162,Aoude et al 2012,56.5,110.56719532036644
Ridge,GroupKFold_Source,2,163,Aoude et al 2012,154.3,125.0194444354211
Ridge,GroupKFold_Source,2,164,Aoude et al 2012,198.0,120.58264483138042
Ridge,GroupKFold_Source,2,175,Kang et al 2011,35.4,124.16842650543992
Ridge,GroupKFold_Source,2,176,Kang et al 2011,77.2,184.63125865735478
Ridge,GroupKFold_Source,2,205,Noghabai,299.0,303.7754397364271
Ridge,GroupKFold_Source,2,225,Randl et al 2017,318.0,306.84708662230696
Ridge,GroupKFold_Source,2,226,Randl et al 2017,357.0,298.85452461311274
Ridge,GroupKFold_Source,2,227,Randl et al 2017,266.0,296.65754139716574
Ridge,GroupKFold_Source,2,228,Randl et al 2017,199.0,306.1166285456617
Ridge,GroupKFold_Source,2,229,Randl et al 2017,308.0,314.69580061057655
Ridge,GroupKFold_Source,2,230,Ashour et al,45.15,168.5179942496521
Ridge,GroupKFold_Source,2,269,"Li, Ward, Hamza",16.51635,52.57738103159474
Ridge,GroupKFold_Source,2,416,Huang et al 2005,252.8325,246.1806663887565
Ridge,GroupKFold_Source,2,464,Yoo & Yang,410.5,223.981193064789
Ridge,GroupKFold_Source,2,472,"Shoaib, Lubell and Bindiganavile",210.0,164.9803158755672
Ridge,GroupKFold_Source,3,64,Rosenbusch and Teutsch,279.76,197.23017904954088
Ridge,GroupKFold_Source,3,89,Tahenni et al 2016,44.31,157.74303648070278
Ridge,GroupKFold_Source,3,90,Tahenni et al 2016,43.02,157.74303648070278
Ridge,GroupKFold_Source,3,91,Tahenni et al 2016,44.95,156.0499150915235
Ridge,GroupKFold_Source,3,92,Tahenni et al 2016,47.62,156.0499150915235
Ridge,GroupKFold_Source,3,93,Tahenni et al 2016,42.85,156.0499150915235
Ridge,GroupKFold_Source,3,94,Tahenni et al 2016,49.35,157.45051857166493
Ridge,GroupKFold_Source,3,95,Tahenni et al 2016,52.28,157.45051857166493
Ridge,GroupKFold_Source,3,96,Tahenni et al 2016,45.0,157.45051857166493
Ridge,GroupKFold_Source,3,98,Narayanan and Darwish 1987,29.5035,78.17952822419232
Ridge,GroupKFold_Source,3,99,Narayanan and Darwish 1987,30.6085,63.49297024156885
Ridge,GroupKFold_Source,3,100,Narayanan and Darwish 1987,29.9455,80.60310406759987
Ridge,GroupKFold_Source,3,101,Narayanan and Darwish 1987,22.8735,65.9165460849764
Ridge,GroupKFold_Source,3,102,Narayanan and Darwish 1987,21.437,51.229988102352934
Ridge,GroupKFold_Source,3,103,Narayanan and Darwish 1987,35.6915,69.38447070089256
Ridge,GroupKFold_Source,3,104,Narayanan and Darwish 1987,21.7685,55.43392221224325
Ridge,GroupKFold_Source,3,105,Narayanan and Darwish 1987,32.8185,48.24756436332427
Ridge,GroupKFold_Source,3,106,Narayanan and Darwish 1987,51.051,98.75758666613953
Ridge,GroupKFold_Source,3,107,Narayanan and Darwish 1987,40.7745,84.07102868351605
Ridge,GroupKFold_Source,3,108,Narayanan and Darwish 1987,28.8405,48.06015174383111
Ridge,GroupKFold_Source,3,109,Narayanan and Darwish 1987,61.548500000000004,97.26094246416395
Ridge,GroupKFold_Source,3,110,Narayanan and Darwish 1987,48.841,82.57438448154046
Ridge,GroupKFold_Source,3,111,Narayanan and Darwish 1987,32.8185,53.257520727941284
Ridge,GroupKFold_Source,3,112,Narayanan and Darwish 1987,32.2048,143.88190947159057
Ridge,GroupKFold_Source,3,113,Narayanan and Darwish 1987,38.0205,243.78571206449843
Ridge,GroupKFold_Source,3,114,Narayanan and Darwish 1987,24.3712,136.56912195737922
Ridge,GroupKFold_Source,3,115,Narayanan and Darwish 1987,24.954300000000003,236.47292455028708
Ridge,GroupKFold_Source,3,116,Narayanan and Darwish 1987,47.5456,149.07927845570075
Ridge,GroupKFold_Source,3,117,Narayanan and Darwish 1987,53.55,248.9830810486086
Ridge,GroupKFold_Source,3,118,Narayanan and Darwish 1987,51.94349999999999,243.21766010500397
Ridge,GroupKFold_Source,3,119,Narayanan and Darwish 1987,52.80029999999999,235.37914760094912
Ridge,GroupKFold_Source,3,120,Narayanan and Darwish 1987,48.524800000000006,143.3138575120961
Ridge,GroupKFold_Source,3,121,Narayanan and Darwish 1987,58.476600000000005,273.2246528423038
Ridge,GroupKFold_Source,3,122,Narayanan and Darwish 1987,72.5067,269.4362995768891
Ridge,GroupKFold_Source,3,123,Narayanan and Darwish 1987,76.5765,273.52325594216353
Ridge,GroupKFold_Source,3,124,Narayanan and Darwish 1987,67.473,265.6847434381087
Ridge,GroupKFold_Source,3,174,Kang et al,81.7,169.203959990313
Ridge,GroupKFold_Source,3,177,Casanova & Rossi,138.0,267.8526979894234
Ridge,GroupKFold_Source,3,179,Lim et al,58.0,130.2189069484356
Ridge,GroupKFold_Source,3,195,Zarrinpour and Chao,120.0,162.56162662665832
Ridge,GroupKFold_Source,3,249,Tan et al 1993,180.9,167.13796302453173
Ridge,GroupKFold_Source,3,250,Tan et al 1993,210.3,168.19669843799787
Ridge,GroupKFold_Source,3,251,Tan et al 1993,154.2,153.51014045537437
Ridge,GroupKFold_Source,3,252,Tan et al 1993,307.0,182.8832564206213
Ridge,GroupKFold_Source,3,325,Kang et al,130.65,133.61144270353918
Ridge,GroupKFold_Source,3,399,Jindal,20.915000000000003,46.24529089879624
Ridge,GroupKFold_Source,3,470,Zamanzadeh et al 2015,95.81,66.56292534563701
Ridge,GroupKFold_Source,3,471,Zamanzadeh et al 2015,109.172,38.331605691373014
Ridge,GroupKFold_Source,3,484,"Bae, Choi & Choi 2013",585.5,366.634150274367
Ridge,GroupKFold_Source,4,83,Sahoo et al,148.0,182.78855369506238
Ridge,GroupKFold_Source,4,84,Sahoo et al 2016,98.0,160.41175325498682
Ridge,GroupKFold_Source,4,85,Sahoo et al 2016,84.0,148.04562669599773
Ridge,GroupKFold_Source,4,88,Tahenni et al,42.0,173.45439009781032
Ridge,GroupKFold_Source,4,134,Lim and Oh 1999,74.49,217.02480779785873
Ridge,GroupKFold_Source,4,161,Aoude et al,47.5,121.20222691975448
Ridge,GroupKFold_Source,4,178,Casanova & Rossi 1999,138.0,265.8094151250379
Ridge,GroupKFold_Source,4,270,"Li, Ward, Hamza 1992",50.5206,94.13074785198269
Ridge,GroupKFold_Source,4,271,"Li, Ward, Hamza 1992",20.79117,93.25872443114477
Ridge,GroupKFold_Source,4,272,"Li, Ward, Hamza 1992",66.32448,93.58850734432336
Ridge,GroupKFold_Source,4,273,"Li, Ward, Hamza 1992",17.74698,102.20353115400529
Ridge,GroupKFold_Source,4,274,"Li, Ward, Hamza 1992",61.40196,102.53331406718388
Ridge,GroupKFold_Source,4,275,"Li, Ward, Hamza 1992",50.65014,153.3168542644936
Ridge,GroupKFold_Source,4,276,"Li, Ward, Hamza 1992",33.356550000000006,140.53852348687153
Ridge,GroupKFold_Source,4,277,"Li, Ward, Hamza 1992",30.053279999999997,134.14935809806047
Ridge,GroupKFold_Source,4,278,"Li, Ward, Hamza 1992",25.84323,127.76019270924944
Ridge,GroupKFold_Source,4,279,"Li, Ward, Hamza 1992",23.446740000000002,121.3710273204384
Ridge,GroupKFold_Source,4,280,"Li, Ward, Hamza 1992",20.53209,114.98186193162736
Ridge,GroupKFold_Source,4,281,"Li, Ward, Hamza 1992",17.81175,108.59269654281633
Ridge,GroupKFold_Source,4,282,"Li, Ward, Hamza 1992",12.82446,62.959321275206776
Ridge,GroupKFold_Source,4,283,"Li, Ward, Hamza 1992",17.81175,141.44774103280383
Ridge,GroupKFold_Source,4,284,"Li, Ward, Hamza 1992",25.2603,121.79059156048807
Ridge,GroupKFold_Source,4,285,"Li, Ward, Hamza 1992",79.01939999999999,157.9174558814594
Ridge,GroupKFold_Source,4,286,"Li, Ward, Hamza 1992",20.46732,157.58767296828083
Ridge,GroupKFold_Source,4,287,"Li, Ward, Hamza 1992",15.73911,118.3434630894823
Ridge,GroupKFold_Source,4,288,"Li, Ward, Hamza 1992",36.53028,156.67845542234852
Ridge,GroupKFold_Source,4,289,"Li, Ward, Hamza 1992",79.01939999999999,143.76131867754805
Ridge,GroupKFold_Source,4,290,"Li, Ward, Hamza 1992",22.99335,143.43153576436944
Ridge,GroupKFold_Source,4,317,Greenough and Nehdi 2008,105.6,159.08702973780456
Ridge,GroupKFold_Source,4,318,Greenough and Nehdi 2008,148.9,163.31375758771009
Ridge,GroupKFold_Source,4,319,Greenough and Nehdi 2008,115.45,96.22795501190458
Ridge,GroupKFold_Source,4,320,Greenough and Nehdi 2008,144.1,95.83911978245263
Ridge,GroupKFold_Source,4,321,Greenough and Nehdi 2008,146.75,92.73695587934195
Ridge,GroupKFold_Source,4,322,Greenough and Nehdi 2008,106.7,106.59134335482935
Ridge,GroupKFold_Source,4,323,Greenough and Nehdi 2008,122.9,100.32904954300058
Ridge,GroupKFold_Source,4,324,Greenough and Nehdi 2008,151.35,97.4802982560973
Ridge,GroupKFold_Source,4,400,Jindal 1984,29.5035,28.17234182267879
Ridge,GroupKFold_Source,4,401,Jindal 1984,29.5035,17.949677200581135
Ridge,GroupKFold_Source,4,402,Jindal 1984,40.050000000000004,35.35978894267129
Ridge,GroupKFold_Source,4,403,Jindal 1984,28.7025,-5.530869545719355
Ridge,GroupKFold_Source,4,404,Jindal 1984,24.475,-36.19886341201233
Ridge,GroupKFold_Source,4,405,Jindal 1984,32.93,44.34409784266191
Ridge,GroupKFold_Source,4,412,"Imam, Vandewalle, Mortelmans",528.255,289.7227036979533
Ridge,GroupKFold_Source,4,438,Aoude and Cohen 2014,45.0,127.17012092609723
Ridge,GroupKFold_Source,4,439,Aoude and Cohen 2014,44.0,164.69357693275268
Ridge,GroupKFold_Source,4,440,Aoude and Cohen 2014,58.0,166.83249783808262
Ridge,GroupKFold_Source,4,441,Aoude and Cohen 2014,59.0,169.45829978033296
Ridge,GroupKFold_Source,4,486,Abdul-Zaher et al 2016,132.68290909090908,120.37377156882091
Ridge,GroupKFold_Source,4,487,Abdul-Zaher et al 2016,145.62763636363636,120.78858645497552
Ridge,GroupKFold_Source,5,0,Singh & Jain,112.95,130.01284084581036
Ridge,GroupKFold_Source,5,86,Amin and Foster,274.0,135.58262468547787
Ridge,GroupKFold_Source,5,126,Cucchiara et al 2004,103.31325,131.9738071897814
Ridge,GroupKFold_Source,5,127,Cucchiara et al 2004,115.07355,170.22558978413704
Ridge,GroupKFold_Source,5,128,Cucchiara et al 2004,115.50059999999999,164.05369114646123
Ridge,GroupKFold_Source,5,130,Kwak et al 2002,144.16,181.4274199753873
Ridge,GroupKFold_Source,5,131,Kwak et al 2002,107.06,143.81746358182085
Ridge,GroupKFold_Source,5,132,Kwak et al 2002,67.575,106.78884234512836
Ridge,GroupKFold_Source,5,136,Dinh et al 2010,159.70880149812734,123.38323525196503
Ridge,GroupKFold_Source,5,137,Dinh et al 2010,168.98970037453182,114.66313884319369
Ridge,GroupKFold_Source,5,138,Dinh et al 2010,172.08333333333334,114.66313884319369
Ridge,GroupKFold_Source,5,139,Dinh et al 2010,148.4943820224719,130.43228478823545
Ridge,GroupKFold_Source,5,140,Dinh et al 2010,196.05898876404495,130.43228478823545
Ridge,GroupKFold_Source,5,141,Dinh et al 2010,191.0318352059925,144.7819145553907
Ridge,GroupKFold_Source,5,142,Dinh et al 2010,189.48501872659176,144.7819145553907
Ridge,GroupKFold_Source,5,143,Dinh et al 2010,172.08333333333334,147.0010384309728
Ridge,GroupKFold_Source,5,144,Dinh et al 2010,218.4878277153558,147.0010384309728
Ridge,GroupKFold_Source,5,145,Dinh et al 2010,192.57865168539325,114.70603838555034
Ridge,GroupKFold_Source,5,146,Dinh et al 2010,189.48501872659176,114.70603838555034
Ridge,GroupKFold_Source,5,147,Dinh et al 2010,362.893760539629,127.40754036154004
Ridge,GroupKFold_Source,5,148,Dinh et al 2010,334.5177065767285,127.40754036154004
Ridge,GroupKFold_Source,5,149,Dinh et al 2010,348.50590219224284,97.46398571070824
Ridge,GroupKFold_Source,5,150,Dinh et al 2010,341.31197301854974,97.46398571070824
Ridge,GroupKFold_Source,5,151,Dinh et al 2010,344.90893760539626,100.91068190924705
Ridge,GroupKFold_Source,5,152,Dinh et al 2010,264.97639123102863,80.67119343188713
Ridge,GroupKFold_Source,5,153,Dinh et al 2010,222.21247892074197,80.67119343188713
Ridge,GroupKFold_Source,5,154,Dinh et al 2010,432.035413153457,115.39041140932862
Ridge,GroupKFold_Source,5,155,Dinh et al 2010,418.04721753794263,110.51588577774558
Ridge,GroupKFold_Source,5,156,Lima Araujo et al,260.0,213.41141602412068
Ridge,GroupKFold_Source,5,158,Casanova et al,351.5151515151515,63.494973692695396
Ridge,GroupKFold_Source,5,159,Casanova et al 1997,351.5151515151515,62.08042684021249
Ridge,GroupKFold_Source,5,160,Casanova et al 1997,157.0,247.2070203030703
Ridge,GroupKFold_Source,5,196,Zarrinpour and Chao 2017,478.0,121.97286937427664
Ridge,GroupKFold_Source,5,197,Zarrinpour and Chao 2017,161.0,143.5209614032628
Ridge,GroupKFold_Source,5,198,Zarrinpour and Chao 2017,194.0,143.5209614032628
Ridge,GroupKFold_Source,5,199,Zarrinpour and Chao 2017,267.0,148.281985691588
Ridge,GroupKFold_Source,5,200,Zarrinpour and Chao 2017,380.0,148.281985691588
Ridge,GroupKFold_Source,5,201,Zarrinpour and Chao 2017,683.0,152.72705950406515
Ridge,GroupKFold_Source,5,202,Zarrinpour and Chao 2017,704.0,152.72705950406515
Ridge,GroupKFold_Source,5,203,Zarrinpour and Chao 2017,1045.0,146.93421660208745
Ridge,GroupKFold_Source,5,204,Zarrinpour and Chao 2017,1008.0,146.93421660208745
Ridge,GroupKFold_Source,5,257,"sharma, 1986",122.6,158.718082146977
Ridge,GroupKFold_Source,5,326,Kang et al 2012,219.75,191.5990069648136
Ridge,GroupKFold_Source,5,454,Furlan and de Hanai 1997,22.0,-1.8288880804733338
Ridge,GroupKFold_Source,5,455,Furlan and de Hanai 1997,21.5,-21.82957211147597
Ridge,GroupKFold_Source,5,456,Furlan and de Hanai 1997,18.5,-21.82957211147597
Ridge,GroupKFold_Source,5,457,Furlan and de Hanai 1997,20.0,-6.195037464392541
Ridge,GroupKFold_Source,5,458,Furlan and de Hanai 1997,22.5,-23.0398156573347
Ridge,GroupKFold_Source,5,459,Furlan and de Hanai 1997,17.5,-23.0398156573347
Ridge,GroupKFold_Source,6,37,"Shoaib, Lubell and Bindiganavile 2015",297.5,174.70762715278187
Ridge,GroupKFold_Source,6,38,"Shoaib, Lubell and Bindiganavile 2015",306.0,125.80178131775716
Ridge,GroupKFold_Source,6,40,Manju et al. 2017,154.84,206.97479651178475
Ridge,GroupKFold_Source,6,41,Manju et al. 2017,186.44500000000002,208.04040994708686
Ridge,GroupKFold_Source,6,42,Manju et al. 2017,62.720000000000006,180.41778563861158
Ridge,GroupKFold_Source,6,43,Manju et al. 2017,79.38,181.9647430182822
Ridge,GroupKFold_Source,6,44,Manju et al. 2017,134.995,183.03035645358432
Ridge,GroupKFold_Source,6,46,Arslan et al 2017,44.0,139.6890219593605
Ridge,GroupKFold_Source,6,47,Arslan et al 2017,50.0,135.03797679552784
Ridge,GroupKFold_Source,6,48,Arslan et al 2017,39.0,123.51975802537143
Ridge,GroupKFold_Source,6,49,Arslan et al 2017,32.5,111.21329206640485
Ridge,GroupKFold_Source,6,50,Arslan et al 2017,42.5,110.02792330202527
Ridge,GroupKFold_Source,6,51,Arslan et al 2017,58.5,113.06233644994275
Ridge,GroupKFold_Source,6,52,Arslan et al 2017,42.5,89.6689149723554
Ridge,GroupKFold_Source,6,53,Arslan et al 2017,35.0,85.01786980852272
Ridge,GroupKFold_Source,6,87,Amin and Foster 2016,344.0,164.55311939775305
Ridge,GroupKFold_Source,6,133,Lim and Oh,58.37,218.9678041046535
Ridge,GroupKFold_Source,6,157,Lima Araujo et al 2014,290.5,225.7581308336201
Ridge,GroupKFold_Source,6,180,Lim et al 1987,147.5,211.81056635411647
Ridge,GroupKFold_Source,6,181,Lim et al 1987,82.6,186.80051286061394
Ridge,GroupKFold_Source,6,182,Lim et al 1987,67.4,161.7904593671114
Ridge,GroupKFold_Source,6,183,Lim et al 1987,135.0,212.53321468009636
Ridge,GroupKFold_Source,6,184,Lim et al 1987,63.7,187.52316118659382
Ridge,GroupKFold_Source,6,185,Lim et al 1987,49.4,162.51310769309126
Ridge,GroupKFold_Source,6,186,Mansur et al,75.0,156.80242980287292
Ridge,GroupKFold_Source,6,327,Dupont and Vandewalle,110.0,216.83275981430603
Ridge,GroupKFold_Source,6,328,Dupont and Vandewalle,120.0,214.0676326751317
Ridge,GroupKFold_Source,6,329,Dupont and Vandewalle,155.0,217.39952883129152
Ridge,GroupKFold_Source,6,330,Dupont and Vandewalle,280.0,194.1908397898357
Ridge,GroupKFold_Source,6,331,Dupont and Vandewalle,300.0,195.1587287604616
Ridge,GroupKFold_Source,6,332,Dupont and Vandewalle,82.5,144.18767055947995
Ridge,GroupKFold_Source,6,333,Dupont and Vandewalle,108.0,143.39063173408806
Ridge,GroupKFold_Source,6,334,Dupont and Vandewalle,108.0,168.85912757904936
Ridge,GroupKFold_Source,6,335,Dupont and Vandewalle,144.0,168.06208875365746
Ridge,GroupKFold_Source,6,336,Dupont and Vandewalle,82.5,131.66570605607933
Ridge,GroupKFold_Source,6,337,Dupont and Vandewalle,117.0,132.63359502670522
Ridge,GroupKFold_Source,6,338,Dupont and Vandewalle,100.0,138.06427895832508
Ridge,GroupKFold_Source,6,339,Dupont and Vandewalle,120.0,136.92301020475665
Ridge,GroupKFold_Source,6,340,Dupont and Vandewalle,100.0,162.73573597789445
Ridge,GroupKFold_Source,6,341,Dupont and Vandewalle,120.0,161.59446722432602
Ridge,GroupKFold_Source,6,342,Dupont and Vandewalle,130.0,150.6483023540349
Ridge,GroupKFold_Source,6,343,Dupont and Vandewalle,157.5,174.83841542923582
Ridge,GroupKFold_Source,6,344,Dupont and Vandewalle,147.5,146.5452932978784
Ridge,GroupKFold_Source,6,345,Dupont and Vandewalle,162.0,133.74556806384095
Ridge,GroupKFold_Source,6,346,Dupont and Vandewalle,162.0,130.15413804670675
Ridge,GroupKFold_Source,6,406,"shin, oh, ghosh",119.7,125.75908099617348
Ridge,GroupKFold_Source,6,436,Chalioris and Sfiri 2011,42.5,122.84636937919723
Ridge,GroupKFold_Source,6,469,Zamanzadeh et al,81.29,162.6926214344311
Ridge,GroupKFold_Source,6,473,"Shoaib, Lubell and Bindiganavile 2014",280.0,242.73895766403984
Ridge,GroupKFold_Source,7,55,Parra-Montesinos et al 2006,148.25472,168.4991251310335
Ridge,GroupKFold_Source,7,56,Parra-Montesinos et al 2006,188.79312,180.27873624346523
Ridge,GroupKFold_Source,7,57,Parra-Montesinos et al 2006,189.95136,180.27873624346523
Ridge,GroupKFold_Source,7,58,Parra-Montesinos et al 2006,217.74912,185.13112367831474
Ridge,GroupKFold_Source,7,59,Parra-Montesinos et al 2006,195.16344,168.4991251310335
Ridge,GroupKFold_Source,7,60,Parra-Montesinos et al 2006,146.51736,174.24385057517395
Ridge,GroupKFold_Source,7,61,Parra-Montesinos et al 2006,200.37552,174.24385057517395
Ridge,GroupKFold_Source,7,62,Parra-Montesinos et al 2006,175.47335999999999,145.74405075017464
Ridge,GroupKFold_Source,7,63,Parra-Montesinos et al 2006,178.94807999999998,145.74405075017464
Ridge,GroupKFold_Source,7,65,Rosenbusch and Teutsch 2003,299.52,192.70347737693947
Ridge,GroupKFold_Source,7,66,Rosenbusch and Teutsch 2003,107.63999999999999,168.5013652892361
Ridge,GroupKFold_Source,7,67,Rosenbusch and Teutsch 2003,144.04,165.9147981149414
Ridge,GroupKFold_Source,7,68,Rosenbusch and Teutsch 2003,81.64,143.13804849588243
Ridge,GroupKFold_Source,7,69,Rosenbusch and Teutsch 2003,107.12,140.55148132158774
Ridge,GroupKFold_Source,7,70,Rosenbusch and Teutsch 2003,243.8,180.97983782550438
Ridge,GroupKFold_Source,7,71,Rosenbusch and Teutsch 2003,252.08,181.91203726605653
Ridge,GroupKFold_Source,7,72,Rosenbusch and Teutsch 2003,258.52,180.97983782550438
Ridge,GroupKFold_Source,7,73,Rosenbusch and Teutsch 2003,263.12,180.97983782550438
Ridge,GroupKFold_Source,7,74,Rosenbusch and Teutsch 2003,109.72,216.16726411085148
Ridge,GroupKFold_Source,7,75,Rosenbusch and Teutsch 2003,120.12,212.69841511277167
Ridge,GroupKFold_Source,7,76,Rosenbusch and Teutsch 2003,154.96,215.86882283609387
Ridge,GroupKFold_Source,7,77,Rosenbusch and Teutsch 2003,110.76,179.58944058126457
Ridge,GroupKFold_Source,7,78,Rosenbusch and Teutsch 2003,131.55999999999997,180.52164002181672
Ridge,GroupKFold_Source,7,79,Rosenbusch and Teutsch 2003,153.36,176.47439464065235
Ridge,GroupKFold_Source,7,80,Rosenbusch and Teutsch 2003,229.59999999999997,176.67871323494498
Ridge,GroupKFold_Source,7,81,Rosenbusch and Teutsch 2003,82.16,131.3691809289551
Ridge,GroupKFold_Source,7,82,Rosenbusch and Teutsch 2003,117.0,129.12159536940663
Ridge,GroupKFold_Source,7,165,Minelli & Plizzari,129.0,128.86251752190194
Ridge,GroupKFold_Source,7,187,Mansur et al 1986,52.5,134.8322276549307
Ridge,GroupKFold_Source,7,188,Mansur et al 1986,45.0,114.48602541252018
Ridge,GroupKFold_Source,7,189,Mansur et al 1986,85.0,154.72085459548566
Ridge,GroupKFold_Source,7,190,Mansur et al 1986,60.0,134.37465235307513
Ridge,GroupKFold_Source,7,191,Mansur et al 1986,65.0,160.52241126890812
Ridge,GroupKFold_Source,7,192,Mansur et al 1986,45.0,126.49332981022512
Ridge,GroupKFold_Source,7,193,Mansur et al 1986,60.0,152.64108872605811
Ridge,GroupKFold_Source,7,194,Mansur et al 1986,86.0,163.4885003979377
Ridge,GroupKFold_Source,7,298,Adebar et al,276.0,214.59235975432216
Ridge,GroupKFold_Source,7,304,Cho and Kim,60.9,165.1803904516043
Ridge,GroupKFold_Source,7,395,zhao et al,112.535,156.69908387029676
Ridge,GroupKFold_Source,7,413,"Imam, Vandewalle, Mortelmans 1994",284.405,274.23394354995196
Ridge,GroupKFold_Source,7,414,"Imam, Vandewalle, Mortelmans 1994",208.79,250.07237180223723
Ridge,GroupKFold_Source,7,415,"Imam, Vandewalle, Mortelmans 1994",211.83,224.04640117341816
Ridge,GroupKFold_Source,7,417,"Kwak, Suh, Hsu",135.725,165.43699824344432
Ridge,GroupKFold_Source,7,418,"Kwak, Suh, Hsu 1991",144.625,165.58311100842116
Ridge,GroupKFold_Source,7,419,"Kwak, Suh, Hsu 1991",133.5,170.18351150993672
Ridge,GroupKFold_Source,7,420,"Kwak, Suh, Hsu 1991",137.95000000000002,171.32319107675596
Ridge,GroupKFold_Source,7,421,Roberts and Ho,32.8,50.52084941909561
Ridge,GroupKFold_Source,7,435,Spinella et al 2012,140.8,217.57424301542505
Ridge,GroupKFold_Source,7,453,Furlan and de Hanai,20.0,17.50256664136282
Ridge,GroupKFold_Source,8,32,Sahoo & Sharma,143.0398642916827,128.26347840475307
Ridge,GroupKFold_Source,8,33,Sahoo & Sharma 2014,108.46180962464278,131.81860557741282
Ridge,GroupKFold_Source,8,34,Sahoo & Sharma 2014,93.20518373755829,124.67006438113941
Ridge,GroupKFold_Source,8,35,Sahoo & Sharma 2014,113.58677486966627,124.70840050094395
Ridge,GroupKFold_Source,8,129,Kwak et al,134.885,176.68122268360702
Ridge,GroupKFold_Source,8,206,Noghabai 2000,295.0,241.1616137353385
Ridge,GroupKFold_Source,8,207,Noghabai 2000,252.0,269.40319025349675
Ridge,GroupKFold_Source,8,208,Noghabai 2000,262.0,269.33147488374027
Ridge,GroupKFold_Source,8,209,Noghabai 2000,189.0,161.0201246564716
Ridge,GroupKFold_Source,8,210,Noghabai 2000,310.0,282.93535688164553
Ridge,GroupKFold_Source,8,211,Noghabai 2000,363.0,262.2945217878561
Ridge,GroupKFold_Source,8,212,Noghabai 2000,407.0,253.64042376367178
Ridge,GroupKFold_Source,8,213,Noghabai 2000,289.0,198.30169946072925
Ridge,GroupKFold_Source,8,214,Noghabai 2000,336.0,198.30169946072925
Ridge,GroupKFold_Source,8,215,Noghabai 2000,367.0,188.80658387828046
Ridge,GroupKFold_Source,8,216,Noghabai 2000,327.0,188.80658387828046
Ridge,GroupKFold_Source,8,217,Noghabai 2000,264.0,217.0481603964387
Ridge,GroupKFold_Source,8,218,Noghabai 2000,312.0,217.0481603964387
Ridge,GroupKFold_Source,8,219,Noghabai 2000,339.0,210.01893613558548
Ridge,GroupKFold_Source,8,220,Noghabai 2000,292.0,221.86963809294807
Ridge,GroupKFold_Source,8,221,Noghabai 2000,445.0,189.28126867624664
Ridge,GroupKFold_Source,8,222,Noghabai 2000,596.0,179.78615309379785
Ridge,GroupKFold_Source,8,223,Noghabai 2000,509.0,200.9985053511029
Ridge,GroupKFold_Source,8,292,Swamy et al 1993,59.0,116.51607766930056
Ridge,GroupKFold_Source,8,293,Swamy et al 1993,42.5,73.63317744082724
Ridge,GroupKFold_Source,8,294,Swamy et al 1993,71.9,91.5056822282384
Ridge,GroupKFold_Source,8,295,Swamy et al 1993,45.6,50.13041019009492
Ridge,GroupKFold_Source,8,296,Swamy et al 1993,42.8,13.266137433128605
Ridge,GroupKFold_Source,8,297,Swamy et al 1993,67.8,42.97225708795416
Ridge,GroupKFold_Source,8,347,Swamy and Bahia,79.5,72.98143369956412
Ridge,GroupKFold_Source,8,422,Roberts and Ho 1982,36.2,60.17399212120177
Ridge,GroupKFold_Source,8,423,Roberts and Ho 1982,50.9,80.36385011428507
Ridge,GroupKFold_Source,8,424,Roberts and Ho 1982,54.2,80.97624799970365
Ridge,GroupKFold_Source,8,425,Roberts and Ho 1982,81.2,101.94230957034297
Ridge,GroupKFold_Source,8,426,Roberts and Ho 1982,107.6,102.55470745576154
Ridge,GroupKFold_Source,8,442,Qissab and Salman,73.145,164.62761596422052
Ridge,GroupKFold_Source,8,460,Danygier and Savir,200.6,268.76396554984495
Ridge,GroupKFold_Source,8,463,Krassowska & Kosior-Kazberuk 2018,41.25,136.32298116485333
Ridge,GroupKFold_Source,8,467,Gali & Subramaniam,79.0,153.78224854748964
Ridge,GroupKFold_Source,8,474,Shoaib 2012,277.0,169.43925272578517
Ridge,GroupKFold_Source,8,475,Shoaib 2012,457.5,258.7663152271897
Ridge,GroupKFold_Source,8,476,Shoaib 2012,248.0,131.68959404814512
Ridge,GroupKFold_Source,8,477,Shoaib 2012,238.0,157.572003451954
Ridge,GroupKFold_Source,8,478,Shoaib 2012,440.0,171.3341089508267
Ridge,GroupKFold_Source,8,479,Shoaib 2012,479.0,128.40770361476817
Ridge,GroupKFold_Source,8,480,Shoaib 2012,484.0,151.10103529601162
Ridge,GroupKFold_Source,8,481,Shoaib 2012,632.5,158.22559886232565
Ridge,GroupKFold_Source,8,482,Shoaib 2012,630.5,180.9189305435691
Ridge,GroupKFold_Source,8,485,Abdul-Zaher et al,126.21090909090908,125.85691179799593
Ridge,GroupKFold_Source,9,224,Randl et al,251.0,321.1904900829875
Ridge,GroupKFold_Source,9,231,Ashour et al 1992,23.999375,204.24506747230384
Ridge,GroupKFold_Source,9,232,Ashour et al 1992,15.05,222.77656529168956
Ridge,GroupKFold_Source,9,233,Ashour et al 1992,244.29375,273.39031425706924
Ridge,GroupKFold_Source,9,234,Ashour et al 1992,129.5375,281.93816978560346
Ridge,GroupKFold_Source,9,235,Ashour et al 1992,61.00625,292.81213820596395
Ridge,GroupKFold_Source,9,236,Ashour et al 1992,52.40625,310.2747725467357
Ridge,GroupKFold_Source,9,237,Ashour et al 1992,342.3875,266.9797597050458
Ridge,GroupKFold_Source,9,238,Ashour et al 1992,162.8625,275.3680833711004
Ridge,GroupKFold_Source,9,239,Ashour et al 1992,85.19375,295.70229123650654
Ridge,GroupKFold_Source,9,240,Ashour et al 1992,52.675,317.2170348842625
Ridge,GroupKFold_Source,9,241,Ashour et al 1992,374.90625,268.2267345520476
Ridge,GroupKFold_Source,9,242,Ashour et al 1992,193.76875,276.93412194306154
Ridge,GroupKFold_Source,9,243,Ashour et al 1992,94.33125,294.50842858756903
Ridge,GroupKFold_Source,9,244,Ashour et al 1992,53.2125,318.0173205163211
Ridge,GroupKFold_Source,9,245,Ashour et al 1992,180.86875,333.8006162883727
Ridge,GroupKFold_Source,9,246,Ashour et al 1992,104.275,349.46054058312393
Ridge,GroupKFold_Source,9,247,Ashour et al 1992,78.74375,368.15157026498935
Ridge,GroupKFold_Source,9,254,Pansuk et al 2017,531.0,419.656267643992
Ridge,GroupKFold_Source,9,255,Kim et al,114.0,140.14275111797815
Ridge,GroupKFold_Source,9,259,Narayanan and Darwish 1988,325.0,56.86638116667443
Ridge,GroupKFold_Source,9,260,Narayanan and Darwish 1988,361.0,51.11816600273643
Ridge,GroupKFold_Source,9,261,Narayanan and Darwish 1988,396.0,64.20747316040044
Ridge,GroupKFold_Source,9,262,Narayanan and Darwish 1988,393.0,62.38374181346285
Ridge,GroupKFold_Source,9,263,Narayanan and Darwish 1988,454.0,53.6284902317405
Ridge,GroupKFold_Source,9,264,Narayanan and Darwish 1988,404.0,50.28411729866954
Ridge,GroupKFold_Source,9,265,Narayanan and Darwish 1988,342.0,48.6972003946282
Ridge,GroupKFold_Source,9,266,Narayanan and Darwish 1988,344.0,55.29485313129162
Ridge,GroupKFold_Source,9,267,Narayanan and Darwish 1988,294.0,24.439370481462845
Ridge,GroupKFold_Source,9,268,Narayanan and Darwish 1988,333.0,30.32609620696347
Ridge,GroupKFold_Source,9,291,Swamy et al,80.3,69.99093911862403
Ridge,GroupKFold_Source,9,396,zhao et al 2018,138.06,111.26974772822061
Ridge,GroupKFold_Source,9,397,zhao et al 2018,155.45,113.85254225111106
Ridge,GroupKFold_Source,9,398,zhao et al 2018,148.805,111.77700638959449
Ridge,GroupKFold_Source,9,407,"shin, oh, ghosh 1994",129.5,157.99743517071624
Ridge,GroupKFold_Source,9,408,"shin, oh, ghosh 1994",55.825,166.27816247394628
Ridge,GroupKFold_Source,9,409,"shin, oh, ghosh 1994",71.74999999999999,166.38575883677078
Ridge,GroupKFold_Source,9,410,"shin, oh, ghosh 1994",48.65,178.86064797302808
Ridge,GroupKFold_Source,9,411,"shin, oh, ghosh 1994",60.2,178.9682443358526
Ridge,GroupKFold_Source,9,428,Hwang et al 2013,52.0,219.01541792986453
Ridge,GroupKFold_Source,9,429,Hwang et al 2013,54.0,220.15308039128684
Ridge,GroupKFold_Source,9,430,Hwang et al 2013,47.5,212.83555414128546
Ridge,GroupKFold_Source,9,431,Hwang et al 2013,73.75,296.1914928279688
Ridge,GroupKFold_Source,9,432,Hwang et al 2013,72.7,331.5866268743959
Ridge,GroupKFold_Source,9,433,Hwang et al 2013,81.15,344.0510515718763
Ridge,GroupKFold_Source,9,437,Cohen and Aoude 2012,43.33,194.09520135374655
Ridge,GroupKFold_Source,9,468,Gali & Subramaniam 2017,86.0,121.76526951305647
Ridge,GroupKFold_Source,9,483,"Bae, Choi & Choi",371.5,510.9039359274474
Ridge,GroupKFold_Source,10,54,Parra-Montesinos et al,171.99864000000002,174.4516427217779
Ridge,GroupKFold_Source,10,97,Narayanan and Darwish,32.708,80.29019383998283
Ridge,GroupKFold_Source,10,125,Cucchiara et al,96.3819,162.53484357748138
Ridge,GroupKFold_Source,10,166,Minelli & Plizzari 2013,114.5,141.07605695420716
Ridge,GroupKFold_Source,10,167,Minelli & Plizzari 2013,136.5,240.75890889887447
Ridge,GroupKFold_Source,10,168,Minelli & Plizzari 2013,136.0,145.70866941392615
Ridge,GroupKFold_Source,10,169,Minelli & Plizzari 2013,186.0,165.58773275660272
Ridge,GroupKFold_Source,10,170,Minelli & Plizzari 2013,194.0,131.8466409431403
Ridge,GroupKFold_Source,10,171,Minelli & Plizzari 2013,154.0,131.8466409431403
Ridge,GroupKFold_Source,10,172,Minelli & Plizzari 2013,247.0,133.28224759888374
Ridge,GroupKFold_Source,10,173,Minelli & Plizzari 2013,328.0,161.07792235719774
Ridge,GroupKFold_Source,10,256,Kim et al 2017,204.0,133.01412451799087
Ridge,GroupKFold_Source,10,258,Narayanan and Darwish,350.0,168.50332325362695
Ridge,GroupKFold_Source,10,299,Adebar et al 1997,324.0,213.87690084141707
Ridge,GroupKFold_Source,10,300,Adebar et al 1997,204.0,219.32982664927698
Ridge,GroupKFold_Source,10,301,Adebar et al 1997,232.0,220.69185181615438
Ridge,GroupKFold_Source,10,302,Adebar et al 1997,247.0,212.15381911363386
Ridge,GroupKFold_Source,10,303,Adebar et al 1997,237.0,206.43067228329392
Ridge,GroupKFold_Source,10,305,Cho and Kim 2003,79.4,173.21999010083846
Ridge,GroupKFold_Source,10,306,Cho and Kim 2003,84.3,171.4928450969706
Ridge,GroupKFold_Source,10,307,Cho and Kim 2003,95.2,203.1969875551496
Ridge,GroupKFold_Source,10,308,Cho and Kim 2003,103.0,206.10245501100076
Ridge,GroupKFold_Source,10,309,Cho and Kim 2003,178.8,260.49013699957754
Ridge,GroupKFold_Source,10,310,Cho and Kim 2003,169.5,257.1279523040442
Ridge,GroupKFold_Source,10,311,Cho and Kim 2003,186.7,256.6725048381384
Ridge,GroupKFold_Source,10,312,Cho and Kim 2003,157.9,246.27618697456745
Ridge,GroupKFold_Source,10,313,Cho and Kim 2003,162.8,244.63987750912545
Ridge,GroupKFold_Source,10,314,Cho and Kim 2003,153.5,274.6604809940121
Ridge,GroupKFold_Source,10,315,Cho and Kim 2003,170.6,277.20260629615984
Ridge,GroupKFold_Source,10,316,Greenough and Nehdi,90.85,160.19335345888277
Ridge,GroupKFold_Source,10,348,Swamy and Bahia 1985,114.0,51.35986948529724
Ridge,GroupKFold_Source,10,349,Swamy and Bahia 1985,115.0,54.634616962202074
Ridge,GroupKFold_Source,10,350,Swamy and Bahia 1985,118.2,24.462205165777306
Ridge,GroupKFold_Source,10,351,Swamy and Bahia 1985,69.0,51.50883976831565
Ridge,GroupKFold_Source,10,352,Batson et al,27.86555172413793,39.3729762021087
Ridge,GroupKFold_Source,10,434,Spinella et al,113.75,198.45508905882917
Ridge,GroupKFold_Source,10,443,Qissab and Salman 2018,86.84,188.95899305746144
Ridge,GroupKFold_Source,10,444,Qissab and Salman 2018,40.53,143.5068087531789
Ridge,GroupKFold_Source,10,445,Qissab and Salman 2018,50.895,144.17141431177518
Ridge,GroupKFold_Source,10,446,Qissab and Salman 2018,106.425,188.25272371567996
Ridge,GroupKFold_Source,10,447,Qissab and Salman 2018,125.77,188.91732927427626
Ridge,GroupKFold_Source,10,448,Qissab and Salman 2018,44.46,146.45098355303946
Ridge,GroupKFold_Source,10,449,Qissab and Salman 2018,46.63,147.11558911163573
Ridge,GroupKFold_Source,10,450,Qissab and Salman 2018,42.03,140.2350461215226
Ridge,GroupKFold_Source,10,451,Qissab and Salman 2018,21.345,175.27474008138304
Ridge,GroupKFold_Source,10,452,Qissab and Salman 2018,51.06,179.0690331435374
Ridge,GroupKFold_Source,10,465,Yoo & Yang 2018,793.0,208.70097599629293
Ridge,GroupKFold_Source,10,466,Yoo & Yang 2018,1430.0,213.49124377236217
Ridge,LeaveOneSourceOut,1,485,Abdul-Zaher et al,126.21090909090908,131.58130903570435
Ridge,LeaveOneSourceOut,2,486,Abdul-Zaher et al 2016,132.68290909090908,117.31019628416284
Ridge,LeaveOneSourceOut,2,487,Abdul-Zaher et al 2016,145.62763636363636,115.99536943367502
Ridge,LeaveOneSourceOut,3,298,Adebar et al,276.0,210.67590645615184
Ridge,LeaveOneSourceOut,4,299,Adebar et al 1997,324.0,203.46267978558478
Ridge,LeaveOneSourceOut,4,300,Adebar et al 1997,204.0,211.4878060729584
Ridge,LeaveOneSourceOut,4,301,Adebar et al 1997,232.0,212.34154360274664
Ridge,LeaveOneSourceOut,4,302,Adebar et al 1997,247.0,204.43563811930568
Ridge,LeaveOneSourceOut,4,303,Adebar et al 1997,237.0,198.32647564422166
Ridge,LeaveOneSourceOut,5,86,Amin and Foster,274.0,156.80395018638146
Ridge,LeaveOneSourceOut,6,87,Amin and Foster 2016,344.0,157.79116386532945
Ridge,LeaveOneSourceOut,7,438,Aoude and Cohen 2014,45.0,128.98887096265753
Ridge,LeaveOneSourceOut,7,439,Aoude and Cohen 2014,44.0,160.4969909636698
Ridge,LeaveOneSourceOut,7,440,Aoude and Cohen 2014,58.0,161.18570865481342
Ridge,LeaveOneSourceOut,7,441,Aoude and Cohen 2014,59.0,163.87589820223232
Ridge,LeaveOneSourceOut,8,161,Aoude et al,47.5,112.55560555685206
Ridge,LeaveOneSourceOut,9,162,Aoude et al 2012,56.5,108.15334831740661
Ridge,LeaveOneSourceOut,9,163,Aoude et al 2012,154.3,121.41660360569725
Ridge,LeaveOneSourceOut,9,164,Aoude et al 2012,198.0,117.9928796784395
Ridge,LeaveOneSourceOut,10,45,Arslan et al,65.0,140.21940921918315
Ridge,LeaveOneSourceOut,11,46,Arslan et al 2017,44.0,137.01966726614765
Ridge,LeaveOneSourceOut,11,47,Arslan et al 2017,50.0,136.93867732384064
Ridge,LeaveOneSourceOut,11,48,Arslan et al 2017,39.0,129.83770793344578
Ridge,LeaveOneSourceOut,11,49,Arslan et al 2017,32.5,109.18394271020382
Ridge,LeaveOneSourceOut,11,50,Arslan et al 2017,42.5,112.6457461342215
Ridge,LeaveOneSourceOut,11,51,Arslan et al 2017,58.5,120.42122851816231
Ridge,LeaveOneSourceOut,11,52,Arslan et al 2017,42.5,88.43380488690941
Ridge,LeaveOneSourceOut,11,53,Arslan et al 2017,35.0,88.35281494460239
Ridge,LeaveOneSourceOut,12,230,Ashour et al,45.15,168.51383393178315
Ridge,LeaveOneSourceOut,13,231,Ashour et al 1992,23.999375,149.69983856552506
Ridge,LeaveOneSourceOut,13,232,Ashour et al 1992,15.05,116.27398874247022
Ridge,LeaveOneSourceOut,13,233,Ashour et al 1992,244.29375,304.5880327598139
Ridge,LeaveOneSourceOut,13,234,Ashour et al 1992,129.5375,287.29268744538456
Ridge,LeaveOneSourceOut,13,235,Ashour et al 1992,61.00625,247.65435332470867
Ridge,LeaveOneSourceOut,13,236,Ashour et al 1992,52.40625,213.3613442351109
Ridge,LeaveOneSourceOut,13,237,Ashour et al 1992,342.3875,300.22086550268
Ridge,LeaveOneSourceOut,13,238,Ashour et al 1992,162.8625,282.79609343205016
Ridge,LeaveOneSourceOut,13,239,Ashour et al 1992,85.19375,250.8327659540603
Ridge,LeaveOneSourceOut,13,240,Ashour et al 1992,52.675,219.82719647195364
Ridge,LeaveOneSourceOut,13,241,Ashour et al 1992,374.90625,302.0661825431671
Ridge,LeaveOneSourceOut,13,242,Ashour et al 1992,193.76875,284.9002639849382
Ridge,LeaveOneSourceOut,13,243,Ashour et al 1992,94.33125,250.6978536246807
Ridge,LeaveOneSourceOut,13,244,Ashour et al 1992,53.2125,221.3101185950795
Ridge,LeaveOneSourceOut,13,245,Ashour et al 1992,180.86875,349.44081388805637
Ridge,LeaveOneSourceOut,13,246,Ashour et al 1992,104.275,313.6852824533937
Ridge,LeaveOneSourceOut,13,247,Ashour et al 1992,78.74375,280.3888593865393
Ridge,LeaveOneSourceOut,14,483,"Bae, Choi & Choi",371.5,357.59366436114317
Ridge,LeaveOneSourceOut,15,484,"Bae, Choi & Choi 2013",585.5,360.6965661842168
Ridge,LeaveOneSourceOut,16,352,Batson et al,27.86555172413793,44.808859031273414
Ridge,LeaveOneSourceOut,17,353,Batson et al 1972,27.423241379310344,59.03407074547947
Ridge,LeaveOneSourceOut,17,354,Batson et al 1972,26.892468965517246,59.03407074547947
Ridge,LeaveOneSourceOut,17,355,Batson et al 1972,28.13093793103448,53.35123929262842
Ridge,LeaveOneSourceOut,17,356,Batson et al 1972,28.13093793103448,53.35123929262842
Ridge,LeaveOneSourceOut,17,357,Batson et al 1972,26.36169655172414,53.35123929262842
Ridge,LeaveOneSourceOut,17,358,Batson et al 1972,26.71554482758621,90.20258976682085
Ridge,LeaveOneSourceOut,17,359,Batson et al 1972,31.580958620689653,99.46631974975224
Ridge,LeaveOneSourceOut,17,360,Batson et al 1972,31.492496551724138,104.09818474121795
Ridge,LeaveOneSourceOut,17,361,Batson et al 1972,27.86555172413793,104.09818474121795
Ridge,LeaveOneSourceOut,17,362,Batson et al 1972,25.123227586206898,104.09818474121795
Ridge,LeaveOneSourceOut,17,363,Batson et al 1972,29.54633103448276,101.78225224548511
Ridge,LeaveOneSourceOut,17,364,Batson et al 1972,27.95401379310345,101.78225224548511
Ridge,LeaveOneSourceOut,17,365,Batson et al 1972,32.90788965517241,108.56522431336242
Ridge,LeaveOneSourceOut,17,366,Batson et al 1972,33.08481379310345,113.19708930482813
Ridge,LeaveOneSourceOut,17,367,Batson et al 1972,31.138648275862067,113.19708930482813
Ridge,LeaveOneSourceOut,17,368,Batson et al 1972,33.08481379310345,113.19708930482813
Ridge,LeaveOneSourceOut,17,369,Batson et al 1972,28.30786206896552,99.46631974975224
Ridge,LeaveOneSourceOut,17,370,Batson et al 1972,26.892468965517246,99.46631974975224
Ridge,LeaveOneSourceOut,17,371,Batson et al 1972,30.077103448275864,66.68971904282728
Ridge,LeaveOneSourceOut,17,372,Batson et al 1972,30.16556551724138,66.68971904282728
Ridge,LeaveOneSourceOut,17,373,Batson et al 1972,33.08481379310345,66.68971904282728
Ridge,LeaveOneSourceOut,17,374,Batson et al 1972,25.830924137931035,52.79412406843019
Ridge,LeaveOneSourceOut,17,375,Batson et al 1972,27.06939310344828,57.42598905989588
Ridge,LeaveOneSourceOut,17,376,Batson et al 1972,25.654,57.42598905989588
Ridge,LeaveOneSourceOut,17,377,Batson et al 1972,24.327068965517242,43.530394085498784
Ridge,LeaveOneSourceOut,17,378,Batson et al 1972,22.28233142857143,48.16225907696449
Ridge,LeaveOneSourceOut,17,379,Batson et al 1972,31.404034482758618,70.92495313237518
Ridge,LeaveOneSourceOut,17,380,Batson et al 1972,33.70404827586207,66.29308814090949
Ridge,LeaveOneSourceOut,17,381,Batson et al 1972,30.077103448275864,66.29308814090949
Ridge,LeaveOneSourceOut,17,382,Batson et al 1972,32.46557931034483,66.29308814090949
Ridge,LeaveOneSourceOut,17,383,Batson et al 1972,36.62329655172413,85.2568074428188
Ridge,LeaveOneSourceOut,17,384,Batson et al 1972,34.234820689655166,80.6249424513531
Ridge,LeaveOneSourceOut,17,385,Batson et al 1972,33.08481379310345,80.6249424513531
Ridge,LeaveOneSourceOut,17,386,Batson et al 1972,41.84255862068966,80.6249424513531
Ridge,LeaveOneSourceOut,17,387,Batson et al 1972,39.454082758620686,80.6249424513531
Ridge,LeaveOneSourceOut,17,388,Batson et al 1972,56.17341379310345,87.04842615127954
Ridge,LeaveOneSourceOut,17,389,Batson et al 1972,76.962,110.20775110860805
Ridge,LeaveOneSourceOut,17,390,Batson et al 1972,145.07779310344827,124.10334608300515
Ridge,LeaveOneSourceOut,17,391,Batson et al 1972,139.32775862068965,124.10334608300515
Ridge,LeaveOneSourceOut,17,392,Batson et al 1972,24.238606896551723,48.16225907696449
Ridge,LeaveOneSourceOut,17,393,Batson et al 1972,23.35398620689655,48.1622590769645
Ridge,LeaveOneSourceOut,17,394,Batson et al 1972,26.00784827586207,48.1622590769645
Ridge,LeaveOneSourceOut,18,177,Casanova & Rossi,138.0,263.6976074607084
Ridge,LeaveOneSourceOut,19,178,Casanova & Rossi 1999,138.0,263.6976074607084
Ridge,LeaveOneSourceOut,20,158,Casanova et al,351.5151515151515,97.91071718874642
Ridge,LeaveOneSourceOut,21,159,Casanova et al 1997,351.5151515151515,95.36420784398192
Ridge,LeaveOneSourceOut,21,160,Casanova et al 1997,157.0,263.40022309637635
Ridge,LeaveOneSourceOut,22,436,Chalioris and Sfiri 2011,42.5,116.61496947664624
Ridge,LeaveOneSourceOut,23,304,Cho and Kim,60.9,161.08529006774745
Ridge,LeaveOneSourceOut,24,305,Cho and Kim 2003,79.4,164.80765448012374
Ridge,LeaveOneSourceOut,24,306,Cho and Kim 2003,84.3,161.50733080049
Ridge,LeaveOneSourceOut,24,307,Cho and Kim 2003,95.2,197.84314436527268
Ridge,LeaveOneSourceOut,24,308,Cho and Kim 2003,103.0,199.4190054974758
Ridge,LeaveOneSourceOut,24,309,Cho and Kim 2003,178.8,268.3407994673758
Ridge,LeaveOneSourceOut,24,310,Cho and Kim 2003,169.5,263.3194693835643
Ridge,LeaveOneSourceOut,24,311,Cho and Kim 2003,186.7,261.35770624051327
Ridge,LeaveOneSourceOut,24,312,Cho and Kim 2003,157.9,247.80567405631902
Ridge,LeaveOneSourceOut,24,313,Cho and Kim 2003,162.8,244.600961843584
Ridge,LeaveOneSourceOut,24,314,Cho and Kim 2003,153.5,283.25618830358275
Ridge,LeaveOneSourceOut,24,315,Cho and Kim 2003,170.6,284.44960356819087
Ridge,LeaveOneSourceOut,25,437,Cohen and Aoude 2012,43.33,140.21341700942418
Ridge,LeaveOneSourceOut,26,125,Cucchiara et al,96.3819,160.56346952628022
Ridge,LeaveOneSourceOut,27,126,Cucchiara et al 2004,103.31325,159.6192414886754
Ridge,LeaveOneSourceOut,27,127,Cucchiara et al 2004,115.07355,183.70701044882057
Ridge,LeaveOneSourceOut,27,128,Cucchiara et al 2004,115.50059999999999,182.07470219552343
Ridge,LeaveOneSourceOut,28,460,Danygier and Savir,200.6,286.7266662814811
Ridge,LeaveOneSourceOut,29,461,Danygier and Savir 2010,209.3,284.57281145903
Ridge,LeaveOneSourceOut,30,135,Dinh et al,170.5365168539326,150.7289663208346
Ridge,LeaveOneSourceOut,31,136,Dinh et al 2010,159.70880149812734,141.1845527418385
Ridge,LeaveOneSourceOut,31,137,Dinh et al 2010,168.98970037453182,132.80189518237947
Ridge,LeaveOneSourceOut,31,138,Dinh et al 2010,172.08333333333334,132.80189518237947
Ridge,LeaveOneSourceOut,31,139,Dinh et al 2010,148.4943820224719,149.21934190648668
Ridge,LeaveOneSourceOut,31,140,Dinh et al 2010,196.05898876404495,149.21934190648668
Ridge,LeaveOneSourceOut,31,141,Dinh et al 2010,191.0318352059925,162.56565468983774
Ridge,LeaveOneSourceOut,31,142,Dinh et al 2010,189.48501872659176,162.56565468983774
Ridge,LeaveOneSourceOut,31,143,Dinh et al 2010,172.08333333333334,167.62093510446988
Ridge,LeaveOneSourceOut,31,144,Dinh et al 2010,218.4878277153558,167.62093510446988
Ridge,LeaveOneSourceOut,31,145,Dinh et al 2010,192.57865168539325,135.96168270462974
Ridge,LeaveOneSourceOut,31,146,Dinh et al 2010,189.48501872659176,135.96168270462974
Ridge,LeaveOneSourceOut,31,147,Dinh et al 2010,362.893760539629,145.28019065326075
Ridge,LeaveOneSourceOut,31,148,Dinh et al 2010,334.5177065767285,145.28019065326075
Ridge,LeaveOneSourceOut,31,149,Dinh et al 2010,348.50590219224284,120.27789303784826
Ridge,LeaveOneSourceOut,31,150,Dinh et al 2010,341.31197301854974,120.27789303784826
Ridge,LeaveOneSourceOut,31,151,Dinh et al 2010,344.90893760539626,119.11274018000995
Ridge,LeaveOneSourceOut,31,152,Dinh et al 2010,264.97639123102863,103.13600660513704
Ridge,LeaveOneSourceOut,31,153,Dinh et al 2010,222.21247892074197,103.13600660513704
Ridge,LeaveOneSourceOut,31,154,Dinh et al 2010,432.035413153457,133.2864974807764
Ridge,LeaveOneSourceOut,31,155,Dinh et al 2010,418.04721753794263,130.39791043385185
Ridge,LeaveOneSourceOut,32,327,Dupont and Vandewalle,110.0,217.3977534419039
Ridge,LeaveOneSourceOut,32,328,Dupont and Vandewalle,120.0,213.64186930380532
Ridge,LeaveOneSourceOut,32,329,Dupont and Vandewalle,155.0,216.4947890756989
Ridge,LeaveOneSourceOut,32,330,Dupont and Vandewalle,280.0,190.50299804084256
Ridge,LeaveOneSourceOut,32,331,Dupont and Vandewalle,300.0,190.0348234055581
Ridge,LeaveOneSourceOut,32,332,Dupont and Vandewalle,82.5,139.81093226528577
Ridge,LeaveOneSourceOut,32,333,Dupont and Vandewalle,108.0,137.429682813951
Ridge,LeaveOneSourceOut,32,334,Dupont and Vandewalle,108.0,165.57460129272084
Ridge,LeaveOneSourceOut,32,335,Dupont and Vandewalle,144.0,163.19335184138603
Ridge,LeaveOneSourceOut,32,336,Dupont and Vandewalle,82.5,129.30661705698498
Ridge,LeaveOneSourceOut,32,337,Dupont and Vandewalle,117.0,128.83844242170053
Ridge,LeaveOneSourceOut,32,338,Dupont and Vandewalle,100.0,133.08208656228385
Ridge,LeaveOneSourceOut,32,339,Dupont and Vandewalle,120.0,130.27968333665362
Ridge,LeaveOneSourceOut,32,340,Dupont and Vandewalle,100.0,158.8457555897189
Ridge,LeaveOneSourceOut,32,341,Dupont and Vandewalle,120.0,156.04335236408866
Ridge,LeaveOneSourceOut,32,342,Dupont and Vandewalle,130.0,146.05521193835955
Ridge,LeaveOneSourceOut,32,343,Dupont and Vandewalle,157.5,171.29713328868996
Ridge,LeaveOneSourceOut,32,344,Dupont and Vandewalle,147.5,141.69440480071998
Ridge,LeaveOneSourceOut,32,345,Dupont and Vandewalle,162.0,127.74367010044998
Ridge,LeaveOneSourceOut,32,346,Dupont and Vandewalle,162.0,124.41366605285106
Ridge,LeaveOneSourceOut,33,453,Furlan and de Hanai,20.0,17.44537648652428
Ridge,LeaveOneSourceOut,34,454,Furlan and de Hanai 1997,22.0,12.368974041504472
Ridge,LeaveOneSourceOut,34,455,Furlan and de Hanai 1997,21.5,-1.9542189575295197
Ridge,LeaveOneSourceOut,34,456,Furlan and de Hanai 1997,18.5,-1.9542189575295197
Ridge,LeaveOneSourceOut,34,457,Furlan and de Hanai 1997,20.0,13.441500429942593
Ridge,LeaveOneSourceOut,34,458,Furlan and de Hanai 1997,22.5,-4.0144968145944375
Ridge,LeaveOneSourceOut,34,459,Furlan and de Hanai 1997,17.5,-4.0144968145944375
Ridge,LeaveOneSourceOut,35,467,Gali & Subramaniam,79.0,157.04018828803635
Ridge,LeaveOneSourceOut,36,468,Gali & Subramaniam 2017,86.0,156.9661858180545
Ridge,LeaveOneSourceOut,37,316,Greenough and Nehdi,90.85,159.3188565279901
Ridge,LeaveOneSourceOut,38,317,Greenough and Nehdi 2008,105.6,149.09480079938814
Ridge,LeaveOneSourceOut,38,318,Greenough and Nehdi 2008,148.9,151.58954886879152
Ridge,LeaveOneSourceOut,38,319,Greenough and Nehdi 2008,115.45,90.72832480840404
Ridge,LeaveOneSourceOut,38,320,Greenough and Nehdi 2008,144.1,87.50006863013093
Ridge,LeaveOneSourceOut,38,321,Greenough and Nehdi 2008,146.75,81.51580676258044
Ridge,LeaveOneSourceOut,38,322,Greenough and Nehdi 2008,106.7,99.57436860249396
Ridge,LeaveOneSourceOut,38,323,Greenough and Nehdi 2008,122.9,90.23243729008891
Ridge,LeaveOneSourceOut,38,324,Greenough and Nehdi 2008,151.35,84.35773894161345
Ridge,LeaveOneSourceOut,39,416,Huang et al 2005,252.8325,247.6407976338523
Ridge,LeaveOneSourceOut,40,427,Hwang et al,30.5,215.6452783274294
Ridge,LeaveOneSourceOut,41,428,Hwang et al 2013,52.0,225.2938919447164
Ridge,LeaveOneSourceOut,41,429,Hwang et al 2013,54.0,225.1508890984714
Ridge,LeaveOneSourceOut,41,430,Hwang et al 2013,47.5,220.51025433959003
Ridge,LeaveOneSourceOut,41,431,Hwang et al 2013,73.75,299.7977339038646
Ridge,LeaveOneSourceOut,41,432,Hwang et al 2013,72.7,319.3739010518782
Ridge,LeaveOneSourceOut,41,433,Hwang et al 2013,81.15,325.2560277489763
Ridge,LeaveOneSourceOut,42,412,"Imam, Vandewalle, Mortelmans",528.255,286.7630420246264
Ridge,LeaveOneSourceOut,43,413,"Imam, Vandewalle, Mortelmans 1994",284.405,274.31037600616014
Ridge,LeaveOneSourceOut,43,414,"Imam, Vandewalle, Mortelmans 1994",208.79,250.57278117459217
Ridge,LeaveOneSourceOut,43,415,"Imam, Vandewalle, Mortelmans 1994",211.83,224.85522389102326
Ridge,LeaveOneSourceOut,44,399,Jindal,20.915000000000003,67.39677177282888
Ridge,LeaveOneSourceOut,45,400,Jindal 1984,29.5035,43.05176051873626
Ridge,LeaveOneSourceOut,45,401,Jindal 1984,29.5035,32.80207488220974
Ridge,LeaveOneSourceOut,45,402,Jindal 1984,40.050000000000004,45.648935248086545
Ridge,LeaveOneSourceOut,45,403,Jindal 1984,28.7025,4.650192701980487
Ridge,LeaveOneSourceOut,45,404,Jindal 1984,24.475,-26.098864207599078
Ridge,LeaveOneSourceOut,45,405,Jindal 1984,32.93,48.89540365977443
Ridge,LeaveOneSourceOut,46,174,Kang et al,81.7,170.80324234227817
Ridge,LeaveOneSourceOut,46,325,Kang et al,130.65,134.27338959859955
Ridge,LeaveOneSourceOut,47,175,Kang et al 2011,35.4,120.81893249085542
Ridge,LeaveOneSourceOut,47,176,Kang et al 2011,77.2,182.4345081037505
Ridge,LeaveOneSourceOut,48,326,Kang et al 2012,219.75,213.43925031469666
Ridge,LeaveOneSourceOut,49,255,Kim et al,114.0,105.59288597314583
Ridge,LeaveOneSourceOut,50,256,Kim et al 2017,204.0,136.1947841556846
Ridge,LeaveOneSourceOut,51,462,Krassowska & Kosior-Kazberuk,32.725,149.52447492973272
Ridge,LeaveOneSourceOut,52,463,Krassowska & Kosior-Kazberuk 2018,41.25,146.46978601409046
Ridge,LeaveOneSourceOut,53,129,Kwak et al,134.885,187.11473912751302
Ridge,LeaveOneSourceOut,54,130,Kwak et al 2002,144.16,191.10070995949513
Ridge,LeaveOneSourceOut,54,131,Kwak et al 2002,107.06,158.32689317870887
Ridge,LeaveOneSourceOut,54,132,Kwak et al 2002,67.575,132.94144464479564
Ridge,LeaveOneSourceOut,55,417,"Kwak, Suh, Hsu",135.725,161.0488918921108
Ridge,LeaveOneSourceOut,56,418,"Kwak, Suh, Hsu 1991",144.625,162.96530232142374
Ridge,LeaveOneSourceOut,56,419,"Kwak, Suh, Hsu 1991",133.5,170.8708836789467
Ridge,LeaveOneSourceOut,56,420,"Kwak, Suh, Hsu 1991",137.95000000000002,172.054797034522
Ridge,LeaveOneSourceOut,57,269,"Li, Ward, Hamza",16.51635,62.75074883494169
Ridge,LeaveOneSourceOut,58,270,"Li, Ward, Hamza 1992",50.5206,92.71707018920529
Ridge,LeaveOneSourceOut,58,271,"Li, Ward, Hamza 1992",20.79117,84.12375444178781
Ridge,LeaveOneSourceOut,58,272,"Li, Ward, Hamza 1992",66.32448,84.45887005755749
Ridge,LeaveOneSourceOut,58,273,"Li, Ward, Hamza 1992",17.74698,101.48429358388044
Ridge,LeaveOneSourceOut,58,274,"Li, Ward, Hamza 1992",61.40196,101.81940919965012
Ridge,LeaveOneSourceOut,58,275,"Li, Ward, Hamza 1992",50.65014,154.73940976636214
Ridge,LeaveOneSourceOut,58,276,"Li, Ward, Hamza 1992",33.356550000000006,141.4256307207417
Ridge,LeaveOneSourceOut,58,277,"Li, Ward, Hamza 1992",30.053279999999997,134.7687411979315
Ridge,LeaveOneSourceOut,58,278,"Li, Ward, Hamza 1992",25.84323,128.11185167512127
Ridge,LeaveOneSourceOut,58,279,"Li, Ward, Hamza 1992",23.446740000000002,121.45496215231108
Ridge,LeaveOneSourceOut,58,280,"Li, Ward, Hamza 1992",20.53209,114.79807262950087
Ridge,LeaveOneSourceOut,58,281,"Li, Ward, Hamza 1992",17.81175,108.14118310669065
Ridge,LeaveOneSourceOut,58,282,"Li, Ward, Hamza 1992",12.82446,61.60549139801139
Ridge,LeaveOneSourceOut,58,283,"Li, Ward, Hamza 1992",17.81175,141.3630957697495
Ridge,LeaveOneSourceOut,58,284,"Li, Ward, Hamza 1992",25.2603,121.70453748289728
Ridge,LeaveOneSourceOut,58,285,"Li, Ward, Hamza 1992",79.01939999999999,152.85343310802907
Ridge,LeaveOneSourceOut,58,286,"Li, Ward, Hamza 1992",20.46732,152.51831749225937
Ridge,LeaveOneSourceOut,58,287,"Li, Ward, Hamza 1992",15.73911,112.63951530639034
Ridge,LeaveOneSourceOut,58,288,"Li, Ward, Hamza 1992",36.53028,152.58085244325162
Ridge,LeaveOneSourceOut,58,289,"Li, Ward, Hamza 1992",79.01939999999999,141.15031141703625
Ridge,LeaveOneSourceOut,58,290,"Li, Ward, Hamza 1992",22.99335,140.81519580126655
Ridge,LeaveOneSourceOut,59,133,Lim and Oh,58.37,216.40859006618192
Ridge,LeaveOneSourceOut,60,134,Lim and Oh 1999,74.49,212.2118688944267
Ridge,LeaveOneSourceOut,61,179,Lim et al,58.0,136.08655620197152
Ridge,LeaveOneSourceOut,62,180,Lim et al 1987,147.5,209.07411522173766
Ridge,LeaveOneSourceOut,62,181,Lim et al 1987,82.6,183.32135007439683
Ridge,LeaveOneSourceOut,62,182,Lim et al 1987,67.4,157.568584927056
Ridge,LeaveOneSourceOut,62,183,Lim et al 1987,135.0,210.90239412670545
Ridge,LeaveOneSourceOut,62,184,Lim et al 1987,63.7,185.14962897936462
Ridge,LeaveOneSourceOut,62,185,Lim et al 1987,49.4,159.3968638320238
Ridge,LeaveOneSourceOut,63,156,Lima Araujo et al,260.0,228.55790532033177
Ridge,LeaveOneSourceOut,64,157,Lima Araujo et al 2014,290.5,218.85009284018477
Ridge,LeaveOneSourceOut,65,39,Manju et al.,117.845,205.1485117035734
Ridge,LeaveOneSourceOut,66,40,Manju et al. 2017,154.84,210.11089971372667
Ridge,LeaveOneSourceOut,66,41,Manju et al. 2017,186.44500000000002,211.25642551896814
Ridge,LeaveOneSourceOut,66,42,Manju et al. 2017,62.720000000000006,182.9073238928222
Ridge,LeaveOneSourceOut,66,43,Manju et al. 2017,79.38,184.62357660117434
Ridge,LeaveOneSourceOut,66,44,Manju et al. 2017,134.995,185.7691024064158
Ridge,LeaveOneSourceOut,67,186,Mansur et al,75.0,150.77976725372187
Ridge,LeaveOneSourceOut,68,187,Mansur et al 1986,52.5,133.6016837804385
Ridge,LeaveOneSourceOut,68,188,Mansur et al 1986,45.0,113.35219127973244
Ridge,LeaveOneSourceOut,68,189,Mansur et al 1986,85.0,153.63007302342737
Ridge,LeaveOneSourceOut,68,190,Mansur et al 1986,60.0,133.38058052272132
Ridge,LeaveOneSourceOut,68,191,Mansur et al 1986,65.0,159.50725324687056
Ridge,LeaveOneSourceOut,68,192,Mansur et al 1986,45.0,125.56370917778395
Ridge,LeaveOneSourceOut,68,193,Mansur et al 1986,60.0,151.69038190193322
Ridge,LeaveOneSourceOut,68,194,Mansur et al 1986,86.0,162.44908654872873
Ridge,LeaveOneSourceOut,69,165,Minelli & Plizzari,129.0,123.21631198566519
Ridge,LeaveOneSourceOut,70,166,Minelli & Plizzari 2013,114.5,127.16822876752768
Ridge,LeaveOneSourceOut,70,167,Minelli & Plizzari 2013,136.5,218.65678490163285
Ridge,LeaveOneSourceOut,70,168,Minelli & Plizzari 2013,136.0,131.64514364220642
Ridge,LeaveOneSourceOut,70,169,Minelli & Plizzari 2013,186.0,150.95192166085278
Ridge,LeaveOneSourceOut,70,170,Minelli & Plizzari 2013,194.0,117.69672660400072
Ridge,LeaveOneSourceOut,70,171,Minelli & Plizzari 2013,154.0,117.69672660400072
Ridge,LeaveOneSourceOut,70,172,Minelli & Plizzari 2013,247.0,119.46972757668922
Ridge,LeaveOneSourceOut,70,173,Minelli & Plizzari 2013,328.0,146.33121682476173
Ridge,LeaveOneSourceOut,71,97,Narayanan and Darwish,32.708,68.29943057820512
Ridge,LeaveOneSourceOut,71,258,Narayanan and Darwish,350.0,158.50675683339648
Ridge,LeaveOneSourceOut,72,98,Narayanan and Darwish 1987,29.5035,74.77178592471716
Ridge,LeaveOneSourceOut,72,99,Narayanan and Darwish 1987,30.6085,60.03046898456564
Ridge,LeaveOneSourceOut,72,100,Narayanan and Darwish 1987,29.9455,76.85185803372559
Ridge,LeaveOneSourceOut,72,101,Narayanan and Darwish 1987,22.8735,62.11054109357406
Ridge,LeaveOneSourceOut,72,102,Narayanan and Darwish 1987,21.437,47.369224153422536
Ridge,LeaveOneSourceOut,72,103,Narayanan and Darwish 1987,35.6915,65.29682482752584
Ridge,LeaveOneSourceOut,72,104,Narayanan and Darwish 1987,21.7685,50.8932068544823
Ridge,LeaveOneSourceOut,72,105,Narayanan and Darwish 1987,32.8185,44.87365206615566
Ridge,LeaveOneSourceOut,72,106,Narayanan and Darwish 1987,51.051,94.77945870782891
Ridge,LeaveOneSourceOut,72,107,Narayanan and Darwish 1987,40.7745,80.03814176767737
Ridge,LeaveOneSourceOut,72,108,Narayanan and Darwish 1987,28.8405,43.70217352923264
Ridge,LeaveOneSourceOut,72,109,Narayanan and Darwish 1987,61.548500000000004,93.00907678024367
Ridge,LeaveOneSourceOut,72,110,Narayanan and Darwish 1987,48.841,78.26775984009214
Ridge,LeaveOneSourceOut,72,111,Narayanan and Darwish 1987,32.8185,48.84320506451911
Ridge,LeaveOneSourceOut,72,112,Narayanan and Darwish 1987,32.2048,144.28000599364324
Ridge,LeaveOneSourceOut,72,113,Narayanan and Darwish 1987,38.0205,249.95793302087338
Ridge,LeaveOneSourceOut,72,114,Narayanan and Darwish 1987,24.3712,136.72972237874137
Ridge,LeaveOneSourceOut,72,115,Narayanan and Darwish 1987,24.954300000000003,242.40764940597154
Ridge,LeaveOneSourceOut,72,116,Narayanan and Darwish 1987,47.5456,149.4210375289297
Ridge,LeaveOneSourceOut,72,117,Narayanan and Darwish 1987,53.55,255.09896455615984
Ridge,LeaveOneSourceOut,72,118,Narayanan and Darwish 1987,51.94349999999999,251.16076653139436
Ridge,LeaveOneSourceOut,72,119,Narayanan and Darwish 1987,52.80029999999999,243.45682491462827
Ridge,LeaveOneSourceOut,72,120,Narayanan and Darwish 1987,48.524800000000006,145.4828395041642
Ridge,LeaveOneSourceOut,72,121,Narayanan and Darwish 1987,58.476600000000005,280.4927745330262
Ridge,LeaveOneSourceOut,72,122,Narayanan and Darwish 1987,72.5067,276.97052845682117
Ridge,LeaveOneSourceOut,72,123,Narayanan and Darwish 1987,76.5765,281.5793570428181
Ridge,LeaveOneSourceOut,72,124,Narayanan and Darwish 1987,67.473,273.8754154260521
Ridge,LeaveOneSourceOut,73,259,Narayanan and Darwish 1988,325.0,94.12029224730321
Ridge,LeaveOneSourceOut,73,260,Narayanan and Darwish 1988,361.0,89.99281117034768
Ridge,LeaveOneSourceOut,73,261,Narayanan and Darwish 1988,396.0,97.3427547572266
Ridge,LeaveOneSourceOut,73,262,Narayanan and Darwish 1988,393.0,95.60640381856992
Ridge,LeaveOneSourceOut,73,263,Narayanan and Darwish 1988,454.0,94.03253071126746
Ridge,LeaveOneSourceOut,73,264,Narayanan and Darwish 1988,404.0,90.42715642998957
Ridge,LeaveOneSourceOut,73,265,Narayanan and Darwish 1988,342.0,86.3248770472223
Ridge,LeaveOneSourceOut,73,266,Narayanan and Darwish 1988,344.0,88.77703244963482
Ridge,LeaveOneSourceOut,73,267,Narayanan and Darwish 1988,294.0,73.11263602246497
Ridge,LeaveOneSourceOut,73,268,Narayanan and Darwish 1988,333.0,76.69933122991324
Ridge,LeaveOneSourceOut,74,205,Noghabai,299.0,298.43210968354043
Ridge,LeaveOneSourceOut,75,206,Noghabai 2000,295.0,246.46219861202235
Ridge,LeaveOneSourceOut,75,207,Noghabai 2000,252.0,274.0242297953081
Ridge,LeaveOneSourceOut,75,208,Noghabai 2000,262.0,273.8993372920706
Ridge,LeaveOneSourceOut,75,209,Noghabai 2000,189.0,163.1334352227106
Ridge,LeaveOneSourceOut,75,210,Noghabai 2000,310.0,293.07696217594247
Ridge,LeaveOneSourceOut,75,211,Noghabai 2000,363.0,260.47783099810135
Ridge,LeaveOneSourceOut,75,212,Noghabai 2000,407.0,258.8383769314352
Ridge,LeaveOneSourceOut,75,213,Noghabai 2000,289.0,196.80725066357178
Ridge,LeaveOneSourceOut,75,214,Noghabai 2000,336.0,196.80725066357178
Ridge,LeaveOneSourceOut,75,215,Noghabai 2000,367.0,194.2076351787852
Ridge,LeaveOneSourceOut,75,216,Noghabai 2000,327.0,194.2076351787852
Ridge,LeaveOneSourceOut,75,217,Noghabai 2000,264.0,221.76966636207098
Ridge,LeaveOneSourceOut,75,218,Noghabai 2000,312.0,221.76966636207098
Ridge,LeaveOneSourceOut,75,219,Noghabai 2000,339.0,213.7016203089279
Ridge,LeaveOneSourceOut,75,220,Noghabai 2000,292.0,227.23116756426157
Ridge,LeaveOneSourceOut,75,221,Noghabai 2000,445.0,188.1815690083473
Ridge,LeaveOneSourceOut,75,222,Noghabai 2000,596.0,185.58195352356074
Ridge,LeaveOneSourceOut,75,223,Noghabai 2000,509.0,205.07593865370342
Ridge,LeaveOneSourceOut,76,253,Pansuk et al,340.0,375.0829526285438
Ridge,LeaveOneSourceOut,77,254,Pansuk et al 2017,531.0,363.78633720379116
Ridge,LeaveOneSourceOut,78,54,Parra-Montesinos et al,171.99864000000002,182.0319657229608
Ridge,LeaveOneSourceOut,79,55,Parra-Montesinos et al 2006,148.25472,164.79904340138623
Ridge,LeaveOneSourceOut,79,56,Parra-Montesinos et al 2006,188.79312,177.2416252701617
Ridge,LeaveOneSourceOut,79,57,Parra-Montesinos et al 2006,189.95136,177.2416252701617
Ridge,LeaveOneSourceOut,79,58,Parra-Montesinos et al 2006,217.74912,181.25910136539315
Ridge,LeaveOneSourceOut,79,59,Parra-Montesinos et al 2006,195.16344,164.79904340138623
Ridge,LeaveOneSourceOut,79,60,Parra-Montesinos et al 2006,146.51736,170.32564819912395
Ridge,LeaveOneSourceOut,79,61,Parra-Montesinos et al 2006,200.37552,170.32564819912395
Ridge,LeaveOneSourceOut,79,62,Parra-Montesinos et al 2006,175.47335999999999,141.6271063018591
Ridge,LeaveOneSourceOut,79,63,Parra-Montesinos et al 2006,178.94807999999998,141.6271063018591
Ridge,LeaveOneSourceOut,80,442,Qissab and Salman,73.145,171.49784630355757
Ridge,LeaveOneSourceOut,81,443,Qissab and Salman 2018,86.84,180.2929002537806
Ridge,LeaveOneSourceOut,81,444,Qissab and Salman 2018,40.53,141.37825926806514
Ridge,LeaveOneSourceOut,81,445,Qissab and Salman 2018,50.895,140.9129273033929
Ridge,LeaveOneSourceOut,81,446,Qissab and Salman 2018,106.425,179.9901565660719
Ridge,LeaveOneSourceOut,81,447,Qissab and Salman 2018,125.77,179.52482460139967
Ridge,LeaveOneSourceOut,81,448,Qissab and Salman 2018,44.46,143.23551514571005
Ridge,LeaveOneSourceOut,81,449,Qissab and Salman 2018,46.63,142.77018318103782
Ridge,LeaveOneSourceOut,81,450,Qissab and Salman 2018,42.03,136.56535503879417
Ridge,LeaveOneSourceOut,81,451,Qissab and Salman 2018,21.345,167.37439269997984
Ridge,LeaveOneSourceOut,81,452,Qissab and Salman 2018,51.06,167.94460843449798
Ridge,LeaveOneSourceOut,82,224,Randl et al,251.0,283.8395874861058
Ridge,LeaveOneSourceOut,83,225,Randl et al 2017,318.0,305.4616129845284
Ridge,LeaveOneSourceOut,83,226,Randl et al 2017,357.0,297.4076246365699
Ridge,LeaveOneSourceOut,83,227,Randl et al 2017,266.0,294.139704722277
Ridge,LeaveOneSourceOut,83,228,Randl et al 2017,199.0,303.67148909738387
Ridge,LeaveOneSourceOut,83,229,Randl et al 2017,308.0,312.31659585620173
Ridge,LeaveOneSourceOut,84,421,Roberts and Ho,32.8,52.72727139798606
Ridge,LeaveOneSourceOut,85,422,Roberts and Ho 1982,36.2,60.83777455641191
Ridge,LeaveOneSourceOut,85,423,Roberts and Ho 1982,50.9,79.19367310792595
Ridge,LeaveOneSourceOut,85,424,Roberts and Ho 1982,54.2,80.75048349238118
Ridge,LeaveOneSourceOut,85,425,Roberts and Ho 1982,81.2,99.84939357135676
Ridge,LeaveOneSourceOut,85,426,Roberts and Ho 1982,107.6,101.40620395581199
Ridge,LeaveOneSourceOut,86,64,Rosenbusch and Teutsch,279.76,189.19495542900717
Ridge,LeaveOneSourceOut,87,65,Rosenbusch and Teutsch 2003,299.52,188.38832626844567
Ridge,LeaveOneSourceOut,87,66,Rosenbusch and Teutsch 2003,107.63999999999999,164.9709650942312
Ridge,LeaveOneSourceOut,87,67,Rosenbusch and Teutsch 2003,144.04,162.17721776479607
Ridge,LeaveOneSourceOut,87,68,Rosenbusch and Teutsch 2003,81.64,139.19203463000918
Ridge,LeaveOneSourceOut,87,69,Rosenbusch and Teutsch 2003,107.12,136.39828730057405
Ridge,LeaveOneSourceOut,87,70,Rosenbusch and Teutsch 2003,243.8,178.48144967705534
Ridge,LeaveOneSourceOut,87,71,Rosenbusch and Teutsch 2003,252.08,179.46136988472364
Ridge,LeaveOneSourceOut,87,72,Rosenbusch and Teutsch 2003,258.52,178.48144967705534
Ridge,LeaveOneSourceOut,87,73,Rosenbusch and Teutsch 2003,263.12,178.48144967705534
Ridge,LeaveOneSourceOut,87,74,Rosenbusch and Teutsch 2003,109.72,214.68519200194052
Ridge,LeaveOneSourceOut,87,75,Rosenbusch and Teutsch 2003,120.12,211.00064924803456
Ridge,LeaveOneSourceOut,87,76,Rosenbusch and Teutsch 2003,154.96,214.2967033640549
Ridge,LeaveOneSourceOut,87,77,Rosenbusch and Teutsch 2003,110.76,177.17464224163405
Ridge,LeaveOneSourceOut,87,78,Rosenbusch and Teutsch 2003,131.55999999999997,178.15456244930235
Ridge,LeaveOneSourceOut,87,79,Rosenbusch and Teutsch 2003,153.36,174.07053771158695
Ridge,LeaveOneSourceOut,87,80,Rosenbusch and Teutsch 2003,229.59999999999997,174.2486638941172
Ridge,LeaveOneSourceOut,87,81,Rosenbusch and Teutsch 2003,82.16,128.86131392748942
Ridge,LeaveOneSourceOut,87,82,Rosenbusch and Teutsch 2003,117.0,126.42390121902461
Ridge,LeaveOneSourceOut,88,32,Sahoo & Sharma,143.0398642916827,131.03640883060126
Ridge,LeaveOneSourceOut,89,33,Sahoo & Sharma 2014,108.46180962464278,137.26927395001505
Ridge,LeaveOneSourceOut,89,34,Sahoo & Sharma 2014,93.20518373755829,129.38350350331027
Ridge,LeaveOneSourceOut,89,35,Sahoo & Sharma 2014,113.58677486966627,129.7771041674578
Ridge,LeaveOneSourceOut,90,83,Sahoo et al,148.0,182.04619013789966
Ridge,LeaveOneSourceOut,91,84,Sahoo et al 2016,98.0,160.32592916243033
Ridge,LeaveOneSourceOut,91,85,Sahoo et al 2016,84.0,148.09855824842109
Ridge,LeaveOneSourceOut,92,474,Shoaib 2012,277.0,170.1007268013167
Ridge,LeaveOneSourceOut,92,475,Shoaib 2012,457.5,262.605415483148
Ridge,LeaveOneSourceOut,92,476,Shoaib 2012,248.0,131.01292246441162
Ridge,LeaveOneSourceOut,92,477,Shoaib 2012,238.0,157.8511730469113
Ridge,LeaveOneSourceOut,92,478,Shoaib 2012,440.0,172.06556034490444
Ridge,LeaveOneSourceOut,92,479,Shoaib 2012,479.0,127.55387655840384
Ridge,LeaveOneSourceOut,92,480,Shoaib 2012,484.0,151.08527630990312
Ridge,LeaveOneSourceOut,92,481,Shoaib 2012,632.5,158.35171570405564
Ridge,LeaveOneSourceOut,92,482,Shoaib 2012,630.5,181.8831154555549
Ridge,LeaveOneSourceOut,93,36,"Shoaib, Lubell and Bindiganavile",202.5,135.3071573811118
Ridge,LeaveOneSourceOut,93,472,"Shoaib, Lubell and Bindiganavile",210.0,161.73196705480854
Ridge,LeaveOneSourceOut,94,473,"Shoaib, Lubell and Bindiganavile 2014",280.0,237.2979983276507
Ridge,LeaveOneSourceOut,95,37,"Shoaib, Lubell and Bindiganavile 2015",297.5,166.25514836296486
Ridge,LeaveOneSourceOut,95,38,"Shoaib, Lubell and Bindiganavile 2015",306.0,116.0145007706846
Ridge,LeaveOneSourceOut,96,0,Singh & Jain,112.95,161.5642688833757
Ridge,LeaveOneSourceOut,97,1,Singh & Jain 2014,79.065,165.98236392290733
Ridge,LeaveOneSourceOut,97,2,Singh & Jain 2014,109.185,167.3588315760769
Ridge,LeaveOneSourceOut,97,3,Singh & Jain 2014,123.49199999999999,165.96687326380743
Ridge,LeaveOneSourceOut,97,4,Singh & Jain 2014,111.0675,166.01777184632937
Ridge,LeaveOneSourceOut,97,5,Singh & Jain 2014,131.022,165.3627326405555
Ridge,LeaveOneSourceOut,97,6,Singh & Jain 2014,64.758,167.36959082318958
Ridge,LeaveOneSourceOut,97,7,Singh & Jain 2014,77.1825,165.2407134044245
Ridge,LeaveOneSourceOut,97,8,Singh & Jain 2014,91.113,167.3826832983657
Ridge,LeaveOneSourceOut,97,9,Singh & Jain 2014,101.655,166.973283794757
Ridge,LeaveOneSourceOut,97,10,Singh & Jain 2014,115.962,165.9219375605506
Ridge,LeaveOneSourceOut,97,11,Singh & Jain 2014,104.66699999999999,166.57697676632444
Ridge,LeaveOneSourceOut,97,12,Singh & Jain 2014,112.95,188.99061602571442
Ridge,LeaveOneSourceOut,97,13,Singh & Jain 2014,125.751,189.56377533076656
Ridge,LeaveOneSourceOut,97,14,Singh & Jain 2014,144.1995,188.07444645867548
Ridge,LeaveOneSourceOut,97,15,Singh & Jain 2014,165.66,189.79392437383186
Ridge,LeaveOneSourceOut,97,16,Singh & Jain 2014,195.40350000000004,195.90393560976207
Ridge,LeaveOneSourceOut,97,17,Singh & Jain 2014,160.0125,192.0555802758406
Ridge,LeaveOneSourceOut,97,18,Singh & Jain 2014,127.6335,183.99121066970145
Ridge,LeaveOneSourceOut,97,19,Singh & Jain 2014,152.106,185.38316898197093
Ridge,LeaveOneSourceOut,97,20,Singh & Jain 2014,146.4585,189.89965599684237
Ridge,LeaveOneSourceOut,97,21,Singh & Jain 2014,178.08450000000002,190.80033490478144
Ridge,LeaveOneSourceOut,97,22,Singh & Jain 2014,128.01,188.11139065614034
Ridge,LeaveOneSourceOut,97,23,Singh & Jain 2014,157.0005,186.14627303881875
Ridge,LeaveOneSourceOut,97,24,Singh & Jain 2014,78.6885,36.37475552349376
Ridge,LeaveOneSourceOut,97,25,Singh & Jain 2014,77.9355,35.88347611916336
Ridge,LeaveOneSourceOut,97,26,Singh & Jain 2014,98.643,34.70208005601867
Ridge,LeaveOneSourceOut,97,27,Singh & Jain 2014,81.324,34.947719758183865
Ridge,LeaveOneSourceOut,97,28,Singh & Jain 2014,99.396,42.02446867329337
Ridge,LeaveOneSourceOut,97,29,Singh & Jain 2014,100.149,43.25266718411939
Ridge,LeaveOneSourceOut,97,30,Singh & Jain 2014,110.3145,42.39879072386162
Ridge,LeaveOneSourceOut,97,31,Singh & Jain 2014,103.91399999999999,43.46322943324415
Ridge,LeaveOneSourceOut,98,434,Spinella et al,113.75,196.28072625787541
Ridge,LeaveOneSourceOut,99,435,Spinella et al 2012,140.8,216.4769749831578
Ridge,LeaveOneSourceOut,100,347,Swamy and Bahia,79.5,70.64817594924187
Ridge,LeaveOneSourceOut,101,348,Swamy and Bahia 1985,114.0,69.58547098944211
Ridge,LeaveOneSourceOut,101,349,Swamy and Bahia 1985,115.0,71.51991444370509
Ridge,LeaveOneSourceOut,101,350,Swamy and Bahia 1985,118.2,35.32799621975349
Ridge,LeaveOneSourceOut,101,351,Swamy and Bahia 1985,69.0,69.73200193826233
Ridge,LeaveOneSourceOut,102,291,Swamy et al,80.3,146.6978826748431
Ridge,LeaveOneSourceOut,103,292,Swamy et al 1993,59.0,115.1483610206376
Ridge,LeaveOneSourceOut,103,293,Swamy et al 1993,42.5,73.43340370359849
Ridge,LeaveOneSourceOut,103,294,Swamy et al 1993,71.9,87.51379102326578
Ridge,LeaveOneSourceOut,103,295,Swamy et al 1993,45.6,47.27607630825371
Ridge,LeaveOneSourceOut,103,296,Swamy et al 1993,42.8,12.50704256978662
Ridge,LeaveOneSourceOut,103,297,Swamy et al 1993,67.8,38.30170846046782
Ridge,LeaveOneSourceOut,104,88,Tahenni et al,42.0,168.54525567076317
Ridge,LeaveOneSourceOut,105,89,Tahenni et al 2016,44.31,175.7234933903594
Ridge,LeaveOneSourceOut,105,90,Tahenni et al 2016,43.02,175.7234933903594
Ridge,LeaveOneSourceOut,105,91,Tahenni et al 2016,44.95,174.62511373694088
Ridge,LeaveOneSourceOut,105,92,Tahenni et al 2016,47.62,174.62511373694088
Ridge,LeaveOneSourceOut,105,93,Tahenni et al 2016,42.85,174.62511373694088
Ridge,LeaveOneSourceOut,105,94,Tahenni et al 2016,49.35,170.18406402889042
Ridge,LeaveOneSourceOut,105,95,Tahenni et al 2016,52.28,170.18406402889042
Ridge,LeaveOneSourceOut,105,96,Tahenni et al 2016,45.0,170.18406402889042
Ridge,LeaveOneSourceOut,106,248,Tan et al,218.0,167.136717702242
Ridge,LeaveOneSourceOut,107,249,Tan et al 1993,180.9,163.6715898492088
Ridge,LeaveOneSourceOut,107,250,Tan et al 1993,210.3,165.56508146697797
Ridge,LeaveOneSourceOut,107,251,Tan et al 1993,154.2,153.2278770394832
Ridge,LeaveOneSourceOut,107,252,Tan et al 1993,307.0,177.90228589447275
Ridge,LeaveOneSourceOut,108,464,Yoo & Yang,410.5,218.39314958177442
Ridge,LeaveOneSourceOut,109,465,Yoo & Yang 2018,793.0,207.7378847220047
Ridge,LeaveOneSourceOut,109,466,Yoo & Yang 2018,1430.0,213.00825841931254
Ridge,LeaveOneSourceOut,110,469,Zamanzadeh et al,81.29,163.5779382623025
Ridge,LeaveOneSourceOut,111,470,Zamanzadeh et al 2015,95.81,76.50268620101811
Ridge,LeaveOneSourceOut,111,471,Zamanzadeh et al 2015,109.172,54.54438030743319
Ridge,LeaveOneSourceOut,112,195,Zarrinpour and Chao,120.0,154.32558785999993
Ridge,LeaveOneSourceOut,113,196,Zarrinpour and Chao 2017,478.0,136.77788574072147
Ridge,LeaveOneSourceOut,113,197,Zarrinpour and Chao 2017,161.0,156.35753261135446
Ridge,LeaveOneSourceOut,113,198,Zarrinpour and Chao 2017,194.0,156.35753261135446
Ridge,LeaveOneSourceOut,113,199,Zarrinpour and Chao 2017,267.0,160.51939304177378
Ridge,LeaveOneSourceOut,113,200,Zarrinpour and Chao 2017,380.0,160.51939304177378
Ridge,LeaveOneSourceOut,113,201,Zarrinpour and Chao 2017,683.0,164.55090762613116
Ridge,LeaveOneSourceOut,113,202,Zarrinpour and Chao 2017,704.0,164.55090762613116
Ridge,LeaveOneSourceOut,113,203,Zarrinpour and Chao 2017,1045.0,159.46146579316792
Ridge,LeaveOneSourceOut,113,204,Zarrinpour and Chao 2017,1008.0,159.46146579316792
Ridge,LeaveOneSourceOut,114,257,"sharma, 1986",122.6,172.97596037603748
Ridge,LeaveOneSourceOut,115,406,"shin, oh, ghosh",119.7,126.69185813021937
Ridge,LeaveOneSourceOut,116,407,"shin, oh, ghosh 1994",129.5,164.74085653719408
Ridge,LeaveOneSourceOut,116,408,"shin, oh, ghosh 1994",55.825,141.99812760155547
Ridge,LeaveOneSourceOut,116,409,"shin, oh, ghosh 1994",71.74999999999999,139.70798227841257
Ridge,LeaveOneSourceOut,116,410,"shin, oh, ghosh 1994",48.65,104.4488162133832
Ridge,LeaveOneSourceOut,116,411,"shin, oh, ghosh 1994",60.2,102.1586708902403
Ridge,LeaveOneSourceOut,117,395,zhao et al,112.535,153.53528361050923
Ridge,LeaveOneSourceOut,118,396,zhao et al 2018,138.06,122.148011788327
Ridge,LeaveOneSourceOut,118,397,zhao et al 2018,155.45,117.24133496519062
Ridge,LeaveOneSourceOut,118,398,zhao et al 2018,148.805,109.73458295804014
RandomForest,RandomKFold,1,0,random_fold,112.95,98.87143835867461
RandomForest,RandomKFold,1,9,random_fold,101.655,96.66060404760101
RandomForest,RandomKFold,1,11,random_fold,104.66699999999999,111.27859262048504
RandomForest,RandomKFold,1,18,random_fold,127.6335,171.61067552920716
RandomForest,RandomKFold,1,30,random_fold,110.3145,92.80607426429438
RandomForest,RandomKFold,1,33,random_fold,108.46180962464278,149.80655142562233
RandomForest,RandomKFold,1,55,random_fold,148.25472,176.57598562438497
RandomForest,RandomKFold,1,63,random_fold,178.94807999999998,179.4960019617213
RandomForest,RandomKFold,1,68,random_fold,81.64,110.54387961143742
RandomForest,RandomKFold,1,72,random_fold,258.52,238.1506882738438
RandomForest,RandomKFold,1,78,random_fold,131.55999999999997,178.00777770898563
RandomForest,RandomKFold,1,79,random_fold,153.36,183.63681449568116
RandomForest,RandomKFold,1,82,random_fold,117.0,144.39627398531198
RandomForest,RandomKFold,1,84,random_fold,98.0,138.53655976709996
RandomForest,RandomKFold,1,93,random_fold,42.85,48.037616186960314
RandomForest,RandomKFold,1,104,random_fold,21.7685,30.444710086320374
RandomForest,RandomKFold,1,132,random_fold,67.575,132.80672476201673
RandomForest,RandomKFold,1,153,random_fold,222.21247892074197,270.8590339953332
RandomForest,RandomKFold,1,155,random_fold,418.04721753794263,295.51459470816025
RandomForest,RandomKFold,1,195,random_fold,120.0,300.3081106525227
RandomForest,RandomKFold,1,199,random_fold,267.0,552.1298317292556
RandomForest,RandomKFold,1,225,random_fold,318.0,310.54027703101013
RandomForest,RandomKFold,1,244,random_fold,53.2125,98.70693336534165
RandomForest,RandomKFold,1,250,random_fold,210.3,180.04195832211875
RandomForest,RandomKFold,1,253,random_fold,340.0,304.64550803412675
RandomForest,RandomKFold,1,272,random_fold,66.32448,49.1425516013214
RandomForest,RandomKFold,1,284,random_fold,25.2603,189.23354480365663
RandomForest,RandomKFold,1,307,random_fold,95.2,155.52165647213732
RandomForest,RandomKFold,1,311,random_fold,186.7,207.10418512526712
RandomForest,RandomKFold,1,365,random_fold,32.90788965517241,33.45485666428033
RandomForest,RandomKFold,1,369,random_fold,28.30786206896552,28.495543059393583
RandomForest,RandomKFold,1,375,random_fold,27.06939310344828,26.967447621939158
RandomForest,RandomKFold,1,383,random_fold,36.62329655172413,40.56915315097662
RandomForest,RandomKFold,1,402,random_fold,40.050000000000004,43.501841952510716
RandomForest,RandomKFold,1,421,random_fold,32.8,52.66190932861182
RandomForest,RandomKFold,1,426,random_fold,107.6,163.54210594520222
RandomForest,RandomKFold,1,427,random_fold,30.5,132.5765616674032
RandomForest,RandomKFold,1,430,random_fold,47.5,113.86826836802288
RandomForest,RandomKFold,1,434,random_fold,113.75,252.9613881689391
RandomForest,RandomKFold,1,437,random_fold,43.33,197.97416644493632
RandomForest,RandomKFold,1,441,random_fold,59.0,162.80726154741765
RandomForest,RandomKFold,1,442,random_fold,73.145,82.54932735372708
RandomForest,RandomKFold,1,450,random_fold,42.03,61.94259972465683
RandomForest,RandomKFold,1,471,random_fold,109.172,151.033622036462
RandomForest,RandomKFold,1,478,random_fold,440.0,361.8514262931827
RandomForest,RandomKFold,1,479,random_fold,479.0,218.02835292760426
RandomForest,RandomKFold,1,482,random_fold,630.5,315.2508446741757
RandomForest,RandomKFold,1,483,random_fold,371.5,390.75801620486124
RandomForest,RandomKFold,1,485,random_fold,126.21090909090908,130.32185373298626
RandomForest,RandomKFold,2,15,random_fold,165.66,152.05435580973793
RandomForest,RandomKFold,2,19,random_fold,152.106,164.162436331179
RandomForest,RandomKFold,2,39,random_fold,117.845,134.2483068694897
RandomForest,RandomKFold,2,56,random_fold,188.79312,193.4147303353184
RandomForest,RandomKFold,2,70,random_fold,243.8,225.36497391988067
RandomForest,RandomKFold,2,73,random_fold,263.12,225.36497391988067
RandomForest,RandomKFold,2,75,random_fold,120.12,201.58964562856684
RandomForest,RandomKFold,2,76,random_fold,154.96,283.90164232171617
RandomForest,RandomKFold,2,77,random_fold,110.76,179.8486040889762
RandomForest,RandomKFold,2,86,random_fold,274.0,142.18070665328716
RandomForest,RandomKFold,2,90,random_fold,43.02,58.941646273647336
RandomForest,RandomKFold,2,101,random_fold,22.8735,31.779513424396974
RandomForest,RandomKFold,2,117,random_fold,53.55,54.13202706365477
RandomForest,RandomKFold,2,124,random_fold,67.473,82.68691660085888
RandomForest,RandomKFold,2,126,random_fold,103.31325,165.19197545974268
RandomForest,RandomKFold,2,148,random_fold,334.5177065767285,320.59715485958816
RandomForest,RandomKFold,2,154,random_fold,432.035413153457,291.0933914863875
RandomForest,RandomKFold,2,172,random_fold,247.0,145.73805956591715
RandomForest,RandomKFold,2,175,random_fold,35.4,98.08675195156452
RandomForest,RandomKFold,2,182,random_fold,67.4,182.4234022870403
RandomForest,RandomKFold,2,185,random_fold,49.4,156.1222942014588
RandomForest,RandomKFold,2,192,random_fold,45.0,52.8848030265841
RandomForest,RandomKFold,2,193,random_fold,60.0,76.18666271205014
RandomForest,RandomKFold,2,208,random_fold,262.0,264.5192826744104
RandomForest,RandomKFold,2,211,random_fold,363.0,326.96703461053943
RandomForest,RandomKFold,2,220,random_fold,292.0,297.1222426331105
RandomForest,RandomKFold,2,227,random_fold,266.0,255.09731220738308
RandomForest,RandomKFold,2,261,random_fold,396.0,370.30431720789727
RandomForest,RandomKFold,2,271,random_fold,20.79117,50.607823815560614
RandomForest,RandomKFold,2,274,random_fold,61.40196,29.596517762214287
RandomForest,RandomKFold,2,297,random_fold,67.8,73.02351048415795
RandomForest,RandomKFold,2,304,random_fold,60.9,82.02796659763732
RandomForest,RandomKFold,2,310,random_fold,169.5,197.8286854840346
RandomForest,RandomKFold,2,316,random_fold,90.85,152.10524178841573
RandomForest,RandomKFold,2,324,random_fold,151.35,152.1447907499313
RandomForest,RandomKFold,2,325,random_fold,130.65,113.85195237052322
RandomForest,RandomKFold,2,336,random_fold,82.5,127.41618589102943
RandomForest,RandomKFold,2,376,random_fold,25.654,27.3529239795104
RandomForest,RandomKFold,2,377,random_fold,24.327068965517242,24.632178925620515
RandomForest,RandomKFold,2,398,random_fold,148.805,137.2612888833787
RandomForest,RandomKFold,2,399,random_fold,20.915000000000003,82.61972259253962
RandomForest,RandomKFold,2,406,random_fold,119.7,163.43857494311993
RandomForest,RandomKFold,2,408,random_fold,55.825,158.4483739551449
RandomForest,RandomKFold,2,411,random_fold,60.2,101.17500460922409
RandomForest,RandomKFold,2,422,random_fold,36.2,61.9317631680925
RandomForest,RandomKFold,2,428,random_fold,52.0,125.72118782278231
RandomForest,RandomKFold,2,429,random_fold,54.0,120.14709774614164
RandomForest,RandomKFold,2,432,random_fold,72.7,198.368251342628
RandomForest,RandomKFold,2,473,random_fold,280.0,295.9286965531562
RandomForest,RandomKFold,3,5,random_fold,131.022,111.18510980985359
RandomForest,RandomKFold,3,16,random_fold,195.40350000000004,218.0332191942155
RandomForest,RandomKFold,3,17,random_fold,160.0125,213.96058325383254
RandomForest,RandomKFold,3,22,random_fold,128.01,170.4732961284639
RandomForest,RandomKFold,3,23,random_fold,157.0005,200.68108940737264
RandomForest,RandomKFold,3,24,random_fold,78.6885,84.115928892415
RandomForest,RandomKFold,3,25,random_fold,77.9355,83.97301289241499
RandomForest,RandomKFold,3,31,random_fold,103.91399999999999,97.30862167894092
RandomForest,RandomKFold,3,42,random_fold,62.720000000000006,110.982137893061
RandomForest,RandomKFold,3,45,random_fold,65.0,116.98822830503813
RandomForest,RandomKFold,3,46,random_fold,44.0,93.29243750527442
RandomForest,RandomKFold,3,57,random_fold,189.95136,195.36813310096386
RandomForest,RandomKFold,3,66,random_fold,107.63999999999999,137.7830154955405
RandomForest,RandomKFold,3,94,random_fold,49.35,62.384431649866634
RandomForest,RandomKFold,3,113,random_fold,38.0205,51.88967901035855
RandomForest,RandomKFold,3,116,random_fold,47.5456,67.64683257317046
RandomForest,RandomKFold,3,131,random_fold,107.06,108.7308139214104
RandomForest,RandomKFold,3,137,random_fold,168.98970037453182,188.7457648005436
RandomForest,RandomKFold,3,140,random_fold,196.05898876404495,165.25150404018632
RandomForest,RandomKFold,3,181,random_fold,82.6,113.29341579120494
RandomForest,RandomKFold,3,203,random_fold,1045.0,631.9384953809409
RandomForest,RandomKFold,3,209,random_fold,189.0,91.18727889333445
RandomForest,RandomKFold,3,210,random_fold,310.0,357.0820123684245
RandomForest,RandomKFold,3,218,random_fold,312.0,276.2895988941018
RandomForest,RandomKFold,3,222,random_fold,596.0,368.39082715002746
RandomForest,RandomKFold,3,229,random_fold,308.0,280.5827350695371
RandomForest,RandomKFold,3,234,random_fold,129.5375,211.21669698268997
RandomForest,RandomKFold,3,248,random_fold,218.0,142.0938559463324
RandomForest,RandomKFold,3,255,random_fold,114.0,137.20457099335403
RandomForest,RandomKFold,3,289,random_fold,79.01939999999999,71.48733944062964
RandomForest,RandomKFold,3,298,random_fold,276.0,230.91085837681453
RandomForest,RandomKFold,3,314,random_fold,153.5,198.34129348566682
RandomForest,RandomKFold,3,317,random_fold,105.6,153.5005326158372
RandomForest,RandomKFold,3,318,random_fold,148.9,172.22087385343045
RandomForest,RandomKFold,3,320,random_fold,144.1,130.13387996716583
RandomForest,RandomKFold,3,329,random_fold,155.0,280.93401594481224
RandomForest,RandomKFold,3,349,random_fold,115.0,75.28409939821081
RandomForest,RandomKFold,3,380,random_fold,33.70404827586207,32.22041786298588
RandomForest,RandomKFold,3,396,random_fold,138.06,129.03957652568317
RandomForest,RandomKFold,3,409,random_fold,71.74999999999999,147.50172309856248
RandomForest,RandomKFold,3,414,random_fold,208.79,412.6719120809231
RandomForest,RandomKFold,3,415,random_fold,211.83,217.04047252998674
RandomForest,RandomKFold,3,419,random_fold,133.5,139.62066833062687
RandomForest,RandomKFold,3,433,random_fold,81.15,194.89383087623457
RandomForest,RandomKFold,3,451,random_fold,21.345,77.10717598812474
RandomForest,RandomKFold,3,454,random_fold,22.0,37.93605338381315
RandomForest,RandomKFold,3,460,random_fold,200.6,431.05151893265264
RandomForest,RandomKFold,3,467,random_fold,79.0,119.26140952946581
RandomForest,RandomKFold,3,481,random_fold,632.5,219.85346674235996
RandomForest,RandomKFold,4,3,random_fold,123.49199999999999,106.81679958752962
RandomForest,RandomKFold,4,7,random_fold,77.1825,91.10064876788836
RandomForest,RandomKFold,4,26,random_fold,98.643,80.17675752805063
RandomForest,RandomKFold,4,29,random_fold,100.149,95.47032482419911
RandomForest,RandomKFold,4,37,random_fold,297.5,185.19677036779385
RandomForest,RandomKFold,4,60,random_fold,146.51736,179.58150785902123
RandomForest,RandomKFold,4,67,random_fold,144.04,149.9937527797919
RandomForest,RandomKFold,4,74,random_fold,109.72,166.81765714417654
RandomForest,RandomKFold,4,83,random_fold,148.0,165.02480690584397
RandomForest,RandomKFold,4,108,random_fold,28.8405,78.78117723897132
RandomForest,RandomKFold,4,109,random_fold,61.548500000000004,46.8515729615031
RandomForest,RandomKFold,4,110,random_fold,48.841,40.96771877450638
RandomForest,RandomKFold,4,114,random_fold,24.3712,43.34706557319493
RandomForest,RandomKFold,4,118,random_fold,51.94349999999999,64.09241486061414
RandomForest,RandomKFold,4,141,random_fold,191.0318352059925,216.31268246587845
RandomForest,RandomKFold,4,144,random_fold,218.4878277153558,186.62527645185216
RandomForest,RandomKFold,4,145,random_fold,192.57865168539325,201.79155888408857
RandomForest,RandomKFold,4,152,random_fold,264.97639123102863,234.61533529977143
RandomForest,RandomKFold,4,157,random_fold,290.5,252.31629989112724
RandomForest,RandomKFold,4,165,random_fold,129.0,148.9487417312173
RandomForest,RandomKFold,4,168,random_fold,136.0,137.11949888115936
RandomForest,RandomKFold,4,173,random_fold,328.0,155.283513723424
RandomForest,RandomKFold,4,176,random_fold,77.2,117.1858148882018
RandomForest,RandomKFold,4,180,random_fold,147.5,139.65119592472996
RandomForest,RandomKFold,4,204,random_fold,1008.0,641.5261331208505
RandomForest,RandomKFold,4,228,random_fold,199.0,305.05946739308234
RandomForest,RandomKFold,4,238,random_fold,162.8625,212.56252254517105
RandomForest,RandomKFold,4,247,random_fold,78.74375,110.59806703669193
RandomForest,RandomKFold,4,265,random_fold,342.0,322.88142031201926
RandomForest,RandomKFold,4,312,random_fold,157.9,184.88706137785826
RandomForest,RandomKFold,4,334,random_fold,108.0,150.3105366736032
RandomForest,RandomKFold,4,340,random_fold,100.0,147.71180378555894
RandomForest,RandomKFold,4,354,random_fold,26.892468965517246,27.114699053894704
RandomForest,RandomKFold,4,357,random_fold,26.36169655172414,32.13461175341689
RandomForest,RandomKFold,4,361,random_fold,27.86555172413793,28.9193550253366
RandomForest,RandomKFold,4,367,random_fold,31.138648275862067,35.25087832032863
RandomForest,RandomKFold,4,371,random_fold,30.077103448275864,30.02742744569765
RandomForest,RandomKFold,4,384,random_fold,34.234820689655166,41.1650146605094
RandomForest,RandomKFold,4,393,random_fold,23.35398620689655,24.929732173317255
RandomForest,RandomKFold,4,397,random_fold,155.45,137.81451800024934
RandomForest,RandomKFold,4,400,random_fold,29.5035,42.899323270817305
RandomForest,RandomKFold,4,417,random_fold,135.725,132.32477205369142
RandomForest,RandomKFold,4,425,random_fold,81.2,146.35526641787135
RandomForest,RandomKFold,4,444,random_fold,40.53,60.22564385899848
RandomForest,RandomKFold,4,453,random_fold,20.0,27.72111881128992
RandomForest,RandomKFold,4,455,random_fold,21.5,28.960842728150766
RandomForest,RandomKFold,4,459,random_fold,17.5,32.64650411389167
RandomForest,RandomKFold,4,465,random_fold,793.0,640.3637005034112
RandomForest,RandomKFold,4,486,random_fold,132.68290909090908,129.8743141255267
RandomForest,RandomKFold,5,6,random_fold,64.758,98.00466421197106
RandomForest,RandomKFold,5,10,random_fold,115.962,104.07714178663437
RandomForest,RandomKFold,5,36,random_fold,202.5,147.46853926125516
RandomForest,RandomKFold,5,38,random_fold,306.0,72.64264319499956
RandomForest,RandomKFold,5,59,random_fold,195.16344,154.0968308868648
RandomForest,RandomKFold,5,81,random_fold,82.16,145.28687033064898
RandomForest,RandomKFold,5,103,random_fold,35.6915,39.272313930206856
RandomForest,RandomKFold,5,111,random_fold,32.8185,37.4867714385208
RandomForest,RandomKFold,5,119,random_fold,52.80029999999999,62.49494400856496
RandomForest,RandomKFold,5,139,random_fold,148.4943820224719,186.51968028976327
RandomForest,RandomKFold,5,150,random_fold,341.31197301854974,234.32838865967435
RandomForest,RandomKFold,5,158,random_fold,351.5151515151515,148.40573442146862
RandomForest,RandomKFold,5,167,random_fold,136.5,61.7454814924647
RandomForest,RandomKFold,5,177,random_fold,138.0,172.48630531103012
RandomForest,RandomKFold,5,184,random_fold,63.7,124.35035039602369
RandomForest,RandomKFold,5,194,random_fold,86.0,113.94469850912611
RandomForest,RandomKFold,5,196,random_fold,478.0,123.18690832690187
RandomForest,RandomKFold,5,198,random_fold,194.0,168.03461083311706
RandomForest,RandomKFold,5,231,random_fold,23.999375,64.4690542730239
RandomForest,RandomKFold,5,237,random_fold,342.3875,267.74555295622093
RandomForest,RandomKFold,5,245,random_fold,180.86875,207.2348533213214
RandomForest,RandomKFold,5,249,random_fold,180.9,173.92766383798153
RandomForest,RandomKFold,5,266,random_fold,344.0,314.61727559190217
RandomForest,RandomKFold,5,268,random_fold,333.0,210.42325251657812
RandomForest,RandomKFold,5,275,random_fold,50.65014,111.23585924657077
RandomForest,RandomKFold,5,277,random_fold,30.053279999999997,36.05899398620293
RandomForest,RandomKFold,5,280,random_fold,20.53209,24.862439708517297
RandomForest,RandomKFold,5,287,random_fold,15.73911,53.77324386166304
RandomForest,RandomKFold,5,290,random_fold,22.99335,85.70415276858465
RandomForest,RandomKFold,5,291,random_fold,80.3,87.80459503033663
RandomForest,RandomKFold,5,302,random_fold,247.0,218.40973527534098
RandomForest,RandomKFold,5,321,random_fold,146.75,141.8683893707854
RandomForest,RandomKFold,5,331,random_fold,300.0,218.2744648741474
RandomForest,RandomKFold,5,338,random_fold,100.0,160.19440578108248
RandomForest,RandomKFold,5,346,random_fold,162.0,114.32716598885686
RandomForest,RandomKFold,5,352,random_fold,27.86555172413793,26.79642617720302
RandomForest,RandomKFold,5,356,random_fold,28.13093793103448,34.66416361374329
RandomForest,RandomKFold,5,374,random_fold,25.830924137931035,26.852795460261266
RandomForest,RandomKFold,5,378,random_fold,22.28233142857143,25.257771861970905
RandomForest,RandomKFold,5,386,random_fold,41.84255862068966,38.33202043763474
RandomForest,RandomKFold,5,392,random_fold,24.238606896551723,25.257771861970905
RandomForest,RandomKFold,5,405,random_fold,32.93,65.18089111230395
RandomForest,RandomKFold,5,423,random_fold,50.9,65.06419292855227
RandomForest,RandomKFold,5,440,random_fold,58.0,177.26805071121947
RandomForest,RandomKFold,5,457,random_fold,20.0,22.64914456759743
RandomForest,RandomKFold,5,462,random_fold,32.725,251.80724894687415
RandomForest,RandomKFold,5,472,random_fold,210.0,160.7984137771294
RandomForest,RandomKFold,5,474,random_fold,277.0,428.82487842237254
RandomForest,RandomKFold,5,477,random_fold,238.0,163.8507971236088
RandomForest,RandomKFold,6,2,random_fold,109.185,113.44507564038051
RandomForest,RandomKFold,6,69,random_fold,107.12,102.81500654804982
RandomForest,RandomKFold,6,89,random_fold,44.31,50.94127761860743
RandomForest,RandomKFold,6,92,random_fold,47.62,49.308248221288565
RandomForest,RandomKFold,6,96,random_fold,45.0,63.75280134297796
RandomForest,RandomKFold,6,97,random_fold,32.708,40.532387107324574
RandomForest,RandomKFold,6,112,random_fold,32.2048,53.84610292490941
RandomForest,RandomKFold,6,122,random_fold,72.5067,84.6333658792457
RandomForest,RandomKFold,6,123,random_fold,76.5765,92.8153307381652
RandomForest,RandomKFold,6,125,random_fold,96.3819,149.52569349389157
RandomForest,RandomKFold,6,129,random_fold,134.885,95.98746325757254
RandomForest,RandomKFold,6,143,random_fold,172.08333333333334,204.72406442440513
RandomForest,RandomKFold,6,146,random_fold,189.48501872659176,198.07487984466363
RandomForest,RandomKFold,6,147,random_fold,362.893760539629,311.4204456961501
RandomForest,RandomKFold,6,163,random_fold,154.3,112.15847548743211
RandomForest,RandomKFold,6,179,random_fold,58.0,73.05921817950069
RandomForest,RandomKFold,6,183,random_fold,135.0,134.60891674440109
RandomForest,RandomKFold,6,202,random_fold,704.0,587.3058707595828
RandomForest,RandomKFold,6,219,random_fold,339.0,303.6714925482021
RandomForest,RandomKFold,6,223,random_fold,509.0,284.5978320949479
RandomForest,RandomKFold,6,239,random_fold,85.19375,90.85819616077448
RandomForest,RandomKFold,6,246,random_fold,104.275,117.88297610918642
RandomForest,RandomKFold,6,262,random_fold,393.0,375.9854711988888
RandomForest,RandomKFold,6,278,random_fold,25.84323,34.0470548702708
RandomForest,RandomKFold,6,281,random_fold,17.81175,24.629209154360442
RandomForest,RandomKFold,6,286,random_fold,20.46732,86.42320113743374
RandomForest,RandomKFold,6,294,random_fold,71.9,79.39773098633529
RandomForest,RandomKFold,6,296,random_fold,42.8,68.38885046955376
RandomForest,RandomKFold,6,299,random_fold,324.0,233.02470886475533
RandomForest,RandomKFold,6,301,random_fold,232.0,214.78809510831
RandomForest,RandomKFold,6,322,random_fold,106.7,142.92172599578802
RandomForest,RandomKFold,6,323,random_fold,122.9,138.30866619049004
RandomForest,RandomKFold,6,332,random_fold,82.5,107.87630690544803
RandomForest,RandomKFold,6,333,random_fold,108.0,100.54608479667299
RandomForest,RandomKFold,6,342,random_fold,130.0,91.32091705877961
RandomForest,RandomKFold,6,347,random_fold,79.5,50.57604047978861
RandomForest,RandomKFold,6,353,random_fold,27.423241379310344,26.765483115234904
RandomForest,RandomKFold,6,358,random_fold,26.71554482758621,27.117642526655885
RandomForest,RandomKFold,6,360,random_fold,31.492496551724138,27.716447925018628
RandomForest,RandomKFold,6,368,random_fold,33.08481379310345,33.43513832120633
RandomForest,RandomKFold,6,373,random_fold,33.08481379310345,28.45254843380216
RandomForest,RandomKFold,6,388,random_fold,56.17341379310345,70.46696773168428
RandomForest,RandomKFold,6,391,random_fold,139.32775862068965,134.48760934887991
RandomForest,RandomKFold,6,407,random_fold,129.5,148.5761405023016
RandomForest,RandomKFold,6,410,random_fold,48.65,85.65048600748132
RandomForest,RandomKFold,6,412,random_fold,528.255,246.4546112083331
RandomForest,RandomKFold,6,456,random_fold,18.5,26.3946136592526
RandomForest,RandomKFold,6,463,random_fold,41.25,173.73159592107075
RandomForest,RandomKFold,6,469,random_fold,81.29,250.13307984982464
RandomForest,RandomKFold,7,12,random_fold,112.95,271.7181851556497
RandomForest,RandomKFold,7,28,random_fold,99.396,90.6502351192015
RandomForest,RandomKFold,7,35,random_fold,113.58677486966627,106.13999300289613
RandomForest,RandomKFold,7,41,random_fold,186.44500000000002,146.15887648883555
RandomForest,RandomKFold,7,44,random_fold,134.995,111.04387778501744
RandomForest,RandomKFold,7,51,random_fold,58.5,101.85966864898855
RandomForest,RandomKFold,7,65,random_fold,299.52,182.2347856056202
RandomForest,RandomKFold,7,85,random_fold,84.0,146.46859530378867
RandomForest,RandomKFold,7,95,random_fold,52.28,57.57178305118587
RandomForest,RandomKFold,7,107,random_fold,40.7745,40.165319781296375
RandomForest,RandomKFold,7,115,random_fold,24.954300000000003,46.79651719327245
RandomForest,RandomKFold,7,120,random_fold,48.524800000000006,80.20853049929593
RandomForest,RandomKFold,7,127,random_fold,115.07355,148.1490392449257
RandomForest,RandomKFold,7,133,random_fold,58.37,103.70887464990503
RandomForest,RandomKFold,7,136,random_fold,159.70880149812734,205.30769262080784
RandomForest,RandomKFold,7,142,random_fold,189.48501872659176,213.79691432616423
RandomForest,RandomKFold,7,159,random_fold,351.5151515151515,113.17569507492915
RandomForest,RandomKFold,7,164,random_fold,198.0,119.92449082673565
RandomForest,RandomKFold,7,170,random_fold,194.0,173.54564059800575
RandomForest,RandomKFold,7,178,random_fold,138.0,162.72737241367705
RandomForest,RandomKFold,7,186,random_fold,75.0,76.88907838727174
RandomForest,RandomKFold,7,197,random_fold,161.0,175.80853300762703
RandomForest,RandomKFold,7,206,random_fold,295.0,360.56175624353284
RandomForest,RandomKFold,7,221,random_fold,445.0,369.46987587379334
RandomForest,RandomKFold,7,224,random_fold,251.0,304.3154815964075
RandomForest,RandomKFold,7,232,random_fold,15.05,77.7823166641797
RandomForest,RandomKFold,7,233,random_fold,244.29375,234.4740436287785
RandomForest,RandomKFold,7,240,random_fold,52.675,91.41135871432753
RandomForest,RandomKFold,7,242,random_fold,193.76875,226.8537944639737
RandomForest,RandomKFold,7,254,random_fold,531.0,251.16378234779927
RandomForest,RandomKFold,7,258,random_fold,350.0,315.2325908987412
RandomForest,RandomKFold,7,282,random_fold,12.82446,37.757186754115175
RandomForest,RandomKFold,7,283,random_fold,17.81175,234.18687194986822
RandomForest,RandomKFold,7,285,random_fold,79.01939999999999,68.5834861151821
RandomForest,RandomKFold,7,305,random_fold,79.4,80.97306649801148
RandomForest,RandomKFold,7,335,random_fold,144.0,133.703647393262
RandomForest,RandomKFold,7,341,random_fold,120.0,130.23972448632733
RandomForest,RandomKFold,7,351,random_fold,69.0,101.81688979762068
RandomForest,RandomKFold,7,355,random_fold,28.13093793103448,32.8262041345136
RandomForest,RandomKFold,7,362,random_fold,25.123227586206898,29.983287548319634
RandomForest,RandomKFold,7,364,random_fold,27.95401379310345,29.846186142479464
RandomForest,RandomKFold,7,370,random_fold,26.892468965517246,28.98803949406129
RandomForest,RandomKFold,7,382,random_fold,32.46557931034483,32.81671538858761
RandomForest,RandomKFold,7,390,random_fold,145.07779310344827,136.84639048924052
RandomForest,RandomKFold,7,394,random_fold,26.00784827586207,24.35378861739624
RandomForest,RandomKFold,7,403,random_fold,28.7025,49.106031832915015
RandomForest,RandomKFold,7,439,random_fold,44.0,199.75384686297568
RandomForest,RandomKFold,7,449,random_fold,46.63,80.18812266673895
RandomForest,RandomKFold,7,475,random_fold,457.5,347.2002369430598
RandomForest,RandomKFold,8,4,random_fold,111.0675,123.8488938525166
RandomForest,RandomKFold,8,8,random_fold,91.113,105.01272643174129
RandomForest,RandomKFold,8,14,random_fold,144.1995,151.10286900408965
RandomForest,RandomKFold,8,27,random_fold,81.324,86.026383229167
RandomForest,RandomKFold,8,32,random_fold,143.0398642916827,107.49375231300473
RandomForest,RandomKFold,8,40,random_fold,154.84,129.32174705175134
RandomForest,RandomKFold,8,47,random_fold,50.0,51.17278219574681
RandomForest,RandomKFold,8,61,random_fold,200.37552,160.08988940189533
RandomForest,RandomKFold,8,62,random_fold,175.47335999999999,180.99552528736197
RandomForest,RandomKFold,8,64,random_fold,279.76,230.39568403330057
RandomForest,RandomKFold,8,98,random_fold,29.5035,35.116646489802434
RandomForest,RandomKFold,8,100,random_fold,29.9455,36.49248040348659
RandomForest,RandomKFold,8,128,random_fold,115.50059999999999,174.02247845496555
RandomForest,RandomKFold,8,135,random_fold,170.5365168539326,189.9965656883315
RandomForest,RandomKFold,8,138,random_fold,172.08333333333334,189.59456303134255
RandomForest,RandomKFold,8,156,random_fold,260.0,273.0230884924376
RandomForest,RandomKFold,8,162,random_fold,56.5,101.75687711709747
RandomForest,RandomKFold,8,171,random_fold,154.0,191.7998418723762
RandomForest,RandomKFold,8,200,random_fold,380.0,434.6150273350732
RandomForest,RandomKFold,8,207,random_fold,252.0,245.1827479502334
RandomForest,RandomKFold,8,213,random_fold,289.0,367.22720843929255
RandomForest,RandomKFold,8,215,random_fold,367.0,395.6032960206261
RandomForest,RandomKFold,8,216,random_fold,327.0,395.6032960206261
RandomForest,RandomKFold,8,226,random_fold,357.0,279.7094939260396
RandomForest,RandomKFold,8,230,random_fold,45.15,103.26267520976513
RandomForest,RandomKFold,8,236,random_fold,52.40625,91.66955631788692
RandomForest,RandomKFold,8,256,random_fold,204.0,122.5326467604232
RandomForest,RandomKFold,8,260,random_fold,361.0,361.71699948248454
RandomForest,RandomKFold,8,267,random_fold,294.0,252.5162553026746
RandomForest,RandomKFold,8,279,random_fold,23.446740000000002,29.42005822899998
RandomForest,RandomKFold,8,288,random_fold,36.53028,75.96992839927788
RandomForest,RandomKFold,8,292,random_fold,59.0,70.57668096209159
RandomForest,RandomKFold,8,300,random_fold,204.0,233.14365332185852
RandomForest,RandomKFold,8,326,random_fold,219.75,117.24479569980754
RandomForest,RandomKFold,8,327,random_fold,110.0,155.96032496132972
RandomForest,RandomKFold,8,337,random_fold,117.0,168.0316650682209
RandomForest,RandomKFold,8,379,random_fold,31.404034482758618,33.49557473672226
RandomForest,RandomKFold,8,381,random_fold,30.077103448275864,33.8742402041746
RandomForest,RandomKFold,8,395,random_fold,112.535,122.01145589281928
RandomForest,RandomKFold,8,404,random_fold,24.475,38.073603019121
RandomForest,RandomKFold,8,416,random_fold,252.8325,228.9303243388935
RandomForest,RandomKFold,8,418,random_fold,144.625,129.5807378497445
RandomForest,RandomKFold,8,420,random_fold,137.95000000000002,132.33869136369665
RandomForest,RandomKFold,8,424,random_fold,54.2,68.34603536393278
RandomForest,RandomKFold,8,436,random_fold,42.5,113.62185562455181
RandomForest,RandomKFold,8,438,random_fold,45.0,105.21600337744393
RandomForest,RandomKFold,8,448,random_fold,44.46,61.86247950634196
RandomForest,RandomKFold,8,452,random_fold,51.06,100.27893337139228
RandomForest,RandomKFold,8,464,random_fold,410.5,767.2725770235429
RandomForest,RandomKFold,9,1,random_fold,79.065,105.16821214711996
RandomForest,RandomKFold,9,13,random_fold,125.751,239.47077934236856
RandomForest,RandomKFold,9,34,random_fold,93.20518373755829,111.08695575373646
RandomForest,RandomKFold,9,43,random_fold,79.38,123.67425900980037
RandomForest,RandomKFold,9,49,random_fold,32.5,97.26154222232448
RandomForest,RandomKFold,9,52,random_fold,42.5,121.21894642523611
RandomForest,RandomKFold,9,53,random_fold,35.0,139.64584260455808
RandomForest,RandomKFold,9,80,random_fold,229.59999999999997,154.6048786363499
RandomForest,RandomKFold,9,88,random_fold,42.0,56.10820690773814
RandomForest,RandomKFold,9,91,random_fold,44.95,48.6523316706455
RandomForest,RandomKFold,9,105,random_fold,32.8185,57.04155236288828
RandomForest,RandomKFold,9,134,random_fold,74.49,179.78956188128407
RandomForest,RandomKFold,9,161,random_fold,47.5,102.50851350583774
RandomForest,RandomKFold,9,166,random_fold,114.5,142.4556255530065
RandomForest,RandomKFold,9,190,random_fold,60.0,69.32606718355468
RandomForest,RandomKFold,9,201,random_fold,683.0,668.6433331511104
RandomForest,RandomKFold,9,205,random_fold,299.0,332.9195626650013
RandomForest,RandomKFold,9,212,random_fold,407.0,318.55164340498925
RandomForest,RandomKFold,9,217,random_fold,264.0,297.9872949103932
RandomForest,RandomKFold,9,241,random_fold,374.90625,262.4978018673087
RandomForest,RandomKFold,9,251,random_fold,154.2,185.7783491362647
RandomForest,RandomKFold,9,259,random_fold,325.0,337.1299400524779
RandomForest,RandomKFold,9,263,random_fold,454.0,352.04100584677457
RandomForest,RandomKFold,9,264,random_fold,404.0,346.02198426397814
RandomForest,RandomKFold,9,269,random_fold,16.51635,30.126243757412528
RandomForest,RandomKFold,9,273,random_fold,17.74698,27.028310714098012
RandomForest,RandomKFold,9,295,random_fold,45.6,69.02090665825882
RandomForest,RandomKFold,9,303,random_fold,237.0,212.84672805383545
RandomForest,RandomKFold,9,306,random_fold,84.3,77.17128132635625
RandomForest,RandomKFold,9,309,random_fold,178.8,189.8001078204187
RandomForest,RandomKFold,9,315,random_fold,170.6,187.13979741305113
RandomForest,RandomKFold,9,319,random_fold,115.45,118.05762825457073
RandomForest,RandomKFold,9,328,random_fold,120.0,138.49372567511423
RandomForest,RandomKFold,9,339,random_fold,120.0,105.43559253962383
RandomForest,RandomKFold,9,345,random_fold,162.0,103.93063626774034
RandomForest,RandomKFold,9,350,random_fold,118.2,65.96902097483347
RandomForest,RandomKFold,9,366,random_fold,33.08481379310345,33.51395335542045
RandomForest,RandomKFold,9,387,random_fold,39.454082758620686,39.56742831149802
RandomForest,RandomKFold,9,389,random_fold,76.962,93.97923377567729
RandomForest,RandomKFold,9,401,random_fold,29.5035,37.213190536023845
RandomForest,RandomKFold,9,431,random_fold,73.75,229.60240496874894
RandomForest,RandomKFold,9,446,random_fold,106.425,57.01021951370787
RandomForest,RandomKFold,9,447,random_fold,125.77,65.49657225132016
RandomForest,RandomKFold,9,461,random_fold,209.3,344.4668738897908
RandomForest,RandomKFold,9,468,random_fold,86.0,116.19894479714297
RandomForest,RandomKFold,9,470,random_fold,95.81,167.09120999591477
RandomForest,RandomKFold,9,476,random_fold,248.0,188.155210847219
RandomForest,RandomKFold,9,480,random_fold,484.0,316.3964750309792
RandomForest,RandomKFold,10,20,random_fold,146.4585,190.6049389922938
RandomForest,RandomKFold,10,21,random_fold,178.08450000000002,191.37426686729378
RandomForest,RandomKFold,10,48,random_fold,39.0,59.35054794935848
RandomForest,RandomKFold,10,50,random_fold,42.5,69.43538622362867
RandomForest,RandomKFold,10,54,random_fold,171.99864000000002,220.8532690791203
RandomForest,RandomKFold,10,58,random_fold,217.74912,220.8532690791203
RandomForest,RandomKFold,10,71,random_fold,252.08,227.35033613039138
RandomForest,RandomKFold,10,87,random_fold,344.0,159.00504196807893
RandomForest,RandomKFold,10,99,random_fold,30.6085,33.60930477696032
RandomForest,RandomKFold,10,102,random_fold,21.437,31.160948737662363
RandomForest,RandomKFold,10,106,random_fold,51.051,44.44732661117293
RandomForest,RandomKFold,10,121,random_fold,58.476600000000005,121.05155507500454
RandomForest,RandomKFold,10,130,random_fold,144.16,139.2027292640006
RandomForest,RandomKFold,10,149,random_fold,348.50590219224284,281.47762957535986
RandomForest,RandomKFold,10,151,random_fold,344.90893760539626,200.92312265631938
RandomForest,RandomKFold,10,160,random_fold,157.0,162.4771523709188
RandomForest,RandomKFold,10,169,random_fold,186.0,171.36533871997614
RandomForest,RandomKFold,10,174,random_fold,81.7,117.50381208532188
RandomForest,RandomKFold,10,187,random_fold,52.5,72.24469985731393
RandomForest,RandomKFold,10,188,random_fold,45.0,140.4767446005638
RandomForest,RandomKFold,10,189,random_fold,85.0,84.23109551869818
RandomForest,RandomKFold,10,191,random_fold,65.0,116.13906227622823
RandomForest,RandomKFold,10,214,random_fold,336.0,317.7813573678415
RandomForest,RandomKFold,10,235,random_fold,61.00625,108.61042526373829
RandomForest,RandomKFold,10,243,random_fold,94.33125,109.20759230462471
RandomForest,RandomKFold,10,252,random_fold,307.0,179.47426593295876
RandomForest,RandomKFold,10,257,random_fold,122.6,169.33487842602614
RandomForest,RandomKFold,10,270,random_fold,50.5206,39.18670424694014
RandomForest,RandomKFold,10,276,random_fold,33.356550000000006,48.77819121289755
RandomForest,RandomKFold,10,293,random_fold,42.5,75.0150155791531
RandomForest,RandomKFold,10,308,random_fold,103.0,148.96503675164965
RandomForest,RandomKFold,10,313,random_fold,162.8,228.46404125754427
RandomForest,RandomKFold,10,330,random_fold,280.0,209.73476523589787
RandomForest,RandomKFold,10,343,random_fold,157.5,136.57851940244976
RandomForest,RandomKFold,10,344,random_fold,147.5,117.23373129271751
RandomForest,RandomKFold,10,348,random_fold,114.0,85.86922072978801
RandomForest,RandomKFold,10,359,random_fold,31.580958620689653,27.4872433524275
RandomForest,RandomKFold,10,363,random_fold,29.54633103448276,27.648202377422933
RandomForest,RandomKFold,10,372,random_fold,30.16556551724138,29.911836692431493
RandomForest,RandomKFold,10,385,random_fold,33.08481379310345,41.77907693641636
RandomForest,RandomKFold,10,413,random_fold,284.405,324.1220091955369
RandomForest,RandomKFold,10,435,random_fold,140.8,262.58024039005454
RandomForest,RandomKFold,10,443,random_fold,86.84,97.18271688888846
RandomForest,RandomKFold,10,445,random_fold,50.895,74.15926443502951
RandomForest,RandomKFold,10,458,random_fold,22.5,27.463552749150242
RandomForest,RandomKFold,10,466,random_fold,1430.0,418.6553291069735
RandomForest,RandomKFold,10,484,random_fold,585.5,348.73581872896835
RandomForest,RandomKFold,10,487,random_fold,145.62763636363636,129.3276386743528
RandomForest,GroupKFold_Source,1,39,Manju et al.,117.845,120.85684789912389
RandomForest,GroupKFold_Source,1,45,Arslan et al,65.0,94.59788474087836
RandomForest,GroupKFold_Source,1,248,Tan et al,218.0,132.89372441135367
RandomForest,GroupKFold_Source,1,253,Pansuk et al,340.0,312.6115217827379
RandomForest,GroupKFold_Source,1,353,Batson et al 1972,27.423241379310344,60.95032549033059
RandomForest,GroupKFold_Source,1,354,Batson et al 1972,26.892468965517246,60.95032549033059
RandomForest,GroupKFold_Source,1,355,Batson et al 1972,28.13093793103448,107.98214995714947
RandomForest,GroupKFold_Source,1,356,Batson et al 1972,28.13093793103448,107.98214995714947
RandomForest,GroupKFold_Source,1,357,Batson et al 1972,26.36169655172414,107.98214995714947
RandomForest,GroupKFold_Source,1,358,Batson et al 1972,26.71554482758621,60.95032549033059
RandomForest,GroupKFold_Source,1,359,Batson et al 1972,31.580958620689653,64.75884829371043
RandomForest,GroupKFold_Source,1,360,Batson et al 1972,31.492496551724138,65.2486362793426
RandomForest,GroupKFold_Source,1,361,Batson et al 1972,27.86555172413793,65.2486362793426
RandomForest,GroupKFold_Source,1,362,Batson et al 1972,25.123227586206898,65.2486362793426
RandomForest,GroupKFold_Source,1,363,Batson et al 1972,29.54633103448276,64.75884829371043
RandomForest,GroupKFold_Source,1,364,Batson et al 1972,27.95401379310345,64.75884829371043
RandomForest,GroupKFold_Source,1,365,Batson et al 1972,32.90788965517241,86.14562739169938
RandomForest,GroupKFold_Source,1,366,Batson et al 1972,33.08481379310345,86.22691414491777
RandomForest,GroupKFold_Source,1,367,Batson et al 1972,31.138648275862067,86.22691414491777
RandomForest,GroupKFold_Source,1,368,Batson et al 1972,33.08481379310345,86.22691414491777
RandomForest,GroupKFold_Source,1,369,Batson et al 1972,28.30786206896552,64.75884829371043
RandomForest,GroupKFold_Source,1,370,Batson et al 1972,26.892468965517246,64.75884829371043
RandomForest,GroupKFold_Source,1,371,Batson et al 1972,30.077103448275864,101.7815751986032
RandomForest,GroupKFold_Source,1,372,Batson et al 1972,30.16556551724138,101.7815751986032
RandomForest,GroupKFold_Source,1,373,Batson et al 1972,33.08481379310345,101.7815751986032
RandomForest,GroupKFold_Source,1,374,Batson et al 1972,25.830924137931035,101.74350741699402
RandomForest,GroupKFold_Source,1,375,Batson et al 1972,27.06939310344828,101.74350741699402
RandomForest,GroupKFold_Source,1,376,Batson et al 1972,25.654,101.74350741699402
RandomForest,GroupKFold_Source,1,377,Batson et al 1972,24.327068965517242,95.45655193329118
RandomForest,GroupKFold_Source,1,378,Batson et al 1972,22.28233142857143,95.5672888777356
RandomForest,GroupKFold_Source,1,379,Batson et al 1972,31.404034482758618,118.22082031398514
RandomForest,GroupKFold_Source,1,380,Batson et al 1972,33.70404827586207,118.18275253237594
RandomForest,GroupKFold_Source,1,381,Batson et al 1972,30.077103448275864,118.18275253237594
RandomForest,GroupKFold_Source,1,382,Batson et al 1972,32.46557931034483,118.18275253237594
RandomForest,GroupKFold_Source,1,383,Batson et al 1972,36.62329655172413,101.61099587917128
RandomForest,GroupKFold_Source,1,384,Batson et al 1972,34.234820689655166,109.98345766017655
RandomForest,GroupKFold_Source,1,385,Batson et al 1972,33.08481379310345,109.98345766017655
RandomForest,GroupKFold_Source,1,386,Batson et al 1972,41.84255862068966,109.98345766017655
RandomForest,GroupKFold_Source,1,387,Batson et al 1972,39.454082758620686,109.98345766017655
RandomForest,GroupKFold_Source,1,388,Batson et al 1972,56.17341379310345,114.41477656738462
RandomForest,GroupKFold_Source,1,389,Batson et al 1972,76.962,124.8875465105592
RandomForest,GroupKFold_Source,1,390,Batson et al 1972,145.07779310344827,245.13227648181098
RandomForest,GroupKFold_Source,1,391,Batson et al 1972,139.32775862068965,245.13227648181098
RandomForest,GroupKFold_Source,1,392,Batson et al 1972,24.238606896551723,95.5672888777356
RandomForest,GroupKFold_Source,1,393,Batson et al 1972,23.35398620689655,95.5672888777356
RandomForest,GroupKFold_Source,1,394,Batson et al 1972,26.00784827586207,95.5672888777356
RandomForest,GroupKFold_Source,1,427,Hwang et al,30.5,137.17434005329798
RandomForest,GroupKFold_Source,1,461,Danygier and Savir 2010,209.3,410.28020347420664
RandomForest,GroupKFold_Source,1,462,Krassowska & Kosior-Kazberuk,32.725,200.89927071261812
RandomForest,GroupKFold_Source,2,1,Singh & Jain 2014,79.065,152.90135994715908
RandomForest,GroupKFold_Source,2,2,Singh & Jain 2014,109.185,156.16394618418002
RandomForest,GroupKFold_Source,2,3,Singh & Jain 2014,123.49199999999999,150.1778881525485
RandomForest,GroupKFold_Source,2,4,Singh & Jain 2014,111.0675,154.69553625535073
RandomForest,GroupKFold_Source,2,5,Singh & Jain 2014,131.022,149.14909108453188
RandomForest,GroupKFold_Source,2,6,Singh & Jain 2014,64.758,168.45296220650314
RandomForest,GroupKFold_Source,2,7,Singh & Jain 2014,77.1825,167.34690877569082
RandomForest,GroupKFold_Source,2,8,Singh & Jain 2014,91.113,171.82270370125823
RandomForest,GroupKFold_Source,2,9,Singh & Jain 2014,101.655,167.37190758601298
RandomForest,GroupKFold_Source,2,10,Singh & Jain 2014,115.962,154.04758255993337
RandomForest,GroupKFold_Source,2,11,Singh & Jain 2014,104.66699999999999,155.42711798672534
RandomForest,GroupKFold_Source,2,12,Singh & Jain 2014,112.95,711.3447074507169
RandomForest,GroupKFold_Source,2,13,Singh & Jain 2014,125.751,711.3447074507169
RandomForest,GroupKFold_Source,2,14,Singh & Jain 2014,144.1995,528.5131304109464
RandomForest,GroupKFold_Source,2,15,Singh & Jain 2014,165.66,526.3662188520568
RandomForest,GroupKFold_Source,2,16,Singh & Jain 2014,195.40350000000004,535.4314551688057
RandomForest,GroupKFold_Source,2,17,Singh & Jain 2014,160.0125,547.3187790418847
RandomForest,GroupKFold_Source,2,18,Singh & Jain 2014,127.6335,355.439213997013
RandomForest,GroupKFold_Source,2,19,Singh & Jain 2014,152.106,380.304236219207
RandomForest,GroupKFold_Source,2,20,Singh & Jain 2014,146.4585,556.5191692895295
RandomForest,GroupKFold_Source,2,21,Singh & Jain 2014,178.08450000000002,559.7546515585784
RandomForest,GroupKFold_Source,2,22,Singh & Jain 2014,128.01,489.1693962637303
RandomForest,GroupKFold_Source,2,23,Singh & Jain 2014,157.0005,491.27586479440316
RandomForest,GroupKFold_Source,2,24,Singh & Jain 2014,78.6885,69.3207022915691
RandomForest,GroupKFold_Source,2,25,Singh & Jain 2014,77.9355,68.657426381797
RandomForest,GroupKFold_Source,2,26,Singh & Jain 2014,98.643,65.52949458425827
RandomForest,GroupKFold_Source,2,27,Singh & Jain 2014,81.324,65.52949458425827
RandomForest,GroupKFold_Source,2,28,Singh & Jain 2014,99.396,76.17922276284678
RandomForest,GroupKFold_Source,2,29,Singh & Jain 2014,100.149,81.85896325937456
RandomForest,GroupKFold_Source,2,30,Singh & Jain 2014,110.3145,72.94652916229657
RandomForest,GroupKFold_Source,2,31,Singh & Jain 2014,103.91399999999999,74.58283925240357
RandomForest,GroupKFold_Source,2,36,"Shoaib, Lubell and Bindiganavile",202.5,128.73300065776243
RandomForest,GroupKFold_Source,2,135,Dinh et al,170.5365168539326,197.22889256546853
RandomForest,GroupKFold_Source,2,162,Aoude et al 2012,56.5,75.22502706607325
RandomForest,GroupKFold_Source,2,163,Aoude et al 2012,154.3,79.90372578253636
RandomForest,GroupKFold_Source,2,164,Aoude et al 2012,198.0,97.91235492165183
RandomForest,GroupKFold_Source,2,175,Kang et al 2011,35.4,102.50647746831646
RandomForest,GroupKFold_Source,2,176,Kang et al 2011,77.2,125.04793098593082
RandomForest,GroupKFold_Source,2,205,Noghabai,299.0,337.4441743312031
RandomForest,GroupKFold_Source,2,225,Randl et al 2017,318.0,269.7020998487832
RandomForest,GroupKFold_Source,2,226,Randl et al 2017,357.0,269.7020998487832
RandomForest,GroupKFold_Source,2,227,Randl et al 2017,266.0,265.7535464411385
RandomForest,GroupKFold_Source,2,228,Randl et al 2017,199.0,265.7535464411385
RandomForest,GroupKFold_Source,2,229,Randl et al 2017,308.0,265.7535464411385
RandomForest,GroupKFold_Source,2,230,Ashour et al,45.15,93.42655090953002
RandomForest,GroupKFold_Source,2,269,"Li, Ward, Hamza",16.51635,26.377825091817183
RandomForest,GroupKFold_Source,2,416,Huang et al 2005,252.8325,220.1558058299965
RandomForest,GroupKFold_Source,2,464,Yoo & Yang,410.5,804.8023178625867
RandomForest,GroupKFold_Source,2,472,"Shoaib, Lubell and Bindiganavile",210.0,233.30033434422808
RandomForest,GroupKFold_Source,3,64,Rosenbusch and Teutsch,279.76,234.69511371414092
RandomForest,GroupKFold_Source,3,89,Tahenni et al 2016,44.31,88.02588988164933
RandomForest,GroupKFold_Source,3,90,Tahenni et al 2016,43.02,88.02588988164933
RandomForest,GroupKFold_Source,3,91,Tahenni et al 2016,44.95,111.48965878226342
RandomForest,GroupKFold_Source,3,92,Tahenni et al 2016,47.62,111.48965878226342
RandomForest,GroupKFold_Source,3,93,Tahenni et al 2016,42.85,111.48965878226342
RandomForest,GroupKFold_Source,3,94,Tahenni et al 2016,49.35,119.31853699622386
RandomForest,GroupKFold_Source,3,95,Tahenni et al 2016,52.28,119.31853699622386
RandomForest,GroupKFold_Source,3,96,Tahenni et al 2016,45.0,119.31853699622386
RandomForest,GroupKFold_Source,3,98,Narayanan and Darwish 1987,29.5035,65.80508625123764
RandomForest,GroupKFold_Source,3,99,Narayanan and Darwish 1987,30.6085,60.930960865844675
RandomForest,GroupKFold_Source,3,100,Narayanan and Darwish 1987,29.9455,103.78867419514611
RandomForest,GroupKFold_Source,3,101,Narayanan and Darwish 1987,22.8735,104.10427501016903
RandomForest,GroupKFold_Source,3,102,Narayanan and Darwish 1987,21.437,112.32800973662808
RandomForest,GroupKFold_Source,3,103,Narayanan and Darwish 1987,35.6915,133.4731829858489
RandomForest,GroupKFold_Source,3,104,Narayanan and Darwish 1987,21.7685,98.47405554699513
RandomForest,GroupKFold_Source,3,105,Narayanan and Darwish 1987,32.8185,82.31195650460903
RandomForest,GroupKFold_Source,3,106,Narayanan and Darwish 1987,51.051,132.61485474573686
RandomForest,GroupKFold_Source,3,107,Narayanan and Darwish 1987,40.7745,129.3661195229187
RandomForest,GroupKFold_Source,3,108,Narayanan and Darwish 1987,28.8405,117.31641904187137
RandomForest,GroupKFold_Source,3,109,Narayanan and Darwish 1987,61.548500000000004,136.04256050218189
RandomForest,GroupKFold_Source,3,110,Narayanan and Darwish 1987,48.841,133.89671562797886
RandomForest,GroupKFold_Source,3,111,Narayanan and Darwish 1987,32.8185,58.468938126771945
RandomForest,GroupKFold_Source,3,112,Narayanan and Darwish 1987,32.2048,177.1165728552319
RandomForest,GroupKFold_Source,3,113,Narayanan and Darwish 1987,38.0205,182.9575546212609
RandomForest,GroupKFold_Source,3,114,Narayanan and Darwish 1987,24.3712,119.06352371026085
RandomForest,GroupKFold_Source,3,115,Narayanan and Darwish 1987,24.954300000000003,117.40009151493518
RandomForest,GroupKFold_Source,3,116,Narayanan and Darwish 1987,47.5456,174.03896188096985
RandomForest,GroupKFold_Source,3,117,Narayanan and Darwish 1987,53.55,172.96188526387652
RandomForest,GroupKFold_Source,3,118,Narayanan and Darwish 1987,51.94349999999999,188.67445401861943
RandomForest,GroupKFold_Source,3,119,Narayanan and Darwish 1987,52.80029999999999,162.92523642737706
RandomForest,GroupKFold_Source,3,120,Narayanan and Darwish 1987,48.524800000000006,189.539529554837
RandomForest,GroupKFold_Source,3,121,Narayanan and Darwish 1987,58.476600000000005,211.86445027445706
RandomForest,GroupKFold_Source,3,122,Narayanan and Darwish 1987,72.5067,218.69847162435164
RandomForest,GroupKFold_Source,3,123,Narayanan and Darwish 1987,76.5765,258.96614006384266
RandomForest,GroupKFold_Source,3,124,Narayanan and Darwish 1987,67.473,228.15450738041565
RandomForest,GroupKFold_Source,3,174,Kang et al,81.7,124.20735701701852
RandomForest,GroupKFold_Source,3,177,Casanova & Rossi,138.0,173.3361609839053
RandomForest,GroupKFold_Source,3,179,Lim et al,58.0,74.77165732086804
RandomForest,GroupKFold_Source,3,195,Zarrinpour and Chao,120.0,278.07726856333596
RandomForest,GroupKFold_Source,3,249,Tan et al 1993,180.9,125.27903805142641
RandomForest,GroupKFold_Source,3,250,Tan et al 1993,210.3,124.41192036890557
RandomForest,GroupKFold_Source,3,251,Tan et al 1993,154.2,102.58268163995614
RandomForest,GroupKFold_Source,3,252,Tan et al 1993,307.0,130.8488392775169
RandomForest,GroupKFold_Source,3,325,Kang et al,130.65,117.08061225010303
RandomForest,GroupKFold_Source,3,399,Jindal,20.915000000000003,104.68976532560212
RandomForest,GroupKFold_Source,3,470,Zamanzadeh et al 2015,95.81,182.57839357054547
RandomForest,GroupKFold_Source,3,471,Zamanzadeh et al 2015,109.172,117.78094913760859
RandomForest,GroupKFold_Source,3,484,"Bae, Choi & Choi 2013",585.5,337.3217313972062
RandomForest,GroupKFold_Source,4,83,Sahoo et al,148.0,200.62486472553016
RandomForest,GroupKFold_Source,4,84,Sahoo et al 2016,98.0,155.5038463529564
RandomForest,GroupKFold_Source,4,85,Sahoo et al 2016,84.0,175.8948579904281
RandomForest,GroupKFold_Source,4,88,Tahenni et al,42.0,53.05588025501449
RandomForest,GroupKFold_Source,4,134,Lim and Oh 1999,74.49,192.79889554029953
RandomForest,GroupKFold_Source,4,161,Aoude et al,47.5,102.80317587759784
RandomForest,GroupKFold_Source,4,178,Casanova & Rossi 1999,138.0,172.84403838998594
RandomForest,GroupKFold_Source,4,270,"Li, Ward, Hamza 1992",50.5206,175.50173213899234
RandomForest,GroupKFold_Source,4,271,"Li, Ward, Hamza 1992",20.79117,242.2413116980069
RandomForest,GroupKFold_Source,4,272,"Li, Ward, Hamza 1992",66.32448,242.2413116980069
RandomForest,GroupKFold_Source,4,273,"Li, Ward, Hamza 1992",17.74698,287.08391951401114
RandomForest,GroupKFold_Source,4,274,"Li, Ward, Hamza 1992",61.40196,287.08391951401114
RandomForest,GroupKFold_Source,4,275,"Li, Ward, Hamza 1992",50.65014,281.6758104288956
RandomForest,GroupKFold_Source,4,276,"Li, Ward, Hamza 1992",33.356550000000006,262.4134928414028
RandomForest,GroupKFold_Source,4,277,"Li, Ward, Hamza 1992",30.053279999999997,260.9125873804422
RandomForest,GroupKFold_Source,4,278,"Li, Ward, Hamza 1992",25.84323,251.41076031282324
RandomForest,GroupKFold_Source,4,279,"Li, Ward, Hamza 1992",23.446740000000002,247.3259849151497
RandomForest,GroupKFold_Source,4,280,"Li, Ward, Hamza 1992",20.53209,247.13365399824494
RandomForest,GroupKFold_Source,4,281,"Li, Ward, Hamza 1992",17.81175,245.93761480106656
RandomForest,GroupKFold_Source,4,282,"Li, Ward, Hamza 1992",12.82446,272.39759760685257
RandomForest,GroupKFold_Source,4,283,"Li, Ward, Hamza 1992",17.81175,401.4155697964757
RandomForest,GroupKFold_Source,4,284,"Li, Ward, Hamza 1992",25.2603,273.1427189482278
RandomForest,GroupKFold_Source,4,285,"Li, Ward, Hamza 1992",79.01939999999999,148.3379601359218
RandomForest,GroupKFold_Source,4,286,"Li, Ward, Hamza 1992",20.46732,147.49185787333116
RandomForest,GroupKFold_Source,4,287,"Li, Ward, Hamza 1992",15.73911,137.01009794714386
RandomForest,GroupKFold_Source,4,288,"Li, Ward, Hamza 1992",36.53028,99.08047607196698
RandomForest,GroupKFold_Source,4,289,"Li, Ward, Hamza 1992",79.01939999999999,137.02117291999932
RandomForest,GroupKFold_Source,4,290,"Li, Ward, Hamza 1992",22.99335,136.6643632668041
RandomForest,GroupKFold_Source,4,317,Greenough and Nehdi 2008,105.6,168.92435465574
RandomForest,GroupKFold_Source,4,318,Greenough and Nehdi 2008,148.9,203.64468864269648
RandomForest,GroupKFold_Source,4,319,Greenough and Nehdi 2008,115.45,117.94054828286004
RandomForest,GroupKFold_Source,4,320,Greenough and Nehdi 2008,144.1,139.88187589511855
RandomForest,GroupKFold_Source,4,321,Greenough and Nehdi 2008,146.75,120.98704622333878
RandomForest,GroupKFold_Source,4,322,Greenough and Nehdi 2008,106.7,147.04740192894974
RandomForest,GroupKFold_Source,4,323,Greenough and Nehdi 2008,122.9,136.56415893615159
RandomForest,GroupKFold_Source,4,324,Greenough and Nehdi 2008,151.35,148.01511612648295
RandomForest,GroupKFold_Source,4,400,Jindal 1984,29.5035,82.06977462393054
RandomForest,GroupKFold_Source,4,401,Jindal 1984,29.5035,60.17058873310227
RandomForest,GroupKFold_Source,4,402,Jindal 1984,40.050000000000004,87.06063178697606
RandomForest,GroupKFold_Source,4,403,Jindal 1984,28.7025,71.70949519899881
RandomForest,GroupKFold_Source,4,404,Jindal 1984,24.475,53.54174865553547
RandomForest,GroupKFold_Source,4,405,Jindal 1984,32.93,97.56746158229761
RandomForest,GroupKFold_Source,4,412,"Imam, Vandewalle, Mortelmans",528.255,251.26955226239585
RandomForest,GroupKFold_Source,4,438,Aoude and Cohen 2014,45.0,115.41204413594622
RandomForest,GroupKFold_Source,4,439,Aoude and Cohen 2014,44.0,290.6875255257663
RandomForest,GroupKFold_Source,4,440,Aoude and Cohen 2014,58.0,278.06704177984057
RandomForest,GroupKFold_Source,4,441,Aoude and Cohen 2014,59.0,268.5487225472853
RandomForest,GroupKFold_Source,4,486,Abdul-Zaher et al 2016,132.68290909090908,122.36340523942118
RandomForest,GroupKFold_Source,4,487,Abdul-Zaher et al 2016,145.62763636363636,129.32712809901787
RandomForest,GroupKFold_Source,5,0,Singh & Jain,112.95,93.86412720713797
RandomForest,GroupKFold_Source,5,86,Amin and Foster,274.0,137.7275347818942
RandomForest,GroupKFold_Source,5,126,Cucchiara et al 2004,103.31325,157.9056253576974
RandomForest,GroupKFold_Source,5,127,Cucchiara et al 2004,115.07355,191.79466248798278
RandomForest,GroupKFold_Source,5,128,Cucchiara et al 2004,115.50059999999999,201.78659365551232
RandomForest,GroupKFold_Source,5,130,Kwak et al 2002,144.16,153.41656156987622
RandomForest,GroupKFold_Source,5,131,Kwak et al 2002,107.06,122.74393410684122
RandomForest,GroupKFold_Source,5,132,Kwak et al 2002,67.575,119.16978685393474
RandomForest,GroupKFold_Source,5,136,Dinh et al 2010,159.70880149812734,160.1680011857687
RandomForest,GroupKFold_Source,5,137,Dinh et al 2010,168.98970037453182,196.04123968592774
RandomForest,GroupKFold_Source,5,138,Dinh et al 2010,172.08333333333334,196.04123968592774
RandomForest,GroupKFold_Source,5,139,Dinh et al 2010,148.4943820224719,186.0480970634327
RandomForest,GroupKFold_Source,5,140,Dinh et al 2010,196.05898876404495,186.0480970634327
RandomForest,GroupKFold_Source,5,141,Dinh et al 2010,191.0318352059925,193.50084857004038
RandomForest,GroupKFold_Source,5,142,Dinh et al 2010,189.48501872659176,193.50084857004038
RandomForest,GroupKFold_Source,5,143,Dinh et al 2010,172.08333333333334,168.62595168541583
RandomForest,GroupKFold_Source,5,144,Dinh et al 2010,218.4878277153558,168.62595168541583
RandomForest,GroupKFold_Source,5,145,Dinh et al 2010,192.57865168539325,151.01759264366865
RandomForest,GroupKFold_Source,5,146,Dinh et al 2010,189.48501872659176,151.01759264366865
RandomForest,GroupKFold_Source,5,147,Dinh et al 2010,362.893760539629,140.50624956015346
RandomForest,GroupKFold_Source,5,148,Dinh et al 2010,334.5177065767285,140.50624956015346
RandomForest,GroupKFold_Source,5,149,Dinh et al 2010,348.50590219224284,109.72748485197225
RandomForest,GroupKFold_Source,5,150,Dinh et al 2010,341.31197301854974,109.72748485197225
RandomForest,GroupKFold_Source,5,151,Dinh et al 2010,344.90893760539626,116.33577668419628
RandomForest,GroupKFold_Source,5,152,Dinh et al 2010,264.97639123102863,98.5153681140301
RandomForest,GroupKFold_Source,5,153,Dinh et al 2010,222.21247892074197,98.5153681140301
RandomForest,GroupKFold_Source,5,154,Dinh et al 2010,432.035413153457,166.5615645084665
RandomForest,GroupKFold_Source,5,155,Dinh et al 2010,418.04721753794263,152.0254924567865
RandomForest,GroupKFold_Source,5,156,Lima Araujo et al,260.0,314.3968473152048
RandomForest,GroupKFold_Source,5,158,Casanova et al,351.5151515151515,90.45152561504747
RandomForest,GroupKFold_Source,5,159,Casanova et al 1997,351.5151515151515,79.08361743237275
RandomForest,GroupKFold_Source,5,160,Casanova et al 1997,157.0,162.90782766531743
RandomForest,GroupKFold_Source,5,196,Zarrinpour and Chao 2017,478.0,107.71206645439119
RandomForest,GroupKFold_Source,5,197,Zarrinpour and Chao 2017,161.0,140.20238005769573
RandomForest,GroupKFold_Source,5,198,Zarrinpour and Chao 2017,194.0,140.20238005769573
RandomForest,GroupKFold_Source,5,199,Zarrinpour and Chao 2017,267.0,144.5792527552506
RandomForest,GroupKFold_Source,5,200,Zarrinpour and Chao 2017,380.0,144.5792527552506
RandomForest,GroupKFold_Source,5,201,Zarrinpour and Chao 2017,683.0,153.9789833624551
RandomForest,GroupKFold_Source,5,202,Zarrinpour and Chao 2017,704.0,153.9789833624551
RandomForest,GroupKFold_Source,5,203,Zarrinpour and Chao 2017,1045.0,140.80540842824854
RandomForest,GroupKFold_Source,5,204,Zarrinpour and Chao 2017,1008.0,140.80540842824854
RandomForest,GroupKFold_Source,5,257,"sharma, 1986",122.6,163.72758801649908
RandomForest,GroupKFold_Source,5,326,Kang et al 2012,219.75,133.8483365270613
RandomForest,GroupKFold_Source,5,454,Furlan and de Hanai 1997,22.0,45.46828790974518
RandomForest,GroupKFold_Source,5,455,Furlan and de Hanai 1997,21.5,46.139190655138684
RandomForest,GroupKFold_Source,5,456,Furlan and de Hanai 1997,18.5,46.139190655138684
RandomForest,GroupKFold_Source,5,457,Furlan and de Hanai 1997,20.0,43.92748482854734
RandomForest,GroupKFold_Source,5,458,Furlan and de Hanai 1997,22.5,48.27165506104636
RandomForest,GroupKFold_Source,5,459,Furlan and de Hanai 1997,17.5,48.27165506104636
RandomForest,GroupKFold_Source,6,37,"Shoaib, Lubell and Bindiganavile 2015",297.5,171.71355905925589
RandomForest,GroupKFold_Source,6,38,"Shoaib, Lubell and Bindiganavile 2015",306.0,93.17664285874251
RandomForest,GroupKFold_Source,6,40,Manju et al. 2017,154.84,112.06810366751982
RandomForest,GroupKFold_Source,6,41,Manju et al. 2017,186.44500000000002,135.44852798234496
RandomForest,GroupKFold_Source,6,42,Manju et al. 2017,62.720000000000006,103.98863641795444
RandomForest,GroupKFold_Source,6,43,Manju et al. 2017,79.38,97.5842898070558
RandomForest,GroupKFold_Source,6,44,Manju et al. 2017,134.995,125.09125766221426
RandomForest,GroupKFold_Source,6,46,Arslan et al 2017,44.0,102.0529399980705
RandomForest,GroupKFold_Source,6,47,Arslan et al 2017,50.0,105.79740548532413
RandomForest,GroupKFold_Source,6,48,Arslan et al 2017,39.0,105.20197204994695
RandomForest,GroupKFold_Source,6,49,Arslan et al 2017,32.5,200.85168473096894
RandomForest,GroupKFold_Source,6,50,Arslan et al 2017,42.5,213.22322324408083
RandomForest,GroupKFold_Source,6,51,Arslan et al 2017,58.5,213.9605824827881
RandomForest,GroupKFold_Source,6,52,Arslan et al 2017,42.5,159.19758994211597
RandomForest,GroupKFold_Source,6,53,Arslan et al 2017,35.0,187.77685909463702
RandomForest,GroupKFold_Source,6,87,Amin and Foster 2016,344.0,138.4329578907771
RandomForest,GroupKFold_Source,6,133,Lim and Oh,58.37,104.37002684788457
RandomForest,GroupKFold_Source,6,157,Lima Araujo et al 2014,290.5,282.85184728031425
RandomForest,GroupKFold_Source,6,180,Lim et al 1987,147.5,189.05335491443577
RandomForest,GroupKFold_Source,6,181,Lim et al 1987,82.6,139.34220493902325
RandomForest,GroupKFold_Source,6,182,Lim et al 1987,67.4,199.5124999998291
RandomForest,GroupKFold_Source,6,183,Lim et al 1987,135.0,194.1728262610273
RandomForest,GroupKFold_Source,6,184,Lim et al 1987,63.7,157.39515905030555
RandomForest,GroupKFold_Source,6,185,Lim et al 1987,49.4,180.943415768656
RandomForest,GroupKFold_Source,6,186,Mansur et al,75.0,78.70561665579126
RandomForest,GroupKFold_Source,6,327,Dupont and Vandewalle,110.0,245.6360088866165
RandomForest,GroupKFold_Source,6,328,Dupont and Vandewalle,120.0,224.72327466701833
RandomForest,GroupKFold_Source,6,329,Dupont and Vandewalle,155.0,352.48570980374575
RandomForest,GroupKFold_Source,6,330,Dupont and Vandewalle,280.0,232.8026017424319
RandomForest,GroupKFold_Source,6,331,Dupont and Vandewalle,300.0,221.33766028588877
RandomForest,GroupKFold_Source,6,332,Dupont and Vandewalle,82.5,114.23901130729789
RandomForest,GroupKFold_Source,6,333,Dupont and Vandewalle,108.0,89.27886381190913
RandomForest,GroupKFold_Source,6,334,Dupont and Vandewalle,108.0,159.20523767912422
RandomForest,GroupKFold_Source,6,335,Dupont and Vandewalle,144.0,133.3665905976684
RandomForest,GroupKFold_Source,6,336,Dupont and Vandewalle,82.5,117.86272647512698
RandomForest,GroupKFold_Source,6,337,Dupont and Vandewalle,117.0,169.91083826553134
RandomForest,GroupKFold_Source,6,338,Dupont and Vandewalle,100.0,172.92319272976098
RandomForest,GroupKFold_Source,6,339,Dupont and Vandewalle,120.0,110.81140239069978
RandomForest,GroupKFold_Source,6,340,Dupont and Vandewalle,100.0,175.49264016375994
RandomForest,GroupKFold_Source,6,341,Dupont and Vandewalle,120.0,155.53440102782793
RandomForest,GroupKFold_Source,6,342,Dupont and Vandewalle,130.0,77.32754203765747
RandomForest,GroupKFold_Source,6,343,Dupont and Vandewalle,157.5,114.69072079095773
RandomForest,GroupKFold_Source,6,344,Dupont and Vandewalle,147.5,94.53032272698862
RandomForest,GroupKFold_Source,6,345,Dupont and Vandewalle,162.0,87.53696393238917
RandomForest,GroupKFold_Source,6,346,Dupont and Vandewalle,162.0,104.88871833702052
RandomForest,GroupKFold_Source,6,406,"shin, oh, ghosh",119.7,127.56110483389706
RandomForest,GroupKFold_Source,6,436,Chalioris and Sfiri 2011,42.5,87.36819848353558
RandomForest,GroupKFold_Source,6,469,Zamanzadeh et al,81.29,264.30112945264574
RandomForest,GroupKFold_Source,6,473,"Shoaib, Lubell and Bindiganavile 2014",280.0,295.8539952184256
RandomForest,GroupKFold_Source,7,55,Parra-Montesinos et al 2006,148.25472,116.16167027513261
RandomForest,GroupKFold_Source,7,56,Parra-Montesinos et al 2006,188.79312,191.64692695514225
RandomForest,GroupKFold_Source,7,57,Parra-Montesinos et al 2006,189.95136,191.64692695514225
RandomForest,GroupKFold_Source,7,58,Parra-Montesinos et al 2006,217.74912,200.02616551918297
RandomForest,GroupKFold_Source,7,59,Parra-Montesinos et al 2006,195.16344,116.16167027513261
RandomForest,GroupKFold_Source,7,60,Parra-Montesinos et al 2006,146.51736,144.04644274327825
RandomForest,GroupKFold_Source,7,61,Parra-Montesinos et al 2006,200.37552,144.04644274327825
RandomForest,GroupKFold_Source,7,62,Parra-Montesinos et al 2006,175.47335999999999,163.71913187225027
RandomForest,GroupKFold_Source,7,63,Parra-Montesinos et al 2006,178.94807999999998,163.71913187225027
RandomForest,GroupKFold_Source,7,65,Rosenbusch and Teutsch 2003,299.52,210.54640210786718
RandomForest,GroupKFold_Source,7,66,Rosenbusch and Teutsch 2003,107.63999999999999,149.79212918373207
RandomForest,GroupKFold_Source,7,67,Rosenbusch and Teutsch 2003,144.04,154.97442120033463
RandomForest,GroupKFold_Source,7,68,Rosenbusch and Teutsch 2003,81.64,118.29151715555264
RandomForest,GroupKFold_Source,7,69,Rosenbusch and Teutsch 2003,107.12,111.35409673692877
RandomForest,GroupKFold_Source,7,70,Rosenbusch and Teutsch 2003,243.8,113.24477414778119
RandomForest,GroupKFold_Source,7,71,Rosenbusch and Teutsch 2003,252.08,112.63657862214224
RandomForest,GroupKFold_Source,7,72,Rosenbusch and Teutsch 2003,258.52,113.24477414778119
RandomForest,GroupKFold_Source,7,73,Rosenbusch and Teutsch 2003,263.12,113.24477414778119
RandomForest,GroupKFold_Source,7,74,Rosenbusch and Teutsch 2003,109.72,314.2747769902404
RandomForest,GroupKFold_Source,7,75,Rosenbusch and Teutsch 2003,120.12,311.39880431925286
RandomForest,GroupKFold_Source,7,76,Rosenbusch and Teutsch 2003,154.96,385.25316238992866
RandomForest,GroupKFold_Source,7,77,Rosenbusch and Teutsch 2003,110.76,148.27879834937414
RandomForest,GroupKFold_Source,7,78,Rosenbusch and Teutsch 2003,131.55999999999997,147.6520867476907
RandomForest,GroupKFold_Source,7,79,Rosenbusch and Teutsch 2003,153.36,157.77623098285974
RandomForest,GroupKFold_Source,7,80,Rosenbusch and Teutsch 2003,229.59999999999997,147.37552250561495
RandomForest,GroupKFold_Source,7,81,Rosenbusch and Teutsch 2003,82.16,162.54470806448893
RandomForest,GroupKFold_Source,7,82,Rosenbusch and Teutsch 2003,117.0,159.7342637175106
RandomForest,GroupKFold_Source,7,165,Minelli & Plizzari,129.0,143.96145588807167
RandomForest,GroupKFold_Source,7,187,Mansur et al 1986,52.5,92.66106637736547
RandomForest,GroupKFold_Source,7,188,Mansur et al 1986,45.0,142.67831608668146
RandomForest,GroupKFold_Source,7,189,Mansur et al 1986,85.0,99.06545115518931
RandomForest,GroupKFold_Source,7,190,Mansur et al 1986,60.0,104.19381790158795
RandomForest,GroupKFold_Source,7,191,Mansur et al 1986,65.0,171.03873363951544
RandomForest,GroupKFold_Source,7,192,Mansur et al 1986,45.0,64.10910413672549
RandomForest,GroupKFold_Source,7,193,Mansur et al 1986,60.0,132.01084104846265
RandomForest,GroupKFold_Source,7,194,Mansur et al 1986,86.0,167.99022746093254
RandomForest,GroupKFold_Source,7,298,Adebar et al,276.0,226.29571482587497
RandomForest,GroupKFold_Source,7,304,Cho and Kim,60.9,85.99764315945576
RandomForest,GroupKFold_Source,7,395,zhao et al,112.535,112.62578677715062
RandomForest,GroupKFold_Source,7,413,"Imam, Vandewalle, Mortelmans 1994",284.405,347.20211478444514
RandomForest,GroupKFold_Source,7,414,"Imam, Vandewalle, Mortelmans 1994",208.79,461.25775137939485
RandomForest,GroupKFold_Source,7,415,"Imam, Vandewalle, Mortelmans 1994",211.83,265.6234023497718
RandomForest,GroupKFold_Source,7,417,"Kwak, Suh, Hsu",135.725,111.94171049208634
RandomForest,GroupKFold_Source,7,418,"Kwak, Suh, Hsu 1991",144.625,111.94171049208634
RandomForest,GroupKFold_Source,7,419,"Kwak, Suh, Hsu 1991",133.5,113.62260133442636
RandomForest,GroupKFold_Source,7,420,"Kwak, Suh, Hsu 1991",137.95000000000002,115.04964396745468
RandomForest,GroupKFold_Source,7,421,Roberts and Ho,32.8,52.22412242108458
RandomForest,GroupKFold_Source,7,435,Spinella et al 2012,140.8,254.08783059072127
RandomForest,GroupKFold_Source,7,453,Furlan and de Hanai,20.0,26.402707317477667
RandomForest,GroupKFold_Source,8,32,Sahoo & Sharma,143.0398642916827,99.14401916098775
RandomForest,GroupKFold_Source,8,33,Sahoo & Sharma 2014,108.46180962464278,173.42988431313884
RandomForest,GroupKFold_Source,8,34,Sahoo & Sharma 2014,93.20518373755829,116.26004206192755
RandomForest,GroupKFold_Source,8,35,Sahoo & Sharma 2014,113.58677486966627,116.92119758860231
RandomForest,GroupKFold_Source,8,129,Kwak et al,134.885,94.05757163396822
RandomForest,GroupKFold_Source,8,206,Noghabai 2000,295.0,154.43803731154088
RandomForest,GroupKFold_Source,8,207,Noghabai 2000,252.0,295.97799469859666
RandomForest,GroupKFold_Source,8,208,Noghabai 2000,262.0,271.1942574325374
RandomForest,GroupKFold_Source,8,209,Noghabai 2000,189.0,91.02217931318805
RandomForest,GroupKFold_Source,8,210,Noghabai 2000,310.0,222.0423123215185
RandomForest,GroupKFold_Source,8,211,Noghabai 2000,363.0,193.1720909286532
RandomForest,GroupKFold_Source,8,212,Noghabai 2000,407.0,175.35034593972205
RandomForest,GroupKFold_Source,8,213,Noghabai 2000,289.0,110.58952360070417
RandomForest,GroupKFold_Source,8,214,Noghabai 2000,336.0,110.58952360070417
RandomForest,GroupKFold_Source,8,215,Noghabai 2000,367.0,108.28410983736856
RandomForest,GroupKFold_Source,8,216,Noghabai 2000,327.0,108.28410983736856
RandomForest,GroupKFold_Source,8,217,Noghabai 2000,264.0,254.4906674068015
RandomForest,GroupKFold_Source,8,218,Noghabai 2000,312.0,254.4906674068015
RandomForest,GroupKFold_Source,8,219,Noghabai 2000,339.0,262.27749894204345
RandomForest,GroupKFold_Source,8,220,Noghabai 2000,292.0,234.50007839485656
RandomForest,GroupKFold_Source,8,221,Noghabai 2000,445.0,106.98726002393572
RandomForest,GroupKFold_Source,8,222,Noghabai 2000,596.0,104.74971257030448
RandomForest,GroupKFold_Source,8,223,Noghabai 2000,509.0,220.2655271366275
RandomForest,GroupKFold_Source,8,292,Swamy et al 1993,59.0,71.88369206111882
RandomForest,GroupKFold_Source,8,293,Swamy et al 1993,42.5,95.35329207639562
RandomForest,GroupKFold_Source,8,294,Swamy et al 1993,71.9,92.27739167112048
RandomForest,GroupKFold_Source,8,295,Swamy et al 1993,45.6,74.40344902278164
RandomForest,GroupKFold_Source,8,296,Swamy et al 1993,42.8,84.39396453890278
RandomForest,GroupKFold_Source,8,297,Swamy et al 1993,67.8,70.61720037694536
RandomForest,GroupKFold_Source,8,347,Swamy and Bahia,79.5,66.76544244120753
RandomForest,GroupKFold_Source,8,422,Roberts and Ho 1982,36.2,64.49988633168618
RandomForest,GroupKFold_Source,8,423,Roberts and Ho 1982,50.9,105.42342244775317
RandomForest,GroupKFold_Source,8,424,Roberts and Ho 1982,54.2,118.89205186195613
RandomForest,GroupKFold_Source,8,425,Roberts and Ho 1982,81.2,275.7142044060176
RandomForest,GroupKFold_Source,8,426,Roberts and Ho 1982,107.6,278.91945718399415
RandomForest,GroupKFold_Source,8,442,Qissab and Salman,73.145,83.12808280774308
RandomForest,GroupKFold_Source,8,460,Danygier and Savir,200.6,427.6282426974438
RandomForest,GroupKFold_Source,8,463,Krassowska & Kosior-Kazberuk 2018,41.25,127.33855535720328
RandomForest,GroupKFold_Source,8,467,Gali & Subramaniam,79.0,106.94591587531984
RandomForest,GroupKFold_Source,8,474,Shoaib 2012,277.0,227.399710350394
RandomForest,GroupKFold_Source,8,475,Shoaib 2012,457.5,180.8274324911715
RandomForest,GroupKFold_Source,8,476,Shoaib 2012,248.0,154.44928510416398
RandomForest,GroupKFold_Source,8,477,Shoaib 2012,238.0,210.55196694292965
RandomForest,GroupKFold_Source,8,478,Shoaib 2012,440.0,260.8009254205738
RandomForest,GroupKFold_Source,8,479,Shoaib 2012,479.0,129.147216968174
RandomForest,GroupKFold_Source,8,480,Shoaib 2012,484.0,178.19827193195786
RandomForest,GroupKFold_Source,8,481,Shoaib 2012,632.5,122.85295599656743
RandomForest,GroupKFold_Source,8,482,Shoaib 2012,630.5,158.99505452397736
RandomForest,GroupKFold_Source,8,485,Abdul-Zaher et al,126.21090909090908,125.69848397244893
RandomForest,GroupKFold_Source,9,224,Randl et al,251.0,289.4794235071749
RandomForest,GroupKFold_Source,9,231,Ashour et al 1992,23.999375,182.48405165219214
RandomForest,GroupKFold_Source,9,232,Ashour et al 1992,15.05,182.48405165219214
RandomForest,GroupKFold_Source,9,233,Ashour et al 1992,244.29375,210.6045822308127
RandomForest,GroupKFold_Source,9,234,Ashour et al 1992,129.5375,208.012973809645
RandomForest,GroupKFold_Source,9,235,Ashour et al 1992,61.00625,234.02954219618886
RandomForest,GroupKFold_Source,9,236,Ashour et al 1992,52.40625,234.0803968628555
RandomForest,GroupKFold_Source,9,237,Ashour et al 1992,342.3875,217.13153971299207
RandomForest,GroupKFold_Source,9,238,Ashour et al 1992,162.8625,215.65336347186562
RandomForest,GroupKFold_Source,9,239,Ashour et al 1992,85.19375,226.45572582057318
RandomForest,GroupKFold_Source,9,240,Ashour et al 1992,52.675,229.411325280922
RandomForest,GroupKFold_Source,9,241,Ashour et al 1992,374.90625,228.63427841311167
RandomForest,GroupKFold_Source,9,242,Ashour et al 1992,193.76875,228.28205849509567
RandomForest,GroupKFold_Source,9,243,Ashour et al 1992,94.33125,241.06348240172858
RandomForest,GroupKFold_Source,9,244,Ashour et al 1992,53.2125,243.67577586063538
RandomForest,GroupKFold_Source,9,245,Ashour et al 1992,180.86875,282.6738275632393
RandomForest,GroupKFold_Source,9,246,Ashour et al 1992,104.275,255.51782598816823
RandomForest,GroupKFold_Source,9,247,Ashour et al 1992,78.74375,255.51782598816823
RandomForest,GroupKFold_Source,9,254,Pansuk et al 2017,531.0,294.59610077314414
RandomForest,GroupKFold_Source,9,255,Kim et al,114.0,132.05064627851658
RandomForest,GroupKFold_Source,9,259,Narayanan and Darwish 1988,325.0,167.0262743511247
RandomForest,GroupKFold_Source,9,260,Narayanan and Darwish 1988,361.0,157.9171576037247
RandomForest,GroupKFold_Source,9,261,Narayanan and Darwish 1988,396.0,165.88811244528182
RandomForest,GroupKFold_Source,9,262,Narayanan and Darwish 1988,393.0,165.5453493274911
RandomForest,GroupKFold_Source,9,263,Narayanan and Darwish 1988,454.0,167.84559982640943
RandomForest,GroupKFold_Source,9,264,Narayanan and Darwish 1988,404.0,158.86579853209088
RandomForest,GroupKFold_Source,9,265,Narayanan and Darwish 1988,342.0,157.88266470275966
RandomForest,GroupKFold_Source,9,266,Narayanan and Darwish 1988,344.0,156.19341728275296
RandomForest,GroupKFold_Source,9,267,Narayanan and Darwish 1988,294.0,148.7672161630363
RandomForest,GroupKFold_Source,9,268,Narayanan and Darwish 1988,333.0,149.75034877016418
RandomForest,GroupKFold_Source,9,291,Swamy et al,80.3,68.16051146784342
RandomForest,GroupKFold_Source,9,396,zhao et al 2018,138.06,107.24747004436922
RandomForest,GroupKFold_Source,9,397,zhao et al 2018,155.45,118.0587692014526
RandomForest,GroupKFold_Source,9,398,zhao et al 2018,148.805,120.57074004396021
RandomForest,GroupKFold_Source,9,407,"shin, oh, ghosh 1994",129.5,250.0674910653682
RandomForest,GroupKFold_Source,9,408,"shin, oh, ghosh 1994",55.825,288.6324662642862
RandomForest,GroupKFold_Source,9,409,"shin, oh, ghosh 1994",71.74999999999999,338.2099832993366
RandomForest,GroupKFold_Source,9,410,"shin, oh, ghosh 1994",48.65,222.72479503118925
RandomForest,GroupKFold_Source,9,411,"shin, oh, ghosh 1994",60.2,295.46207500044443
RandomForest,GroupKFold_Source,9,428,Hwang et al 2013,52.0,167.83685272604066
RandomForest,GroupKFold_Source,9,429,Hwang et al 2013,54.0,162.98833796611956
RandomForest,GroupKFold_Source,9,430,Hwang et al 2013,47.5,175.90661925761782
RandomForest,GroupKFold_Source,9,431,Hwang et al 2013,73.75,359.4226210478934
RandomForest,GroupKFold_Source,9,432,Hwang et al 2013,72.7,310.20500787126207
RandomForest,GroupKFold_Source,9,433,Hwang et al 2013,81.15,293.72622833495257
RandomForest,GroupKFold_Source,9,437,Cohen and Aoude 2012,43.33,216.59672624115842
RandomForest,GroupKFold_Source,9,468,Gali & Subramaniam 2017,86.0,129.17489393285172
RandomForest,GroupKFold_Source,9,483,"Bae, Choi & Choi",371.5,386.216963922488
RandomForest,GroupKFold_Source,10,54,Parra-Montesinos et al,171.99864000000002,223.30095272360856
RandomForest,GroupKFold_Source,10,97,Narayanan and Darwish,32.708,36.55524756971356
RandomForest,GroupKFold_Source,10,125,Cucchiara et al,96.3819,143.69546558085014
RandomForest,GroupKFold_Source,10,166,Minelli & Plizzari 2013,114.5,122.88136556385189
RandomForest,GroupKFold_Source,10,167,Minelli & Plizzari 2013,136.5,90.03985171929615
RandomForest,GroupKFold_Source,10,168,Minelli & Plizzari 2013,136.0,124.34725725554537
RandomForest,GroupKFold_Source,10,169,Minelli & Plizzari 2013,186.0,152.13078173308662
RandomForest,GroupKFold_Source,10,170,Minelli & Plizzari 2013,194.0,105.53248194517842
RandomForest,GroupKFold_Source,10,171,Minelli & Plizzari 2013,154.0,105.53248194517842
RandomForest,GroupKFold_Source,10,172,Minelli & Plizzari 2013,247.0,105.10048019481768
RandomForest,GroupKFold_Source,10,173,Minelli & Plizzari 2013,328.0,139.4361745057489
RandomForest,GroupKFold_Source,10,256,Kim et al 2017,204.0,97.91206601713812
RandomForest,GroupKFold_Source,10,258,Narayanan and Darwish,350.0,327.36629714375016
RandomForest,GroupKFold_Source,10,299,Adebar et al 1997,324.0,254.47480323469455
RandomForest,GroupKFold_Source,10,300,Adebar et al 1997,204.0,211.27217951640915
RandomForest,GroupKFold_Source,10,301,Adebar et al 1997,232.0,216.69750257949187
RandomForest,GroupKFold_Source,10,302,Adebar et al 1997,247.0,202.9686197425162
RandomForest,GroupKFold_Source,10,303,Adebar et al 1997,237.0,214.81972395886015
RandomForest,GroupKFold_Source,10,305,Cho and Kim 2003,79.4,74.96861039004554
RandomForest,GroupKFold_Source,10,306,Cho and Kim 2003,84.3,71.0151203924161
RandomForest,GroupKFold_Source,10,307,Cho and Kim 2003,95.2,123.81951397392591
RandomForest,GroupKFold_Source,10,308,Cho and Kim 2003,103.0,135.35687446769322
RandomForest,GroupKFold_Source,10,309,Cho and Kim 2003,178.8,243.65327643268878
RandomForest,GroupKFold_Source,10,310,Cho and Kim 2003,169.5,287.2510295449842
RandomForest,GroupKFold_Source,10,311,Cho and Kim 2003,186.7,289.56291070278417
RandomForest,GroupKFold_Source,10,312,Cho and Kim 2003,157.9,195.0864292828113
RandomForest,GroupKFold_Source,10,313,Cho and Kim 2003,162.8,221.12519006356996
RandomForest,GroupKFold_Source,10,314,Cho and Kim 2003,153.5,211.9542543341173
RandomForest,GroupKFold_Source,10,315,Cho and Kim 2003,170.6,246.371326390795
RandomForest,GroupKFold_Source,10,316,Greenough and Nehdi,90.85,132.31781699299626
RandomForest,GroupKFold_Source,10,348,Swamy and Bahia 1985,114.0,59.23437370458135
RandomForest,GroupKFold_Source,10,349,Swamy and Bahia 1985,115.0,57.97835049490707
RandomForest,GroupKFold_Source,10,350,Swamy and Bahia 1985,118.2,49.88137289919026
RandomForest,GroupKFold_Source,10,351,Swamy and Bahia 1985,69.0,59.06711438527101
RandomForest,GroupKFold_Source,10,352,Batson et al,27.86555172413793,26.783807704133068
RandomForest,GroupKFold_Source,10,434,Spinella et al,113.75,331.9345992229164
RandomForest,GroupKFold_Source,10,443,Qissab and Salman 2018,86.84,123.58764959664981
RandomForest,GroupKFold_Source,10,444,Qissab and Salman 2018,40.53,96.24809451332163
RandomForest,GroupKFold_Source,10,445,Qissab and Salman 2018,50.895,109.38176099670127
RandomForest,GroupKFold_Source,10,446,Qissab and Salman 2018,106.425,123.31330317356273
RandomForest,GroupKFold_Source,10,447,Qissab and Salman 2018,125.77,143.70404900881752
RandomForest,GroupKFold_Source,10,448,Qissab and Salman 2018,44.46,119.31371725728904
RandomForest,GroupKFold_Source,10,449,Qissab and Salman 2018,46.63,135.09194067639405
RandomForest,GroupKFold_Source,10,450,Qissab and Salman 2018,42.03,121.19836947962078
RandomForest,GroupKFold_Source,10,451,Qissab and Salman 2018,21.345,120.44300912296002
RandomForest,GroupKFold_Source,10,452,Qissab and Salman 2018,51.06,137.24202021696382
RandomForest,GroupKFold_Source,10,465,Yoo & Yang 2018,793.0,305.57512261823916
RandomForest,GroupKFold_Source,10,466,Yoo & Yang 2018,1430.0,276.75949050767144
RandomForest,LeaveOneSourceOut,1,485,Abdul-Zaher et al,126.21090909090908,128.46165366561692
RandomForest,LeaveOneSourceOut,2,486,Abdul-Zaher et al 2016,132.68290909090908,115.26087351503358
RandomForest,LeaveOneSourceOut,2,487,Abdul-Zaher et al 2016,145.62763636363636,120.51631177274412
RandomForest,LeaveOneSourceOut,3,298,Adebar et al,276.0,230.63537317307154
RandomForest,LeaveOneSourceOut,4,299,Adebar et al 1997,324.0,214.19353248716172
RandomForest,LeaveOneSourceOut,4,300,Adebar et al 1997,204.0,193.91786517860567
RandomForest,LeaveOneSourceOut,4,301,Adebar et al 1997,232.0,199.03832093364917
RandomForest,LeaveOneSourceOut,4,302,Adebar et al 1997,247.0,191.31614646449347
RandomForest,LeaveOneSourceOut,4,303,Adebar et al 1997,237.0,205.28292935746887
RandomForest,LeaveOneSourceOut,5,86,Amin and Foster,274.0,145.4217650351524
RandomForest,LeaveOneSourceOut,6,87,Amin and Foster 2016,344.0,163.1496911518771
RandomForest,LeaveOneSourceOut,7,438,Aoude and Cohen 2014,45.0,129.58832173446967
RandomForest,LeaveOneSourceOut,7,439,Aoude and Cohen 2014,44.0,300.4092549696019
RandomForest,LeaveOneSourceOut,7,440,Aoude and Cohen 2014,58.0,334.42239533787966
RandomForest,LeaveOneSourceOut,7,441,Aoude and Cohen 2014,59.0,330.29576409944974
RandomForest,LeaveOneSourceOut,8,161,Aoude et al,47.5,88.87567333538529
RandomForest,LeaveOneSourceOut,9,162,Aoude et al 2012,56.5,76.16372732655147
RandomForest,LeaveOneSourceOut,9,163,Aoude et al 2012,154.3,81.3118685383415
RandomForest,LeaveOneSourceOut,9,164,Aoude et al 2012,198.0,92.93814462065234
RandomForest,LeaveOneSourceOut,10,45,Arslan et al,65.0,109.78243847036998
RandomForest,LeaveOneSourceOut,11,46,Arslan et al 2017,44.0,115.23268600511143
RandomForest,LeaveOneSourceOut,11,47,Arslan et al 2017,50.0,114.338333914575
RandomForest,LeaveOneSourceOut,11,48,Arslan et al 2017,39.0,113.40603520452223
RandomForest,LeaveOneSourceOut,11,49,Arslan et al 2017,32.5,183.93661818083612
RandomForest,LeaveOneSourceOut,11,50,Arslan et al 2017,42.5,193.097429341516
RandomForest,LeaveOneSourceOut,11,51,Arslan et al 2017,58.5,200.35064102440262
RandomForest,LeaveOneSourceOut,11,52,Arslan et al 2017,42.5,166.20663720139677
RandomForest,LeaveOneSourceOut,11,53,Arslan et al 2017,35.0,201.01276134479795
RandomForest,LeaveOneSourceOut,12,230,Ashour et al,45.15,96.86994562888957
RandomForest,LeaveOneSourceOut,13,231,Ashour et al 1992,23.999375,151.37516592917626
RandomForest,LeaveOneSourceOut,13,232,Ashour et al 1992,15.05,150.57081966212118
RandomForest,LeaveOneSourceOut,13,233,Ashour et al 1992,244.29375,237.0428198653331
RandomForest,LeaveOneSourceOut,13,234,Ashour et al 1992,129.5375,224.3151115024761
RandomForest,LeaveOneSourceOut,13,235,Ashour et al 1992,61.00625,224.51077096540618
RandomForest,LeaveOneSourceOut,13,236,Ashour et al 1992,52.40625,224.41113265506135
RandomForest,LeaveOneSourceOut,13,237,Ashour et al 1992,342.3875,242.94163268906624
RandomForest,LeaveOneSourceOut,13,238,Ashour et al 1992,162.8625,219.3514922971963
RandomForest,LeaveOneSourceOut,13,239,Ashour et al 1992,85.19375,208.28933330353345
RandomForest,LeaveOneSourceOut,13,240,Ashour et al 1992,52.675,214.6681370328985
RandomForest,LeaveOneSourceOut,13,241,Ashour et al 1992,374.90625,262.41925821750897
RandomForest,LeaveOneSourceOut,13,242,Ashour et al 1992,193.76875,243.89033803536182
RandomForest,LeaveOneSourceOut,13,243,Ashour et al 1992,94.33125,237.81570960470654
RandomForest,LeaveOneSourceOut,13,244,Ashour et al 1992,53.2125,247.36366531777765
RandomForest,LeaveOneSourceOut,13,245,Ashour et al 1992,180.86875,256.1964334573596
RandomForest,LeaveOneSourceOut,13,246,Ashour et al 1992,104.275,209.28499747282078
RandomForest,LeaveOneSourceOut,13,247,Ashour et al 1992,78.74375,208.85399747282077
RandomForest,LeaveOneSourceOut,14,483,"Bae, Choi & Choi",371.5,384.906053107656
RandomForest,LeaveOneSourceOut,15,484,"Bae, Choi & Choi 2013",585.5,351.3043205303974
RandomForest,LeaveOneSourceOut,16,352,Batson et al,27.86555172413793,26.68696917675249
RandomForest,LeaveOneSourceOut,17,353,Batson et al 1972,27.423241379310344,55.75078531602697
RandomForest,LeaveOneSourceOut,17,354,Batson et al 1972,26.892468965517246,55.75078531602697
RandomForest,LeaveOneSourceOut,17,355,Batson et al 1972,28.13093793103448,102.92948411690517
RandomForest,LeaveOneSourceOut,17,356,Batson et al 1972,28.13093793103448,102.92948411690517
RandomForest,LeaveOneSourceOut,17,357,Batson et al 1972,26.36169655172414,102.92948411690517
RandomForest,LeaveOneSourceOut,17,358,Batson et al 1972,26.71554482758621,55.75078531602697
RandomForest,LeaveOneSourceOut,17,359,Batson et al 1972,31.580958620689653,60.80903198179055
RandomForest,LeaveOneSourceOut,17,360,Batson et al 1972,31.492496551724138,61.10740639855984
RandomForest,LeaveOneSourceOut,17,361,Batson et al 1972,27.86555172413793,61.10740639855984
RandomForest,LeaveOneSourceOut,17,362,Batson et al 1972,25.123227586206898,61.10740639855984
RandomForest,LeaveOneSourceOut,17,363,Batson et al 1972,29.54633103448276,60.80903198179055
RandomForest,LeaveOneSourceOut,17,364,Batson et al 1972,27.95401379310345,60.80903198179055
RandomForest,LeaveOneSourceOut,17,365,Batson et al 1972,32.90788965517241,85.23810725071866
RandomForest,LeaveOneSourceOut,17,366,Batson et al 1972,33.08481379310345,85.03443639956926
RandomForest,LeaveOneSourceOut,17,367,Batson et al 1972,31.138648275862067,85.03443639956926
RandomForest,LeaveOneSourceOut,17,368,Batson et al 1972,33.08481379310345,85.03443639956926
RandomForest,LeaveOneSourceOut,17,369,Batson et al 1972,28.30786206896552,60.80903198179055
RandomForest,LeaveOneSourceOut,17,370,Batson et al 1972,26.892468965517246,60.80903198179055
RandomForest,LeaveOneSourceOut,17,371,Batson et al 1972,30.077103448275864,98.3764080361297
RandomForest,LeaveOneSourceOut,17,372,Batson et al 1972,30.16556551724138,98.3764080361297
RandomForest,LeaveOneSourceOut,17,373,Batson et al 1972,33.08481379310345,98.3764080361297
RandomForest,LeaveOneSourceOut,17,374,Batson et al 1972,25.830924137931035,98.20693679853548
RandomForest,LeaveOneSourceOut,17,375,Batson et al 1972,27.06939310344828,98.20693679853548
RandomForest,LeaveOneSourceOut,17,376,Batson et al 1972,25.654,98.20693679853548
RandomForest,LeaveOneSourceOut,17,377,Batson et al 1972,24.327068965517242,91.70090584894595
RandomForest,LeaveOneSourceOut,17,378,Batson et al 1972,22.28233142857143,91.84027959894595
RandomForest,LeaveOneSourceOut,17,379,Batson et al 1972,31.404034482758618,114.6667940790173
RandomForest,LeaveOneSourceOut,17,380,Batson et al 1972,33.70404827586207,114.84051022901728
RandomForest,LeaveOneSourceOut,17,381,Batson et al 1972,30.077103448275864,114.84051022901728
RandomForest,LeaveOneSourceOut,17,382,Batson et al 1972,32.46557931034483,114.84051022901728
RandomForest,LeaveOneSourceOut,17,383,Batson et al 1972,36.62329655172413,111.76819852835169
RandomForest,LeaveOneSourceOut,17,384,Batson et al 1972,34.234820689655166,117.95790397294022
RandomForest,LeaveOneSourceOut,17,385,Batson et al 1972,33.08481379310345,117.95790397294022
RandomForest,LeaveOneSourceOut,17,386,Batson et al 1972,41.84255862068966,117.95790397294022
RandomForest,LeaveOneSourceOut,17,387,Batson et al 1972,39.454082758620686,117.95790397294022
RandomForest,LeaveOneSourceOut,17,388,Batson et al 1972,56.17341379310345,120.74675441800137
RandomForest,LeaveOneSourceOut,17,389,Batson et al 1972,76.962,130.73992443767648
RandomForest,LeaveOneSourceOut,17,390,Batson et al 1972,145.07779310344827,243.14452167010353
RandomForest,LeaveOneSourceOut,17,391,Batson et al 1972,139.32775862068965,243.14452167010353
RandomForest,LeaveOneSourceOut,17,392,Batson et al 1972,24.238606896551723,91.84027959894595
RandomForest,LeaveOneSourceOut,17,393,Batson et al 1972,23.35398620689655,91.84027959894595
RandomForest,LeaveOneSourceOut,17,394,Batson et al 1972,26.00784827586207,91.84027959894595
RandomForest,LeaveOneSourceOut,18,177,Casanova & Rossi,138.0,168.9439090704944
RandomForest,LeaveOneSourceOut,19,178,Casanova & Rossi 1999,138.0,168.9439090704945
RandomForest,LeaveOneSourceOut,20,158,Casanova et al,351.5151515151515,143.91623907113433
RandomForest,LeaveOneSourceOut,21,159,Casanova et al 1997,351.5151515151515,102.07371995991673
RandomForest,LeaveOneSourceOut,21,160,Casanova et al 1997,157.0,165.577047672842
RandomForest,LeaveOneSourceOut,22,436,Chalioris and Sfiri 2011,42.5,112.95324292586619
RandomForest,LeaveOneSourceOut,23,304,Cho and Kim,60.9,82.09316689880255
RandomForest,LeaveOneSourceOut,24,305,Cho and Kim 2003,79.4,80.30730071932012
RandomForest,LeaveOneSourceOut,24,306,Cho and Kim 2003,84.3,79.6402602195224
RandomForest,LeaveOneSourceOut,24,307,Cho and Kim 2003,95.2,162.21868769174318
RandomForest,LeaveOneSourceOut,24,308,Cho and Kim 2003,103.0,187.0673052480391
RandomForest,LeaveOneSourceOut,24,309,Cho and Kim 2003,178.8,272.01367667249946
RandomForest,LeaveOneSourceOut,24,310,Cho and Kim 2003,169.5,278.5852609387005
RandomForest,LeaveOneSourceOut,24,311,Cho and Kim 2003,186.7,291.23006151122013
RandomForest,LeaveOneSourceOut,24,312,Cho and Kim 2003,157.9,239.96524065519307
RandomForest,LeaveOneSourceOut,24,313,Cho and Kim 2003,162.8,268.9479287037767
RandomForest,LeaveOneSourceOut,24,314,Cho and Kim 2003,153.5,255.0980739891133
RandomForest,LeaveOneSourceOut,24,315,Cho and Kim 2003,170.6,260.0874301957188
RandomForest,LeaveOneSourceOut,25,437,Cohen and Aoude 2012,43.33,176.59203294089113
RandomForest,LeaveOneSourceOut,26,125,Cucchiara et al,96.3819,154.46558635897745
RandomForest,LeaveOneSourceOut,27,126,Cucchiara et al 2004,103.31325,173.4487543181941
RandomForest,LeaveOneSourceOut,27,127,Cucchiara et al 2004,115.07355,189.2638953223256
RandomForest,LeaveOneSourceOut,27,128,Cucchiara et al 2004,115.50059999999999,218.52007480892135
RandomForest,LeaveOneSourceOut,28,460,Danygier and Savir,200.6,412.6833267826986
RandomForest,LeaveOneSourceOut,29,461,Danygier and Savir 2010,209.3,419.9465326957935
RandomForest,LeaveOneSourceOut,30,135,Dinh et al,170.5365168539326,192.46700377365042
RandomForest,LeaveOneSourceOut,31,136,Dinh et al 2010,159.70880149812734,159.1514530953943
RandomForest,LeaveOneSourceOut,31,137,Dinh et al 2010,168.98970037453182,210.07147082437854
RandomForest,LeaveOneSourceOut,31,138,Dinh et al 2010,172.08333333333334,210.07147082437854
RandomForest,LeaveOneSourceOut,31,139,Dinh et al 2010,148.4943820224719,174.3787416762921
RandomForest,LeaveOneSourceOut,31,140,Dinh et al 2010,196.05898876404495,174.3787416762921
RandomForest,LeaveOneSourceOut,31,141,Dinh et al 2010,191.0318352059925,210.74285576072603
RandomForest,LeaveOneSourceOut,31,142,Dinh et al 2010,189.48501872659176,210.74285576072603
RandomForest,LeaveOneSourceOut,31,143,Dinh et al 2010,172.08333333333334,185.3781299141701
RandomForest,LeaveOneSourceOut,31,144,Dinh et al 2010,218.4878277153558,185.3781299141701
RandomForest,LeaveOneSourceOut,31,145,Dinh et al 2010,192.57865168539325,150.1258989210566
RandomForest,LeaveOneSourceOut,31,146,Dinh et al 2010,189.48501872659176,150.1258989210566
RandomForest,LeaveOneSourceOut,31,147,Dinh et al 2010,362.893760539629,173.93677574483408
RandomForest,LeaveOneSourceOut,31,148,Dinh et al 2010,334.5177065767285,173.93677574483408
RandomForest,LeaveOneSourceOut,31,149,Dinh et al 2010,348.50590219224284,137.555166817524
RandomForest,LeaveOneSourceOut,31,150,Dinh et al 2010,341.31197301854974,137.555166817524
RandomForest,LeaveOneSourceOut,31,151,Dinh et al 2010,344.90893760539626,140.52063789750568
RandomForest,LeaveOneSourceOut,31,152,Dinh et al 2010,264.97639123102863,122.18679839963718
RandomForest,LeaveOneSourceOut,31,153,Dinh et al 2010,222.21247892074197,122.18679839963718
RandomForest,LeaveOneSourceOut,31,154,Dinh et al 2010,432.035413153457,183.11314401640792
RandomForest,LeaveOneSourceOut,31,155,Dinh et al 2010,418.04721753794263,180.56540501659367
RandomForest,LeaveOneSourceOut,32,327,Dupont and Vandewalle,110.0,223.62978277706694
RandomForest,LeaveOneSourceOut,32,328,Dupont and Vandewalle,120.0,218.45290485445872
RandomForest,LeaveOneSourceOut,32,329,Dupont and Vandewalle,155.0,351.8208441860245
RandomForest,LeaveOneSourceOut,32,330,Dupont and Vandewalle,280.0,232.57604493781804
RandomForest,LeaveOneSourceOut,32,331,Dupont and Vandewalle,300.0,228.99009092099752
RandomForest,LeaveOneSourceOut,32,332,Dupont and Vandewalle,82.5,112.51781578048627
RandomForest,LeaveOneSourceOut,32,333,Dupont and Vandewalle,108.0,102.28857772112424
RandomForest,LeaveOneSourceOut,32,334,Dupont and Vandewalle,108.0,149.51234342620344
RandomForest,LeaveOneSourceOut,32,335,Dupont and Vandewalle,144.0,145.84923288602727
RandomForest,LeaveOneSourceOut,32,336,Dupont and Vandewalle,82.5,116.76823762151152
RandomForest,LeaveOneSourceOut,32,337,Dupont and Vandewalle,117.0,167.51700592964318
RandomForest,LeaveOneSourceOut,32,338,Dupont and Vandewalle,100.0,165.7033165457576
RandomForest,LeaveOneSourceOut,32,339,Dupont and Vandewalle,120.0,109.86057117745038
RandomForest,LeaveOneSourceOut,32,340,Dupont and Vandewalle,100.0,162.52434819115535
RandomForest,LeaveOneSourceOut,32,341,Dupont and Vandewalle,120.0,150.76196745093392
RandomForest,LeaveOneSourceOut,32,342,Dupont and Vandewalle,130.0,74.95674214041357
RandomForest,LeaveOneSourceOut,32,343,Dupont and Vandewalle,157.5,114.914939297678
RandomForest,LeaveOneSourceOut,32,344,Dupont and Vandewalle,147.5,86.96897970064587
RandomForest,LeaveOneSourceOut,32,345,Dupont and Vandewalle,162.0,88.83449774015561
RandomForest,LeaveOneSourceOut,32,346,Dupont and Vandewalle,162.0,101.19211705601293
RandomForest,LeaveOneSourceOut,33,453,Furlan and de Hanai,20.0,23.236809139449093
RandomForest,LeaveOneSourceOut,34,454,Furlan and de Hanai 1997,22.0,60.93217533193949
RandomForest,LeaveOneSourceOut,34,455,Furlan and de Hanai 1997,21.5,41.869753366716104
RandomForest,LeaveOneSourceOut,34,456,Furlan and de Hanai 1997,18.5,41.869753366716104
RandomForest,LeaveOneSourceOut,34,457,Furlan and de Hanai 1997,20.0,43.80011932430555
RandomForest,LeaveOneSourceOut,34,458,Furlan and de Hanai 1997,22.5,37.93984838121613
RandomForest,LeaveOneSourceOut,34,459,Furlan and de Hanai 1997,17.5,37.93984838121613
RandomForest,LeaveOneSourceOut,35,467,Gali & Subramaniam,79.0,120.07387726402848
RandomForest,LeaveOneSourceOut,36,468,Gali & Subramaniam 2017,86.0,116.16526221749014
RandomForest,LeaveOneSourceOut,37,316,Greenough and Nehdi,90.85,144.3289667319595
RandomForest,LeaveOneSourceOut,38,317,Greenough and Nehdi 2008,105.6,160.92831215577456
RandomForest,LeaveOneSourceOut,38,318,Greenough and Nehdi 2008,148.9,215.88517098998094
RandomForest,LeaveOneSourceOut,38,319,Greenough and Nehdi 2008,115.45,112.65283119095638
RandomForest,LeaveOneSourceOut,38,320,Greenough and Nehdi 2008,144.1,135.56333186355943
RandomForest,LeaveOneSourceOut,38,321,Greenough and Nehdi 2008,146.75,126.55785676864839
RandomForest,LeaveOneSourceOut,38,322,Greenough and Nehdi 2008,106.7,130.79389374809253
RandomForest,LeaveOneSourceOut,38,323,Greenough and Nehdi 2008,122.9,130.49297154002517
RandomForest,LeaveOneSourceOut,38,324,Greenough and Nehdi 2008,151.35,156.24783074568134
RandomForest,LeaveOneSourceOut,39,416,Huang et al 2005,252.8325,245.80814628180022
RandomForest,LeaveOneSourceOut,40,427,Hwang et al,30.5,134.58053180469747
RandomForest,LeaveOneSourceOut,41,428,Hwang et al 2013,52.0,167.3555705016246
RandomForest,LeaveOneSourceOut,41,429,Hwang et al 2013,54.0,161.6314199397977
RandomForest,LeaveOneSourceOut,41,430,Hwang et al 2013,47.5,169.88380790796785
RandomForest,LeaveOneSourceOut,41,431,Hwang et al 2013,73.75,281.2881968346245
RandomForest,LeaveOneSourceOut,41,432,Hwang et al 2013,72.7,229.14890499382363
RandomForest,LeaveOneSourceOut,41,433,Hwang et al 2013,81.15,239.4338947562933
RandomForest,LeaveOneSourceOut,42,412,"Imam, Vandewalle, Mortelmans",528.255,245.35362802576202
RandomForest,LeaveOneSourceOut,43,413,"Imam, Vandewalle, Mortelmans 1994",284.405,367.8161959042067
RandomForest,LeaveOneSourceOut,43,414,"Imam, Vandewalle, Mortelmans 1994",208.79,451.1023952730012
RandomForest,LeaveOneSourceOut,43,415,"Imam, Vandewalle, Mortelmans 1994",211.83,284.19216916114476
RandomForest,LeaveOneSourceOut,44,399,Jindal,20.915000000000003,90.04106099328088
RandomForest,LeaveOneSourceOut,45,400,Jindal 1984,29.5035,93.55816421957472
RandomForest,LeaveOneSourceOut,45,401,Jindal 1984,29.5035,80.94693228234847
RandomForest,LeaveOneSourceOut,45,402,Jindal 1984,40.050000000000004,93.59615829184162
RandomForest,LeaveOneSourceOut,45,403,Jindal 1984,28.7025,93.93434547079924
RandomForest,LeaveOneSourceOut,45,404,Jindal 1984,24.475,58.44609016151197
RandomForest,LeaveOneSourceOut,45,405,Jindal 1984,32.93,107.112448669521
RandomForest,LeaveOneSourceOut,46,174,Kang et al,81.7,123.45456357200864
RandomForest,LeaveOneSourceOut,46,325,Kang et al,130.65,114.26287789578693
RandomForest,LeaveOneSourceOut,47,175,Kang et al 2011,35.4,105.45575693588772
RandomForest,LeaveOneSourceOut,47,176,Kang et al 2011,77.2,123.51040549246507
RandomForest,LeaveOneSourceOut,48,326,Kang et al 2012,219.75,112.26545469525398
RandomForest,LeaveOneSourceOut,49,255,Kim et al,114.0,129.84210913976858
RandomForest,LeaveOneSourceOut,50,256,Kim et al 2017,204.0,97.48622155714722
RandomForest,LeaveOneSourceOut,51,462,Krassowska & Kosior-Kazberuk,32.725,238.9115334346847
RandomForest,LeaveOneSourceOut,52,463,Krassowska & Kosior-Kazberuk 2018,41.25,170.43228844445915
RandomForest,LeaveOneSourceOut,53,129,Kwak et al,134.885,92.41960495580597
RandomForest,LeaveOneSourceOut,54,130,Kwak et al 2002,144.16,139.65514913446899
RandomForest,LeaveOneSourceOut,54,131,Kwak et al 2002,107.06,148.21325385170442
RandomForest,LeaveOneSourceOut,54,132,Kwak et al 2002,67.575,156.78762342547103
RandomForest,LeaveOneSourceOut,55,417,"Kwak, Suh, Hsu",135.725,134.7611960924293
RandomForest,LeaveOneSourceOut,56,418,"Kwak, Suh, Hsu 1991",144.625,126.97719327321
RandomForest,LeaveOneSourceOut,56,419,"Kwak, Suh, Hsu 1991",133.5,129.48003242167192
RandomForest,LeaveOneSourceOut,56,420,"Kwak, Suh, Hsu 1991",137.95000000000002,129.6115170279084
RandomForest,LeaveOneSourceOut,57,269,"Li, Ward, Hamza",16.51635,27.076107966100967
RandomForest,LeaveOneSourceOut,58,270,"Li, Ward, Hamza 1992",50.5206,138.46424343778918
RandomForest,LeaveOneSourceOut,58,271,"Li, Ward, Hamza 1992",20.79117,173.06761779243013
RandomForest,LeaveOneSourceOut,58,272,"Li, Ward, Hamza 1992",66.32448,171.86082612576342
RandomForest,LeaveOneSourceOut,58,273,"Li, Ward, Hamza 1992",17.74698,254.14193439469582
RandomForest,LeaveOneSourceOut,58,274,"Li, Ward, Hamza 1992",61.40196,253.32592939469583
RandomForest,LeaveOneSourceOut,58,275,"Li, Ward, Hamza 1992",50.65014,246.5960716920599
RandomForest,LeaveOneSourceOut,58,276,"Li, Ward, Hamza 1992",33.356550000000006,230.75114625443254
RandomForest,LeaveOneSourceOut,58,277,"Li, Ward, Hamza 1992",30.053279999999997,231.97342722729783
RandomForest,LeaveOneSourceOut,58,278,"Li, Ward, Hamza 1992",25.84323,224.4206553353722
RandomForest,LeaveOneSourceOut,58,279,"Li, Ward, Hamza 1992",23.446740000000002,223.56903093537224
RandomForest,LeaveOneSourceOut,58,280,"Li, Ward, Hamza 1992",20.53209,223.71529232797369
RandomForest,LeaveOneSourceOut,58,281,"Li, Ward, Hamza 1992",17.81175,223.17533025422287
RandomForest,LeaveOneSourceOut,58,282,"Li, Ward, Hamza 1992",12.82446,256.29264483272624
RandomForest,LeaveOneSourceOut,58,283,"Li, Ward, Hamza 1992",17.81175,437.64702415732665
RandomForest,LeaveOneSourceOut,58,284,"Li, Ward, Hamza 1992",25.2603,265.27991899851577
RandomForest,LeaveOneSourceOut,58,285,"Li, Ward, Hamza 1992",79.01939999999999,140.574449097728
RandomForest,LeaveOneSourceOut,58,286,"Li, Ward, Hamza 1992",20.46732,140.75149071982324
RandomForest,LeaveOneSourceOut,58,287,"Li, Ward, Hamza 1992",15.73911,128.14556034566854
RandomForest,LeaveOneSourceOut,58,288,"Li, Ward, Hamza 1992",36.53028,105.26228558339237
RandomForest,LeaveOneSourceOut,58,289,"Li, Ward, Hamza 1992",79.01939999999999,132.84987421409033
RandomForest,LeaveOneSourceOut,58,290,"Li, Ward, Hamza 1992",22.99335,132.6612652521856
RandomForest,LeaveOneSourceOut,59,133,Lim and Oh,58.37,105.44158372323669
RandomForest,LeaveOneSourceOut,60,134,Lim and Oh 1999,74.49,185.63867591231548
RandomForest,LeaveOneSourceOut,61,179,Lim et al,58.0,73.50775224530732
RandomForest,LeaveOneSourceOut,62,180,Lim et al 1987,147.5,198.5133445232181
RandomForest,LeaveOneSourceOut,62,181,Lim et al 1987,82.6,152.97013837004326
RandomForest,LeaveOneSourceOut,62,182,Lim et al 1987,67.4,185.7679768045366
RandomForest,LeaveOneSourceOut,62,183,Lim et al 1987,135.0,206.11508396356396
RandomForest,LeaveOneSourceOut,62,184,Lim et al 1987,63.7,175.80525053729687
RandomForest,LeaveOneSourceOut,62,185,Lim et al 1987,49.4,182.2767543728176
RandomForest,LeaveOneSourceOut,63,156,Lima Araujo et al,260.0,274.534912059753
RandomForest,LeaveOneSourceOut,64,157,Lima Araujo et al 2014,290.5,262.3122118390869
RandomForest,LeaveOneSourceOut,65,39,Manju et al.,117.845,129.29491534435584
RandomForest,LeaveOneSourceOut,66,40,Manju et al. 2017,154.84,106.40920908624865
RandomForest,LeaveOneSourceOut,66,41,Manju et al. 2017,186.44500000000002,128.20921469070083
RandomForest,LeaveOneSourceOut,66,42,Manju et al. 2017,62.720000000000006,108.9309012023336
RandomForest,LeaveOneSourceOut,66,43,Manju et al. 2017,79.38,94.46915803350406
RandomForest,LeaveOneSourceOut,66,44,Manju et al. 2017,134.995,116.97500920534252
RandomForest,LeaveOneSourceOut,67,186,Mansur et al,75.0,75.11838967380885
RandomForest,LeaveOneSourceOut,68,187,Mansur et al 1986,52.5,94.82010472242301
RandomForest,LeaveOneSourceOut,68,188,Mansur et al 1986,45.0,135.22460419455163
RandomForest,LeaveOneSourceOut,68,189,Mansur et al 1986,85.0,90.05782979103317
RandomForest,LeaveOneSourceOut,68,190,Mansur et al 1986,60.0,107.78889628902539
RandomForest,LeaveOneSourceOut,68,191,Mansur et al 1986,65.0,190.50897479181225
RandomForest,LeaveOneSourceOut,68,192,Mansur et al 1986,45.0,58.34189314253332
RandomForest,LeaveOneSourceOut,68,193,Mansur et al 1986,60.0,124.97236980970382
RandomForest,LeaveOneSourceOut,68,194,Mansur et al 1986,86.0,176.19136869017115
RandomForest,LeaveOneSourceOut,69,165,Minelli & Plizzari,129.0,142.85276078752082
RandomForest,LeaveOneSourceOut,70,166,Minelli & Plizzari 2013,114.5,108.68644922124135
RandomForest,LeaveOneSourceOut,70,167,Minelli & Plizzari 2013,136.5,69.17271532644412
RandomForest,LeaveOneSourceOut,70,168,Minelli & Plizzari 2013,136.0,116.01250408596013
RandomForest,LeaveOneSourceOut,70,169,Minelli & Plizzari 2013,186.0,129.08590117216065
RandomForest,LeaveOneSourceOut,70,170,Minelli & Plizzari 2013,194.0,98.26319836846871
RandomForest,LeaveOneSourceOut,70,171,Minelli & Plizzari 2013,154.0,98.26319836846871
RandomForest,LeaveOneSourceOut,70,172,Minelli & Plizzari 2013,247.0,96.17292415201848
RandomForest,LeaveOneSourceOut,70,173,Minelli & Plizzari 2013,328.0,115.7309879395489
RandomForest,LeaveOneSourceOut,71,97,Narayanan and Darwish,32.708,37.37192862256293
RandomForest,LeaveOneSourceOut,71,258,Narayanan and Darwish,350.0,331.67605384616866
RandomForest,LeaveOneSourceOut,72,98,Narayanan and Darwish 1987,29.5035,50.86990477063677
RandomForest,LeaveOneSourceOut,72,99,Narayanan and Darwish 1987,30.6085,51.038627004128195
RandomForest,LeaveOneSourceOut,72,100,Narayanan and Darwish 1987,29.9455,90.34297514443116
RandomForest,LeaveOneSourceOut,72,101,Narayanan and Darwish 1987,22.8735,88.16815235197451
RandomForest,LeaveOneSourceOut,72,102,Narayanan and Darwish 1987,21.437,90.44283152422958
RandomForest,LeaveOneSourceOut,72,103,Narayanan and Darwish 1987,35.6915,93.61070929625126
RandomForest,LeaveOneSourceOut,72,104,Narayanan and Darwish 1987,21.7685,81.1821515164401
RandomForest,LeaveOneSourceOut,72,105,Narayanan and Darwish 1987,32.8185,71.0653032516747
RandomForest,LeaveOneSourceOut,72,106,Narayanan and Darwish 1987,51.051,89.82491150674988
RandomForest,LeaveOneSourceOut,72,107,Narayanan and Darwish 1987,40.7745,85.27423404366954
RandomForest,LeaveOneSourceOut,72,108,Narayanan and Darwish 1987,28.8405,134.47219089086997
RandomForest,LeaveOneSourceOut,72,109,Narayanan and Darwish 1987,61.548500000000004,90.56476159292669
RandomForest,LeaveOneSourceOut,72,110,Narayanan and Darwish 1987,48.841,86.04299607407845
RandomForest,LeaveOneSourceOut,72,111,Narayanan and Darwish 1987,32.8185,62.346185160930915
RandomForest,LeaveOneSourceOut,72,112,Narayanan and Darwish 1987,32.2048,187.26143963983714
RandomForest,LeaveOneSourceOut,72,113,Narayanan and Darwish 1987,38.0205,192.86998562254658
RandomForest,LeaveOneSourceOut,72,114,Narayanan and Darwish 1987,24.3712,108.05101675889192
RandomForest,LeaveOneSourceOut,72,115,Narayanan and Darwish 1987,24.954300000000003,108.16269614849784
RandomForest,LeaveOneSourceOut,72,116,Narayanan and Darwish 1987,47.5456,182.18991441704776
RandomForest,LeaveOneSourceOut,72,117,Narayanan and Darwish 1987,53.55,178.19373830284417
RandomForest,LeaveOneSourceOut,72,118,Narayanan and Darwish 1987,51.94349999999999,191.20096616294853
RandomForest,LeaveOneSourceOut,72,119,Narayanan and Darwish 1987,52.80029999999999,172.83737669634223
RandomForest,LeaveOneSourceOut,72,120,Narayanan and Darwish 1987,48.524800000000006,194.85721362826064
RandomForest,LeaveOneSourceOut,72,121,Narayanan and Darwish 1987,58.476600000000005,225.775800285089
RandomForest,LeaveOneSourceOut,72,122,Narayanan and Darwish 1987,72.5067,223.9332499226609
RandomForest,LeaveOneSourceOut,72,123,Narayanan and Darwish 1987,76.5765,278.0336109577016
RandomForest,LeaveOneSourceOut,72,124,Narayanan and Darwish 1987,67.473,261.3374903534503
RandomForest,LeaveOneSourceOut,73,259,Narayanan and Darwish 1988,325.0,161.81142451726635
RandomForest,LeaveOneSourceOut,73,260,Narayanan and Darwish 1988,361.0,154.3182546213864
RandomForest,LeaveOneSourceOut,73,261,Narayanan and Darwish 1988,396.0,161.9128424639711
RandomForest,LeaveOneSourceOut,73,262,Narayanan and Darwish 1988,393.0,161.6867067418185
RandomForest,LeaveOneSourceOut,73,263,Narayanan and Darwish 1988,454.0,161.91308734441935
RandomForest,LeaveOneSourceOut,73,264,Narayanan and Darwish 1988,404.0,153.69879337047684
RandomForest,LeaveOneSourceOut,73,265,Narayanan and Darwish 1988,342.0,150.75370843494267
RandomForest,LeaveOneSourceOut,73,266,Narayanan and Darwish 1988,344.0,150.60627319684068
RandomForest,LeaveOneSourceOut,73,267,Narayanan and Darwish 1988,294.0,144.57618101734337
RandomForest,LeaveOneSourceOut,73,268,Narayanan and Darwish 1988,333.0,145.49246334083196
RandomForest,LeaveOneSourceOut,74,205,Noghabai,299.0,332.9027231794485
RandomForest,LeaveOneSourceOut,75,206,Noghabai 2000,295.0,163.79318742479512
RandomForest,LeaveOneSourceOut,75,207,Noghabai 2000,252.0,275.5263924871247
RandomForest,LeaveOneSourceOut,75,208,Noghabai 2000,262.0,233.5734661837832
RandomForest,LeaveOneSourceOut,75,209,Noghabai 2000,189.0,78.23938076990069
RandomForest,LeaveOneSourceOut,75,210,Noghabai 2000,310.0,338.7693944080728
RandomForest,LeaveOneSourceOut,75,211,Noghabai 2000,363.0,214.67821235770694
RandomForest,LeaveOneSourceOut,75,212,Noghabai 2000,407.0,205.32463281706467
RandomForest,LeaveOneSourceOut,75,213,Noghabai 2000,289.0,133.01623397472224
RandomForest,LeaveOneSourceOut,75,214,Noghabai 2000,336.0,133.01623397472224
RandomForest,LeaveOneSourceOut,75,215,Noghabai 2000,367.0,128.0489535488532
RandomForest,LeaveOneSourceOut,75,216,Noghabai 2000,327.0,128.0489535488532
RandomForest,LeaveOneSourceOut,75,217,Noghabai 2000,264.0,258.94450625677257
RandomForest,LeaveOneSourceOut,75,218,Noghabai 2000,312.0,258.94450625677257
RandomForest,LeaveOneSourceOut,75,219,Noghabai 2000,339.0,247.2186269465529
RandomForest,LeaveOneSourceOut,75,220,Noghabai 2000,292.0,233.52077688428986
RandomForest,LeaveOneSourceOut,75,221,Noghabai 2000,445.0,135.06143876744005
RandomForest,LeaveOneSourceOut,75,222,Noghabai 2000,596.0,131.7166584032623
RandomForest,LeaveOneSourceOut,75,223,Noghabai 2000,509.0,215.4427401096926
RandomForest,LeaveOneSourceOut,76,253,Pansuk et al,340.0,310.298066793135
RandomForest,LeaveOneSourceOut,77,254,Pansuk et al 2017,531.0,230.5116421052418
RandomForest,LeaveOneSourceOut,78,54,Parra-Montesinos et al,171.99864000000002,221.00656092204562
RandomForest,LeaveOneSourceOut,79,55,Parra-Montesinos et al 2006,148.25472,126.30390895638186
RandomForest,LeaveOneSourceOut,79,56,Parra-Montesinos et al 2006,188.79312,190.73014288592205
RandomForest,LeaveOneSourceOut,79,57,Parra-Montesinos et al 2006,189.95136,190.73014288592205
RandomForest,LeaveOneSourceOut,79,58,Parra-Montesinos et al 2006,217.74912,204.8343189659383
RandomForest,LeaveOneSourceOut,79,59,Parra-Montesinos et al 2006,195.16344,126.30390895638186
RandomForest,LeaveOneSourceOut,79,60,Parra-Montesinos et al 2006,146.51736,132.25196689417115
RandomForest,LeaveOneSourceOut,79,61,Parra-Montesinos et al 2006,200.37552,132.25196689417115
RandomForest,LeaveOneSourceOut,79,62,Parra-Montesinos et al 2006,175.47335999999999,155.7503000352541
RandomForest,LeaveOneSourceOut,79,63,Parra-Montesinos et al 2006,178.94807999999998,155.7503000352541
RandomForest,LeaveOneSourceOut,80,442,Qissab and Salman,73.145,81.53482331963816
RandomForest,LeaveOneSourceOut,81,443,Qissab and Salman 2018,86.84,131.71369207833828
RandomForest,LeaveOneSourceOut,81,444,Qissab and Salman 2018,40.53,105.74199609493093
RandomForest,LeaveOneSourceOut,81,445,Qissab and Salman 2018,50.895,113.07665305640988
RandomForest,LeaveOneSourceOut,81,446,Qissab and Salman 2018,106.425,141.39504343748274
RandomForest,LeaveOneSourceOut,81,447,Qissab and Salman 2018,125.77,158.7714578837193
RandomForest,LeaveOneSourceOut,81,448,Qissab and Salman 2018,44.46,134.70820721135166
RandomForest,LeaveOneSourceOut,81,449,Qissab and Salman 2018,46.63,144.78233926417624
RandomForest,LeaveOneSourceOut,81,450,Qissab and Salman 2018,42.03,139.97574139256625
RandomForest,LeaveOneSourceOut,81,451,Qissab and Salman 2018,21.345,140.5992388595141
RandomForest,LeaveOneSourceOut,81,452,Qissab and Salman 2018,51.06,148.97758597814945
RandomForest,LeaveOneSourceOut,82,224,Randl et al,251.0,303.6996689632146
RandomForest,LeaveOneSourceOut,83,225,Randl et al 2017,318.0,273.6016956631991
RandomForest,LeaveOneSourceOut,83,226,Randl et al 2017,357.0,273.6016956631991
RandomForest,LeaveOneSourceOut,83,227,Randl et al 2017,266.0,262.7444399060297
RandomForest,LeaveOneSourceOut,83,228,Randl et al 2017,199.0,262.7444399060297
RandomForest,LeaveOneSourceOut,83,229,Randl et al 2017,308.0,262.7444399060297
RandomForest,LeaveOneSourceOut,84,421,Roberts and Ho,32.8,50.26753648008979
RandomForest,LeaveOneSourceOut,85,422,Roberts and Ho 1982,36.2,80.83854930403693
RandomForest,LeaveOneSourceOut,85,423,Roberts and Ho 1982,50.9,80.92914357847269
RandomForest,LeaveOneSourceOut,85,424,Roberts and Ho 1982,54.2,106.0139763149508
RandomForest,LeaveOneSourceOut,85,425,Roberts and Ho 1982,81.2,203.59423898246135
RandomForest,LeaveOneSourceOut,85,426,Roberts and Ho 1982,107.6,218.45639154042192
RandomForest,LeaveOneSourceOut,86,64,Rosenbusch and Teutsch,279.76,233.08894198692272
RandomForest,LeaveOneSourceOut,87,65,Rosenbusch and Teutsch 2003,299.52,200.63493853260564
RandomForest,LeaveOneSourceOut,87,66,Rosenbusch and Teutsch 2003,107.63999999999999,146.27386202069258
RandomForest,LeaveOneSourceOut,87,67,Rosenbusch and Teutsch 2003,144.04,150.458766085872
RandomForest,LeaveOneSourceOut,87,68,Rosenbusch and Teutsch 2003,81.64,111.16011663691783
RandomForest,LeaveOneSourceOut,87,69,Rosenbusch and Teutsch 2003,107.12,114.52044754451425
RandomForest,LeaveOneSourceOut,87,70,Rosenbusch and Teutsch 2003,243.8,130.28124470763728
RandomForest,LeaveOneSourceOut,87,71,Rosenbusch and Teutsch 2003,252.08,130.0292487374995
RandomForest,LeaveOneSourceOut,87,72,Rosenbusch and Teutsch 2003,258.52,130.28124470763728
RandomForest,LeaveOneSourceOut,87,73,Rosenbusch and Teutsch 2003,263.12,130.28124470763728
RandomForest,LeaveOneSourceOut,87,74,Rosenbusch and Teutsch 2003,109.72,281.1042642372222
RandomForest,LeaveOneSourceOut,87,75,Rosenbusch and Teutsch 2003,120.12,274.44204945753097
RandomForest,LeaveOneSourceOut,87,76,Rosenbusch and Teutsch 2003,154.96,358.16763609322265
RandomForest,LeaveOneSourceOut,87,77,Rosenbusch and Teutsch 2003,110.76,150.6187262886663
RandomForest,LeaveOneSourceOut,87,78,Rosenbusch and Teutsch 2003,131.55999999999997,150.4305824254874
RandomForest,LeaveOneSourceOut,87,79,Rosenbusch and Teutsch 2003,153.36,166.37793668066158
RandomForest,LeaveOneSourceOut,87,80,Rosenbusch and Teutsch 2003,229.59999999999997,153.7907618864033
RandomForest,LeaveOneSourceOut,87,81,Rosenbusch and Teutsch 2003,82.16,170.63189271950947
RandomForest,LeaveOneSourceOut,87,82,Rosenbusch and Teutsch 2003,117.0,157.9369670025605
RandomForest,LeaveOneSourceOut,88,32,Sahoo & Sharma,143.0398642916827,96.15331734746425
RandomForest,LeaveOneSourceOut,89,33,Sahoo & Sharma 2014,108.46180962464278,157.2862729630417
RandomForest,LeaveOneSourceOut,89,34,Sahoo & Sharma 2014,93.20518373755829,126.1257299934624
RandomForest,LeaveOneSourceOut,89,35,Sahoo & Sharma 2014,113.58677486966627,122.0215095700125
RandomForest,LeaveOneSourceOut,90,83,Sahoo et al,148.0,170.7870001935689
RandomForest,LeaveOneSourceOut,91,84,Sahoo et al 2016,98.0,149.09312789187769
RandomForest,LeaveOneSourceOut,91,85,Sahoo et al 2016,84.0,163.51605300213117
RandomForest,LeaveOneSourceOut,92,474,Shoaib 2012,277.0,250.1953816473928
RandomForest,LeaveOneSourceOut,92,475,Shoaib 2012,457.5,220.77101798213687
RandomForest,LeaveOneSourceOut,92,476,Shoaib 2012,248.0,160.2027043198719
RandomForest,LeaveOneSourceOut,92,477,Shoaib 2012,238.0,183.25937588178783
RandomForest,LeaveOneSourceOut,92,478,Shoaib 2012,440.0,273.33322590528684
RandomForest,LeaveOneSourceOut,92,479,Shoaib 2012,479.0,137.6136248549881
RandomForest,LeaveOneSourceOut,92,480,Shoaib 2012,484.0,174.65840403641073
RandomForest,LeaveOneSourceOut,92,481,Shoaib 2012,632.5,123.59296750649425
RandomForest,LeaveOneSourceOut,92,482,Shoaib 2012,630.5,150.55347142392594
RandomForest,LeaveOneSourceOut,93,36,"Shoaib, Lubell and Bindiganavile",202.5,156.53762006809714
RandomForest,LeaveOneSourceOut,93,472,"Shoaib, Lubell and Bindiganavile",210.0,209.45179333265833
RandomForest,LeaveOneSourceOut,94,473,"Shoaib, Lubell and Bindiganavile 2014",280.0,308.539657596591
RandomForest,LeaveOneSourceOut,95,37,"Shoaib, Lubell and Bindiganavile 2015",297.5,173.96516013459566
RandomForest,LeaveOneSourceOut,95,38,"Shoaib, Lubell and Bindiganavile 2015",306.0,73.8421093543624
RandomForest,LeaveOneSourceOut,96,0,Singh & Jain,112.95,101.48717066573454
RandomForest,LeaveOneSourceOut,97,1,Singh & Jain 2014,79.065,156.59154760574387
RandomForest,LeaveOneSourceOut,97,2,Singh & Jain 2014,109.185,159.3191013978703
RandomForest,LeaveOneSourceOut,97,3,Singh & Jain 2014,123.49199999999999,154.38147538883138
RandomForest,LeaveOneSourceOut,97,4,Singh & Jain 2014,111.0675,155.65420723617288
RandomForest,LeaveOneSourceOut,97,5,Singh & Jain 2014,131.022,151.52344790758866
RandomForest,LeaveOneSourceOut,97,6,Singh & Jain 2014,64.758,175.21696285274055
RandomForest,LeaveOneSourceOut,97,7,Singh & Jain 2014,77.1825,173.6638337750536
RandomForest,LeaveOneSourceOut,97,8,Singh & Jain 2014,91.113,178.77474601300366
RandomForest,LeaveOneSourceOut,97,9,Singh & Jain 2014,101.655,176.54607602134956
RandomForest,LeaveOneSourceOut,97,10,Singh & Jain 2014,115.962,160.82346778506064
RandomForest,LeaveOneSourceOut,97,11,Singh & Jain 2014,104.66699999999999,163.4206923120971
RandomForest,LeaveOneSourceOut,97,12,Singh & Jain 2014,112.95,712.5861552490962
RandomForest,LeaveOneSourceOut,97,13,Singh & Jain 2014,125.751,710.8272267780451
RandomForest,LeaveOneSourceOut,97,14,Singh & Jain 2014,144.1995,564.3488085001748
RandomForest,LeaveOneSourceOut,97,15,Singh & Jain 2014,165.66,562.3016609437658
RandomForest,LeaveOneSourceOut,97,16,Singh & Jain 2014,195.40350000000004,549.3779438889385
RandomForest,LeaveOneSourceOut,97,17,Singh & Jain 2014,160.0125,573.5391345949688
RandomForest,LeaveOneSourceOut,97,18,Singh & Jain 2014,127.6335,372.1612653582193
RandomForest,LeaveOneSourceOut,97,19,Singh & Jain 2014,152.106,399.33701140130495
RandomForest,LeaveOneSourceOut,97,20,Singh & Jain 2014,146.4585,605.4575407010167
RandomForest,LeaveOneSourceOut,97,21,Singh & Jain 2014,178.08450000000002,609.2225348105721
RandomForest,LeaveOneSourceOut,97,22,Singh & Jain 2014,128.01,528.5347644025375
RandomForest,LeaveOneSourceOut,97,23,Singh & Jain 2014,157.0005,532.9306228876417
RandomForest,LeaveOneSourceOut,97,24,Singh & Jain 2014,78.6885,79.57524137622406
RandomForest,LeaveOneSourceOut,97,25,Singh & Jain 2014,77.9355,79.54331887622406
RandomForest,LeaveOneSourceOut,97,26,Singh & Jain 2014,98.643,72.69368635733154
RandomForest,LeaveOneSourceOut,97,27,Singh & Jain 2014,81.324,72.69368635733154
RandomForest,LeaveOneSourceOut,97,28,Singh & Jain 2014,99.396,88.6802615990871
RandomForest,LeaveOneSourceOut,97,29,Singh & Jain 2014,100.149,92.29221005001912
RandomForest,LeaveOneSourceOut,97,30,Singh & Jain 2014,110.3145,79.611688013371
RandomForest,LeaveOneSourceOut,97,31,Singh & Jain 2014,103.91399999999999,82.52034294191301
RandomForest,LeaveOneSourceOut,98,434,Spinella et al,113.75,317.8801458138105
RandomForest,LeaveOneSourceOut,99,435,Spinella et al 2012,140.8,270.6331419276101
RandomForest,LeaveOneSourceOut,100,347,Swamy and Bahia,79.5,49.7046843985163
RandomForest,LeaveOneSourceOut,101,348,Swamy and Bahia 1985,114.0,57.65881638033261
RandomForest,LeaveOneSourceOut,101,349,Swamy and Bahia 1985,115.0,59.121636426357256
RandomForest,LeaveOneSourceOut,101,350,Swamy and Bahia 1985,118.2,49.68244773979926
RandomForest,LeaveOneSourceOut,101,351,Swamy and Bahia 1985,69.0,57.283663304240655
RandomForest,LeaveOneSourceOut,102,291,Swamy et al,80.3,90.6929490670232
RandomForest,LeaveOneSourceOut,103,292,Swamy et al 1993,59.0,73.72981063563256
RandomForest,LeaveOneSourceOut,103,293,Swamy et al 1993,42.5,93.1044801348911
RandomForest,LeaveOneSourceOut,103,294,Swamy et al 1993,71.9,94.20449989333818
RandomForest,LeaveOneSourceOut,103,295,Swamy et al 1993,45.6,87.45194137588044
RandomForest,LeaveOneSourceOut,103,296,Swamy et al 1993,42.8,83.65484607000445
RandomForest,LeaveOneSourceOut,103,297,Swamy et al 1993,67.8,81.77845393874559
RandomForest,LeaveOneSourceOut,104,88,Tahenni et al,42.0,52.6770585061148
RandomForest,LeaveOneSourceOut,105,89,Tahenni et al 2016,44.31,76.64749102553624
RandomForest,LeaveOneSourceOut,105,90,Tahenni et al 2016,43.02,76.64749102553624
RandomForest,LeaveOneSourceOut,105,91,Tahenni et al 2016,44.95,104.70117085006694
RandomForest,LeaveOneSourceOut,105,92,Tahenni et al 2016,47.62,104.70117085006694
RandomForest,LeaveOneSourceOut,105,93,Tahenni et al 2016,42.85,104.70117085006694
RandomForest,LeaveOneSourceOut,105,94,Tahenni et al 2016,49.35,114.65588874090469
RandomForest,LeaveOneSourceOut,105,95,Tahenni et al 2016,52.28,114.65588874090469
RandomForest,LeaveOneSourceOut,105,96,Tahenni et al 2016,45.0,114.65588874090469
RandomForest,LeaveOneSourceOut,106,248,Tan et al,218.0,150.04085748868164
RandomForest,LeaveOneSourceOut,107,249,Tan et al 1993,180.9,129.36005343869132
RandomForest,LeaveOneSourceOut,107,250,Tan et al 1993,210.3,130.4230351204082
RandomForest,LeaveOneSourceOut,107,251,Tan et al 1993,154.2,109.85851754246231
RandomForest,LeaveOneSourceOut,107,252,Tan et al 1993,307.0,145.7847769567212
RandomForest,LeaveOneSourceOut,108,464,Yoo & Yang,410.5,772.2676763900084
RandomForest,LeaveOneSourceOut,109,465,Yoo & Yang 2018,793.0,305.1817573539516
RandomForest,LeaveOneSourceOut,109,466,Yoo & Yang 2018,1430.0,272.77776971791604
RandomForest,LeaveOneSourceOut,110,469,Zamanzadeh et al,81.29,274.20469092867273
RandomForest,LeaveOneSourceOut,111,470,Zamanzadeh et al 2015,95.81,201.31200572889225
RandomForest,LeaveOneSourceOut,111,471,Zamanzadeh et al 2015,109.172,131.5318757187496
RandomForest,LeaveOneSourceOut,112,195,Zarrinpour and Chao,120.0,298.6454909838506
RandomForest,LeaveOneSourceOut,113,196,Zarrinpour and Chao 2017,478.0,121.92543512073348
RandomForest,LeaveOneSourceOut,113,197,Zarrinpour and Chao 2017,161.0,186.10074614056603
RandomForest,LeaveOneSourceOut,113,198,Zarrinpour and Chao 2017,194.0,186.10074614056603
RandomForest,LeaveOneSourceOut,113,199,Zarrinpour and Chao 2017,267.0,166.6474858871334
RandomForest,LeaveOneSourceOut,113,200,Zarrinpour and Chao 2017,380.0,166.6474858871334
RandomForest,LeaveOneSourceOut,113,201,Zarrinpour and Chao 2017,683.0,168.19946862838765
RandomForest,LeaveOneSourceOut,113,202,Zarrinpour and Chao 2017,704.0,168.19946862838765
RandomForest,LeaveOneSourceOut,113,203,Zarrinpour and Chao 2017,1045.0,167.59577246868753
RandomForest,LeaveOneSourceOut,113,204,Zarrinpour and Chao 2017,1008.0,167.59577246868753
RandomForest,LeaveOneSourceOut,114,257,"sharma, 1986",122.6,176.18586403605832
RandomForest,LeaveOneSourceOut,115,406,"shin, oh, ghosh",119.7,124.38654153821194
RandomForest,LeaveOneSourceOut,116,407,"shin, oh, ghosh 1994",129.5,233.5437883098016
RandomForest,LeaveOneSourceOut,116,408,"shin, oh, ghosh 1994",55.825,200.5337703039636
RandomForest,LeaveOneSourceOut,116,409,"shin, oh, ghosh 1994",71.74999999999999,259.4110473042856
RandomForest,LeaveOneSourceOut,116,410,"shin, oh, ghosh 1994",48.65,146.20704848740087
RandomForest,LeaveOneSourceOut,116,411,"shin, oh, ghosh 1994",60.2,184.52936887842864
RandomForest,LeaveOneSourceOut,117,395,zhao et al,112.535,120.2764905297903
RandomForest,LeaveOneSourceOut,118,396,zhao et al 2018,138.06,106.62842558055208
RandomForest,LeaveOneSourceOut,118,397,zhao et al 2018,155.45,113.4985359320347
RandomForest,LeaveOneSourceOut,118,398,zhao et al 2018,148.805,113.16077601787781
GradientBoosting,RandomKFold,1,0,random_fold,112.95,163.75517792986702
GradientBoosting,RandomKFold,1,9,random_fold,101.655,134.5279979381529
GradientBoosting,RandomKFold,1,11,random_fold,104.66699999999999,114.77091802466673
GradientBoosting,RandomKFold,1,18,random_fold,127.6335,149.20389355545595
GradientBoosting,RandomKFold,1,30,random_fold,110.3145,76.79365717779031
GradientBoosting,RandomKFold,1,33,random_fold,108.46180962464278,156.54172048062205
GradientBoosting,RandomKFold,1,55,random_fold,148.25472,150.01918086765426
GradientBoosting,RandomKFold,1,63,random_fold,178.94807999999998,164.70909265241932
GradientBoosting,RandomKFold,1,68,random_fold,81.64,114.27839892081026
GradientBoosting,RandomKFold,1,72,random_fold,258.52,192.59486165118068
GradientBoosting,RandomKFold,1,78,random_fold,131.55999999999997,176.03870959290052
GradientBoosting,RandomKFold,1,79,random_fold,153.36,177.09412077743747
GradientBoosting,RandomKFold,1,82,random_fold,117.0,183.59494589514082
GradientBoosting,RandomKFold,1,84,random_fold,98.0,143.22694488532943
GradientBoosting,RandomKFold,1,93,random_fold,42.85,112.02309001837084
GradientBoosting,RandomKFold,1,104,random_fold,21.7685,62.39906370934833
GradientBoosting,RandomKFold,1,132,random_fold,67.575,115.59972895893895
GradientBoosting,RandomKFold,1,153,random_fold,222.21247892074197,224.66638052471706
GradientBoosting,RandomKFold,1,155,random_fold,418.04721753794263,248.55742523586392
GradientBoosting,RandomKFold,1,195,random_fold,120.0,430.14888599137504
GradientBoosting,RandomKFold,1,199,random_fold,267.0,478.7043518480314
GradientBoosting,RandomKFold,1,225,random_fold,318.0,313.02728361103857
GradientBoosting,RandomKFold,1,244,random_fold,53.2125,106.73579620427732
GradientBoosting,RandomKFold,1,250,random_fold,210.3,112.605285730171
GradientBoosting,RandomKFold,1,253,random_fold,340.0,403.69368343113644
GradientBoosting,RandomKFold,1,272,random_fold,66.32448,61.12965752109559
GradientBoosting,RandomKFold,1,284,random_fold,25.2603,116.06601539216476
GradientBoosting,RandomKFold,1,307,random_fold,95.2,86.26321941241069
GradientBoosting,RandomKFold,1,311,random_fold,186.7,230.44377979154902
GradientBoosting,RandomKFold,1,365,random_fold,32.90788965517241,35.44720833269855
GradientBoosting,RandomKFold,1,369,random_fold,28.30786206896552,35.44720833269855
GradientBoosting,RandomKFold,1,375,random_fold,27.06939310344828,15.408518230899286
GradientBoosting,RandomKFold,1,383,random_fold,36.62329655172413,77.07279368779332
GradientBoosting,RandomKFold,1,402,random_fold,40.050000000000004,46.84989408689017
GradientBoosting,RandomKFold,1,421,random_fold,32.8,56.03402706128903
GradientBoosting,RandomKFold,1,426,random_fold,107.6,121.89448947148692
GradientBoosting,RandomKFold,1,427,random_fold,30.5,85.46744404387269
GradientBoosting,RandomKFold,1,430,random_fold,47.5,96.10876296598268
GradientBoosting,RandomKFold,1,434,random_fold,113.75,253.67529957505732
GradientBoosting,RandomKFold,1,437,random_fold,43.33,107.1641871019505
GradientBoosting,RandomKFold,1,441,random_fold,59.0,174.1651872542763
GradientBoosting,RandomKFold,1,442,random_fold,73.145,86.78567178674965
GradientBoosting,RandomKFold,1,450,random_fold,42.03,53.69534616662576
GradientBoosting,RandomKFold,1,471,random_fold,109.172,120.82044297607669
GradientBoosting,RandomKFold,1,478,random_fold,440.0,334.7428306567136
GradientBoosting,RandomKFold,1,479,random_fold,479.0,296.37137625046853
GradientBoosting,RandomKFold,1,482,random_fold,630.5,313.265387960618
GradientBoosting,RandomKFold,1,483,random_fold,371.5,520.6273429908067
GradientBoosting,RandomKFold,1,485,random_fold,126.21090909090908,132.53119035929097
GradientBoosting,RandomKFold,2,15,random_fold,165.66,170.2508202556676
GradientBoosting,RandomKFold,2,19,random_fold,152.106,159.26661553411753
GradientBoosting,RandomKFold,2,39,random_fold,117.845,174.27786623147767
GradientBoosting,RandomKFold,2,56,random_fold,188.79312,186.985151434115
GradientBoosting,RandomKFold,2,70,random_fold,243.8,151.1324308096819
GradientBoosting,RandomKFold,2,73,random_fold,263.12,151.1324308096819
GradientBoosting,RandomKFold,2,75,random_fold,120.12,189.8096916488422
GradientBoosting,RandomKFold,2,76,random_fold,154.96,325.3029216451752
GradientBoosting,RandomKFold,2,77,random_fold,110.76,186.0020281652648
GradientBoosting,RandomKFold,2,86,random_fold,274.0,141.3222623666011
GradientBoosting,RandomKFold,2,90,random_fold,43.02,72.15222638741413
GradientBoosting,RandomKFold,2,101,random_fold,22.8735,52.55299876932209
GradientBoosting,RandomKFold,2,117,random_fold,53.55,78.41082694520026
GradientBoosting,RandomKFold,2,124,random_fold,67.473,82.73330350204128
GradientBoosting,RandomKFold,2,126,random_fold,103.31325,137.07740865151175
GradientBoosting,RandomKFold,2,148,random_fold,334.5177065767285,288.7752240555965
GradientBoosting,RandomKFold,2,154,random_fold,432.035413153457,251.3787185603254
GradientBoosting,RandomKFold,2,172,random_fold,247.0,174.48653938919747
GradientBoosting,RandomKFold,2,175,random_fold,35.4,97.23389436177541
GradientBoosting,RandomKFold,2,182,random_fold,67.4,182.55960707297456
GradientBoosting,RandomKFold,2,185,random_fold,49.4,161.52223817601353
GradientBoosting,RandomKFold,2,192,random_fold,45.0,31.117352732003056
GradientBoosting,RandomKFold,2,193,random_fold,60.0,110.59111514898254
GradientBoosting,RandomKFold,2,208,random_fold,262.0,278.015287756642
GradientBoosting,RandomKFold,2,211,random_fold,363.0,278.6084321855868
GradientBoosting,RandomKFold,2,220,random_fold,292.0,320.57357622446455
GradientBoosting,RandomKFold,2,227,random_fold,266.0,234.69352657018635
GradientBoosting,RandomKFold,2,261,random_fold,396.0,348.08922782353955
GradientBoosting,RandomKFold,2,271,random_fold,20.79117,43.60020948797949
GradientBoosting,RandomKFold,2,274,random_fold,61.40196,62.300327481050225
GradientBoosting,RandomKFold,2,297,random_fold,67.8,52.51621852323872
GradientBoosting,RandomKFold,2,304,random_fold,60.9,69.32641686111111
GradientBoosting,RandomKFold,2,310,random_fold,169.5,191.9371460727482
GradientBoosting,RandomKFold,2,316,random_fold,90.85,142.40825082363153
GradientBoosting,RandomKFold,2,324,random_fold,151.35,139.23848692825084
GradientBoosting,RandomKFold,2,325,random_fold,130.65,88.22320514092611
GradientBoosting,RandomKFold,2,336,random_fold,82.5,103.85482067859674
GradientBoosting,RandomKFold,2,376,random_fold,25.654,18.118158205952813
GradientBoosting,RandomKFold,2,377,random_fold,24.327068965517242,18.118158205952813
GradientBoosting,RandomKFold,2,398,random_fold,148.805,117.19292378676079
GradientBoosting,RandomKFold,2,399,random_fold,20.915000000000003,35.98925517166224
GradientBoosting,RandomKFold,2,406,random_fold,119.7,129.66416935326598
GradientBoosting,RandomKFold,2,408,random_fold,55.825,93.99353550491543
GradientBoosting,RandomKFold,2,411,random_fold,60.2,126.67748445434758
GradientBoosting,RandomKFold,2,422,random_fold,36.2,56.94224941888691
GradientBoosting,RandomKFold,2,428,random_fold,52.0,112.53960198413814
GradientBoosting,RandomKFold,2,429,random_fold,54.0,112.53960198413814
GradientBoosting,RandomKFold,2,432,random_fold,72.7,114.6896128334035
GradientBoosting,RandomKFold,2,473,random_fold,280.0,328.44147373870646
GradientBoosting,RandomKFold,3,5,random_fold,131.022,104.60419908871006
GradientBoosting,RandomKFold,3,16,random_fold,195.40350000000004,196.30228852242985
GradientBoosting,RandomKFold,3,17,random_fold,160.0125,199.87296059989455
GradientBoosting,RandomKFold,3,22,random_fold,128.01,188.5417357055571
GradientBoosting,RandomKFold,3,23,random_fold,157.0005,229.1892528293317
GradientBoosting,RandomKFold,3,24,random_fold,78.6885,67.22459190236863
GradientBoosting,RandomKFold,3,25,random_fold,77.9355,68.95649190236863
GradientBoosting,RandomKFold,3,31,random_fold,103.91399999999999,71.6891633434664
GradientBoosting,RandomKFold,3,42,random_fold,62.720000000000006,77.21404188047353
GradientBoosting,RandomKFold,3,45,random_fold,65.0,170.63446122192937
GradientBoosting,RandomKFold,3,46,random_fold,44.0,120.74958390610058
GradientBoosting,RandomKFold,3,57,random_fold,189.95136,192.69657941726868
GradientBoosting,RandomKFold,3,66,random_fold,107.63999999999999,114.47323880245824
GradientBoosting,RandomKFold,3,94,random_fold,49.35,86.07813295683503
GradientBoosting,RandomKFold,3,113,random_fold,38.0205,67.07138063100905
GradientBoosting,RandomKFold,3,116,random_fold,47.5456,65.01339467732114
GradientBoosting,RandomKFold,3,131,random_fold,107.06,99.32110438582325
GradientBoosting,RandomKFold,3,137,random_fold,168.98970037453182,192.99111605798444
GradientBoosting,RandomKFold,3,140,random_fold,196.05898876404495,183.22275538339846
GradientBoosting,RandomKFold,3,181,random_fold,82.6,126.25397662571235
GradientBoosting,RandomKFold,3,203,random_fold,1045.0,688.6871932760944
GradientBoosting,RandomKFold,3,209,random_fold,189.0,129.32544088234295
GradientBoosting,RandomKFold,3,210,random_fold,310.0,312.9576643290453
GradientBoosting,RandomKFold,3,218,random_fold,312.0,224.4273402832337
GradientBoosting,RandomKFold,3,222,random_fold,596.0,333.30550709231903
GradientBoosting,RandomKFold,3,229,random_fold,308.0,261.0427521875045
GradientBoosting,RandomKFold,3,234,random_fold,129.5375,193.82813835217834
GradientBoosting,RandomKFold,3,248,random_fold,218.0,97.39018841787873
GradientBoosting,RandomKFold,3,255,random_fold,114.0,78.61947218151926
GradientBoosting,RandomKFold,3,289,random_fold,79.01939999999999,81.18998255705088
GradientBoosting,RandomKFold,3,298,random_fold,276.0,206.0776179014391
GradientBoosting,RandomKFold,3,314,random_fold,153.5,181.58450533879514
GradientBoosting,RandomKFold,3,317,random_fold,105.6,166.0201742115034
GradientBoosting,RandomKFold,3,318,random_fold,148.9,175.1034280534755
GradientBoosting,RandomKFold,3,320,random_fold,144.1,150.2295527617759
GradientBoosting,RandomKFold,3,329,random_fold,155.0,296.03754437978716
GradientBoosting,RandomKFold,3,349,random_fold,115.0,46.8996272355907
GradientBoosting,RandomKFold,3,380,random_fold,33.70404827586207,16.705550692649336
GradientBoosting,RandomKFold,3,396,random_fold,138.06,121.61744149901908
GradientBoosting,RandomKFold,3,409,random_fold,71.74999999999999,147.46338383739212
GradientBoosting,RandomKFold,3,414,random_fold,208.79,305.1410558654553
GradientBoosting,RandomKFold,3,415,random_fold,211.83,178.09624299314942
GradientBoosting,RandomKFold,3,419,random_fold,133.5,148.46856543946365
GradientBoosting,RandomKFold,3,433,random_fold,81.15,163.1819412751662
GradientBoosting,RandomKFold,3,451,random_fold,21.345,81.46217220937505
GradientBoosting,RandomKFold,3,454,random_fold,22.0,42.19301246419846
GradientBoosting,RandomKFold,3,460,random_fold,200.6,331.3573157222056
GradientBoosting,RandomKFold,3,467,random_fold,79.0,101.36568526259498
GradientBoosting,RandomKFold,3,481,random_fold,632.5,332.7465741627324
GradientBoosting,RandomKFold,4,3,random_fold,123.49199999999999,115.9806006328584
GradientBoosting,RandomKFold,4,7,random_fold,77.1825,104.49077123991782
GradientBoosting,RandomKFold,4,26,random_fold,98.643,47.473693281461856
GradientBoosting,RandomKFold,4,29,random_fold,100.149,86.64053089292752
GradientBoosting,RandomKFold,4,37,random_fold,297.5,251.95567388021541
GradientBoosting,RandomKFold,4,60,random_fold,146.51736,161.1558972459862
GradientBoosting,RandomKFold,4,67,random_fold,144.04,159.347322173365
GradientBoosting,RandomKFold,4,74,random_fold,109.72,170.853930565093
GradientBoosting,RandomKFold,4,83,random_fold,148.0,197.97790213250718
GradientBoosting,RandomKFold,4,108,random_fold,28.8405,44.52803339093844
GradientBoosting,RandomKFold,4,109,random_fold,61.548500000000004,47.87393653512608
GradientBoosting,RandomKFold,4,110,random_fold,48.841,44.23899573152861
GradientBoosting,RandomKFold,4,114,random_fold,24.3712,36.62418738672411
GradientBoosting,RandomKFold,4,118,random_fold,51.94349999999999,76.86407031468009
GradientBoosting,RandomKFold,4,141,random_fold,191.0318352059925,221.37464983321473
GradientBoosting,RandomKFold,4,144,random_fold,218.4878277153558,185.9704761427294
GradientBoosting,RandomKFold,4,145,random_fold,192.57865168539325,166.35427145396022
GradientBoosting,RandomKFold,4,152,random_fold,264.97639123102863,198.4406718190997
GradientBoosting,RandomKFold,4,157,random_fold,290.5,186.1531179192459
GradientBoosting,RandomKFold,4,165,random_fold,129.0,109.35619698847452
GradientBoosting,RandomKFold,4,168,random_fold,136.0,118.12715098420462
GradientBoosting,RandomKFold,4,173,random_fold,328.0,150.24289402008094
GradientBoosting,RandomKFold,4,176,random_fold,77.2,102.5411297381128
GradientBoosting,RandomKFold,4,180,random_fold,147.5,174.44235879449434
GradientBoosting,RandomKFold,4,204,random_fold,1008.0,720.0948399888118
GradientBoosting,RandomKFold,4,228,random_fold,199.0,295.71012336129064
GradientBoosting,RandomKFold,4,238,random_fold,162.8625,183.76818330332463
GradientBoosting,RandomKFold,4,247,random_fold,78.74375,85.77698469991172
GradientBoosting,RandomKFold,4,265,random_fold,342.0,305.86538706767607
GradientBoosting,RandomKFold,4,312,random_fold,157.9,163.82764950105133
GradientBoosting,RandomKFold,4,334,random_fold,108.0,132.10391596866722
GradientBoosting,RandomKFold,4,340,random_fold,100.0,147.70738473638548
GradientBoosting,RandomKFold,4,354,random_fold,26.892468965517246,34.970191583607956
GradientBoosting,RandomKFold,4,357,random_fold,26.36169655172414,28.354930820215515
GradientBoosting,RandomKFold,4,361,random_fold,27.86555172413793,34.136827090191375
GradientBoosting,RandomKFold,4,367,random_fold,31.138648275862067,31.151708618927966
GradientBoosting,RandomKFold,4,371,random_fold,30.077103448275864,18.23708095037937
GradientBoosting,RandomKFold,4,384,random_fold,34.234820689655166,86.64194446062169
GradientBoosting,RandomKFold,4,393,random_fold,23.35398620689655,18.23708095037937
GradientBoosting,RandomKFold,4,397,random_fold,155.45,123.93357876210507
GradientBoosting,RandomKFold,4,400,random_fold,29.5035,35.236247013311946
GradientBoosting,RandomKFold,4,417,random_fold,135.725,144.33648510410478
GradientBoosting,RandomKFold,4,425,random_fold,81.2,135.39349744510443
GradientBoosting,RandomKFold,4,444,random_fold,40.53,55.833239693825554
GradientBoosting,RandomKFold,4,453,random_fold,20.0,19.473234192947594
GradientBoosting,RandomKFold,4,455,random_fold,21.5,29.944789318306324
GradientBoosting,RandomKFold,4,459,random_fold,17.5,7.6529311673790055
GradientBoosting,RandomKFold,4,465,random_fold,793.0,354.5222651972848
GradientBoosting,RandomKFold,4,486,random_fold,132.68290909090908,119.32834104183767
GradientBoosting,RandomKFold,5,6,random_fold,64.758,108.24424603123624
GradientBoosting,RandomKFold,5,10,random_fold,115.962,118.05272202005801
GradientBoosting,RandomKFold,5,36,random_fold,202.5,152.33632858768786
GradientBoosting,RandomKFold,5,38,random_fold,306.0,133.6424307975585
GradientBoosting,RandomKFold,5,59,random_fold,195.16344,140.80204051342523
GradientBoosting,RandomKFold,5,81,random_fold,82.16,113.8239695180115
GradientBoosting,RandomKFold,5,103,random_fold,35.6915,59.91461747348263
GradientBoosting,RandomKFold,5,111,random_fold,32.8185,35.087922664548316
GradientBoosting,RandomKFold,5,119,random_fold,52.80029999999999,67.39846835807465
GradientBoosting,RandomKFold,5,139,random_fold,148.4943820224719,173.91305636529447
GradientBoosting,RandomKFold,5,150,random_fold,341.31197301854974,250.05891943350355
GradientBoosting,RandomKFold,5,158,random_fold,351.5151515151515,218.86951002643377
GradientBoosting,RandomKFold,5,167,random_fold,136.5,172.07194255588104
GradientBoosting,RandomKFold,5,177,random_fold,138.0,190.07073564174948
GradientBoosting,RandomKFold,5,184,random_fold,63.7,112.41872886416525
GradientBoosting,RandomKFold,5,194,random_fold,86.0,126.03476804753697
GradientBoosting,RandomKFold,5,196,random_fold,478.0,146.9439298223823
GradientBoosting,RandomKFold,5,198,random_fold,194.0,219.243948883627
GradientBoosting,RandomKFold,5,231,random_fold,23.999375,29.545124907054003
GradientBoosting,RandomKFold,5,237,random_fold,342.3875,277.4342213885848
GradientBoosting,RandomKFold,5,245,random_fold,180.86875,185.31568727678754
GradientBoosting,RandomKFold,5,249,random_fold,180.9,121.88098600908206
GradientBoosting,RandomKFold,5,266,random_fold,344.0,240.23011203133746
GradientBoosting,RandomKFold,5,268,random_fold,333.0,319.3118386004096
GradientBoosting,RandomKFold,5,275,random_fold,50.65014,63.95975577458987
GradientBoosting,RandomKFold,5,277,random_fold,30.053279999999997,66.79492903917478
GradientBoosting,RandomKFold,5,280,random_fold,20.53209,48.806871096538515
GradientBoosting,RandomKFold,5,287,random_fold,15.73911,40.867963399731934
GradientBoosting,RandomKFold,5,290,random_fold,22.99335,100.46606576751506
GradientBoosting,RandomKFold,5,291,random_fold,80.3,55.898787103870696
GradientBoosting,RandomKFold,5,302,random_fold,247.0,191.20334163627263
GradientBoosting,RandomKFold,5,321,random_fold,146.75,116.81108151969083
GradientBoosting,RandomKFold,5,331,random_fold,300.0,251.37727851573376
GradientBoosting,RandomKFold,5,338,random_fold,100.0,128.8573214304413
GradientBoosting,RandomKFold,5,346,random_fold,162.0,105.31284572485187
GradientBoosting,RandomKFold,5,352,random_fold,27.86555172413793,37.595265615071405
GradientBoosting,RandomKFold,5,356,random_fold,28.13093793103448,37.61105163183561
GradientBoosting,RandomKFold,5,374,random_fold,25.830924137931035,20.31646009627561
GradientBoosting,RandomKFold,5,378,random_fold,22.28233142857143,20.31646009627561
GradientBoosting,RandomKFold,5,386,random_fold,41.84255862068966,95.37760836558402
GradientBoosting,RandomKFold,5,392,random_fold,24.238606896551723,20.31646009627561
GradientBoosting,RandomKFold,5,405,random_fold,32.93,44.59930634811255
GradientBoosting,RandomKFold,5,423,random_fold,50.9,79.47775714923465
GradientBoosting,RandomKFold,5,440,random_fold,58.0,163.65342984158846
GradientBoosting,RandomKFold,5,457,random_fold,20.0,8.252789390500345
GradientBoosting,RandomKFold,5,462,random_fold,32.725,209.13699579607874
GradientBoosting,RandomKFold,5,472,random_fold,210.0,215.52809080828985
GradientBoosting,RandomKFold,5,474,random_fold,277.0,379.71173678488924
GradientBoosting,RandomKFold,5,477,random_fold,238.0,235.81346920203615
GradientBoosting,RandomKFold,6,2,random_fold,109.185,123.67367331283972
GradientBoosting,RandomKFold,6,69,random_fold,107.12,124.56857757646435
GradientBoosting,RandomKFold,6,89,random_fold,44.31,94.63825522525475
GradientBoosting,RandomKFold,6,92,random_fold,47.62,122.8081582457742
GradientBoosting,RandomKFold,6,96,random_fold,45.0,89.50253291563926
GradientBoosting,RandomKFold,6,97,random_fold,32.708,36.33350316967441
GradientBoosting,RandomKFold,6,112,random_fold,32.2048,94.71955866332843
GradientBoosting,RandomKFold,6,122,random_fold,72.5067,84.8079213004498
GradientBoosting,RandomKFold,6,123,random_fold,76.5765,94.0648001580696
GradientBoosting,RandomKFold,6,125,random_fold,96.3819,136.5497155101425
GradientBoosting,RandomKFold,6,129,random_fold,134.885,104.62355904851847
GradientBoosting,RandomKFold,6,143,random_fold,172.08333333333334,200.53733151823081
GradientBoosting,RandomKFold,6,146,random_fold,189.48501872659176,179.82284660611987
GradientBoosting,RandomKFold,6,147,random_fold,362.893760539629,307.47344280961426
GradientBoosting,RandomKFold,6,163,random_fold,154.3,101.63828379432623
GradientBoosting,RandomKFold,6,179,random_fold,58.0,83.72504008249032
GradientBoosting,RandomKFold,6,183,random_fold,135.0,125.08856605679249
GradientBoosting,RandomKFold,6,202,random_fold,704.0,598.6311060750755
GradientBoosting,RandomKFold,6,219,random_fold,339.0,229.5317701962709
GradientBoosting,RandomKFold,6,223,random_fold,509.0,229.5317701962709
GradientBoosting,RandomKFold,6,239,random_fold,85.19375,123.8018765977565
GradientBoosting,RandomKFold,6,246,random_fold,104.275,104.79902845235328
GradientBoosting,RandomKFold,6,262,random_fold,393.0,364.92303507060774
GradientBoosting,RandomKFold,6,278,random_fold,25.84323,34.85428414837853
GradientBoosting,RandomKFold,6,281,random_fold,17.81175,34.98608032593727
GradientBoosting,RandomKFold,6,286,random_fold,20.46732,84.84599896504234
GradientBoosting,RandomKFold,6,294,random_fold,71.9,55.14651126916175
GradientBoosting,RandomKFold,6,296,random_fold,42.8,53.206671069481814
GradientBoosting,RandomKFold,6,299,random_fold,324.0,209.44247229197578
GradientBoosting,RandomKFold,6,301,random_fold,232.0,237.68889974734873
GradientBoosting,RandomKFold,6,322,random_fold,106.7,138.2186042618276
GradientBoosting,RandomKFold,6,323,random_fold,122.9,153.40420419951556
GradientBoosting,RandomKFold,6,332,random_fold,82.5,108.12188115529813
GradientBoosting,RandomKFold,6,333,random_fold,108.0,128.31466027613956
GradientBoosting,RandomKFold,6,342,random_fold,130.0,109.96188620880355
GradientBoosting,RandomKFold,6,347,random_fold,79.5,4.312936125138479
GradientBoosting,RandomKFold,6,353,random_fold,27.423241379310344,41.01900990325289
GradientBoosting,RandomKFold,6,358,random_fold,26.71554482758621,41.01900990325289
GradientBoosting,RandomKFold,6,360,random_fold,31.492496551724138,38.598256887068516
GradientBoosting,RandomKFold,6,368,random_fold,33.08481379310345,32.72789103315154
GradientBoosting,RandomKFold,6,373,random_fold,33.08481379310345,21.066264631741024
GradientBoosting,RandomKFold,6,388,random_fold,56.17341379310345,80.0066620019724
GradientBoosting,RandomKFold,6,391,random_fold,139.32775862068965,133.92976744556833
GradientBoosting,RandomKFold,6,407,random_fold,129.5,136.18630401946248
GradientBoosting,RandomKFold,6,410,random_fold,48.65,38.33165889867647
GradientBoosting,RandomKFold,6,412,random_fold,528.255,223.58086019811697
GradientBoosting,RandomKFold,6,456,random_fold,18.5,39.87007892780983
GradientBoosting,RandomKFold,6,463,random_fold,41.25,175.4733466657493
GradientBoosting,RandomKFold,6,469,random_fold,81.29,158.71351741226874
GradientBoosting,RandomKFold,7,12,random_fold,112.95,282.4671108208167
GradientBoosting,RandomKFold,7,28,random_fold,99.396,85.12781281612185
GradientBoosting,RandomKFold,7,35,random_fold,113.58677486966627,114.05065543466685
GradientBoosting,RandomKFold,7,41,random_fold,186.44500000000002,132.98540532549924
GradientBoosting,RandomKFold,7,44,random_fold,134.995,71.74095070205851
GradientBoosting,RandomKFold,7,51,random_fold,58.5,108.309898768605
GradientBoosting,RandomKFold,7,65,random_fold,299.52,194.29000679748893
GradientBoosting,RandomKFold,7,85,random_fold,84.0,159.24814660166206
GradientBoosting,RandomKFold,7,95,random_fold,52.28,95.96029283426863
GradientBoosting,RandomKFold,7,107,random_fold,40.7745,55.84105541592283
GradientBoosting,RandomKFold,7,115,random_fold,24.954300000000003,42.500251557455314
GradientBoosting,RandomKFold,7,120,random_fold,48.524800000000006,70.7842513449245
GradientBoosting,RandomKFold,7,127,random_fold,115.07355,133.90357684848271
GradientBoosting,RandomKFold,7,133,random_fold,58.37,89.63175846826181
GradientBoosting,RandomKFold,7,136,random_fold,159.70880149812734,198.22297590876897
GradientBoosting,RandomKFold,7,142,random_fold,189.48501872659176,227.09823129092567
GradientBoosting,RandomKFold,7,159,random_fold,351.5151515151515,170.95544178071248
GradientBoosting,RandomKFold,7,164,random_fold,198.0,114.95092649251269
GradientBoosting,RandomKFold,7,170,random_fold,194.0,163.68041501625922
GradientBoosting,RandomKFold,7,178,random_fold,138.0,185.40738603134386
GradientBoosting,RandomKFold,7,186,random_fold,75.0,62.17000217857959
GradientBoosting,RandomKFold,7,197,random_fold,161.0,228.04016977498478
GradientBoosting,RandomKFold,7,206,random_fold,295.0,426.0117969386121
GradientBoosting,RandomKFold,7,221,random_fold,445.0,323.1042091034403
GradientBoosting,RandomKFold,7,224,random_fold,251.0,224.54224467047354
GradientBoosting,RandomKFold,7,232,random_fold,15.05,13.591474337908826
GradientBoosting,RandomKFold,7,233,random_fold,244.29375,297.49583464870926
GradientBoosting,RandomKFold,7,240,random_fold,52.675,108.10852493872382
GradientBoosting,RandomKFold,7,242,random_fold,193.76875,182.72687947195564
GradientBoosting,RandomKFold,7,254,random_fold,531.0,276.0483482565818
GradientBoosting,RandomKFold,7,258,random_fold,350.0,358.7378129312471
GradientBoosting,RandomKFold,7,282,random_fold,12.82446,48.94434968780936
GradientBoosting,RandomKFold,7,283,random_fold,17.81175,144.80251172920998
GradientBoosting,RandomKFold,7,285,random_fold,79.01939999999999,58.144544687784254
GradientBoosting,RandomKFold,7,305,random_fold,79.4,62.727868017759825
GradientBoosting,RandomKFold,7,335,random_fold,144.0,199.38132644964637
GradientBoosting,RandomKFold,7,341,random_fold,120.0,137.43316434816356
GradientBoosting,RandomKFold,7,351,random_fold,69.0,65.95048408144739
GradientBoosting,RandomKFold,7,355,random_fold,28.13093793103448,26.438622519649037
GradientBoosting,RandomKFold,7,362,random_fold,25.123227586206898,37.12753510843383
GradientBoosting,RandomKFold,7,364,random_fold,27.95401379310345,37.12753510843383
GradientBoosting,RandomKFold,7,370,random_fold,26.892468965517246,37.12753510843383
GradientBoosting,RandomKFold,7,382,random_fold,32.46557931034483,14.416906357574414
GradientBoosting,RandomKFold,7,390,random_fold,145.07779310344827,136.61969870523663
GradientBoosting,RandomKFold,7,394,random_fold,26.00784827586207,16.635560337967426
GradientBoosting,RandomKFold,7,403,random_fold,28.7025,35.890046205615505
GradientBoosting,RandomKFold,7,439,random_fold,44.0,191.19257375399258
GradientBoosting,RandomKFold,7,449,random_fold,46.63,98.98448133861204
GradientBoosting,RandomKFold,7,475,random_fold,457.5,363.97576991025846
GradientBoosting,RandomKFold,8,4,random_fold,111.0675,122.23334058246651
GradientBoosting,RandomKFold,8,8,random_fold,91.113,110.12147784735494
GradientBoosting,RandomKFold,8,14,random_fold,144.1995,187.25597656809424
GradientBoosting,RandomKFold,8,27,random_fold,81.324,52.965921977533135
GradientBoosting,RandomKFold,8,32,random_fold,143.0398642916827,140.9968192740212
GradientBoosting,RandomKFold,8,40,random_fold,154.84,157.5797254712238
GradientBoosting,RandomKFold,8,47,random_fold,50.0,49.77191921772209
GradientBoosting,RandomKFold,8,61,random_fold,200.37552,156.03774272418406
GradientBoosting,RandomKFold,8,62,random_fold,175.47335999999999,178.51554100831797
GradientBoosting,RandomKFold,8,64,random_fold,279.76,203.82091885650632
GradientBoosting,RandomKFold,8,98,random_fold,29.5035,36.82142242619374
GradientBoosting,RandomKFold,8,100,random_fold,29.9455,47.587342344317605
GradientBoosting,RandomKFold,8,128,random_fold,115.50059999999999,139.472445845444
GradientBoosting,RandomKFold,8,135,random_fold,170.5365168539326,192.1675130571677
GradientBoosting,RandomKFold,8,138,random_fold,172.08333333333334,201.96991145813416
GradientBoosting,RandomKFold,8,156,random_fold,260.0,193.76965532000474
GradientBoosting,RandomKFold,8,162,random_fold,56.5,151.05677844201148
GradientBoosting,RandomKFold,8,171,random_fold,154.0,193.11507836669787
GradientBoosting,RandomKFold,8,200,random_fold,380.0,370.16477659350664
GradientBoosting,RandomKFold,8,207,random_fold,252.0,186.30936389114822
GradientBoosting,RandomKFold,8,213,random_fold,289.0,361.02137611258155
GradientBoosting,RandomKFold,8,215,random_fold,367.0,476.6915012171753
GradientBoosting,RandomKFold,8,216,random_fold,327.0,476.6915012171753
GradientBoosting,RandomKFold,8,226,random_fold,357.0,261.7000453831226
GradientBoosting,RandomKFold,8,230,random_fold,45.15,86.46388428839866
GradientBoosting,RandomKFold,8,236,random_fold,52.40625,76.15998858050465
GradientBoosting,RandomKFold,8,256,random_fold,204.0,137.22014455412818
GradientBoosting,RandomKFold,8,260,random_fold,361.0,377.4322998281896
GradientBoosting,RandomKFold,8,267,random_fold,294.0,350.9681690551551
GradientBoosting,RandomKFold,8,279,random_fold,23.446740000000002,24.074192597692733
GradientBoosting,RandomKFold,8,288,random_fold,36.53028,93.2942252663752
GradientBoosting,RandomKFold,8,292,random_fold,59.0,108.49005414157062
GradientBoosting,RandomKFold,8,300,random_fold,204.0,178.83260337353317
GradientBoosting,RandomKFold,8,326,random_fold,219.75,120.36227610674389
GradientBoosting,RandomKFold,8,327,random_fold,110.0,131.7192803228197
GradientBoosting,RandomKFold,8,337,random_fold,117.0,197.81489315412625
GradientBoosting,RandomKFold,8,379,random_fold,31.404034482758618,14.237894817451819
GradientBoosting,RandomKFold,8,381,random_fold,30.077103448275864,14.237894817451819
GradientBoosting,RandomKFold,8,395,random_fold,112.535,112.32636854213382
GradientBoosting,RandomKFold,8,404,random_fold,24.475,38.12887125856738
GradientBoosting,RandomKFold,8,416,random_fold,252.8325,154.13948048757035
GradientBoosting,RandomKFold,8,418,random_fold,144.625,126.02305774874989
GradientBoosting,RandomKFold,8,420,random_fold,137.95000000000002,122.43598087054968
GradientBoosting,RandomKFold,8,424,random_fold,54.2,108.7374787256305
GradientBoosting,RandomKFold,8,436,random_fold,42.5,156.3037541568149
GradientBoosting,RandomKFold,8,438,random_fold,45.0,92.56686355280756
GradientBoosting,RandomKFold,8,448,random_fold,44.46,62.80169706207709
GradientBoosting,RandomKFold,8,452,random_fold,51.06,75.37609922431196
GradientBoosting,RandomKFold,8,464,random_fold,410.5,638.3845185175963
GradientBoosting,RandomKFold,9,1,random_fold,79.065,158.67885881684683
GradientBoosting,RandomKFold,9,13,random_fold,125.751,309.6417953908215
GradientBoosting,RandomKFold,9,34,random_fold,93.20518373755829,105.15594400828269
GradientBoosting,RandomKFold,9,43,random_fold,79.38,95.04494595871579
GradientBoosting,RandomKFold,9,49,random_fold,32.5,100.76397331533587
GradientBoosting,RandomKFold,9,52,random_fold,42.5,61.855241023452145
GradientBoosting,RandomKFold,9,53,random_fold,35.0,87.1651524518097
GradientBoosting,RandomKFold,9,80,random_fold,229.59999999999997,165.2545661670147
GradientBoosting,RandomKFold,9,88,random_fold,42.0,87.40030891379115
GradientBoosting,RandomKFold,9,91,random_fold,44.95,101.99750888251161
GradientBoosting,RandomKFold,9,105,random_fold,32.8185,59.90929128115685
GradientBoosting,RandomKFold,9,134,random_fold,74.49,134.60096927926728
GradientBoosting,RandomKFold,9,161,random_fold,47.5,83.40423177317658
GradientBoosting,RandomKFold,9,166,random_fold,114.5,123.41704709395952
GradientBoosting,RandomKFold,9,190,random_fold,60.0,87.07596448146487
GradientBoosting,RandomKFold,9,201,random_fold,683.0,595.7309021943424
GradientBoosting,RandomKFold,9,205,random_fold,299.0,313.43163918283324
GradientBoosting,RandomKFold,9,212,random_fold,407.0,327.2230744430014
GradientBoosting,RandomKFold,9,217,random_fold,264.0,232.57709201272067
GradientBoosting,RandomKFold,9,241,random_fold,374.90625,277.88797509687123
GradientBoosting,RandomKFold,9,251,random_fold,154.2,104.73482359240558
GradientBoosting,RandomKFold,9,259,random_fold,325.0,359.8900919175224
GradientBoosting,RandomKFold,9,263,random_fold,454.0,345.529351525475
GradientBoosting,RandomKFold,9,264,random_fold,404.0,332.54737150505656
GradientBoosting,RandomKFold,9,269,random_fold,16.51635,34.25708542144539
GradientBoosting,RandomKFold,9,273,random_fold,17.74698,46.02294437908601
GradientBoosting,RandomKFold,9,295,random_fold,45.6,89.25518018443906
GradientBoosting,RandomKFold,9,303,random_fold,237.0,218.58404932772032
GradientBoosting,RandomKFold,9,306,random_fold,84.3,59.80425315855686
GradientBoosting,RandomKFold,9,309,random_fold,178.8,215.78716121376092
GradientBoosting,RandomKFold,9,315,random_fold,170.6,208.27309503911314
GradientBoosting,RandomKFold,9,319,random_fold,115.45,106.04981852984918
GradientBoosting,RandomKFold,9,328,random_fold,120.0,136.7843437869981
GradientBoosting,RandomKFold,9,339,random_fold,120.0,65.03797351409403
GradientBoosting,RandomKFold,9,345,random_fold,162.0,81.37209109968781
GradientBoosting,RandomKFold,9,350,random_fold,118.2,58.22697510644339
GradientBoosting,RandomKFold,9,366,random_fold,33.08481379310345,32.58397869196603
GradientBoosting,RandomKFold,9,387,random_fold,39.454082758620686,92.93458191167328
GradientBoosting,RandomKFold,9,389,random_fold,76.962,79.62210240973972
GradientBoosting,RandomKFold,9,401,random_fold,29.5035,33.35939947744108
GradientBoosting,RandomKFold,9,431,random_fold,73.75,161.68575648008857
GradientBoosting,RandomKFold,9,446,random_fold,106.425,71.04947650556623
GradientBoosting,RandomKFold,9,447,random_fold,125.77,101.6884763763949
GradientBoosting,RandomKFold,9,461,random_fold,209.3,326.4485883673316
GradientBoosting,RandomKFold,9,468,random_fold,86.0,99.49439810729754
GradientBoosting,RandomKFold,9,470,random_fold,95.81,116.09690830025367
GradientBoosting,RandomKFold,9,476,random_fold,248.0,177.51522427136948
GradientBoosting,RandomKFold,9,480,random_fold,484.0,275.75208543544625
GradientBoosting,RandomKFold,10,20,random_fold,146.4585,243.05304869954645
GradientBoosting,RandomKFold,10,21,random_fold,178.08450000000002,243.05304869954645
GradientBoosting,RandomKFold,10,48,random_fold,39.0,50.567115072963155
GradientBoosting,RandomKFold,10,50,random_fold,42.5,73.20951067479275
GradientBoosting,RandomKFold,10,54,random_fold,171.99864000000002,188.8835688285878
GradientBoosting,RandomKFold,10,58,random_fold,217.74912,188.8835688285878
GradientBoosting,RandomKFold,10,71,random_fold,252.08,154.6004336381153
GradientBoosting,RandomKFold,10,87,random_fold,344.0,159.52163932006297
GradientBoosting,RandomKFold,10,99,random_fold,30.6085,26.77652701687203
GradientBoosting,RandomKFold,10,102,random_fold,21.437,28.293024788809138
GradientBoosting,RandomKFold,10,106,random_fold,51.051,43.22341872619224
GradientBoosting,RandomKFold,10,121,random_fold,58.476600000000005,74.46679626685777
GradientBoosting,RandomKFold,10,130,random_fold,144.16,222.3737710475466
GradientBoosting,RandomKFold,10,149,random_fold,348.50590219224284,273.957726304334
GradientBoosting,RandomKFold,10,151,random_fold,344.90893760539626,224.5193708847896
GradientBoosting,RandomKFold,10,160,random_fold,157.0,168.03220267274995
GradientBoosting,RandomKFold,10,169,random_fold,186.0,227.1861208359381
GradientBoosting,RandomKFold,10,174,random_fold,81.7,115.79263016765577
GradientBoosting,RandomKFold,10,187,random_fold,52.5,78.8225186277314
GradientBoosting,RandomKFold,10,188,random_fold,45.0,63.01257697026764
GradientBoosting,RandomKFold,10,189,random_fold,85.0,109.51338102843442
GradientBoosting,RandomKFold,10,191,random_fold,65.0,147.27730449737777
GradientBoosting,RandomKFold,10,214,random_fold,336.0,344.6138687432972
GradientBoosting,RandomKFold,10,235,random_fold,61.00625,102.03484849874708
GradientBoosting,RandomKFold,10,243,random_fold,94.33125,132.80923374576855
GradientBoosting,RandomKFold,10,252,random_fold,307.0,143.927891522799
GradientBoosting,RandomKFold,10,257,random_fold,122.6,144.73212316821596
GradientBoosting,RandomKFold,10,270,random_fold,50.5206,48.170577738047974
GradientBoosting,RandomKFold,10,276,random_fold,33.356550000000006,47.13661257046738
GradientBoosting,RandomKFold,10,293,random_fold,42.5,32.68232034379634
GradientBoosting,RandomKFold,10,308,random_fold,103.0,141.3167693896253
GradientBoosting,RandomKFold,10,313,random_fold,162.8,203.33656785077497
GradientBoosting,RandomKFold,10,330,random_fold,280.0,190.737825434117
GradientBoosting,RandomKFold,10,343,random_fold,157.5,122.59312384477849
GradientBoosting,RandomKFold,10,344,random_fold,147.5,107.4651333750914
GradientBoosting,RandomKFold,10,348,random_fold,114.0,37.62304821315181
GradientBoosting,RandomKFold,10,359,random_fold,31.580958620689653,32.418439327397266
GradientBoosting,RandomKFold,10,363,random_fold,29.54633103448276,32.418439327397266
GradientBoosting,RandomKFold,10,372,random_fold,30.16556551724138,23.497151345992187
GradientBoosting,RandomKFold,10,385,random_fold,33.08481379310345,85.35997431423871
GradientBoosting,RandomKFold,10,413,random_fold,284.405,260.95435511899666
GradientBoosting,RandomKFold,10,435,random_fold,140.8,242.83608123504013
GradientBoosting,RandomKFold,10,443,random_fold,86.84,113.29627005448559
GradientBoosting,RandomKFold,10,445,random_fold,50.895,93.79530371450468
GradientBoosting,RandomKFold,10,458,random_fold,22.5,31.45908621268359
GradientBoosting,RandomKFold,10,466,random_fold,1430.0,323.33807938048415
GradientBoosting,RandomKFold,10,484,random_fold,585.5,405.77994714563226
GradientBoosting,RandomKFold,10,487,random_fold,145.62763636363636,112.54942290533997
GradientBoosting,GroupKFold_Source,1,39,Manju et al.,117.845,153.09978693385804
GradientBoosting,GroupKFold_Source,1,45,Arslan et al,65.0,149.47497304930033
GradientBoosting,GroupKFold_Source,1,248,Tan et al,218.0,90.21753452943162
GradientBoosting,GroupKFold_Source,1,253,Pansuk et al,340.0,479.8656890079096
GradientBoosting,GroupKFold_Source,1,353,Batson et al 1972,27.423241379310344,55.159281931958304
GradientBoosting,GroupKFold_Source,1,354,Batson et al 1972,26.892468965517246,55.159281931958304
GradientBoosting,GroupKFold_Source,1,355,Batson et al 1972,28.13093793103448,22.42818694207044
GradientBoosting,GroupKFold_Source,1,356,Batson et al 1972,28.13093793103448,22.42818694207044
GradientBoosting,GroupKFold_Source,1,357,Batson et al 1972,26.36169655172414,22.42818694207044
GradientBoosting,GroupKFold_Source,1,358,Batson et al 1972,26.71554482758621,55.159281931958304
GradientBoosting,GroupKFold_Source,1,359,Batson et al 1972,31.580958620689653,66.96955956268827
GradientBoosting,GroupKFold_Source,1,360,Batson et al 1972,31.492496551724138,66.96955956268827
GradientBoosting,GroupKFold_Source,1,361,Batson et al 1972,27.86555172413793,66.96955956268827
GradientBoosting,GroupKFold_Source,1,362,Batson et al 1972,25.123227586206898,66.96955956268827
GradientBoosting,GroupKFold_Source,1,363,Batson et al 1972,29.54633103448276,66.96955956268827
GradientBoosting,GroupKFold_Source,1,364,Batson et al 1972,27.95401379310345,66.96955956268827
GradientBoosting,GroupKFold_Source,1,365,Batson et al 1972,32.90788965517241,71.98290416398059
GradientBoosting,GroupKFold_Source,1,366,Batson et al 1972,33.08481379310345,71.98290416398059
GradientBoosting,GroupKFold_Source,1,367,Batson et al 1972,31.138648275862067,71.98290416398059
GradientBoosting,GroupKFold_Source,1,368,Batson et al 1972,33.08481379310345,71.98290416398059
GradientBoosting,GroupKFold_Source,1,369,Batson et al 1972,28.30786206896552,66.96955956268827
GradientBoosting,GroupKFold_Source,1,370,Batson et al 1972,26.892468965517246,66.96955956268827
GradientBoosting,GroupKFold_Source,1,371,Batson et al 1972,30.077103448275864,33.71855874530953
GradientBoosting,GroupKFold_Source,1,372,Batson et al 1972,30.16556551724138,33.71855874530953
GradientBoosting,GroupKFold_Source,1,373,Batson et al 1972,33.08481379310345,33.71855874530953
GradientBoosting,GroupKFold_Source,1,374,Batson et al 1972,25.830924137931035,33.71855874530953
GradientBoosting,GroupKFold_Source,1,375,Batson et al 1972,27.06939310344828,33.71855874530953
GradientBoosting,GroupKFold_Source,1,376,Batson et al 1972,25.654,33.71855874530953
GradientBoosting,GroupKFold_Source,1,377,Batson et al 1972,24.327068965517242,15.806507438780352
GradientBoosting,GroupKFold_Source,1,378,Batson et al 1972,22.28233142857143,15.806507438780352
GradientBoosting,GroupKFold_Source,1,379,Batson et al 1972,31.404034482758618,29.892495406866434
GradientBoosting,GroupKFold_Source,1,380,Batson et al 1972,33.70404827586207,29.892495406866434
GradientBoosting,GroupKFold_Source,1,381,Batson et al 1972,30.077103448275864,29.892495406866434
GradientBoosting,GroupKFold_Source,1,382,Batson et al 1972,32.46557931034483,29.892495406866434
GradientBoosting,GroupKFold_Source,1,383,Batson et al 1972,36.62329655172413,72.27829291447362
GradientBoosting,GroupKFold_Source,1,384,Batson et al 1972,34.234820689655166,116.8851974845638
GradientBoosting,GroupKFold_Source,1,385,Batson et al 1972,33.08481379310345,116.8851974845638
GradientBoosting,GroupKFold_Source,1,386,Batson et al 1972,41.84255862068966,116.8851974845638
GradientBoosting,GroupKFold_Source,1,387,Batson et al 1972,39.454082758620686,116.8851974845638
GradientBoosting,GroupKFold_Source,1,388,Batson et al 1972,56.17341379310345,73.88886796468941
GradientBoosting,GroupKFold_Source,1,389,Batson et al 1972,76.962,78.91919277900303
GradientBoosting,GroupKFold_Source,1,390,Batson et al 1972,145.07779310344827,183.26837372193455
GradientBoosting,GroupKFold_Source,1,391,Batson et al 1972,139.32775862068965,183.26837372193455
GradientBoosting,GroupKFold_Source,1,392,Batson et al 1972,24.238606896551723,15.806507438780352
GradientBoosting,GroupKFold_Source,1,393,Batson et al 1972,23.35398620689655,15.806507438780352
GradientBoosting,GroupKFold_Source,1,394,Batson et al 1972,26.00784827586207,15.806507438780352
GradientBoosting,GroupKFold_Source,1,427,Hwang et al,30.5,58.91171973021303
GradientBoosting,GroupKFold_Source,1,461,Danygier and Savir 2010,209.3,327.54065399363657
GradientBoosting,GroupKFold_Source,1,462,Krassowska & Kosior-Kazberuk,32.725,222.2224992170164
GradientBoosting,GroupKFold_Source,2,1,Singh & Jain 2014,79.065,171.1675067817883
GradientBoosting,GroupKFold_Source,2,2,Singh & Jain 2014,109.185,99.36494409735812
GradientBoosting,GroupKFold_Source,2,3,Singh & Jain 2014,123.49199999999999,99.36494409735812
GradientBoosting,GroupKFold_Source,2,4,Singh & Jain 2014,111.0675,85.84678205654853
GradientBoosting,GroupKFold_Source,2,5,Singh & Jain 2014,131.022,99.36494409735812
GradientBoosting,GroupKFold_Source,2,6,Singh & Jain 2014,64.758,84.53987684451565
GradientBoosting,GroupKFold_Source,2,7,Singh & Jain 2014,77.1825,84.53987684451565
GradientBoosting,GroupKFold_Source,2,8,Singh & Jain 2014,91.113,126.14861395864847
GradientBoosting,GroupKFold_Source,2,9,Singh & Jain 2014,101.655,126.14861395864847
GradientBoosting,GroupKFold_Source,2,10,Singh & Jain 2014,115.962,83.0295141417814
GradientBoosting,GroupKFold_Source,2,11,Singh & Jain 2014,104.66699999999999,83.0295141417814
GradientBoosting,GroupKFold_Source,2,12,Singh & Jain 2014,112.95,451.64201051095074
GradientBoosting,GroupKFold_Source,2,13,Singh & Jain 2014,125.751,451.64201051095074
GradientBoosting,GroupKFold_Source,2,14,Singh & Jain 2014,144.1995,298.35050382985503
GradientBoosting,GroupKFold_Source,2,15,Singh & Jain 2014,165.66,298.35050382985503
GradientBoosting,GroupKFold_Source,2,16,Singh & Jain 2014,195.40350000000004,286.15019985601106
GradientBoosting,GroupKFold_Source,2,17,Singh & Jain 2014,160.0125,298.35050382985503
GradientBoosting,GroupKFold_Source,2,18,Singh & Jain 2014,127.6335,201.9457679179448
GradientBoosting,GroupKFold_Source,2,19,Singh & Jain 2014,152.106,201.9457679179448
GradientBoosting,GroupKFold_Source,2,20,Singh & Jain 2014,146.4585,336.95889376889676
GradientBoosting,GroupKFold_Source,2,21,Singh & Jain 2014,178.08450000000002,336.95889376889676
GradientBoosting,GroupKFold_Source,2,22,Singh & Jain 2014,128.01,256.1879778983351
GradientBoosting,GroupKFold_Source,2,23,Singh & Jain 2014,157.0005,256.1879778983351
GradientBoosting,GroupKFold_Source,2,24,Singh & Jain 2014,78.6885,11.844322741281767
GradientBoosting,GroupKFold_Source,2,25,Singh & Jain 2014,77.9355,11.844322741281767
GradientBoosting,GroupKFold_Source,2,26,Singh & Jain 2014,98.643,8.097678314685242
GradientBoosting,GroupKFold_Source,2,27,Singh & Jain 2014,81.324,8.097678314685242
GradientBoosting,GroupKFold_Source,2,28,Singh & Jain 2014,99.396,94.28738884726572
GradientBoosting,GroupKFold_Source,2,29,Singh & Jain 2014,100.149,94.28738884726572
GradientBoosting,GroupKFold_Source,2,30,Singh & Jain 2014,110.3145,85.45555922847382
GradientBoosting,GroupKFold_Source,2,31,Singh & Jain 2014,103.91399999999999,85.45555922847382
GradientBoosting,GroupKFold_Source,2,36,"Shoaib, Lubell and Bindiganavile",202.5,125.02118645816064
GradientBoosting,GroupKFold_Source,2,135,Dinh et al,170.5365168539326,185.49487136725907
GradientBoosting,GroupKFold_Source,2,162,Aoude et al 2012,56.5,84.04694617094627
GradientBoosting,GroupKFold_Source,2,163,Aoude et al 2012,154.3,75.57744742333672
GradientBoosting,GroupKFold_Source,2,164,Aoude et al 2012,198.0,94.80141665609284
GradientBoosting,GroupKFold_Source,2,175,Kang et al 2011,35.4,111.72290599881474
GradientBoosting,GroupKFold_Source,2,176,Kang et al 2011,77.2,124.19886741114234
GradientBoosting,GroupKFold_Source,2,205,Noghabai,299.0,263.79507639527407
GradientBoosting,GroupKFold_Source,2,225,Randl et al 2017,318.0,234.58867150023508
GradientBoosting,GroupKFold_Source,2,226,Randl et al 2017,357.0,234.58867150023508
GradientBoosting,GroupKFold_Source,2,227,Randl et al 2017,266.0,239.274264876189
GradientBoosting,GroupKFold_Source,2,228,Randl et al 2017,199.0,239.274264876189
GradientBoosting,GroupKFold_Source,2,229,Randl et al 2017,308.0,239.274264876189
GradientBoosting,GroupKFold_Source,2,230,Ashour et al,45.15,93.60171767475885
GradientBoosting,GroupKFold_Source,2,269,"Li, Ward, Hamza",16.51635,49.13107663258184
GradientBoosting,GroupKFold_Source,2,416,Huang et al 2005,252.8325,185.40457490511827
GradientBoosting,GroupKFold_Source,2,464,Yoo & Yang,410.5,506.7810615788997
GradientBoosting,GroupKFold_Source,2,472,"Shoaib, Lubell and Bindiganavile",210.0,201.26539742388965
GradientBoosting,GroupKFold_Source,3,64,Rosenbusch and Teutsch,279.76,180.0770243023536
GradientBoosting,GroupKFold_Source,3,89,Tahenni et al 2016,44.31,144.22345896621263
GradientBoosting,GroupKFold_Source,3,90,Tahenni et al 2016,43.02,144.22345896621263
GradientBoosting,GroupKFold_Source,3,91,Tahenni et al 2016,44.95,179.7624358148862
GradientBoosting,GroupKFold_Source,3,92,Tahenni et al 2016,47.62,179.7624358148862
GradientBoosting,GroupKFold_Source,3,93,Tahenni et al 2016,42.85,179.7624358148862
GradientBoosting,GroupKFold_Source,3,94,Tahenni et al 2016,49.35,164.03464033574974
GradientBoosting,GroupKFold_Source,3,95,Tahenni et al 2016,52.28,164.03464033574974
GradientBoosting,GroupKFold_Source,3,96,Tahenni et al 2016,45.0,164.03464033574974
GradientBoosting,GroupKFold_Source,3,98,Narayanan and Darwish 1987,29.5035,80.54992656617739
GradientBoosting,GroupKFold_Source,3,99,Narayanan and Darwish 1987,30.6085,79.74018984534817
GradientBoosting,GroupKFold_Source,3,100,Narayanan and Darwish 1987,29.9455,66.26642926089198
GradientBoosting,GroupKFold_Source,3,101,Narayanan and Darwish 1987,22.8735,66.26642926089198
GradientBoosting,GroupKFold_Source,3,102,Narayanan and Darwish 1987,21.437,65.45669254006279
GradientBoosting,GroupKFold_Source,3,103,Narayanan and Darwish 1987,35.6915,154.38682718458733
GradientBoosting,GroupKFold_Source,3,104,Narayanan and Darwish 1987,21.7685,115.12334291803303
GradientBoosting,GroupKFold_Source,3,105,Narayanan and Darwish 1987,32.8185,73.74576646015606
GradientBoosting,GroupKFold_Source,3,106,Narayanan and Darwish 1987,51.051,133.58674490255237
GradientBoosting,GroupKFold_Source,3,107,Narayanan and Darwish 1987,40.7745,133.58674490255237
GradientBoosting,GroupKFold_Source,3,108,Narayanan and Darwish 1987,28.8405,110.31680739370492
GradientBoosting,GroupKFold_Source,3,109,Narayanan and Darwish 1987,61.548500000000004,87.32338035224561
GradientBoosting,GroupKFold_Source,3,110,Narayanan and Darwish 1987,48.841,87.32338035224561
GradientBoosting,GroupKFold_Source,3,111,Narayanan and Darwish 1987,32.8185,19.717735406502808
GradientBoosting,GroupKFold_Source,3,112,Narayanan and Darwish 1987,32.2048,225.3627085562964
GradientBoosting,GroupKFold_Source,3,113,Narayanan and Darwish 1987,38.0205,283.4973440017674
GradientBoosting,GroupKFold_Source,3,114,Narayanan and Darwish 1987,24.3712,149.44378100452056
GradientBoosting,GroupKFold_Source,3,115,Narayanan and Darwish 1987,24.954300000000003,207.5784164499917
GradientBoosting,GroupKFold_Source,3,116,Narayanan and Darwish 1987,47.5456,162.2110109912375
GradientBoosting,GroupKFold_Source,3,117,Narayanan and Darwish 1987,53.55,243.974432497956
GradientBoosting,GroupKFold_Source,3,118,Narayanan and Darwish 1987,51.94349999999999,311.55829568776875
GradientBoosting,GroupKFold_Source,3,119,Narayanan and Darwish 1987,52.80029999999999,272.39450383375913
GradientBoosting,GroupKFold_Source,3,120,Narayanan and Darwish 1987,48.524800000000006,188.73522095485148
GradientBoosting,GroupKFold_Source,3,121,Narayanan and Darwish 1987,58.476600000000005,233.4663532985238
GradientBoosting,GroupKFold_Source,3,122,Narayanan and Darwish 1987,72.5067,209.879213846962
GradientBoosting,GroupKFold_Source,3,123,Narayanan and Darwish 1987,76.5765,301.5853600357344
GradientBoosting,GroupKFold_Source,3,124,Narayanan and Darwish 1987,67.473,262.42156818172475
GradientBoosting,GroupKFold_Source,3,174,Kang et al,81.7,110.83001852976041
GradientBoosting,GroupKFold_Source,3,177,Casanova & Rossi,138.0,186.75997420652487
GradientBoosting,GroupKFold_Source,3,179,Lim et al,58.0,70.09035543451837
GradientBoosting,GroupKFold_Source,3,195,Zarrinpour and Chao,120.0,346.5470743607589
GradientBoosting,GroupKFold_Source,3,249,Tan et al 1993,180.9,100.91197583174781
GradientBoosting,GroupKFold_Source,3,250,Tan et al 1993,210.3,84.0912887318113
GradientBoosting,GroupKFold_Source,3,251,Tan et al 1993,154.2,84.0912887318113
GradientBoosting,GroupKFold_Source,3,252,Tan et al 1993,307.0,111.23749279671873
GradientBoosting,GroupKFold_Source,3,325,Kang et al,130.65,99.44259790589173
GradientBoosting,GroupKFold_Source,3,399,Jindal,20.915000000000003,58.01913876593149
GradientBoosting,GroupKFold_Source,3,470,Zamanzadeh et al 2015,95.81,103.06320759440135
GradientBoosting,GroupKFold_Source,3,471,Zamanzadeh et al 2015,109.172,98.64858419613239
GradientBoosting,GroupKFold_Source,3,484,"Bae, Choi & Choi 2013",585.5,339.72257955350193
GradientBoosting,GroupKFold_Source,4,83,Sahoo et al,148.0,211.69868384941867
GradientBoosting,GroupKFold_Source,4,84,Sahoo et al 2016,98.0,155.6396807769372
GradientBoosting,GroupKFold_Source,4,85,Sahoo et al 2016,84.0,185.81491037551723
GradientBoosting,GroupKFold_Source,4,88,Tahenni et al,42.0,86.76512385337472
GradientBoosting,GroupKFold_Source,4,134,Lim and Oh 1999,74.49,169.3701842035924
GradientBoosting,GroupKFold_Source,4,161,Aoude et al,47.5,120.70352284702618
GradientBoosting,GroupKFold_Source,4,178,Casanova & Rossi 1999,138.0,187.98787452312828
GradientBoosting,GroupKFold_Source,4,270,"Li, Ward, Hamza 1992",50.5206,80.46636554122036
GradientBoosting,GroupKFold_Source,4,271,"Li, Ward, Hamza 1992",20.79117,125.03933367613197
GradientBoosting,GroupKFold_Source,4,272,"Li, Ward, Hamza 1992",66.32448,125.03933367613197
GradientBoosting,GroupKFold_Source,4,273,"Li, Ward, Hamza 1992",17.74698,249.10094620495397
GradientBoosting,GroupKFold_Source,4,274,"Li, Ward, Hamza 1992",61.40196,249.10094620495397
GradientBoosting,GroupKFold_Source,4,275,"Li, Ward, Hamza 1992",50.65014,294.9213267826178
GradientBoosting,GroupKFold_Source,4,276,"Li, Ward, Hamza 1992",33.356550000000006,280.722858857397
GradientBoosting,GroupKFold_Source,4,277,"Li, Ward, Hamza 1992",30.053279999999997,255.34319001224839
GradientBoosting,GroupKFold_Source,4,278,"Li, Ward, Hamza 1992",25.84323,255.34319001224839
GradientBoosting,GroupKFold_Source,4,279,"Li, Ward, Hamza 1992",23.446740000000002,254.4617146780195
GradientBoosting,GroupKFold_Source,4,280,"Li, Ward, Hamza 1992",20.53209,254.4617146780195
GradientBoosting,GroupKFold_Source,4,281,"Li, Ward, Hamza 1992",17.81175,254.4617146780195
GradientBoosting,GroupKFold_Source,4,282,"Li, Ward, Hamza 1992",12.82446,232.8822087806551
GradientBoosting,GroupKFold_Source,4,283,"Li, Ward, Hamza 1992",17.81175,268.16382145955964
GradientBoosting,GroupKFold_Source,4,284,"Li, Ward, Hamza 1992",25.2603,176.0730176311635
GradientBoosting,GroupKFold_Source,4,285,"Li, Ward, Hamza 1992",79.01939999999999,150.60709843044765
GradientBoosting,GroupKFold_Source,4,286,"Li, Ward, Hamza 1992",20.46732,150.60709843044765
GradientBoosting,GroupKFold_Source,4,287,"Li, Ward, Hamza 1992",15.73911,126.9600952113901
GradientBoosting,GroupKFold_Source,4,288,"Li, Ward, Hamza 1992",36.53028,158.96505274188013
GradientBoosting,GroupKFold_Source,4,289,"Li, Ward, Hamza 1992",79.01939999999999,132.68659433083798
GradientBoosting,GroupKFold_Source,4,290,"Li, Ward, Hamza 1992",22.99335,132.68659433083798
GradientBoosting,GroupKFold_Source,4,317,Greenough and Nehdi 2008,105.6,136.83161182921265
GradientBoosting,GroupKFold_Source,4,318,Greenough and Nehdi 2008,148.9,161.555136169933
GradientBoosting,GroupKFold_Source,4,319,Greenough and Nehdi 2008,115.45,111.31242018849271
GradientBoosting,GroupKFold_Source,4,320,Greenough and Nehdi 2008,144.1,168.46367416446213
GradientBoosting,GroupKFold_Source,4,321,Greenough and Nehdi 2008,146.75,173.78679081916036
GradientBoosting,GroupKFold_Source,4,322,Greenough and Nehdi 2008,106.7,113.75597631239462
GradientBoosting,GroupKFold_Source,4,323,Greenough and Nehdi 2008,122.9,168.46367416446213
GradientBoosting,GroupKFold_Source,4,324,Greenough and Nehdi 2008,151.35,189.89876816272616
GradientBoosting,GroupKFold_Source,4,400,Jindal 1984,29.5035,-5.441556668859044
GradientBoosting,GroupKFold_Source,4,401,Jindal 1984,29.5035,-6.32303200308794
GradientBoosting,GroupKFold_Source,4,402,Jindal 1984,40.050000000000004,85.6062123763153
GradientBoosting,GroupKFold_Source,4,403,Jindal 1984,28.7025,93.28498135937481
GradientBoosting,GroupKFold_Source,4,404,Jindal 1984,24.475,60.98960584526135
GradientBoosting,GroupKFold_Source,4,405,Jindal 1984,32.93,59.724365883772066
GradientBoosting,GroupKFold_Source,4,412,"Imam, Vandewalle, Mortelmans",528.255,261.7212916657566
GradientBoosting,GroupKFold_Source,4,438,Aoude and Cohen 2014,45.0,82.47059489344315
GradientBoosting,GroupKFold_Source,4,439,Aoude and Cohen 2014,44.0,235.43072061149502
GradientBoosting,GroupKFold_Source,4,440,Aoude and Cohen 2014,58.0,269.09658300728125
GradientBoosting,GroupKFold_Source,4,441,Aoude and Cohen 2014,59.0,260.5246135664611
GradientBoosting,GroupKFold_Source,4,486,Abdul-Zaher et al 2016,132.68290909090908,102.14025822122525
GradientBoosting,GroupKFold_Source,4,487,Abdul-Zaher et al 2016,145.62763636363636,109.9771320413229
GradientBoosting,GroupKFold_Source,5,0,Singh & Jain,112.95,126.85630494972636
GradientBoosting,GroupKFold_Source,5,86,Amin and Foster,274.0,127.78894957466693
GradientBoosting,GroupKFold_Source,5,126,Cucchiara et al 2004,103.31325,142.42574840598942
GradientBoosting,GroupKFold_Source,5,127,Cucchiara et al 2004,115.07355,131.75558118316235
GradientBoosting,GroupKFold_Source,5,128,Cucchiara et al 2004,115.50059999999999,131.75558118316235
GradientBoosting,GroupKFold_Source,5,130,Kwak et al 2002,144.16,200.92293013681
GradientBoosting,GroupKFold_Source,5,131,Kwak et al 2002,107.06,103.8479804046414
GradientBoosting,GroupKFold_Source,5,132,Kwak et al 2002,67.575,99.19407523973913
GradientBoosting,GroupKFold_Source,5,136,Dinh et al 2010,159.70880149812734,160.05222476192162
GradientBoosting,GroupKFold_Source,5,137,Dinh et al 2010,168.98970037453182,182.78709162025697
GradientBoosting,GroupKFold_Source,5,138,Dinh et al 2010,172.08333333333334,182.78709162025697
GradientBoosting,GroupKFold_Source,5,139,Dinh et al 2010,148.4943820224719,175.40948998619072
GradientBoosting,GroupKFold_Source,5,140,Dinh et al 2010,196.05898876404495,175.40948998619072
GradientBoosting,GroupKFold_Source,5,141,Dinh et al 2010,191.0318352059925,191.00134038556888
GradientBoosting,GroupKFold_Source,5,142,Dinh et al 2010,189.48501872659176,191.00134038556888
GradientBoosting,GroupKFold_Source,5,143,Dinh et al 2010,172.08333333333334,149.71240036965477
GradientBoosting,GroupKFold_Source,5,144,Dinh et al 2010,218.4878277153558,149.71240036965477
GradientBoosting,GroupKFold_Source,5,145,Dinh et al 2010,192.57865168539325,155.25563528623124
GradientBoosting,GroupKFold_Source,5,146,Dinh et al 2010,189.48501872659176,155.25563528623124
GradientBoosting,GroupKFold_Source,5,147,Dinh et al 2010,362.893760539629,151.91077980104924
GradientBoosting,GroupKFold_Source,5,148,Dinh et al 2010,334.5177065767285,151.91077980104924
GradientBoosting,GroupKFold_Source,5,149,Dinh et al 2010,348.50590219224284,118.82855776724212
GradientBoosting,GroupKFold_Source,5,150,Dinh et al 2010,341.31197301854974,118.82855776724212
GradientBoosting,GroupKFold_Source,5,151,Dinh et al 2010,344.90893760539626,144.5974155436966
GradientBoosting,GroupKFold_Source,5,152,Dinh et al 2010,264.97639123102863,114.16143002697255
GradientBoosting,GroupKFold_Source,5,153,Dinh et al 2010,222.21247892074197,114.16143002697255
GradientBoosting,GroupKFold_Source,5,154,Dinh et al 2010,432.035413153457,175.01024840946096
GradientBoosting,GroupKFold_Source,5,155,Dinh et al 2010,418.04721753794263,142.3305321247052
GradientBoosting,GroupKFold_Source,5,156,Lima Araujo et al,260.0,277.1296989548217
GradientBoosting,GroupKFold_Source,5,158,Casanova et al,351.5151515151515,48.65066095769007
GradientBoosting,GroupKFold_Source,5,159,Casanova et al 1997,351.5151515151515,44.39064969775303
GradientBoosting,GroupKFold_Source,5,160,Casanova et al 1997,157.0,206.0317660557305
GradientBoosting,GroupKFold_Source,5,196,Zarrinpour and Chao 2017,478.0,127.216431547907
GradientBoosting,GroupKFold_Source,5,197,Zarrinpour and Chao 2017,161.0,112.23526352320394
GradientBoosting,GroupKFold_Source,5,198,Zarrinpour and Chao 2017,194.0,112.23526352320394
GradientBoosting,GroupKFold_Source,5,199,Zarrinpour and Chao 2017,267.0,153.30246331981763
GradientBoosting,GroupKFold_Source,5,200,Zarrinpour and Chao 2017,380.0,153.30246331981763
GradientBoosting,GroupKFold_Source,5,201,Zarrinpour and Chao 2017,683.0,156.1106179460068
GradientBoosting,GroupKFold_Source,5,202,Zarrinpour and Chao 2017,704.0,156.1106179460068
GradientBoosting,GroupKFold_Source,5,203,Zarrinpour and Chao 2017,1045.0,153.30246331981763
GradientBoosting,GroupKFold_Source,5,204,Zarrinpour and Chao 2017,1008.0,153.30246331981763
GradientBoosting,GroupKFold_Source,5,257,"sharma, 1986",122.6,181.41055339252907
GradientBoosting,GroupKFold_Source,5,326,Kang et al 2012,219.75,112.96137832786754
GradientBoosting,GroupKFold_Source,5,454,Furlan and de Hanai 1997,22.0,23.602510777877864
GradientBoosting,GroupKFold_Source,5,455,Furlan and de Hanai 1997,21.5,23.602510777877864
GradientBoosting,GroupKFold_Source,5,456,Furlan and de Hanai 1997,18.5,23.602510777877864
GradientBoosting,GroupKFold_Source,5,457,Furlan and de Hanai 1997,20.0,23.602510777877864
GradientBoosting,GroupKFold_Source,5,458,Furlan and de Hanai 1997,22.5,22.930283638399484
GradientBoosting,GroupKFold_Source,5,459,Furlan and de Hanai 1997,17.5,22.930283638399484
GradientBoosting,GroupKFold_Source,6,37,"Shoaib, Lubell and Bindiganavile 2015",297.5,167.35137692542267
GradientBoosting,GroupKFold_Source,6,38,"Shoaib, Lubell and Bindiganavile 2015",306.0,117.7604086120293
GradientBoosting,GroupKFold_Source,6,40,Manju et al. 2017,154.84,118.98549802221181
GradientBoosting,GroupKFold_Source,6,41,Manju et al. 2017,186.44500000000002,150.1536472531884
GradientBoosting,GroupKFold_Source,6,42,Manju et al. 2017,62.720000000000006,56.034507650123174
GradientBoosting,GroupKFold_Source,6,43,Manju et al. 2017,79.38,73.8511669605688
GradientBoosting,GroupKFold_Source,6,44,Manju et al. 2017,134.995,105.01931619154536
GradientBoosting,GroupKFold_Source,6,46,Arslan et al 2017,44.0,187.87760882539266
GradientBoosting,GroupKFold_Source,6,47,Arslan et al 2017,50.0,169.63857990472434
GradientBoosting,GroupKFold_Source,6,48,Arslan et al 2017,39.0,155.4279703218972
GradientBoosting,GroupKFold_Source,6,49,Arslan et al 2017,32.5,216.6444303387363
GradientBoosting,GroupKFold_Source,6,50,Arslan et al 2017,42.5,212.75028303862382
GradientBoosting,GroupKFold_Source,6,51,Arslan et al 2017,58.5,201.82002297970502
GradientBoosting,GroupKFold_Source,6,52,Arslan et al 2017,42.5,147.14193545266903
GradientBoosting,GroupKFold_Source,6,53,Arslan et al 2017,35.0,138.14258911894257
GradientBoosting,GroupKFold_Source,6,87,Amin and Foster 2016,344.0,159.62177805283747
GradientBoosting,GroupKFold_Source,6,133,Lim and Oh,58.37,91.1399362936447
GradientBoosting,GroupKFold_Source,6,157,Lima Araujo et al 2014,290.5,200.97478999752838
GradientBoosting,GroupKFold_Source,6,180,Lim et al 1987,147.5,173.0930336027402
GradientBoosting,GroupKFold_Source,6,181,Lim et al 1987,82.6,115.32543161220664
GradientBoosting,GroupKFold_Source,6,182,Lim et al 1987,67.4,196.95870340954963
GradientBoosting,GroupKFold_Source,6,183,Lim et al 1987,135.0,164.1494435784097
GradientBoosting,GroupKFold_Source,6,184,Lim et al 1987,63.7,106.38184158787611
GradientBoosting,GroupKFold_Source,6,185,Lim et al 1987,49.4,184.52937295228682
GradientBoosting,GroupKFold_Source,6,186,Mansur et al,75.0,59.552001905581754
GradientBoosting,GroupKFold_Source,6,327,Dupont and Vandewalle,110.0,162.66000626752933
GradientBoosting,GroupKFold_Source,6,328,Dupont and Vandewalle,120.0,162.66000626752933
GradientBoosting,GroupKFold_Source,6,329,Dupont and Vandewalle,155.0,498.06939750331986
GradientBoosting,GroupKFold_Source,6,330,Dupont and Vandewalle,280.0,208.4527887452845
GradientBoosting,GroupKFold_Source,6,331,Dupont and Vandewalle,300.0,224.185429682717
GradientBoosting,GroupKFold_Source,6,332,Dupont and Vandewalle,82.5,103.67978909040399
GradientBoosting,GroupKFold_Source,6,333,Dupont and Vandewalle,108.0,97.787158195827
GradientBoosting,GroupKFold_Source,6,334,Dupont and Vandewalle,108.0,131.22917443289145
GradientBoosting,GroupKFold_Source,6,335,Dupont and Vandewalle,144.0,146.96181537032385
GradientBoosting,GroupKFold_Source,6,336,Dupont and Vandewalle,82.5,108.54295681380178
GradientBoosting,GroupKFold_Source,6,337,Dupont and Vandewalle,117.0,148.57665991185274
GradientBoosting,GroupKFold_Source,6,338,Dupont and Vandewalle,100.0,195.18580105792054
GradientBoosting,GroupKFold_Source,6,339,Dupont and Vandewalle,120.0,152.30042659990397
GradientBoosting,GroupKFold_Source,6,340,Dupont and Vandewalle,100.0,192.28188704990018
GradientBoosting,GroupKFold_Source,6,341,Dupont and Vandewalle,120.0,190.50828091800278
GradientBoosting,GroupKFold_Source,6,342,Dupont and Vandewalle,130.0,89.69984872007461
GradientBoosting,GroupKFold_Source,6,343,Dupont and Vandewalle,157.5,133.36666516401414
GradientBoosting,GroupKFold_Source,6,344,Dupont and Vandewalle,147.5,82.28921592133429
GradientBoosting,GroupKFold_Source,6,345,Dupont and Vandewalle,162.0,72.87027832775686
GradientBoosting,GroupKFold_Source,6,346,Dupont and Vandewalle,162.0,86.75968761114925
GradientBoosting,GroupKFold_Source,6,406,"shin, oh, ghosh",119.7,126.99012139712029
GradientBoosting,GroupKFold_Source,6,436,Chalioris and Sfiri 2011,42.5,49.290747884127825
GradientBoosting,GroupKFold_Source,6,469,Zamanzadeh et al,81.29,174.30555421257242
GradientBoosting,GroupKFold_Source,6,473,"Shoaib, Lubell and Bindiganavile 2014",280.0,276.5759768797883
GradientBoosting,GroupKFold_Source,7,55,Parra-Montesinos et al 2006,148.25472,129.81121105130322
GradientBoosting,GroupKFold_Source,7,56,Parra-Montesinos et al 2006,188.79312,183.86821955669595
GradientBoosting,GroupKFold_Source,7,57,Parra-Montesinos et al 2006,189.95136,183.86821955669595
GradientBoosting,GroupKFold_Source,7,58,Parra-Montesinos et al 2006,217.74912,182.94687335240474
GradientBoosting,GroupKFold_Source,7,59,Parra-Montesinos et al 2006,195.16344,129.81121105130322
GradientBoosting,GroupKFold_Source,7,60,Parra-Montesinos et al 2006,146.51736,184.3535660593021
GradientBoosting,GroupKFold_Source,7,61,Parra-Montesinos et al 2006,200.37552,184.3535660593021
GradientBoosting,GroupKFold_Source,7,62,Parra-Montesinos et al 2006,175.47335999999999,221.15842370274075
GradientBoosting,GroupKFold_Source,7,63,Parra-Montesinos et al 2006,178.94807999999998,221.15842370274075
GradientBoosting,GroupKFold_Source,7,65,Rosenbusch and Teutsch 2003,299.52,229.7758857090705
GradientBoosting,GroupKFold_Source,7,66,Rosenbusch and Teutsch 2003,107.63999999999999,126.70925111718424
GradientBoosting,GroupKFold_Source,7,67,Rosenbusch and Teutsch 2003,144.04,133.86275112512138
GradientBoosting,GroupKFold_Source,7,68,Rosenbusch and Teutsch 2003,81.64,103.194347066183
GradientBoosting,GroupKFold_Source,7,69,Rosenbusch and Teutsch 2003,107.12,93.17775342423926
GradientBoosting,GroupKFold_Source,7,70,Rosenbusch and Teutsch 2003,243.8,106.27403799722349
GradientBoosting,GroupKFold_Source,7,71,Rosenbusch and Teutsch 2003,252.08,106.27403799722349
GradientBoosting,GroupKFold_Source,7,72,Rosenbusch and Teutsch 2003,258.52,106.27403799722349
GradientBoosting,GroupKFold_Source,7,73,Rosenbusch and Teutsch 2003,263.12,106.27403799722349
GradientBoosting,GroupKFold_Source,7,74,Rosenbusch and Teutsch 2003,109.72,216.37316754738507
GradientBoosting,GroupKFold_Source,7,75,Rosenbusch and Teutsch 2003,120.12,210.13861350515887
GradientBoosting,GroupKFold_Source,7,76,Rosenbusch and Teutsch 2003,154.96,324.4024326954522
GradientBoosting,GroupKFold_Source,7,77,Rosenbusch and Teutsch 2003,110.76,164.28724703382008
GradientBoosting,GroupKFold_Source,7,78,Rosenbusch and Teutsch 2003,131.55999999999997,164.28724703382008
GradientBoosting,GroupKFold_Source,7,79,Rosenbusch and Teutsch 2003,153.36,171.65712804649155
GradientBoosting,GroupKFold_Source,7,80,Rosenbusch and Teutsch 2003,229.59999999999997,164.28724703382008
GradientBoosting,GroupKFold_Source,7,81,Rosenbusch and Teutsch 2003,82.16,107.92709078811168
GradientBoosting,GroupKFold_Source,7,82,Rosenbusch and Teutsch 2003,117.0,200.0772366474438
GradientBoosting,GroupKFold_Source,7,165,Minelli & Plizzari,129.0,154.40835694337412
GradientBoosting,GroupKFold_Source,7,187,Mansur et al 1986,52.5,96.32831803110021
GradientBoosting,GroupKFold_Source,7,188,Mansur et al 1986,45.0,74.1688868000812
GradientBoosting,GroupKFold_Source,7,189,Mansur et al 1986,85.0,134.84453994358643
GradientBoosting,GroupKFold_Source,7,190,Mansur et al 1986,60.0,136.42490856498733
GradientBoosting,GroupKFold_Source,7,191,Mansur et al 1986,65.0,195.5495635180588
GradientBoosting,GroupKFold_Source,7,192,Mansur et al 1986,45.0,85.26533152007985
GradientBoosting,GroupKFold_Source,7,193,Mansur et al 1986,60.0,156.88387398042593
GradientBoosting,GroupKFold_Source,7,194,Mansur et al 1986,86.0,192.75407536311292
GradientBoosting,GroupKFold_Source,7,298,Adebar et al,276.0,286.04558337860726
GradientBoosting,GroupKFold_Source,7,304,Cho and Kim,60.9,61.277572628438314
GradientBoosting,GroupKFold_Source,7,395,zhao et al,112.535,100.92517931528947
GradientBoosting,GroupKFold_Source,7,413,"Imam, Vandewalle, Mortelmans 1994",284.405,345.0920831329964
GradientBoosting,GroupKFold_Source,7,414,"Imam, Vandewalle, Mortelmans 1994",208.79,378.4105999786142
GradientBoosting,GroupKFold_Source,7,415,"Imam, Vandewalle, Mortelmans 1994",211.83,266.44128075189246
GradientBoosting,GroupKFold_Source,7,417,"Kwak, Suh, Hsu",135.725,138.40419055939196
GradientBoosting,GroupKFold_Source,7,418,"Kwak, Suh, Hsu 1991",144.625,138.40419055939196
GradientBoosting,GroupKFold_Source,7,419,"Kwak, Suh, Hsu 1991",133.5,135.3274776333082
GradientBoosting,GroupKFold_Source,7,420,"Kwak, Suh, Hsu 1991",137.95000000000002,135.3274776333082
GradientBoosting,GroupKFold_Source,7,421,Roberts and Ho,32.8,51.730705154204195
GradientBoosting,GroupKFold_Source,7,435,Spinella et al 2012,140.8,269.6807293414634
GradientBoosting,GroupKFold_Source,7,453,Furlan and de Hanai,20.0,21.4720083705209
GradientBoosting,GroupKFold_Source,8,32,Sahoo & Sharma,143.0398642916827,127.73099721361456
GradientBoosting,GroupKFold_Source,8,33,Sahoo & Sharma 2014,108.46180962464278,162.11815001020963
GradientBoosting,GroupKFold_Source,8,34,Sahoo & Sharma 2014,93.20518373755829,109.03366400959233
GradientBoosting,GroupKFold_Source,8,35,Sahoo & Sharma 2014,113.58677486966627,106.69203044532783
GradientBoosting,GroupKFold_Source,8,129,Kwak et al,134.885,72.69651804052609
GradientBoosting,GroupKFold_Source,8,206,Noghabai 2000,295.0,170.37609541284465
GradientBoosting,GroupKFold_Source,8,207,Noghabai 2000,252.0,169.91431575384786
GradientBoosting,GroupKFold_Source,8,208,Noghabai 2000,262.0,273.05681819331005
GradientBoosting,GroupKFold_Source,8,209,Noghabai 2000,189.0,103.9366726793593
GradientBoosting,GroupKFold_Source,8,210,Noghabai 2000,310.0,184.40362571133014
GradientBoosting,GroupKFold_Source,8,211,Noghabai 2000,363.0,212.02568170334305
GradientBoosting,GroupKFold_Source,8,212,Noghabai 2000,407.0,158.71490659165565
GradientBoosting,GroupKFold_Source,8,213,Noghabai 2000,289.0,165.16390312013948
GradientBoosting,GroupKFold_Source,8,214,Noghabai 2000,336.0,165.16390312013948
GradientBoosting,GroupKFold_Source,8,215,Noghabai 2000,367.0,111.85312800845216
GradientBoosting,GroupKFold_Source,8,216,Noghabai 2000,327.0,111.85312800845216
GradientBoosting,GroupKFold_Source,8,217,Noghabai 2000,264.0,129.21909930555847
GradientBoosting,GroupKFold_Source,8,218,Noghabai 2000,312.0,129.21909930555847
GradientBoosting,GroupKFold_Source,8,219,Noghabai 2000,339.0,203.82709717720022
GradientBoosting,GroupKFold_Source,8,220,Noghabai 2000,292.0,184.5645843248336
GradientBoosting,GroupKFold_Source,8,221,Noghabai 2000,445.0,163.68063096490403
GradientBoosting,GroupKFold_Source,8,222,Noghabai 2000,596.0,110.36985585321669
GradientBoosting,GroupKFold_Source,8,223,Noghabai 2000,509.0,202.34382502196476
GradientBoosting,GroupKFold_Source,8,292,Swamy et al 1993,59.0,99.48662932908188
GradientBoosting,GroupKFold_Source,8,293,Swamy et al 1993,42.5,54.65428238183481
GradientBoosting,GroupKFold_Source,8,294,Swamy et al 1993,71.9,81.37729569623896
GradientBoosting,GroupKFold_Source,8,295,Swamy et al 1993,45.6,102.31999392596303
GradientBoosting,GroupKFold_Source,8,296,Swamy et al 1993,42.8,60.217247859588866
GradientBoosting,GroupKFold_Source,8,297,Swamy et al 1993,67.8,55.302854715667955
GradientBoosting,GroupKFold_Source,8,347,Swamy and Bahia,79.5,19.179922776866952
GradientBoosting,GroupKFold_Source,8,422,Roberts and Ho 1982,36.2,70.45679754050035
GradientBoosting,GroupKFold_Source,8,423,Roberts and Ho 1982,50.9,188.14255583030518
GradientBoosting,GroupKFold_Source,8,424,Roberts and Ho 1982,54.2,202.07255973891543
GradientBoosting,GroupKFold_Source,8,425,Roberts and Ho 1982,81.2,318.9809896655418
GradientBoosting,GroupKFold_Source,8,426,Roberts and Ho 1982,107.6,332.91099357415203
GradientBoosting,GroupKFold_Source,8,442,Qissab and Salman,73.145,92.4802288346637
GradientBoosting,GroupKFold_Source,8,460,Danygier and Savir,200.6,307.3996596154431
GradientBoosting,GroupKFold_Source,8,463,Krassowska & Kosior-Kazberuk 2018,41.25,146.74980480295085
GradientBoosting,GroupKFold_Source,8,467,Gali & Subramaniam,79.0,100.9675184864615
GradientBoosting,GroupKFold_Source,8,474,Shoaib 2012,277.0,251.44154752361143
GradientBoosting,GroupKFold_Source,8,475,Shoaib 2012,457.5,196.93069063407577
GradientBoosting,GroupKFold_Source,8,476,Shoaib 2012,248.0,139.27006798906197
GradientBoosting,GroupKFold_Source,8,477,Shoaib 2012,238.0,138.0930723207148
GradientBoosting,GroupKFold_Source,8,478,Shoaib 2012,440.0,251.44154752361143
GradientBoosting,GroupKFold_Source,8,479,Shoaib 2012,479.0,139.71403656516864
GradientBoosting,GroupKFold_Source,8,480,Shoaib 2012,484.0,172.65612484132623
GradientBoosting,GroupKFold_Source,8,481,Shoaib 2012,632.5,107.8209243288646
GradientBoosting,GroupKFold_Source,8,482,Shoaib 2012,630.5,150.9030465021148
GradientBoosting,GroupKFold_Source,8,485,Abdul-Zaher et al,126.21090909090908,127.74366727920695
GradientBoosting,GroupKFold_Source,9,224,Randl et al,251.0,288.1169500140631
GradientBoosting,GroupKFold_Source,9,231,Ashour et al 1992,23.999375,244.64735181378168
GradientBoosting,GroupKFold_Source,9,232,Ashour et al 1992,15.05,244.64735181378168
GradientBoosting,GroupKFold_Source,9,233,Ashour et al 1992,244.29375,199.60676097150332
GradientBoosting,GroupKFold_Source,9,234,Ashour et al 1992,129.5375,168.39746993506085
GradientBoosting,GroupKFold_Source,9,235,Ashour et al 1992,61.00625,181.74294271176146
GradientBoosting,GroupKFold_Source,9,236,Ashour et al 1992,52.40625,181.74294271176146
GradientBoosting,GroupKFold_Source,9,237,Ashour et al 1992,342.3875,233.03810627612012
GradientBoosting,GroupKFold_Source,9,238,Ashour et al 1992,162.8625,201.82881523967765
GradientBoosting,GroupKFold_Source,9,239,Ashour et al 1992,85.19375,234.02538893609434
GradientBoosting,GroupKFold_Source,9,240,Ashour et al 1992,52.675,234.02538893609434
GradientBoosting,GroupKFold_Source,9,241,Ashour et al 1992,374.90625,240.7753758938698
GradientBoosting,GroupKFold_Source,9,242,Ashour et al 1992,193.76875,209.56608485742734
GradientBoosting,GroupKFold_Source,9,243,Ashour et al 1992,94.33125,253.34587149478486
GradientBoosting,GroupKFold_Source,9,244,Ashour et al 1992,53.2125,253.34587149478486
GradientBoosting,GroupKFold_Source,9,245,Ashour et al 1992,180.86875,218.78630762411558
GradientBoosting,GroupKFold_Source,9,246,Ashour et al 1992,104.275,232.63151017686857
GradientBoosting,GroupKFold_Source,9,247,Ashour et al 1992,78.74375,232.63151017686857
GradientBoosting,GroupKFold_Source,9,254,Pansuk et al 2017,531.0,258.90028201618856
GradientBoosting,GroupKFold_Source,9,255,Kim et al,114.0,72.10723984555355
GradientBoosting,GroupKFold_Source,9,259,Narayanan and Darwish 1988,325.0,265.2912396742108
GradientBoosting,GroupKFold_Source,9,260,Narayanan and Darwish 1988,361.0,268.64534147439167
GradientBoosting,GroupKFold_Source,9,261,Narayanan and Darwish 1988,396.0,275.57754902425734
GradientBoosting,GroupKFold_Source,9,262,Narayanan and Darwish 1988,393.0,270.463912857246
GradientBoosting,GroupKFold_Source,9,263,Narayanan and Darwish 1988,454.0,272.7403517765726
GradientBoosting,GroupKFold_Source,9,264,Narayanan and Darwish 1988,404.0,262.9071641783752
GradientBoosting,GroupKFold_Source,9,265,Narayanan and Darwish 1988,342.0,226.504532878394
GradientBoosting,GroupKFold_Source,9,266,Narayanan and Darwish 1988,344.0,95.8824198117037
GradientBoosting,GroupKFold_Source,9,267,Narayanan and Darwish 1988,294.0,271.4296967036062
GradientBoosting,GroupKFold_Source,9,268,Narayanan and Darwish 1988,333.0,275.74912630007896
GradientBoosting,GroupKFold_Source,9,291,Swamy et al,80.3,83.19158292829624
GradientBoosting,GroupKFold_Source,9,396,zhao et al 2018,138.06,112.93823196863323
GradientBoosting,GroupKFold_Source,9,397,zhao et al 2018,155.45,112.93823196863323
GradientBoosting,GroupKFold_Source,9,398,zhao et al 2018,148.805,120.79711950322681
GradientBoosting,GroupKFold_Source,9,407,"shin, oh, ghosh 1994",129.5,295.04129017992165
GradientBoosting,GroupKFold_Source,9,408,"shin, oh, ghosh 1994",55.825,246.4472129215125
GradientBoosting,GroupKFold_Source,9,409,"shin, oh, ghosh 1994",71.74999999999999,362.97049181404486
GradientBoosting,GroupKFold_Source,9,410,"shin, oh, ghosh 1994",48.65,288.6862361244546
GradientBoosting,GroupKFold_Source,9,411,"shin, oh, ghosh 1994",60.2,409.86061308541264
GradientBoosting,GroupKFold_Source,9,428,Hwang et al 2013,52.0,132.2579903047531
GradientBoosting,GroupKFold_Source,9,429,Hwang et al 2013,54.0,132.2579903047531
GradientBoosting,GroupKFold_Source,9,430,Hwang et al 2013,47.5,147.1936765847159
GradientBoosting,GroupKFold_Source,9,431,Hwang et al 2013,73.75,235.75175751835147
GradientBoosting,GroupKFold_Source,9,432,Hwang et al 2013,72.7,155.05332064270152
GradientBoosting,GroupKFold_Source,9,433,Hwang et al 2013,81.15,244.65305393629757
GradientBoosting,GroupKFold_Source,9,437,Cohen and Aoude 2012,43.33,129.93724907447603
GradientBoosting,GroupKFold_Source,9,468,Gali & Subramaniam 2017,86.0,113.018741020507
GradientBoosting,GroupKFold_Source,9,483,"Bae, Choi & Choi",371.5,598.9833536345
GradientBoosting,GroupKFold_Source,10,54,Parra-Montesinos et al,171.99864000000002,181.2453509838235
GradientBoosting,GroupKFold_Source,10,97,Narayanan and Darwish,32.708,23.73252993434867
GradientBoosting,GroupKFold_Source,10,125,Cucchiara et al,96.3819,143.39660680661575
GradientBoosting,GroupKFold_Source,10,166,Minelli & Plizzari 2013,114.5,138.68737018557965
GradientBoosting,GroupKFold_Source,10,167,Minelli & Plizzari 2013,136.5,269.9278083512071
GradientBoosting,GroupKFold_Source,10,168,Minelli & Plizzari 2013,136.0,141.7175370012987
GradientBoosting,GroupKFold_Source,10,169,Minelli & Plizzari 2013,186.0,128.4671511777084
GradientBoosting,GroupKFold_Source,10,170,Minelli & Plizzari 2013,194.0,121.8302084650887
GradientBoosting,GroupKFold_Source,10,171,Minelli & Plizzari 2013,154.0,121.8302084650887
GradientBoosting,GroupKFold_Source,10,172,Minelli & Plizzari 2013,247.0,121.8302084650887
GradientBoosting,GroupKFold_Source,10,173,Minelli & Plizzari 2013,328.0,115.81925242932229
GradientBoosting,GroupKFold_Source,10,256,Kim et al 2017,204.0,91.97266176248105
GradientBoosting,GroupKFold_Source,10,258,Narayanan and Darwish,350.0,325.32585174293604
GradientBoosting,GroupKFold_Source,10,299,Adebar et al 1997,324.0,205.25866926806447
GradientBoosting,GroupKFold_Source,10,300,Adebar et al 1997,204.0,183.8796241869584
GradientBoosting,GroupKFold_Source,10,301,Adebar et al 1997,232.0,203.09806699743064
GradientBoosting,GroupKFold_Source,10,302,Adebar et al 1997,247.0,185.35495453465973
GradientBoosting,GroupKFold_Source,10,303,Adebar et al 1997,237.0,211.77551239535723
GradientBoosting,GroupKFold_Source,10,305,Cho and Kim 2003,79.4,77.04331024212837
GradientBoosting,GroupKFold_Source,10,306,Cho and Kim 2003,84.3,79.12005970452348
GradientBoosting,GroupKFold_Source,10,307,Cho and Kim 2003,95.2,133.29394645476384
GradientBoosting,GroupKFold_Source,10,308,Cho and Kim 2003,103.0,141.13312967179155
GradientBoosting,GroupKFold_Source,10,309,Cho and Kim 2003,178.8,269.11307406364995
GradientBoosting,GroupKFold_Source,10,310,Cho and Kim 2003,169.5,258.2099718092461
GradientBoosting,GroupKFold_Source,10,311,Cho and Kim 2003,186.7,260.2867212716411
GradientBoosting,GroupKFold_Source,10,312,Cho and Kim 2003,157.9,203.47615557722665
GradientBoosting,GroupKFold_Source,10,313,Cho and Kim 2003,162.8,233.1999062660262
GradientBoosting,GroupKFold_Source,10,314,Cho and Kim 2003,153.5,229.47316041391963
GradientBoosting,GroupKFold_Source,10,315,Cho and Kim 2003,170.6,268.0585948834464
GradientBoosting,GroupKFold_Source,10,316,Greenough and Nehdi,90.85,138.9615735428382
GradientBoosting,GroupKFold_Source,10,348,Swamy and Bahia 1985,114.0,25.729764089907647
GradientBoosting,GroupKFold_Source,10,349,Swamy and Bahia 1985,115.0,56.450220796527745
GradientBoosting,GroupKFold_Source,10,350,Swamy and Bahia 1985,118.2,27.097994674026644
GradientBoosting,GroupKFold_Source,10,351,Swamy and Bahia 1985,69.0,25.729764089907647
GradientBoosting,GroupKFold_Source,10,352,Batson et al,27.86555172413793,32.033839274571605
GradientBoosting,GroupKFold_Source,10,434,Spinella et al,113.75,250.7925825032176
GradientBoosting,GroupKFold_Source,10,443,Qissab and Salman 2018,86.84,128.49842378846802
GradientBoosting,GroupKFold_Source,10,444,Qissab and Salman 2018,40.53,86.96199142298607
GradientBoosting,GroupKFold_Source,10,445,Qissab and Salman 2018,50.895,103.41314042320856
GradientBoosting,GroupKFold_Source,10,446,Qissab and Salman 2018,106.425,128.46479061660307
GradientBoosting,GroupKFold_Source,10,447,Qissab and Salman 2018,125.77,149.70848044199985
GradientBoosting,GroupKFold_Source,10,448,Qissab and Salman 2018,44.46,110.46729923363569
GradientBoosting,GroupKFold_Source,10,449,Qissab and Salman 2018,46.63,126.91844823385817
GradientBoosting,GroupKFold_Source,10,450,Qissab and Salman 2018,42.03,110.46729923363569
GradientBoosting,GroupKFold_Source,10,451,Qissab and Salman 2018,21.345,139.1800031747764
GradientBoosting,GroupKFold_Source,10,452,Qissab and Salman 2018,51.06,107.72899906129989
GradientBoosting,GroupKFold_Source,10,465,Yoo & Yang 2018,793.0,167.80480790125156
GradientBoosting,GroupKFold_Source,10,466,Yoo & Yang 2018,1430.0,165.05038190234296
GradientBoosting,LeaveOneSourceOut,1,485,Abdul-Zaher et al,126.21090909090908,133.40826113157172
GradientBoosting,LeaveOneSourceOut,2,486,Abdul-Zaher et al 2016,132.68290909090908,101.06772674050421
GradientBoosting,LeaveOneSourceOut,2,487,Abdul-Zaher et al 2016,145.62763636363636,106.92123237818006
GradientBoosting,LeaveOneSourceOut,3,298,Adebar et al,276.0,249.1294643058074
GradientBoosting,LeaveOneSourceOut,4,299,Adebar et al 1997,324.0,167.14930053225217
GradientBoosting,LeaveOneSourceOut,4,300,Adebar et al 1997,204.0,185.4839821802558
GradientBoosting,LeaveOneSourceOut,4,301,Adebar et al 1997,232.0,223.18791863817773
GradientBoosting,LeaveOneSourceOut,4,302,Adebar et al 1997,247.0,157.3879093383204
GradientBoosting,LeaveOneSourceOut,4,303,Adebar et al 1997,237.0,185.71019293897135
GradientBoosting,LeaveOneSourceOut,5,86,Amin and Foster,274.0,146.6981389133673
GradientBoosting,LeaveOneSourceOut,6,87,Amin and Foster 2016,344.0,165.01584114326386
GradientBoosting,LeaveOneSourceOut,7,438,Aoude and Cohen 2014,45.0,137.28771882124275
GradientBoosting,LeaveOneSourceOut,7,439,Aoude and Cohen 2014,44.0,274.17213273256675
GradientBoosting,LeaveOneSourceOut,7,440,Aoude and Cohen 2014,58.0,287.2196333572962
GradientBoosting,LeaveOneSourceOut,7,441,Aoude and Cohen 2014,59.0,281.7309527137345
GradientBoosting,LeaveOneSourceOut,8,161,Aoude et al,47.5,83.92869529910266
GradientBoosting,LeaveOneSourceOut,9,162,Aoude et al 2012,56.5,119.78751525172592
GradientBoosting,LeaveOneSourceOut,9,163,Aoude et al 2012,154.3,95.46006231371652
GradientBoosting,LeaveOneSourceOut,9,164,Aoude et al 2012,198.0,127.441542390007
GradientBoosting,LeaveOneSourceOut,10,45,Arslan et al,65.0,153.35666333627316
GradientBoosting,LeaveOneSourceOut,11,46,Arslan et al 2017,44.0,161.43054719333378
GradientBoosting,LeaveOneSourceOut,11,47,Arslan et al 2017,50.0,137.11741836114172
GradientBoosting,LeaveOneSourceOut,11,48,Arslan et al 2017,39.0,135.3378797720364
GradientBoosting,LeaveOneSourceOut,11,49,Arslan et al 2017,32.5,206.8181247787087
GradientBoosting,LeaveOneSourceOut,11,50,Arslan et al 2017,42.5,212.2027037460544
GradientBoosting,LeaveOneSourceOut,11,51,Arslan et al 2017,58.5,210.0656314022533
GradientBoosting,LeaveOneSourceOut,11,52,Arslan et al 2017,42.5,144.33261022356731
GradientBoosting,LeaveOneSourceOut,11,53,Arslan et al 2017,35.0,149.842324084699
GradientBoosting,LeaveOneSourceOut,12,230,Ashour et al,45.15,95.85296335518316
GradientBoosting,LeaveOneSourceOut,13,231,Ashour et al 1992,23.999375,205.0682338677287
GradientBoosting,LeaveOneSourceOut,13,232,Ashour et al 1992,15.05,208.93906510379986
GradientBoosting,LeaveOneSourceOut,13,233,Ashour et al 1992,244.29375,227.81347224809826
GradientBoosting,LeaveOneSourceOut,13,234,Ashour et al 1992,129.5375,213.90877943823835
GradientBoosting,LeaveOneSourceOut,13,235,Ashour et al 1992,61.00625,165.96283441741676
GradientBoosting,LeaveOneSourceOut,13,236,Ashour et al 1992,52.40625,165.96283441741676
GradientBoosting,LeaveOneSourceOut,13,237,Ashour et al 1992,342.3875,255.6067776534817
GradientBoosting,LeaveOneSourceOut,13,238,Ashour et al 1992,162.8625,241.70208484362186
GradientBoosting,LeaveOneSourceOut,13,239,Ashour et al 1992,85.19375,222.55080253562315
GradientBoosting,LeaveOneSourceOut,13,240,Ashour et al 1992,52.675,222.55080253562315
GradientBoosting,LeaveOneSourceOut,13,241,Ashour et al 1992,374.90625,276.0483962942758
GradientBoosting,LeaveOneSourceOut,13,242,Ashour et al 1992,193.76875,262.1437034844158
GradientBoosting,LeaveOneSourceOut,13,243,Ashour et al 1992,94.33125,242.9924211764171
GradientBoosting,LeaveOneSourceOut,13,244,Ashour et al 1992,53.2125,242.9924211764171
GradientBoosting,LeaveOneSourceOut,13,245,Ashour et al 1992,180.86875,209.13975763477228
GradientBoosting,LeaveOneSourceOut,13,246,Ashour et al 1992,104.275,189.98847532677362
GradientBoosting,LeaveOneSourceOut,13,247,Ashour et al 1992,78.74375,189.98847532677362
GradientBoosting,LeaveOneSourceOut,14,483,"Bae, Choi & Choi",371.5,532.3112433120376
GradientBoosting,LeaveOneSourceOut,15,484,"Bae, Choi & Choi 2013",585.5,330.02274427496906
GradientBoosting,LeaveOneSourceOut,16,352,Batson et al,27.86555172413793,41.49376826897434
GradientBoosting,LeaveOneSourceOut,17,353,Batson et al 1972,27.423241379310344,54.82269965792764
GradientBoosting,LeaveOneSourceOut,17,354,Batson et al 1972,26.892468965517246,54.82269965792764
GradientBoosting,LeaveOneSourceOut,17,355,Batson et al 1972,28.13093793103448,44.56813509962364
GradientBoosting,LeaveOneSourceOut,17,356,Batson et al 1972,28.13093793103448,44.56813509962364
GradientBoosting,LeaveOneSourceOut,17,357,Batson et al 1972,26.36169655172414,44.56813509962364
GradientBoosting,LeaveOneSourceOut,17,358,Batson et al 1972,26.71554482758621,54.82269965792764
GradientBoosting,LeaveOneSourceOut,17,359,Batson et al 1972,31.580958620689653,65.31201116131835
GradientBoosting,LeaveOneSourceOut,17,360,Batson et al 1972,31.492496551724138,65.31201116131835
GradientBoosting,LeaveOneSourceOut,17,361,Batson et al 1972,27.86555172413793,65.31201116131835
GradientBoosting,LeaveOneSourceOut,17,362,Batson et al 1972,25.123227586206898,65.31201116131835
GradientBoosting,LeaveOneSourceOut,17,363,Batson et al 1972,29.54633103448276,65.31201116131835
GradientBoosting,LeaveOneSourceOut,17,364,Batson et al 1972,27.95401379310345,65.31201116131835
GradientBoosting,LeaveOneSourceOut,17,365,Batson et al 1972,32.90788965517241,78.40849396411136
GradientBoosting,LeaveOneSourceOut,17,366,Batson et al 1972,33.08481379310345,78.40849396411136
GradientBoosting,LeaveOneSourceOut,17,367,Batson et al 1972,31.138648275862067,78.40849396411136
GradientBoosting,LeaveOneSourceOut,17,368,Batson et al 1972,33.08481379310345,78.40849396411136
GradientBoosting,LeaveOneSourceOut,17,369,Batson et al 1972,28.30786206896552,65.31201116131835
GradientBoosting,LeaveOneSourceOut,17,370,Batson et al 1972,26.892468965517246,65.31201116131835
GradientBoosting,LeaveOneSourceOut,17,371,Batson et al 1972,30.077103448275864,29.700087639512084
GradientBoosting,LeaveOneSourceOut,17,372,Batson et al 1972,30.16556551724138,29.700087639512084
GradientBoosting,LeaveOneSourceOut,17,373,Batson et al 1972,33.08481379310345,29.700087639512084
GradientBoosting,LeaveOneSourceOut,17,374,Batson et al 1972,25.830924137931035,29.700087639512084
GradientBoosting,LeaveOneSourceOut,17,375,Batson et al 1972,27.06939310344828,29.700087639512084
GradientBoosting,LeaveOneSourceOut,17,376,Batson et al 1972,25.654,29.700087639512084
GradientBoosting,LeaveOneSourceOut,17,377,Batson et al 1972,24.327068965517242,22.586359895756456
GradientBoosting,LeaveOneSourceOut,17,378,Batson et al 1972,22.28233142857143,22.586359895756456
GradientBoosting,LeaveOneSourceOut,17,379,Batson et al 1972,31.404034482758618,24.601594200442296
GradientBoosting,LeaveOneSourceOut,17,380,Batson et al 1972,33.70404827586207,24.601594200442296
GradientBoosting,LeaveOneSourceOut,17,381,Batson et al 1972,30.077103448275864,24.601594200442296
GradientBoosting,LeaveOneSourceOut,17,382,Batson et al 1972,32.46557931034483,24.601594200442296
GradientBoosting,LeaveOneSourceOut,17,383,Batson et al 1972,36.62329655172413,65.42710759476114
GradientBoosting,LeaveOneSourceOut,17,384,Batson et al 1972,34.234820689655166,100.63799166728504
GradientBoosting,LeaveOneSourceOut,17,385,Batson et al 1972,33.08481379310345,100.63799166728504
GradientBoosting,LeaveOneSourceOut,17,386,Batson et al 1972,41.84255862068966,100.63799166728504
GradientBoosting,LeaveOneSourceOut,17,387,Batson et al 1972,39.454082758620686,100.63799166728504
GradientBoosting,LeaveOneSourceOut,17,388,Batson et al 1972,56.17341379310345,75.3417998607169
GradientBoosting,LeaveOneSourceOut,17,389,Batson et al 1972,76.962,78.27520993893246
GradientBoosting,LeaveOneSourceOut,17,390,Batson et al 1972,145.07779310344827,200.0635428945963
GradientBoosting,LeaveOneSourceOut,17,391,Batson et al 1972,139.32775862068965,200.0635428945963
GradientBoosting,LeaveOneSourceOut,17,392,Batson et al 1972,24.238606896551723,22.586359895756456
GradientBoosting,LeaveOneSourceOut,17,393,Batson et al 1972,23.35398620689655,22.586359895756456
GradientBoosting,LeaveOneSourceOut,17,394,Batson et al 1972,26.00784827586207,22.586359895756456
GradientBoosting,LeaveOneSourceOut,18,177,Casanova & Rossi,138.0,197.40108649053198
GradientBoosting,LeaveOneSourceOut,19,178,Casanova & Rossi 1999,138.0,197.40108649053198
GradientBoosting,LeaveOneSourceOut,20,158,Casanova et al,351.5151515151515,142.20134169174233
GradientBoosting,LeaveOneSourceOut,21,159,Casanova et al 1997,351.5151515151515,164.5132899109323
GradientBoosting,LeaveOneSourceOut,21,160,Casanova et al 1997,157.0,180.74350390014735
GradientBoosting,LeaveOneSourceOut,22,436,Chalioris and Sfiri 2011,42.5,137.48559252225132
GradientBoosting,LeaveOneSourceOut,23,304,Cho and Kim,60.9,59.616438301622345
GradientBoosting,LeaveOneSourceOut,24,305,Cho and Kim 2003,79.4,75.53100657249851
GradientBoosting,LeaveOneSourceOut,24,306,Cho and Kim 2003,84.3,71.53345174182131
GradientBoosting,LeaveOneSourceOut,24,307,Cho and Kim 2003,95.2,103.74754648288535
GradientBoosting,LeaveOneSourceOut,24,308,Cho and Kim 2003,103.0,252.14489257101593
GradientBoosting,LeaveOneSourceOut,24,309,Cho and Kim 2003,178.8,298.06220952511063
GradientBoosting,LeaveOneSourceOut,24,310,Cho and Kim 2003,169.5,312.0404040259729
GradientBoosting,LeaveOneSourceOut,24,311,Cho and Kim 2003,186.7,312.0404040259729
GradientBoosting,LeaveOneSourceOut,24,312,Cho and Kim 2003,157.9,197.8861703281323
GradientBoosting,LeaveOneSourceOut,24,313,Cho and Kim 2003,162.8,263.8778630603647
GradientBoosting,LeaveOneSourceOut,24,314,Cho and Kim 2003,153.5,260.1262745691435
GradientBoosting,LeaveOneSourceOut,24,315,Cho and Kim 2003,170.6,326.1179673013761
GradientBoosting,LeaveOneSourceOut,25,437,Cohen and Aoude 2012,43.33,116.06384794141124
GradientBoosting,LeaveOneSourceOut,26,125,Cucchiara et al,96.3819,132.57461991504155
GradientBoosting,LeaveOneSourceOut,27,126,Cucchiara et al 2004,103.31325,141.142927565528
GradientBoosting,LeaveOneSourceOut,27,127,Cucchiara et al 2004,115.07355,141.142927565528
GradientBoosting,LeaveOneSourceOut,27,128,Cucchiara et al 2004,115.50059999999999,141.142927565528
GradientBoosting,LeaveOneSourceOut,28,460,Danygier and Savir,200.6,297.3838852439444
GradientBoosting,LeaveOneSourceOut,29,461,Danygier and Savir 2010,209.3,354.3048830394381
GradientBoosting,LeaveOneSourceOut,30,135,Dinh et al,170.5365168539326,183.89780852393594
GradientBoosting,LeaveOneSourceOut,31,136,Dinh et al 2010,159.70880149812734,153.3357168411768
GradientBoosting,LeaveOneSourceOut,31,137,Dinh et al 2010,168.98970037453182,185.6624896220739
GradientBoosting,LeaveOneSourceOut,31,138,Dinh et al 2010,172.08333333333334,185.6624896220739
GradientBoosting,LeaveOneSourceOut,31,139,Dinh et al 2010,148.4943820224719,150.28230048746485
GradientBoosting,LeaveOneSourceOut,31,140,Dinh et al 2010,196.05898876404495,150.28230048746485
GradientBoosting,LeaveOneSourceOut,31,141,Dinh et al 2010,191.0318352059925,188.0830416423901
GradientBoosting,LeaveOneSourceOut,31,142,Dinh et al 2010,189.48501872659176,188.0830416423901
GradientBoosting,LeaveOneSourceOut,31,143,Dinh et al 2010,172.08333333333334,173.49161600357442
GradientBoosting,LeaveOneSourceOut,31,144,Dinh et al 2010,218.4878277153558,173.49161600357442
GradientBoosting,LeaveOneSourceOut,31,145,Dinh et al 2010,192.57865168539325,150.76825642949632
GradientBoosting,LeaveOneSourceOut,31,146,Dinh et al 2010,189.48501872659176,150.76825642949632
GradientBoosting,LeaveOneSourceOut,31,147,Dinh et al 2010,362.893760539629,182.30517675329259
GradientBoosting,LeaveOneSourceOut,31,148,Dinh et al 2010,334.5177065767285,182.30517675329259
GradientBoosting,LeaveOneSourceOut,31,149,Dinh et al 2010,348.50590219224284,135.08252818063872
GradientBoosting,LeaveOneSourceOut,31,150,Dinh et al 2010,341.31197301854974,135.08252818063872
GradientBoosting,LeaveOneSourceOut,31,151,Dinh et al 2010,344.90893760539626,135.2704635409397
GradientBoosting,LeaveOneSourceOut,31,152,Dinh et al 2010,264.97639123102863,131.54389797793152
GradientBoosting,LeaveOneSourceOut,31,153,Dinh et al 2010,222.21247892074197,131.54389797793152
GradientBoosting,LeaveOneSourceOut,31,154,Dinh et al 2010,432.035413153457,157.3616284187661
GradientBoosting,LeaveOneSourceOut,31,155,Dinh et al 2010,418.04721753794263,137.26835993651886
GradientBoosting,LeaveOneSourceOut,32,327,Dupont and Vandewalle,110.0,192.2451734703235
GradientBoosting,LeaveOneSourceOut,32,328,Dupont and Vandewalle,120.0,175.24719402648927
GradientBoosting,LeaveOneSourceOut,32,329,Dupont and Vandewalle,155.0,278.1650690512825
GradientBoosting,LeaveOneSourceOut,32,330,Dupont and Vandewalle,280.0,211.2559473609122
GradientBoosting,LeaveOneSourceOut,32,331,Dupont and Vandewalle,300.0,259.3500132906091
GradientBoosting,LeaveOneSourceOut,32,332,Dupont and Vandewalle,82.5,102.29917001132563
GradientBoosting,LeaveOneSourceOut,32,333,Dupont and Vandewalle,108.0,144.80617410079066
GradientBoosting,LeaveOneSourceOut,32,334,Dupont and Vandewalle,108.0,140.65862642246947
GradientBoosting,LeaveOneSourceOut,32,335,Dupont and Vandewalle,144.0,183.16563051193438
GradientBoosting,LeaveOneSourceOut,32,336,Dupont and Vandewalle,82.5,121.48870305375148
GradientBoosting,LeaveOneSourceOut,32,337,Dupont and Vandewalle,117.0,181.09955134863486
GradientBoosting,LeaveOneSourceOut,32,338,Dupont and Vandewalle,100.0,190.95911072390453
GradientBoosting,LeaveOneSourceOut,32,339,Dupont and Vandewalle,120.0,87.31886041813618
GradientBoosting,LeaveOneSourceOut,32,340,Dupont and Vandewalle,100.0,201.57349448704204
GradientBoosting,LeaveOneSourceOut,32,341,Dupont and Vandewalle,120.0,134.58174126238325
GradientBoosting,LeaveOneSourceOut,32,342,Dupont and Vandewalle,130.0,104.07456909203108
GradientBoosting,LeaveOneSourceOut,32,343,Dupont and Vandewalle,157.5,129.88024516681094
GradientBoosting,LeaveOneSourceOut,32,344,Dupont and Vandewalle,147.5,97.82299341428264
GradientBoosting,LeaveOneSourceOut,32,345,Dupont and Vandewalle,162.0,92.88297152375326
GradientBoosting,LeaveOneSourceOut,32,346,Dupont and Vandewalle,162.0,80.11538674611192
GradientBoosting,LeaveOneSourceOut,33,453,Furlan and de Hanai,20.0,27.1611546483954
GradientBoosting,LeaveOneSourceOut,34,454,Furlan and de Hanai 1997,22.0,64.49264969316488
GradientBoosting,LeaveOneSourceOut,34,455,Furlan and de Hanai 1997,21.5,28.308369515598844
GradientBoosting,LeaveOneSourceOut,34,456,Furlan and de Hanai 1997,18.5,28.308369515598844
GradientBoosting,LeaveOneSourceOut,34,457,Furlan and de Hanai 1997,20.0,32.63753109056658
GradientBoosting,LeaveOneSourceOut,34,458,Furlan and de Hanai 1997,22.5,-3.4265965182403555
GradientBoosting,LeaveOneSourceOut,34,459,Furlan and de Hanai 1997,17.5,-3.4265965182403555
GradientBoosting,LeaveOneSourceOut,35,467,Gali & Subramaniam,79.0,117.09195342372342
GradientBoosting,LeaveOneSourceOut,36,468,Gali & Subramaniam 2017,86.0,116.18818977837341
GradientBoosting,LeaveOneSourceOut,37,316,Greenough and Nehdi,90.85,137.9002696082471
GradientBoosting,LeaveOneSourceOut,38,317,Greenough and Nehdi 2008,105.6,151.5613218247412
GradientBoosting,LeaveOneSourceOut,38,318,Greenough and Nehdi 2008,148.9,140.71104578566423
GradientBoosting,LeaveOneSourceOut,38,319,Greenough and Nehdi 2008,115.45,131.0368309131691
GradientBoosting,LeaveOneSourceOut,38,320,Greenough and Nehdi 2008,144.1,153.68998964804123
GradientBoosting,LeaveOneSourceOut,38,321,Greenough and Nehdi 2008,146.75,147.72545578407878
GradientBoosting,LeaveOneSourceOut,38,322,Greenough and Nehdi 2008,106.7,125.37305013348971
GradientBoosting,LeaveOneSourceOut,38,323,Greenough and Nehdi 2008,122.9,153.68998964804123
GradientBoosting,LeaveOneSourceOut,38,324,Greenough and Nehdi 2008,151.35,147.72545578407878
GradientBoosting,LeaveOneSourceOut,39,416,Huang et al 2005,252.8325,189.98988217343287
GradientBoosting,LeaveOneSourceOut,40,427,Hwang et al,30.5,85.70350249949082
GradientBoosting,LeaveOneSourceOut,41,428,Hwang et al 2013,52.0,148.37355318252222
GradientBoosting,LeaveOneSourceOut,41,429,Hwang et al 2013,54.0,148.37355318252222
GradientBoosting,LeaveOneSourceOut,41,430,Hwang et al 2013,47.5,147.92078492747578
GradientBoosting,LeaveOneSourceOut,41,431,Hwang et al 2013,73.75,219.02295868791694
GradientBoosting,LeaveOneSourceOut,41,432,Hwang et al 2013,72.7,155.7108981128982
GradientBoosting,LeaveOneSourceOut,41,433,Hwang et al 2013,81.15,231.05113929049733
GradientBoosting,LeaveOneSourceOut,42,412,"Imam, Vandewalle, Mortelmans",528.255,220.15877225812312
GradientBoosting,LeaveOneSourceOut,43,413,"Imam, Vandewalle, Mortelmans 1994",284.405,329.6578999308499
GradientBoosting,LeaveOneSourceOut,43,414,"Imam, Vandewalle, Mortelmans 1994",208.79,347.5727174111308
GradientBoosting,LeaveOneSourceOut,43,415,"Imam, Vandewalle, Mortelmans 1994",211.83,243.83732626105424
GradientBoosting,LeaveOneSourceOut,44,399,Jindal,20.915000000000003,50.57205185372389
GradientBoosting,LeaveOneSourceOut,45,400,Jindal 1984,29.5035,78.35776962265072
GradientBoosting,LeaveOneSourceOut,45,401,Jindal 1984,29.5035,78.35776962265072
GradientBoosting,LeaveOneSourceOut,45,402,Jindal 1984,40.050000000000004,83.01608075133906
GradientBoosting,LeaveOneSourceOut,45,403,Jindal 1984,28.7025,70.99381899405682
GradientBoosting,LeaveOneSourceOut,45,404,Jindal 1984,24.475,46.22315166941945
GradientBoosting,LeaveOneSourceOut,45,405,Jindal 1984,32.93,66.37253016001952
GradientBoosting,LeaveOneSourceOut,46,174,Kang et al,81.7,111.59486273182523
GradientBoosting,LeaveOneSourceOut,46,325,Kang et al,130.65,98.67658907414935
GradientBoosting,LeaveOneSourceOut,47,175,Kang et al 2011,35.4,97.34096889212486
GradientBoosting,LeaveOneSourceOut,47,176,Kang et al 2011,77.2,116.28183706193305
GradientBoosting,LeaveOneSourceOut,48,326,Kang et al 2012,219.75,116.93865331978678
GradientBoosting,LeaveOneSourceOut,49,255,Kim et al,114.0,67.79539577788836
GradientBoosting,LeaveOneSourceOut,50,256,Kim et al 2017,204.0,125.8866293473366
GradientBoosting,LeaveOneSourceOut,51,462,Krassowska & Kosior-Kazberuk,32.725,204.0465557279137
GradientBoosting,LeaveOneSourceOut,52,463,Krassowska & Kosior-Kazberuk 2018,41.25,189.30106766252075
GradientBoosting,LeaveOneSourceOut,53,129,Kwak et al,134.885,98.27662625509588
GradientBoosting,LeaveOneSourceOut,54,130,Kwak et al 2002,144.16,208.09237522442513
GradientBoosting,LeaveOneSourceOut,54,131,Kwak et al 2002,107.06,104.05285598088956
GradientBoosting,LeaveOneSourceOut,54,132,Kwak et al 2002,67.575,108.95042541903159
GradientBoosting,LeaveOneSourceOut,55,417,"Kwak, Suh, Hsu",135.725,123.65033331767964
GradientBoosting,LeaveOneSourceOut,56,418,"Kwak, Suh, Hsu 1991",144.625,109.78052545243034
GradientBoosting,LeaveOneSourceOut,56,419,"Kwak, Suh, Hsu 1991",133.5,105.21976414803181
GradientBoosting,LeaveOneSourceOut,56,420,"Kwak, Suh, Hsu 1991",137.95000000000002,106.8100634885887
GradientBoosting,LeaveOneSourceOut,57,269,"Li, Ward, Hamza",16.51635,23.884868797522955
GradientBoosting,LeaveOneSourceOut,58,270,"Li, Ward, Hamza 1992",50.5206,85.12861521699227
GradientBoosting,LeaveOneSourceOut,58,271,"Li, Ward, Hamza 1992",20.79117,126.72202974652544
GradientBoosting,LeaveOneSourceOut,58,272,"Li, Ward, Hamza 1992",66.32448,126.72202974652544
GradientBoosting,LeaveOneSourceOut,58,273,"Li, Ward, Hamza 1992",17.74698,208.27248579201367
GradientBoosting,LeaveOneSourceOut,58,274,"Li, Ward, Hamza 1992",61.40196,208.27248579201367
GradientBoosting,LeaveOneSourceOut,58,275,"Li, Ward, Hamza 1992",50.65014,245.08628950735027
GradientBoosting,LeaveOneSourceOut,58,276,"Li, Ward, Hamza 1992",33.356550000000006,260.93880104788195
GradientBoosting,LeaveOneSourceOut,58,277,"Li, Ward, Hamza 1992",30.053279999999997,260.93880104788195
GradientBoosting,LeaveOneSourceOut,58,278,"Li, Ward, Hamza 1992",25.84323,204.27427489986167
GradientBoosting,LeaveOneSourceOut,58,279,"Li, Ward, Hamza 1992",23.446740000000002,204.27427489986167
GradientBoosting,LeaveOneSourceOut,58,280,"Li, Ward, Hamza 1992",20.53209,204.27427489986167
GradientBoosting,LeaveOneSourceOut,58,281,"Li, Ward, Hamza 1992",17.81175,196.83193750646245
GradientBoosting,LeaveOneSourceOut,58,282,"Li, Ward, Hamza 1992",12.82446,219.73895327776683
GradientBoosting,LeaveOneSourceOut,58,283,"Li, Ward, Hamza 1992",17.81175,292.43177651644817
GradientBoosting,LeaveOneSourceOut,58,284,"Li, Ward, Hamza 1992",25.2603,184.61276484967252
GradientBoosting,LeaveOneSourceOut,58,285,"Li, Ward, Hamza 1992",79.01939999999999,110.2842675468184
GradientBoosting,LeaveOneSourceOut,58,286,"Li, Ward, Hamza 1992",20.46732,110.2842675468184
GradientBoosting,LeaveOneSourceOut,58,287,"Li, Ward, Hamza 1992",15.73911,116.48996119772752
GradientBoosting,LeaveOneSourceOut,58,288,"Li, Ward, Hamza 1992",36.53028,151.17706757328105
GradientBoosting,LeaveOneSourceOut,58,289,"Li, Ward, Hamza 1992",79.01939999999999,102.37203306030158
GradientBoosting,LeaveOneSourceOut,58,290,"Li, Ward, Hamza 1992",22.99335,102.37203306030158
GradientBoosting,LeaveOneSourceOut,59,133,Lim and Oh,58.37,117.12251534924772
GradientBoosting,LeaveOneSourceOut,60,134,Lim and Oh 1999,74.49,176.54432439757588
GradientBoosting,LeaveOneSourceOut,61,179,Lim et al,58.0,69.40697155166345
GradientBoosting,LeaveOneSourceOut,62,180,Lim et al 1987,147.5,183.66027744804035
GradientBoosting,LeaveOneSourceOut,62,181,Lim et al 1987,82.6,124.85302319277321
GradientBoosting,LeaveOneSourceOut,62,182,Lim et al 1987,67.4,181.9790605617546
GradientBoosting,LeaveOneSourceOut,62,183,Lim et al 1987,135.0,170.77794419170166
GradientBoosting,LeaveOneSourceOut,62,184,Lim et al 1987,63.7,117.69337133864842
GradientBoosting,LeaveOneSourceOut,62,185,Lim et al 1987,49.4,167.4235515764603
GradientBoosting,LeaveOneSourceOut,63,156,Lima Araujo et al,260.0,211.07588015412549
GradientBoosting,LeaveOneSourceOut,64,157,Lima Araujo et al 2014,290.5,199.72569632136165
GradientBoosting,LeaveOneSourceOut,65,39,Manju et al.,117.845,138.23125027369574
GradientBoosting,LeaveOneSourceOut,66,40,Manju et al. 2017,154.84,136.36152813450207
GradientBoosting,LeaveOneSourceOut,66,41,Manju et al. 2017,186.44500000000002,136.36152813450207
GradientBoosting,LeaveOneSourceOut,66,42,Manju et al. 2017,62.720000000000006,63.55242361213427
GradientBoosting,LeaveOneSourceOut,66,43,Manju et al. 2017,79.38,68.68580928436182
GradientBoosting,LeaveOneSourceOut,66,44,Manju et al. 2017,134.995,68.68580928436182
GradientBoosting,LeaveOneSourceOut,67,186,Mansur et al,75.0,65.89116652698748
GradientBoosting,LeaveOneSourceOut,68,187,Mansur et al 1986,52.5,86.88597733252651
GradientBoosting,LeaveOneSourceOut,68,188,Mansur et al 1986,45.0,50.98306345407664
GradientBoosting,LeaveOneSourceOut,68,189,Mansur et al 1986,85.0,111.41326453403065
GradientBoosting,LeaveOneSourceOut,68,190,Mansur et al 1986,60.0,123.48393338385357
GradientBoosting,LeaveOneSourceOut,68,191,Mansur et al 1986,65.0,166.89675325290548
GradientBoosting,LeaveOneSourceOut,68,192,Mansur et al 1986,45.0,58.28119743264754
GradientBoosting,LeaveOneSourceOut,68,193,Mansur et al 1986,60.0,108.62502989482289
GradientBoosting,LeaveOneSourceOut,68,194,Mansur et al 1986,86.0,150.21751164975456
GradientBoosting,LeaveOneSourceOut,69,165,Minelli & Plizzari,129.0,182.55622081364314
GradientBoosting,LeaveOneSourceOut,70,166,Minelli & Plizzari 2013,114.5,117.54197153577297
GradientBoosting,LeaveOneSourceOut,70,167,Minelli & Plizzari 2013,136.5,232.1482796332915
GradientBoosting,LeaveOneSourceOut,70,168,Minelli & Plizzari 2013,136.0,117.67116625667428
GradientBoosting,LeaveOneSourceOut,70,169,Minelli & Plizzari 2013,186.0,280.2676175479349
GradientBoosting,LeaveOneSourceOut,70,170,Minelli & Plizzari 2013,194.0,99.86208357886906
GradientBoosting,LeaveOneSourceOut,70,171,Minelli & Plizzari 2013,154.0,99.86208357886906
GradientBoosting,LeaveOneSourceOut,70,172,Minelli & Plizzari 2013,247.0,99.86208357886906
GradientBoosting,LeaveOneSourceOut,70,173,Minelli & Plizzari 2013,328.0,132.50063880746737
GradientBoosting,LeaveOneSourceOut,71,97,Narayanan and Darwish,32.708,31.774690821861196
GradientBoosting,LeaveOneSourceOut,71,258,Narayanan and Darwish,350.0,324.2552829787084
GradientBoosting,LeaveOneSourceOut,72,98,Narayanan and Darwish 1987,29.5035,69.12268024337811
GradientBoosting,LeaveOneSourceOut,72,99,Narayanan and Darwish 1987,30.6085,65.13690020499017
GradientBoosting,LeaveOneSourceOut,72,100,Narayanan and Darwish 1987,29.9455,72.17504555652344
GradientBoosting,LeaveOneSourceOut,72,101,Narayanan and Darwish 1987,22.8735,77.7646142241938
GradientBoosting,LeaveOneSourceOut,72,102,Narayanan and Darwish 1987,21.437,73.77883418580586
GradientBoosting,LeaveOneSourceOut,72,103,Narayanan and Darwish 1987,35.6915,141.3606449788309
GradientBoosting,LeaveOneSourceOut,72,104,Narayanan and Darwish 1987,21.7685,107.32773478698358
GradientBoosting,LeaveOneSourceOut,72,105,Narayanan and Darwish 1987,32.8185,76.80414922297095
GradientBoosting,LeaveOneSourceOut,72,106,Narayanan and Darwish 1987,51.051,119.95465604857526
GradientBoosting,LeaveOneSourceOut,72,107,Narayanan and Darwish 1987,40.7745,125.54422471624568
GradientBoosting,LeaveOneSourceOut,72,108,Narayanan and Darwish 1987,28.8405,92.86113477078278
GradientBoosting,LeaveOneSourceOut,72,109,Narayanan and Darwish 1987,61.548500000000004,69.90186491852607
GradientBoosting,LeaveOneSourceOut,72,110,Narayanan and Darwish 1987,48.841,75.49143358619644
GradientBoosting,LeaveOneSourceOut,72,111,Narayanan and Darwish 1987,32.8185,30.17444664858892
GradientBoosting,LeaveOneSourceOut,72,112,Narayanan and Darwish 1987,32.2048,207.7253488063844
GradientBoosting,LeaveOneSourceOut,72,113,Narayanan and Darwish 1987,38.0205,208.41654989890583
GradientBoosting,LeaveOneSourceOut,72,114,Narayanan and Darwish 1987,24.3712,126.28884616635847
GradientBoosting,LeaveOneSourceOut,72,115,Narayanan and Darwish 1987,24.954300000000003,126.98004725887989
GradientBoosting,LeaveOneSourceOut,72,116,Narayanan and Darwish 1987,47.5456,158.76002129922196
GradientBoosting,LeaveOneSourceOut,72,117,Narayanan and Darwish 1987,53.55,171.0359570871078
GradientBoosting,LeaveOneSourceOut,72,118,Narayanan and Darwish 1987,51.94349999999999,176.79345669007242
GradientBoosting,LeaveOneSourceOut,72,119,Narayanan and Darwish 1987,52.80029999999999,160.8349932221718
GradientBoosting,LeaveOneSourceOut,72,120,Narayanan and Darwish 1987,48.524800000000006,164.51752090218656
GradientBoosting,LeaveOneSourceOut,72,121,Narayanan and Darwish 1987,58.476600000000005,193.5786693354348
GradientBoosting,LeaveOneSourceOut,72,122,Narayanan and Darwish 1987,72.5067,158.21434717215868
GradientBoosting,LeaveOneSourceOut,72,123,Narayanan and Darwish 1987,76.5765,185.7575453354237
GradientBoosting,LeaveOneSourceOut,72,124,Narayanan and Darwish 1987,67.473,169.79908186752309
GradientBoosting,LeaveOneSourceOut,73,259,Narayanan and Darwish 1988,325.0,285.2842328311188
GradientBoosting,LeaveOneSourceOut,73,260,Narayanan and Darwish 1988,361.0,357.9965985921307
GradientBoosting,LeaveOneSourceOut,73,261,Narayanan and Darwish 1988,396.0,289.22058991822496
GradientBoosting,LeaveOneSourceOut,73,262,Narayanan and Darwish 1988,393.0,289.22058991822496
GradientBoosting,LeaveOneSourceOut,73,263,Narayanan and Darwish 1988,454.0,291.23118059956147
GradientBoosting,LeaveOneSourceOut,73,264,Narayanan and Darwish 1988,404.0,291.23118059956147
GradientBoosting,LeaveOneSourceOut,73,265,Narayanan and Darwish 1988,342.0,276.2734076848289
GradientBoosting,LeaveOneSourceOut,73,266,Narayanan and Darwish 1988,344.0,134.16678472878982
GradientBoosting,LeaveOneSourceOut,73,267,Narayanan and Darwish 1988,294.0,275.9367165673518
GradientBoosting,LeaveOneSourceOut,73,268,Narayanan and Darwish 1988,333.0,279.72465286146104
GradientBoosting,LeaveOneSourceOut,74,205,Noghabai,299.0,255.74730948824336
GradientBoosting,LeaveOneSourceOut,75,206,Noghabai 2000,295.0,213.3908140292599
GradientBoosting,LeaveOneSourceOut,75,207,Noghabai 2000,252.0,245.19551601535514
GradientBoosting,LeaveOneSourceOut,75,208,Noghabai 2000,262.0,351.2485242385833
GradientBoosting,LeaveOneSourceOut,75,209,Noghabai 2000,189.0,102.69863007869542
GradientBoosting,LeaveOneSourceOut,75,210,Noghabai 2000,310.0,237.93583207076188
GradientBoosting,LeaveOneSourceOut,75,211,Noghabai 2000,363.0,210.00672922833826
GradientBoosting,LeaveOneSourceOut,75,212,Noghabai 2000,407.0,210.00672922833826
GradientBoosting,LeaveOneSourceOut,75,213,Noghabai 2000,289.0,176.35539083527442
GradientBoosting,LeaveOneSourceOut,75,214,Noghabai 2000,336.0,176.35539083527442
GradientBoosting,LeaveOneSourceOut,75,215,Noghabai 2000,367.0,155.8469145770086
GradientBoosting,LeaveOneSourceOut,75,216,Noghabai 2000,327.0,155.8469145770086
GradientBoosting,LeaveOneSourceOut,75,217,Noghabai 2000,264.0,167.2190919738237
GradientBoosting,LeaveOneSourceOut,75,218,Noghabai 2000,312.0,167.2190919738237
GradientBoosting,LeaveOneSourceOut,75,219,Noghabai 2000,339.0,238.4390517471795
GradientBoosting,LeaveOneSourceOut,75,220,Noghabai 2000,292.0,261.64179719142396
GradientBoosting,LeaveOneSourceOut,75,221,Noghabai 2000,445.0,176.35539083527442
GradientBoosting,LeaveOneSourceOut,75,222,Noghabai 2000,596.0,155.8469145770086
GradientBoosting,LeaveOneSourceOut,75,223,Noghabai 2000,509.0,238.4390517471795
GradientBoosting,LeaveOneSourceOut,76,253,Pansuk et al,340.0,483.6017024648948
GradientBoosting,LeaveOneSourceOut,77,254,Pansuk et al 2017,531.0,260.70921021607427
GradientBoosting,LeaveOneSourceOut,78,54,Parra-Montesinos et al,171.99864000000002,220.13219528565594
GradientBoosting,LeaveOneSourceOut,79,55,Parra-Montesinos et al 2006,148.25472,133.25214650888455
GradientBoosting,LeaveOneSourceOut,79,56,Parra-Montesinos et al 2006,188.79312,181.95794030891338
GradientBoosting,LeaveOneSourceOut,79,57,Parra-Montesinos et al 2006,189.95136,181.95794030891338
GradientBoosting,LeaveOneSourceOut,79,58,Parra-Montesinos et al 2006,217.74912,213.80373942248482
GradientBoosting,LeaveOneSourceOut,79,59,Parra-Montesinos et al 2006,195.16344,133.25214650888455
GradientBoosting,LeaveOneSourceOut,79,60,Parra-Montesinos et al 2006,146.51736,153.10995438928865
GradientBoosting,LeaveOneSourceOut,79,61,Parra-Montesinos et al 2006,200.37552,153.10995438928865
GradientBoosting,LeaveOneSourceOut,79,62,Parra-Montesinos et al 2006,175.47335999999999,187.9126764056634
GradientBoosting,LeaveOneSourceOut,79,63,Parra-Montesinos et al 2006,178.94807999999998,187.9126764056634
GradientBoosting,LeaveOneSourceOut,80,442,Qissab and Salman,73.145,81.56747775746946
GradientBoosting,LeaveOneSourceOut,81,443,Qissab and Salman 2018,86.84,152.08548391816575
GradientBoosting,LeaveOneSourceOut,81,444,Qissab and Salman 2018,40.53,70.52568846913563
GradientBoosting,LeaveOneSourceOut,81,445,Qissab and Salman 2018,50.895,113.061385589976
GradientBoosting,LeaveOneSourceOut,81,446,Qissab and Salman 2018,106.425,124.78702982034365
GradientBoosting,LeaveOneSourceOut,81,447,Qissab and Salman 2018,125.77,167.79832837366234
GradientBoosting,LeaveOneSourceOut,81,448,Qissab and Salman 2018,44.46,89.21788273578424
GradientBoosting,LeaveOneSourceOut,81,449,Qissab and Salman 2018,46.63,134.937808203087
GradientBoosting,LeaveOneSourceOut,81,450,Qissab and Salman 2018,42.03,108.3967941665285
GradientBoosting,LeaveOneSourceOut,81,451,Qissab and Salman 2018,21.345,140.83101367537265
GradientBoosting,LeaveOneSourceOut,81,452,Qissab and Salman 2018,51.06,134.6674355177582
GradientBoosting,LeaveOneSourceOut,82,224,Randl et al,251.0,293.52376990793505
GradientBoosting,LeaveOneSourceOut,83,225,Randl et al 2017,318.0,217.21500290094875
GradientBoosting,LeaveOneSourceOut,83,226,Randl et al 2017,357.0,217.21500290094875
GradientBoosting,LeaveOneSourceOut,83,227,Randl et al 2017,266.0,198.36706030858593
GradientBoosting,LeaveOneSourceOut,83,228,Randl et al 2017,199.0,198.36706030858593
GradientBoosting,LeaveOneSourceOut,83,229,Randl et al 2017,308.0,198.36706030858593
GradientBoosting,LeaveOneSourceOut,84,421,Roberts and Ho,32.8,52.85212257255165
GradientBoosting,LeaveOneSourceOut,85,422,Roberts and Ho 1982,36.2,87.90610634102974
GradientBoosting,LeaveOneSourceOut,85,423,Roberts and Ho 1982,50.9,184.66457761317596
GradientBoosting,LeaveOneSourceOut,85,424,Roberts and Ho 1982,54.2,203.52271226359716
GradientBoosting,LeaveOneSourceOut,85,425,Roberts and Ho 1982,81.2,289.7224736091616
GradientBoosting,LeaveOneSourceOut,85,426,Roberts and Ho 1982,107.6,290.86721877236266
GradientBoosting,LeaveOneSourceOut,86,64,Rosenbusch and Teutsch,279.76,208.31294193930535
GradientBoosting,LeaveOneSourceOut,87,65,Rosenbusch and Teutsch 2003,299.52,206.31115099883883
GradientBoosting,LeaveOneSourceOut,87,66,Rosenbusch and Teutsch 2003,107.63999999999999,143.4162668654774
GradientBoosting,LeaveOneSourceOut,87,67,Rosenbusch and Teutsch 2003,144.04,162.7529329758786
GradientBoosting,LeaveOneSourceOut,87,68,Rosenbusch and Teutsch 2003,81.64,110.0311318866177
GradientBoosting,LeaveOneSourceOut,87,69,Rosenbusch and Teutsch 2003,107.12,123.98851883674136
GradientBoosting,LeaveOneSourceOut,87,70,Rosenbusch and Teutsch 2003,243.8,122.52192249745688
GradientBoosting,LeaveOneSourceOut,87,71,Rosenbusch and Teutsch 2003,252.08,122.52192249745688
GradientBoosting,LeaveOneSourceOut,87,72,Rosenbusch and Teutsch 2003,258.52,122.52192249745688
GradientBoosting,LeaveOneSourceOut,87,73,Rosenbusch and Teutsch 2003,263.12,122.52192249745688
GradientBoosting,LeaveOneSourceOut,87,74,Rosenbusch and Teutsch 2003,109.72,245.8563630941037
GradientBoosting,LeaveOneSourceOut,87,75,Rosenbusch and Teutsch 2003,120.12,232.60376714357963
GradientBoosting,LeaveOneSourceOut,87,76,Rosenbusch and Teutsch 2003,154.96,289.28076623108615
GradientBoosting,LeaveOneSourceOut,87,77,Rosenbusch and Teutsch 2003,110.76,177.31982813423843
GradientBoosting,LeaveOneSourceOut,87,78,Rosenbusch and Teutsch 2003,131.55999999999997,177.31982813423843
GradientBoosting,LeaveOneSourceOut,87,79,Rosenbusch and Teutsch 2003,153.36,186.7391623057049
GradientBoosting,LeaveOneSourceOut,87,80,Rosenbusch and Teutsch 2003,229.59999999999997,177.31982813423843
GradientBoosting,LeaveOneSourceOut,87,81,Rosenbusch and Teutsch 2003,82.16,131.69219725093959
GradientBoosting,LeaveOneSourceOut,87,82,Rosenbusch and Teutsch 2003,117.0,158.8235791088685
GradientBoosting,LeaveOneSourceOut,88,32,Sahoo & Sharma,143.0398642916827,130.18538597296498
GradientBoosting,LeaveOneSourceOut,89,33,Sahoo & Sharma 2014,108.46180962464278,156.5976680434769
GradientBoosting,LeaveOneSourceOut,89,34,Sahoo & Sharma 2014,93.20518373755829,114.67722430201542
GradientBoosting,LeaveOneSourceOut,89,35,Sahoo & Sharma 2014,113.58677486966627,112.40078894138514
GradientBoosting,LeaveOneSourceOut,90,83,Sahoo et al,148.0,205.24925071825828
GradientBoosting,LeaveOneSourceOut,91,84,Sahoo et al 2016,98.0,143.86324305628403
GradientBoosting,LeaveOneSourceOut,91,85,Sahoo et al 2016,84.0,151.80524465995063
GradientBoosting,LeaveOneSourceOut,92,474,Shoaib 2012,277.0,224.43685815636698
GradientBoosting,LeaveOneSourceOut,92,475,Shoaib 2012,457.5,256.6912790397256
GradientBoosting,LeaveOneSourceOut,92,476,Shoaib 2012,248.0,133.0131155892209
GradientBoosting,LeaveOneSourceOut,92,477,Shoaib 2012,238.0,201.61554602670594
GradientBoosting,LeaveOneSourceOut,92,478,Shoaib 2012,440.0,265.2722580270621
GradientBoosting,LeaveOneSourceOut,92,479,Shoaib 2012,479.0,118.4829053103854
GradientBoosting,LeaveOneSourceOut,92,480,Shoaib 2012,484.0,159.4261235074096
GradientBoosting,LeaveOneSourceOut,92,481,Shoaib 2012,632.5,114.11027276084725
GradientBoosting,LeaveOneSourceOut,92,482,Shoaib 2012,630.5,153.38662989570255
GradientBoosting,LeaveOneSourceOut,93,36,"Shoaib, Lubell and Bindiganavile",202.5,170.3530444399566
GradientBoosting,LeaveOneSourceOut,93,472,"Shoaib, Lubell and Bindiganavile",210.0,197.3333678771666
GradientBoosting,LeaveOneSourceOut,94,473,"Shoaib, Lubell and Bindiganavile 2014",280.0,300.3405259618528
GradientBoosting,LeaveOneSourceOut,95,37,"Shoaib, Lubell and Bindiganavile 2015",297.5,178.75517755662318
GradientBoosting,LeaveOneSourceOut,95,38,"Shoaib, Lubell and Bindiganavile 2015",306.0,113.2956608045298
GradientBoosting,LeaveOneSourceOut,96,0,Singh & Jain,112.95,134.5739858801326
GradientBoosting,LeaveOneSourceOut,97,1,Singh & Jain 2014,79.065,169.1149237887857
GradientBoosting,LeaveOneSourceOut,97,2,Singh & Jain 2014,109.185,113.32620699515202
GradientBoosting,LeaveOneSourceOut,97,3,Singh & Jain 2014,123.49199999999999,113.32620699515202
GradientBoosting,LeaveOneSourceOut,97,4,Singh & Jain 2014,111.0675,113.32620699515202
GradientBoosting,LeaveOneSourceOut,97,5,Singh & Jain 2014,131.022,113.32620699515202
GradientBoosting,LeaveOneSourceOut,97,6,Singh & Jain 2014,64.758,110.87377707970471
GradientBoosting,LeaveOneSourceOut,97,7,Singh & Jain 2014,77.1825,110.87377707970471
GradientBoosting,LeaveOneSourceOut,97,8,Singh & Jain 2014,91.113,139.5305875466202
GradientBoosting,LeaveOneSourceOut,97,9,Singh & Jain 2014,101.655,139.5305875466202
GradientBoosting,LeaveOneSourceOut,97,10,Singh & Jain 2014,115.962,104.67337261640984
GradientBoosting,LeaveOneSourceOut,97,11,Singh & Jain 2014,104.66699999999999,104.67337261640984
GradientBoosting,LeaveOneSourceOut,97,12,Singh & Jain 2014,112.95,410.64737564263527
GradientBoosting,LeaveOneSourceOut,97,13,Singh & Jain 2014,125.751,410.64737564263527
GradientBoosting,LeaveOneSourceOut,97,14,Singh & Jain 2014,144.1995,316.98795572954083
GradientBoosting,LeaveOneSourceOut,97,15,Singh & Jain 2014,165.66,316.98795572954083
GradientBoosting,LeaveOneSourceOut,97,16,Singh & Jain 2014,195.40350000000004,332.3842363324741
GradientBoosting,LeaveOneSourceOut,97,17,Singh & Jain 2014,160.0125,316.98795572954083
GradientBoosting,LeaveOneSourceOut,97,18,Singh & Jain 2014,127.6335,222.4252304603815
GradientBoosting,LeaveOneSourceOut,97,19,Singh & Jain 2014,152.106,222.4252304603815
GradientBoosting,LeaveOneSourceOut,97,20,Singh & Jain 2014,146.4585,364.948556184173
GradientBoosting,LeaveOneSourceOut,97,21,Singh & Jain 2014,178.08450000000002,364.948556184173
GradientBoosting,LeaveOneSourceOut,97,22,Singh & Jain 2014,128.01,298.63866412464034
GradientBoosting,LeaveOneSourceOut,97,23,Singh & Jain 2014,157.0005,298.63866412464034
GradientBoosting,LeaveOneSourceOut,97,24,Singh & Jain 2014,78.6885,23.472033844016416
GradientBoosting,LeaveOneSourceOut,97,25,Singh & Jain 2014,77.9355,23.472033844016416
GradientBoosting,LeaveOneSourceOut,97,26,Singh & Jain 2014,98.643,37.30751811294893
GradientBoosting,LeaveOneSourceOut,97,27,Singh & Jain 2014,81.324,37.30751811294893
GradientBoosting,LeaveOneSourceOut,97,28,Singh & Jain 2014,99.396,79.69135329772116
GradientBoosting,LeaveOneSourceOut,97,29,Singh & Jain 2014,100.149,79.69135329772116
GradientBoosting,LeaveOneSourceOut,97,30,Singh & Jain 2014,110.3145,96.81973743766254
GradientBoosting,LeaveOneSourceOut,97,31,Singh & Jain 2014,103.91399999999999,96.81973743766254
GradientBoosting,LeaveOneSourceOut,98,434,Spinella et al,113.75,270.99886282600045
GradientBoosting,LeaveOneSourceOut,99,435,Spinella et al 2012,140.8,238.73810311605203
GradientBoosting,LeaveOneSourceOut,100,347,Swamy and Bahia,79.5,-1.1140238567088105
GradientBoosting,LeaveOneSourceOut,101,348,Swamy and Bahia 1985,114.0,12.311541159143353
GradientBoosting,LeaveOneSourceOut,101,349,Swamy and Bahia 1985,115.0,37.808471859638715
GradientBoosting,LeaveOneSourceOut,101,350,Swamy and Bahia 1985,118.2,41.858837693593344
GradientBoosting,LeaveOneSourceOut,101,351,Swamy and Bahia 1985,69.0,12.311541159143353
GradientBoosting,LeaveOneSourceOut,102,291,Swamy et al,80.3,59.71048939313392
GradientBoosting,LeaveOneSourceOut,103,292,Swamy et al 1993,59.0,106.61005288174258
GradientBoosting,LeaveOneSourceOut,103,293,Swamy et al 1993,42.5,45.75141574718941
GradientBoosting,LeaveOneSourceOut,103,294,Swamy et al 1993,71.9,75.9094057817755
GradientBoosting,LeaveOneSourceOut,103,295,Swamy et al 1993,45.6,89.24528130465971
GradientBoosting,LeaveOneSourceOut,103,296,Swamy et al 1993,42.8,46.85559121757358
GradientBoosting,LeaveOneSourceOut,103,297,Swamy et al 1993,67.8,55.25956217291263
GradientBoosting,LeaveOneSourceOut,104,88,Tahenni et al,42.0,98.62071553287066
GradientBoosting,LeaveOneSourceOut,105,89,Tahenni et al 2016,44.31,155.79997839037907
GradientBoosting,LeaveOneSourceOut,105,90,Tahenni et al 2016,43.02,155.79997839037907
GradientBoosting,LeaveOneSourceOut,105,91,Tahenni et al 2016,44.95,208.25012106781608
GradientBoosting,LeaveOneSourceOut,105,92,Tahenni et al 2016,47.62,208.25012106781608
GradientBoosting,LeaveOneSourceOut,105,93,Tahenni et al 2016,42.85,208.25012106781608
GradientBoosting,LeaveOneSourceOut,105,94,Tahenni et al 2016,49.35,130.63548856389409
GradientBoosting,LeaveOneSourceOut,105,95,Tahenni et al 2016,52.28,130.63548856389409
GradientBoosting,LeaveOneSourceOut,105,96,Tahenni et al 2016,45.0,130.63548856389409
GradientBoosting,LeaveOneSourceOut,106,248,Tan et al,218.0,91.05337277719421
GradientBoosting,LeaveOneSourceOut,107,249,Tan et al 1993,180.9,126.08310964790404
GradientBoosting,LeaveOneSourceOut,107,250,Tan et al 1993,210.3,100.49340361884094
GradientBoosting,LeaveOneSourceOut,107,251,Tan et al 1993,154.2,101.93139671084089
GradientBoosting,LeaveOneSourceOut,107,252,Tan et al 1993,307.0,134.44899847392122
GradientBoosting,LeaveOneSourceOut,108,464,Yoo & Yang,410.5,423.85652512398593
GradientBoosting,LeaveOneSourceOut,109,465,Yoo & Yang 2018,793.0,162.85876375890442
GradientBoosting,LeaveOneSourceOut,109,466,Yoo & Yang 2018,1430.0,162.85876375890442
GradientBoosting,LeaveOneSourceOut,110,469,Zamanzadeh et al,81.29,137.68046185090765
GradientBoosting,LeaveOneSourceOut,111,470,Zamanzadeh et al 2015,95.81,108.3797617446072
GradientBoosting,LeaveOneSourceOut,111,471,Zamanzadeh et al 2015,109.172,97.99670006413672
GradientBoosting,LeaveOneSourceOut,112,195,Zarrinpour and Chao,120.0,417.59159794431844
GradientBoosting,LeaveOneSourceOut,113,196,Zarrinpour and Chao 2017,478.0,146.96521239433363
GradientBoosting,LeaveOneSourceOut,113,197,Zarrinpour and Chao 2017,161.0,152.23641561458948
GradientBoosting,LeaveOneSourceOut,113,198,Zarrinpour and Chao 2017,194.0,152.23641561458948
GradientBoosting,LeaveOneSourceOut,113,199,Zarrinpour and Chao 2017,267.0,178.02443853694425
GradientBoosting,LeaveOneSourceOut,113,200,Zarrinpour and Chao 2017,380.0,178.02443853694425
GradientBoosting,LeaveOneSourceOut,113,201,Zarrinpour and Chao 2017,683.0,184.75169544806292
GradientBoosting,LeaveOneSourceOut,113,202,Zarrinpour and Chao 2017,704.0,184.75169544806292
GradientBoosting,LeaveOneSourceOut,113,203,Zarrinpour and Chao 2017,1045.0,178.02443853694425
GradientBoosting,LeaveOneSourceOut,113,204,Zarrinpour and Chao 2017,1008.0,178.02443853694425
GradientBoosting,LeaveOneSourceOut,114,257,"sharma, 1986",122.6,143.59708565954168
GradientBoosting,LeaveOneSourceOut,115,406,"shin, oh, ghosh",119.7,81.87955474697534
GradientBoosting,LeaveOneSourceOut,116,407,"shin, oh, ghosh 1994",129.5,227.0307244774943
GradientBoosting,LeaveOneSourceOut,116,408,"shin, oh, ghosh 1994",55.825,216.58897382018745
GradientBoosting,LeaveOneSourceOut,116,409,"shin, oh, ghosh 1994",71.74999999999999,265.8309653465294
GradientBoosting,LeaveOneSourceOut,116,410,"shin, oh, ghosh 1994",48.65,208.34096300165157
GradientBoosting,LeaveOneSourceOut,116,411,"shin, oh, ghosh 1994",60.2,269.22985210684004
GradientBoosting,LeaveOneSourceOut,117,395,zhao et al,112.535,118.86327220810475
GradientBoosting,LeaveOneSourceOut,118,396,zhao et al 2018,138.06,134.53319438471274
GradientBoosting,LeaveOneSourceOut,118,397,zhao et al 2018,155.45,131.3922750704674
GradientBoosting,LeaveOneSourceOut,118,398,zhao et al 2018,148.805,139.62077217559647
