shape,P,outer_dim_1,outer_dim_2,outer_thickness,length,fy_outer,fc,inner_dim,inner_thickness,fy_inner,steel_area,concrete_area,nominal_capacity,slenderness,strength_index
circular,1112.055403825,101.7016,101.7016,3.0734,203.2762,605.083900648,34.129048635,0.0,0.0,0.0,952.291848406423,7171.250563804327,820.9644254549014,33.09090909090909,1.3545719757695995
circular,1067.573187672,101.7016,101.7016,3.0734,203.2508,605.083900648,31.164302996,0.0,0.0,0.0,952.291848406423,7171.250563804327,799.7034916196864,33.09090909090909,1.3349612685944154
circular,1201.019836131,120.8278,120.8278,4.064,241.3254,451.60660315,34.404838927,0.0,0.0,0.0,1490.7739401031686,9975.534433060584,1016.4500105347252,29.73125,1.1815827868398348
circular,1201.019836131,120.8024,120.8024,4.089399999999999,241.3508,451.60660315,29.578508817,0.0,0.0,0.0,1499.4386379957323,9962.049426919366,971.8189567466394,29.540372670807464,1.2358473024149033
circular,1112.055403825,120.8278,120.8278,4.089399999999999,241.3508,451.60660315,25.924287448,0.0,0.0,0.0,1499.764957612273,9966.54341555148,935.6792943984105,29.546583850931686,1.1885006010953671
circular,1201.019836131,152.6286,152.6286,3.175,304.8,415.133337033,20.891114619,0.0,0.0,0.0,1490.733403504837,16805.50129505342,969.9387862082384,48.072,1.238242921314779
circular,1201.019836131,152.6032,152.6032,3.1496,304.927,415.133337033,23.097436955,0.0,0.0,0.0,1478.8075362768031,16811.338058505135,1002.2011282996529,48.4516129032258,1.1983820435012535
circular,2909.1369364062,152.5778,152.5778,4.9276,304.9016,633.4213531510001,41.989071957,0.0,0.0,0.0,2285.7006869711513,15998.356817449432,2119.5677776410826,30.963917525773194,1.3725142300680981
circular,2913.5851580215,152.5524,152.5524,4.9022,304.8762,633.4213531510001,43.43697099,0.0,0.0,0.0,2273.9187246671736,16004.051702807012,2135.5162050713657,31.119170984455963,1.3643470141328815
circular,355.857729224,76.42859999999999,76.42859999999999,1.7018,152.3492,363.284762137,24.959021426,0.0,0.0,0.0,399.5165521392955,4188.254006915254,249.6729971098465,44.91044776119402,1.4252952195204207
circular,434.59125181481,76.454,76.454,1.6764,152.3492,363.284762137,40.885910789,0.0,0.0,0.0,393.82116007424065,4196.999271296998,314.66736424983503,45.6060606060606,1.3811132045767527
circular,372.31614920061,76.42859999999999,76.42859999999999,1.7018,152.3746,363.284762137,25.924287448,0.0,0.0,0.0,399.5165521392955,4188.254006915254,253.71577639422713,44.91044776119402,1.4674536778591962
circular,433.2567853302199,76.454,76.454,1.7018,152.4,363.284762137,33.301677759,0.0,0.0,0.0,399.6523497436947,4191.168081627544,284.7605377022979,44.92537313432835,1.5214776205513665
circular,434.59125181481,76.454,76.454,1.7272,152.4762,363.284762137,33.301677759,0.0,0.0,0.0,405.479485753317,4185.3409456179215,286.6833940158432,44.264705882352935,1.515927538484468
circular,1325.5700413594,168.656,168.656,2.6416,304.8,297.85351536,17.92636898,0.0,0.0,0.0,1377.7254746865983,20962.80459573044,786.1473458751317,63.84615384615385,1.6861597871119034
circular,1218.8127225922,168.656,168.656,2.6416,304.8,297.85351536,34.129048635,0.0,0.0,0.0,1377.7254746865983,20962.80459573044,1125.8009534101136,63.84615384615385,1.0826183073485136
circular,1307.7771548982,169.164,169.164,2.6162,304.8,317.1588358,36.54221369,0.0,0.0,0.0,1368.8621474622305,21106.452112394738,1205.4232083886895,64.66019417475728,1.0849112127568281
circular,1330.0182629747,169.164,169.164,2.6162,304.8,317.1588358,33.577468051,0.0,0.0,0.0,1368.8621474622305,21106.452112394738,1142.8479465337045,64.66019417475728,1.1637753447505323
circular,1556.877565355,168.148,168.148,3.606799999999999,304.8,221.32170933,26.613763178,0.0,0.0,0.0,1864.4321961691567,20341.719050791224,954.0090140372123,46.61971830985917,1.6319317139012608
circular,1432.3273601266,168.148,168.148,3.606799999999999,304.8,221.32170933,32.750097175,0.0,0.0,0.0,1864.4321961691567,20341.719050791224,1078.832596206005,46.61971830985917,1.3276641484172347
circular,1463.4649114337,168.148,168.148,3.606799999999999,304.8,221.32170933,32.750097175,0.0,0.0,0.0,1864.4321961691567,20341.719050791224,1078.832596206005,46.61971830985917,1.3565264125132614
circular,1966.1139539626,168.656,168.656,5.0038,304.8,260.62182594,32.887992321,0.0,0.0,0.0,2572.5964348062407,19767.933635610796,1320.602429855942,33.70558375634518,1.4888007999327044
circular,1970.5621755779,168.656,168.656,5.0038,304.8,260.62182594,32.887992321,0.0,0.0,0.0,2572.5964348062407,19767.933635610796,1320.602429855942,33.70558375634518,1.4921691275343623
circular,1983.9068404238,168.656,168.656,5.0038,304.8,260.62182594,27.441134054,0.0,0.0,0.0,2572.5964348062407,19767.933635610796,1212.929297111308,33.70558375634518,1.6356327158958393
circular,1983.9068404238,168.656,168.656,5.0038,304.8,260.62182594,27.441134054,0.0,0.0,0.0,2572.5964348062407,19767.933635610796,1212.929297111308,33.70558375634518,1.6356327158958393
circular,530.22801654376,82.55,82.55,1.397,254.0,482.633011,40.8514370025,0.0,0.0,0.0,356.16468705763054,4995.933060909689,375.9878800329561,59.090909090909086,1.4102263522358336
circular,971.19,108.0,108.0,4.0,324.0,332.3628,40.27806315852059,0.0,0.0,0.0,1306.9025438933531,7853.981633974483,750.7089571146026,27.0,1.29369709898338
circular,671.0040000000001,100.0,100.0,2.5,300.0,244.269,35.22605714925214,0.0,0.0,0.0,765.7632093125121,7088.218424661971,436.7422006890826,40.0,1.536384619900033
circular,537.588,100.0,100.0,2.0,300.0,236.421,35.22605714925214,0.0,0.0,0.0,615.7521601035996,7238.229473870883,400.5510265498301,50.0,1.3421211390482404
circular,505.215,100.0,100.0,1.5,300.0,232.497,35.22605714925214,0.0,0.0,0.0,464.1703145678921,7389.811319406591,368.23212148569814,66.66666666666667,1.3720014374672693
circular,1245.87,108.0,108.0,4.5,240.0,410.058,27.50313189676159,0.0,0.0,0.0,1463.1967784094459,7697.68739945839,811.7060564083645,24.0,1.5348782852658798
circular,1236.06,108.0,108.0,4.5,240.0,410.058,27.50313189676159,0.0,0.0,0.0,1463.1967784094459,7697.68739945839,811.7060564083645,24.0,1.5227926294763847
circular,1255.68,108.0,108.0,4.5,285.0,410.058,27.50313189676159,0.0,0.0,0.0,1463.1967784094459,7697.68739945839,811.7060564083645,24.0,1.546963941055375
circular,1226.25,108.0,108.0,4.5,290.0,410.058,27.50313189676159,0.0,0.0,0.0,1463.1967784094459,7697.68739945839,811.7060564083645,24.0,1.5107069736868897
circular,1162.485,108.0,108.0,4.5,340.0,410.058,27.50313189676159,0.0,0.0,0.0,1463.1967784094459,7697.68739945839,811.7060564083645,24.0,1.4321502110551712
circular,1167.39,108.0,108.0,4.5,380.0,410.058,27.50313189676159,0.0,0.0,0.0,1463.1967784094459,7697.68739945839,811.7060564083645,24.0,1.4381930389499191
circular,1211.535,108.0,108.0,4.5,380.0,410.058,27.50313189676159,0.0,0.0,0.0,1463.1967784094459,7697.68739945839,811.7060564083645,24.0,1.492578490002647
circular,1873.71,160.0,160.0,4.5,400.0,410.058,27.50313189676159,0.0,0.0,0.0,2198.3294593494575,17907.86352362522,1393.96491392139,35.55555555555556,1.3441586522640874
circular,828.945,100.0,100.0,2.5,400.0,433.602,46.5773901248113,0.0,0.0,0.0,765.7632093125121,7088.218424661971,662.1871739396798,40.0,1.2518288372578938
circular,777.933,100.0,100.0,3.0,400.0,426.735,35.58496128755748,0.0,0.0,0.0,914.2034621946295,6939.778171779853,637.0743520266477,33.333333333333336,1.2211023682326179
circular,1638.27,210.0,210.0,2.5,840.0,237.402,26.53904683152888,0.0,0.0,0.0,1629.7011890497015,33006.35781677777,1262.8515975204416,84.0,1.2972783209180534
circular,671.0040000000001,100.0,100.0,2.5,380.0,244.269,35.22605714925214,0.0,0.0,0.0,765.7632093125121,7088.218424661971,436.7422006890826,40.0,1.536384619900033
circular,537.588,100.0,100.0,2.0,380.0,236.421,35.22605714925214,0.0,0.0,0.0,615.7521601035996,7238.229473870883,400.5510265498301,50.0,1.3421211390482404
circular,505.215,100.0,100.0,1.5,380.0,232.497,35.22605714925214,0.0,0.0,0.0,464.1703145678921,7389.811319406591,368.23212148569814,66.66666666666667,1.3720014374672693
circular,538.569,92.0,92.0,3.0,193.2,260.946,20.48057943111823,0.0,0.0,0.0,838.8052385084748,5808.804816487527,337.85056021176746,30.666666666666668,1.5941042088621091
circular,501.2910000000001,92.0,92.0,3.0,322.0,260.946,20.48057943111823,0.0,0.0,0.0,838.8052385084748,5808.804816487527,337.85056021176746,30.666666666666668,1.483765484022838
circular,971.19,108.0,108.0,4.0,432.0,332.3628,40.27806315852059,0.0,0.0,0.0,1306.9025438933531,7853.981633974483,750.7089571146026,27.0,1.29369709898338
circular,1638.27,210.0,210.0,2.5,840.0,237.402,26.53904683152888,0.0,0.0,0.0,1629.7011890497015,33006.35781677777,1262.8515975204416,84.0,1.2972783209180534
circular,2452.5,159.3,159.3,5.25,409.0,357.3783,33.79361146944041,0.0,0.0,0.0,2540.8023284989176,17389.846310974797,1495.6933265413486,30.342857142857145,1.639707790681381
circular,2051.271,159.3,159.3,5.25,409.0,357.3783,33.79361146944041,0.0,0.0,0.0,2540.8023284989176,17389.846310974797,1495.6933265413486,30.342857142857145,1.371451596125907
circular,2109.15,159.3,159.3,5.25,409.0,357.3783,33.79361146944041,0.0,0.0,0.0,2540.8023284989176,17389.846310974797,1495.6933265413486,30.342857142857145,1.4101486999859876
circular,2043.423,159.3,159.3,5.25,409.0,357.3783,33.79361146944041,0.0,0.0,0.0,2540.8023284989176,17389.846310974797,1495.6933265413486,30.342857142857145,1.3662045311957267
circular,1905.102,159.3,159.3,5.25,409.0,357.3783,33.79361146944041,0.0,0.0,0.0,2540.8023284989176,17389.846310974797,1495.6933265413486,30.342857142857145,1.2737250118012968
circular,1912.95,159.3,159.3,5.25,409.0,357.3783,33.79361146944041,0.0,0.0,0.0,2540.8023284989176,17389.846310974797,1495.6933265413486,30.342857142857145,1.2789720767314772
circular,1814.85,159.3,159.3,5.25,409.0,357.3783,33.79361146944041,0.0,0.0,0.0,2540.8023284989176,17389.846310974797,1495.6933265413486,30.342857142857145,1.2133837651042219
circular,627.84,105.3,105.3,3.0,312.0,322.1604,23.14638711209412,0.0,0.0,0.0,964.1547853867087,7744.4107361989045,489.86762017721384,35.1,1.2816523773767157
circular,583.695,105.2,105.2,2.95,312.0,322.1604,23.14638711209412,0.0,0.0,0.0,947.6221540471925,7744.4107361989045,484.54146105182275,35.66101694915254,1.2046337556603286
circular,575.8470000000001,105.1,105.1,2.75,312.0,322.1604,23.14638711209412,0.0,0.0,0.0,884.2405222610178,7791.275444608829,465.2071578856876,38.21818181818182,1.237829191229898
circular,768.123,105.3,105.3,3.15,312.0,322.1604,38.5575445932479,0.0,0.0,0.0,1010.8781221272229,7697.68739945839,622.4688253452542,33.42857142857143,1.2339943282685013
circular,776.9520000000001,105.2,105.2,3.05,312.0,322.1604,38.5575445932479,0.0,0.0,0.0,978.7867531708016,7713.246137075295,612.7301638051845,34.49180327868853,1.2680165689493124
circular,785.781,105.2,105.2,3.05,312.0,322.1604,38.5575445932479,0.0,0.0,0.0,978.7867531708016,7713.246137075295,612.7301638051845,34.49180327868853,1.2824258481419177
circular,758.313,108.3,108.3,4.4,312.0,322.1604,23.14638711209412,0.0,0.0,0.0,1436.2104975151096,7775.638167175587,642.668079424687,24.61363636363636,1.1799450202643293
circular,745.5600000000001,108.2,108.2,4.45,312.0,322.1604,23.14638711209412,0.0,0.0,0.0,1450.4340582542372,7744.4107361989045,646.527545235926,24.314606741573034,1.1531759249761522
circular,738.693,108.2,108.2,4.45,312.0,322.1604,23.14638711209412,0.0,0.0,0.0,1450.4340582542372,7744.4107361989045,646.527545235926,24.314606741573034,1.1425545677724243
circular,1080.081,153.9,153.9,1.83,424.0,357.3783,27.76658389222653,0.0,0.0,0.0,874.2678505414624,17728.052583141416,804.6918174667612,84.09836065573771,1.3422293809326749
circular,1373.4,156.3,156.3,3.03,424.0,357.3783,35.58496128755748,0.0,0.0,0.0,1458.9810752275953,17728.052583141416,1152.260241271881,51.58415841584159,1.1919182410425113
circular,1864.881,159.3,159.3,4.83,420.0,357.3783,33.79361146944041,0.0,0.0,0.0,2343.911177076072,17586.737462397643,1431.9823646337638,32.98136645962733,1.302307239291283
circular,1912.95,159.8,159.8,5.08,425.0,357.3783,33.79361146944041,0.0,0.0,0.0,2469.2214540461355,17586.737462397643,1476.7655383898543,31.45669291338583,1.295364734801251
circular,373.761,101.3,101.3,0.55,300.0,357.3783,35.58496128755748,0.0,0.0,0.0,174.083502917043,7885.428976436917,342.8163511928296,184.18181818181816,1.0902659651428483
circular,343.35,101.3,101.3,0.55,300.0,357.3783,35.58496128755748,0.0,0.0,0.0,174.083502917043,7885.428976436917,342.8163511928296,184.18181818181816,1.0015566608923805
circular,578.7900000000001,105.0,105.0,2.86,321.0,265.1643,27.76658389222653,0.0,0.0,0.0,917.7233026037111,7741.291448853156,458.29667557735826,36.71328671328671,1.2629155541458932
circular,830.907,107.9,107.9,4.3,321.0,265.1643,27.76658389222653,0.0,0.0,0.0,1399.516695321181,7744.410736198906,586.137695255681,25.093023255813957,1.4175969345181723
circular,805.401,107.9,107.9,4.3,320.0,265.1643,27.76658389222653,0.0,0.0,0.0,1399.516695321181,7744.410736198906,586.137695255681,25.093023255813957,1.3740815622661384
circular,485.595,102.7,102.7,1.65,309.0,265.1643,33.79361146944041,0.0,0.0,0.0,523.8055971146614,7760.016597705612,401.1335303942636,62.24242424242425,1.2105569921385566
circular,441.45,102.5,102.5,1.55,311.0,265.1643,33.79361146944041,0.0,0.0,0.0,491.57285648882953,7760.016597705612,392.5865582891332,66.12903225806451,1.1244653966855374
circular,438.5070000000001,102.3,102.3,1.45,312.0,265.1643,33.79361146944041,0.0,0.0,0.0,459.4029477160693,7760.016597705611,384.0562469483404,70.55172413793103,1.1417780689269297
circular,577.809,105.0,105.0,2.8,311.0,265.1643,27.76658389222653,0.0,0.0,0.0,898.9981537512549,7760.016597705612,453.851368006007,37.5,1.273123847876894
circular,586.638,105.2,105.2,2.9,311.0,265.1643,27.76658389222653,0.0,0.0,0.0,932.0162925404848,7760.016597705612,462.6065996653561,36.275862068965516,1.2681142042166427
circular,757.3320000000001,108.55,108.55,4.6,325.7,272.1294,29.70514275411797,0.0,0.0,0.0,1502.2153591670321,7752.211703456849,639.0775196722386,23.597826086956523,1.1850393366807992
circular,1746.18,166.0,166.0,5.0,660.0,274.68,26.53904683152888,0.0,0.0,0.0,2528.9820861397857,19113.4497044403,1201.9135362390891,33.2,1.4528332923714102
circular,1697.13,166.0,166.0,5.0,660.0,274.68,26.53904683152888,0.0,0.0,0.0,2528.9820861397857,19113.4497044403,1201.9135362390891,33.2,1.4120233684283932
circular,1863.9,166.0,166.0,5.0,660.0,274.68,29.67863176753803,0.0,0.0,0.0,2528.9820861397857,19113.4497044403,1261.9218350063186,33.2,1.4770328464842415
circular,1873.71,166.0,166.0,5.0,660.0,274.68,29.67863176753803,0.0,0.0,0.0,2528.9820861397857,19113.4497044403,1261.9218350063186,33.2,1.4848067035710006
circular,1697.13,166.0,166.0,5.0,660.0,274.68,29.67863176753803,0.0,0.0,0.0,2528.9820861397857,19113.4497044403,1261.9218350063186,33.2,1.3448772760093357
circular,1736.37,166.0,166.0,5.0,660.0,274.68,29.67863176753803,0.0,0.0,0.0,2528.9820861397857,19113.4497044403,1261.9218350063186,33.2,1.375972704356372
circular,2030.67,166.0,166.0,5.0,660.0,274.68,29.67863176753803,0.0,0.0,0.0,2528.9820861397857,19113.4497044403,1261.9218350063186,33.2,1.6091884169591473
circular,2109.15,166.0,166.0,5.0,660.0,274.68,29.67863176753803,0.0,0.0,0.0,2528.9820861397857,19113.4497044403,1261.9218350063186,33.2,1.6713792736532207
circular,1785.42,166.0,166.0,5.0,350.0,274.68,29.67863176753803,0.0,0.0,0.0,2528.9820861397857,19113.4497044403,1261.9218350063186,33.2,1.414841989790168
circular,2040.48,166.0,166.0,5.0,350.0,274.68,29.67863176753803,0.0,0.0,0.0,2528.9820861397857,19113.4497044403,1261.9218350063186,33.2,1.6169622740459064
circular,2001.24,166.0,166.0,5.0,500.0,274.68,29.67863176753803,0.0,0.0,0.0,2528.9820861397857,19113.4497044403,1261.9218350063186,33.2,1.5858668456988698
circular,2045.385,166.0,166.0,5.0,500.0,274.68,29.67863176753803,0.0,0.0,0.0,2528.9820861397857,19113.4497044403,1261.9218350063186,33.2,1.620849202589286
circular,1976.715,166.0,166.0,5.0,660.0,274.68,29.67863176753803,0.0,0.0,0.0,2528.9820861397857,19113.4497044403,1261.9218350063186,33.2,1.5664322029819717
circular,5905.62,320.0,320.0,7.0,440.0,250.155,47.31262406528706,0.0,0.0,0.0,6883.2295040152385,73541.54242788347,5201.317626648741,45.714285714285715,1.1354084529932944
circular,5895.81,320.0,320.0,7.0,520.0,250.155,47.31262406528706,0.0,0.0,0.0,6883.2295040152385,73541.54242788347,5201.317626648741,45.714285714285715,1.1335223924401494
circular,6386.31,320.0,320.0,7.0,520.0,250.155,47.31262406528706,0.0,0.0,0.0,6883.2295040152385,73541.54242788347,5201.317626648741,45.714285714285715,1.2278254200973997
circular,1118.34,108.0,108.0,4.0,324.0,339.2298,29.02976119189817,0.0,0.0,0.0,1306.9025438933531,7853.981633974483,671.3394998242669,27.0,1.6658337551905438
circular,1059.48,108.0,108.0,4.0,324.0,339.2298,29.02976119189817,0.0,0.0,0.0,1306.9025438933531,7853.981633974483,671.3394998242669,27.0,1.5781582943910415
circular,1074.195,108.0,108.0,4.0,324.0,339.2298,29.02976119189817,0.0,0.0,0.0,1306.9025438933531,7853.981633974483,671.3394998242669,27.0,1.6000771595909171
circular,627.84,101.8,101.8,2.94,200.0,319.806,17.9523,0.0,0.0,0.0,913.0988782176282,7226.170784629344,421.7408856241682,34.625850340136054,1.4886865879052946
circular,660.213,101.8,101.8,2.94,200.0,319.806,37.3761,0.0,0.0,0.0,913.0988782176282,7226.170784629344,562.1005817106517,34.625850340136054,1.1745460180645266
circular,953.532,101.8,101.8,5.7,200.0,305.091,17.9523,0.0,0.0,0.0,1720.870207856883,6418.399454990089,640.2470451210828,17.859649122807017,1.4893188610025825
circular,971.19,101.8,101.8,5.7,200.0,305.091,37.3761,0.0,0.0,0.0,1720.870207856883,6418.399454990089,764.9167524549194,17.859649122807017,1.2696675773972377
circular,238.383,100.0,100.0,0.52,200.0,244.269,17.9523,0.0,0.0,0.0,162.51333133313892,7691.468302641344,177.7765153409227,192.3076923076923,1.3409138971075678
circular,242.307,100.0,100.0,0.52,200.0,244.269,17.9523,0.0,0.0,0.0,162.51333133313892,7691.468302641344,177.7765153409227,192.3076923076923,1.3629865538500792
circular,237.402,100.0,100.0,0.52,200.0,244.269,17.9523,0.0,0.0,0.0,162.51333133313892,7691.468302641344,177.7765153409227,192.3076923076923,1.33539573292194
circular,389.4570000000001,100.0,100.0,0.52,200.0,244.269,37.3761,0.0,0.0,0.0,162.51333133313892,7691.468302641344,327.17405735776765,192.3076923076923,1.1903663852361177
circular,394.362,100.0,100.0,0.52,200.0,244.269,37.3761,0.0,0.0,0.0,162.51333133313892,7691.468302641344,327.17405735776765,192.3076923076923,1.2053584052013078
circular,404.172,100.0,100.0,0.52,200.0,244.269,37.3761,0.0,0.0,0.0,162.51333133313892,7691.468302641344,327.17405735776765,192.3076923076923,1.2353424451316886
circular,538.569,150.0,150.0,0.7000000000000001,480.0,245.25,22.563,0.0,0.0,0.0,328.32784822667236,17343.130828215915,471.83546565462706,214.28571428571428,1.1414339090699477
circular,744.5790000000001,150.0,150.0,0.7000000000000001,480.0,245.25,33.4521,0.0,0.0,0.0,328.32784822667236,17343.130828215915,660.686551556153,214.28571428571428,1.1269776844197152
circular,2230.0,159.0,159.0,5.07,477.0,391.5,41.5,0.0,0.0,0.0,2451.7777608370743,17403.873208013814,1682.131731500288,31.360946745562128,1.3256987893635834
circular,16650.0,630.0,630.0,7.0,1890.0,291.4,36.0,0.0,0.0,0.0,13700.485562305083,298024.04549014213,14721.187130500815,90.0,1.1310229163178613
circular,18000.0,630.0,630.0,7.61,1890.0,349.5,35.0,0.0,0.0,0.0,14879.801431191561,296844.72962125565,15590.056136945399,82.78580814717476,1.1545821157977425
circular,18600.0,630.0,630.0,8.44,1890.0,350.0,34.5,0.0,0.0,0.0,16480.68950321892,295243.8415492283,15954.153859574997,74.64454976303318,1.165840580685956
circular,20500.0,630.0,630.0,10.21,1890.0,323.3,38.4,0.0,0.0,0.0,19880.173926945543,291844.3571255017,17634.083544200756,61.704211557296766,1.1625214289484154
circular,24400.0,630.0,630.0,11.6,1890.0,347.2,46.0,0.0,0.0,0.0,22536.02640496724,289188.50464748,21127.179581588705,54.310344827586206,1.1549104273844197
circular,15000.0,720.0,720.0,8.3,2160.0,312.0,15.0,0.0,0.0,0.0,18557.733379946847,388592.6745252903,11618.902932422772,86.74698795180723,1.29099968277919
circular,33600.0,820.0,820.0,8.93,2460.0,331.0,45.0,0.0,0.0,0.0,22754.10037317546,505347.6246952688,30272.25033480817,91.82530795072789,1.1099273964897634
circular,30000.0,1020.0,1020.0,9.64,3060.0,336.0,16.9,0.0,0.0,0.0,30598.70529555669,786529.5439031485,23573.514271270258,105.80912863070539,1.2726146663911664
circular,46000.0,1020.0,1020.0,13.25,3060.0,368.7,28.9,0.0,0.0,0.0,41907.07885302021,775221.170345685,37855.03179609885,76.98113207547169,1.2151621017721754
circular,2923.38,178.0,178.0,9.0,360.0,283.4109,22.1706,0.0,0.0,0.0,4778.362426110074,20106.192982974677,1800.0063578583781,19.77777777777778,1.6240942634659334
circular,2854.71,178.0,178.0,9.0,360.0,283.4109,22.1706,0.0,0.0,0.0,4778.362426110074,20106.192982974677,1800.0063578583781,19.77777777777778,1.5859443982167336
circular,3217.68,178.0,178.0,9.0,360.0,283.4109,45.4203,0.0,0.0,0.0,4778.362426110074,20106.192982974677,2267.469312854644,19.77777777777778,1.41906220373456
circular,3178.44,178.0,178.0,9.0,360.0,283.4109,45.4203,0.0,0.0,0.0,4778.362426110074,20106.192982974677,2267.469312854644,19.77777777777778,1.401756567103651
circular,1814.85,179.0,179.0,5.5,360.0,248.5854,22.1706,0.0,0.0,0.0,2997.864789688061,22167.07776372958,1236.6828321590656,32.54545454545455,1.467514509626967
circular,1814.85,179.0,179.0,5.5,360.0,248.5854,23.9364,0.0,0.0,0.0,2997.864789688061,22167.07776372958,1275.8254580742591,32.54545454545455,1.4224908184065779
circular,2040.48,179.0,179.0,5.5,360.0,248.5854,43.65450000000001,0.0,0.0,0.0,2997.864789688061,22167.07776372958,1712.9181141272556,32.54545454545455,1.1912303239548843
circular,2030.67,179.0,179.0,5.5,360.0,248.5854,43.65450000000001,0.0,0.0,0.0,2997.864789688061,22167.07776372958,1712.9181141272556,32.54545454545455,1.1855032550897164
circular,1314.54,174.0,174.0,3.0,360.0,266.0472,23.9364,0.0,0.0,0.0,1611.6370312915642,22167.07776372958,959.3715597751697,58.0,1.37020947369762
circular,1304.73,174.0,174.0,3.0,360.0,266.0472,23.9364,0.0,0.0,0.0,1611.6370312915642,22167.07776372958,959.3715597751697,58.0,1.3599840298640558
circular,1608.84,174.0,174.0,3.0,360.0,266.0472,45.7146,0.0,0.0,0.0,1611.6370312915642,22167.07776372958,1442.1306127292253,58.0,1.1155993679069596
circular,1677.51,174.0,174.0,3.0,360.0,266.0472,45.7146,0.0,0.0,0.0,1611.6370312915642,22167.07776372958,1442.1306127292253,58.0,1.1632164140981103
circular,11481.0,323.9,323.9,5.6,1000.0,443.9,92.3,0.0,0.0,0.0,5599.826073170727,76797.24558063327,9574.148560972937,57.839285714285715,1.1991666858815992
circular,1548.0,152.0,152.0,1.7,500.0,270.0,73.0,0.0,0.0,0.0,802.7083389187283,17343.130828215915,1482.7798019678185,89.41176470588236,1.04398508662286
circular,1448.0,152.0,152.0,1.7,500.0,270.0,73.0,0.0,0.0,0.0,802.7083389187283,17343.130828215915,1482.7798019678185,89.41176470588236,0.9765441895541997
circular,1535.0,133.1,133.1,4.5,397.0,324.3,67.47809508364855,0.0,0.0,0.0,1818.0396686324111,12095.767888833056,1405.7896402499107,29.577777777777776,1.0919130117697546
circular,1145.0,113.6,113.6,3.2,337.0,354.6,67.47809508364855,0.0,0.0,0.0,1109.861852660204,9025.67003005733,1002.592033435154,35.49999999999999,1.1420397946679444
circular,894.0,111.3,111.3,2.0,339.0,354.6,67.47809508364855,0.0,0.0,0.0,686.7521540747293,9042.516820662206,853.6941236550347,55.65,1.0472134869247998
circular,1250.0,130.6,130.6,2.3,396.0,324.3,67.47809508364855,0.0,0.0,0.0,927.0525761478093,12468.981242097889,1142.0262522952462,56.78260869565218,1.0945457667787828
circular,3030.0,190.0,190.0,1.11,662.0,203.1,110.3,0.0,0.0,0.0,658.6911343335996,27694.182564314284,3188.4485062270196,171.17117117117115,0.9503054523485104
circular,2940.0,190.0,190.0,1.11,656.0,203.1,110.3,0.0,0.0,0.0,658.6911343335996,27694.182564314284,3188.4485062270196,171.17117117117115,0.9220785577242971
circular,3140.0,190.0,190.0,1.11,662.0,203.1,110.3,0.0,0.0,0.0,658.6911343335996,27694.182564314284,3188.4485062270196,171.17117117117115,0.9848049902225486
circular,2462.0,190.0,190.0,1.11,662.0,203.1,94.7,0.0,0.0,0.0,658.6911343335996,27694.182564314284,2756.419258223717,171.17117117117115,0.8931877807248213
circular,3055.0,190.0,190.0,1.11,664.0,203.1,110.3,0.0,0.0,0.0,658.6911343335996,27694.182564314284,3188.4485062270196,171.17117117117115,0.9581462564107918
circular,3000.0,190.0,190.0,1.11,660.0,203.1,110.3,0.0,0.0,0.0,658.6911343335996,27694.182564314284,3188.4485062270196,171.17117117117115,0.9408964874737726
circular,1275.0,125.0,125.0,1.0,438.0,232.0,84.7,0.0,0.0,0.0,389.5574890451335,11882.288814039995,1096.8072000076586,125.0,1.1624650166329116
circular,1239.0,125.0,125.0,1.0,438.0,232.0,84.7,0.0,0.0,0.0,389.5574890451335,11882.288814039995,1096.8072000076586,125.0,1.129642474986806
circular,1491.0,127.0,127.0,2.0,445.0,258.0,84.7,0.0,0.0,0.0,785.3981633974472,11882.288814039995,1209.062588705729,63.5,1.2331867795165823
circular,1339.0,127.0,127.0,2.0,445.0,258.0,84.7,0.0,0.0,0.0,785.3981633974472,11882.288814039995,1209.062588705729,63.5,1.107469549143329
circular,1995.0,133.0,133.0,3.5,465.0,352.0,84.7,0.0,0.0,0.0,1423.926870239573,12468.981242097889,1557.3449695300208,38.0,1.2810263872377974
circular,1991.0,133.0,133.0,3.5,465.0,352.0,84.7,0.0,0.0,0.0,1423.926870239573,12468.981242097889,1557.3449695300208,38.0,1.2784579132784233
circular,1962.0,133.0,133.0,3.5,465.0,352.0,84.7,0.0,0.0,0.0,1423.926870239573,12468.981242097889,1557.3449695300208,38.0,1.2598364770729615
circular,2273.0,133.0,133.0,4.7,465.0,352.0,84.7,0.0,0.0,0.0,1894.4117860411807,11998.496326296281,1683.1055875237905,28.29787234042553,1.3504797422389112
circular,2158.0,133.0,133.0,4.7,465.0,352.0,84.7,0.0,0.0,0.0,1894.4117860411807,11998.496326296281,1683.1055875237905,28.29787234042553,1.2821536664107218
circular,2253.0,133.0,133.0,4.7,465.0,352.0,84.7,0.0,0.0,0.0,1894.4117860411807,11998.496326296281,1683.1055875237905,28.29787234042553,1.3385969464427043
circular,1535.0,108.0,108.0,4.5,378.0,358.0,77.4,0.0,0.0,0.0,1463.1967784094459,7697.68739945839,1119.625451388661,24.0,1.370994199976567
circular,1578.0,108.0,108.0,4.5,378.0,358.0,77.4,0.0,0.0,0.0,1463.1967784094459,7697.68739945839,1119.625451388661,24.0,1.4093999006925229
circular,1518.0,108.0,108.0,4.5,378.0,358.0,77.4,0.0,0.0,0.0,1463.1967784094459,7697.68739945839,1119.625451388661,24.0,1.3558105508563052
circular,1662.0,165.0,165.0,2.82,580.5,363.3,48.3,0.0,0.0,0.0,1436.79986029692,19945.66513819861,1485.365015420864,58.51063829787234,1.1189168875968767
circular,1678.0,190.0,190.0,1.94,663.5,256.4,41.0,0.0,0.0,0.0,1146.1673540021475,27206.706344645736,1409.3522696966259,97.93814432989691,1.1906178718264686
circular,1695.0,190.0,190.0,1.52,664.5,306.1,48.3,0.0,0.0,0.0,900.0336226898762,27452.840075958007,1601.472467574143,125.0,1.058400961814554
circular,1377.0,190.0,190.0,1.13,664.5,185.7,41.0,0.0,0.0,0.0,670.4884430663587,27682.385255581525,1259.4874993562653,168.141592920354,1.0933018396004694
circular,1350.0,190.0,190.0,0.86,659.0,210.7,41.0,0.0,0.0,0.0,511.0127176699789,27841.860980977905,1249.1866798331587,220.93023255813955,1.0807031661435151
circular,2295.0,165.0,165.0,2.82,580.5,363.3,80.2,0.0,0.0,0.0,1436.79986029692,19945.66513819861,2121.6317333293996,58.51063829787234,1.081714589741048
circular,2592.0,190.0,190.0,1.94,663.5,256.4,74.7,0.0,0.0,0.0,1146.1673540021475,27206.706344645736,2326.2182735111874,97.93814432989691,1.1142548528292844
circular,2602.0,190.0,190.0,1.52,663.5,306.1,80.2,0.0,0.0,0.0,900.0336226898762,27452.840075958007,2477.218065997203,125.0,1.0503718004141738
circular,2295.0,190.0,190.0,1.13,662.5,185.7,80.2,0.0,0.0,0.0,670.4884430663587,27682.385255581525,2344.6370013750616,168.141592920354,0.9788295581166931
circular,2451.0,190.0,190.0,0.86,663.5,210.7,74.7,0.0,0.0,0.0,511.0127176699789,27841.860980977905,2187.4573948921143,220.93023255813955,1.1204789660010195
circular,2673.0,165.0,165.0,2.82,577.5,363.3,108.0,0.0,0.0,0.0,1436.79986029692,19945.66513819861,2676.121224171321,58.51063829787234,0.9988336760894352
circular,3360.0,190.0,190.0,1.94,660.0,256.4,108.0,0.0,0.0,0.0,1146.1673540021475,27206.706344645736,3232.20159478789,97.93814432989691,1.0395391195333212
circular,3260.0,190.0,190.0,1.52,661.5,306.1,108.0,0.0,0.0,0.0,900.0336226898762,27452.840075958007,3240.4070201088357,125.0,1.0060464564388292
circular,3058.0,190.0,190.0,1.13,660.0,185.7,108.0,0.0,0.0,0.0,670.4884430663587,27682.385255581525,3114.207311480228,168.141592920354,0.9819513263381584
circular,3070.0,190.0,190.0,0.86,662.0,210.7,108.0,0.0,0.0,0.0,511.0127176699789,27841.860980977905,3114.5913655586783,220.93023255813955,0.9856830767426598
circular,660.0,101.4,101.4,3.03,304.2,371.0,23.2,0.0,0.0,0.0,936.386562080892,7139.045938045136,513.025280294658,33.46534653465347,1.286486310423
circular,649.0,101.9,101.9,3.03,305.7,371.0,23.2,0.0,0.0,0.0,941.1460749510807,7214.122148484298,516.5328276516866,33.630363036303635,1.2564545083234089
circular,682.0,101.8,101.8,3.03,305.4,371.0,23.2,0.0,0.0,0.0,940.1941723770451,7199.075490469927,515.830589330786,33.5973597359736,1.32213950491923
circular,3568.0,216.4,216.4,6.61,649.2,452.0,24.3,0.0,0.0,0.0,4356.4839176855385,32422.89526012703,2757.0070856149505,32.73827534039334,1.2941569931453976
circular,6565.0,318.3,318.3,10.36,954.9000000000001,331.0,24.2,0.0,0.0,0.0,10022.492352493122,69550.03617832139,5000.555844190601,30.723938223938227,1.3128540515404687
circular,800.0,101.7,101.7,3.03,305.1,371.0,40.2,0.0,0.0,0.0,939.2422698030068,7184.044540418828,637.2574726217524,33.56435643564357,1.2553795512333588
circular,742.0,101.3,101.3,3.03,303.9,371.0,40.2,0.0,0.0,0.0,935.4346595068546,7124.077819847105,633.4341870348968,33.43234323432343,1.1713924116936274
circular,4023.0,216.4,216.4,6.61,649.2,452.0,38.3,0.0,0.0,0.0,4356.4839176855385,32422.89526012703,3210.927619256728,32.73827534039334,1.2529089649586223
circular,7933.0,318.3,318.3,10.36,954.9000000000001,331.0,39.3,0.0,0.0,0.0,10022.492352493122,69550.03617832139,6050.761390483253,30.723938223938227,1.3110746711111705
circular,877.0,101.9,101.9,3.03,305.7,371.0,51.3,0.0,0.0,0.0,941.1460749510807,7214.122148484298,719.2496600240953,33.630363036303635,1.2193262628314903
circular,862.0,101.5,101.5,3.03,304.5,371.0,51.3,0.0,0.0,0.0,937.3384646549312,7154.029764206431,714.7542972907693,33.4983498349835,1.2060088386559635
circular,4214.0,216.4,216.4,6.61,649.2,452.0,46.8,0.0,0.0,0.0,4356.4839176855385,32422.89526012703,3486.522228967808,32.73827534039334,1.2086542758821197
circular,8289.0,318.5,318.5,10.36,955.5,331.0,52.5,0.0,0.0,0.0,10029.00173247137,69643.55510843343,6975.886216640778,30.743243243243246,1.1882361240679107
circular,640.0,120.0,120.0,2.65,360.0,340.0,15.31997874397733,0.0,0.0,0.0,976.964629431719,10332.768923491536,490.4657742811043,45.28301886792453,1.3048820805856924
circular,816.0,120.0,120.0,2.65,360.0,340.0,29.26113429175784,0.0,0.0,0.0,976.964629431719,10332.768923491536,634.5165130827723,45.28301886792453,1.2860185403772986
circular,815.4,157.5,157.5,1.5,450.0,308.0,18.7,0.0,0.0,0.0,735.1326809400125,18747.65050983794,577.0019302634934,105.0,1.413166849593796
circular,907.5,157.7,157.7,2.14,450.0,286.0,18.7,0.0,0.0,0.0,1045.8311678317987,18486.463523166727,644.8045818831122,73.69158878504672,1.4074031505013533
circular,948.0,114.43,114.43,3.98,300.0,343.0,25.14935006178112,0.0,0.0,0.0,1381.015856184189,8903.164331388947,697.5972350988409,28.751256281407038,1.358950340257126
circular,1308.0,114.57,114.57,3.99,300.0,343.0,83.84725023258409,0.0,0.0,0.0,1386.1152893794988,8923.244763312157,1223.627080813198,28.71428571428571,1.0689531316442664
circular,929.0,114.43,114.43,3.82,300.0,343.0,28.09362941983472,0.0,0.0,0.0,1327.4177722398254,8956.76241533331,706.9322599761379,29.955497382198956,1.3141287399041004
circular,1359.0,114.26,114.26,3.93,300.0,343.0,87.39077416299689,0.0,0.0,0.0,1362.184835659309,8891.461191895976,1244.2610756311753,29.07379134860051,1.0922145091701283
circular,1380.0,114.88,114.88,4.91,300.5,365.0,28.09362941983472,0.0,0.0,0.0,1696.3114356059723,8668.913595749063,862.694920027721,23.397148676171078,1.5996384909229053
circular,1787.0,115.04,115.04,4.92,300.0,365.0,95.00833736524199,0.0,0.0,0.0,1702.0847404254764,8692.032890246097,1447.0765234815794,23.382113821138212,1.2349035942484818
circular,1413.0,115.02,115.02,5.02,300.5,365.0,49.1692770670088,0.0,0.0,0.0,1734.7874633122847,8655.716393329862,1058.79274166607,22.912350597609564,1.3345388048057119
circular,1038.0,114.49,114.49,3.75,299.3,343.0,49.1692770670088,0.0,0.0,0.0,1304.6248892195017,8990.34289920753,889.5349979408393,30.530666666666665,1.1669018109493594
circular,1067.0,114.29,114.29,3.75,300.0,343.0,49.1692770670088,0.0,0.0,0.0,1302.2686947293078,8956.76241533331,887.0756951150471,30.477333333333334,1.2028285814567583
circular,998.0,114.3,114.3,3.85,300.0,343.0,25.5935908226505,0.0,0.0,0.0,1335.9072980676228,8924.919153656707,686.6369321811206,29.688311688311686,1.4534609969636008
circular,948.0,114.09,114.09,3.85,300.5,343.0,25.5935908226505,0.0,0.0,0.0,1333.3673204071965,8889.789943144082,684.8666372038116,29.633766233766234,1.384211098193533
circular,1359.0,114.54,114.54,3.84,300.0,343.0,89.06815755636111,0.0,0.0,0.0,1335.453337929177,8968.508437566003,1256.8690174723906,29.828125000000004,1.0812582545259954
circular,1182.0,114.37,114.37,3.85,299.5,343.0,89.06815755636111,0.0,0.0,0.0,1336.753957287765,8936.644284298252,1254.477048488734,29.70649350649351,0.9422252893538012
circular,708.0,100.0,100.0,3.0,300.0,303.5,50.01632759829074,0.0,0.0,0.0,914.2034621946295,6939.778171779853,624.5629692752784,33.333333333333336,1.1335926637173817
circular,820.0,100.0,100.0,3.0,300.0,303.5,50.01632759829074,0.0,0.0,0.0,914.2034621946295,6939.778171779853,624.5629692752784,33.333333333333336,1.3129180568478147
circular,766.0,100.0,100.0,3.0,300.0,303.5,50.01632759829074,0.0,0.0,0.0,914.2034621946295,6939.778171779853,624.5629692752784,33.333333333333336,1.2264575994456417
circular,820.0,100.0,100.0,3.0,300.0,303.5,50.01632759829074,0.0,0.0,0.0,914.2034621946295,6939.778171779853,624.5629692752784,33.333333333333336,1.3129180568478147
circular,780.0,100.0,100.0,3.0,300.0,303.5,50.01632759829074,0.0,0.0,0.0,914.2034621946295,6939.778171779853,624.5629692752784,33.333333333333336,1.2488732735869459
circular,814.0,100.0,100.0,3.0,300.0,303.5,50.01632759829074,0.0,0.0,0.0,914.2034621946295,6939.778171779853,624.5629692752784,33.333333333333336,1.3033113393586844
circular,2320.0,200.0,200.0,3.0,600.0,303.5,50.01632759829074,0.0,0.0,0.0,1856.6812582715684,29559.245277626364,2041.9476572494098,66.66666666666667,1.1361701617391793
circular,2330.0,200.0,200.0,3.0,600.0,303.5,50.01632759829074,0.0,0.0,0.0,1856.6812582715684,29559.245277626364,2041.9476572494098,66.66666666666667,1.1410674469190896
circular,2160.0,200.0,200.0,3.0,600.0,303.5,50.01632759829074,0.0,0.0,0.0,1856.6812582715684,29559.245277626364,2041.9476572494098,66.66666666666667,1.0578135988606152
circular,2160.0,200.0,200.0,3.0,600.0,303.5,50.01632759829074,0.0,0.0,0.0,1856.6812582715684,29559.245277626364,2041.9476572494098,66.66666666666667,1.0578135988606152
circular,2383.0,200.0,200.0,3.0,600.0,303.5,50.01632759829074,0.0,0.0,0.0,1856.6812582715684,29559.245277626364,2041.9476572494098,66.66666666666667,1.1670230583726138
circular,2256.0,200.0,200.0,3.0,600.0,303.5,50.01632759829074,0.0,0.0,0.0,1856.6812582715684,29559.245277626364,2041.9476572494098,66.66666666666667,1.1048275365877536
circular,941.0,149.0,149.0,2.96,447.0,308.0,25.4,0.0,0.0,0.0,1358.042645745547,16078.581979841201,826.6731171775949,50.33783783783784,1.1382975694343815
circular,1781.0,149.0,149.0,2.96,447.0,308.0,77.0,0.0,0.0,0.0,1358.042645745547,16078.581979841201,1656.3279473374012,50.33783783783784,1.0752701497689592
circular,3277.0,300.0,300.0,2.96,900.0,279.0,41.1,0.0,0.0,0.0,2762.2088981940615,67923.62580757629,3562.3173032875284,101.35135135135135,0.9199068249691795
circular,5540.0,301.0,301.0,2.96,903.0,279.0,80.3,0.0,0.0,0.0,2771.508012448685,68386.35098952353,6264.6747199319225,101.6891891891892,0.8843236477025262
circular,6870.0,450.0,450.0,2.96,1350.0,279.0,41.1,0.0,0.0,0.0,4157.076036387909,154886.05205159535,7525.640953472797,152.02702702702703,0.9128790547507792
circular,6985.0,450.0,450.0,2.96,1350.0,279.0,41.1,0.0,0.0,0.0,4157.076036387909,154886.05205159535,7525.640953472797,152.02702702702703,0.9281601451869276
circular,1509.0,122.0,122.0,4.54,366.0,576.0,25.4,0.0,0.0,0.0,1675.3120878315822,10014.554176176038,1219.3494386658626,26.87224669603524,1.237545163141302
circular,1657.0,122.0,122.0,4.54,366.0,576.0,40.5,0.0,0.0,0.0,1675.3120878315822,10014.554176176038,1370.5692067261207,26.87224669603524,1.2089867420544758
circular,1663.0,122.0,122.0,4.54,366.0,576.0,40.5,0.0,0.0,0.0,1675.3120878315822,10014.554176176038,1370.5692067261207,26.87224669603524,1.2133644852363266
circular,2100.0,122.0,122.0,4.54,366.0,576.0,77.0,0.0,0.0,0.0,1675.3120878315822,10014.554176176038,1736.1004341565463,26.87224669603524,1.2096074389960325
circular,5578.0,238.0,238.0,4.54,714.0,507.0,77.0,0.0,0.0,0.0,3329.8004429181237,41158.29312456694,4857.3973951511425,52.42290748898678,1.1483515854741868
circular,7260.0,361.0,361.0,4.54,1083.0,525.0,41.1,0.0,0.0,0.0,5084.128612535715,97269.74543958314,6666.954059148118,79.51541850220265,1.088953056461838
circular,7045.0,360.0,360.0,4.54,1080.0,525.0,41.1,0.0,0.0,0.0,5069.865781888409,96717.73619442088,6636.7784930821135,79.29515418502203,1.061508984719529
circular,11505.0,360.0,360.0,4.54,1080.0,525.0,85.1,0.0,0.0,0.0,5069.865781888409,96717.73619442088,10892.358885636631,79.29515418502203,1.0562450356984874
circular,2275.0,108.0,108.0,6.47,324.0,853.0,25.4,0.0,0.0,0.0,2063.7093867097465,7097.17479115809,1940.6123465588291,16.69242658423493,1.1723103813258327
circular,2446.0,109.0,109.0,6.47,327.0,853.0,40.5,0.0,0.0,0.0,2084.0354911784725,7247.28008814661,2071.1971175451745,16.846986089644513,1.1809595423245132
circular,2402.0,108.0,108.0,6.47,324.0,853.0,40.5,0.0,0.0,0.0,2063.7093867097465,7097.17479115809,2047.7796859053165,16.69242658423493,1.172977745864338
circular,2713.0,108.0,108.0,6.47,324.0,853.0,77.0,0.0,0.0,0.0,2063.7093867097465,7097.17479115809,2306.8265657825864,16.69242658423493,1.1760745433758346
circular,4964.0,222.0,222.0,6.47,666.0,843.0,25.4,0.0,0.0,0.0,4380.885296144508,34326.67778873533,4564.983920483698,34.31221020092736,1.087407992331772
circular,5638.0,222.0,222.0,6.47,666.0,843.0,40.5,0.0,0.0,0.0,4380.885296144508,34326.67778873533,5083.316755093601,34.31221020092736,1.1091183712584098
circular,5714.0,222.0,222.0,6.47,666.0,843.0,40.5,0.0,0.0,0.0,4380.885296144508,34326.67778873533,5083.316755093601,34.31221020092736,1.1240692396897045
circular,7304.0,222.0,222.0,6.47,666.0,843.0,77.0,0.0,0.0,0.0,4380.885296144508,34326.67778873533,6336.240494382441,34.31221020092736,1.1527340236652242
circular,8475.0,337.0,337.0,6.47,1011.0,823.0,25.4,0.0,0.0,0.0,6718.387310047983,82478.49670883681,7624.186572573945,52.08655332302937,1.1115939935791495
circular,9668.0,337.0,337.0,6.47,1011.0,823.0,41.1,0.0,0.0,0.0,6718.387310047983,82478.49670883681,8919.098970902684,52.08655332302937,1.0839659960653538
circular,9835.0,337.0,337.0,6.47,1011.0,823.0,41.1,0.0,0.0,0.0,6718.387310047983,82478.49670883681,8919.098970902684,52.08655332302937,1.1026898604988369
circular,13776.0,337.0,337.0,6.47,1011.0,823.0,85.1,0.0,0.0,0.0,6718.387310047983,82478.49670883681,12548.152826091502,52.08655332302937,1.097850830391181
circular,1287.0,180.0,180.0,1.49,555.0,222.7,37.22809162618653,0.0,0.0,0.0,835.6004998425451,24611.299994234778,1102.3199625398713,120.80536912751678,1.1675375968286057
circular,1024.0,150.0,150.0,1.5,459.0,222.7,37.22809162618653,0.0,0.0,0.0,699.7897635871268,16971.66891285546,787.6660256879378,100.0,1.3000433770209283
circular,800.0,135.0,135.0,1.46,417.0,222.7,37.22809162618653,0.0,0.0,0.0,612.511293122152,13701.370234796343,646.4821314836064,92.46575342465754,1.23746653007112
circular,690.0,120.0,120.0,1.51,369.0,222.7,41.43636565413904,0.0,0.0,0.0,562.0934434210194,10747.640109502236,570.5213553462866,79.47019867549669,1.209420109403607
circular,3400.0,219.0,219.0,4.78,650.0,350.0,42.53145659829807,0.0,0.0,0.0,3216.901656044589,34451.57965866043,2591.1914446107307,45.81589958158995,1.3121377067956377
circular,3350.0,219.0,219.0,4.72,650.0,350.0,42.53145659829807,0.0,0.0,0.0,3177.4118363889575,34491.06947831606,2579.049567282018,46.398305084745765,1.2989281177447332
circular,3150.0,219.0,219.0,4.75,650.0,350.0,35.24854805639799,0.0,0.0,0.0,3197.159573650162,34471.32174105485,2334.069891734686,46.10526315789474,1.3495739828334417
circular,2080.0,165.0,165.0,2.73,510.0,350.0,67.86437737543977,0.0,0.0,0.0,1391.7164349215855,19990.748563573943,1843.7604567584676,60.43956043956044,1.1281291950782302
circular,1750.0,165.0,165.0,2.72,510.0,350.0,48.60525414120258,0.0,0.0,0.0,1386.7040238427799,19995.76097465275,1457.2454522647104,60.66176470588235,1.2008958389819084
circular,1560.0,165.0,165.0,2.75,510.0,350.0,38.64498875606527,0.0,0.0,0.0,1401.7393721235967,19980.725626371932,1262.7636974124273,60.0,1.2353855303226169
circular,1125.0,100.0,100.0,1.9,300.0,404.0,111.6939168870714,0.0,0.0,0.0,585.5614547026016,7268.420179271881,1048.4051471037571,52.631578947368425,1.0730584479748482
circular,1085.0,100.0,100.0,1.9,300.0,404.0,111.6939168870714,0.0,0.0,0.0,585.5614547026016,7268.420179271881,1048.4051471037571,52.631578947368425,1.0349052587135201
circular,1100.0,100.0,100.0,1.9,300.0,404.0,111.6939168870714,0.0,0.0,0.0,585.5614547026016,7268.420179271881,1048.4051471037571,52.631578947368425,1.0492127046865183
circular,1170.0,100.0,100.0,1.9,300.0,404.0,111.6939168870714,0.0,0.0,0.0,585.5614547026016,7268.420179271881,1048.4051471037571,52.631578947368425,1.115980785893842
circular,666.6,111.64,111.64,1.9,400.0,261.3,40.02936264944394,0.0,0.0,0.0,655.040917829394,9133.760923533804,536.7808201902753,58.75789473684211,1.2418476497794892
circular,701.9,111.64,111.64,1.9,400.0,261.3,48.32344803866312,0.0,0.0,0.0,655.040917829394,9133.760923533804,612.5370132147782,58.75789473684211,1.1458899378442748
circular,1011.0,113.64,113.64,3.64,400.0,259.6,48.32344803866312,0.0,0.0,0.0,1257.8936984973534,8884.777139366199,755.8922705591775,31.21978021978022,1.3374921789478076
circular,752.0,76.21,76.21,2.52,300.0,286.0,145.0,0.0,0.0,0.0,583.3899858604414,3978.1743513578717,743.6848169029777,30.24206349206349,1.0111810580343032
circular,762.0,76.12,76.12,2.51,300.0,286.0,145.0,0.0,0.0,0.0,580.4441144291686,3970.3526495884153,741.7081509170625,30.32669322709164,1.0273582662639587
circular,774.0,76.11,76.11,2.48,300.0,286.0,145.0,0.0,0.0,0.0,573.6623583678643,3975.9387940255797,740.5785596269183,30.68951612903226,1.045128825211897
circular,805.0,76.19,76.19,2.99,300.0,278.0,145.0,0.0,0.0,0.0,687.5941009058915,3871.5763427103866,752.529729744844,25.481605351170565,1.0697251791938465
circular,796.0,75.84,75.84,2.99,300.0,278.0,145.0,0.0,0.0,0.0,684.3064241939087,3833.0725904489095,746.0327115409985,25.36454849498328,1.0669773425293771
circular,801.0,75.97,75.97,2.98,300.0,278.0,145.0,0.0,0.0,0.0,683.3284464008457,3849.55063661607,748.1501504087652,25.493288590604028,1.0706406990125703
circular,841.0,76.18,76.18,3.31,300.0,305.0,145.0,0.0,0.0,0.0,757.7512055680622,3800.2225268666475,782.1463840939228,23.01510574018127,1.0752462928972766
circular,901.81,114.3,114.3,2.74,300.0,235.0,56.2,0.0,0.0,0.0,960.3044494304704,9300.52200229386,748.3608821450755,41.71532846715328,1.2050469519666545
circular,981.23,114.3,114.3,2.74,300.0,235.0,66.75,0.0,0.0,0.0,960.3044494304704,9300.52200229386,846.4813892692756,41.71532846715328,1.1591867375218325
circular,1295.06,114.3,114.3,2.74,300.0,235.0,107.2,0.0,0.0,0.0,960.3044494304704,9300.52200229386,1222.6875042620622,41.71532846715328,1.0591913268808757
circular,1735.77,114.3,114.3,5.9,300.0,355.0,56.2,0.0,0.0,0.0,2009.236997529888,8251.589454194442,1177.018461448838,19.3728813559322,1.4747177354069476
circular,1818.62,114.3,114.3,5.9,300.0,355.0,66.75,0.0,0.0,0.0,2009.236997529888,8251.589454194442,1264.072730190589,19.3728813559322,1.438698863257496
circular,1989.86,114.3,114.3,5.9,300.0,355.0,107.2,0.0,0.0,0.0,2009.236997529888,8251.589454194442,1597.8495236127544,19.3728813559322,1.2453362914305632
circular,1008.0,165.0,165.0,2.37,615.0,287.5,24.08601526446808,0.0,0.0,0.0,1210.8737954103417,20171.591203085187,833.9794698065931,69.62025316455696,1.208662846621109
circular,996.0,165.0,165.0,2.37,615.0,287.5,24.08601526446808,0.0,0.0,0.0,1210.8737954103417,20171.591203085187,833.9794698065931,69.62025316455696,1.194274003208953
circular,29050.0,558.1,558.1,16.53,997.5,546.0,25.41581223006049,0.0,0.0,0.0,28124.015271178505,216508.3567659214,20858.44807986507,33.76285541439806,1.3927210638476188
circular,28830.0,557.65,557.65,16.52,994.9,546.0,25.41581223006049,0.0,0.0,0.0,28084.16573916393,216153.86769757108,20827.680607786308,33.756053268765136,1.3842155803571365
circular,29590.0,559.4,559.4,16.54,994.85,546.0,25.41581223006049,0.0,0.0,0.0,28208.060100325092,217565.2991186504,20931.199604954065,33.82103990326481,1.4136791277360206
circular,1823.0,153.0,153.0,1.54,306.0,345.0,75.82156673259959,0.0,0.0,0.0,732.771459901578,17652.61414706929,1591.25501522289,99.35064935064935,1.1456366091921784
circular,1842.0,153.0,153.0,1.54,306.0,345.0,75.82156673259959,0.0,0.0,0.0,732.771459901578,17652.61414706929,1591.25501522289,99.35064935064935,1.1575768700669187
circular,1872.0,153.0,153.0,1.54,306.0,345.0,75.82156673259959,0.0,0.0,0.0,732.771459901578,17652.61414706929,1591.25501522289,99.35064935064935,1.1764299135533505
circular,4871.0,250.0,250.0,2.48,500.0,326.0,75.82156673259959,0.0,0.0,0.0,1928.4653937690382,47158.91981857148,4204.342904429837,100.80645161290323,1.158563920860915
circular,4528.0,250.0,250.0,2.48,500.0,326.0,75.82156673259959,0.0,0.0,0.0,1928.4653937690382,47158.91981857148,4204.342904429837,100.80645161290323,1.0769816123297524
circular,4733.0,250.0,250.0,2.48,500.0,326.0,75.82156673259959,0.0,0.0,0.0,1928.4653937690382,47158.91981857148,4204.342904429837,100.80645161290323,1.1257407180116425
circular,9163.0,372.0,372.0,3.64,744.0,320.0,75.82156673259959,0.0,0.0,0.0,4212.342934349843,104474.19650924264,9269.347001452215,102.19780219780219,0.9885270233776388
circular,9996.0,372.0,372.0,3.64,744.0,320.0,75.82156673259959,0.0,0.0,0.0,4212.342934349843,104474.19650924264,9269.347001452215,102.19780219780219,1.0783931164119696
circular,9604.0,372.0,372.0,3.64,744.0,320.0,75.82156673259959,0.0,0.0,0.0,4212.342934349843,104474.19650924264,9269.347001452215,102.19780219780219,1.0361031902781668
circular,15827.0,469.0,469.0,4.66,938.0,291.0,75.82156673259959,0.0,0.0,0.0,6797.854838698317,165959.1105803678,14561.455535813442,100.64377682403433,1.0869105743635306
circular,16670.0,469.0,469.0,4.66,938.0,291.0,75.82156673259959,0.0,0.0,0.0,6797.854838698317,165959.1105803678,14561.455535813442,100.64377682403433,1.1448031386011281
circular,15239.0,469.0,469.0,4.66,938.0,291.0,75.82156673259959,0.0,0.0,0.0,6797.854838698317,165959.1105803678,14561.455535813442,100.64377682403433,1.0465299957494056
circular,2117.0,157.0,157.0,2.48,314.0,326.0,75.82156673259959,0.0,0.0,0.0,1203.888464145086,18155.390865438618,1769.0378193715812,63.306451612903224,1.1966957273711798
circular,2058.0,157.0,157.0,2.48,314.0,326.0,75.82156673259959,0.0,0.0,0.0,1203.888464145086,18155.390865438618,1769.0378193715812,63.306451612903224,1.1633442640197864
circular,2068.0,157.0,157.0,2.48,314.0,326.0,75.82156673259959,0.0,0.0,0.0,1203.888464145086,18155.390865438618,1769.0378193715812,63.306451612903224,1.1689970544183277
circular,6811.0,282.0,282.0,4.36,564.0,322.0,75.82156673259959,0.0,0.0,0.0,3802.9305797340494,58655.07296628463,5671.863175793012,64.6788990825688,1.200839968966233
circular,6380.0,282.0,282.0,4.36,564.0,322.0,75.82156673259959,0.0,0.0,0.0,3802.9305797340494,58655.07296628463,5671.863175793012,64.6788990825688,1.1248508298347624
circular,6860.0,282.0,282.0,4.36,564.0,322.0,75.82156673259959,0.0,0.0,0.0,3802.9305797340494,58655.07296628463,5671.863175793012,64.6788990825688,1.209479105433616
circular,9947.0,358.0,358.0,5.66,716.0,290.0,75.82156673259959,0.0,0.0,0.0,6265.103556502581,94394.66665716798,8974.031548533703,63.25088339222615,1.108420440267482
circular,10045.0,358.0,358.0,5.66,716.0,290.0,75.82156673259959,0.0,0.0,0.0,6265.103556502581,94394.66665716798,8974.031548533703,63.25088339222615,1.1193408386937624
circular,9609.0,358.0,358.0,5.66,716.0,290.0,75.82156673259959,0.0,0.0,0.0,6265.103556502581,94394.66665716798,8974.031548533703,63.25088339222615,1.070756208960514
circular,17787.0,474.0,474.0,7.42,948.0,317.0,75.82156673259959,0.0,0.0,0.0,10876.267908314476,165583.8498511706,16002.603848266974,63.881401617250674,1.1115066128395268
circular,18306.0,474.0,474.0,7.42,948.0,317.0,75.82156673259959,0.0,0.0,0.0,10876.267908314476,165583.8498511706,16002.603848266974,63.881401617250674,1.143938834802967
circular,17885.0,474.0,474.0,7.42,948.0,317.0,75.82156673259959,0.0,0.0,0.0,10876.267908314476,165583.8498511706,16002.603848266974,63.881401617250674,1.117630616216053
circular,2264.0,153.0,153.0,3.64,306.0,320.0,75.82156673259959,0.0,0.0,0.0,1707.990934614223,16677.394672356644,1811.0632921525416,42.03296703296703,1.250094356066993
circular,2274.0,153.0,153.0,3.64,306.0,320.0,75.82156673259959,0.0,0.0,0.0,1707.990934614223,16677.394672356644,1811.0632921525416,42.03296703296703,1.255615974247501
circular,2205.0,153.0,153.0,3.64,306.0,320.0,75.82156673259959,0.0,0.0,0.0,1707.990934614223,16677.394672356644,1811.0632921525416,42.03296703296703,1.2175168088019963
circular,5390.0,235.0,235.0,5.66,470.0,290.0,75.82156673259959,0.0,0.0,0.0,4077.9895829264424,39295.62399069764,4162.0727557584905,41.51943462897526,1.2950278181808799
circular,5047.0,235.0,235.0,5.66,470.0,290.0,75.82156673259959,0.0,0.0,0.0,4077.9895829264424,39295.62399069764,4162.0727557584905,41.51943462897526,1.2126169570239147
circular,5096.0,235.0,235.0,5.66,470.0,290.0,75.82156673259959,0.0,0.0,0.0,4077.9895829264424,39295.62399069764,4162.0727557584905,41.51943462897526,1.2243899371891955
circular,13936.0,393.0,393.0,9.38,786.0,312.0,75.82156673259959,0.0,0.0,0.0,11304.567517963675,109999.39342060882,11867.351414390834,41.89765458422175,1.1743142604760686
circular,14406.0,393.0,393.0,9.38,786.0,312.0,75.82156673259959,0.0,0.0,0.0,11304.567517963675,109999.39342060882,11867.351414390834,41.89765458422175,1.2139187167349488
circular,14161.0,393.0,393.0,9.38,786.0,312.0,75.82156673259959,0.0,0.0,0.0,11304.567517963675,109999.39342060882,11867.351414390834,41.89765458422175,1.1932738406000005
circular,20237.0,477.0,477.0,11.36,954.0,310.0,75.82156673259959,0.0,0.0,0.0,16617.989668551396,162082.86905110662,17440.953869220615,41.98943661971831,1.1603149777096642
circular,20462.0,477.0,477.0,11.36,954.0,310.0,75.82156673259959,0.0,0.0,0.0,16617.989668551396,162082.86905110662,17440.953869220615,41.98943661971831,1.1732156482628429
circular,19854.0,477.0,477.0,11.36,954.0,310.0,75.82156673259959,0.0,0.0,0.0,16617.989668551396,162082.86905110662,17440.953869220615,41.98943661971831,1.1383551696124758
circular,2422.0,114.3,114.3,3.6,250.0,403.0,166.56,0.0,0.0,0.0,1251.9875043086067,9008.838947415723,2005.0631793179311,31.75,1.2079419865581988
circular,2340.0,114.3,114.3,3.6,250.0,403.0,166.56,0.0,0.0,0.0,1251.9875043086067,9008.838947415723,2005.0631793179311,31.75,1.1670455196309601
circular,2610.0,114.3,114.3,6.3,250.0,428.0,166.56,0.0,0.0,0.0,2137.539641502495,8123.2868102218345,2267.881617673617,18.142857142857142,1.1508537216670625
circular,2633.0,114.3,114.3,6.3,250.0,428.0,166.56,0.0,0.0,0.0,2137.539641502495,8123.2868102218345,2267.881617673617,18.142857142857142,1.1609953445016765
circular,7837.0,219.1,219.1,5.0,600.0,380.0,177.696,0.0,0.0,0.0,3363.0749356678716,34339.81467257559,7380.016183611782,43.82,1.0619217905514904
circular,5241.0,219.1,219.1,10.0,600.0,381.0,49.536,0.0,0.0,0.0,6569.070238656259,31133.8193695872,4045.0606372199063,21.91,1.2956542484866285
circular,9085.0,219.1,219.1,10.0,600.0,381.0,177.696,0.0,0.0,0.0,6569.070238656259,31133.8193695872,8035.170927626202,21.91,1.1306542302372584
circular,6915.0,219.1,219.1,6.3,600.0,300.0,156.48,0.0,0.0,0.0,4211.744775108622,33491.14483313484,6504.217776021525,34.77777777777778,1.0631562838336788
circular,7407.0,219.1,219.1,6.3,600.0,300.0,168.384,0.0,0.0,0.0,4211.744775108622,33491.14483313484,6902.896364115162,34.77777777777778,1.073027843573812
circular,6838.0,219.1,219.1,6.3,600.0,300.0,142.848,0.0,0.0,0.0,4211.744775108622,33491.14483313484,6047.666489656232,34.77777777777778,1.1306840434563534
circular,7569.0,219.1,219.1,6.3,600.0,300.0,167.52,0.0,0.0,0.0,4211.744775108622,33491.14483313484,6873.960014979334,34.77777777777778,1.1011120203646916
circular,2375.7,168.3,168.3,2.8,300.0,317.8,93.74,0.0,0.0,0.0,1455.8140356735057,20790.502548761244,2411.559409457919,60.10714285714287,0.9851301986103755
circular,2021.7,159.0,159.0,3.0,300.0,336.28,90.85,0.0,0.0,0.0,1470.2653618800214,18385.385606970867,2164.7331182863168,53.0,0.9339257495170827
circular,1417.2,120.0,120.0,2.5,300.0,445.52,94.68,0.0,0.0,0.0,922.8428419920019,10386.890710931253,1394.5757554752477,48.0,1.0162230301480055
circular,724.0,100.0,100.0,3.0,300.0,432.09,34.04,0.0,0.0,0.0,914.2034621946295,6939.778171779853,631.2482229470636,33.333333333333336,1.1469339218412573
circular,1141.3,100.0,100.0,3.0,300.0,432.82,93.51,0.0,0.0,0.0,914.2034621946295,6939.778171779853,1044.6241993502135,33.333333333333336,1.092546009091041
circular,703.3,101.6,101.6,3.0,300.0,425.03,34.04,0.0,0.0,0.0,929.2831069318609,7178.036558628102,639.3135633949494,33.86666666666667,1.1000861553214407
circular,1075.5,101.6,101.6,3.0,300.0,425.03,93.51,0.0,0.0,0.0,929.2831069318609,7178.036558628102,1066.1913975365628,33.86666666666667,1.0087307049043397
circular,3020.0,140.0,140.0,4.42,420.0,1020.0,52.5,0.0,0.0,0.0,1882.6421233237725,13511.161879266214,2629.630964451724,31.67420814479638,1.1484501212624212
circular,4274.0,140.0,140.0,6.27,420.0,1153.0,52.5,0.0,0.0,0.0,2634.1849134898075,12759.619089100179,3707.095207431508,22.32854864433812,1.1529242603297682
circular,4436.0,140.0,140.0,8.36,420.0,813.0,52.5,0.0,0.0,0.0,3457.355387839165,11936.448614750821,3437.4934825876594,16.74641148325359,1.2904751739807487
circular,5420.0,140.0,140.0,10.46,420.0,773.0,52.5,0.0,0.0,0.0,4256.8216031393895,11136.982399450597,3875.2146751979044,13.384321223709367,1.3986321931244245
circular,3215.0,140.0,140.0,6.21,420.0,359.0,125.0,0.0,0.0,0.0,2610.147959778664,12783.656042811323,2535.0001229119557,22.544283413848632,1.2682445144448073
circular,3202.0,140.0,140.0,6.21,420.0,359.0,125.0,0.0,0.0,0.0,2610.147959778664,12783.656042811323,2535.0001229119557,22.544283413848632,1.2631163095652482
circular,3354.0,140.0,140.0,8.19,420.0,389.0,125.0,0.0,0.0,0.0,3391.4243536146023,12002.379648975384,2819.561529678003,17.094017094017094,1.1895466598960975
circular,3398.0,140.0,140.0,8.19,420.0,389.0,125.0,0.0,0.0,0.0,3391.4243536146023,12002.379648975384,2819.561529678003,17.094017094017094,1.2051519231744006
circular,4104.0,140.0,140.0,11.58,420.0,367.0,125.0,0.0,0.0,0.0,4671.873744886934,10721.930257703052,3054.818946586386,12.089810017271157,1.3434511412160852
circular,4300.0,140.0,140.0,11.58,420.0,367.0,125.0,0.0,0.0,0.0,4671.873744886934,10721.930257703052,3054.818946586386,12.089810017271157,1.4076120631650018
circular,5135.0,140.0,140.0,16.72,420.0,389.0,125.0,0.0,0.0,0.0,6475.58146783367,8918.222534756316,3633.779007831837,8.373205741626794,1.4131294140157122
circular,5120.0,140.0,140.0,16.72,420.0,389.0,125.0,0.0,0.0,0.0,6475.58146783367,8918.222534756316,3633.779007831837,8.373205741626794,1.4090014799922972
circular,4516.0,140.0,140.0,4.42,420.0,1020.0,125.0,0.0,0.0,0.0,1882.6421233237725,13511.161879266214,3609.1902006985247,31.67420814479638,1.2512502109547927
circular,4312.0,140.0,140.0,4.42,420.0,1020.0,125.0,0.0,0.0,0.0,1882.6421233237725,13511.161879266214,3609.1902006985247,31.67420814479638,1.194727836500679
circular,5386.0,140.0,140.0,6.27,420.0,1153.0,125.0,0.0,0.0,0.0,2634.1849134898075,12759.619089100179,4632.167591391271,22.32854864433812,1.1627385870083158
circular,5354.0,140.0,140.0,6.27,420.0,1153.0,125.0,0.0,0.0,0.0,2634.1849134898075,12759.619089100179,4632.167591391271,22.32854864433812,1.1558303740888456
circular,5531.0,140.0,140.0,8.36,420.0,813.0,125.0,0.0,0.0,0.0,3457.355387839165,11936.448614750821,4302.886007157093,16.74641148325359,1.2854163440072908
circular,5502.0,140.0,140.0,8.36,420.0,813.0,125.0,0.0,0.0,0.0,3457.355387839165,11936.448614750821,4302.886007157093,16.74641148325359,1.2786766813827724
circular,6339.0,140.0,140.0,10.46,420.0,773.0,125.0,0.0,0.0,0.0,4256.8216031393895,11136.982399450597,4682.645899158073,13.384321223709367,1.3537218351572846
circular,6187.0,140.0,140.0,10.46,420.0,773.0,125.0,0.0,0.0,0.0,4256.8216031393895,11136.982399450597,4682.645899158073,13.384321223709367,1.3212615545224988
circular,904.0,113.7,113.7,2.09,342.0,269.9,59.0,0.0,0.0,0.0,732.8232961803569,9420.560686791201,753.6020881597592,54.40191387559809,1.1995720476405545
circular,1491.0,113.7,113.7,2.06,342.0,269.9,113.2,0.0,0.0,0.0,722.4984519243353,9430.885531047223,1262.5785742889238,55.19417475728155,1.1809166022318427
circular,1535.0,113.7,113.7,2.05,342.0,269.9,130.8,0.0,0.0,0.0,719.0555805352651,9434.328402436293,1428.083256225135,55.463414634146346,1.0748673043457417
circular,1163.0,114.9,114.9,3.93,342.0,304.3,59.0,0.0,0.0,0.0,1370.0865695016182,8998.747837653129,947.8434655208771,29.236641221374047,1.2269958514308963
circular,1631.0,114.9,114.9,4.01,342.0,304.3,113.2,0.0,0.0,0.0,1396.9685495198537,8971.865857634893,1440.7127447031614,28.65336658354115,1.1320785534773934
circular,1748.0,114.9,114.9,4.01,342.0,304.3,130.8,0.0,0.0,0.0,1396.9685495198537,8971.865857634893,1598.6175837975356,28.65336658354115,1.0934447473345092
circular,1249.0,107.9,107.9,7.99,342.0,251.8,59.0,0.0,0.0,0.0,2507.873410941049,6636.0540205790385,1023.0097120891194,13.504380475594493,1.220907275112158
circular,1482.0,107.9,107.9,8.01,342.0,251.8,113.2,0.0,0.0,0.0,2513.6476582383466,6630.279773281741,1383.4841506799087,13.470661672908864,1.0712085131381346
circular,1613.0,107.9,107.9,8.03,342.0,251.8,130.8,0.0,0.0,0.0,2519.419392261523,6624.508039258564,1500.8754545064717,13.43711083437111,1.0747060958035308
circular,1777.6,152.4,152.4,2.11,450.0,336.0,70.8,0.0,0.0,0.0,996.2364154058996,17245.23283210402,1555.6979200893468,72.22748815165878,1.1426382828215833
circular,1064.7,89.0,89.0,5.04,222.9,388.0,72.9,0.0,0.0,0.0,1329.3913207448113,4891.747531526376,872.4122274972597,17.658730158730158,1.2204093047324287
circular,1047.9,88.98,88.98,5.1,222.8,388.0,72.9,0.0,0.0,0.0,1343.9356380938698,4874.407510874888,876.791335123201,17.447058823529414,1.1951532343242832
circular,1047.4,89.14,89.14,4.93,222.0,388.0,66.8,0.0,0.0,0.0,1304.2488405788663,4936.477527728188,835.8052489968431,18.08113590263692,1.253162744858469
circular,1000.7,89.01,89.01,5.02,222.6,388.0,39.9,0.0,0.0,0.0,1324.5890822145338,4897.947857327318,709.3686834065991,17.731075697211157,1.410690975522547
circular,2569.7,139.35,139.35,5.06,349.9,458.0,72.9,0.0,0.0,0.0,2134.7354558998995,13116.457911675785,1933.8986205633187,27.539525691699605,1.3287666544027426
circular,2330.2,139.06,139.06,5.13,349.1,458.0,66.8,0.0,0.0,0.0,2158.4654760087906,13029.315707792166,1858.9354772925428,27.107212475633528,1.2535131146099987
circular,2085.8,139.56,139.56,5.08,350.0,458.0,39.9,0.0,0.0,0.0,2146.205410678158,13150.989591265698,1507.6865627820976,27.47244094488189,1.3834440469848879
circular,2450.4,140.66,140.66,6.32,349.5,397.0,72.9,0.0,0.0,0.0,2667.30264076616,12871.98506185965,1997.286859393734,22.25632911392405,1.2268643277129487
circular,2386.0,141.14,141.14,6.35,349.0,397.0,66.8,0.0,0.0,0.0,2688.9409884862853,12956.582811313314,1933.0093042247847,22.226771653543306,1.2343448087834648
circular,2190.5,140.39,140.39,6.28,349.7,397.0,39.9,0.0,0.0,0.0,2645.8832620539833,12833.805679039655,1562.4845016291138,22.35509554140127,1.4019339057226425
circular,2225.5,140.54,140.54,6.26,349.7,397.0,39.9,0.0,0.0,0.0,2640.8001651404757,12871.98506185965,1561.9898695289687,22.450479233226837,1.4247851688507547
circular,4979.7,168.53,168.53,11.93,420.0,460.0,72.9,0.0,0.0,0.0,5869.242775957282,16437.919311054215,3898.175994716202,14.126571668063706,1.2774436061249554
circular,4984.9,168.27,168.27,12.06,420.7,460.0,66.8,0.0,0.0,0.0,5918.423152312176,16319.963188326934,3812.6481910438397,13.952736318407961,1.307463933260314
circular,4917.2,168.14,168.14,12.06,420.5,460.0,39.9,0.0,0.0,0.0,5913.497763349877,16290.54052378992,3370.201538040161,13.941956882255388,1.4590225375244026
circular,1062.3,89.03,89.03,5.03,222.9,388.0,72.6,0.0,0.0,0.0,1327.3857279947588,4897.947857327318,870.6166769039297,17.69980119284294,1.220169597230472
circular,1085.4,89.11,89.11,4.97,222.5,388.0,78.7,0.0,0.0,0.0,1313.738021189035,4922.788430439252,897.1538016969147,17.929577464788732,1.2098260052479615
circular,1077.5,89.04,89.04,5.0,222.9,388.0,65.2,0.0,0.0,0.0,1320.097233038431,4906.634910793209,832.1103226026285,17.808,1.2949004125196468
circular,1054.8,89.04,89.04,4.94,222.7,388.0,65.2,0.0,0.0,0.0,1305.1872343044943,4921.544909527146,827.2973750113138,18.024291497975707,1.2749949798711437
circular,1050.7,89.02,89.02,5.06,222.7,388.0,61.7,0.0,0.0,0.0,1334.6666831287203,4889.268500763427,819.518539551047,17.59288537549407,1.282094241059635
circular,1053.9,89.04,89.04,4.99,222.8,388.0,61.7,0.0,0.0,0.0,1317.613804045769,4909.118339785871,814.1267575345466,17.8436873747495,1.2945158603944777
circular,1050.9,89.0,89.0,4.92,222.8,388.0,55.2,0.0,0.0,0.0,1299.5939427440426,4921.544909527145,775.9117287905871,18.089430894308943,1.3544066431861226
circular,2645.2,139.6,139.6,5.1,349.7,458.0,72.6,0.0,0.0,0.0,2154.9754807299178,13150.989591265698,1941.740614500192,27.372549019607845,1.3622828817848462
circular,2510.3,138.9,138.9,5.15,349.1,458.0,78.7,0.0,0.0,0.0,2163.9682897008224,12988.883410340462,2013.322601076771,26.970873786407765,1.2468443947618897
circular,2332.2,139.4,139.4,5.1,349.3,458.0,65.2,0.0,0.0,0.0,2151.771056223255,13110.368798254784,1840.307189396463,27.333333333333336,1.2672884252356018
circular,2308.8,139.3,139.3,5.07,349.3,458.0,61.7,0.0,0.0,0.0,2137.9986281891797,13102.252179474972,1787.6123311842503,27.47534516765286,1.291555198923066
circular,2312.4,139.48,139.48,5.09,350.0,458.0,61.7,0.0,0.0,0.0,2148.9910608840964,13130.671340778601,1794.400327610956,27.402750491159136,1.288675645238375
circular,2131.7,139.35,139.35,5.09,347.8,458.0,55.2,0.0,0.0,0.0,2146.912269025215,13104.28109855047,1706.6421358535345,27.37721021611002,1.2490609221562923
circular,2204.1,139.68,139.68,5.09,349.0,458.0,55.2,0.0,0.0,0.0,2152.189202205451,13171.323549716057,1712.759714554423,27.44204322200393,1.286870529047561
circular,2663.7,140.33,140.33,6.29,349.7,397.0,72.6,0.0,0.0,0.0,2648.7132087163354,12817.747114031572,1982.1075843390772,22.310015898251194,1.3438725632484756
circular,2550.3,140.92,140.92,6.34,349.0,397.0,78.7,0.0,0.0,0.0,2680.5237192895256,12916.26361119714,2080.6778627591566,22.22712933753943,1.2257063169875246
circular,2418.0,140.54,140.54,6.28,349.5,397.0,65.2,0.0,0.0,0.0,2648.842642333664,12863.942584666462,1890.319585526718,22.378980891719742,1.2791487844243277
circular,2406.6,140.78,140.78,6.31,379.0,397.0,65.2,0.0,0.0,0.0,2665.659273649064,12900.153524069536,1899.356741408012,22.310618066561016,1.2670605513611748
circular,2302.8,140.75,140.75,6.29,349.6,397.0,61.7,0.0,0.0,0.0,2657.0126681885904,12902.16673518177,1850.8977168315855,22.376788553259143,1.2441530285865783
circular,2238.9,140.8,140.8,6.28,349.6,397.0,55.2,0.0,0.0,0.0,2653.972234818446,12916.263611197146,1766.6047285610055,22.420382165605098,1.2673463190737095
circular,2249.6,140.88,140.88,6.32,349.2,397.0,55.2,0.0,0.0,0.0,2671.670711191706,12916.263611197146,1773.6310236811898,22.29113924050633,1.2683585085983282
circular,5000.0,168.44,168.44,11.98,420.8,460.0,72.6,0.0,0.0,0.0,5888.572367236295,16394.770714054397,3899.0036427690447,14.060100166944908,1.2823788993562046
circular,4955.5,168.33,168.33,12.08,421.0,460.0,78.7,0.0,0.0,0.0,5929.756133650735,16324.492108296352,4012.4253504022613,13.934602649006623,1.235038553303725
circular,4992.1,168.57,168.57,11.98,420.5,460.0,65.2,0.0,0.0,0.0,5893.465083634994,16424.28731221175,3781.8574712283034,14.070951585976626,1.3200127286601904
circular,4992.3,168.33,168.33,11.85,420.2,460.0,61.7,0.0,0.0,0.0,5825.417558439709,16428.830683507378,3693.350930054671,14.205063291139242,1.3516993360623062
circular,1823.0,153.0,153.0,1.54,306.0,345.0,75.82156673259959,0.0,0.0,0.0,732.771459901578,17652.61414706929,1591.25501522289,99.35064935064935,1.1456366091921784
circular,1842.0,153.0,153.0,1.54,306.0,345.0,75.82156673259959,0.0,0.0,0.0,732.771459901578,17652.61414706929,1591.25501522289,99.35064935064935,1.1575768700669187
circular,1872.0,153.0,153.0,1.54,306.0,345.0,75.82156673259959,0.0,0.0,0.0,732.771459901578,17652.61414706929,1591.25501522289,99.35064935064935,1.1764299135533505
circular,4871.0,250.0,250.0,2.48,500.0,326.0,75.82156673259959,0.0,0.0,0.0,1928.4653937690382,47158.91981857148,4204.342904429837,100.80645161290323,1.158563920860915
circular,4528.0,250.0,250.0,2.48,500.0,326.0,75.82156673259959,0.0,0.0,0.0,1928.4653937690382,47158.91981857148,4204.342904429837,100.80645161290323,1.0769816123297524
circular,4733.0,250.0,250.0,2.48,500.0,326.0,75.82156673259959,0.0,0.0,0.0,1928.4653937690382,47158.91981857148,4204.342904429837,100.80645161290323,1.1257407180116425
circular,9163.0,372.0,372.0,3.64,744.0,320.0,75.82156673259959,0.0,0.0,0.0,4212.342934349843,104474.19650924264,9269.347001452215,102.19780219780219,0.9885270233776388
circular,9996.0,372.0,372.0,3.64,744.0,320.0,75.82156673259959,0.0,0.0,0.0,4212.342934349843,104474.19650924264,9269.347001452215,102.19780219780219,1.0783931164119696
circular,9604.0,372.0,372.0,3.64,744.0,320.0,75.82156673259959,0.0,0.0,0.0,4212.342934349843,104474.19650924264,9269.347001452215,102.19780219780219,1.0361031902781668
circular,15827.0,469.0,469.0,4.66,938.0,291.0,75.82156673259959,0.0,0.0,0.0,6797.854838698317,165959.1105803678,14561.455535813442,100.64377682403433,1.0869105743635306
circular,16670.0,469.0,469.0,4.66,938.0,291.0,75.82156673259959,0.0,0.0,0.0,6797.854838698317,165959.1105803678,14561.455535813442,100.64377682403433,1.1448031386011281
circular,15239.0,469.0,469.0,4.66,938.0,291.0,75.82156673259959,0.0,0.0,0.0,6797.854838698317,165959.1105803678,14561.455535813442,100.64377682403433,1.0465299957494056
circular,2117.0,157.0,157.0,2.48,314.0,326.0,75.82156673259959,0.0,0.0,0.0,1203.888464145086,18155.390865438618,1769.0378193715812,63.306451612903224,1.1966957273711798
circular,2058.0,157.0,157.0,2.48,314.0,326.0,75.82156673259959,0.0,0.0,0.0,1203.888464145086,18155.390865438618,1769.0378193715812,63.306451612903224,1.1633442640197864
circular,2068.0,157.0,157.0,2.48,314.0,326.0,75.82156673259959,0.0,0.0,0.0,1203.888464145086,18155.390865438618,1769.0378193715812,63.306451612903224,1.1689970544183277
circular,6811.0,282.0,282.0,4.36,564.0,322.0,75.82156673259959,0.0,0.0,0.0,3802.9305797340494,58655.07296628463,5671.863175793012,64.6788990825688,1.200839968966233
circular,6380.0,282.0,282.0,4.36,564.0,322.0,75.82156673259959,0.0,0.0,0.0,3802.9305797340494,58655.07296628463,5671.863175793012,64.6788990825688,1.1248508298347624
circular,6860.0,282.0,282.0,4.36,564.0,322.0,75.82156673259959,0.0,0.0,0.0,3802.9305797340494,58655.07296628463,5671.863175793012,64.6788990825688,1.209479105433616
circular,9947.0,358.0,358.0,5.66,716.0,290.0,75.82156673259959,0.0,0.0,0.0,6265.103556502581,94394.66665716798,8974.031548533703,63.25088339222615,1.108420440267482
circular,10045.0,358.0,358.0,5.66,716.0,290.0,75.82156673259959,0.0,0.0,0.0,6265.103556502581,94394.66665716798,8974.031548533703,63.25088339222615,1.1193408386937624
circular,9607.0,358.0,358.0,5.66,716.0,290.0,75.82156673259959,0.0,0.0,0.0,6265.103556502581,94394.66665716798,8974.031548533703,63.25088339222615,1.0705333436865083
circular,17787.0,474.0,474.0,7.42,948.0,317.0,75.82156673259959,0.0,0.0,0.0,10876.267908314476,165583.8498511706,16002.603848266974,63.881401617250674,1.1115066128395268
circular,18306.0,474.0,474.0,7.42,948.0,317.0,75.82156673259959,0.0,0.0,0.0,10876.267908314476,165583.8498511706,16002.603848266974,63.881401617250674,1.143938834802967
circular,17885.0,474.0,474.0,7.42,948.0,317.0,75.82156673259959,0.0,0.0,0.0,10876.267908314476,165583.8498511706,16002.603848266974,63.881401617250674,1.117630616216053
circular,2264.0,153.0,153.0,3.64,306.0,320.0,75.82156673259959,0.0,0.0,0.0,1707.990934614223,16677.394672356644,1811.0632921525416,42.03296703296703,1.250094356066993
circular,2274.0,153.0,153.0,3.64,306.0,320.0,75.82156673259959,0.0,0.0,0.0,1707.990934614223,16677.394672356644,1811.0632921525416,42.03296703296703,1.255615974247501
circular,2205.0,153.0,153.0,3.64,306.0,320.0,75.82156673259959,0.0,0.0,0.0,1707.990934614223,16677.394672356644,1811.0632921525416,42.03296703296703,1.2175168088019963
circular,5390.0,235.0,235.0,5.66,470.0,290.0,75.82156673259959,0.0,0.0,0.0,4077.9895829264424,39295.62399069764,4162.0727557584905,41.51943462897526,1.2950278181808799
circular,5047.0,235.0,235.0,5.66,470.0,290.0,75.82156673259959,0.0,0.0,0.0,4077.9895829264424,39295.62399069764,4162.0727557584905,41.51943462897526,1.2126169570239147
circular,5096.0,235.0,235.0,5.66,470.0,290.0,75.82156673259959,0.0,0.0,0.0,4077.9895829264424,39295.62399069764,4162.0727557584905,41.51943462897526,1.2243899371891955
circular,13936.0,393.0,393.0,9.38,786.0,312.0,75.82156673259959,0.0,0.0,0.0,11304.567517963675,109999.39342060882,11867.351414390834,41.89765458422175,1.1743142604760686
circular,14406.0,393.0,393.0,9.38,786.0,312.0,75.82156673259959,0.0,0.0,0.0,11304.567517963675,109999.39342060882,11867.351414390834,41.89765458422175,1.2139187167349488
circular,14161.0,393.0,393.0,9.38,786.0,312.0,75.82156673259959,0.0,0.0,0.0,11304.567517963675,109999.39342060882,11867.351414390834,41.89765458422175,1.1932738406000005
circular,20237.0,477.0,477.0,11.36,954.0,310.0,75.82156673259959,0.0,0.0,0.0,16617.989668551396,162082.86905110662,17440.953869220615,41.98943661971831,1.1603149777096642
circular,20462.0,477.0,477.0,11.36,954.0,310.0,75.82156673259959,0.0,0.0,0.0,16617.989668551396,162082.86905110662,17440.953869220615,41.98943661971831,1.1732156482628429
circular,19854.0,477.0,477.0,11.36,954.0,310.0,75.82156673259959,0.0,0.0,0.0,16617.989668551396,162082.86905110662,17440.953869220615,41.98943661971831,1.1383551696124758
circular,3855.33,301.5,301.5,4.5,600.0,381.609,26.651808,0.0,0.0,0.0,4198.738581522761,67195.72161717294,3393.163902318662,67.0,1.136205061407592
circular,4542.030000000001,298.48,298.48,5.74,600.0,400.248,26.651808,0.0,0.0,0.0,5278.9048437841775,64692.46132088442,3837.042164086567,52.0,1.1837321055556502
circular,4924.62,298.35,298.35,7.65,600.0,384.552,26.651808,0.0,0.0,0.0,6986.446530648944,62923.982239857796,4363.6898795062125,39.0,1.1285449094648452
circular,5915.43,297.0,297.0,11.88,600.0,348.2549999999999,26.651808,0.0,0.0,0.0,10641.283061011272,58637.903534114244,5268.686178926214,25.0,1.1227523900855292
circular,4551.84,301.5,301.5,4.5,600.0,381.609,34.18588799999999,0.0,0.0,0.0,4198.738581522761,67195.72161717294,3899.4218446401715,67.0,1.167311509591246
circular,5130.63,298.48,298.48,5.74,600.0,400.248,31.07808,0.0,0.0,0.0,5278.9048437841775,64692.46132088442,4123.388594242281,52.0,1.244275159310521
circular,5827.14,298.35,298.35,7.65,600.0,384.552,34.091712,0.0,0.0,0.0,6986.446530648944,62923.982239857796,4831.838266668459,39.0,1.2059882136778968
circular,7229.97,297.0,297.0,11.88,600.0,348.2549999999999,34.18588799999999,0.0,0.0,0.0,10641.283061011272,58637.903534114244,5710.4688351845125,25.0,1.2660904399745998
circular,8603.37,301.34,301.34,11.59,600.0,471.8609999999999,34.18588799999999,0.0,0.0,0.0,10550.104303266868,60768.6007868172,7055.61134705865,25.999999999999996,1.2193656335090768
circular,7946.1,298.48,298.48,5.74,600.0,400.248,79.20201599999999,0.0,0.0,0.0,5278.9048437841775,64692.46132088442,7236.644462530997,52.0,1.0980365335263236
circular,8397.36,298.35,298.35,7.65,600.0,384.552,79.20201599999999,0.0,0.0,0.0,6986.446530648944,62923.982239857796,7670.358234399045,39.0,1.094780679517756
circular,9397.980000000001,297.0,297.0,11.88,600.0,348.2549999999999,79.20201599999999,0.0,0.0,0.0,10641.283061011272,58637.903534114244,8350.120206327852,25.0,1.1254903843034576
circular,1068.0,129.0,129.0,3.0,387.0,306.0,45.51309362204468,0.0,0.0,0.0,1187.5220230569412,11882.288814039995,904.1814622930005,43.0,1.1811788280767848
circular,1280.0,131.0,131.0,4.0,393.0,306.0,45.51309362204468,0.0,0.0,0.0,1595.9290680236136,11882.288814039995,1029.1540180528023,32.75,1.2437399821086135
circular,1454.0,133.0,133.0,5.0,399.0,306.0,45.51309362204468,0.0,0.0,0.0,2010.6192982974662,11882.288814039995,1156.0492285166013,26.6,1.2577319063356134
circular,1095.0,129.0,129.0,3.0,387.0,306.0,52.28095967514655,0.0,0.0,0.0,1187.5220230569412,11882.288814039995,984.5992013906939,43.0,1.1121276540275178
circular,1320.0,131.0,131.0,4.0,393.0,306.0,52.28095967514655,0.0,0.0,0.0,1595.9290680236136,11882.288814039995,1109.5717571504956,32.75,1.189648160647048
circular,1548.0,133.0,133.0,5.0,399.0,306.0,52.28095967514655,0.0,0.0,0.0,2010.6192982974662,11882.288814039995,1236.4669676142944,26.6,1.25195418927106
circular,1266.0,129.0,129.0,3.0,387.0,306.0,60.65261529197698,0.0,0.0,0.0,1187.5220230569412,11882.288814039995,1084.0736312815534,43.0,1.1678173543464752
circular,1469.0,131.0,131.0,4.0,393.0,306.0,60.65261529197698,0.0,0.0,0.0,1595.9290680236136,11882.288814039995,1209.0461870413549,32.75,1.2150073469027478
circular,1659.0,133.0,133.0,5.0,399.0,306.0,60.65261529197698,0.0,0.0,0.0,2010.6192982974662,11882.288814039995,1335.9413975051539,26.6,1.2418209384769063
circular,1118.0,129.0,129.0,3.0,387.0,306.0,47.94792116255223,0.0,0.0,0.0,1187.5220230569412,11882.288814039995,933.1127863416899,43.0,1.198140263818663
circular,1093.0,129.0,129.0,3.0,387.0,306.0,47.01018780302734,0.0,0.0,0.0,1187.5220230569412,11882.288814039995,921.9703677332552,43.0,1.1855044785086055
circular,1162.0,129.0,129.0,3.0,387.0,306.0,50.29894595550323,0.0,0.0,0.0,1187.5220230569412,11882.288814039995,961.0483419405023,43.0,1.2090963058671387
circular,1403.0,131.0,131.0,4.0,393.0,306.0,47.94792116255223,0.0,0.0,0.0,1595.9290680236136,11882.288814039995,1058.0853421014915,32.75,1.3259799981856513
circular,1360.0,131.0,131.0,4.0,393.0,306.0,47.01018780302734,0.0,0.0,0.0,1595.9290680236136,11882.288814039995,1046.942923493057,32.75,1.299020194398419
circular,1459.0,131.0,131.0,4.0,393.0,306.0,50.29894595550323,0.0,0.0,0.0,1595.9290680236136,11882.288814039995,1086.0208977003042,32.75,1.3434363952751693
circular,1518.0,133.0,133.0,5.0,399.0,306.0,47.94792116255223,0.0,0.0,0.0,2010.6192982974662,11882.288814039995,1184.9805525652905,26.6,1.281033681703701
circular,1470.0,133.0,133.0,5.0,399.0,306.0,47.01018780302734,0.0,0.0,0.0,2010.6192982974662,11882.288814039995,1173.8381339568562,26.6,1.2523021338937257
circular,1569.0,133.0,133.0,5.0,399.0,306.0,50.29894595550323,0.0,0.0,0.0,2010.6192982974662,11882.288814039995,1212.916108164103,26.6,1.2935766863339573
circular,1147.0,129.0,129.0,3.0,387.0,306.0,55.21822595363086,0.0,0.0,0.0,1187.5220230569412,11882.288814039995,1019.5006476353849,43.0,1.1250605898685158
circular,1128.0,129.0,129.0,3.0,387.0,306.0,53.70054790870783,0.0,0.0,0.0,1187.5220230569412,11882.288814039995,1001.467158778882,43.0,1.1263474694221658
circular,1192.0,129.0,129.0,3.0,387.0,306.0,57.31068939542189,0.0,0.0,0.0,1187.5220230569412,11882.288814039995,1044.3639025835662,43.0,1.1413646115604044
circular,1430.0,131.0,131.0,4.0,393.0,306.0,55.21822595363086,0.0,0.0,0.0,1595.9290680236136,11882.288814039995,1144.4732033951866,32.75,1.2494831646191205
circular,1389.0,131.0,131.0,4.0,393.0,306.0,53.70054790870783,0.0,0.0,0.0,1595.9290680236136,11882.288814039995,1126.4397145386836,32.75,1.2330886261133327
circular,1452.0,131.0,131.0,4.0,393.0,306.0,57.31068939542189,0.0,0.0,0.0,1595.9290680236136,11882.288814039995,1169.3364583433681,32.75,1.2417298628121878
circular,1609.0,133.0,133.0,5.0,399.0,306.0,55.21822595363086,0.0,0.0,0.0,2010.6192982974662,11882.288814039995,1271.3684138589856,26.6,1.265565498136139
circular,1581.0,133.0,133.0,5.0,399.0,306.0,53.70054790870783,0.0,0.0,0.0,2010.6192982974662,11882.288814039995,1253.3349250024828,26.6,1.261434568255463
circular,1661.0,133.0,133.0,5.0,399.0,306.0,57.31068939542189,0.0,0.0,0.0,2010.6192982974662,11882.288814039995,1296.231668807167,26.6,1.2814067423059525
circular,1301.0,129.0,129.0,3.0,387.0,306.0,65.3568027212536,0.0,0.0,0.0,1187.5220230569412,11882.288814039995,1139.9701449515944,43.0,1.1412579581680564
circular,1287.0,129.0,129.0,3.0,387.0,306.0,62.47324753762375,0.0,0.0,0.0,1187.5220230569412,11882.288814039995,1105.7069094484823,43.0,1.1639612532058294
circular,1356.0,129.0,129.0,3.0,387.0,306.0,67.0919937487096,0.0,0.0,0.0,1187.5220230569412,11882.288814039995,1160.5881858873572,43.0,1.1683730857239734
circular,1496.0,131.0,131.0,4.0,393.0,306.0,65.3568027212536,0.0,0.0,0.0,1595.9290680236136,11882.288814039995,1264.9427007113961,32.75,1.1826622653806047
circular,1482.0,131.0,131.0,4.0,393.0,306.0,62.47324753762375,0.0,0.0,0.0,1595.9290680236136,11882.288814039995,1230.679465208284,32.75,1.2042128286825535
circular,1542.0,131.0,131.0,4.0,393.0,306.0,67.0919937487096,0.0,0.0,0.0,1595.9290680236136,11882.288814039995,1285.5607416471591,32.75,1.1994765786206814
circular,1712.0,133.0,133.0,5.0,399.0,306.0,65.3568027212536,0.0,0.0,0.0,2010.6192982974662,11882.288814039995,1391.8379111751951,26.6,1.2300282858041112
circular,1673.0,133.0,133.0,5.0,399.0,306.0,62.47324753762375,0.0,0.0,0.0,2010.6192982974662,11882.288814039995,1357.5746756720832,26.6,1.2323447321023147
circular,1774.0,133.0,133.0,5.0,399.0,306.0,67.0919937487096,0.0,0.0,0.0,2010.6192982974662,11882.288814039995,1412.4559521109582,26.6,1.2559683700923228
circular,312.0,60.0,60.0,1.87,180.0,282.0,75.62664723891022,0.0,0.0,0.0,341.5008603824367,2485.932527848377,284.30598497116875,32.0855614973262,1.097409187610453
circular,320.0,60.0,60.0,1.87,180.0,282.0,75.62664723891022,0.0,0.0,0.0,341.5008603824367,2485.932527848377,284.30598497116875,32.0855614973262,1.12554788472867
circular,822.0,100.0,100.0,1.87,300.0,282.0,75.62664723891022,0.0,0.0,0.0,576.4919908709535,7277.4896431035295,712.9428834494222,53.475935828877,1.1529675365057692
circular,845.0,100.0,100.0,1.87,300.0,282.0,75.62664723891022,0.0,0.0,0.0,576.4919908709535,7277.4896431035295,712.9428834494222,53.475935828877,1.1852281853374391
circular,1701.0,150.0,150.0,1.87,450.0,282.0,75.62664723891022,0.0,0.0,0.0,870.2309039816028,16801.227772460985,1516.0256408513003,80.2139037433155,1.122012685118459
circular,1670.0,150.0,150.0,1.87,450.0,282.0,75.62664723891022,0.0,0.0,0.0,870.2309039816028,16801.227772460985,1516.0256408513003,80.2139037433155,1.1015644821562767
circular,2783.0,200.0,200.0,1.87,600.0,282.0,75.62664723891022,0.0,0.0,0.0,1163.9698170922493,30251.956718805683,2616.0935474799116,106.951871657754,1.0637998792821723
circular,2824.0,200.0,200.0,1.87,600.0,282.0,75.62664723891022,0.0,0.0,0.0,1163.9698170922493,30251.956718805683,2616.0935474799116,106.951871657754,1.07947210172219
circular,3950.0,250.0,250.0,1.87,750.0,282.0,75.62664723891022,0.0,0.0,0.0,1457.7087302028958,47629.67648213762,4013.146603335257,133.6898395721925,0.9842650644053778
circular,4102.0,250.0,250.0,1.87,750.0,282.0,75.62664723891022,0.0,0.0,0.0,1457.7087302028958,47629.67648213762,4013.146603335257,133.6898395721925,1.0221405808078126
circular,427.0,60.0,60.0,2.0,180.0,404.0,75.62664723891022,0.0,0.0,0.0,364.42474781641613,2463.0086404143976,333.4966837128396,30.0,1.2803725519731772
circular,415.0,60.0,60.0,2.0,180.0,404.0,75.62664723891022,0.0,0.0,0.0,364.42474781641613,2463.0086404143976,333.4966837128396,30.0,1.2443901851729942
circular,930.0,100.0,100.0,2.0,300.0,404.0,75.62664723891022,0.0,0.0,0.0,615.7521601035996,7238.229473870883,796.1668997365703,50.0,1.1680967901425083
circular,920.0,100.0,100.0,2.0,300.0,404.0,75.62664723891022,0.0,0.0,0.0,615.7521601035996,7238.229473870883,796.1668997365703,50.0,1.1555366096033417
circular,1870.0,150.0,150.0,2.0,450.0,404.0,75.62664723891022,0.0,0.0,0.0,929.9114254625783,16741.54725098001,1641.7913040702938,75.0,1.1389998201135163
circular,1743.0,150.0,150.0,2.0,450.0,404.0,75.62664723891022,0.0,0.0,0.0,929.9114254625783,16741.54725098001,1641.7913040702938,75.0,1.0616452868758604
circular,3020.0,200.0,200.0,2.0,600.0,404.0,75.62664723891022,0.0,0.0,0.0,1244.070690821558,30171.855845076374,2784.4008576307515,100.0,1.0846139454825912
circular,3011.0,200.0,200.0,2.0,600.0,404.0,75.62664723891022,0.0,0.0,0.0,1244.070690821558,30171.855845076374,2784.4008576307515,100.0,1.0813816522675768
circular,4442.0,250.0,250.0,2.0,750.0,404.0,75.62664723891022,0.0,0.0,0.0,1558.229956180534,47529.15525615998,4223.995560417943,125.0,1.0516109537673108
circular,4550.0,250.0,250.0,2.0,750.0,404.0,75.62664723891022,0.0,0.0,0.0,1558.229956180534,47529.15525615998,4223.995560417943,125.0,1.0771791624586369
circular,432.0,60.0,60.0,2.0,180.0,404.0,80.31575588549128,0.0,0.0,0.0,364.42474781641613,2463.0086404143976,345.0459988252107,30.0,1.2520069830423897
circular,437.0,60.0,60.0,2.0,180.0,404.0,80.31575588549128,0.0,0.0,0.0,364.42474781641613,2463.0086404143976,345.0459988252107,30.0,1.2664978046053803
circular,1980.0,150.0,150.0,2.0,450.0,404.0,80.31575588549128,0.0,0.0,0.0,929.9114254625783,16741.54725098001,1720.2942380420097,75.0,1.1509658965396408
circular,1910.0,150.0,150.0,2.0,450.0,404.0,80.31575588549128,0.0,0.0,0.0,929.9114254625783,16741.54725098001,1720.2942380420097,75.0,1.110275183025613
circular,4720.0,250.0,250.0,2.0,750.0,404.0,80.31575588549128,0.0,0.0,0.0,1558.229956180534,47529.15525615998,4446.864933294296,125.0,1.0614219390071202
circular,4800.0,250.0,250.0,2.0,750.0,404.0,80.31575588549128,0.0,0.0,0.0,1558.229956180534,47529.15525615998,4446.864933294296,125.0,1.0794121413631732
circular,1704.26,114.0,114.0,6.0,400.0,370.0,78.66870226159834,0.0,0.0,0.0,2035.7520395261863,8171.282491987052,1396.0524440822296,19.0,1.2207707577349554
circular,1735.46,114.0,114.0,6.0,400.0,370.0,82.43660112001722,0.0,0.0,0.0,2035.7520395261863,8171.282491987052,1426.8410100556057,19.0,1.216295289923274
circular,2008.69,114.0,114.0,8.0,400.0,368.0,78.66870226159834,0.0,0.0,0.0,2664.0705702441446,7542.9639612690935,1573.77315588889,14.25,1.2763529435507894
circular,1996.84,114.0,114.0,8.0,400.0,368.0,82.43660112001722,0.0,0.0,0.0,2664.0705702441446,7542.9639612690935,1602.1942811876502,14.25,1.246315770469367
circular,424.5,76.0,76.0,3.0,228.0,255.0,29.960921122044184,0.0,0.0,0.0,688.0087911361643,3848.4510006474966,290.74537861217357,25.333333333333332,1.4600404038278534
circular,394.0,76.0,76.0,3.0,228.0,255.0,29.960921122044184,0.0,0.0,0.0,688.0087911361643,3848.4510006474966,290.74537861217357,25.333333333333332,1.3551376186293855
circular,522.0,89.0,89.0,3.0,267.0,255.0,29.960921122044184,0.0,0.0,0.0,810.5309046261664,5410.607947645021,368.7921786213703,29.666666666666668,1.4154313194801356
circular,516.0,89.0,89.0,3.0,267.0,255.0,29.960921122044184,0.0,0.0,0.0,810.5309046261664,5410.607947645021,368.7921786213703,29.666666666666668,1.3991619939688698
circular,592.0,100.0,100.0,3.0,300.0,255.0,29.960921122044184,0.0,0.0,0.0,914.2034621946295,6939.778171779853,441.04402926881073,33.333333333333336,1.3422696164404564
circular,590.0,100.0,100.0,3.0,300.0,255.0,29.960921122044184,0.0,0.0,0.0,914.2034621946295,6939.778171779853,441.04402926881073,33.333333333333336,1.3377349217903196
circular,354.5,76.0,76.0,2.0,228.0,255.0,29.960921122044184,0.0,0.0,0.0,464.95571273128917,4071.5040790523717,240.549719307048,38.0,1.4737078098499086
circular,342.5,76.0,76.0,2.0,304.0,255.0,29.960921122044184,0.0,0.0,0.0,464.95571273128917,4071.5040790523717,240.549719307048,38.0,1.42382207298616
circular,424.5,76.0,76.0,3.0,228.0,255.0,29.960921122044184,0.0,0.0,0.0,688.0087911361643,3848.4510006474966,290.74537861217357,25.333333333333332,1.4600404038278534
circular,394.0,76.0,76.0,3.0,304.0,255.0,29.960921122044184,0.0,0.0,0.0,688.0087911361643,3848.4510006474966,290.74537861217357,25.333333333333332,1.3551376186293855
circular,2629.6,180.0,180.0,4.0,540.0,340.0,45.139309995648524,0.0,0.0,0.0,2211.681228127214,23235.21926595011,1800.79338282584,45.0,1.4602452591610375
circular,2440.4,180.0,180.0,4.0,540.0,340.0,45.139309995648524,0.0,0.0,0.0,2211.681228127214,23235.21926595011,1800.79338282584,45.0,1.3551804572773791
circular,4338.0,240.0,240.0,3.05,720.0,571.2,49.81954610545887,0.0,0.0,0.0,2270.421156767712,42968.51305492531,3437.53638196858,78.68852459016394,1.261950280076963
circular,4357.0,240.0,240.0,3.04,720.0,648.9,49.81954610545887,0.0,0.0,0.0,2263.072657391698,42975.86155430132,3609.5457635078046,78.94736842105263,1.2070770909871522
circular,4425.0,240.0,240.0,3.05,720.0,571.2,49.81954610545887,0.0,0.0,0.0,2270.421156767712,42968.51305492531,3437.53638196858,78.68852459016394,1.2872591031213836
circular,4438.0,240.0,240.0,3.04,720.0,648.9,49.81954610545887,0.0,0.0,0.0,2263.072657391698,42975.86155430132,3609.5457635078046,78.94736842105263,1.2295175877440858
circular,4100.0,219.0,219.0,7.06,659.0,429.0,54.51792717143876,0.0,0.0,0.0,4700.753777832855,32967.72753687216,3813.9555395533275,31.019830028328613,1.0749994218548684
circular,5050.0,219.0,219.0,7.06,659.0,429.0,72.5480501450563,0.0,0.0,0.0,4700.753777832855,32967.72753687216,4408.367721203849,31.019830028328613,1.1455487199286842
circular,4200.0,273.0,273.0,5.0,816.0,312.0,45.12366146557806,0.0,0.0,0.0,4209.734155810322,54325.2055640381,3764.789241532413,54.6,1.1156002980635482
circular,5050.0,273.0,273.0,5.0,816.0,312.0,54.51792717143876,0.0,0.0,0.0,4209.734155810322,54325.2055640381,4275.134657126489,54.6,1.1812493418381194
circular,6150.0,273.0,273.0,5.0,816.0,312.0,72.5480501450563,0.0,0.0,0.0,4209.734155810322,54325.2055640381,5254.624794013148,54.6,1.1703975528389767
circular,4020.0,273.0,273.0,3.5,813.0,305.0,45.12366146557806,0.0,0.0,0.0,2963.3072704985752,55571.63244934985,3411.4042472360607,78.0,1.178400362037723
circular,4500.0,273.0,273.0,3.5,813.0,305.0,54.51792717143876,0.0,0.0,0.0,2963.3072704985752,55571.63244934985,3933.458928173683,78.0,1.14403126667179
circular,5450.0,273.0,273.0,3.5,818.0,305.0,72.5480501450563,0.0,0.0,0.0,2963.3072704985752,55571.63244934985,4935.422295080136,78.0,1.1042621429645079
circular,5300.0,325.0,325.0,3.57,971.0,329.0,45.12366146557806,0.0,0.0,0.0,3604.9935921168217,79352.68741673866,4766.726695183186,91.03641456582633,1.1118741096181768
circular,6050.0,325.0,325.0,3.57,971.0,329.0,54.51792717143876,0.0,0.0,0.0,3604.9935921168217,79352.68741673866,5512.186925250137,91.03641456582633,1.0975680037783655
circular,6750.0,376.0,376.0,3.28,1125.0,305.0,45.12366146557806,0.0,0.0,0.0,3840.664877414849,107195.7858710628,6008.469139793963,114.63414634146342,1.1234142745770122
circular,1510.0,141.42,141.42,2.35,525.0,734.0,39.1795357044577,0.0,0.0,0.0,1026.718032286617,14680.943956926865,1328.8036036339356,60.17872340425531,1.136360554615098
circular,1570.0,141.44,141.44,2.22,525.0,734.0,39.1795357044577,0.0,0.0,0.0,970.9670148967525,14741.138128806706,1290.2407365761412,63.71171171171171,1.2168271823181187
circular,1610.0,140.84,140.84,2.37,525.0,734.0,39.1795357044577,0.0,0.0,0.0,1030.9887133399134,14548.095114225247,1326.7333275511312,59.426160337552744,1.213506864240547
circular,2150.0,151.05,151.05,2.98,562.5,691.0,39.1795357044577,0.0,0.0,0.0,1386.223360166783,16533.501639221147,1605.6552596688218,50.687919463087255,1.3390171937925537
circular,2050.0,150.62,150.62,3.04,562.5,691.0,39.1795357044577,0.0,0.0,0.0,1409.454181203022,16408.390460685503,1616.805959118399,49.546052631578945,1.2679319917387057
circular,1970.0,151.5,151.5,2.98,563.0,691.0,39.1795357044577,0.0,0.0,0.0,1390.4362359152474,16636.218759923835,1612.5907659090408,50.83892617449664,1.2216366617289183
circular,2290.0,182.5,182.5,2.27,675.0,734.0,39.1795357044577,0.0,0.0,0.0,1285.2949837812303,24873.372595875033,1917.9337078057886,80.39647577092511,1.1939933015828132
circular,2300.0,181.8,181.8,2.17,675.0,734.0,39.1795357044577,0.0,0.0,0.0,1224.583705750607,24733.799488257675,1867.9032201780346,83.77880184331798,1.2313271775294552
circular,2400.0,181.15,181.15,2.27,675.0,734.0,39.1795357044577,0.0,0.0,0.0,1275.6675730942989,24497.426449700662,1896.1377929045889,79.80176211453745,1.2657307970870473
circular,3250.0,220.0,220.0,2.13,825.0,734.0,39.1795357044577,0.0,0.0,0.0,1457.8972257621062,36555.373882674394,2502.3191399354278,103.28638497652582,1.2987951649060503
circular,3070.0,221.5,221.5,2.17,825.0,734.0,39.1795357044577,0.0,0.0,0.0,1495.2287712647158,37038.17227088174,2548.6363110231673,102.07373271889401,1.2045657462863062
circular,2950.0,220.97,220.97,2.13,825.0,734.0,39.1795357044577,0.0,0.0,0.0,1464.3880703436807,36884.82995536279,2519.9913558212493,103.74178403755869,1.1706389361953242
circular,4300.0,261.7,261.7,2.13,975.0,734.0,39.1795357044577,0.0,0.0,0.0,1736.9366268466038,52052.540995956464,3314.305872564232,122.86384976525822,1.2974059019704027
circular,4080.0,261.9,261.9,2.11,975.0,734.0,39.1795357044577,0.0,0.0,0.0,1722.0856900545623,52149.638828419476,3307.209532952683,124.12322274881517,1.2336684323588558
circular,4150.0,262.0,262.0,2.16,975.0,734.0,39.1795357044577,0.0,0.0,0.0,1763.232699834938,52149.6388284195,3337.4114381314794,121.29629629629629,1.2434786890775043
circular,6816.0,280.0,280.0,8.0,1000.0,495.0,38.0,0.0,0.0,0.0,6836.1056142113885,54739.11039614856,5463.958474088282,35.0,1.24744725501182
circular,9648.0,280.0,280.0,8.0,1000.0,495.0,82.0,0.0,0.0,0.0,6836.1056142113885,54739.11039614856,7872.47933151882,35.0,1.2255351324166173
circular,11868.0,280.0,280.0,8.0,1000.0,495.0,117.0,0.0,0.0,0.0,6836.1056142113885,54739.11039614856,9788.348195384018,35.0,1.212461976536215
circular,1750.0,180.0,180.0,3.0,540.0,320.5,36.91268312711409,0.0,0.0,0.0,1668.1856990561791,23778.714795021144,1412.3896809461405,60.0,1.2390348241766387
circular,1180.0,140.0,140.0,3.0,540.0,294.5,36.91268312711409,0.0,0.0,0.0,1291.1945806254043,14102.609421964582,900.8219568526139,46.666666666666664,1.3099147850734096
circular,4195.0,276.0,276.0,5.14,689.0,275.0,45.906125190682516,0.0,0.0,0.0,4373.789380817827,55454.70111414619,3748.5025314827785,53.69649805447471,1.1191135566181951
circular,4195.0,275.5,275.5,5.09,689.0,275.0,45.906125190682516,0.0,0.0,0.0,4324.046973537239,55287.86997786994,3727.1647984530155,54.12573673870334,1.125520396023584
circular,15576.0,550.0,550.0,9.86,1376.0,265.0,45.906125190682516,0.0,0.0,0.0,16731.432579272514,220851.5118484556,14572.266784973921,55.78093306288033,1.0688796897447055
circular,39546.0,879.5,879.5,15.55,2198.0,260.0,45.906125190682516,0.0,0.0,0.0,42205.48303122143,565315.9006695136,36924.88809653571,56.559485530546624,1.0709849653873482
circular,3956.0,275.0,275.0,4.18,689.0,281.0,45.906125190682516,0.0,0.0,0.0,3556.3695918208905,55839.366515111135,3562.7088051127675,65.78947368421053,1.1103910581529506
circular,3956.0,275.0,275.0,4.14,688.0,281.0,45.906125190682516,0.0,0.0,0.0,3522.8575946665005,55872.878512265524,3554.830339849143,66.42512077294687,1.1128519849889325
circular,14037.0,551.3,551.3,7.86,1376.0,263.0,45.906125190682516,0.0,0.0,0.0,13419.119497701351,225288.2716265812,13871.34002917778,70.13994910941474,1.0119426075976625
circular,59361.0,1100.4,1100.4,16.48,2748.0,267.0,45.906125190682516,0.0,0.0,0.0,56118.2745976228,894904.7791607856,56065.19014346041,66.77184466019418,1.0587853148826611
circular,3983.0,327.0,327.0,2.0,750.0,280.0,34.56849000498624,0.0,0.0,0.0,2042.0352248333656,81939.80498909239,3404.305192729304,163.5,1.169989109233401
circular,690.5,112.0,112.0,3.0,342.0,288.53,19.200881649841737,0.0,0.0,0.0,1027.3007977238613,8824.73376393373,465.8497677599196,37.333333333333336,1.4822375104324539
circular,594.0,88.7,88.7,3.98,265.0,392.2,22.7,0.0,0.0,0.0,1059.2998038562655,5119.969472324205,531.6806900941867,22.286432160804022,1.1172119113349281
circular,1805.0,168.8,168.8,5.01,500.0,411.3,22.7,0.0,0.0,0.0,2577.9529182646766,19800.742526610713,1509.7888906363246,33.69261477045909,1.1955313826950031
circular,2034.0,168.7,168.7,7.96,500.0,330.0,22.7,0.0,0.0,0.0,4019.6376409786644,18332.550615882057,1742.6293205034822,21.193467336683415,1.1672017543078723
circular,1420.0,133.0,133.0,4.75,400.0,338.0,24.936245753559767,0.0,0.0,0.0,1913.8189746587304,11979.089137678731,945.5843240756061,28.0,1.5017169424717123
circular,1380.0,133.0,133.0,4.75,400.0,338.0,24.936245753559767,0.0,0.0,0.0,1913.8189746587304,11979.089137678731,945.5843240756061,28.0,1.4594150567682838
circular,1395.0,133.0,133.0,4.75,400.0,338.0,24.936245753559767,0.0,0.0,0.0,1913.8189746587304,11979.089137678731,945.5843240756061,28.0,1.4752782639070696
circular,390.0,60.3,60.3,4.5,200.0,225.0,47.05,0.0,0.0,0.0,788.853915316397,2066.9244926314304,274.7409283244981,13.399999999999999,1.419519117076611
circular,395.0,60.3,60.3,4.5,200.0,225.0,47.05,0.0,0.0,0.0,788.853915316397,2066.9244926314304,274.7409283244981,13.399999999999999,1.4377180801160547
circular,97758.9,800.0,800.0,20.0,2000.0,435.0,150.0,0.0,0.0,0.0,49008.845396000776,453645.97917836613,89365.74462401526,40.0,1.0939191567339017
circular,104467.0,800.0,800.0,20.0,2000.0,535.0,150.0,0.0,0.0,0.0,49008.845396000776,453645.97917836613,94266.62916361535,40.0,1.1082076544678416
circular,110960.0,800.0,800.0,20.0,2000.0,635.0,150.0,0.0,0.0,0.0,49008.845396000776,453645.97917836613,99167.51370321542,40.0,1.1189148124866442
circular,117093.0,800.0,800.0,20.0,2000.0,735.0,150.0,0.0,0.0,0.0,49008.845396000776,453645.97917836613,104068.3982428155,40.0,1.125154244488275
circular,85665.4,800.0,800.0,20.0,2000.0,535.0,110.0,0.0,0.0,0.0,49008.845396000776,453645.97917836613,76120.78999648069,40.0,1.1253876898014403
circular,94037.9,800.0,800.0,20.0,2000.0,535.0,130.0,0.0,0.0,0.0,49008.845396000776,453645.97917836613,85193.70958004802,40.0,1.103812716496891
circular,113527.0,800.0,800.0,20.0,2000.0,535.0,170.0,0.0,0.0,0.0,49008.845396000776,453645.97917836613,103339.54874718266,40.0,1.0985823082868367
circular,123351.0,800.0,800.0,20.0,2000.0,535.0,190.0,0.0,0.0,0.0,49008.845396000776,453645.97917836613,112412.46833075,40.0,1.0973071033105124
circular,89551.5,800.0,800.0,8.0,2000.0,535.0,150.0,0.0,0.0,0.0,19905.131053144927,482749.693521222,83061.69914161584,100.0,1.07813229112156
circular,93089.1,800.0,800.0,12.0,2000.0,535.0,150.0,0.0,0.0,0.0,29706.900132345094,472947.9244420218,86835.38023710791,66.66666666666667,1.0720181076632134
circular,97551.8,800.0,800.0,14.0,2000.0,535.0,150.0,0.0,0.0,0.0,34570.085560102074,468084.73901426484,88707.70662679434,57.142857142857146,1.0996992675102513
circular,100223.0,800.0,800.0,16.0,2000.0,535.0,150.0,0.0,0.0,0.0,39408.13824663038,463246.68632773653,90570.35691110774,50.0,1.1065761847263786
circular,100661.0,800.0,800.0,18.0,2000.0,535.0,150.0,0.0,0.0,0.0,44221.058191929944,458433.76638243697,92423.33109004806,44.44444444444444,1.0891297555800707
circular,63098.0,600.0,600.0,20.0,1500.0,535.0,150.0,0.0,0.0,0.0,36442.47478164162,246300.86404143978,56441.85361439423,30.0,1.1179292663043983
circular,81798.6,700.0,700.0,20.0,1750.0,535.0,150.0,0.0,0.0,0.0,42725.6600888212,342119.43997592846,74176.14414390862,35.0,1.1027615541905644
circular,129354.0,900.0,900.0,20.0,2250.0,535.0,150.0,0.0,0.0,0.0,55292.03070318035,580880.4816487527,116713.3086735144,45.0,1.1083054834975656
circular,155156.0,1000.0,1000.0,20.0,2500.0,535.0,150.0,0.0,0.0,0.0,61575.21601035993,723822.9473870883,141516.1826736058,50.0,1.0963834458272042
circular,104834.0,800.0,800.0,20.0,1600.0,535.0,150.0,0.0,0.0,0.0,49008.845396000776,453645.97917836613,94266.62916361535,40.0,1.1121008667663637
circular,104675.0,800.0,800.0,20.0,1800.0,535.0,150.0,0.0,0.0,0.0,49008.845396000776,453645.97917836613,94266.62916361535,40.0,1.1104141617106007
circular,104200.0,800.0,800.0,20.0,2200.0,535.0,150.0,0.0,0.0,0.0,49008.845396000776,453645.97917836613,94266.62916361535,40.0,1.1053752629591076
circular,103848.0,800.0,800.0,20.0,2400.0,535.0,150.0,0.0,0.0,0.0,49008.845396000776,453645.97917836613,94266.62916361535,40.0,1.101641173779054
circular,354.5,76.0,76.0,2.0,228.0,255.0,29.960921122044184,0.0,0.0,0.0,464.95571273128917,4071.5040790523717,240.549719307048,38.0,1.4737078098499086
circular,326.0,76.0,76.0,2.0,304.0,255.0,29.960921122044184,0.0,0.0,0.0,464.95571273128917,4071.5040790523717,240.549719307048,38.0,1.3552291847985056
circular,424.5,76.0,76.0,3.0,228.0,255.0,29.960921122044184,0.0,0.0,0.0,688.0087911361643,3848.4510006474966,290.74537861217357,25.333333333333332,1.4600404038278534
circular,394.0,76.0,76.0,3.0,304.0,255.0,29.960921122044184,0.0,0.0,0.0,688.0087911361643,3848.4510006474966,290.74537861217357,25.333333333333332,1.3551376186293855
circular,2374.0,189.2,189.2,5.11,567.5999999999999,346.9,38.0,0.0,0.0,0.0,2955.295895072646,25159.31941672698,1981.246283836326,37.02544031311154,1.1982356859759895
circular,3168.0,189.6,189.6,5.09,568.8,464.0,38.0,0.0,0.0,0.0,2950.445276015511,25283.1735655021,2329.767203560277,37.24950884086444,1.3597925128136246
circular,2330.8,159.0,159.0,4.64,477.0,397.2,46.68866403084713,0.0,0.0,0.0,2250.10416291768,17605.54680593321,1715.7208334124716,34.26724137931035,1.3584960645166095
circular,2247.6,159.0,159.0,4.64,477.0,397.2,46.68866403084713,0.0,0.0,0.0,2250.10416291768,17605.54680593321,1715.7208334124716,34.26724137931035,1.3100033270154159
circular,662.0,90.0,90.0,3.0,300.0,381.0,36.131189411320236,0.0,0.0,0.0,819.9556825869358,5541.769440932395,512.6338364098171,30.0,1.2913700832474397
circular,925.2,90.0,90.0,4.5,300.0,357.0,36.131189411320236,0.0,0.0,0.0,1208.7277734686722,5152.9973500506585,617.6997384190275,20.0,1.4978151073335477
circular,1510.39,159.0,159.0,4.5,447.0,317.6,31.4,0.0,0.0,0.0,2184.192292408301,17671.458676442588,1248.5832745091739,35.333333333333336,1.2096830310287026
circular,1607.33,159.0,159.0,4.5,447.0,317.6,31.4,0.0,0.0,0.0,2184.192292408301,17671.458676442588,1248.5832745091739,35.333333333333336,1.2873230266774571
circular,2137.9,159.0,159.0,6.0,447.0,325.4,31.4,0.0,0.0,0.0,2883.982055995428,16971.66891285546,1471.3581648845736,26.5,1.4530112728655133
circular,2076.04,159.0,159.0,6.0,447.0,325.4,31.4,0.0,0.0,0.0,2883.982055995428,16971.66891285546,1471.3581648845736,26.5,1.4109684844565789
circular,1750.0,180.0,180.0,3.0,540.0,320.5,36.91268312711409,0.0,0.0,0.0,1668.1856990561791,23778.714795021144,1412.3896809461405,60.0,1.2390348241766387
circular,1180.0,140.0,140.0,3.0,540.0,294.5,36.91268312711409,0.0,0.0,0.0,1291.1945806254043,14102.609421964582,900.8219568526139,46.666666666666664,1.3099147850734096
circular,1413.9,165.0,165.0,2.3,500.0,332.47,34.2,0.0,0.0,0.0,1175.6153868998335,20206.849611595695,1081.9311043991604,71.73913043478261,1.306829976743478
circular,1396.5,165.0,165.0,2.3,500.0,332.47,34.2,0.0,0.0,0.0,1175.6153868998335,20206.849611595695,1081.9311043991604,71.73913043478261,1.290747621841903
circular,1672.9,165.0,165.0,3.0,500.0,377.06,34.2,0.0,0.0,0.0,1526.81402964464,19855.65096885089,1254.7637611525083,55.0,1.3332390142216342
circular,1642.0,165.0,165.0,3.0,500.0,377.06,34.2,0.0,0.0,0.0,1526.81402964464,19855.65096885089,1254.7637611525083,55.0,1.3086128646971864
circular,1732.0,165.0,165.0,3.5,500.0,361.34,34.2,0.0,0.0,0.0,1775.7852474416286,19606.6797510539,1312.2106887966015,47.142857142857146,1.3199099921891184
circular,1757.0,165.0,165.0,3.5,500.0,361.34,34.2,0.0,0.0,0.0,1775.7852474416286,19606.6797510539,1312.2106887966015,47.142857142857146,1.3389618107830723
circular,1919.6,165.0,165.0,4.0,500.0,386.04,34.2,0.0,0.0,0.0,2023.185668911825,19359.279329583704,1443.1179486984836,41.25,1.330175403702272
circular,1941.5,165.0,165.0,4.0,500.0,386.04,34.2,0.0,0.0,0.0,2023.185668911825,19359.279329583704,1443.1179486984836,41.25,1.3453508784579917
circular,2015.5,165.0,165.0,4.5,500.0,385.85,34.2,0.0,0.0,0.0,2269.015294055229,19113.4497044403,1529.1795311030685,36.666666666666664,1.3180270589589476
circular,2068.4,165.0,165.0,4.5,500.0,385.85,34.2,0.0,0.0,0.0,2269.015294055229,19113.4497044403,1529.1795311030685,36.666666666666664,1.352620773381636
circular,1140.0,140.0,140.0,4.0,420.0,310.0,27.30749287504521,0.0,0.0,0.0,1709.0264035528471,13684.77759903714,903.4951518836675,35.0,1.2617665934601323
circular,1850.0,108.0,108.0,6.0,324.0,343.5,101.1326152587495,0.0,0.0,0.0,1922.6547039969528,7238.229473870883,1392.4529673584782,18.0,1.3285906550290896
circular,1950.0,108.0,108.0,6.0,324.0,343.5,111.11726141299482,0.0,0.0,0.0,1922.6547039969528,7238.229473870883,1464.7241274383082,18.0,1.3313087177790965
circular,2120.0,108.0,108.0,6.0,324.0,343.5,117.17342520042699,0.0,0.0,0.0,1922.6547039969528,7238.229473870883,1508.5600306630893,18.0,1.4053136480542652
circular,2340.0,108.0,108.0,10.0,324.0,384.8,101.1326152587495,0.0,0.0,0.0,3078.7608005179964,6082.12337734984,1799.8081995170924,10.8,1.3001385373329486
circular,2300.0,108.0,108.0,10.0,324.0,384.8,111.11726141299482,0.0,0.0,0.0,3078.7608005179964,6082.12337734984,1860.536049306394,10.8,1.2362028679086534
circular,2460.0,108.0,108.0,10.0,324.0,384.8,117.17342520042699,0.0,0.0,0.0,3078.7608005179964,6082.12337734984,1897.370384654995,10.8,1.2965312518289938
circular,1793.9,159.0,159.0,4.0,636.0,466.5,25.123404676843816,0.0,0.0,0.0,1947.7874452256692,17907.86352362522,1358.5493453995014,39.75,1.3204525886930352
circular,1768.0,114.0,114.0,6.0,400.0,406.0,65.71519574946053,0.0,0.0,0.0,2035.7520395261863,8171.282491987052,1363.4927565327005,19.0,1.2966698880718244
circular,2115.0,114.0,114.0,8.0,400.0,400.0,65.71519574946053,0.0,0.0,0.0,2664.0705702441446,7542.9639612690935,1561.3155813435826,14.25,1.3546268449969268
circular,1815.0,114.0,114.0,6.0,400.0,406.0,69.17820687745562,0.0,0.0,0.0,2035.7520395261863,8171.282491987052,1391.7899987324429,19.0,1.3040760471428814
circular,1943.0,114.0,114.0,8.0,400.0,400.0,69.17820687745562,0.0,0.0,0.0,2664.0705702441446,7542.9639612690935,1587.4369494795233,14.25,1.2239856207435866
circular,1727.0,165.0,165.0,4.25,495.0,351.0,33.943520804036815,0.0,0.0,0.0,2146.2968310243778,19236.16816747115,1406.2934620720644,38.8235294117647,1.2280509343017207
circular,1632.0,165.0,165.0,4.25,495.0,351.0,33.943520804036815,0.0,0.0,0.0,2146.2968310243778,19236.16816747115,1406.2934620720644,38.8235294117647,1.1604974665781171
circular,1873.0,165.0,165.0,4.25,495.0,351.0,38.86682143078368,0.0,0.0,0.0,2146.2968310243778,19236.16816747115,1500.9989008671832,38.8235294117647,1.2478356905643953
circular,1891.0,165.0,165.0,4.25,495.0,351.0,38.86682143078368,0.0,0.0,0.0,2146.2968310243778,19236.16816747115,1500.9989008671832,38.8235294117647,1.2598277046755322
circular,2210.0,165.0,165.0,4.25,495.0,351.0,49.428123791388174,0.0,0.0,0.0,2146.2968310243778,19236.16816747115,1704.1578891432812,38.8235294117647,1.2968281953681047
circular,2196.0,165.0,165.0,4.25,495.0,351.0,49.428123791388174,0.0,0.0,0.0,2146.2968310243778,19236.16816747115,1704.1578891432812,38.8235294117647,1.2886129941304787
circular,1120.2,102.0,102.0,3.4,200.0,311.0,71.8,0.0,0.0,0.0,1053.1875211894412,7118.094970797611,838.6205379931846,30.0,1.3357650442006035
circular,1084.9,102.0,102.0,3.4,400.0,311.0,71.8,0.0,0.0,0.0,1053.1875211894412,7118.094970797611,838.6205379931846,30.0,1.2936721089566459
circular,1121.75,114.0,114.0,4.5,342.0,335.04,41.67,0.0,0.0,0.0,1548.019780056371,8659.014751456867,879.4696918032943,25.333333333333332,1.275484545351331
circular,1387.75,114.0,114.0,4.5,342.0,335.04,64.31,0.0,0.0,0.0,1548.019780056371,8659.014751456867,1075.5097857762778,25.333333333333332,1.2903183386642592
circular,1401.42,133.0,133.0,4.5,399.0,335.04,41.67,0.0,0.0,0.0,1816.6259519382966,12076.282160399165,1111.86103656124,29.555555555555557,1.2604272961433265
circular,1677.61,133.0,133.0,4.5,399.0,335.04,64.31,0.0,0.0,0.0,1816.6259519382966,12076.282160399165,1385.2680646726774,29.555555555555557,1.2110363638509196
circular,1795.7,133.0,133.0,6.0,399.0,381.79,41.67,0.0,0.0,0.0,2393.8936020354213,11499.01451030204,1393.1285729653896,22.166666666666668,1.2889693276319096
circular,2005.17,133.0,133.0,6.0,399.0,381.79,64.31,0.0,0.0,0.0,2393.8936020354213,11499.01451030204,1653.4662614786278,22.166666666666668,1.212706933739826
circular,983.0,114.0,114.0,2.5,200.0,365.0,46.8,0.0,0.0,0.0,875.7189521881555,9331.315579325083,756.3429866610907,45.6,1.2996749058776849
circular,1265.62,114.0,114.0,2.5,200.0,365.0,65.7,0.0,0.0,0.0,875.7189521881555,9331.315579325083,932.7048511103347,45.6,1.3569351531659213
circular,2195.32,203.0,203.0,4.0,609.0,325.7,40.4,0.0,0.0,0.0,2500.7077522574764,29864.76516318797,2021.017027503054,50.75,1.0862451776135187
circular,1322.0,140.0,140.0,3.0,600.0,300.0,36.7,0.0,0.0,0.0,1291.1945806254043,14102.609421964582,904.9241399737215,46.666666666666664,1.460895937684224
circular,1390.0,140.0,140.0,6.0,600.0,300.0,36.7,0.0,0.0,0.0,2525.8404934861937,12867.963509103793,1230.0064088299675,23.333333333333332,1.130075412633195
circular,1852.0,180.0,180.0,3.0,600.0,320.0,36.7,0.0,0.0,0.0,1668.1856990561791,23778.714795021144,1406.4982566752533,60.0,1.3167453220865304
circular,1918.0,180.0,180.0,6.0,600.0,320.0,36.7,0.0,0.0,0.0,3279.8227303477433,22167.07776372958,1863.0750276401536,30.0,1.0294808161480307
circular,1303.0,150.0,150.0,3.55,450.0,326.0,24.538559469992695,0.0,0.0,0.0,1633.306166619701,16038.152509822887,926.010969469124,42.25352112676057,1.4071107610604239
circular,1375.0,150.0,150.0,3.55,450.0,326.0,30.878229543269118,0.0,0.0,0.0,1633.306166619701,16038.152509822887,1027.6875649662913,42.25352112676057,1.3379552763636882
circular,1106.5,114.0,114.0,3.01,280.0,301.4,48.28527099794228,0.0,0.0,0.0,1049.5429595520127,9157.491571961225,758.5042102224968,37.87375415282392,1.458792166328811
circular,1265.9,114.0,114.0,4.03,280.0,330.74,48.28527099794228,0.0,0.0,0.0,1392.2882047845378,8814.7463267287,886.1078160146495,28.287841191066995,1.4286071933023912
circular,345.0,87.1,87.1,1.9,252.58999999999997,255.0,26.0,0.0,0.0,0.0,508.5610187631155,5449.7914620169195,271.37763779703437,45.8421052631579,1.271291189652216
circular,351.0,87.1,87.1,1.9,252.58999999999997,255.0,26.0,0.0,0.0,0.0,508.5610187631155,5449.7914620169195,271.37763779703437,45.8421052631579,1.2934006016461677
circular,325.0,87.1,87.1,1.9,348.4,255.0,26.0,0.0,0.0,0.0,508.5610187631155,5449.7914620169195,271.37763779703437,45.8421052631579,1.1975931496723773
circular,340.0,87.1,87.1,1.9,348.4,255.0,26.0,0.0,0.0,0.0,508.5610187631155,5449.7914620169195,271.37763779703437,45.8421052631579,1.2528666796572563
circular,1265.1,165.0,165.0,2.0,330.0,242.0,28.751097992513095,0.0,0.0,0.0,1024.1592050702711,20358.305793425257,833.1701724553222,82.5,1.5184172955589565
circular,1364.7,165.0,165.0,3.0,330.0,242.0,28.751097992513095,0.0,0.0,0.0,1526.81402964464,19855.65096885089,940.3607618845724,55.0,1.4512515359158664
circular,1438.4,165.0,165.0,4.0,330.0,242.0,28.751097992513095,0.0,0.0,0.0,2023.185668911825,19359.279329583704,1046.2114689459559,41.25,1.3748654480428981
circular,977.24,114.0,114.0,4.0,280.0,330.74,29.22718829274013,0.0,0.0,0.0,1382.3007675795088,8824.73376393373,715.1043112210392,28.5,1.3665698621385245
circular,981.39,114.0,114.0,4.0,280.0,330.74,35.92020236320043,0.0,0.0,0.0,1382.3007675795088,8824.73376393373,774.1683784711138,28.5,1.2676699633975275
circular,1130.38,114.0,114.0,4.0,280.0,330.74,42.68287189751127,0.0,0.0,0.0,1382.3007675795088,8824.73376393373,833.8471366448726,28.5,1.3556201734388373
circular,2645.0,250.0,250.0,4.0,800.0,276.0,25.51334433716892,0.0,0.0,0.0,3091.327171132354,45996.05804120816,2026.719566190281,62.5,1.305064619754932
circular,3611.0,300.0,300.0,4.0,800.0,276.0,25.51334433716892,0.0,0.0,0.0,3719.6457018503133,66966.18900392004,2735.1536527156336,75.0,1.32021833450372
rectangular,497.3670000000001,100.0,100.0,2.29,300.0,194.238,31.9806,0.0,0.0,0.0,895.0236000000004,9104.9764,465.0302022746401,43.66812227074236,1.06953698397908
rectangular,498.348,100.0,100.0,2.29,300.0,194.238,31.9806,0.0,0.0,0.0,895.0236000000004,9104.9764,465.0302022746401,43.66812227074236,1.0716465243814055
rectangular,510.12,100.0,100.0,2.2,300.0,339.426,21.3858,0.0,0.0,0.0,860.6400000000012,9139.359999999999,487.5761177280004,45.45454545454545,1.0462366417310374
rectangular,528.759,100.0,100.0,2.99,300.0,288.414,20.601,0.0,0.0,0.0,1160.2396000000008,8839.7604,516.7372479948002,33.4448160535117,1.023264728934967
rectangular,527.778,100.0,100.0,2.99,300.0,288.414,20.601,0.0,0.0,0.0,1160.2396000000008,8839.7604,516.7372479948002,33.4448160535117,1.0213662786029911
rectangular,667.08,100.0,100.0,4.25,300.0,284.49,19.8162,0.0,0.0,0.0,1627.75,8372.25,628.98477795,23.529411764705884,1.0605662066642707
rectangular,666.099,100.0,100.0,4.25,300.0,284.49,19.8162,0.0,0.0,0.0,1627.75,8372.25,628.98477795,23.529411764705884,1.0590065504779997
rectangular,558.189,150.0,150.0,0.7000000000000001,480.0,245.25,22.563,0.0,0.0,0.0,418.0400000000009,22081.96,600.7595734800001,214.28571428571428,0.9291387514086493
rectangular,795.591,200.0,150.0,0.7000000000000001,480.0,245.25,22.563,0.0,0.0,0.0,488.0400000000009,29511.96,785.5701634800001,285.71428571428567,1.0127561317700873
rectangular,747.522,150.0,150.0,0.7000000000000001,480.0,245.25,33.7464,0.0,0.0,0.0,418.0400000000009,22081.96,847.7109649440001,214.28571428571428,0.8818123522200535
rectangular,1173.276,200.0,150.0,1.4,480.0,245.25,33.7464,0.0,0.0,0.0,972.1600000000035,29027.839999999997,1218.0073397760007,142.85714285714286,0.9632749833968759
rectangular,850.0,120.0,80.0,5.0,200.0,357.5,35.7,0.0,0.0,0.0,1900.0,7700.0,954.14,24.0,0.8908545915693714
rectangular,900.0,120.0,80.0,5.0,200.0,341.0,38.8,0.0,0.0,0.0,1900.0,7700.0,946.66,24.0,0.9507109204994402
rectangular,920.0,120.0,80.0,5.0,200.0,341.0,40.5,0.0,0.0,0.0,1900.0,7700.0,959.75,24.0,0.9585829643136233
rectangular,950.0,120.0,80.0,5.0,200.0,362.6,39.1,0.0,0.0,0.0,1900.0,7700.0,990.01,24.0,0.9595862668053858
rectangular,955.0,120.0,80.0,5.0,200.0,362.6,36.0,0.0,0.0,0.0,1900.0,7700.0,966.14,24.0,0.9884695799780571
rectangular,1370.0,150.0,100.0,5.0,100.0,346.7,38.5,0.0,0.0,0.0,2400.0,12600.0,1317.18,30.0,1.0401008214518896
rectangular,1210.0,150.0,100.0,5.0,200.0,346.7,38.5,0.0,0.0,0.0,2400.0,12600.0,1317.18,30.0,0.9186291926691872
rectangular,1340.0,150.0,100.0,5.0,100.0,346.7,38.3,0.0,0.0,0.0,2400.0,12600.0,1314.66,30.0,1.0192749456133143
rectangular,1200.0,150.0,100.0,5.0,200.0,346.7,38.3,0.0,0.0,0.0,2400.0,12600.0,1314.66,30.0,0.9127835333850577
rectangular,1300.0,150.0,100.0,5.0,100.0,340.0,38.7,0.0,0.0,0.0,2400.0,12600.0,1303.62,30.0,0.9972231171660454
rectangular,1190.0,150.0,100.0,5.0,200.0,340.0,38.7,0.0,0.0,0.0,2400.0,12600.0,1303.62,30.0,0.9128426995596877
rectangular,1320.0,150.0,100.0,5.0,100.0,340.0,39.6,0.0,0.0,0.0,2400.0,12600.0,1314.96,30.0,1.003832816207337
rectangular,1200.0,150.0,100.0,5.0,200.0,340.0,39.6,0.0,0.0,0.0,2400.0,12600.0,1314.96,30.0,0.9125752874612155
rectangular,4870.0,250.0,250.0,8.0,500.0,379.0,33.0,0.0,0.0,0.0,7744.0,54756.0,4741.924,31.25,1.027009289900049
rectangular,8300.0,250.0,250.0,8.0,500.0,379.0,91.0,0.0,0.0,0.0,7744.0,54756.0,7917.772,31.25,1.0482746914157164
rectangular,14116.0,305.0,305.0,8.9,1200.0,600.0,110.0,0.0,0.0,0.0,10541.160000000003,82483.84,15397.918400000002,34.26966292134831,0.9167472922833516
rectangular,12307.0,305.0,305.0,6.1,1200.0,660.0,110.0,0.0,0.0,0.0,7293.159999999989,85731.84000000001,14243.987999999992,50.0,0.8640136456166635
rectangular,11390.0,305.0,305.0,8.6,1200.0,269.0,110.0,0.0,0.0,0.0,10196.159999999989,82828.84000000001,11853.939439999998,35.46511627906977,0.9608620035264834
rectangular,11568.0,305.0,305.0,5.8,1200.0,471.0,110.0,0.0,0.0,0.0,6941.440000000017,86083.55999999998,12738.609840000005,52.58620689655172,0.9081053698399476
rectangular,2230.0,200.3,200.3,4.35,600.9000000000001,322.0,29.6,0.0,0.0,0.0,3409.5299999999916,36710.56000000001,2184.501235999998,46.04597701149426,1.0208279872998902
rectangular,5102.0,300.5,300.5,6.1,901.5,395.0,26.5,0.0,0.0,0.0,7183.360000000001,83116.89,5040.0247850000005,49.26229508196722,1.0122966091723296
rectangular,851.0,100.1,100.1,2.18,300.3,300.0,53.7,0.0,0.0,0.0,853.8624,9166.147599999998,748.3808461199999,45.917431192660544,1.1371215663950138
rectangular,3201.0,200.1,200.1,4.35,600.3,322.0,57.9,0.0,0.0,0.0,3406.0499999999956,36633.96,3217.854383999999,46.0,0.9947622291164563
rectangular,6496.0,300.7,300.7,6.1,902.0999999999999,395.0,52.2,0.0,0.0,0.0,7188.239999999991,83232.25,7184.078249999996,49.295081967213115,0.9042217768159755
rectangular,911.0,100.1,100.1,2.18,300.3,300.0,61.0,0.0,0.0,0.0,853.8624,9166.147599999998,815.2937235999999,45.917431192660544,1.1173887074432522
rectangular,3417.0,200.3,200.3,4.35,600.9000000000001,322.0,63.7,0.0,0.0,0.0,3409.5299999999916,36710.56000000001,3436.331331999998,46.04597701149426,0.9943744272212695
rectangular,882.0,120.0,120.0,3.84,360.0,330.0,21.53372990323617,0.0,0.0,0.0,1784.2176000000018,12615.782399999998,860.4566587196011,31.25,1.025037102173695
rectangular,882.0,120.0,120.0,3.84,360.0,330.0,24.9895921100978,0.0,0.0,0.0,1784.2176000000018,12615.782399999998,904.0550643257511,31.25,0.9756042909375217
rectangular,921.0,120.0,120.0,3.84,360.0,330.0,24.9895921100978,0.0,0.0,0.0,1784.2176000000018,12615.782399999998,904.0550643257511,31.25,1.0187432561830583
rectangular,1080.0,120.0,120.0,3.84,360.0,330.0,41.39001724151024,0.0,0.0,0.0,1784.2176000000018,12615.782399999998,1110.959259051142,31.25,0.9721328583393922
rectangular,1078.0,120.0,120.0,3.84,360.0,330.0,44.46758439151223,0.0,0.0,0.0,1784.2176000000018,12615.782399999998,1149.785176536955,31.25,0.9375664445830088
rectangular,941.0,140.0,140.0,3.84,420.0,330.0,11.79506854842544,0.0,0.0,0.0,2091.4176000000007,17508.5824,896.6827375937554,36.458333333333336,1.0494235703981207
rectangular,922.0,140.0,140.0,3.84,420.0,330.0,12.4847286037014,0.0,0.0,0.0,2091.4176000000007,17508.5824,908.7577074995431,36.458333333333336,1.014571862655111
rectangular,1499.0,140.0,140.0,3.84,420.0,330.0,46.38278346118148,0.0,0.0,0.0,2091.4176000000007,17508.5824,1502.2645941714532,36.458333333333336,0.9978268847018567
rectangular,1470.0,140.0,140.0,3.84,420.0,330.0,46.38278346118148,0.0,0.0,0.0,2091.4176000000007,17508.5824,1502.2645941714532,36.458333333333336,0.9785226954714671
rectangular,1176.0,120.0,120.0,5.86,360.0,321.0,23.87384014012435,0.0,0.0,0.0,2675.4416,11724.5584,1138.726986555152,20.477815699658702,1.0327321771459947
rectangular,1117.0,120.0,120.0,5.86,360.0,321.0,23.87384014012435,0.0,0.0,0.0,2675.4416,11724.5584,1138.726986555152,20.477815699658702,0.9809199335646905
rectangular,1196.0,120.0,120.0,5.86,360.0,321.0,20.18038398440678,0.0,0.0,0.0,2675.4416,11724.5584,1095.422844159602,20.477815699658702,1.0918158283594679
rectangular,1460.0,120.0,120.0,5.86,360.0,321.0,44.46758439151223,0.0,0.0,0.0,2675.4416,11724.5584,1380.1795437052137,20.477815699658702,1.0578333859959272
rectangular,1372.0,120.0,120.0,5.86,360.0,321.0,44.46758439151223,0.0,0.0,0.0,2675.4416,11724.5584,1380.1795437052137,20.477815699658702,0.9940735654701452
rectangular,1343.0,140.0,140.0,5.86,420.0,321.0,12.06052626151454,0.0,0.0,0.0,3144.241600000001,16455.7584,1207.7666599363388,23.890784982935152,1.1119697575281549
rectangular,1292.0,140.0,140.0,5.86,420.0,321.0,13.74846844609584,0.0,0.0,0.0,3144.241600000001,16455.7584,1235.5430287189768,23.890784982935152,1.0456940551391063
rectangular,2009.0,140.0,140.0,5.86,420.0,321.0,46.38278346118148,0.0,0.0,0.0,3144.241600000001,16455.7584,1772.5654321567185,23.890784982935152,1.1333855233516579
rectangular,1906.0,140.0,140.0,5.86,420.0,321.0,46.38278346118148,0.0,0.0,0.0,3144.241600000001,16455.7584,1772.5654321567185,23.890784982935152,1.0752776543097362
rectangular,2058.0,200.0,200.0,5.86,600.0,321.0,13.16959388355324,0.0,0.0,0.0,4550.641600000003,35449.3584,1927.6096071605275,34.129692832764505,1.0676435686744394
rectangular,1960.0,200.0,200.0,5.86,600.0,321.0,13.16959388355324,0.0,0.0,0.0,4550.641600000003,35449.3584,1927.6096071605275,34.129692832764505,1.0168033987375615
rectangular,1310.0,101.3,101.3,4.97,303.9,347.3,54.27381616370749,0.0,0.0,0.0,1915.040399999998,8346.6496,1118.098056893282,20.382293762575454,1.1716324806430052
rectangular,1340.0,103.6,103.6,4.9,310.8,347.3,54.27381616370749,0.0,0.0,0.0,1934.5200000000004,8798.439999999999,1149.3837110874106,21.14285714285714,1.1658421700897874
rectangular,2160.0,142.0,142.0,5.11,426.0,347.3,54.27381616370749,0.0,0.0,0.0,2798.0315999999984,17365.9684,1914.273751126353,27.788649706457925,1.1283652605741799
rectangular,2250.0,142.0,142.0,5.08,426.0,347.3,54.27381616370749,0.0,0.0,0.0,2782.2144000000008,17381.7856,1909.6388973713783,27.95275590551181,1.178233226761944
rectangular,1360.0,142.1,142.1,3.02,426.3,255.1,46.64676865828491,0.0,0.0,0.0,1680.0864000000001,18512.3236,1292.130116936508,47.05298013245033,1.0525255794086772
rectangular,1400.0,142.1,142.1,3.02,426.3,255.1,46.64676865828491,0.0,0.0,0.0,1680.0864000000001,18512.3236,1292.130116936508,47.05298013245033,1.0834822140971676
rectangular,1328.0,142.1,142.1,2.01,426.3,305.1,46.64676865828491,0.0,0.0,0.0,1126.3236000000034,19066.086399999997,1233.012651879673,70.69651741293532,1.077036799237642
rectangular,1364.0,142.1,142.1,2.01,426.3,305.1,46.64676865828491,0.0,0.0,0.0,1126.3236000000034,19066.086399999997,1233.012651879673,70.69651741293532,1.1062335799398673
rectangular,1280.0,140.9,140.9,2.02,422.7,305.1,46.64676865828491,0.0,0.0,0.0,1122.1503999999986,18730.659600000003,1216.092832218283,69.75247524752476,1.0525512247820288
rectangular,1500.0,103.5,103.5,5.01,310.5,347.3,67.1444928642016,0.0,0.0,0.0,1973.739599999999,8738.510400000001,1272.2226122765512,20.65868263473054,1.1790389398250496
rectangular,1330.0,102.1,102.1,4.97,306.3,347.3,67.1444928642016,0.0,0.0,0.0,1930.9443999999985,8493.4656,1240.906430491541,20.543259557344065,1.071797169648938
rectangular,1440.0,101.9,101.9,5.03,305.7,347.3,67.1444928642016,0.0,0.0,0.0,1949.0244000000002,8434.5856,1243.2321467516977,20.25844930417495,1.1582712076440551
rectangular,2520.0,142.3,142.3,5.09,426.9,347.3,67.1444928642016,0.0,0.0,0.0,2793.595600000004,17455.6944,2142.2694999604855,27.95677799607073,1.1763225868857685
rectangular,1855.0,142.3,142.3,2.01,426.9,305.1,67.1444928642016,0.0,0.0,0.0,1127.9316000000035,19121.3584,1628.0258438026424,70.79601990049753,1.1394168016812345
rectangular,1920.0,141.5,141.5,3.08,424.5,255.1,67.1444928642016,0.0,0.0,0.0,1705.3343999999997,18316.9156,1664.910814238383,45.94155844155844,1.1532149251359798
rectangular,1580.0,130.3,101.6,5.03,390.9,347.3,54.27381616370749,0.0,0.0,0.0,2231.7104,11006.7696,1372.452411746684,25.904572564612327,1.1512238868735534
rectangular,1600.0,130.3,102.3,5.14,390.9,347.3,54.27381616370749,0.0,0.0,0.0,2285.4496,11044.2404,1393.1497192173913,25.350194552529185,1.1484767056471201
rectangular,1640.0,130.3,102.3,5.14,390.9,347.3,54.27381616370749,0.0,0.0,0.0,2285.4496,11044.2404,1393.1497192173913,25.350194552529185,1.1771886232882982
rectangular,1580.0,161.0,126.2,2.98,483.0,255.1,54.27381616370749,0.0,0.0,0.0,1676.1903999999995,18642.0096,1439.3691729924699,54.02684563758389,1.0977030977502156
rectangular,1560.0,160.3,126.0,2.92,480.9,255.1,54.27381616370749,0.0,0.0,0.0,1637.886400000003,18559.9136,1425.1421593806954,54.897260273972606,1.0946276409912032
rectangular,2510.0,167.4,136.1,5.13,502.2,347.3,54.27381616370749,0.0,0.0,0.0,3008.6424000000006,19774.4976,2118.1389529920752,32.631578947368425,1.1850025214136133
rectangular,2470.0,170.8,135.3,5.07,512.4000000000001,347.3,54.27381616370749,0.0,0.0,0.0,3001.0344000000005,20108.205600000005,2133.608301236434,33.68836291913215,1.1576632873843928
rectangular,1820.0,130.0,120.4,5.03,390.0,347.3,67.1444928642016,0.0,0.0,0.0,2417.8204000000005,13234.1796,1728.3113026357623,25.84493041749503,1.0530510315036463
rectangular,1725.0,132.3,102.7,4.98,396.9,347.3,67.1444928642016,0.0,0.0,0.0,2241.3984,11345.8116,1540.2464303347756,26.566265060240966,1.119950655964233
rectangular,1800.0,157.1,122.5,2.01,471.3,305.1,67.1444928642016,0.0,0.0,0.0,1107.8316000000013,18136.9184,1555.793609247407,78.1592039800995,1.156965801441185
rectangular,1855.0,160.4,125.1,2.85,481.2,255.1,67.1444928642016,0.0,0.0,0.0,1594.8600000000006,18471.18,1647.0867997033833,56.280701754385966,1.1262308703670376
rectangular,2600.0,167.9,137.1,5.1,503.7,347.3,67.1444928642016,0.0,0.0,0.0,3006.959999999999,20012.13,2388.0215279824743,32.92156862745098,1.0887674041182602
rectangular,2700.0,172.7,133.2,5.08,518.0999999999999,347.3,67.1444928642016,0.0,0.0,0.0,3004.718399999998,19998.921599999998,2386.3561489829262,33.99606299212598,1.1314321213749883
rectangular,1400.0,160.2,122.7,2.03,480.6,305.1,54.27381616370749,0.0,0.0,0.0,1132.090400000001,18524.4496,1350.793353164265,78.91625615763547,1.0364279604429998
rectangular,1320.0,161.5,124.3,2.0,484.5,305.1,54.27381616370749,0.0,0.0,0.0,1127.2000000000007,18947.25,1372.248283307807,80.75,0.9619250510688471
rectangular,760.0,100.0,100.0,2.86,300.0,228.0,50.77027165701234,0.0,0.0,0.0,1111.2816000000003,8888.7184,704.6548526506841,34.96503496503497,1.078542207069355
rectangular,800.0,100.0,100.0,2.86,300.0,228.0,50.77027165701234,0.0,0.0,0.0,1111.2816000000003,8888.7184,704.6548526506841,34.96503496503497,1.1353075863887947
rectangular,992.0,120.0,120.0,2.86,360.0,228.0,50.77027165701234,0.0,0.0,0.0,1340.0815999999995,13059.9184,968.5942097864139,41.95804195804196,1.024164701767882
rectangular,1050.0,120.0,120.0,2.86,360.0,228.0,50.77027165701234,0.0,0.0,0.0,1340.0815999999995,13059.9184,968.5942097864139,41.95804195804196,1.0840452992502785
rectangular,844.0,110.0,100.0,2.86,330.0,228.0,50.77027165701234,0.0,0.0,0.0,1168.4815999999992,9831.5184,765.5626647689152,38.46153846153846,1.1024571061792323
rectangular,860.0,110.0,100.0,2.86,330.0,228.0,50.77027165701234,0.0,0.0,0.0,1168.4815999999992,9831.5184,765.5626647689152,38.46153846153846,1.1233567669598814
rectangular,1420.0,150.0,135.0,2.86,450.0,228.0,50.77027165701234,0.0,0.0,0.0,1597.4815999999992,18652.5184,1311.2192310554208,52.44755244755245,1.0829615417225233
rectangular,1340.0,150.0,135.0,2.86,450.0,228.0,50.77027165701234,0.0,0.0,0.0,1597.4815999999992,18652.5184,1311.2192310554208,52.44755244755245,1.021949623879001
rectangular,554.0,90.0,70.0,2.86,270.0,228.0,50.77027165701234,0.0,0.0,0.0,882.4816000000001,5417.5184,476.2546856748628,31.46853146853147,1.1632431483901737
rectangular,640.0,100.0,75.0,2.86,300.0,228.0,50.77027165701234,0.0,0.0,0.0,968.2816000000003,6531.7184,552.385322355106,34.96503496503497,1.158611523693908
rectangular,800.0,120.0,90.0,2.86,360.0,228.0,50.77027165701234,0.0,0.0,0.0,1168.4815999999992,9631.5184,755.4086104375126,41.95804195804196,1.059029496018931
rectangular,760.0,120.0,90.0,2.86,360.0,228.0,50.77027165701234,0.0,0.0,0.0,1168.4815999999992,9631.5184,755.4086104375126,41.95804195804196,1.0060780212179845
rectangular,1044.0,140.0,105.0,2.86,420.0,228.0,50.77027165701234,0.0,0.0,0.0,1368.6816,13331.3184,988.8940615141271,48.95104895104895,1.055724814851753
rectangular,1086.0,140.0,105.0,2.86,420.0,228.0,50.77027165701234,0.0,0.0,0.0,1368.6816,13331.3184,988.8940615141271,48.95104895104895,1.0981965028055594
rectangular,1251.0,150.0,115.0,2.86,450.0,228.0,50.77027165701234,0.0,0.0,0.0,1483.0815999999995,15766.9184,1138.6333351619462,52.44755244755245,1.0986855569462772
rectangular,1218.0,150.0,115.0,2.86,450.0,228.0,50.77027165701234,0.0,0.0,0.0,1483.0815999999995,15766.9184,1138.6333351619462,52.44755244755245,1.069703443933306
rectangular,1820.0,160.0,120.0,7.6,480.0,194.0,50.77027165701234,0.0,0.0,0.0,4024.959999999999,15175.04,1551.2831432060282,21.05263157894737,1.1732223146824223
rectangular,1770.0,160.0,120.0,7.6,480.0,194.0,50.77027165701234,0.0,0.0,0.0,4024.959999999999,15175.04,1551.2831432060282,21.05263157894737,1.1409909324109273
rectangular,1490.0,100.3,98.2,4.18,300.0,550.0,61.70612495847943,0.0,0.0,0.0,1589.5703999999987,8259.8896,1383.9494998008438,23.995215311004785,1.0766288800381931
rectangular,1535.0,101.5,100.6,4.18,300.0,550.0,61.70612495847943,0.0,0.0,0.0,1619.6664,8591.2336,1420.9482540690872,24.282296650717704,1.0802645315227415
rectangular,1740.0,101.2,101.1,4.18,300.0,550.0,72.61066994822788,0.0,0.0,0.0,1621.3384000000005,8609.9816,1516.9126522179154,24.210526315789476,1.1470667064816837
rectangular,1775.0,100.7,100.4,4.18,300.0,550.0,72.61066994822788,0.0,0.0,0.0,1611.3063999999995,8498.973600000001,1503.3346869683019,24.090909090909093,1.1807084712317466
rectangular,3590.0,182.8,181.2,4.18,540.0,550.0,61.70612495847943,0.0,0.0,0.0,2973.150400000006,30150.209599999995,3495.685321101949,43.73205741626795,1.0269803115082223
rectangular,4210.0,181.8,180.4,4.18,540.0,550.0,72.61066994822788,0.0,0.0,0.0,2958.1023999999998,29838.6176,3793.5583342649834,43.492822966507184,1.10977600159026
rectangular,1153.0,148.0,148.0,4.38,444.0,262.0,25.4,0.0,0.0,0.0,2516.2223999999987,19387.7776,1151.6998198399997,33.789954337899545,1.0011289227779692
rectangular,1414.0,148.0,148.0,4.38,444.0,262.0,40.5,0.0,0.0,0.0,2516.2223999999987,19387.7776,1444.4552615999999,33.789954337899545,0.9789157460188382
rectangular,1402.0,148.0,148.0,4.38,444.0,262.0,40.5,0.0,0.0,0.0,2516.2223999999987,19387.7776,1444.4552615999999,33.789954337899545,0.9706081159253261
rectangular,2108.0,148.0,148.0,4.38,444.0,262.0,77.0,0.0,0.0,0.0,2516.2223999999987,19387.7776,2152.109144,33.789954337899545,0.9795042253674844
rectangular,2424.0,215.0,215.0,4.38,645.0,262.0,41.1,0.0,0.0,0.0,3690.0623999999953,42534.937600000005,2714.982284159999,49.08675799086758,0.8928235053842986
rectangular,3837.0,215.0,215.0,4.38,645.0,262.0,80.3,0.0,0.0,0.0,3690.0623999999953,42534.937600000005,4382.35183808,49.08675799086758,0.875557267369265
rectangular,4950.0,323.0,323.0,4.38,969.0,262.0,41.1,0.0,0.0,0.0,5582.222399999999,98746.7776,5521.03482816,73.74429223744292,0.8965710512733155
rectangular,2572.0,144.0,144.0,6.36,432.0,618.0,25.4,0.0,0.0,0.0,3501.561600000001,17234.4384,2601.7198041600004,22.641509433962263,0.9885768620769692
rectangular,2808.0,144.0,144.0,6.36,432.0,618.0,40.5,0.0,0.0,0.0,3501.561600000001,17234.4384,2861.9598240000005,22.641509433962263,0.9811458485379492
rectangular,2765.0,144.0,144.0,6.36,432.0,618.0,40.5,0.0,0.0,0.0,3501.561600000001,17234.4384,2861.9598240000005,22.641509433962263,0.966121179204925
rectangular,3399.0,144.0,144.0,6.36,432.0,618.0,77.0,0.0,0.0,0.0,3501.561600000001,17234.4384,3491.0168256,22.641509433962263,0.9736418269527575
rectangular,3920.0,211.0,211.0,6.36,633.0,618.0,25.4,0.0,0.0,0.0,5206.041599999997,39314.9584,4215.933652159998,33.17610062893082,0.9298059038456692
rectangular,4428.0,211.0,211.0,6.36,633.0,618.0,40.5,0.0,0.0,0.0,5206.041599999997,39314.9584,4809.589523999998,33.17610062893082,0.9206606879660199
rectangular,4484.0,211.0,211.0,6.36,633.0,618.0,40.5,0.0,0.0,0.0,5206.041599999997,39314.9584,4809.589523999998,33.17610062893082,0.9323040932338827
rectangular,5758.0,211.0,211.0,6.36,633.0,618.0,77.0,0.0,0.0,0.0,5206.041599999997,39314.9584,6244.585505599998,33.17610062893082,0.9220788144923887
rectangular,7780.0,319.0,319.0,6.36,957.0,618.0,41.1,0.0,0.0,0.0,7953.5616000000155,93807.43839999998,8770.78678704001,50.15723270440251,0.8870355863052073
rectangular,2819.0,120.0,120.0,6.47,360.0,835.0,25.4,0.0,0.0,0.0,2938.1564,11461.8436,2744.49142144,18.547140649149924,1.0271484100762487
rectangular,2957.0,120.0,120.0,6.47,360.0,835.0,40.5,0.0,0.0,0.0,2938.1564,11461.8436,2917.5652598,18.547140649149924,1.013516318124347
rectangular,2961.0,120.0,120.0,6.47,360.0,835.0,40.5,0.0,0.0,0.0,2938.1564,11461.8436,2917.5652598,18.547140649149924,1.0148873243037508
rectangular,3318.0,119.0,119.0,6.47,357.0,835.0,77.0,0.0,0.0,0.0,2912.276399999999,11248.723600000001,3297.9025111999986,18.39258114374034,1.0060940214975271
rectangular,4210.0,175.0,175.0,6.47,525.0,835.0,25.4,0.0,0.0,0.0,4361.556399999998,26263.443600000002,4308.991061439999,27.047913446676972,0.9770268584853092
rectangular,4493.0,175.0,175.0,6.47,525.0,835.0,40.5,0.0,0.0,0.0,4361.556399999998,26263.443600000002,4705.569059799998,27.047913446676972,0.9548260673473076
rectangular,4542.0,175.0,175.0,6.47,525.0,835.0,40.5,0.0,0.0,0.0,4361.556399999998,26263.443600000002,4705.569059799998,27.047913446676972,0.9652392606034879
rectangular,5366.0,175.0,175.0,6.47,525.0,835.0,77.0,0.0,0.0,0.0,4361.556399999998,26263.443600000002,5664.184751199998,27.047913446676972,0.9473561043119533
rectangular,6546.0,265.0,265.0,6.47,795.0,835.0,25.4,0.0,0.0,0.0,6690.756399999998,63534.2436,7200.551381439998,40.958268933539415,0.9090970473279092
rectangular,7172.0,265.0,265.0,6.47,795.0,835.0,41.1,0.0,0.0,0.0,6690.756399999998,63534.2436,8198.03900596,40.958268933539415,0.8748433612948089
rectangular,3183.0,210.0,210.0,5.48,630.0,294.0,39.1,0.0,0.0,0.0,4483.078400000006,39616.921599999994,2867.0466841600014,38.32116788321168,1.1102016641673793
rectangular,4773.0,211.0,211.0,5.48,633.0,294.0,91.1,0.0,0.0,0.0,4504.998400000004,40016.001599999996,4969.927275360001,38.503649635036496,0.9603762259588122
rectangular,2713.0,210.0,210.0,4.5,630.0,277.0,39.1,0.0,0.0,0.0,3699.0,40401.0,2604.3021,46.666666666666664,1.0417378229660836
rectangular,4371.0,211.0,211.0,4.5,633.0,277.0,91.1,0.0,0.0,0.0,3717.0,40804.0,4746.8534,46.888888888888886,0.9208205165973737
rectangular,5898.0,211.0,211.0,8.83,633.0,536.0,39.1,0.0,0.0,0.0,7140.644399999997,37380.3556,5288.957302359998,23.89580973952435,1.1151536423574908
rectangular,7008.0,211.0,211.0,8.83,633.0,536.0,91.1,0.0,0.0,0.0,7140.644399999997,37380.3556,7232.7357935599985,23.89580973952435,0.9689279686173381
rectangular,4026.0,204.0,204.0,5.95,612.0,540.0,39.1,0.0,0.0,0.0,4713.590000000004,36902.409999999996,3988.2228310000023,34.285714285714285,1.00947218111946
rectangular,5303.0,204.0,204.0,5.95,612.0,540.0,91.1,0.0,0.0,0.0,4713.590000000004,36902.409999999996,5907.148151000001,34.285714285714285,0.8977259185724457
rectangular,6803.0,180.0,180.0,9.45,540.0,825.0,39.1,0.0,0.0,0.0,6446.790000000001,25953.21,6333.372261,19.047619047619047,1.0741512924941898
rectangular,7402.0,180.0,180.0,9.45,540.0,825.0,91.1,0.0,0.0,0.0,6446.790000000001,25953.21,7682.939181000001,19.047619047619047,0.9634333717368522
rectangular,5028.0,180.0,180.0,6.6,540.0,824.0,39.1,0.0,0.0,0.0,4577.759999999995,27822.240000000005,4859.923823999995,27.272727272727273,1.0345841173826607
rectangular,5873.0,180.0,180.0,6.6,540.0,824.0,91.1,0.0,0.0,0.0,4577.759999999995,27822.240000000005,6306.680303999996,27.272727272727273,0.931234772797198
rectangular,865.05,125.0,125.0,3.2,300.0,299.0,36.072228714704,0.0,0.0,0.0,1559.0400000000009,14065.96,973.5434862118781,39.0625,0.8885581509727589
rectangular,1164.5,125.0,125.0,4.5,300.0,293.0,36.072228714704,0.0,0.0,0.0,2169.0,13456.0,1120.904909585057,27.77777777777778,1.0388927642676498
rectangular,1444.0,125.0,125.0,6.0,300.0,285.0,36.072228714704,0.0,0.0,0.0,2856.0,12769.0,1274.5662884580554,20.833333333333332,1.1329344052767332
rectangular,1115.8,125.0,125.0,3.2,300.0,299.0,51.14759602168834,0.0,0.0,0.0,1559.0400000000009,14065.96,1185.5929997372275,39.0625,0.9411324124276237
rectangular,1313.0,125.0,125.0,4.5,300.0,293.0,51.14759602168834,0.0,0.0,0.0,2169.0,13456.0,1323.7590520678382,27.77777777777778,0.9918723486339667
rectangular,1512.7,125.0,125.0,6.0,300.0,285.0,51.14759602168834,0.0,0.0,0.0,2856.0,12769.0,1467.0636536009383,20.833333333333332,1.0311072708311233
rectangular,1310.0,101.3,101.3,4.97,300.0,347.3,54.24650620213519,0.0,0.0,0.0,1915.040399999998,8346.6496,1117.8701102134485,20.382293762575454,1.171871390093672
rectangular,1340.0,103.6,103.6,4.9,300.0,347.3,54.24650620213519,0.0,0.0,0.0,1934.5200000000004,8798.439999999999,1149.1434260291146,21.14285714285714,1.166085946843375
rectangular,2160.0,142.0,142.0,5.11,420.0,347.3,54.24650620213519,0.0,0.0,0.0,2798.0315999999984,17365.9684,1913.7994871966835,27.788649706457925,1.128644883881722
rectangular,2250.0,142.0,142.0,5.08,420.0,347.3,54.24650620213519,0.0,0.0,0.0,2782.2144000000008,17381.7856,1909.1642014745844,27.95275590551181,1.1785261834797467
rectangular,2280.0,142.0,142.0,5.07,420.0,347.3,54.24650620213519,0.0,0.0,0.0,2776.940399999996,17387.059600000004,1907.6186373482929,28.007889546351084,1.1952074462688937
rectangular,1360.0,142.1,142.1,3.02,420.0,255.1,48.89847796241356,0.0,0.0,0.0,1680.0864000000001,18512.3236,1333.8144882276686,47.05298013245033,1.0196320492867985
rectangular,1328.0,143.1,143.1,3.02,420.0,255.1,48.89847796241356,0.0,0.0,0.0,1692.1663999999946,18785.443600000002,1350.2512485287616,47.3841059602649,0.9835206606525958
rectangular,1328.0,142.1,142.1,2.01,420.0,305.1,48.89847796241356,0.0,0.0,0.0,1126.3236000000034,19066.086399999997,1275.9439360198737,70.69651741293532,1.0407980809427315
rectangular,1364.0,142.1,142.1,2.01,420.0,305.1,48.89847796241356,0.0,0.0,0.0,1126.3236000000034,19066.086399999997,1275.9439360198737,70.69651741293532,1.0690124867514201
rectangular,1280.0,140.9,140.9,2.02,420.0,305.1,48.89847796241356,0.0,0.0,0.0,1122.1503999999986,18730.659600000003,1258.2688327120695,69.75247524752476,1.0172706870924326
rectangular,1500.0,103.5,103.5,5.01,300.0,347.3,67.10743431588337,0.0,0.0,0.0,1973.739599999999,8738.510400000001,1271.8987757666634,20.65868263473054,1.1793391334116536
rectangular,1330.0,102.1,102.1,4.97,300.0,347.3,67.10743431588337,0.0,0.0,0.0,1930.9443999999985,8493.4656,1240.5916749862145,20.543259557344065,1.072069099621178
rectangular,1440.0,101.9,101.9,5.03,300.0,347.3,67.10743431588337,0.0,0.0,0.0,1949.0244000000002,8434.5856,1242.919573253696,20.25844930417495,1.1585624934929537
rectangular,2520.0,142.3,142.3,5.09,420.0,347.3,67.10743431588337,0.0,0.0,0.0,2793.595600000004,17455.6944,2141.6226172661345,27.95677799607073,1.1766778981895882
rectangular,1920.0,141.5,141.5,3.08,420.0,255.1,67.10743431588337,0.0,0.0,0.0,1705.3343999999997,18316.9156,1664.232015936579,45.94155844155844,1.1536852924437238
rectangular,1855.0,142.3,142.3,2.01,420.0,305.1,67.10743431588337,0.0,0.0,0.0,1127.9316000000035,19121.3584,1627.3172340184658,70.79601990049753,1.139912956872766
rectangular,1780.0,140.5,140.5,2.0,420.0,305.1,67.10743431588337,0.0,0.0,0.0,1108.0,18632.25,1588.413293032118,70.25,1.1206151496013752
rectangular,1701.0,120.0,120.0,4.0,360.0,495.0,60.0,0.0,0.0,0.0,1856.0,12544.0,1671.36,30.0,1.017734060884549
rectangular,1657.0,120.0,120.0,4.0,360.0,495.0,60.0,0.0,0.0,0.0,1856.0,12544.0,1671.36,30.0,0.9914081945242199
rectangular,2020.0,130.0,130.0,4.0,390.0,495.0,60.0,0.0,0.0,0.0,2016.0,14884.0,1890.96,32.5,1.0682404704488726
rectangular,2018.0,130.0,130.0,4.0,390.0,495.0,60.0,0.0,0.0,0.0,2016.0,14884.0,1890.96,32.5,1.0671828066167448
rectangular,1749.0,106.0,106.0,4.0,320.0,495.0,89.0,0.0,0.0,0.0,1632.0,9604.0,1662.596,26.5,1.0519693298913266
rectangular,1824.0,106.0,106.0,4.0,320.0,495.0,89.0,0.0,0.0,0.0,1632.0,9604.0,1662.596,26.5,1.0970795069878672
rectangular,2752.0,140.0,140.0,4.0,420.0,495.0,89.0,0.0,0.0,0.0,2176.0,17424.0,2627.856,35.0,1.0472415535706674
rectangular,2828.0,140.0,140.0,4.0,420.0,495.0,89.0,0.0,0.0,0.0,2176.0,17424.0,2627.856,35.0,1.0761624685675317
rectangular,2580.0,160.0,125.0,4.0,480.0,495.0,89.0,0.0,0.0,0.0,2216.0,17784.0,2679.696,40.0,0.9627957798198005
rectangular,2674.0,160.0,125.0,4.0,480.0,495.0,89.0,0.0,0.0,0.0,2216.0,17784.0,2679.696,40.0,0.9978743857512196
rectangular,3230.0,250.4,249.0,2.5,750.0,234.3,51.24196354707794,0.0,0.0,0.0,2472.0,59877.6,3647.4353964865136,100.16,0.8855537244364577
rectangular,1150.0,129.1,128.2,2.5,390.0,234.3,53.13233251013172,0.0,0.0,0.0,1261.5000000000018,15289.119999999997,1107.9160576273055,51.64,1.0379847751848825
rectangular,1788.0,180.0,180.0,1.49,553.0,222.7,49.45149246165572,0.0,0.0,0.0,1063.9195999999974,31336.080400000003,1786.5508385984372,120.80536912751678,1.0008111503855663
rectangular,1300.0,150.0,150.0,1.45,463.0,222.7,49.45149246165572,0.0,0.0,0.0,861.5900000000001,21638.41,1261.9277619972158,103.44827586206897,1.03016990286554
rectangular,916.0,120.0,120.0,1.49,372.0,222.7,48.10749002480028,0.0,0.0,0.0,706.3196000000007,13693.6804,816.0659681658033,80.53691275167785,1.1224582763312743
rectangular,353.0,80.2,80.2,1.588,240.0,279.9,34.21853814664585,0.0,0.0,0.0,499.3434240000006,5932.696576,342.7744284759314,50.503778337531486,1.0298317805372306
rectangular,347.0,80.9,80.9,1.601,240.0,279.9,34.21853814664585,0.0,0.0,0.0,507.8307960000002,6036.979204000001,348.7184429829818,50.53091817613992,0.9950721190187648
rectangular,510.0,110.0,110.0,1.538,330.0,279.9,34.21853814664585,0.0,0.0,0.0,667.2582239999992,11432.741776,577.9772874804074,71.52145643693108,0.882387614612431
rectangular,522.0,109.8,109.8,1.53,330.0,279.9,34.21853814664585,0.0,0.0,0.0,662.6124,11393.427599999999,575.3316477116476,71.76470588235294,0.9073027741064279
rectangular,1771.0,149.3,149.3,3.625,450.0,283.6,44.52951079906236,0.0,0.0,0.0,2112.2874999999985,20178.202500000003,1497.570221129417,41.186206896551724,1.1825822756173474
rectangular,1785.0,149.3,149.3,3.625,450.0,283.6,44.52951079906236,0.0,0.0,0.0,2112.2874999999985,20178.202500000003,1497.570221129417,41.186206896551724,1.191930752104441
rectangular,4080.0,250.0,250.0,2.5,750.0,342.0,58.0731710000143,0.0,0.0,0.0,2475.0,60025.0,4332.292089275858,100.0,0.9417647554511891
rectangular,4040.0,250.0,250.0,2.5,750.0,342.0,58.0731710000143,0.0,0.0,0.0,2475.0,60025.0,4332.292089275858,100.0,0.932531767652648
rectangular,2480.0,190.0,190.0,2.5,570.0,342.0,58.0731710000143,0.0,0.0,0.0,1875.0,34225.0,2628.8042774754895,76.0,0.943394691361964
rectangular,2430.0,190.0,190.0,2.5,570.0,342.0,58.0731710000143,0.0,0.0,0.0,1875.0,34225.0,2628.8042774754895,76.0,0.9243746371006341
rectangular,3495.0,250.0,250.0,2.5,750.0,270.0,49.82798955647359,0.0,0.0,0.0,2475.0,60025.0,3659.175073127327,100.0,0.955133310146045
rectangular,2140.0,190.0,190.0,2.5,570.0,270.0,49.82798955647359,0.0,0.0,0.0,1875.0,34225.0,2211.612942570309,76.0,0.9676195860532987
rectangular,1150.0,160.0,160.0,2.5,480.0,221.0,33.42411209323223,0.0,0.0,0.0,1575.0,24025.0,1151.0892930399045,64.0,0.9990536850212308
rectangular,2060.0,220.0,220.0,2.5,660.0,221.0,35.70594673369268,0.0,0.0,0.0,2175.0,46225.0,2131.1823877649435,88.0,0.9665995795697264
rectangular,3350.0,280.0,280.0,2.5,840.0,202.0,39.29051279384487,0.0,0.0,0.0,2775.0,75625.0,3531.895030034518,112.0,0.9484993102887488
rectangular,16500.0,500.0,500.0,10.0,1500.0,389.0,42.5,0.0,0.0,0.0,19600.0,230400.0,17416.4,50.0,0.9473829264371512
rectangular,17900.0,500.0,500.0,12.0,1500.0,378.0,42.5,0.0,0.0,0.0,23424.0,226576.0,18483.752,41.666666666666664,0.9684181003943355
rectangular,12800.0,410.0,410.0,12.0,1230.0,378.0,42.5,0.0,0.0,0.0,19104.0,148996.0,13553.642,34.166666666666664,0.9443956096818847
rectangular,15300.0,410.0,410.0,16.0,1230.0,358.0,42.5,0.0,0.0,0.0,25216.0,142884.0,15099.898,25.625,1.0132518775954646
rectangular,3131.0,249.6,249.6,3.7,750.0,324.3,33.24213237353336,0.0,0.0,0.0,3639.3199999999997,58660.84,3130.2428844226606,67.45945945945945,1.0002418711918832
rectangular,2832.0,251.0,251.0,3.75,750.0,324.3,33.24213237353336,0.0,0.0,0.0,3708.75,59292.25,3173.748448224633,66.93333333333334,0.8923202472408284
rectangular,2677.0,251.1,251.1,3.73,750.0,324.3,33.24213237353336,0.0,0.0,0.0,3690.7604000000065,59360.44959999999,3170.181521075657,67.31903485254692,0.8444311413094356
rectangular,2820.0,150.0,150.0,4.0,450.0,434.6,87.88385614075929,0.0,0.0,0.0,2336.0,20164.0,2787.3156752222703,37.5,1.0117260936994958
rectangular,2950.0,150.0,150.0,4.0,450.0,430.0,87.88385614075929,0.0,0.0,0.0,2336.0,20164.0,2776.5700752222706,37.5,1.0624619296755353
rectangular,2980.0,150.0,150.0,5.0,450.0,416.3,87.88385614075929,0.0,0.0,0.0,2900.0,19600.0,2929.7935803588825,30.0,1.0171365040792284
rectangular,3035.0,150.0,150.0,5.0,450.0,420.0,87.88385614075929,0.0,0.0,0.0,2900.0,19600.0,2940.5235803588826,30.0,1.032129114784921
rectangular,3257.0,150.0,150.0,6.0,450.0,430.0,87.88385614075929,0.0,0.0,0.0,3456.0,19044.0,3159.74015634462,25.0,1.030780962624438
rectangular,3435.0,150.0,150.0,6.0,450.0,436.9,87.88385614075929,0.0,0.0,0.0,3456.0,19044.0,3183.58655634462,25.0,1.0789717632003233
rectangular,3318.0,200.0,200.0,4.0,600.0,464.0,47.29134416890847,0.0,0.0,0.0,3136.0,36864.0,3198.4521114426425,50.0,1.0373767948970278
rectangular,6100.0,300.0,300.0,4.0,900.0,464.0,47.29134416890847,0.0,0.0,0.0,4736.0,85264.0,6229.753169217812,75.0,0.9791720208339967
rectangular,5958.0,300.0,300.0,3.0,900.0,414.0,47.29134416890847,0.0,0.0,0.0,3564.0,86436.0,5563.170624583773,100.0,1.0709720053653338
rectangular,8619.0,300.0,300.0,8.0,900.0,424.0,47.29134416890847,0.0,0.0,0.0,9344.0,80656.0,7776.186655287482,37.5,1.108383888154156
rectangular,2185.0,200.0,200.0,2.01,600.0,301.0,49.87506848792074,0.0,0.0,0.0,1591.8396000000066,38408.16039999999,2394.753350045047,99.50248756218906,0.9124112927783977
rectangular,2630.0,200.0,200.0,3.49,600.0,315.0,49.87506848792074,0.0,0.0,0.0,2743.2795999999944,37256.720400000006,2722.3145555853125,57.306590257879655,0.9660896807843484
rectangular,2348.0,125.0,125.0,5.0,375.0,701.0,21.0,0.0,0.0,0.0,2400.0,13225.0,1960.125,25.0,1.1978827880874945
rectangular,2828.0,150.0,150.0,5.0,450.0,701.0,21.0,0.0,0.0,0.0,2900.0,19600.0,2444.5,30.0,1.1568827981182246
rectangular,2203.0,110.0,110.0,5.0,330.0,701.0,54.5,0.0,0.0,0.0,2100.0,10000.0,2017.1,22.0,1.092162014773685
rectangular,2234.0,110.0,110.0,5.0,330.0,701.0,54.5,0.0,0.0,0.0,2100.0,10000.0,2017.1,22.0,1.1075306132566556
rectangular,2942.0,140.0,140.0,5.0,420.0,701.0,54.5,0.0,0.0,0.0,2700.0,16900.0,2813.75,28.0,1.0455797423367392
rectangular,2840.0,140.0,140.0,5.0,420.0,701.0,54.5,0.0,0.0,0.0,2700.0,16900.0,2813.75,28.0,1.0093291870279875
rectangular,3882.0,180.0,180.0,5.0,570.0,701.0,54.5,0.0,0.0,0.0,3500.0,28900.0,4028.55,36.0,0.9636221469263134
rectangular,3856.0,180.0,180.0,5.0,570.0,701.0,54.5,0.0,0.0,0.0,3500.0,28900.0,4028.55,36.0,0.9571682118876519
rectangular,3230.0,203.0,102.0,8.275,60.0,488.38,47.01018780302734,0.0,0.0,0.0,4773.8475,15932.1525,3080.4251231814715,24.531722054380662,1.0485565695763601
rectangular,3500.0,150.0,150.0,8.275,453.0,488.38,35.79748711596089,0.0,0.0,0.0,4691.0975000000035,17808.902499999997,2928.552154843155,18.12688821752266,1.1951298166951887
rectangular,3575.0,152.0,150.0,8.275,451.0,488.38,47.01018780302734,0.0,0.0,0.0,4724.197500000002,18075.802499999998,3156.950445265432,18.36858006042296,1.1324219565630271
rectangular,4370.0,300.0,300.0,3.75,900.0,311.0,32.24279272508895,0.0,0.0,0.0,4443.75,85556.25,4140.578685085891,80.0,1.0554080316696963
rectangular,5570.0,300.0,300.0,3.7,900.0,311.0,48.98120882555639,0.0,0.0,0.0,4385.239999999991,85614.76000000001,5557.32407810989,81.08108108108108,1.0022809398393806
rectangular,1636.0,74.04,74.04,4.91,285.0,762.0,100.0,0.0,0.0,0.0,1357.713200000001,4124.2083999999995,1446.9982984000007,15.079429735234216,1.130616395201698
rectangular,2520.0,99.56,99.56,4.91,360.0,762.0,100.0,0.0,0.0,0.0,1858.9259999999986,8053.267600000002,2221.828371999999,20.276985743380855,1.1342010173952362
rectangular,2632.0,99.2,99.2,4.93,360.0,762.0,100.0,0.0,0.0,0.0,1859.0044000000007,7981.6356000000005,2214.7249128000003,20.121703853955378,1.1884094429914789
rectangular,3023.0,124.43,124.43,4.93,435.0,762.0,100.0,0.0,0.0,0.0,2356.539999999999,13126.284900000002,3108.3119699999997,25.239350912778907,0.9725536011753673
rectangular,2962.0,124.94,124.94,4.94,435.0,762.0,100.0,0.0,0.0,0.0,2371.199999999999,13238.803600000001,3130.7347599999994,25.2914979757085,0.9461037829982124
rectangular,4115.0,149.99,149.99,4.92,510.0,762.0,100.0,0.0,0.0,0.0,2854.9775999999983,19642.022500000003,4139.695181199999,30.48577235772358,0.9940345411632843
rectangular,3968.0,149.87,149.87,4.92,510.0,762.0,100.0,0.0,0.0,0.0,2852.616000000002,19608.4009,4134.533482000002,30.461382113821138,0.9597213367058176
rectangular,6536.0,150.0,150.0,8.0,450.0,779.0,146.208,0.0,0.0,0.0,4544.0,17956.0,6165.086847999999,18.75,1.0601634917957934
rectangular,8585.0,150.0,150.0,12.0,450.0,756.0,146.208,0.0,0.0,0.0,6624.0,15876.0,7328.942208,12.5,1.1713832305334504
rectangular,8452.0,150.0,150.0,12.0,450.0,756.0,150.912,0.0,0.0,0.0,6624.0,15876.0,7403.622912000001,12.5,1.1416032529561655
rectangular,8730.0,150.0,150.0,12.0,450.0,756.0,157.536,0.0,0.0,0.0,6624.0,15876.0,7508.785536,12.5,1.1626380801722234
rectangular,5953.0,150.0,150.0,12.5,450.0,446.0,146.208,0.0,0.0,0.0,6875.0,15625.0,5350.75,12.0,1.11255431481568
rectangular,5911.0,150.0,150.0,12.5,450.0,446.0,150.912,0.0,0.0,0.0,6875.0,15625.0,5424.25,12.0,1.0897359081900724
rectangular,6039.0,150.0,150.0,12.5,450.0,446.0,141.12,0.0,0.0,0.0,6875.0,15625.0,5271.25,12.0,1.145648565330804
rectangular,6409.0,150.0,150.0,12.5,450.0,446.0,157.536,0.0,0.0,0.0,6875.0,15625.0,5527.75,12.0,1.1594229116729229
rectangular,6285.0,150.0,150.0,12.5,450.0,446.0,142.08,0.0,0.0,0.0,6875.0,15625.0,5286.25,12.0,1.1889335540316859
rectangular,2730.0,197.0,197.0,6.4,600.0,437.88,20.90410098031026,0.0,0.0,0.0,4879.360000000001,33929.64,2845.8427775855744,30.78125,0.9592940346185056
rectangular,3010.0,198.5,198.5,6.1,600.0,437.88,20.23262383911332,0.0,0.0,0.0,4694.559999999998,34707.69,2757.8815688945538,32.540983606557376,1.0914174248629913
rectangular,2830.0,200.5,200.5,6.3,600.0,437.88,19.06887343278906,0.0,0.0,0.0,4893.8399999999965,35306.41,2816.1681228561565,31.825396825396826,1.004911594954713
rectangular,3980.0,201.0,201.0,10.3,600.0,381.68,20.90410098031026,0.0,0.0,0.0,7856.8399999999965,32544.160000000003,3679.105098159373,19.514563106796114,1.0817848073954621
rectangular,3920.0,201.0,201.0,10.0,600.0,381.68,20.23262383911332,0.0,0.0,0.0,7640.0,32761.0,3578.8761895931916,20.1,1.095315901510855
rectangular,3900.0,199.5,199.5,10.1,600.0,381.68,19.06887343278906,0.0,0.0,0.0,7651.759999999995,32148.490000000005,3533.5592436652832,19.752475247524753,1.1037030175712055
rectangular,2160.0,200.0,200.0,3.69,600.0,311.0,28.81160320006019,0.0,0.0,0.0,2897.5355999999956,37102.464400000004,1970.115053637158,54.200542005420054,1.096382668622466
rectangular,2090.0,201.0,201.0,3.74,600.0,311.0,28.81160320006019,0.0,0.0,0.0,2951.0095999999976,37449.9904,1996.7582488508624,53.74331550802139,1.0466965648960251
rectangular,2890.0,300.0,201.0,3.75,700.0,311.0,28.81160320006019,0.0,0.0,0.0,3701.25,56598.75,2781.7894766194067,80.0,1.0388996091509042
rectangular,2910.0,297.0,203.0,3.72,700.0,311.0,28.81160320006019,0.0,0.0,0.0,3664.646399999998,56626.3536,2771.201060989499,79.83870967741935,1.0500862030418465
rectangular,3470.0,401.0,200.0,3.68,800.0,311.0,28.81160320006019,0.0,0.0,0.0,4369.190400000007,75830.8096,3543.6254109345173,108.96739130434783,0.9792231394697272
rectangular,2500.0,200.0,200.0,3.75,600.0,311.0,46.26113069702981,0.0,0.0,0.0,2943.75,37056.25,2629.770274391811,53.333333333333336,0.9506533800098477
rectangular,2610.0,200.0,200.0,3.74,600.0,311.0,46.26113069702981,0.0,0.0,0.0,2936.0495999999985,37063.9504,2627.7316792026304,53.475935828877,0.993252096725488
rectangular,4020.0,301.0,201.0,3.69,700.0,311.0,46.26113069702981,0.0,0.0,0.0,3650.2955999999976,56850.7044,3765.2197980666074,81.57181571815718,1.0676667540270077
rectangular,4810.0,402.0,200.0,3.69,800.0,311.0,48.98120882555639,0.0,0.0,0.0,4388.295599999998,76011.7044,5087.905098002863,108.9430894308943,0.9453792685496535
rectangular,4842.0,300.0,300.0,6.0,900.0,334.0,27.9,0.0,0.0,0.0,7056.0,82944.0,4670.8416,50.0,1.0366440172152274
rectangular,4771.0,300.0,300.0,6.0,900.0,334.0,27.9,0.0,0.0,0.0,7056.0,82944.0,4670.8416,50.0,1.0214433304696096
rectangular,11779.0,500.0,500.0,10.0,1500.0,302.0,27.9,0.0,0.0,0.0,19600.0,230400.0,12347.36,50.0,0.9539691075663137
rectangular,11838.0,500.0,500.0,10.0,1500.0,302.0,27.9,0.0,0.0,0.0,19600.0,230400.0,12347.36,50.0,0.9587474569462622
rectangular,5322.0,300.0,300.0,2.0,900.0,176.7,53.32168166495804,0.0,0.0,0.0,2384.0,87616.0,5093.085260756964,150.0,1.0449461824263695
rectangular,5664.0,300.0,300.0,3.0,900.0,356.1,53.32168166495804,0.0,0.0,0.0,3564.0,86436.0,5878.053276392314,100.0,0.9635843252302588
rectangular,6498.0,300.0,300.0,6.0,900.0,317.5,53.32168166495804,0.0,0.0,0.0,7056.0,82944.0,6662.99356401828,50.0,0.9752373220185467
rectangular,5512.0,200.0,200.0,5.6,600.0,397.0,112.0,0.0,0.0,0.0,4354.559999999998,35645.44,5721.049599999999,35.714285714285715,0.9634595721736097
rectangular,3449.5,130.0,130.0,5.0,500.0,1030.6,75.6,0.0,0.0,0.0,2500.0,14400.0,3665.14,26.0,0.9411645939854958
rectangular,4250.1,130.0,130.0,5.0,500.0,1030.6,125.4,0.0,0.0,0.0,2500.0,14400.0,4382.26,26.0,0.9698420449722289
rectangular,382.0,60.0,60.0,1.87,120.0,282.0,71.54290894985921,0.0,0.0,0.0,434.81240000000025,3165.1875999999997,349.0638250760235,32.0855614973262,1.0943557382859803
rectangular,350.0,60.0,60.0,1.87,120.0,282.0,71.54290894985921,0.0,0.0,0.0,434.81240000000025,3165.1875999999997,349.0638250760235,32.0855614973262,1.0026819591625475
rectangular,860.0,100.0,100.0,1.87,200.0,282.0,71.54290894985921,0.0,0.0,0.0,734.0123999999996,9265.9876,869.9072039973245,53.475935828877,0.988611194444879
rectangular,840.0,100.0,100.0,1.87,200.0,282.0,71.54290894985921,0.0,0.0,0.0,734.0123999999996,9265.9876,869.9072039973245,53.475935828877,0.965620236434533
rectangular,1662.0,150.0,150.0,1.87,300.0,282.0,71.54290894985921,0.0,0.0,0.0,1108.0124000000033,21391.987599999997,1842.9045179233178,80.2139037433155,0.9018372812243303
rectangular,1740.0,150.0,150.0,1.87,300.0,282.0,71.54290894985921,0.0,0.0,0.0,1108.0124000000033,21391.987599999997,1842.9045179233178,80.2139037433155,0.9441617745669884
rectangular,2890.0,200.0,200.0,1.87,400.0,282.0,71.54290894985921,0.0,0.0,0.0,1482.012400000007,38517.98759999999,3173.6163765986075,106.951871657754,0.9106330624300031
rectangular,2920.0,200.0,200.0,1.87,400.0,282.0,71.54290894985921,0.0,0.0,0.0,1482.012400000007,38517.98759999999,3173.6163765986075,106.951871657754,0.9200860007943283
rectangular,3304.0,250.0,250.0,1.87,500.0,282.0,51.43074214832601,0.0,0.0,0.0,1856.012400000007,60643.98759999999,3642.3607859018816,133.6898395721925,0.9071039894753039
rectangular,3400.0,250.0,250.0,1.87,500.0,282.0,51.43074214832601,0.0,0.0,0.0,1856.012400000007,60643.98759999999,3642.3607859018816,133.6898395721925,0.9334605218571529
rectangular,318.0,60.0,60.0,2.0,120.0,404.0,42.90322021777928,0.0,0.0,0.0,464.0,3136.0,322.0004986029558,30.0,0.9875761105330192
rectangular,322.0,60.0,60.0,2.0,120.0,404.0,42.90322021777928,0.0,0.0,0.0,464.0,3136.0,322.0004986029558,30.0,0.9999984515460132
rectangular,770.0,100.0,100.0,2.0,200.0,404.0,42.90322021777928,0.0,0.0,0.0,784.0,9216.0,712.1320775270539,50.0,1.0812600980900875
rectangular,772.0,100.0,100.0,2.0,200.0,404.0,42.90322021777928,0.0,0.0,0.0,784.0,9216.0,712.1320775270539,50.0,1.0840685658773344
rectangular,1300.0,150.0,150.0,2.0,300.0,404.0,42.90322021777928,0.0,0.0,0.0,1184.0,21316.0,1392.8610421621831,75.0,0.9333307204729971
rectangular,1420.0,150.0,150.0,2.0,300.0,404.0,42.90322021777928,0.0,0.0,0.0,1184.0,21316.0,1392.8610421621831,75.0,1.0194843254397352
rectangular,2054.0,200.0,200.0,2.0,400.0,404.0,42.90322021777928,0.0,0.0,0.0,1584.0,38416.0,2288.1061078862085,100.0,0.8976856418155889
rectangular,3100.0,250.0,250.0,2.0,500.0,404.0,42.90322021777928,0.0,0.0,0.0,1984.0,60516.0,3397.867274699131,125.0,0.9123369894648089
rectangular,422.0,60.0,60.0,2.0,120.0,404.0,71.54290894985921,0.0,0.0,0.0,464.0,3136.0,411.8145624667585,30.0,1.0247330678940323
rectangular,406.0,60.0,60.0,2.0,120.0,404.0,71.54290894985921,0.0,0.0,0.0,464.0,3136.0,411.8145624667585,30.0,0.9858806293008935
rectangular,2060.0,150.0,150.0,2.0,300.0,404.0,71.54290894985921,0.0,0.0,0.0,1184.0,21316.0,2003.3446471751988,75.0,1.0282803824617435
rectangular,1980.0,150.0,150.0,2.0,300.0,404.0,71.54290894985921,0.0,0.0,0.0,1184.0,21316.0,2003.3446471751988,75.0,0.9883471637253651
rectangular,1836.0,110.0,110.0,5.0,330.0,750.0,28.0,0.0,0.0,0.0,2100.0,10000.0,1855.0,22.0,0.9897574123989218
rectangular,1832.0,110.0,110.0,5.0,330.0,750.0,28.0,0.0,0.0,0.0,2100.0,10000.0,1855.0,22.0,0.987601078167116
rectangular,2868.0,160.0,160.0,5.0,480.0,750.0,30.0,0.0,0.0,0.0,3100.0,22500.0,3000.0,32.0,0.956
rectangular,2922.0,160.0,160.0,5.0,480.0,750.0,30.0,0.0,0.0,0.0,3100.0,22500.0,3000.0,32.0,0.974
rectangular,1835.0,120.0,120.0,5.0,430.0,761.0,20.0,0.0,0.0,0.0,2300.0,12100.0,1992.3,24.0,0.9210460272047383
rectangular,2831.0,170.0,170.0,5.0,580.0,761.0,20.0,0.0,0.0,0.0,3300.0,25600.0,3023.3,34.0,0.936394006549135
rectangular,1328.0,80.1,80.4,4.0,240.0,756.0,35.5,0.0,0.0,0.0,1220.0,5220.04,1107.63142,20.1,1.1989547931025648
rectangular,1462.0,80.5,80.2,3.98,240.0,756.0,85.7,0.0,0.0,0.0,1215.8103999999994,5240.289600000001,1368.2454811199996,20.22613065326633,1.0685217091331127
rectangular,1113.0,100.2,50.6,3.98,300.0,721.0,35.5,0.0,0.0,0.0,1137.0063999999993,3933.1136000000006,959.4071471999995,25.175879396984925,1.1600914202570374
rectangular,1112.0,100.2,50.7,3.96,300.0,721.0,35.5,0.0,0.0,0.0,1132.4016000000001,3947.7384,956.6062668000001,25.303030303030305,1.1624427296716513
rectangular,1211.0,100.2,50.9,4.0,300.0,721.0,85.7,0.0,0.0,0.0,1144.8000000000002,3955.38,1164.376866,25.05,1.0400412747465217
rectangular,1666.0,100.4,100.7,3.99,300.0,722.0,35.5,0.0,0.0,0.0,1541.097600000001,8569.1824,1416.8784424000007,25.238095238095237,1.175824227502552
rectangular,1853.0,100.9,100.6,3.97,300.0,722.0,85.7,0.0,0.0,0.0,1536.8664000000008,8613.6736,1847.8093683200007,25.415617128463477,1.0028090731484485
rectangular,2992.0,141.2,140.7,4.94,420.0,682.0,35.5,0.0,0.0,0.0,2687.5576,17179.282399999996,2442.7788084,28.582995951417,1.2248345980861588
rectangular,3237.0,141.0,141.4,4.97,420.0,682.0,85.7,0.0,0.0,0.0,2708.252400000001,17229.1476,3323.566086120001,28.450704225352116,0.9739538544211528
rectangular,3760.0,141.4,141.1,4.93,420.0,682.0,114.9,0.0,0.0,0.0,2688.2303999999967,17263.309600000004,3816.9274058399983,28.681541582150103,0.9850855413826058
rectangular,2785.0,161.2,161.7,4.01,480.0,629.0,35.5,0.0,0.0,0.0,2525.3376000000026,23540.702399999995,2424.1322856000015,40.32418952618454,1.1488646954391268
rectangular,3600.0,161.5,161.9,4.01,480.0,629.0,85.7,0.0,0.0,0.0,2529.3476000000046,23617.502399999998,3614.979596080003,40.37406483790524,0.995856243256187
rectangular,1722.0,80.3,80.5,3.97,240.0,1022.0,35.5,0.0,0.0,0.0,1213.7083999999995,5250.4416,1426.8006615999996,20.277078085642316,1.2068959920925233
rectangular,1791.0,80.5,80.2,3.99,240.0,1022.0,85.7,0.0,0.0,0.0,1218.7056000000011,5237.394399999999,1694.361823280001,20.175438596491226,1.057035147624445
rectangular,2009.0,100.6,100.6,4.0,299.5,980.0,35.5,0.0,0.0,0.0,1545.6000000000004,8574.759999999998,1819.0919800000004,25.15,1.1043971509346107
rectangular,2177.0,100.9,100.6,3.97,299.5,980.0,85.7,0.0,0.0,0.0,1536.8664000000008,8613.6736,2244.3208995200007,25.415617128463477,0.9700038886888239
rectangular,2557.0,121.9,121.8,3.93,360.0,991.0,35.5,0.0,0.0,0.0,1853.7024000000001,12993.7176,2298.2960532000006,31.017811704834607,1.1125633690402055
rectangular,2853.0,121.8,121.8,3.91,359.0,991.0,85.7,0.0,0.0,0.0,1843.799600000002,12991.440399999998,2940.571845880002,31.15089514066496,0.970219450341709
rectangular,2798.0,121.9,121.8,3.93,359.0,991.0,85.7,0.0,0.0,0.0,1853.7024000000001,12993.7176,2950.58067672,31.017811704834607,0.9482879156893226
rectangular,1440.0,120.0,120.0,5.0,500.0,304.0,47.0,0.0,0.0,0.0,2300.0,12100.0,1267.9,24.0,1.1357362568025868
rectangular,1690.0,120.0,120.0,5.0,500.0,438.0,46.0,0.0,0.0,0.0,2300.0,12100.0,1564.0,24.0,1.0805626598465474
rectangular,2040.0,120.0,120.0,5.0,500.0,327.0,96.0,0.0,0.0,0.0,2300.0,12100.0,1913.7,24.0,1.065997805298636
rectangular,2240.0,120.0,120.0,5.0,500.0,439.0,96.0,0.0,0.0,0.0,2300.0,12100.0,2171.3,24.0,1.0316400313176437
rectangular,1550.0,120.0,120.0,8.0,500.0,323.0,39.0,0.0,0.0,0.0,3584.0,10816.0,1579.456,15.0,0.9813505409457434
rectangular,1670.0,120.0,120.0,8.0,500.0,300.0,46.0,0.0,0.0,0.0,3584.0,10816.0,1572.736,15.0,1.061843818670139
rectangular,1990.0,120.0,120.0,8.0,500.0,376.0,57.0,0.0,0.0,0.0,3584.0,10816.0,1964.096,15.0,1.0131887647039657
rectangular,2270.0,120.0,120.0,8.0,500.0,323.0,103.0,0.0,0.0,0.0,3584.0,10816.0,2271.68,15.0,0.9992604592196085
rectangular,2680.0,120.0,120.0,8.0,500.0,379.0,103.0,0.0,0.0,0.0,3584.0,10816.0,2472.384,15.0,1.0839740105096942
rectangular,1800.0,120.0,120.0,8.0,500.0,379.0,39.0,0.0,0.0,0.0,3584.0,10816.0,1780.16,15.0,1.0111450656120797
rectangular,2300.0,120.0,120.0,8.0,500.0,364.0,80.0,0.0,0.0,0.0,3584.0,10816.0,2169.856,15.0,1.059978173666824
rectangular,2290.0,120.0,120.0,8.0,500.0,379.0,80.0,0.0,0.0,0.0,3584.0,10816.0,2223.616,15.0,1.0298540755238315
rectangular,2300.0,120.0,120.0,8.0,500.0,396.0,92.0,0.0,0.0,0.0,3584.0,10816.0,2414.336,15.0,0.9526428798642774
rectangular,1680.0,120.0,120.0,8.0,500.0,379.0,31.0,0.0,0.0,0.0,3584.0,10816.0,1693.632,15.0,0.9919510259607753
rectangular,2430.0,120.0,120.0,8.0,500.0,379.0,92.0,0.0,0.0,0.0,3584.0,10816.0,2353.408,15.0,1.03254514304362
rectangular,4870.0,250.0,250.0,8.0,500.0,379.0,33.0,0.0,0.0,0.0,7744.0,54756.0,4741.924,31.25,1.027009289900049
rectangular,8300.0,250.0,250.0,8.0,500.0,379.0,91.0,0.0,0.0,0.0,7744.0,54756.0,7917.772,31.25,1.0482746914157164
rectangular,2137.4,99.92,100.06,5.99,299.25,701.7,55.2,0.0,0.0,0.0,2252.2400000000016,7745.7552,2007.9624950400012,16.704507512520866,1.0644621128530691
rectangular,2306.0,100.3,99.48,5.97,298.75,701.7,91.8,0.0,0.0,0.0,2242.8096000000005,7735.0344000000005,2283.8556542400006,16.80067001675042,1.009696035613673
rectangular,2634.9,120.65,119.57,5.87,359.5,732.8,55.2,0.0,0.0,0.0,2682.355199999998,11743.765300000001,2613.8857351199986,20.55366269165247,1.0080394734160163
rectangular,2892.1,119.18,120.85,5.95,360.15,732.8,91.8,0.0,0.0,0.0,2714.747000000001,11688.155999999999,3062.339322400001,20.310924369747898,0.9444087331685432
rectangular,3624.8,258.0,198.5,4.41,780.0,309.27,40.395501478673964,0.0,0.0,0.0,3948.537599999996,47264.462400000004,3130.4358843199284,58.50340136054422,1.1579218147083916
rectangular,3580.2,259.0,200.8,4.46,780.0,309.27,40.395501478673964,0.0,0.0,0.0,4021.849599999994,47985.35040000001,3182.229718829887,58.07174887892377,1.1250601987704543
rectangular,4024.1,317.5,199.5,4.4,960.0,309.27,40.395501478673964,0.0,0.0,0.0,4472.1600000000035,58869.09,3761.1513353431915,72.1590909090909,1.0699117480825364
rectangular,4057.2,317.5,199.8,4.47,960.0,309.27,40.395501478673964,0.0,0.0,0.0,4544.738399999995,58891.761600000005,3784.513487762513,71.02908277404921,1.0720532541683991
rectangular,684.74,92.0,92.0,3.0,295.0,420.0,19.200881649841737,0.0,0.0,0.0,1068.0,7396.0,590.5697206822294,30.666666666666668,1.159456667045145
rectangular,1404.35,151.03,151.03,3.55,480.0,341.7,29.492569149708558,0.0,0.0,0.0,2094.2159999999967,20715.844900000004,1326.5570954078864,42.543661971830986,1.0586427111666792
rectangular,1418.68,150.98,150.98,3.56,480.0,341.7,29.492569149708558,0.0,0.0,0.0,2099.2608,20695.699599999996,1327.6867669145956,42.41011235955056,1.0685351660895612
rectangular,2868.0,200.3,200.3,5.1,498.0,268.0,45.906125190682516,0.0,0.0,0.0,3982.0799999999945,36138.01000000001,2726.1534512021353,39.274509803921575,1.0520317551219707
rectangular,2868.0,200.0,200.0,4.99,498.0,268.0,45.906125190682516,0.0,0.0,0.0,3892.399599999997,36107.6004,2700.7231170975374,40.08016032064128,1.0619378128188997
rectangular,18104.0,500.3,500.3,12.56,1250.0,270.0,45.906125190682516,0.0,0.0,0.0,24504.05760000003,225796.0324,16981.516482913816,39.8328025477707,1.0661003107829379
rectangular,40481.0,801.0,801.0,20.35,1999.0,261.0,45.906125190682516,0.0,0.0,0.0,63544.91000000003,578056.09,43121.536744776444,39.36117936117936,0.9387652448379797
rectangular,2549.0,200.0,200.0,3.97,499.0,279.0,45.906125190682516,0.0,0.0,0.0,3112.9564000000028,36887.0436,2561.856077015765,50.377833753148614,0.9949817333100379
rectangular,2549.0,200.5,200.5,3.68,499.0,279.0,45.906125190682516,0.0,0.0,0.0,2897.190400000007,37303.05959999999,2520.7550455930927,54.483695652173914,1.0112049579971234
rectangular,16690.0,500.5,500.5,10.11,1250.0,276.0,45.906125190682516,0.0,0.0,0.0,19831.371600000013,230668.8784,16062.572971024725,49.505440158259155,1.0390614274629033
rectangular,61980.0,1001.0,1001.0,20.19,2499.0,261.0,45.906125190682516,0.0,0.0,0.0,79210.2156,922790.7844,63035.61554507452,49.578999504705294,0.9832536648377822
rectangular,2017.0,118.7,121.9,5.09,360.1,430.0,87.8640637185441,0.0,0.0,0.0,2345.6756000000005,12123.8544,2073.8916235159513,23.94891944990177,0.9725676969467186
rectangular,2100.0,120.2,120.6,5.3,359.1,430.0,87.8640637185441,0.0,0.0,0.0,2440.119999999997,12056.000000000002,2108.540752190767,22.754716981132074,0.995949448839491
rectangular,2956.0,119.1,119.2,8.47,361.0,464.3,87.8640637185441,0.0,0.0,0.0,3749.8383999999987,10446.8816,2658.9554396824856,14.07319952774498,1.1117147568117898
rectangular,3340.0,119.9,117.8,11.83,363.0,399.8,87.8640637185441,0.0,0.0,0.0,5064.1864000000005,9060.0336,2820.713092242551,10.135249366018597,1.184097740810853
rectangular,2346.0,99.4,98.0,8.16,301.1,508.4,87.8640637185441,0.0,0.0,0.0,2955.225599999999,6785.974400000002,2098.6799821140085,12.181372549019608,1.117845512414363
rectangular,3097.0,118.6,117.7,8.02,362.2,508.4,87.8640637185441,0.0,0.0,0.0,3532.9704,10426.2496,2712.2548105598453,14.788029925187033,1.1418543670536392
rectangular,3695.0,138.3,139.7,8.13,421.0,508.4,87.8640637185441,0.0,0.0,0.0,4255.892399999999,15064.6176,3487.3342168619,17.183271832718326,1.059548574992898
rectangular,3338.0,120.2,118.2,9.96,362.1,543.3,87.8640637185441,0.0,0.0,0.0,4352.1216,9855.5184,3230.4535619568837,12.068273092369477,1.0332914360106042
rectangular,3530.0,119.4,119.3,12.04,358.2,488.9,87.8640637185441,0.0,0.0,0.0,5168.0496,9076.3704,3324.1462365987077,9.916943521594686,1.0619268072911026
rectangular,3515.0,116.6,119.4,8.0,363.0,730.3,87.8640637185441,0.0,0.0,0.0,3520.0,10402.04,3484.6215053628443,14.925,1.0087178749802248
rectangular,4298.0,116.1,119.4,11.86,362.1,683.8,87.8640637185441,0.0,0.0,0.0,5023.4216,8838.9184,4211.638979580612,10.067453625632378,1.0205053236609536
rectangular,2491.0,130.0,130.0,3.0,390.0,737.0,78.0,0.0,0.0,0.0,1524.0,15376.0,2322.516,43.333333333333336,1.0725437413563566
rectangular,1156.53,158.0,158.0,3.0,450.0,330.0,23.439265237078715,0.0,0.0,0.0,1860.0,23104.0,1155.3407840374666,52.666666666666664,1.0010293205078225
rectangular,1784.67,200.0,200.0,4.0,600.0,293.0,24.5775467205337,0.0,0.0,0.0,3136.0,36864.0,1824.874682305754,50.0,0.9779685242523313
rectangular,2082.78,200.0,200.0,4.0,600.0,293.0,30.351246032797743,0.0,0.0,0.0,3136.0,36864.0,2037.716333753056,50.0,1.022114788746845
rectangular,2448.56,200.0,200.0,4.0,600.0,293.0,39.64863345898974,0.0,0.0,0.0,3136.0,36864.0,2380.455223832198,50.0,1.0286099799256727
rectangular,2362.74,200.0,200.0,6.0,600.0,288.0,24.5775467205337,0.0,0.0,0.0,4656.0,35344.0,2209.596811290543,33.333333333333336,1.0693082049751925
rectangular,2320.0,200.0,200.0,4.0,600.0,293.0,35.982716317426814,0.0,0.0,0.0,3136.0,36864.0,2245.3148543256225,50.0,1.03326266048189
rectangular,767.26,120.0,120.0,2.5,350.0,271.7,23.330131137932398,0.0,0.0,0.0,1175.0,13225.0,627.7884842991559,48.0,1.2221632272477025
rectangular,835.69,120.0,120.0,2.5,350.0,271.7,31.522389356767697,0.0,0.0,0.0,1175.0,13225.0,736.1310992432527,48.0,1.135246155011104
rectangular,950.87,120.0,120.0,2.5,350.0,271.7,39.101355812737886,0.0,0.0,0.0,1175.0,13225.0,836.3629306234585,48.0,1.1369107419564655
rectangular,819.07,120.0,120.0,3.0,350.0,273.5,23.330131137932398,0.0,0.0,0.0,1404.0,12996.0,687.1923842685695,40.0,1.1919078539727965
rectangular,867.28,120.0,120.0,3.0,350.0,273.5,31.522389356767697,0.0,0.0,0.0,1404.0,12996.0,793.658972080553,40.0,1.092761539287399
rectangular,1032.9,120.0,120.0,3.0,350.0,273.5,39.101355812737886,0.0,0.0,0.0,1404.0,12996.0,892.1552201423416,40.0,1.1577581755730835
rectangular,952.87,120.0,120.0,4.0,350.0,267.6,23.330131137932398,0.0,0.0,0.0,1856.0,12544.0,789.318764994224,30.0,1.2072055578293173
rectangular,1008.83,120.0,120.0,4.0,350.0,267.6,31.522389356767697,0.0,0.0,0.0,1856.0,12544.0,892.0824520912942,30.0,1.1308708041896984
rectangular,1174.22,120.0,120.0,4.0,350.0,267.6,39.101355812737886,0.0,0.0,0.0,1856.0,12544.0,987.1530073149839,30.0,1.189501517291459
rectangular,1082.2,100.0,100.0,2.8,200.0,361.6,71.8,0.0,0.0,0.0,1088.6399999999994,8911.36,1033.487872,35.714285714285715,1.0471337200171809
rectangular,1113.2,100.0,100.0,2.8,400.0,361.6,71.8,0.0,0.0,0.0,1088.6399999999994,8911.36,1033.487872,35.714285714285715,1.077129234081617
rectangular,1430.35,150.0,150.0,3.5,480.0,341.7,30.88,0.0,0.0,0.0,2051.0,20449.0,1332.29182,42.857142857142854,1.0736011274166646
rectangular,2982.0,250.0,250.0,4.0,1000.0,351.0,28.94621162680065,0.0,0.0,0.0,3936.0,58564.0,3076.741937711953,62.5,0.969207057455586
rectangular,4475.0,300.0,300.0,5.0,1000.0,369.0,28.94621162680065,0.0,0.0,0.0,5900.0,84100.0,4611.476397813934,60.0,0.9704050533840679
rectangular,7131.0,350.0,350.0,6.0,1000.0,498.0,28.94621162680065,0.0,0.0,0.0,8256.0,114244.0,7418.419001092214,58.333333333333336,0.9612560302875994
rectangular,953.0,120.0,120.0,2.75,300.0,397.82,46.532150314311295,0.0,0.0,0.0,1289.75,13110.25,1123.1364686581996,43.63636363636363,0.8485166554501965
rectangular,3297.0,300.0,200.0,2.973,600.0,731.9,31.210060074836694,0.0,0.0,0.0,2937.6450840000034,57062.354916,3930.981961919615,100.90817356205854,0.8387217321114282
rectangular,6107.0,300.0,200.0,2.973,600.0,731.9,69.4887969737723,0.0,0.0,0.0,2937.6450840000034,57062.354916,6115.256832582864,100.90817356205854,0.9986497979056462
rectangular,2618.0,200.0,200.0,2.973,600.0,731.9,31.210060074836694,0.0,0.0,0.0,2343.0450839999976,37656.954916,2890.150522143375,67.27211570803902,0.9058351736152674
rectangular,5140.0,200.0,200.0,2.973,600.0,731.9,85.73430751984209,0.0,0.0,0.0,2343.0450839999976,37656.954916,4943.367650008771,67.27211570803902,1.0397770030296816
double_skin,348.0,75.4,75.4,1.29,229.0,486.0,58.6,62.7,1.23,470.0,537.8720782211085,1077.144050128657,320.7259937288079,58.44961240310078,1.085038340528937
double_skin,348.0,75.2,75.2,1.19,229.0,486.0,58.6,62.4,1.2,470.0,507.4045985073285,1106.6200432009641,307.755072374464,63.19327731092437,1.1307693397708407
double_skin,395.0,76.3,76.3,1.78,229.0,486.0,58.6,62.0,1.0,470.0,608.3555943599877,1136.5556512784888,359.1967855939698,42.86516853932584,1.0996757650456859
double_skin,395.0,76.3,76.3,1.74,229.0,512.0,58.6,62.0,0.94,470.0,587.8887465403818,1145.7014558116189,360.5638669787713,43.85057471264368,1.0955063337593287
double_skin,386.0,81.5,81.5,1.11,229.0,524.0,58.6,62.7,1.14,470.0,500.8053689791991,1848.8495819454329,358.8591137695456,73.42342342342342,1.0756310351027727
double_skin,395.0,81.5,81.5,1.14,229.0,524.0,58.6,62.2,1.13,470.0,504.6010412232654,1890.4285607156944,363.4829412530253,71.49122807017544,1.0867084948700119
double_skin,378.0,87.4,87.4,0.99,229.0,428.0,58.6,61.8,0.87,452.0,435.2833701181348,2731.0936220750946,350.340160643364,88.28282828282829,1.078951380583492
double_skin,385.0,87.3,87.3,0.94,229.0,428.0,58.6,61.6,0.88,452.0,422.89607028502815,2750.477248747743,346.20628338376633,92.87234042553192,1.1120537623900697
double_skin,283.0,99.7,99.7,0.59,229.0,409.0,58.6,80.3,0.55,474.0,321.5024240274797,2558.9060703244913,290.4032641531797,168.98305084745763,0.9745069526860598
double_skin,380.0,99.9,99.9,0.7,229.0,409.0,58.6,74.0,0.62,512.0,361.0808365959365,3319.2889880584653,356.9140470692221,142.71428571428572,1.0646821079762672
double_skin,443.0,99.8,99.8,0.66,229.0,409.0,58.6,61.4,0.55,432.0,310.7031992807647,4656.115516136528,402.34422655051566,151.2121212121212,1.1010472395690756
double_skin,644.0,101.7,101.7,1.61,229.0,409.0,58.6,61.5,0.56,432.0,613.4628815369292,4646.462972708373,525.6549074425844,63.16770186335403,1.225138376683646
double_skin,477.0,101.4,101.4,1.56,229.0,255.0,58.6,63.4,1.15,216.0,714.2030765225318,4429.173146026507,432.9002790709335,65.0,1.1018703915453945
double_skin,417.0,101.5,101.5,1.65,229.0,255.0,58.6,76.1,1.19,235.0,797.6359234202419,3025.377287351873,375.0832559157877,61.515151515151516,1.1117531732571484
double_skin,598.0,114.3,114.3,1.64,229.0,262.0,58.6,63.5,1.12,216.0,799.9374541982634,6513.456508865349,581.1756586573168,69.69512195121952,1.0289488059110257
double_skin,551.0,114.3,114.3,1.64,229.0,262.0,58.6,76.1,1.14,235.0,848.9111137565442,5131.9725553757735,515.899804837298,69.69512195121952,1.0680368452044127
double_skin,524.0,114.3,114.3,1.64,229.0,262.0,58.6,88.9,1.56,286.0,1008.4914541882908,3473.211634280362,478.02800090268954,69.69512195121952,1.096170096752698
double_skin,283.0,74.8,74.8,1.03,229.0,486.0,58.6,62.0,1.0,470.0,430.34510062595655,1136.5556512784888,272.68368563923065,72.62135922330097,1.03783253235919
double_skin,285.0,74.7,74.7,0.97,229.0,486.0,58.6,62.0,0.94,470.0,404.99684614120133,1138.841159933976,260.6795014594348,77.01030927835052,1.0932965515293875
double_skin,330.0,81.0,81.0,0.9,229.0,524.0,58.6,62.0,1.0,470.0,418.1145662662657,1907.449395553579,320.5201611020382,90.0,1.02957641998359
double_skin,335.0,81.0,81.0,0.87,229.0,524.0,58.6,62.0,0.94,470.0,399.32627140147224,1914.9166471318968,311.72401187284555,93.10344827586206,1.0746685761783692
double_skin,432.0,87.9,87.9,1.26,229.0,428.0,58.6,61.4,0.89,452.0,512.1433768660045,2764.43220331499,385.25358081148016,69.76190476190476,1.1213393502795104
double_skin,408.0,87.9,87.9,1.17,229.0,444.0,58.6,61.2,0.85,452.0,479.9461362371594,2807.8562394507035,378.92570691429023,75.12820512820514,1.0767282149381492
double_skin,299.0,99.9,99.9,0.69,229.0,409.0,58.6,86.8,0.61,444.0,380.22947213809584,1705.8458551503545,261.25744335814744,144.7826086956522,1.1444650003334558
double_skin,357.0,99.9,99.9,0.71,229.0,409.0,58.6,80.5,0.67,474.0,389.27788729896656,2527.4587278620575,318.2457873818899,140.7042253521127,1.1217744716652154
double_skin,357.0,88.8,88.8,1.55,229.0,286.0,58.6,63.5,1.16,216.0,652.0435242786025,2601.4272127315644,323.02531546453724,57.29032258064516,1.1051765385217698
double_skin,1790.0,180.0,180.0,3.0,540.0,275.9,47.4,48.0,3.0,396.1,2092.3007072908013,21969.157426553422,1669.582451149966,60.0,1.0721243498738824
double_skin,1791.0,180.0,180.0,3.0,540.0,275.9,47.4,48.0,3.0,396.1,2092.3007072908013,21969.157426553422,1669.582451149966,60.0,1.0727233020246498
double_skin,1648.0,180.0,180.0,3.0,540.0,275.9,47.4,88.0,3.0,370.2,2469.291825721577,17696.591417671305,1595.64035565875,60.0,1.0328141890843778
double_skin,1650.0,180.0,180.0,3.0,540.0,275.9,47.4,88.0,3.0,370.2,2469.291825721577,17696.591417671305,1595.64035565875,60.0,1.0340676043623929
double_skin,1435.0,180.0,180.0,3.0,540.0,275.9,47.4,140.0,3.0,342.0,2959.3802796815835,8384.910792431157,1299.285752504725,60.0,1.1044529636638045
double_skin,1358.0,180.0,180.0,3.0,540.0,275.9,47.4,140.0,3.0,342.0,2959.3802796815835,8384.910792431157,1299.285752504725,60.0,1.0451896339062345
double_skin,904.0,114.0,114.0,3.0,342.0,294.5,47.4,58.0,3.0,374.5,1564.5131414877178,6518.8047561988205,811.2094886393422,38.0,1.1143853870796028
double_skin,898.0,114.0,114.0,3.0,342.0,294.5,47.4,58.0,3.0,374.5,1564.5131414877178,6518.8047561988205,811.2094886393422,38.0,1.1069890238910214
double_skin,2421.0,240.0,240.0,3.0,720.0,275.9,47.4,114.0,3.0,294.5,3279.822730347745,32798.22730347744,2478.997462065578,80.0,0.9766044689625246
double_skin,2460.0,240.0,240.0,3.0,720.0,275.9,47.4,114.0,3.0,294.5,3279.822730347745,32798.22730347744,2478.997462065578,80.0,0.9923366351292071
double_skin,3331.0,300.0,300.0,3.0,900.0,275.9,47.4,165.0,3.0,320.5,4325.973083993147,46504.21065292631,3465.9314645445675,100.0,0.9610692058037282
double_skin,3266.0,300.0,300.0,3.0,900.0,275.9,47.4,165.0,3.0,320.5,4325.973083993147,46504.21065292631,3465.9314645445675,100.0,0.9423152285064474
double_skin,1665.0,114.3,114.3,6.0,400.0,454.0,63.4,48.3,2.9,425.0,2455.0289950742813,6387.172024013407,1507.5348295117963,19.05,1.1044520945092842
double_skin,1441.0,114.3,114.3,4.8,400.0,416.0,63.4,48.3,2.9,425.0,2064.8431874984276,6777.357831589261,1292.3818513210497,23.8125,1.114995539845314
double_skin,1243.0,114.3,114.3,3.6,400.0,453.0,63.4,48.3,2.9,425.0,1665.609593080239,7176.59142600745,1197.9356235886148,31.75,1.0376183623927866
double_skin,1145.0,114.3,114.3,3.2,400.0,430.0,63.4,48.3,2.9,425.0,1530.5211089758782,7311.67991011181,1119.6164727168582,35.71875,1.0226716272060077
double_skin,1629.0,165.1,165.1,3.5,400.0,433.0,63.4,101.6,3.3,394.0,2795.98604576838,11524.186521438925,1901.550434881915,47.17142857142857,0.8566693631248123
double_skin,1613.0,165.1,165.1,3.0,500.0,395.0,63.4,101.6,3.2,394.0,2516.981202203073,11773.314818868595,1739.6465096917204,55.03333333333333,0.9271998598645403
double_skin,1487.0,163.8,163.8,2.35,500.0,395.0,63.4,101.6,3.2,394.0,2181.1685094792174,11773.314818868606,1607.0004960657982,69.70212765957447,0.925326410066718
double_skin,1328.0,163.0,163.0,1.95,500.0,395.0,63.4,101.6,3.2,394.0,1975.8340136405986,11773.314818868595,1525.893370209543,83.58974358974359,0.8703098302456302
double_skin,1236.0,162.5,162.5,1.7,500.0,395.0,63.4,101.6,3.2,394.0,1848.0104625476652,11773.314818868595,1475.4030675278343,95.58823529411765,0.8377371765066377
double_skin,1418.0,114.5,114.5,5.9,400.0,454.0,63.4,48.4,2.8,425.0,2414.062626871467,6443.9798731719475,1492.9003186084474,19.406779661016948,0.9498289887979507
double_skin,1390.0,114.6,114.6,4.7,400.0,416.0,63.4,48.4,2.8,425.0,2023.8454033690825,6852.190568597767,1279.95863680073,24.382978723404253,1.08597259320373
double_skin,1191.0,114.4,114.4,3.5,400.0,453.0,63.4,48.4,2.8,425.0,1620.5277385012207,7219.536997582027,1180.5863917874638,32.68571428571429,1.0088207083234033
double_skin,1100.0,114.2,114.2,3.0,400.0,430.0,63.4,48.4,2.8,425.0,1449.1538592479021,7355.002472804816,1087.4377235023715,38.06666666666667,1.0115521801627119
double_skin,1700.0,165.1,165.1,3.5,400.0,433.0,63.4,101.8,3.1,410.0,2738.1179090892574,11492.236524151918,1892.104488869846,47.17142857142857,0.8984704650298727
double_skin,540.0,160.0,160.0,1.0,400.0,220.0,23.6,75.0,1.0,220.0,731.9910882864215,15188.815081943252,519.4940753568734,160.0,1.039472874890902
double_skin,728.0,160.0,160.0,1.5,400.0,255.0,23.6,75.0,1.5,255.0,1093.2742434492484,14941.414660473056,631.4023180667225,106.66666666666667,1.1529891151319303
double_skin,589.0,160.0,160.0,1.5,400.0,255.0,23.6,112.0,1.5,255.0,1267.6326357234811,9507.244767926113,547.617298632544,106.66666666666667,1.0755686525440171
double_skin,879.0,160.0,160.0,2.1,400.0,300.0,23.6,75.0,2.1,300.0,1522.667127341901,14646.60760586019,802.4600777008708,76.19047619047619,1.095381595204616
double_skin,703.0,160.0,160.0,2.1,400.0,300.0,23.6,112.0,2.1,300.0,1766.7688765258263,9212.437713313248,747.4441929919406,76.19047619047619,0.9405384463366621
double_skin,1990.0,240.0,240.0,3.0,720.0,280.0,29.0,120.0,3.0,280.0,3336.37139811236,31695.528282067422,1853.354311651416,80.0,1.0737288534035496
double_skin,2207.0,240.0,240.0,3.0,720.0,280.0,29.0,80.0,3.0,280.0,2959.3802796815853,37978.71358924701,1930.0091723990072,80.0,1.1435178814495957
double_skin,2517.0,240.0,240.0,4.0,720.0,280.0,29.0,120.0,4.0,280.0,4423.362456254428,30963.537193781,2136.484066370889,60.0,1.178103801296056
double_skin,2735.0,240.0,240.0,4.0,720.0,280.0,29.0,80.0,4.0,280.0,3920.7076316800612,37246.72250096059,2177.953089398274,60.0,1.2557662574613244
double_skin,635.0,158.0,158.0,0.9,450.0,221.0,18.7,38.0,0.9,221.0,549.087563994429,18028.375017816918,458.4789644759452,175.55555555555554,1.3850144700222473
double_skin,540.0,159.0,159.0,0.9,450.0,221.0,18.7,76.0,0.9,221.0,659.357466135425,14872.173958387935,423.82765303778336,176.66666666666666,1.2741028012909297
double_skin,378.3,159.0,159.0,0.9,450.0,221.0,18.7,114.0,0.9,221.0,766.7999348881967,9201.599218658359,341.53269099920277,176.66666666666666,1.1076538497478212
double_skin,851.6,158.0,158.0,1.5,450.0,308.0,18.7,39.0,1.5,308.0,914.2034621946304,17674.600269096176,612.0896913880447,105.33333333333333,1.3912993667134212
double_skin,728.1,158.0,158.0,1.5,450.0,308.0,18.7,77.0,1.5,308.0,1093.2742434492484,14212.565164840224,602.5034355648808,105.33333333333333,1.2084578394434637
double_skin,589.0,158.0,158.0,1.5,450.0,308.0,18.7,114.0,1.5,308.0,1267.632635723483,8662.156344110457,552.4131754376983,105.33333333333333,1.0662309050346463
double_skin,968.2,158.0,158.0,2.14,450.0,286.0,18.7,40.0,2.14,286.0,1302.3811637463084,17302.19461930258,696.0320522124025,73.83177570093457,1.3910278943656207
double_skin,879.1,158.0,158.0,2.14,450.0,286.0,18.7,77.0,2.14,286.0,1551.1324700575478,13902.205969955026,703.5951380746176,73.83177570093457,1.2494401288866919
double_skin,703.6,157.0,157.0,2.14,450.0,286.0,18.7,115.0,2.14,286.0,1799.883776368788,7931.26355661573,663.0813885501875,73.3644859813084,1.0611065431023565
double_skin,5499.0,350.0,350.0,3.82,1050.0,439.3,44.4,231.0,2.92,396.5,6246.746602309118,50147.17761792488,4881.180858903274,91.62303664921467,1.1265716552931702
double_skin,5396.0,350.0,350.0,3.82,1050.0,439.3,44.4,231.0,2.92,396.5,6246.746602309118,50147.17761792488,4881.180858903274,91.62303664921467,1.1054702040301776
double_skin,879.0,139.0,139.0,2.0,117.0,250.0,46.7,75.0,3.0,250.0,1539.3804002589986,9896.016858807849,846.9890873710763,69.5,1.037793772205827
double_skin,930.0,139.0,139.0,2.0,234.0,250.0,46.7,75.0,3.0,250.0,1539.3804002589986,9896.016858807849,846.9890873710763,69.5,1.0980070627433665
double_skin,807.0,139.0,139.0,2.0,351.0,250.0,46.7,75.0,3.0,250.0,1539.3804002589986,9896.016858807849,846.9890873710763,69.5,0.952786773799889
double_skin,810.0,139.0,139.0,2.0,468.0,250.0,46.7,75.0,3.0,250.0,1539.3804002589986,9896.016858807849,846.9890873710763,69.5,0.956328732066803
double_skin,877.0,139.0,139.0,2.0,585.0,250.0,46.7,75.0,3.0,250.0,1539.3804002589986,9896.016858807849,846.9890873710763,69.5,1.035432466694551
double_skin,698.0,114.0,114.0,2.0,342.0,278.7,40.2,48.0,1.6,235.0,936.9485930066196,7693.760408641404,560.2245099513999,57.0,1.2459290652252117
double_skin,660.0,114.0,114.0,2.0,342.0,278.7,40.2,48.0,1.6,235.0,936.9485930066196,7693.760408641404,560.2245099513999,57.0,1.1780991161155296
double_skin,601.0,114.0,114.0,2.0,342.0,278.7,40.2,76.0,1.6,235.0,1077.691943887442,4966.857985325464,483.6777199910923,57.0,1.2425629198117052
double_skin,578.0,114.0,114.0,2.0,342.0,278.7,40.2,76.0,1.6,235.0,1077.691943887442,4966.857985325464,483.6777199910923,57.0,1.1950105950934535
double_skin,493.0,114.0,114.0,2.0,342.0,278.7,40.2,89.0,1.6,235.0,1143.0370710821098,3282.1789248379373,431.30972665024063,57.0,1.1430301000371028
double_skin,520.0,114.0,114.0,2.0,342.0,278.7,40.2,89.0,1.6,235.0,1143.0370710821098,3282.1789248379373,431.30972665024063,57.0,1.205630125799784
double_skin,583.0,101.8,101.8,1.7,300.0,353.3,40.1,49.6,1.53,376.5,765.6598509142111,5672.459695321729,503.3337357844179,59.88235294117647,1.1582772195696889
double_skin,634.0,101.8,101.8,1.7,300.0,353.3,40.1,50.9,3.07,228.9,995.9103180884606,5569.847425273852,517.8195934034853,59.88235294117647,1.2243646398794856
double_skin,593.0,101.9,101.9,2.79,300.0,226.0,40.1,49.6,1.53,376.5,1099.7584906862573,5354.359616138089,498.0290213746831,36.52329749103943,1.1906936635201972
double_skin,681.0,101.9,101.9,2.79,300.0,226.0,40.1,50.9,3.07,228.9,1330.0089578605068,5251.747346090213,512.5148789937507,36.52329749103943,1.3287419115266383
double_skin,804.0,114.1,114.1,2.79,350.0,281.2,40.1,49.6,1.63,376.5,1221.2815777124172,7317.107325580154,660.2503123910267,40.89605734767025,1.2177199842411268
double_skin,902.0,114.1,114.1,2.79,350.0,281.2,40.1,50.9,3.07,228.9,1436.942488603396,7214.495055532278,669.2432020694428,40.89605734767025,1.3477910529547756
double_skin,1055.0,152.6,152.6,1.6,450.0,314.5,40.1,49.6,1.53,376.5,990.0638141601273,15598.164604706,951.1868820033465,95.37499999999999,1.1091406115462894
double_skin,997.0,152.6,152.6,1.6,450.0,314.5,40.1,50.9,1.66,398.8,1015.7975420634773,15495.552334658125,962.4872678101608,95.37499999999999,1.035857858430026
double_skin,825.0,152.6,152.6,1.6,450.0,314.5,40.1,49.6,1.7,353.3,1014.8286748891103,15598.164604706,954.5758306248704,95.37499999999999,0.8642582113774562
double_skin,882.0,152.6,152.6,1.6,450.0,314.5,40.1,50.9,2.79,226.0,1180.6950280614249,15495.552334658125,955.3810024436682,95.37499999999999,0.923191896996094
double_skin,1569.0,168.4,168.4,3.22,450.0,281.5,40.1,49.6,1.53,376.5,1902.0040730071094,18669.6067509782,1306.0156050257465,52.29813664596273,1.201363899452847
double_skin,1470.0,168.4,168.4,3.22,450.0,281.5,40.1,76.2,1.66,398.9,2059.678409175922,16041.444584764587,1268.6982275091032,52.29813664596273,1.15866797014931
double_skin,1464.0,168.4,168.4,3.22,450.0,281.5,40.1,89.2,3.22,259.2,2540.7165630194695,14352.681453827394,1271.3584231133054,52.29813664596273,1.1515242070091873
double_skin,1332.0,168.4,168.4,3.22,450.0,281.5,40.1,101.8,1.7,353.3,2205.553865815652,12462.542233795095,1158.9959830119362,52.29813664596273,1.1492705924126416
double_skin,1354.0,168.4,168.4,3.22,450.0,281.5,40.1,101.9,2.79,226.0,2539.652505587698,12446.543673206688,1165.8055394978705,52.29813664596273,1.1614286895421577
double_skin,1319.0,168.4,168.4,3.22,450.0,281.5,40.1,114.1,2.79,281.2,2646.5860363305874,10376.862433021734,1160.8334616935188,52.29813664596273,1.1362525663894414
double_skin,1653.0,202.7,202.7,1.99,400.0,304.0,40.1,50.9,3.07,228.9,1716.0981286160752,28980.272056877602,1649.1586978134249,101.85929648241205,1.0023292495692915
double_skin,1658.0,202.7,202.7,1.99,400.0,304.0,40.1,76.2,1.66,398.9,1643.5219976106382,26454.722160711866,1597.355462677714,101.85929648241205,1.0379655867083115
double_skin,1625.0,202.7,202.7,1.99,400.0,304.0,40.1,101.9,2.79,226.0,2123.4960940224146,22859.821249153967,1494.4627746664812,101.85929648241205,1.087347257855018
double_skin,1142.0,202.7,202.7,1.99,400.0,304.0,40.1,152.6,1.6,314.5,2013.8014174962846,12725.710937112184,1130.4662317406955,101.85929648241205,1.0102026650026907
double_skin,1410.0,140.2,140.2,2.92,350.0,300.0,40.5,22.1,4.09,794.0,1490.7438335924496,13794.890107386193,1120.233995321501,48.013698630136986,1.2586656054794496
double_skin,1845.0,140.2,140.2,2.91,350.0,300.0,79.9,22.1,4.1,794.0,1486.9594710819342,13799.111465434822,1663.1705191032765,48.178694158075594,1.1093270225801979
double_skin,2321.0,140.2,140.2,2.89,350.0,300.0,115.6,22.1,4.08,794.0,1477.640250634325,13807.556066487672,2153.547166185715,48.51211072664359,1.0777567524146088
double_skin,1423.0,140.3,140.3,2.89,350.0,300.0,40.5,32.0,5.48,619.0,1704.1396561801907,13408.027162360046,1199.9116797128556,48.54671280276817,1.1859206173745473
double_skin,2012.0,140.2,140.2,2.92,350.0,300.0,79.9,31.9,5.27,619.0,1700.222718459694,13379.257399316262,1719.7138470086118,48.013698630136986,1.1699620861341617
double_skin,2537.0,140.1,140.1,2.91,350.0,300.0,115.6,31.9,5.36,619.0,1701.1011077656349,13362.378250307058,2197.584073641069,48.14432989690721,1.1544495750720332
double_skin,1626.0,140.1,140.1,2.91,350.0,300.0,40.5,38.1,7.63,433.0,1984.572353606553,13021.515447392565,1219.8831726696567,48.14432989690721,1.3329145252832497
double_skin,2083.0,140.1,140.1,2.9,350.0,300.0,79.9,38.0,7.51,433.0,1969.3384566700354,13031.711172190522,1727.7103486897768,48.310344827586206,1.205641907267419
double_skin,2500.0,140.2,140.2,2.9,350.0,300.0,115.6,37.9,7.39,433.0,1959.2193867328228,13058.775992901197,2191.5684022996707,48.3448275862069,1.1407355560413648
double_skin,2543.0,140.2,140.2,2.9,350.0,300.0,40.5,55.1,10.62,739.0,2734.9059447602294,11802.453090730638,1949.9550346721458,48.3448275862069,1.3041326362828491
double_skin,2775.0,140.1,140.1,2.9,350.0,300.0,79.9,55.2,10.76,739.0,2752.2060671850168,11772.686500337875,2425.7780825071977,48.310344827586206,1.1439628464001368
double_skin,2025.0,140.1,140.1,2.87,350.0,300.0,40.5,89.0,3.89,1029.0,2277.4284791815426,7957.347572099952,1763.742694362438,48.81533101045296,1.1481266550232272
double_skin,2107.0,140.1,140.1,2.86,350.0,300.0,79.9,89.1,3.91,1029.0,2279.537430329896,7947.5809888584745,2081.7293194512886,48.98601398601399,1.0121392730133485
double_skin,2195.0,140.2,140.2,2.88,350.0,300.0,115.6,89.1,3.91,1029.0,2288.884296792854,7960.248832915547,2369.726423465421,48.68055555555555,0.9262672594881625
double_skin,1750.0,165.3,165.3,2.94,413.0,276.0,40.5,22.0,4.14,794.0,1731.8934281597944,19580.554580705913,1391.341586526421,56.22448979591837,1.2577788351521888
double_skin,2413.0,165.2,165.2,2.94,413.0,276.0,79.9,22.1,4.09,794.0,1730.091724772962,19552.057193745197,2159.586382727328,56.19047619047619,1.1173435891703658
double_skin,2911.0,165.3,165.3,2.94,413.0,276.0,115.6,22.1,4.04,794.0,1728.8209505445839,19577.09097480533,2859.0012954688505,56.22448979591837,1.018187716323725
double_skin,1943.0,165.3,165.3,2.93,413.0,276.0,40.5,31.9,5.35,619.0,1940.8338440462153,19166.46690790302,1464.9722590794802,56.41638225255973,1.3263049781030598
double_skin,1891.0,165.3,165.3,2.94,413.0,276.0,40.5,31.9,5.39,619.0,1948.5015292358305,19161.458266735404,1467.7977423240707,56.22448979591837,1.2883246413813407
double_skin,2550.0,165.3,165.3,2.94,413.0,276.0,79.9,31.8,5.25,619.0,1937.501556718551,19166.461253036243,2216.349953650687,56.22448979591837,1.1505403268106362
double_skin,2375.0,165.5,165.5,2.92,413.0,276.0,40.5,89.0,3.92,1029.0,2539.18346580452,13799.693602553534,2048.668425816577,56.678082191780824,1.1592896000500184
double_skin,2580.0,165.4,165.4,2.91,413.0,276.0,79.9,89.1,3.91,1029.0,2531.9314133229745,13765.647220488787,2586.659265319193,56.83848797250859,0.997425534391608
double_skin,2671.0,165.2,165.2,2.92,413.0,276.0,115.6,88.9,3.88,1029.0,2525.0085997515234,13738.498519254257,3065.4376090493183,56.57534246575342,0.8713274711953296
double_skin,7242.0,356.0,356.0,5.5,1068.0,618.0,38.8,219.0,3.3,356.0,8292.422304709471,55813.53508367627,6704.393274068134,64.72727272727273,1.0801872300676738
double_skin,7159.0,356.0,356.0,5.5,1068.0,618.0,38.8,219.0,3.3,356.0,8292.422304709471,55813.53508367627,6704.393274068134,64.72727272727273,1.0678072880494998
double_skin,6917.0,356.0,356.0,5.5,1068.0,618.0,38.8,168.0,3.3,357.0,7763.692261110307,71314.9386346517,7119.327323347831,64.72727272727273,0.9715805561173878
double_skin,8516.0,356.0,356.0,5.5,1068.0,618.0,38.8,168.0,3.3,357.0,7763.692261110307,71314.9386346517,7119.327323347831,64.72727272727273,1.1961804273378163
double_skin,1421.54,114.3,114.3,5.85,342.9,455.0,38.5,60.3,2.52,396.0,2450.561964480142,5411.919562577894,1296.376021484103,19.53846153846154,1.0965491311483904
double_skin,1574.26,114.3,114.3,5.85,342.9,455.0,38.5,60.3,5.77,310.0,2981.5932246980583,5411.919562577894,1421.656432589445,19.53846153846154,1.1073420862539893
double_skin,734.6,114.3,114.3,2.73,342.9,285.0,38.5,60.3,2.52,396.0,1414.3189374270996,6448.162589630936,702.1102735117646,41.86813186813187,1.0462743926616123
double_skin,913.7,114.3,114.3,2.73,342.9,285.0,38.5,60.3,5.77,310.0,1945.3501976450164,6448.162589630936,827.3906846171068,41.86813186813187,1.1043150678241378
double_skin,1505.67,114.3,114.3,5.85,342.9,455.0,64.3,60.3,2.52,396.0,2450.561964480142,5411.919562577894,1436.0035461986126,19.53846153846154,1.0485141237887667
double_skin,1666.41,114.3,114.3,5.85,342.9,455.0,64.3,60.3,5.77,310.0,2981.5932246980583,5411.919562577894,1561.2839573039548,19.53846153846154,1.0673330704541268
double_skin,899.21,114.3,114.3,2.73,342.9,285.0,64.3,60.3,2.52,396.0,1414.3189374270996,6448.162589630936,868.4728683242428,41.86813186813187,1.0353921611104167
double_skin,1088.06,114.3,114.3,2.73,342.9,285.0,64.3,60.3,5.77,310.0,1945.3501976450164,6448.162589630936,993.753279429585,41.86813186813187,1.0948995314254935
double_skin,789.42,114.3,114.3,2.74,342.9,355.0,41.0,60.3,2.52,396.0,1417.7379327120043,6444.743594346031,786.2862262954917,41.71532846715328,1.0039855380899558
double_skin,1681.98,114.3,114.3,6.11,342.9,535.0,41.0,60.3,2.52,396.0,2534.1547184439196,5328.326808614116,1510.6509193445424,18.707037643207855,1.1134140776413095
double_skin,969.16,114.3,114.3,2.74,342.9,355.0,41.0,60.3,5.77,310.0,1948.769192929921,6444.743594346031,911.566637400834,41.71532846715328,1.0631806389529381
double_skin,1823.35,114.3,114.3,6.11,342.9,535.0,41.0,60.3,5.77,310.0,3065.185978661836,5328.326808614116,1635.9313304498849,18.707037643207855,1.1145638976781345
double_skin,914.32,114.3,114.3,2.74,342.9,355.0,67.9,60.3,2.52,396.0,1417.7379327120043,6444.743594346031,959.6498289834,41.71532846715328,0.9527641983415764
double_skin,1752.59,114.3,114.3,6.11,342.9,535.0,67.9,60.3,2.52,396.0,2534.1547184439196,5328.326808614116,1653.9829104962623,18.707037643207855,1.059617961514579
double_skin,1068.06,114.3,114.3,2.74,342.9,355.0,67.9,60.3,5.77,310.0,1948.769192929921,6444.743594346031,1084.9302400887423,41.71532846715328,0.9844503918635705
double_skin,1889.69,114.3,114.3,6.11,342.9,535.0,67.9,60.3,5.77,310.0,3065.185978661836,5328.326808614116,1779.2633216016045,18.707037643207855,1.0620631454927059
double_skin,2718.0,190.6,190.6,5.15,571.8,346.9,37.4,34.0,3.08,348.2,3299.6182198172846,24623.873904671498,2065.9593852209055,37.009708737864074,1.315611535949616
double_skin,2724.0,190.5,190.5,5.13,571.5,346.9,37.4,33.9,3.1,348.2,3287.450831469926,24612.216710971094,2061.30354547377,37.13450292397661,1.321493870216924
double_skin,2718.0,190.5,190.5,5.15,571.5,346.9,37.4,59.6,3.32,342.1,3585.820452151965,22713.620637674594,2090.592901113253,36.99029126213592,1.300109647628024
double_skin,2482.0,188.2,188.2,5.04,564.6,346.9,37.4,59.1,3.28,342.1,3475.280058883493,22174.872369262393,2032.1539529140155,37.34126984126984,1.2213641571992742
double_skin,2626.0,190.7,190.7,5.11,572.1,346.9,37.4,101.6,4.03,345.8,4214.672739461769,17475.478586889283,2114.2940462785778,37.318982387475536,1.2420221324569725
double_skin,2462.0,189.2,189.2,5.08,567.6,346.9,37.4,101.2,4.05,345.8,4174.507791544881,17132.582545209385,2087.5356485671005,37.24409448818897,1.1793810571282626
double_skin,3182.0,188.9,188.9,5.09,566.7,464.0,37.4,33.7,3.09,348.2,3236.3990083712943,24194.306976545842,2372.1465719227504,37.11198428290766,1.341401091173224
double_skin,3232.0,188.9,188.9,5.12,566.7,464.0,37.4,33.5,3.06,348.2,3248.7209630772063,24188.021592123805,2378.1522066924367,36.89453125,1.3590383285412608
double_skin,3286.0,191.0,191.0,5.15,573.0,464.0,37.4,59.4,3.31,342.1,3590.1662172696783,22874.03821254852,2450.226577755967,37.0873786407767,1.341100463863825
double_skin,3242.0,190.1,190.1,5.11,570.3,464.0,37.4,59.1,3.29,342.1,3546.5873006161323,22669.736044055866,2423.1474469022537,37.201565557729936,1.3379293134408992
double_skin,3082.0,190.7,190.7,5.15,572.1,464.0,37.4,101.1,4.1,345.8,4251.462360231636,17532.403931613062,2480.710014906887,37.02912621359223,1.2423862448572742
double_skin,3192.0,190.7,190.7,5.09,572.1,464.0,37.4,100.9,4.07,345.8,4206.130749036662,17598.149926030328,2463.4725635484583,37.4656188605108,1.295731905940998
double_skin,2460.0,190.4,190.4,5.15,571.2,346.9,28.9,59.9,3.33,342.1,3589.004456306383,22657.166217689584,1896.9770747596383,36.970873786407765,1.2968000682410465
double_skin,2494.0,190.0,190.0,5.11,570.0,346.9,28.9,59.1,3.31,342.1,3548.2806190564233,22641.48841371111,1882.4528808194877,37.18199608610567,1.3248671589135808
double_skin,2623.0,189.1,189.1,5.1,567.3,346.9,37.4,59.4,3.35,342.1,3537.9595447115776,22365.665689344627,2060.962595648737,37.07843137254902,1.2727062614032296
double_skin,2588.0,190.1,190.1,5.07,570.3,346.9,37.4,59.7,3.35,342.1,3540.1809648769395,22636.362276978245,2071.8421036386376,37.49506903353057,1.2491299387414074
double_skin,2950.0,189.9,189.9,5.12,569.7,346.9,50.7,58.9,3.31,342.1,3550.240030394468,22626.147388465106,2375.949240776402,37.08984375,1.2416090164603064
double_skin,3026.0,188.6,188.6,5.08,565.8,346.9,50.7,58.9,3.33,342.1,3510.1947771576906,22283.021068043698,2344.645276738519,37.125984251968504,1.2906003436943214
double_skin,2376.0,190.3,190.3,4.26,570.9,336.8,37.4,59.4,3.36,342.1,3081.3519861386826,23181.504628918294,1907.9228068629386,44.67136150234742,1.2453334020922404
double_skin,2406.0,190.1,190.1,4.21,570.3,336.8,37.4,59.3,3.3,342.1,3039.166994145536,23162.28122347098,1892.9377628946634,45.15439429928741,1.2710402038367952
double_skin,2611.0,189.7,189.7,5.12,569.1,346.9,37.4,59.5,3.32,342.1,3554.9232025631727,22513.942265249487,2072.4116805442545,37.05078125,1.2598848117446926
double_skin,2579.0,188.8,188.8,5.08,556.4,346.9,37.4,59.5,3.31,342.1,3516.3422456622275,22283.316377753144,2050.410511011126,37.16535433070867,1.2577969075705766
double_skin,2894.0,189.1,189.1,6.77,567.3,327.3,37.4,59.7,3.34,342.1,4469.281545275618,21407.773354753586,2272.1990111623186,27.93205317577548,1.273656042355025
double_skin,2928.0,188.6,188.6,6.73,565.8,327.3,37.4,59.8,3.33,342.1,4436.023702966926,21282.703409621517,2256.6269298505326,28.02377414561664,1.2975117691225708
double_skin,2060.0,165.2,165.2,3.68,495.6,357.7,53.7,42.5,3.19,409.8,2261.2948301090346,18148.364693468862,1803.957257672009,44.89130434782608,1.141933929553526
double_skin,2003.0,164.9,164.9,3.69,494.7,357.7,53.7,42.7,3.2,409.8,2265.920511132176,18055.72289602569,1800.8008562732155,44.68834688346884,1.1122829007007686
double_skin,2423.0,165.0,165.0,3.68,495.0,357.7,90.7,42.6,3.21,409.8,2262.259299053686,18092.125472580625,2470.8615596245695,44.836956521739125,0.9806296069327972
double_skin,2446.0,165.1,165.1,3.7,495.3,357.7,90.7,42.7,3.19,409.8,2272.052899991983,18100.286073657593,2475.0386080220924,44.62162162162162,0.9882674121009779
double_skin,3068.0,164.8,164.8,3.69,494.4,357.7,141.0,42.6,3.2,409.8,2263.755953793853,18037.687012601433,3373.695766740799,44.66124661246613,0.909388460644713
double_skin,3110.0,164.9,164.9,3.69,494.7,357.7,141.0,42.5,3.2,409.8,2263.9098918338786,18069.106080729984,3378.1285423511213,44.68834688346884,0.9206280817945109
double_skin,1831.0,165.0,165.0,3.7,495.0,357.7,53.7,76.0,2.8,385.6,2518.8347418686863,14971.071295122943,1722.8985488793367,44.59459459459459,1.0627439446106552
double_skin,1876.0,165.0,165.0,3.7,495.0,357.7,53.7,76.2,2.79,385.6,2518.375755181997,14947.163775029127,1721.4377297839112,44.59459459459459,1.0897867332299558
double_skin,2174.0,165.1,165.1,3.67,495.3,357.7,90.7,76.1,2.81,385.6,2508.2255834775183,14998.75469542711,2275.6305021634184,44.986376021798364,0.9553396291415502
double_skin,2202.0,165.2,165.2,3.69,495.6,357.7,90.7,76.4,2.8,385.6,2519.7203568377354,14977.694086595973,2277.8438269471576,44.769647696476966,0.9667036756208146
double_skin,2732.0,164.8,164.8,3.68,494.4,357.7,141.0,76.3,2.8,385.6,2509.25791082349,14895.597359053836,3015.8792418583885,44.78260869565217,0.9058718141236114
double_skin,2736.0,164.7,164.7,3.71,494.1,357.7,141.0,76.1,2.78,385.6,2516.7377287724125,14879.987413476683,3016.1810639951464,44.39353099730458,0.9071073459946644
double_skin,2183.0,165.3,165.3,5.96,495.9,347.0,53.7,76.1,2.79,385.6,3626.030324843785,13928.419419056587,2030.9916676189011,27.73489932885906,1.0748443899621265
double_skin,2203.0,165.0,165.0,5.99,495.0,347.0,53.7,76.2,2.81,385.6,3640.150213025344,13829.82524601265,2030.8018216460837,27.54590984974958,1.0847931967159354
double_skin,2666.0,164.9,164.9,6.01,494.7,347.0,90.7,75.9,2.8,385.6,3643.0188012773433,13832.02750246281,2543.513036232014,27.43760399334443,1.0481566093914891
double_skin,2631.0,164.8,164.8,6.0,494.4,347.0,90.7,75.8,2.8,385.6,3635.4510187341075,13824.73555175457,2540.1916814268734,27.46666666666667,1.035748608751493
double_skin,3110.0,164.9,164.9,6.01,494.7,347.0,141.0,76.0,2.81,385.6,3646.1098142892115,13820.097304360803,3238.7737562908865,27.43760399334443,0.9602399654990533
double_skin,3032.0,164.8,164.8,6.0,494.4,347.0,141.0,76.1,2.78,385.6,3633.659054284501,13788.944957448548,3229.838424391211,27.46666666666667,0.9387466497094197
double_skin,2645.0,165.2,165.2,5.95,495.6,428.6,53.7,76.1,2.79,385.6,3619.342188243565,13909.150146356518,2270.5411151531,27.76470588235294,1.1649205479468496
double_skin,2601.0,165.0,165.0,5.96,495.0,428.6,53.7,76.0,2.79,385.6,3619.5366528288137,13868.157388775424,2268.460841279298,27.684563758389263,1.1465924174971283
double_skin,2971.0,165.0,165.0,5.99,495.0,428.6,90.7,75.8,2.8,385.6,3634.413978999153,13877.577454347214,2788.7940203573985,27.54590984974958,1.0653350438621676
double_skin,2911.0,165.0,165.0,6.01,495.0,428.6,90.7,75.9,2.78,385.6,3640.4885625541406,13856.049690688484,2789.597182373714,27.45424292845258,1.0435198380588349
double_skin,3322.0,165.1,165.1,5.94,495.3,428.6,141.0,75.9,2.8,385.6,3613.1155516041435,13913.767030920237,3482.7725658508093,27.794612794612792,0.9538377649384251
double_skin,3304.0,164.9,164.9,6.02,494.7,428.6,141.0,76.1,2.8,385.6,3649.580645852894,13803.34884560599,3482.756891565416,27.392026578073093,0.948673738325425
double_skin,2750.0,300.0,300.0,4.0,1100.0,250.0,28.0,180.0,2.0,250.0,4838.052686528277,41519.288509842714,2372.053249907665,75.0,1.1593331642563451
double_skin,2311.0,300.0,300.0,2.0,1100.0,250.0,28.0,180.0,2.0,250.0,2990.796206217481,43366.54499015351,1961.9623112786685,150.0,1.1779023413012728
double_skin,1232.4,140.0,140.0,3.0,500.0,285.0,35.271656486935846,48.0,5.0,290.0,1966.63700114721,12293.052053496862,997.4650666365264,46.666666666666664,1.2355319912662999
double_skin,1223.7,140.0,140.0,3.0,500.0,285.0,35.271656486935846,58.0,5.0,290.0,2123.7166338266998,11460.530000295566,1013.6537282352639,46.666666666666664,1.2072169873339482
double_skin,1347.0,140.0,140.0,5.0,500.0,290.0,35.271656486935846,68.0,3.0,285.0,2733.185608623119,9641.547853867076,1129.6341375674074,28.0,1.1924214709911969
double_skin,1334.3,140.0,140.0,5.0,500.0,290.0,35.271656486935846,78.0,3.0,285.0,2827.433388230813,8494.866535306803,1116.0494051873557,28.0,1.1955563918570484
double_skin,1852.2,180.0,180.0,3.0,500.0,300.0,35.271656486935846,48.0,5.0,320.0,2343.6281195779848,21969.157426553422,1491.4858583406392,60.0,1.2418488513599957
double_skin,1841.4,180.0,180.0,3.0,500.0,300.0,35.271656486935846,58.0,5.0,320.0,2500.7077522574746,21136.63537335213,1512.3869089197615,60.0,1.2175455825092005
double_skin,2057.5,180.0,180.0,5.0,500.0,320.0,35.271656486935846,68.0,3.0,300.0,3361.5041393410784,19066.325814636453,1735.9300078419992,36.0,1.1852436392627124
double_skin,2043.3,180.0,180.0,5.0,500.0,320.0,35.271656486935846,78.0,3.0,300.0,3455.751918948772,17919.64449607618,1723.7589921560627,36.0,1.1853745270063873
double_skin,10897.0,300.0,300.0,6.0,1500.0,763.0,89.22908236580368,135.0,4.0,748.0,7187.963991413455,50830.183736919455,9995.25425852177,50.0,1.0902173889883209
double_skin,12015.0,300.0,300.0,6.0,1500.0,763.0,89.22908236580368,100.0,4.0,748.0,6748.141019910884,57290.08363086346,10242.677615549423,50.0,1.1730331121385693
double_skin,11179.0,300.0,300.0,6.0,1500.0,763.0,88.99345508008565,135.0,4.0,748.0,7187.963991413455,50830.183736919455,9983.277280295293,50.0,1.1197725642725351
double_skin,11867.0,300.0,300.0,6.0,1500.0,763.0,88.99345508008565,100.0,4.0,748.0,6748.141019910884,57290.08363086346,10229.178508644924,50.0,1.160112709927871
double_skin,1667.7,170.0,170.0,3.58,300.0,365.0,35.0,114.1,3.58,380.0,3114.7169567568617,10601.348077676643,1526.563985572951,47.486033519553075,1.09245338928527
double_skin,1687.7,170.0,170.0,3.58,300.0,365.0,35.0,76.1,3.58,320.0,2687.3346921625066,16277.89184344804,1513.900238152701,47.486033519553075,1.1148026517648044
double_skin,2718.0,190.6,190.6,5.15,571.8,346.9,38.0,34.0,3.08,348.2,3299.6182198172846,24623.873904671498,2080.7337095637085,37.009708737864074,1.3062699890462746
double_skin,2718.0,190.5,190.5,5.15,571.5,346.9,38.0,59.6,3.32,342.1,3585.820452151965,22713.620637674594,2104.2210734958576,36.99029126213592,1.2916893734385226
double_skin,2626.0,190.7,190.7,5.11,572.0999999999999,346.9,38.0,101.6,4.03,345.8,4214.672739461769,17475.478586889283,2124.779333430711,37.318982387475536,1.2358930448368057
double_skin,3182.0,188.9,188.9,5.09,566.7,464.0,38.0,33.7,3.09,348.2,3236.3990083712943,24194.306976545842,2386.663156108678,37.11198428290766,1.3332421845351963
double_skin,3286.0,191.0,191.0,5.15,573.0,464.0,38.0,59.4,3.31,342.1,3590.1662172696783,22874.03821254852,2463.9510006834957,37.0873786407767,1.3336304167933815
double_skin,3082.0,190.7,190.7,5.15,572.0999999999999,464.0,38.0,101.1,4.1,345.8,4251.462360231636,17532.403931613062,2491.2294572658548,37.02912621359223,1.237140156243384
double_skin,2460.0,190.4,190.4,5.15,571.2,346.9,29.0,59.9,3.33,342.1,3589.004456306383,22657.166217689584,1899.2427913814076,36.970873786407765,1.295253040402869
double_skin,2623.0,189.1,189.1,5.1,567.3,346.9,38.0,59.4,3.35,342.1,3537.9595447115776,22365.665689344627,2074.3819950623442,37.07843137254902,1.264472988216988
double_skin,2950.0,189.9,189.9,5.12,569.7,346.9,51.0,58.9,3.31,342.1,3550.240030394468,22626.147388465106,2382.737084992941,37.08984375,1.2380719713391037
double_skin,2376.0,190.3,190.3,4.26,570.9000000000001,336.8,38.0,59.4,3.36,342.1,3081.3519861386826,23181.504628918294,1921.8317096402895,44.67136150234742,1.23632053112742
double_skin,2611.0,189.7,189.7,5.12,569.0999999999999,346.9,38.0,59.5,3.32,342.1,3554.9232025631727,22513.942265249487,2085.9200459034037,37.05078125,1.251725829629863
double_skin,2894.0,189.1,189.1,6.77,567.3,327.3,38.0,59.7,3.34,342.1,4469.281545275618,21407.773354753586,2285.043675175171,27.93205317577548,1.2664965801050374
double_skin,1285.25,121.33,121.33,4.43,360.0,486.0,39.02317680204776,57.87,4.03,450.0,2308.5748570677633,7304.645884160424,1382.478551352953,27.388261851015802,0.9296708428077955
double_skin,1439.42,121.25,121.25,4.37,360.0,486.0,51.77691468788425,57.71,4.03,450.0,2284.2394520545245,7326.238050468548,1465.0039843867673,27.74599542334096,0.9825365769244127
double_skin,2837.7,200.0,200.0,2.74,600.0,358.5,57.57311044895284,60.0,2.74,358.5,2190.8989644051867,26890.486194506004,2333.606210441595,72.992700729927,1.2160149331549017
double_skin,1975.3,200.0,200.0,2.74,600.0,358.5,57.57311044895284,140.0,2.74,358.5,2879.536074072068,14324.11558014683,1856.997570934196,72.992700729927,1.0637062917676785
double_skin,1640.8,200.0,200.0,2.74,600.0,358.5,35.74047816589135,140.0,2.74,358.5,2879.536074072068,14324.11558014683,1544.2644226927782,72.992700729927,1.062512336545894
double_skin,1662.5,180.0,180.0,3.0,540.0,275.9,36.91268312711409,102.0,3.0,320.5,2601.2387171723476,15607.432303034093,1335.4081297056139,60.0,1.2449377557454981
double_skin,1607.0,165.0,165.0,3.0,540.0,304.3,36.91268312711409,73.0,3.0,370.2,2186.548486898497,15670.264156105886,1287.2747006087523,55.0,1.2483737925091278
double_skin,1430.0,140.0,140.0,3.0,540.0,342.0,36.91268312711409,48.0,3.0,396.1,1715.3095888600265,12293.052053496862,1063.350036451471,46.666666666666664,1.3448064616352342
double_skin,324.74,86.0,86.0,1.0,233.0,345.0,19.51,39.0,1.0,345.0,386.41589639154427,4347.178834404876,218.12694331432192,86.0,1.4887661059461517
double_skin,263.99,86.0,86.0,1.0,232.0,345.0,10.35,39.0,1.0,345.0,386.41589639154427,4347.178834404876,178.30678519117322,86.0,1.4805381618930584
double_skin,361.07,86.0,86.0,1.0,234.0,345.0,20.92,41.0,2.0,345.0,512.079602535136,4221.515128261284,264.98155935784797,86.0,1.3626231231901993
double_skin,334.39,86.0,86.0,1.0,234.0,345.0,9.84,41.0,2.0,345.0,512.079602535136,4221.515128261284,218.20717173671295,86.0,1.5324427576719262
double_skin,418.78,88.0,88.0,2.0,233.0,345.0,20.18,39.0,1.0,345.0,659.7344572538568,4347.178834404876,315.334456630871,44.0,1.328050237434794
double_skin,367.99,88.0,88.0,2.0,233.0,345.0,9.84,39.0,1.0,345.0,659.7344572538568,4347.178834404876,270.38462748312463,44.0,1.3609871368259172
double_skin,478.0,88.0,88.0,2.0,233.0,345.0,21.85,41.0,2.0,345.0,785.3981633974486,4221.515128261284,363.2024719246288,44.0,1.3160703380322636
double_skin,453.96,88.0,88.0,2.0,234.0,345.0,11.01,41.0,2.0,345.0,785.3981633974486,4221.515128261284,317.4412479342765,44.0,1.430059902278322
double_skin,514.98,111.6,111.6,1.3,234.0,345.0,19.51,39.0,1.0,345.0,569.8534914346528,8136.724972797564,355.3469587642357,85.84615384615384,1.4492314829171709
double_skin,470.0,111.6,111.6,1.3,232.0,345.0,10.35,39.0,1.0,345.0,569.8534914346528,8136.724972797564,280.81455801341,85.84615384615384,1.673702401061257
double_skin,591.13,111.6,111.6,1.3,234.0,345.0,20.92,41.0,2.0,345.0,695.5171975782446,8011.061266653972,407.5448348628955,85.84615384615384,1.4504661804850634
double_skin,547.53,111.6,111.6,1.3,235.0,345.0,9.84,41.0,2.0,345.0,695.5171975782446,8011.061266653972,318.7822760283695,85.84615384615384,1.717567258824871
double_skin,637.98,114.0,114.0,2.5,238.0,345.0,20.18,39.0,1.0,345.0,995.0994730245675,8136.724972797564,507.5084281445307,45.6,1.2570825716776333
double_skin,590.97,114.0,114.0,2.5,229.0,345.0,9.84,39.0,1.0,345.0,995.0994730245675,8136.724972797564,423.3746919258039,45.6,1.395855754418989
double_skin,773.97,114.0,114.0,2.5,236.0,345.0,21.85,41.0,2.0,345.0,1120.7631791681592,8011.061266653972,561.7049854894043,45.6,1.3778941259096227
double_skin,705.07,114.0,114.0,2.5,235.0,345.0,11.62,41.0,2.0,345.0,1120.7631791681592,8011.061266653972,479.7518287315341,45.6,1.4696556798213947
