model,validation,fold,sample_index,shape,observed,predicted
Ridge,RandomKFold,1,23,random_fold,1.6356327158958393,1.3207352433543327
Ridge,RandomKFold,1,32,random_fold,1.546963941055375,1.3495388365836232
Ridge,RandomKFold,1,43,random_fold,1.3720014374672693,1.2778249005176463
Ridge,RandomKFold,1,44,random_fold,1.5941042088621091,1.3533497144552693
Ridge,RandomKFold,1,49,random_fold,1.371451596125907,1.3164993296821108
Ridge,RandomKFold,1,51,random_fold,1.3662045311957267,1.3164993296821108
Ridge,RandomKFold,1,58,random_fold,1.2339943282685013,1.3066606282858433
Ridge,RandomKFold,1,63,random_fold,1.1425545677724243,1.3642684057520222
Ridge,RandomKFold,1,65,random_fold,1.1919182410425113,1.2663956713489073
Ridge,RandomKFold,1,76,random_fold,1.273123847876894,1.3245682879060143
Ridge,RandomKFold,1,78,random_fold,1.1850393366807992,1.357668840011974
Ridge,RandomKFold,1,81,random_fold,1.4770328464842415,1.3267661123151613
Ridge,RandomKFold,1,101,random_fold,1.2696675773972377,1.364332590001345
Ridge,RandomKFold,1,115,random_fold,1.1549104273844197,1.165879301331478
Ridge,RandomKFold,1,175,random_fold,1.32213950491923,1.3344930505213655
Ridge,RandomKFold,1,184,random_fold,1.2086542758821197,1.2730982243462643
Ridge,RandomKFold,1,196,random_fold,1.3345388048057119,1.3137194940214805
Ridge,RandomKFold,1,198,random_fold,1.2028285814567583,1.2891178290379985
Ridge,RandomKFold,1,210,random_fold,1.1410674469190896,1.2103424253849322
Ridge,RandomKFold,1,218,random_fold,0.8843236477025262,1.090780308055651
Ridge,RandomKFold,1,221,random_fold,1.237545163141302,1.3329916425031296
Ridge,RandomKFold,1,247,random_fold,1.3495739828334417,1.2645898180671018
Ridge,RandomKFold,1,254,random_fold,1.115980785893842,1.1216338237581465
Ridge,RandomKFold,1,259,random_fold,1.0273582662639587,1.1017316556089736
Ridge,RandomKFold,1,275,random_fold,1.4136791277360206,1.2453961208919766
Ridge,RandomKFold,1,277,random_fold,1.1575768700669187,1.134057560926688
Ridge,RandomKFold,1,286,random_fold,1.1448031386011281,1.0623947156086635
Ridge,RandomKFold,1,289,random_fold,1.1633442640197864,1.168767629635506
Ridge,RandomKFold,1,297,random_fold,1.1115066128395268,1.1059260836851994
Ridge,RandomKFold,1,306,random_fold,1.1743142604760686,1.1649267910796735
Ridge,RandomKFold,1,316,random_fold,1.0619217905514904,0.9866441226200806
Ridge,RandomKFold,1,342,random_fold,1.2512502109547927,1.083893144435231
Ridge,RandomKFold,1,352,random_fold,1.0748673043457417,1.086092976747832
Ridge,RandomKFold,1,371,random_fold,1.2774436061249554,1.3461606686850103
Ridge,RandomKFold,1,390,random_fold,1.2791487844243277,1.283990871141128
Ridge,RandomKFold,1,394,random_fold,1.2683585085983282,1.304730951457582
Ridge,RandomKFold,1,413,random_fold,1.1689970544183277,1.168767629635506
Ridge,RandomKFold,1,420,random_fold,1.1115066128395268,1.1059260836851994
Ridge,RandomKFold,1,425,random_fold,1.2175168088019963,1.2025470350837637
Ridge,RandomKFold,1,428,random_fold,1.2243899371891955,1.1911033681132437
Ridge,RandomKFold,1,451,random_fold,1.189648160647048,1.2793648026181628
Ridge,RandomKFold,1,461,random_fold,1.3434363952751693,1.2833852094960945
Ridge,RandomKFold,1,467,random_fold,1.1413646115604044,1.2474299125988018
Ridge,RandomKFold,1,479,random_fold,1.1994765786206814,1.249321426697764
Ridge,RandomKFold,1,490,random_fold,1.07947210172219,1.1215083339099308
Ridge,RandomKFold,1,494,random_fold,1.2443901851729942,1.2342788576111057
Ridge,RandomKFold,1,503,random_fold,1.2520069830423897,1.2246390704523926
Ridge,RandomKFold,1,506,random_fold,1.110275183025613,1.1473885304783675
Ridge,RandomKFold,1,529,random_fold,1.0749994218548684,1.2659336411323379
Ridge,RandomKFold,1,532,random_fold,1.1812493418381194,1.2019878142794593
Ridge,RandomKFold,1,536,random_fold,1.1042621429645079,1.134356549725985
Ridge,RandomKFold,1,543,random_fold,1.3390171937925537,1.2417739469359628
Ridge,RandomKFold,1,549,random_fold,1.2987951649060503,1.161655817214873
Ridge,RandomKFold,1,552,random_fold,1.2974059019704027,1.1331956375356522
Ridge,RandomKFold,1,558,random_fold,1.2390348241766387,1.24930016612575
Ridge,RandomKFold,1,561,random_fold,1.125520396023584,1.2175326045234736
Ridge,RandomKFold,1,575,random_fold,1.4752782639070696,1.3469252501009035
Ridge,RandomKFold,1,581,random_fold,1.125154244488275,1.1170850905320933
Ridge,RandomKFold,1,589,random_fold,1.1065761847263786,1.0855761539859774
Ridge,RandomKFold,1,598,random_fold,1.101641173779054,1.114541386773431
Ridge,RandomKFold,1,599,random_fold,1.4737078098499086,1.3245627819779497
Ridge,RandomKFold,1,613,random_fold,1.2390348241766387,1.24930016612575
Ridge,RandomKFold,1,617,random_fold,1.3332390142216342,1.2618008731518051
Ridge,RandomKFold,1,629,random_fold,1.3001385373329486,1.3084570991658284
Ridge,RandomKFold,1,634,random_fold,1.3546268449969268,1.338945641176121
Ridge,RandomKFold,1,644,random_fold,1.2936721089566459,1.2506546465604051
Ridge,RandomKFold,1,667,random_fold,1.4512515359158664,1.2779228532121452
Ridge,RandomKFold,1,682,random_fold,1.0127561317700873,0.9090865502150811
Ridge,RandomKFold,1,695,random_fold,0.9128426995596877,1.1030728007221877
Ridge,RandomKFold,1,701,random_fold,0.8640136456166635,0.8749941186033267
Ridge,RandomKFold,1,707,random_fold,0.9947622291164563,1.0053716131992902
Ridge,RandomKFold,1,722,random_fold,1.0918158283594679,1.1658964026581995
Ridge,RandomKFold,1,739,random_fold,1.0525512247820288,1.0102134789242385
Ridge,RandomKFold,1,743,random_fold,1.1763225868857685,1.037951136275954
Ridge,RandomKFold,1,746,random_fold,1.1512238868735534,1.0838595242908518
Ridge,RandomKFold,1,755,random_fold,1.156965801441185,0.9688747866111427
Ridge,RandomKFold,1,756,random_fold,1.1262308703670376,0.9965627028888605
Ridge,RandomKFold,1,778,random_fold,1.1409909324109273,1.1319551378025303
Ridge,RandomKFold,1,780,random_fold,1.0802645315227415,1.0465884586664118
Ridge,RandomKFold,1,787,random_fold,0.9706081159253261,1.0793094278897193
Ridge,RandomKFold,1,803,random_fold,1.0148873243037508,1.1012367023457033
Ridge,RandomKFold,1,809,random_fold,0.9090970473279092,1.0383465524589752
Ridge,RandomKFold,1,813,random_fold,1.0417378229660836,1.0418973360811306
Ridge,RandomKFold,1,817,random_fold,1.00947218111946,1.056107279720822
Ridge,RandomKFold,1,818,random_fold,0.8977259185724457,0.9544040443183531
Ridge,RandomKFold,1,839,random_fold,1.1793391334116536,1.064707440102967
Ridge,RandomKFold,1,843,random_fold,1.1536852924437238,1.0024227715915792
Ridge,RandomKFold,1,852,random_fold,1.0472415535706674,0.9633421746007722
Ridge,RandomKFold,1,858,random_fold,1.0008111503855663,0.955710980362066
Ridge,RandomKFold,1,874,random_fold,0.9665995795697264,0.9970814434680758
Ridge,RandomKFold,1,885,random_fold,1.0171365040792284,0.9845560739124175
Ridge,RandomKFold,1,892,random_fold,1.108383888154156,1.0259456996749465
Ridge,RandomKFold,1,903,random_fold,1.0485565695763601,1.1126997508471625
Ridge,RandomKFold,1,922,random_fold,1.1594229116729229,0.9747893225877639
Ridge,RandomKFold,1,965,random_fold,0.8976856418155889,0.9598495255789239
Ridge,RandomKFold,1,967,random_fold,1.0247330678940323,1.019008390215165
Ridge,RandomKFold,1,973,random_fold,0.956,1.0711066574660764
Ridge,RandomKFold,1,974,random_fold,0.974,1.0711066574660764
Ridge,RandomKFold,1,984,random_fold,1.2248345980861588,1.0766887810124801
Ridge,RandomKFold,1,1002,random_fold,1.0131887647039657,1.1307258006649619
Ridge,RandomKFold,1,1010,random_fold,1.03254514304362,1.0594240360101086
Ridge,RandomKFold,1,1032,random_fold,0.9725676969467186,1.0055912074446554
Ridge,RandomKFold,1,1042,random_fold,1.0205053236609536,1.1162900436580867
Ridge,RandomKFold,1,1049,random_fold,1.03326266048189,1.0429679460543906
Ridge,RandomKFold,1,1052,random_fold,1.1369107419564655,1.0589640033585266
Ridge,RandomKFold,1,1065,random_fold,0.8485166554501965,1.0400146635564942
Ridge,RandomKFold,1,1068,random_fold,0.9058351736152674,0.9974362276256695
Ridge,RandomKFold,1,1084,random_fold,1.0289488059110257,1.1334386134972467
Ridge,RandomKFold,1,1088,random_fold,1.0932965515293875,1.1256882900622298
Ridge,RandomKFold,1,1089,random_fold,1.02957641998359,1.1099906585574981
Ridge,RandomKFold,1,1101,random_fold,1.0451896339062345,1.0838272063536207
Ridge,RandomKFold,1,1110,random_fold,1.0376183623927866,1.1767579900872231
Ridge,RandomKFold,1,1115,random_fold,0.8703098302456302,1.0532486844872793
Ridge,RandomKFold,1,1125,random_fold,1.095381595204616,1.1703400439923217
Ridge,RandomKFold,1,1128,random_fold,1.1435178814495957,1.1286492323906319
Ridge,RandomKFold,1,1132,random_fold,1.2741028012909297,1.114909721321027
Ridge,RandomKFold,1,1134,random_fold,1.3912993667134212,1.1831306683272453
Ridge,RandomKFold,1,1144,random_fold,0.952786773799889,1.140325634165091
Ridge,RandomKFold,1,1151,random_fold,1.1430301000371028,1.1662269529360134
Ridge,RandomKFold,1,1174,random_fold,1.1093270225801979,1.1296734548332927
Ridge,RandomKFold,1,1177,random_fold,1.1699620861341617,1.1239348429031326
Ridge,RandomKFold,1,1189,random_fold,1.018187716323725,1.041929989378483
Ridge,RandomKFold,1,1194,random_fold,0.997425534391608,1.0592106146639952
Ridge,RandomKFold,1,1218,random_fold,1.300109647628024,1.2051892040352346
Ridge,RandomKFold,1,1220,random_fold,1.2420221324569725,1.169519303879626
Ridge,RandomKFold,1,1252,random_fold,1.0748443899621265,1.1932617024791021
Ridge,RandomKFold,1,1264,random_fold,1.1593331642563451,1.0471241626479835
Ridge,RandomKFold,1,1274,random_fold,1.0902173889883209,0.9793586533732888
Ridge,RandomKFold,1,1290,random_fold,1.251725829629863,1.204014032599197
Ridge,RandomKFold,1,1292,random_fold,0.9296708428077955,1.226643583422762
Ridge,RandomKFold,1,1300,random_fold,1.4887661059461517,1.222187452169086
Ridge,RandomKFold,1,1312,random_fold,1.2570825716776333,1.2508056684716429
Ridge,RandomKFold,2,29,random_fold,1.3720014374672693,1.2749197430536374
Ridge,RandomKFold,2,31,random_fold,1.5227926294763847,1.3467577227005643
Ridge,RandomKFold,2,48,random_fold,1.639707790681381,1.3160612448872056
Ridge,RandomKFold,2,54,random_fold,1.2133837651042219,1.3160612448872056
Ridge,RandomKFold,2,56,random_fold,1.2046337556603286,1.3319237673905535
Ridge,RandomKFold,2,70,random_fold,1.2629155541458932,1.324399482102741
Ridge,RandomKFold,2,86,random_fold,1.6713792736532207,1.3274212944004584
Ridge,RandomKFold,2,107,random_fold,1.2353424451316886,1.1888977522974151
Ridge,RandomKFold,2,109,random_fold,1.1269776844197152,1.1672242372788393
Ridge,RandomKFold,2,113,random_fold,1.165840580685956,1.1534666649057312
Ridge,RandomKFold,2,123,random_fold,1.401756567103651,1.3500910449692198
Ridge,RandomKFold,2,128,random_fold,1.37020947369762,1.2790795888277096
Ridge,RandomKFold,2,155,random_fold,1.370994199976567,1.251463395491418
Ridge,RandomKFold,2,163,random_fold,1.081714589741048,1.1684584776098164
Ridge,RandomKFold,2,168,random_fold,0.9988336760894352,1.1119155364775353
Ridge,RandomKFold,2,170,random_fold,1.0060464564388292,1.0516392439128803
Ridge,RandomKFold,2,174,random_fold,1.2564545083234089,1.3331998146996034
Ridge,RandomKFold,2,192,random_fold,1.3141287399041004,1.3318858688205784
Ridge,RandomKFold,2,208,random_fold,1.3033113393586844,1.282880564264908
Ridge,RandomKFold,2,209,random_fold,1.1361701617391793,1.2119203158908656
Ridge,RandomKFold,2,220,random_fold,0.9281601451869276,1.0993163027092892
Ridge,RandomKFold,2,231,random_fold,1.172977745864338,1.3348793320795602
Ridge,RandomKFold,2,233,random_fold,1.087407992331772,1.2900661343749347
Ridge,RandomKFold,2,239,random_fold,1.1026898604988369,1.1983804172789507
Ridge,RandomKFold,2,240,random_fold,1.097850830391181,1.1173830939353981
Ridge,RandomKFold,2,243,random_fold,1.23746653007112,1.2392142823836494
Ridge,RandomKFold,2,244,random_fold,1.209420109403607,1.2457632090549895
Ridge,RandomKFold,2,261,random_fold,1.0697251791938465,1.1078037842448198
Ridge,RandomKFold,2,265,random_fold,1.2050469519666545,1.2559382385833113
Ridge,RandomKFold,2,270,random_fold,1.2453362914305632,1.210629180781886
Ridge,RandomKFold,2,282,random_fold,0.9885270233776388,1.0759043647294753
Ridge,RandomKFold,2,291,random_fold,1.200839968966233,1.1357940759466263
Ridge,RandomKFold,2,298,random_fold,1.143938834802967,1.107237177924927
Ridge,RandomKFold,2,331,random_fold,1.1529242603297682,1.2655824731535823
Ridge,RandomKFold,2,339,random_fold,1.4076120631650018,1.2629632955436547
Ridge,RandomKFold,2,344,random_fold,1.1627385870083158,1.1168019955656945
Ridge,RandomKFold,2,346,random_fold,1.2854163440072908,1.1778699792299354
Ridge,RandomKFold,2,350,random_fold,1.1995720476405545,1.231974774012356
Ridge,RandomKFold,2,351,random_fold,1.1809166022318427,1.1192872318835791
Ridge,RandomKFold,2,354,random_fold,1.1320785534773934,1.1638406722873995
Ridge,RandomKFold,2,358,random_fold,1.0747060958035308,1.2159876885796599
Ridge,RandomKFold,2,363,random_fold,1.410690975522547,1.3488405602776126
Ridge,RandomKFold,2,365,random_fold,1.2535131146099987,1.2539882193024467
Ridge,RandomKFold,2,377,random_fold,1.2749949798711437,1.2946597354557852
Ridge,RandomKFold,2,380,random_fold,1.3544066431861226,1.3150463169980853
Ridge,RandomKFold,2,382,random_fold,1.2468443947618897,1.2301061590256124
Ridge,RandomKFold,2,405,random_fold,0.9885270233776388,1.0759043647294753
Ridge,RandomKFold,2,409,random_fold,1.1448031386011281,1.065075204544755
Ridge,RandomKFold,2,415,random_fold,1.1248508298347624,1.1357940759466263
Ridge,RandomKFold,2,422,random_fold,1.117630616216053,1.107237177924927
Ridge,RandomKFold,2,429,random_fold,1.1743142604760686,1.1658572800075093
Ridge,RandomKFold,2,447,random_fold,1.1811788280767848,1.270208934477616
Ridge,RandomKFold,2,486,random_fold,1.1852281853374391,1.2010580813979825
Ridge,RandomKFold,2,493,random_fold,1.2803725519731772,1.2303754715113802
Ridge,RandomKFold,2,528,random_fold,1.2295175877440858,1.1670356854137434
Ridge,RandomKFold,2,534,random_fold,1.178400362037723,1.1898502396246284
Ridge,RandomKFold,2,551,random_fold,1.1706389361953242,1.170014166007956
Ridge,RandomKFold,2,554,random_fold,1.2434786890775043,1.1454178896348934
Ridge,RandomKFold,2,560,random_fold,1.1191135566181951,1.2194012586853171
Ridge,RandomKFold,2,578,random_fold,1.0939191567339017,1.1036338855936378
Ridge,RandomKFold,2,584,random_fold,1.0985823082868367,1.097340588302386
Ridge,RandomKFold,2,594,random_fold,1.0963834458272042,1.1777061348109752
Ridge,RandomKFold,2,602,random_fold,1.3551376186293855,1.3490339024083693
Ridge,RandomKFold,2,626,random_fold,1.3285906550290896,1.2317849068365005
Ridge,RandomKFold,2,628,random_fold,1.4053136480542652,1.1985984258769915
Ridge,RandomKFold,2,636,random_fold,1.2239856207435866,1.3307229895530537
Ridge,RandomKFold,2,651,random_fold,1.2996749058776849,1.2575604666033098
Ridge,RandomKFold,2,654,random_fold,1.460895937684224,1.2865398461322037
Ridge,RandomKFold,2,661,random_fold,1.4286071933023912,1.2952443340549566
Ridge,RandomKFold,2,721,random_fold,0.9809199335646905,1.1548819449043684
Ridge,RandomKFold,2,723,random_fold,1.0578333859959272,1.1125560040315867
Ridge,RandomKFold,2,731,random_fold,1.1716324806430052,1.0872672858598311
Ridge,RandomKFold,2,737,random_fold,1.077036799237642,1.0072818492845268
Ridge,RandomKFold,2,752,random_fold,1.1576632873843928,1.0554880396329025
Ridge,RandomKFold,2,754,random_fold,1.119950655964233,1.0514638919781862
Ridge,RandomKFold,2,762,random_fold,1.1353075863887947,1.0584880466542217
Ridge,RandomKFold,2,774,random_fold,1.0981965028055594,1.0432161913770206
Ridge,RandomKFold,2,788,random_fold,0.9795042253674844,1.0015300084510086
Ridge,RandomKFold,2,798,random_fold,0.9323040932338827,1.0525179687176636
Ridge,RandomKFold,2,808,random_fold,0.9473561043119533,0.9915181252295396
Ridge,RandomKFold,2,814,random_fold,0.9208205165973737,0.9372567007729365
Ridge,RandomKFold,2,844,random_fold,1.139912956872766,0.9653120548211085
Ridge,RandomKFold,2,846,random_fold,1.017734060884549,1.0330528213984191
Ridge,RandomKFold,2,849,random_fold,1.0671828066167448,1.0261354395205755
Ridge,RandomKFold,2,865,random_fold,1.1825822756173474,1.0496846834015277
Ridge,RandomKFold,2,867,random_fold,0.9417647554511891,0.9293930309571204
Ridge,RandomKFold,2,869,random_fold,0.943394691361964,0.9644391765330675
Ridge,RandomKFold,2,872,random_fold,0.9676195860532987,0.9853295733564693
Ridge,RandomKFold,2,875,random_fold,0.9484993102887488,0.9572608347474666
Ridge,RandomKFold,2,893,random_fold,0.9124112927783977,0.9604835248836565
Ridge,RandomKFold,2,908,random_fold,1.130616395201698,0.987308903405917
Ridge,RandomKFold,2,926,random_fold,1.004911594954713,1.109849191528784
Ridge,RandomKFold,2,934,random_fold,0.9792231394697272,0.9851962767949534
Ridge,RandomKFold,2,943,random_fold,1.0449461824263695,0.9029199365707804
Ridge,RandomKFold,2,944,random_fold,0.9635843252302588,0.9276941400149832
Ridge,RandomKFold,2,946,random_fold,0.9634595721736097,0.9155812946398015
Ridge,RandomKFold,2,970,random_fold,0.9883471637253651,0.9393253293174493
Ridge,RandomKFold,2,997,random_fold,1.0805626598465474,1.0902610328295017
Ridge,RandomKFold,2,998,random_fold,1.065997805298636,0.9943583727891279
Ridge,RandomKFold,2,1006,random_fold,1.059978173666824,1.08146497818752
Ridge,RandomKFold,2,1007,random_fold,1.0298540755238315,1.0806038194118945
Ridge,RandomKFold,2,1013,random_fold,1.0644621128530691,1.0844417625698932
Ridge,RandomKFold,2,1024,random_fold,1.0520317551219707,1.0410687197912076
Ridge,RandomKFold,2,1030,random_fold,1.0390614274629033,0.9705687511373138
Ridge,RandomKFold,2,1031,random_fold,0.9832536648377822,0.9372847394946555
Ridge,RandomKFold,2,1033,random_fold,0.995949448839491,1.0056190434549543
Ridge,RandomKFold,2,1034,random_fold,1.1117147568117898,1.0643333642240673
Ridge,RandomKFold,2,1040,random_fold,1.0619268072911026,1.1281854530476547
Ridge,RandomKFold,2,1041,random_fold,1.0087178749802248,1.0410452910696801
Ridge,RandomKFold,2,1043,random_fold,1.0725437413563566,0.9516226027428546
Ridge,RandomKFold,2,1046,random_fold,1.022114788746845,1.05253464656826
Ridge,RandomKFold,2,1057,random_fold,1.1308708041896984,1.1054284358498965
Ridge,RandomKFold,2,1075,random_fold,1.0867084948700119,1.1218492168021574
Ridge,RandomKFold,2,1079,random_fold,1.0646821079762672,1.0671632487887828
Ridge,RandomKFold,2,1093,random_fold,1.1444650003334558,1.0579665096665312
Ridge,RandomKFold,2,1100,random_fold,1.1044529636638045,1.0808406955322245
Ridge,RandomKFold,2,1122,random_fold,1.039472874890902,1.1213541267433225
Ridge,RandomKFold,2,1164,random_fold,1.15866797014931,1.1618805865672366
Ridge,RandomKFold,2,1168,random_fold,1.1362525663894414,1.1308183441284547
Ridge,RandomKFold,2,1173,random_fold,1.2586656054794496,1.1987225381732167
Ridge,RandomKFold,2,1187,random_fold,1.2577788351521888,1.182398948549349
Ridge,RandomKFold,2,1213,random_fold,1.059617961514579,1.199332370815832
Ridge,RandomKFold,2,1224,random_fold,1.341100463863825,1.1946296164877794
Ridge,RandomKFold,2,1227,random_fold,1.295731905940998,1.1582896083911174
Ridge,RandomKFold,2,1231,random_fold,1.2491299387414074,1.2002275846997095
Ridge,RandomKFold,2,1234,random_fold,1.2453334020922404,1.1842199814518182
Ridge,RandomKFold,2,1249,random_fold,0.9667036756208146,1.0656338686976297
Ridge,RandomKFold,2,1258,random_fold,1.1649205479468496,1.1838642945838642
Ridge,RandomKFold,2,1271,random_fold,1.2175455825092005,1.1646748789565766
Ridge,RandomKFold,2,1302,random_fold,1.3626231231901993,1.215893814408367
Ridge,RandomKFold,2,1304,random_fold,1.328050237434794,1.2580692895784389
Ridge,RandomKFold,2,1305,random_fold,1.3609871368259172,1.2795520872987083
Ridge,RandomKFold,3,10,random_fold,1.3811132045767527,1.2849717668057963
Ridge,RandomKFold,3,59,random_fold,1.2680165689493124,1.306563994789501
Ridge,RandomKFold,3,83,random_fold,1.3448772760093357,1.3281468284005038
Ridge,RandomKFold,3,88,random_fold,1.6169622740459064,1.3199809190191854
Ridge,RandomKFold,3,96,random_fold,1.5781582943910415,1.3437204618380638
Ridge,RandomKFold,3,129,random_fold,1.3599840298640558,1.281830228228635
Ridge,RandomKFold,3,135,random_fold,1.0919130117697546,1.257596967619741
Ridge,RandomKFold,3,138,random_fold,1.0945457667787828,1.2078825728338538
Ridge,RandomKFold,3,139,random_fold,0.9503054523485104,1.0286574639253825
Ridge,RandomKFold,3,140,random_fold,0.9220785577242971,1.0284994140663892
Ridge,RandomKFold,3,141,random_fold,0.9848049902225486,1.0286574639253825
Ridge,RandomKFold,3,147,random_fold,1.2331867795165823,1.1733654977259298
Ridge,RandomKFold,3,156,random_fold,1.4093999006925229,1.2553021942880984
Ridge,RandomKFold,3,158,random_fold,1.1189168875968767,1.2338904173157825
Ridge,RandomKFold,3,171,random_fold,0.9819513263381584,1.0362986846812055
Ridge,RandomKFold,3,178,random_fold,1.2553795512333588,1.3018535589589375
Ridge,RandomKFold,3,199,random_fold,1.4534609969636008,1.3410970552907784
Ridge,RandomKFold,3,224,random_fold,1.2096074389960325,1.2282086949533355
Ridge,RandomKFold,3,260,random_fold,1.045128825211897,1.103428337718649
Ridge,RandomKFold,3,266,random_fold,1.1591867375218325,1.2399360765222756
Ridge,RandomKFold,3,274,random_fold,1.3842155803571365,1.2510232418482605
Ridge,RandomKFold,3,285,random_fold,1.0869105743635306,1.0637956372079447
Ridge,RandomKFold,3,287,random_fold,1.0465299957494056,1.0637956372079447
Ridge,RandomKFold,3,290,random_fold,1.1689970544183277,1.1714603118982667
Ridge,RandomKFold,3,292,random_fold,1.1248508298347624,1.1357958956588128
Ridge,RandomKFold,3,294,random_fold,1.108420440267482,1.1245891269412867
Ridge,RandomKFold,3,296,random_fold,1.070756208960514,1.1245891269412867
Ridge,RandomKFold,3,303,random_fold,1.2950278181808799,1.1915837740519353
Ridge,RandomKFold,3,308,random_fold,1.1932738406000005,1.1651478322624051
Ridge,RandomKFold,3,309,random_fold,1.1603149777096642,1.155732250523954
Ridge,RandomKFold,3,312,random_fold,1.2079419865581988,1.0419343435834316
Ridge,RandomKFold,3,318,random_fold,1.1306542302372584,1.0747096023172158
Ridge,RandomKFold,3,322,random_fold,1.1011120203646916,1.0361096934770668
Ridge,RandomKFold,3,327,random_fold,1.092546009091041,1.1885840209652376
Ridge,RandomKFold,3,328,random_fold,1.1000861553214407,1.309474506751371
Ridge,RandomKFold,3,332,random_fold,1.2904751739807487,1.322457509659707
Ridge,RandomKFold,3,333,random_fold,1.3986321931244245,1.364977063942798
Ridge,RandomKFold,3,348,random_fold,1.3537218351572846,1.2174147111943263
Ridge,RandomKFold,3,355,random_fold,1.0934447473345092,1.1333622482817889
Ridge,RandomKFold,3,361,random_fold,1.1951532343242832,1.2868356278415471
Ridge,RandomKFold,3,367,random_fold,1.2268643277129487,1.2698126235862421
Ridge,RandomKFold,3,374,random_fold,1.220169597230472,1.2859913582760791
Ridge,RandomKFold,3,381,random_fold,1.3622828817848462,1.2427944500065653
Ridge,RandomKFold,3,398,random_fold,1.3516993360623062,1.36854689207283
Ridge,RandomKFold,3,411,random_fold,1.1966957273711798,1.1714603118982667
Ridge,RandomKFold,3,427,random_fold,1.2126169570239147,1.1915837740519353
Ridge,RandomKFold,3,430,random_fold,1.2139187167349488,1.1651478322624051
Ridge,RandomKFold,3,432,random_fold,1.1603149777096642,1.155732250523954
Ridge,RandomKFold,3,433,random_fold,1.1732156482628429,1.155732250523954
Ridge,RandomKFold,3,438,random_fold,1.1227523900855292,1.34631706559241
Ridge,RandomKFold,3,458,random_fold,1.2090963058671387,1.2638662189737584
Ridge,RandomKFold,3,462,random_fold,1.281033681703701,1.3090138167061844
Ridge,RandomKFold,3,471,random_fold,1.265565498136139,1.2942308534617235
Ridge,RandomKFold,3,481,random_fold,1.2323447321023147,1.2794789660930475
Ridge,RandomKFold,3,482,random_fold,1.2559683700923228,1.2700875090034136
Ridge,RandomKFold,3,485,random_fold,1.1529675365057692,1.2069869522339909
Ridge,RandomKFold,3,497,random_fold,1.1389998201135163,1.1601128459772732
Ridge,RandomKFold,3,513,random_fold,1.4600404038278534,1.3527084831131604
Ridge,RandomKFold,3,522,random_fold,1.3551376186293855,1.3547104479937415
Ridge,RandomKFold,3,535,random_fold,1.14403126667179,1.170328679492634
Ridge,RandomKFold,3,538,random_fold,1.0975680037783655,1.142214889580708
Ridge,RandomKFold,3,542,random_fold,1.213506864240547,1.2297936497670277
Ridge,RandomKFold,3,566,random_fold,1.0119426075976625,1.1447238606311874
Ridge,RandomKFold,3,567,random_fold,1.0587853148826611,1.1862741835905963
Ridge,RandomKFold,3,570,random_fold,1.1172119113349281,1.3677014166506587
Ridge,RandomKFold,3,572,random_fold,1.1672017543078723,1.3877954283429437
Ridge,RandomKFold,3,582,random_fold,1.1253876898014403,1.1405117758146246
Ridge,RandomKFold,3,583,random_fold,1.103812716496891,1.123649786129139
Ridge,RandomKFold,3,610,random_fold,1.2873230266774571,1.311352833208257
Ridge,RandomKFold,3,618,random_fold,1.3086128646971864,1.2637699029973302
Ridge,RandomKFold,3,620,random_fold,1.3389618107830723,1.2771252519656466
Ridge,RandomKFold,3,621,random_fold,1.330175403702272,1.2865020098218793
Ridge,RandomKFold,3,630,random_fold,1.2362028679086534,1.2896529922649225
Ridge,RandomKFold,3,665,random_fold,1.2528666796572563,1.3254887181877024
Ridge,RandomKFold,3,668,random_fold,1.3748654480428981,1.3038498607459144
Ridge,RandomKFold,3,670,random_fold,1.2676699633975275,1.3239220859924916
Ridge,RandomKFold,3,677,random_fold,1.023264728934967,1.124723687946649
Ridge,RandomKFold,3,680,random_fold,1.0590065504779997,1.1536300339155907
Ridge,RandomKFold,3,708,random_fold,0.9042217768159755,0.9881320922278412
Ridge,RandomKFold,3,710,random_fold,0.9943744272212695,0.9934567559923595
Ridge,RandomKFold,3,716,random_fold,1.0494235703981207,1.1269647099045543
Ridge,RandomKFold,3,741,random_fold,1.071797169648938,1.0649299296382833
Ridge,RandomKFold,3,759,random_fold,1.0364279604429998,0.994916692386206
Ridge,RandomKFold,3,767,random_fold,1.0829615417225233,1.0319649533183024
Ridge,RandomKFold,3,770,random_fold,1.158611523693908,1.074667642201723
Ridge,RandomKFold,3,777,random_fold,1.1732223146824223,1.1306410796386606
Ridge,RandomKFold,3,792,random_fold,0.9885768620769692,1.1248971546005322
Ridge,RandomKFold,3,796,random_fold,0.9298059038456692,1.0790279566445162
Ridge,RandomKFold,3,802,random_fold,1.013516318124347,1.0985231041191443
Ridge,RandomKFold,3,838,random_fold,1.0172706870924326,1.0076335036973334
Ridge,RandomKFold,3,842,random_fold,1.1766778981895882,1.0372626471433368
Ridge,RandomKFold,3,847,random_fold,0.9914081945242199,1.03513051649022
Ridge,RandomKFold,3,855,random_fold,0.9978743857512196,0.9606615424565286
Ridge,RandomKFold,3,868,random_fold,0.932531767652648,0.9296194469789496
Ridge,RandomKFold,3,873,random_fold,0.9990536850212308,1.045287175669706
Ridge,RandomKFold,3,879,random_fold,1.0132518775954646,1.0793201574698728
Ridge,RandomKFold,3,898,random_fold,1.1075306132566556,1.0586173240913477
Ridge,RandomKFold,3,899,random_fold,1.0455797423367392,1.0367964065763176
Ridge,RandomKFold,3,904,random_fold,1.1951298166951887,1.1435945746449332
Ridge,RandomKFold,3,906,random_fold,1.0554080316696963,0.987229925354696
Ridge,RandomKFold,3,930,random_fold,1.096382668622466,1.0493026404275234
Ridge,RandomKFold,3,931,random_fold,1.0466965648960251,1.0496654902432798
Ridge,RandomKFold,3,947,random_fold,0.9411645939854958,0.9796233089702313
Ridge,RandomKFold,3,964,random_fold,1.0194843254397352,1.0004057856249644
Ridge,RandomKFold,3,993,random_fold,1.1125633690402055,1.044279092041058
Ridge,RandomKFold,3,1004,random_fold,1.0839740105096942,1.036568520232181
Ridge,RandomKFold,3,1015,random_fold,1.0080394734160163,1.0643918313058103
Ridge,RandomKFold,3,1018,random_fold,1.1250601987704543,1.0249345418948828
Ridge,RandomKFold,3,1037,random_fold,1.1418543670536392,1.0564993517673724
Ridge,RandomKFold,3,1055,random_fold,1.1577581755730835,1.0722976538563964
Ridge,RandomKFold,3,1072,random_fold,1.0996757650456859,1.1570501026201812
Ridge,RandomKFold,3,1085,random_fold,1.0680368452044127,1.1295881160817272
Ridge,RandomKFold,3,1087,random_fold,1.03783253235919,1.1300474629892538
Ridge,RandomKFold,3,1091,random_fold,1.1213393502795104,1.1322626522545771
Ridge,RandomKFold,3,1112,random_fold,0.8566693631248123,1.0880489157560658
Ridge,RandomKFold,3,1142,random_fold,1.037793772205827,1.1361051986485184
Ridge,RandomKFold,3,1146,random_fold,1.035432466694551,1.1484330876499929
Ridge,RandomKFold,3,1153,random_fold,1.1582772195696889,1.1899244480947806
Ridge,RandomKFold,3,1181,random_fold,1.1407355560413648,1.0351415033445934
Ridge,RandomKFold,3,1199,random_fold,1.1961804273378163,1.0017137691839852
Ridge,RandomKFold,3,1216,random_fold,1.315611535949616,1.2201162315502114
Ridge,RandomKFold,3,1222,random_fold,1.341401091173224,1.211753153438425
Ridge,RandomKFold,3,1241,random_fold,1.1122829007007686,1.165382472569072
Ridge,RandomKFold,3,1242,random_fold,0.9806296069327972,1.0905192206595264
Ridge,RandomKFold,3,1246,random_fold,1.0627439446106552,1.1426110432121526
Ridge,RandomKFold,3,1247,random_fold,1.0897867332299558,1.142489194969154
Ridge,RandomKFold,3,1261,random_fold,1.0435198380588349,1.1097831287719828
Ridge,RandomKFold,3,1273,random_fold,1.1853745270063873,1.1989504592214077
Ridge,RandomKFold,3,1275,random_fold,1.1730331121385693,0.9926792827289614
Ridge,RandomKFold,3,1277,random_fold,1.160112709927871,0.9931295649170553
Ridge,RandomKFold,3,1280,random_fold,1.3062699890462746,1.2189168283526728
Ridge,RandomKFold,3,1311,random_fold,1.717567258824871,1.2302813991166395
Ridge,RandomKFold,4,2,random_fold,1.1815827868398348,1.3098451707090697
Ridge,RandomKFold,4,3,random_fold,1.2358473024149033,1.3202748912035134
Ridge,RandomKFold,4,5,random_fold,1.238242921314779,1.2957155887253755
Ridge,RandomKFold,4,6,random_fold,1.1983820435012535,1.2906323150632775
Ridge,RandomKFold,4,12,random_fold,1.5214776205513665,1.2981817597999634
Ridge,RandomKFold,4,25,random_fold,1.4102263522358336,1.2569809832162224
Ridge,RandomKFold,4,27,random_fold,1.536384619900033,1.3110482510532158
Ridge,RandomKFold,4,30,random_fold,1.5348782852658798,1.3476981957246368
Ridge,RandomKFold,4,39,random_fold,1.2211023682326179,1.3094755475679207
Ridge,RandomKFold,4,47,random_fold,1.2972783209180534,1.2520188953701488
Ridge,RandomKFold,4,55,random_fold,1.2816523773767157,1.3368140203402983
Ridge,RandomKFold,4,66,random_fold,1.302307239291283,1.3101165971020508
Ridge,RandomKFold,4,67,random_fold,1.295364734801251,1.314878937796526
Ridge,RandomKFold,4,100,random_fold,1.4893188610025825,1.404399152647525
Ridge,RandomKFold,4,106,random_fold,1.2053584052013078,1.178961434192436
Ridge,RandomKFold,4,111,random_fold,1.1310229163178613,1.1391412937922487
Ridge,RandomKFold,4,136,random_fold,1.1420397946679444,1.241327091760184
Ridge,RandomKFold,4,211,random_fold,1.0578135988606152,1.2145862936613734
Ridge,RandomKFold,4,215,random_fold,1.1382975694343815,1.2989208779238435
Ridge,RandomKFold,4,227,random_fold,1.061508984719529,1.1609038560914184
Ridge,RandomKFold,4,237,random_fold,1.1115939935791495,1.2159967692283806
Ridge,RandomKFold,4,242,random_fold,1.3000433770209283,1.2297321445566338
Ridge,RandomKFold,4,256,random_fold,1.1458899378442748,1.2569432766647228
Ridge,RandomKFold,4,273,random_fold,1.3927210638476188,1.2439060811921627
Ridge,RandomKFold,4,299,random_fold,1.117630616216053,1.1089190926331893
Ridge,RandomKFold,4,310,random_fold,1.1732156482628429,1.1575615895307434
Ridge,RandomKFold,4,311,random_fold,1.1383551696124758,1.1575615895307434
Ridge,RandomKFold,4,314,random_fold,1.1508537216670625,1.0911829155048576
Ridge,RandomKFold,4,319,random_fold,1.0631562838336788,1.0608841564722336
Ridge,RandomKFold,4,321,random_fold,1.1306840434563534,1.0878197333260131
Ridge,RandomKFold,4,323,random_fold,0.9851301986103755,1.134496283752148
Ridge,RandomKFold,4,325,random_fold,1.0162230301480055,1.1525563831258232
Ridge,RandomKFold,4,336,random_fold,1.1895466598960975,1.199890111154712
Ridge,RandomKFold,4,362,random_fold,1.253162744858469,1.2931243014578993
Ridge,RandomKFold,4,370,random_fold,1.4247851688507547,1.334508324436909
Ridge,RandomKFold,4,376,random_fold,1.2949004125196468,1.297918143222276
Ridge,RandomKFold,4,410,random_fold,1.0465299957494056,1.0649988944715274
Ridge,RandomKFold,4,423,random_fold,1.250094356066993,1.2040211805043675
Ridge,RandomKFold,4,424,random_fold,1.255615974247501,1.2040211805043675
Ridge,RandomKFold,4,435,random_fold,1.136205061407592,1.2175309647767725
Ridge,RandomKFold,4,439,random_fold,1.167311509591246,1.2033830704129889
Ridge,RandomKFold,4,442,random_fold,1.2660904399745998,1.3313345285711788
Ridge,RandomKFold,4,453,random_fold,1.1678173543464752,1.2434495879942333
Ridge,RandomKFold,4,464,random_fold,1.2935766863339573,1.305135648332309
Ridge,RandomKFold,4,477,random_fold,1.1826622653806047,1.255382072912937
Ridge,RandomKFold,4,478,random_fold,1.2042128286825535,1.2612609886607746
Ridge,RandomKFold,4,514,random_fold,1.3551376186293855,1.3528350748481053
Ridge,RandomKFold,4,526,random_fold,1.2070770909871522,1.1594026110798559
Ridge,RandomKFold,4,527,random_fold,1.2872591031213836,1.166595514842592
Ridge,RandomKFold,4,553,random_fold,1.2336684323588558,1.129610911054765
Ridge,RandomKFold,4,573,random_fold,1.5017169424717123,1.3490274957037878
Ridge,RandomKFold,4,579,random_fold,1.1082076544678416,1.1043820124341974
Ridge,RandomKFold,4,588,random_fold,1.0996992675102513,1.074057945231218
Ridge,RandomKFold,4,590,random_fold,1.0891297555800707,1.0948602234675713
Ridge,RandomKFold,4,597,random_fold,1.1053752629591076,1.1114430875891146
Ridge,RandomKFold,4,605,random_fold,1.3584960645166095,1.278903604700611
Ridge,RandomKFold,4,614,random_fold,1.3099147850734096,1.2888182739591065
Ridge,RandomKFold,4,615,random_fold,1.306829976743478,1.2473276555063832
Ridge,RandomKFold,4,624,random_fold,1.352620773381636,1.2982950136294804
Ridge,RandomKFold,4,631,random_fold,1.2965312518289938,1.271703857891182
Ridge,RandomKFold,4,638,random_fold,1.1604974665781171,1.2964635223750176
Ridge,RandomKFold,4,649,random_fold,1.2889693276319096,1.3352758930707933
Ridge,RandomKFold,4,676,random_fold,1.0462366417310374,1.098843186039565
Ridge,RandomKFold,4,693,random_fold,0.9127835333850577,1.1008109517324032
Ridge,RandomKFold,4,705,random_fold,1.0122966091723296,1.0383191159935303
Ridge,RandomKFold,4,718,random_fold,0.9978268847018567,1.0583136677556764
Ridge,RandomKFold,4,720,random_fold,1.0327321771459947,1.158457548396097
Ridge,RandomKFold,4,724,random_fold,0.9940735654701452,1.1164621194020903
Ridge,RandomKFold,4,727,random_fold,1.1333855233516579,1.0982158134676134
Ridge,RandomKFold,4,736,random_fold,1.0834822140971676,1.0443829020223243
Ridge,RandomKFold,4,744,random_fold,1.1394168016812345,0.9687251723681429
Ridge,RandomKFold,4,745,random_fold,1.1532149251359798,1.0048740142723114
Ridge,RandomKFold,4,771,random_fold,1.059029496018931,1.0625870744750683
Ridge,RandomKFold,4,785,random_fold,1.0011289227779692,1.1122069523649611
Ridge,RandomKFold,4,810,random_fold,0.8748433612948089,1.0023495801731779
Ridge,RandomKFold,4,812,random_fold,0.9603762259588122,0.95985834331751
Ridge,RandomKFold,4,816,random_fold,0.9689279686173381,0.9962513536128147
Ridge,RandomKFold,4,823,random_fold,0.8885581509727589,1.0759747887937356
Ridge,RandomKFold,4,828,random_fold,1.0311072708311233,1.1022552373656682
Ridge,RandomKFold,4,832,random_fold,1.1785261834797467,1.0639907426830042
Ridge,RandomKFold,4,862,random_fold,0.9950721190187648,1.075765067558754
Ridge,RandomKFold,4,881,random_fold,0.8923202472408284,1.0126060241962753
Ridge,RandomKFold,4,889,random_fold,1.0373767948970278,1.0090009129860493
Ridge,RandomKFold,4,894,random_fold,0.9660896807843484,1.0053297880545375
Ridge,RandomKFold,4,900,random_fold,1.0093291870279875,1.0326220644074142
Ridge,RandomKFold,4,905,random_fold,1.1324219565630271,1.117498443364641
Ridge,RandomKFold,4,910,random_fold,1.1884094429914789,0.9631659406590457
Ridge,RandomKFold,4,915,random_fold,1.0601634917957934,0.8891544173427695
Ridge,RandomKFold,4,916,random_fold,1.1713832305334504,0.9594834854433186
Ridge,RandomKFold,4,921,random_fold,1.145648565330804,1.001582688581946
Ridge,RandomKFold,4,933,random_fold,1.0500862030418465,1.0176738751427812
Ridge,RandomKFold,4,963,random_fold,0.9333307204729971,0.99684457464249
Ridge,RandomKFold,4,979,random_fold,1.1600914202570374,1.0975419655373864
Ridge,RandomKFold,4,982,random_fold,1.175824227502552,1.0766995961634382
Ridge,RandomKFold,4,987,random_fold,1.1488646954391268,1.0425414922772107
Ridge,RandomKFold,4,988,random_fold,0.995856243256187,0.9417306617869438
Ridge,RandomKFold,4,989,random_fold,1.2068959920925233,1.0639974997474555
Ridge,RandomKFold,4,994,random_fold,0.970219450341709,0.9330489176281196
Ridge,RandomKFold,4,999,random_fold,1.0316400313176437,0.9898502481962659
Ridge,RandomKFold,4,1047,random_fold,1.0286099799256727,1.0387614687363853
Ridge,RandomKFold,4,1067,random_fold,0.9986497979056462,0.8783924216864095
Ridge,RandomKFold,4,1077,random_fold,1.1120537623900697,1.110477759817556
Ridge,RandomKFold,4,1078,random_fold,0.9745069526860598,1.0397117897169876
Ridge,RandomKFold,4,1096,random_fold,1.0721243498738824,1.1558736485686218
Ridge,RandomKFold,4,1099,random_fold,1.0340676043623929,1.123267127581926
Ridge,RandomKFold,4,1117,random_fold,0.9498289887979507,1.2178763316706593
Ridge,RandomKFold,4,1131,random_fold,1.3850144700222473,1.1439914469583574
Ridge,RandomKFold,4,1139,random_fold,1.0611065431023565,1.1521937717909772
Ridge,RandomKFold,4,1140,random_fold,1.1265716552931702,0.9058881368035285
Ridge,RandomKFold,4,1157,random_fold,1.2177199842411268,1.217936884681204
Ridge,RandomKFold,4,1163,random_fold,1.201363899452847,1.1864225386269251
Ridge,RandomKFold,4,1166,random_fold,1.1492705924126416,1.1441639785663025
Ridge,RandomKFold,4,1172,random_fold,1.0102026650026907,1.0288537614588167
Ridge,RandomKFold,4,1182,random_fold,1.3041326362828491,1.1572403402767373
Ridge,RandomKFold,4,1183,random_fold,1.1439628464001368,1.0764138363472273
Ridge,RandomKFold,4,1185,random_fold,1.0121392730133485,1.0705051269068333
Ridge,RandomKFold,4,1197,random_fold,1.0678072880494998,0.9461942478331359
Ridge,RandomKFold,4,1198,random_fold,0.9715805561173878,0.9949365328417812
Ridge,RandomKFold,4,1205,random_fold,1.0673330704541268,1.1924135494197357
Ridge,RandomKFold,4,1206,random_fold,1.0353921611104167,1.1539742230568046
Ridge,RandomKFold,4,1221,random_fold,1.1793810571282626,1.1619123174613664
Ridge,RandomKFold,4,1223,random_fold,1.3590383285412608,1.2126567300580104
Ridge,RandomKFold,4,1229,random_fold,1.3248671589135808,1.2176766331734885
Ridge,RandomKFold,4,1230,random_fold,1.2727062614032296,1.2006092014743674
Ridge,RandomKFold,4,1248,random_fold,0.9553396291415502,1.065778372764774
Ridge,RandomKFold,4,1268,random_fold,1.1924214709911969,1.23922196905212
Ridge,RandomKFold,4,1284,random_fold,1.3336304167933815,1.189160367097523
Ridge,RandomKFold,4,1298,random_fold,1.2483737925091278,1.166653127632953
Ridge,RandomKFold,4,1299,random_fold,1.3448064616352342,1.20434175024539
Ridge,RandomKFold,4,1301,random_fold,1.4805381618930584,1.241133790038443
Ridge,RandomKFold,4,1306,random_fold,1.3160703380322636,1.2533512649747087
Ridge,RandomKFold,4,1308,random_fold,1.4492314829171709,1.2104469347067541
Ridge,RandomKFold,5,9,random_fold,1.4252952195204207,1.3135960747948991
Ridge,RandomKFold,5,33,random_fold,1.5107069736868897,1.346058194481039
Ridge,RandomKFold,5,45,random_fold,1.483765484022838,1.3553906709048833
Ridge,RandomKFold,5,60,random_fold,1.2824258481419177,1.3030882677866875
Ridge,RandomKFold,5,62,random_fold,1.1531759249761522,1.360947723361601
Ridge,RandomKFold,5,71,random_fold,1.4175969345181723,1.353247906183004
Ridge,RandomKFold,5,72,random_fold,1.3740815622661384,1.353209546779587
Ridge,RandomKFold,5,77,random_fold,1.2681142042166427,1.3258526870866798
Ridge,RandomKFold,5,80,random_fold,1.4120233684283932,1.3345504008285536
Ridge,RandomKFold,5,82,random_fold,1.4848067035710006,1.3282281724398204
Ridge,RandomKFold,5,84,random_fold,1.375972704356372,1.3282281724398204
Ridge,RandomKFold,5,92,random_fold,1.1354084529932944,1.213294507862102
Ridge,RandomKFold,5,94,random_fold,1.2278254200973997,1.216363260135458
Ridge,RandomKFold,5,97,random_fold,1.6000771595909171,1.3394760873389613
Ridge,RandomKFold,5,104,random_fold,1.33539573292194,1.2226870463399089
Ridge,RandomKFold,5,110,random_fold,1.3256987893635834,1.296164655410623
Ridge,RandomKFold,5,118,random_fold,1.2726146663911664,1.1057100653396292
Ridge,RandomKFold,5,120,random_fold,1.6240942634659334,1.3914571669296674
Ridge,RandomKFold,5,137,random_fold,1.0472134869247998,1.2099393130107237
Ridge,RandomKFold,5,144,random_fold,0.9408964874737726,1.0238972325999307
Ridge,RandomKFold,5,145,random_fold,1.1624650166329116,1.1251736278954254
Ridge,RandomKFold,5,165,random_fold,1.0503718004141738,1.1076416334609953
Ridge,RandomKFold,5,177,random_fold,1.3128540515404687,1.3247483952031969
Ridge,RandomKFold,5,182,random_fold,1.2193262628314903,1.275607007057962
Ridge,RandomKFold,5,183,random_fold,1.2060088386559635,1.27590492994351
Ridge,RandomKFold,5,194,random_fold,1.5996384909229053,1.3506115248994515
Ridge,RandomKFold,5,204,random_fold,1.3129180568478147,1.2838935242843201
Ridge,RandomKFold,5,213,random_fold,1.1670230583726138,1.2133830147015234
Ridge,RandomKFold,5,223,random_fold,1.2133644852363266,1.3000149333977133
Ridge,RandomKFold,5,235,random_fold,1.1240692396897045,1.255636081072831
Ridge,RandomKFold,5,238,random_fold,1.0839659960653538,1.194916892339291
Ridge,RandomKFold,5,248,random_fold,1.1281291950782302,1.1912916918760874
Ridge,RandomKFold,5,249,random_fold,1.2008958389819084,1.2297507801701737
Ridge,RandomKFold,5,250,random_fold,1.2353855303226169,1.2506060561894736
Ridge,RandomKFold,5,255,random_fold,1.2418476497794892,1.271657854513648
Ridge,RandomKFold,5,280,random_fold,1.0769816123297524,1.103652243537829
Ridge,RandomKFold,5,281,random_fold,1.1257407180116425,1.103652243537829
Ridge,RandomKFold,5,302,random_fold,1.2175168088019963,1.2010588861082765
Ridge,RandomKFold,5,305,random_fold,1.2243899371891955,1.1900872745988211
Ridge,RandomKFold,5,307,random_fold,1.2139187167349488,1.165082650494835
Ridge,RandomKFold,5,334,random_fold,1.2682445144448073,1.162301024639656
Ridge,RandomKFold,5,359,random_fold,1.1426382828215833,1.1757195789076906
Ridge,RandomKFold,5,373,random_fold,1.4590225375244026,1.4055184118452553
Ridge,RandomKFold,5,388,random_fold,1.3438725632484756,1.2646608532744497
Ridge,RandomKFold,5,389,random_fold,1.2257063169875246,1.2526800084839111
Ridge,RandomKFold,5,404,random_fold,1.1257407180116425,1.103652243537829
Ridge,RandomKFold,5,436,random_fold,1.1837321055556502,1.241576558471142
Ridge,RandomKFold,5,445,random_fold,1.094780679517756,1.1762324127180555
Ridge,RandomKFold,5,448,random_fold,1.2437399821086135,1.291908459662344
Ridge,RandomKFold,5,449,random_fold,1.2577319063356134,1.3100446589570458
Ridge,RandomKFold,5,457,random_fold,1.1855044785086055,1.2684559626063296
Ridge,RandomKFold,5,460,random_fold,1.299020194398419,1.288862883763936
Ridge,RandomKFold,5,465,random_fold,1.1250605898685158,1.2517581466090189
Ridge,RandomKFold,5,480,random_fold,1.2300282858041112,1.2696761083773453
Ridge,RandomKFold,5,501,random_fold,1.0516109537673108,1.0881967838112818
Ridge,RandomKFold,5,519,random_fold,1.4737078098499086,1.3233126757404567
Ridge,RandomKFold,5,523,random_fold,1.4602452591610375,1.2572841735943947
Ridge,RandomKFold,5,533,random_fold,1.1703975528389767,1.170842775482565
Ridge,RandomKFold,5,539,random_fold,1.1234142745770122,1.12868208161058
Ridge,RandomKFold,5,541,random_fold,1.2168271823181187,1.2268452145706608
Ridge,RandomKFold,5,545,random_fold,1.2216366617289183,1.2443395057016218
Ridge,RandomKFold,5,548,random_fold,1.2657307970870473,1.2002055527847646
Ridge,RandomKFold,5,557,random_fold,1.212461976536215,1.1301609133367327
Ridge,RandomKFold,5,585,random_fold,1.0973071033105124,1.08129294214021
Ridge,RandomKFold,5,591,random_fold,1.1179292663043983,1.115908499955088
Ridge,RandomKFold,5,593,random_fold,1.1083054834975656,1.130689037720539
Ridge,RandomKFold,5,596,random_fold,1.1104141617106007,1.1046297513042784
Ridge,RandomKFold,5,609,random_fold,1.2096830310287026,1.3094467082582482
Ridge,RandomKFold,5,622,random_fold,1.3453508784579917,1.2861618024014243
Ridge,RandomKFold,5,643,random_fold,1.3357650442006035,1.2419017777788564
Ridge,RandomKFold,5,650,random_fold,1.212706933739826,1.2849335425331163
Ridge,RandomKFold,5,660,random_fold,1.458792166328811,1.2750204363989797
Ridge,RandomKFold,5,666,random_fold,1.5184172955589565,1.2475910423541074
Ridge,RandomKFold,5,673,random_fold,1.32021833450372,1.2225721554916766
Ridge,RandomKFold,5,678,random_fold,1.0213662786029911,1.1225454109933735
Ridge,RandomKFold,5,679,random_fold,1.0605662066642707,1.1500008664500139
Ridge,RandomKFold,5,700,random_fold,0.9167472922833516,0.9280214591310536
Ridge,RandomKFold,5,706,random_fold,1.1371215663950138,1.0343148400847963
Ridge,RandomKFold,5,712,random_fold,0.9756042909375217,1.1138760466088384
Ridge,RandomKFold,5,714,random_fold,0.9721328583393922,1.0805465407649306
Ridge,RandomKFold,5,730,random_fold,1.0168033987375615,1.122390759640079
Ridge,RandomKFold,5,764,random_fold,1.0840452992502785,1.0476609916793402
Ridge,RandomKFold,5,781,random_fold,1.1470667064816837,1.0210095708378775
Ridge,RandomKFold,5,806,random_fold,0.9548260673473076,1.0621377816011381
Ridge,RandomKFold,5,845,random_fold,1.1206151496013752,0.970094156359987
Ridge,RandomKFold,5,848,random_fold,1.0682404704488726,1.0276323831441696
Ridge,RandomKFold,5,857,random_fold,1.0379847751848825,1.0273207276828775
Ridge,RandomKFold,5,861,random_fold,1.0298317805372306,1.0745024007348158
Ridge,RandomKFold,5,864,random_fold,0.9073027741064279,1.0459853510851138
Ridge,RandomKFold,5,887,random_fold,1.030780962624438,1.0000829614441986
Ridge,RandomKFold,5,917,random_fold,1.1416032529561655,0.9527297005371532
Ridge,RandomKFold,5,919,random_fold,1.11255431481568,0.9877217221609558
Ridge,RandomKFold,5,923,random_fold,1.1889335540316859,0.9960753800662158
Ridge,RandomKFold,5,924,random_fold,0.9592940346185056,1.1114063289481912
Ridge,RandomKFold,5,925,random_fold,1.0914174248629913,1.106476665579278
Ridge,RandomKFold,5,932,random_fold,1.0388996091509042,1.020490411104869
Ridge,RandomKFold,5,952,random_fold,0.965620236434533,0.9863584144707899
Ridge,RandomKFold,5,962,random_fold,1.0840685658773344,1.039873887141965
Ridge,RandomKFold,5,968,random_fold,0.9858806293008935,1.0157439299691813
Ridge,RandomKFold,5,969,random_fold,1.0282803824617435,0.9413060533948218
Ridge,RandomKFold,5,977,random_fold,1.1989547931025648,1.0936264188406974
Ridge,RandomKFold,5,978,random_fold,1.0685217091331127,0.9901330989037577
Ridge,RandomKFold,5,985,random_fold,0.9739538544211528,0.9742518676983511
Ridge,RandomKFold,5,986,random_fold,0.9850855413826058,0.9145771116936809
Ridge,RandomKFold,5,1000,random_fold,0.9813505409457434,1.1654373342600626
Ridge,RandomKFold,5,1022,random_fold,1.0586427111666792,1.0774345994667016
Ridge,RandomKFold,5,1054,random_fold,1.092761539287399,1.0863548006376136
Ridge,RandomKFold,5,1058,random_fold,1.189501517291459,1.0923719020962657
Ridge,RandomKFold,5,1069,random_fold,1.0397770030296816,0.8932200007385721
Ridge,RandomKFold,5,1070,random_fold,1.085038340528937,1.1385975745814865
Ridge,RandomKFold,5,1080,random_fold,1.1010472395690756,1.0701285877269031
Ridge,RandomKFold,5,1081,random_fold,1.225138376683646,1.1325087853615639
Ridge,RandomKFold,5,1097,random_fold,1.0727233020246498,1.1575492383100427
Ridge,RandomKFold,5,1124,random_fold,1.0755686525440171,1.1220587505255841
Ridge,RandomKFold,5,1135,random_fold,1.2084578394434637,1.1580937758249081
Ridge,RandomKFold,5,1148,random_fold,1.1780991161155296,1.1979066136112007
Ridge,RandomKFold,5,1155,random_fold,1.1906936635201972,1.22860572293141
Ridge,RandomKFold,5,1156,random_fold,1.3287419115266383,1.2278726135913474
Ridge,RandomKFold,5,1165,random_fold,1.1515242070091873,1.153045552833079
Ridge,RandomKFold,5,1176,random_fold,1.1859206173745473,1.1966247798061551
Ridge,RandomKFold,5,1191,random_fold,1.2883246413813407,1.1815087826777284
Ridge,RandomKFold,5,1210,random_fold,1.0631806389529381,1.1926561126878188
Ridge,RandomKFold,5,1212,random_fold,0.9527641983415764,1.141678867327813
Ridge,RandomKFold,5,1228,random_fold,1.2968000682410465,1.2206089037584351
Ridge,RandomKFold,5,1255,random_fold,1.035748608751493,1.1154453490476963
Ridge,RandomKFold,5,1262,random_fold,0.9538377649384251,1.0066055692403213
Ridge,RandomKFold,5,1266,random_fold,1.2355319912662999,1.211368421045194
Ridge,RandomKFold,5,1269,random_fold,1.1955563918570484,1.2327912286785403
Ridge,RandomKFold,5,1278,random_fold,1.09245338928527,1.1356919799898733
Ridge,RandomKFold,5,1281,random_fold,1.2916893734385226,1.202563207391898
Ridge,RandomKFold,5,1297,random_fold,1.2449377557454981,1.1376496004519427
Ridge,RandomKFold,5,1315,random_fold,1.4696556798213947,1.2640941989253713
Ridge,RandomKFold,6,0,random_fold,1.3545719757695995,1.2906076607715842
Ridge,RandomKFold,6,7,random_fold,1.3725142300680981,1.272781923104567
Ridge,RandomKFold,6,24,random_fold,1.6356327158958393,1.3187088945521956
Ridge,RandomKFold,6,28,random_fold,1.3421211390482404,1.298288377461331
Ridge,RandomKFold,6,38,random_fold,1.2518288372578938,1.2778398597619067
Ridge,RandomKFold,6,41,random_fold,1.536384619900033,1.3152935148036309
Ridge,RandomKFold,6,69,random_fold,1.0015566608923805,1.1990106110467122
Ridge,RandomKFold,6,73,random_fold,1.2105569921385566,1.285329438780898
Ridge,RandomKFold,6,79,random_fold,1.4528332923714102,1.3400778715726256
Ridge,RandomKFold,6,90,random_fold,1.620849202589286,1.325543854617726
Ridge,RandomKFold,6,108,random_fold,1.1414339090699477,1.1975851898278012
Ridge,RandomKFold,6,125,random_fold,1.4224908184065779,1.3302654097370203
Ridge,RandomKFold,6,131,random_fold,1.1632164140981103,1.237003557402276
Ridge,RandomKFold,6,132,random_fold,1.1991666858815992,1.1150352008098432
Ridge,RandomKFold,6,133,random_fold,1.04398508662286,1.1693881930044963
Ridge,RandomKFold,6,148,random_fold,1.107469549143329,1.1787453111656196
Ridge,RandomKFold,6,162,random_fold,1.0807031661435151,1.1461222490750753
Ridge,RandomKFold,6,164,random_fold,1.1142548528292844,1.1504590442147842
Ridge,RandomKFold,6,169,random_fold,1.0395391195333212,1.0851967369276452
Ridge,RandomKFold,6,172,random_fold,0.9856830767426598,1.015450404845515
Ridge,RandomKFold,6,173,random_fold,1.286486310423,1.3363890535319505
Ridge,RandomKFold,6,181,random_fold,1.3110746711111705,1.299406350613282
Ridge,RandomKFold,6,185,random_fold,1.1882361240679107,1.274991777634287
Ridge,RandomKFold,6,193,random_fold,1.0922145091701283,1.2177256371664653
Ridge,RandomKFold,6,212,random_fold,1.0578135988606152,1.2162210684590669
Ridge,RandomKFold,6,214,random_fold,1.1048275365877536,1.2162210684590669
Ridge,RandomKFold,6,226,random_fold,1.088953056461838,1.1615961627762195
Ridge,RandomKFold,6,228,random_fold,1.0562450356984874,1.0842615825396997
Ridge,RandomKFold,6,234,random_fold,1.1091183712584098,1.2530285898691491
Ridge,RandomKFold,6,251,random_fold,1.0730584479748482,1.127799649193759
Ridge,RandomKFold,6,258,random_fold,1.0111810580343032,1.1099555742046696
Ridge,RandomKFold,6,264,random_fold,1.0752462928972766,1.1261431965648092
Ridge,RandomKFold,6,300,random_fold,1.250094356066993,1.2032759209342345
Ridge,RandomKFold,6,326,random_fold,1.1469339218412573,1.3099843271464509
Ridge,RandomKFold,6,329,random_fold,1.0087307049043397,1.189655171034891
Ridge,RandomKFold,6,338,random_fold,1.3434511412160852,1.2678121661211565
Ridge,RandomKFold,6,347,random_fold,1.2786766813827724,1.1760216658549667
Ridge,RandomKFold,6,357,random_fold,1.0712085131381346,1.259995880931465
Ridge,RandomKFold,6,360,random_fold,1.2204093047324287,1.2843418542586795
Ridge,RandomKFold,6,364,random_fold,1.3287666544027426,1.241379733772041
Ridge,RandomKFold,6,366,random_fold,1.3834440469848879,1.3073381495376362
Ridge,RandomKFold,6,372,random_fold,1.307463933260314,1.360395019982261
Ridge,RandomKFold,6,383,random_fold,1.2672884252356018,1.2574376120931958
Ridge,RandomKFold,6,386,random_fold,1.2490609221562923,1.2771250462161208
Ridge,RandomKFold,6,408,random_fold,1.0869105743635306,1.055713126288438
Ridge,RandomKFold,6,414,random_fold,1.200839968966233,1.1339142211366746
Ridge,RandomKFold,6,421,random_fold,1.143938834802967,1.0992978235116895
Ridge,RandomKFold,6,440,random_fold,1.244275159310521,1.2291787141991044
Ridge,RandomKFold,6,450,random_fold,1.1121276540275178,1.2616822598222925
Ridge,RandomKFold,6,454,random_fold,1.2150073469027478,1.2657950254882924
Ridge,RandomKFold,6,468,random_fold,1.2494831646191205,1.2766386170533073
Ridge,RandomKFold,6,475,random_fold,1.1639612532058294,1.2413449229454692
Ridge,RandomKFold,6,483,random_fold,1.097409187610453,1.243991509668468
Ridge,RandomKFold,6,491,random_fold,0.9842650644053778,1.097277272601382
Ridge,RandomKFold,6,495,random_fold,1.1680967901425083,1.2032096627033937
Ridge,RandomKFold,6,499,random_fold,1.0846139454825912,1.1269319077367135
Ridge,RandomKFold,6,504,random_fold,1.2664978046053803,1.2276419468312083
Ridge,RandomKFold,6,507,random_fold,1.0614219390071202,1.0844318743853085
Ridge,RandomKFold,6,516,random_fold,1.3991619939688698,1.3415128005892858
Ridge,RandomKFold,6,518,random_fold,1.3377349217903196,1.3327912542587244
Ridge,RandomKFold,6,525,random_fold,1.261950280076963,1.1710196932378152
Ridge,RandomKFold,6,530,random_fold,1.1455487199286842,1.2339245695482082
Ridge,RandomKFold,6,531,random_fold,1.1156002980635482,1.2247381577291936
Ridge,RandomKFold,6,568,random_fold,1.169989109233401,1.1196015840489044
Ridge,RandomKFold,6,587,random_fold,1.0720181076632134,1.0495607461701102
Ridge,RandomKFold,6,652,random_fold,1.3569351531659213,1.2215598498807043
Ridge,RandomKFold,6,657,random_fold,1.0294808161480307,1.3208069589262639
Ridge,RandomKFold,6,671,random_fold,1.3556201734388373,1.308952256642458
Ridge,RandomKFold,6,672,random_fold,1.305064619754932,1.2601639475812056
Ridge,RandomKFold,6,692,random_fold,1.0192749456133143,1.0943169793674383
Ridge,RandomKFold,6,704,random_fold,1.0208279872998902,1.0622924230494997
Ridge,RandomKFold,6,711,random_fold,1.025037102173695,1.1220060957637639
Ridge,RandomKFold,6,713,random_fold,1.0187432561830583,1.1151171717514847
Ridge,RandomKFold,6,715,random_fold,0.9375664445830088,1.0762896952184202
Ridge,RandomKFold,6,717,random_fold,1.014571862655111,1.1254048689219514
Ridge,RandomKFold,6,732,random_fold,1.1658421700897874,1.0884422333747188
Ridge,RandomKFold,6,734,random_fold,1.178233226761944,1.0644736329140312
Ridge,RandomKFold,6,765,random_fold,1.1024571061792323,1.0626865784510282
Ridge,RandomKFold,6,772,random_fold,1.0060780212179845,1.0643638988784867
Ridge,RandomKFold,6,783,random_fold,1.0269803115082223,0.9902827769732452
Ridge,RandomKFold,6,793,random_fold,0.9811458485379492,1.093647086008276
Ridge,RandomKFold,6,807,random_fold,0.9652392606034879,1.0590601598769014
Ridge,RandomKFold,6,811,random_fold,1.1102016641673793,1.0614173991581226
Ridge,RandomKFold,6,820,random_fold,0.9634333717368522,1.011059170532118
Ridge,RandomKFold,6,826,random_fold,0.9411324124276237,1.0442326977063607
Ridge,RandomKFold,6,850,random_fold,1.0519693298913266,0.9875231531132798
Ridge,RandomKFold,6,859,random_fold,1.03016990286554,0.986648991458128
Ridge,RandomKFold,6,886,random_fold,1.032129114784921,0.9855156298599569
Ridge,RandomKFold,6,888,random_fold,1.0789717632003233,1.0029223907639506
Ridge,RandomKFold,6,890,random_fold,0.9791720208339967,0.956826016926787
Ridge,RandomKFold,6,909,random_fold,1.1342010173952362,0.9699530648164298
Ridge,RandomKFold,6,911,random_fold,0.9725536011753673,0.9533941125649102
Ridge,RandomKFold,6,912,random_fold,0.9461037829982124,0.9531743809435809
Ridge,RandomKFold,6,918,random_fold,1.1626380801722234,0.9484447963488454
Ridge,RandomKFold,6,936,random_fold,0.993252096725488,1.0185767949750655
Ridge,RandomKFold,6,939,random_fold,1.0366440172152274,1.038077812425619
Ridge,RandomKFold,6,940,random_fold,1.0214433304696096,1.038077812425619
Ridge,RandomKFold,6,941,random_fold,0.9539691075663137,1.0103979035258206
Ridge,RandomKFold,6,942,random_fold,0.9587474569462622,1.0103979035258206
Ridge,RandomKFold,6,945,random_fold,0.9752373220185467,0.9932769277756324
Ridge,RandomKFold,6,949,random_fold,1.0943557382859803,1.0247640600792263
Ridge,RandomKFold,6,990,random_fold,1.057035147624445,0.9695692256979128
Ridge,RandomKFold,6,1001,random_fold,1.061843818670139,1.161228954759336
Ridge,RandomKFold,6,1008,random_fold,0.9526428798642774,1.0620747010081735
Ridge,RandomKFold,6,1009,random_fold,0.9919510259607753,1.1852474476814974
Ridge,RandomKFold,6,1023,random_fold,1.0685351660895612,1.078544737634564
Ridge,RandomKFold,6,1026,random_fold,1.0661003107829379,0.9976417589153199
Ridge,RandomKFold,6,1039,random_fold,1.0332914360106042,1.0883786709008407
Ridge,RandomKFold,6,1061,random_fold,1.0736011274166646,1.075336033288189
Ridge,RandomKFold,6,1063,random_fold,0.9704050533840679,1.0216174687253183
Ridge,RandomKFold,6,1074,random_fold,1.0756310351027727,1.1215064916589514
Ridge,RandomKFold,6,1083,random_fold,1.1117531732571484,1.1373173421204958
Ridge,RandomKFold,6,1090,random_fold,1.0746685761783692,1.1091610807283983
Ridge,RandomKFold,6,1103,random_fold,1.1069890238910214,1.1975791228014734
Ridge,RandomKFold,6,1105,random_fold,0.9923366351292071,1.0681094377642393
Ridge,RandomKFold,6,1114,random_fold,0.925326410066718,1.068732359405423
Ridge,RandomKFold,6,1116,random_fold,0.8377371765066377,1.0468617985610351
Ridge,RandomKFold,6,1143,random_fold,1.0980070627433665,1.1351125770528858
Ridge,RandomKFold,6,1158,random_fold,1.3477910529547756,1.2158608193349698
Ridge,RandomKFold,6,1171,random_fold,1.087347257855018,1.072771840354514
Ridge,RandomKFold,6,1193,random_fold,1.1592896000500184,1.1357170591846624
Ridge,RandomKFold,6,1202,random_fold,1.0462743926616123,1.2079469870060369
Ridge,RandomKFold,6,1208,random_fold,1.0039855380899558,1.197400266087633
Ridge,RandomKFold,6,1225,random_fold,1.3379293134408992,1.194664955583276
Ridge,RandomKFold,6,1244,random_fold,0.909388460644713,0.9970754106357513
Ridge,RandomKFold,6,1251,random_fold,0.9071073459946644,0.9719945432044704
Ridge,RandomKFold,6,1253,random_fold,1.0847931967159354,1.191971792892954
Ridge,RandomKFold,6,1265,random_fold,1.1779023413012728,0.9919123566010799
Ridge,RandomKFold,6,1272,random_fold,1.1852436392627124,1.2064685400315969
Ridge,RandomKFold,6,1286,random_fold,1.295253040402869,1.2201411740543506
Ridge,RandomKFold,6,1289,random_fold,1.23632053112742,1.1856191039531134
Ridge,RandomKFold,6,1309,random_fold,1.673702401061257,1.2276757717052185
Ridge,RandomKFold,7,11,random_fold,1.4674536778591962,1.3154013716553021
Ridge,RandomKFold,7,15,random_fold,1.0826183073485136,1.2534471767975035
Ridge,RandomKFold,7,18,random_fold,1.6319317139012608,1.2973340646997569
Ridge,RandomKFold,7,22,random_fold,1.4921691275343623,1.3111200385464303
Ridge,RandomKFold,7,36,random_fold,1.492578490002647,1.3507268092936748
Ridge,RandomKFold,7,42,random_fold,1.3421211390482404,1.295371359281568
Ridge,RandomKFold,7,61,random_fold,1.1799450202643293,1.3619758800427237
Ridge,RandomKFold,7,68,random_fold,1.0902659651428483,1.1982349847685625
Ridge,RandomKFold,7,74,random_fold,1.1244653966855374,1.2783904673979325
Ridge,RandomKFold,7,75,random_fold,1.1417780689269297,1.2747569588635388
Ridge,RandomKFold,7,85,random_fold,1.6091884169591473,1.323432153556703
Ridge,RandomKFold,7,89,random_fold,1.5858668456988698,1.321229424711536
Ridge,RandomKFold,7,93,random_fold,1.1335223924401494,1.2223376046552685
Ridge,RandomKFold,7,99,random_fold,1.1745460180645266,1.3056284418734636
Ridge,RandomKFold,7,114,random_fold,1.1625214289484154,1.1619183141129938
Ridge,RandomKFold,7,153,random_fold,1.2821536664107218,1.2250392040136302
Ridge,RandomKFold,7,159,random_fold,1.1906178718264686,1.2082672919354855
Ridge,RandomKFold,7,167,random_fold,1.1204789660010195,1.0727246071588703
Ridge,RandomKFold,7,176,random_fold,1.2941569931453976,1.3170390698043422
Ridge,RandomKFold,7,179,random_fold,1.1713924116936274,1.3004806525614923
Ridge,RandomKFold,7,191,random_fold,1.0689531316442664,1.2246617927335788
Ridge,RandomKFold,7,203,random_fold,1.1335926637173817,1.2854863079424401
Ridge,RandomKFold,7,217,random_fold,0.9199068249691795,1.1672550092121305
Ridge,RandomKFold,7,222,random_fold,1.2089867420544758,1.3032956460185712
Ridge,RandomKFold,7,232,random_fold,1.1760745433758346,1.2611001385697436
Ridge,RandomKFold,7,257,random_fold,1.3374921789478076,1.2962409620886002
Ridge,RandomKFold,7,267,random_fold,1.0591913268808757,1.156923509406046
Ridge,RandomKFold,7,272,random_fold,1.194274003208953,1.2734144911118417
Ridge,RandomKFold,7,278,random_fold,1.1764299135533505,1.142450391492329
Ridge,RandomKFold,7,284,random_fold,1.0361031902781668,1.0794491560079387
Ridge,RandomKFold,7,324,random_fold,0.9339257495170827,1.154977682486802
Ridge,RandomKFold,7,335,random_fold,1.2631163095652482,1.1674734412306758
Ridge,RandomKFold,7,340,random_fold,1.4131294140157122,1.3570484383349983
Ridge,RandomKFold,7,356,random_fold,1.220907275112158,1.364612626586735
Ridge,RandomKFold,7,368,random_fold,1.2343448087834648,1.2824752925021963
Ridge,RandomKFold,7,375,random_fold,1.2098260052479615,1.2715102056151129
Ridge,RandomKFold,7,393,random_fold,1.2673463190737095,1.3046344163694903
Ridge,RandomKFold,7,395,random_fold,1.2823788993562046,1.349373539792996
Ridge,RandomKFold,7,396,random_fold,1.235038553303725,1.3390778796466605
Ridge,RandomKFold,7,412,random_fold,1.1633442640197864,1.1735176386501
Ridge,RandomKFold,7,416,random_fold,1.209479105433616,1.1395719472039596
Ridge,RandomKFold,7,417,random_fold,1.108420440267482,1.1284705265496109
Ridge,RandomKFold,7,419,random_fold,1.0705333436865083,1.1284705265496109
Ridge,RandomKFold,7,426,random_fold,1.2950278181808799,1.1938793494083872
Ridge,RandomKFold,7,431,random_fold,1.1932738406000005,1.1692407515501722
Ridge,RandomKFold,7,434,random_fold,1.1383551696124758,1.1600340186951752
Ridge,RandomKFold,7,444,random_fold,1.0980365335263236,1.146823458299176
Ridge,RandomKFold,7,456,random_fold,1.198140263818663,1.266938033094085
Ridge,RandomKFold,7,498,random_fold,1.0616452868758604,1.1613825644769025
Ridge,RandomKFold,7,500,random_fold,1.0813816522675768,1.1244377638850667
Ridge,RandomKFold,7,515,random_fold,1.4154313194801356,1.3380654560647824
Ridge,RandomKFold,7,521,random_fold,1.4600404038278534,1.348756438703295
Ridge,RandomKFold,7,544,random_fold,1.2679319917387057,1.2457374758993247
Ridge,RandomKFold,7,547,random_fold,1.2313271775294552,1.1955200214817308
Ridge,RandomKFold,7,555,random_fold,1.24744725501182,1.2749284183064349
Ridge,RandomKFold,7,576,random_fold,1.419519117076611,1.3609160216583338
Ridge,RandomKFold,7,595,random_fold,1.1121008667663637,1.1003791884062202
Ridge,RandomKFold,7,601,random_fold,1.4600404038278534,1.348756438703295
Ridge,RandomKFold,7,604,random_fold,1.3597925128136246,1.278529516920945
Ridge,RandomKFold,7,607,random_fold,1.2913700832474397,1.3168134415865531
Ridge,RandomKFold,7,611,random_fold,1.4530112728655133,1.3385892312800758
Ridge,RandomKFold,7,616,random_fold,1.290747621841903,1.2467116641457023
Ridge,RandomKFold,7,662,random_fold,1.271291189652216,1.3198112315712232
Ridge,RandomKFold,7,674,random_fold,1.06953698397908,1.0874294576663373
Ridge,RandomKFold,7,675,random_fold,1.0716465243814055,1.0874294576663373
Ridge,RandomKFold,7,688,random_fold,0.9595862668053858,1.1262762173623795
Ridge,RandomKFold,7,689,random_fold,0.9884695799780571,1.1325248319077084
Ridge,RandomKFold,7,690,random_fold,1.0401008214518896,1.108845927895582
Ridge,RandomKFold,7,694,random_fold,0.9972231171660454,1.1088629696709937
Ridge,RandomKFold,7,696,random_fold,1.003832816207337,1.1070604778553013
Ridge,RandomKFold,7,728,random_fold,1.0752776543097362,1.0946997955422633
Ridge,RandomKFold,7,733,random_fold,1.1283652605741799,1.0619161164917648
Ridge,RandomKFold,7,735,random_fold,1.0525255794086772,1.039779280444461
Ridge,RandomKFold,7,738,random_fold,1.1062335799398673,1.0094209249166015
Ridge,RandomKFold,7,753,random_fold,1.0530510315036463,1.0487015654275342
Ridge,RandomKFold,7,757,random_fold,1.0887674041182602,1.035176733306437
Ridge,RandomKFold,7,760,random_fold,0.9619250510688471,0.998381230217242
Ridge,RandomKFold,7,761,random_fold,1.078542207069355,1.0612324408484308
Ridge,RandomKFold,7,768,random_fold,1.021949623879001,1.0318510844674493
Ridge,RandomKFold,7,825,random_fold,1.1329344052767332,1.130164835181338
Ridge,RandomKFold,7,834,random_fold,1.0196320492867985,1.0352179796701908
Ridge,RandomKFold,7,836,random_fold,1.0407980809427315,1.004862910248131
Ridge,RandomKFold,7,841,random_fold,1.1585624934929537,1.0639864740038112
Ridge,RandomKFold,7,851,random_fold,1.0970795069878672,0.9870163537828283
Ridge,RandomKFold,7,895,random_fold,1.1978827880874945,1.1165670685904572
Ridge,RandomKFold,7,901,random_fold,0.9636221469263134,1.0130796291154698
Ridge,RandomKFold,7,914,random_fold,0.9597213367058176,0.9375348950194325
Ridge,RandomKFold,7,937,random_fold,1.0676667540270077,0.9981510246966079
Ridge,RandomKFold,7,938,random_fold,0.9453792685496535,0.978920663404689
Ridge,RandomKFold,7,948,random_fold,0.9698420449722289,0.8853849381775617
Ridge,RandomKFold,7,953,random_fold,0.9018372812243303,0.9488294346028309
Ridge,RandomKFold,7,966,random_fold,0.9123369894648089,0.9324607072152067
Ridge,RandomKFold,7,976,random_fold,0.936394006549135,1.0843042403683303
Ridge,RandomKFold,7,983,random_fold,1.0028090731484485,0.9822382346672383
Ridge,RandomKFold,7,991,random_fold,1.1043971509346107,1.0673281775890833
Ridge,RandomKFold,7,996,random_fold,1.1357362568025868,1.0949171588083768
Ridge,RandomKFold,7,1003,random_fold,0.9992604592196085,1.0369928676576365
Ridge,RandomKFold,7,1011,random_fold,1.027009289900049,1.0775525646713406
Ridge,RandomKFold,7,1027,random_fold,0.9387652448379797,0.9620619068093521
Ridge,RandomKFold,7,1029,random_fold,1.0112049579971234,1.0139514838328294
Ridge,RandomKFold,7,1036,random_fold,1.117845512414363,1.0742527778876927
Ridge,RandomKFold,7,1048,random_fold,1.0693082049751925,1.100567633293031
Ridge,RandomKFold,7,1050,random_fold,1.2221632272477025,1.088960733667906
Ridge,RandomKFold,7,1053,random_fold,1.1919078539727965,1.1009214250329238
Ridge,RandomKFold,7,1062,random_fold,0.969207057455586,1.024217045509029
Ridge,RandomKFold,7,1066,random_fold,0.8387217321114282,0.9816213014716209
Ridge,RandomKFold,7,1073,random_fold,1.0955063337593287,1.1532232443135002
Ridge,RandomKFold,7,1094,random_fold,1.1217744716652154,1.068190261023608
Ridge,RandomKFold,7,1111,random_fold,1.0226716272060077,1.168247648313567
Ridge,RandomKFold,7,1119,random_fold,1.0088207083234033,1.1733044840778941
Ridge,RandomKFold,7,1121,random_fold,0.8984704650298727,1.0931559913508817
Ridge,RandomKFold,7,1145,random_fold,0.956328732066803,1.1473578597612526
Ridge,RandomKFold,7,1149,random_fold,1.2425629198117052,1.1785745497528053
Ridge,RandomKFold,7,1150,random_fold,1.1950105950934535,1.1785745497528053
Ridge,RandomKFold,7,1159,random_fold,1.1091406115462894,1.1448788098147693
Ridge,RandomKFold,7,1161,random_fold,0.8642582113774562,1.1456910391595732
Ridge,RandomKFold,7,1170,random_fold,1.0379655867083115,1.0985606121836196
Ridge,RandomKFold,7,1201,random_fold,1.1073420862539893,1.2656076263110947
Ridge,RandomKFold,7,1211,random_fold,1.1145638976781345,1.2605645731509163
Ridge,RandomKFold,7,1219,random_fold,1.2213641571992742,1.205175039979998
Ridge,RandomKFold,7,1232,random_fold,1.2416090164603064,1.1794652967909873
Ridge,RandomKFold,7,1233,random_fold,1.2906003436943214,1.1795519758844462
Ridge,RandomKFold,7,1236,random_fold,1.2598848117446926,1.2054138877429852
Ridge,RandomKFold,7,1237,random_fold,1.2577969075705766,1.205102248723865
Ridge,RandomKFold,7,1256,random_fold,0.9602399654990533,1.018159741292103
Ridge,RandomKFold,7,1259,random_fold,1.1465924174971283,1.1867469436430758
Ridge,RandomKFold,7,1276,random_fold,1.1197725642725351,0.9653788989680314
Ridge,RandomKFold,7,1288,random_fold,1.2380719713391037,1.1788723930383282
Ridge,RandomKFold,7,1295,random_fold,1.0637062917676785,1.0371277844242126
Ridge,RandomKFold,7,1310,random_fold,1.4504661804850634,1.210553704242186
Ridge,RandomKFold,7,1314,random_fold,1.3778941259096227,1.2465723896977994
Ridge,RandomKFold,8,4,random_fold,1.1885006010953671,1.3306745660199333
Ridge,RandomKFold,8,17,random_fold,1.1637753447505323,1.250243411228527
Ridge,RandomKFold,8,19,random_fold,1.3276641484172347,1.2857328042260434
Ridge,RandomKFold,8,35,random_fold,1.4381930389499191,1.354558091226524
Ridge,RandomKFold,8,46,random_fold,1.29369709898338,1.3243902688174554
Ridge,RandomKFold,8,50,random_fold,1.4101486999859876,1.3197371505225375
Ridge,RandomKFold,8,52,random_fold,1.2737250118012968,1.3197371505225375
Ridge,RandomKFold,8,57,random_fold,1.237829191229898,1.3307366025066998
Ridge,RandomKFold,8,102,random_fold,1.3409138971075678,1.2282535146702973
Ridge,RandomKFold,8,105,random_fold,1.1903663852361177,1.1873350784451207
Ridge,RandomKFold,8,116,random_fold,1.29099968277919,1.1457918766285216
Ridge,RandomKFold,8,117,random_fold,1.1099273964897634,1.1119171500780705
Ridge,RandomKFold,8,119,random_fold,1.2151621017721754,1.139388994234688
Ridge,RandomKFold,8,124,random_fold,1.467514509626967,1.3393073661243973
Ridge,RandomKFold,8,126,random_fold,1.1912303239548843,1.2949690426072613
Ridge,RandomKFold,8,127,random_fold,1.1855032550897164,1.2949690426072613
Ridge,RandomKFold,8,142,random_fold,0.8931877807248213,1.0531696257051992
Ridge,RandomKFold,8,149,random_fold,1.2810263872377974,1.1988517957392706
Ridge,RandomKFold,8,154,random_fold,1.3385969464427043,1.2251958278219988
Ridge,RandomKFold,8,180,random_fold,1.2529089649586223,1.294902507639749
Ridge,RandomKFold,8,188,random_fold,1.413166849593796,1.254201355003976
Ridge,RandomKFold,8,190,random_fold,1.358950340257126,1.3452646610260373
Ridge,RandomKFold,8,195,random_fold,1.2349035942484818,1.2161524123673435
Ridge,RandomKFold,8,236,random_fold,1.1527340236652242,1.1845404824944512
Ridge,RandomKFold,8,245,random_fold,1.3121377067956377,1.2549290800243544
Ridge,RandomKFold,8,263,random_fold,1.0706406990125703,1.1074072375086093
Ridge,RandomKFold,8,268,random_fold,1.4747177354069476,1.3190377949749943
Ridge,RandomKFold,8,271,random_fold,1.208662846621109,1.2781066456861967
Ridge,RandomKFold,8,301,random_fold,1.255615974247501,1.2019675578763247
Ridge,RandomKFold,8,304,random_fold,1.2126169570239147,1.19239655514298
Ridge,RandomKFold,8,313,random_fold,1.1670455196309601,1.0334323364153395
Ridge,RandomKFold,8,320,random_fold,1.073027843573812,1.0313214031406495
Ridge,RandomKFold,8,341,random_fold,1.4090014799922972,1.3581407366781495
Ridge,RandomKFold,8,349,random_fold,1.3212615545224988,1.217072664114876
Ridge,RandomKFold,8,353,random_fold,1.2269958514308963,1.2768361481325128
Ridge,RandomKFold,8,369,random_fold,1.4019339057226425,1.338015039408446
Ridge,RandomKFold,8,399,random_fold,1.1456366091921784,1.1344864475854164
Ridge,RandomKFold,8,407,random_fold,1.0361031902781668,1.0720136086961627
Ridge,RandomKFold,8,443,random_fold,1.2193656335090768,1.32611101404312
Ridge,RandomKFold,8,446,random_fold,1.1254903843034576,1.2517544285237465
Ridge,RandomKFold,8,470,random_fold,1.2417298628121878,1.2701908623654874
Ridge,RandomKFold,8,473,random_fold,1.2814067423059525,1.289975993084014
Ridge,RandomKFold,8,487,random_fold,1.122012685118459,1.1616414483232365
Ridge,RandomKFold,8,489,random_fold,1.0637998792821723,1.123734262463857
Ridge,RandomKFold,8,496,random_fold,1.1555366096033417,1.1972067078060418
Ridge,RandomKFold,8,505,random_fold,1.1509658965396408,1.1475432499294316
Ridge,RandomKFold,8,511,random_fold,1.2763529435507894,1.3154320856713522
Ridge,RandomKFold,8,512,random_fold,1.246315770469367,1.3074929244637474
Ridge,RandomKFold,8,537,random_fold,1.1118741096181768,1.1613857317255274
Ridge,RandomKFold,8,559,random_fold,1.3099147850734096,1.2875319010088746
Ridge,RandomKFold,8,569,random_fold,1.4822375104324539,1.3427164098321933
Ridge,RandomKFold,8,571,random_fold,1.1955313826950031,1.329419132553536
Ridge,RandomKFold,8,574,random_fold,1.4594150567682838,1.350290404945757
Ridge,RandomKFold,8,580,random_fold,1.1189148124866442,1.117310120809431
Ridge,RandomKFold,8,603,random_fold,1.1982356859759895,1.2908008241892035
Ridge,RandomKFold,8,606,random_fold,1.3100033270154159,1.2798788080605454
Ridge,RandomKFold,8,619,random_fold,1.3199099921891184,1.2788070555285005
Ridge,RandomKFold,8,625,random_fold,1.2617665934601323,1.3261542073103623
Ridge,RandomKFold,8,633,random_fold,1.2966698880718244,1.3008014415990732
Ridge,RandomKFold,8,635,random_fold,1.3040760471428814,1.2935111313380787
Ridge,RandomKFold,8,637,random_fold,1.2280509343017207,1.297108095156029
Ridge,RandomKFold,8,653,random_fold,1.0862451776135187,1.2543840644574207
Ridge,RandomKFold,8,655,random_fold,1.130075412633195,1.354514700870935
Ridge,RandomKFold,8,656,random_fold,1.3167453220865304,1.2551921497386176
Ridge,RandomKFold,8,664,random_fold,1.1975931496723773,1.3241158657882561
Ridge,RandomKFold,8,669,random_fold,1.3665698621385245,1.3377539034040347
Ridge,RandomKFold,8,684,random_fold,0.9632749833968759,0.9836958751016378
Ridge,RandomKFold,8,685,random_fold,0.8908545915693714,1.1319932028148403
Ridge,RandomKFold,8,691,random_fold,0.9186291926691872,1.1068649669521227
Ridge,RandomKFold,8,697,random_fold,0.9125752874612155,1.1050424992871095
Ridge,RandomKFold,8,703,random_fold,0.9081053698399476,0.8810115534770728
Ridge,RandomKFold,8,726,random_fold,1.0456940551391063,1.167483359461415
Ridge,RandomKFold,8,740,random_fold,1.1790389398250496,1.0637723345993169
Ridge,RandomKFold,8,750,random_fold,1.0946276409912032,1.027184617828026
Ridge,RandomKFold,8,758,random_fold,1.1314321213749883,1.036209239517917
Ridge,RandomKFold,8,773,random_fold,1.055724814851753,1.0499669510026586
Ridge,RandomKFold,8,782,random_fold,1.1807084712317466,1.0224592347872472
Ridge,RandomKFold,8,784,random_fold,1.10977600159026,0.9690296772699164
Ridge,RandomKFold,8,786,random_fold,0.9789157460188382,1.0811198405433502
Ridge,RandomKFold,8,789,random_fold,0.8928235053842986,1.036231511371647
Ridge,RandomKFold,8,790,random_fold,0.875557267369265,0.9576926298002701
Ridge,RandomKFold,8,799,random_fold,0.9220788144923887,0.9814433623517227
Ridge,RandomKFold,8,801,random_fold,1.0271484100762487,1.1337109665688663
Ridge,RandomKFold,8,819,random_fold,1.0741512924941898,1.1212435874856668
Ridge,RandomKFold,8,822,random_fold,0.931234772797198,0.9618025272970374
Ridge,RandomKFold,8,824,random_fold,1.0388927642676498,1.1044549968145767
Ridge,RandomKFold,8,827,random_fold,0.9918723486339667,1.0729540929466492
Ridge,RandomKFold,8,829,random_fold,1.171871390093672,1.0916012584587125
Ridge,RandomKFold,8,830,random_fold,1.166085946843375,1.0882645679888132
Ridge,RandomKFold,8,833,random_fold,1.1952074462688937,1.0644370329990673
Ridge,RandomKFold,8,837,random_fold,1.0690124867514201,1.00511593017845
Ridge,RandomKFold,8,853,random_fold,1.0761624685675317,0.9611627017496782
Ridge,RandomKFold,8,866,random_fold,1.191930752104441,1.0542037133087017
Ridge,RandomKFold,8,876,random_fold,0.9473829264371512,0.9841819165407262
Ridge,RandomKFold,8,882,random_fold,0.8444311413094356,1.0119183218587815
Ridge,RandomKFold,8,884,random_fold,1.0624619296755353,0.9616463670862283
Ridge,RandomKFold,8,902,random_fold,0.9571682118876519,1.0144049451563606
Ridge,RandomKFold,8,907,random_fold,1.0022809398393806,0.9559409396974495
Ridge,RandomKFold,8,920,random_fold,1.0897359081900724,0.9872763547314779
Ridge,RandomKFold,8,927,random_fold,1.0817848073954621,1.1841922106488587
Ridge,RandomKFold,8,935,random_fold,0.9506533800098477,1.0181139851579246
Ridge,RandomKFold,8,950,random_fold,1.0026819591625475,1.0208064092468412
Ridge,RandomKFold,8,958,random_fold,0.9334605218571529,0.9119582605113776
Ridge,RandomKFold,8,961,random_fold,1.0812600980900875,1.0403148919682659
Ridge,RandomKFold,8,971,random_fold,0.9897574123989218,1.111902249737144
Ridge,RandomKFold,8,980,random_fold,1.1624427296716513,1.1082408143086602
Ridge,RandomKFold,8,992,random_fold,0.9700038886888239,0.9584378406465174
Ridge,RandomKFold,8,1005,random_fold,1.0111450656120797,1.1705698470353192
Ridge,RandomKFold,8,1035,random_fold,1.184097740810853,1.1343168354929551
Ridge,RandomKFold,8,1092,random_fold,1.0767282149381492,1.1291654820423458
Ridge,RandomKFold,8,1098,random_fold,1.0328141890843778,1.1265095323450653
Ridge,RandomKFold,8,1108,random_fold,1.1044520945092842,1.2219923797726349
Ridge,RandomKFold,8,1113,random_fold,0.9271998598645403,1.0833562384757398
Ridge,RandomKFold,8,1118,random_fold,1.08597259320373,1.198394948854951
Ridge,RandomKFold,8,1137,random_fold,1.3910278943656207,1.213751300510105
Ridge,RandomKFold,8,1138,random_fold,1.2494401288866919,1.188601465595911
Ridge,RandomKFold,8,1147,random_fold,1.2459290652252117,1.1989871058886568
Ridge,RandomKFold,8,1169,random_fold,1.0023292495692915,1.110819967184807
Ridge,RandomKFold,8,1175,random_fold,1.0777567524146088,1.0415387562440828
Ridge,RandomKFold,8,1178,random_fold,1.1544495750720332,1.0316457754731907
Ridge,RandomKFold,8,1179,random_fold,1.3329145252832497,1.1756645973157902
Ridge,RandomKFold,8,1190,random_fold,1.3263049781030598,1.172111261689281
Ridge,RandomKFold,8,1192,random_fold,1.1505403268106362,1.0912459794947407
Ridge,RandomKFold,8,1200,random_fold,1.0965491311483904,1.2636207749140005
Ridge,RandomKFold,8,1254,random_fold,1.0481566093914891,1.1170998082961276
Ridge,RandomKFold,8,1260,random_fold,1.0653350438621676,1.1110268505722067
Ridge,RandomKFold,8,1263,random_fold,0.948673738325425,1.0064104878016125
Ridge,RandomKFold,8,1270,random_fold,1.2418488513599957,1.1675043065748258
Ridge,RandomKFold,8,1285,random_fold,1.237140156243384,1.1587789228495957
Ridge,RandomKFold,8,1291,random_fold,1.2664965801050374,1.2357208847492414
Ridge,RandomKFold,8,1313,random_fold,1.395855754418989,1.2765965498323637
Ridge,RandomKFold,9,1,random_fold,1.3349612685944154,1.2987666027203346
Ridge,RandomKFold,9,8,random_fold,1.3643470141328815,1.2734708841697628
Ridge,RandomKFold,9,16,random_fold,1.0849112127568281,1.2430988791293318
Ridge,RandomKFold,9,26,random_fold,1.29369709898338,1.3186261079625299
Ridge,RandomKFold,9,37,random_fold,1.3441586522640874,1.3090091264192412
Ridge,RandomKFold,9,53,random_fold,1.2789720767314772,1.3160901064013761
Ridge,RandomKFold,9,95,random_fold,1.6658337551905438,1.3406539493421803
Ridge,RandomKFold,9,103,random_fold,1.3629865538500792,1.2285646981505254
Ridge,RandomKFold,9,112,random_fold,1.1545821157977425,1.1408616765683242
Ridge,RandomKFold,9,122,random_fold,1.41906220373456,1.3506759821758363
Ridge,RandomKFold,9,143,random_fold,0.9581462564107918,1.0288589602426716
Ridge,RandomKFold,9,146,random_fold,1.129642474986806,1.1286225540057335
Ridge,RandomKFold,9,150,random_fold,1.2784579132784233,1.2013995161147857
Ridge,RandomKFold,9,151,random_fold,1.2598364770729615,1.2013995161147857
Ridge,RandomKFold,9,152,random_fold,1.3504797422389112,1.2268447487395011
Ridge,RandomKFold,9,157,random_fold,1.3558105508563052,1.2544840623523081
Ridge,RandomKFold,9,160,random_fold,1.058400961814554,1.171612744338877
Ridge,RandomKFold,9,186,random_fold,1.3048820805856924,1.3278072965050993
Ridge,RandomKFold,9,197,random_fold,1.1669018109493594,1.2885775777639188
Ridge,RandomKFold,9,202,random_fold,0.9422252893538012,1.2110889204872157
Ridge,RandomKFold,9,207,random_fold,1.2488732735869459,1.285254222345755
Ridge,RandomKFold,9,219,random_fold,0.9128790547507792,1.0948683902991774
Ridge,RandomKFold,9,225,random_fold,1.1483515854741868,1.1596620745502024
Ridge,RandomKFold,9,229,random_fold,1.1723103813258327,1.3616794263012046
Ridge,RandomKFold,9,246,random_fold,1.2989281177447332,1.2512358805072796
Ridge,RandomKFold,9,253,random_fold,1.0492127046865183,1.1253511829354472
Ridge,RandomKFold,9,262,random_fold,1.0669773425293771,1.1171150874354077
Ridge,RandomKFold,9,279,random_fold,1.158563920860915,1.1064067535663087
Ridge,RandomKFold,9,283,random_fold,1.0783931164119696,1.0753504352044054
Ridge,RandomKFold,9,293,random_fold,1.209479105433616,1.1375129630614038
Ridge,RandomKFold,9,317,random_fold,1.2956542484866285,1.3292443417996664
Ridge,RandomKFold,9,345,random_fold,1.1558303740888456,1.1165602898465992
Ridge,RandomKFold,9,384,random_fold,1.291555198923066,1.2642975086950812
Ridge,RandomKFold,9,400,random_fold,1.1575768700669187,1.1387197338585109
Ridge,RandomKFold,9,402,random_fold,1.158563920860915,1.1064067535663087
Ridge,RandomKFold,9,403,random_fold,1.0769816123297524,1.1064067535663087
Ridge,RandomKFold,9,437,random_fold,1.1285449094648452,1.2770291595200691
Ridge,RandomKFold,9,441,random_fold,1.2059882136778968,1.26318408489178
Ridge,RandomKFold,9,452,random_fold,1.25195418927106,1.2985984619198514
Ridge,RandomKFold,9,463,random_fold,1.2523021338937257,1.3090934972080754
Ridge,RandomKFold,9,469,random_fold,1.2330886261133327,1.2767140055482817
Ridge,RandomKFold,9,472,random_fold,1.261434568255463,1.2957718116744135
Ridge,RandomKFold,9,476,random_fold,1.1683730857239734,1.2289408039114726
Ridge,RandomKFold,9,484,random_fold,1.12554788472867,1.2402950394536634
Ridge,RandomKFold,9,488,random_fold,1.1015644821562767,1.1646994965583424
Ridge,RandomKFold,9,509,random_fold,1.2207707577349554,1.2764782258403322
Ridge,RandomKFold,9,517,random_fold,1.3422696164404564,1.3289160718003634
Ridge,RandomKFold,9,524,random_fold,1.3551804572773791,1.2571409240830043
Ridge,RandomKFold,9,540,random_fold,1.136360554615098,1.230270263716189
Ridge,RandomKFold,9,546,random_fold,1.1939933015828132,1.197915037957423
Ridge,RandomKFold,9,550,random_fold,1.2045657462863062,1.1675782827480368
Ridge,RandomKFold,9,556,random_fold,1.2255351324166173,1.196907740421491
Ridge,RandomKFold,9,577,random_fold,1.4377180801160547,1.3605620536528886
Ridge,RandomKFold,9,586,random_fold,1.07813229112156,1.0155408675862125
Ridge,RandomKFold,9,608,random_fold,1.4978151073335477,1.3501133489284272
Ridge,RandomKFold,9,623,random_fold,1.3180270589589476,1.2965175741559025
Ridge,RandomKFold,9,627,random_fold,1.3313087177790965,1.2159616175891923
Ridge,RandomKFold,9,632,random_fold,1.3204525886930352,1.3070801249264903
Ridge,RandomKFold,9,639,random_fold,1.2478356905643953,1.2843136209208204
Ridge,RandomKFold,9,640,random_fold,1.2598277046755322,1.2843136209208204
Ridge,RandomKFold,9,641,random_fold,1.2968281953681047,1.2634824073302484
Ridge,RandomKFold,9,645,random_fold,1.275484545351331,1.3215344303994174
Ridge,RandomKFold,9,648,random_fold,1.2110363638509196,1.262564330600347
Ridge,RandomKFold,9,658,random_fold,1.4071107610604239,1.3096299415024841
Ridge,RandomKFold,9,659,random_fold,1.3379552763636882,1.2970737768999256
Ridge,RandomKFold,9,663,random_fold,1.2934006016461677,1.3187356060013893
Ridge,RandomKFold,9,681,random_fold,0.9291387514086493,0.967548368405081
Ridge,RandomKFold,9,687,random_fold,0.9585829643136233,1.1164935427704028
Ridge,RandomKFold,9,698,random_fold,1.027009289900049,1.077498918707413
Ridge,RandomKFold,9,709,random_fold,1.1173887074432522,1.0203354429317089
Ridge,RandomKFold,9,748,random_fold,1.1771886232882982,1.0837655319248376
Ridge,RandomKFold,9,749,random_fold,1.0977030977502156,1.0247143468540942
Ridge,RandomKFold,9,751,random_fold,1.1850025214136133,1.058861123818925
Ridge,RandomKFold,9,795,random_fold,0.9736418269527575,1.0234728343860162
Ridge,RandomKFold,9,797,random_fold,0.9206606879660199,1.052526164737776
Ridge,RandomKFold,9,800,random_fold,0.8870355863052073,0.9947910436538785
Ridge,RandomKFold,9,821,random_fold,1.0345841173826607,1.0659635318110814
Ridge,RandomKFold,9,835,random_fold,0.9835206606525958,1.0365472951273174
Ridge,RandomKFold,9,854,random_fold,0.9627957798198005,0.9637061573371394
Ridge,RandomKFold,9,877,random_fold,0.9684181003943355,1.005743707090979
Ridge,RandomKFold,9,880,random_fold,1.0002418711918832,1.0109579030615667
Ridge,RandomKFold,9,883,random_fold,1.0117260936994958,0.9646264586748488
Ridge,RandomKFold,9,896,random_fold,1.1568827981182246,1.0986839589757973
Ridge,RandomKFold,9,913,random_fold,0.9940345411632843,0.9391033903965023
Ridge,RandomKFold,9,928,random_fold,1.095315901510855,1.1730987924604552
Ridge,RandomKFold,9,951,random_fold,0.988611194444879,0.9885665880303487
Ridge,RandomKFold,9,954,random_fold,0.9441617745669884,0.9476930489823493
Ridge,RandomKFold,9,956,random_fold,0.9200860007943283,0.9106152883273404
Ridge,RandomKFold,9,959,random_fold,0.9875761105330192,1.076182362150827
Ridge,RandomKFold,9,972,random_fold,0.987601078167116,1.1096139514912167
Ridge,RandomKFold,9,981,random_fold,1.0400412747465217,1.0018466685997431
Ridge,RandomKFold,9,1012,random_fold,1.0482746914157164,0.9683565319613427
Ridge,RandomKFold,9,1014,random_fold,1.009696035613673,1.0115067811648477
Ridge,RandomKFold,9,1019,random_fold,1.0699117480825364,1.0095163265570695
Ridge,RandomKFold,9,1045,random_fold,0.9779685242523313,1.0656352097162418
Ridge,RandomKFold,9,1059,random_fold,1.0471337200171809,1.0071505879687441
Ridge,RandomKFold,9,1060,random_fold,1.077129234081617,1.013145281640585
Ridge,RandomKFold,9,1102,random_fold,1.1143853870796028,1.2007466777846618
Ridge,RandomKFold,9,1106,random_fold,0.9610692058037282,0.9729401977650943
Ridge,RandomKFold,9,1107,random_fold,0.9423152285064474,0.9729401977650943
Ridge,RandomKFold,9,1109,random_fold,1.114995539845314,1.209620555683327
Ridge,RandomKFold,9,1120,random_fold,1.0115521801627119,1.169872604680268
Ridge,RandomKFold,9,1127,random_fold,1.0737288534035496,1.0896162159952307
Ridge,RandomKFold,9,1133,random_fold,1.1076538497478212,1.083690811847188
Ridge,RandomKFold,9,1136,random_fold,1.0662309050346463,1.1221665996262111
Ridge,RandomKFold,9,1141,random_fold,1.1054702040301776,0.894098596163823
Ridge,RandomKFold,9,1160,random_fold,1.035857858430026,1.1474161119852417
Ridge,RandomKFold,9,1167,random_fold,1.1614286895421577,1.1377946448117935
Ridge,RandomKFold,9,1186,random_fold,0.9262672594881625,1.012837876725271
Ridge,RandomKFold,9,1188,random_fold,1.1173435891703658,1.130267661682825
Ridge,RandomKFold,9,1195,random_fold,0.8713274711953296,0.9982628848645307
Ridge,RandomKFold,9,1196,random_fold,1.0801872300676738,0.9387238632007835
Ridge,RandomKFold,9,1203,random_fold,1.1043150678241378,1.20705220559655
Ridge,RandomKFold,9,1204,random_fold,1.0485141237887667,1.2133190780173617
Ridge,RandomKFold,9,1209,random_fold,1.1134140776413095,1.259640456367778
Ridge,RandomKFold,9,1214,random_fold,0.9844503918635705,1.14334679256318
Ridge,RandomKFold,9,1217,random_fold,1.321493870216924,1.2304479361768892
Ridge,RandomKFold,9,1226,random_fold,1.2423862448572742,1.1583093306234993
Ridge,RandomKFold,9,1235,random_fold,1.2710402038367952,1.1891028126567742
Ridge,RandomKFold,9,1239,random_fold,1.2975117691225708,1.2393266577226842
Ridge,RandomKFold,9,1240,random_fold,1.141933929553526,1.17667012945175
Ridge,RandomKFold,9,1243,random_fold,0.9882674121009779,1.1039216260971725
Ridge,RandomKFold,9,1245,random_fold,0.9206280817945109,1.0046432503372604
Ridge,RandomKFold,9,1250,random_fold,0.9058718141236114,0.9727184990903928
Ridge,RandomKFold,9,1257,random_fold,0.9387466497094197,1.020580031073147
Ridge,RandomKFold,9,1279,random_fold,1.1148026517648044,1.1689966805020724
Ridge,RandomKFold,9,1283,random_fold,1.3332421845351963,1.2219419644066707
Ridge,RandomKFold,9,1287,random_fold,1.264472988216988,1.2060209601301972
Ridge,RandomKFold,9,1293,random_fold,0.9825365769244127,1.202744293760062
Ridge,RandomKFold,9,1303,random_fold,1.5324427576719262,1.2455593163199523
Ridge,RandomKFold,9,1307,random_fold,1.430059902278322,1.2805354990107851
Ridge,RandomKFold,10,13,random_fold,1.515927538484468,1.2958226076837778
Ridge,RandomKFold,10,14,random_fold,1.6861597871119034,1.2798249404075432
Ridge,RandomKFold,10,20,random_fold,1.3565264125132614,1.2791142766760113
Ridge,RandomKFold,10,21,random_fold,1.4888007999327044,1.305009986409699
Ridge,RandomKFold,10,34,random_fold,1.4321502110551712,1.347321356871507
Ridge,RandomKFold,10,40,random_fold,1.2972783209180534,1.2483942896103029
Ridge,RandomKFold,10,64,random_fold,1.3422293809326749,1.2481716815108486
Ridge,RandomKFold,10,87,random_fold,1.414841989790168,1.314135240055887
Ridge,RandomKFold,10,91,random_fold,1.5664322029819717,1.325086186476776
Ridge,RandomKFold,10,98,random_fold,1.4886865879052946,1.3390073078113847
Ridge,RandomKFold,10,121,random_fold,1.5859443982167336,1.3929538737310334
Ridge,RandomKFold,10,130,random_fold,1.1155993679069596,1.2339535685064051
Ridge,RandomKFold,10,134,random_fold,0.9765441895541997,1.1635429814580345
Ridge,RandomKFold,10,161,random_fold,1.0933018396004694,1.1716177336532245
Ridge,RandomKFold,10,166,random_fold,0.9788295581166931,1.094905357208291
Ridge,RandomKFold,10,187,random_fold,1.2860185403772986,1.2978792989588601
Ridge,RandomKFold,10,189,random_fold,1.4074031505013533,1.2787732987810012
Ridge,RandomKFold,10,200,random_fold,1.384211098193533,1.3352742949167693
Ridge,RandomKFold,10,201,random_fold,1.0812582545259954,1.2075133264439721
Ridge,RandomKFold,10,205,random_fold,1.2264575994456417,1.282142376900131
Ridge,RandomKFold,10,206,random_fold,1.3129180568478147,1.282142376900131
Ridge,RandomKFold,10,216,random_fold,1.0752701497689592,1.1913781003643162
Ridge,RandomKFold,10,230,random_fold,1.1809595423245132,1.3320332237826862
Ridge,RandomKFold,10,241,random_fold,1.1675375968286057,1.2048296030241201
Ridge,RandomKFold,10,252,random_fold,1.0349052587135201,1.123711484258147
Ridge,RandomKFold,10,269,random_fold,1.438698863257496,1.2930655904157817
Ridge,RandomKFold,10,276,random_fold,1.1456366091921784,1.1387322184036173
Ridge,RandomKFold,10,288,random_fold,1.1966957273711798,1.169039804665268
Ridge,RandomKFold,10,295,random_fold,1.1193408386937624,1.1236507760557013
Ridge,RandomKFold,10,315,random_fold,1.1609953445016765,1.094463358554313
Ridge,RandomKFold,10,330,random_fold,1.1484501212624212,1.234960964711034
Ridge,RandomKFold,10,337,random_fold,1.2051519231744006,1.201107970266763
Ridge,RandomKFold,10,343,random_fold,1.194727836500679,1.0905764667084328
Ridge,RandomKFold,10,378,random_fold,1.282094241059635,1.3032485980266941
Ridge,RandomKFold,10,379,random_fold,1.2945158603944777,1.3018360578433126
Ridge,RandomKFold,10,385,random_fold,1.288675645238375,1.2623869349941668
Ridge,RandomKFold,10,387,random_fold,1.286870529047561,1.2751432198954222
Ridge,RandomKFold,10,391,random_fold,1.2670605513611748,1.282702933674112
Ridge,RandomKFold,10,392,random_fold,1.2441530285865783,1.2882836195022163
Ridge,RandomKFold,10,397,random_fold,1.3200127286601904,1.3613874989171708
Ridge,RandomKFold,10,401,random_fold,1.1764299135533505,1.1387322184036173
Ridge,RandomKFold,10,406,random_fold,1.0783931164119696,1.0748343053760787
Ridge,RandomKFold,10,418,random_fold,1.1193408386937624,1.1236507760557013
Ridge,RandomKFold,10,455,random_fold,1.2418209384769063,1.278810870666294
Ridge,RandomKFold,10,459,random_fold,1.3259799981856513,1.2852287900613824
Ridge,RandomKFold,10,466,random_fold,1.1263474694221658,1.2530271476661654
Ridge,RandomKFold,10,474,random_fold,1.1412579581680564,1.2297648752184207
Ridge,RandomKFold,10,492,random_fold,1.0221405808078126,1.0947478098251455
Ridge,RandomKFold,10,502,random_fold,1.0771791624586369,1.092852174906622
Ridge,RandomKFold,10,508,random_fold,1.0794121413631732,1.0839230899703403
Ridge,RandomKFold,10,510,random_fold,1.216295289923274,1.2664200942970525
Ridge,RandomKFold,10,520,random_fold,1.42382207298616,1.3229897446157268
Ridge,RandomKFold,10,562,random_fold,1.0688796897447055,1.1681293339584682
Ridge,RandomKFold,10,563,random_fold,1.0709849653873482,1.1497773701702991
Ridge,RandomKFold,10,564,random_fold,1.1103910581529506,1.1986792190261302
Ridge,RandomKFold,10,565,random_fold,1.1128519849889325,1.1977898662860562
Ridge,RandomKFold,10,592,random_fold,1.1027615541905644,1.1029196168265694
Ridge,RandomKFold,10,600,random_fold,1.3552291847985056,1.3229897446157268
Ridge,RandomKFold,10,612,random_fold,1.4109684844565789,1.3360248359880098
Ridge,RandomKFold,10,642,random_fold,1.2886129941304787,1.2612743169662206
Ridge,RandomKFold,10,646,random_fold,1.2903183386642592,1.2732117122719981
Ridge,RandomKFold,10,647,random_fold,1.2604272961433265,1.3048879928854027
Ridge,RandomKFold,10,683,random_fold,0.8818123522200535,0.9551178175808337
Ridge,RandomKFold,10,686,random_fold,0.9507109204994402,1.1173302628098323
Ridge,RandomKFold,10,699,random_fold,1.0482746914157164,0.9672253651624854
Ridge,RandomKFold,10,702,random_fold,0.9608620035264834,0.9388564223818401
Ridge,RandomKFold,10,719,random_fold,0.9785226954714671,1.0563837051797194
Ridge,RandomKFold,10,725,random_fold,1.1119697575281549,1.1641019569089546
Ridge,RandomKFold,10,729,random_fold,1.0676435686744394,1.1211017419775082
Ridge,RandomKFold,10,742,random_fold,1.1582712076440551,1.0644106251078655
Ridge,RandomKFold,10,747,random_fold,1.1484767056471201,1.0823503106507915
Ridge,RandomKFold,10,763,random_fold,1.024164701767882,1.0465582120403072
Ridge,RandomKFold,10,766,random_fold,1.1233567669598814,1.0574401890179121
Ridge,RandomKFold,10,769,random_fold,1.1632431483901737,1.076351554565622
Ridge,RandomKFold,10,775,random_fold,1.0986855569462772,1.0370041231161542
Ridge,RandomKFold,10,776,random_fold,1.069703443933306,1.0370041231161542
Ridge,RandomKFold,10,779,random_fold,1.0766288800381931,1.0479443255026677
Ridge,RandomKFold,10,791,random_fold,0.8965710512733155,0.9792049997549681
Ridge,RandomKFold,10,794,random_fold,0.966121179204925,1.09716557631107
Ridge,RandomKFold,10,804,random_fold,1.0060940214975271,1.0311542996693515
Ridge,RandomKFold,10,805,random_fold,0.9770268584853092,1.0964246130326591
Ridge,RandomKFold,10,815,random_fold,1.1151536423574908,1.1037489648562306
Ridge,RandomKFold,10,831,random_fold,1.128644883881722,1.0632595731297698
Ridge,RandomKFold,10,840,random_fold,1.072069099621178,1.06295116760631
Ridge,RandomKFold,10,856,random_fold,0.8855537244364577,0.9533108137640006
Ridge,RandomKFold,10,860,random_fold,1.1224582763312743,1.0129444761019024
Ridge,RandomKFold,10,863,random_fold,0.882387614612431,1.0467228726097995
Ridge,RandomKFold,10,870,random_fold,0.9243746371006341,0.9688212090132413
Ridge,RandomKFold,10,871,random_fold,0.955133310146045,0.9537444085010027
Ridge,RandomKFold,10,878,random_fold,0.9443956096818847,1.0418725671424065
Ridge,RandomKFold,10,891,random_fold,1.0709720053653338,0.9392574896194483
Ridge,RandomKFold,10,897,random_fold,1.092162014773685,1.0618906520713431
Ridge,RandomKFold,10,929,random_fold,1.1037030175712055,1.1785456400511065
Ridge,RandomKFold,10,955,random_fold,0.9106330624300031,0.912383341075442
Ridge,RandomKFold,10,957,random_fold,0.9071039894753039,0.9182530986952229
Ridge,RandomKFold,10,960,random_fold,0.9999984515460132,1.0751316739307941
Ridge,RandomKFold,10,975,random_fold,0.9210460272047383,1.1226223165679232
Ridge,RandomKFold,10,995,random_fold,0.9482879156893226,0.9518844561134803
Ridge,RandomKFold,10,1016,random_fold,0.9444087331685432,0.9969068270806278
Ridge,RandomKFold,10,1017,random_fold,1.1579218147083916,1.0262692028213452
Ridge,RandomKFold,10,1020,random_fold,1.0720532541683991,1.0101072379591836
Ridge,RandomKFold,10,1021,random_fold,1.159456667045145,1.122430916697879
Ridge,RandomKFold,10,1025,random_fold,1.0619378128188997,1.0413600389132134
Ridge,RandomKFold,10,1028,random_fold,0.9949817333100379,1.021037876635874
Ridge,RandomKFold,10,1038,random_fold,1.059548574992898,1.045087554551302
Ridge,RandomKFold,10,1044,random_fold,1.0010293205078225,1.0701266852193085
Ridge,RandomKFold,10,1051,random_fold,1.135246155011104,1.0731167383133817
Ridge,RandomKFold,10,1056,random_fold,1.2072055578293173,1.1230060212833501
Ridge,RandomKFold,10,1064,random_fold,0.9612560302875994,1.0040032223708175
Ridge,RandomKFold,10,1071,random_fold,1.1307693397708407,1.139239610673203
Ridge,RandomKFold,10,1076,random_fold,1.078951380583492,1.1218766831030842
Ridge,RandomKFold,10,1082,random_fold,1.1018703915453945,1.1490964043500844
Ridge,RandomKFold,10,1086,random_fold,1.096170096752698,1.1158943304657178
Ridge,RandomKFold,10,1095,random_fold,1.1051765385217698,1.15889776883516
Ridge,RandomKFold,10,1104,random_fold,0.9766044689625246,1.0685379845458907
Ridge,RandomKFold,10,1123,random_fold,1.1529891151319303,1.1562419407835642
Ridge,RandomKFold,10,1126,random_fold,0.9405384463366621,1.1436514654149696
Ridge,RandomKFold,10,1129,random_fold,1.178103801296056,1.1196095762418015
Ridge,RandomKFold,10,1130,random_fold,1.2557662574613244,1.153563441472464
Ridge,RandomKFold,10,1152,random_fold,1.205630125799784,1.1693033601168397
Ridge,RandomKFold,10,1154,random_fold,1.2243646398794856,1.1914431827959306
Ridge,RandomKFold,10,1162,random_fold,0.923191896996094,1.1489705844512683
Ridge,RandomKFold,10,1180,random_fold,1.205641907267419,1.1119816230002437
Ridge,RandomKFold,10,1184,random_fold,1.1481266550232272,1.1384384413145512
Ridge,RandomKFold,10,1207,random_fold,1.0948995314254935,1.1496364087077304
Ridge,RandomKFold,10,1215,random_fold,1.0620631454927059,1.1975368395456043
Ridge,RandomKFold,10,1238,random_fold,1.273656042355025,1.2367239009445339
Ridge,RandomKFold,10,1267,random_fold,1.2072169873339482,1.2025745355548165
Ridge,RandomKFold,10,1282,random_fold,1.2358930448368057,1.1655590024335116
Ridge,RandomKFold,10,1294,random_fold,1.2160149331549017,1.1049720278987272
Ridge,RandomKFold,10,1296,random_fold,1.062512336545894,1.0815590071004972
Ridge,LeaveOneShapeOut,1,0,circular,1.3545719757695995,1.1537360581994898
Ridge,LeaveOneShapeOut,1,1,circular,1.3349612685944154,1.1582896885631244
Ridge,LeaveOneShapeOut,1,2,circular,1.1815827868398348,1.1638819405078455
Ridge,LeaveOneShapeOut,1,3,circular,1.2358473024149033,1.1715757269100404
Ridge,LeaveOneShapeOut,1,4,circular,1.1885006010953671,1.1771076198782637
Ridge,LeaveOneShapeOut,1,5,circular,1.238242921314779,1.1540257359540975
Ridge,LeaveOneShapeOut,1,6,circular,1.1983820435012535,1.150459926021695
Ridge,LeaveOneShapeOut,1,7,circular,1.3725142300680981,1.1335697685894985
Ridge,LeaveOneShapeOut,1,8,circular,1.3643470141328815,1.131095995227026
Ridge,LeaveOneShapeOut,1,9,circular,1.4252952195204207,1.182233564273569
Ridge,LeaveOneShapeOut,1,10,circular,1.3811132045767527,1.1570895867922544
Ridge,LeaveOneShapeOut,1,11,circular,1.4674536778591962,1.1807360284034236
Ridge,LeaveOneShapeOut,1,12,circular,1.5214776205513665,1.1692421802970885
Ridge,LeaveOneShapeOut,1,13,circular,1.515927538484468,1.1696028455335519
Ridge,LeaveOneShapeOut,1,14,circular,1.6861597871119034,1.143040008200358
Ridge,LeaveOneShapeOut,1,15,circular,1.0826183073485136,1.1194839576676574
Ridge,LeaveOneShapeOut,1,16,circular,1.0849112127568281,1.1139458834291782
Ridge,LeaveOneShapeOut,1,17,circular,1.1637753447505323,1.1182535669981215
Ridge,LeaveOneShapeOut,1,18,circular,1.6319317139012608,1.1483964940621116
Ridge,LeaveOneShapeOut,1,19,circular,1.3276641484172347,1.139452245218416
Ridge,LeaveOneShapeOut,1,20,circular,1.3565264125132614,1.139452245218416
Ridge,LeaveOneShapeOut,1,21,circular,1.4888007999327044,1.1543009608109172
Ridge,LeaveOneShapeOut,1,22,circular,1.4921691275343623,1.1543009608109172
Ridge,LeaveOneShapeOut,1,23,circular,1.6356327158958393,1.162259116180977
Ridge,LeaveOneShapeOut,1,24,circular,1.6356327158958393,1.162259116180977
Ridge,LeaveOneShapeOut,1,25,circular,1.4102263522358336,1.1535740185382906
Ridge,LeaveOneShapeOut,1,26,circular,1.29369709898338,1.1850839787392118
Ridge,LeaveOneShapeOut,1,27,circular,1.536384619900033,1.1834464465875612
Ridge,LeaveOneShapeOut,1,28,circular,1.3421211390482404,1.1773345101672557
Ridge,LeaveOneShapeOut,1,29,circular,1.3720014374672693,1.1705632638256853
Ridge,LeaveOneShapeOut,1,30,circular,1.5348782852658798,1.1942336929439459
Ridge,LeaveOneShapeOut,1,31,circular,1.5227926294763847,1.1942336929439459
Ridge,LeaveOneShapeOut,1,32,circular,1.546963941055375,1.2006280886494807
Ridge,LeaveOneShapeOut,1,33,circular,1.5107069736868897,1.2013385770612066
Ridge,LeaveOneShapeOut,1,34,circular,1.4321502110551712,1.2084434611784676
Ridge,LeaveOneShapeOut,1,35,circular,1.4381930389499191,1.2141273684722764
Ridge,LeaveOneShapeOut,1,36,circular,1.492578490002647,1.2141273684722764
Ridge,LeaveOneShapeOut,1,37,circular,1.3441586522640874,1.1688435242188582
Ridge,LeaveOneShapeOut,1,38,circular,1.2518288372578938,1.1677022772156755
Ridge,LeaveOneShapeOut,1,39,circular,1.2211023682326179,1.1916544057546905
Ridge,LeaveOneShapeOut,1,40,circular,1.2972783209180534,1.1689690321437527
Ridge,LeaveOneShapeOut,1,41,circular,1.536384619900033,1.1948142611751786
Ridge,LeaveOneShapeOut,1,42,circular,1.3421211390482404,1.1887023247548731
Ridge,LeaveOneShapeOut,1,43,circular,1.3720014374672693,1.1819310784133026
Ridge,LeaveOneShapeOut,1,44,circular,1.5941042088621091,1.20394960407716
Ridge,LeaveOneShapeOut,1,45,circular,1.483765484022838,1.2222517855632242
Ridge,LeaveOneShapeOut,1,46,circular,1.29369709898338,1.2004305284324954
Ridge,LeaveOneShapeOut,1,47,circular,1.2972783209180534,1.1689690321437527
Ridge,LeaveOneShapeOut,1,48,circular,1.639707790681381,1.1741839021629659
Ridge,LeaveOneShapeOut,1,49,circular,1.371451596125907,1.1741839021629659
Ridge,LeaveOneShapeOut,1,50,circular,1.4101486999859876,1.1741839021629659
Ridge,LeaveOneShapeOut,1,51,circular,1.3662045311957267,1.1741839021629659
Ridge,LeaveOneShapeOut,1,52,circular,1.2737250118012968,1.1741839021629659
Ridge,LeaveOneShapeOut,1,53,circular,1.2789720767314772,1.1741839021629659
Ridge,LeaveOneShapeOut,1,54,circular,1.2133837651042219,1.1741839021629659
Ridge,LeaveOneShapeOut,1,55,circular,1.2816523773767157,1.200062587890703
Ridge,LeaveOneShapeOut,1,56,circular,1.2046337556603286,1.199509841444269
Ridge,LeaveOneShapeOut,1,57,circular,1.237829191229898,1.1970007951006862
Ridge,LeaveOneShapeOut,1,58,circular,1.2339943282685013,1.1783587922524876
Ridge,LeaveOneShapeOut,1,59,circular,1.2680165689493124,1.1771654080947347
Ridge,LeaveOneShapeOut,1,60,circular,1.2824258481419177,1.1771654080947347
Ridge,LeaveOneShapeOut,1,61,circular,1.1799450202643293,1.2150426038138438
Ridge,LeaveOneShapeOut,1,62,circular,1.1531759249761522,1.2157648433905763
Ridge,LeaveOneShapeOut,1,63,circular,1.1425545677724243,1.2157648433905763
Ridge,LeaveOneShapeOut,1,64,circular,1.3422293809326749,1.144202967570027
Ridge,LeaveOneShapeOut,1,65,circular,1.1919182410425113,1.147432690079654
Ridge,LeaveOneShapeOut,1,66,circular,1.302307239291283,1.1703514004231443
Ridge,LeaveOneShapeOut,1,67,circular,1.295364734801251,1.1738188166707944
Ridge,LeaveOneShapeOut,1,68,circular,1.0902659651428483,1.1415137103441864
Ridge,LeaveOneShapeOut,1,69,circular,1.0015566608923805,1.1415137103441864
Ridge,LeaveOneShapeOut,1,70,circular,1.2629155541458932,1.196434354479863
Ridge,LeaveOneShapeOut,1,71,circular,1.4175969345181723,1.211898025757579
Ridge,LeaveOneShapeOut,1,72,circular,1.3740815622661384,1.211755928075234
Ridge,LeaveOneShapeOut,1,73,circular,1.2105569921385566,1.1714104765079776
Ridge,LeaveOneShapeOut,1,74,circular,1.1244653966855374,1.1704325011636363
Ridge,LeaveOneShapeOut,1,75,circular,1.1417780689269297,1.1692797697206392
Ridge,LeaveOneShapeOut,1,76,circular,1.273123847876894,1.1942385586183892
Ridge,LeaveOneShapeOut,1,77,circular,1.2681142042166427,1.1953388632936046
Ridge,LeaveOneShapeOut,1,78,circular,1.1850393366807992,1.2122879012091954
Ridge,LeaveOneShapeOut,1,79,circular,1.4528332923714102,1.2157094984566388
Ridge,LeaveOneShapeOut,1,80,circular,1.4120233684283932,1.2157094984566388
Ridge,LeaveOneShapeOut,1,81,circular,1.4770328464842415,1.2111099826597556
Ridge,LeaveOneShapeOut,1,82,circular,1.4848067035710006,1.2111099826597556
Ridge,LeaveOneShapeOut,1,83,circular,1.3448772760093357,1.2111099826597556
Ridge,LeaveOneShapeOut,1,84,circular,1.375972704356372,1.2111099826597556
Ridge,LeaveOneShapeOut,1,85,circular,1.6091884169591473,1.2111099826597556
Ridge,LeaveOneShapeOut,1,86,circular,1.6713792736532207,1.2111099826597556
Ridge,LeaveOneShapeOut,1,87,circular,1.414841989790168,1.167059701132738
Ridge,LeaveOneShapeOut,1,88,circular,1.6169622740459064,1.167059701132738
Ridge,LeaveOneShapeOut,1,89,circular,1.5858668456988698,1.1883743534845206
Ridge,LeaveOneShapeOut,1,90,circular,1.620849202589286,1.1883743534845206
Ridge,LeaveOneShapeOut,1,91,circular,1.5664322029819717,1.2111099826597556
Ridge,LeaveOneShapeOut,1,92,circular,1.1354084529932944,1.0443856672623897
Ridge,LeaveOneShapeOut,1,93,circular,1.1335223924401494,1.0557534818500072
Ridge,LeaveOneShapeOut,1,94,circular,1.2278254200973997,1.0557534818500072
Ridge,LeaveOneShapeOut,1,95,circular,1.6658337551905438,1.2018969380441202
Ridge,LeaveOneShapeOut,1,96,circular,1.5781582943910415,1.2018969380441202
Ridge,LeaveOneShapeOut,1,97,circular,1.6000771595909171,1.2018969380441202
Ridge,LeaveOneShapeOut,1,98,circular,1.4886865879052946,1.1948327318127892
Ridge,LeaveOneShapeOut,1,99,circular,1.1745460180645266,1.164982006550793
Ridge,LeaveOneShapeOut,1,100,circular,1.4893188610025825,1.2304545639739666
Ridge,LeaveOneShapeOut,1,101,circular,1.2696675773972377,1.200509064520776
Ridge,LeaveOneShapeOut,1,102,circular,1.3409138971075678,1.1625713665691688
Ridge,LeaveOneShapeOut,1,103,circular,1.3629865538500792,1.1625713665691688
Ridge,LeaveOneShapeOut,1,104,circular,1.33539573292194,1.1625713665691688
Ridge,LeaveOneShapeOut,1,105,circular,1.1903663852361177,1.132775233732425
Ridge,LeaveOneShapeOut,1,106,circular,1.2053584052013078,1.132775233732425
Ridge,LeaveOneShapeOut,1,107,circular,1.2353424451316886,1.132775233732425
Ridge,LeaveOneShapeOut,1,108,circular,1.1414339090699477,1.1491111722654286
Ridge,LeaveOneShapeOut,1,109,circular,1.1269776844197152,1.1330421156472537
Ridge,LeaveOneShapeOut,1,110,circular,1.3256987893635834,1.1685377845874505
Ridge,LeaveOneShapeOut,1,111,circular,1.1310229163178613,0.9916605296012148
Ridge,LeaveOneShapeOut,1,112,circular,1.1545821157977425,1.0011892856744298
Ridge,LeaveOneShapeOut,1,113,circular,1.165840580685956,1.013302658158535
Ridge,LeaveOneShapeOut,1,114,circular,1.1625214289484154,1.038446040781196
Ridge,LeaveOneShapeOut,1,115,circular,1.1549104273844197,1.0608231984155256
Ridge,LeaveOneShapeOut,1,116,circular,1.29099968277919,0.9572066982394293
Ridge,LeaveOneShapeOut,1,117,circular,1.1099273964897634,0.9570231681039578
Ridge,LeaveOneShapeOut,1,118,circular,1.2726146663911664,0.8195195273763034
Ridge,LeaveOneShapeOut,1,119,circular,1.2151621017721754,0.9206409509556075
Ridge,LeaveOneShapeOut,1,120,circular,1.6240942634659334,1.2179776811712073
Ridge,LeaveOneShapeOut,1,121,circular,1.5859443982167336,1.2179776811712073
Ridge,LeaveOneShapeOut,1,122,circular,1.41906220373456,1.1840561128738185
Ridge,LeaveOneShapeOut,1,123,circular,1.401756567103651,1.1840561128738185
Ridge,LeaveOneShapeOut,1,124,circular,1.467514509626967,1.1749692777404694
Ridge,LeaveOneShapeOut,1,125,circular,1.4224908184065779,1.1724149378686262
Ridge,LeaveOneShapeOut,1,126,circular,1.1912303239548843,1.1438914759663756
Ridge,LeaveOneShapeOut,1,127,circular,1.1855032550897164,1.1438914759663756
Ridge,LeaveOneShapeOut,1,128,circular,1.37020947369762,1.1439026413321918
Ridge,LeaveOneShapeOut,1,129,circular,1.3599840298640558,1.1439026413321918
Ridge,LeaveOneShapeOut,1,130,circular,1.1155993679069596,1.1123991162461242
Ridge,LeaveOneShapeOut,1,131,circular,1.1632164140981103,1.1123991162461242
Ridge,LeaveOneShapeOut,1,132,circular,1.1991666858815992,1.0452195843315388
Ridge,LeaveOneShapeOut,1,133,circular,1.04398508662286,1.0938129275498907
Ridge,LeaveOneShapeOut,1,134,circular,0.9765441895541997,1.0938129275498907
Ridge,LeaveOneShapeOut,1,135,circular,1.0919130117697546,1.138156903986471
Ridge,LeaveOneShapeOut,1,136,circular,1.1420397946679444,1.128604506785882
Ridge,LeaveOneShapeOut,1,137,circular,1.0472134869247998,1.1150150459310626
Ridge,LeaveOneShapeOut,1,138,circular,1.0945457667787828,1.111672550604984
Ridge,LeaveOneShapeOut,1,139,circular,0.9503054523485104,1.0238880529401821
Ridge,LeaveOneShapeOut,1,140,circular,0.9220785577242971,1.0230354668461108
Ridge,LeaveOneShapeOut,1,141,circular,0.9848049902225486,1.0238880529401821
Ridge,LeaveOneShapeOut,1,142,circular,0.8931877807248213,1.045933603738487
Ridge,LeaveOneShapeOut,1,143,circular,0.9581462564107918,1.0241722483048725
Ridge,LeaveOneShapeOut,1,144,circular,0.9408964874737726,1.0236038575754918
Ridge,LeaveOneShapeOut,1,145,circular,1.1624650166329116,1.0828599668531336
Ridge,LeaveOneShapeOut,1,146,circular,1.129642474986806,1.0828599668531336
Ridge,LeaveOneShapeOut,1,147,circular,1.2331867795165823,1.0961160256084623
Ridge,LeaveOneShapeOut,1,148,circular,1.107469549143329,1.0961160256084623
Ridge,LeaveOneShapeOut,1,149,circular,1.2810263872377974,1.1075387976267477
Ridge,LeaveOneShapeOut,1,150,circular,1.2784579132784233,1.1075387976267477
Ridge,LeaveOneShapeOut,1,151,circular,1.2598364770729615,1.1075387976267477
Ridge,LeaveOneShapeOut,1,152,circular,1.3504797422389112,1.1228168242996395
Ridge,LeaveOneShapeOut,1,153,circular,1.2821536664107218,1.1228168242996395
Ridge,LeaveOneShapeOut,1,154,circular,1.3385969464427043,1.1228168242996395
Ridge,LeaveOneShapeOut,1,155,circular,1.370994199976567,1.1405207097730616
Ridge,LeaveOneShapeOut,1,156,circular,1.4093999006925229,1.1405207097730616
Ridge,LeaveOneShapeOut,1,157,circular,1.3558105508563052,1.1405207097730616
Ridge,LeaveOneShapeOut,1,158,circular,1.1189168875968767,1.1397844345266657
Ridge,LeaveOneShapeOut,1,159,circular,1.1906178718264686,1.1330919616311166
Ridge,LeaveOneShapeOut,1,160,circular,1.058400961814554,1.1128829616605576
Ridge,LeaveOneShapeOut,1,161,circular,1.0933018396004694,1.1237606291722908
Ridge,LeaveOneShapeOut,1,162,circular,1.0807031661435151,1.1148378099495355
Ridge,LeaveOneShapeOut,1,163,circular,1.081714589741048,1.0932110512463047
Ridge,LeaveOneShapeOut,1,164,circular,1.1142548528292844,1.0853686874195516
Ridge,LeaveOneShapeOut,1,165,circular,1.0503718004141738,1.0676140347755314
Ridge,LeaveOneShapeOut,1,166,circular,0.9788295581166931,1.068077128123725
Ridge,LeaveOneShapeOut,1,167,circular,1.1204789660010195,1.067883268849005
Ridge,LeaveOneShapeOut,1,168,circular,0.9988336760894352,1.0521972956540013
Ridge,LeaveOneShapeOut,1,169,circular,1.0395391195333212,1.0377145196783726
Ridge,LeaveOneShapeOut,1,170,circular,1.0060464564388292,1.0280030101997275
Ridge,LeaveOneShapeOut,1,171,circular,0.9819513263381584,1.0284336008053174
Ridge,LeaveOneShapeOut,1,172,circular,0.9856830767426598,1.0206410553715675
Ridge,LeaveOneShapeOut,1,173,circular,1.286486310423,1.199789451074567
Ridge,LeaveOneShapeOut,1,174,circular,1.2564545083234089,1.1995292076110704
Ridge,LeaveOneShapeOut,1,175,circular,1.32213950491923,1.1995812562554677
Ridge,LeaveOneShapeOut,1,176,circular,1.2941569931453976,1.1829270052857406
Ridge,LeaveOneShapeOut,1,177,circular,1.3128540515404687,1.187395093985828
Ridge,LeaveOneShapeOut,1,178,circular,1.2553795512333588,1.1735031783037555
Ridge,LeaveOneShapeOut,1,179,circular,1.1713924116936274,1.1737052154039234
Ridge,LeaveOneShapeOut,1,180,circular,1.2529089649586223,1.1635424246635264
Ridge,LeaveOneShapeOut,1,181,circular,1.3110746711111705,1.1698738208698445
Ridge,LeaveOneShapeOut,1,182,circular,1.2193262628314903,1.1563427506247135
Ridge,LeaveOneShapeOut,1,183,circular,1.2060088386559635,1.1565407455107075
Ridge,LeaveOneShapeOut,1,184,circular,1.2086542758821197,1.151773215000039
Ridge,LeaveOneShapeOut,1,185,circular,1.1882361240679107,1.1544772192474682
Ridge,LeaveOneShapeOut,1,186,circular,1.3048820805856924,1.199025353360772
Ridge,LeaveOneShapeOut,1,187,circular,1.2860185403772986,1.177862029021962
Ridge,LeaveOneShapeOut,1,188,circular,1.413166849593796,1.1557376512733997
Ridge,LeaveOneShapeOut,1,189,circular,1.4074031505013533,1.1667985192065282
Ridge,LeaveOneShapeOut,1,190,circular,1.358950340257126,1.1979127801142708
Ridge,LeaveOneShapeOut,1,191,circular,1.0689531316442664,1.1083028566788562
Ridge,LeaveOneShapeOut,1,192,circular,1.3141287399041004,1.191378571556277
Ridge,LeaveOneShapeOut,1,193,circular,1.0922145091701283,1.1024081594653112
Ridge,LeaveOneShapeOut,1,194,circular,1.5996384909229053,1.2034966959687345
Ridge,LeaveOneShapeOut,1,195,circular,1.2349035942484818,1.1011606910227063
Ridge,LeaveOneShapeOut,1,196,circular,1.3345388048057119,1.1725466266735691
Ridge,LeaveOneShapeOut,1,197,circular,1.1669018109493594,1.1581639835758901
Ridge,LeaveOneShapeOut,1,198,circular,1.2028285814567583,1.1584465532152513
Ridge,LeaveOneShapeOut,1,199,circular,1.4534609969636008,1.1956995350001045
Ridge,LeaveOneShapeOut,1,200,circular,1.384211098193533,1.1959676973536435
Ridge,LeaveOneShapeOut,1,201,circular,1.0812582545259954,1.0984661900471346
Ridge,LeaveOneShapeOut,1,202,circular,0.9422252893538012,1.098670136350288
Ridge,LeaveOneShapeOut,1,203,circular,1.1335926637173817,1.163266758304182
Ridge,LeaveOneShapeOut,1,204,circular,1.3129180568478147,1.163266758304182
Ridge,LeaveOneShapeOut,1,205,circular,1.2264575994456417,1.163266758304182
Ridge,LeaveOneShapeOut,1,206,circular,1.3129180568478147,1.163266758304182
Ridge,LeaveOneShapeOut,1,207,circular,1.2488732735869459,1.163266758304182
Ridge,LeaveOneShapeOut,1,208,circular,1.3033113393586844,1.163266758304182
Ridge,LeaveOneShapeOut,1,209,circular,1.1361701617391793,1.114476648420102
Ridge,LeaveOneShapeOut,1,210,circular,1.1410674469190896,1.114476648420102
Ridge,LeaveOneShapeOut,1,211,circular,1.0578135988606152,1.114476648420102
Ridge,LeaveOneShapeOut,1,212,circular,1.0578135988606152,1.114476648420102
Ridge,LeaveOneShapeOut,1,213,circular,1.1670230583726138,1.114476648420102
Ridge,LeaveOneShapeOut,1,214,circular,1.1048275365877536,1.114476648420102
Ridge,LeaveOneShapeOut,1,215,circular,1.1382975694343815,1.1747411069013267
Ridge,LeaveOneShapeOut,1,216,circular,1.0752701497689592,1.098200789184521
Ridge,LeaveOneShapeOut,1,217,circular,0.9199068249691795,1.0794237064357435
Ridge,LeaveOneShapeOut,1,218,circular,0.8843236477025262,1.0331865607666832
Ridge,LeaveOneShapeOut,1,219,circular,0.9128790547507792,1.0099615971019098
Ridge,LeaveOneShapeOut,1,220,circular,0.9281601451869276,1.0099615971019098
Ridge,LeaveOneShapeOut,1,221,circular,1.237545163141302,1.192835304067584
Ridge,LeaveOneShapeOut,1,222,circular,1.2089867420544758,1.169883775304486
Ridge,LeaveOneShapeOut,1,223,circular,1.2133644852363266,1.169883775304486
Ridge,LeaveOneShapeOut,1,224,circular,1.2096074389960325,1.1144049143870631
Ridge,LeaveOneShapeOut,1,225,circular,1.1483515854741868,1.0712210401454856
Ridge,LeaveOneShapeOut,1,226,circular,1.088953056461838,1.0634682869420922
Ridge,LeaveOneShapeOut,1,227,circular,1.061508984719529,1.0639021412448972
Ridge,LeaveOneShapeOut,1,228,circular,1.0562450356984874,1.0200673711715011
Ridge,LeaveOneShapeOut,1,229,circular,1.1723103813258327,1.2084605572570712
Ridge,LeaveOneShapeOut,1,230,circular,1.1809595423245132,1.1848225175465281
Ridge,LeaveOneShapeOut,1,231,circular,1.172977745864338,1.185242933127857
Ridge,LeaveOneShapeOut,1,232,circular,1.1760745433758346,1.129120861557239
Ridge,LeaveOneShapeOut,1,233,circular,1.087407992331772,1.1595642179928851
Ridge,LeaveOneShapeOut,1,234,circular,1.1091183712584098,1.1388302079614852
Ridge,LeaveOneShapeOut,1,235,circular,1.1240692396897045,1.1388302079614852
Ridge,LeaveOneShapeOut,1,236,circular,1.1527340236652242,1.0887115744418763
Ridge,LeaveOneShapeOut,1,237,circular,1.1115939935791495,1.1105599881108785
Ridge,LeaveOneShapeOut,1,238,circular,1.0839659960653538,1.0935685716695063
Ridge,LeaveOneShapeOut,1,239,circular,1.1026898604988369,1.0935685716695063
Ridge,LeaveOneShapeOut,1,240,circular,1.097850830391181,1.0459493154006927
Ridge,LeaveOneShapeOut,1,241,circular,1.1675375968286057,1.1274457242816687
Ridge,LeaveOneShapeOut,1,242,circular,1.3000433770209283,1.142662431040036
Ridge,LeaveOneShapeOut,1,243,circular,1.23746653007112,1.1504514919445348
Ridge,LeaveOneShapeOut,1,244,circular,1.209420109403607,1.1524583904589498
Ridge,LeaveOneShapeOut,1,245,circular,1.3121377067956377,1.136149704244275
Ridge,LeaveOneShapeOut,1,246,circular,1.2989281177447332,1.13535664946076
Ridge,LeaveOneShapeOut,1,247,circular,1.3495739828334417,1.1457471871882356
Ridge,LeaveOneShapeOut,1,248,circular,1.1281291950782302,1.1007955411598664
Ridge,LeaveOneShapeOut,1,249,circular,1.2008958389819084,1.1287703395061468
Ridge,LeaveOneShapeOut,1,250,circular,1.2353855303226169,1.1437234408901562
Ridge,LeaveOneShapeOut,1,251,circular,1.0730584479748482,1.047226847297698
Ridge,LeaveOneShapeOut,1,252,circular,1.0349052587135201,1.047226847297698
Ridge,LeaveOneShapeOut,1,253,circular,1.0492127046865183,1.047226847297698
Ridge,LeaveOneShapeOut,1,254,circular,1.115980785893842,1.047226847297698
Ridge,LeaveOneShapeOut,1,255,circular,1.2418476497794892,1.1700579516765908
Ridge,LeaveOneShapeOut,1,256,circular,1.1458899378442748,1.1574070731624502
Ridge,LeaveOneShapeOut,1,257,circular,1.3374921789478076,1.1783984501120814
Ridge,LeaveOneShapeOut,1,258,circular,1.0111810580343032,1.0326416706797947
Ridge,LeaveOneShapeOut,1,259,circular,1.0273582662639587,1.032593833440944
Ridge,LeaveOneShapeOut,1,260,circular,1.045128825211897,1.0322224886457978
Ridge,LeaveOneShapeOut,1,261,circular,1.0697251791938465,1.0390852286108399
Ridge,LeaveOneShapeOut,1,262,circular,1.0669773425293771,1.039390295251303
Ridge,LeaveOneShapeOut,1,263,circular,1.0706406990125703,1.039152636678474
Ridge,LeaveOneShapeOut,1,264,circular,1.0752462928972766,1.0412725422707172
Ridge,LeaveOneShapeOut,1,265,circular,1.2050469519666545,1.1416687355191268
Ridge,LeaveOneShapeOut,1,266,circular,1.1591867375218325,1.1255875620054545
Ridge,LeaveOneShapeOut,1,267,circular,1.0591913268808757,1.0639303611876303
Ridge,LeaveOneShapeOut,1,268,circular,1.4747177354069476,1.1739612694592145
Ridge,LeaveOneShapeOut,1,269,circular,1.438698863257496,1.1578132511689911
Ridge,LeaveOneShapeOut,1,270,circular,1.2453362914305632,1.0958997592410726
Ridge,LeaveOneShapeOut,1,271,circular,1.208662846621109,1.17851376630439
Ridge,LeaveOneShapeOut,1,272,circular,1.194274003208953,1.17851376630439
Ridge,LeaveOneShapeOut,1,273,circular,1.3927210638476188,1.0834146064188437
Ridge,LeaveOneShapeOut,1,274,circular,1.3842155803571365,1.0832484868637209
Ridge,LeaveOneShapeOut,1,275,circular,1.4136791277360206,1.082149380240905
Ridge,LeaveOneShapeOut,1,276,circular,1.1456366091921784,1.0537129397562035
Ridge,LeaveOneShapeOut,1,277,circular,1.1575768700669187,1.0537129397562035
Ridge,LeaveOneShapeOut,1,278,circular,1.1764299135533505,1.0537129397562035
Ridge,LeaveOneShapeOut,1,279,circular,1.158563920860915,1.0131960547830277
Ridge,LeaveOneShapeOut,1,280,circular,1.0769816123297524,1.0131960547830277
Ridge,LeaveOneShapeOut,1,281,circular,1.1257407180116425,1.0131960547830277
Ridge,LeaveOneShapeOut,1,282,circular,0.9885270233776388,0.9679750074518892
Ridge,LeaveOneShapeOut,1,283,circular,1.0783931164119696,0.9679750074518892
Ridge,LeaveOneShapeOut,1,284,circular,1.0361031902781668,0.9679750074518892
Ridge,LeaveOneShapeOut,1,285,circular,1.0869105743635306,0.9398010594364747
Ridge,LeaveOneShapeOut,1,286,circular,1.1448031386011281,0.9398010594364747
Ridge,LeaveOneShapeOut,1,287,circular,1.0465299957494056,0.9398010594364747
Ridge,LeaveOneShapeOut,1,288,circular,1.1966957273711798,1.0664021656040237
Ridge,LeaveOneShapeOut,1,289,circular,1.1633442640197864,1.0664021656040237
Ridge,LeaveOneShapeOut,1,290,circular,1.1689970544183277,1.0664021656040237
Ridge,LeaveOneShapeOut,1,291,circular,1.200839968966233,1.0226724395553288
Ridge,LeaveOneShapeOut,1,292,circular,1.1248508298347624,1.0226724395553288
Ridge,LeaveOneShapeOut,1,293,circular,1.209479105433616,1.0226724395553288
Ridge,LeaveOneShapeOut,1,294,circular,1.108420440267482,1.003459448108434
Ridge,LeaveOneShapeOut,1,295,circular,1.1193408386937624,1.003459448108434
Ridge,LeaveOneShapeOut,1,296,circular,1.070756208960514,1.003459448108434
Ridge,LeaveOneShapeOut,1,297,circular,1.1115066128395268,0.9748738355451335
Ridge,LeaveOneShapeOut,1,298,circular,1.143938834802967,0.9748738355451335
Ridge,LeaveOneShapeOut,1,299,circular,1.117630616216053,0.9748738355451335
Ridge,LeaveOneShapeOut,1,300,circular,1.250094356066993,1.0845592452912356
Ridge,LeaveOneShapeOut,1,301,circular,1.255615974247501,1.0845592452912356
Ridge,LeaveOneShapeOut,1,302,circular,1.2175168088019963,1.0845592452912356
Ridge,LeaveOneShapeOut,1,303,circular,1.2950278181808799,1.065943132816561
Ridge,LeaveOneShapeOut,1,304,circular,1.2126169570239147,1.065943132816561
Ridge,LeaveOneShapeOut,1,305,circular,1.2243899371891955,1.065943132816561
Ridge,LeaveOneShapeOut,1,306,circular,1.1743142604760686,1.0353314020749687
Ridge,LeaveOneShapeOut,1,307,circular,1.2139187167349488,1.0353314020749687
Ridge,LeaveOneShapeOut,1,308,circular,1.1932738406000005,1.0353314020749687
Ridge,LeaveOneShapeOut,1,309,circular,1.1603149777096642,1.025648765218928
Ridge,LeaveOneShapeOut,1,310,circular,1.1732156482628429,1.025648765218928
Ridge,LeaveOneShapeOut,1,311,circular,1.1383551696124758,1.025648765218928
Ridge,LeaveOneShapeOut,1,312,circular,1.2079419865581988,0.9664900660793596
Ridge,LeaveOneShapeOut,1,313,circular,1.1670455196309601,0.9664900660793596
Ridge,LeaveOneShapeOut,1,314,circular,1.1508537216670625,0.9986078275044884
Ridge,LeaveOneShapeOut,1,315,circular,1.1609953445016765,0.9986078275044884
Ridge,LeaveOneShapeOut,1,316,circular,1.0619217905514904,0.9447603786403114
Ridge,LeaveOneShapeOut,1,317,circular,1.2956542484866285,1.1855135044132088
Ridge,LeaveOneShapeOut,1,318,circular,1.1306542302372584,1.0070635887130288
Ridge,LeaveOneShapeOut,1,319,circular,1.0631562838336788,0.9940336990679604
Ridge,LeaveOneShapeOut,1,320,circular,1.073027843573812,0.9776280797997903
Ridge,LeaveOneShapeOut,1,321,circular,1.1306840434563534,1.012820779197639
Ridge,LeaveOneShapeOut,1,322,circular,1.1011120203646916,0.9788188102305446
Ridge,LeaveOneShapeOut,1,323,circular,0.9851301986103755,1.0333483289051093
Ridge,LeaveOneShapeOut,1,324,circular,0.9339257495170827,1.0469928022754824
Ridge,LeaveOneShapeOut,1,325,circular,1.0162230301480055,1.0611707274239401
Ridge,LeaveOneShapeOut,1,326,circular,1.1469339218412573,1.1794728935761478
Ridge,LeaveOneShapeOut,1,327,circular,1.092546009091041,1.0879282765632912
Ridge,LeaveOneShapeOut,1,328,circular,1.1000861553214407,1.1784378056356641
Ridge,LeaveOneShapeOut,1,329,circular,1.0087307049043397,1.087026316241413
Ridge,LeaveOneShapeOut,1,330,circular,1.1484501212624212,1.1155243838723357
Ridge,LeaveOneShapeOut,1,331,circular,1.1529242603297682,1.134657206440225
Ridge,LeaveOneShapeOut,1,332,circular,1.2904751739807487,1.1816409530024259
Ridge,LeaveOneShapeOut,1,333,circular,1.3986321931244245,1.2117054394402227
Ridge,LeaveOneShapeOut,1,334,circular,1.2682445144448073,1.0683766705709228
Ridge,LeaveOneShapeOut,1,335,circular,1.2631163095652482,1.0683766705709228
Ridge,LeaveOneShapeOut,1,336,circular,1.1895466598960975,1.0912836595203534
Ridge,LeaveOneShapeOut,1,337,circular,1.2051519231744006,1.0912836595203534
Ridge,LeaveOneShapeOut,1,338,circular,1.3434511412160852,1.133943610607217
Ridge,LeaveOneShapeOut,1,339,circular,1.4076120631650018,1.133943610607217
Ridge,LeaveOneShapeOut,1,340,circular,1.4131294140157122,1.195926127068937
Ridge,LeaveOneShapeOut,1,341,circular,1.4090014799922972,1.195926127068937
Ridge,LeaveOneShapeOut,1,342,circular,1.2512502109547927,1.0068579185387259
Ridge,LeaveOneShapeOut,1,343,circular,1.194727836500679,1.0068579185387259
Ridge,LeaveOneShapeOut,1,344,circular,1.1627385870083158,1.0256616173935496
Ridge,LeaveOneShapeOut,1,345,circular,1.1558303740888456,1.0256616173935496
Ridge,LeaveOneShapeOut,1,346,circular,1.2854163440072908,1.07228487227577
Ridge,LeaveOneShapeOut,1,347,circular,1.2786766813827724,1.07228487227577
Ridge,LeaveOneShapeOut,1,348,circular,1.3537218351572846,1.1019992478580132
Ridge,LeaveOneShapeOut,1,349,circular,1.3212615545224988,1.1019992478580132
Ridge,LeaveOneShapeOut,1,350,circular,1.1995720476405545,1.1330181270906525
Ridge,LeaveOneShapeOut,1,351,circular,1.1809166022318427,1.0500339914260932
Ridge,LeaveOneShapeOut,1,352,circular,1.0748673043457417,1.023084755118761
Ridge,LeaveOneShapeOut,1,353,circular,1.2269958514308963,1.1535569500312515
Ridge,LeaveOneShapeOut,1,354,circular,1.1320785534773934,1.0718405322127647
Ridge,LeaveOneShapeOut,1,355,circular,1.0934447473345092,1.0449782317413612
Ridge,LeaveOneShapeOut,1,356,circular,1.220907275112158,1.2128902303614426
Ridge,LeaveOneShapeOut,1,357,circular,1.0712085131381346,1.1296424032144596
Ridge,LeaveOneShapeOut,1,358,circular,1.0747060958035308,1.10277111319395
Ridge,LeaveOneShapeOut,1,359,circular,1.1426382828215833,1.0913554330581428
Ridge,LeaveOneShapeOut,1,360,circular,1.2204093047324287,1.147158186435204
Ridge,LeaveOneShapeOut,1,361,circular,1.1951532343242832,1.1479056767450568
Ridge,LeaveOneShapeOut,1,362,circular,1.253162744858469,1.1549996789556867
Ridge,LeaveOneShapeOut,1,363,circular,1.410690975522547,1.1980374927012434
Ridge,LeaveOneShapeOut,1,364,circular,1.3287666544027426,1.1171311206578762
Ridge,LeaveOneShapeOut,1,365,circular,1.2535131146099987,1.127328310982325
Ridge,LeaveOneShapeOut,1,366,circular,1.3834440469848879,1.1667557789664307
Ridge,LeaveOneShapeOut,1,367,circular,1.2268643277129487,1.1354114450742556
Ridge,LeaveOneShapeOut,1,368,circular,1.2343448087834648,1.1444696425518133
Ridge,LeaveOneShapeOut,1,369,circular,1.4019339057226425,1.1847647716637149
Ridge,LeaveOneShapeOut,1,370,circular,1.4247851688507547,1.184376223916758
Ridge,LeaveOneShapeOut,1,371,circular,1.2774436061249554,1.1901748652877577
Ridge,LeaveOneShapeOut,1,372,circular,1.307463933260314,1.2011730344599718
Ridge,LeaveOneShapeOut,1,373,circular,1.4590225375244026,1.2411177675754814
Ridge,LeaveOneShapeOut,1,374,circular,1.220169597230472,1.147472691652216
Ridge,LeaveOneShapeOut,1,375,circular,1.2098260052479615,1.1371407586122513
Ridge,LeaveOneShapeOut,1,376,circular,1.2949004125196468,1.1585677519214028
Ridge,LeaveOneShapeOut,1,377,circular,1.2749949798711437,1.15779418850225
Ridge,LeaveOneShapeOut,1,378,circular,1.282094241059635,1.1647303255157602
Ridge,LeaveOneShapeOut,1,379,circular,1.2945158603944777,1.163857202679399
Ridge,LeaveOneShapeOut,1,380,circular,1.3544066431861226,1.1731031858583307
Ridge,LeaveOneShapeOut,1,381,circular,1.3622828817848462,1.1178526418571992
Ridge,LeaveOneShapeOut,1,382,circular,1.2468443947618897,1.1098507791595673
Ridge,LeaveOneShapeOut,1,383,circular,1.2672884252356018,1.1290773465861386
Ridge,LeaveOneShapeOut,1,384,circular,1.291555198923066,1.1340323622292467
Ridge,LeaveOneShapeOut,1,385,circular,1.288675645238375,1.134232374105005
Ridge,LeaveOneShapeOut,1,386,circular,1.2490609221562923,1.1437918981087876
Ridge,LeaveOneShapeOut,1,387,circular,1.286870529047561,1.1436712915281149
Ridge,LeaveOneShapeOut,1,388,circular,1.3438725632484756,1.135796246561422
Ridge,LeaveOneShapeOut,1,389,circular,1.2257063169875246,1.1266549596821642
Ridge,LeaveOneShapeOut,1,390,circular,1.2791487844243277,1.1465817105877347
Ridge,LeaveOneShapeOut,1,391,circular,1.2670605513611748,1.1509438039289739
Ridge,LeaveOneShapeOut,1,392,circular,1.2441530285865783,1.1517986082999285
Ridge,LeaveOneShapeOut,1,393,circular,1.2673463190737095,1.1613945409128932
Ridge,LeaveOneShapeOut,1,394,circular,1.2683585085983282,1.1617730872227625
Ridge,LeaveOneShapeOut,1,395,circular,1.2823788993562046,1.1914400860988927
Ridge,LeaveOneShapeOut,1,396,circular,1.235038553303725,1.1837868993337848
Ridge,LeaveOneShapeOut,1,397,circular,1.3200127286601904,1.2022539485254236
Ridge,LeaveOneShapeOut,1,398,circular,1.3516993360623062,1.2059387336979015
Ridge,LeaveOneShapeOut,1,399,circular,1.1456366091921784,1.0537129397562035
Ridge,LeaveOneShapeOut,1,400,circular,1.1575768700669187,1.0537129397562035
Ridge,LeaveOneShapeOut,1,401,circular,1.1764299135533505,1.0537129397562035
Ridge,LeaveOneShapeOut,1,402,circular,1.158563920860915,1.0131960547830277
Ridge,LeaveOneShapeOut,1,403,circular,1.0769816123297524,1.0131960547830277
Ridge,LeaveOneShapeOut,1,404,circular,1.1257407180116425,1.0131960547830277
Ridge,LeaveOneShapeOut,1,405,circular,0.9885270233776388,0.9679750074518892
Ridge,LeaveOneShapeOut,1,406,circular,1.0783931164119696,0.9679750074518892
Ridge,LeaveOneShapeOut,1,407,circular,1.0361031902781668,0.9679750074518892
Ridge,LeaveOneShapeOut,1,408,circular,1.0869105743635306,0.9398010594364747
Ridge,LeaveOneShapeOut,1,409,circular,1.1448031386011281,0.9398010594364747
Ridge,LeaveOneShapeOut,1,410,circular,1.0465299957494056,0.9398010594364747
Ridge,LeaveOneShapeOut,1,411,circular,1.1966957273711798,1.0664021656040237
Ridge,LeaveOneShapeOut,1,412,circular,1.1633442640197864,1.0664021656040237
Ridge,LeaveOneShapeOut,1,413,circular,1.1689970544183277,1.0664021656040237
Ridge,LeaveOneShapeOut,1,414,circular,1.200839968966233,1.0226724395553288
Ridge,LeaveOneShapeOut,1,415,circular,1.1248508298347624,1.0226724395553288
Ridge,LeaveOneShapeOut,1,416,circular,1.209479105433616,1.0226724395553288
Ridge,LeaveOneShapeOut,1,417,circular,1.108420440267482,1.003459448108434
Ridge,LeaveOneShapeOut,1,418,circular,1.1193408386937624,1.003459448108434
Ridge,LeaveOneShapeOut,1,419,circular,1.0705333436865083,1.003459448108434
Ridge,LeaveOneShapeOut,1,420,circular,1.1115066128395268,0.9748738355451335
Ridge,LeaveOneShapeOut,1,421,circular,1.143938834802967,0.9748738355451335
Ridge,LeaveOneShapeOut,1,422,circular,1.117630616216053,0.9748738355451335
Ridge,LeaveOneShapeOut,1,423,circular,1.250094356066993,1.0845592452912356
Ridge,LeaveOneShapeOut,1,424,circular,1.255615974247501,1.0845592452912356
Ridge,LeaveOneShapeOut,1,425,circular,1.2175168088019963,1.0845592452912356
Ridge,LeaveOneShapeOut,1,426,circular,1.2950278181808799,1.065943132816561
Ridge,LeaveOneShapeOut,1,427,circular,1.2126169570239147,1.065943132816561
Ridge,LeaveOneShapeOut,1,428,circular,1.2243899371891955,1.065943132816561
Ridge,LeaveOneShapeOut,1,429,circular,1.1743142604760686,1.0353314020749687
Ridge,LeaveOneShapeOut,1,430,circular,1.2139187167349488,1.0353314020749687
Ridge,LeaveOneShapeOut,1,431,circular,1.1932738406000005,1.0353314020749687
Ridge,LeaveOneShapeOut,1,432,circular,1.1603149777096642,1.025648765218928
Ridge,LeaveOneShapeOut,1,433,circular,1.1732156482628429,1.025648765218928
Ridge,LeaveOneShapeOut,1,434,circular,1.1383551696124758,1.025648765218928
Ridge,LeaveOneShapeOut,1,435,circular,1.136205061407592,1.0691855660093366
Ridge,LeaveOneShapeOut,1,436,circular,1.1837321055556502,1.0884390673302013
Ridge,LeaveOneShapeOut,1,437,circular,1.1285449094648452,1.1150900229944687
Ridge,LeaveOneShapeOut,1,438,circular,1.1227523900855292,1.1729035897022948
Ridge,LeaveOneShapeOut,1,439,circular,1.167311509591246,1.0603362596133814
Ridge,LeaveOneShapeOut,1,440,circular,1.244275159310521,1.0831731712497814
Ridge,LeaveOneShapeOut,1,441,circular,1.2059882136778968,1.1061593602013475
Ridge,LeaveOneShapeOut,1,442,circular,1.2660904399745998,1.1636648252139854
Ridge,LeaveOneShapeOut,1,443,circular,1.2193656335090768,1.1552534695414518
Ridge,LeaveOneShapeOut,1,444,circular,1.0980365335263236,1.025920556417981
Ridge,LeaveOneShapeOut,1,445,circular,1.094780679517756,1.052010151620271
Ridge,LeaveOneShapeOut,1,446,circular,1.1254903843034576,1.1084632073963356
Ridge,LeaveOneShapeOut,1,447,circular,1.1811788280767848,1.1554884843552535
Ridge,LeaveOneShapeOut,1,448,circular,1.2437399821086135,1.1673783393111459
Ridge,LeaveOneShapeOut,1,449,circular,1.2577319063356134,1.1790240476557787
Ridge,LeaveOneShapeOut,1,450,circular,1.1121276540275178,1.1452778936194807
Ridge,LeaveOneShapeOut,1,451,circular,1.189648160647048,1.157167748575373
Ridge,LeaveOneShapeOut,1,452,circular,1.25195418927106,1.168813456920006
Ridge,LeaveOneShapeOut,1,453,circular,1.1678173543464752,1.1326476866068713
Ridge,LeaveOneShapeOut,1,454,circular,1.2150073469027478,1.1445375415627637
Ridge,LeaveOneShapeOut,1,455,circular,1.2418209384769063,1.1561832499073965
Ridge,LeaveOneShapeOut,1,456,circular,1.198140263818663,1.151815091984121
Ridge,LeaveOneShapeOut,1,457,circular,1.1855044785086055,1.1532298380027721
Ridge,LeaveOneShapeOut,1,458,circular,1.2090963058671387,1.1482681317189314
Ridge,LeaveOneShapeOut,1,459,circular,1.3259799981856513,1.1637049469400134
Ridge,LeaveOneShapeOut,1,460,circular,1.299020194398419,1.1651196929586645
Ridge,LeaveOneShapeOut,1,461,circular,1.3434363952751693,1.160157986674824
Ridge,LeaveOneShapeOut,1,462,circular,1.281033681703701,1.1753506552846462
Ridge,LeaveOneShapeOut,1,463,circular,1.2523021338937257,1.1767654013032973
Ridge,LeaveOneShapeOut,1,464,circular,1.2935766863339573,1.1718036950194568
Ridge,LeaveOneShapeOut,1,465,circular,1.1250605898685158,1.1408464785151815
Ridge,LeaveOneShapeOut,1,466,circular,1.1263474694221658,1.1431361794731776
Ridge,LeaveOneShapeOut,1,467,circular,1.1413646115604044,1.137689606368768
Ridge,LeaveOneShapeOut,1,468,circular,1.2494831646191205,1.1527363334710738
Ridge,LeaveOneShapeOut,1,469,circular,1.2330886261133327,1.15502603442907
Ridge,LeaveOneShapeOut,1,470,circular,1.2417298628121878,1.1495794613246604
Ridge,LeaveOneShapeOut,1,471,circular,1.265565498136139,1.1643820418157067
Ridge,LeaveOneShapeOut,1,472,circular,1.261434568255463,1.166671742773703
Ridge,LeaveOneShapeOut,1,473,circular,1.2814067423059525,1.1612251696692932
Ridge,LeaveOneShapeOut,1,474,circular,1.1412579581680564,1.1255505407402364
Ridge,LeaveOneShapeOut,1,475,circular,1.1639612532058294,1.1299009226202925
Ridge,LeaveOneShapeOut,1,476,circular,1.1683730857239734,1.1229326807987534
Ridge,LeaveOneShapeOut,1,477,circular,1.1826622653806047,1.1374403956961288
Ridge,LeaveOneShapeOut,1,478,circular,1.2042128286825535,1.1417907775761849
Ridge,LeaveOneShapeOut,1,479,circular,1.1994765786206814,1.1348225357546458
Ridge,LeaveOneShapeOut,1,480,circular,1.2300282858041112,1.1490861040407616
Ridge,LeaveOneShapeOut,1,481,circular,1.2323447321023147,1.1534364859208177
Ridge,LeaveOneShapeOut,1,482,circular,1.2559683700923228,1.1464682440992786
Ridge,LeaveOneShapeOut,1,483,circular,1.097409187610453,1.1305458163680224
Ridge,LeaveOneShapeOut,1,484,circular,1.12554788472867,1.1305458163680224
Ridge,LeaveOneShapeOut,1,485,circular,1.1529675365057692,1.110420364693878
Ridge,LeaveOneShapeOut,1,486,circular,1.1852281853374391,1.110420364693878
Ridge,LeaveOneShapeOut,1,487,circular,1.122012685118459,1.0863882207578401
Ridge,LeaveOneShapeOut,1,488,circular,1.1015644821562767,1.0863882207578401
Ridge,LeaveOneShapeOut,1,489,circular,1.0637998792821723,1.0636057108847385
Ridge,LeaveOneShapeOut,1,490,circular,1.07947210172219,1.0636057108847385
Ridge,LeaveOneShapeOut,1,491,circular,0.9842650644053778,1.0420728350745734
Ridge,LeaveOneShapeOut,1,492,circular,1.0221405808078126,1.0420728350745734
Ridge,LeaveOneShapeOut,1,493,circular,1.2803725519731772,1.1238815495221723
Ridge,LeaveOneShapeOut,1,494,circular,1.2443901851729942,1.1238815495221723
Ridge,LeaveOneShapeOut,1,495,circular,1.1680967901425083,1.1040340664184236
Ridge,LeaveOneShapeOut,1,496,circular,1.1555366096033417,1.1040340664184236
Ridge,LeaveOneShapeOut,1,497,circular,1.1389998201135163,1.0803493831953803
Ridge,LeaveOneShapeOut,1,498,circular,1.0616452868758604,1.0803493831953803
Ridge,LeaveOneShapeOut,1,499,circular,1.0846139454825912,1.0579143340352735
Ridge,LeaveOneShapeOut,1,500,circular,1.0813816522675768,1.0579143340352735
Ridge,LeaveOneShapeOut,1,501,circular,1.0516109537673108,1.0367289189381028
Ridge,LeaveOneShapeOut,1,502,circular,1.0771791624586369,1.0367289189381028
Ridge,LeaveOneShapeOut,1,503,circular,1.2520069830423897,1.1165403591816798
Ridge,LeaveOneShapeOut,1,504,circular,1.2664978046053803,1.1165403591816798
Ridge,LeaveOneShapeOut,1,505,circular,1.1509658965396408,1.0734126211291821
Ridge,LeaveOneShapeOut,1,506,circular,1.110275183025613,1.0734126211291821
Ridge,LeaveOneShapeOut,1,507,circular,1.0614219390071202,1.0306641914347394
Ridge,LeaveOneShapeOut,1,508,circular,1.0794121413631732,1.0306641914347394
Ridge,LeaveOneShapeOut,1,509,circular,1.2207707577349554,1.15440581180218
Ridge,LeaveOneShapeOut,1,510,circular,1.216295289923274,1.1486367707991991
Ridge,LeaveOneShapeOut,1,511,circular,1.2763529435507894,1.1792397476084306
Ridge,LeaveOneShapeOut,1,512,circular,1.246315770469367,1.1734564062589885
Ridge,LeaveOneShapeOut,1,513,circular,1.4600404038278534,1.2098138702925962
Ridge,LeaveOneShapeOut,1,514,circular,1.3551376186293855,1.2098138702925962
Ridge,LeaveOneShapeOut,1,515,circular,1.4154313194801356,1.2030206262256913
Ridge,LeaveOneShapeOut,1,516,circular,1.3991619939688698,1.2030206262256913
Ridge,LeaveOneShapeOut,1,517,circular,1.3422696164404564,1.1972812831564559
Ridge,LeaveOneShapeOut,1,518,circular,1.3377349217903196,1.1972812831564559
Ridge,LeaveOneShapeOut,1,519,circular,1.4737078098499086,1.1970039928664908
Ridge,LeaveOneShapeOut,1,520,circular,1.42382207298616,1.2078034167247274
Ridge,LeaveOneShapeOut,1,521,circular,1.4600404038278534,1.2098138702925962
Ridge,LeaveOneShapeOut,1,522,circular,1.3551376186293855,1.2206132941508328
Ridge,LeaveOneShapeOut,1,523,circular,1.4602452591610375,1.142199208426568
Ridge,LeaveOneShapeOut,1,524,circular,1.3551804572773791,1.142199208426568
Ridge,LeaveOneShapeOut,1,525,circular,1.261950280076963,1.0814029568349026
Ridge,LeaveOneShapeOut,1,526,circular,1.2070770909871522,1.0768236317310291
Ridge,LeaveOneShapeOut,1,527,circular,1.2872591031213836,1.0814029568349026
Ridge,LeaveOneShapeOut,1,528,circular,1.2295175877440858,1.0768236317310291
Ridge,LeaveOneShapeOut,1,529,circular,1.0749994218548684,1.1472038670454048
Ridge,LeaveOneShapeOut,1,530,circular,1.1455487199286842,1.122298463621589
Ridge,LeaveOneShapeOut,1,531,circular,1.1156002980635482,1.1131091832016904
Ridge,LeaveOneShapeOut,1,532,circular,1.1812493418381194,1.101344616011523
Ridge,LeaveOneShapeOut,1,533,circular,1.1703975528389767,1.0787652468717108
Ridge,LeaveOneShapeOut,1,534,circular,1.178400362037723,1.092707842063895
Ridge,LeaveOneShapeOut,1,535,circular,1.14403126667179,1.0810140038060365
Ridge,LeaveOneShapeOut,1,536,circular,1.1042621429645079,1.0592808709253345
Ridge,LeaveOneShapeOut,1,537,circular,1.1118741096181768,1.0689536410069997
Ridge,LeaveOneShapeOut,1,538,circular,1.0975680037783655,1.0586092670834288
Ridge,LeaveOneShapeOut,1,539,circular,1.1234142745770122,1.043148057270407
Ridge,LeaveOneShapeOut,1,540,circular,1.136360554615098,1.136737771085955
Ridge,LeaveOneShapeOut,1,541,circular,1.2168271823181187,1.1347648342084955
Ridge,LeaveOneShapeOut,1,542,circular,1.213506864240547,1.1375688172239509
Ridge,LeaveOneShapeOut,1,543,circular,1.3390171937925537,1.1452258560135913
Ridge,LeaveOneShapeOut,1,544,circular,1.2679319917387057,1.1464775880389513
Ridge,LeaveOneShapeOut,1,545,circular,1.2216366617289183,1.1448887188451673
Ridge,LeaveOneShapeOut,1,546,circular,1.1939933015828132,1.1191793494394613
Ridge,LeaveOneShapeOut,1,547,circular,1.2313271775294552,1.1182121388710609
Ridge,LeaveOneShapeOut,1,548,circular,1.2657307970870473,1.120413263785397
Ridge,LeaveOneShapeOut,1,549,circular,1.2987951649060503,1.1039498396723746
Ridge,LeaveOneShapeOut,1,550,circular,1.2045657462863062,1.1032697763029888
Ridge,LeaveOneShapeOut,1,551,circular,1.1706389361953242,1.103065846193181
Ridge,LeaveOneShapeOut,1,552,circular,1.2974059019704027,1.0873926940353118
Ridge,LeaveOneShapeOut,1,553,circular,1.2336684323588558,1.086846896234101
Ridge,LeaveOneShapeOut,1,554,circular,1.2434786890775043,1.0876659986091506
Ridge,LeaveOneShapeOut,1,555,circular,1.24744725501182,1.1757597144461964
Ridge,LeaveOneShapeOut,1,556,circular,1.2255351324166173,1.1207679208536017
Ridge,LeaveOneShapeOut,1,557,circular,1.212461976536215,1.077024448677674
Ridge,LeaveOneShapeOut,1,558,circular,1.2390348241766387,1.1418272020100435
Ridge,LeaveOneShapeOut,1,559,circular,1.3099147850734096,1.1806533723673756
Ridge,LeaveOneShapeOut,1,560,circular,1.1191135566181951,1.0949402173424096
Ridge,LeaveOneShapeOut,1,561,circular,1.125520396023584,1.094727635311934
Ridge,LeaveOneShapeOut,1,562,circular,1.0688796897447055,1.0232064643431666
Ridge,LeaveOneShapeOut,1,563,circular,1.0709849653873482,0.9628056054552445
Ridge,LeaveOneShapeOut,1,564,circular,1.1103910581529506,1.0828501881330233
Ridge,LeaveOneShapeOut,1,565,circular,1.1128519849889325,1.0821710665823046
Ridge,LeaveOneShapeOut,1,566,circular,1.0119426075976625,0.9955723200319763
Ridge,LeaveOneShapeOut,1,567,circular,1.0587853148826611,0.9007686273726541
Ridge,LeaveOneShapeOut,1,568,circular,1.169989109233401,1.0255223182153308
Ridge,LeaveOneShapeOut,1,569,circular,1.4822375104324539,1.2061535568025648
Ridge,LeaveOneShapeOut,1,570,circular,1.1172119113349281,1.2177177466057907
Ridge,LeaveOneShapeOut,1,571,circular,1.1955313826950031,1.1885682173722032
Ridge,LeaveOneShapeOut,1,572,circular,1.1672017543078723,1.230597448016272
Ridge,LeaveOneShapeOut,1,573,circular,1.5017169424717123,1.2051674319390402
Ridge,LeaveOneShapeOut,1,574,circular,1.4594150567682838,1.2051674319390402
Ridge,LeaveOneShapeOut,1,575,circular,1.4752782639070696,1.2051674319390402
Ridge,LeaveOneShapeOut,1,576,circular,1.419519117076611,1.2143413341050233
Ridge,LeaveOneShapeOut,1,577,circular,1.4377180801160547,1.2143413341050233
Ridge,LeaveOneShapeOut,1,578,circular,1.0939191567339017,1.212600271148412
Ridge,LeaveOneShapeOut,1,579,circular,1.1082076544678416,1.2351392188065888
Ridge,LeaveOneShapeOut,1,580,circular,1.1189148124866442,1.2576781664647654
Ridge,LeaveOneShapeOut,1,581,circular,1.125154244488275,1.2802171141229421
Ridge,LeaveOneShapeOut,1,582,circular,1.1253876898014403,1.1887490867932222
Ridge,LeaveOneShapeOut,1,583,circular,1.103812716496891,1.2119441527999055
Ridge,LeaveOneShapeOut,1,584,circular,1.0985823082868367,1.258334284813272
Ridge,LeaveOneShapeOut,1,585,circular,1.0973071033105124,1.2815293508199554
Ridge,LeaveOneShapeOut,1,586,circular,1.07813229112156,1.0430865633216415
Ridge,LeaveOneShapeOut,1,587,circular,1.0720181076632134,1.1080748220699148
Ridge,LeaveOneShapeOut,1,588,circular,1.0996992675102513,1.1400742162805064
Ridge,LeaveOneShapeOut,1,589,circular,1.1065761847263786,1.1718890315693582
Ridge,LeaveOneShapeOut,1,590,circular,1.0891297555800707,1.2035676827766775
Ridge,LeaveOneShapeOut,1,591,circular,1.1179292663043983,1.1641895074040989
Ridge,LeaveOneShapeOut,1,592,circular,1.1027615541905644,1.1936367203072098
Ridge,LeaveOneShapeOut,1,593,circular,1.1083054834975656,1.2886970029022358
Ridge,LeaveOneShapeOut,1,594,circular,1.0963834458272042,1.354310072594151
Ridge,LeaveOneShapeOut,1,595,circular,1.1121008667663637,1.1783001458685016
Ridge,LeaveOneShapeOut,1,596,circular,1.1104141617106007,1.2067196823375452
Ridge,LeaveOneShapeOut,1,597,circular,1.1053752629591076,1.2635587552756324
Ridge,LeaveOneShapeOut,1,598,circular,1.101641173779054,1.2919782917446763
Ridge,LeaveOneShapeOut,1,599,circular,1.4737078098499086,1.1970039928664908
Ridge,LeaveOneShapeOut,1,600,circular,1.3552291847985056,1.2078034167247274
Ridge,LeaveOneShapeOut,1,601,circular,1.4600404038278534,1.2098138702925962
Ridge,LeaveOneShapeOut,1,602,circular,1.3551376186293855,1.2206132941508328
Ridge,LeaveOneShapeOut,1,603,circular,1.1982356859759895,1.162126482366177
Ridge,LeaveOneShapeOut,1,604,circular,1.3597925128136246,1.1554893071156267
Ridge,LeaveOneShapeOut,1,605,circular,1.3584960645166095,1.1549950514293994
Ridge,LeaveOneShapeOut,1,606,circular,1.3100033270154159,1.1549950514293994
Ridge,LeaveOneShapeOut,1,607,circular,1.2913700832474397,1.188938969272137
Ridge,LeaveOneShapeOut,1,608,circular,1.4978151073335477,1.2094388599014985
Ridge,LeaveOneShapeOut,1,609,circular,1.2096830310287026,1.176015457056841
Ridge,LeaveOneShapeOut,1,610,circular,1.2873230266774571,1.176015457056841
Ridge,LeaveOneShapeOut,1,611,circular,1.4530112728655133,1.1946721589692042
Ridge,LeaveOneShapeOut,1,612,circular,1.4109684844565789,1.1946721589692042
Ridge,LeaveOneShapeOut,1,613,circular,1.2390348241766387,1.1418272020100435
Ridge,LeaveOneShapeOut,1,614,circular,1.3099147850734096,1.1806533723673756
Ridge,LeaveOneShapeOut,1,615,circular,1.306829976743478,1.1435729179787066
Ridge,LeaveOneShapeOut,1,616,circular,1.290747621841903,1.1435729179787066
Ridge,LeaveOneShapeOut,1,617,circular,1.3332390142216342,1.150553421017662
Ridge,LeaveOneShapeOut,1,618,circular,1.3086128646971864,1.150553421017662
Ridge,LeaveOneShapeOut,1,619,circular,1.3199099921891184,1.1582527276655263
Ridge,LeaveOneShapeOut,1,620,circular,1.3389618107830723,1.1582527276655263
Ridge,LeaveOneShapeOut,1,621,circular,1.330175403702272,1.1634216729644027
Ridge,LeaveOneShapeOut,1,622,circular,1.3453508784579917,1.1634216729644027
Ridge,LeaveOneShapeOut,1,623,circular,1.3180270589589476,1.1699993892626952
Ridge,LeaveOneShapeOut,1,624,circular,1.352620773381636,1.1699993892626952
Ridge,LeaveOneShapeOut,1,625,circular,1.2617665934601323,1.1900009751347225
Ridge,LeaveOneShapeOut,1,626,circular,1.3285906550290896,1.115883312945409
Ridge,LeaveOneShapeOut,1,627,circular,1.3313087177790965,1.1005395180806983
Ridge,LeaveOneShapeOut,1,628,circular,1.4053136480542652,1.0912327751690392
Ridge,LeaveOneShapeOut,1,629,circular,1.3001385373329486,1.1626007061459191
Ridge,LeaveOneShapeOut,1,630,circular,1.2362028679086534,1.147187184787854
Ridge,LeaveOneShapeOut,1,631,circular,1.2965312518289938,1.1378381494346248
Ridge,LeaveOneShapeOut,1,632,circular,1.3204525886930352,1.1968956255934862
Ridge,LeaveOneShapeOut,1,633,circular,1.2966698880718244,1.1721384376803556
Ridge,LeaveOneShapeOut,1,634,circular,1.3546268449969268,1.1973763777804383
Ridge,LeaveOneShapeOut,1,635,circular,1.3040760471428814,1.1668362111764397
Ridge,LeaveOneShapeOut,1,636,circular,1.2239856207435866,1.1920610080736949
Ridge,LeaveOneShapeOut,1,637,circular,1.2280509343017207,1.1683997931500079
Ridge,LeaveOneShapeOut,1,638,circular,1.1604974665781171,1.1683997931500079
Ridge,LeaveOneShapeOut,1,639,circular,1.2478356905643953,1.161190769810173
Ridge,LeaveOneShapeOut,1,640,circular,1.2598277046755322,1.161190769810173
Ridge,LeaveOneShapeOut,1,641,circular,1.2968281953681047,1.1457262103634025
Ridge,LeaveOneShapeOut,1,642,circular,1.2886129941304787,1.1457262103634025
Ridge,LeaveOneShapeOut,1,643,circular,1.3357650442006035,1.1183277156384006
Ridge,LeaveOneShapeOut,1,644,circular,1.2936721089566459,1.1467472521074444
Ridge,LeaveOneShapeOut,1,645,circular,1.275484545351331,1.1861176732424217
Ridge,LeaveOneShapeOut,1,646,circular,1.2903183386642592,1.151520202708572
Ridge,LeaveOneShapeOut,1,647,circular,1.2604272961433265,1.1767949002562914
Ridge,LeaveOneShapeOut,1,648,circular,1.2110363638509196,1.1426647588406305
Ridge,LeaveOneShapeOut,1,649,circular,1.2889693276319096,1.193058372296108
Ridge,LeaveOneShapeOut,1,650,circular,1.212706933739826,1.1588492865223983
Ridge,LeaveOneShapeOut,1,651,circular,1.2996749058776849,1.1304395355121237
Ridge,LeaveOneShapeOut,1,652,circular,1.3569351531659213,1.1016341240725718
Ridge,LeaveOneShapeOut,1,653,circular,1.0862451776135187,1.1386932364559688
Ridge,LeaveOneShapeOut,1,654,circular,1.460895937684224,1.1891516034878724
Ridge,LeaveOneShapeOut,1,655,circular,1.130075412633195,1.2273105040392234
Ridge,LeaveOneShapeOut,1,656,circular,1.3167453220865304,1.15068893599977
Ridge,LeaveOneShapeOut,1,657,circular,1.0294808161480307,1.189762103079481
Ridge,LeaveOneShapeOut,1,658,circular,1.4071107610604239,1.182192065543731
Ridge,LeaveOneShapeOut,1,659,circular,1.3379552763636882,1.1727866343482687
Ridge,LeaveOneShapeOut,1,660,circular,1.458792166328811,1.1503759656712755
Ridge,LeaveOneShapeOut,1,661,circular,1.4286071933023912,1.1615398152202139
Ridge,LeaveOneShapeOut,1,662,circular,1.271291189652216,1.1946153514061773
Ridge,LeaveOneShapeOut,1,663,circular,1.2934006016461677,1.1946153514061773
Ridge,LeaveOneShapeOut,1,664,circular,1.1975931496723773,1.2082297303516725
Ridge,LeaveOneShapeOut,1,665,circular,1.2528666796572563,1.2082297303516725
Ridge,LeaveOneShapeOut,1,666,circular,1.5184172955589565,1.1288043562457832
Ridge,LeaveOneShapeOut,1,667,circular,1.4512515359158664,1.1426507442276466
Ridge,LeaveOneShapeOut,1,668,circular,1.3748654480428981,1.155655029990253
Ridge,LeaveOneShapeOut,1,669,circular,1.3665698621385245,1.1902649819852376
Ridge,LeaveOneShapeOut,1,670,circular,1.2676699633975275,1.1800437066441862
Ridge,LeaveOneShapeOut,1,671,circular,1.3556201734388373,1.1697160565566411
Ridge,LeaveOneShapeOut,1,672,circular,1.305064619754932,1.145259931647758
Ridge,LeaveOneShapeOut,1,673,circular,1.32021833450372,1.0983226779311934
Ridge,LeaveOneShapeOut,2,1070,double_skin,1.085038340528937,1.1162361860437584
Ridge,LeaveOneShapeOut,2,1071,double_skin,1.1307693397708407,1.1117637847069717
Ridge,LeaveOneShapeOut,2,1072,double_skin,1.0996757650456859,1.1341672329727415
Ridge,LeaveOneShapeOut,2,1073,double_skin,1.0955063337593287,1.1307855857075344
Ridge,LeaveOneShapeOut,2,1074,double_skin,1.0756310351027727,1.0967187654553259
Ridge,LeaveOneShapeOut,2,1075,double_skin,1.0867084948700119,1.0984956488046709
Ridge,LeaveOneShapeOut,2,1076,double_skin,1.078951380583492,1.089894160131755
Ridge,LeaveOneShapeOut,2,1077,double_skin,1.1120537623900697,1.0862881131347335
Ridge,LeaveOneShapeOut,2,1078,double_skin,0.9745069526860598,1.02547079956084
Ridge,LeaveOneShapeOut,2,1079,double_skin,1.0646821079762672,1.0439856096948104
Ridge,LeaveOneShapeOut,2,1080,double_skin,1.1010472395690756,1.039559544668147
Ridge,LeaveOneShapeOut,2,1081,double_skin,1.225138376683646,1.1084959707572402
Ridge,LeaveOneShapeOut,2,1082,double_skin,1.1018703915453945,1.1183598287986518
Ridge,LeaveOneShapeOut,2,1083,double_skin,1.1117531732571484,1.1203656858465978
Ridge,LeaveOneShapeOut,2,1084,double_skin,1.0289488059110257,1.1079254283321895
Ridge,LeaveOneShapeOut,2,1085,double_skin,1.0680368452044127,1.1063814261768814
Ridge,LeaveOneShapeOut,2,1086,double_skin,1.096170096752698,1.1039159159007825
Ridge,LeaveOneShapeOut,2,1087,double_skin,1.03783253235919,1.1036945789653692
Ridge,LeaveOneShapeOut,2,1088,double_skin,1.0932965515293875,1.1000785602711052
Ridge,LeaveOneShapeOut,2,1089,double_skin,1.02957641998359,1.0834373211206432
Ridge,LeaveOneShapeOut,2,1090,double_skin,1.0746685761783692,1.0810753400692392
Ridge,LeaveOneShapeOut,2,1091,double_skin,1.1213393502795104,1.10562430829128
Ridge,LeaveOneShapeOut,2,1092,double_skin,1.0767282149381492,1.09951803967546
Ridge,LeaveOneShapeOut,2,1093,double_skin,1.1444650003334558,1.0409440368939482
Ridge,LeaveOneShapeOut,2,1094,double_skin,1.1217744716652154,1.044520927581248
Ridge,LeaveOneShapeOut,2,1095,double_skin,1.1051765385217698,1.1287189156633948
Ridge,LeaveOneShapeOut,2,1096,double_skin,1.0721243498738824,1.1127432587301382
Ridge,LeaveOneShapeOut,2,1097,double_skin,1.0727233020246498,1.1127432587301382
Ridge,LeaveOneShapeOut,2,1098,double_skin,1.0328141890843778,1.106684923697435
Ridge,LeaveOneShapeOut,2,1099,double_skin,1.0340676043623929,1.106684923697435
Ridge,LeaveOneShapeOut,2,1100,double_skin,1.1044529636638045,1.0954888808906549
Ridge,LeaveOneShapeOut,2,1101,double_skin,1.0451896339062345,1.0954888808906549
Ridge,LeaveOneShapeOut,2,1102,double_skin,1.1143853870796028,1.165374300958188
Ridge,LeaveOneShapeOut,2,1103,double_skin,1.1069890238910214,1.165374300958188
Ridge,LeaveOneShapeOut,2,1104,double_skin,0.9766044689625246,1.0561609447889018
Ridge,LeaveOneShapeOut,2,1105,double_skin,0.9923366351292071,1.0561609447889018
Ridge,LeaveOneShapeOut,2,1106,double_skin,0.9610692058037282,1.0031647654135116
Ridge,LeaveOneShapeOut,2,1107,double_skin,0.9423152285064474,1.0031647654135116
Ridge,LeaveOneShapeOut,2,1108,double_skin,1.1044520945092842,1.1887115835008366
Ridge,LeaveOneShapeOut,2,1109,double_skin,1.114995539845314,1.168395509213272
Ridge,LeaveOneShapeOut,2,1110,double_skin,1.0376183623927866,1.1402462172985763
Ridge,LeaveOneShapeOut,2,1111,double_skin,1.0226716272060077,1.1328979346880288
Ridge,LeaveOneShapeOut,2,1112,double_skin,0.8566693631248123,1.088797625328143
Ridge,LeaveOneShapeOut,2,1113,double_skin,0.9271998598645403,1.079094550716165
Ridge,LeaveOneShapeOut,2,1114,double_skin,0.925326410066718,1.0606354642049858
Ridge,LeaveOneShapeOut,2,1115,double_skin,0.8703098302456302,1.0462896329589375
Ridge,LeaveOneShapeOut,2,1116,double_skin,0.8377371765066377,1.0352868347910293
Ridge,LeaveOneShapeOut,2,1117,double_skin,0.9498289887979507,1.1867124369248725
Ridge,LeaveOneShapeOut,2,1118,double_skin,1.08597259320373,1.166208137951483
Ridge,LeaveOneShapeOut,2,1119,double_skin,1.0088207083234033,1.137980616777687
Ridge,LeaveOneShapeOut,2,1120,double_skin,1.0115521801627119,1.1282155356327837
Ridge,LeaveOneShapeOut,2,1121,double_skin,0.8984704650298727,1.0891561975920099
Ridge,LeaveOneShapeOut,2,1122,double_skin,1.039472874890902,1.0760275277755373
Ridge,LeaveOneShapeOut,2,1123,double_skin,1.1529891151319303,1.1129604741429715
Ridge,LeaveOneShapeOut,2,1124,double_skin,1.0755686525440171,1.1074118171567333
Ridge,LeaveOneShapeOut,2,1125,double_skin,1.095381595204616,1.1366039040203748
Ridge,LeaveOneShapeOut,2,1126,double_skin,0.9405384463366621,1.13063366928962
Ridge,LeaveOneShapeOut,2,1127,double_skin,1.0737288534035496,1.084965159082655
Ridge,LeaveOneShapeOut,2,1128,double_skin,1.1435178814495957,1.092560535082472
Ridge,LeaveOneShapeOut,2,1129,double_skin,1.178103801296056,1.10895314335953
Ridge,LeaveOneShapeOut,2,1130,double_skin,1.2557662574613244,1.1173463290029093
Ridge,LeaveOneShapeOut,2,1131,double_skin,1.3850144700222473,1.0776913347973371
Ridge,LeaveOneShapeOut,2,1132,double_skin,1.2741028012909297,1.072994043125058
Ridge,LeaveOneShapeOut,2,1133,double_skin,1.1076538497478212,1.067736645970468
Ridge,LeaveOneShapeOut,2,1134,double_skin,1.3912993667134212,1.1225619875140966
Ridge,LeaveOneShapeOut,2,1135,double_skin,1.2084578394434637,1.1186521738484505
Ridge,LeaveOneShapeOut,2,1136,double_skin,1.0662309050346463,1.113092340678135
Ridge,LeaveOneShapeOut,2,1137,double_skin,1.3910278943656207,1.1532022994494462
Ridge,LeaveOneShapeOut,2,1138,double_skin,1.2494401288866919,1.1488919217599713
Ridge,LeaveOneShapeOut,2,1139,double_skin,1.0611065431023565,1.1435630984226843
Ridge,LeaveOneShapeOut,2,1140,double_skin,1.1265716552931702,0.9698314065162996
Ridge,LeaveOneShapeOut,2,1141,double_skin,1.1054702040301776,0.9698314065162996
Ridge,LeaveOneShapeOut,2,1142,double_skin,1.037793772205827,1.115932001451378
Ridge,LeaveOneShapeOut,2,1143,double_skin,1.0980070627433665,1.1157057071332601
Ridge,LeaveOneShapeOut,2,1144,double_skin,0.952786773799889,1.1154794128151422
Ridge,LeaveOneShapeOut,2,1145,double_skin,0.956328732066803,1.1152531184970245
Ridge,LeaveOneShapeOut,2,1146,double_skin,1.035432466694551,1.1150268241789065
Ridge,LeaveOneShapeOut,2,1147,double_skin,1.2459290652252117,1.1529612009616812
Ridge,LeaveOneShapeOut,2,1148,double_skin,1.1780991161155296,1.1529612009616812
Ridge,LeaveOneShapeOut,2,1149,double_skin,1.2425629198117052,1.149725387450728
Ridge,LeaveOneShapeOut,2,1150,double_skin,1.1950105950934535,1.149725387450728
Ridge,LeaveOneShapeOut,2,1151,double_skin,1.1430301000371028,1.147865706351519
Ridge,LeaveOneShapeOut,2,1152,double_skin,1.205630125799784,1.147865706351519
Ridge,LeaveOneShapeOut,2,1153,double_skin,1.1582772195696889,1.1483119941114865
Ridge,LeaveOneShapeOut,2,1154,double_skin,1.2243646398794856,1.1466573561066273
Ridge,LeaveOneShapeOut,2,1155,double_skin,1.1906936635201972,1.191513154297725
Ridge,LeaveOneShapeOut,2,1156,double_skin,1.3287419115266383,1.1898585162928659
Ridge,LeaveOneShapeOut,2,1157,double_skin,1.2177199842411268,1.1758567613663231
Ridge,LeaveOneShapeOut,2,1158,double_skin,1.3477910529547756,1.1742915181733045
Ridge,LeaveOneShapeOut,2,1159,double_skin,1.1091406115462894,1.0958315475885851
Ridge,LeaveOneShapeOut,2,1160,double_skin,1.035857858430026,1.0955994419598065
Ridge,LeaveOneShapeOut,2,1161,double_skin,0.8642582113774562,1.0956661855512018
Ridge,LeaveOneShapeOut,2,1162,double_skin,0.923191896996094,1.094430282675487
Ridge,LeaveOneShapeOut,2,1163,double_skin,1.201363899452847,1.1408610376099328
Ridge,LeaveOneShapeOut,2,1164,double_skin,1.15866797014931,1.1376720567527947
Ridge,LeaveOneShapeOut,2,1165,double_skin,1.1515242070091873,1.1330293029918332
Ridge,LeaveOneShapeOut,2,1166,double_skin,1.1492705924126416,1.1336755934474014
Ridge,LeaveOneShapeOut,2,1167,double_skin,1.1614286895421577,1.1313432481347305
Ridge,LeaveOneShapeOut,2,1168,double_skin,1.1362525663894414,1.1290084478749551
Ridge,LeaveOneShapeOut,2,1169,double_skin,1.0023292495692915,1.0688203615865939
Ridge,LeaveOneShapeOut,2,1170,double_skin,1.0379655867083115,1.0672860187343147
Ridge,LeaveOneShapeOut,2,1171,double_skin,1.087347257855018,1.0609572101162505
Ridge,LeaveOneShapeOut,2,1172,double_skin,1.0102026650026907,1.0531730479234591
Ridge,LeaveOneShapeOut,2,1173,double_skin,1.2586656054794496,1.1559318210887972
Ridge,LeaveOneShapeOut,2,1174,double_skin,1.1093270225801979,1.0887868197518358
Ridge,LeaveOneShapeOut,2,1175,double_skin,1.0777567524146088,1.0276652374449342
Ridge,LeaveOneShapeOut,2,1176,double_skin,1.1859206173745473,1.1533481004360213
Ridge,LeaveOneShapeOut,2,1177,double_skin,1.1699620861341617,1.0873994249066496
Ridge,LeaveOneShapeOut,2,1178,double_skin,1.1544495750720332,1.0265515229731248
Ridge,LeaveOneShapeOut,2,1179,double_skin,1.3329145252832497,1.1519230185320968
Ridge,LeaveOneShapeOut,2,1180,double_skin,1.205641907267419,1.0847814182753357
Ridge,LeaveOneShapeOut,2,1181,double_skin,1.1407355560413648,1.0241104232967801
Ridge,LeaveOneShapeOut,2,1182,double_skin,1.3041326362828491,1.147032886650199
Ridge,LeaveOneShapeOut,2,1183,double_skin,1.1439628464001368,1.0799515145675402
Ridge,LeaveOneShapeOut,2,1184,double_skin,1.1481266550232272,1.1460871976010747
Ridge,LeaveOneShapeOut,2,1185,double_skin,1.0121392730133485,1.0783706351977311
Ridge,LeaveOneShapeOut,2,1186,double_skin,0.9262672594881625,1.0177421137722724
Ridge,LeaveOneShapeOut,2,1187,double_skin,1.2577788351521888,1.1373490172674254
Ridge,LeaveOneShapeOut,2,1188,double_skin,1.1173435891703658,1.0710729322935413
Ridge,LeaveOneShapeOut,2,1189,double_skin,1.018187716323725,1.0108793825176083
Ridge,LeaveOneShapeOut,2,1190,double_skin,1.3263049781030598,1.1354319633153933
Ridge,LeaveOneShapeOut,2,1191,double_skin,1.2883246413813407,1.135691009443291
Ridge,LeaveOneShapeOut,2,1192,double_skin,1.1505403268106362,1.069362406758351
Ridge,LeaveOneShapeOut,2,1193,double_skin,1.1592896000500184,1.1279967684467804
Ridge,LeaveOneShapeOut,2,1194,double_skin,0.997425534391608,1.060914636607761
Ridge,LeaveOneShapeOut,2,1195,double_skin,0.8713274711953296,1.0008179272046558
Ridge,LeaveOneShapeOut,2,1196,double_skin,1.0801872300676738,1.003045920634435
Ridge,LeaveOneShapeOut,2,1197,double_skin,1.0678072880494998,1.003045920634435
Ridge,LeaveOneShapeOut,2,1198,double_skin,0.9715805561173878,1.0194968799173683
Ridge,LeaveOneShapeOut,2,1199,double_skin,1.1961804273378163,1.0194968799173683
Ridge,LeaveOneShapeOut,2,1200,double_skin,1.0965491311483904,1.2274126627185684
Ridge,LeaveOneShapeOut,2,1201,double_skin,1.1073420862539893,1.2239875503471433
Ridge,LeaveOneShapeOut,2,1202,double_skin,1.0462743926616123,1.1745034272895196
Ridge,LeaveOneShapeOut,2,1203,double_skin,1.1043150678241378,1.1710783149180946
Ridge,LeaveOneShapeOut,2,1204,double_skin,1.0485141237887667,1.1831219232077246
Ridge,LeaveOneShapeOut,2,1205,double_skin,1.0673330704541268,1.1796968108362997
Ridge,LeaveOneShapeOut,2,1206,double_skin,1.0353921611104167,1.1302740404961262
Ridge,LeaveOneShapeOut,2,1207,double_skin,1.0948995314254935,1.1268489281247014
Ridge,LeaveOneShapeOut,2,1208,double_skin,1.0039855380899558,1.16481410535317
Ridge,LeaveOneShapeOut,2,1209,double_skin,1.1134140776413095,1.221794864557061
Ridge,LeaveOneShapeOut,2,1210,double_skin,1.0631806389529381,1.161388992981745
Ridge,LeaveOneShapeOut,2,1211,double_skin,1.1145638976781345,1.2183697521856363
Ridge,LeaveOneShapeOut,2,1212,double_skin,0.9527641983415764,1.1186987584517463
Ridge,LeaveOneShapeOut,2,1213,double_skin,1.059617961514579,1.1756105999019002
Ridge,LeaveOneShapeOut,2,1214,double_skin,0.9844503918635705,1.1152736460803212
Ridge,LeaveOneShapeOut,2,1215,double_skin,1.0620631454927059,1.1721854875304751
Ridge,LeaveOneShapeOut,2,1216,double_skin,1.315611535949616,1.165926437224847
Ridge,LeaveOneShapeOut,2,1217,double_skin,1.321493870216924,1.1656075531014602
Ridge,LeaveOneShapeOut,2,1218,double_skin,1.300109647628024,1.162616411591662
Ridge,LeaveOneShapeOut,2,1219,double_skin,1.2213641571992742,1.1622816857703537
Ridge,LeaveOneShapeOut,2,1220,double_skin,1.2420221324569725,1.153161386769598
Ridge,LeaveOneShapeOut,2,1221,double_skin,1.1793810571282626,1.1537415858310949
Ridge,LeaveOneShapeOut,2,1222,double_skin,1.341401091173224,1.1570991428974091
Ridge,LeaveOneShapeOut,2,1223,double_skin,1.3590383285412608,1.1577324395643278
Ridge,LeaveOneShapeOut,2,1224,double_skin,1.341100463863825,1.1533548421989241
Ridge,LeaveOneShapeOut,2,1225,double_skin,1.3379293134408992,1.153294164148884
Ridge,LeaveOneShapeOut,2,1226,double_skin,1.2423862448572742,1.1450008583584466
Ridge,LeaveOneShapeOut,2,1227,double_skin,1.295731905940998,1.1439064197635895
Ridge,LeaveOneShapeOut,2,1228,double_skin,1.2968000682410465,1.1768931042779978
Ridge,LeaveOneShapeOut,2,1229,double_skin,1.3248671589135808,1.1765410974489308
Ridge,LeaveOneShapeOut,2,1230,double_skin,1.2727062614032296,1.1626783973176236
Ridge,LeaveOneShapeOut,2,1231,double_skin,1.2491299387414074,1.161292646155894
Ridge,LeaveOneShapeOut,2,1232,double_skin,1.2416090164603064,1.1402792567965214
Ridge,LeaveOneShapeOut,2,1233,double_skin,1.2906003436943214,1.1404338210651133
Ridge,LeaveOneShapeOut,2,1234,double_skin,1.2453334020922404,1.1452434845784962
Ridge,LeaveOneShapeOut,2,1235,double_skin,1.2710402038367952,1.1443851645532035
Ridge,LeaveOneShapeOut,2,1236,double_skin,1.2598848117446926,1.1626394363592187
Ridge,LeaveOneShapeOut,2,1237,double_skin,1.2577969075705766,1.1625545318795407
Ridge,LeaveOneShapeOut,2,1238,double_skin,1.273656042355025,1.1952874489914995
Ridge,LeaveOneShapeOut,2,1239,double_skin,1.2975117691225708,1.1949475947619033
Ridge,LeaveOneShapeOut,2,1240,double_skin,1.141933929553526,1.1249866822916967
Ridge,LeaveOneShapeOut,2,1241,double_skin,1.1122829007007686,1.1254239645770294
Ridge,LeaveOneShapeOut,2,1242,double_skin,0.9806296069327972,1.0626773706867527
Ridge,LeaveOneShapeOut,2,1243,double_skin,0.9882674121009779,1.0630645684595956
Ridge,LeaveOneShapeOut,2,1244,double_skin,0.909388460644713,0.9781766691730006
Ridge,LeaveOneShapeOut,2,1245,double_skin,0.9206280817945109,0.9781162022728436
Ridge,LeaveOneShapeOut,2,1246,double_skin,1.0627439446106552,1.1213014083857973
Ridge,LeaveOneShapeOut,2,1247,double_skin,1.0897867332299558,1.121283062608961
Ridge,LeaveOneShapeOut,2,1248,double_skin,0.9553396291415502,1.0577936955342206
Ridge,LeaveOneShapeOut,2,1249,double_skin,0.9667036756208146,1.0581430992355239
Ridge,LeaveOneShapeOut,2,1250,double_skin,0.9058718141236114,0.9729801107923377
Ridge,LeaveOneShapeOut,2,1251,double_skin,0.9071073459946644,0.9738091133099176
Ridge,LeaveOneShapeOut,2,1252,double_skin,1.0748443899621265,1.1679460785312772
Ridge,LeaveOneShapeOut,2,1253,double_skin,1.0847931967159354,1.168695502697654
Ridge,LeaveOneShapeOut,2,1254,double_skin,1.0481566093914891,1.106404511307375
Ridge,LeaveOneShapeOut,2,1255,double_skin,1.035748608751493,1.1063109161356444
Ridge,LeaveOneShapeOut,2,1256,double_skin,0.9602399654990533,1.0209948546420327
Ridge,LeaveOneShapeOut,2,1257,double_skin,0.9387466497094197,1.0209043482846307
Ridge,LeaveOneShapeOut,2,1258,double_skin,1.1649205479468496,1.1616105488775457
Ridge,LeaveOneShapeOut,2,1259,double_skin,1.1465924174971283,1.1619684707359714
Ridge,LeaveOneShapeOut,2,1260,double_skin,1.0653350438621676,1.099750626742764
Ridge,LeaveOneShapeOut,2,1261,double_skin,1.0435198380588349,1.1001345807250402
Ridge,LeaveOneShapeOut,2,1262,double_skin,0.9538377649384251,1.0133539027138134
Ridge,LeaveOneShapeOut,2,1263,double_skin,0.948673738325425,1.0149545086730845
Ridge,LeaveOneShapeOut,2,1264,double_skin,1.1593331642563451,1.0631489502089388
Ridge,LeaveOneShapeOut,2,1265,double_skin,1.1779023413012728,0.9920927401667822
Ridge,LeaveOneShapeOut,2,1266,double_skin,1.2355319912662999,1.16369397597766
Ridge,LeaveOneShapeOut,2,1267,double_skin,1.2072169873339482,1.1619990786310321
Ridge,LeaveOneShapeOut,2,1268,double_skin,1.1924214709911969,1.2061218369922908
Ridge,LeaveOneShapeOut,2,1269,double_skin,1.1955563918570484,1.2045587022836186
Ridge,LeaveOneShapeOut,2,1270,double_skin,1.2418488513599957,1.1296226308317527
Ridge,LeaveOneShapeOut,2,1271,double_skin,1.2175455825092005,1.127938547665472
Ridge,LeaveOneShapeOut,2,1272,double_skin,1.1852436392627124,1.1723806953786913
Ridge,LeaveOneShapeOut,2,1273,double_skin,1.1853745270063873,1.170820804924123
Ridge,LeaveOneShapeOut,2,1274,double_skin,1.0902173889883209,0.9758094760689501
Ridge,LeaveOneShapeOut,2,1275,double_skin,1.1730331121385693,0.9843705606053867
Ridge,LeaveOneShapeOut,2,1276,double_skin,1.1197725642725351,0.9761894174481416
Ridge,LeaveOneShapeOut,2,1277,double_skin,1.160112709927871,0.9847470089422796
Ridge,LeaveOneShapeOut,2,1278,double_skin,1.09245338928527,1.1375671634331908
Ridge,LeaveOneShapeOut,2,1279,double_skin,1.1148026517648044,1.1448479924819581
Ridge,LeaveOneShapeOut,2,1280,double_skin,1.3062699890462746,1.164922873047663
Ridge,LeaveOneShapeOut,2,1281,double_skin,1.2916893734385226,1.1616102171787197
Ridge,LeaveOneShapeOut,2,1282,double_skin,1.2358930448368057,1.1521479799368335
Ridge,LeaveOneShapeOut,2,1283,double_skin,1.3332421845351963,1.1560949872477149
Ridge,LeaveOneShapeOut,2,1284,double_skin,1.3336304167933815,1.1523488686656156
Ridge,LeaveOneShapeOut,2,1285,double_skin,1.237140156243384,1.1439875299064286
Ridge,LeaveOneShapeOut,2,1286,double_skin,1.295253040402869,1.1767253922537861
Ridge,LeaveOneShapeOut,2,1287,double_skin,1.264472988216988,1.1616717238040493
Ridge,LeaveOneShapeOut,2,1288,double_skin,1.2380719713391037,1.139776099368908
Ridge,LeaveOneShapeOut,2,1289,double_skin,1.23632053112742,1.1442379343969895
Ridge,LeaveOneShapeOut,2,1290,double_skin,1.251725829629863,1.1616329670082857
Ridge,LeaveOneShapeOut,2,1291,double_skin,1.2664965801050374,1.1942794565519408
Ridge,LeaveOneShapeOut,2,1292,double_skin,0.9296708428077955,1.1890345051190514
Ridge,LeaveOneShapeOut,2,1293,double_skin,0.9825365769244127,1.1660452192035633
Ridge,LeaveOneShapeOut,2,1294,double_skin,1.2160149331549017,1.0645280508193922
Ridge,LeaveOneShapeOut,2,1295,double_skin,1.0637062917676785,1.0490522282918655
Ridge,LeaveOneShapeOut,2,1296,double_skin,1.062512336545894,1.0860856837135175
Ridge,LeaveOneShapeOut,2,1297,double_skin,1.2449377557454981,1.1217084109382576
Ridge,LeaveOneShapeOut,2,1298,double_skin,1.2483737925091278,1.1366926225639093
Ridge,LeaveOneShapeOut,2,1299,double_skin,1.3448064616352342,1.1579488777028317
Ridge,LeaveOneShapeOut,2,1300,double_skin,1.4887661059461517,1.168305518721369
Ridge,LeaveOneShapeOut,2,1301,double_skin,1.4805381618930584,1.1840547637179226
Ridge,LeaveOneShapeOut,2,1302,double_skin,1.3626231231901993,1.1649988250484158
Ridge,LeaveOneShapeOut,2,1303,double_skin,1.5324427576719262,1.1840500775158422
Ridge,LeaveOneShapeOut,2,1304,double_skin,1.328050237434794,1.2089087829473295
Ridge,LeaveOneShapeOut,2,1305,double_skin,1.3609871368259172,1.2266846775174425
Ridge,LeaveOneShapeOut,2,1306,double_skin,1.3160703380322636,1.2051567791498123
Ridge,LeaveOneShapeOut,2,1307,double_skin,1.430059902278322,1.223793434969448
Ridge,LeaveOneShapeOut,2,1308,double_skin,1.4492314829171709,1.1565550760566328
Ridge,LeaveOneShapeOut,2,1309,double_skin,1.673702401061257,1.1722265961378577
Ridge,LeaveOneShapeOut,2,1310,double_skin,1.4504661804850634,1.153262578451892
Ridge,LeaveOneShapeOut,2,1311,double_skin,1.717567258824871,1.1722155406305914
Ridge,LeaveOneShapeOut,2,1312,double_skin,1.2570825716776333,1.19868269933859
Ridge,LeaveOneShapeOut,2,1313,double_skin,1.395855754418989,1.2163860803531752
Ridge,LeaveOneShapeOut,2,1314,double_skin,1.3778941259096227,1.1949490868136303
Ridge,LeaveOneShapeOut,2,1315,double_skin,1.4696556798213947,1.2124517961638313
Ridge,LeaveOneShapeOut,3,674,rectangular,1.06953698397908,1.302094106671324
Ridge,LeaveOneShapeOut,3,675,rectangular,1.0716465243814055,1.302094106671324
Ridge,LeaveOneShapeOut,3,676,rectangular,1.0462366417310374,1.3155914932943393
Ridge,LeaveOneShapeOut,3,677,rectangular,1.023264728934967,1.343492022362837
Ridge,LeaveOneShapeOut,3,678,rectangular,1.0213662786029911,1.343492022362837
Ridge,LeaveOneShapeOut,3,679,rectangular,1.0605662066642707,1.3756502125541084
Ridge,LeaveOneShapeOut,3,680,rectangular,1.0590065504779997,1.3756502125541084
Ridge,LeaveOneShapeOut,3,681,rectangular,0.9291387514086493,1.1788986046412224
Ridge,LeaveOneShapeOut,3,682,rectangular,1.0127561317700873,1.1281966939908885
Ridge,LeaveOneShapeOut,3,683,rectangular,0.8818123522200535,1.1497564433402543
Ridge,LeaveOneShapeOut,3,684,rectangular,0.9632749833968759,1.1854421218563944
Ridge,LeaveOneShapeOut,3,685,rectangular,0.8908545915693714,1.3396902652765204
Ridge,LeaveOneShapeOut,3,686,rectangular,0.9507109204994402,1.3327435136940633
Ridge,LeaveOneShapeOut,3,687,rectangular,0.9585829643136233,1.3282238191095437
Ridge,LeaveOneShapeOut,3,688,rectangular,0.9595862668053858,1.3302505896489658
Ridge,LeaveOneShapeOut,3,689,rectangular,0.9884695799780571,1.3384923856560311
Ridge,LeaveOneShapeOut,3,690,rectangular,1.0401008214518896,1.3101671287025125
Ridge,LeaveOneShapeOut,3,691,rectangular,0.9186291926691872,1.3123920099540753
Ridge,LeaveOneShapeOut,3,692,rectangular,1.0192749456133143,1.31069525943503
Ridge,LeaveOneShapeOut,3,693,rectangular,0.9127835333850577,1.3129201406865931
Ridge,LeaveOneShapeOut,3,694,rectangular,0.9972231171660454,1.3101525650641905
Ridge,LeaveOneShapeOut,3,695,rectangular,0.9128426995596877,1.3123774463157536
Ridge,LeaveOneShapeOut,3,696,rectangular,1.003832816207337,1.3077759767678612
Ridge,LeaveOneShapeOut,3,697,rectangular,0.9125752874612155,1.3100008580194242
Ridge,LeaveOneShapeOut,3,698,rectangular,1.027009289900049,1.3014363676850298
Ridge,LeaveOneShapeOut,3,699,rectangular,1.0482746914157164,1.157255379457002
Ridge,LeaveOneShapeOut,3,700,rectangular,0.9167472922833516,1.1020929719162817
Ridge,LeaveOneShapeOut,3,701,rectangular,0.8640136456166635,1.0493598355862572
Ridge,LeaveOneShapeOut,3,702,rectangular,0.9608620035264834,1.1129523333349611
Ridge,LeaveOneShapeOut,3,703,rectangular,0.9081053698399476,1.0549022595068567
Ridge,LeaveOneShapeOut,3,704,rectangular,1.0208279872998902,1.279197003700339
Ridge,LeaveOneShapeOut,3,705,rectangular,1.0122966091723296,1.2590324841544454
Ridge,LeaveOneShapeOut,3,706,rectangular,1.1371215663950138,1.2324108989318414
Ridge,LeaveOneShapeOut,3,707,rectangular,0.9947622291164563,1.2070908181318183
Ridge,LeaveOneShapeOut,3,708,rectangular,0.9042217768159755,1.1977257341705256
Ridge,LeaveOneShapeOut,3,709,rectangular,1.1173887074432522,1.2130420939674493
Ridge,LeaveOneShapeOut,3,710,rectangular,0.9943744272212695,1.1921692879334655
Ridge,LeaveOneShapeOut,3,711,rectangular,1.025037102173695,1.3431333809748203
Ridge,LeaveOneShapeOut,3,712,rectangular,0.9756042909375217,1.3340078460295373
Ridge,LeaveOneShapeOut,3,713,rectangular,1.0187432561830583,1.3340078460295373
Ridge,LeaveOneShapeOut,3,714,rectangular,0.9721328583393922,1.29070095365488
Ridge,LeaveOneShapeOut,3,715,rectangular,0.9375664445830088,1.2825743430168643
Ridge,LeaveOneShapeOut,3,716,rectangular,1.0494235703981207,1.3541357455635838
Ridge,LeaveOneShapeOut,3,717,rectangular,1.014571862655111,1.3523270210735698
Ridge,LeaveOneShapeOut,3,718,rectangular,0.9978268847018567,1.2634248996363286
Ridge,LeaveOneShapeOut,3,719,rectangular,0.9785226954714671,1.2634248996363286
Ridge,LeaveOneShapeOut,3,720,rectangular,1.0327321771459947,1.3817675131711455
Ridge,LeaveOneShapeOut,3,721,rectangular,0.9809199335646905,1.3817675131711455
Ridge,LeaveOneShapeOut,3,722,rectangular,1.0918158283594679,1.3915325230514708
Ridge,LeaveOneShapeOut,3,723,rectangular,1.0578333859959272,1.3273203754201297
Ridge,LeaveOneShapeOut,3,724,rectangular,0.9940735654701452,1.3273203754201297
Ridge,LeaveOneShapeOut,3,725,rectangular,1.1119697575281549,1.3980453897595502
Ridge,LeaveOneShapeOut,3,726,rectangular,1.0456940551391063,1.3936120140759003
Ridge,LeaveOneShapeOut,3,727,rectangular,1.1333855233516579,1.3078980719977622
Ridge,LeaveOneShapeOut,3,728,rectangular,1.0752776543097362,1.3078980719977622
Ridge,LeaveOneShapeOut,3,729,rectangular,1.0676435686744394,1.3528921364784883
Ridge,LeaveOneShapeOut,3,730,rectangular,1.0168033987375615,1.3528921364784883
Ridge,LeaveOneShapeOut,3,731,rectangular,1.1716324806430052,1.2940725808472797
Ridge,LeaveOneShapeOut,3,732,rectangular,1.1658421700897874,1.290856100960575
Ridge,LeaveOneShapeOut,3,733,rectangular,1.1283652605741799,1.2681539361289573
Ridge,LeaveOneShapeOut,3,734,rectangular,1.178233226761944,1.2675158059258969
Ridge,LeaveOneShapeOut,3,735,rectangular,1.0525255794086772,1.246991000484987
Ridge,LeaveOneShapeOut,3,736,rectangular,1.0834822140971676,1.246991000484987
Ridge,LeaveOneShapeOut,3,737,rectangular,1.077036799237642,1.2123614306277541
Ridge,LeaveOneShapeOut,3,738,rectangular,1.1062335799398673,1.2123614306277541
Ridge,LeaveOneShapeOut,3,739,rectangular,1.0525512247820288,1.213635091856019
Ridge,LeaveOneShapeOut,3,740,rectangular,1.1790389398250496,1.2591508111544818
Ridge,LeaveOneShapeOut,3,741,rectangular,1.071797169648938,1.2593014873721724
Ridge,LeaveOneShapeOut,3,742,rectangular,1.1582712076440551,1.26074876819835
Ridge,LeaveOneShapeOut,3,743,rectangular,1.1763225868857685,1.2337661393654067
Ridge,LeaveOneShapeOut,3,744,rectangular,1.1394168016812345,1.1585731074177041
Ridge,LeaveOneShapeOut,3,745,rectangular,1.1532149251359798,1.1952801161143038
Ridge,LeaveOneShapeOut,3,746,rectangular,1.1512238868735534,1.2840376712694828
Ridge,LeaveOneShapeOut,3,747,rectangular,1.1484767056471201,1.2862034102105198
Ridge,LeaveOneShapeOut,3,748,rectangular,1.1771886232882982,1.2862034102105198
Ridge,LeaveOneShapeOut,3,749,rectangular,1.0977030977502156,1.2228405790634012
Ridge,LeaveOneShapeOut,3,750,rectangular,1.0946276409912032,1.221527625395678
Ridge,LeaveOneShapeOut,3,751,rectangular,1.1850025214136133,1.2612708856829136
Ridge,LeaveOneShapeOut,3,752,rectangular,1.1576632873843928,1.258989067323163
Ridge,LeaveOneShapeOut,3,753,rectangular,1.0530510315036463,1.2439666740402644
Ridge,LeaveOneShapeOut,3,754,rectangular,1.119950655964233,1.2477598551963265
Ridge,LeaveOneShapeOut,3,755,rectangular,1.156965801441185,1.1568887636662755
Ridge,LeaveOneShapeOut,3,756,rectangular,1.1262308703670376,1.1860629390205133
Ridge,LeaveOneShapeOut,3,757,rectangular,1.0887674041182602,1.2265019831217545
Ridge,LeaveOneShapeOut,3,758,rectangular,1.1314321213749883,1.2255116994540933
Ridge,LeaveOneShapeOut,3,759,rectangular,1.0364279604429998,1.1898294635174809
Ridge,LeaveOneShapeOut,3,760,rectangular,0.9619250510688471,1.1876120544677575
Ridge,LeaveOneShapeOut,3,761,rectangular,1.078542207069355,1.2650075926473467
Ridge,LeaveOneShapeOut,3,762,rectangular,1.1353075863887947,1.2650075926473467
Ridge,LeaveOneShapeOut,3,763,rectangular,1.024164701767882,1.2500190699795783
Ridge,LeaveOneShapeOut,3,764,rectangular,1.0840452992502785,1.2500190699795783
Ridge,LeaveOneShapeOut,3,765,rectangular,1.1024571061792323,1.2606193127799312
Ridge,LeaveOneShapeOut,3,766,rectangular,1.1233567669598814,1.2606193127799312
Ridge,LeaveOneShapeOut,3,767,rectangular,1.0829615417225233,1.2329016993773898
Ridge,LeaveOneShapeOut,3,768,rectangular,1.021949623879001,1.2329016993773898
Ridge,LeaveOneShapeOut,3,769,rectangular,1.1632431483901737,1.2793193379425347
Ridge,LeaveOneShapeOut,3,770,rectangular,1.158611523693908,1.2731089468848331
Ridge,LeaveOneShapeOut,3,771,rectangular,1.059029496018931,1.2593370143789846
Ridge,LeaveOneShapeOut,3,772,rectangular,1.0060780212179845,1.2593370143789846
Ridge,LeaveOneShapeOut,3,773,rectangular,1.055724814851753,1.2459687625587135
Ridge,LeaveOneShapeOut,3,774,rectangular,1.0981965028055594,1.2459687625587135
Ridge,LeaveOneShapeOut,3,775,rectangular,1.0986855569462772,1.2387099816247495
Ridge,LeaveOneShapeOut,3,776,rectangular,1.069703443933306,1.2387099816247495
Ridge,LeaveOneShapeOut,3,777,rectangular,1.1732223146824223,1.3401544609007783
Ridge,LeaveOneShapeOut,3,778,rectangular,1.1409909324109273,1.3401544609007783
Ridge,LeaveOneShapeOut,3,779,rectangular,1.0766288800381931,1.2421419954936037
Ridge,LeaveOneShapeOut,3,780,rectangular,1.0802645315227415,1.2408029189848102
Ridge,LeaveOneShapeOut,3,781,rectangular,1.1470667064816837,1.2118194375882667
Ridge,LeaveOneShapeOut,3,782,rectangular,1.1807084712317466,1.2122733726924555
Ridge,LeaveOneShapeOut,3,783,rectangular,1.0269803115082223,1.1872732597537239
Ridge,LeaveOneShapeOut,3,784,rectangular,1.10977600159026,1.1597834772258468
Ridge,LeaveOneShapeOut,3,785,rectangular,1.0011289227779692,1.33028757499067
Ridge,LeaveOneShapeOut,3,786,rectangular,0.9789157460188382,1.2907900137853425
Ridge,LeaveOneShapeOut,3,787,rectangular,0.9706081159253261,1.2907900137853425
Ridge,LeaveOneShapeOut,3,788,rectangular,0.9795042253674844,1.1953157764347166
Ridge,LeaveOneShapeOut,3,789,rectangular,0.8928235053842986,1.245858774904796
Ridge,LeaveOneShapeOut,3,790,rectangular,0.875557267369265,1.1466534379991304
Ridge,LeaveOneShapeOut,3,791,rectangular,0.8965710512733155,1.1880070566845933
Ridge,LeaveOneShapeOut,3,792,rectangular,0.9885768620769692,1.3487773143423987
Ridge,LeaveOneShapeOut,3,793,rectangular,0.9811458485379492,1.309160373690134
Ridge,LeaveOneShapeOut,3,794,rectangular,0.966121179204925,1.309160373690134
Ridge,LeaveOneShapeOut,3,795,rectangular,0.9736418269527575,1.213397570126713
Ridge,LeaveOneShapeOut,3,796,rectangular,0.9298059038456692,1.3044939852330486
Ridge,LeaveOneShapeOut,3,797,rectangular,0.9206606879660199,1.2661011714000447
Ridge,LeaveOneShapeOut,3,798,rectangular,0.9323040932338827,1.2661011714000447
Ridge,LeaveOneShapeOut,3,799,rectangular,0.9220788144923887,1.1732973498831816
Ridge,LeaveOneShapeOut,3,800,rectangular,0.8870355863052073,1.2072900853903925
Ridge,LeaveOneShapeOut,3,801,rectangular,1.0271484100762487,1.3520261074057456
Ridge,LeaveOneShapeOut,3,802,rectangular,1.013516318124347,1.3120891385969247
Ridge,LeaveOneShapeOut,3,803,rectangular,1.0148873243037508,1.3120891385969247
Ridge,LeaveOneShapeOut,3,804,rectangular,1.0060940214975271,1.2162212827886445
Ridge,LeaveOneShapeOut,3,805,rectangular,0.9770268584853092,1.314821895425811
Ridge,LeaveOneShapeOut,3,806,rectangular,0.9548260673473076,1.2757055157846353
Ridge,LeaveOneShapeOut,3,807,rectangular,0.9652392606034879,1.2757055157846353
Ridge,LeaveOneShapeOut,3,808,rectangular,0.9473561043119533,1.181152677579144
Ridge,LeaveOneShapeOut,3,809,rectangular,0.9090970473279092,1.2615067724199134
Ridge,LeaveOneShapeOut,3,810,rectangular,0.8748433612948089,1.222984466860529
Ridge,LeaveOneShapeOut,3,811,rectangular,1.1102016641673793,1.2746184968436944
Ridge,LeaveOneShapeOut,3,812,rectangular,0.9603762259588122,1.141918655054416
Ridge,LeaveOneShapeOut,3,813,rectangular,1.0417378229660836,1.2555035918284534
Ridge,LeaveOneShapeOut,3,814,rectangular,0.9208205165973737,1.1229615510707132
Ridge,LeaveOneShapeOut,3,815,rectangular,1.1151536423574908,1.3222846040821348
Ridge,LeaveOneShapeOut,3,816,rectangular,0.9689279686173381,1.1897015929146375
Ridge,LeaveOneShapeOut,3,817,rectangular,1.00947218111946,1.2709044876883817
Ridge,LeaveOneShapeOut,3,818,rectangular,0.8977259185724457,1.138230228809574
Ridge,LeaveOneShapeOut,3,819,rectangular,1.0741512924941898,1.3371120222001907
Ridge,LeaveOneShapeOut,3,820,rectangular,0.9634333717368522,1.2023473801466458
Ridge,LeaveOneShapeOut,3,821,rectangular,1.0345841173826607,1.2796696077329281
Ridge,LeaveOneShapeOut,3,822,rectangular,0.931234772797198,1.1452617943851409
Ridge,LeaveOneShapeOut,3,823,rectangular,0.8885581509727589,1.2864954019725345
Ridge,LeaveOneShapeOut,3,824,rectangular,1.0388927642676498,1.3172617651118987
Ridge,LeaveOneShapeOut,3,825,rectangular,1.1329344052767332,1.3497792975633354
Ridge,LeaveOneShapeOut,3,826,rectangular,0.9411324124276237,1.2467677171794842
Ridge,LeaveOneShapeOut,3,827,rectangular,0.9918723486339667,1.2775003197755546
Ridge,LeaveOneShapeOut,3,828,rectangular,1.0311072708311233,1.309979827613504
Ridge,LeaveOneShapeOut,3,829,rectangular,1.171871390093672,1.2940583531023828
Ridge,LeaveOneShapeOut,3,830,rectangular,1.166085946843375,1.2906883111093146
Ridge,LeaveOneShapeOut,3,831,rectangular,1.128644883881722,1.2680920815309995
Ridge,LeaveOneShapeOut,3,832,rectangular,1.1785261834797467,1.2674539497419839
Ridge,LeaveOneShapeOut,3,833,rectangular,1.1952074462688937,1.2672410267536887
Ridge,LeaveOneShapeOut,3,834,rectangular,1.0196320492867985,1.2409537262367778
Ridge,LeaveOneShapeOut,3,835,rectangular,0.9835206606525958,1.2401854264704395
Ridge,LeaveOneShapeOut,3,836,rectangular,1.0407980809427315,1.2063287343846119
Ridge,LeaveOneShapeOut,3,837,rectangular,1.0690124867514201,1.2063287343846119
Ridge,LeaveOneShapeOut,3,838,rectangular,1.0172706870924326,1.207679718335503
Ridge,LeaveOneShapeOut,3,839,rectangular,1.1793391334116536,1.259015582806397
Ridge,LeaveOneShapeOut,3,840,rectangular,1.072069099621178,1.2592597373773031
Ridge,LeaveOneShapeOut,3,841,rectangular,1.1585624934929537,1.260720375502168
Ridge,LeaveOneShapeOut,3,842,rectangular,1.1766778981895882,1.2337098206874983
Ridge,LeaveOneShapeOut,3,843,rectangular,1.1536852924437238,1.1952770774091879
Ridge,LeaveOneShapeOut,3,844,rectangular,1.139912956872766,1.1585165621105409
Ridge,LeaveOneShapeOut,3,845,rectangular,1.1206151496013752,1.1596035437701742
Ridge,LeaveOneShapeOut,3,846,rectangular,1.017734060884549,1.2322659071757542
Ridge,LeaveOneShapeOut,3,847,rectangular,0.9914081945242199,1.2322659071757542
Ridge,LeaveOneShapeOut,3,848,rectangular,1.0682404704488726,1.225375285129627
Ridge,LeaveOneShapeOut,3,849,rectangular,1.0671828066167448,1.225375285129627
Ridge,LeaveOneShapeOut,3,850,rectangular,1.0519693298913266,1.165296774425159
Ridge,LeaveOneShapeOut,3,851,rectangular,1.0970795069878672,1.165296774425159
Ridge,LeaveOneShapeOut,3,852,rectangular,1.0472415535706674,1.1425606686197671
Ridge,LeaveOneShapeOut,3,853,rectangular,1.0761624685675317,1.1425606686197671
Ridge,LeaveOneShapeOut,3,854,rectangular,0.9627957798198005,1.1396141289791273
Ridge,LeaveOneShapeOut,3,855,rectangular,0.9978743857512196,1.1396141289791273
Ridge,LeaveOneShapeOut,3,856,rectangular,0.8855537244364577,1.1522793511051266
Ridge,LeaveOneShapeOut,3,857,rectangular,1.0379847751848825,1.2269645766742827
Ridge,LeaveOneShapeOut,3,858,rectangular,1.0008111503855663,1.1592631356669014
Ridge,LeaveOneShapeOut,3,859,rectangular,1.03016990286554,1.1811645195390241
Ridge,LeaveOneShapeOut,3,860,rectangular,1.1224582763312743,1.2120913547004728
Ridge,LeaveOneShapeOut,3,861,rectangular,1.0298317805372306,1.2831152362210925
Ridge,LeaveOneShapeOut,3,862,rectangular,0.9950721190187648,1.282910284599399
Ridge,LeaveOneShapeOut,3,863,rectangular,0.882387614612431,1.2546145163455664
Ridge,LeaveOneShapeOut,3,864,rectangular,0.9073027741064279,1.2544566937130006
Ridge,LeaveOneShapeOut,3,865,rectangular,1.1825822756173474,1.260452831537424
Ridge,LeaveOneShapeOut,3,866,rectangular,1.191930752104441,1.260452831537424
Ridge,LeaveOneShapeOut,3,867,rectangular,0.9417647554511891,1.1271573104143393
Ridge,LeaveOneShapeOut,3,868,rectangular,0.932531767652648,1.1271573104143393
Ridge,LeaveOneShapeOut,3,869,rectangular,0.943394691361964,1.1632010206149543
Ridge,LeaveOneShapeOut,3,870,rectangular,0.9243746371006341,1.1632010206149543
Ridge,LeaveOneShapeOut,3,871,rectangular,0.955133310146045,1.1529934358220877
Ridge,LeaveOneShapeOut,3,872,rectangular,0.9676195860532987,1.189976769883621
Ridge,LeaveOneShapeOut,3,873,rectangular,0.9990536850212308,1.2568088897012302
Ridge,LeaveOneShapeOut,3,874,rectangular,0.9665995795697264,1.210227124138409
Ridge,LeaveOneShapeOut,3,875,rectangular,0.9484993102887488,1.166815203772312
Ridge,LeaveOneShapeOut,3,876,rectangular,0.9473829264371512,1.197090808381325
Ridge,LeaveOneShapeOut,3,877,rectangular,0.9684181003943355,1.218842707749057
Ridge,LeaveOneShapeOut,3,878,rectangular,0.9443956096818847,1.257419473598809
Ridge,LeaveOneShapeOut,3,879,rectangular,1.0132518775954646,1.3072191218174587
Ridge,LeaveOneShapeOut,3,880,rectangular,1.0002418711918832,1.2250402905376785
Ridge,LeaveOneShapeOut,3,881,rectangular,0.8923202472408284,1.2253748532369957
Ridge,LeaveOneShapeOut,3,882,rectangular,0.8444311413094356,1.2248214801387332
Ridge,LeaveOneShapeOut,3,883,rectangular,1.0117260936994958,1.1438047712304857
Ridge,LeaveOneShapeOut,3,884,rectangular,1.0624619296755353,1.1441584504151916
Ridge,LeaveOneShapeOut,3,885,rectangular,1.0171365040792284,1.1673419811822716
Ridge,LeaveOneShapeOut,3,886,rectangular,1.032129114784921,1.1670651617257788
Ridge,LeaveOneShapeOut,3,887,rectangular,1.030780962624438,1.1872345359955037
Ridge,LeaveOneShapeOut,3,888,rectangular,1.0789717632003233,1.1867323903506835
Ridge,LeaveOneShapeOut,3,889,rectangular,1.0373767948970278,1.2158178335288794
Ridge,LeaveOneShapeOut,3,890,rectangular,0.9791720208339967,1.1621383854976575
Ridge,LeaveOneShapeOut,3,891,rectangular,1.0709720053653338,1.1385136045113777
Ridge,LeaveOneShapeOut,3,892,rectangular,1.108383888154156,1.2412593231333178
Ridge,LeaveOneShapeOut,3,893,rectangular,0.9124112927783977,1.1627462198351006
Ridge,LeaveOneShapeOut,3,894,rectangular,0.9660896807843484,1.2079932449883453
Ridge,LeaveOneShapeOut,3,895,rectangular,1.1978827880874945,1.338287184107803
Ridge,LeaveOneShapeOut,3,896,rectangular,1.1568827981182246,1.320940010701419
Ridge,LeaveOneShapeOut,3,897,rectangular,1.092162014773685,1.2602519055438826
Ridge,LeaveOneShapeOut,3,898,rectangular,1.1075306132566556,1.2602519055438826
Ridge,LeaveOneShapeOut,3,899,rectangular,1.0455797423367392,1.239861332780388
Ridge,LeaveOneShapeOut,3,900,rectangular,1.0093291870279875,1.239861332780388
Ridge,LeaveOneShapeOut,3,901,rectangular,0.9636221469263134,1.21526355206023
Ridge,LeaveOneShapeOut,3,902,rectangular,0.9571682118876519,1.21526355206023
Ridge,LeaveOneShapeOut,3,903,rectangular,1.0485565695763601,1.3203858776896071
Ridge,LeaveOneShapeOut,3,904,rectangular,1.1951298166951887,1.3653254145358522
Ridge,LeaveOneShapeOut,3,905,rectangular,1.1324219565630271,1.3350411044018475
Ridge,LeaveOneShapeOut,3,906,rectangular,1.0554080316696963,1.2022581084935677
Ridge,LeaveOneShapeOut,3,907,rectangular,1.0022809398393806,1.1612993717411164
Ridge,LeaveOneShapeOut,3,908,rectangular,1.130616395201698,1.1592386684892644
Ridge,LeaveOneShapeOut,3,909,rectangular,1.1342010173952362,1.1412949651836382
Ridge,LeaveOneShapeOut,3,910,rectangular,1.1884094429914789,1.1420095022003531
Ridge,LeaveOneShapeOut,3,911,rectangular,0.9725536011753673,1.1253649101224217
Ridge,LeaveOneShapeOut,3,912,rectangular,0.9461037829982124,1.1252279895144086
Ridge,LeaveOneShapeOut,3,913,rectangular,0.9940345411632843,1.1093672745793592
Ridge,LeaveOneShapeOut,3,914,rectangular,0.9597213367058176,1.1094465661579145
Ridge,LeaveOneShapeOut,3,915,rectangular,1.0601634917957934,1.0504221296292608
Ridge,LeaveOneShapeOut,3,916,rectangular,1.1713832305334504,1.1316034541163766
Ridge,LeaveOneShapeOut,3,917,rectangular,1.1416032529561655,1.119238397780474
Ridge,LeaveOneShapeOut,3,918,rectangular,1.1626380801722234,1.1018263796748153
Ridge,LeaveOneShapeOut,3,919,rectangular,1.11255431481568,1.1601312930494256
Ridge,LeaveOneShapeOut,3,920,rectangular,1.0897359081900724,1.1477619017923628
Ridge,LeaveOneShapeOut,3,921,rectangular,1.145648565330804,1.173510430531555
Ridge,LeaveOneShapeOut,3,922,rectangular,1.1594229116729229,1.1303437794099682
Ridge,LeaveOneShapeOut,3,923,rectangular,1.1889335540316859,1.170986064968889
Ridge,LeaveOneShapeOut,3,924,rectangular,0.9592940346185056,1.3380133385904045
Ridge,LeaveOneShapeOut,3,925,rectangular,1.0914174248629913,1.3326914299953248
Ridge,LeaveOneShapeOut,3,926,rectangular,1.004911594954713,1.3381911690356638
Ridge,LeaveOneShapeOut,3,927,rectangular,1.0817848073954621,1.4116864689636723
Ridge,LeaveOneShapeOut,3,928,rectangular,1.095315901510855,1.4079502048672365
Ridge,LeaveOneShapeOut,3,929,rectangular,1.1037030175712055,1.4139695661244949
Ridge,LeaveOneShapeOut,3,930,rectangular,1.096382668622466,1.2669462554934396
Ridge,LeaveOneShapeOut,3,931,rectangular,1.0466965648960251,1.2674485114786507
Ridge,LeaveOneShapeOut,3,932,rectangular,1.0388996091509042,1.2281771045748842
Ridge,LeaveOneShapeOut,3,933,rectangular,1.0500862030418465,1.228202721527777
Ridge,LeaveOneShapeOut,3,934,rectangular,0.9792231394697272,1.185972953565016
Ridge,LeaveOneShapeOut,3,935,rectangular,0.9506533800098477,1.2238828931099217
Ridge,LeaveOneShapeOut,3,936,rectangular,0.993252096725488,1.2236430422938087
Ridge,LeaveOneShapeOut,3,937,rectangular,1.0676667540270077,1.1829266323005765
Ridge,LeaveOneShapeOut,3,938,rectangular,0.9453792685496535,1.137274365897967
Ridge,LeaveOneShapeOut,3,939,rectangular,1.0366440172152274,1.2577512257820673
Ridge,LeaveOneShapeOut,3,940,rectangular,1.0214433304696096,1.2577512257820673
Ridge,LeaveOneShapeOut,3,941,rectangular,0.9539691075663137,1.2251442298586717
Ridge,LeaveOneShapeOut,3,942,rectangular,0.9587474569462622,1.2251442298586717
Ridge,LeaveOneShapeOut,3,943,rectangular,1.0449461824263695,1.1025027453622822
Ridge,LeaveOneShapeOut,3,944,rectangular,0.9635843252302588,1.1284150149423202
Ridge,LeaveOneShapeOut,3,945,rectangular,0.9752373220185467,1.198169622562876
Ridge,LeaveOneShapeOut,3,946,rectangular,0.9634595721736097,1.0898017473961223
Ridge,LeaveOneShapeOut,3,947,rectangular,0.9411645939854958,1.1682464877479364
Ridge,LeaveOneShapeOut,3,948,rectangular,0.9698420449722289,1.0370710460619443
Ridge,LeaveOneShapeOut,3,949,rectangular,1.0943557382859803,1.2090343054428017
Ridge,LeaveOneShapeOut,3,950,rectangular,1.0026819591625475,1.2090343054428017
Ridge,LeaveOneShapeOut,3,951,rectangular,0.988611194444879,1.1744548343071735
Ridge,LeaveOneShapeOut,3,952,rectangular,0.965620236434533,1.1744548343071735
Ridge,LeaveOneShapeOut,3,953,rectangular,0.9018372812243303,1.1346012981914593
Ridge,LeaveOneShapeOut,3,954,rectangular,0.9441617745669884,1.1346012981914593
Ridge,LeaveOneShapeOut,3,955,rectangular,0.9106330624300031,1.0984930985244348
Ridge,LeaveOneShapeOut,3,956,rectangular,0.9200860007943283,1.0984930985244348
Ridge,LeaveOneShapeOut,3,957,rectangular,0.9071039894753039,1.1156918742067412
Ridge,LeaveOneShapeOut,3,958,rectangular,0.9334605218571529,1.1156918742067412
Ridge,LeaveOneShapeOut,3,959,rectangular,0.9875761105330192,1.2791949370516487
Ridge,LeaveOneShapeOut,3,960,rectangular,0.9999984515460132,1.2791949370516487
Ridge,LeaveOneShapeOut,3,961,rectangular,1.0812600980900875,1.2446834241290512
Ridge,LeaveOneShapeOut,3,962,rectangular,1.0840685658773344,1.2446834241290512
Ridge,LeaveOneShapeOut,3,963,rectangular,0.9333307204729971,1.2044416616672409
Ridge,LeaveOneShapeOut,3,964,rectangular,1.0194843254397352,1.2044416616672409
Ridge,LeaveOneShapeOut,3,965,rectangular,0.8976856418155889,1.1674194866403598
Ridge,LeaveOneShapeOut,3,966,rectangular,0.9123369894648089,1.133616899048408
Ridge,LeaveOneShapeOut,3,967,rectangular,1.0247330678940323,1.2025723003726476
Ridge,LeaveOneShapeOut,3,968,rectangular,0.9858806293008935,1.2025723003726476
Ridge,LeaveOneShapeOut,3,969,rectangular,1.0282803824617435,1.1297306484022729
Ridge,LeaveOneShapeOut,3,970,rectangular,0.9883471637253651,1.1297306484022729
Ridge,LeaveOneShapeOut,3,971,rectangular,0.9897574123989218,1.326672282911096
Ridge,LeaveOneShapeOut,3,972,rectangular,0.987601078167116,1.326672282911096
Ridge,LeaveOneShapeOut,3,973,rectangular,0.956,1.287129604669239
Ridge,LeaveOneShapeOut,3,974,rectangular,0.974,1.287129604669239
Ridge,LeaveOneShapeOut,3,975,rectangular,0.9210460272047383,1.3414199129934574
Ridge,LeaveOneShapeOut,3,976,rectangular,0.936394006549135,1.3073189149359818
Ridge,LeaveOneShapeOut,3,977,rectangular,1.1989547931025648,1.305240467563937
Ridge,LeaveOneShapeOut,3,978,rectangular,1.0685217091331127,1.1707766723295527
Ridge,LeaveOneShapeOut,3,979,rectangular,1.1600914202570374,1.309337592031725
Ridge,LeaveOneShapeOut,3,980,rectangular,1.1624427296716513,1.3088244962018112
Ridge,LeaveOneShapeOut,3,981,rectangular,1.0400412747465217,1.1755631309918426
Ridge,LeaveOneShapeOut,3,982,rectangular,1.175824227502552,1.2927291286257057
Ridge,LeaveOneShapeOut,3,983,rectangular,1.0028090731484485,1.1588066418648
Ridge,LeaveOneShapeOut,3,984,rectangular,1.2248345980861588,1.2891095702746593
Ridge,LeaveOneShapeOut,3,985,rectangular,0.9739538544211528,1.157884779071886
Ridge,LeaveOneShapeOut,3,986,rectangular,0.9850855413826058,1.0803670776325132
Ridge,LeaveOneShapeOut,3,987,rectangular,1.1488646954391268,1.258231995628637
Ridge,LeaveOneShapeOut,3,988,rectangular,0.995856243256187,1.1275273324983723
Ridge,LeaveOneShapeOut,3,989,rectangular,1.2068959920925233,1.2828790927343348
Ridge,LeaveOneShapeOut,3,990,rectangular,1.057035147624445,1.1494655877822189
Ridge,LeaveOneShapeOut,3,991,rectangular,1.1043971509346107,1.2723461729095549
Ridge,LeaveOneShapeOut,3,992,rectangular,0.9700038886888239,1.1382017573611474
Ridge,LeaveOneShapeOut,3,993,rectangular,1.1125633690402055,1.2548718743218885
Ridge,LeaveOneShapeOut,3,994,rectangular,0.970219450341709,1.1219216898459354
Ridge,LeaveOneShapeOut,3,995,rectangular,0.9482879156893226,1.1223613769006475
Ridge,LeaveOneShapeOut,3,996,rectangular,1.1357362568025868,1.3068277772964574
Ridge,LeaveOneShapeOut,3,997,rectangular,1.0805626598465474,1.2991497270919665
Ridge,LeaveOneShapeOut,3,998,rectangular,1.065997805298636,1.1755743608743552
Ridge,LeaveOneShapeOut,3,999,rectangular,1.0316400313176437,1.166948238221218
Ridge,LeaveOneShapeOut,3,1000,rectangular,0.9813505409457434,1.3885970803867542
Ridge,LeaveOneShapeOut,3,1001,rectangular,1.061843818670139,1.3717296654155438
Ridge,LeaveOneShapeOut,3,1002,rectangular,1.0131887647039657,1.33711526267835
Ridge,LeaveOneShapeOut,3,1003,rectangular,0.9992604592196085,1.2191760520439305
Ridge,LeaveOneShapeOut,3,1004,rectangular,1.0839740105096942,1.2151269842086256
Ridge,LeaveOneShapeOut,3,1005,rectangular,1.0111450656120797,1.3845480125514493
Ridge,LeaveOneShapeOut,3,1006,rectangular,1.059978173666824,1.2770972380109273
Ridge,LeaveOneShapeOut,3,1007,rectangular,1.0298540755238315,1.2760126662693279
Ridge,LeaveOneShapeOut,3,1008,rectangular,0.9526428798642774,1.2430170421479023
Ridge,LeaveOneShapeOut,3,1009,rectangular,0.9919510259607753,1.4057256410943022
Ridge,LeaveOneShapeOut,3,1010,rectangular,1.03254514304362,1.2442462234550484
Ridge,LeaveOneShapeOut,3,1011,rectangular,1.027009289900049,1.3014363676850298
Ridge,LeaveOneShapeOut,3,1012,rectangular,1.0482746914157164,1.157255379457002
Ridge,LeaveOneShapeOut,3,1013,rectangular,1.0644621128530691,1.2870489019952633
Ridge,LeaveOneShapeOut,3,1014,rectangular,1.009696035613673,1.1893527733955715
Ridge,LeaveOneShapeOut,3,1015,rectangular,1.0080394734160163,1.2678697410289967
Ridge,LeaveOneShapeOut,3,1016,rectangular,0.9444087331685432,1.1728812888776101
Ridge,LeaveOneShapeOut,3,1017,rectangular,1.1579218147083916,1.2350835523755002
Ridge,LeaveOneShapeOut,3,1018,rectangular,1.1250601987704543,1.2352388347391003
Ridge,LeaveOneShapeOut,3,1019,rectangular,1.0699117480825364,1.2146052837249959
Ridge,LeaveOneShapeOut,3,1020,rectangular,1.0720532541683991,1.2161720215057268
Ridge,LeaveOneShapeOut,3,1021,rectangular,1.159456667045145,1.3434128817252646
Ridge,LeaveOneShapeOut,3,1022,rectangular,1.0586427111666792,1.2927572354671506
Ridge,LeaveOneShapeOut,3,1023,rectangular,1.0685351660895612,1.2930386349740375
Ridge,LeaveOneShapeOut,3,1024,rectangular,1.0520317551219707,1.2551302411418657
Ridge,LeaveOneShapeOut,3,1025,rectangular,1.0619378128188997,1.253068478655716
Ridge,LeaveOneShapeOut,3,1026,rectangular,1.0661003107829379,1.2121734617880626
Ridge,LeaveOneShapeOut,3,1027,rectangular,0.9387652448379797,1.1543496541424052
Ridge,LeaveOneShapeOut,3,1028,rectangular,0.9949817333100379,1.2300945046391758
Ridge,LeaveOneShapeOut,3,1029,rectangular,1.0112049579971234,1.2229074346545403
Ridge,LeaveOneShapeOut,3,1030,rectangular,1.0390614274629033,1.1877314327843145
Ridge,LeaveOneShapeOut,3,1031,rectangular,0.9832536648377822,1.135123385035331
Ridge,LeaveOneShapeOut,3,1032,rectangular,0.9725676969467186,1.1875823419289444
Ridge,LeaveOneShapeOut,3,1033,rectangular,0.995949448839491,1.1921383034734148
Ridge,LeaveOneShapeOut,3,1034,rectangular,1.1117147568117898,1.2561523822460963
Ridge,LeaveOneShapeOut,3,1035,rectangular,1.184097740810853,1.328366735504536
Ridge,LeaveOneShapeOut,3,1036,rectangular,1.117845512414363,1.2617505565347018
Ridge,LeaveOneShapeOut,3,1037,rectangular,1.1418543670536392,1.2446043643303881
Ridge,LeaveOneShapeOut,3,1038,rectangular,1.059548574992898,1.2320477791705537
Ridge,LeaveOneShapeOut,3,1039,rectangular,1.0332914360106042,1.2806851441613993
Ridge,LeaveOneShapeOut,3,1040,rectangular,1.0619268072911026,1.3261268480128083
Ridge,LeaveOneShapeOut,3,1041,rectangular,1.0087178749802248,1.2281715516533807
Ridge,LeaveOneShapeOut,3,1042,rectangular,1.0205053236609536,1.310862676549763
Ridge,LeaveOneShapeOut,3,1043,rectangular,1.0725437413563566,1.1341304025856773
Ridge,LeaveOneShapeOut,3,1044,rectangular,1.0010293205078225,1.2893863377230672
Ridge,LeaveOneShapeOut,3,1045,rectangular,0.9779685242523313,1.286419038657685
Ridge,LeaveOneShapeOut,3,1046,rectangular,1.022114788746845,1.2716870460350154
Ridge,LeaveOneShapeOut,3,1047,rectangular,1.0286099799256727,1.247964119785319
Ridge,LeaveOneShapeOut,3,1048,rectangular,1.0693082049751925,1.328746119347724
Ridge,LeaveOneShapeOut,3,1049,rectangular,1.03326266048189,1.2573179606010518
Ridge,LeaveOneShapeOut,3,1050,rectangular,1.2221632272477025,1.3087654223564802
Ridge,LeaveOneShapeOut,3,1051,rectangular,1.135246155011104,1.2871513042129732
Ridge,LeaveOneShapeOut,3,1052,rectangular,1.1369107419564655,1.2671552699072692
Ridge,LeaveOneShapeOut,3,1053,rectangular,1.1919078539727965,1.3222043609840004
Ridge,LeaveOneShapeOut,3,1054,rectangular,1.092761539287399,1.3005833550602264
Ridge,LeaveOneShapeOut,3,1055,rectangular,1.1577581755730835,1.2805809486097237
Ridge,LeaveOneShapeOut,3,1056,rectangular,1.2072055578293173,1.3467681840543673
Ridge,LeaveOneShapeOut,3,1057,rectangular,1.1308708041896984,1.325133583035918
Ridge,LeaveOneShapeOut,3,1058,rectangular,1.189501517291459,1.3051185992515768
Ridge,LeaveOneShapeOut,3,1059,rectangular,1.0471337200171809,1.1945310213949756
Ridge,LeaveOneShapeOut,3,1060,rectangular,1.077129234081617,1.1989807838981017
Ridge,LeaveOneShapeOut,3,1061,rectangular,1.0736011274166646,1.288699851636612
Ridge,LeaveOneShapeOut,3,1062,rectangular,0.969207057455586,1.2462619448206322
Ridge,LeaveOneShapeOut,3,1063,rectangular,0.9704050533840679,1.2361586562199827
Ridge,LeaveOneShapeOut,3,1064,rectangular,0.9612560302875994,1.2199609541255132
Ridge,LeaveOneShapeOut,3,1065,rectangular,0.8485166554501965,1.2432251936388925
Ridge,LeaveOneShapeOut,3,1066,rectangular,0.8387217321114282,1.1661820113937174
Ridge,LeaveOneShapeOut,3,1067,rectangular,0.9986497979056462,1.0713498325713524
Ridge,LeaveOneShapeOut,3,1068,rectangular,0.9058351736152674,1.2097893529344617
Ridge,LeaveOneShapeOut,3,1069,rectangular,1.0397770030296816,1.0708257062942645
Ridge,GroupKFold_Shape,1,0,circular,1.3545719757695995,1.1537360581994898
Ridge,GroupKFold_Shape,1,1,circular,1.3349612685944154,1.1582896885631244
Ridge,GroupKFold_Shape,1,2,circular,1.1815827868398348,1.1638819405078455
Ridge,GroupKFold_Shape,1,3,circular,1.2358473024149033,1.1715757269100404
Ridge,GroupKFold_Shape,1,4,circular,1.1885006010953671,1.1771076198782637
Ridge,GroupKFold_Shape,1,5,circular,1.238242921314779,1.1540257359540975
Ridge,GroupKFold_Shape,1,6,circular,1.1983820435012535,1.150459926021695
Ridge,GroupKFold_Shape,1,7,circular,1.3725142300680981,1.1335697685894985
Ridge,GroupKFold_Shape,1,8,circular,1.3643470141328815,1.131095995227026
Ridge,GroupKFold_Shape,1,9,circular,1.4252952195204207,1.182233564273569
Ridge,GroupKFold_Shape,1,10,circular,1.3811132045767527,1.1570895867922544
Ridge,GroupKFold_Shape,1,11,circular,1.4674536778591962,1.1807360284034236
Ridge,GroupKFold_Shape,1,12,circular,1.5214776205513665,1.1692421802970885
Ridge,GroupKFold_Shape,1,13,circular,1.515927538484468,1.1696028455335519
Ridge,GroupKFold_Shape,1,14,circular,1.6861597871119034,1.143040008200358
Ridge,GroupKFold_Shape,1,15,circular,1.0826183073485136,1.1194839576676574
Ridge,GroupKFold_Shape,1,16,circular,1.0849112127568281,1.1139458834291782
Ridge,GroupKFold_Shape,1,17,circular,1.1637753447505323,1.1182535669981215
Ridge,GroupKFold_Shape,1,18,circular,1.6319317139012608,1.1483964940621116
Ridge,GroupKFold_Shape,1,19,circular,1.3276641484172347,1.139452245218416
Ridge,GroupKFold_Shape,1,20,circular,1.3565264125132614,1.139452245218416
Ridge,GroupKFold_Shape,1,21,circular,1.4888007999327044,1.1543009608109172
Ridge,GroupKFold_Shape,1,22,circular,1.4921691275343623,1.1543009608109172
Ridge,GroupKFold_Shape,1,23,circular,1.6356327158958393,1.162259116180977
Ridge,GroupKFold_Shape,1,24,circular,1.6356327158958393,1.162259116180977
Ridge,GroupKFold_Shape,1,25,circular,1.4102263522358336,1.1535740185382906
Ridge,GroupKFold_Shape,1,26,circular,1.29369709898338,1.1850839787392118
Ridge,GroupKFold_Shape,1,27,circular,1.536384619900033,1.1834464465875612
Ridge,GroupKFold_Shape,1,28,circular,1.3421211390482404,1.1773345101672557
Ridge,GroupKFold_Shape,1,29,circular,1.3720014374672693,1.1705632638256853
Ridge,GroupKFold_Shape,1,30,circular,1.5348782852658798,1.1942336929439459
Ridge,GroupKFold_Shape,1,31,circular,1.5227926294763847,1.1942336929439459
Ridge,GroupKFold_Shape,1,32,circular,1.546963941055375,1.2006280886494807
Ridge,GroupKFold_Shape,1,33,circular,1.5107069736868897,1.2013385770612066
Ridge,GroupKFold_Shape,1,34,circular,1.4321502110551712,1.2084434611784676
Ridge,GroupKFold_Shape,1,35,circular,1.4381930389499191,1.2141273684722764
Ridge,GroupKFold_Shape,1,36,circular,1.492578490002647,1.2141273684722764
Ridge,GroupKFold_Shape,1,37,circular,1.3441586522640874,1.1688435242188582
Ridge,GroupKFold_Shape,1,38,circular,1.2518288372578938,1.1677022772156755
Ridge,GroupKFold_Shape,1,39,circular,1.2211023682326179,1.1916544057546905
Ridge,GroupKFold_Shape,1,40,circular,1.2972783209180534,1.1689690321437527
Ridge,GroupKFold_Shape,1,41,circular,1.536384619900033,1.1948142611751786
Ridge,GroupKFold_Shape,1,42,circular,1.3421211390482404,1.1887023247548731
Ridge,GroupKFold_Shape,1,43,circular,1.3720014374672693,1.1819310784133026
Ridge,GroupKFold_Shape,1,44,circular,1.5941042088621091,1.20394960407716
Ridge,GroupKFold_Shape,1,45,circular,1.483765484022838,1.2222517855632242
Ridge,GroupKFold_Shape,1,46,circular,1.29369709898338,1.2004305284324954
Ridge,GroupKFold_Shape,1,47,circular,1.2972783209180534,1.1689690321437527
Ridge,GroupKFold_Shape,1,48,circular,1.639707790681381,1.1741839021629659
Ridge,GroupKFold_Shape,1,49,circular,1.371451596125907,1.1741839021629659
Ridge,GroupKFold_Shape,1,50,circular,1.4101486999859876,1.1741839021629659
Ridge,GroupKFold_Shape,1,51,circular,1.3662045311957267,1.1741839021629659
Ridge,GroupKFold_Shape,1,52,circular,1.2737250118012968,1.1741839021629659
Ridge,GroupKFold_Shape,1,53,circular,1.2789720767314772,1.1741839021629659
Ridge,GroupKFold_Shape,1,54,circular,1.2133837651042219,1.1741839021629659
Ridge,GroupKFold_Shape,1,55,circular,1.2816523773767157,1.200062587890703
Ridge,GroupKFold_Shape,1,56,circular,1.2046337556603286,1.199509841444269
Ridge,GroupKFold_Shape,1,57,circular,1.237829191229898,1.1970007951006862
Ridge,GroupKFold_Shape,1,58,circular,1.2339943282685013,1.1783587922524876
Ridge,GroupKFold_Shape,1,59,circular,1.2680165689493124,1.1771654080947347
Ridge,GroupKFold_Shape,1,60,circular,1.2824258481419177,1.1771654080947347
Ridge,GroupKFold_Shape,1,61,circular,1.1799450202643293,1.2150426038138438
Ridge,GroupKFold_Shape,1,62,circular,1.1531759249761522,1.2157648433905763
Ridge,GroupKFold_Shape,1,63,circular,1.1425545677724243,1.2157648433905763
Ridge,GroupKFold_Shape,1,64,circular,1.3422293809326749,1.144202967570027
Ridge,GroupKFold_Shape,1,65,circular,1.1919182410425113,1.147432690079654
Ridge,GroupKFold_Shape,1,66,circular,1.302307239291283,1.1703514004231443
Ridge,GroupKFold_Shape,1,67,circular,1.295364734801251,1.1738188166707944
Ridge,GroupKFold_Shape,1,68,circular,1.0902659651428483,1.1415137103441864
Ridge,GroupKFold_Shape,1,69,circular,1.0015566608923805,1.1415137103441864
Ridge,GroupKFold_Shape,1,70,circular,1.2629155541458932,1.196434354479863
Ridge,GroupKFold_Shape,1,71,circular,1.4175969345181723,1.211898025757579
Ridge,GroupKFold_Shape,1,72,circular,1.3740815622661384,1.211755928075234
Ridge,GroupKFold_Shape,1,73,circular,1.2105569921385566,1.1714104765079776
Ridge,GroupKFold_Shape,1,74,circular,1.1244653966855374,1.1704325011636363
Ridge,GroupKFold_Shape,1,75,circular,1.1417780689269297,1.1692797697206392
Ridge,GroupKFold_Shape,1,76,circular,1.273123847876894,1.1942385586183892
Ridge,GroupKFold_Shape,1,77,circular,1.2681142042166427,1.1953388632936046
Ridge,GroupKFold_Shape,1,78,circular,1.1850393366807992,1.2122879012091954
Ridge,GroupKFold_Shape,1,79,circular,1.4528332923714102,1.2157094984566388
Ridge,GroupKFold_Shape,1,80,circular,1.4120233684283932,1.2157094984566388
Ridge,GroupKFold_Shape,1,81,circular,1.4770328464842415,1.2111099826597556
Ridge,GroupKFold_Shape,1,82,circular,1.4848067035710006,1.2111099826597556
Ridge,GroupKFold_Shape,1,83,circular,1.3448772760093357,1.2111099826597556
Ridge,GroupKFold_Shape,1,84,circular,1.375972704356372,1.2111099826597556
Ridge,GroupKFold_Shape,1,85,circular,1.6091884169591473,1.2111099826597556
Ridge,GroupKFold_Shape,1,86,circular,1.6713792736532207,1.2111099826597556
Ridge,GroupKFold_Shape,1,87,circular,1.414841989790168,1.167059701132738
Ridge,GroupKFold_Shape,1,88,circular,1.6169622740459064,1.167059701132738
Ridge,GroupKFold_Shape,1,89,circular,1.5858668456988698,1.1883743534845206
Ridge,GroupKFold_Shape,1,90,circular,1.620849202589286,1.1883743534845206
Ridge,GroupKFold_Shape,1,91,circular,1.5664322029819717,1.2111099826597556
Ridge,GroupKFold_Shape,1,92,circular,1.1354084529932944,1.0443856672623897
Ridge,GroupKFold_Shape,1,93,circular,1.1335223924401494,1.0557534818500072
Ridge,GroupKFold_Shape,1,94,circular,1.2278254200973997,1.0557534818500072
Ridge,GroupKFold_Shape,1,95,circular,1.6658337551905438,1.2018969380441202
Ridge,GroupKFold_Shape,1,96,circular,1.5781582943910415,1.2018969380441202
Ridge,GroupKFold_Shape,1,97,circular,1.6000771595909171,1.2018969380441202
Ridge,GroupKFold_Shape,1,98,circular,1.4886865879052946,1.1948327318127892
Ridge,GroupKFold_Shape,1,99,circular,1.1745460180645266,1.164982006550793
Ridge,GroupKFold_Shape,1,100,circular,1.4893188610025825,1.2304545639739666
Ridge,GroupKFold_Shape,1,101,circular,1.2696675773972377,1.200509064520776
Ridge,GroupKFold_Shape,1,102,circular,1.3409138971075678,1.1625713665691688
Ridge,GroupKFold_Shape,1,103,circular,1.3629865538500792,1.1625713665691688
Ridge,GroupKFold_Shape,1,104,circular,1.33539573292194,1.1625713665691688
Ridge,GroupKFold_Shape,1,105,circular,1.1903663852361177,1.132775233732425
Ridge,GroupKFold_Shape,1,106,circular,1.2053584052013078,1.132775233732425
Ridge,GroupKFold_Shape,1,107,circular,1.2353424451316886,1.132775233732425
Ridge,GroupKFold_Shape,1,108,circular,1.1414339090699477,1.1491111722654286
Ridge,GroupKFold_Shape,1,109,circular,1.1269776844197152,1.1330421156472537
Ridge,GroupKFold_Shape,1,110,circular,1.3256987893635834,1.1685377845874505
Ridge,GroupKFold_Shape,1,111,circular,1.1310229163178613,0.9916605296012148
Ridge,GroupKFold_Shape,1,112,circular,1.1545821157977425,1.0011892856744298
Ridge,GroupKFold_Shape,1,113,circular,1.165840580685956,1.013302658158535
Ridge,GroupKFold_Shape,1,114,circular,1.1625214289484154,1.038446040781196
Ridge,GroupKFold_Shape,1,115,circular,1.1549104273844197,1.0608231984155256
Ridge,GroupKFold_Shape,1,116,circular,1.29099968277919,0.9572066982394293
Ridge,GroupKFold_Shape,1,117,circular,1.1099273964897634,0.9570231681039578
Ridge,GroupKFold_Shape,1,118,circular,1.2726146663911664,0.8195195273763034
Ridge,GroupKFold_Shape,1,119,circular,1.2151621017721754,0.9206409509556075
Ridge,GroupKFold_Shape,1,120,circular,1.6240942634659334,1.2179776811712073
Ridge,GroupKFold_Shape,1,121,circular,1.5859443982167336,1.2179776811712073
Ridge,GroupKFold_Shape,1,122,circular,1.41906220373456,1.1840561128738185
Ridge,GroupKFold_Shape,1,123,circular,1.401756567103651,1.1840561128738185
Ridge,GroupKFold_Shape,1,124,circular,1.467514509626967,1.1749692777404694
Ridge,GroupKFold_Shape,1,125,circular,1.4224908184065779,1.1724149378686262
Ridge,GroupKFold_Shape,1,126,circular,1.1912303239548843,1.1438914759663756
Ridge,GroupKFold_Shape,1,127,circular,1.1855032550897164,1.1438914759663756
Ridge,GroupKFold_Shape,1,128,circular,1.37020947369762,1.1439026413321918
Ridge,GroupKFold_Shape,1,129,circular,1.3599840298640558,1.1439026413321918
Ridge,GroupKFold_Shape,1,130,circular,1.1155993679069596,1.1123991162461242
Ridge,GroupKFold_Shape,1,131,circular,1.1632164140981103,1.1123991162461242
Ridge,GroupKFold_Shape,1,132,circular,1.1991666858815992,1.0452195843315388
Ridge,GroupKFold_Shape,1,133,circular,1.04398508662286,1.0938129275498907
Ridge,GroupKFold_Shape,1,134,circular,0.9765441895541997,1.0938129275498907
Ridge,GroupKFold_Shape,1,135,circular,1.0919130117697546,1.138156903986471
Ridge,GroupKFold_Shape,1,136,circular,1.1420397946679444,1.128604506785882
Ridge,GroupKFold_Shape,1,137,circular,1.0472134869247998,1.1150150459310626
Ridge,GroupKFold_Shape,1,138,circular,1.0945457667787828,1.111672550604984
Ridge,GroupKFold_Shape,1,139,circular,0.9503054523485104,1.0238880529401821
Ridge,GroupKFold_Shape,1,140,circular,0.9220785577242971,1.0230354668461108
Ridge,GroupKFold_Shape,1,141,circular,0.9848049902225486,1.0238880529401821
Ridge,GroupKFold_Shape,1,142,circular,0.8931877807248213,1.045933603738487
Ridge,GroupKFold_Shape,1,143,circular,0.9581462564107918,1.0241722483048725
Ridge,GroupKFold_Shape,1,144,circular,0.9408964874737726,1.0236038575754918
Ridge,GroupKFold_Shape,1,145,circular,1.1624650166329116,1.0828599668531336
Ridge,GroupKFold_Shape,1,146,circular,1.129642474986806,1.0828599668531336
Ridge,GroupKFold_Shape,1,147,circular,1.2331867795165823,1.0961160256084623
Ridge,GroupKFold_Shape,1,148,circular,1.107469549143329,1.0961160256084623
Ridge,GroupKFold_Shape,1,149,circular,1.2810263872377974,1.1075387976267477
Ridge,GroupKFold_Shape,1,150,circular,1.2784579132784233,1.1075387976267477
Ridge,GroupKFold_Shape,1,151,circular,1.2598364770729615,1.1075387976267477
Ridge,GroupKFold_Shape,1,152,circular,1.3504797422389112,1.1228168242996395
Ridge,GroupKFold_Shape,1,153,circular,1.2821536664107218,1.1228168242996395
Ridge,GroupKFold_Shape,1,154,circular,1.3385969464427043,1.1228168242996395
Ridge,GroupKFold_Shape,1,155,circular,1.370994199976567,1.1405207097730616
Ridge,GroupKFold_Shape,1,156,circular,1.4093999006925229,1.1405207097730616
Ridge,GroupKFold_Shape,1,157,circular,1.3558105508563052,1.1405207097730616
Ridge,GroupKFold_Shape,1,158,circular,1.1189168875968767,1.1397844345266657
Ridge,GroupKFold_Shape,1,159,circular,1.1906178718264686,1.1330919616311166
Ridge,GroupKFold_Shape,1,160,circular,1.058400961814554,1.1128829616605576
Ridge,GroupKFold_Shape,1,161,circular,1.0933018396004694,1.1237606291722908
Ridge,GroupKFold_Shape,1,162,circular,1.0807031661435151,1.1148378099495355
Ridge,GroupKFold_Shape,1,163,circular,1.081714589741048,1.0932110512463047
Ridge,GroupKFold_Shape,1,164,circular,1.1142548528292844,1.0853686874195516
Ridge,GroupKFold_Shape,1,165,circular,1.0503718004141738,1.0676140347755314
Ridge,GroupKFold_Shape,1,166,circular,0.9788295581166931,1.068077128123725
Ridge,GroupKFold_Shape,1,167,circular,1.1204789660010195,1.067883268849005
Ridge,GroupKFold_Shape,1,168,circular,0.9988336760894352,1.0521972956540013
Ridge,GroupKFold_Shape,1,169,circular,1.0395391195333212,1.0377145196783726
Ridge,GroupKFold_Shape,1,170,circular,1.0060464564388292,1.0280030101997275
Ridge,GroupKFold_Shape,1,171,circular,0.9819513263381584,1.0284336008053174
Ridge,GroupKFold_Shape,1,172,circular,0.9856830767426598,1.0206410553715675
Ridge,GroupKFold_Shape,1,173,circular,1.286486310423,1.199789451074567
Ridge,GroupKFold_Shape,1,174,circular,1.2564545083234089,1.1995292076110704
Ridge,GroupKFold_Shape,1,175,circular,1.32213950491923,1.1995812562554677
Ridge,GroupKFold_Shape,1,176,circular,1.2941569931453976,1.1829270052857406
Ridge,GroupKFold_Shape,1,177,circular,1.3128540515404687,1.187395093985828
Ridge,GroupKFold_Shape,1,178,circular,1.2553795512333588,1.1735031783037555
Ridge,GroupKFold_Shape,1,179,circular,1.1713924116936274,1.1737052154039234
Ridge,GroupKFold_Shape,1,180,circular,1.2529089649586223,1.1635424246635264
Ridge,GroupKFold_Shape,1,181,circular,1.3110746711111705,1.1698738208698445
Ridge,GroupKFold_Shape,1,182,circular,1.2193262628314903,1.1563427506247135
Ridge,GroupKFold_Shape,1,183,circular,1.2060088386559635,1.1565407455107075
Ridge,GroupKFold_Shape,1,184,circular,1.2086542758821197,1.151773215000039
Ridge,GroupKFold_Shape,1,185,circular,1.1882361240679107,1.1544772192474682
Ridge,GroupKFold_Shape,1,186,circular,1.3048820805856924,1.199025353360772
Ridge,GroupKFold_Shape,1,187,circular,1.2860185403772986,1.177862029021962
Ridge,GroupKFold_Shape,1,188,circular,1.413166849593796,1.1557376512733997
Ridge,GroupKFold_Shape,1,189,circular,1.4074031505013533,1.1667985192065282
Ridge,GroupKFold_Shape,1,190,circular,1.358950340257126,1.1979127801142708
Ridge,GroupKFold_Shape,1,191,circular,1.0689531316442664,1.1083028566788562
Ridge,GroupKFold_Shape,1,192,circular,1.3141287399041004,1.191378571556277
Ridge,GroupKFold_Shape,1,193,circular,1.0922145091701283,1.1024081594653112
Ridge,GroupKFold_Shape,1,194,circular,1.5996384909229053,1.2034966959687345
Ridge,GroupKFold_Shape,1,195,circular,1.2349035942484818,1.1011606910227063
Ridge,GroupKFold_Shape,1,196,circular,1.3345388048057119,1.1725466266735691
Ridge,GroupKFold_Shape,1,197,circular,1.1669018109493594,1.1581639835758901
Ridge,GroupKFold_Shape,1,198,circular,1.2028285814567583,1.1584465532152513
Ridge,GroupKFold_Shape,1,199,circular,1.4534609969636008,1.1956995350001045
Ridge,GroupKFold_Shape,1,200,circular,1.384211098193533,1.1959676973536435
Ridge,GroupKFold_Shape,1,201,circular,1.0812582545259954,1.0984661900471346
Ridge,GroupKFold_Shape,1,202,circular,0.9422252893538012,1.098670136350288
Ridge,GroupKFold_Shape,1,203,circular,1.1335926637173817,1.163266758304182
Ridge,GroupKFold_Shape,1,204,circular,1.3129180568478147,1.163266758304182
Ridge,GroupKFold_Shape,1,205,circular,1.2264575994456417,1.163266758304182
Ridge,GroupKFold_Shape,1,206,circular,1.3129180568478147,1.163266758304182
Ridge,GroupKFold_Shape,1,207,circular,1.2488732735869459,1.163266758304182
Ridge,GroupKFold_Shape,1,208,circular,1.3033113393586844,1.163266758304182
Ridge,GroupKFold_Shape,1,209,circular,1.1361701617391793,1.114476648420102
Ridge,GroupKFold_Shape,1,210,circular,1.1410674469190896,1.114476648420102
Ridge,GroupKFold_Shape,1,211,circular,1.0578135988606152,1.114476648420102
Ridge,GroupKFold_Shape,1,212,circular,1.0578135988606152,1.114476648420102
Ridge,GroupKFold_Shape,1,213,circular,1.1670230583726138,1.114476648420102
Ridge,GroupKFold_Shape,1,214,circular,1.1048275365877536,1.114476648420102
Ridge,GroupKFold_Shape,1,215,circular,1.1382975694343815,1.1747411069013267
Ridge,GroupKFold_Shape,1,216,circular,1.0752701497689592,1.098200789184521
Ridge,GroupKFold_Shape,1,217,circular,0.9199068249691795,1.0794237064357435
Ridge,GroupKFold_Shape,1,218,circular,0.8843236477025262,1.0331865607666832
Ridge,GroupKFold_Shape,1,219,circular,0.9128790547507792,1.0099615971019098
Ridge,GroupKFold_Shape,1,220,circular,0.9281601451869276,1.0099615971019098
Ridge,GroupKFold_Shape,1,221,circular,1.237545163141302,1.192835304067584
Ridge,GroupKFold_Shape,1,222,circular,1.2089867420544758,1.169883775304486
Ridge,GroupKFold_Shape,1,223,circular,1.2133644852363266,1.169883775304486
Ridge,GroupKFold_Shape,1,224,circular,1.2096074389960325,1.1144049143870631
Ridge,GroupKFold_Shape,1,225,circular,1.1483515854741868,1.0712210401454856
Ridge,GroupKFold_Shape,1,226,circular,1.088953056461838,1.0634682869420922
Ridge,GroupKFold_Shape,1,227,circular,1.061508984719529,1.0639021412448972
Ridge,GroupKFold_Shape,1,228,circular,1.0562450356984874,1.0200673711715011
Ridge,GroupKFold_Shape,1,229,circular,1.1723103813258327,1.2084605572570712
Ridge,GroupKFold_Shape,1,230,circular,1.1809595423245132,1.1848225175465281
Ridge,GroupKFold_Shape,1,231,circular,1.172977745864338,1.185242933127857
Ridge,GroupKFold_Shape,1,232,circular,1.1760745433758346,1.129120861557239
Ridge,GroupKFold_Shape,1,233,circular,1.087407992331772,1.1595642179928851
Ridge,GroupKFold_Shape,1,234,circular,1.1091183712584098,1.1388302079614852
Ridge,GroupKFold_Shape,1,235,circular,1.1240692396897045,1.1388302079614852
Ridge,GroupKFold_Shape,1,236,circular,1.1527340236652242,1.0887115744418763
Ridge,GroupKFold_Shape,1,237,circular,1.1115939935791495,1.1105599881108785
Ridge,GroupKFold_Shape,1,238,circular,1.0839659960653538,1.0935685716695063
Ridge,GroupKFold_Shape,1,239,circular,1.1026898604988369,1.0935685716695063
Ridge,GroupKFold_Shape,1,240,circular,1.097850830391181,1.0459493154006927
Ridge,GroupKFold_Shape,1,241,circular,1.1675375968286057,1.1274457242816687
Ridge,GroupKFold_Shape,1,242,circular,1.3000433770209283,1.142662431040036
Ridge,GroupKFold_Shape,1,243,circular,1.23746653007112,1.1504514919445348
Ridge,GroupKFold_Shape,1,244,circular,1.209420109403607,1.1524583904589498
Ridge,GroupKFold_Shape,1,245,circular,1.3121377067956377,1.136149704244275
Ridge,GroupKFold_Shape,1,246,circular,1.2989281177447332,1.13535664946076
Ridge,GroupKFold_Shape,1,247,circular,1.3495739828334417,1.1457471871882356
Ridge,GroupKFold_Shape,1,248,circular,1.1281291950782302,1.1007955411598664
Ridge,GroupKFold_Shape,1,249,circular,1.2008958389819084,1.1287703395061468
Ridge,GroupKFold_Shape,1,250,circular,1.2353855303226169,1.1437234408901562
Ridge,GroupKFold_Shape,1,251,circular,1.0730584479748482,1.047226847297698
Ridge,GroupKFold_Shape,1,252,circular,1.0349052587135201,1.047226847297698
Ridge,GroupKFold_Shape,1,253,circular,1.0492127046865183,1.047226847297698
Ridge,GroupKFold_Shape,1,254,circular,1.115980785893842,1.047226847297698
Ridge,GroupKFold_Shape,1,255,circular,1.2418476497794892,1.1700579516765908
Ridge,GroupKFold_Shape,1,256,circular,1.1458899378442748,1.1574070731624502
Ridge,GroupKFold_Shape,1,257,circular,1.3374921789478076,1.1783984501120814
Ridge,GroupKFold_Shape,1,258,circular,1.0111810580343032,1.0326416706797947
Ridge,GroupKFold_Shape,1,259,circular,1.0273582662639587,1.032593833440944
Ridge,GroupKFold_Shape,1,260,circular,1.045128825211897,1.0322224886457978
Ridge,GroupKFold_Shape,1,261,circular,1.0697251791938465,1.0390852286108399
Ridge,GroupKFold_Shape,1,262,circular,1.0669773425293771,1.039390295251303
Ridge,GroupKFold_Shape,1,263,circular,1.0706406990125703,1.039152636678474
Ridge,GroupKFold_Shape,1,264,circular,1.0752462928972766,1.0412725422707172
Ridge,GroupKFold_Shape,1,265,circular,1.2050469519666545,1.1416687355191268
Ridge,GroupKFold_Shape,1,266,circular,1.1591867375218325,1.1255875620054545
Ridge,GroupKFold_Shape,1,267,circular,1.0591913268808757,1.0639303611876303
Ridge,GroupKFold_Shape,1,268,circular,1.4747177354069476,1.1739612694592145
Ridge,GroupKFold_Shape,1,269,circular,1.438698863257496,1.1578132511689911
Ridge,GroupKFold_Shape,1,270,circular,1.2453362914305632,1.0958997592410726
Ridge,GroupKFold_Shape,1,271,circular,1.208662846621109,1.17851376630439
Ridge,GroupKFold_Shape,1,272,circular,1.194274003208953,1.17851376630439
Ridge,GroupKFold_Shape,1,273,circular,1.3927210638476188,1.0834146064188437
Ridge,GroupKFold_Shape,1,274,circular,1.3842155803571365,1.0832484868637209
Ridge,GroupKFold_Shape,1,275,circular,1.4136791277360206,1.082149380240905
Ridge,GroupKFold_Shape,1,276,circular,1.1456366091921784,1.0537129397562035
Ridge,GroupKFold_Shape,1,277,circular,1.1575768700669187,1.0537129397562035
Ridge,GroupKFold_Shape,1,278,circular,1.1764299135533505,1.0537129397562035
Ridge,GroupKFold_Shape,1,279,circular,1.158563920860915,1.0131960547830277
Ridge,GroupKFold_Shape,1,280,circular,1.0769816123297524,1.0131960547830277
Ridge,GroupKFold_Shape,1,281,circular,1.1257407180116425,1.0131960547830277
Ridge,GroupKFold_Shape,1,282,circular,0.9885270233776388,0.9679750074518892
Ridge,GroupKFold_Shape,1,283,circular,1.0783931164119696,0.9679750074518892
Ridge,GroupKFold_Shape,1,284,circular,1.0361031902781668,0.9679750074518892
Ridge,GroupKFold_Shape,1,285,circular,1.0869105743635306,0.9398010594364747
Ridge,GroupKFold_Shape,1,286,circular,1.1448031386011281,0.9398010594364747
Ridge,GroupKFold_Shape,1,287,circular,1.0465299957494056,0.9398010594364747
Ridge,GroupKFold_Shape,1,288,circular,1.1966957273711798,1.0664021656040237
Ridge,GroupKFold_Shape,1,289,circular,1.1633442640197864,1.0664021656040237
Ridge,GroupKFold_Shape,1,290,circular,1.1689970544183277,1.0664021656040237
Ridge,GroupKFold_Shape,1,291,circular,1.200839968966233,1.0226724395553288
Ridge,GroupKFold_Shape,1,292,circular,1.1248508298347624,1.0226724395553288
Ridge,GroupKFold_Shape,1,293,circular,1.209479105433616,1.0226724395553288
Ridge,GroupKFold_Shape,1,294,circular,1.108420440267482,1.003459448108434
Ridge,GroupKFold_Shape,1,295,circular,1.1193408386937624,1.003459448108434
Ridge,GroupKFold_Shape,1,296,circular,1.070756208960514,1.003459448108434
Ridge,GroupKFold_Shape,1,297,circular,1.1115066128395268,0.9748738355451335
Ridge,GroupKFold_Shape,1,298,circular,1.143938834802967,0.9748738355451335
Ridge,GroupKFold_Shape,1,299,circular,1.117630616216053,0.9748738355451335
Ridge,GroupKFold_Shape,1,300,circular,1.250094356066993,1.0845592452912356
Ridge,GroupKFold_Shape,1,301,circular,1.255615974247501,1.0845592452912356
Ridge,GroupKFold_Shape,1,302,circular,1.2175168088019963,1.0845592452912356
Ridge,GroupKFold_Shape,1,303,circular,1.2950278181808799,1.065943132816561
Ridge,GroupKFold_Shape,1,304,circular,1.2126169570239147,1.065943132816561
Ridge,GroupKFold_Shape,1,305,circular,1.2243899371891955,1.065943132816561
Ridge,GroupKFold_Shape,1,306,circular,1.1743142604760686,1.0353314020749687
Ridge,GroupKFold_Shape,1,307,circular,1.2139187167349488,1.0353314020749687
Ridge,GroupKFold_Shape,1,308,circular,1.1932738406000005,1.0353314020749687
Ridge,GroupKFold_Shape,1,309,circular,1.1603149777096642,1.025648765218928
Ridge,GroupKFold_Shape,1,310,circular,1.1732156482628429,1.025648765218928
Ridge,GroupKFold_Shape,1,311,circular,1.1383551696124758,1.025648765218928
Ridge,GroupKFold_Shape,1,312,circular,1.2079419865581988,0.9664900660793596
Ridge,GroupKFold_Shape,1,313,circular,1.1670455196309601,0.9664900660793596
Ridge,GroupKFold_Shape,1,314,circular,1.1508537216670625,0.9986078275044884
Ridge,GroupKFold_Shape,1,315,circular,1.1609953445016765,0.9986078275044884
Ridge,GroupKFold_Shape,1,316,circular,1.0619217905514904,0.9447603786403114
Ridge,GroupKFold_Shape,1,317,circular,1.2956542484866285,1.1855135044132088
Ridge,GroupKFold_Shape,1,318,circular,1.1306542302372584,1.0070635887130288
Ridge,GroupKFold_Shape,1,319,circular,1.0631562838336788,0.9940336990679604
Ridge,GroupKFold_Shape,1,320,circular,1.073027843573812,0.9776280797997903
Ridge,GroupKFold_Shape,1,321,circular,1.1306840434563534,1.012820779197639
Ridge,GroupKFold_Shape,1,322,circular,1.1011120203646916,0.9788188102305446
Ridge,GroupKFold_Shape,1,323,circular,0.9851301986103755,1.0333483289051093
Ridge,GroupKFold_Shape,1,324,circular,0.9339257495170827,1.0469928022754824
Ridge,GroupKFold_Shape,1,325,circular,1.0162230301480055,1.0611707274239401
Ridge,GroupKFold_Shape,1,326,circular,1.1469339218412573,1.1794728935761478
Ridge,GroupKFold_Shape,1,327,circular,1.092546009091041,1.0879282765632912
Ridge,GroupKFold_Shape,1,328,circular,1.1000861553214407,1.1784378056356641
Ridge,GroupKFold_Shape,1,329,circular,1.0087307049043397,1.087026316241413
Ridge,GroupKFold_Shape,1,330,circular,1.1484501212624212,1.1155243838723357
Ridge,GroupKFold_Shape,1,331,circular,1.1529242603297682,1.134657206440225
Ridge,GroupKFold_Shape,1,332,circular,1.2904751739807487,1.1816409530024259
Ridge,GroupKFold_Shape,1,333,circular,1.3986321931244245,1.2117054394402227
Ridge,GroupKFold_Shape,1,334,circular,1.2682445144448073,1.0683766705709228
Ridge,GroupKFold_Shape,1,335,circular,1.2631163095652482,1.0683766705709228
Ridge,GroupKFold_Shape,1,336,circular,1.1895466598960975,1.0912836595203534
Ridge,GroupKFold_Shape,1,337,circular,1.2051519231744006,1.0912836595203534
Ridge,GroupKFold_Shape,1,338,circular,1.3434511412160852,1.133943610607217
Ridge,GroupKFold_Shape,1,339,circular,1.4076120631650018,1.133943610607217
Ridge,GroupKFold_Shape,1,340,circular,1.4131294140157122,1.195926127068937
Ridge,GroupKFold_Shape,1,341,circular,1.4090014799922972,1.195926127068937
Ridge,GroupKFold_Shape,1,342,circular,1.2512502109547927,1.0068579185387259
Ridge,GroupKFold_Shape,1,343,circular,1.194727836500679,1.0068579185387259
Ridge,GroupKFold_Shape,1,344,circular,1.1627385870083158,1.0256616173935496
Ridge,GroupKFold_Shape,1,345,circular,1.1558303740888456,1.0256616173935496
Ridge,GroupKFold_Shape,1,346,circular,1.2854163440072908,1.07228487227577
Ridge,GroupKFold_Shape,1,347,circular,1.2786766813827724,1.07228487227577
Ridge,GroupKFold_Shape,1,348,circular,1.3537218351572846,1.1019992478580132
Ridge,GroupKFold_Shape,1,349,circular,1.3212615545224988,1.1019992478580132
Ridge,GroupKFold_Shape,1,350,circular,1.1995720476405545,1.1330181270906525
Ridge,GroupKFold_Shape,1,351,circular,1.1809166022318427,1.0500339914260932
Ridge,GroupKFold_Shape,1,352,circular,1.0748673043457417,1.023084755118761
Ridge,GroupKFold_Shape,1,353,circular,1.2269958514308963,1.1535569500312515
Ridge,GroupKFold_Shape,1,354,circular,1.1320785534773934,1.0718405322127647
Ridge,GroupKFold_Shape,1,355,circular,1.0934447473345092,1.0449782317413612
Ridge,GroupKFold_Shape,1,356,circular,1.220907275112158,1.2128902303614426
Ridge,GroupKFold_Shape,1,357,circular,1.0712085131381346,1.1296424032144596
Ridge,GroupKFold_Shape,1,358,circular,1.0747060958035308,1.10277111319395
Ridge,GroupKFold_Shape,1,359,circular,1.1426382828215833,1.0913554330581428
Ridge,GroupKFold_Shape,1,360,circular,1.2204093047324287,1.147158186435204
Ridge,GroupKFold_Shape,1,361,circular,1.1951532343242832,1.1479056767450568
Ridge,GroupKFold_Shape,1,362,circular,1.253162744858469,1.1549996789556867
Ridge,GroupKFold_Shape,1,363,circular,1.410690975522547,1.1980374927012434
Ridge,GroupKFold_Shape,1,364,circular,1.3287666544027426,1.1171311206578762
Ridge,GroupKFold_Shape,1,365,circular,1.2535131146099987,1.127328310982325
Ridge,GroupKFold_Shape,1,366,circular,1.3834440469848879,1.1667557789664307
Ridge,GroupKFold_Shape,1,367,circular,1.2268643277129487,1.1354114450742556
Ridge,GroupKFold_Shape,1,368,circular,1.2343448087834648,1.1444696425518133
Ridge,GroupKFold_Shape,1,369,circular,1.4019339057226425,1.1847647716637149
Ridge,GroupKFold_Shape,1,370,circular,1.4247851688507547,1.184376223916758
Ridge,GroupKFold_Shape,1,371,circular,1.2774436061249554,1.1901748652877577
Ridge,GroupKFold_Shape,1,372,circular,1.307463933260314,1.2011730344599718
Ridge,GroupKFold_Shape,1,373,circular,1.4590225375244026,1.2411177675754814
Ridge,GroupKFold_Shape,1,374,circular,1.220169597230472,1.147472691652216
Ridge,GroupKFold_Shape,1,375,circular,1.2098260052479615,1.1371407586122513
Ridge,GroupKFold_Shape,1,376,circular,1.2949004125196468,1.1585677519214028
Ridge,GroupKFold_Shape,1,377,circular,1.2749949798711437,1.15779418850225
Ridge,GroupKFold_Shape,1,378,circular,1.282094241059635,1.1647303255157602
Ridge,GroupKFold_Shape,1,379,circular,1.2945158603944777,1.163857202679399
Ridge,GroupKFold_Shape,1,380,circular,1.3544066431861226,1.1731031858583307
Ridge,GroupKFold_Shape,1,381,circular,1.3622828817848462,1.1178526418571992
Ridge,GroupKFold_Shape,1,382,circular,1.2468443947618897,1.1098507791595673
Ridge,GroupKFold_Shape,1,383,circular,1.2672884252356018,1.1290773465861386
Ridge,GroupKFold_Shape,1,384,circular,1.291555198923066,1.1340323622292467
Ridge,GroupKFold_Shape,1,385,circular,1.288675645238375,1.134232374105005
Ridge,GroupKFold_Shape,1,386,circular,1.2490609221562923,1.1437918981087876
Ridge,GroupKFold_Shape,1,387,circular,1.286870529047561,1.1436712915281149
Ridge,GroupKFold_Shape,1,388,circular,1.3438725632484756,1.135796246561422
Ridge,GroupKFold_Shape,1,389,circular,1.2257063169875246,1.1266549596821642
Ridge,GroupKFold_Shape,1,390,circular,1.2791487844243277,1.1465817105877347
Ridge,GroupKFold_Shape,1,391,circular,1.2670605513611748,1.1509438039289739
Ridge,GroupKFold_Shape,1,392,circular,1.2441530285865783,1.1517986082999285
Ridge,GroupKFold_Shape,1,393,circular,1.2673463190737095,1.1613945409128932
Ridge,GroupKFold_Shape,1,394,circular,1.2683585085983282,1.1617730872227625
Ridge,GroupKFold_Shape,1,395,circular,1.2823788993562046,1.1914400860988927
Ridge,GroupKFold_Shape,1,396,circular,1.235038553303725,1.1837868993337848
Ridge,GroupKFold_Shape,1,397,circular,1.3200127286601904,1.2022539485254236
Ridge,GroupKFold_Shape,1,398,circular,1.3516993360623062,1.2059387336979015
Ridge,GroupKFold_Shape,1,399,circular,1.1456366091921784,1.0537129397562035
Ridge,GroupKFold_Shape,1,400,circular,1.1575768700669187,1.0537129397562035
Ridge,GroupKFold_Shape,1,401,circular,1.1764299135533505,1.0537129397562035
Ridge,GroupKFold_Shape,1,402,circular,1.158563920860915,1.0131960547830277
Ridge,GroupKFold_Shape,1,403,circular,1.0769816123297524,1.0131960547830277
Ridge,GroupKFold_Shape,1,404,circular,1.1257407180116425,1.0131960547830277
Ridge,GroupKFold_Shape,1,405,circular,0.9885270233776388,0.9679750074518892
Ridge,GroupKFold_Shape,1,406,circular,1.0783931164119696,0.9679750074518892
Ridge,GroupKFold_Shape,1,407,circular,1.0361031902781668,0.9679750074518892
Ridge,GroupKFold_Shape,1,408,circular,1.0869105743635306,0.9398010594364747
Ridge,GroupKFold_Shape,1,409,circular,1.1448031386011281,0.9398010594364747
Ridge,GroupKFold_Shape,1,410,circular,1.0465299957494056,0.9398010594364747
Ridge,GroupKFold_Shape,1,411,circular,1.1966957273711798,1.0664021656040237
Ridge,GroupKFold_Shape,1,412,circular,1.1633442640197864,1.0664021656040237
Ridge,GroupKFold_Shape,1,413,circular,1.1689970544183277,1.0664021656040237
Ridge,GroupKFold_Shape,1,414,circular,1.200839968966233,1.0226724395553288
Ridge,GroupKFold_Shape,1,415,circular,1.1248508298347624,1.0226724395553288
Ridge,GroupKFold_Shape,1,416,circular,1.209479105433616,1.0226724395553288
Ridge,GroupKFold_Shape,1,417,circular,1.108420440267482,1.003459448108434
Ridge,GroupKFold_Shape,1,418,circular,1.1193408386937624,1.003459448108434
Ridge,GroupKFold_Shape,1,419,circular,1.0705333436865083,1.003459448108434
Ridge,GroupKFold_Shape,1,420,circular,1.1115066128395268,0.9748738355451335
Ridge,GroupKFold_Shape,1,421,circular,1.143938834802967,0.9748738355451335
Ridge,GroupKFold_Shape,1,422,circular,1.117630616216053,0.9748738355451335
Ridge,GroupKFold_Shape,1,423,circular,1.250094356066993,1.0845592452912356
Ridge,GroupKFold_Shape,1,424,circular,1.255615974247501,1.0845592452912356
Ridge,GroupKFold_Shape,1,425,circular,1.2175168088019963,1.0845592452912356
Ridge,GroupKFold_Shape,1,426,circular,1.2950278181808799,1.065943132816561
Ridge,GroupKFold_Shape,1,427,circular,1.2126169570239147,1.065943132816561
Ridge,GroupKFold_Shape,1,428,circular,1.2243899371891955,1.065943132816561
Ridge,GroupKFold_Shape,1,429,circular,1.1743142604760686,1.0353314020749687
Ridge,GroupKFold_Shape,1,430,circular,1.2139187167349488,1.0353314020749687
Ridge,GroupKFold_Shape,1,431,circular,1.1932738406000005,1.0353314020749687
Ridge,GroupKFold_Shape,1,432,circular,1.1603149777096642,1.025648765218928
Ridge,GroupKFold_Shape,1,433,circular,1.1732156482628429,1.025648765218928
Ridge,GroupKFold_Shape,1,434,circular,1.1383551696124758,1.025648765218928
Ridge,GroupKFold_Shape,1,435,circular,1.136205061407592,1.0691855660093366
Ridge,GroupKFold_Shape,1,436,circular,1.1837321055556502,1.0884390673302013
Ridge,GroupKFold_Shape,1,437,circular,1.1285449094648452,1.1150900229944687
Ridge,GroupKFold_Shape,1,438,circular,1.1227523900855292,1.1729035897022948
Ridge,GroupKFold_Shape,1,439,circular,1.167311509591246,1.0603362596133814
Ridge,GroupKFold_Shape,1,440,circular,1.244275159310521,1.0831731712497814
Ridge,GroupKFold_Shape,1,441,circular,1.2059882136778968,1.1061593602013475
Ridge,GroupKFold_Shape,1,442,circular,1.2660904399745998,1.1636648252139854
Ridge,GroupKFold_Shape,1,443,circular,1.2193656335090768,1.1552534695414518
Ridge,GroupKFold_Shape,1,444,circular,1.0980365335263236,1.025920556417981
Ridge,GroupKFold_Shape,1,445,circular,1.094780679517756,1.052010151620271
Ridge,GroupKFold_Shape,1,446,circular,1.1254903843034576,1.1084632073963356
Ridge,GroupKFold_Shape,1,447,circular,1.1811788280767848,1.1554884843552535
Ridge,GroupKFold_Shape,1,448,circular,1.2437399821086135,1.1673783393111459
Ridge,GroupKFold_Shape,1,449,circular,1.2577319063356134,1.1790240476557787
Ridge,GroupKFold_Shape,1,450,circular,1.1121276540275178,1.1452778936194807
Ridge,GroupKFold_Shape,1,451,circular,1.189648160647048,1.157167748575373
Ridge,GroupKFold_Shape,1,452,circular,1.25195418927106,1.168813456920006
Ridge,GroupKFold_Shape,1,453,circular,1.1678173543464752,1.1326476866068713
Ridge,GroupKFold_Shape,1,454,circular,1.2150073469027478,1.1445375415627637
Ridge,GroupKFold_Shape,1,455,circular,1.2418209384769063,1.1561832499073965
Ridge,GroupKFold_Shape,1,456,circular,1.198140263818663,1.151815091984121
Ridge,GroupKFold_Shape,1,457,circular,1.1855044785086055,1.1532298380027721
Ridge,GroupKFold_Shape,1,458,circular,1.2090963058671387,1.1482681317189314
Ridge,GroupKFold_Shape,1,459,circular,1.3259799981856513,1.1637049469400134
Ridge,GroupKFold_Shape,1,460,circular,1.299020194398419,1.1651196929586645
Ridge,GroupKFold_Shape,1,461,circular,1.3434363952751693,1.160157986674824
Ridge,GroupKFold_Shape,1,462,circular,1.281033681703701,1.1753506552846462
Ridge,GroupKFold_Shape,1,463,circular,1.2523021338937257,1.1767654013032973
Ridge,GroupKFold_Shape,1,464,circular,1.2935766863339573,1.1718036950194568
Ridge,GroupKFold_Shape,1,465,circular,1.1250605898685158,1.1408464785151815
Ridge,GroupKFold_Shape,1,466,circular,1.1263474694221658,1.1431361794731776
Ridge,GroupKFold_Shape,1,467,circular,1.1413646115604044,1.137689606368768
Ridge,GroupKFold_Shape,1,468,circular,1.2494831646191205,1.1527363334710738
Ridge,GroupKFold_Shape,1,469,circular,1.2330886261133327,1.15502603442907
Ridge,GroupKFold_Shape,1,470,circular,1.2417298628121878,1.1495794613246604
Ridge,GroupKFold_Shape,1,471,circular,1.265565498136139,1.1643820418157067
Ridge,GroupKFold_Shape,1,472,circular,1.261434568255463,1.166671742773703
Ridge,GroupKFold_Shape,1,473,circular,1.2814067423059525,1.1612251696692932
Ridge,GroupKFold_Shape,1,474,circular,1.1412579581680564,1.1255505407402364
Ridge,GroupKFold_Shape,1,475,circular,1.1639612532058294,1.1299009226202925
Ridge,GroupKFold_Shape,1,476,circular,1.1683730857239734,1.1229326807987534
Ridge,GroupKFold_Shape,1,477,circular,1.1826622653806047,1.1374403956961288
Ridge,GroupKFold_Shape,1,478,circular,1.2042128286825535,1.1417907775761849
Ridge,GroupKFold_Shape,1,479,circular,1.1994765786206814,1.1348225357546458
Ridge,GroupKFold_Shape,1,480,circular,1.2300282858041112,1.1490861040407616
Ridge,GroupKFold_Shape,1,481,circular,1.2323447321023147,1.1534364859208177
Ridge,GroupKFold_Shape,1,482,circular,1.2559683700923228,1.1464682440992786
Ridge,GroupKFold_Shape,1,483,circular,1.097409187610453,1.1305458163680224
Ridge,GroupKFold_Shape,1,484,circular,1.12554788472867,1.1305458163680224
Ridge,GroupKFold_Shape,1,485,circular,1.1529675365057692,1.110420364693878
Ridge,GroupKFold_Shape,1,486,circular,1.1852281853374391,1.110420364693878
Ridge,GroupKFold_Shape,1,487,circular,1.122012685118459,1.0863882207578401
Ridge,GroupKFold_Shape,1,488,circular,1.1015644821562767,1.0863882207578401
Ridge,GroupKFold_Shape,1,489,circular,1.0637998792821723,1.0636057108847385
Ridge,GroupKFold_Shape,1,490,circular,1.07947210172219,1.0636057108847385
Ridge,GroupKFold_Shape,1,491,circular,0.9842650644053778,1.0420728350745734
Ridge,GroupKFold_Shape,1,492,circular,1.0221405808078126,1.0420728350745734
Ridge,GroupKFold_Shape,1,493,circular,1.2803725519731772,1.1238815495221723
Ridge,GroupKFold_Shape,1,494,circular,1.2443901851729942,1.1238815495221723
Ridge,GroupKFold_Shape,1,495,circular,1.1680967901425083,1.1040340664184236
Ridge,GroupKFold_Shape,1,496,circular,1.1555366096033417,1.1040340664184236
Ridge,GroupKFold_Shape,1,497,circular,1.1389998201135163,1.0803493831953803
Ridge,GroupKFold_Shape,1,498,circular,1.0616452868758604,1.0803493831953803
Ridge,GroupKFold_Shape,1,499,circular,1.0846139454825912,1.0579143340352735
Ridge,GroupKFold_Shape,1,500,circular,1.0813816522675768,1.0579143340352735
Ridge,GroupKFold_Shape,1,501,circular,1.0516109537673108,1.0367289189381028
Ridge,GroupKFold_Shape,1,502,circular,1.0771791624586369,1.0367289189381028
Ridge,GroupKFold_Shape,1,503,circular,1.2520069830423897,1.1165403591816798
Ridge,GroupKFold_Shape,1,504,circular,1.2664978046053803,1.1165403591816798
Ridge,GroupKFold_Shape,1,505,circular,1.1509658965396408,1.0734126211291821
Ridge,GroupKFold_Shape,1,506,circular,1.110275183025613,1.0734126211291821
Ridge,GroupKFold_Shape,1,507,circular,1.0614219390071202,1.0306641914347394
Ridge,GroupKFold_Shape,1,508,circular,1.0794121413631732,1.0306641914347394
Ridge,GroupKFold_Shape,1,509,circular,1.2207707577349554,1.15440581180218
Ridge,GroupKFold_Shape,1,510,circular,1.216295289923274,1.1486367707991991
Ridge,GroupKFold_Shape,1,511,circular,1.2763529435507894,1.1792397476084306
Ridge,GroupKFold_Shape,1,512,circular,1.246315770469367,1.1734564062589885
Ridge,GroupKFold_Shape,1,513,circular,1.4600404038278534,1.2098138702925962
Ridge,GroupKFold_Shape,1,514,circular,1.3551376186293855,1.2098138702925962
Ridge,GroupKFold_Shape,1,515,circular,1.4154313194801356,1.2030206262256913
Ridge,GroupKFold_Shape,1,516,circular,1.3991619939688698,1.2030206262256913
Ridge,GroupKFold_Shape,1,517,circular,1.3422696164404564,1.1972812831564559
Ridge,GroupKFold_Shape,1,518,circular,1.3377349217903196,1.1972812831564559
Ridge,GroupKFold_Shape,1,519,circular,1.4737078098499086,1.1970039928664908
Ridge,GroupKFold_Shape,1,520,circular,1.42382207298616,1.2078034167247274
Ridge,GroupKFold_Shape,1,521,circular,1.4600404038278534,1.2098138702925962
Ridge,GroupKFold_Shape,1,522,circular,1.3551376186293855,1.2206132941508328
Ridge,GroupKFold_Shape,1,523,circular,1.4602452591610375,1.142199208426568
Ridge,GroupKFold_Shape,1,524,circular,1.3551804572773791,1.142199208426568
Ridge,GroupKFold_Shape,1,525,circular,1.261950280076963,1.0814029568349026
Ridge,GroupKFold_Shape,1,526,circular,1.2070770909871522,1.0768236317310291
Ridge,GroupKFold_Shape,1,527,circular,1.2872591031213836,1.0814029568349026
Ridge,GroupKFold_Shape,1,528,circular,1.2295175877440858,1.0768236317310291
Ridge,GroupKFold_Shape,1,529,circular,1.0749994218548684,1.1472038670454048
Ridge,GroupKFold_Shape,1,530,circular,1.1455487199286842,1.122298463621589
Ridge,GroupKFold_Shape,1,531,circular,1.1156002980635482,1.1131091832016904
Ridge,GroupKFold_Shape,1,532,circular,1.1812493418381194,1.101344616011523
Ridge,GroupKFold_Shape,1,533,circular,1.1703975528389767,1.0787652468717108
Ridge,GroupKFold_Shape,1,534,circular,1.178400362037723,1.092707842063895
Ridge,GroupKFold_Shape,1,535,circular,1.14403126667179,1.0810140038060365
Ridge,GroupKFold_Shape,1,536,circular,1.1042621429645079,1.0592808709253345
Ridge,GroupKFold_Shape,1,537,circular,1.1118741096181768,1.0689536410069997
Ridge,GroupKFold_Shape,1,538,circular,1.0975680037783655,1.0586092670834288
Ridge,GroupKFold_Shape,1,539,circular,1.1234142745770122,1.043148057270407
Ridge,GroupKFold_Shape,1,540,circular,1.136360554615098,1.136737771085955
Ridge,GroupKFold_Shape,1,541,circular,1.2168271823181187,1.1347648342084955
Ridge,GroupKFold_Shape,1,542,circular,1.213506864240547,1.1375688172239509
Ridge,GroupKFold_Shape,1,543,circular,1.3390171937925537,1.1452258560135913
Ridge,GroupKFold_Shape,1,544,circular,1.2679319917387057,1.1464775880389513
Ridge,GroupKFold_Shape,1,545,circular,1.2216366617289183,1.1448887188451673
Ridge,GroupKFold_Shape,1,546,circular,1.1939933015828132,1.1191793494394613
Ridge,GroupKFold_Shape,1,547,circular,1.2313271775294552,1.1182121388710609
Ridge,GroupKFold_Shape,1,548,circular,1.2657307970870473,1.120413263785397
Ridge,GroupKFold_Shape,1,549,circular,1.2987951649060503,1.1039498396723746
Ridge,GroupKFold_Shape,1,550,circular,1.2045657462863062,1.1032697763029888
Ridge,GroupKFold_Shape,1,551,circular,1.1706389361953242,1.103065846193181
Ridge,GroupKFold_Shape,1,552,circular,1.2974059019704027,1.0873926940353118
Ridge,GroupKFold_Shape,1,553,circular,1.2336684323588558,1.086846896234101
Ridge,GroupKFold_Shape,1,554,circular,1.2434786890775043,1.0876659986091506
Ridge,GroupKFold_Shape,1,555,circular,1.24744725501182,1.1757597144461964
Ridge,GroupKFold_Shape,1,556,circular,1.2255351324166173,1.1207679208536017
Ridge,GroupKFold_Shape,1,557,circular,1.212461976536215,1.077024448677674
Ridge,GroupKFold_Shape,1,558,circular,1.2390348241766387,1.1418272020100435
Ridge,GroupKFold_Shape,1,559,circular,1.3099147850734096,1.1806533723673756
Ridge,GroupKFold_Shape,1,560,circular,1.1191135566181951,1.0949402173424096
Ridge,GroupKFold_Shape,1,561,circular,1.125520396023584,1.094727635311934
Ridge,GroupKFold_Shape,1,562,circular,1.0688796897447055,1.0232064643431666
Ridge,GroupKFold_Shape,1,563,circular,1.0709849653873482,0.9628056054552445
Ridge,GroupKFold_Shape,1,564,circular,1.1103910581529506,1.0828501881330233
Ridge,GroupKFold_Shape,1,565,circular,1.1128519849889325,1.0821710665823046
Ridge,GroupKFold_Shape,1,566,circular,1.0119426075976625,0.9955723200319763
Ridge,GroupKFold_Shape,1,567,circular,1.0587853148826611,0.9007686273726541
Ridge,GroupKFold_Shape,1,568,circular,1.169989109233401,1.0255223182153308
Ridge,GroupKFold_Shape,1,569,circular,1.4822375104324539,1.2061535568025648
Ridge,GroupKFold_Shape,1,570,circular,1.1172119113349281,1.2177177466057907
Ridge,GroupKFold_Shape,1,571,circular,1.1955313826950031,1.1885682173722032
Ridge,GroupKFold_Shape,1,572,circular,1.1672017543078723,1.230597448016272
Ridge,GroupKFold_Shape,1,573,circular,1.5017169424717123,1.2051674319390402
Ridge,GroupKFold_Shape,1,574,circular,1.4594150567682838,1.2051674319390402
Ridge,GroupKFold_Shape,1,575,circular,1.4752782639070696,1.2051674319390402
Ridge,GroupKFold_Shape,1,576,circular,1.419519117076611,1.2143413341050233
Ridge,GroupKFold_Shape,1,577,circular,1.4377180801160547,1.2143413341050233
Ridge,GroupKFold_Shape,1,578,circular,1.0939191567339017,1.212600271148412
Ridge,GroupKFold_Shape,1,579,circular,1.1082076544678416,1.2351392188065888
Ridge,GroupKFold_Shape,1,580,circular,1.1189148124866442,1.2576781664647654
Ridge,GroupKFold_Shape,1,581,circular,1.125154244488275,1.2802171141229421
Ridge,GroupKFold_Shape,1,582,circular,1.1253876898014403,1.1887490867932222
Ridge,GroupKFold_Shape,1,583,circular,1.103812716496891,1.2119441527999055
Ridge,GroupKFold_Shape,1,584,circular,1.0985823082868367,1.258334284813272
Ridge,GroupKFold_Shape,1,585,circular,1.0973071033105124,1.2815293508199554
Ridge,GroupKFold_Shape,1,586,circular,1.07813229112156,1.0430865633216415
Ridge,GroupKFold_Shape,1,587,circular,1.0720181076632134,1.1080748220699148
Ridge,GroupKFold_Shape,1,588,circular,1.0996992675102513,1.1400742162805064
Ridge,GroupKFold_Shape,1,589,circular,1.1065761847263786,1.1718890315693582
Ridge,GroupKFold_Shape,1,590,circular,1.0891297555800707,1.2035676827766775
Ridge,GroupKFold_Shape,1,591,circular,1.1179292663043983,1.1641895074040989
Ridge,GroupKFold_Shape,1,592,circular,1.1027615541905644,1.1936367203072098
Ridge,GroupKFold_Shape,1,593,circular,1.1083054834975656,1.2886970029022358
Ridge,GroupKFold_Shape,1,594,circular,1.0963834458272042,1.354310072594151
Ridge,GroupKFold_Shape,1,595,circular,1.1121008667663637,1.1783001458685016
Ridge,GroupKFold_Shape,1,596,circular,1.1104141617106007,1.2067196823375452
Ridge,GroupKFold_Shape,1,597,circular,1.1053752629591076,1.2635587552756324
Ridge,GroupKFold_Shape,1,598,circular,1.101641173779054,1.2919782917446763
Ridge,GroupKFold_Shape,1,599,circular,1.4737078098499086,1.1970039928664908
Ridge,GroupKFold_Shape,1,600,circular,1.3552291847985056,1.2078034167247274
Ridge,GroupKFold_Shape,1,601,circular,1.4600404038278534,1.2098138702925962
Ridge,GroupKFold_Shape,1,602,circular,1.3551376186293855,1.2206132941508328
Ridge,GroupKFold_Shape,1,603,circular,1.1982356859759895,1.162126482366177
Ridge,GroupKFold_Shape,1,604,circular,1.3597925128136246,1.1554893071156267
Ridge,GroupKFold_Shape,1,605,circular,1.3584960645166095,1.1549950514293994
Ridge,GroupKFold_Shape,1,606,circular,1.3100033270154159,1.1549950514293994
Ridge,GroupKFold_Shape,1,607,circular,1.2913700832474397,1.188938969272137
Ridge,GroupKFold_Shape,1,608,circular,1.4978151073335477,1.2094388599014985
Ridge,GroupKFold_Shape,1,609,circular,1.2096830310287026,1.176015457056841
Ridge,GroupKFold_Shape,1,610,circular,1.2873230266774571,1.176015457056841
Ridge,GroupKFold_Shape,1,611,circular,1.4530112728655133,1.1946721589692042
Ridge,GroupKFold_Shape,1,612,circular,1.4109684844565789,1.1946721589692042
Ridge,GroupKFold_Shape,1,613,circular,1.2390348241766387,1.1418272020100435
Ridge,GroupKFold_Shape,1,614,circular,1.3099147850734096,1.1806533723673756
Ridge,GroupKFold_Shape,1,615,circular,1.306829976743478,1.1435729179787066
Ridge,GroupKFold_Shape,1,616,circular,1.290747621841903,1.1435729179787066
Ridge,GroupKFold_Shape,1,617,circular,1.3332390142216342,1.150553421017662
Ridge,GroupKFold_Shape,1,618,circular,1.3086128646971864,1.150553421017662
Ridge,GroupKFold_Shape,1,619,circular,1.3199099921891184,1.1582527276655263
Ridge,GroupKFold_Shape,1,620,circular,1.3389618107830723,1.1582527276655263
Ridge,GroupKFold_Shape,1,621,circular,1.330175403702272,1.1634216729644027
Ridge,GroupKFold_Shape,1,622,circular,1.3453508784579917,1.1634216729644027
Ridge,GroupKFold_Shape,1,623,circular,1.3180270589589476,1.1699993892626952
Ridge,GroupKFold_Shape,1,624,circular,1.352620773381636,1.1699993892626952
Ridge,GroupKFold_Shape,1,625,circular,1.2617665934601323,1.1900009751347225
Ridge,GroupKFold_Shape,1,626,circular,1.3285906550290896,1.115883312945409
Ridge,GroupKFold_Shape,1,627,circular,1.3313087177790965,1.1005395180806983
Ridge,GroupKFold_Shape,1,628,circular,1.4053136480542652,1.0912327751690392
Ridge,GroupKFold_Shape,1,629,circular,1.3001385373329486,1.1626007061459191
Ridge,GroupKFold_Shape,1,630,circular,1.2362028679086534,1.147187184787854
Ridge,GroupKFold_Shape,1,631,circular,1.2965312518289938,1.1378381494346248
Ridge,GroupKFold_Shape,1,632,circular,1.3204525886930352,1.1968956255934862
Ridge,GroupKFold_Shape,1,633,circular,1.2966698880718244,1.1721384376803556
Ridge,GroupKFold_Shape,1,634,circular,1.3546268449969268,1.1973763777804383
Ridge,GroupKFold_Shape,1,635,circular,1.3040760471428814,1.1668362111764397
Ridge,GroupKFold_Shape,1,636,circular,1.2239856207435866,1.1920610080736949
Ridge,GroupKFold_Shape,1,637,circular,1.2280509343017207,1.1683997931500079
Ridge,GroupKFold_Shape,1,638,circular,1.1604974665781171,1.1683997931500079
Ridge,GroupKFold_Shape,1,639,circular,1.2478356905643953,1.161190769810173
Ridge,GroupKFold_Shape,1,640,circular,1.2598277046755322,1.161190769810173
Ridge,GroupKFold_Shape,1,641,circular,1.2968281953681047,1.1457262103634025
Ridge,GroupKFold_Shape,1,642,circular,1.2886129941304787,1.1457262103634025
Ridge,GroupKFold_Shape,1,643,circular,1.3357650442006035,1.1183277156384006
Ridge,GroupKFold_Shape,1,644,circular,1.2936721089566459,1.1467472521074444
Ridge,GroupKFold_Shape,1,645,circular,1.275484545351331,1.1861176732424217
Ridge,GroupKFold_Shape,1,646,circular,1.2903183386642592,1.151520202708572
Ridge,GroupKFold_Shape,1,647,circular,1.2604272961433265,1.1767949002562914
Ridge,GroupKFold_Shape,1,648,circular,1.2110363638509196,1.1426647588406305
Ridge,GroupKFold_Shape,1,649,circular,1.2889693276319096,1.193058372296108
Ridge,GroupKFold_Shape,1,650,circular,1.212706933739826,1.1588492865223983
Ridge,GroupKFold_Shape,1,651,circular,1.2996749058776849,1.1304395355121237
Ridge,GroupKFold_Shape,1,652,circular,1.3569351531659213,1.1016341240725718
Ridge,GroupKFold_Shape,1,653,circular,1.0862451776135187,1.1386932364559688
Ridge,GroupKFold_Shape,1,654,circular,1.460895937684224,1.1891516034878724
Ridge,GroupKFold_Shape,1,655,circular,1.130075412633195,1.2273105040392234
Ridge,GroupKFold_Shape,1,656,circular,1.3167453220865304,1.15068893599977
Ridge,GroupKFold_Shape,1,657,circular,1.0294808161480307,1.189762103079481
Ridge,GroupKFold_Shape,1,658,circular,1.4071107610604239,1.182192065543731
Ridge,GroupKFold_Shape,1,659,circular,1.3379552763636882,1.1727866343482687
Ridge,GroupKFold_Shape,1,660,circular,1.458792166328811,1.1503759656712755
Ridge,GroupKFold_Shape,1,661,circular,1.4286071933023912,1.1615398152202139
Ridge,GroupKFold_Shape,1,662,circular,1.271291189652216,1.1946153514061773
Ridge,GroupKFold_Shape,1,663,circular,1.2934006016461677,1.1946153514061773
Ridge,GroupKFold_Shape,1,664,circular,1.1975931496723773,1.2082297303516725
Ridge,GroupKFold_Shape,1,665,circular,1.2528666796572563,1.2082297303516725
Ridge,GroupKFold_Shape,1,666,circular,1.5184172955589565,1.1288043562457832
Ridge,GroupKFold_Shape,1,667,circular,1.4512515359158664,1.1426507442276466
Ridge,GroupKFold_Shape,1,668,circular,1.3748654480428981,1.155655029990253
Ridge,GroupKFold_Shape,1,669,circular,1.3665698621385245,1.1902649819852376
Ridge,GroupKFold_Shape,1,670,circular,1.2676699633975275,1.1800437066441862
Ridge,GroupKFold_Shape,1,671,circular,1.3556201734388373,1.1697160565566411
Ridge,GroupKFold_Shape,1,672,circular,1.305064619754932,1.145259931647758
Ridge,GroupKFold_Shape,1,673,circular,1.32021833450372,1.0983226779311934
Ridge,GroupKFold_Shape,2,674,rectangular,1.06953698397908,1.302094106671324
Ridge,GroupKFold_Shape,2,675,rectangular,1.0716465243814055,1.302094106671324
Ridge,GroupKFold_Shape,2,676,rectangular,1.0462366417310374,1.3155914932943393
Ridge,GroupKFold_Shape,2,677,rectangular,1.023264728934967,1.343492022362837
Ridge,GroupKFold_Shape,2,678,rectangular,1.0213662786029911,1.343492022362837
Ridge,GroupKFold_Shape,2,679,rectangular,1.0605662066642707,1.3756502125541084
Ridge,GroupKFold_Shape,2,680,rectangular,1.0590065504779997,1.3756502125541084
Ridge,GroupKFold_Shape,2,681,rectangular,0.9291387514086493,1.1788986046412224
Ridge,GroupKFold_Shape,2,682,rectangular,1.0127561317700873,1.1281966939908885
Ridge,GroupKFold_Shape,2,683,rectangular,0.8818123522200535,1.1497564433402543
Ridge,GroupKFold_Shape,2,684,rectangular,0.9632749833968759,1.1854421218563944
Ridge,GroupKFold_Shape,2,685,rectangular,0.8908545915693714,1.3396902652765204
Ridge,GroupKFold_Shape,2,686,rectangular,0.9507109204994402,1.3327435136940633
Ridge,GroupKFold_Shape,2,687,rectangular,0.9585829643136233,1.3282238191095437
Ridge,GroupKFold_Shape,2,688,rectangular,0.9595862668053858,1.3302505896489658
Ridge,GroupKFold_Shape,2,689,rectangular,0.9884695799780571,1.3384923856560311
Ridge,GroupKFold_Shape,2,690,rectangular,1.0401008214518896,1.3101671287025125
Ridge,GroupKFold_Shape,2,691,rectangular,0.9186291926691872,1.3123920099540753
Ridge,GroupKFold_Shape,2,692,rectangular,1.0192749456133143,1.31069525943503
Ridge,GroupKFold_Shape,2,693,rectangular,0.9127835333850577,1.3129201406865931
Ridge,GroupKFold_Shape,2,694,rectangular,0.9972231171660454,1.3101525650641905
Ridge,GroupKFold_Shape,2,695,rectangular,0.9128426995596877,1.3123774463157536
Ridge,GroupKFold_Shape,2,696,rectangular,1.003832816207337,1.3077759767678612
Ridge,GroupKFold_Shape,2,697,rectangular,0.9125752874612155,1.3100008580194242
Ridge,GroupKFold_Shape,2,698,rectangular,1.027009289900049,1.3014363676850298
Ridge,GroupKFold_Shape,2,699,rectangular,1.0482746914157164,1.157255379457002
Ridge,GroupKFold_Shape,2,700,rectangular,0.9167472922833516,1.1020929719162817
Ridge,GroupKFold_Shape,2,701,rectangular,0.8640136456166635,1.0493598355862572
Ridge,GroupKFold_Shape,2,702,rectangular,0.9608620035264834,1.1129523333349611
Ridge,GroupKFold_Shape,2,703,rectangular,0.9081053698399476,1.0549022595068567
Ridge,GroupKFold_Shape,2,704,rectangular,1.0208279872998902,1.279197003700339
Ridge,GroupKFold_Shape,2,705,rectangular,1.0122966091723296,1.2590324841544454
Ridge,GroupKFold_Shape,2,706,rectangular,1.1371215663950138,1.2324108989318414
Ridge,GroupKFold_Shape,2,707,rectangular,0.9947622291164563,1.2070908181318183
Ridge,GroupKFold_Shape,2,708,rectangular,0.9042217768159755,1.1977257341705256
Ridge,GroupKFold_Shape,2,709,rectangular,1.1173887074432522,1.2130420939674493
Ridge,GroupKFold_Shape,2,710,rectangular,0.9943744272212695,1.1921692879334655
Ridge,GroupKFold_Shape,2,711,rectangular,1.025037102173695,1.3431333809748203
Ridge,GroupKFold_Shape,2,712,rectangular,0.9756042909375217,1.3340078460295373
Ridge,GroupKFold_Shape,2,713,rectangular,1.0187432561830583,1.3340078460295373
Ridge,GroupKFold_Shape,2,714,rectangular,0.9721328583393922,1.29070095365488
Ridge,GroupKFold_Shape,2,715,rectangular,0.9375664445830088,1.2825743430168643
Ridge,GroupKFold_Shape,2,716,rectangular,1.0494235703981207,1.3541357455635838
Ridge,GroupKFold_Shape,2,717,rectangular,1.014571862655111,1.3523270210735698
Ridge,GroupKFold_Shape,2,718,rectangular,0.9978268847018567,1.2634248996363286
Ridge,GroupKFold_Shape,2,719,rectangular,0.9785226954714671,1.2634248996363286
Ridge,GroupKFold_Shape,2,720,rectangular,1.0327321771459947,1.3817675131711455
Ridge,GroupKFold_Shape,2,721,rectangular,0.9809199335646905,1.3817675131711455
Ridge,GroupKFold_Shape,2,722,rectangular,1.0918158283594679,1.3915325230514708
Ridge,GroupKFold_Shape,2,723,rectangular,1.0578333859959272,1.3273203754201297
Ridge,GroupKFold_Shape,2,724,rectangular,0.9940735654701452,1.3273203754201297
Ridge,GroupKFold_Shape,2,725,rectangular,1.1119697575281549,1.3980453897595502
Ridge,GroupKFold_Shape,2,726,rectangular,1.0456940551391063,1.3936120140759003
Ridge,GroupKFold_Shape,2,727,rectangular,1.1333855233516579,1.3078980719977622
Ridge,GroupKFold_Shape,2,728,rectangular,1.0752776543097362,1.3078980719977622
Ridge,GroupKFold_Shape,2,729,rectangular,1.0676435686744394,1.3528921364784883
Ridge,GroupKFold_Shape,2,730,rectangular,1.0168033987375615,1.3528921364784883
Ridge,GroupKFold_Shape,2,731,rectangular,1.1716324806430052,1.2940725808472797
Ridge,GroupKFold_Shape,2,732,rectangular,1.1658421700897874,1.290856100960575
Ridge,GroupKFold_Shape,2,733,rectangular,1.1283652605741799,1.2681539361289573
Ridge,GroupKFold_Shape,2,734,rectangular,1.178233226761944,1.2675158059258969
Ridge,GroupKFold_Shape,2,735,rectangular,1.0525255794086772,1.246991000484987
Ridge,GroupKFold_Shape,2,736,rectangular,1.0834822140971676,1.246991000484987
Ridge,GroupKFold_Shape,2,737,rectangular,1.077036799237642,1.2123614306277541
Ridge,GroupKFold_Shape,2,738,rectangular,1.1062335799398673,1.2123614306277541
Ridge,GroupKFold_Shape,2,739,rectangular,1.0525512247820288,1.213635091856019
Ridge,GroupKFold_Shape,2,740,rectangular,1.1790389398250496,1.2591508111544818
Ridge,GroupKFold_Shape,2,741,rectangular,1.071797169648938,1.2593014873721724
Ridge,GroupKFold_Shape,2,742,rectangular,1.1582712076440551,1.26074876819835
Ridge,GroupKFold_Shape,2,743,rectangular,1.1763225868857685,1.2337661393654067
Ridge,GroupKFold_Shape,2,744,rectangular,1.1394168016812345,1.1585731074177041
Ridge,GroupKFold_Shape,2,745,rectangular,1.1532149251359798,1.1952801161143038
Ridge,GroupKFold_Shape,2,746,rectangular,1.1512238868735534,1.2840376712694828
Ridge,GroupKFold_Shape,2,747,rectangular,1.1484767056471201,1.2862034102105198
Ridge,GroupKFold_Shape,2,748,rectangular,1.1771886232882982,1.2862034102105198
Ridge,GroupKFold_Shape,2,749,rectangular,1.0977030977502156,1.2228405790634012
Ridge,GroupKFold_Shape,2,750,rectangular,1.0946276409912032,1.221527625395678
Ridge,GroupKFold_Shape,2,751,rectangular,1.1850025214136133,1.2612708856829136
Ridge,GroupKFold_Shape,2,752,rectangular,1.1576632873843928,1.258989067323163
Ridge,GroupKFold_Shape,2,753,rectangular,1.0530510315036463,1.2439666740402644
Ridge,GroupKFold_Shape,2,754,rectangular,1.119950655964233,1.2477598551963265
Ridge,GroupKFold_Shape,2,755,rectangular,1.156965801441185,1.1568887636662755
Ridge,GroupKFold_Shape,2,756,rectangular,1.1262308703670376,1.1860629390205133
Ridge,GroupKFold_Shape,2,757,rectangular,1.0887674041182602,1.2265019831217545
Ridge,GroupKFold_Shape,2,758,rectangular,1.1314321213749883,1.2255116994540933
Ridge,GroupKFold_Shape,2,759,rectangular,1.0364279604429998,1.1898294635174809
Ridge,GroupKFold_Shape,2,760,rectangular,0.9619250510688471,1.1876120544677575
Ridge,GroupKFold_Shape,2,761,rectangular,1.078542207069355,1.2650075926473467
Ridge,GroupKFold_Shape,2,762,rectangular,1.1353075863887947,1.2650075926473467
Ridge,GroupKFold_Shape,2,763,rectangular,1.024164701767882,1.2500190699795783
Ridge,GroupKFold_Shape,2,764,rectangular,1.0840452992502785,1.2500190699795783
Ridge,GroupKFold_Shape,2,765,rectangular,1.1024571061792323,1.2606193127799312
Ridge,GroupKFold_Shape,2,766,rectangular,1.1233567669598814,1.2606193127799312
Ridge,GroupKFold_Shape,2,767,rectangular,1.0829615417225233,1.2329016993773898
Ridge,GroupKFold_Shape,2,768,rectangular,1.021949623879001,1.2329016993773898
Ridge,GroupKFold_Shape,2,769,rectangular,1.1632431483901737,1.2793193379425347
Ridge,GroupKFold_Shape,2,770,rectangular,1.158611523693908,1.2731089468848331
Ridge,GroupKFold_Shape,2,771,rectangular,1.059029496018931,1.2593370143789846
Ridge,GroupKFold_Shape,2,772,rectangular,1.0060780212179845,1.2593370143789846
Ridge,GroupKFold_Shape,2,773,rectangular,1.055724814851753,1.2459687625587135
Ridge,GroupKFold_Shape,2,774,rectangular,1.0981965028055594,1.2459687625587135
Ridge,GroupKFold_Shape,2,775,rectangular,1.0986855569462772,1.2387099816247495
Ridge,GroupKFold_Shape,2,776,rectangular,1.069703443933306,1.2387099816247495
Ridge,GroupKFold_Shape,2,777,rectangular,1.1732223146824223,1.3401544609007783
Ridge,GroupKFold_Shape,2,778,rectangular,1.1409909324109273,1.3401544609007783
Ridge,GroupKFold_Shape,2,779,rectangular,1.0766288800381931,1.2421419954936037
Ridge,GroupKFold_Shape,2,780,rectangular,1.0802645315227415,1.2408029189848102
Ridge,GroupKFold_Shape,2,781,rectangular,1.1470667064816837,1.2118194375882667
Ridge,GroupKFold_Shape,2,782,rectangular,1.1807084712317466,1.2122733726924555
Ridge,GroupKFold_Shape,2,783,rectangular,1.0269803115082223,1.1872732597537239
Ridge,GroupKFold_Shape,2,784,rectangular,1.10977600159026,1.1597834772258468
Ridge,GroupKFold_Shape,2,785,rectangular,1.0011289227779692,1.33028757499067
Ridge,GroupKFold_Shape,2,786,rectangular,0.9789157460188382,1.2907900137853425
Ridge,GroupKFold_Shape,2,787,rectangular,0.9706081159253261,1.2907900137853425
Ridge,GroupKFold_Shape,2,788,rectangular,0.9795042253674844,1.1953157764347166
Ridge,GroupKFold_Shape,2,789,rectangular,0.8928235053842986,1.245858774904796
Ridge,GroupKFold_Shape,2,790,rectangular,0.875557267369265,1.1466534379991304
Ridge,GroupKFold_Shape,2,791,rectangular,0.8965710512733155,1.1880070566845933
Ridge,GroupKFold_Shape,2,792,rectangular,0.9885768620769692,1.3487773143423987
Ridge,GroupKFold_Shape,2,793,rectangular,0.9811458485379492,1.309160373690134
Ridge,GroupKFold_Shape,2,794,rectangular,0.966121179204925,1.309160373690134
Ridge,GroupKFold_Shape,2,795,rectangular,0.9736418269527575,1.213397570126713
Ridge,GroupKFold_Shape,2,796,rectangular,0.9298059038456692,1.3044939852330486
Ridge,GroupKFold_Shape,2,797,rectangular,0.9206606879660199,1.2661011714000447
Ridge,GroupKFold_Shape,2,798,rectangular,0.9323040932338827,1.2661011714000447
Ridge,GroupKFold_Shape,2,799,rectangular,0.9220788144923887,1.1732973498831816
Ridge,GroupKFold_Shape,2,800,rectangular,0.8870355863052073,1.2072900853903925
Ridge,GroupKFold_Shape,2,801,rectangular,1.0271484100762487,1.3520261074057456
Ridge,GroupKFold_Shape,2,802,rectangular,1.013516318124347,1.3120891385969247
Ridge,GroupKFold_Shape,2,803,rectangular,1.0148873243037508,1.3120891385969247
Ridge,GroupKFold_Shape,2,804,rectangular,1.0060940214975271,1.2162212827886445
Ridge,GroupKFold_Shape,2,805,rectangular,0.9770268584853092,1.314821895425811
Ridge,GroupKFold_Shape,2,806,rectangular,0.9548260673473076,1.2757055157846353
Ridge,GroupKFold_Shape,2,807,rectangular,0.9652392606034879,1.2757055157846353
Ridge,GroupKFold_Shape,2,808,rectangular,0.9473561043119533,1.181152677579144
Ridge,GroupKFold_Shape,2,809,rectangular,0.9090970473279092,1.2615067724199134
Ridge,GroupKFold_Shape,2,810,rectangular,0.8748433612948089,1.222984466860529
Ridge,GroupKFold_Shape,2,811,rectangular,1.1102016641673793,1.2746184968436944
Ridge,GroupKFold_Shape,2,812,rectangular,0.9603762259588122,1.141918655054416
Ridge,GroupKFold_Shape,2,813,rectangular,1.0417378229660836,1.2555035918284534
Ridge,GroupKFold_Shape,2,814,rectangular,0.9208205165973737,1.1229615510707132
Ridge,GroupKFold_Shape,2,815,rectangular,1.1151536423574908,1.3222846040821348
Ridge,GroupKFold_Shape,2,816,rectangular,0.9689279686173381,1.1897015929146375
Ridge,GroupKFold_Shape,2,817,rectangular,1.00947218111946,1.2709044876883817
Ridge,GroupKFold_Shape,2,818,rectangular,0.8977259185724457,1.138230228809574
Ridge,GroupKFold_Shape,2,819,rectangular,1.0741512924941898,1.3371120222001907
Ridge,GroupKFold_Shape,2,820,rectangular,0.9634333717368522,1.2023473801466458
Ridge,GroupKFold_Shape,2,821,rectangular,1.0345841173826607,1.2796696077329281
Ridge,GroupKFold_Shape,2,822,rectangular,0.931234772797198,1.1452617943851409
Ridge,GroupKFold_Shape,2,823,rectangular,0.8885581509727589,1.2864954019725345
Ridge,GroupKFold_Shape,2,824,rectangular,1.0388927642676498,1.3172617651118987
Ridge,GroupKFold_Shape,2,825,rectangular,1.1329344052767332,1.3497792975633354
Ridge,GroupKFold_Shape,2,826,rectangular,0.9411324124276237,1.2467677171794842
Ridge,GroupKFold_Shape,2,827,rectangular,0.9918723486339667,1.2775003197755546
Ridge,GroupKFold_Shape,2,828,rectangular,1.0311072708311233,1.309979827613504
Ridge,GroupKFold_Shape,2,829,rectangular,1.171871390093672,1.2940583531023828
Ridge,GroupKFold_Shape,2,830,rectangular,1.166085946843375,1.2906883111093146
Ridge,GroupKFold_Shape,2,831,rectangular,1.128644883881722,1.2680920815309995
Ridge,GroupKFold_Shape,2,832,rectangular,1.1785261834797467,1.2674539497419839
Ridge,GroupKFold_Shape,2,833,rectangular,1.1952074462688937,1.2672410267536887
Ridge,GroupKFold_Shape,2,834,rectangular,1.0196320492867985,1.2409537262367778
Ridge,GroupKFold_Shape,2,835,rectangular,0.9835206606525958,1.2401854264704395
Ridge,GroupKFold_Shape,2,836,rectangular,1.0407980809427315,1.2063287343846119
Ridge,GroupKFold_Shape,2,837,rectangular,1.0690124867514201,1.2063287343846119
Ridge,GroupKFold_Shape,2,838,rectangular,1.0172706870924326,1.207679718335503
Ridge,GroupKFold_Shape,2,839,rectangular,1.1793391334116536,1.259015582806397
Ridge,GroupKFold_Shape,2,840,rectangular,1.072069099621178,1.2592597373773031
Ridge,GroupKFold_Shape,2,841,rectangular,1.1585624934929537,1.260720375502168
Ridge,GroupKFold_Shape,2,842,rectangular,1.1766778981895882,1.2337098206874983
Ridge,GroupKFold_Shape,2,843,rectangular,1.1536852924437238,1.1952770774091879
Ridge,GroupKFold_Shape,2,844,rectangular,1.139912956872766,1.1585165621105409
Ridge,GroupKFold_Shape,2,845,rectangular,1.1206151496013752,1.1596035437701742
Ridge,GroupKFold_Shape,2,846,rectangular,1.017734060884549,1.2322659071757542
Ridge,GroupKFold_Shape,2,847,rectangular,0.9914081945242199,1.2322659071757542
Ridge,GroupKFold_Shape,2,848,rectangular,1.0682404704488726,1.225375285129627
Ridge,GroupKFold_Shape,2,849,rectangular,1.0671828066167448,1.225375285129627
Ridge,GroupKFold_Shape,2,850,rectangular,1.0519693298913266,1.165296774425159
Ridge,GroupKFold_Shape,2,851,rectangular,1.0970795069878672,1.165296774425159
Ridge,GroupKFold_Shape,2,852,rectangular,1.0472415535706674,1.1425606686197671
Ridge,GroupKFold_Shape,2,853,rectangular,1.0761624685675317,1.1425606686197671
Ridge,GroupKFold_Shape,2,854,rectangular,0.9627957798198005,1.1396141289791273
Ridge,GroupKFold_Shape,2,855,rectangular,0.9978743857512196,1.1396141289791273
Ridge,GroupKFold_Shape,2,856,rectangular,0.8855537244364577,1.1522793511051266
Ridge,GroupKFold_Shape,2,857,rectangular,1.0379847751848825,1.2269645766742827
Ridge,GroupKFold_Shape,2,858,rectangular,1.0008111503855663,1.1592631356669014
Ridge,GroupKFold_Shape,2,859,rectangular,1.03016990286554,1.1811645195390241
Ridge,GroupKFold_Shape,2,860,rectangular,1.1224582763312743,1.2120913547004728
Ridge,GroupKFold_Shape,2,861,rectangular,1.0298317805372306,1.2831152362210925
Ridge,GroupKFold_Shape,2,862,rectangular,0.9950721190187648,1.282910284599399
Ridge,GroupKFold_Shape,2,863,rectangular,0.882387614612431,1.2546145163455664
Ridge,GroupKFold_Shape,2,864,rectangular,0.9073027741064279,1.2544566937130006
Ridge,GroupKFold_Shape,2,865,rectangular,1.1825822756173474,1.260452831537424
Ridge,GroupKFold_Shape,2,866,rectangular,1.191930752104441,1.260452831537424
Ridge,GroupKFold_Shape,2,867,rectangular,0.9417647554511891,1.1271573104143393
Ridge,GroupKFold_Shape,2,868,rectangular,0.932531767652648,1.1271573104143393
Ridge,GroupKFold_Shape,2,869,rectangular,0.943394691361964,1.1632010206149543
Ridge,GroupKFold_Shape,2,870,rectangular,0.9243746371006341,1.1632010206149543
Ridge,GroupKFold_Shape,2,871,rectangular,0.955133310146045,1.1529934358220877
Ridge,GroupKFold_Shape,2,872,rectangular,0.9676195860532987,1.189976769883621
Ridge,GroupKFold_Shape,2,873,rectangular,0.9990536850212308,1.2568088897012302
Ridge,GroupKFold_Shape,2,874,rectangular,0.9665995795697264,1.210227124138409
Ridge,GroupKFold_Shape,2,875,rectangular,0.9484993102887488,1.166815203772312
Ridge,GroupKFold_Shape,2,876,rectangular,0.9473829264371512,1.197090808381325
Ridge,GroupKFold_Shape,2,877,rectangular,0.9684181003943355,1.218842707749057
Ridge,GroupKFold_Shape,2,878,rectangular,0.9443956096818847,1.257419473598809
Ridge,GroupKFold_Shape,2,879,rectangular,1.0132518775954646,1.3072191218174587
Ridge,GroupKFold_Shape,2,880,rectangular,1.0002418711918832,1.2250402905376785
Ridge,GroupKFold_Shape,2,881,rectangular,0.8923202472408284,1.2253748532369957
Ridge,GroupKFold_Shape,2,882,rectangular,0.8444311413094356,1.2248214801387332
Ridge,GroupKFold_Shape,2,883,rectangular,1.0117260936994958,1.1438047712304857
Ridge,GroupKFold_Shape,2,884,rectangular,1.0624619296755353,1.1441584504151916
Ridge,GroupKFold_Shape,2,885,rectangular,1.0171365040792284,1.1673419811822716
Ridge,GroupKFold_Shape,2,886,rectangular,1.032129114784921,1.1670651617257788
Ridge,GroupKFold_Shape,2,887,rectangular,1.030780962624438,1.1872345359955037
Ridge,GroupKFold_Shape,2,888,rectangular,1.0789717632003233,1.1867323903506835
Ridge,GroupKFold_Shape,2,889,rectangular,1.0373767948970278,1.2158178335288794
Ridge,GroupKFold_Shape,2,890,rectangular,0.9791720208339967,1.1621383854976575
Ridge,GroupKFold_Shape,2,891,rectangular,1.0709720053653338,1.1385136045113777
Ridge,GroupKFold_Shape,2,892,rectangular,1.108383888154156,1.2412593231333178
Ridge,GroupKFold_Shape,2,893,rectangular,0.9124112927783977,1.1627462198351006
Ridge,GroupKFold_Shape,2,894,rectangular,0.9660896807843484,1.2079932449883453
Ridge,GroupKFold_Shape,2,895,rectangular,1.1978827880874945,1.338287184107803
Ridge,GroupKFold_Shape,2,896,rectangular,1.1568827981182246,1.320940010701419
Ridge,GroupKFold_Shape,2,897,rectangular,1.092162014773685,1.2602519055438826
Ridge,GroupKFold_Shape,2,898,rectangular,1.1075306132566556,1.2602519055438826
Ridge,GroupKFold_Shape,2,899,rectangular,1.0455797423367392,1.239861332780388
Ridge,GroupKFold_Shape,2,900,rectangular,1.0093291870279875,1.239861332780388
Ridge,GroupKFold_Shape,2,901,rectangular,0.9636221469263134,1.21526355206023
Ridge,GroupKFold_Shape,2,902,rectangular,0.9571682118876519,1.21526355206023
Ridge,GroupKFold_Shape,2,903,rectangular,1.0485565695763601,1.3203858776896071
Ridge,GroupKFold_Shape,2,904,rectangular,1.1951298166951887,1.3653254145358522
Ridge,GroupKFold_Shape,2,905,rectangular,1.1324219565630271,1.3350411044018475
Ridge,GroupKFold_Shape,2,906,rectangular,1.0554080316696963,1.2022581084935677
Ridge,GroupKFold_Shape,2,907,rectangular,1.0022809398393806,1.1612993717411164
Ridge,GroupKFold_Shape,2,908,rectangular,1.130616395201698,1.1592386684892644
Ridge,GroupKFold_Shape,2,909,rectangular,1.1342010173952362,1.1412949651836382
Ridge,GroupKFold_Shape,2,910,rectangular,1.1884094429914789,1.1420095022003531
Ridge,GroupKFold_Shape,2,911,rectangular,0.9725536011753673,1.1253649101224217
Ridge,GroupKFold_Shape,2,912,rectangular,0.9461037829982124,1.1252279895144086
Ridge,GroupKFold_Shape,2,913,rectangular,0.9940345411632843,1.1093672745793592
Ridge,GroupKFold_Shape,2,914,rectangular,0.9597213367058176,1.1094465661579145
Ridge,GroupKFold_Shape,2,915,rectangular,1.0601634917957934,1.0504221296292608
Ridge,GroupKFold_Shape,2,916,rectangular,1.1713832305334504,1.1316034541163766
Ridge,GroupKFold_Shape,2,917,rectangular,1.1416032529561655,1.119238397780474
Ridge,GroupKFold_Shape,2,918,rectangular,1.1626380801722234,1.1018263796748153
Ridge,GroupKFold_Shape,2,919,rectangular,1.11255431481568,1.1601312930494256
Ridge,GroupKFold_Shape,2,920,rectangular,1.0897359081900724,1.1477619017923628
Ridge,GroupKFold_Shape,2,921,rectangular,1.145648565330804,1.173510430531555
Ridge,GroupKFold_Shape,2,922,rectangular,1.1594229116729229,1.1303437794099682
Ridge,GroupKFold_Shape,2,923,rectangular,1.1889335540316859,1.170986064968889
Ridge,GroupKFold_Shape,2,924,rectangular,0.9592940346185056,1.3380133385904045
Ridge,GroupKFold_Shape,2,925,rectangular,1.0914174248629913,1.3326914299953248
Ridge,GroupKFold_Shape,2,926,rectangular,1.004911594954713,1.3381911690356638
Ridge,GroupKFold_Shape,2,927,rectangular,1.0817848073954621,1.4116864689636723
Ridge,GroupKFold_Shape,2,928,rectangular,1.095315901510855,1.4079502048672365
Ridge,GroupKFold_Shape,2,929,rectangular,1.1037030175712055,1.4139695661244949
Ridge,GroupKFold_Shape,2,930,rectangular,1.096382668622466,1.2669462554934396
Ridge,GroupKFold_Shape,2,931,rectangular,1.0466965648960251,1.2674485114786507
Ridge,GroupKFold_Shape,2,932,rectangular,1.0388996091509042,1.2281771045748842
Ridge,GroupKFold_Shape,2,933,rectangular,1.0500862030418465,1.228202721527777
Ridge,GroupKFold_Shape,2,934,rectangular,0.9792231394697272,1.185972953565016
Ridge,GroupKFold_Shape,2,935,rectangular,0.9506533800098477,1.2238828931099217
Ridge,GroupKFold_Shape,2,936,rectangular,0.993252096725488,1.2236430422938087
Ridge,GroupKFold_Shape,2,937,rectangular,1.0676667540270077,1.1829266323005765
Ridge,GroupKFold_Shape,2,938,rectangular,0.9453792685496535,1.137274365897967
Ridge,GroupKFold_Shape,2,939,rectangular,1.0366440172152274,1.2577512257820673
Ridge,GroupKFold_Shape,2,940,rectangular,1.0214433304696096,1.2577512257820673
Ridge,GroupKFold_Shape,2,941,rectangular,0.9539691075663137,1.2251442298586717
Ridge,GroupKFold_Shape,2,942,rectangular,0.9587474569462622,1.2251442298586717
Ridge,GroupKFold_Shape,2,943,rectangular,1.0449461824263695,1.1025027453622822
Ridge,GroupKFold_Shape,2,944,rectangular,0.9635843252302588,1.1284150149423202
Ridge,GroupKFold_Shape,2,945,rectangular,0.9752373220185467,1.198169622562876
Ridge,GroupKFold_Shape,2,946,rectangular,0.9634595721736097,1.0898017473961223
Ridge,GroupKFold_Shape,2,947,rectangular,0.9411645939854958,1.1682464877479364
Ridge,GroupKFold_Shape,2,948,rectangular,0.9698420449722289,1.0370710460619443
Ridge,GroupKFold_Shape,2,949,rectangular,1.0943557382859803,1.2090343054428017
Ridge,GroupKFold_Shape,2,950,rectangular,1.0026819591625475,1.2090343054428017
Ridge,GroupKFold_Shape,2,951,rectangular,0.988611194444879,1.1744548343071735
Ridge,GroupKFold_Shape,2,952,rectangular,0.965620236434533,1.1744548343071735
Ridge,GroupKFold_Shape,2,953,rectangular,0.9018372812243303,1.1346012981914593
Ridge,GroupKFold_Shape,2,954,rectangular,0.9441617745669884,1.1346012981914593
Ridge,GroupKFold_Shape,2,955,rectangular,0.9106330624300031,1.0984930985244348
Ridge,GroupKFold_Shape,2,956,rectangular,0.9200860007943283,1.0984930985244348
Ridge,GroupKFold_Shape,2,957,rectangular,0.9071039894753039,1.1156918742067412
Ridge,GroupKFold_Shape,2,958,rectangular,0.9334605218571529,1.1156918742067412
Ridge,GroupKFold_Shape,2,959,rectangular,0.9875761105330192,1.2791949370516487
Ridge,GroupKFold_Shape,2,960,rectangular,0.9999984515460132,1.2791949370516487
Ridge,GroupKFold_Shape,2,961,rectangular,1.0812600980900875,1.2446834241290512
Ridge,GroupKFold_Shape,2,962,rectangular,1.0840685658773344,1.2446834241290512
Ridge,GroupKFold_Shape,2,963,rectangular,0.9333307204729971,1.2044416616672409
Ridge,GroupKFold_Shape,2,964,rectangular,1.0194843254397352,1.2044416616672409
Ridge,GroupKFold_Shape,2,965,rectangular,0.8976856418155889,1.1674194866403598
Ridge,GroupKFold_Shape,2,966,rectangular,0.9123369894648089,1.133616899048408
Ridge,GroupKFold_Shape,2,967,rectangular,1.0247330678940323,1.2025723003726476
Ridge,GroupKFold_Shape,2,968,rectangular,0.9858806293008935,1.2025723003726476
Ridge,GroupKFold_Shape,2,969,rectangular,1.0282803824617435,1.1297306484022729
Ridge,GroupKFold_Shape,2,970,rectangular,0.9883471637253651,1.1297306484022729
Ridge,GroupKFold_Shape,2,971,rectangular,0.9897574123989218,1.326672282911096
Ridge,GroupKFold_Shape,2,972,rectangular,0.987601078167116,1.326672282911096
Ridge,GroupKFold_Shape,2,973,rectangular,0.956,1.287129604669239
Ridge,GroupKFold_Shape,2,974,rectangular,0.974,1.287129604669239
Ridge,GroupKFold_Shape,2,975,rectangular,0.9210460272047383,1.3414199129934574
Ridge,GroupKFold_Shape,2,976,rectangular,0.936394006549135,1.3073189149359818
Ridge,GroupKFold_Shape,2,977,rectangular,1.1989547931025648,1.305240467563937
Ridge,GroupKFold_Shape,2,978,rectangular,1.0685217091331127,1.1707766723295527
Ridge,GroupKFold_Shape,2,979,rectangular,1.1600914202570374,1.309337592031725
Ridge,GroupKFold_Shape,2,980,rectangular,1.1624427296716513,1.3088244962018112
Ridge,GroupKFold_Shape,2,981,rectangular,1.0400412747465217,1.1755631309918426
Ridge,GroupKFold_Shape,2,982,rectangular,1.175824227502552,1.2927291286257057
Ridge,GroupKFold_Shape,2,983,rectangular,1.0028090731484485,1.1588066418648
Ridge,GroupKFold_Shape,2,984,rectangular,1.2248345980861588,1.2891095702746593
Ridge,GroupKFold_Shape,2,985,rectangular,0.9739538544211528,1.157884779071886
Ridge,GroupKFold_Shape,2,986,rectangular,0.9850855413826058,1.0803670776325132
Ridge,GroupKFold_Shape,2,987,rectangular,1.1488646954391268,1.258231995628637
Ridge,GroupKFold_Shape,2,988,rectangular,0.995856243256187,1.1275273324983723
Ridge,GroupKFold_Shape,2,989,rectangular,1.2068959920925233,1.2828790927343348
Ridge,GroupKFold_Shape,2,990,rectangular,1.057035147624445,1.1494655877822189
Ridge,GroupKFold_Shape,2,991,rectangular,1.1043971509346107,1.2723461729095549
Ridge,GroupKFold_Shape,2,992,rectangular,0.9700038886888239,1.1382017573611474
Ridge,GroupKFold_Shape,2,993,rectangular,1.1125633690402055,1.2548718743218885
Ridge,GroupKFold_Shape,2,994,rectangular,0.970219450341709,1.1219216898459354
Ridge,GroupKFold_Shape,2,995,rectangular,0.9482879156893226,1.1223613769006475
Ridge,GroupKFold_Shape,2,996,rectangular,1.1357362568025868,1.3068277772964574
Ridge,GroupKFold_Shape,2,997,rectangular,1.0805626598465474,1.2991497270919665
Ridge,GroupKFold_Shape,2,998,rectangular,1.065997805298636,1.1755743608743552
Ridge,GroupKFold_Shape,2,999,rectangular,1.0316400313176437,1.166948238221218
Ridge,GroupKFold_Shape,2,1000,rectangular,0.9813505409457434,1.3885970803867542
Ridge,GroupKFold_Shape,2,1001,rectangular,1.061843818670139,1.3717296654155438
Ridge,GroupKFold_Shape,2,1002,rectangular,1.0131887647039657,1.33711526267835
Ridge,GroupKFold_Shape,2,1003,rectangular,0.9992604592196085,1.2191760520439305
Ridge,GroupKFold_Shape,2,1004,rectangular,1.0839740105096942,1.2151269842086256
Ridge,GroupKFold_Shape,2,1005,rectangular,1.0111450656120797,1.3845480125514493
Ridge,GroupKFold_Shape,2,1006,rectangular,1.059978173666824,1.2770972380109273
Ridge,GroupKFold_Shape,2,1007,rectangular,1.0298540755238315,1.2760126662693279
Ridge,GroupKFold_Shape,2,1008,rectangular,0.9526428798642774,1.2430170421479023
Ridge,GroupKFold_Shape,2,1009,rectangular,0.9919510259607753,1.4057256410943022
Ridge,GroupKFold_Shape,2,1010,rectangular,1.03254514304362,1.2442462234550484
Ridge,GroupKFold_Shape,2,1011,rectangular,1.027009289900049,1.3014363676850298
Ridge,GroupKFold_Shape,2,1012,rectangular,1.0482746914157164,1.157255379457002
Ridge,GroupKFold_Shape,2,1013,rectangular,1.0644621128530691,1.2870489019952633
Ridge,GroupKFold_Shape,2,1014,rectangular,1.009696035613673,1.1893527733955715
Ridge,GroupKFold_Shape,2,1015,rectangular,1.0080394734160163,1.2678697410289967
Ridge,GroupKFold_Shape,2,1016,rectangular,0.9444087331685432,1.1728812888776101
Ridge,GroupKFold_Shape,2,1017,rectangular,1.1579218147083916,1.2350835523755002
Ridge,GroupKFold_Shape,2,1018,rectangular,1.1250601987704543,1.2352388347391003
Ridge,GroupKFold_Shape,2,1019,rectangular,1.0699117480825364,1.2146052837249959
Ridge,GroupKFold_Shape,2,1020,rectangular,1.0720532541683991,1.2161720215057268
Ridge,GroupKFold_Shape,2,1021,rectangular,1.159456667045145,1.3434128817252646
Ridge,GroupKFold_Shape,2,1022,rectangular,1.0586427111666792,1.2927572354671506
Ridge,GroupKFold_Shape,2,1023,rectangular,1.0685351660895612,1.2930386349740375
Ridge,GroupKFold_Shape,2,1024,rectangular,1.0520317551219707,1.2551302411418657
Ridge,GroupKFold_Shape,2,1025,rectangular,1.0619378128188997,1.253068478655716
Ridge,GroupKFold_Shape,2,1026,rectangular,1.0661003107829379,1.2121734617880626
Ridge,GroupKFold_Shape,2,1027,rectangular,0.9387652448379797,1.1543496541424052
Ridge,GroupKFold_Shape,2,1028,rectangular,0.9949817333100379,1.2300945046391758
Ridge,GroupKFold_Shape,2,1029,rectangular,1.0112049579971234,1.2229074346545403
Ridge,GroupKFold_Shape,2,1030,rectangular,1.0390614274629033,1.1877314327843145
Ridge,GroupKFold_Shape,2,1031,rectangular,0.9832536648377822,1.135123385035331
Ridge,GroupKFold_Shape,2,1032,rectangular,0.9725676969467186,1.1875823419289444
Ridge,GroupKFold_Shape,2,1033,rectangular,0.995949448839491,1.1921383034734148
Ridge,GroupKFold_Shape,2,1034,rectangular,1.1117147568117898,1.2561523822460963
Ridge,GroupKFold_Shape,2,1035,rectangular,1.184097740810853,1.328366735504536
Ridge,GroupKFold_Shape,2,1036,rectangular,1.117845512414363,1.2617505565347018
Ridge,GroupKFold_Shape,2,1037,rectangular,1.1418543670536392,1.2446043643303881
Ridge,GroupKFold_Shape,2,1038,rectangular,1.059548574992898,1.2320477791705537
Ridge,GroupKFold_Shape,2,1039,rectangular,1.0332914360106042,1.2806851441613993
Ridge,GroupKFold_Shape,2,1040,rectangular,1.0619268072911026,1.3261268480128083
Ridge,GroupKFold_Shape,2,1041,rectangular,1.0087178749802248,1.2281715516533807
Ridge,GroupKFold_Shape,2,1042,rectangular,1.0205053236609536,1.310862676549763
Ridge,GroupKFold_Shape,2,1043,rectangular,1.0725437413563566,1.1341304025856773
Ridge,GroupKFold_Shape,2,1044,rectangular,1.0010293205078225,1.2893863377230672
Ridge,GroupKFold_Shape,2,1045,rectangular,0.9779685242523313,1.286419038657685
Ridge,GroupKFold_Shape,2,1046,rectangular,1.022114788746845,1.2716870460350154
Ridge,GroupKFold_Shape,2,1047,rectangular,1.0286099799256727,1.247964119785319
Ridge,GroupKFold_Shape,2,1048,rectangular,1.0693082049751925,1.328746119347724
Ridge,GroupKFold_Shape,2,1049,rectangular,1.03326266048189,1.2573179606010518
Ridge,GroupKFold_Shape,2,1050,rectangular,1.2221632272477025,1.3087654223564802
Ridge,GroupKFold_Shape,2,1051,rectangular,1.135246155011104,1.2871513042129732
Ridge,GroupKFold_Shape,2,1052,rectangular,1.1369107419564655,1.2671552699072692
Ridge,GroupKFold_Shape,2,1053,rectangular,1.1919078539727965,1.3222043609840004
Ridge,GroupKFold_Shape,2,1054,rectangular,1.092761539287399,1.3005833550602264
Ridge,GroupKFold_Shape,2,1055,rectangular,1.1577581755730835,1.2805809486097237
Ridge,GroupKFold_Shape,2,1056,rectangular,1.2072055578293173,1.3467681840543673
Ridge,GroupKFold_Shape,2,1057,rectangular,1.1308708041896984,1.325133583035918
Ridge,GroupKFold_Shape,2,1058,rectangular,1.189501517291459,1.3051185992515768
Ridge,GroupKFold_Shape,2,1059,rectangular,1.0471337200171809,1.1945310213949756
Ridge,GroupKFold_Shape,2,1060,rectangular,1.077129234081617,1.1989807838981017
Ridge,GroupKFold_Shape,2,1061,rectangular,1.0736011274166646,1.288699851636612
Ridge,GroupKFold_Shape,2,1062,rectangular,0.969207057455586,1.2462619448206322
Ridge,GroupKFold_Shape,2,1063,rectangular,0.9704050533840679,1.2361586562199827
Ridge,GroupKFold_Shape,2,1064,rectangular,0.9612560302875994,1.2199609541255132
Ridge,GroupKFold_Shape,2,1065,rectangular,0.8485166554501965,1.2432251936388925
Ridge,GroupKFold_Shape,2,1066,rectangular,0.8387217321114282,1.1661820113937174
Ridge,GroupKFold_Shape,2,1067,rectangular,0.9986497979056462,1.0713498325713524
Ridge,GroupKFold_Shape,2,1068,rectangular,0.9058351736152674,1.2097893529344617
Ridge,GroupKFold_Shape,2,1069,rectangular,1.0397770030296816,1.0708257062942645
Ridge,GroupKFold_Shape,3,1070,double_skin,1.085038340528937,1.1162361860437584
Ridge,GroupKFold_Shape,3,1071,double_skin,1.1307693397708407,1.1117637847069717
Ridge,GroupKFold_Shape,3,1072,double_skin,1.0996757650456859,1.1341672329727415
Ridge,GroupKFold_Shape,3,1073,double_skin,1.0955063337593287,1.1307855857075344
Ridge,GroupKFold_Shape,3,1074,double_skin,1.0756310351027727,1.0967187654553259
Ridge,GroupKFold_Shape,3,1075,double_skin,1.0867084948700119,1.0984956488046709
Ridge,GroupKFold_Shape,3,1076,double_skin,1.078951380583492,1.089894160131755
Ridge,GroupKFold_Shape,3,1077,double_skin,1.1120537623900697,1.0862881131347335
Ridge,GroupKFold_Shape,3,1078,double_skin,0.9745069526860598,1.02547079956084
Ridge,GroupKFold_Shape,3,1079,double_skin,1.0646821079762672,1.0439856096948104
Ridge,GroupKFold_Shape,3,1080,double_skin,1.1010472395690756,1.039559544668147
Ridge,GroupKFold_Shape,3,1081,double_skin,1.225138376683646,1.1084959707572402
Ridge,GroupKFold_Shape,3,1082,double_skin,1.1018703915453945,1.1183598287986518
Ridge,GroupKFold_Shape,3,1083,double_skin,1.1117531732571484,1.1203656858465978
Ridge,GroupKFold_Shape,3,1084,double_skin,1.0289488059110257,1.1079254283321895
Ridge,GroupKFold_Shape,3,1085,double_skin,1.0680368452044127,1.1063814261768814
Ridge,GroupKFold_Shape,3,1086,double_skin,1.096170096752698,1.1039159159007825
Ridge,GroupKFold_Shape,3,1087,double_skin,1.03783253235919,1.1036945789653692
Ridge,GroupKFold_Shape,3,1088,double_skin,1.0932965515293875,1.1000785602711052
Ridge,GroupKFold_Shape,3,1089,double_skin,1.02957641998359,1.0834373211206432
Ridge,GroupKFold_Shape,3,1090,double_skin,1.0746685761783692,1.0810753400692392
Ridge,GroupKFold_Shape,3,1091,double_skin,1.1213393502795104,1.10562430829128
Ridge,GroupKFold_Shape,3,1092,double_skin,1.0767282149381492,1.09951803967546
Ridge,GroupKFold_Shape,3,1093,double_skin,1.1444650003334558,1.0409440368939482
Ridge,GroupKFold_Shape,3,1094,double_skin,1.1217744716652154,1.044520927581248
Ridge,GroupKFold_Shape,3,1095,double_skin,1.1051765385217698,1.1287189156633948
Ridge,GroupKFold_Shape,3,1096,double_skin,1.0721243498738824,1.1127432587301382
Ridge,GroupKFold_Shape,3,1097,double_skin,1.0727233020246498,1.1127432587301382
Ridge,GroupKFold_Shape,3,1098,double_skin,1.0328141890843778,1.106684923697435
Ridge,GroupKFold_Shape,3,1099,double_skin,1.0340676043623929,1.106684923697435
Ridge,GroupKFold_Shape,3,1100,double_skin,1.1044529636638045,1.0954888808906549
Ridge,GroupKFold_Shape,3,1101,double_skin,1.0451896339062345,1.0954888808906549
Ridge,GroupKFold_Shape,3,1102,double_skin,1.1143853870796028,1.165374300958188
Ridge,GroupKFold_Shape,3,1103,double_skin,1.1069890238910214,1.165374300958188
Ridge,GroupKFold_Shape,3,1104,double_skin,0.9766044689625246,1.0561609447889018
Ridge,GroupKFold_Shape,3,1105,double_skin,0.9923366351292071,1.0561609447889018
Ridge,GroupKFold_Shape,3,1106,double_skin,0.9610692058037282,1.0031647654135116
Ridge,GroupKFold_Shape,3,1107,double_skin,0.9423152285064474,1.0031647654135116
Ridge,GroupKFold_Shape,3,1108,double_skin,1.1044520945092842,1.1887115835008366
Ridge,GroupKFold_Shape,3,1109,double_skin,1.114995539845314,1.168395509213272
Ridge,GroupKFold_Shape,3,1110,double_skin,1.0376183623927866,1.1402462172985763
Ridge,GroupKFold_Shape,3,1111,double_skin,1.0226716272060077,1.1328979346880288
Ridge,GroupKFold_Shape,3,1112,double_skin,0.8566693631248123,1.088797625328143
Ridge,GroupKFold_Shape,3,1113,double_skin,0.9271998598645403,1.079094550716165
Ridge,GroupKFold_Shape,3,1114,double_skin,0.925326410066718,1.0606354642049858
Ridge,GroupKFold_Shape,3,1115,double_skin,0.8703098302456302,1.0462896329589375
Ridge,GroupKFold_Shape,3,1116,double_skin,0.8377371765066377,1.0352868347910293
Ridge,GroupKFold_Shape,3,1117,double_skin,0.9498289887979507,1.1867124369248725
Ridge,GroupKFold_Shape,3,1118,double_skin,1.08597259320373,1.166208137951483
Ridge,GroupKFold_Shape,3,1119,double_skin,1.0088207083234033,1.137980616777687
Ridge,GroupKFold_Shape,3,1120,double_skin,1.0115521801627119,1.1282155356327837
Ridge,GroupKFold_Shape,3,1121,double_skin,0.8984704650298727,1.0891561975920099
Ridge,GroupKFold_Shape,3,1122,double_skin,1.039472874890902,1.0760275277755373
Ridge,GroupKFold_Shape,3,1123,double_skin,1.1529891151319303,1.1129604741429715
Ridge,GroupKFold_Shape,3,1124,double_skin,1.0755686525440171,1.1074118171567333
Ridge,GroupKFold_Shape,3,1125,double_skin,1.095381595204616,1.1366039040203748
Ridge,GroupKFold_Shape,3,1126,double_skin,0.9405384463366621,1.13063366928962
Ridge,GroupKFold_Shape,3,1127,double_skin,1.0737288534035496,1.084965159082655
Ridge,GroupKFold_Shape,3,1128,double_skin,1.1435178814495957,1.092560535082472
Ridge,GroupKFold_Shape,3,1129,double_skin,1.178103801296056,1.10895314335953
Ridge,GroupKFold_Shape,3,1130,double_skin,1.2557662574613244,1.1173463290029093
Ridge,GroupKFold_Shape,3,1131,double_skin,1.3850144700222473,1.0776913347973371
Ridge,GroupKFold_Shape,3,1132,double_skin,1.2741028012909297,1.072994043125058
Ridge,GroupKFold_Shape,3,1133,double_skin,1.1076538497478212,1.067736645970468
Ridge,GroupKFold_Shape,3,1134,double_skin,1.3912993667134212,1.1225619875140966
Ridge,GroupKFold_Shape,3,1135,double_skin,1.2084578394434637,1.1186521738484505
Ridge,GroupKFold_Shape,3,1136,double_skin,1.0662309050346463,1.113092340678135
Ridge,GroupKFold_Shape,3,1137,double_skin,1.3910278943656207,1.1532022994494462
Ridge,GroupKFold_Shape,3,1138,double_skin,1.2494401288866919,1.1488919217599713
Ridge,GroupKFold_Shape,3,1139,double_skin,1.0611065431023565,1.1435630984226843
Ridge,GroupKFold_Shape,3,1140,double_skin,1.1265716552931702,0.9698314065162996
Ridge,GroupKFold_Shape,3,1141,double_skin,1.1054702040301776,0.9698314065162996
Ridge,GroupKFold_Shape,3,1142,double_skin,1.037793772205827,1.115932001451378
Ridge,GroupKFold_Shape,3,1143,double_skin,1.0980070627433665,1.1157057071332601
Ridge,GroupKFold_Shape,3,1144,double_skin,0.952786773799889,1.1154794128151422
Ridge,GroupKFold_Shape,3,1145,double_skin,0.956328732066803,1.1152531184970245
Ridge,GroupKFold_Shape,3,1146,double_skin,1.035432466694551,1.1150268241789065
Ridge,GroupKFold_Shape,3,1147,double_skin,1.2459290652252117,1.1529612009616812
Ridge,GroupKFold_Shape,3,1148,double_skin,1.1780991161155296,1.1529612009616812
Ridge,GroupKFold_Shape,3,1149,double_skin,1.2425629198117052,1.149725387450728
Ridge,GroupKFold_Shape,3,1150,double_skin,1.1950105950934535,1.149725387450728
Ridge,GroupKFold_Shape,3,1151,double_skin,1.1430301000371028,1.147865706351519
Ridge,GroupKFold_Shape,3,1152,double_skin,1.205630125799784,1.147865706351519
Ridge,GroupKFold_Shape,3,1153,double_skin,1.1582772195696889,1.1483119941114865
Ridge,GroupKFold_Shape,3,1154,double_skin,1.2243646398794856,1.1466573561066273
Ridge,GroupKFold_Shape,3,1155,double_skin,1.1906936635201972,1.191513154297725
Ridge,GroupKFold_Shape,3,1156,double_skin,1.3287419115266383,1.1898585162928659
Ridge,GroupKFold_Shape,3,1157,double_skin,1.2177199842411268,1.1758567613663231
Ridge,GroupKFold_Shape,3,1158,double_skin,1.3477910529547756,1.1742915181733045
Ridge,GroupKFold_Shape,3,1159,double_skin,1.1091406115462894,1.0958315475885851
Ridge,GroupKFold_Shape,3,1160,double_skin,1.035857858430026,1.0955994419598065
Ridge,GroupKFold_Shape,3,1161,double_skin,0.8642582113774562,1.0956661855512018
Ridge,GroupKFold_Shape,3,1162,double_skin,0.923191896996094,1.094430282675487
Ridge,GroupKFold_Shape,3,1163,double_skin,1.201363899452847,1.1408610376099328
Ridge,GroupKFold_Shape,3,1164,double_skin,1.15866797014931,1.1376720567527947
Ridge,GroupKFold_Shape,3,1165,double_skin,1.1515242070091873,1.1330293029918332
Ridge,GroupKFold_Shape,3,1166,double_skin,1.1492705924126416,1.1336755934474014
Ridge,GroupKFold_Shape,3,1167,double_skin,1.1614286895421577,1.1313432481347305
Ridge,GroupKFold_Shape,3,1168,double_skin,1.1362525663894414,1.1290084478749551
Ridge,GroupKFold_Shape,3,1169,double_skin,1.0023292495692915,1.0688203615865939
Ridge,GroupKFold_Shape,3,1170,double_skin,1.0379655867083115,1.0672860187343147
Ridge,GroupKFold_Shape,3,1171,double_skin,1.087347257855018,1.0609572101162505
Ridge,GroupKFold_Shape,3,1172,double_skin,1.0102026650026907,1.0531730479234591
Ridge,GroupKFold_Shape,3,1173,double_skin,1.2586656054794496,1.1559318210887972
Ridge,GroupKFold_Shape,3,1174,double_skin,1.1093270225801979,1.0887868197518358
Ridge,GroupKFold_Shape,3,1175,double_skin,1.0777567524146088,1.0276652374449342
Ridge,GroupKFold_Shape,3,1176,double_skin,1.1859206173745473,1.1533481004360213
Ridge,GroupKFold_Shape,3,1177,double_skin,1.1699620861341617,1.0873994249066496
Ridge,GroupKFold_Shape,3,1178,double_skin,1.1544495750720332,1.0265515229731248
Ridge,GroupKFold_Shape,3,1179,double_skin,1.3329145252832497,1.1519230185320968
Ridge,GroupKFold_Shape,3,1180,double_skin,1.205641907267419,1.0847814182753357
Ridge,GroupKFold_Shape,3,1181,double_skin,1.1407355560413648,1.0241104232967801
Ridge,GroupKFold_Shape,3,1182,double_skin,1.3041326362828491,1.147032886650199
Ridge,GroupKFold_Shape,3,1183,double_skin,1.1439628464001368,1.0799515145675402
Ridge,GroupKFold_Shape,3,1184,double_skin,1.1481266550232272,1.1460871976010747
Ridge,GroupKFold_Shape,3,1185,double_skin,1.0121392730133485,1.0783706351977311
Ridge,GroupKFold_Shape,3,1186,double_skin,0.9262672594881625,1.0177421137722724
Ridge,GroupKFold_Shape,3,1187,double_skin,1.2577788351521888,1.1373490172674254
Ridge,GroupKFold_Shape,3,1188,double_skin,1.1173435891703658,1.0710729322935413
Ridge,GroupKFold_Shape,3,1189,double_skin,1.018187716323725,1.0108793825176083
Ridge,GroupKFold_Shape,3,1190,double_skin,1.3263049781030598,1.1354319633153933
Ridge,GroupKFold_Shape,3,1191,double_skin,1.2883246413813407,1.135691009443291
Ridge,GroupKFold_Shape,3,1192,double_skin,1.1505403268106362,1.069362406758351
Ridge,GroupKFold_Shape,3,1193,double_skin,1.1592896000500184,1.1279967684467804
Ridge,GroupKFold_Shape,3,1194,double_skin,0.997425534391608,1.060914636607761
Ridge,GroupKFold_Shape,3,1195,double_skin,0.8713274711953296,1.0008179272046558
Ridge,GroupKFold_Shape,3,1196,double_skin,1.0801872300676738,1.003045920634435
Ridge,GroupKFold_Shape,3,1197,double_skin,1.0678072880494998,1.003045920634435
Ridge,GroupKFold_Shape,3,1198,double_skin,0.9715805561173878,1.0194968799173683
Ridge,GroupKFold_Shape,3,1199,double_skin,1.1961804273378163,1.0194968799173683
Ridge,GroupKFold_Shape,3,1200,double_skin,1.0965491311483904,1.2274126627185684
Ridge,GroupKFold_Shape,3,1201,double_skin,1.1073420862539893,1.2239875503471433
Ridge,GroupKFold_Shape,3,1202,double_skin,1.0462743926616123,1.1745034272895196
Ridge,GroupKFold_Shape,3,1203,double_skin,1.1043150678241378,1.1710783149180946
Ridge,GroupKFold_Shape,3,1204,double_skin,1.0485141237887667,1.1831219232077246
Ridge,GroupKFold_Shape,3,1205,double_skin,1.0673330704541268,1.1796968108362997
Ridge,GroupKFold_Shape,3,1206,double_skin,1.0353921611104167,1.1302740404961262
Ridge,GroupKFold_Shape,3,1207,double_skin,1.0948995314254935,1.1268489281247014
Ridge,GroupKFold_Shape,3,1208,double_skin,1.0039855380899558,1.16481410535317
Ridge,GroupKFold_Shape,3,1209,double_skin,1.1134140776413095,1.221794864557061
Ridge,GroupKFold_Shape,3,1210,double_skin,1.0631806389529381,1.161388992981745
Ridge,GroupKFold_Shape,3,1211,double_skin,1.1145638976781345,1.2183697521856363
Ridge,GroupKFold_Shape,3,1212,double_skin,0.9527641983415764,1.1186987584517463
Ridge,GroupKFold_Shape,3,1213,double_skin,1.059617961514579,1.1756105999019002
Ridge,GroupKFold_Shape,3,1214,double_skin,0.9844503918635705,1.1152736460803212
Ridge,GroupKFold_Shape,3,1215,double_skin,1.0620631454927059,1.1721854875304751
Ridge,GroupKFold_Shape,3,1216,double_skin,1.315611535949616,1.165926437224847
Ridge,GroupKFold_Shape,3,1217,double_skin,1.321493870216924,1.1656075531014602
Ridge,GroupKFold_Shape,3,1218,double_skin,1.300109647628024,1.162616411591662
Ridge,GroupKFold_Shape,3,1219,double_skin,1.2213641571992742,1.1622816857703537
Ridge,GroupKFold_Shape,3,1220,double_skin,1.2420221324569725,1.153161386769598
Ridge,GroupKFold_Shape,3,1221,double_skin,1.1793810571282626,1.1537415858310949
Ridge,GroupKFold_Shape,3,1222,double_skin,1.341401091173224,1.1570991428974091
Ridge,GroupKFold_Shape,3,1223,double_skin,1.3590383285412608,1.1577324395643278
Ridge,GroupKFold_Shape,3,1224,double_skin,1.341100463863825,1.1533548421989241
Ridge,GroupKFold_Shape,3,1225,double_skin,1.3379293134408992,1.153294164148884
Ridge,GroupKFold_Shape,3,1226,double_skin,1.2423862448572742,1.1450008583584466
Ridge,GroupKFold_Shape,3,1227,double_skin,1.295731905940998,1.1439064197635895
Ridge,GroupKFold_Shape,3,1228,double_skin,1.2968000682410465,1.1768931042779978
Ridge,GroupKFold_Shape,3,1229,double_skin,1.3248671589135808,1.1765410974489308
Ridge,GroupKFold_Shape,3,1230,double_skin,1.2727062614032296,1.1626783973176236
Ridge,GroupKFold_Shape,3,1231,double_skin,1.2491299387414074,1.161292646155894
Ridge,GroupKFold_Shape,3,1232,double_skin,1.2416090164603064,1.1402792567965214
Ridge,GroupKFold_Shape,3,1233,double_skin,1.2906003436943214,1.1404338210651133
Ridge,GroupKFold_Shape,3,1234,double_skin,1.2453334020922404,1.1452434845784962
Ridge,GroupKFold_Shape,3,1235,double_skin,1.2710402038367952,1.1443851645532035
Ridge,GroupKFold_Shape,3,1236,double_skin,1.2598848117446926,1.1626394363592187
Ridge,GroupKFold_Shape,3,1237,double_skin,1.2577969075705766,1.1625545318795407
Ridge,GroupKFold_Shape,3,1238,double_skin,1.273656042355025,1.1952874489914995
Ridge,GroupKFold_Shape,3,1239,double_skin,1.2975117691225708,1.1949475947619033
Ridge,GroupKFold_Shape,3,1240,double_skin,1.141933929553526,1.1249866822916967
Ridge,GroupKFold_Shape,3,1241,double_skin,1.1122829007007686,1.1254239645770294
Ridge,GroupKFold_Shape,3,1242,double_skin,0.9806296069327972,1.0626773706867527
Ridge,GroupKFold_Shape,3,1243,double_skin,0.9882674121009779,1.0630645684595956
Ridge,GroupKFold_Shape,3,1244,double_skin,0.909388460644713,0.9781766691730006
Ridge,GroupKFold_Shape,3,1245,double_skin,0.9206280817945109,0.9781162022728436
Ridge,GroupKFold_Shape,3,1246,double_skin,1.0627439446106552,1.1213014083857973
Ridge,GroupKFold_Shape,3,1247,double_skin,1.0897867332299558,1.121283062608961
Ridge,GroupKFold_Shape,3,1248,double_skin,0.9553396291415502,1.0577936955342206
Ridge,GroupKFold_Shape,3,1249,double_skin,0.9667036756208146,1.0581430992355239
Ridge,GroupKFold_Shape,3,1250,double_skin,0.9058718141236114,0.9729801107923377
Ridge,GroupKFold_Shape,3,1251,double_skin,0.9071073459946644,0.9738091133099176
Ridge,GroupKFold_Shape,3,1252,double_skin,1.0748443899621265,1.1679460785312772
Ridge,GroupKFold_Shape,3,1253,double_skin,1.0847931967159354,1.168695502697654
Ridge,GroupKFold_Shape,3,1254,double_skin,1.0481566093914891,1.106404511307375
Ridge,GroupKFold_Shape,3,1255,double_skin,1.035748608751493,1.1063109161356444
Ridge,GroupKFold_Shape,3,1256,double_skin,0.9602399654990533,1.0209948546420327
Ridge,GroupKFold_Shape,3,1257,double_skin,0.9387466497094197,1.0209043482846307
Ridge,GroupKFold_Shape,3,1258,double_skin,1.1649205479468496,1.1616105488775457
Ridge,GroupKFold_Shape,3,1259,double_skin,1.1465924174971283,1.1619684707359714
Ridge,GroupKFold_Shape,3,1260,double_skin,1.0653350438621676,1.099750626742764
Ridge,GroupKFold_Shape,3,1261,double_skin,1.0435198380588349,1.1001345807250402
Ridge,GroupKFold_Shape,3,1262,double_skin,0.9538377649384251,1.0133539027138134
Ridge,GroupKFold_Shape,3,1263,double_skin,0.948673738325425,1.0149545086730845
Ridge,GroupKFold_Shape,3,1264,double_skin,1.1593331642563451,1.0631489502089388
Ridge,GroupKFold_Shape,3,1265,double_skin,1.1779023413012728,0.9920927401667822
Ridge,GroupKFold_Shape,3,1266,double_skin,1.2355319912662999,1.16369397597766
Ridge,GroupKFold_Shape,3,1267,double_skin,1.2072169873339482,1.1619990786310321
Ridge,GroupKFold_Shape,3,1268,double_skin,1.1924214709911969,1.2061218369922908
Ridge,GroupKFold_Shape,3,1269,double_skin,1.1955563918570484,1.2045587022836186
Ridge,GroupKFold_Shape,3,1270,double_skin,1.2418488513599957,1.1296226308317527
Ridge,GroupKFold_Shape,3,1271,double_skin,1.2175455825092005,1.127938547665472
Ridge,GroupKFold_Shape,3,1272,double_skin,1.1852436392627124,1.1723806953786913
Ridge,GroupKFold_Shape,3,1273,double_skin,1.1853745270063873,1.170820804924123
Ridge,GroupKFold_Shape,3,1274,double_skin,1.0902173889883209,0.9758094760689501
Ridge,GroupKFold_Shape,3,1275,double_skin,1.1730331121385693,0.9843705606053867
Ridge,GroupKFold_Shape,3,1276,double_skin,1.1197725642725351,0.9761894174481416
Ridge,GroupKFold_Shape,3,1277,double_skin,1.160112709927871,0.9847470089422796
Ridge,GroupKFold_Shape,3,1278,double_skin,1.09245338928527,1.1375671634331908
Ridge,GroupKFold_Shape,3,1279,double_skin,1.1148026517648044,1.1448479924819581
Ridge,GroupKFold_Shape,3,1280,double_skin,1.3062699890462746,1.164922873047663
Ridge,GroupKFold_Shape,3,1281,double_skin,1.2916893734385226,1.1616102171787197
Ridge,GroupKFold_Shape,3,1282,double_skin,1.2358930448368057,1.1521479799368335
Ridge,GroupKFold_Shape,3,1283,double_skin,1.3332421845351963,1.1560949872477149
Ridge,GroupKFold_Shape,3,1284,double_skin,1.3336304167933815,1.1523488686656156
Ridge,GroupKFold_Shape,3,1285,double_skin,1.237140156243384,1.1439875299064286
Ridge,GroupKFold_Shape,3,1286,double_skin,1.295253040402869,1.1767253922537861
Ridge,GroupKFold_Shape,3,1287,double_skin,1.264472988216988,1.1616717238040493
Ridge,GroupKFold_Shape,3,1288,double_skin,1.2380719713391037,1.139776099368908
Ridge,GroupKFold_Shape,3,1289,double_skin,1.23632053112742,1.1442379343969895
Ridge,GroupKFold_Shape,3,1290,double_skin,1.251725829629863,1.1616329670082857
Ridge,GroupKFold_Shape,3,1291,double_skin,1.2664965801050374,1.1942794565519408
Ridge,GroupKFold_Shape,3,1292,double_skin,0.9296708428077955,1.1890345051190514
Ridge,GroupKFold_Shape,3,1293,double_skin,0.9825365769244127,1.1660452192035633
Ridge,GroupKFold_Shape,3,1294,double_skin,1.2160149331549017,1.0645280508193922
Ridge,GroupKFold_Shape,3,1295,double_skin,1.0637062917676785,1.0490522282918655
Ridge,GroupKFold_Shape,3,1296,double_skin,1.062512336545894,1.0860856837135175
Ridge,GroupKFold_Shape,3,1297,double_skin,1.2449377557454981,1.1217084109382576
Ridge,GroupKFold_Shape,3,1298,double_skin,1.2483737925091278,1.1366926225639093
Ridge,GroupKFold_Shape,3,1299,double_skin,1.3448064616352342,1.1579488777028317
Ridge,GroupKFold_Shape,3,1300,double_skin,1.4887661059461517,1.168305518721369
Ridge,GroupKFold_Shape,3,1301,double_skin,1.4805381618930584,1.1840547637179226
Ridge,GroupKFold_Shape,3,1302,double_skin,1.3626231231901993,1.1649988250484158
Ridge,GroupKFold_Shape,3,1303,double_skin,1.5324427576719262,1.1840500775158422
Ridge,GroupKFold_Shape,3,1304,double_skin,1.328050237434794,1.2089087829473295
Ridge,GroupKFold_Shape,3,1305,double_skin,1.3609871368259172,1.2266846775174425
Ridge,GroupKFold_Shape,3,1306,double_skin,1.3160703380322636,1.2051567791498123
Ridge,GroupKFold_Shape,3,1307,double_skin,1.430059902278322,1.223793434969448
Ridge,GroupKFold_Shape,3,1308,double_skin,1.4492314829171709,1.1565550760566328
Ridge,GroupKFold_Shape,3,1309,double_skin,1.673702401061257,1.1722265961378577
Ridge,GroupKFold_Shape,3,1310,double_skin,1.4504661804850634,1.153262578451892
Ridge,GroupKFold_Shape,3,1311,double_skin,1.717567258824871,1.1722155406305914
Ridge,GroupKFold_Shape,3,1312,double_skin,1.2570825716776333,1.19868269933859
Ridge,GroupKFold_Shape,3,1313,double_skin,1.395855754418989,1.2163860803531752
Ridge,GroupKFold_Shape,3,1314,double_skin,1.3778941259096227,1.1949490868136303
Ridge,GroupKFold_Shape,3,1315,double_skin,1.4696556798213947,1.2124517961638313
RandomForest,RandomKFold,1,23,random_fold,1.6356327158958393,1.549651025141192
RandomForest,RandomKFold,1,32,random_fold,1.546963941055375,1.4938397800790972
RandomForest,RandomKFold,1,43,random_fold,1.3720014374672693,1.2961053576916393
RandomForest,RandomKFold,1,44,random_fold,1.5941042088621091,1.4209671338542489
RandomForest,RandomKFold,1,49,random_fold,1.371451596125907,1.3589869194052184
RandomForest,RandomKFold,1,51,random_fold,1.3662045311957267,1.3589869194052184
RandomForest,RandomKFold,1,58,random_fold,1.2339943282685013,1.2692759119631092
RandomForest,RandomKFold,1,63,random_fold,1.1425545677724243,1.2358254427764612
RandomForest,RandomKFold,1,65,random_fold,1.1919182410425113,1.2640761238889604
RandomForest,RandomKFold,1,76,random_fold,1.273123847876894,1.2905604752773294
RandomForest,RandomKFold,1,78,random_fold,1.1850393366807992,1.4372747238001053
RandomForest,RandomKFold,1,81,random_fold,1.4770328464842415,1.500616847092017
RandomForest,RandomKFold,1,101,random_fold,1.2696675773972377,1.3360325455685969
RandomForest,RandomKFold,1,115,random_fold,1.1549104273844197,1.1040197944907175
RandomForest,RandomKFold,1,175,random_fold,1.32213950491923,1.2683664813913083
RandomForest,RandomKFold,1,184,random_fold,1.2086542758821197,1.2382643709736312
RandomForest,RandomKFold,1,196,random_fold,1.3345388048057119,1.3190011010596985
RandomForest,RandomKFold,1,198,random_fold,1.2028285814567583,1.2298528481262316
RandomForest,RandomKFold,1,210,random_fold,1.1410674469190896,1.1074428800700675
RandomForest,RandomKFold,1,218,random_fold,0.8843236477025262,1.0075904630568906
RandomForest,RandomKFold,1,221,random_fold,1.237545163141302,1.3450839630920925
RandomForest,RandomKFold,1,247,random_fold,1.3495739828334417,1.2694242064705727
RandomForest,RandomKFold,1,254,random_fold,1.115980785893842,1.0513388677807507
RandomForest,RandomKFold,1,259,random_fold,1.0273582662639587,1.0419918747441985
RandomForest,RandomKFold,1,275,random_fold,1.4136791277360206,1.3353419785307532
RandomForest,RandomKFold,1,277,random_fold,1.1575768700669187,1.1601205498997345
RandomForest,RandomKFold,1,286,random_fold,1.1448031386011281,1.0818453749637995
RandomForest,RandomKFold,1,289,random_fold,1.1633442640197864,1.1817719368690143
RandomForest,RandomKFold,1,297,random_fold,1.1115066128395268,1.1296834280834323
RandomForest,RandomKFold,1,306,random_fold,1.1743142604760686,1.1960330960495753
RandomForest,RandomKFold,1,316,random_fold,1.0619217905514904,1.0743417517123481
RandomForest,RandomKFold,1,342,random_fold,1.2512502109547927,1.173935816433572
RandomForest,RandomKFold,1,352,random_fold,1.0748673043457417,1.10641351096147
RandomForest,RandomKFold,1,371,random_fold,1.2774436061249554,1.3045919345848411
RandomForest,RandomKFold,1,390,random_fold,1.2791487844243277,1.2656309499377754
RandomForest,RandomKFold,1,394,random_fold,1.2683585085983282,1.2653410511312198
RandomForest,RandomKFold,1,413,random_fold,1.1689970544183277,1.1817719368690143
RandomForest,RandomKFold,1,420,random_fold,1.1115066128395268,1.1296834280834323
RandomForest,RandomKFold,1,425,random_fold,1.2175168088019963,1.2450783515764674
RandomForest,RandomKFold,1,428,random_fold,1.2243899371891955,1.245496284005257
RandomForest,RandomKFold,1,451,random_fold,1.189648160647048,1.2415988070034298
RandomForest,RandomKFold,1,461,random_fold,1.3434363952751693,1.2687878283815939
RandomForest,RandomKFold,1,467,random_fold,1.1413646115604044,1.1368747488726454
RandomForest,RandomKFold,1,479,random_fold,1.1994765786206814,1.1877375575580809
RandomForest,RandomKFold,1,490,random_fold,1.07947210172219,1.051621663474891
RandomForest,RandomKFold,1,494,random_fold,1.2443901851729942,1.2442961527676457
RandomForest,RandomKFold,1,503,random_fold,1.2520069830423897,1.245390246495649
RandomForest,RandomKFold,1,506,random_fold,1.110275183025613,1.1264865934854746
RandomForest,RandomKFold,1,529,random_fold,1.0749994218548684,1.2031957681536931
RandomForest,RandomKFold,1,532,random_fold,1.1812493418381194,1.140270656956075
RandomForest,RandomKFold,1,536,random_fold,1.1042621429645079,1.1440738238942112
RandomForest,RandomKFold,1,543,random_fold,1.3390171937925537,1.2332451953136356
RandomForest,RandomKFold,1,549,random_fold,1.2987951649060503,1.1967547526965507
RandomForest,RandomKFold,1,552,random_fold,1.2974059019704027,1.2159649624690771
RandomForest,RandomKFold,1,558,random_fold,1.2390348241766387,1.2650955266372206
RandomForest,RandomKFold,1,561,random_fold,1.125520396023584,1.1172255550021595
RandomForest,RandomKFold,1,575,random_fold,1.4752782639070696,1.4588948475255228
RandomForest,RandomKFold,1,581,random_fold,1.125154244488275,1.1069465316012397
RandomForest,RandomKFold,1,589,random_fold,1.1065761847263786,1.0970292567086313
RandomForest,RandomKFold,1,598,random_fold,1.101641173779054,1.1083132029118923
RandomForest,RandomKFold,1,599,random_fold,1.4737078098499086,1.4397669413021514
RandomForest,RandomKFold,1,613,random_fold,1.2390348241766387,1.2650955266372206
RandomForest,RandomKFold,1,617,random_fold,1.3332390142216342,1.2951222084587386
RandomForest,RandomKFold,1,629,random_fold,1.3001385373329486,1.2929925611859197
RandomForest,RandomKFold,1,634,random_fold,1.3546268449969268,1.256894693480412
RandomForest,RandomKFold,1,644,random_fold,1.2936721089566459,1.2355882404033773
RandomForest,RandomKFold,1,667,random_fold,1.4512515359158664,1.402294480428337
RandomForest,RandomKFold,1,682,random_fold,1.0127561317700873,0.9421786623628347
RandomForest,RandomKFold,1,695,random_fold,0.9128426995596877,0.9399276022076358
RandomForest,RandomKFold,1,701,random_fold,0.8640136456166635,0.9209837480408304
RandomForest,RandomKFold,1,707,random_fold,0.9947622291164563,0.9965141459781637
RandomForest,RandomKFold,1,722,random_fold,1.0918158283594679,1.0247851329244448
RandomForest,RandomKFold,1,739,random_fold,1.0525512247820288,1.0562122491708987
RandomForest,RandomKFold,1,743,random_fold,1.1763225868857685,1.1427145959596614
RandomForest,RandomKFold,1,746,random_fold,1.1512238868735534,1.1327783829738898
RandomForest,RandomKFold,1,755,random_fold,1.156965801441185,1.0639697501072116
RandomForest,RandomKFold,1,756,random_fold,1.1262308703670376,1.105522838473927
RandomForest,RandomKFold,1,778,random_fold,1.1409909324109273,1.1338542359151926
RandomForest,RandomKFold,1,780,random_fold,1.0802645315227415,1.1302217717505798
RandomForest,RandomKFold,1,787,random_fold,0.9706081159253261,1.0165765503895627
RandomForest,RandomKFold,1,803,random_fold,1.0148873243037508,1.017850293906249
RandomForest,RandomKFold,1,809,random_fold,0.9090970473279092,0.9372401833753944
RandomForest,RandomKFold,1,813,random_fold,1.0417378229660836,1.0439507796283187
RandomForest,RandomKFold,1,817,random_fold,1.00947218111946,1.0532985428214166
RandomForest,RandomKFold,1,818,random_fold,0.8977259185724457,0.9861733794174293
RandomForest,RandomKFold,1,839,random_fold,1.1793391334116536,1.1394389621257226
RandomForest,RandomKFold,1,843,random_fold,1.1536852924437238,1.1136632492076286
RandomForest,RandomKFold,1,852,random_fold,1.0472415535706674,1.0472674817519212
RandomForest,RandomKFold,1,858,random_fold,1.0008111503855663,0.9730977275538154
RandomForest,RandomKFold,1,874,random_fold,0.9665995795697264,0.9892758050091639
RandomForest,RandomKFold,1,885,random_fold,1.0171365040792284,1.0415438491029498
RandomForest,RandomKFold,1,892,random_fold,1.108383888154156,0.977552099300051
RandomForest,RandomKFold,1,903,random_fold,1.0485565695763601,1.0331927435152537
RandomForest,RandomKFold,1,922,random_fold,1.1594229116729229,1.1234927811037485
RandomForest,RandomKFold,1,965,random_fold,0.8976856418155889,0.9602632450428746
RandomForest,RandomKFold,1,967,random_fold,1.0247330678940323,1.00346504085918
RandomForest,RandomKFold,1,973,random_fold,0.956,0.9961113551943683
RandomForest,RandomKFold,1,974,random_fold,0.974,0.9961113551943683
RandomForest,RandomKFold,1,984,random_fold,1.2248345980861588,1.066816299571264
RandomForest,RandomKFold,1,1002,random_fold,1.0131887647039657,1.0538427012041474
RandomForest,RandomKFold,1,1010,random_fold,1.03254514304362,1.023805843889103
RandomForest,RandomKFold,1,1032,random_fold,0.9725676969467186,1.040420846494746
RandomForest,RandomKFold,1,1042,random_fold,1.0205053236609536,1.1011230466659563
RandomForest,RandomKFold,1,1049,random_fold,1.03326266048189,1.0363644769378615
RandomForest,RandomKFold,1,1052,random_fold,1.1369107419564655,1.133015450760666
RandomForest,RandomKFold,1,1065,random_fold,0.8485166554501965,1.0246264545311063
RandomForest,RandomKFold,1,1068,random_fold,0.9058351736152674,0.9856298062583846
RandomForest,RandomKFold,1,1084,random_fold,1.0289488059110257,1.0862688864895957
RandomForest,RandomKFold,1,1088,random_fold,1.0932965515293875,1.0757123884605533
RandomForest,RandomKFold,1,1089,random_fold,1.02957641998359,1.075012793770248
RandomForest,RandomKFold,1,1101,random_fold,1.0451896339062345,1.0682979917549187
RandomForest,RandomKFold,1,1110,random_fold,1.0376183623927866,1.0331138423643573
RandomForest,RandomKFold,1,1115,random_fold,0.8703098302456302,0.932406953871267
RandomForest,RandomKFold,1,1125,random_fold,1.095381595204616,1.1410786993021609
RandomForest,RandomKFold,1,1128,random_fold,1.1435178814495957,1.1919678289320708
RandomForest,RandomKFold,1,1132,random_fold,1.2741028012909297,1.1803990911783218
RandomForest,RandomKFold,1,1134,random_fold,1.3912993667134212,1.3358607760819925
RandomForest,RandomKFold,1,1144,random_fold,0.952786773799889,1.0325915401161512
RandomForest,RandomKFold,1,1151,random_fold,1.1430301000371028,1.204302920833127
RandomForest,RandomKFold,1,1174,random_fold,1.1093270225801979,1.1463705239870337
RandomForest,RandomKFold,1,1177,random_fold,1.1699620861341617,1.1585864176025713
RandomForest,RandomKFold,1,1189,random_fold,1.018187716323725,1.0575958036697815
RandomForest,RandomKFold,1,1194,random_fold,0.997425534391608,1.0060163593954206
RandomForest,RandomKFold,1,1218,random_fold,1.300109647628024,1.2904647468774237
RandomForest,RandomKFold,1,1220,random_fold,1.2420221324569725,1.2325939392606295
RandomForest,RandomKFold,1,1252,random_fold,1.0748443899621265,1.1293506070710826
RandomForest,RandomKFold,1,1264,random_fold,1.1593331642563451,1.1456429900553409
RandomForest,RandomKFold,1,1274,random_fold,1.0902173889883209,1.1163986184673789
RandomForest,RandomKFold,1,1290,random_fold,1.251725829629863,1.2663122323042981
RandomForest,RandomKFold,1,1292,random_fold,0.9296708428077955,1.1213725708184823
RandomForest,RandomKFold,1,1300,random_fold,1.4887661059461517,1.396734123463625
RandomForest,RandomKFold,1,1312,random_fold,1.2570825716776333,1.3828651885143208
RandomForest,RandomKFold,2,29,random_fold,1.3720014374672693,1.2730517329566182
RandomForest,RandomKFold,2,31,random_fold,1.5227926294763847,1.5093214169345157
RandomForest,RandomKFold,2,48,random_fold,1.639707790681381,1.3394440023695586
RandomForest,RandomKFold,2,54,random_fold,1.2133837651042219,1.3394440023695586
RandomForest,RandomKFold,2,56,random_fold,1.2046337556603286,1.2725853373980427
RandomForest,RandomKFold,2,70,random_fold,1.2629155541458932,1.314896985464738
RandomForest,RandomKFold,2,86,random_fold,1.6713792736532207,1.4785769971118412
RandomForest,RandomKFold,2,107,random_fold,1.2353424451316886,1.1918761314174418
RandomForest,RandomKFold,2,109,random_fold,1.1269776844197152,1.259157997939011
RandomForest,RandomKFold,2,113,random_fold,1.165840580685956,1.1772873555551568
RandomForest,RandomKFold,2,123,random_fold,1.401756567103651,1.348131687566987
RandomForest,RandomKFold,2,128,random_fold,1.37020947369762,1.349012074794944
RandomForest,RandomKFold,2,155,random_fold,1.370994199976567,1.3532520492780489
RandomForest,RandomKFold,2,163,random_fold,1.081714589741048,1.1274676123195886
RandomForest,RandomKFold,2,168,random_fold,0.9988336760894352,1.0513110997058897
RandomForest,RandomKFold,2,170,random_fold,1.0060464564388292,1.0266847894991533
RandomForest,RandomKFold,2,174,random_fold,1.2564545083234089,1.2990074633108415
RandomForest,RandomKFold,2,192,random_fold,1.3141287399041004,1.4392884652163545
RandomForest,RandomKFold,2,208,random_fold,1.3033113393586844,1.2486304102983643
RandomForest,RandomKFold,2,209,random_fold,1.1361701617391793,1.1057624319431731
RandomForest,RandomKFold,2,220,random_fold,0.9281601451869276,0.9590717841077259
RandomForest,RandomKFold,2,231,random_fold,1.172977745864338,1.2346066119642567
RandomForest,RandomKFold,2,233,random_fold,1.087407992331772,1.2723963374365201
RandomForest,RandomKFold,2,239,random_fold,1.1026898604988369,1.1328385851045288
RandomForest,RandomKFold,2,240,random_fold,1.097850830391181,1.1335578261335064
RandomForest,RandomKFold,2,243,random_fold,1.23746653007112,1.2330564678611668
RandomForest,RandomKFold,2,244,random_fold,1.209420109403607,1.1336019933945878
RandomForest,RandomKFold,2,261,random_fold,1.0697251791938465,1.0719565015703794
RandomForest,RandomKFold,2,265,random_fold,1.2050469519666545,1.1801040166423957
RandomForest,RandomKFold,2,270,random_fold,1.2453362914305632,1.313101725824327
RandomForest,RandomKFold,2,282,random_fold,0.9885270233776388,1.0574548718725199
RandomForest,RandomKFold,2,291,random_fold,1.200839968966233,1.1827445088307726
RandomForest,RandomKFold,2,298,random_fold,1.143938834802967,1.1213423515854006
RandomForest,RandomKFold,2,331,random_fold,1.1529242603297682,1.2506644837729317
RandomForest,RandomKFold,2,339,random_fold,1.4076120631650018,1.3485114887203447
RandomForest,RandomKFold,2,344,random_fold,1.1627385870083158,1.1939856805203442
RandomForest,RandomKFold,2,346,random_fold,1.2854163440072908,1.2427232254207772
RandomForest,RandomKFold,2,350,random_fold,1.1995720476405545,1.1351658217726281
RandomForest,RandomKFold,2,351,random_fold,1.1809166022318427,1.0667547341560222
RandomForest,RandomKFold,2,354,random_fold,1.1320785534773934,1.1515920234544457
RandomForest,RandomKFold,2,358,random_fold,1.0747060958035308,1.1422746443221445
RandomForest,RandomKFold,2,363,random_fold,1.410690975522547,1.3349114021712218
RandomForest,RandomKFold,2,365,random_fold,1.2535131146099987,1.2740063428156858
RandomForest,RandomKFold,2,377,random_fold,1.2749949798711437,1.2767551556232934
RandomForest,RandomKFold,2,380,random_fold,1.3544066431861226,1.2840230254468101
RandomForest,RandomKFold,2,382,random_fold,1.2468443947618897,1.260610053683039
RandomForest,RandomKFold,2,405,random_fold,0.9885270233776388,1.0574548718725199
RandomForest,RandomKFold,2,409,random_fold,1.1448031386011281,1.0827033750999064
RandomForest,RandomKFold,2,415,random_fold,1.1248508298347624,1.1827445088307726
RandomForest,RandomKFold,2,422,random_fold,1.117630616216053,1.1213423515854006
RandomForest,RandomKFold,2,429,random_fold,1.1743142604760686,1.196030244060332
RandomForest,RandomKFold,2,447,random_fold,1.1811788280767848,1.2273152003663983
RandomForest,RandomKFold,2,486,random_fold,1.1852281853374391,1.1446622575867726
RandomForest,RandomKFold,2,493,random_fold,1.2803725519731772,1.2425759728006363
RandomForest,RandomKFold,2,528,random_fold,1.2295175877440858,1.2230984997959706
RandomForest,RandomKFold,2,534,random_fold,1.178400362037723,1.1268884982487435
RandomForest,RandomKFold,2,551,random_fold,1.1706389361953242,1.2576019699765082
RandomForest,RandomKFold,2,554,random_fold,1.2434786890775043,1.2425318024738075
RandomForest,RandomKFold,2,560,random_fold,1.1191135566181951,1.1132706441346853
RandomForest,RandomKFold,2,578,random_fold,1.0939191567339017,1.1065829907982079
RandomForest,RandomKFold,2,584,random_fold,1.0985823082868367,1.1036032827888393
RandomForest,RandomKFold,2,594,random_fold,1.0963834458272042,1.1030354630128238
RandomForest,RandomKFold,2,602,random_fold,1.3551376186293855,1.3816953465343056
RandomForest,RandomKFold,2,626,random_fold,1.3285906550290896,1.2526468200790888
RandomForest,RandomKFold,2,628,random_fold,1.4053136480542652,1.271837374435891
RandomForest,RandomKFold,2,636,random_fold,1.2239856207435866,1.3076919917999488
RandomForest,RandomKFold,2,651,random_fold,1.2996749058776849,1.2814367121450987
RandomForest,RandomKFold,2,654,random_fold,1.460895937684224,1.2678061196787167
RandomForest,RandomKFold,2,661,random_fold,1.4286071933023912,1.3264595278009372
RandomForest,RandomKFold,2,721,random_fold,0.9809199335646905,1.0482082914036757
RandomForest,RandomKFold,2,723,random_fold,1.0578333859959272,1.0307760878377927
RandomForest,RandomKFold,2,731,random_fold,1.1716324806430052,1.147263479943743
RandomForest,RandomKFold,2,737,random_fold,1.077036799237642,1.07760797842301
RandomForest,RandomKFold,2,752,random_fold,1.1576632873843928,1.13516423028773
RandomForest,RandomKFold,2,754,random_fold,1.119950655964233,1.1216963550031613
RandomForest,RandomKFold,2,762,random_fold,1.1353075863887947,1.0948372774129111
RandomForest,RandomKFold,2,774,random_fold,1.0981965028055594,1.0609203768170565
RandomForest,RandomKFold,2,788,random_fold,0.9795042253674844,1.076118007133152
RandomForest,RandomKFold,2,798,random_fold,0.9323040932338827,0.9304947641083947
RandomForest,RandomKFold,2,808,random_fold,0.9473561043119533,0.9679601061056116
RandomForest,RandomKFold,2,814,random_fold,0.9208205165973737,0.9466523740470733
RandomForest,RandomKFold,2,844,random_fold,1.139912956872766,1.1204562949966606
RandomForest,RandomKFold,2,846,random_fold,1.017734060884549,1.0234214574345928
RandomForest,RandomKFold,2,849,random_fold,1.0671828066167448,1.0573425116441317
RandomForest,RandomKFold,2,865,random_fold,1.1825822756173474,1.1138641298943808
RandomForest,RandomKFold,2,867,random_fold,0.9417647554511891,0.9368516602548551
RandomForest,RandomKFold,2,869,random_fold,0.943394691361964,0.9467520165421796
RandomForest,RandomKFold,2,872,random_fold,0.9676195860532987,0.984998873406932
RandomForest,RandomKFold,2,875,random_fold,0.9484993102887488,0.943365705907287
RandomForest,RandomKFold,2,893,random_fold,0.9124112927783977,0.9654953138241957
RandomForest,RandomKFold,2,908,random_fold,1.130616395201698,1.0989532481731459
RandomForest,RandomKFold,2,926,random_fold,1.004911594954713,1.033883718197597
RandomForest,RandomKFold,2,934,random_fold,0.9792231394697272,0.9978731709108858
RandomForest,RandomKFold,2,943,random_fold,1.0449461824263695,0.9508009465637686
RandomForest,RandomKFold,2,944,random_fold,0.9635843252302588,0.9845518131772564
RandomForest,RandomKFold,2,946,random_fold,0.9634595721736097,0.9791302644688432
RandomForest,RandomKFold,2,970,random_fold,0.9883471637253651,0.9962017629161946
RandomForest,RandomKFold,2,997,random_fold,1.0805626598465474,1.0350888276761396
RandomForest,RandomKFold,2,998,random_fold,1.065997805298636,1.0428740645008485
RandomForest,RandomKFold,2,1006,random_fold,1.059978173666824,1.0200614615930423
RandomForest,RandomKFold,2,1007,random_fold,1.0298540755238315,1.019933074716313
RandomForest,RandomKFold,2,1013,random_fold,1.0644621128530691,1.1087431497402875
RandomForest,RandomKFold,2,1024,random_fold,1.0520317551219707,1.0403267259473008
RandomForest,RandomKFold,2,1030,random_fold,1.0390614274629033,0.9719058479058503
RandomForest,RandomKFold,2,1031,random_fold,0.9832536648377822,0.9606148264028386
RandomForest,RandomKFold,2,1033,random_fold,0.995949448839491,1.018808937327216
RandomForest,RandomKFold,2,1034,random_fold,1.1117147568117898,1.0677273515838372
RandomForest,RandomKFold,2,1040,random_fold,1.0619268072911026,1.101323999952753
RandomForest,RandomKFold,2,1041,random_fold,1.0087178749802248,1.0377159661171966
RandomForest,RandomKFold,2,1043,random_fold,1.0725437413563566,1.0409632537892468
RandomForest,RandomKFold,2,1046,random_fold,1.022114788746845,1.024560428842289
RandomForest,RandomKFold,2,1057,random_fold,1.1308708041896984,1.1433807773130633
RandomForest,RandomKFold,2,1075,random_fold,1.0867084948700119,1.071971479451527
RandomForest,RandomKFold,2,1079,random_fold,1.0646821079762672,1.0890915277585103
RandomForest,RandomKFold,2,1093,random_fold,1.1444650003334558,1.0722905300704106
RandomForest,RandomKFold,2,1100,random_fold,1.1044529636638045,1.0342202794968613
RandomForest,RandomKFold,2,1122,random_fold,1.039472874890902,1.1628844977460626
RandomForest,RandomKFold,2,1164,random_fold,1.15866797014931,1.1569990639704282
RandomForest,RandomKFold,2,1168,random_fold,1.1362525663894414,1.1408093009672067
RandomForest,RandomKFold,2,1173,random_fold,1.2586656054794496,1.2373088426066083
RandomForest,RandomKFold,2,1187,random_fold,1.2577788351521888,1.249526103212413
RandomForest,RandomKFold,2,1213,random_fold,1.059617961514579,1.056504616610675
RandomForest,RandomKFold,2,1224,random_fold,1.341100463863825,1.3165565392034477
RandomForest,RandomKFold,2,1227,random_fold,1.295731905940998,1.2333656714997325
RandomForest,RandomKFold,2,1231,random_fold,1.2491299387414074,1.263389137850776
RandomForest,RandomKFold,2,1234,random_fold,1.2453334020922404,1.2552393715580643
RandomForest,RandomKFold,2,1249,random_fold,0.9667036756208146,0.9842951308277432
RandomForest,RandomKFold,2,1258,random_fold,1.1649205479468496,1.0967726631082884
RandomForest,RandomKFold,2,1271,random_fold,1.2175455825092005,1.2310149583624146
RandomForest,RandomKFold,2,1302,random_fold,1.3626231231901993,1.4286115039982037
RandomForest,RandomKFold,2,1304,random_fold,1.328050237434794,1.3900084322585355
RandomForest,RandomKFold,2,1305,random_fold,1.3609871368259172,1.518677737195502
RandomForest,RandomKFold,3,10,random_fold,1.3811132045767527,1.3097707961801797
RandomForest,RandomKFold,3,59,random_fold,1.2680165689493124,1.255804412490991
RandomForest,RandomKFold,3,83,random_fold,1.3448772760093357,1.5337895352080242
RandomForest,RandomKFold,3,88,random_fold,1.6169622740459064,1.5078097568133004
RandomForest,RandomKFold,3,96,random_fold,1.5781582943910415,1.5565821414571221
RandomForest,RandomKFold,3,129,random_fold,1.3599840298640558,1.3537378211797888
RandomForest,RandomKFold,3,135,random_fold,1.0919130117697546,1.2170294677046394
RandomForest,RandomKFold,3,138,random_fold,1.0945457667787828,1.134791192090701
RandomForest,RandomKFold,3,139,random_fold,0.9503054523485104,0.9487689809377291
RandomForest,RandomKFold,3,140,random_fold,0.9220785577242971,0.95208611464647
RandomForest,RandomKFold,3,141,random_fold,0.9848049902225486,0.9487689809377291
RandomForest,RandomKFold,3,147,random_fold,1.2331867795165823,1.112719475445166
RandomForest,RandomKFold,3,156,random_fold,1.4093999006925229,1.3426651519198447
RandomForest,RandomKFold,3,158,random_fold,1.1189168875968767,1.1522611978513944
RandomForest,RandomKFold,3,171,random_fold,0.9819513263381584,0.9593503820875672
RandomForest,RandomKFold,3,178,random_fold,1.2553795512333588,1.2197069638972802
RandomForest,RandomKFold,3,199,random_fold,1.4534609969636008,1.3513438449595805
RandomForest,RandomKFold,3,224,random_fold,1.2096074389960325,1.256149584511321
RandomForest,RandomKFold,3,260,random_fold,1.045128825211897,1.0351897373362882
RandomForest,RandomKFold,3,266,random_fold,1.1591867375218325,1.2026354314813086
RandomForest,RandomKFold,3,274,random_fold,1.3842155803571365,1.3455599964714855
RandomForest,RandomKFold,3,285,random_fold,1.0869105743635306,1.1058864855115824
RandomForest,RandomKFold,3,287,random_fold,1.0465299957494056,1.1058864855115824
RandomForest,RandomKFold,3,290,random_fold,1.1689970544183277,1.172029943996033
RandomForest,RandomKFold,3,292,random_fold,1.1248508298347624,1.187205716096078
RandomForest,RandomKFold,3,294,random_fold,1.108420440267482,1.1046057678471521
RandomForest,RandomKFold,3,296,random_fold,1.070756208960514,1.1046057678471521
RandomForest,RandomKFold,3,303,random_fold,1.2950278181808799,1.237839952321998
RandomForest,RandomKFold,3,308,random_fold,1.1932738406000005,1.1863415793914074
RandomForest,RandomKFold,3,309,random_fold,1.1603149777096642,1.1565664471864097
RandomForest,RandomKFold,3,312,random_fold,1.2079419865581988,1.1314623298944149
RandomForest,RandomKFold,3,318,random_fold,1.1306542302372584,1.1200940656619713
RandomForest,RandomKFold,3,322,random_fold,1.1011120203646916,1.0804779328003309
RandomForest,RandomKFold,3,327,random_fold,1.092546009091041,1.088442769378113
RandomForest,RandomKFold,3,328,random_fold,1.1000861553214407,1.2321286507799059
RandomForest,RandomKFold,3,332,random_fold,1.2904751739807487,1.2645488236481544
RandomForest,RandomKFold,3,333,random_fold,1.3986321931244245,1.309090513702593
RandomForest,RandomKFold,3,348,random_fold,1.3537218351572846,1.3019211521971161
RandomForest,RandomKFold,3,355,random_fold,1.0934447473345092,1.1158312946418156
RandomForest,RandomKFold,3,361,random_fold,1.1951532343242832,1.2488496790339958
RandomForest,RandomKFold,3,367,random_fold,1.2268643277129487,1.2666908204230216
RandomForest,RandomKFold,3,374,random_fold,1.220169597230472,1.2506811151712887
RandomForest,RandomKFold,3,381,random_fold,1.3622828817848462,1.2927609015781716
RandomForest,RandomKFold,3,398,random_fold,1.3516993360623062,1.314291461091228
RandomForest,RandomKFold,3,411,random_fold,1.1966957273711798,1.172029943996033
RandomForest,RandomKFold,3,427,random_fold,1.2126169570239147,1.237839952321998
RandomForest,RandomKFold,3,430,random_fold,1.2139187167349488,1.1863415793914074
RandomForest,RandomKFold,3,432,random_fold,1.1603149777096642,1.1565664471864097
RandomForest,RandomKFold,3,433,random_fold,1.1732156482628429,1.1565664471864097
RandomForest,RandomKFold,3,438,random_fold,1.1227523900855292,1.330608392082435
RandomForest,RandomKFold,3,458,random_fold,1.2090963058671387,1.1664342158625747
RandomForest,RandomKFold,3,462,random_fold,1.281033681703701,1.2741067093695115
RandomForest,RandomKFold,3,471,random_fold,1.265565498136139,1.262769193190203
RandomForest,RandomKFold,3,481,random_fold,1.2323447321023147,1.243603247132899
RandomForest,RandomKFold,3,482,random_fold,1.2559683700923228,1.2407013041687047
RandomForest,RandomKFold,3,485,random_fold,1.1529675365057692,1.1669574632727246
RandomForest,RandomKFold,3,497,random_fold,1.1389998201135163,1.095180240067672
RandomForest,RandomKFold,3,513,random_fold,1.4600404038278534,1.425083628307239
RandomForest,RandomKFold,3,522,random_fold,1.3551376186293855,1.381525867962568
RandomForest,RandomKFold,3,535,random_fold,1.14403126667179,1.1359027831497288
RandomForest,RandomKFold,3,538,random_fold,1.0975680037783655,1.12385862846685
RandomForest,RandomKFold,3,542,random_fold,1.213506864240547,1.2172211958706212
RandomForest,RandomKFold,3,566,random_fold,1.0119426075976625,1.0880326569912981
RandomForest,RandomKFold,3,567,random_fold,1.0587853148826611,1.08862702729117
RandomForest,RandomKFold,3,570,random_fold,1.1172119113349281,1.3796188612499836
RandomForest,RandomKFold,3,572,random_fold,1.1672017543078723,1.4292914401654462
RandomForest,RandomKFold,3,582,random_fold,1.1253876898014403,1.1518216511377273
RandomForest,RandomKFold,3,583,random_fold,1.103812716496891,1.1211886833537585
RandomForest,RandomKFold,3,610,random_fold,1.2873230266774571,1.2672220979687565
RandomForest,RandomKFold,3,618,random_fold,1.3086128646971864,1.3027388036957492
RandomForest,RandomKFold,3,620,random_fold,1.3389618107830723,1.3167376158987976
RandomForest,RandomKFold,3,621,random_fold,1.330175403702272,1.3266543052633284
RandomForest,RandomKFold,3,630,random_fold,1.2362028679086534,1.3199898081188812
RandomForest,RandomKFold,3,665,random_fold,1.2528666796572563,1.2471560885695105
RandomForest,RandomKFold,3,668,random_fold,1.3748654480428981,1.4062608933847942
RandomForest,RandomKFold,3,670,random_fold,1.2676699633975275,1.301706897815437
RandomForest,RandomKFold,3,677,random_fold,1.023264728934967,1.0530153539503342
RandomForest,RandomKFold,3,680,random_fold,1.0590065504779997,1.0930656403248538
RandomForest,RandomKFold,3,708,random_fold,0.9042217768159755,0.9890833539482229
RandomForest,RandomKFold,3,710,random_fold,0.9943744272212695,1.002056620774075
RandomForest,RandomKFold,3,716,random_fold,1.0494235703981207,1.0476322773577236
RandomForest,RandomKFold,3,741,random_fold,1.071797169648938,1.1343670109282098
RandomForest,RandomKFold,3,759,random_fold,1.0364279604429998,1.0562888243302153
RandomForest,RandomKFold,3,767,random_fold,1.0829615417225233,1.0440994562201957
RandomForest,RandomKFold,3,770,random_fold,1.158611523693908,1.1082690661475039
RandomForest,RandomKFold,3,777,random_fold,1.1732223146824223,1.1157278752785853
RandomForest,RandomKFold,3,792,random_fold,0.9885768620769692,1.0323236108403442
RandomForest,RandomKFold,3,796,random_fold,0.9298059038456692,0.9582707969875828
RandomForest,RandomKFold,3,802,random_fold,1.013516318124347,1.0129513742965783
RandomForest,RandomKFold,3,838,random_fold,1.0172706870924326,1.0517988307286474
RandomForest,RandomKFold,3,842,random_fold,1.1766778981895882,1.154784374309855
RandomForest,RandomKFold,3,847,random_fold,0.9914081945242199,1.0367602254220258
RandomForest,RandomKFold,3,855,random_fold,0.9978743857512196,1.0051973264154932
RandomForest,RandomKFold,3,868,random_fold,0.932531767652648,0.9447278007886153
RandomForest,RandomKFold,3,873,random_fold,0.9990536850212308,0.981601189854955
RandomForest,RandomKFold,3,879,random_fold,1.0132518775954646,0.9842882613161104
RandomForest,RandomKFold,3,898,random_fold,1.1075306132566556,1.0663119531569185
RandomForest,RandomKFold,3,899,random_fold,1.0455797423367392,1.0221678347586474
RandomForest,RandomKFold,3,904,random_fold,1.1951298166951887,1.089409580737587
RandomForest,RandomKFold,3,906,random_fold,1.0554080316696963,0.9798572740037585
RandomForest,RandomKFold,3,930,random_fold,1.096382668622466,1.0028650456893589
RandomForest,RandomKFold,3,931,random_fold,1.0466965648960251,1.0073703647894319
RandomForest,RandomKFold,3,947,random_fold,0.9411645939854958,0.9747198037326866
RandomForest,RandomKFold,3,964,random_fold,1.0194843254397352,0.9585096990732707
RandomForest,RandomKFold,3,993,random_fold,1.1125633690402055,1.0100621206592963
RandomForest,RandomKFold,3,1004,random_fold,1.0839740105096942,1.014274174931788
RandomForest,RandomKFold,3,1015,random_fold,1.0080394734160163,1.0160335047210662
RandomForest,RandomKFold,3,1018,random_fold,1.1250601987704543,1.0579397994839947
RandomForest,RandomKFold,3,1037,random_fold,1.1418543670536392,1.0470498040443366
RandomForest,RandomKFold,3,1055,random_fold,1.1577581755730835,1.1180094956089357
RandomForest,RandomKFold,3,1072,random_fold,1.0996757650456859,1.0924156454095377
RandomForest,RandomKFold,3,1085,random_fold,1.0680368452044127,1.0775014136061491
RandomForest,RandomKFold,3,1087,random_fold,1.03783253235919,1.0916374095277803
RandomForest,RandomKFold,3,1091,random_fold,1.1213393502795104,1.0973115553668997
RandomForest,RandomKFold,3,1112,random_fold,0.8566693631248123,0.9619403994422271
RandomForest,RandomKFold,3,1142,random_fold,1.037793772205827,1.033533075148241
RandomForest,RandomKFold,3,1146,random_fold,1.035432466694551,0.9884578803500365
RandomForest,RandomKFold,3,1153,random_fold,1.1582772195696889,1.1971561697287554
RandomForest,RandomKFold,3,1181,random_fold,1.1407355560413648,1.1056836230516496
RandomForest,RandomKFold,3,1199,random_fold,1.1961804273378163,1.0350080693757504
RandomForest,RandomKFold,3,1216,random_fold,1.315611535949616,1.3001139883346897
RandomForest,RandomKFold,3,1222,random_fold,1.341401091173224,1.3356501796653166
RandomForest,RandomKFold,3,1241,random_fold,1.1122829007007686,1.1053585396440393
RandomForest,RandomKFold,3,1242,random_fold,0.9806296069327972,1.0018232942798795
RandomForest,RandomKFold,3,1246,random_fold,1.0627439446106552,1.0491946437540636
RandomForest,RandomKFold,3,1247,random_fold,1.0897867332299558,1.0516050814114082
RandomForest,RandomKFold,3,1261,random_fold,1.0435198380588349,1.0476043720905834
RandomForest,RandomKFold,3,1273,random_fold,1.1853745270063873,1.1935166999060198
RandomForest,RandomKFold,3,1275,random_fold,1.1730331121385693,1.0688918186846663
RandomForest,RandomKFold,3,1277,random_fold,1.160112709927871,1.0711664048099148
RandomForest,RandomKFold,3,1280,random_fold,1.3062699890462746,1.2985607088070912
RandomForest,RandomKFold,3,1311,random_fold,1.717567258824871,1.4885421582314273
RandomForest,RandomKFold,4,2,random_fold,1.1815827868398348,1.3003920269844298
RandomForest,RandomKFold,4,3,random_fold,1.2358473024149033,1.3465085476093999
RandomForest,RandomKFold,4,5,random_fold,1.238242921314779,1.3834087737226557
RandomForest,RandomKFold,4,6,random_fold,1.1983820435012535,1.326546374174631
RandomForest,RandomKFold,4,12,random_fold,1.5214776205513665,1.4303071002696615
RandomForest,RandomKFold,4,25,random_fold,1.4102263522358336,1.1893415888050423
RandomForest,RandomKFold,4,27,random_fold,1.536384619900033,1.3782534281915444
RandomForest,RandomKFold,4,30,random_fold,1.5348782852658798,1.5070963437479603
RandomForest,RandomKFold,4,39,random_fold,1.2211023682326179,1.2436570519607333
RandomForest,RandomKFold,4,47,random_fold,1.2972783209180534,1.3174390891962973
RandomForest,RandomKFold,4,55,random_fold,1.2816523773767157,1.248070142697124
RandomForest,RandomKFold,4,66,random_fold,1.302307239291283,1.3518913361417746
RandomForest,RandomKFold,4,67,random_fold,1.295364734801251,1.3594713860954064
RandomForest,RandomKFold,4,100,random_fold,1.4893188610025825,1.3910876330042967
RandomForest,RandomKFold,4,106,random_fold,1.2053584052013078,1.198228223972392
RandomForest,RandomKFold,4,111,random_fold,1.1310229163178613,1.1593863397557818
RandomForest,RandomKFold,4,136,random_fold,1.1420397946679444,1.2459581655562935
RandomForest,RandomKFold,4,211,random_fold,1.0578135988606152,1.1212899756913657
RandomForest,RandomKFold,4,215,random_fold,1.1382975694343815,1.3263596850519503
RandomForest,RandomKFold,4,227,random_fold,1.061508984719529,1.092259133828635
RandomForest,RandomKFold,4,237,random_fold,1.1115939935791495,1.243969870345246
RandomForest,RandomKFold,4,242,random_fold,1.3000433770209283,1.2186969192557322
RandomForest,RandomKFold,4,256,random_fold,1.1458899378442748,1.1594087921506588
RandomForest,RandomKFold,4,273,random_fold,1.3927210638476188,1.3533879235844586
RandomForest,RandomKFold,4,299,random_fold,1.117630616216053,1.126765586925727
RandomForest,RandomKFold,4,310,random_fold,1.1732156482628429,1.1591145075779452
RandomForest,RandomKFold,4,311,random_fold,1.1383551696124758,1.1591145075779452
RandomForest,RandomKFold,4,314,random_fold,1.1508537216670625,1.1675324580887199
RandomForest,RandomKFold,4,319,random_fold,1.0631562838336788,1.09104703209
RandomForest,RandomKFold,4,321,random_fold,1.1306840434563534,1.0886106633460129
RandomForest,RandomKFold,4,323,random_fold,0.9851301986103755,1.0540910065137061
RandomForest,RandomKFold,4,325,random_fold,1.0162230301480055,1.1038424995974323
RandomForest,RandomKFold,4,336,random_fold,1.1895466598960975,1.2343558886076178
RandomForest,RandomKFold,4,362,random_fold,1.253162744858469,1.2921262472510702
RandomForest,RandomKFold,4,370,random_fold,1.4247851688507547,1.3380765266795307
RandomForest,RandomKFold,4,376,random_fold,1.2949004125196468,1.2861661026431657
RandomForest,RandomKFold,4,410,random_fold,1.0465299957494056,1.1022355448743635
RandomForest,RandomKFold,4,423,random_fold,1.250094356066993,1.232533756287025
RandomForest,RandomKFold,4,424,random_fold,1.255615974247501,1.232533756287025
RandomForest,RandomKFold,4,435,random_fold,1.136205061407592,1.218038773328825
RandomForest,RandomKFold,4,439,random_fold,1.167311509591246,1.2057602850635039
RandomForest,RandomKFold,4,442,random_fold,1.2660904399745998,1.2310766666658137
RandomForest,RandomKFold,4,453,random_fold,1.1678173543464752,1.1498928806847937
RandomForest,RandomKFold,4,464,random_fold,1.2935766863339573,1.2668588899897442
RandomForest,RandomKFold,4,477,random_fold,1.1826622653806047,1.214527008908453
RandomForest,RandomKFold,4,478,random_fold,1.2042128286825535,1.2176035658733235
RandomForest,RandomKFold,4,514,random_fold,1.3551376186293855,1.4572374283352867
RandomForest,RandomKFold,4,526,random_fold,1.2070770909871522,1.212657000506043
RandomForest,RandomKFold,4,527,random_fold,1.2872591031213836,1.2117198366975597
RandomForest,RandomKFold,4,553,random_fold,1.2336684323588558,1.2436162296778301
RandomForest,RandomKFold,4,573,random_fold,1.5017169424717123,1.445229046173646
RandomForest,RandomKFold,4,579,random_fold,1.1082076544678416,1.1054141756832416
RandomForest,RandomKFold,4,588,random_fold,1.0996992675102513,1.0946245439240998
RandomForest,RandomKFold,4,590,random_fold,1.0891297555800707,1.1073780487564706
RandomForest,RandomKFold,4,597,random_fold,1.1053752629591076,1.105529223806866
RandomForest,RandomKFold,4,605,random_fold,1.3584960645166095,1.3053708498164818
RandomForest,RandomKFold,4,614,random_fold,1.3099147850734096,1.3343315723546896
RandomForest,RandomKFold,4,615,random_fold,1.306829976743478,1.2583152730077238
RandomForest,RandomKFold,4,624,random_fold,1.352620773381636,1.313702187146263
RandomForest,RandomKFold,4,631,random_fold,1.2965312518289938,1.2944668602711655
RandomForest,RandomKFold,4,638,random_fold,1.1604974665781171,1.2573307499911799
RandomForest,RandomKFold,4,649,random_fold,1.2889693276319096,1.276622122687463
RandomForest,RandomKFold,4,676,random_fold,1.0462366417310374,1.063561422261419
RandomForest,RandomKFold,4,693,random_fold,0.9127835333850577,0.9378511051953491
RandomForest,RandomKFold,4,705,random_fold,1.0122966091723296,0.9860956353436676
RandomForest,RandomKFold,4,718,random_fold,0.9978268847018567,1.0185154654197484
RandomForest,RandomKFold,4,720,random_fold,1.0327321771459947,1.029112197949074
RandomForest,RandomKFold,4,724,random_fold,0.9940735654701452,1.0497976387144639
RandomForest,RandomKFold,4,727,random_fold,1.1333855233516579,1.0766007426452224
RandomForest,RandomKFold,4,736,random_fold,1.0834822140971676,1.0461009405830983
RandomForest,RandomKFold,4,744,random_fold,1.1394168016812345,1.122489803352906
RandomForest,RandomKFold,4,745,random_fold,1.1532149251359798,1.1169853565743444
RandomForest,RandomKFold,4,771,random_fold,1.059029496018931,1.054252683380554
RandomForest,RandomKFold,4,785,random_fold,1.0011289227779692,1.0243419101789641
RandomForest,RandomKFold,4,810,random_fold,0.8748433612948089,0.9202411768545301
RandomForest,RandomKFold,4,812,random_fold,0.9603762259588122,0.9592007596781542
RandomForest,RandomKFold,4,816,random_fold,0.9689279686173381,0.9905463525088328
RandomForest,RandomKFold,4,823,random_fold,0.8885581509727589,1.0092557027647842
RandomForest,RandomKFold,4,828,random_fold,1.0311072708311233,1.0878664969910845
RandomForest,RandomKFold,4,832,random_fold,1.1785261834797467,1.1780150276120005
RandomForest,RandomKFold,4,862,random_fold,0.9950721190187648,1.0303152366086774
RandomForest,RandomKFold,4,881,random_fold,0.8923202472408284,0.9566194006287151
RandomForest,RandomKFold,4,889,random_fold,1.0373767948970278,0.9957001241945999
RandomForest,RandomKFold,4,894,random_fold,0.9660896807843484,0.9880225947630629
RandomForest,RandomKFold,4,900,random_fold,1.0093291870279875,1.0410463884919048
RandomForest,RandomKFold,4,905,random_fold,1.1324219565630271,1.1120676172133244
RandomForest,RandomKFold,4,910,random_fold,1.1884094429914789,1.0910174560472052
RandomForest,RandomKFold,4,915,random_fold,1.0601634917957934,1.0407110405298594
RandomForest,RandomKFold,4,916,random_fold,1.1713832305334504,1.1291297404406295
RandomForest,RandomKFold,4,921,random_fold,1.145648565330804,1.1463665349088668
RandomForest,RandomKFold,4,933,random_fold,1.0500862030418465,1.0174136725017018
RandomForest,RandomKFold,4,963,random_fold,0.9333307204729971,1.0022629090376807
RandomForest,RandomKFold,4,979,random_fold,1.1600914202570374,1.1312067146517173
RandomForest,RandomKFold,4,982,random_fold,1.175824227502552,1.0986601189713878
RandomForest,RandomKFold,4,987,random_fold,1.1488646954391268,1.005671958696591
RandomForest,RandomKFold,4,988,random_fold,0.995856243256187,0.9889009908688119
RandomForest,RandomKFold,4,989,random_fold,1.2068959920925233,1.1067312467046464
RandomForest,RandomKFold,4,994,random_fold,0.970219450341709,0.9731048248356647
RandomForest,RandomKFold,4,999,random_fold,1.0316400313176437,1.0331760547158377
RandomForest,RandomKFold,4,1047,random_fold,1.0286099799256727,1.028937669755953
RandomForest,RandomKFold,4,1067,random_fold,0.9986497979056462,0.9269096145605975
RandomForest,RandomKFold,4,1077,random_fold,1.1120537623900697,1.0875409754649135
RandomForest,RandomKFold,4,1078,random_fold,0.9745069526860598,1.1058450763334613
RandomForest,RandomKFold,4,1096,random_fold,1.0721243498738824,1.088073858322046
RandomForest,RandomKFold,4,1099,random_fold,1.0340676043623929,1.0537362988870234
RandomForest,RandomKFold,4,1117,random_fold,0.9498289887979507,1.0815882806004173
RandomForest,RandomKFold,4,1131,random_fold,1.3850144700222473,1.3171951579574241
RandomForest,RandomKFold,4,1139,random_fold,1.0611065431023565,1.1310203554914637
RandomForest,RandomKFold,4,1140,random_fold,1.1265716552931702,1.0650164739444112
RandomForest,RandomKFold,4,1157,random_fold,1.2177199842411268,1.176086519807677
RandomForest,RandomKFold,4,1163,random_fold,1.201363899452847,1.1727348812074985
RandomForest,RandomKFold,4,1166,random_fold,1.1492705924126416,1.1381620319954573
RandomForest,RandomKFold,4,1172,random_fold,1.0102026650026907,1.0516476242005484
RandomForest,RandomKFold,4,1182,random_fold,1.3041326362828491,1.1769387885561104
RandomForest,RandomKFold,4,1183,random_fold,1.1439628464001368,1.0944718895624401
RandomForest,RandomKFold,4,1185,random_fold,1.0121392730133485,1.0024358375640512
RandomForest,RandomKFold,4,1197,random_fold,1.0678072880494998,1.1204968351266005
RandomForest,RandomKFold,4,1198,random_fold,0.9715805561173878,1.1398373001806998
RandomForest,RandomKFold,4,1205,random_fold,1.0673330704541268,1.1024159630961876
RandomForest,RandomKFold,4,1206,random_fold,1.0353921611104167,1.0178313005884336
RandomForest,RandomKFold,4,1221,random_fold,1.1793810571282626,1.2444368408662363
RandomForest,RandomKFold,4,1223,random_fold,1.3590383285412608,1.3248260629414392
RandomForest,RandomKFold,4,1229,random_fold,1.3248671589135808,1.2723681896976344
RandomForest,RandomKFold,4,1230,random_fold,1.2727062614032296,1.261846624497177
RandomForest,RandomKFold,4,1248,random_fold,0.9553396291415502,0.9878971298447158
RandomForest,RandomKFold,4,1268,random_fold,1.1924214709911969,1.1930747435555338
RandomForest,RandomKFold,4,1284,random_fold,1.3336304167933815,1.3121167554961877
RandomForest,RandomKFold,4,1298,random_fold,1.2483737925091278,1.1794666040915494
RandomForest,RandomKFold,4,1299,random_fold,1.3448064616352342,1.1950417137265668
RandomForest,RandomKFold,4,1301,random_fold,1.4805381618930584,1.539046057609211
RandomForest,RandomKFold,4,1306,random_fold,1.3160703380322636,1.3788185329956621
RandomForest,RandomKFold,4,1308,random_fold,1.4492314829171709,1.4494773688733487
RandomForest,RandomKFold,5,9,random_fold,1.4252952195204207,1.4535507642616543
RandomForest,RandomKFold,5,33,random_fold,1.5107069736868897,1.5050821380560249
RandomForest,RandomKFold,5,45,random_fold,1.483765484022838,1.396686938043405
RandomForest,RandomKFold,5,60,random_fold,1.2824258481419177,1.2527577270604722
RandomForest,RandomKFold,5,62,random_fold,1.1531759249761522,1.213393984406634
RandomForest,RandomKFold,5,71,random_fold,1.4175969345181723,1.36900640214356
RandomForest,RandomKFold,5,72,random_fold,1.3740815622661384,1.36900640214356
RandomForest,RandomKFold,5,77,random_fold,1.2681142042166427,1.2791328824477688
RandomForest,RandomKFold,5,80,random_fold,1.4120233684283932,1.4883469637049334
RandomForest,RandomKFold,5,82,random_fold,1.4848067035710006,1.5275320816716575
RandomForest,RandomKFold,5,84,random_fold,1.375972704356372,1.5275320816716575
RandomForest,RandomKFold,5,92,random_fold,1.1354084529932944,1.1706581903794853
RandomForest,RandomKFold,5,94,random_fold,1.2278254200973997,1.1633183860125813
RandomForest,RandomKFold,5,97,random_fold,1.6000771595909171,1.55321287851533
RandomForest,RandomKFold,5,104,random_fold,1.33539573292194,1.382458785766024
RandomForest,RandomKFold,5,110,random_fold,1.3256987893635834,1.3106738066452928
RandomForest,RandomKFold,5,118,random_fold,1.2726146663911664,1.308577906919857
RandomForest,RandomKFold,5,120,random_fold,1.6240942634659334,1.4430240541595496
RandomForest,RandomKFold,5,137,random_fold,1.0472134869247998,1.1633360534461634
RandomForest,RandomKFold,5,144,random_fold,0.9408964874737726,0.9545747422819688
RandomForest,RandomKFold,5,145,random_fold,1.1624650166329116,1.100087443101072
RandomForest,RandomKFold,5,165,random_fold,1.0503718004141738,1.0475025199233576
RandomForest,RandomKFold,5,177,random_fold,1.3128540515404687,1.302928619739312
RandomForest,RandomKFold,5,182,random_fold,1.2193262628314903,1.2238583316196723
RandomForest,RandomKFold,5,183,random_fold,1.2060088386559635,1.220362610076452
RandomForest,RandomKFold,5,194,random_fold,1.5996384909229053,1.4332341168320624
RandomForest,RandomKFold,5,204,random_fold,1.3129180568478147,1.2452947515913395
RandomForest,RandomKFold,5,213,random_fold,1.1670230583726138,1.1003912902272206
RandomForest,RandomKFold,5,223,random_fold,1.2133644852363266,1.2540326727389393
RandomForest,RandomKFold,5,235,random_fold,1.1240692396897045,1.1748607450933797
RandomForest,RandomKFold,5,238,random_fold,1.0839659960653538,1.13890416729136
RandomForest,RandomKFold,5,248,random_fold,1.1281291950782302,1.1263040905236072
RandomForest,RandomKFold,5,249,random_fold,1.2008958389819084,1.1364539037637018
RandomForest,RandomKFold,5,250,random_fold,1.2353855303226169,1.217272208611098
RandomForest,RandomKFold,5,255,random_fold,1.2418476497794892,1.2298642099439154
RandomForest,RandomKFold,5,280,random_fold,1.0769816123297524,1.1297459131694378
RandomForest,RandomKFold,5,281,random_fold,1.1257407180116425,1.1297459131694378
RandomForest,RandomKFold,5,302,random_fold,1.2175168088019963,1.2440541231194457
RandomForest,RandomKFold,5,305,random_fold,1.2243899371891955,1.2466308475013144
RandomForest,RandomKFold,5,307,random_fold,1.2139187167349488,1.188167033991904
RandomForest,RandomKFold,5,334,random_fold,1.2682445144448073,1.253099266468589
RandomForest,RandomKFold,5,359,random_fold,1.1426382828215833,1.1152131529511953
RandomForest,RandomKFold,5,373,random_fold,1.4590225375244026,1.3428254663900037
RandomForest,RandomKFold,5,388,random_fold,1.3438725632484756,1.256991463710579
RandomForest,RandomKFold,5,389,random_fold,1.2257063169875246,1.232608742796775
RandomForest,RandomKFold,5,404,random_fold,1.1257407180116425,1.1297459131694378
RandomForest,RandomKFold,5,436,random_fold,1.1837321055556502,1.1812399748060927
RandomForest,RandomKFold,5,445,random_fold,1.094780679517756,1.1899683205290972
RandomForest,RandomKFold,5,448,random_fold,1.2437399821086135,1.301034533067857
RandomForest,RandomKFold,5,449,random_fold,1.2577319063356134,1.2734352315160933
RandomForest,RandomKFold,5,457,random_fold,1.1855044785086055,1.198479692004926
RandomForest,RandomKFold,5,460,random_fold,1.299020194398419,1.3033970867877644
RandomForest,RandomKFold,5,465,random_fold,1.1250605898685158,1.1378656179620017
RandomForest,RandomKFold,5,480,random_fold,1.2300282858041112,1.2456842878527181
RandomForest,RandomKFold,5,501,random_fold,1.0516109537673108,1.0660766851116052
RandomForest,RandomKFold,5,519,random_fold,1.4737078098499086,1.4439281413151326
RandomForest,RandomKFold,5,523,random_fold,1.4602452591610375,1.2943088777886949
RandomForest,RandomKFold,5,533,random_fold,1.1703975528389767,1.1451966586894315
RandomForest,RandomKFold,5,539,random_fold,1.1234142745770122,1.0106168767258306
RandomForest,RandomKFold,5,541,random_fold,1.2168271823181187,1.195891290108144
RandomForest,RandomKFold,5,545,random_fold,1.2216366617289183,1.2677527324284124
RandomForest,RandomKFold,5,548,random_fold,1.2657307970870473,1.213539879449324
RandomForest,RandomKFold,5,557,random_fold,1.212461976536215,1.1560426032212228
RandomForest,RandomKFold,5,585,random_fold,1.0973071033105124,1.1056594717230661
RandomForest,RandomKFold,5,591,random_fold,1.1179292663043983,1.1171466173890046
RandomForest,RandomKFold,5,593,random_fold,1.1083054834975656,1.101066333546921
RandomForest,RandomKFold,5,596,random_fold,1.1104141617106007,1.108517590371114
RandomForest,RandomKFold,5,609,random_fold,1.2096830310287026,1.3141079850275812
RandomForest,RandomKFold,5,622,random_fold,1.3453508784579917,1.317496990702647
RandomForest,RandomKFold,5,643,random_fold,1.3357650442006035,1.222398695014925
RandomForest,RandomKFold,5,650,random_fold,1.212706933739826,1.27168518051126
RandomForest,RandomKFold,5,660,random_fold,1.458792166328811,1.240030132598441
RandomForest,RandomKFold,5,666,random_fold,1.5184172955589565,1.3363206533672163
RandomForest,RandomKFold,5,673,random_fold,1.32021833450372,1.2451837435822402
RandomForest,RandomKFold,5,678,random_fold,1.0213662786029911,1.05355332802309
RandomForest,RandomKFold,5,679,random_fold,1.0605662066642707,1.0815168090637801
RandomForest,RandomKFold,5,700,random_fold,0.9167472922833516,0.9389991884969285
RandomForest,RandomKFold,5,706,random_fold,1.1371215663950138,1.0866370388791657
RandomForest,RandomKFold,5,712,random_fold,0.9756042909375217,1.0156732161208684
RandomForest,RandomKFold,5,714,random_fold,0.9721328583393922,0.986635818451808
RandomForest,RandomKFold,5,730,random_fold,1.0168033987375615,1.0633402542874955
RandomForest,RandomKFold,5,764,random_fold,1.0840452992502785,1.0463128199573577
RandomForest,RandomKFold,5,781,random_fold,1.1470667064816837,1.1070643122382455
RandomForest,RandomKFold,5,806,random_fold,0.9548260673473076,0.971808423502821
RandomForest,RandomKFold,5,845,random_fold,1.1206151496013752,1.0897728685648764
RandomForest,RandomKFold,5,848,random_fold,1.0682404704488726,1.055055643542072
RandomForest,RandomKFold,5,857,random_fold,1.0379847751848825,1.0681483848801643
RandomForest,RandomKFold,5,861,random_fold,1.0298317805372306,1.0371663815659062
RandomForest,RandomKFold,5,864,random_fold,0.9073027741064279,0.9824490300948256
RandomForest,RandomKFold,5,887,random_fold,1.030780962624438,1.0531702336797863
RandomForest,RandomKFold,5,917,random_fold,1.1416032529561655,1.1392844083603277
RandomForest,RandomKFold,5,919,random_fold,1.11255431481568,1.1270809916856768
RandomForest,RandomKFold,5,923,random_fold,1.1889335540316859,1.128117821691547
RandomForest,RandomKFold,5,924,random_fold,0.9592940346185056,1.047850850620985
RandomForest,RandomKFold,5,925,random_fold,1.0914174248629913,1.04267885317316
RandomForest,RandomKFold,5,932,random_fold,1.0388996091509042,1.0303414730258782
RandomForest,RandomKFold,5,952,random_fold,0.965620236434533,1.0137912296906928
RandomForest,RandomKFold,5,962,random_fold,1.0840685658773344,1.0351725701929124
RandomForest,RandomKFold,5,968,random_fold,0.9858806293008935,1.0238235115558174
RandomForest,RandomKFold,5,969,random_fold,1.0282803824617435,0.9701593504231224
RandomForest,RandomKFold,5,977,random_fold,1.1989547931025648,1.1158988966090866
RandomForest,RandomKFold,5,978,random_fold,1.0685217091331127,1.0886358817466841
RandomForest,RandomKFold,5,985,random_fold,0.9739538544211528,1.0137686126782772
RandomForest,RandomKFold,5,986,random_fold,0.9850855413826058,1.0140354156691807
RandomForest,RandomKFold,5,1000,random_fold,0.9813505409457434,1.0388621856136078
RandomForest,RandomKFold,5,1022,random_fold,1.0586427111666792,1.0717561797005413
RandomForest,RandomKFold,5,1054,random_fold,1.092761539287399,1.1436686649527033
RandomForest,RandomKFold,5,1058,random_fold,1.189501517291459,1.1007804635389462
RandomForest,RandomKFold,5,1069,random_fold,1.0397770030296816,0.9446918608943105
RandomForest,RandomKFold,5,1070,random_fold,1.085038340528937,1.1096499389398315
RandomForest,RandomKFold,5,1080,random_fold,1.1010472395690756,1.060268594196374
RandomForest,RandomKFold,5,1081,random_fold,1.225138376683646,1.0865229052939653
RandomForest,RandomKFold,5,1097,random_fold,1.0727233020246498,1.0807681054439886
RandomForest,RandomKFold,5,1124,random_fold,1.0755686525440171,1.0877710926051773
RandomForest,RandomKFold,5,1135,random_fold,1.2084578394434637,1.1948163792763453
RandomForest,RandomKFold,5,1148,random_fold,1.1780991161155296,1.2326898188254503
RandomForest,RandomKFold,5,1155,random_fold,1.1906936635201972,1.167800232479761
RandomForest,RandomKFold,5,1156,random_fold,1.3287419115266383,1.2359593988643924
RandomForest,RandomKFold,5,1165,random_fold,1.1515242070091873,1.1424267134147916
RandomForest,RandomKFold,5,1176,random_fold,1.1859206173745473,1.2818990020065346
RandomForest,RandomKFold,5,1191,random_fold,1.2883246413813407,1.2752751906131827
RandomForest,RandomKFold,5,1210,random_fold,1.0631806389529381,1.0797440018304245
RandomForest,RandomKFold,5,1212,random_fold,0.9527641983415764,1.0219683342366082
RandomForest,RandomKFold,5,1228,random_fold,1.2968000682410465,1.292633734915938
RandomForest,RandomKFold,5,1255,random_fold,1.035748608751493,1.0405438393971598
RandomForest,RandomKFold,5,1262,random_fold,0.9538377649384251,1.000866597746892
RandomForest,RandomKFold,5,1266,random_fold,1.2355319912662999,1.2587507405974654
RandomForest,RandomKFold,5,1269,random_fold,1.1955563918570484,1.1887729967960547
RandomForest,RandomKFold,5,1278,random_fold,1.09245338928527,1.1168401383442899
RandomForest,RandomKFold,5,1281,random_fold,1.2916893734385226,1.2925582897596508
RandomForest,RandomKFold,5,1297,random_fold,1.2449377557454981,1.1794329753023614
RandomForest,RandomKFold,5,1315,random_fold,1.4696556798213947,1.4280579375518274
RandomForest,RandomKFold,6,0,random_fold,1.3545719757695995,1.2483814796247394
RandomForest,RandomKFold,6,7,random_fold,1.3725142300680981,1.31350422380118
RandomForest,RandomKFold,6,24,random_fold,1.6356327158958393,1.552695420855048
RandomForest,RandomKFold,6,28,random_fold,1.3421211390482404,1.3648642419860253
RandomForest,RandomKFold,6,38,random_fold,1.2518288372578938,1.2380488196492931
RandomForest,RandomKFold,6,41,random_fold,1.536384619900033,1.3796901942036286
RandomForest,RandomKFold,6,69,random_fold,1.0015566608923805,1.1487562115942982
RandomForest,RandomKFold,6,73,random_fold,1.2105569921385566,1.1755379280559535
RandomForest,RandomKFold,6,79,random_fold,1.4528332923714102,1.4533927305975234
RandomForest,RandomKFold,6,90,random_fold,1.620849202589286,1.5262897501706327
RandomForest,RandomKFold,6,108,random_fold,1.1414339090699477,1.2788314129937246
RandomForest,RandomKFold,6,125,random_fold,1.4224908184065779,1.4608729565480008
RandomForest,RandomKFold,6,131,random_fold,1.1632164140981103,1.1336526571281969
RandomForest,RandomKFold,6,132,random_fold,1.1991666858815992,1.0567110328038412
RandomForest,RandomKFold,6,133,random_fold,1.04398508662286,1.0600838503482248
RandomForest,RandomKFold,6,148,random_fold,1.107469549143329,1.1676437707386773
RandomForest,RandomKFold,6,162,random_fold,1.0807031661435151,1.0783499691332958
RandomForest,RandomKFold,6,164,random_fold,1.1142548528292844,1.0983642468690975
RandomForest,RandomKFold,6,169,random_fold,1.0395391195333212,1.031338561936679
RandomForest,RandomKFold,6,172,random_fold,0.9856830767426598,0.973682723666642
RandomForest,RandomKFold,6,173,random_fold,1.286486310423,1.3025875276514665
RandomForest,RandomKFold,6,181,random_fold,1.3110746711111705,1.2125992350417627
RandomForest,RandomKFold,6,185,random_fold,1.1882361240679107,1.1782239269015258
RandomForest,RandomKFold,6,193,random_fold,1.0922145091701283,1.0762570179990578
RandomForest,RandomKFold,6,212,random_fold,1.0578135988606152,1.1279705247810297
RandomForest,RandomKFold,6,214,random_fold,1.1048275365877536,1.1279705247810297
RandomForest,RandomKFold,6,226,random_fold,1.088953056461838,1.0845665294141227
RandomForest,RandomKFold,6,228,random_fold,1.0562450356984874,1.0902245103047088
RandomForest,RandomKFold,6,234,random_fold,1.1091183712584098,1.1597123753855423
RandomForest,RandomKFold,6,251,random_fold,1.0730584479748482,1.0659452550424136
RandomForest,RandomKFold,6,258,random_fold,1.0111810580343032,1.0513185928042588
RandomForest,RandomKFold,6,264,random_fold,1.0752462928972766,1.0882694440343754
RandomForest,RandomKFold,6,300,random_fold,1.250094356066993,1.2380662392771002
RandomForest,RandomKFold,6,326,random_fold,1.1469339218412573,1.2438698516065765
RandomForest,RandomKFold,6,329,random_fold,1.0087307049043397,1.1152912108436945
RandomForest,RandomKFold,6,338,random_fold,1.3434511412160852,1.3816173499481041
RandomForest,RandomKFold,6,347,random_fold,1.2786766813827724,1.2552667448085337
RandomForest,RandomKFold,6,357,random_fold,1.0712085131381346,1.2716962114951087
RandomForest,RandomKFold,6,360,random_fold,1.2204093047324287,1.2320367435375665
RandomForest,RandomKFold,6,364,random_fold,1.3287666544027426,1.2875286460453077
RandomForest,RandomKFold,6,366,random_fold,1.3834440469848879,1.3155190122708118
RandomForest,RandomKFold,6,372,random_fold,1.307463933260314,1.3141840615366076
RandomForest,RandomKFold,6,383,random_fold,1.2672884252356018,1.2894028954596606
RandomForest,RandomKFold,6,386,random_fold,1.2490609221562923,1.2928657744481902
RandomForest,RandomKFold,6,408,random_fold,1.0869105743635306,1.0934675385128825
RandomForest,RandomKFold,6,414,random_fold,1.200839968966233,1.1724485798940893
RandomForest,RandomKFold,6,421,random_fold,1.143938834802967,1.1214577945815039
RandomForest,RandomKFold,6,440,random_fold,1.244275159310521,1.19730698986552
RandomForest,RandomKFold,6,450,random_fold,1.1121276540275178,1.1512993290935065
RandomForest,RandomKFold,6,454,random_fold,1.2150073469027478,1.2122393350907243
RandomForest,RandomKFold,6,468,random_fold,1.2494831646191205,1.2242515232432263
RandomForest,RandomKFold,6,475,random_fold,1.1639612532058294,1.1535079767973127
RandomForest,RandomKFold,6,483,random_fold,1.097409187610453,1.1986322458865266
RandomForest,RandomKFold,6,491,random_fold,0.9842650644053778,1.0360681057907672
RandomForest,RandomKFold,6,495,random_fold,1.1680967901425083,1.15320378553962
RandomForest,RandomKFold,6,499,random_fold,1.0846139454825912,1.097187154689593
RandomForest,RandomKFold,6,504,random_fold,1.2664978046053803,1.2469741948794952
RandomForest,RandomKFold,6,507,random_fold,1.0614219390071202,1.0620060673676321
RandomForest,RandomKFold,6,516,random_fold,1.3991619939688698,1.3924693382304065
RandomForest,RandomKFold,6,518,random_fold,1.3377349217903196,1.3608830591860706
RandomForest,RandomKFold,6,525,random_fold,1.261950280076963,1.2206593128605756
RandomForest,RandomKFold,6,530,random_fold,1.1455487199286842,1.1501958023813077
RandomForest,RandomKFold,6,531,random_fold,1.1156002980635482,1.170336807307074
RandomForest,RandomKFold,6,568,random_fold,1.169989109233401,1.1993010832280806
RandomForest,RandomKFold,6,587,random_fold,1.0720181076632134,1.090823988425778
RandomForest,RandomKFold,6,652,random_fold,1.3569351531659213,1.1929410350906988
RandomForest,RandomKFold,6,657,random_fold,1.0294808161480307,1.246316059480772
RandomForest,RandomKFold,6,671,random_fold,1.3556201734388373,1.3106969545495923
RandomForest,RandomKFold,6,672,random_fold,1.305064619754932,1.2913191614724377
RandomForest,RandomKFold,6,692,random_fold,1.0192749456133143,0.9873499471712113
RandomForest,RandomKFold,6,704,random_fold,1.0208279872998902,1.0375181540167715
RandomForest,RandomKFold,6,711,random_fold,1.025037102173695,1.0476137832614099
RandomForest,RandomKFold,6,713,random_fold,1.0187432561830583,1.0022552731429792
RandomForest,RandomKFold,6,715,random_fold,0.9375664445830088,0.994911340941217
RandomForest,RandomKFold,6,717,random_fold,1.014571862655111,1.046563922627976
RandomForest,RandomKFold,6,732,random_fold,1.1658421700897874,1.145710903384098
RandomForest,RandomKFold,6,734,random_fold,1.178233226761944,1.1686976967418488
RandomForest,RandomKFold,6,765,random_fold,1.1024571061792323,1.1076609386833274
RandomForest,RandomKFold,6,772,random_fold,1.0060780212179845,1.080926790574328
RandomForest,RandomKFold,6,783,random_fold,1.0269803115082223,1.0344802328418703
RandomForest,RandomKFold,6,793,random_fold,0.9811458485379492,0.9976387996410123
RandomForest,RandomKFold,6,807,random_fold,0.9652392606034879,0.9659795444081968
RandomForest,RandomKFold,6,811,random_fold,1.1102016641673793,1.01498263913664
RandomForest,RandomKFold,6,820,random_fold,0.9634333717368522,0.9959567162903618
RandomForest,RandomKFold,6,826,random_fold,0.9411324124276237,0.9902727717376163
RandomForest,RandomKFold,6,850,random_fold,1.0519693298913266,1.0808755040904945
RandomForest,RandomKFold,6,859,random_fold,1.03016990286554,0.9643402701765096
RandomForest,RandomKFold,6,886,random_fold,1.032129114784921,1.026552441373679
RandomForest,RandomKFold,6,888,random_fold,1.0789717632003233,1.0320005677722963
RandomForest,RandomKFold,6,890,random_fold,0.9791720208339967,0.9993315336252512
RandomForest,RandomKFold,6,909,random_fold,1.1342010173952362,1.1062075363794597
RandomForest,RandomKFold,6,911,random_fold,0.9725536011753673,0.9714186813215729
RandomForest,RandomKFold,6,912,random_fold,0.9461037829982124,0.9711239155095295
RandomForest,RandomKFold,6,918,random_fold,1.1626380801722234,1.1310863330119294
RandomForest,RandomKFold,6,936,random_fold,0.993252096725488,0.9895911569307044
RandomForest,RandomKFold,6,939,random_fold,1.0366440172152274,0.9974694735526509
RandomForest,RandomKFold,6,940,random_fold,1.0214433304696096,0.9974694735526509
RandomForest,RandomKFold,6,941,random_fold,0.9539691075663137,0.9930804246139089
RandomForest,RandomKFold,6,942,random_fold,0.9587474569462622,0.9930804246139089
RandomForest,RandomKFold,6,945,random_fold,0.9752373220185467,0.9602653196579396
RandomForest,RandomKFold,6,949,random_fold,1.0943557382859803,1.0005118096399226
RandomForest,RandomKFold,6,990,random_fold,1.057035147624445,1.0961120638092794
RandomForest,RandomKFold,6,1001,random_fold,1.061843818670139,1.0480993103904144
RandomForest,RandomKFold,6,1008,random_fold,0.9526428798642774,1.0495288911701781
RandomForest,RandomKFold,6,1009,random_fold,0.9919510259607753,1.0228302957634932
RandomForest,RandomKFold,6,1023,random_fold,1.0685351660895612,1.0715682743807773
RandomForest,RandomKFold,6,1026,random_fold,1.0661003107829379,0.9852176765746178
RandomForest,RandomKFold,6,1039,random_fold,1.0332914360106042,1.1019435701270637
RandomForest,RandomKFold,6,1061,random_fold,1.0736011274166646,1.0712721508207548
RandomForest,RandomKFold,6,1063,random_fold,0.9704050533840679,0.9882132017170736
RandomForest,RandomKFold,6,1074,random_fold,1.0756310351027727,1.078240567998833
RandomForest,RandomKFold,6,1083,random_fold,1.1117531732571484,1.0981837601426925
RandomForest,RandomKFold,6,1090,random_fold,1.0746685761783692,1.0744723546792792
RandomForest,RandomKFold,6,1103,random_fold,1.1069890238910214,1.1444722010131603
RandomForest,RandomKFold,6,1105,random_fold,0.9923366351292071,0.9894312091538419
RandomForest,RandomKFold,6,1114,random_fold,0.925326410066718,0.9477814312148567
RandomForest,RandomKFold,6,1116,random_fold,0.8377371765066377,0.9375721928257578
RandomForest,RandomKFold,6,1143,random_fold,1.0980070627433665,1.0076592643613076
RandomForest,RandomKFold,6,1158,random_fold,1.3477910529547756,1.2200151285935923
RandomForest,RandomKFold,6,1171,random_fold,1.087347257855018,1.001631272882343
RandomForest,RandomKFold,6,1193,random_fold,1.1592896000500184,1.144686669323548
RandomForest,RandomKFold,6,1202,random_fold,1.0462743926616123,1.1343126535571193
RandomForest,RandomKFold,6,1208,random_fold,1.0039855380899558,1.090565895835649
RandomForest,RandomKFold,6,1225,random_fold,1.3379293134408992,1.308577015835809
RandomForest,RandomKFold,6,1244,random_fold,0.909388460644713,0.9617921178877679
RandomForest,RandomKFold,6,1251,random_fold,0.9071073459946644,0.9519080797679316
RandomForest,RandomKFold,6,1253,random_fold,1.0847931967159354,1.0921621618107238
RandomForest,RandomKFold,6,1265,random_fold,1.1779023413012728,1.1129397467537019
RandomForest,RandomKFold,6,1272,random_fold,1.1852436392627124,1.2008583668876207
RandomForest,RandomKFold,6,1286,random_fold,1.295253040402869,1.295356008967965
RandomForest,RandomKFold,6,1289,random_fold,1.23632053112742,1.2544414688307846
RandomForest,RandomKFold,6,1309,random_fold,1.673702401061257,1.4834398196282683
RandomForest,RandomKFold,7,11,random_fold,1.4674536778591962,1.4299696766327985
RandomForest,RandomKFold,7,15,random_fold,1.0826183073485136,1.2645772292593265
RandomForest,RandomKFold,7,18,random_fold,1.6319317139012608,1.3684272309906342
RandomForest,RandomKFold,7,22,random_fold,1.4921691275343623,1.5004390054063352
RandomForest,RandomKFold,7,36,random_fold,1.492578490002647,1.4393593273909449
RandomForest,RandomKFold,7,42,random_fold,1.3421211390482404,1.3792542778550294
RandomForest,RandomKFold,7,61,random_fold,1.1799450202643293,1.2070643663867333
RandomForest,RandomKFold,7,68,random_fold,1.0902659651428483,1.139377529217152
RandomForest,RandomKFold,7,74,random_fold,1.1244653966855374,1.2538039475234362
RandomForest,RandomKFold,7,75,random_fold,1.1417780689269297,1.2540967828326413
RandomForest,RandomKFold,7,85,random_fold,1.6091884169591473,1.4895424044135328
RandomForest,RandomKFold,7,89,random_fold,1.5858668456988698,1.51379828838413
RandomForest,RandomKFold,7,93,random_fold,1.1335223924401494,1.1864857248024798
RandomForest,RandomKFold,7,99,random_fold,1.1745460180645266,1.2993929514597564
RandomForest,RandomKFold,7,114,random_fold,1.1625214289484154,1.1912396568078205
RandomForest,RandomKFold,7,153,random_fold,1.2821536664107218,1.324548598314494
RandomForest,RandomKFold,7,159,random_fold,1.1906178718264686,1.094634756849582
RandomForest,RandomKFold,7,167,random_fold,1.1204789660010195,1.0048089725146092
RandomForest,RandomKFold,7,176,random_fold,1.2941569931453976,1.2441764999960119
RandomForest,RandomKFold,7,179,random_fold,1.1713924116936274,1.2690783609507215
RandomForest,RandomKFold,7,191,random_fold,1.0689531316442664,1.2336060878545738
RandomForest,RandomKFold,7,203,random_fold,1.1335926637173817,1.2822566155601527
RandomForest,RandomKFold,7,217,random_fold,0.9199068249691795,1.0375033217434761
RandomForest,RandomKFold,7,222,random_fold,1.2089867420544758,1.249648000367895
RandomForest,RandomKFold,7,232,random_fold,1.1760745433758346,1.2012717621687579
RandomForest,RandomKFold,7,257,random_fold,1.3374921789478076,1.260485759955964
RandomForest,RandomKFold,7,267,random_fold,1.0591913268808757,1.09344552296665
RandomForest,RandomKFold,7,272,random_fold,1.194274003208953,1.2552147808328646
RandomForest,RandomKFold,7,278,random_fold,1.1764299135533505,1.155894975122993
RandomForest,RandomKFold,7,284,random_fold,1.0361031902781668,1.0315088924844777
RandomForest,RandomKFold,7,324,random_fold,0.9339257495170827,1.085160231033029
RandomForest,RandomKFold,7,335,random_fold,1.2631163095652482,1.2492678239114328
RandomForest,RandomKFold,7,340,random_fold,1.4131294140157122,1.3675412108476168
RandomForest,RandomKFold,7,356,random_fold,1.220907275112158,1.2733563145101723
RandomForest,RandomKFold,7,368,random_fold,1.2343448087834648,1.263102600964802
RandomForest,RandomKFold,7,375,random_fold,1.2098260052479615,1.2436015289115634
RandomForest,RandomKFold,7,393,random_fold,1.2673463190737095,1.2722600563504667
RandomForest,RandomKFold,7,395,random_fold,1.2823788993562046,1.3089225698634182
RandomForest,RandomKFold,7,396,random_fold,1.235038553303725,1.312989695503477
RandomForest,RandomKFold,7,412,random_fold,1.1633442640197864,1.178682635419414
RandomForest,RandomKFold,7,416,random_fold,1.209479105433616,1.1710894618557537
RandomForest,RandomKFold,7,417,random_fold,1.108420440267482,1.1057731563572144
RandomForest,RandomKFold,7,419,random_fold,1.0705333436865083,1.1057731563572144
RandomForest,RandomKFold,7,426,random_fold,1.2950278181808799,1.2323974934194157
RandomForest,RandomKFold,7,431,random_fold,1.1932738406000005,1.191920669001873
RandomForest,RandomKFold,7,434,random_fold,1.1383551696124758,1.1619088316119273
RandomForest,RandomKFold,7,444,random_fold,1.0980365335263236,1.1389649368807944
RandomForest,RandomKFold,7,456,random_fold,1.198140263818663,1.1967609226832865
RandomForest,RandomKFold,7,498,random_fold,1.0616452868758604,1.1336836600131823
RandomForest,RandomKFold,7,500,random_fold,1.0813816522675768,1.098900587569473
RandomForest,RandomKFold,7,515,random_fold,1.4154313194801356,1.387081597851628
RandomForest,RandomKFold,7,521,random_fold,1.4600404038278534,1.4114188703651362
RandomForest,RandomKFold,7,544,random_fold,1.2679319917387057,1.2769429058595423
RandomForest,RandomKFold,7,547,random_fold,1.2313271775294552,1.2294936974689692
RandomForest,RandomKFold,7,555,random_fold,1.24744725501182,1.2409062148057257
RandomForest,RandomKFold,7,576,random_fold,1.419519117076611,1.3773679495623585
RandomForest,RandomKFold,7,595,random_fold,1.1121008667663637,1.109227539809148
RandomForest,RandomKFold,7,601,random_fold,1.4600404038278534,1.4114188703651362
RandomForest,RandomKFold,7,604,random_fold,1.3597925128136246,1.298849274876978
RandomForest,RandomKFold,7,607,random_fold,1.2913700832474397,1.315743798664739
RandomForest,RandomKFold,7,611,random_fold,1.4530112728655133,1.3738042978153797
RandomForest,RandomKFold,7,616,random_fold,1.290747621841903,1.2811617115218552
RandomForest,RandomKFold,7,662,random_fold,1.271291189652216,1.2931086919703827
RandomForest,RandomKFold,7,674,random_fold,1.06953698397908,1.0692699883463197
RandomForest,RandomKFold,7,675,random_fold,1.0716465243814055,1.0692699883463197
RandomForest,RandomKFold,7,688,random_fold,0.9595862668053858,0.9487109809062776
RandomForest,RandomKFold,7,689,random_fold,0.9884695799780571,0.943920943150479
RandomForest,RandomKFold,7,690,random_fold,1.0401008214518896,0.9427528456638182
RandomForest,RandomKFold,7,694,random_fold,0.9972231171660454,0.937516454942285
RandomForest,RandomKFold,7,696,random_fold,1.003832816207337,0.941018387495877
RandomForest,RandomKFold,7,728,random_fold,1.0752776543097362,1.094868567670894
RandomForest,RandomKFold,7,733,random_fold,1.1283652605741799,1.152605710728986
RandomForest,RandomKFold,7,735,random_fold,1.0525255794086772,1.070254575908427
RandomForest,RandomKFold,7,738,random_fold,1.1062335799398673,1.068521326085294
RandomForest,RandomKFold,7,753,random_fold,1.0530510315036463,1.0813582165166666
RandomForest,RandomKFold,7,757,random_fold,1.0887674041182602,1.1419148432593804
RandomForest,RandomKFold,7,760,random_fold,0.9619250510688471,1.0625218412276858
RandomForest,RandomKFold,7,761,random_fold,1.078542207069355,1.1208373685950588
RandomForest,RandomKFold,7,768,random_fold,1.021949623879001,1.0792515241705392
RandomForest,RandomKFold,7,825,random_fold,1.1329344052767332,1.0118373279841895
RandomForest,RandomKFold,7,834,random_fold,1.0196320492867985,1.060941936769455
RandomForest,RandomKFold,7,836,random_fold,1.0407980809427315,1.063820157811878
RandomForest,RandomKFold,7,841,random_fold,1.1585624934929537,1.1319628994080042
RandomForest,RandomKFold,7,851,random_fold,1.0970795069878672,1.0591463301740942
RandomForest,RandomKFold,7,895,random_fold,1.1978827880874945,1.0303006595745914
RandomForest,RandomKFold,7,901,random_fold,0.9636221469263134,0.9772597603957233
RandomForest,RandomKFold,7,914,random_fold,0.9597213367058176,1.0026890144637042
RandomForest,RandomKFold,7,937,random_fold,1.0676667540270077,1.003222714726641
RandomForest,RandomKFold,7,938,random_fold,0.9453792685496535,1.0029422878810665
RandomForest,RandomKFold,7,948,random_fold,0.9698420449722289,0.9639878598894878
RandomForest,RandomKFold,7,953,random_fold,0.9018372812243303,0.9666798784193105
RandomForest,RandomKFold,7,966,random_fold,0.9123369894648089,0.9357157531123848
RandomForest,RandomKFold,7,976,random_fold,0.936394006549135,0.9912866066498283
RandomForest,RandomKFold,7,983,random_fold,1.0028090731484485,1.079759856882657
RandomForest,RandomKFold,7,991,random_fold,1.1043971509346107,1.1345029084312763
RandomForest,RandomKFold,7,996,random_fold,1.1357362568025868,1.0498030877320443
RandomForest,RandomKFold,7,1003,random_fold,0.9992604592196085,1.0540348166411735
RandomForest,RandomKFold,7,1011,random_fold,1.027009289900049,1.021587174592961
RandomForest,RandomKFold,7,1027,random_fold,0.9387652448379797,1.0126503666262578
RandomForest,RandomKFold,7,1029,random_fold,1.0112049579971234,1.0034365384351573
RandomForest,RandomKFold,7,1036,random_fold,1.117845512414363,1.0953643572166198
RandomForest,RandomKFold,7,1048,random_fold,1.0693082049751925,1.0343704118319363
RandomForest,RandomKFold,7,1050,random_fold,1.2221632272477025,1.116679006146911
RandomForest,RandomKFold,7,1053,random_fold,1.1919078539727965,1.1184076945124481
RandomForest,RandomKFold,7,1062,random_fold,0.969207057455586,0.9755818093631388
RandomForest,RandomKFold,7,1066,random_fold,0.8387217321114282,0.9722950916584119
RandomForest,RandomKFold,7,1073,random_fold,1.0955063337593287,1.094634546772969
RandomForest,RandomKFold,7,1094,random_fold,1.1217744716652154,1.0643086927602288
RandomForest,RandomKFold,7,1111,random_fold,1.0226716272060077,1.0510091222818312
RandomForest,RandomKFold,7,1119,random_fold,1.0088207083234033,1.0328079373661643
RandomForest,RandomKFold,7,1121,random_fold,0.8984704650298727,0.9586932320675245
RandomForest,RandomKFold,7,1145,random_fold,0.956328732066803,1.0195022744915294
RandomForest,RandomKFold,7,1149,random_fold,1.2425629198117052,1.1632383201048293
RandomForest,RandomKFold,7,1150,random_fold,1.1950105950934535,1.1632383201048293
RandomForest,RandomKFold,7,1159,random_fold,1.1091406115462894,1.0588490621234696
RandomForest,RandomKFold,7,1161,random_fold,0.8642582113774562,1.0550426824389336
RandomForest,RandomKFold,7,1170,random_fold,1.0379655867083115,1.0582851799012334
RandomForest,RandomKFold,7,1201,random_fold,1.1073420862539893,1.1221778016651447
RandomForest,RandomKFold,7,1211,random_fold,1.1145638976781345,1.1038266269570278
RandomForest,RandomKFold,7,1219,random_fold,1.2213641571992742,1.2842738196248624
RandomForest,RandomKFold,7,1232,random_fold,1.2416090164603064,1.1453078245556767
RandomForest,RandomKFold,7,1233,random_fold,1.2906003436943214,1.143577629222603
RandomForest,RandomKFold,7,1236,random_fold,1.2598848117446926,1.2673345831389764
RandomForest,RandomKFold,7,1237,random_fold,1.2577969075705766,1.281530087196044
RandomForest,RandomKFold,7,1256,random_fold,0.9602399654990533,0.978597188928649
RandomForest,RandomKFold,7,1259,random_fold,1.1465924174971283,1.0920125045223374
RandomForest,RandomKFold,7,1276,random_fold,1.1197725642725351,1.1077464368890269
RandomForest,RandomKFold,7,1288,random_fold,1.2380719713391037,1.1393967581223716
RandomForest,RandomKFold,7,1295,random_fold,1.0637062917676785,1.0640671450321895
RandomForest,RandomKFold,7,1310,random_fold,1.4504661804850634,1.3909582534728824
RandomForest,RandomKFold,7,1314,random_fold,1.3778941259096227,1.3398513451355936
RandomForest,RandomKFold,8,4,random_fold,1.1885006010953671,1.3322762251144016
RandomForest,RandomKFold,8,17,random_fold,1.1637753447505323,1.2132894851588285
RandomForest,RandomKFold,8,19,random_fold,1.3276641484172347,1.4243516731417756
RandomForest,RandomKFold,8,35,random_fold,1.4381930389499191,1.4601135689797535
RandomForest,RandomKFold,8,46,random_fold,1.29369709898338,1.2942229213362146
RandomForest,RandomKFold,8,50,random_fold,1.4101486999859876,1.3722146447299568
RandomForest,RandomKFold,8,52,random_fold,1.2737250118012968,1.3722146447299568
RandomForest,RandomKFold,8,57,random_fold,1.237829191229898,1.253640160219237
RandomForest,RandomKFold,8,102,random_fold,1.3409138971075678,1.3656137839851477
RandomForest,RandomKFold,8,105,random_fold,1.1903663852361177,1.2223994929550352
RandomForest,RandomKFold,8,116,random_fold,1.29099968277919,1.2757965005554959
RandomForest,RandomKFold,8,117,random_fold,1.1099273964897634,1.0948736822184002
RandomForest,RandomKFold,8,119,random_fold,1.2151621017721754,1.2403093023316336
RandomForest,RandomKFold,8,124,random_fold,1.467514509626967,1.4871670243610657
RandomForest,RandomKFold,8,126,random_fold,1.1912303239548843,1.3262552271305932
RandomForest,RandomKFold,8,127,random_fold,1.1855032550897164,1.3262552271305932
RandomForest,RandomKFold,8,142,random_fold,0.8931877807248213,0.9893410724257211
RandomForest,RandomKFold,8,149,random_fold,1.2810263872377974,1.251855854193109
RandomForest,RandomKFold,8,154,random_fold,1.3385969464427043,1.3022028195100706
RandomForest,RandomKFold,8,180,random_fold,1.2529089649586223,1.2299535021122727
RandomForest,RandomKFold,8,188,random_fold,1.413166849593796,1.349556503448102
RandomForest,RandomKFold,8,190,random_fold,1.358950340257126,1.4182813098256617
RandomForest,RandomKFold,8,195,random_fold,1.2349035942484818,1.284723980897013
RandomForest,RandomKFold,8,236,random_fold,1.1527340236652242,1.153339075453201
RandomForest,RandomKFold,8,245,random_fold,1.3121377067956377,1.2900222716914407
RandomForest,RandomKFold,8,263,random_fold,1.0706406990125703,1.0666365903754145
RandomForest,RandomKFold,8,268,random_fold,1.4747177354069476,1.341578478233524
RandomForest,RandomKFold,8,271,random_fold,1.208662846621109,1.2640595750298995
RandomForest,RandomKFold,8,301,random_fold,1.255615974247501,1.23807069383789
RandomForest,RandomKFold,8,304,random_fold,1.2126169570239147,1.2476357511011644
RandomForest,RandomKFold,8,313,random_fold,1.1670455196309601,1.1467339480209997
RandomForest,RandomKFold,8,320,random_fold,1.073027843573812,1.0965320230706739
RandomForest,RandomKFold,8,341,random_fold,1.4090014799922972,1.3648018583125687
RandomForest,RandomKFold,8,349,random_fold,1.3212615545224988,1.3396383176472195
RandomForest,RandomKFold,8,353,random_fold,1.2269958514308963,1.189285712178947
RandomForest,RandomKFold,8,369,random_fold,1.4019339057226425,1.369952772357893
RandomForest,RandomKFold,8,399,random_fold,1.1456366091921784,1.1614238931887229
RandomForest,RandomKFold,8,407,random_fold,1.0361031902781668,1.0333780655480034
RandomForest,RandomKFold,8,443,random_fold,1.2193656335090768,1.2644443471682008
RandomForest,RandomKFold,8,446,random_fold,1.1254903843034576,1.2534942863464058
RandomForest,RandomKFold,8,470,random_fold,1.2417298628121878,1.2239056110480135
RandomForest,RandomKFold,8,473,random_fold,1.2814067423059525,1.2536056428625975
RandomForest,RandomKFold,8,487,random_fold,1.122012685118459,1.0919951628320173
RandomForest,RandomKFold,8,489,random_fold,1.0637998792821723,1.064054778115662
RandomForest,RandomKFold,8,496,random_fold,1.1555366096033417,1.1670015932080802
RandomForest,RandomKFold,8,505,random_fold,1.1509658965396408,1.1026488020875873
RandomForest,RandomKFold,8,511,random_fold,1.2763529435507894,1.2611256939150715
RandomForest,RandomKFold,8,512,random_fold,1.246315770469367,1.257540193671789
RandomForest,RandomKFold,8,537,random_fold,1.1118741096181768,1.1083481061991427
RandomForest,RandomKFold,8,559,random_fold,1.3099147850734096,1.3397767368304931
RandomForest,RandomKFold,8,569,random_fold,1.4822375104324539,1.3383522986040168
RandomForest,RandomKFold,8,571,random_fold,1.1955313826950031,1.3772401868195145
RandomForest,RandomKFold,8,574,random_fold,1.4594150567682838,1.4577768430996736
RandomForest,RandomKFold,8,580,random_fold,1.1189148124866442,1.1094168261880686
RandomForest,RandomKFold,8,603,random_fold,1.1982356859759895,1.3066216039373513
RandomForest,RandomKFold,8,606,random_fold,1.3100033270154159,1.3326756770892345
RandomForest,RandomKFold,8,619,random_fold,1.3199099921891184,1.321447707732038
RandomForest,RandomKFold,8,625,random_fold,1.2617665934601323,1.3223900080700879
RandomForest,RandomKFold,8,633,random_fold,1.2966698880718244,1.2665781526394084
RandomForest,RandomKFold,8,635,random_fold,1.3040760471428814,1.2475664657195622
RandomForest,RandomKFold,8,637,random_fold,1.2280509343017207,1.2272298047817232
RandomForest,RandomKFold,8,653,random_fold,1.0862451776135187,1.2511971583625614
RandomForest,RandomKFold,8,655,random_fold,1.130075412633195,1.2934424552785833
RandomForest,RandomKFold,8,656,random_fold,1.3167453220865304,1.2243849262333348
RandomForest,RandomKFold,8,664,random_fold,1.1975931496723773,1.2792203855271767
RandomForest,RandomKFold,8,669,random_fold,1.3665698621385245,1.4390175893357857
RandomForest,RandomKFold,8,684,random_fold,0.9632749833968759,0.9563549918889942
RandomForest,RandomKFold,8,685,random_fold,0.8908545915693714,0.9774973176336462
RandomForest,RandomKFold,8,691,random_fold,0.9186291926691872,0.9647804459380427
RandomForest,RandomKFold,8,697,random_fold,0.9125752874612155,0.9577767862361743
RandomForest,RandomKFold,8,703,random_fold,0.9081053698399476,0.9360498938075081
RandomForest,RandomKFold,8,726,random_fold,1.0456940551391063,1.0965833096425535
RandomForest,RandomKFold,8,740,random_fold,1.1790389398250496,1.135964151142433
RandomForest,RandomKFold,8,750,random_fold,1.0946276409912032,1.0833794390332203
RandomForest,RandomKFold,8,758,random_fold,1.1314321213749883,1.1168016365314457
RandomForest,RandomKFold,8,773,random_fold,1.055724814851753,1.0850966121932333
RandomForest,RandomKFold,8,782,random_fold,1.1807084712317466,1.0944977838673722
RandomForest,RandomKFold,8,784,random_fold,1.10977600159026,1.0100526033780015
RandomForest,RandomKFold,8,786,random_fold,0.9789157460188382,1.0084819554137718
RandomForest,RandomKFold,8,789,random_fold,0.8928235053842986,1.0146747085847196
RandomForest,RandomKFold,8,790,random_fold,0.875557267369265,0.9875131248228614
RandomForest,RandomKFold,8,799,random_fold,0.9220788144923887,0.9371611369124271
RandomForest,RandomKFold,8,801,random_fold,1.0271484100762487,1.0177444754782783
RandomForest,RandomKFold,8,819,random_fold,1.0741512924941898,1.0010886619560377
RandomForest,RandomKFold,8,822,random_fold,0.931234772797198,0.9707046537713295
RandomForest,RandomKFold,8,824,random_fold,1.0388927642676498,1.0214857490856974
RandomForest,RandomKFold,8,827,random_fold,0.9918723486339667,1.0303532888541245
RandomForest,RandomKFold,8,829,random_fold,1.171871390093672,1.1465227430101477
RandomForest,RandomKFold,8,830,random_fold,1.166085946843375,1.1443838470959746
RandomForest,RandomKFold,8,833,random_fold,1.1952074462688937,1.1702088824560384
RandomForest,RandomKFold,8,837,random_fold,1.0690124867514201,1.04580082041273
RandomForest,RandomKFold,8,853,random_fold,1.0761624685675317,1.0261921063014796
RandomForest,RandomKFold,8,866,random_fold,1.191930752104441,1.1163406300261627
RandomForest,RandomKFold,8,876,random_fold,0.9473829264371512,0.9691201461830994
RandomForest,RandomKFold,8,882,random_fold,0.8444311413094356,0.9587276390206693
RandomForest,RandomKFold,8,884,random_fold,1.0624619296755353,1.0183448409440268
RandomForest,RandomKFold,8,902,random_fold,0.9571682118876519,0.9723714596172889
RandomForest,RandomKFold,8,907,random_fold,1.0022809398393806,0.9903312455405401
RandomForest,RandomKFold,8,920,random_fold,1.0897359081900724,1.1459871263266708
RandomForest,RandomKFold,8,927,random_fold,1.0817848073954621,1.0733830932523944
RandomForest,RandomKFold,8,935,random_fold,0.9506533800098477,1.0070103473734053
RandomForest,RandomKFold,8,950,random_fold,1.0026819591625475,1.0439819357261477
RandomForest,RandomKFold,8,958,random_fold,0.9334605218571529,0.9145259992856373
RandomForest,RandomKFold,8,961,random_fold,1.0812600980900875,1.0474663885113353
RandomForest,RandomKFold,8,971,random_fold,0.9897574123989218,1.0378130562000545
RandomForest,RandomKFold,8,980,random_fold,1.1624427296716513,1.1395330938689703
RandomForest,RandomKFold,8,992,random_fold,0.9700038886888239,1.0525321667626988
RandomForest,RandomKFold,8,1005,random_fold,1.0111450656120797,1.010717279552737
RandomForest,RandomKFold,8,1035,random_fold,1.184097740810853,1.08069707940171
RandomForest,RandomKFold,8,1092,random_fold,1.0767282149381492,1.1097112552272212
RandomForest,RandomKFold,8,1098,random_fold,1.0328141890843778,1.0548087087744442
RandomForest,RandomKFold,8,1108,random_fold,1.1044520945092842,1.047392398490743
RandomForest,RandomKFold,8,1113,random_fold,0.9271998598645403,0.958251038147215
RandomForest,RandomKFold,8,1118,random_fold,1.08597259320373,1.0371308390799456
RandomForest,RandomKFold,8,1137,random_fold,1.3910278943656207,1.327938101417141
RandomForest,RandomKFold,8,1138,random_fold,1.2494401288866919,1.1731695113024285
RandomForest,RandomKFold,8,1147,random_fold,1.2459290652252117,1.1888398761761187
RandomForest,RandomKFold,8,1169,random_fold,1.0023292495692915,1.0554932488887734
RandomForest,RandomKFold,8,1175,random_fold,1.0777567524146088,1.0824186921442736
RandomForest,RandomKFold,8,1178,random_fold,1.1544495750720332,1.091807656719935
RandomForest,RandomKFold,8,1179,random_fold,1.3329145252832497,1.2356730425452125
RandomForest,RandomKFold,8,1190,random_fold,1.3263049781030598,1.2552719347866526
RandomForest,RandomKFold,8,1192,random_fold,1.1505403268106362,1.128180211390336
RandomForest,RandomKFold,8,1200,random_fold,1.0965491311483904,1.089067627023511
RandomForest,RandomKFold,8,1254,random_fold,1.0481566093914891,1.0259010554783996
RandomForest,RandomKFold,8,1260,random_fold,1.0653350438621676,1.0340305301399169
RandomForest,RandomKFold,8,1263,random_fold,0.948673738325425,0.9743205054314287
RandomForest,RandomKFold,8,1270,random_fold,1.2418488513599957,1.2236050795636764
RandomForest,RandomKFold,8,1285,random_fold,1.237140156243384,1.22833620508362
RandomForest,RandomKFold,8,1291,random_fold,1.2664965801050374,1.2750503292724942
RandomForest,RandomKFold,8,1313,random_fold,1.395855754418989,1.5184058590726146
RandomForest,RandomKFold,9,1,random_fold,1.3349612685944154,1.3622254351925769
RandomForest,RandomKFold,9,8,random_fold,1.3643470141328815,1.3267008860372198
RandomForest,RandomKFold,9,16,random_fold,1.0849112127568281,1.205242683014394
RandomForest,RandomKFold,9,26,random_fold,1.29369709898338,1.3081152899991806
RandomForest,RandomKFold,9,37,random_fold,1.3441586522640874,1.2929574032649007
RandomForest,RandomKFold,9,53,random_fold,1.2789720767314772,1.3785345199786925
RandomForest,RandomKFold,9,95,random_fold,1.6658337551905438,1.5305593619776994
RandomForest,RandomKFold,9,103,random_fold,1.3629865538500792,1.3703142015018719
RandomForest,RandomKFold,9,112,random_fold,1.1545821157977425,1.1975751950017064
RandomForest,RandomKFold,9,122,random_fold,1.41906220373456,1.3381835128718378
RandomForest,RandomKFold,9,143,random_fold,0.9581462564107918,0.9537979578738381
RandomForest,RandomKFold,9,146,random_fold,1.129642474986806,1.104822773641333
RandomForest,RandomKFold,9,150,random_fold,1.2784579132784233,1.2347346882302297
RandomForest,RandomKFold,9,151,random_fold,1.2598364770729615,1.2347346882302297
RandomForest,RandomKFold,9,152,random_fold,1.3504797422389112,1.2966936563129225
RandomForest,RandomKFold,9,157,random_fold,1.3558105508563052,1.3563896869904106
RandomForest,RandomKFold,9,160,random_fold,1.058400961814554,1.0830141841876486
RandomForest,RandomKFold,9,186,random_fold,1.3048820805856924,1.39182390161403
RandomForest,RandomKFold,9,197,random_fold,1.1669018109493594,1.255843315719993
RandomForest,RandomKFold,9,202,random_fold,0.9422252893538012,1.0988669460016682
RandomForest,RandomKFold,9,207,random_fold,1.2488732735869459,1.2610526219310507
RandomForest,RandomKFold,9,219,random_fold,0.9128790547507792,0.965769621569931
RandomForest,RandomKFold,9,225,random_fold,1.1483515854741868,1.15223064428015
RandomForest,RandomKFold,9,229,random_fold,1.1723103813258327,1.3487408985774847
RandomForest,RandomKFold,9,246,random_fold,1.2989281177447332,1.2858771382426644
RandomForest,RandomKFold,9,253,random_fold,1.0492127046865183,1.071736150338898
RandomForest,RandomKFold,9,262,random_fold,1.0669773425293771,1.0652947832285142
RandomForest,RandomKFold,9,279,random_fold,1.158563920860915,1.1085696584029803
RandomForest,RandomKFold,9,283,random_fold,1.0783931164119696,1.0245925660132884
RandomForest,RandomKFold,9,293,random_fold,1.209479105433616,1.1723218774073327
RandomForest,RandomKFold,9,317,random_fold,1.2956542484866285,1.2038047934590275
RandomForest,RandomKFold,9,345,random_fold,1.1558303740888456,1.184066238407669
RandomForest,RandomKFold,9,384,random_fold,1.291555198923066,1.2740133177982171
RandomForest,RandomKFold,9,400,random_fold,1.1575768700669187,1.1587765607743392
RandomForest,RandomKFold,9,402,random_fold,1.158563920860915,1.1085696584029803
RandomForest,RandomKFold,9,403,random_fold,1.0769816123297524,1.1085696584029803
RandomForest,RandomKFold,9,437,random_fold,1.1285449094648452,1.2189518251856806
RandomForest,RandomKFold,9,441,random_fold,1.2059882136778968,1.251546389368609
RandomForest,RandomKFold,9,452,random_fold,1.25195418927106,1.2735846493352048
RandomForest,RandomKFold,9,463,random_fold,1.2523021338937257,1.2810037659435136
RandomForest,RandomKFold,9,469,random_fold,1.2330886261133327,1.22507002529949
RandomForest,RandomKFold,9,472,random_fold,1.261434568255463,1.2705623863438915
RandomForest,RandomKFold,9,476,random_fold,1.1683730857239734,1.1460044579792288
RandomForest,RandomKFold,9,484,random_fold,1.12554788472867,1.1846457329652251
RandomForest,RandomKFold,9,488,random_fold,1.1015644821562767,1.1060011354320898
RandomForest,RandomKFold,9,509,random_fold,1.2207707577349554,1.2578934734911589
RandomForest,RandomKFold,9,517,random_fold,1.3422696164404564,1.3631413056781647
RandomForest,RandomKFold,9,524,random_fold,1.3551804572773791,1.3297882123209859
RandomForest,RandomKFold,9,540,random_fold,1.136360554615098,1.2264764878567764
RandomForest,RandomKFold,9,546,random_fold,1.1939933015828132,1.2496529742175122
RandomForest,RandomKFold,9,550,random_fold,1.2045657462863062,1.2339975481084833
RandomForest,RandomKFold,9,556,random_fold,1.2255351324166173,1.1811127190666983
RandomForest,RandomKFold,9,577,random_fold,1.4377180801160547,1.3677673214817767
RandomForest,RandomKFold,9,586,random_fold,1.07813229112156,1.073300564555708
RandomForest,RandomKFold,9,608,random_fold,1.4978151073335477,1.3204734793215545
RandomForest,RandomKFold,9,623,random_fold,1.3180270589589476,1.326863572028312
RandomForest,RandomKFold,9,627,random_fold,1.3313087177790965,1.3161232122681918
RandomForest,RandomKFold,9,632,random_fold,1.3204525886930352,1.2333250168951708
RandomForest,RandomKFold,9,639,random_fold,1.2478356905643953,1.2711991770236102
RandomForest,RandomKFold,9,640,random_fold,1.2598277046755322,1.2711991770236102
RandomForest,RandomKFold,9,641,random_fold,1.2968281953681047,1.2853040739923152
RandomForest,RandomKFold,9,645,random_fold,1.275484545351331,1.314600327337874
RandomForest,RandomKFold,9,648,random_fold,1.2110363638509196,1.2059448659350656
RandomForest,RandomKFold,9,658,random_fold,1.4071107610604239,1.262212985201915
RandomForest,RandomKFold,9,659,random_fold,1.3379552763636882,1.2740565782026938
RandomForest,RandomKFold,9,663,random_fold,1.2934006016461677,1.290446284891474
RandomForest,RandomKFold,9,681,random_fold,0.9291387514086493,0.9733234062034612
RandomForest,RandomKFold,9,687,random_fold,0.9585829643136233,0.9533944713539174
RandomForest,RandomKFold,9,698,random_fold,1.027009289900049,1.0243915822882876
RandomForest,RandomKFold,9,709,random_fold,1.1173887074432522,1.0828641870935893
RandomForest,RandomKFold,9,748,random_fold,1.1771886232882982,1.1326107803411234
RandomForest,RandomKFold,9,749,random_fold,1.0977030977502156,1.072082960369457
RandomForest,RandomKFold,9,751,random_fold,1.1850025214136133,1.118357165842629
RandomForest,RandomKFold,9,795,random_fold,0.9736418269527575,1.0094196840290635
RandomForest,RandomKFold,9,797,random_fold,0.9206606879660199,0.941876216852115
RandomForest,RandomKFold,9,800,random_fold,0.8870355863052073,0.9326624221769475
RandomForest,RandomKFold,9,821,random_fold,1.0345841173826607,0.9921479443206591
RandomForest,RandomKFold,9,835,random_fold,0.9835206606525958,1.0392473275756253
RandomForest,RandomKFold,9,854,random_fold,0.9627957798198005,1.0355778881993893
RandomForest,RandomKFold,9,877,random_fold,0.9684181003943355,0.9822325770142935
RandomForest,RandomKFold,9,880,random_fold,1.0002418711918832,0.927766097192849
RandomForest,RandomKFold,9,883,random_fold,1.0117260936994958,1.054080936883288
RandomForest,RandomKFold,9,896,random_fold,1.1568827981182246,1.0904076556761395
RandomForest,RandomKFold,9,913,random_fold,0.9940345411632843,0.9936734480365841
RandomForest,RandomKFold,9,928,random_fold,1.095315901510855,1.0732520347690537
RandomForest,RandomKFold,9,951,random_fold,0.988611194444879,1.0008927401185257
RandomForest,RandomKFold,9,954,random_fold,0.9441617745669884,0.9469461187437118
RandomForest,RandomKFold,9,956,random_fold,0.9200860007943283,0.9213752656484544
RandomForest,RandomKFold,9,959,random_fold,0.9875761105330192,1.0164684726617974
RandomForest,RandomKFold,9,972,random_fold,0.987601078167116,1.0347375797791944
RandomForest,RandomKFold,9,981,random_fold,1.0400412747465217,1.1080049790259376
RandomForest,RandomKFold,9,1012,random_fold,1.0482746914157164,1.0067533786463365
RandomForest,RandomKFold,9,1014,random_fold,1.009696035613673,1.1028923873269951
RandomForest,RandomKFold,9,1019,random_fold,1.0699117480825364,1.068039105840011
RandomForest,RandomKFold,9,1045,random_fold,0.9779685242523313,1.0376699548183714
RandomForest,RandomKFold,9,1059,random_fold,1.0471337200171809,1.0203114920353709
RandomForest,RandomKFold,9,1060,random_fold,1.077129234081617,1.081182468423422
RandomForest,RandomKFold,9,1102,random_fold,1.1143853870796028,1.1614988267978688
RandomForest,RandomKFold,9,1106,random_fold,0.9610692058037282,1.0113918508557813
RandomForest,RandomKFold,9,1107,random_fold,0.9423152285064474,1.0113918508557813
RandomForest,RandomKFold,9,1109,random_fold,1.114995539845314,1.048123843148202
RandomForest,RandomKFold,9,1120,random_fold,1.0115521801627119,1.0276011876126352
RandomForest,RandomKFold,9,1127,random_fold,1.0737288534035496,1.1636507209360485
RandomForest,RandomKFold,9,1133,random_fold,1.1076538497478212,1.15054956825949
RandomForest,RandomKFold,9,1136,random_fold,1.0662309050346463,1.1219626263065323
RandomForest,RandomKFold,9,1141,random_fold,1.1054702040301776,1.073708206221731
RandomForest,RandomKFold,9,1160,random_fold,1.035857858430026,1.0013620791003648
RandomForest,RandomKFold,9,1167,random_fold,1.1614286895421577,1.1460886040666802
RandomForest,RandomKFold,9,1186,random_fold,0.9262672594881625,1.0229268109396032
RandomForest,RandomKFold,9,1188,random_fold,1.1173435891703658,1.1182372072945068
RandomForest,RandomKFold,9,1195,random_fold,0.8713274711953296,1.0057350081343976
RandomForest,RandomKFold,9,1196,random_fold,1.0801872300676738,1.0773986138965805
RandomForest,RandomKFold,9,1203,random_fold,1.1043150678241378,1.132598688048537
RandomForest,RandomKFold,9,1204,random_fold,1.0485141237887667,1.0543361198340118
RandomForest,RandomKFold,9,1209,random_fold,1.1134140776413095,1.0860000020262728
RandomForest,RandomKFold,9,1214,random_fold,0.9844503918635705,1.0698099136692856
RandomForest,RandomKFold,9,1217,random_fold,1.321493870216924,1.2872524294505165
RandomForest,RandomKFold,9,1226,random_fold,1.2423862448572742,1.2466913838623126
RandomForest,RandomKFold,9,1235,random_fold,1.2710402038367952,1.2613577381819037
RandomForest,RandomKFold,9,1239,random_fold,1.2975117691225708,1.2670809804903493
RandomForest,RandomKFold,9,1240,random_fold,1.141933929553526,1.1145947924604935
RandomForest,RandomKFold,9,1243,random_fold,0.9882674121009779,0.9970975031656009
RandomForest,RandomKFold,9,1245,random_fold,0.9206280817945109,0.9690562910570552
RandomForest,RandomKFold,9,1250,random_fold,0.9058718141236114,0.9349553171934133
RandomForest,RandomKFold,9,1257,random_fold,0.9387466497094197,0.9846188434292005
RandomForest,RandomKFold,9,1279,random_fold,1.1148026517648044,1.1834790911428328
RandomForest,RandomKFold,9,1283,random_fold,1.3332421845351963,1.3320099153208407
RandomForest,RandomKFold,9,1287,random_fold,1.264472988216988,1.2629125774425503
RandomForest,RandomKFold,9,1293,random_fold,0.9825365769244127,1.0388455276537794
RandomForest,RandomKFold,9,1303,random_fold,1.5324427576719262,1.5115424187402196
RandomForest,RandomKFold,9,1307,random_fold,1.430059902278322,1.4255242070752012
RandomForest,RandomKFold,10,13,random_fold,1.515927538484468,1.447825547318137
RandomForest,RandomKFold,10,14,random_fold,1.6861597871119034,1.325876560369637
RandomForest,RandomKFold,10,20,random_fold,1.3565264125132614,1.3864827932014945
RandomForest,RandomKFold,10,21,random_fold,1.4888007999327044,1.4945452109754194
RandomForest,RandomKFold,10,34,random_fold,1.4321502110551712,1.4897596943886506
RandomForest,RandomKFold,10,40,random_fold,1.2972783209180534,1.3172130574965948
RandomForest,RandomKFold,10,64,random_fold,1.3422293809326749,1.2803371781867847
RandomForest,RandomKFold,10,87,random_fold,1.414841989790168,1.5810107234791402
RandomForest,RandomKFold,10,91,random_fold,1.5664322029819717,1.4914549440197473
RandomForest,RandomKFold,10,98,random_fold,1.4886865879052946,1.3832959139730234
RandomForest,RandomKFold,10,121,random_fold,1.5859443982167336,1.4426821576128177
RandomForest,RandomKFold,10,130,random_fold,1.1155993679069596,1.1700471555288345
RandomForest,RandomKFold,10,134,random_fold,0.9765441895541997,1.0857272329303265
RandomForest,RandomKFold,10,161,random_fold,1.0933018396004694,1.0666864795120419
RandomForest,RandomKFold,10,166,random_fold,0.9788295581166931,1.0434410678110773
RandomForest,RandomKFold,10,187,random_fold,1.2860185403772986,1.322253842023855
RandomForest,RandomKFold,10,189,random_fold,1.4074031505013533,1.3540058609270462
RandomForest,RandomKFold,10,200,random_fold,1.384211098193533,1.3901278531623658
RandomForest,RandomKFold,10,201,random_fold,1.0812582545259954,1.0671391965946786
RandomForest,RandomKFold,10,205,random_fold,1.2264575994456417,1.2480969429091484
RandomForest,RandomKFold,10,206,random_fold,1.3129180568478147,1.2480969429091484
RandomForest,RandomKFold,10,216,random_fold,1.0752701497689592,1.1474759909497563
RandomForest,RandomKFold,10,230,random_fold,1.1809595423245132,1.2345716406734717
RandomForest,RandomKFold,10,241,random_fold,1.1675375968286057,1.2626657475932705
RandomForest,RandomKFold,10,252,random_fold,1.0349052587135201,1.0786750701616834
RandomForest,RandomKFold,10,269,random_fold,1.438698863257496,1.3312679020106821
RandomForest,RandomKFold,10,276,random_fold,1.1456366091921784,1.1575339478243591
RandomForest,RandomKFold,10,288,random_fold,1.1966957273711798,1.1720932477651995
RandomForest,RandomKFold,10,295,random_fold,1.1193408386937624,1.0893979817556898
RandomForest,RandomKFold,10,315,random_fold,1.1609953445016765,1.1689467760097576
RandomForest,RandomKFold,10,330,random_fold,1.1484501212624212,1.2366535726208088
RandomForest,RandomKFold,10,337,random_fold,1.2051519231744006,1.2241461788960946
RandomForest,RandomKFold,10,343,random_fold,1.194727836500679,1.2114507192178183
RandomForest,RandomKFold,10,378,random_fold,1.282094241059635,1.2734015896633515
RandomForest,RandomKFold,10,379,random_fold,1.2945158603944777,1.2829777708416907
RandomForest,RandomKFold,10,385,random_fold,1.288675645238375,1.3067547893464542
RandomForest,RandomKFold,10,387,random_fold,1.286870529047561,1.30012411217711
RandomForest,RandomKFold,10,391,random_fold,1.2670605513611748,1.2756521615831349
RandomForest,RandomKFold,10,392,random_fold,1.2441530285865783,1.2731449091769391
RandomForest,RandomKFold,10,397,random_fold,1.3200127286601904,1.3169302608846831
RandomForest,RandomKFold,10,401,random_fold,1.1764299135533505,1.1575339478243591
RandomForest,RandomKFold,10,406,random_fold,1.0783931164119696,1.0227453222288343
RandomForest,RandomKFold,10,418,random_fold,1.1193408386937624,1.0893979817556898
RandomForest,RandomKFold,10,455,random_fold,1.2418209384769063,1.2469247129851313
RandomForest,RandomKFold,10,459,random_fold,1.3259799981856513,1.2895647102723953
RandomForest,RandomKFold,10,466,random_fold,1.1263474694221658,1.1391314632627565
RandomForest,RandomKFold,10,474,random_fold,1.1412579581680564,1.1586999946450829
RandomForest,RandomKFold,10,492,random_fold,1.0221405808078126,1.0053896784015997
RandomForest,RandomKFold,10,502,random_fold,1.0771791624586369,1.0564820505023018
RandomForest,RandomKFold,10,508,random_fold,1.0794121413631732,1.0539836453921452
RandomForest,RandomKFold,10,510,random_fold,1.216295289923274,1.2472513988069287
RandomForest,RandomKFold,10,520,random_fold,1.42382207298616,1.3552781409637986
RandomForest,RandomKFold,10,562,random_fold,1.0688796897447055,1.0977647295732744
RandomForest,RandomKFold,10,563,random_fold,1.0709849653873482,1.0989773563528535
RandomForest,RandomKFold,10,564,random_fold,1.1103910581529506,1.1227770896726832
RandomForest,RandomKFold,10,565,random_fold,1.1128519849889325,1.1225767222865866
RandomForest,RandomKFold,10,592,random_fold,1.1027615541905644,1.1177559877416285
RandomForest,RandomKFold,10,600,random_fold,1.3552291847985056,1.3552781409637986
RandomForest,RandomKFold,10,612,random_fold,1.4109684844565789,1.405206830705902
RandomForest,RandomKFold,10,642,random_fold,1.2886129941304787,1.2869880890057124
RandomForest,RandomKFold,10,646,random_fold,1.2903183386642592,1.3048409647788424
RandomForest,RandomKFold,10,647,random_fold,1.2604272961433265,1.2600118648357659
RandomForest,RandomKFold,10,683,random_fold,0.8818123522200535,0.9703676382379727
RandomForest,RandomKFold,10,686,random_fold,0.9507109204994402,0.9455410193740067
RandomForest,RandomKFold,10,699,random_fold,1.0482746914157164,1.0114686192400992
RandomForest,RandomKFold,10,702,random_fold,0.9608620035264834,0.9760566645548266
RandomForest,RandomKFold,10,719,random_fold,0.9785226954714671,1.0341811211978809
RandomForest,RandomKFold,10,725,random_fold,1.1119697575281549,1.0679117608298503
RandomForest,RandomKFold,10,729,random_fold,1.0676435686744394,1.0288848507421517
RandomForest,RandomKFold,10,742,random_fold,1.1582712076440551,1.1378622453464475
RandomForest,RandomKFold,10,747,random_fold,1.1484767056471201,1.1496034700315259
RandomForest,RandomKFold,10,763,random_fold,1.024164701767882,1.0735369862373627
RandomForest,RandomKFold,10,766,random_fold,1.1233567669598814,1.0893387657939666
RandomForest,RandomKFold,10,769,random_fold,1.1632431483901737,1.1039409917798821
RandomForest,RandomKFold,10,775,random_fold,1.0986855569462772,1.0705401867928857
RandomForest,RandomKFold,10,776,random_fold,1.069703443933306,1.0705401867928857
RandomForest,RandomKFold,10,779,random_fold,1.0766288800381931,1.1279593781755524
RandomForest,RandomKFold,10,791,random_fold,0.8965710512733155,0.9836202353528539
RandomForest,RandomKFold,10,794,random_fold,0.966121179204925,1.0100611559705914
RandomForest,RandomKFold,10,804,random_fold,1.0060940214975271,1.01860645273381
RandomForest,RandomKFold,10,805,random_fold,0.9770268584853092,0.9732980328071327
RandomForest,RandomKFold,10,815,random_fold,1.1151536423574908,1.0015296051170226
RandomForest,RandomKFold,10,831,random_fold,1.128644883881722,1.1588273390778299
RandomForest,RandomKFold,10,840,random_fold,1.072069099621178,1.1377931281014861
RandomForest,RandomKFold,10,856,random_fold,0.8855537244364577,0.9492438473469291
RandomForest,RandomKFold,10,860,random_fold,1.1224582763312743,1.0418729095873998
RandomForest,RandomKFold,10,863,random_fold,0.882387614612431,0.9864609444225121
RandomForest,RandomKFold,10,870,random_fold,0.9243746371006341,0.9563312187203324
RandomForest,RandomKFold,10,871,random_fold,0.955133310146045,0.9452884618451715
RandomForest,RandomKFold,10,878,random_fold,0.9443956096818847,1.0096024769940313
RandomForest,RandomKFold,10,891,random_fold,1.0709720053653338,0.9747032453943745
RandomForest,RandomKFold,10,897,random_fold,1.092162014773685,1.0735771265445455
RandomForest,RandomKFold,10,929,random_fold,1.1037030175712055,1.0598192261396138
RandomForest,RandomKFold,10,955,random_fold,0.9106330624300031,0.9302064030185657
RandomForest,RandomKFold,10,957,random_fold,0.9071039894753039,0.9347956364349403
RandomForest,RandomKFold,10,960,random_fold,0.9999984515460132,1.010530629237364
RandomForest,RandomKFold,10,975,random_fold,0.9210460272047383,1.0763278729502737
RandomForest,RandomKFold,10,995,random_fold,0.9482879156893226,0.988796739249058
RandomForest,RandomKFold,10,1016,random_fold,0.9444087331685432,1.004287419430605
RandomForest,RandomKFold,10,1017,random_fold,1.1579218147083916,1.0515693156908887
RandomForest,RandomKFold,10,1020,random_fold,1.0720532541683991,1.049086955301828
RandomForest,RandomKFold,10,1021,random_fold,1.159456667045145,1.0653416120649928
RandomForest,RandomKFold,10,1025,random_fold,1.0619378128188997,1.0326153151815587
RandomForest,RandomKFold,10,1028,random_fold,0.9949817333100379,1.0107946324309283
RandomForest,RandomKFold,10,1038,random_fold,1.059548574992898,1.0865684097715071
RandomForest,RandomKFold,10,1044,random_fold,1.0010293205078225,1.000140393776484
RandomForest,RandomKFold,10,1051,random_fold,1.135246155011104,1.1358188445285209
RandomForest,RandomKFold,10,1056,random_fold,1.2072055578293173,1.1374688137795723
RandomForest,RandomKFold,10,1064,random_fold,0.9612560302875994,0.9637337681837888
RandomForest,RandomKFold,10,1071,random_fold,1.1307693397708407,1.0921218966976267
RandomForest,RandomKFold,10,1076,random_fold,1.078951380583492,1.1005094774708133
RandomForest,RandomKFold,10,1082,random_fold,1.1018703915453945,1.093046087514904
RandomForest,RandomKFold,10,1086,random_fold,1.096170096752698,1.0605597663416715
RandomForest,RandomKFold,10,1095,random_fold,1.1051765385217698,1.1150573651871916
RandomForest,RandomKFold,10,1104,random_fold,0.9766044689625246,0.9950795931555956
RandomForest,RandomKFold,10,1123,random_fold,1.1529891151319303,1.1281514286977796
RandomForest,RandomKFold,10,1126,random_fold,0.9405384463366621,1.100064721005879
RandomForest,RandomKFold,10,1129,random_fold,1.178103801296056,1.1391274575386725
RandomForest,RandomKFold,10,1130,random_fold,1.2557662574613244,1.178658324282538
RandomForest,RandomKFold,10,1152,random_fold,1.205630125799784,1.1697670955728194
RandomForest,RandomKFold,10,1154,random_fold,1.2243646398794856,1.1615707779024111
RandomForest,RandomKFold,10,1162,random_fold,0.923191896996094,1.0115901894350392
RandomForest,RandomKFold,10,1180,random_fold,1.205641907267419,1.1422556151326946
RandomForest,RandomKFold,10,1184,random_fold,1.1481266550232272,1.1270108322636014
RandomForest,RandomKFold,10,1207,random_fold,1.0948995314254935,1.042094482369149
RandomForest,RandomKFold,10,1215,random_fold,1.0620631454927059,1.1000421451542268
RandomForest,RandomKFold,10,1238,random_fold,1.273656042355025,1.2711539537763603
RandomForest,RandomKFold,10,1267,random_fold,1.2072169873339482,1.2485667513687582
RandomForest,RandomKFold,10,1282,random_fold,1.2358930448368057,1.2363553988421159
RandomForest,RandomKFold,10,1294,random_fold,1.2160149331549017,1.059438541945658
RandomForest,RandomKFold,10,1296,random_fold,1.062512336545894,1.1403487252117812
RandomForest,LeaveOneShapeOut,1,0,circular,1.3545719757695995,1.0212746139462126
RandomForest,LeaveOneShapeOut,1,1,circular,1.3349612685944154,1.0197525938094771
RandomForest,LeaveOneShapeOut,1,2,circular,1.1815827868398348,1.0180851136214744
RandomForest,LeaveOneShapeOut,1,3,circular,1.2358473024149033,1.018909290752237
RandomForest,LeaveOneShapeOut,1,4,circular,1.1885006010953671,1.0188032898475654
RandomForest,LeaveOneShapeOut,1,5,circular,1.238242921314779,1.0274260633655363
RandomForest,LeaveOneShapeOut,1,6,circular,1.1983820435012535,1.027747090127586
RandomForest,LeaveOneShapeOut,1,7,circular,1.3725142300680981,1.072443962516906
RandomForest,LeaveOneShapeOut,1,8,circular,1.3643470141328815,1.0728396777729834
RandomForest,LeaveOneShapeOut,1,9,circular,1.4252952195204207,1.014804184328228
RandomForest,LeaveOneShapeOut,1,10,circular,1.3811132045767527,1.018654843153388
RandomForest,LeaveOneShapeOut,1,11,circular,1.4674536778591962,1.014804184328228
RandomForest,LeaveOneShapeOut,1,12,circular,1.5214776205513665,1.0135282579925744
RandomForest,LeaveOneShapeOut,1,13,circular,1.515927538484468,1.012505140221577
RandomForest,LeaveOneShapeOut,1,14,circular,1.6861597871119034,1.0384489720546055
RandomForest,LeaveOneShapeOut,1,15,circular,1.0826183073485136,1.0130118083271753
RandomForest,LeaveOneShapeOut,1,16,circular,1.0849112127568281,0.9974986123887151
RandomForest,LeaveOneShapeOut,1,17,circular,1.1637753447505323,0.9892171497547868
RandomForest,LeaveOneShapeOut,1,18,circular,1.6319317139012608,1.0448822150966783
RandomForest,LeaveOneShapeOut,1,19,circular,1.3276641484172347,1.0411560145684422
RandomForest,LeaveOneShapeOut,1,20,circular,1.3565264125132614,1.0411560145684422
RandomForest,LeaveOneShapeOut,1,21,circular,1.4888007999327044,1.05100083483764
RandomForest,LeaveOneShapeOut,1,22,circular,1.4921691275343623,1.05100083483764
RandomForest,LeaveOneShapeOut,1,23,circular,1.6356327158958393,1.0502593290679871
RandomForest,LeaveOneShapeOut,1,24,circular,1.6356327158958393,1.0502593290679871
RandomForest,LeaveOneShapeOut,1,25,circular,1.4102263522358336,1.0754948648461182
RandomForest,LeaveOneShapeOut,1,26,circular,1.29369709898338,1.0822125489023957
RandomForest,LeaveOneShapeOut,1,27,circular,1.536384619900033,1.1040060766603252
RandomForest,LeaveOneShapeOut,1,28,circular,1.3421211390482404,1.0744568374183725
RandomForest,LeaveOneShapeOut,1,29,circular,1.3720014374672693,1.064087501040694
RandomForest,LeaveOneShapeOut,1,30,circular,1.5348782852658798,1.058512030619226
RandomForest,LeaveOneShapeOut,1,31,circular,1.5227926294763847,1.058512030619226
RandomForest,LeaveOneShapeOut,1,32,circular,1.546963941055375,1.060910710091267
RandomForest,LeaveOneShapeOut,1,33,circular,1.5107069736868897,1.060910710091267
RandomForest,LeaveOneShapeOut,1,34,circular,1.4321502110551712,1.0709033490151778
RandomForest,LeaveOneShapeOut,1,35,circular,1.4381930389499191,1.0760155598934484
RandomForest,LeaveOneShapeOut,1,36,circular,1.492578490002647,1.0760155598934484
RandomForest,LeaveOneShapeOut,1,37,circular,1.3441586522640874,1.0548736420112121
RandomForest,LeaveOneShapeOut,1,38,circular,1.2518288372578938,1.1063655511521482
RandomForest,LeaveOneShapeOut,1,39,circular,1.2211023682326179,1.115829981202194
RandomForest,LeaveOneShapeOut,1,40,circular,1.2972783209180534,0.9856305580351106
RandomForest,LeaveOneShapeOut,1,41,circular,1.536384619900033,1.1004011392385715
RandomForest,LeaveOneShapeOut,1,42,circular,1.3421211390482404,1.0726029610562384
RandomForest,LeaveOneShapeOut,1,43,circular,1.3720014374672693,1.0632999900999902
RandomForest,LeaveOneShapeOut,1,44,circular,1.5941042088621091,0.9989598817048332
RandomForest,LeaveOneShapeOut,1,45,circular,1.483765484022838,1.1029045987981232
RandomForest,LeaveOneShapeOut,1,46,circular,1.29369709898338,1.0817425255130944
RandomForest,LeaveOneShapeOut,1,47,circular,1.2972783209180534,0.9856305580351106
RandomForest,LeaveOneShapeOut,1,48,circular,1.639707790681381,1.110291363373917
RandomForest,LeaveOneShapeOut,1,49,circular,1.371451596125907,1.110291363373917
RandomForest,LeaveOneShapeOut,1,50,circular,1.4101486999859876,1.110291363373917
RandomForest,LeaveOneShapeOut,1,51,circular,1.3662045311957267,1.110291363373917
RandomForest,LeaveOneShapeOut,1,52,circular,1.2737250118012968,1.110291363373917
RandomForest,LeaveOneShapeOut,1,53,circular,1.2789720767314772,1.110291363373917
RandomForest,LeaveOneShapeOut,1,54,circular,1.2133837651042219,1.110291363373917
RandomForest,LeaveOneShapeOut,1,55,circular,1.2816523773767157,1.074864396349107
RandomForest,LeaveOneShapeOut,1,56,circular,1.2046337556603286,1.0740659874315235
RandomForest,LeaveOneShapeOut,1,57,circular,1.237829191229898,1.0712232331785332
RandomForest,LeaveOneShapeOut,1,58,circular,1.2339943282685013,1.0828777115503831
RandomForest,LeaveOneShapeOut,1,59,circular,1.2680165689493124,1.0835517077149184
RandomForest,LeaveOneShapeOut,1,60,circular,1.2824258481419177,1.0835517077149184
RandomForest,LeaveOneShapeOut,1,61,circular,1.1799450202643293,1.077897848996595
RandomForest,LeaveOneShapeOut,1,62,circular,1.1531759249761522,1.0766779267292952
RandomForest,LeaveOneShapeOut,1,63,circular,1.1425545677724243,1.0766779267292952
RandomForest,LeaveOneShapeOut,1,64,circular,1.3422293809326749,1.040347189682486
RandomForest,LeaveOneShapeOut,1,65,circular,1.1919182410425113,1.0609376504688939
RandomForest,LeaveOneShapeOut,1,66,circular,1.302307239291283,1.066827591872903
RandomForest,LeaveOneShapeOut,1,67,circular,1.295364734801251,1.0969932479601847
RandomForest,LeaveOneShapeOut,1,68,circular,1.0902659651428483,1.054217697503
RandomForest,LeaveOneShapeOut,1,69,circular,1.0015566608923805,1.054217697503
RandomForest,LeaveOneShapeOut,1,70,circular,1.2629155541458932,1.091538019509489
RandomForest,LeaveOneShapeOut,1,71,circular,1.4175969345181723,1.1001510343849985
RandomForest,LeaveOneShapeOut,1,72,circular,1.3740815622661384,1.1001510343849985
RandomForest,LeaveOneShapeOut,1,73,circular,1.2105569921385566,1.0603456183600266
RandomForest,LeaveOneShapeOut,1,74,circular,1.1244653966855374,1.0539788234873926
RandomForest,LeaveOneShapeOut,1,75,circular,1.1417780689269297,1.0533400073054486
RandomForest,LeaveOneShapeOut,1,76,circular,1.273123847876894,1.0897528851621852
RandomForest,LeaveOneShapeOut,1,77,circular,1.2681142042166427,1.0907246233160723
RandomForest,LeaveOneShapeOut,1,78,circular,1.1850393366807992,1.0969319764625032
RandomForest,LeaveOneShapeOut,1,79,circular,1.4528332923714102,1.0731068965724138
RandomForest,LeaveOneShapeOut,1,80,circular,1.4120233684283932,1.0731068965724138
RandomForest,LeaveOneShapeOut,1,81,circular,1.4770328464842415,1.0706508210938146
RandomForest,LeaveOneShapeOut,1,82,circular,1.4848067035710006,1.0706508210938146
RandomForest,LeaveOneShapeOut,1,83,circular,1.3448772760093357,1.0706508210938146
RandomForest,LeaveOneShapeOut,1,84,circular,1.375972704356372,1.0706508210938146
RandomForest,LeaveOneShapeOut,1,85,circular,1.6091884169591473,1.0706508210938146
RandomForest,LeaveOneShapeOut,1,86,circular,1.6713792736532207,1.0706508210938146
RandomForest,LeaveOneShapeOut,1,87,circular,1.414841989790168,1.0896372711105453
RandomForest,LeaveOneShapeOut,1,88,circular,1.6169622740459064,1.0896372711105453
RandomForest,LeaveOneShapeOut,1,89,circular,1.5858668456988698,1.070201646651445
RandomForest,LeaveOneShapeOut,1,90,circular,1.620849202589286,1.070201646651445
RandomForest,LeaveOneShapeOut,1,91,circular,1.5664322029819717,1.0706508210938146
RandomForest,LeaveOneShapeOut,1,92,circular,1.1354084529932944,0.9688070100670604
RandomForest,LeaveOneShapeOut,1,93,circular,1.1335223924401494,0.9667356152121801
RandomForest,LeaveOneShapeOut,1,94,circular,1.2278254200973997,0.9667356152121801
RandomForest,LeaveOneShapeOut,1,95,circular,1.6658337551905438,1.073794782095021
RandomForest,LeaveOneShapeOut,1,96,circular,1.5781582943910415,1.073794782095021
RandomForest,LeaveOneShapeOut,1,97,circular,1.6000771595909171,1.073794782095021
RandomForest,LeaveOneShapeOut,1,98,circular,1.4886865879052946,1.0206589478920698
RandomForest,LeaveOneShapeOut,1,99,circular,1.1745460180645266,1.0117576866570714
RandomForest,LeaveOneShapeOut,1,100,circular,1.4893188610025825,0.9955048462978615
RandomForest,LeaveOneShapeOut,1,101,circular,1.2696675773972377,0.9833056465837622
RandomForest,LeaveOneShapeOut,1,102,circular,1.3409138971075678,1.0164833839057166
RandomForest,LeaveOneShapeOut,1,103,circular,1.3629865538500792,1.0164833839057166
RandomForest,LeaveOneShapeOut,1,104,circular,1.33539573292194,1.0164833839057166
RandomForest,LeaveOneShapeOut,1,105,circular,1.1903663852361177,0.9927719847664198
RandomForest,LeaveOneShapeOut,1,106,circular,1.2053584052013078,0.9927719847664198
RandomForest,LeaveOneShapeOut,1,107,circular,1.2353424451316886,0.9927719847664198
RandomForest,LeaveOneShapeOut,1,108,circular,1.1414339090699477,1.0387155190498776
RandomForest,LeaveOneShapeOut,1,109,circular,1.1269776844197152,1.0271069239389443
RandomForest,LeaveOneShapeOut,1,110,circular,1.3256987893635834,1.1043005371491152
RandomForest,LeaveOneShapeOut,1,111,circular,1.1310229163178613,0.976724642213706
RandomForest,LeaveOneShapeOut,1,112,circular,1.1545821157977425,0.985206715409976
RandomForest,LeaveOneShapeOut,1,113,circular,1.165840580685956,0.9785250141003371
RandomForest,LeaveOneShapeOut,1,114,circular,1.1625214289484154,0.9866239757703923
RandomForest,LeaveOneShapeOut,1,115,circular,1.1549104273844197,0.9870914116669904
RandomForest,LeaveOneShapeOut,1,116,circular,1.29099968277919,0.9840914012754531
RandomForest,LeaveOneShapeOut,1,117,circular,1.1099273964897634,0.9872635087945926
RandomForest,LeaveOneShapeOut,1,118,circular,1.2726146663911664,0.9874280847534744
RandomForest,LeaveOneShapeOut,1,119,circular,1.2151621017721754,0.9818159660909987
RandomForest,LeaveOneShapeOut,1,120,circular,1.6240942634659334,1.1217689526694623
RandomForest,LeaveOneShapeOut,1,121,circular,1.5859443982167336,1.1217689526694623
RandomForest,LeaveOneShapeOut,1,122,circular,1.41906220373456,1.117956064647506
RandomForest,LeaveOneShapeOut,1,123,circular,1.401756567103651,1.117956064647506
RandomForest,LeaveOneShapeOut,1,124,circular,1.467514509626967,1.0435572801497182
RandomForest,LeaveOneShapeOut,1,125,circular,1.4224908184065779,1.0426177380301387
RandomForest,LeaveOneShapeOut,1,126,circular,1.1912303239548843,1.0395496689226356
RandomForest,LeaveOneShapeOut,1,127,circular,1.1855032550897164,1.0395496689226356
RandomForest,LeaveOneShapeOut,1,128,circular,1.37020947369762,1.01574872337879
RandomForest,LeaveOneShapeOut,1,129,circular,1.3599840298640558,1.01574872337879
RandomForest,LeaveOneShapeOut,1,130,circular,1.1155993679069596,1.010015491729
RandomForest,LeaveOneShapeOut,1,131,circular,1.1632164140981103,1.010015491729
RandomForest,LeaveOneShapeOut,1,132,circular,1.1991666858815992,0.9265826697807837
RandomForest,LeaveOneShapeOut,1,133,circular,1.04398508662286,1.0623806940888796
RandomForest,LeaveOneShapeOut,1,134,circular,0.9765441895541997,1.0623806940888796
RandomForest,LeaveOneShapeOut,1,135,circular,1.0919130117697546,1.0554622982206536
RandomForest,LeaveOneShapeOut,1,136,circular,1.1420397946679444,1.052865207419501
RandomForest,LeaveOneShapeOut,1,137,circular,1.0472134869247998,1.0337371995118245
RandomForest,LeaveOneShapeOut,1,138,circular,1.0945457667787828,1.0437465670114783
RandomForest,LeaveOneShapeOut,1,139,circular,0.9503054523485104,0.9588392455238681
RandomForest,LeaveOneShapeOut,1,140,circular,0.9220785577242971,0.9588392455238681
RandomForest,LeaveOneShapeOut,1,141,circular,0.9848049902225486,0.9588392455238681
RandomForest,LeaveOneShapeOut,1,142,circular,0.8931877807248213,0.9643766586687482
RandomForest,LeaveOneShapeOut,1,143,circular,0.9581462564107918,0.9588392455238681
RandomForest,LeaveOneShapeOut,1,144,circular,0.9408964874737726,0.9588392455238681
RandomForest,LeaveOneShapeOut,1,145,circular,1.1624650166329116,1.023677575560339
RandomForest,LeaveOneShapeOut,1,146,circular,1.129642474986806,1.023677575560339
RandomForest,LeaveOneShapeOut,1,147,circular,1.2331867795165823,1.056295517738741
RandomForest,LeaveOneShapeOut,1,148,circular,1.107469549143329,1.056295517738741
RandomForest,LeaveOneShapeOut,1,149,circular,1.2810263872377974,1.0496557961571655
RandomForest,LeaveOneShapeOut,1,150,circular,1.2784579132784233,1.0496557961571655
RandomForest,LeaveOneShapeOut,1,151,circular,1.2598364770729615,1.0496557961571655
RandomForest,LeaveOneShapeOut,1,152,circular,1.3504797422389112,1.062547000758053
RandomForest,LeaveOneShapeOut,1,153,circular,1.2821536664107218,1.062547000758053
RandomForest,LeaveOneShapeOut,1,154,circular,1.3385969464427043,1.062547000758053
RandomForest,LeaveOneShapeOut,1,155,circular,1.370994199976567,1.0765585359810783
RandomForest,LeaveOneShapeOut,1,156,circular,1.4093999006925229,1.0765585359810783
RandomForest,LeaveOneShapeOut,1,157,circular,1.3558105508563052,1.0765585359810783
RandomForest,LeaveOneShapeOut,1,158,circular,1.1189168875968767,1.092286812660174
RandomForest,LeaveOneShapeOut,1,159,circular,1.1906178718264686,0.9629880883591366
RandomForest,LeaveOneShapeOut,1,160,circular,1.058400961814554,0.9721433022443167
RandomForest,LeaveOneShapeOut,1,161,circular,1.0933018396004694,0.9857271107337455
RandomForest,LeaveOneShapeOut,1,162,circular,1.0807031661435151,0.9833470979237636
RandomForest,LeaveOneShapeOut,1,163,circular,1.081714589741048,1.0797788533855683
RandomForest,LeaveOneShapeOut,1,164,circular,1.1142548528292844,0.952829245117256
RandomForest,LeaveOneShapeOut,1,165,circular,1.0503718004141738,0.951554373493794
RandomForest,LeaveOneShapeOut,1,166,circular,0.9788295581166931,0.9752004709107177
RandomForest,LeaveOneShapeOut,1,167,circular,1.1204789660010195,0.9771632512286332
RandomForest,LeaveOneShapeOut,1,168,circular,0.9988336760894352,1.023373086071002
RandomForest,LeaveOneShapeOut,1,169,circular,1.0395391195333212,0.941961500355646
RandomForest,LeaveOneShapeOut,1,170,circular,1.0060464564388292,0.9415244948973326
RandomForest,LeaveOneShapeOut,1,171,circular,0.9819513263381584,0.9589893767102313
RandomForest,LeaveOneShapeOut,1,172,circular,0.9856830767426598,0.9580012363409636
RandomForest,LeaveOneShapeOut,1,173,circular,1.286486310423,1.0928232676370648
RandomForest,LeaveOneShapeOut,1,174,circular,1.2564545083234089,1.0941247214515415
RandomForest,LeaveOneShapeOut,1,175,circular,1.32213950491923,1.0936066406703129
RandomForest,LeaveOneShapeOut,1,176,circular,1.2941569931453976,1.0179514598551171
RandomForest,LeaveOneShapeOut,1,177,circular,1.3128540515404687,1.0049987803109148
RandomForest,LeaveOneShapeOut,1,178,circular,1.2553795512333588,1.1178810185082042
RandomForest,LeaveOneShapeOut,1,179,circular,1.1713924116936274,1.1174687479684204
RandomForest,LeaveOneShapeOut,1,180,circular,1.2529089649586223,1.0209625082929028
RandomForest,LeaveOneShapeOut,1,181,circular,1.3110746711111705,1.01141420081098
RandomForest,LeaveOneShapeOut,1,182,circular,1.2193262628314903,1.1223116305055507
RandomForest,LeaveOneShapeOut,1,183,circular,1.2060088386559635,1.122217214406711
RandomForest,LeaveOneShapeOut,1,184,circular,1.2086542758821197,1.0060464230495147
RandomForest,LeaveOneShapeOut,1,185,circular,1.1882361240679107,0.9912885626433895
RandomForest,LeaveOneShapeOut,1,186,circular,1.3048820805856924,1.0448947895611145
RandomForest,LeaveOneShapeOut,1,187,circular,1.2860185403772986,1.0271061745673606
RandomForest,LeaveOneShapeOut,1,188,circular,1.413166849593796,1.0596167520195063
RandomForest,LeaveOneShapeOut,1,189,circular,1.4074031505013533,1.0844390956008283
RandomForest,LeaveOneShapeOut,1,190,circular,1.358950340257126,1.0415873047541362
RandomForest,LeaveOneShapeOut,1,191,circular,1.0689531316442664,1.0341722582861126
RandomForest,LeaveOneShapeOut,1,192,circular,1.3141287399041004,1.0343710486172737
RandomForest,LeaveOneShapeOut,1,193,circular,1.0922145091701283,1.0374529638926517
RandomForest,LeaveOneShapeOut,1,194,circular,1.5996384909229053,1.0476992504130538
RandomForest,LeaveOneShapeOut,1,195,circular,1.2349035942484818,1.0518026472187558
RandomForest,LeaveOneShapeOut,1,196,circular,1.3345388048057119,1.0590229675908787
RandomForest,LeaveOneShapeOut,1,197,circular,1.1669018109493594,1.031390513461881
RandomForest,LeaveOneShapeOut,1,198,circular,1.2028285814567583,1.0333715508842751
RandomForest,LeaveOneShapeOut,1,199,circular,1.4534609969636008,1.0380247589452996
RandomForest,LeaveOneShapeOut,1,200,circular,1.384211098193533,1.0454959389639398
RandomForest,LeaveOneShapeOut,1,201,circular,1.0812582545259954,1.0316394528667878
RandomForest,LeaveOneShapeOut,1,202,circular,0.9422252893538012,1.0301717902029683
RandomForest,LeaveOneShapeOut,1,203,circular,1.1335926637173817,1.1132558781852997
RandomForest,LeaveOneShapeOut,1,204,circular,1.3129180568478147,1.1132558781852997
RandomForest,LeaveOneShapeOut,1,205,circular,1.2264575994456417,1.1132558781852997
RandomForest,LeaveOneShapeOut,1,206,circular,1.3129180568478147,1.1132558781852997
RandomForest,LeaveOneShapeOut,1,207,circular,1.2488732735869459,1.1132558781852997
RandomForest,LeaveOneShapeOut,1,208,circular,1.3033113393586844,1.1132558781852997
RandomForest,LeaveOneShapeOut,1,209,circular,1.1361701617391793,0.9988088499668994
RandomForest,LeaveOneShapeOut,1,210,circular,1.1410674469190896,0.9988088499668994
RandomForest,LeaveOneShapeOut,1,211,circular,1.0578135988606152,0.9988088499668994
RandomForest,LeaveOneShapeOut,1,212,circular,1.0578135988606152,0.9988088499668994
RandomForest,LeaveOneShapeOut,1,213,circular,1.1670230583726138,0.9988088499668994
RandomForest,LeaveOneShapeOut,1,214,circular,1.1048275365877536,0.9988088499668994
RandomForest,LeaveOneShapeOut,1,215,circular,1.1382975694343815,1.069092942833338
RandomForest,LeaveOneShapeOut,1,216,circular,1.0752701497689592,1.0915088634654366
RandomForest,LeaveOneShapeOut,1,217,circular,0.9199068249691795,0.9543776094949625
RandomForest,LeaveOneShapeOut,1,218,circular,0.8843236477025262,0.9599800111407432
RandomForest,LeaveOneShapeOut,1,219,circular,0.9128790547507792,0.9633190724753413
RandomForest,LeaveOneShapeOut,1,220,circular,0.9281601451869276,0.9633190724753413
RandomForest,LeaveOneShapeOut,1,221,circular,1.237545163141302,1.0473966370712444
RandomForest,LeaveOneShapeOut,1,222,circular,1.2089867420544758,1.0377939756734267
RandomForest,LeaveOneShapeOut,1,223,circular,1.2133644852363266,1.0377939756734267
RandomForest,LeaveOneShapeOut,1,224,circular,1.2096074389960325,1.041408990518993
RandomForest,LeaveOneShapeOut,1,225,circular,1.1483515854741868,0.9553452603590243
RandomForest,LeaveOneShapeOut,1,226,circular,1.088953056461838,0.9448943355691902
RandomForest,LeaveOneShapeOut,1,227,circular,1.061508984719529,0.9451750634471149
RandomForest,LeaveOneShapeOut,1,228,circular,1.0562450356984874,0.9407229653072335
RandomForest,LeaveOneShapeOut,1,229,circular,1.1723103813258327,1.055661356940934
RandomForest,LeaveOneShapeOut,1,230,circular,1.1809595423245132,1.0714121634840532
RandomForest,LeaveOneShapeOut,1,231,circular,1.172977745864338,1.0727728821446219
RandomForest,LeaveOneShapeOut,1,232,circular,1.1760745433758346,1.0608086013747553
RandomForest,LeaveOneShapeOut,1,233,circular,1.087407992331772,0.9517540539177167
RandomForest,LeaveOneShapeOut,1,234,circular,1.1091183712584098,0.9425041234938553
RandomForest,LeaveOneShapeOut,1,235,circular,1.1240692396897045,0.9425041234938553
RandomForest,LeaveOneShapeOut,1,236,circular,1.1527340236652242,0.9370458792903481
RandomForest,LeaveOneShapeOut,1,237,circular,1.1115939935791495,0.9277086042626523
RandomForest,LeaveOneShapeOut,1,238,circular,1.0839659960653538,0.9031123988602724
RandomForest,LeaveOneShapeOut,1,239,circular,1.1026898604988369,0.9031123988602724
RandomForest,LeaveOneShapeOut,1,240,circular,1.097850830391181,0.9098839705941036
RandomForest,LeaveOneShapeOut,1,241,circular,1.1675375968286057,0.991212479541299
RandomForest,LeaveOneShapeOut,1,242,circular,1.3000433770209283,1.0476546685102488
RandomForest,LeaveOneShapeOut,1,243,circular,1.23746653007112,1.036422466522287
RandomForest,LeaveOneShapeOut,1,244,circular,1.209420109403607,1.0265368310574612
RandomForest,LeaveOneShapeOut,1,245,circular,1.3121377067956377,0.979589856680569
RandomForest,LeaveOneShapeOut,1,246,circular,1.2989281177447332,0.979589856680569
RandomForest,LeaveOneShapeOut,1,247,circular,1.3495739828334417,1.0215109962660949
RandomForest,LeaveOneShapeOut,1,248,circular,1.1281291950782302,1.112838477150323
RandomForest,LeaveOneShapeOut,1,249,circular,1.2008958389819084,1.0774474047107636
RandomForest,LeaveOneShapeOut,1,250,circular,1.2353855303226169,1.0697059194724943
RandomForest,LeaveOneShapeOut,1,251,circular,1.0730584479748482,1.0633706772476135
RandomForest,LeaveOneShapeOut,1,252,circular,1.0349052587135201,1.0633706772476135
RandomForest,LeaveOneShapeOut,1,253,circular,1.0492127046865183,1.0633706772476135
RandomForest,LeaveOneShapeOut,1,254,circular,1.115980785893842,1.0633706772476135
RandomForest,LeaveOneShapeOut,1,255,circular,1.2418476497794892,1.0508641793610483
RandomForest,LeaveOneShapeOut,1,256,circular,1.1458899378442748,1.054156022903497
RandomForest,LeaveOneShapeOut,1,257,circular,1.3374921789478076,1.0867787225044059
RandomForest,LeaveOneShapeOut,1,258,circular,1.0111810580343032,1.0852685095299552
RandomForest,LeaveOneShapeOut,1,259,circular,1.0273582662639587,1.0853750525896222
RandomForest,LeaveOneShapeOut,1,260,circular,1.045128825211897,1.083895486703488
RandomForest,LeaveOneShapeOut,1,261,circular,1.0697251791938465,1.0945070358370417
RandomForest,LeaveOneShapeOut,1,262,circular,1.0669773425293771,1.0875700593058795
RandomForest,LeaveOneShapeOut,1,263,circular,1.0706406990125703,1.0863747381134161
RandomForest,LeaveOneShapeOut,1,264,circular,1.0752462928972766,1.0970627571117297
RandomForest,LeaveOneShapeOut,1,265,circular,1.2050469519666545,1.0622386252045513
RandomForest,LeaveOneShapeOut,1,266,circular,1.1591867375218325,1.0616322494291344
RandomForest,LeaveOneShapeOut,1,267,circular,1.0591913268808757,1.0488003814390165
RandomForest,LeaveOneShapeOut,1,268,circular,1.4747177354069476,1.0760970205713971
RandomForest,LeaveOneShapeOut,1,269,circular,1.438698863257496,1.0806491821287123
RandomForest,LeaveOneShapeOut,1,270,circular,1.2453362914305632,1.0709900040376639
RandomForest,LeaveOneShapeOut,1,271,circular,1.208662846621109,1.0757413894844832
RandomForest,LeaveOneShapeOut,1,272,circular,1.194274003208953,1.0757413894844832
RandomForest,LeaveOneShapeOut,1,273,circular,1.3927210638476188,0.9830909503515326
RandomForest,LeaveOneShapeOut,1,274,circular,1.3842155803571365,0.9830909503515326
RandomForest,LeaveOneShapeOut,1,275,circular,1.4136791277360206,0.9830909503515326
RandomForest,LeaveOneShapeOut,1,276,circular,1.1456366091921784,1.0318770795762884
RandomForest,LeaveOneShapeOut,1,277,circular,1.1575768700669187,1.0318770795762884
RandomForest,LeaveOneShapeOut,1,278,circular,1.1764299135533505,1.0318770795762884
RandomForest,LeaveOneShapeOut,1,279,circular,1.158563920860915,0.9375611506118929
RandomForest,LeaveOneShapeOut,1,280,circular,1.0769816123297524,0.9375611506118929
RandomForest,LeaveOneShapeOut,1,281,circular,1.1257407180116425,0.9375611506118929
RandomForest,LeaveOneShapeOut,1,282,circular,0.9885270233776388,0.956720106159137
RandomForest,LeaveOneShapeOut,1,283,circular,1.0783931164119696,0.956720106159137
RandomForest,LeaveOneShapeOut,1,284,circular,1.0361031902781668,0.956720106159137
RandomForest,LeaveOneShapeOut,1,285,circular,1.0869105743635306,0.9538708905930782
RandomForest,LeaveOneShapeOut,1,286,circular,1.1448031386011281,0.9538708905930782
RandomForest,LeaveOneShapeOut,1,287,circular,1.0465299957494056,0.9538708905930782
RandomForest,LeaveOneShapeOut,1,288,circular,1.1966957273711798,1.0575217919962545
RandomForest,LeaveOneShapeOut,1,289,circular,1.1633442640197864,1.0575217919962545
RandomForest,LeaveOneShapeOut,1,290,circular,1.1689970544183277,1.0575217919962545
RandomForest,LeaveOneShapeOut,1,291,circular,1.200839968966233,0.9632211403863394
RandomForest,LeaveOneShapeOut,1,292,circular,1.1248508298347624,0.9632211403863394
RandomForest,LeaveOneShapeOut,1,293,circular,1.209479105433616,0.9632211403863394
RandomForest,LeaveOneShapeOut,1,294,circular,1.108420440267482,0.9449702220735999
RandomForest,LeaveOneShapeOut,1,295,circular,1.1193408386937624,0.9449702220735999
RandomForest,LeaveOneShapeOut,1,296,circular,1.070756208960514,0.9449702220735999
RandomForest,LeaveOneShapeOut,1,297,circular,1.1115066128395268,0.970534014155732
RandomForest,LeaveOneShapeOut,1,298,circular,1.143938834802967,0.970534014155732
RandomForest,LeaveOneShapeOut,1,299,circular,1.117630616216053,0.970534014155732
RandomForest,LeaveOneShapeOut,1,300,circular,1.250094356066993,1.0496527970791527
RandomForest,LeaveOneShapeOut,1,301,circular,1.255615974247501,1.0496527970791527
RandomForest,LeaveOneShapeOut,1,302,circular,1.2175168088019963,1.0496527970791527
RandomForest,LeaveOneShapeOut,1,303,circular,1.2950278181808799,0.9790678814644638
RandomForest,LeaveOneShapeOut,1,304,circular,1.2126169570239147,0.9790678814644638
RandomForest,LeaveOneShapeOut,1,305,circular,1.2243899371891955,0.9790678814644638
RandomForest,LeaveOneShapeOut,1,306,circular,1.1743142604760686,0.9792680826701532
RandomForest,LeaveOneShapeOut,1,307,circular,1.2139187167349488,0.9792680826701532
RandomForest,LeaveOneShapeOut,1,308,circular,1.1932738406000005,0.9792680826701532
RandomForest,LeaveOneShapeOut,1,309,circular,1.1603149777096642,0.9765802964223853
RandomForest,LeaveOneShapeOut,1,310,circular,1.1732156482628429,0.9765802964223853
RandomForest,LeaveOneShapeOut,1,311,circular,1.1383551696124758,0.9765802964223853
RandomForest,LeaveOneShapeOut,1,312,circular,1.2079419865581988,1.0228826097619377
RandomForest,LeaveOneShapeOut,1,313,circular,1.1670455196309601,1.0228826097619377
RandomForest,LeaveOneShapeOut,1,314,circular,1.1508537216670625,1.0483154360837772
RandomForest,LeaveOneShapeOut,1,315,circular,1.1609953445016765,1.0483154360837772
RandomForest,LeaveOneShapeOut,1,316,circular,1.0619217905514904,0.9563531008275445
RandomForest,LeaveOneShapeOut,1,317,circular,1.2956542484866285,1.030181422012947
RandomForest,LeaveOneShapeOut,1,318,circular,1.1306542302372584,0.9888981236966476
RandomForest,LeaveOneShapeOut,1,319,circular,1.0631562838336788,0.9576844544180757
RandomForest,LeaveOneShapeOut,1,320,circular,1.073027843573812,0.9582140190304769
RandomForest,LeaveOneShapeOut,1,321,circular,1.1306840434563534,0.9572687003178892
RandomForest,LeaveOneShapeOut,1,322,circular,1.1011120203646916,0.9582140190304769
RandomForest,LeaveOneShapeOut,1,323,circular,0.9851301986103755,1.0302920063305336
RandomForest,LeaveOneShapeOut,1,324,circular,0.9339257495170827,1.034548341290247
RandomForest,LeaveOneShapeOut,1,325,circular,1.0162230301480055,1.0021873559637104
RandomForest,LeaveOneShapeOut,1,326,circular,1.1469339218412573,1.1001852689050846
RandomForest,LeaveOneShapeOut,1,327,circular,1.092546009091041,1.0759522337490928
RandomForest,LeaveOneShapeOut,1,328,circular,1.1000861553214407,1.1071639679204768
RandomForest,LeaveOneShapeOut,1,329,circular,1.0087307049043397,1.0775099651390512
RandomForest,LeaveOneShapeOut,1,330,circular,1.1484501212624212,1.018126529470384
RandomForest,LeaveOneShapeOut,1,331,circular,1.1529242603297682,0.988233597706715
RandomForest,LeaveOneShapeOut,1,332,circular,1.2904751739807487,1.039912606879804
RandomForest,LeaveOneShapeOut,1,333,circular,1.3986321931244245,1.0613562245670582
RandomForest,LeaveOneShapeOut,1,334,circular,1.2682445144448073,1.0360422632144677
RandomForest,LeaveOneShapeOut,1,335,circular,1.2631163095652482,1.0360422632144677
RandomForest,LeaveOneShapeOut,1,336,circular,1.1895466598960975,1.0670431964882372
RandomForest,LeaveOneShapeOut,1,337,circular,1.2051519231744006,1.0670431964882372
RandomForest,LeaveOneShapeOut,1,338,circular,1.3434511412160852,1.1082294467964915
RandomForest,LeaveOneShapeOut,1,339,circular,1.4076120631650018,1.1082294467964915
RandomForest,LeaveOneShapeOut,1,340,circular,1.4131294140157122,1.1066348825303283
RandomForest,LeaveOneShapeOut,1,341,circular,1.4090014799922972,1.1066348825303283
RandomForest,LeaveOneShapeOut,1,342,circular,1.2512502109547927,0.9791123191465048
RandomForest,LeaveOneShapeOut,1,343,circular,1.194727836500679,0.9791123191465048
RandomForest,LeaveOneShapeOut,1,344,circular,1.1627385870083158,0.9792735072957468
RandomForest,LeaveOneShapeOut,1,345,circular,1.1558303740888456,0.9792735072957468
RandomForest,LeaveOneShapeOut,1,346,circular,1.2854163440072908,1.0374790748685063
RandomForest,LeaveOneShapeOut,1,347,circular,1.2786766813827724,1.0374790748685063
RandomForest,LeaveOneShapeOut,1,348,circular,1.3537218351572846,1.0652722089412845
RandomForest,LeaveOneShapeOut,1,349,circular,1.3212615545224988,1.0652722089412845
RandomForest,LeaveOneShapeOut,1,350,circular,1.1995720476405545,1.101443679100222
RandomForest,LeaveOneShapeOut,1,351,circular,1.1809166022318427,1.0867513773378767
RandomForest,LeaveOneShapeOut,1,352,circular,1.0748673043457417,1.0868109757769864
RandomForest,LeaveOneShapeOut,1,353,circular,1.2269958514308963,1.074680674257279
RandomForest,LeaveOneShapeOut,1,354,circular,1.1320785534773934,1.0661626272864948
RandomForest,LeaveOneShapeOut,1,355,circular,1.0934447473345092,1.0669421972004067
RandomForest,LeaveOneShapeOut,1,356,circular,1.220907275112158,1.1132222895611283
RandomForest,LeaveOneShapeOut,1,357,circular,1.0712085131381346,1.1027042076042948
RandomForest,LeaveOneShapeOut,1,358,circular,1.0747060958035308,1.1052289428134958
RandomForest,LeaveOneShapeOut,1,359,circular,1.1426382828215833,1.1012267362879335
RandomForest,LeaveOneShapeOut,1,360,circular,1.2204093047324287,1.09398929716179
RandomForest,LeaveOneShapeOut,1,361,circular,1.1951532343242832,1.0932662505342967
RandomForest,LeaveOneShapeOut,1,362,circular,1.253162744858469,1.095474173381124
RandomForest,LeaveOneShapeOut,1,363,circular,1.410690975522547,1.1123373169910797
RandomForest,LeaveOneShapeOut,1,364,circular,1.3287666544027426,1.0755033201889332
RandomForest,LeaveOneShapeOut,1,365,circular,1.2535131146099987,1.0756474786029733
RandomForest,LeaveOneShapeOut,1,366,circular,1.3834440469848879,1.0770456898455134
RandomForest,LeaveOneShapeOut,1,367,circular,1.2268643277129487,1.0686563066966959
RandomForest,LeaveOneShapeOut,1,368,circular,1.2343448087834648,1.0935919893348645
RandomForest,LeaveOneShapeOut,1,369,circular,1.4019339057226425,1.067326860623653
RandomForest,LeaveOneShapeOut,1,370,circular,1.4247851688507547,1.0674527817487551
RandomForest,LeaveOneShapeOut,1,371,circular,1.2774436061249554,1.1406245481775055
RandomForest,LeaveOneShapeOut,1,372,circular,1.307463933260314,1.1381163547958766
RandomForest,LeaveOneShapeOut,1,373,circular,1.4590225375244026,1.1376880271082506
RandomForest,LeaveOneShapeOut,1,374,circular,1.220169597230472,1.0940837529420768
RandomForest,LeaveOneShapeOut,1,375,circular,1.2098260052479615,1.0863075527098196
RandomForest,LeaveOneShapeOut,1,376,circular,1.2949004125196468,1.0967534383589908
RandomForest,LeaveOneShapeOut,1,377,circular,1.2749949798711437,1.0961007739684943
RandomForest,LeaveOneShapeOut,1,378,circular,1.282094241059635,1.097637145143013
RandomForest,LeaveOneShapeOut,1,379,circular,1.2945158603944777,1.0961721016741095
RandomForest,LeaveOneShapeOut,1,380,circular,1.3544066431861226,1.1070834256334965
RandomForest,LeaveOneShapeOut,1,381,circular,1.3622828817848462,1.0743286213628338
RandomForest,LeaveOneShapeOut,1,382,circular,1.2468443947618897,1.0635631722208387
RandomForest,LeaveOneShapeOut,1,383,circular,1.2672884252356018,1.075489130092928
RandomForest,LeaveOneShapeOut,1,384,circular,1.291555198923066,1.07508813178844
RandomForest,LeaveOneShapeOut,1,385,circular,1.288675645238375,1.07541927828485
RandomForest,LeaveOneShapeOut,1,386,circular,1.2490609221562923,1.0754086473702618
RandomForest,LeaveOneShapeOut,1,387,circular,1.286870529047561,1.0768953982908427
RandomForest,LeaveOneShapeOut,1,388,circular,1.3438725632484756,1.0645615501859387
RandomForest,LeaveOneShapeOut,1,389,circular,1.2257063169875246,1.059556490067994
RandomForest,LeaveOneShapeOut,1,390,circular,1.2791487844243277,1.0718546942044194
RandomForest,LeaveOneShapeOut,1,391,circular,1.2670605513611748,1.0843844501712923
RandomForest,LeaveOneShapeOut,1,392,circular,1.2441530285865783,1.0796190166110504
RandomForest,LeaveOneShapeOut,1,393,circular,1.2673463190737095,1.0799588349847233
RandomForest,LeaveOneShapeOut,1,394,circular,1.2683585085983282,1.0799386092575736
RandomForest,LeaveOneShapeOut,1,395,circular,1.2823788993562046,1.1406245481775055
RandomForest,LeaveOneShapeOut,1,396,circular,1.235038553303725,1.140688238974909
RandomForest,LeaveOneShapeOut,1,397,circular,1.3200127286601904,1.1394858087341775
RandomForest,LeaveOneShapeOut,1,398,circular,1.3516993360623062,1.1387371328585845
RandomForest,LeaveOneShapeOut,1,399,circular,1.1456366091921784,1.0318770795762884
RandomForest,LeaveOneShapeOut,1,400,circular,1.1575768700669187,1.0318770795762884
RandomForest,LeaveOneShapeOut,1,401,circular,1.1764299135533505,1.0318770795762884
RandomForest,LeaveOneShapeOut,1,402,circular,1.158563920860915,0.9375611506118929
RandomForest,LeaveOneShapeOut,1,403,circular,1.0769816123297524,0.9375611506118929
RandomForest,LeaveOneShapeOut,1,404,circular,1.1257407180116425,0.9375611506118929
RandomForest,LeaveOneShapeOut,1,405,circular,0.9885270233776388,0.956720106159137
RandomForest,LeaveOneShapeOut,1,406,circular,1.0783931164119696,0.956720106159137
RandomForest,LeaveOneShapeOut,1,407,circular,1.0361031902781668,0.956720106159137
RandomForest,LeaveOneShapeOut,1,408,circular,1.0869105743635306,0.9538708905930782
RandomForest,LeaveOneShapeOut,1,409,circular,1.1448031386011281,0.9538708905930782
RandomForest,LeaveOneShapeOut,1,410,circular,1.0465299957494056,0.9538708905930782
RandomForest,LeaveOneShapeOut,1,411,circular,1.1966957273711798,1.0575217919962545
RandomForest,LeaveOneShapeOut,1,412,circular,1.1633442640197864,1.0575217919962545
RandomForest,LeaveOneShapeOut,1,413,circular,1.1689970544183277,1.0575217919962545
RandomForest,LeaveOneShapeOut,1,414,circular,1.200839968966233,0.9632211403863394
RandomForest,LeaveOneShapeOut,1,415,circular,1.1248508298347624,0.9632211403863394
RandomForest,LeaveOneShapeOut,1,416,circular,1.209479105433616,0.9632211403863394
RandomForest,LeaveOneShapeOut,1,417,circular,1.108420440267482,0.9449702220735999
RandomForest,LeaveOneShapeOut,1,418,circular,1.1193408386937624,0.9449702220735999
RandomForest,LeaveOneShapeOut,1,419,circular,1.0705333436865083,0.9449702220735999
RandomForest,LeaveOneShapeOut,1,420,circular,1.1115066128395268,0.970534014155732
RandomForest,LeaveOneShapeOut,1,421,circular,1.143938834802967,0.970534014155732
RandomForest,LeaveOneShapeOut,1,422,circular,1.117630616216053,0.970534014155732
RandomForest,LeaveOneShapeOut,1,423,circular,1.250094356066993,1.0496527970791527
RandomForest,LeaveOneShapeOut,1,424,circular,1.255615974247501,1.0496527970791527
RandomForest,LeaveOneShapeOut,1,425,circular,1.2175168088019963,1.0496527970791527
RandomForest,LeaveOneShapeOut,1,426,circular,1.2950278181808799,0.9790678814644638
RandomForest,LeaveOneShapeOut,1,427,circular,1.2126169570239147,0.9790678814644638
RandomForest,LeaveOneShapeOut,1,428,circular,1.2243899371891955,0.9790678814644638
RandomForest,LeaveOneShapeOut,1,429,circular,1.1743142604760686,0.9792680826701532
RandomForest,LeaveOneShapeOut,1,430,circular,1.2139187167349488,0.9792680826701532
RandomForest,LeaveOneShapeOut,1,431,circular,1.1932738406000005,0.9792680826701532
RandomForest,LeaveOneShapeOut,1,432,circular,1.1603149777096642,0.9765802964223853
RandomForest,LeaveOneShapeOut,1,433,circular,1.1732156482628429,0.9765802964223853
RandomForest,LeaveOneShapeOut,1,434,circular,1.1383551696124758,0.9765802964223853
RandomForest,LeaveOneShapeOut,1,435,circular,1.136205061407592,0.9699221993147407
RandomForest,LeaveOneShapeOut,1,436,circular,1.1837321055556502,0.9805616915725808
RandomForest,LeaveOneShapeOut,1,437,circular,1.1285449094648452,1.004926241356276
RandomForest,LeaveOneShapeOut,1,438,circular,1.1227523900855292,1.0359772601014758
RandomForest,LeaveOneShapeOut,1,439,circular,1.167311509591246,0.9597346381979108
RandomForest,LeaveOneShapeOut,1,440,circular,1.244275159310521,0.9786878184201397
RandomForest,LeaveOneShapeOut,1,441,circular,1.2059882136778968,0.9999663001277238
RandomForest,LeaveOneShapeOut,1,442,circular,1.2660904399745998,1.0306974934910689
RandomForest,LeaveOneShapeOut,1,443,circular,1.2193656335090768,1.0032318756772733
RandomForest,LeaveOneShapeOut,1,444,circular,1.0980365335263236,0.9548862890405438
RandomForest,LeaveOneShapeOut,1,445,circular,1.094780679517756,0.9924309566347514
RandomForest,LeaveOneShapeOut,1,446,circular,1.1254903843034576,1.0164772022776856
RandomForest,LeaveOneShapeOut,1,447,circular,1.1811788280767848,1.0326300195302611
RandomForest,LeaveOneShapeOut,1,448,circular,1.2437399821086135,1.029125647325563
RandomForest,LeaveOneShapeOut,1,449,circular,1.2577319063356134,1.065865460313521
RandomForest,LeaveOneShapeOut,1,450,circular,1.1121276540275178,1.0324878725950382
RandomForest,LeaveOneShapeOut,1,451,circular,1.189648160647048,1.0342762623545436
RandomForest,LeaveOneShapeOut,1,452,circular,1.25195418927106,1.0717651155302088
RandomForest,LeaveOneShapeOut,1,453,circular,1.1678173543464752,1.0451557626594032
RandomForest,LeaveOneShapeOut,1,454,circular,1.2150073469027478,1.0504490962378803
RandomForest,LeaveOneShapeOut,1,455,circular,1.2418209384769063,1.0763292833196552
RandomForest,LeaveOneShapeOut,1,456,circular,1.198140263818663,1.0348559608337324
RandomForest,LeaveOneShapeOut,1,457,circular,1.1855044785086055,1.036586971308596
RandomForest,LeaveOneShapeOut,1,458,circular,1.2090963058671387,1.0330853206144368
RandomForest,LeaveOneShapeOut,1,459,circular,1.3259799981856513,1.0348056567503299
RandomForest,LeaveOneShapeOut,1,460,circular,1.299020194398419,1.0350323245240778
RandomForest,LeaveOneShapeOut,1,461,circular,1.3434363952751693,1.0353169358697003
RandomForest,LeaveOneShapeOut,1,462,circular,1.281033681703701,1.0703158965325834
RandomForest,LeaveOneShapeOut,1,463,circular,1.2523021338937257,1.0703843299945741
RandomForest,LeaveOneShapeOut,1,464,circular,1.2935766863339573,1.0728879974331158
RandomForest,LeaveOneShapeOut,1,465,circular,1.1250605898685158,1.0418663373747707
RandomForest,LeaveOneShapeOut,1,466,circular,1.1263474694221658,1.0424053656174057
RandomForest,LeaveOneShapeOut,1,467,circular,1.1413646115604044,1.0434960760128364
RandomForest,LeaveOneShapeOut,1,468,circular,1.2494831646191205,1.0435412478170891
RandomForest,LeaveOneShapeOut,1,469,circular,1.2330886261133327,1.0431715261702026
RandomForest,LeaveOneShapeOut,1,470,circular,1.2417298628121878,1.0445619783364855
RandomForest,LeaveOneShapeOut,1,471,circular,1.265565498136139,1.0796413837476941
RandomForest,LeaveOneShapeOut,1,472,circular,1.261434568255463,1.0788284681127491
RandomForest,LeaveOneShapeOut,1,473,circular,1.2814067423059525,1.0777366787354363
RandomForest,LeaveOneShapeOut,1,474,circular,1.1412579581680564,1.0476228399026608
RandomForest,LeaveOneShapeOut,1,475,circular,1.1639612532058294,1.0451383205334162
RandomForest,LeaveOneShapeOut,1,476,circular,1.1683730857239734,1.0496775486655807
RandomForest,LeaveOneShapeOut,1,477,circular,1.1826622653806047,1.0553313267270983
RandomForest,LeaveOneShapeOut,1,478,circular,1.2042128286825535,1.0510691767737008
RandomForest,LeaveOneShapeOut,1,479,circular,1.1994765786206814,1.0561264626847713
RandomForest,LeaveOneShapeOut,1,480,circular,1.2300282858041112,1.0789882347140802
RandomForest,LeaveOneShapeOut,1,481,circular,1.2323447321023147,1.075713997752952
RandomForest,LeaveOneShapeOut,1,482,circular,1.2559683700923228,1.0796442781190903
RandomForest,LeaveOneShapeOut,1,483,circular,1.097409187610453,1.0170827029830938
RandomForest,LeaveOneShapeOut,1,484,circular,1.12554788472867,1.0170827029830938
RandomForest,LeaveOneShapeOut,1,485,circular,1.1529675365057692,1.069636281921576
RandomForest,LeaveOneShapeOut,1,486,circular,1.1852281853374391,1.069636281921576
RandomForest,LeaveOneShapeOut,1,487,circular,1.122012685118459,1.0637190701655856
RandomForest,LeaveOneShapeOut,1,488,circular,1.1015644821562767,1.0637190701655856
RandomForest,LeaveOneShapeOut,1,489,circular,1.0637998792821723,0.9407054970326808
RandomForest,LeaveOneShapeOut,1,490,circular,1.07947210172219,0.9407054970326808
RandomForest,LeaveOneShapeOut,1,491,circular,0.9842650644053778,0.9319303318030892
RandomForest,LeaveOneShapeOut,1,492,circular,1.0221405808078126,0.9319303318030892
RandomForest,LeaveOneShapeOut,1,493,circular,1.2803725519731772,1.0051428176001211
RandomForest,LeaveOneShapeOut,1,494,circular,1.2443901851729942,1.0051428176001211
RandomForest,LeaveOneShapeOut,1,495,circular,1.1680967901425083,1.0723108602303384
RandomForest,LeaveOneShapeOut,1,496,circular,1.1555366096033417,1.0723108602303384
RandomForest,LeaveOneShapeOut,1,497,circular,1.1389998201135163,1.0604619434708924
RandomForest,LeaveOneShapeOut,1,498,circular,1.0616452868758604,1.0604619434708924
RandomForest,LeaveOneShapeOut,1,499,circular,1.0846139454825912,0.9480211011187706
RandomForest,LeaveOneShapeOut,1,500,circular,1.0813816522675768,0.9480211011187706
RandomForest,LeaveOneShapeOut,1,501,circular,1.0516109537673108,0.9371963307277048
RandomForest,LeaveOneShapeOut,1,502,circular,1.0771791624586369,0.9371963307277048
RandomForest,LeaveOneShapeOut,1,503,circular,1.2520069830423897,1.0066143809828036
RandomForest,LeaveOneShapeOut,1,504,circular,1.2664978046053803,1.0066143809828036
RandomForest,LeaveOneShapeOut,1,505,circular,1.1509658965396408,1.0580853280198141
RandomForest,LeaveOneShapeOut,1,506,circular,1.110275183025613,1.0580853280198141
RandomForest,LeaveOneShapeOut,1,507,circular,1.0614219390071202,0.9381643678008157
RandomForest,LeaveOneShapeOut,1,508,circular,1.0794121413631732,0.9381643678008157
RandomForest,LeaveOneShapeOut,1,509,circular,1.2207707577349554,1.0897244783048938
RandomForest,LeaveOneShapeOut,1,510,circular,1.216295289923274,1.0870862823578216
RandomForest,LeaveOneShapeOut,1,511,circular,1.2763529435507894,1.0885162831679756
RandomForest,LeaveOneShapeOut,1,512,circular,1.246315770469367,1.0847393634857037
RandomForest,LeaveOneShapeOut,1,513,circular,1.4600404038278534,1.0726260556031282
RandomForest,LeaveOneShapeOut,1,514,circular,1.3551376186293855,1.0726260556031282
RandomForest,LeaveOneShapeOut,1,515,circular,1.4154313194801356,1.1055700574283887
RandomForest,LeaveOneShapeOut,1,516,circular,1.3991619939688698,1.1055700574283887
RandomForest,LeaveOneShapeOut,1,517,circular,1.3422696164404564,1.0892409226431392
RandomForest,LeaveOneShapeOut,1,518,circular,1.3377349217903196,1.0892409226431392
RandomForest,LeaveOneShapeOut,1,519,circular,1.4737078098499086,1.0470646605401979
RandomForest,LeaveOneShapeOut,1,520,circular,1.42382207298616,1.067434828883035
RandomForest,LeaveOneShapeOut,1,521,circular,1.4600404038278534,1.0726260556031282
RandomForest,LeaveOneShapeOut,1,522,circular,1.3551376186293855,1.1015456118763247
RandomForest,LeaveOneShapeOut,1,523,circular,1.4602452591610375,1.0328874651637068
RandomForest,LeaveOneShapeOut,1,524,circular,1.3551804572773791,1.0328874651637068
RandomForest,LeaveOneShapeOut,1,525,circular,1.261950280076963,0.950890242278222
RandomForest,LeaveOneShapeOut,1,526,circular,1.2070770909871522,0.9387092326003595
RandomForest,LeaveOneShapeOut,1,527,circular,1.2872591031213836,0.950890242278222
RandomForest,LeaveOneShapeOut,1,528,circular,1.2295175877440858,0.9387092326003595
RandomForest,LeaveOneShapeOut,1,529,circular,1.0749994218548684,0.9959134345616453
RandomForest,LeaveOneShapeOut,1,530,circular,1.1455487199286842,0.9898590429705508
RandomForest,LeaveOneShapeOut,1,531,circular,1.1156002980635482,0.9928579473366007
RandomForest,LeaveOneShapeOut,1,532,circular,1.1812493418381194,0.9689792667795635
RandomForest,LeaveOneShapeOut,1,533,circular,1.1703975528389767,0.969406043620641
RandomForest,LeaveOneShapeOut,1,534,circular,1.178400362037723,0.9698518855868301
RandomForest,LeaveOneShapeOut,1,535,circular,1.14403126667179,0.9571651470674759
RandomForest,LeaveOneShapeOut,1,536,circular,1.1042621429645079,0.9650874916980606
RandomForest,LeaveOneShapeOut,1,537,circular,1.1118741096181768,0.979276448054994
RandomForest,LeaveOneShapeOut,1,538,circular,1.0975680037783655,0.9606405805465144
RandomForest,LeaveOneShapeOut,1,539,circular,1.1234142745770122,0.9855125027018237
RandomForest,LeaveOneShapeOut,1,540,circular,1.136360554615098,1.0507140364868788
RandomForest,LeaveOneShapeOut,1,541,circular,1.2168271823181187,1.0512736583574651
RandomForest,LeaveOneShapeOut,1,542,circular,1.213506864240547,1.047033471894087
RandomForest,LeaveOneShapeOut,1,543,circular,1.3390171937925537,1.0952585127886438
RandomForest,LeaveOneShapeOut,1,544,circular,1.2679319917387057,1.096257064062652
RandomForest,LeaveOneShapeOut,1,545,circular,1.2216366617289183,1.095264618472048
RandomForest,LeaveOneShapeOut,1,546,circular,1.1939933015828132,0.9677190664626838
RandomForest,LeaveOneShapeOut,1,547,circular,1.2313271775294552,0.9671304711623598
RandomForest,LeaveOneShapeOut,1,548,circular,1.2657307970870473,0.9705058778228
RandomForest,LeaveOneShapeOut,1,549,circular,1.2987951649060503,0.9495531967998602
RandomForest,LeaveOneShapeOut,1,550,circular,1.2045657462863062,0.9432997204455884
RandomForest,LeaveOneShapeOut,1,551,circular,1.1706389361953242,0.9441651860404632
RandomForest,LeaveOneShapeOut,1,552,circular,1.2974059019704027,0.9305845146476399
RandomForest,LeaveOneShapeOut,1,553,circular,1.2336684323588558,0.9305670328822262
RandomForest,LeaveOneShapeOut,1,554,circular,1.2434786890775043,0.9305032255393705
RandomForest,LeaveOneShapeOut,1,555,circular,1.24744725501182,1.021521060201753
RandomForest,LeaveOneShapeOut,1,556,circular,1.2255351324166173,0.9904359143097622
RandomForest,LeaveOneShapeOut,1,557,circular,1.212461976536215,0.958275589209585
RandomForest,LeaveOneShapeOut,1,558,circular,1.2390348241766387,1.0219043541225652
RandomForest,LeaveOneShapeOut,1,559,circular,1.3099147850734096,1.0426839578856488
RandomForest,LeaveOneShapeOut,1,560,circular,1.1191135566181951,0.9874746365892583
RandomForest,LeaveOneShapeOut,1,561,circular,1.125520396023584,0.9886837966784809
RandomForest,LeaveOneShapeOut,1,562,circular,1.0688796897447055,0.9772166798788345
RandomForest,LeaveOneShapeOut,1,563,circular,1.0709849653873482,0.9792566512416632
RandomForest,LeaveOneShapeOut,1,564,circular,1.1103910581529506,0.9707342695202924
RandomForest,LeaveOneShapeOut,1,565,circular,1.1128519849889325,0.9705690014221919
RandomForest,LeaveOneShapeOut,1,566,circular,1.0119426075976625,0.9782313830819166
RandomForest,LeaveOneShapeOut,1,567,circular,1.0587853148826611,0.985560776953779
RandomForest,LeaveOneShapeOut,1,568,circular,1.169989109233401,0.9341066023582417
RandomForest,LeaveOneShapeOut,1,569,circular,1.4822375104324539,1.0706752976010925
RandomForest,LeaveOneShapeOut,1,570,circular,1.1172119113349281,1.1143212547696726
RandomForest,LeaveOneShapeOut,1,571,circular,1.1955313826950031,1.1141017033116987
RandomForest,LeaveOneShapeOut,1,572,circular,1.1672017543078723,1.11358512069668
RandomForest,LeaveOneShapeOut,1,573,circular,1.5017169424717123,1.0508569354592283
RandomForest,LeaveOneShapeOut,1,574,circular,1.4594150567682838,1.0508569354592283
RandomForest,LeaveOneShapeOut,1,575,circular,1.4752782639070696,1.0508569354592283
RandomForest,LeaveOneShapeOut,1,576,circular,1.419519117076611,1.0244328343749225
RandomForest,LeaveOneShapeOut,1,577,circular,1.4377180801160547,1.0244328343749225
RandomForest,LeaveOneShapeOut,1,578,circular,1.0939191567339017,0.9654048275447435
RandomForest,LeaveOneShapeOut,1,579,circular,1.1082076544678416,0.9555288562846023
RandomForest,LeaveOneShapeOut,1,580,circular,1.1189148124866442,0.9382235013986653
RandomForest,LeaveOneShapeOut,1,581,circular,1.125154244488275,0.9359021359877869
RandomForest,LeaveOneShapeOut,1,582,circular,1.1253876898014403,0.9537284909677092
RandomForest,LeaveOneShapeOut,1,583,circular,1.103812716496891,0.953819775885142
RandomForest,LeaveOneShapeOut,1,584,circular,1.0985823082868367,0.9554976241146208
RandomForest,LeaveOneShapeOut,1,585,circular,1.0973071033105124,0.9554976241146208
RandomForest,LeaveOneShapeOut,1,586,circular,1.07813229112156,0.9526905453611912
RandomForest,LeaveOneShapeOut,1,587,circular,1.0720181076632134,0.9480494424246018
RandomForest,LeaveOneShapeOut,1,588,circular,1.0996992675102513,0.9489401783533371
RandomForest,LeaveOneShapeOut,1,589,circular,1.1065761847263786,0.9478941126192792
RandomForest,LeaveOneShapeOut,1,590,circular,1.0891297555800707,0.9528756401004373
RandomForest,LeaveOneShapeOut,1,591,circular,1.1179292663043983,0.9649420025953649
RandomForest,LeaveOneShapeOut,1,592,circular,1.1027615541905644,0.9547036167959413
RandomForest,LeaveOneShapeOut,1,593,circular,1.1083054834975656,0.9524887266233765
RandomForest,LeaveOneShapeOut,1,594,circular,1.0963834458272042,0.9472174676273452
RandomForest,LeaveOneShapeOut,1,595,circular,1.1121008667663637,0.9557290062218087
RandomForest,LeaveOneShapeOut,1,596,circular,1.1104141617106007,0.9555288562846023
RandomForest,LeaveOneShapeOut,1,597,circular,1.1053752629591076,0.9555288562846023
RandomForest,LeaveOneShapeOut,1,598,circular,1.101641173779054,0.9555288562846023
RandomForest,LeaveOneShapeOut,1,599,circular,1.4737078098499086,1.0470646605401979
RandomForest,LeaveOneShapeOut,1,600,circular,1.3552291847985056,1.067434828883035
RandomForest,LeaveOneShapeOut,1,601,circular,1.4600404038278534,1.0726260556031282
RandomForest,LeaveOneShapeOut,1,602,circular,1.3551376186293855,1.1015456118763247
RandomForest,LeaveOneShapeOut,1,603,circular,1.1982356859759895,1.0705534465233006
RandomForest,LeaveOneShapeOut,1,604,circular,1.3597925128136246,1.0753117457293195
RandomForest,LeaveOneShapeOut,1,605,circular,1.3584960645166095,1.0875758791787082
RandomForest,LeaveOneShapeOut,1,606,circular,1.3100033270154159,1.0875758791787082
RandomForest,LeaveOneShapeOut,1,607,circular,1.2913700832474397,1.1234966432586517
RandomForest,LeaveOneShapeOut,1,608,circular,1.4978151073335477,1.140524943000988
RandomForest,LeaveOneShapeOut,1,609,circular,1.2096830310287026,1.0509350874300076
RandomForest,LeaveOneShapeOut,1,610,circular,1.2873230266774571,1.0509350874300076
RandomForest,LeaveOneShapeOut,1,611,circular,1.4530112728655133,1.091707848999848
RandomForest,LeaveOneShapeOut,1,612,circular,1.4109684844565789,1.091707848999848
RandomForest,LeaveOneShapeOut,1,613,circular,1.2390348241766387,1.0219043541225652
RandomForest,LeaveOneShapeOut,1,614,circular,1.3099147850734096,1.0426839578856488
RandomForest,LeaveOneShapeOut,1,615,circular,1.306829976743478,1.0491951268192299
RandomForest,LeaveOneShapeOut,1,616,circular,1.290747621841903,1.0491951268192299
RandomForest,LeaveOneShapeOut,1,617,circular,1.3332390142216342,1.0635875002287283
RandomForest,LeaveOneShapeOut,1,618,circular,1.3086128646971864,1.0635875002287283
RandomForest,LeaveOneShapeOut,1,619,circular,1.3199099921891184,1.0676585779857861
RandomForest,LeaveOneShapeOut,1,620,circular,1.3389618107830723,1.0676585779857861
RandomForest,LeaveOneShapeOut,1,621,circular,1.330175403702272,1.067060096139135
RandomForest,LeaveOneShapeOut,1,622,circular,1.3453508784579917,1.067060096139135
RandomForest,LeaveOneShapeOut,1,623,circular,1.3180270589589476,1.089496290542307
RandomForest,LeaveOneShapeOut,1,624,circular,1.352620773381636,1.089496290542307
RandomForest,LeaveOneShapeOut,1,625,circular,1.2617665934601323,1.0352918495228147
RandomForest,LeaveOneShapeOut,1,626,circular,1.3285906550290896,1.0866287808522954
RandomForest,LeaveOneShapeOut,1,627,circular,1.3313087177790965,1.0863964661937568
RandomForest,LeaveOneShapeOut,1,628,circular,1.4053136480542652,1.0861007343187605
RandomForest,LeaveOneShapeOut,1,629,circular,1.3001385373329486,1.0882061992812277
RandomForest,LeaveOneShapeOut,1,630,circular,1.2362028679086534,1.0877892857684712
RandomForest,LeaveOneShapeOut,1,631,circular,1.2965312518289938,1.0880122680422633
RandomForest,LeaveOneShapeOut,1,632,circular,1.3204525886930352,1.0591859104663894
RandomForest,LeaveOneShapeOut,1,633,circular,1.2966698880718244,1.092092589044122
RandomForest,LeaveOneShapeOut,1,634,circular,1.3546268449969268,1.0856603713063244
RandomForest,LeaveOneShapeOut,1,635,circular,1.3040760471428814,1.0910840942936095
RandomForest,LeaveOneShapeOut,1,636,circular,1.2239856207435866,1.0827209332171506
RandomForest,LeaveOneShapeOut,1,637,circular,1.2280509343017207,1.0652976969065746
RandomForest,LeaveOneShapeOut,1,638,circular,1.1604974665781171,1.0652976969065746
RandomForest,LeaveOneShapeOut,1,639,circular,1.2478356905643953,1.0922945526877532
RandomForest,LeaveOneShapeOut,1,640,circular,1.2598277046755322,1.0922945526877532
RandomForest,LeaveOneShapeOut,1,641,circular,1.2968281953681047,1.1014516641710057
RandomForest,LeaveOneShapeOut,1,642,circular,1.2886129941304787,1.1014516641710057
RandomForest,LeaveOneShapeOut,1,643,circular,1.3357650442006035,1.015184357455261
RandomForest,LeaveOneShapeOut,1,644,circular,1.2936721089566459,1.1033812340011353
RandomForest,LeaveOneShapeOut,1,645,circular,1.275484545351331,1.075411423916809
RandomForest,LeaveOneShapeOut,1,646,circular,1.2903183386642592,1.0827738535257196
RandomForest,LeaveOneShapeOut,1,647,circular,1.2604272961433265,1.0192656742091157
RandomForest,LeaveOneShapeOut,1,648,circular,1.2110363638509196,1.0514552286257508
RandomForest,LeaveOneShapeOut,1,649,circular,1.2889693276319096,1.0428675900222857
RandomForest,LeaveOneShapeOut,1,650,circular,1.212706933739826,1.0638156337956075
RandomForest,LeaveOneShapeOut,1,651,circular,1.2996749058776849,1.0333225716458936
RandomForest,LeaveOneShapeOut,1,652,circular,1.3569351531659213,1.0181626190887545
RandomForest,LeaveOneShapeOut,1,653,circular,1.0862451776135187,1.049296568829141
RandomForest,LeaveOneShapeOut,1,654,circular,1.460895937684224,1.0418477191110633
RandomForest,LeaveOneShapeOut,1,655,circular,1.130075412633195,1.0759752540028933
RandomForest,LeaveOneShapeOut,1,656,circular,1.3167453220865304,1.0201785414774165
RandomForest,LeaveOneShapeOut,1,657,circular,1.0294808161480307,1.0591710751067758
RandomForest,LeaveOneShapeOut,1,658,circular,1.4071107610604239,1.0535297060049806
RandomForest,LeaveOneShapeOut,1,659,circular,1.3379552763636882,1.0548067715034366
RandomForest,LeaveOneShapeOut,1,660,circular,1.458792166328811,1.0336506850080287
RandomForest,LeaveOneShapeOut,1,661,circular,1.4286071933023912,1.0569956504709983
RandomForest,LeaveOneShapeOut,1,662,circular,1.271291189652216,1.060598663300741
RandomForest,LeaveOneShapeOut,1,663,circular,1.2934006016461677,1.060598663300741
RandomForest,LeaveOneShapeOut,1,664,circular,1.1975931496723773,1.065855244945131
RandomForest,LeaveOneShapeOut,1,665,circular,1.2528666796572563,1.065855244945131
RandomForest,LeaveOneShapeOut,1,666,circular,1.5184172955589565,1.0383913212743359
RandomForest,LeaveOneShapeOut,1,667,circular,1.4512515359158664,1.0588176067604542
RandomForest,LeaveOneShapeOut,1,668,circular,1.3748654480428981,1.0582640709247586
RandomForest,LeaveOneShapeOut,1,669,circular,1.3665698621385245,1.0416009705468272
RandomForest,LeaveOneShapeOut,1,670,circular,1.2676699633975275,1.0440936774385248
RandomForest,LeaveOneShapeOut,1,671,circular,1.3556201734388373,1.0409050910307152
RandomForest,LeaveOneShapeOut,1,672,circular,1.305064619754932,1.0076848679457777
RandomForest,LeaveOneShapeOut,1,673,circular,1.32021833450372,0.9931589148151443
RandomForest,LeaveOneShapeOut,2,1070,double_skin,1.085038340528937,1.1077762163086673
RandomForest,LeaveOneShapeOut,2,1071,double_skin,1.1307693397708407,1.1073520197937219
RandomForest,LeaveOneShapeOut,2,1072,double_skin,1.0996757650456859,1.126452564783843
RandomForest,LeaveOneShapeOut,2,1073,double_skin,1.0955063337593287,1.1265333943025568
RandomForest,LeaveOneShapeOut,2,1074,double_skin,1.0756310351027727,1.105942549484952
RandomForest,LeaveOneShapeOut,2,1075,double_skin,1.0867084948700119,1.105942549484952
RandomForest,LeaveOneShapeOut,2,1076,double_skin,1.078951380583492,1.0998563657504403
RandomForest,LeaveOneShapeOut,2,1077,double_skin,1.1120537623900697,1.1002060115879941
RandomForest,LeaveOneShapeOut,2,1078,double_skin,0.9745069526860598,1.081582321386227
RandomForest,LeaveOneShapeOut,2,1079,double_skin,1.0646821079762672,1.0838032553205341
RandomForest,LeaveOneShapeOut,2,1080,double_skin,1.1010472395690756,1.0820516165422973
RandomForest,LeaveOneShapeOut,2,1081,double_skin,1.225138376683646,1.1062278613033312
RandomForest,LeaveOneShapeOut,2,1082,double_skin,1.1018703915453945,1.1210161742331344
RandomForest,LeaveOneShapeOut,2,1083,double_skin,1.1117531732571484,1.1293428609645644
RandomForest,LeaveOneShapeOut,2,1084,double_skin,1.0289488059110257,1.1046571877996179
RandomForest,LeaveOneShapeOut,2,1085,double_skin,1.0680368452044127,1.1044258779659517
RandomForest,LeaveOneShapeOut,2,1086,double_skin,1.096170096752698,1.1040924395393918
RandomForest,LeaveOneShapeOut,2,1087,double_skin,1.03783253235919,1.1052486570750302
RandomForest,LeaveOneShapeOut,2,1088,double_skin,1.0932965515293875,1.1046509360648769
RandomForest,LeaveOneShapeOut,2,1089,double_skin,1.02957641998359,1.105183965625088
RandomForest,LeaveOneShapeOut,2,1090,double_skin,1.0746685761783692,1.1056533526729788
RandomForest,LeaveOneShapeOut,2,1091,double_skin,1.1213393502795104,1.1023480595094994
RandomForest,LeaveOneShapeOut,2,1092,double_skin,1.0767282149381492,1.100812001887341
RandomForest,LeaveOneShapeOut,2,1093,double_skin,1.1444650003334558,1.0831701820307191
RandomForest,LeaveOneShapeOut,2,1094,double_skin,1.1217744716652154,1.0839178532695282
RandomForest,LeaveOneShapeOut,2,1095,double_skin,1.1051765385217698,1.1010416801858462
RandomForest,LeaveOneShapeOut,2,1096,double_skin,1.0721243498738824,1.05209870657406
RandomForest,LeaveOneShapeOut,2,1097,double_skin,1.0727233020246498,1.05209870657406
RandomForest,LeaveOneShapeOut,2,1098,double_skin,1.0328141890843778,1.130267828958947
RandomForest,LeaveOneShapeOut,2,1099,double_skin,1.0340676043623929,1.130267828958947
RandomForest,LeaveOneShapeOut,2,1100,double_skin,1.1044529636638045,1.1158392166377247
RandomForest,LeaveOneShapeOut,2,1101,double_skin,1.0451896339062345,1.1158392166377247
RandomForest,LeaveOneShapeOut,2,1102,double_skin,1.1143853870796028,1.1381167291404333
RandomForest,LeaveOneShapeOut,2,1103,double_skin,1.1069890238910214,1.1381167291404333
RandomForest,LeaveOneShapeOut,2,1104,double_skin,0.9766044689625246,1.0268380642650063
RandomForest,LeaveOneShapeOut,2,1105,double_skin,0.9923366351292071,1.0268380642650063
RandomForest,LeaveOneShapeOut,2,1106,double_skin,0.9610692058037282,1.0370459940212489
RandomForest,LeaveOneShapeOut,2,1107,double_skin,0.9423152285064474,1.0370459940212489
RandomForest,LeaveOneShapeOut,2,1108,double_skin,1.1044520945092842,1.1671986463050177
RandomForest,LeaveOneShapeOut,2,1109,double_skin,1.114995539845314,1.1662760942039043
RandomForest,LeaveOneShapeOut,2,1110,double_skin,1.0376183623927866,1.1211745255380143
RandomForest,LeaveOneShapeOut,2,1111,double_skin,1.0226716272060077,1.1106320355468144
RandomForest,LeaveOneShapeOut,2,1112,double_skin,0.8566693631248123,1.1345481865833762
RandomForest,LeaveOneShapeOut,2,1113,double_skin,0.9271998598645403,1.097063460213625
RandomForest,LeaveOneShapeOut,2,1114,double_skin,0.925326410066718,1.0978722800560583
RandomForest,LeaveOneShapeOut,2,1115,double_skin,0.8703098302456302,1.0898339319979329
RandomForest,LeaveOneShapeOut,2,1116,double_skin,0.8377371765066377,1.0813509226027467
RandomForest,LeaveOneShapeOut,2,1117,double_skin,0.9498289887979507,1.168753308964089
RandomForest,LeaveOneShapeOut,2,1118,double_skin,1.08597259320373,1.1656730280949803
RandomForest,LeaveOneShapeOut,2,1119,double_skin,1.0088207083234033,1.1189662538359118
RandomForest,LeaveOneShapeOut,2,1120,double_skin,1.0115521801627119,1.1046994385509548
RandomForest,LeaveOneShapeOut,2,1121,double_skin,0.8984704650298727,1.136798641581742
RandomForest,LeaveOneShapeOut,2,1122,double_skin,1.039472874890902,1.1383800453762434
RandomForest,LeaveOneShapeOut,2,1123,double_skin,1.1529891151319303,1.1358569719535905
RandomForest,LeaveOneShapeOut,2,1124,double_skin,1.0755686525440171,1.123346636529422
RandomForest,LeaveOneShapeOut,2,1125,double_skin,1.095381595204616,1.1362159170734667
RandomForest,LeaveOneShapeOut,2,1126,double_skin,0.9405384463366621,1.1366897607670519
RandomForest,LeaveOneShapeOut,2,1127,double_skin,1.0737288534035496,1.0928627120072374
RandomForest,LeaveOneShapeOut,2,1128,double_skin,1.1435178814495957,1.08907174247418
RandomForest,LeaveOneShapeOut,2,1129,double_skin,1.178103801296056,1.101544994146735
RandomForest,LeaveOneShapeOut,2,1130,double_skin,1.2557662574613244,1.0988159811555869
RandomForest,LeaveOneShapeOut,2,1131,double_skin,1.3850144700222473,1.149373036420012
RandomForest,LeaveOneShapeOut,2,1132,double_skin,1.2741028012909297,1.152294272091757
RandomForest,LeaveOneShapeOut,2,1133,double_skin,1.1076538497478212,1.1618428884381258
RandomForest,LeaveOneShapeOut,2,1134,double_skin,1.3912993667134212,1.1685999353233312
RandomForest,LeaveOneShapeOut,2,1135,double_skin,1.2084578394434637,1.1665386286592374
RandomForest,LeaveOneShapeOut,2,1136,double_skin,1.0662309050346463,1.1566291263304416
RandomForest,LeaveOneShapeOut,2,1137,double_skin,1.3910278943656207,1.1910455888524742
RandomForest,LeaveOneShapeOut,2,1138,double_skin,1.2494401288866919,1.190877915919439
RandomForest,LeaveOneShapeOut,2,1139,double_skin,1.0611065431023565,1.1821504313723437
RandomForest,LeaveOneShapeOut,2,1140,double_skin,1.1265716552931702,1.0187910819199577
RandomForest,LeaveOneShapeOut,2,1141,double_skin,1.1054702040301776,1.0187910819199577
RandomForest,LeaveOneShapeOut,2,1142,double_skin,1.037793772205827,1.0806049208808473
RandomForest,LeaveOneShapeOut,2,1143,double_skin,1.0980070627433665,1.0967724965216457
RandomForest,LeaveOneShapeOut,2,1144,double_skin,0.952786773799889,1.1196665451634298
RandomForest,LeaveOneShapeOut,2,1145,double_skin,0.956328732066803,1.1060276459474367
RandomForest,LeaveOneShapeOut,2,1146,double_skin,1.035432466694551,1.1017636729164635
RandomForest,LeaveOneShapeOut,2,1147,double_skin,1.2459290652252117,1.1102972264202902
RandomForest,LeaveOneShapeOut,2,1148,double_skin,1.1780991161155296,1.1102972264202902
RandomForest,LeaveOneShapeOut,2,1149,double_skin,1.2425629198117052,1.1202122272280812
RandomForest,LeaveOneShapeOut,2,1150,double_skin,1.1950105950934535,1.1202122272280812
RandomForest,LeaveOneShapeOut,2,1151,double_skin,1.1430301000371028,1.1219414942519255
RandomForest,LeaveOneShapeOut,2,1152,double_skin,1.205630125799784,1.1219414942519255
RandomForest,LeaveOneShapeOut,2,1153,double_skin,1.1582772195696889,1.14436554148591
RandomForest,LeaveOneShapeOut,2,1154,double_skin,1.2243646398794856,1.1439471431646715
RandomForest,LeaveOneShapeOut,2,1155,double_skin,1.1906936635201972,1.179665150672758
RandomForest,LeaveOneShapeOut,2,1156,double_skin,1.3287419115266383,1.17894051177665
RandomForest,LeaveOneShapeOut,2,1157,double_skin,1.2177199842411268,1.1423321281682386
RandomForest,LeaveOneShapeOut,2,1158,double_skin,1.3477910529547756,1.1433592401704256
RandomForest,LeaveOneShapeOut,2,1159,double_skin,1.1091406115462894,1.1056411095695093
RandomForest,LeaveOneShapeOut,2,1160,double_skin,1.035857858430026,1.1057953038722557
RandomForest,LeaveOneShapeOut,2,1161,double_skin,0.8642582113774562,1.1054755629435513
RandomForest,LeaveOneShapeOut,2,1162,double_skin,0.923191896996094,1.1058978715924799
RandomForest,LeaveOneShapeOut,2,1163,double_skin,1.201363899452847,1.1207077148429985
RandomForest,LeaveOneShapeOut,2,1164,double_skin,1.15866797014931,1.12543002038871
RandomForest,LeaveOneShapeOut,2,1165,double_skin,1.1515242070091873,1.1205011791740018
RandomForest,LeaveOneShapeOut,2,1166,double_skin,1.1492705924126416,1.1159929121541738
RandomForest,LeaveOneShapeOut,2,1167,double_skin,1.1614286895421577,1.114347396336684
RandomForest,LeaveOneShapeOut,2,1168,double_skin,1.1362525663894414,1.1165397053466577
RandomForest,LeaveOneShapeOut,2,1169,double_skin,1.0023292495692915,1.0307323603875305
RandomForest,LeaveOneShapeOut,2,1170,double_skin,1.0379655867083115,1.0302497527463197
RandomForest,LeaveOneShapeOut,2,1171,double_skin,1.087347257855018,1.0331510011753502
RandomForest,LeaveOneShapeOut,2,1172,double_skin,1.0102026650026907,1.0870785028159031
RandomForest,LeaveOneShapeOut,2,1173,double_skin,1.2586656054794496,1.1069692413454595
RandomForest,LeaveOneShapeOut,2,1174,double_skin,1.1093270225801979,1.0944475504462148
RandomForest,LeaveOneShapeOut,2,1175,double_skin,1.0777567524146088,1.0673867968266366
RandomForest,LeaveOneShapeOut,2,1176,double_skin,1.1859206173745473,1.1123898055861445
RandomForest,LeaveOneShapeOut,2,1177,double_skin,1.1699620861341617,1.0960636763902034
RandomForest,LeaveOneShapeOut,2,1178,double_skin,1.1544495750720332,1.0720373036616089
RandomForest,LeaveOneShapeOut,2,1179,double_skin,1.3329145252832497,1.1244333261781767
RandomForest,LeaveOneShapeOut,2,1180,double_skin,1.205641907267419,1.0969036189195223
RandomForest,LeaveOneShapeOut,2,1181,double_skin,1.1407355560413648,1.071388278999504
RandomForest,LeaveOneShapeOut,2,1182,double_skin,1.3041326362828491,1.1209234904565903
RandomForest,LeaveOneShapeOut,2,1183,double_skin,1.1439628464001368,1.086642589176447
RandomForest,LeaveOneShapeOut,2,1184,double_skin,1.1481266550232272,1.1298600896615876
RandomForest,LeaveOneShapeOut,2,1185,double_skin,1.0121392730133485,1.0940929919532707
RandomForest,LeaveOneShapeOut,2,1186,double_skin,0.9262672594881625,1.0700681312911056
RandomForest,LeaveOneShapeOut,2,1187,double_skin,1.2577788351521888,1.1030458402997516
RandomForest,LeaveOneShapeOut,2,1188,double_skin,1.1173435891703658,1.0991021619659747
RandomForest,LeaveOneShapeOut,2,1189,double_skin,1.018187716323725,1.0595256590025572
RandomForest,LeaveOneShapeOut,2,1190,double_skin,1.3263049781030598,1.1110982588977176
RandomForest,LeaveOneShapeOut,2,1191,double_skin,1.2883246413813407,1.1118412894135743
RandomForest,LeaveOneShapeOut,2,1192,double_skin,1.1505403268106362,1.0988970735712504
RandomForest,LeaveOneShapeOut,2,1193,double_skin,1.1592896000500184,1.1362422010176112
RandomForest,LeaveOneShapeOut,2,1194,double_skin,0.997425534391608,1.087494046732136
RandomForest,LeaveOneShapeOut,2,1195,double_skin,0.8713274711953296,1.061266451050053
RandomForest,LeaveOneShapeOut,2,1196,double_skin,1.0801872300676738,1.0364245262561318
RandomForest,LeaveOneShapeOut,2,1197,double_skin,1.0678072880494998,1.0364245262561318
RandomForest,LeaveOneShapeOut,2,1198,double_skin,0.9715805561173878,1.0263764340533097
RandomForest,LeaveOneShapeOut,2,1199,double_skin,1.1961804273378163,1.0263764340533097
RandomForest,LeaveOneShapeOut,2,1200,double_skin,1.0965491311483904,1.178339793024898
RandomForest,LeaveOneShapeOut,2,1201,double_skin,1.1073420862539893,1.1797024344432117
RandomForest,LeaveOneShapeOut,2,1202,double_skin,1.0462743926616123,1.1393575935255453
RandomForest,LeaveOneShapeOut,2,1203,double_skin,1.1043150678241378,1.1438206914014486
RandomForest,LeaveOneShapeOut,2,1204,double_skin,1.0485141237887667,1.167152030728071
RandomForest,LeaveOneShapeOut,2,1205,double_skin,1.0673330704541268,1.1682250869879243
RandomForest,LeaveOneShapeOut,2,1206,double_skin,1.0353921611104167,1.1089422393882191
RandomForest,LeaveOneShapeOut,2,1207,double_skin,1.0948995314254935,1.1120759948788141
RandomForest,LeaveOneShapeOut,2,1208,double_skin,1.0039855380899558,1.1250579805833976
RandomForest,LeaveOneShapeOut,2,1209,double_skin,1.1134140776413095,1.1616895408771135
RandomForest,LeaveOneShapeOut,2,1210,double_skin,1.0631806389529381,1.125733878909365
RandomForest,LeaveOneShapeOut,2,1211,double_skin,1.1145638976781345,1.1577094833639228
RandomForest,LeaveOneShapeOut,2,1212,double_skin,0.9527641983415764,1.1093620668261737
RandomForest,LeaveOneShapeOut,2,1213,double_skin,1.059617961514579,1.1567304913482133
RandomForest,LeaveOneShapeOut,2,1214,double_skin,0.9844503918635705,1.1160106337803823
RandomForest,LeaveOneShapeOut,2,1215,double_skin,1.0620631454927059,1.15615542104206
RandomForest,LeaveOneShapeOut,2,1216,double_skin,1.315611535949616,1.1177775334020985
RandomForest,LeaveOneShapeOut,2,1217,double_skin,1.321493870216924,1.1178569337203423
RandomForest,LeaveOneShapeOut,2,1218,double_skin,1.300109647628024,1.119581635657376
RandomForest,LeaveOneShapeOut,2,1219,double_skin,1.2213641571992742,1.1252968676168753
RandomForest,LeaveOneShapeOut,2,1220,double_skin,1.2420221324569725,1.166493412141997
RandomForest,LeaveOneShapeOut,2,1221,double_skin,1.1793810571282626,1.1725244569829856
RandomForest,LeaveOneShapeOut,2,1222,double_skin,1.341401091173224,1.1402596422689382
RandomForest,LeaveOneShapeOut,2,1223,double_skin,1.3590383285412608,1.1304177990199855
RandomForest,LeaveOneShapeOut,2,1224,double_skin,1.341100463863825,1.1279534002904201
RandomForest,LeaveOneShapeOut,2,1225,double_skin,1.3379293134408992,1.1286501032190204
RandomForest,LeaveOneShapeOut,2,1226,double_skin,1.2423862448572742,1.1709269841796803
RandomForest,LeaveOneShapeOut,2,1227,double_skin,1.295731905940998,1.178448097265402
RandomForest,LeaveOneShapeOut,2,1228,double_skin,1.2968000682410465,1.1222781729063736
RandomForest,LeaveOneShapeOut,2,1229,double_skin,1.3248671589135808,1.122232657745466
RandomForest,LeaveOneShapeOut,2,1230,double_skin,1.2727062614032296,1.1192501608940044
RandomForest,LeaveOneShapeOut,2,1231,double_skin,1.2491299387414074,1.127392018040692
RandomForest,LeaveOneShapeOut,2,1232,double_skin,1.2416090164603064,1.094372216021282
RandomForest,LeaveOneShapeOut,2,1233,double_skin,1.2906003436943214,1.0989447292426606
RandomForest,LeaveOneShapeOut,2,1234,double_skin,1.2453334020922404,1.1389543626432022
RandomForest,LeaveOneShapeOut,2,1235,double_skin,1.2710402038367952,1.137836643864021
RandomForest,LeaveOneShapeOut,2,1236,double_skin,1.2598848117446926,1.1198710632491953
RandomForest,LeaveOneShapeOut,2,1237,double_skin,1.2577969075705766,1.1254793562133554
RandomForest,LeaveOneShapeOut,2,1238,double_skin,1.273656042355025,1.1302094706540826
RandomForest,LeaveOneShapeOut,2,1239,double_skin,1.2975117691225708,1.1313258379350186
RandomForest,LeaveOneShapeOut,2,1240,double_skin,1.141933929553526,1.1586004667400795
RandomForest,LeaveOneShapeOut,2,1241,double_skin,1.1122829007007686,1.158601482639524
RandomForest,LeaveOneShapeOut,2,1242,double_skin,0.9806296069327972,1.1006217865226864
RandomForest,LeaveOneShapeOut,2,1243,double_skin,0.9882674121009779,1.100620770623242
RandomForest,LeaveOneShapeOut,2,1244,double_skin,0.909388460644713,1.0614170577827893
RandomForest,LeaveOneShapeOut,2,1245,double_skin,0.9206280817945109,1.0614170577827893
RandomForest,LeaveOneShapeOut,2,1246,double_skin,1.0627439446106552,1.1544865207102546
RandomForest,LeaveOneShapeOut,2,1247,double_skin,1.0897867332299558,1.1544865207102546
RandomForest,LeaveOneShapeOut,2,1248,double_skin,0.9553396291415502,1.1005927248259284
RandomForest,LeaveOneShapeOut,2,1249,double_skin,0.9667036756208146,1.1008837567530059
RandomForest,LeaveOneShapeOut,2,1250,double_skin,0.9058718141236114,1.0603146469392375
RandomForest,LeaveOneShapeOut,2,1251,double_skin,0.9071073459946644,1.0602983017653458
RandomForest,LeaveOneShapeOut,2,1252,double_skin,1.0748443899621265,1.1855101603556575
RandomForest,LeaveOneShapeOut,2,1253,double_skin,1.0847931967159354,1.185209936707504
RandomForest,LeaveOneShapeOut,2,1254,double_skin,1.0481566093914891,1.1350174318007156
RandomForest,LeaveOneShapeOut,2,1255,double_skin,1.035748608751493,1.136384128723748
RandomForest,LeaveOneShapeOut,2,1256,double_skin,0.9602399654990533,1.088208476548359
RandomForest,LeaveOneShapeOut,2,1257,double_skin,0.9387466497094197,1.088208476548359
RandomForest,LeaveOneShapeOut,2,1258,double_skin,1.1649205479468496,1.1681341801326894
RandomForest,LeaveOneShapeOut,2,1259,double_skin,1.1465924174971283,1.1681341801326894
RandomForest,LeaveOneShapeOut,2,1260,double_skin,1.0653350438621676,1.1204201708580235
RandomForest,LeaveOneShapeOut,2,1261,double_skin,1.0435198380588349,1.1194688058327262
RandomForest,LeaveOneShapeOut,2,1262,double_skin,0.9538377649384251,1.084012775350659
RandomForest,LeaveOneShapeOut,2,1263,double_skin,0.948673738325425,1.0845230835883415
RandomForest,LeaveOneShapeOut,2,1264,double_skin,1.1593331642563451,1.098519848393
RandomForest,LeaveOneShapeOut,2,1265,double_skin,1.1779023413012728,1.07980134117022
RandomForest,LeaveOneShapeOut,2,1266,double_skin,1.2355319912662999,1.148942820627277
RandomForest,LeaveOneShapeOut,2,1267,double_skin,1.2072169873339482,1.1458647053553486
RandomForest,LeaveOneShapeOut,2,1268,double_skin,1.1924214709911969,1.1639259198072747
RandomForest,LeaveOneShapeOut,2,1269,double_skin,1.1955563918570484,1.1744466322615263
RandomForest,LeaveOneShapeOut,2,1270,double_skin,1.2418488513599957,1.0978506785772442
RandomForest,LeaveOneShapeOut,2,1271,double_skin,1.2175455825092005,1.102088493076253
RandomForest,LeaveOneShapeOut,2,1272,double_skin,1.1852436392627124,1.1647785524965162
RandomForest,LeaveOneShapeOut,2,1273,double_skin,1.1853745270063873,1.1660860602781953
RandomForest,LeaveOneShapeOut,2,1274,double_skin,1.0902173889883209,0.9970367235899326
RandomForest,LeaveOneShapeOut,2,1275,double_skin,1.1730331121385693,0.9940772033934566
RandomForest,LeaveOneShapeOut,2,1276,double_skin,1.1197725642725351,0.9974508087457968
RandomForest,LeaveOneShapeOut,2,1277,double_skin,1.160112709927871,0.9944912885493207
RandomForest,LeaveOneShapeOut,2,1278,double_skin,1.09245338928527,1.1430409346172263
RandomForest,LeaveOneShapeOut,2,1279,double_skin,1.1148026517648044,1.1508982623226522
RandomForest,LeaveOneShapeOut,2,1280,double_skin,1.3062699890462746,1.118743743923515
RandomForest,LeaveOneShapeOut,2,1281,double_skin,1.2916893734385226,1.1203429115280932
RandomForest,LeaveOneShapeOut,2,1282,double_skin,1.2358930448368057,1.1662490594795225
RandomForest,LeaveOneShapeOut,2,1283,double_skin,1.3332421845351963,1.14103291658517
RandomForest,LeaveOneShapeOut,2,1284,double_skin,1.3336304167933815,1.1285001453220975
RandomForest,LeaveOneShapeOut,2,1285,double_skin,1.237140156243384,1.1710213946690746
RandomForest,LeaveOneShapeOut,2,1286,double_skin,1.295253040402869,1.1224550169664933
RandomForest,LeaveOneShapeOut,2,1287,double_skin,1.264472988216988,1.1209659643790162
RandomForest,LeaveOneShapeOut,2,1288,double_skin,1.2380719713391037,1.0886294874988227
RandomForest,LeaveOneShapeOut,2,1289,double_skin,1.23632053112742,1.139959827720033
RandomForest,LeaveOneShapeOut,2,1290,double_skin,1.251725829629863,1.1212706687475322
RandomForest,LeaveOneShapeOut,2,1291,double_skin,1.2664965801050374,1.1308443849716598
RandomForest,LeaveOneShapeOut,2,1292,double_skin,0.9296708428077955,1.1512598030918866
RandomForest,LeaveOneShapeOut,2,1293,double_skin,0.9825365769244127,1.1483484220871345
RandomForest,LeaveOneShapeOut,2,1294,double_skin,1.2160149331549017,1.021951970918775
RandomForest,LeaveOneShapeOut,2,1295,double_skin,1.0637062917676785,1.1142755753662994
RandomForest,LeaveOneShapeOut,2,1296,double_skin,1.062512336545894,1.1389902428493635
RandomForest,LeaveOneShapeOut,2,1297,double_skin,1.2449377557454981,1.1320934538610006
RandomForest,LeaveOneShapeOut,2,1298,double_skin,1.2483737925091278,1.12881651705698
RandomForest,LeaveOneShapeOut,2,1299,double_skin,1.3448064616352342,1.1090346349973605
RandomForest,LeaveOneShapeOut,2,1300,double_skin,1.4887661059461517,1.1553588608167475
RandomForest,LeaveOneShapeOut,2,1301,double_skin,1.4805381618930584,1.1546179561461027
RandomForest,LeaveOneShapeOut,2,1302,double_skin,1.3626231231901993,1.1452174850450794
RandomForest,LeaveOneShapeOut,2,1303,double_skin,1.5324427576719262,1.1564792414099483
RandomForest,LeaveOneShapeOut,2,1304,double_skin,1.328050237434794,1.1811850315983583
RandomForest,LeaveOneShapeOut,2,1305,double_skin,1.3609871368259172,1.183544753686984
RandomForest,LeaveOneShapeOut,2,1306,double_skin,1.3160703380322636,1.1870134882728545
RandomForest,LeaveOneShapeOut,2,1307,double_skin,1.430059902278322,1.197321333931482
RandomForest,LeaveOneShapeOut,2,1308,double_skin,1.4492314829171709,1.1220655484509987
RandomForest,LeaveOneShapeOut,2,1309,double_skin,1.673702401061257,1.1205463553562527
RandomForest,LeaveOneShapeOut,2,1310,double_skin,1.4504661804850634,1.11418858334211
RandomForest,LeaveOneShapeOut,2,1311,double_skin,1.717567258824871,1.1287007780331642
RandomForest,LeaveOneShapeOut,2,1312,double_skin,1.2570825716776333,1.1432304387009886
RandomForest,LeaveOneShapeOut,2,1313,double_skin,1.395855754418989,1.150477952138128
RandomForest,LeaveOneShapeOut,2,1314,double_skin,1.3778941259096227,1.1355569013173135
RandomForest,LeaveOneShapeOut,2,1315,double_skin,1.4696556798213947,1.1541563607068297
RandomForest,LeaveOneShapeOut,3,674,rectangular,1.06953698397908,1.3682023504946343
RandomForest,LeaveOneShapeOut,3,675,rectangular,1.0716465243814055,1.3682023504946343
RandomForest,LeaveOneShapeOut,3,676,rectangular,1.0462366417310374,1.321626634622316
RandomForest,LeaveOneShapeOut,3,677,rectangular,1.023264728934967,1.4012581847490977
RandomForest,LeaveOneShapeOut,3,678,rectangular,1.0213662786029911,1.4012581847490977
RandomForest,LeaveOneShapeOut,3,679,rectangular,1.0605662066642707,1.3664471743645286
RandomForest,LeaveOneShapeOut,3,680,rectangular,1.0590065504779997,1.3664471743645286
RandomForest,LeaveOneShapeOut,3,681,rectangular,0.9291387514086493,1.232876637941523
RandomForest,LeaveOneShapeOut,3,682,rectangular,1.0127561317700873,1.2574420554644494
RandomForest,LeaveOneShapeOut,3,683,rectangular,0.8818123522200535,1.1860866588777577
RandomForest,LeaveOneShapeOut,3,684,rectangular,0.9632749833968759,1.2152587983709318
RandomForest,LeaveOneShapeOut,3,685,rectangular,0.8908545915693714,1.316072506551493
RandomForest,LeaveOneShapeOut,3,686,rectangular,0.9507109204994402,1.3371139724442873
RandomForest,LeaveOneShapeOut,3,687,rectangular,0.9585829643136233,1.3338209158160645
RandomForest,LeaveOneShapeOut,3,688,rectangular,0.9595862668053858,1.3419879610920749
RandomForest,LeaveOneShapeOut,3,689,rectangular,0.9884695799780571,1.3088576893908959
RandomForest,LeaveOneShapeOut,3,690,rectangular,1.0401008214518896,1.2947641277201587
RandomForest,LeaveOneShapeOut,3,691,rectangular,0.9186291926691872,1.2935246770869195
RandomForest,LeaveOneShapeOut,3,692,rectangular,1.0192749456133143,1.282890209386598
RandomForest,LeaveOneShapeOut,3,693,rectangular,0.9127835333850577,1.2810733535217118
RandomForest,LeaveOneShapeOut,3,694,rectangular,0.9972231171660454,1.2942539926176682
RandomForest,LeaveOneShapeOut,3,695,rectangular,0.9128426995596877,1.2930145419844292
RandomForest,LeaveOneShapeOut,3,696,rectangular,1.003832816207337,1.297350082595515
RandomForest,LeaveOneShapeOut,3,697,rectangular,0.9125752874612155,1.296110631962276
RandomForest,LeaveOneShapeOut,3,698,rectangular,1.027009289900049,1.269367494850698
RandomForest,LeaveOneShapeOut,3,699,rectangular,1.0482746914157164,1.1755172344053588
RandomForest,LeaveOneShapeOut,3,700,rectangular,0.9167472922833516,1.1700622294303675
RandomForest,LeaveOneShapeOut,3,701,rectangular,0.8640136456166635,1.1141342332908388
RandomForest,LeaveOneShapeOut,3,702,rectangular,0.9608620035264834,1.1629565992096236
RandomForest,LeaveOneShapeOut,3,703,rectangular,0.9081053698399476,1.1088841515336854
RandomForest,LeaveOneShapeOut,3,704,rectangular,1.0208279872998902,1.2837475502699558
RandomForest,LeaveOneShapeOut,3,705,rectangular,1.0122966091723296,1.1895363421304956
RandomForest,LeaveOneShapeOut,3,706,rectangular,1.1371215663950138,1.1870892937222457
RandomForest,LeaveOneShapeOut,3,707,rectangular,0.9947622291164563,1.1968610551783838
RandomForest,LeaveOneShapeOut,3,708,rectangular,0.9042217768159755,1.1350509198129572
RandomForest,LeaveOneShapeOut,3,709,rectangular,1.1173887074432522,1.188190770254049
RandomForest,LeaveOneShapeOut,3,710,rectangular,0.9943744272212695,1.1962663703248644
RandomForest,LeaveOneShapeOut,3,711,rectangular,1.025037102173695,1.370007560771499
RandomForest,LeaveOneShapeOut,3,712,rectangular,0.9756042909375217,1.3818940191349125
RandomForest,LeaveOneShapeOut,3,713,rectangular,1.0187432561830583,1.3818940191349125
RandomForest,LeaveOneShapeOut,3,714,rectangular,0.9721328583393922,1.256448827430005
RandomForest,LeaveOneShapeOut,3,715,rectangular,0.9375664445830088,1.2536444052148017
RandomForest,LeaveOneShapeOut,3,716,rectangular,1.0494235703981207,1.3690695965648039
RandomForest,LeaveOneShapeOut,3,717,rectangular,1.014571862655111,1.3682318501722828
RandomForest,LeaveOneShapeOut,3,718,rectangular,0.9978268847018567,1.283824080718085
RandomForest,LeaveOneShapeOut,3,719,rectangular,0.9785226954714671,1.283824080718085
RandomForest,LeaveOneShapeOut,3,720,rectangular,1.0327321771459947,1.3875633169884176
RandomForest,LeaveOneShapeOut,3,721,rectangular,0.9809199335646905,1.3875633169884176
RandomForest,LeaveOneShapeOut,3,722,rectangular,1.0918158283594679,1.4037980294574686
RandomForest,LeaveOneShapeOut,3,723,rectangular,1.0578333859959272,1.2973831455624594
RandomForest,LeaveOneShapeOut,3,724,rectangular,0.9940735654701452,1.2973831455624594
RandomForest,LeaveOneShapeOut,3,725,rectangular,1.1119697575281549,1.3758855914011021
RandomForest,LeaveOneShapeOut,3,726,rectangular,1.0456940551391063,1.3738961209860303
RandomForest,LeaveOneShapeOut,3,727,rectangular,1.1333855233516579,1.2833886157573349
RandomForest,LeaveOneShapeOut,3,728,rectangular,1.0752776543097362,1.2833886157573349
RandomForest,LeaveOneShapeOut,3,729,rectangular,1.0676435686744394,1.3148452085865403
RandomForest,LeaveOneShapeOut,3,730,rectangular,1.0168033987375615,1.3148452085865403
RandomForest,LeaveOneShapeOut,3,731,rectangular,1.1716324806430052,1.3455664680913606
RandomForest,LeaveOneShapeOut,3,732,rectangular,1.1658421700897874,1.3270245641529683
RandomForest,LeaveOneShapeOut,3,733,rectangular,1.1283652605741799,1.2780450476802885
RandomForest,LeaveOneShapeOut,3,734,rectangular,1.178233226761944,1.2796841543258792
RandomForest,LeaveOneShapeOut,3,735,rectangular,1.0525255794086772,1.1847390031213856
RandomForest,LeaveOneShapeOut,3,736,rectangular,1.0834822140971676,1.1847390031213856
RandomForest,LeaveOneShapeOut,3,737,rectangular,1.077036799237642,1.1329277473525476
RandomForest,LeaveOneShapeOut,3,738,rectangular,1.1062335799398673,1.1329277473525476
RandomForest,LeaveOneShapeOut,3,739,rectangular,1.0525512247820288,1.1337883490481873
RandomForest,LeaveOneShapeOut,3,740,rectangular,1.1790389398250496,1.3145013345073273
RandomForest,LeaveOneShapeOut,3,741,rectangular,1.071797169648938,1.3175324742996417
RandomForest,LeaveOneShapeOut,3,742,rectangular,1.1582712076440551,1.3201677899899904
RandomForest,LeaveOneShapeOut,3,743,rectangular,1.1763225868857685,1.273476141643147
RandomForest,LeaveOneShapeOut,3,744,rectangular,1.1394168016812345,1.1213749891671432
RandomForest,LeaveOneShapeOut,3,745,rectangular,1.1532149251359798,1.1673428020727437
RandomForest,LeaveOneShapeOut,3,746,rectangular,1.1512238868735534,1.254793682361459
RandomForest,LeaveOneShapeOut,3,747,rectangular,1.1484767056471201,1.255625927786501
RandomForest,LeaveOneShapeOut,3,748,rectangular,1.1771886232882982,1.255625927786501
RandomForest,LeaveOneShapeOut,3,749,rectangular,1.0977030977502156,1.132886083843792
RandomForest,LeaveOneShapeOut,3,750,rectangular,1.0946276409912032,1.1345113471336365
RandomForest,LeaveOneShapeOut,3,751,rectangular,1.1850025214136133,1.2284757549399805
RandomForest,LeaveOneShapeOut,3,752,rectangular,1.1576632873843928,1.2312680200273158
RandomForest,LeaveOneShapeOut,3,753,rectangular,1.0530510315036463,1.2533839433648877
RandomForest,LeaveOneShapeOut,3,754,rectangular,1.119950655964233,1.2463945835118966
RandomForest,LeaveOneShapeOut,3,755,rectangular,1.156965801441185,1.121095094203142
RandomForest,LeaveOneShapeOut,3,756,rectangular,1.1262308703670376,1.1249599257923881
RandomForest,LeaveOneShapeOut,3,757,rectangular,1.0887674041182602,1.2138288984747048
RandomForest,LeaveOneShapeOut,3,758,rectangular,1.1314321213749883,1.2188437884309515
RandomForest,LeaveOneShapeOut,3,759,rectangular,1.0364279604429998,1.1313386561186618
RandomForest,LeaveOneShapeOut,3,760,rectangular,0.9619250510688471,1.11557294263289
RandomForest,LeaveOneShapeOut,3,761,rectangular,1.078542207069355,1.2566524084824036
RandomForest,LeaveOneShapeOut,3,762,rectangular,1.1353075863887947,1.2566524084824036
RandomForest,LeaveOneShapeOut,3,763,rectangular,1.024164701767882,1.1980384357416987
RandomForest,LeaveOneShapeOut,3,764,rectangular,1.0840452992502785,1.1980384357416987
RandomForest,LeaveOneShapeOut,3,765,rectangular,1.1024571061792323,1.2629867993609591
RandomForest,LeaveOneShapeOut,3,766,rectangular,1.1233567669598814,1.2629867993609591
RandomForest,LeaveOneShapeOut,3,767,rectangular,1.0829615417225233,1.1376803607090245
RandomForest,LeaveOneShapeOut,3,768,rectangular,1.021949623879001,1.1376803607090245
RandomForest,LeaveOneShapeOut,3,769,rectangular,1.1632431483901737,1.2643435443004976
RandomForest,LeaveOneShapeOut,3,770,rectangular,1.158611523693908,1.2547996106736545
RandomForest,LeaveOneShapeOut,3,771,rectangular,1.059029496018931,1.2026666520013862
RandomForest,LeaveOneShapeOut,3,772,rectangular,1.0060780212179845,1.2026666520013862
RandomForest,LeaveOneShapeOut,3,773,rectangular,1.055724814851753,1.1511713302542523
RandomForest,LeaveOneShapeOut,3,774,rectangular,1.0981965028055594,1.1511713302542523
RandomForest,LeaveOneShapeOut,3,775,rectangular,1.0986855569462772,1.1349075783053388
RandomForest,LeaveOneShapeOut,3,776,rectangular,1.069703443933306,1.1349075783053388
RandomForest,LeaveOneShapeOut,3,777,rectangular,1.1732223146824223,1.2761659106208363
RandomForest,LeaveOneShapeOut,3,778,rectangular,1.1409909324109273,1.2761659106208363
RandomForest,LeaveOneShapeOut,3,779,rectangular,1.0766288800381931,1.277326953831102
RandomForest,LeaveOneShapeOut,3,780,rectangular,1.0802645315227415,1.2748979420864917
RandomForest,LeaveOneShapeOut,3,781,rectangular,1.1470667064816837,1.2645546555345903
RandomForest,LeaveOneShapeOut,3,782,rectangular,1.1807084712317466,1.2653340863243436
RandomForest,LeaveOneShapeOut,3,783,rectangular,1.0269803115082223,1.196128292478561
RandomForest,LeaveOneShapeOut,3,784,rectangular,1.10977600159026,1.191457690854601
RandomForest,LeaveOneShapeOut,3,785,rectangular,1.0011289227779692,1.3712696067783297
RandomForest,LeaveOneShapeOut,3,786,rectangular,0.9789157460188382,1.2690116905212017
RandomForest,LeaveOneShapeOut,3,787,rectangular,0.9706081159253261,1.2690116905212017
RandomForest,LeaveOneShapeOut,3,788,rectangular,0.9795042253674844,1.2109226700335753
RandomForest,LeaveOneShapeOut,3,789,rectangular,0.8928235053842986,1.1823967411561325
RandomForest,LeaveOneShapeOut,3,790,rectangular,0.875557267369265,1.1148340315279917
RandomForest,LeaveOneShapeOut,3,791,rectangular,0.8965710512733155,1.0869886408511886
RandomForest,LeaveOneShapeOut,3,792,rectangular,0.9885768620769692,1.2619482043728332
RandomForest,LeaveOneShapeOut,3,793,rectangular,0.9811458485379492,1.2838104059162445
RandomForest,LeaveOneShapeOut,3,794,rectangular,0.966121179204925,1.2838104059162445
RandomForest,LeaveOneShapeOut,3,795,rectangular,0.9736418269527575,1.249874215353718
RandomForest,LeaveOneShapeOut,3,796,rectangular,0.9298059038456692,1.2534624375252923
RandomForest,LeaveOneShapeOut,3,797,rectangular,0.9206606879660199,1.1837398642355184
RandomForest,LeaveOneShapeOut,3,798,rectangular,0.9323040932338827,1.1837398642355184
RandomForest,LeaveOneShapeOut,3,799,rectangular,0.9220788144923887,1.1539274211649873
RandomForest,LeaveOneShapeOut,3,800,rectangular,0.8870355863052073,1.144618660831881
RandomForest,LeaveOneShapeOut,3,801,rectangular,1.0271484100762487,1.2556122732831034
RandomForest,LeaveOneShapeOut,3,802,rectangular,1.013516318124347,1.1941904496340294
RandomForest,LeaveOneShapeOut,3,803,rectangular,1.0148873243037508,1.1941904496340294
RandomForest,LeaveOneShapeOut,3,804,rectangular,1.0060940214975271,1.1797510456245555
RandomForest,LeaveOneShapeOut,3,805,rectangular,0.9770268584853092,1.2214987790041705
RandomForest,LeaveOneShapeOut,3,806,rectangular,0.9548260673473076,1.1938091704924323
RandomForest,LeaveOneShapeOut,3,807,rectangular,0.9652392606034879,1.1938091704924323
RandomForest,LeaveOneShapeOut,3,808,rectangular,0.9473561043119533,1.1844832855709453
RandomForest,LeaveOneShapeOut,3,809,rectangular,0.9090970473279092,1.1713816842962606
RandomForest,LeaveOneShapeOut,3,810,rectangular,0.8748433612948089,1.1843891408487583
RandomForest,LeaveOneShapeOut,3,811,rectangular,1.1102016641673793,1.2275322322718387
RandomForest,LeaveOneShapeOut,3,812,rectangular,0.9603762259588122,1.1527943566495251
RandomForest,LeaveOneShapeOut,3,813,rectangular,1.0417378229660836,1.273636753262812
RandomForest,LeaveOneShapeOut,3,814,rectangular,0.9208205165973737,1.0891714817369673
RandomForest,LeaveOneShapeOut,3,815,rectangular,1.1151536423574908,1.2685955750979991
RandomForest,LeaveOneShapeOut,3,816,rectangular,0.9689279686173381,1.2050644494612797
RandomForest,LeaveOneShapeOut,3,817,rectangular,1.00947218111946,1.210982758375236
RandomForest,LeaveOneShapeOut,3,818,rectangular,0.8977259185724457,1.1567933553147773
RandomForest,LeaveOneShapeOut,3,819,rectangular,1.0741512924941898,1.3175401479227011
RandomForest,LeaveOneShapeOut,3,820,rectangular,0.9634333717368522,1.2327288463565287
RandomForest,LeaveOneShapeOut,3,821,rectangular,1.0345841173826607,1.2810676556668332
RandomForest,LeaveOneShapeOut,3,822,rectangular,0.931234772797198,1.222833273136212
RandomForest,LeaveOneShapeOut,3,823,rectangular,0.8885581509727589,1.262810692003847
RandomForest,LeaveOneShapeOut,3,824,rectangular,1.0388927642676498,1.257937416167491
RandomForest,LeaveOneShapeOut,3,825,rectangular,1.1329344052767332,1.2875054137150814
RandomForest,LeaveOneShapeOut,3,826,rectangular,0.9411324124276237,1.240585344844371
RandomForest,LeaveOneShapeOut,3,827,rectangular,0.9918723486339667,1.2962194164428034
RandomForest,LeaveOneShapeOut,3,828,rectangular,1.0311072708311233,1.299371194036539
RandomForest,LeaveOneShapeOut,3,829,rectangular,1.171871390093672,1.3527709622392705
RandomForest,LeaveOneShapeOut,3,830,rectangular,1.166085946843375,1.337897440116534
RandomForest,LeaveOneShapeOut,3,831,rectangular,1.128644883881722,1.2790509358036979
RandomForest,LeaveOneShapeOut,3,832,rectangular,1.1785261834797467,1.2806900424492886
RandomForest,LeaveOneShapeOut,3,833,rectangular,1.1952074462688937,1.2814107968279518
RandomForest,LeaveOneShapeOut,3,834,rectangular,1.0196320492867985,1.1690714180716095
RandomForest,LeaveOneShapeOut,3,835,rectangular,0.9835206606525958,1.1624618245991267
RandomForest,LeaveOneShapeOut,3,836,rectangular,1.0407980809427315,1.1338858086211812
RandomForest,LeaveOneShapeOut,3,837,rectangular,1.0690124867514201,1.1338858086211812
RandomForest,LeaveOneShapeOut,3,838,rectangular,1.0172706870924326,1.134030106455391
RandomForest,LeaveOneShapeOut,3,839,rectangular,1.1793391334116536,1.3210791978391268
RandomForest,LeaveOneShapeOut,3,840,rectangular,1.072069099621178,1.323244544396759
RandomForest,LeaveOneShapeOut,3,841,rectangular,1.1585624934929537,1.3256565689892736
RandomForest,LeaveOneShapeOut,3,842,rectangular,1.1766778981895882,1.2743372214597375
RandomForest,LeaveOneShapeOut,3,843,rectangular,1.1536852924437238,1.167400849602472
RandomForest,LeaveOneShapeOut,3,844,rectangular,1.139912956872766,1.1218905189402455
RandomForest,LeaveOneShapeOut,3,845,rectangular,1.1206151496013752,1.123590187377951
RandomForest,LeaveOneShapeOut,3,846,rectangular,1.017734060884549,1.214931507338376
RandomForest,LeaveOneShapeOut,3,847,rectangular,0.9914081945242199,1.214931507338376
RandomForest,LeaveOneShapeOut,3,848,rectangular,1.0682404704488726,1.2232754957029468
RandomForest,LeaveOneShapeOut,3,849,rectangular,1.0671828066167448,1.2232754957029468
RandomForest,LeaveOneShapeOut,3,850,rectangular,1.0519693298913266,1.2405497963315022
RandomForest,LeaveOneShapeOut,3,851,rectangular,1.0970795069878672,1.2405497963315022
RandomForest,LeaveOneShapeOut,3,852,rectangular,1.0472415535706674,1.1934523944687196
RandomForest,LeaveOneShapeOut,3,853,rectangular,1.0761624685675317,1.1934523944687196
RandomForest,LeaveOneShapeOut,3,854,rectangular,0.9627957798198005,1.1659912855500618
RandomForest,LeaveOneShapeOut,3,855,rectangular,0.9978743857512196,1.1659912855500618
RandomForest,LeaveOneShapeOut,3,856,rectangular,0.8855537244364577,1.0757010387130297
RandomForest,LeaveOneShapeOut,3,857,rectangular,1.0379847751848825,1.1419001920460792
RandomForest,LeaveOneShapeOut,3,858,rectangular,1.0008111503855663,1.088425386206666
RandomForest,LeaveOneShapeOut,3,859,rectangular,1.03016990286554,1.097732889463503
RandomForest,LeaveOneShapeOut,3,860,rectangular,1.1224582763312743,1.1366593235674163
RandomForest,LeaveOneShapeOut,3,861,rectangular,1.0298317805372306,1.339309941447702
RandomForest,LeaveOneShapeOut,3,862,rectangular,0.9950721190187648,1.3424334355912348
RandomForest,LeaveOneShapeOut,3,863,rectangular,0.882387614612431,1.207407815348594
RandomForest,LeaveOneShapeOut,3,864,rectangular,0.9073027741064279,1.207407815348594
RandomForest,LeaveOneShapeOut,3,865,rectangular,1.1825822756173474,1.2876336566949687
RandomForest,LeaveOneShapeOut,3,866,rectangular,1.191930752104441,1.2876336566949687
RandomForest,LeaveOneShapeOut,3,867,rectangular,0.9417647554511891,1.1179033401100786
RandomForest,LeaveOneShapeOut,3,868,rectangular,0.932531767652648,1.1179033401100786
RandomForest,LeaveOneShapeOut,3,869,rectangular,0.943394691361964,1.1436663952808341
RandomForest,LeaveOneShapeOut,3,870,rectangular,0.9243746371006341,1.1436663952808341
RandomForest,LeaveOneShapeOut,3,871,rectangular,0.955133310146045,1.0602374609119973
RandomForest,LeaveOneShapeOut,3,872,rectangular,0.9676195860532987,1.1102275095650285
RandomForest,LeaveOneShapeOut,3,873,rectangular,0.9990536850212308,1.2777973926996975
RandomForest,LeaveOneShapeOut,3,874,rectangular,0.9665995795697264,1.2226233929238384
RandomForest,LeaveOneShapeOut,3,875,rectangular,0.9484993102887488,1.1505403541307495
RandomForest,LeaveOneShapeOut,3,876,rectangular,0.9473829264371512,1.1437726282731615
RandomForest,LeaveOneShapeOut,3,877,rectangular,0.9684181003943355,1.223090410685733
RandomForest,LeaveOneShapeOut,3,878,rectangular,0.9443956096818847,1.211122657035596
RandomForest,LeaveOneShapeOut,3,879,rectangular,1.0132518775954646,1.2329452730124288
RandomForest,LeaveOneShapeOut,3,880,rectangular,1.0002418711918832,1.2501998771799654
RandomForest,LeaveOneShapeOut,3,881,rectangular,0.8923202472408284,1.2504019058851361
RandomForest,LeaveOneShapeOut,3,882,rectangular,0.8444311413094356,1.2504140323292936
RandomForest,LeaveOneShapeOut,3,883,rectangular,1.0117260936994958,1.1923280895680533
RandomForest,LeaveOneShapeOut,3,884,rectangular,1.0624619296755353,1.1919437189208033
RandomForest,LeaveOneShapeOut,3,885,rectangular,1.0171365040792284,1.190540870700902
RandomForest,LeaveOneShapeOut,3,886,rectangular,1.032129114784921,1.1888267767158225
RandomForest,LeaveOneShapeOut,3,887,rectangular,1.030780962624438,1.2425277042722325
RandomForest,LeaveOneShapeOut,3,888,rectangular,1.0789717632003233,1.2425277042722325
RandomForest,LeaveOneShapeOut,3,889,rectangular,1.0373767948970278,1.1601469017643653
RandomForest,LeaveOneShapeOut,3,890,rectangular,0.9791720208339967,1.118663541918175
RandomForest,LeaveOneShapeOut,3,891,rectangular,1.0709720053653338,1.0990397268560523
RandomForest,LeaveOneShapeOut,3,892,rectangular,1.108383888154156,1.205970821869662
RandomForest,LeaveOneShapeOut,3,893,rectangular,0.9124112927783977,1.1013047632621238
RandomForest,LeaveOneShapeOut,3,894,rectangular,0.9660896807843484,1.1411844384190322
RandomForest,LeaveOneShapeOut,3,895,rectangular,1.1978827880874945,1.2679657107489635
RandomForest,LeaveOneShapeOut,3,896,rectangular,1.1568827981182246,1.2857444077803444
RandomForest,LeaveOneShapeOut,3,897,rectangular,1.092162014773685,1.2590282198355105
RandomForest,LeaveOneShapeOut,3,898,rectangular,1.1075306132566556,1.2590282198355105
RandomForest,LeaveOneShapeOut,3,899,rectangular,1.0455797423367392,1.2786705973167845
RandomForest,LeaveOneShapeOut,3,900,rectangular,1.0093291870279875,1.2786705973167845
RandomForest,LeaveOneShapeOut,3,901,rectangular,0.9636221469263134,1.2237593049923925
RandomForest,LeaveOneShapeOut,3,902,rectangular,0.9571682118876519,1.2237593049923925
RandomForest,LeaveOneShapeOut,3,903,rectangular,1.0485565695763601,1.3199950493437356
RandomForest,LeaveOneShapeOut,3,904,rectangular,1.1951298166951887,1.29907154998075
RandomForest,LeaveOneShapeOut,3,905,rectangular,1.1324219565630271,1.3119725664064672
RandomForest,LeaveOneShapeOut,3,906,rectangular,1.0554080316696963,1.2408989903772996
RandomForest,LeaveOneShapeOut,3,907,rectangular,1.0022809398393806,1.1185794790433883
RandomForest,LeaveOneShapeOut,3,908,rectangular,1.130616395201698,1.2156158122618563
RandomForest,LeaveOneShapeOut,3,909,rectangular,1.1342010173952362,1.2349104932836525
RandomForest,LeaveOneShapeOut,3,910,rectangular,1.1884094429914789,1.2350069082068158
RandomForest,LeaveOneShapeOut,3,911,rectangular,0.9725536011753673,1.2351554280249193
RandomForest,LeaveOneShapeOut,3,912,rectangular,0.9461037829982124,1.2383703463565157
RandomForest,LeaveOneShapeOut,3,913,rectangular,0.9940345411632843,1.1949577905744113
RandomForest,LeaveOneShapeOut,3,914,rectangular,0.9597213367058176,1.1949577905744113
RandomForest,LeaveOneShapeOut,3,915,rectangular,1.0601634917957934,1.1229764408204261
RandomForest,LeaveOneShapeOut,3,916,rectangular,1.1713832305334504,1.1382800165510194
RandomForest,LeaveOneShapeOut,3,917,rectangular,1.1416032529561655,1.139544505193121
RandomForest,LeaveOneShapeOut,3,918,rectangular,1.1626380801722234,1.1380179761091247
RandomForest,LeaveOneShapeOut,3,919,rectangular,1.11255431481568,1.1379824339530884
RandomForest,LeaveOneShapeOut,3,920,rectangular,1.0897359081900724,1.1391292903022268
RandomForest,LeaveOneShapeOut,3,921,rectangular,1.145648565330804,1.1397770011362376
RandomForest,LeaveOneShapeOut,3,922,rectangular,1.1594229116729229,1.1370098078335247
RandomForest,LeaveOneShapeOut,3,923,rectangular,1.1889335540316859,1.1397770011362376
RandomForest,LeaveOneShapeOut,3,924,rectangular,0.9592940346185056,1.2641963750620824
RandomForest,LeaveOneShapeOut,3,925,rectangular,1.0914174248629913,1.2666580246087222
RandomForest,LeaveOneShapeOut,3,926,rectangular,1.004911594954713,1.267184164872786
RandomForest,LeaveOneShapeOut,3,927,rectangular,1.0817848073954621,1.2609632033853742
RandomForest,LeaveOneShapeOut,3,928,rectangular,1.095315901510855,1.2611558087942367
RandomForest,LeaveOneShapeOut,3,929,rectangular,1.1037030175712055,1.261682016142901
RandomForest,LeaveOneShapeOut,3,930,rectangular,1.096382668622466,1.274918281628348
RandomForest,LeaveOneShapeOut,3,931,rectangular,1.0466965648960251,1.2753466147607069
RandomForest,LeaveOneShapeOut,3,932,rectangular,1.0388996091509042,1.264875939448026
RandomForest,LeaveOneShapeOut,3,933,rectangular,1.0500862030418465,1.2650322357621733
RandomForest,LeaveOneShapeOut,3,934,rectangular,0.9792231394697272,1.2410672568549355
RandomForest,LeaveOneShapeOut,3,935,rectangular,0.9506533800098477,1.1433295001906512
RandomForest,LeaveOneShapeOut,3,936,rectangular,0.993252096725488,1.143294308426664
RandomForest,LeaveOneShapeOut,3,937,rectangular,1.0676667540270077,1.126397170027945
RandomForest,LeaveOneShapeOut,3,938,rectangular,0.9453792685496535,1.0604340586130767
RandomForest,LeaveOneShapeOut,3,939,rectangular,1.0366440172152274,1.2338517277151921
RandomForest,LeaveOneShapeOut,3,940,rectangular,1.0214433304696096,1.2338517277151921
RandomForest,LeaveOneShapeOut,3,941,rectangular,0.9539691075663137,1.2477669350277076
RandomForest,LeaveOneShapeOut,3,942,rectangular,0.9587474569462622,1.2477669350277076
RandomForest,LeaveOneShapeOut,3,943,rectangular,1.0449461824263695,0.9776571495938603
RandomForest,LeaveOneShapeOut,3,944,rectangular,0.9635843252302588,1.1063638162481175
RandomForest,LeaveOneShapeOut,3,945,rectangular,0.9752373220185467,1.1377225979699077
RandomForest,LeaveOneShapeOut,3,946,rectangular,0.9634595721736097,1.1599930476233362
RandomForest,LeaveOneShapeOut,3,947,rectangular,0.9411645939854958,1.1854404578384363
RandomForest,LeaveOneShapeOut,3,948,rectangular,0.9698420449722289,1.1834731817288269
RandomForest,LeaveOneShapeOut,3,949,rectangular,1.0943557382859803,1.1808039152303913
RandomForest,LeaveOneShapeOut,3,950,rectangular,1.0026819591625475,1.1808039152303913
RandomForest,LeaveOneShapeOut,3,951,rectangular,0.988611194444879,1.1777692990020396
RandomForest,LeaveOneShapeOut,3,952,rectangular,0.965620236434533,1.1777692990020396
RandomForest,LeaveOneShapeOut,3,953,rectangular,0.9018372812243303,1.1260751419607151
RandomForest,LeaveOneShapeOut,3,954,rectangular,0.9441617745669884,1.1260751419607151
RandomForest,LeaveOneShapeOut,3,955,rectangular,0.9106330624300031,1.0630876220445327
RandomForest,LeaveOneShapeOut,3,956,rectangular,0.9200860007943283,1.0630876220445327
RandomForest,LeaveOneShapeOut,3,957,rectangular,0.9071039894753039,1.0386151548570777
RandomForest,LeaveOneShapeOut,3,958,rectangular,0.9334605218571529,1.0386151548570777
RandomForest,LeaveOneShapeOut,3,959,rectangular,0.9875761105330192,1.2880367235274361
RandomForest,LeaveOneShapeOut,3,960,rectangular,0.9999984515460132,1.2880367235274361
RandomForest,LeaveOneShapeOut,3,961,rectangular,1.0812600980900875,1.2370487906476026
RandomForest,LeaveOneShapeOut,3,962,rectangular,1.0840685658773344,1.2370487906476026
RandomForest,LeaveOneShapeOut,3,963,rectangular,0.9333307204729971,1.1548982601708921
RandomForest,LeaveOneShapeOut,3,964,rectangular,1.0194843254397352,1.1548982601708921
RandomForest,LeaveOneShapeOut,3,965,rectangular,0.8976856418155889,1.126296816780874
RandomForest,LeaveOneShapeOut,3,966,rectangular,0.9123369894648089,1.0858821640843106
RandomForest,LeaveOneShapeOut,3,967,rectangular,1.0247330678940323,1.247575071814701
RandomForest,LeaveOneShapeOut,3,968,rectangular,0.9858806293008935,1.247575071814701
RandomForest,LeaveOneShapeOut,3,969,rectangular,1.0282803824617435,1.1309396363772726
RandomForest,LeaveOneShapeOut,3,970,rectangular,0.9883471637253651,1.1309396363772726
RandomForest,LeaveOneShapeOut,3,971,rectangular,0.9897574123989218,1.3369643378913632
RandomForest,LeaveOneShapeOut,3,972,rectangular,0.987601078167116,1.3369643378913632
RandomForest,LeaveOneShapeOut,3,973,rectangular,0.956,1.2951128122492375
RandomForest,LeaveOneShapeOut,3,974,rectangular,0.974,1.2951128122492375
RandomForest,LeaveOneShapeOut,3,975,rectangular,0.9210460272047383,1.2714755988513433
RandomForest,LeaveOneShapeOut,3,976,rectangular,0.936394006549135,1.2650248096146266
RandomForest,LeaveOneShapeOut,3,977,rectangular,1.1989547931025648,1.3127689567365448
RandomForest,LeaveOneShapeOut,3,978,rectangular,1.0685217091331127,1.2367588506391733
RandomForest,LeaveOneShapeOut,3,979,rectangular,1.1600914202570374,1.2855970247287438
RandomForest,LeaveOneShapeOut,3,980,rectangular,1.1624427296716513,1.2870564216029377
RandomForest,LeaveOneShapeOut,3,981,rectangular,1.0400412747465217,1.2435401425508141
RandomForest,LeaveOneShapeOut,3,982,rectangular,1.175824227502552,1.2668649555244729
RandomForest,LeaveOneShapeOut,3,983,rectangular,1.0028090731484485,1.2437556662019467
RandomForest,LeaveOneShapeOut,3,984,rectangular,1.2248345980861588,1.307201498874078
RandomForest,LeaveOneShapeOut,3,985,rectangular,0.9739538544211528,1.267824156847429
RandomForest,LeaveOneShapeOut,3,986,rectangular,0.9850855413826058,1.194296687830914
RandomForest,LeaveOneShapeOut,3,987,rectangular,1.1488646954391268,1.3058215469976622
RandomForest,LeaveOneShapeOut,3,988,rectangular,0.995856243256187,1.2001241699344762
RandomForest,LeaveOneShapeOut,3,989,rectangular,1.2068959920925233,1.2847839519376802
RandomForest,LeaveOneShapeOut,3,990,rectangular,1.057035147624445,1.198289093909697
RandomForest,LeaveOneShapeOut,3,991,rectangular,1.1043971509346107,1.2520732245576918
RandomForest,LeaveOneShapeOut,3,992,rectangular,0.9700038886888239,1.2018908270075652
RandomForest,LeaveOneShapeOut,3,993,rectangular,1.1125633690402055,1.258359834238395
RandomForest,LeaveOneShapeOut,3,994,rectangular,0.970219450341709,1.185033861736101
RandomForest,LeaveOneShapeOut,3,995,rectangular,0.9482879156893226,1.1850990399248031
RandomForest,LeaveOneShapeOut,3,996,rectangular,1.1357362568025868,1.271729932137217
RandomForest,LeaveOneShapeOut,3,997,rectangular,1.0805626598465474,1.2803992956530468
RandomForest,LeaveOneShapeOut,3,998,rectangular,1.065997805298636,1.2331188371036097
RandomForest,LeaveOneShapeOut,3,999,rectangular,1.0316400313176437,1.2363596304339495
RandomForest,LeaveOneShapeOut,3,1000,rectangular,0.9813505409457434,1.3173892911227802
RandomForest,LeaveOneShapeOut,3,1001,rectangular,1.061843818670139,1.2914927656811093
RandomForest,LeaveOneShapeOut,3,1002,rectangular,1.0131887647039657,1.2706205204748529
RandomForest,LeaveOneShapeOut,3,1003,rectangular,0.9992604592196085,1.2360402240757988
RandomForest,LeaveOneShapeOut,3,1004,rectangular,1.0839740105096942,1.232257119908569
RandomForest,LeaveOneShapeOut,3,1005,rectangular,1.0111450656120797,1.3321597129934428
RandomForest,LeaveOneShapeOut,3,1006,rectangular,1.059978173666824,1.2467773479022173
RandomForest,LeaveOneShapeOut,3,1007,rectangular,1.0298540755238315,1.2311933273747855
RandomForest,LeaveOneShapeOut,3,1008,rectangular,0.9526428798642774,1.234000571672759
RandomForest,LeaveOneShapeOut,3,1009,rectangular,0.9919510259607753,1.3554838961471483
RandomForest,LeaveOneShapeOut,3,1010,rectangular,1.03254514304362,1.2308921372817605
RandomForest,LeaveOneShapeOut,3,1011,rectangular,1.027009289900049,1.269367494850698
RandomForest,LeaveOneShapeOut,3,1012,rectangular,1.0482746914157164,1.1755172344053588
RandomForest,LeaveOneShapeOut,3,1013,rectangular,1.0644621128530691,1.2762482710790004
RandomForest,LeaveOneShapeOut,3,1014,rectangular,1.009696035613673,1.2352080590678995
RandomForest,LeaveOneShapeOut,3,1015,rectangular,1.0080394734160163,1.2585788740690695
RandomForest,LeaveOneShapeOut,3,1016,rectangular,0.9444087331685432,1.2228004797418923
RandomForest,LeaveOneShapeOut,3,1017,rectangular,1.1579218147083916,1.1726511709431697
RandomForest,LeaveOneShapeOut,3,1018,rectangular,1.1250601987704543,1.1729874502830295
RandomForest,LeaveOneShapeOut,3,1019,rectangular,1.0699117480825364,1.146937433313193
RandomForest,LeaveOneShapeOut,3,1020,rectangular,1.0720532541683991,1.146388486076264
RandomForest,LeaveOneShapeOut,3,1021,rectangular,1.159456667045145,1.3117400964819863
RandomForest,LeaveOneShapeOut,3,1022,rectangular,1.0586427111666792,1.308903808719252
RandomForest,LeaveOneShapeOut,3,1023,rectangular,1.0685351660895612,1.308903808719252
RandomForest,LeaveOneShapeOut,3,1024,rectangular,1.0520317551219707,1.2569356752566052
RandomForest,LeaveOneShapeOut,3,1025,rectangular,1.0619378128188997,1.261137262691721
RandomForest,LeaveOneShapeOut,3,1026,rectangular,1.0661003107829379,1.1968449106583132
RandomForest,LeaveOneShapeOut,3,1027,rectangular,0.9387652448379797,1.198169031492225
RandomForest,LeaveOneShapeOut,3,1028,rectangular,0.9949817333100379,1.153486465470342
RandomForest,LeaveOneShapeOut,3,1029,rectangular,1.0112049579971234,1.144823951305801
RandomForest,LeaveOneShapeOut,3,1030,rectangular,1.0390614274629033,1.1120034806684156
RandomForest,LeaveOneShapeOut,3,1031,rectangular,0.9832536648377822,1.1031486042314564
RandomForest,LeaveOneShapeOut,3,1032,rectangular,0.9725676969467186,1.236522124851388
RandomForest,LeaveOneShapeOut,3,1033,rectangular,0.995949448839491,1.2362232346144677
RandomForest,LeaveOneShapeOut,3,1034,rectangular,1.1117147568117898,1.251390232750649
RandomForest,LeaveOneShapeOut,3,1035,rectangular,1.184097740810853,1.3332820897375597
RandomForest,LeaveOneShapeOut,3,1036,rectangular,1.117845512414363,1.2494736614333453
RandomForest,LeaveOneShapeOut,3,1037,rectangular,1.1418543670536392,1.23992223504981
RandomForest,LeaveOneShapeOut,3,1038,rectangular,1.059548574992898,1.2528575168300413
RandomForest,LeaveOneShapeOut,3,1039,rectangular,1.0332914360106042,1.3094589750790473
RandomForest,LeaveOneShapeOut,3,1040,rectangular,1.0619268072911026,1.3349716939966465
RandomForest,LeaveOneShapeOut,3,1041,rectangular,1.0087178749802248,1.2434379387092636
RandomForest,LeaveOneShapeOut,3,1042,rectangular,1.0205053236609536,1.3181973453839066
RandomForest,LeaveOneShapeOut,3,1043,rectangular,1.0725437413563566,1.1718020802392288
RandomForest,LeaveOneShapeOut,3,1044,rectangular,1.0010293205078225,1.30198158117524
RandomForest,LeaveOneShapeOut,3,1045,rectangular,0.9779685242523313,1.2915698795879962
RandomForest,LeaveOneShapeOut,3,1046,rectangular,1.022114788746845,1.2767541874053483
RandomForest,LeaveOneShapeOut,3,1047,rectangular,1.0286099799256727,1.2325174443648188
RandomForest,LeaveOneShapeOut,3,1048,rectangular,1.0693082049751925,1.3323289102564397
RandomForest,LeaveOneShapeOut,3,1049,rectangular,1.03326266048189,1.2611020373866497
RandomForest,LeaveOneShapeOut,3,1050,rectangular,1.2221632272477025,1.2760965313041366
RandomForest,LeaveOneShapeOut,3,1051,rectangular,1.135246155011104,1.3035388069469485
RandomForest,LeaveOneShapeOut,3,1052,rectangular,1.1369107419564655,1.2670033021749083
RandomForest,LeaveOneShapeOut,3,1053,rectangular,1.1919078539727965,1.324616308234489
RandomForest,LeaveOneShapeOut,3,1054,rectangular,1.092761539287399,1.3268493001917037
RandomForest,LeaveOneShapeOut,3,1055,rectangular,1.1577581755730835,1.2790099785773905
RandomForest,LeaveOneShapeOut,3,1056,rectangular,1.2072055578293173,1.3897552341870678
RandomForest,LeaveOneShapeOut,3,1057,rectangular,1.1308708041896984,1.3865920793222526
RandomForest,LeaveOneShapeOut,3,1058,rectangular,1.189501517291459,1.2687286861402856
RandomForest,LeaveOneShapeOut,3,1059,rectangular,1.0471337200171809,1.2045798985164813
RandomForest,LeaveOneShapeOut,3,1060,rectangular,1.077129234081617,1.2042953399352414
RandomForest,LeaveOneShapeOut,3,1061,rectangular,1.0736011274166646,1.306724611951369
RandomForest,LeaveOneShapeOut,3,1062,rectangular,0.969207057455586,1.248805216228844
RandomForest,LeaveOneShapeOut,3,1063,rectangular,0.9704050533840679,1.217858506472943
RandomForest,LeaveOneShapeOut,3,1064,rectangular,0.9612560302875994,1.2149515836381963
RandomForest,LeaveOneShapeOut,3,1065,rectangular,0.8485166554501965,1.2273835333301804
RandomForest,LeaveOneShapeOut,3,1066,rectangular,0.8387217321114282,1.216083083839746
RandomForest,LeaveOneShapeOut,3,1067,rectangular,0.9986497979056462,1.1683051354097558
RandomForest,LeaveOneShapeOut,3,1068,rectangular,0.9058351736152674,1.2341710793212635
RandomForest,LeaveOneShapeOut,3,1069,rectangular,1.0397770030296816,1.149288009344355
RandomForest,GroupKFold_Shape,1,0,circular,1.3545719757695995,1.0212746139462126
RandomForest,GroupKFold_Shape,1,1,circular,1.3349612685944154,1.0197525938094776
RandomForest,GroupKFold_Shape,1,2,circular,1.1815827868398348,1.0180851136214744
RandomForest,GroupKFold_Shape,1,3,circular,1.2358473024149033,1.0189092907522372
RandomForest,GroupKFold_Shape,1,4,circular,1.1885006010953671,1.0188032898475656
RandomForest,GroupKFold_Shape,1,5,circular,1.238242921314779,1.0274260633655365
RandomForest,GroupKFold_Shape,1,6,circular,1.1983820435012535,1.027747090127586
RandomForest,GroupKFold_Shape,1,7,circular,1.3725142300680981,1.0724439625169058
RandomForest,GroupKFold_Shape,1,8,circular,1.3643470141328815,1.0728396777729834
RandomForest,GroupKFold_Shape,1,9,circular,1.4252952195204207,1.014804184328228
RandomForest,GroupKFold_Shape,1,10,circular,1.3811132045767527,1.018654843153388
RandomForest,GroupKFold_Shape,1,11,circular,1.4674536778591962,1.014804184328228
RandomForest,GroupKFold_Shape,1,12,circular,1.5214776205513665,1.0135282579925742
RandomForest,GroupKFold_Shape,1,13,circular,1.515927538484468,1.012505140221577
RandomForest,GroupKFold_Shape,1,14,circular,1.6861597871119034,1.0384489720546055
RandomForest,GroupKFold_Shape,1,15,circular,1.0826183073485136,1.0130118083271753
RandomForest,GroupKFold_Shape,1,16,circular,1.0849112127568281,0.9974986123887151
RandomForest,GroupKFold_Shape,1,17,circular,1.1637753447505323,0.9892171497547868
RandomForest,GroupKFold_Shape,1,18,circular,1.6319317139012608,1.0448822150966783
RandomForest,GroupKFold_Shape,1,19,circular,1.3276641484172347,1.041156014568442
RandomForest,GroupKFold_Shape,1,20,circular,1.3565264125132614,1.041156014568442
RandomForest,GroupKFold_Shape,1,21,circular,1.4888007999327044,1.05100083483764
RandomForest,GroupKFold_Shape,1,22,circular,1.4921691275343623,1.05100083483764
RandomForest,GroupKFold_Shape,1,23,circular,1.6356327158958393,1.0502593290679871
RandomForest,GroupKFold_Shape,1,24,circular,1.6356327158958393,1.0502593290679871
RandomForest,GroupKFold_Shape,1,25,circular,1.4102263522358336,1.0754948648461184
RandomForest,GroupKFold_Shape,1,26,circular,1.29369709898338,1.0822125489023957
RandomForest,GroupKFold_Shape,1,27,circular,1.536384619900033,1.1040060766603252
RandomForest,GroupKFold_Shape,1,28,circular,1.3421211390482404,1.074456837418372
RandomForest,GroupKFold_Shape,1,29,circular,1.3720014374672693,1.064087501040694
RandomForest,GroupKFold_Shape,1,30,circular,1.5348782852658798,1.0585120306192262
RandomForest,GroupKFold_Shape,1,31,circular,1.5227926294763847,1.0585120306192262
RandomForest,GroupKFold_Shape,1,32,circular,1.546963941055375,1.0609107100912671
RandomForest,GroupKFold_Shape,1,33,circular,1.5107069736868897,1.0609107100912671
RandomForest,GroupKFold_Shape,1,34,circular,1.4321502110551712,1.070903349015178
RandomForest,GroupKFold_Shape,1,35,circular,1.4381930389499191,1.0760155598934484
RandomForest,GroupKFold_Shape,1,36,circular,1.492578490002647,1.0760155598934484
RandomForest,GroupKFold_Shape,1,37,circular,1.3441586522640874,1.0548736420112121
RandomForest,GroupKFold_Shape,1,38,circular,1.2518288372578938,1.1063655511521482
RandomForest,GroupKFold_Shape,1,39,circular,1.2211023682326179,1.1158299812021941
RandomForest,GroupKFold_Shape,1,40,circular,1.2972783209180534,0.9856305580351108
RandomForest,GroupKFold_Shape,1,41,circular,1.536384619900033,1.1004011392385715
RandomForest,GroupKFold_Shape,1,42,circular,1.3421211390482404,1.0726029610562384
RandomForest,GroupKFold_Shape,1,43,circular,1.3720014374672693,1.0632999900999898
RandomForest,GroupKFold_Shape,1,44,circular,1.5941042088621091,0.9989598817048332
RandomForest,GroupKFold_Shape,1,45,circular,1.483765484022838,1.1029045987981232
RandomForest,GroupKFold_Shape,1,46,circular,1.29369709898338,1.0817425255130944
RandomForest,GroupKFold_Shape,1,47,circular,1.2972783209180534,0.9856305580351108
RandomForest,GroupKFold_Shape,1,48,circular,1.639707790681381,1.1102913633739169
RandomForest,GroupKFold_Shape,1,49,circular,1.371451596125907,1.1102913633739169
RandomForest,GroupKFold_Shape,1,50,circular,1.4101486999859876,1.1102913633739169
RandomForest,GroupKFold_Shape,1,51,circular,1.3662045311957267,1.1102913633739169
RandomForest,GroupKFold_Shape,1,52,circular,1.2737250118012968,1.1102913633739169
RandomForest,GroupKFold_Shape,1,53,circular,1.2789720767314772,1.1102913633739169
RandomForest,GroupKFold_Shape,1,54,circular,1.2133837651042219,1.1102913633739169
RandomForest,GroupKFold_Shape,1,55,circular,1.2816523773767157,1.074864396349107
RandomForest,GroupKFold_Shape,1,56,circular,1.2046337556603286,1.0740659874315235
RandomForest,GroupKFold_Shape,1,57,circular,1.237829191229898,1.0712232331785332
RandomForest,GroupKFold_Shape,1,58,circular,1.2339943282685013,1.0828777115503834
RandomForest,GroupKFold_Shape,1,59,circular,1.2680165689493124,1.0835517077149184
RandomForest,GroupKFold_Shape,1,60,circular,1.2824258481419177,1.0835517077149184
RandomForest,GroupKFold_Shape,1,61,circular,1.1799450202643293,1.0778978489965951
RandomForest,GroupKFold_Shape,1,62,circular,1.1531759249761522,1.0766779267292954
RandomForest,GroupKFold_Shape,1,63,circular,1.1425545677724243,1.0766779267292954
RandomForest,GroupKFold_Shape,1,64,circular,1.3422293809326749,1.0403471896824863
RandomForest,GroupKFold_Shape,1,65,circular,1.1919182410425113,1.060937650468894
RandomForest,GroupKFold_Shape,1,66,circular,1.302307239291283,1.066827591872903
RandomForest,GroupKFold_Shape,1,67,circular,1.295364734801251,1.0969932479601845
RandomForest,GroupKFold_Shape,1,68,circular,1.0902659651428483,1.0542176975030002
RandomForest,GroupKFold_Shape,1,69,circular,1.0015566608923805,1.0542176975030002
RandomForest,GroupKFold_Shape,1,70,circular,1.2629155541458932,1.0915380195094893
RandomForest,GroupKFold_Shape,1,71,circular,1.4175969345181723,1.1001510343849987
RandomForest,GroupKFold_Shape,1,72,circular,1.3740815622661384,1.1001510343849987
RandomForest,GroupKFold_Shape,1,73,circular,1.2105569921385566,1.0603456183600266
RandomForest,GroupKFold_Shape,1,74,circular,1.1244653966855374,1.0539788234873926
RandomForest,GroupKFold_Shape,1,75,circular,1.1417780689269297,1.0533400073054486
RandomForest,GroupKFold_Shape,1,76,circular,1.273123847876894,1.0897528851621854
RandomForest,GroupKFold_Shape,1,77,circular,1.2681142042166427,1.0907246233160728
RandomForest,GroupKFold_Shape,1,78,circular,1.1850393366807992,1.0969319764625036
RandomForest,GroupKFold_Shape,1,79,circular,1.4528332923714102,1.0731068965724135
RandomForest,GroupKFold_Shape,1,80,circular,1.4120233684283932,1.0731068965724135
RandomForest,GroupKFold_Shape,1,81,circular,1.4770328464842415,1.0706508210938144
RandomForest,GroupKFold_Shape,1,82,circular,1.4848067035710006,1.0706508210938144
RandomForest,GroupKFold_Shape,1,83,circular,1.3448772760093357,1.0706508210938144
RandomForest,GroupKFold_Shape,1,84,circular,1.375972704356372,1.0706508210938144
RandomForest,GroupKFold_Shape,1,85,circular,1.6091884169591473,1.0706508210938144
RandomForest,GroupKFold_Shape,1,86,circular,1.6713792736532207,1.0706508210938144
RandomForest,GroupKFold_Shape,1,87,circular,1.414841989790168,1.0896372711105455
RandomForest,GroupKFold_Shape,1,88,circular,1.6169622740459064,1.0896372711105455
RandomForest,GroupKFold_Shape,1,89,circular,1.5858668456988698,1.070201646651445
RandomForest,GroupKFold_Shape,1,90,circular,1.620849202589286,1.070201646651445
RandomForest,GroupKFold_Shape,1,91,circular,1.5664322029819717,1.0706508210938144
RandomForest,GroupKFold_Shape,1,92,circular,1.1354084529932944,0.9688070100670604
RandomForest,GroupKFold_Shape,1,93,circular,1.1335223924401494,0.9667356152121801
RandomForest,GroupKFold_Shape,1,94,circular,1.2278254200973997,0.9667356152121801
RandomForest,GroupKFold_Shape,1,95,circular,1.6658337551905438,1.0737947820950213
RandomForest,GroupKFold_Shape,1,96,circular,1.5781582943910415,1.0737947820950213
RandomForest,GroupKFold_Shape,1,97,circular,1.6000771595909171,1.0737947820950213
RandomForest,GroupKFold_Shape,1,98,circular,1.4886865879052946,1.02065894789207
RandomForest,GroupKFold_Shape,1,99,circular,1.1745460180645266,1.0117576866570714
RandomForest,GroupKFold_Shape,1,100,circular,1.4893188610025825,0.9955048462978617
RandomForest,GroupKFold_Shape,1,101,circular,1.2696675773972377,0.9833056465837623
RandomForest,GroupKFold_Shape,1,102,circular,1.3409138971075678,1.0164833839057166
RandomForest,GroupKFold_Shape,1,103,circular,1.3629865538500792,1.0164833839057166
RandomForest,GroupKFold_Shape,1,104,circular,1.33539573292194,1.0164833839057166
RandomForest,GroupKFold_Shape,1,105,circular,1.1903663852361177,0.9927719847664198
RandomForest,GroupKFold_Shape,1,106,circular,1.2053584052013078,0.9927719847664198
RandomForest,GroupKFold_Shape,1,107,circular,1.2353424451316886,0.9927719847664198
RandomForest,GroupKFold_Shape,1,108,circular,1.1414339090699477,1.0387155190498776
RandomForest,GroupKFold_Shape,1,109,circular,1.1269776844197152,1.0271069239389443
RandomForest,GroupKFold_Shape,1,110,circular,1.3256987893635834,1.104300537149115
RandomForest,GroupKFold_Shape,1,111,circular,1.1310229163178613,0.976724642213706
RandomForest,GroupKFold_Shape,1,112,circular,1.1545821157977425,0.985206715409976
RandomForest,GroupKFold_Shape,1,113,circular,1.165840580685956,0.9785250141003371
RandomForest,GroupKFold_Shape,1,114,circular,1.1625214289484154,0.9866239757703922
RandomForest,GroupKFold_Shape,1,115,circular,1.1549104273844197,0.9870914116669902
RandomForest,GroupKFold_Shape,1,116,circular,1.29099968277919,0.9840914012754531
RandomForest,GroupKFold_Shape,1,117,circular,1.1099273964897634,0.9872635087945926
RandomForest,GroupKFold_Shape,1,118,circular,1.2726146663911664,0.9874280847534743
RandomForest,GroupKFold_Shape,1,119,circular,1.2151621017721754,0.9818159660909985
RandomForest,GroupKFold_Shape,1,120,circular,1.6240942634659334,1.121768952669462
RandomForest,GroupKFold_Shape,1,121,circular,1.5859443982167336,1.121768952669462
RandomForest,GroupKFold_Shape,1,122,circular,1.41906220373456,1.117956064647506
RandomForest,GroupKFold_Shape,1,123,circular,1.401756567103651,1.117956064647506
RandomForest,GroupKFold_Shape,1,124,circular,1.467514509626967,1.043557280149718
RandomForest,GroupKFold_Shape,1,125,circular,1.4224908184065779,1.0426177380301385
RandomForest,GroupKFold_Shape,1,126,circular,1.1912303239548843,1.0395496689226358
RandomForest,GroupKFold_Shape,1,127,circular,1.1855032550897164,1.0395496689226358
RandomForest,GroupKFold_Shape,1,128,circular,1.37020947369762,1.01574872337879
RandomForest,GroupKFold_Shape,1,129,circular,1.3599840298640558,1.01574872337879
RandomForest,GroupKFold_Shape,1,130,circular,1.1155993679069596,1.010015491729
RandomForest,GroupKFold_Shape,1,131,circular,1.1632164140981103,1.010015491729
RandomForest,GroupKFold_Shape,1,132,circular,1.1991666858815992,0.9265826697807837
RandomForest,GroupKFold_Shape,1,133,circular,1.04398508662286,1.0623806940888796
RandomForest,GroupKFold_Shape,1,134,circular,0.9765441895541997,1.0623806940888796
RandomForest,GroupKFold_Shape,1,135,circular,1.0919130117697546,1.0554622982206536
RandomForest,GroupKFold_Shape,1,136,circular,1.1420397946679444,1.052865207419501
RandomForest,GroupKFold_Shape,1,137,circular,1.0472134869247998,1.0337371995118243
RandomForest,GroupKFold_Shape,1,138,circular,1.0945457667787828,1.0437465670114783
RandomForest,GroupKFold_Shape,1,139,circular,0.9503054523485104,0.9588392455238679
RandomForest,GroupKFold_Shape,1,140,circular,0.9220785577242971,0.9588392455238679
RandomForest,GroupKFold_Shape,1,141,circular,0.9848049902225486,0.9588392455238679
RandomForest,GroupKFold_Shape,1,142,circular,0.8931877807248213,0.964376658668748
RandomForest,GroupKFold_Shape,1,143,circular,0.9581462564107918,0.9588392455238679
RandomForest,GroupKFold_Shape,1,144,circular,0.9408964874737726,0.9588392455238679
RandomForest,GroupKFold_Shape,1,145,circular,1.1624650166329116,1.023677575560339
RandomForest,GroupKFold_Shape,1,146,circular,1.129642474986806,1.023677575560339
RandomForest,GroupKFold_Shape,1,147,circular,1.2331867795165823,1.056295517738741
RandomForest,GroupKFold_Shape,1,148,circular,1.107469549143329,1.056295517738741
RandomForest,GroupKFold_Shape,1,149,circular,1.2810263872377974,1.0496557961571655
RandomForest,GroupKFold_Shape,1,150,circular,1.2784579132784233,1.0496557961571655
RandomForest,GroupKFold_Shape,1,151,circular,1.2598364770729615,1.0496557961571655
RandomForest,GroupKFold_Shape,1,152,circular,1.3504797422389112,1.062547000758053
RandomForest,GroupKFold_Shape,1,153,circular,1.2821536664107218,1.062547000758053
RandomForest,GroupKFold_Shape,1,154,circular,1.3385969464427043,1.062547000758053
RandomForest,GroupKFold_Shape,1,155,circular,1.370994199976567,1.0765585359810783
RandomForest,GroupKFold_Shape,1,156,circular,1.4093999006925229,1.0765585359810783
RandomForest,GroupKFold_Shape,1,157,circular,1.3558105508563052,1.0765585359810783
RandomForest,GroupKFold_Shape,1,158,circular,1.1189168875968767,1.092286812660174
RandomForest,GroupKFold_Shape,1,159,circular,1.1906178718264686,0.9629880883591366
RandomForest,GroupKFold_Shape,1,160,circular,1.058400961814554,0.9721433022443168
RandomForest,GroupKFold_Shape,1,161,circular,1.0933018396004694,0.9857271107337456
RandomForest,GroupKFold_Shape,1,162,circular,1.0807031661435151,0.9833470979237634
RandomForest,GroupKFold_Shape,1,163,circular,1.081714589741048,1.0797788533855681
RandomForest,GroupKFold_Shape,1,164,circular,1.1142548528292844,0.952829245117256
RandomForest,GroupKFold_Shape,1,165,circular,1.0503718004141738,0.9515543734937938
RandomForest,GroupKFold_Shape,1,166,circular,0.9788295581166931,0.9752004709107177
RandomForest,GroupKFold_Shape,1,167,circular,1.1204789660010195,0.977163251228633
RandomForest,GroupKFold_Shape,1,168,circular,0.9988336760894352,1.023373086071002
RandomForest,GroupKFold_Shape,1,169,circular,1.0395391195333212,0.941961500355646
RandomForest,GroupKFold_Shape,1,170,circular,1.0060464564388292,0.941524494897333
RandomForest,GroupKFold_Shape,1,171,circular,0.9819513263381584,0.9589893767102313
RandomForest,GroupKFold_Shape,1,172,circular,0.9856830767426598,0.9580012363409636
RandomForest,GroupKFold_Shape,1,173,circular,1.286486310423,1.0928232676370648
RandomForest,GroupKFold_Shape,1,174,circular,1.2564545083234089,1.0941247214515417
RandomForest,GroupKFold_Shape,1,175,circular,1.32213950491923,1.093606640670313
RandomForest,GroupKFold_Shape,1,176,circular,1.2941569931453976,1.0179514598551171
RandomForest,GroupKFold_Shape,1,177,circular,1.3128540515404687,1.0049987803109148
RandomForest,GroupKFold_Shape,1,178,circular,1.2553795512333588,1.1178810185082042
RandomForest,GroupKFold_Shape,1,179,circular,1.1713924116936274,1.1174687479684207
RandomForest,GroupKFold_Shape,1,180,circular,1.2529089649586223,1.0209625082929028
RandomForest,GroupKFold_Shape,1,181,circular,1.3110746711111705,1.0114142008109803
RandomForest,GroupKFold_Shape,1,182,circular,1.2193262628314903,1.1223116305055507
RandomForest,GroupKFold_Shape,1,183,circular,1.2060088386559635,1.122217214406711
RandomForest,GroupKFold_Shape,1,184,circular,1.2086542758821197,1.0060464230495147
RandomForest,GroupKFold_Shape,1,185,circular,1.1882361240679107,0.9912885626433894
RandomForest,GroupKFold_Shape,1,186,circular,1.3048820805856924,1.0448947895611145
RandomForest,GroupKFold_Shape,1,187,circular,1.2860185403772986,1.0271061745673606
RandomForest,GroupKFold_Shape,1,188,circular,1.413166849593796,1.0596167520195063
RandomForest,GroupKFold_Shape,1,189,circular,1.4074031505013533,1.0844390956008285
RandomForest,GroupKFold_Shape,1,190,circular,1.358950340257126,1.041587304754136
RandomForest,GroupKFold_Shape,1,191,circular,1.0689531316442664,1.034172258286113
RandomForest,GroupKFold_Shape,1,192,circular,1.3141287399041004,1.0343710486172737
RandomForest,GroupKFold_Shape,1,193,circular,1.0922145091701283,1.0374529638926517
RandomForest,GroupKFold_Shape,1,194,circular,1.5996384909229053,1.047699250413054
RandomForest,GroupKFold_Shape,1,195,circular,1.2349035942484818,1.0518026472187558
RandomForest,GroupKFold_Shape,1,196,circular,1.3345388048057119,1.0590229675908787
RandomForest,GroupKFold_Shape,1,197,circular,1.1669018109493594,1.031390513461881
RandomForest,GroupKFold_Shape,1,198,circular,1.2028285814567583,1.0333715508842753
RandomForest,GroupKFold_Shape,1,199,circular,1.4534609969636008,1.0380247589452996
RandomForest,GroupKFold_Shape,1,200,circular,1.384211098193533,1.04549593896394
RandomForest,GroupKFold_Shape,1,201,circular,1.0812582545259954,1.0316394528667878
RandomForest,GroupKFold_Shape,1,202,circular,0.9422252893538012,1.0301717902029681
RandomForest,GroupKFold_Shape,1,203,circular,1.1335926637173817,1.1132558781853
RandomForest,GroupKFold_Shape,1,204,circular,1.3129180568478147,1.1132558781853
RandomForest,GroupKFold_Shape,1,205,circular,1.2264575994456417,1.1132558781853
RandomForest,GroupKFold_Shape,1,206,circular,1.3129180568478147,1.1132558781853
RandomForest,GroupKFold_Shape,1,207,circular,1.2488732735869459,1.1132558781853
RandomForest,GroupKFold_Shape,1,208,circular,1.3033113393586844,1.1132558781853
RandomForest,GroupKFold_Shape,1,209,circular,1.1361701617391793,0.9988088499668994
RandomForest,GroupKFold_Shape,1,210,circular,1.1410674469190896,0.9988088499668994
RandomForest,GroupKFold_Shape,1,211,circular,1.0578135988606152,0.9988088499668994
RandomForest,GroupKFold_Shape,1,212,circular,1.0578135988606152,0.9988088499668994
RandomForest,GroupKFold_Shape,1,213,circular,1.1670230583726138,0.9988088499668994
RandomForest,GroupKFold_Shape,1,214,circular,1.1048275365877536,0.9988088499668994
RandomForest,GroupKFold_Shape,1,215,circular,1.1382975694343815,1.069092942833338
RandomForest,GroupKFold_Shape,1,216,circular,1.0752701497689592,1.0915088634654369
RandomForest,GroupKFold_Shape,1,217,circular,0.9199068249691795,0.9543776094949624
RandomForest,GroupKFold_Shape,1,218,circular,0.8843236477025262,0.9599800111407433
RandomForest,GroupKFold_Shape,1,219,circular,0.9128790547507792,0.9633190724753414
RandomForest,GroupKFold_Shape,1,220,circular,0.9281601451869276,0.9633190724753414
RandomForest,GroupKFold_Shape,1,221,circular,1.237545163141302,1.0473966370712449
RandomForest,GroupKFold_Shape,1,222,circular,1.2089867420544758,1.0377939756734265
RandomForest,GroupKFold_Shape,1,223,circular,1.2133644852363266,1.0377939756734265
RandomForest,GroupKFold_Shape,1,224,circular,1.2096074389960325,1.0414089905189927
RandomForest,GroupKFold_Shape,1,225,circular,1.1483515854741868,0.9553452603590243
RandomForest,GroupKFold_Shape,1,226,circular,1.088953056461838,0.9448943355691903
RandomForest,GroupKFold_Shape,1,227,circular,1.061508984719529,0.9451750634471151
RandomForest,GroupKFold_Shape,1,228,circular,1.0562450356984874,0.9407229653072336
RandomForest,GroupKFold_Shape,1,229,circular,1.1723103813258327,1.055661356940934
RandomForest,GroupKFold_Shape,1,230,circular,1.1809595423245132,1.0714121634840532
RandomForest,GroupKFold_Shape,1,231,circular,1.172977745864338,1.0727728821446219
RandomForest,GroupKFold_Shape,1,232,circular,1.1760745433758346,1.0608086013747555
RandomForest,GroupKFold_Shape,1,233,circular,1.087407992331772,0.9517540539177166
RandomForest,GroupKFold_Shape,1,234,circular,1.1091183712584098,0.9425041234938553
RandomForest,GroupKFold_Shape,1,235,circular,1.1240692396897045,0.9425041234938553
RandomForest,GroupKFold_Shape,1,236,circular,1.1527340236652242,0.9370458792903483
RandomForest,GroupKFold_Shape,1,237,circular,1.1115939935791495,0.9277086042626523
RandomForest,GroupKFold_Shape,1,238,circular,1.0839659960653538,0.9031123988602725
RandomForest,GroupKFold_Shape,1,239,circular,1.1026898604988369,0.9031123988602725
RandomForest,GroupKFold_Shape,1,240,circular,1.097850830391181,0.9098839705941036
RandomForest,GroupKFold_Shape,1,241,circular,1.1675375968286057,0.9912124795412991
RandomForest,GroupKFold_Shape,1,242,circular,1.3000433770209283,1.0476546685102488
RandomForest,GroupKFold_Shape,1,243,circular,1.23746653007112,1.036422466522287
RandomForest,GroupKFold_Shape,1,244,circular,1.209420109403607,1.0265368310574614
RandomForest,GroupKFold_Shape,1,245,circular,1.3121377067956377,0.9795898566805689
RandomForest,GroupKFold_Shape,1,246,circular,1.2989281177447332,0.9795898566805689
RandomForest,GroupKFold_Shape,1,247,circular,1.3495739828334417,1.0215109962660949
RandomForest,GroupKFold_Shape,1,248,circular,1.1281291950782302,1.112838477150323
RandomForest,GroupKFold_Shape,1,249,circular,1.2008958389819084,1.0774474047107632
RandomForest,GroupKFold_Shape,1,250,circular,1.2353855303226169,1.069705919472494
RandomForest,GroupKFold_Shape,1,251,circular,1.0730584479748482,1.0633706772476135
RandomForest,GroupKFold_Shape,1,252,circular,1.0349052587135201,1.0633706772476135
RandomForest,GroupKFold_Shape,1,253,circular,1.0492127046865183,1.0633706772476135
RandomForest,GroupKFold_Shape,1,254,circular,1.115980785893842,1.0633706772476135
RandomForest,GroupKFold_Shape,1,255,circular,1.2418476497794892,1.0508641793610485
RandomForest,GroupKFold_Shape,1,256,circular,1.1458899378442748,1.0541560229034967
RandomForest,GroupKFold_Shape,1,257,circular,1.3374921789478076,1.0867787225044059
RandomForest,GroupKFold_Shape,1,258,circular,1.0111810580343032,1.085268509529955
RandomForest,GroupKFold_Shape,1,259,circular,1.0273582662639587,1.0853750525896222
RandomForest,GroupKFold_Shape,1,260,circular,1.045128825211897,1.0838954867034878
RandomForest,GroupKFold_Shape,1,261,circular,1.0697251791938465,1.0945070358370417
RandomForest,GroupKFold_Shape,1,262,circular,1.0669773425293771,1.0875700593058792
RandomForest,GroupKFold_Shape,1,263,circular,1.0706406990125703,1.0863747381134161
RandomForest,GroupKFold_Shape,1,264,circular,1.0752462928972766,1.0970627571117297
RandomForest,GroupKFold_Shape,1,265,circular,1.2050469519666545,1.0622386252045513
RandomForest,GroupKFold_Shape,1,266,circular,1.1591867375218325,1.0616322494291344
RandomForest,GroupKFold_Shape,1,267,circular,1.0591913268808757,1.0488003814390168
RandomForest,GroupKFold_Shape,1,268,circular,1.4747177354069476,1.0760970205713971
RandomForest,GroupKFold_Shape,1,269,circular,1.438698863257496,1.080649182128712
RandomForest,GroupKFold_Shape,1,270,circular,1.2453362914305632,1.0709900040376639
RandomForest,GroupKFold_Shape,1,271,circular,1.208662846621109,1.0757413894844832
RandomForest,GroupKFold_Shape,1,272,circular,1.194274003208953,1.0757413894844832
RandomForest,GroupKFold_Shape,1,273,circular,1.3927210638476188,0.9830909503515325
RandomForest,GroupKFold_Shape,1,274,circular,1.3842155803571365,0.9830909503515325
RandomForest,GroupKFold_Shape,1,275,circular,1.4136791277360206,0.9830909503515325
RandomForest,GroupKFold_Shape,1,276,circular,1.1456366091921784,1.0318770795762882
RandomForest,GroupKFold_Shape,1,277,circular,1.1575768700669187,1.0318770795762882
RandomForest,GroupKFold_Shape,1,278,circular,1.1764299135533505,1.0318770795762882
RandomForest,GroupKFold_Shape,1,279,circular,1.158563920860915,0.9375611506118928
RandomForest,GroupKFold_Shape,1,280,circular,1.0769816123297524,0.9375611506118928
RandomForest,GroupKFold_Shape,1,281,circular,1.1257407180116425,0.9375611506118928
RandomForest,GroupKFold_Shape,1,282,circular,0.9885270233776388,0.956720106159137
RandomForest,GroupKFold_Shape,1,283,circular,1.0783931164119696,0.956720106159137
RandomForest,GroupKFold_Shape,1,284,circular,1.0361031902781668,0.956720106159137
RandomForest,GroupKFold_Shape,1,285,circular,1.0869105743635306,0.9538708905930782
RandomForest,GroupKFold_Shape,1,286,circular,1.1448031386011281,0.9538708905930782
RandomForest,GroupKFold_Shape,1,287,circular,1.0465299957494056,0.9538708905930782
RandomForest,GroupKFold_Shape,1,288,circular,1.1966957273711798,1.0575217919962545
RandomForest,GroupKFold_Shape,1,289,circular,1.1633442640197864,1.0575217919962545
RandomForest,GroupKFold_Shape,1,290,circular,1.1689970544183277,1.0575217919962545
RandomForest,GroupKFold_Shape,1,291,circular,1.200839968966233,0.9632211403863394
RandomForest,GroupKFold_Shape,1,292,circular,1.1248508298347624,0.9632211403863394
RandomForest,GroupKFold_Shape,1,293,circular,1.209479105433616,0.9632211403863394
RandomForest,GroupKFold_Shape,1,294,circular,1.108420440267482,0.9449702220735999
RandomForest,GroupKFold_Shape,1,295,circular,1.1193408386937624,0.9449702220735999
RandomForest,GroupKFold_Shape,1,296,circular,1.070756208960514,0.9449702220735999
RandomForest,GroupKFold_Shape,1,297,circular,1.1115066128395268,0.970534014155732
RandomForest,GroupKFold_Shape,1,298,circular,1.143938834802967,0.970534014155732
RandomForest,GroupKFold_Shape,1,299,circular,1.117630616216053,0.970534014155732
RandomForest,GroupKFold_Shape,1,300,circular,1.250094356066993,1.0496527970791527
RandomForest,GroupKFold_Shape,1,301,circular,1.255615974247501,1.0496527970791527
RandomForest,GroupKFold_Shape,1,302,circular,1.2175168088019963,1.0496527970791527
RandomForest,GroupKFold_Shape,1,303,circular,1.2950278181808799,0.9790678814644638
RandomForest,GroupKFold_Shape,1,304,circular,1.2126169570239147,0.9790678814644638
RandomForest,GroupKFold_Shape,1,305,circular,1.2243899371891955,0.9790678814644638
RandomForest,GroupKFold_Shape,1,306,circular,1.1743142604760686,0.9792680826701532
RandomForest,GroupKFold_Shape,1,307,circular,1.2139187167349488,0.9792680826701532
RandomForest,GroupKFold_Shape,1,308,circular,1.1932738406000005,0.9792680826701532
RandomForest,GroupKFold_Shape,1,309,circular,1.1603149777096642,0.9765802964223852
RandomForest,GroupKFold_Shape,1,310,circular,1.1732156482628429,0.9765802964223852
RandomForest,GroupKFold_Shape,1,311,circular,1.1383551696124758,0.9765802964223852
RandomForest,GroupKFold_Shape,1,312,circular,1.2079419865581988,1.0228826097619375
RandomForest,GroupKFold_Shape,1,313,circular,1.1670455196309601,1.0228826097619375
RandomForest,GroupKFold_Shape,1,314,circular,1.1508537216670625,1.0483154360837772
RandomForest,GroupKFold_Shape,1,315,circular,1.1609953445016765,1.0483154360837772
RandomForest,GroupKFold_Shape,1,316,circular,1.0619217905514904,0.9563531008275444
RandomForest,GroupKFold_Shape,1,317,circular,1.2956542484866285,1.030181422012947
RandomForest,GroupKFold_Shape,1,318,circular,1.1306542302372584,0.9888981236966475
RandomForest,GroupKFold_Shape,1,319,circular,1.0631562838336788,0.9576844544180756
RandomForest,GroupKFold_Shape,1,320,circular,1.073027843573812,0.9582140190304768
RandomForest,GroupKFold_Shape,1,321,circular,1.1306840434563534,0.957268700317889
RandomForest,GroupKFold_Shape,1,322,circular,1.1011120203646916,0.9582140190304768
RandomForest,GroupKFold_Shape,1,323,circular,0.9851301986103755,1.0302920063305339
RandomForest,GroupKFold_Shape,1,324,circular,0.9339257495170827,1.034548341290247
RandomForest,GroupKFold_Shape,1,325,circular,1.0162230301480055,1.00218735596371
RandomForest,GroupKFold_Shape,1,326,circular,1.1469339218412573,1.1001852689050846
RandomForest,GroupKFold_Shape,1,327,circular,1.092546009091041,1.0759522337490928
RandomForest,GroupKFold_Shape,1,328,circular,1.1000861553214407,1.107163967920477
RandomForest,GroupKFold_Shape,1,329,circular,1.0087307049043397,1.0775099651390512
RandomForest,GroupKFold_Shape,1,330,circular,1.1484501212624212,1.0181265294703843
RandomForest,GroupKFold_Shape,1,331,circular,1.1529242603297682,0.988233597706715
RandomForest,GroupKFold_Shape,1,332,circular,1.2904751739807487,1.039912606879804
RandomForest,GroupKFold_Shape,1,333,circular,1.3986321931244245,1.0613562245670582
RandomForest,GroupKFold_Shape,1,334,circular,1.2682445144448073,1.0360422632144677
RandomForest,GroupKFold_Shape,1,335,circular,1.2631163095652482,1.0360422632144677
RandomForest,GroupKFold_Shape,1,336,circular,1.1895466598960975,1.0670431964882372
RandomForest,GroupKFold_Shape,1,337,circular,1.2051519231744006,1.0670431964882372
RandomForest,GroupKFold_Shape,1,338,circular,1.3434511412160852,1.108229446796492
RandomForest,GroupKFold_Shape,1,339,circular,1.4076120631650018,1.108229446796492
RandomForest,GroupKFold_Shape,1,340,circular,1.4131294140157122,1.106634882530328
RandomForest,GroupKFold_Shape,1,341,circular,1.4090014799922972,1.106634882530328
RandomForest,GroupKFold_Shape,1,342,circular,1.2512502109547927,0.9791123191465048
RandomForest,GroupKFold_Shape,1,343,circular,1.194727836500679,0.9791123191465048
RandomForest,GroupKFold_Shape,1,344,circular,1.1627385870083158,0.9792735072957467
RandomForest,GroupKFold_Shape,1,345,circular,1.1558303740888456,0.9792735072957467
RandomForest,GroupKFold_Shape,1,346,circular,1.2854163440072908,1.0374790748685063
RandomForest,GroupKFold_Shape,1,347,circular,1.2786766813827724,1.0374790748685063
RandomForest,GroupKFold_Shape,1,348,circular,1.3537218351572846,1.0652722089412845
RandomForest,GroupKFold_Shape,1,349,circular,1.3212615545224988,1.0652722089412845
RandomForest,GroupKFold_Shape,1,350,circular,1.1995720476405545,1.1014436791002222
RandomForest,GroupKFold_Shape,1,351,circular,1.1809166022318427,1.0867513773378767
RandomForest,GroupKFold_Shape,1,352,circular,1.0748673043457417,1.086810975776987
RandomForest,GroupKFold_Shape,1,353,circular,1.2269958514308963,1.0746806742572792
RandomForest,GroupKFold_Shape,1,354,circular,1.1320785534773934,1.0661626272864948
RandomForest,GroupKFold_Shape,1,355,circular,1.0934447473345092,1.0669421972004072
RandomForest,GroupKFold_Shape,1,356,circular,1.220907275112158,1.1132222895611286
RandomForest,GroupKFold_Shape,1,357,circular,1.0712085131381346,1.1027042076042948
RandomForest,GroupKFold_Shape,1,358,circular,1.0747060958035308,1.105228942813496
RandomForest,GroupKFold_Shape,1,359,circular,1.1426382828215833,1.101226736287934
RandomForest,GroupKFold_Shape,1,360,circular,1.2204093047324287,1.09398929716179
RandomForest,GroupKFold_Shape,1,361,circular,1.1951532343242832,1.0932662505342967
RandomForest,GroupKFold_Shape,1,362,circular,1.253162744858469,1.0954741733811237
RandomForest,GroupKFold_Shape,1,363,circular,1.410690975522547,1.11233731699108
RandomForest,GroupKFold_Shape,1,364,circular,1.3287666544027426,1.0755033201889332
RandomForest,GroupKFold_Shape,1,365,circular,1.2535131146099987,1.075647478602973
RandomForest,GroupKFold_Shape,1,366,circular,1.3834440469848879,1.0770456898455134
RandomForest,GroupKFold_Shape,1,367,circular,1.2268643277129487,1.0686563066966954
RandomForest,GroupKFold_Shape,1,368,circular,1.2343448087834648,1.0935919893348642
RandomForest,GroupKFold_Shape,1,369,circular,1.4019339057226425,1.0673268606236528
RandomForest,GroupKFold_Shape,1,370,circular,1.4247851688507547,1.0674527817487554
RandomForest,GroupKFold_Shape,1,371,circular,1.2774436061249554,1.1406245481775052
RandomForest,GroupKFold_Shape,1,372,circular,1.307463933260314,1.1381163547958766
RandomForest,GroupKFold_Shape,1,373,circular,1.4590225375244026,1.1376880271082503
RandomForest,GroupKFold_Shape,1,374,circular,1.220169597230472,1.0940837529420768
RandomForest,GroupKFold_Shape,1,375,circular,1.2098260052479615,1.0863075527098198
RandomForest,GroupKFold_Shape,1,376,circular,1.2949004125196468,1.0967534383589908
RandomForest,GroupKFold_Shape,1,377,circular,1.2749949798711437,1.0961007739684943
RandomForest,GroupKFold_Shape,1,378,circular,1.282094241059635,1.097637145143013
RandomForest,GroupKFold_Shape,1,379,circular,1.2945158603944777,1.0961721016741095
RandomForest,GroupKFold_Shape,1,380,circular,1.3544066431861226,1.1070834256334963
RandomForest,GroupKFold_Shape,1,381,circular,1.3622828817848462,1.0743286213628338
RandomForest,GroupKFold_Shape,1,382,circular,1.2468443947618897,1.0635631722208387
RandomForest,GroupKFold_Shape,1,383,circular,1.2672884252356018,1.0754891300929277
RandomForest,GroupKFold_Shape,1,384,circular,1.291555198923066,1.07508813178844
RandomForest,GroupKFold_Shape,1,385,circular,1.288675645238375,1.07541927828485
RandomForest,GroupKFold_Shape,1,386,circular,1.2490609221562923,1.075408647370262
RandomForest,GroupKFold_Shape,1,387,circular,1.286870529047561,1.0768953982908425
RandomForest,GroupKFold_Shape,1,388,circular,1.3438725632484756,1.0645615501859382
RandomForest,GroupKFold_Shape,1,389,circular,1.2257063169875246,1.0595564900679941
RandomForest,GroupKFold_Shape,1,390,circular,1.2791487844243277,1.0718546942044196
RandomForest,GroupKFold_Shape,1,391,circular,1.2670605513611748,1.084384450171292
RandomForest,GroupKFold_Shape,1,392,circular,1.2441530285865783,1.0796190166110502
RandomForest,GroupKFold_Shape,1,393,circular,1.2673463190737095,1.079958834984723
RandomForest,GroupKFold_Shape,1,394,circular,1.2683585085983282,1.0799386092575736
RandomForest,GroupKFold_Shape,1,395,circular,1.2823788993562046,1.1406245481775052
RandomForest,GroupKFold_Shape,1,396,circular,1.235038553303725,1.1406882389749087
RandomForest,GroupKFold_Shape,1,397,circular,1.3200127286601904,1.1394858087341773
RandomForest,GroupKFold_Shape,1,398,circular,1.3516993360623062,1.1387371328585842
RandomForest,GroupKFold_Shape,1,399,circular,1.1456366091921784,1.0318770795762882
RandomForest,GroupKFold_Shape,1,400,circular,1.1575768700669187,1.0318770795762882
RandomForest,GroupKFold_Shape,1,401,circular,1.1764299135533505,1.0318770795762882
RandomForest,GroupKFold_Shape,1,402,circular,1.158563920860915,0.9375611506118928
RandomForest,GroupKFold_Shape,1,403,circular,1.0769816123297524,0.9375611506118928
RandomForest,GroupKFold_Shape,1,404,circular,1.1257407180116425,0.9375611506118928
RandomForest,GroupKFold_Shape,1,405,circular,0.9885270233776388,0.956720106159137
RandomForest,GroupKFold_Shape,1,406,circular,1.0783931164119696,0.956720106159137
RandomForest,GroupKFold_Shape,1,407,circular,1.0361031902781668,0.956720106159137
RandomForest,GroupKFold_Shape,1,408,circular,1.0869105743635306,0.9538708905930782
RandomForest,GroupKFold_Shape,1,409,circular,1.1448031386011281,0.9538708905930782
RandomForest,GroupKFold_Shape,1,410,circular,1.0465299957494056,0.9538708905930782
RandomForest,GroupKFold_Shape,1,411,circular,1.1966957273711798,1.0575217919962545
RandomForest,GroupKFold_Shape,1,412,circular,1.1633442640197864,1.0575217919962545
RandomForest,GroupKFold_Shape,1,413,circular,1.1689970544183277,1.0575217919962545
RandomForest,GroupKFold_Shape,1,414,circular,1.200839968966233,0.9632211403863394
RandomForest,GroupKFold_Shape,1,415,circular,1.1248508298347624,0.9632211403863394
RandomForest,GroupKFold_Shape,1,416,circular,1.209479105433616,0.9632211403863394
RandomForest,GroupKFold_Shape,1,417,circular,1.108420440267482,0.9449702220735999
RandomForest,GroupKFold_Shape,1,418,circular,1.1193408386937624,0.9449702220735999
RandomForest,GroupKFold_Shape,1,419,circular,1.0705333436865083,0.9449702220735999
RandomForest,GroupKFold_Shape,1,420,circular,1.1115066128395268,0.970534014155732
RandomForest,GroupKFold_Shape,1,421,circular,1.143938834802967,0.970534014155732
RandomForest,GroupKFold_Shape,1,422,circular,1.117630616216053,0.970534014155732
RandomForest,GroupKFold_Shape,1,423,circular,1.250094356066993,1.0496527970791527
RandomForest,GroupKFold_Shape,1,424,circular,1.255615974247501,1.0496527970791527
RandomForest,GroupKFold_Shape,1,425,circular,1.2175168088019963,1.0496527970791527
RandomForest,GroupKFold_Shape,1,426,circular,1.2950278181808799,0.9790678814644638
RandomForest,GroupKFold_Shape,1,427,circular,1.2126169570239147,0.9790678814644638
RandomForest,GroupKFold_Shape,1,428,circular,1.2243899371891955,0.9790678814644638
RandomForest,GroupKFold_Shape,1,429,circular,1.1743142604760686,0.9792680826701532
RandomForest,GroupKFold_Shape,1,430,circular,1.2139187167349488,0.9792680826701532
RandomForest,GroupKFold_Shape,1,431,circular,1.1932738406000005,0.9792680826701532
RandomForest,GroupKFold_Shape,1,432,circular,1.1603149777096642,0.9765802964223852
RandomForest,GroupKFold_Shape,1,433,circular,1.1732156482628429,0.9765802964223852
RandomForest,GroupKFold_Shape,1,434,circular,1.1383551696124758,0.9765802964223852
RandomForest,GroupKFold_Shape,1,435,circular,1.136205061407592,0.9699221993147406
RandomForest,GroupKFold_Shape,1,436,circular,1.1837321055556502,0.9805616915725807
RandomForest,GroupKFold_Shape,1,437,circular,1.1285449094648452,1.0049262413562763
RandomForest,GroupKFold_Shape,1,438,circular,1.1227523900855292,1.035977260101476
RandomForest,GroupKFold_Shape,1,439,circular,1.167311509591246,0.9597346381979106
RandomForest,GroupKFold_Shape,1,440,circular,1.244275159310521,0.9786878184201399
RandomForest,GroupKFold_Shape,1,441,circular,1.2059882136778968,0.9999663001277238
RandomForest,GroupKFold_Shape,1,442,circular,1.2660904399745998,1.030697493491069
RandomForest,GroupKFold_Shape,1,443,circular,1.2193656335090768,1.0032318756772733
RandomForest,GroupKFold_Shape,1,444,circular,1.0980365335263236,0.9548862890405438
RandomForest,GroupKFold_Shape,1,445,circular,1.094780679517756,0.9924309566347511
RandomForest,GroupKFold_Shape,1,446,circular,1.1254903843034576,1.0164772022776853
RandomForest,GroupKFold_Shape,1,447,circular,1.1811788280767848,1.032630019530261
RandomForest,GroupKFold_Shape,1,448,circular,1.2437399821086135,1.029125647325563
RandomForest,GroupKFold_Shape,1,449,circular,1.2577319063356134,1.065865460313521
RandomForest,GroupKFold_Shape,1,450,circular,1.1121276540275178,1.0324878725950382
RandomForest,GroupKFold_Shape,1,451,circular,1.189648160647048,1.0342762623545436
RandomForest,GroupKFold_Shape,1,452,circular,1.25195418927106,1.0717651155302088
RandomForest,GroupKFold_Shape,1,453,circular,1.1678173543464752,1.0451557626594032
RandomForest,GroupKFold_Shape,1,454,circular,1.2150073469027478,1.0504490962378805
RandomForest,GroupKFold_Shape,1,455,circular,1.2418209384769063,1.0763292833196552
RandomForest,GroupKFold_Shape,1,456,circular,1.198140263818663,1.0348559608337322
RandomForest,GroupKFold_Shape,1,457,circular,1.1855044785086055,1.036586971308596
RandomForest,GroupKFold_Shape,1,458,circular,1.2090963058671387,1.0330853206144368
RandomForest,GroupKFold_Shape,1,459,circular,1.3259799981856513,1.0348056567503299
RandomForest,GroupKFold_Shape,1,460,circular,1.299020194398419,1.0350323245240778
RandomForest,GroupKFold_Shape,1,461,circular,1.3434363952751693,1.0353169358697003
RandomForest,GroupKFold_Shape,1,462,circular,1.281033681703701,1.0703158965325832
RandomForest,GroupKFold_Shape,1,463,circular,1.2523021338937257,1.0703843299945741
RandomForest,GroupKFold_Shape,1,464,circular,1.2935766863339573,1.0728879974331156
RandomForest,GroupKFold_Shape,1,465,circular,1.1250605898685158,1.0418663373747707
RandomForest,GroupKFold_Shape,1,466,circular,1.1263474694221658,1.0424053656174057
RandomForest,GroupKFold_Shape,1,467,circular,1.1413646115604044,1.0434960760128364
RandomForest,GroupKFold_Shape,1,468,circular,1.2494831646191205,1.0435412478170893
RandomForest,GroupKFold_Shape,1,469,circular,1.2330886261133327,1.0431715261702026
RandomForest,GroupKFold_Shape,1,470,circular,1.2417298628121878,1.0445619783364857
RandomForest,GroupKFold_Shape,1,471,circular,1.265565498136139,1.0796413837476941
RandomForest,GroupKFold_Shape,1,472,circular,1.261434568255463,1.0788284681127491
RandomForest,GroupKFold_Shape,1,473,circular,1.2814067423059525,1.0777366787354363
RandomForest,GroupKFold_Shape,1,474,circular,1.1412579581680564,1.0476228399026604
RandomForest,GroupKFold_Shape,1,475,circular,1.1639612532058294,1.0451383205334162
RandomForest,GroupKFold_Shape,1,476,circular,1.1683730857239734,1.0496775486655807
RandomForest,GroupKFold_Shape,1,477,circular,1.1826622653806047,1.0553313267270985
RandomForest,GroupKFold_Shape,1,478,circular,1.2042128286825535,1.0510691767737008
RandomForest,GroupKFold_Shape,1,479,circular,1.1994765786206814,1.0561264626847713
RandomForest,GroupKFold_Shape,1,480,circular,1.2300282858041112,1.0789882347140802
RandomForest,GroupKFold_Shape,1,481,circular,1.2323447321023147,1.075713997752952
RandomForest,GroupKFold_Shape,1,482,circular,1.2559683700923228,1.0796442781190903
RandomForest,GroupKFold_Shape,1,483,circular,1.097409187610453,1.017082702983094
RandomForest,GroupKFold_Shape,1,484,circular,1.12554788472867,1.017082702983094
RandomForest,GroupKFold_Shape,1,485,circular,1.1529675365057692,1.069636281921576
RandomForest,GroupKFold_Shape,1,486,circular,1.1852281853374391,1.069636281921576
RandomForest,GroupKFold_Shape,1,487,circular,1.122012685118459,1.0637190701655856
RandomForest,GroupKFold_Shape,1,488,circular,1.1015644821562767,1.0637190701655856
RandomForest,GroupKFold_Shape,1,489,circular,1.0637998792821723,0.9407054970326812
RandomForest,GroupKFold_Shape,1,490,circular,1.07947210172219,0.9407054970326812
RandomForest,GroupKFold_Shape,1,491,circular,0.9842650644053778,0.9319303318030893
RandomForest,GroupKFold_Shape,1,492,circular,1.0221405808078126,0.9319303318030893
RandomForest,GroupKFold_Shape,1,493,circular,1.2803725519731772,1.005142817600121
RandomForest,GroupKFold_Shape,1,494,circular,1.2443901851729942,1.005142817600121
RandomForest,GroupKFold_Shape,1,495,circular,1.1680967901425083,1.0723108602303384
RandomForest,GroupKFold_Shape,1,496,circular,1.1555366096033417,1.0723108602303384
RandomForest,GroupKFold_Shape,1,497,circular,1.1389998201135163,1.0604619434708926
RandomForest,GroupKFold_Shape,1,498,circular,1.0616452868758604,1.0604619434708926
RandomForest,GroupKFold_Shape,1,499,circular,1.0846139454825912,0.9480211011187706
RandomForest,GroupKFold_Shape,1,500,circular,1.0813816522675768,0.9480211011187706
RandomForest,GroupKFold_Shape,1,501,circular,1.0516109537673108,0.937196330727705
RandomForest,GroupKFold_Shape,1,502,circular,1.0771791624586369,0.937196330727705
RandomForest,GroupKFold_Shape,1,503,circular,1.2520069830423897,1.0066143809828032
RandomForest,GroupKFold_Shape,1,504,circular,1.2664978046053803,1.0066143809828032
RandomForest,GroupKFold_Shape,1,505,circular,1.1509658965396408,1.0580853280198141
RandomForest,GroupKFold_Shape,1,506,circular,1.110275183025613,1.0580853280198141
RandomForest,GroupKFold_Shape,1,507,circular,1.0614219390071202,0.938164367800816
RandomForest,GroupKFold_Shape,1,508,circular,1.0794121413631732,0.938164367800816
RandomForest,GroupKFold_Shape,1,509,circular,1.2207707577349554,1.0897244783048938
RandomForest,GroupKFold_Shape,1,510,circular,1.216295289923274,1.0870862823578216
RandomForest,GroupKFold_Shape,1,511,circular,1.2763529435507894,1.0885162831679758
RandomForest,GroupKFold_Shape,1,512,circular,1.246315770469367,1.0847393634857037
RandomForest,GroupKFold_Shape,1,513,circular,1.4600404038278534,1.0726260556031282
RandomForest,GroupKFold_Shape,1,514,circular,1.3551376186293855,1.0726260556031282
RandomForest,GroupKFold_Shape,1,515,circular,1.4154313194801356,1.1055700574283889
RandomForest,GroupKFold_Shape,1,516,circular,1.3991619939688698,1.1055700574283889
RandomForest,GroupKFold_Shape,1,517,circular,1.3422696164404564,1.0892409226431392
RandomForest,GroupKFold_Shape,1,518,circular,1.3377349217903196,1.0892409226431392
RandomForest,GroupKFold_Shape,1,519,circular,1.4737078098499086,1.0470646605401979
RandomForest,GroupKFold_Shape,1,520,circular,1.42382207298616,1.067434828883035
RandomForest,GroupKFold_Shape,1,521,circular,1.4600404038278534,1.0726260556031282
RandomForest,GroupKFold_Shape,1,522,circular,1.3551376186293855,1.1015456118763247
RandomForest,GroupKFold_Shape,1,523,circular,1.4602452591610375,1.032887465163707
RandomForest,GroupKFold_Shape,1,524,circular,1.3551804572773791,1.032887465163707
RandomForest,GroupKFold_Shape,1,525,circular,1.261950280076963,0.9508902422782222
RandomForest,GroupKFold_Shape,1,526,circular,1.2070770909871522,0.9387092326003593
RandomForest,GroupKFold_Shape,1,527,circular,1.2872591031213836,0.9508902422782222
RandomForest,GroupKFold_Shape,1,528,circular,1.2295175877440858,0.9387092326003593
RandomForest,GroupKFold_Shape,1,529,circular,1.0749994218548684,0.995913434561645
RandomForest,GroupKFold_Shape,1,530,circular,1.1455487199286842,0.989859042970551
RandomForest,GroupKFold_Shape,1,531,circular,1.1156002980635482,0.9928579473366004
RandomForest,GroupKFold_Shape,1,532,circular,1.1812493418381194,0.9689792667795634
RandomForest,GroupKFold_Shape,1,533,circular,1.1703975528389767,0.969406043620641
RandomForest,GroupKFold_Shape,1,534,circular,1.178400362037723,0.9698518855868301
RandomForest,GroupKFold_Shape,1,535,circular,1.14403126667179,0.9571651470674758
RandomForest,GroupKFold_Shape,1,536,circular,1.1042621429645079,0.9650874916980605
RandomForest,GroupKFold_Shape,1,537,circular,1.1118741096181768,0.979276448054994
RandomForest,GroupKFold_Shape,1,538,circular,1.0975680037783655,0.9606405805465144
RandomForest,GroupKFold_Shape,1,539,circular,1.1234142745770122,0.9855125027018233
RandomForest,GroupKFold_Shape,1,540,circular,1.136360554615098,1.050714036486879
RandomForest,GroupKFold_Shape,1,541,circular,1.2168271823181187,1.0512736583574653
RandomForest,GroupKFold_Shape,1,542,circular,1.213506864240547,1.0470334718940868
RandomForest,GroupKFold_Shape,1,543,circular,1.3390171937925537,1.0952585127886438
RandomForest,GroupKFold_Shape,1,544,circular,1.2679319917387057,1.0962570640626519
RandomForest,GroupKFold_Shape,1,545,circular,1.2216366617289183,1.095264618472048
RandomForest,GroupKFold_Shape,1,546,circular,1.1939933015828132,0.9677190664626839
RandomForest,GroupKFold_Shape,1,547,circular,1.2313271775294552,0.9671304711623597
RandomForest,GroupKFold_Shape,1,548,circular,1.2657307970870473,0.9705058778227997
RandomForest,GroupKFold_Shape,1,549,circular,1.2987951649060503,0.9495531967998602
RandomForest,GroupKFold_Shape,1,550,circular,1.2045657462863062,0.9432997204455884
RandomForest,GroupKFold_Shape,1,551,circular,1.1706389361953242,0.9441651860404632
RandomForest,GroupKFold_Shape,1,552,circular,1.2974059019704027,0.9305845146476398
RandomForest,GroupKFold_Shape,1,553,circular,1.2336684323588558,0.9305670328822261
RandomForest,GroupKFold_Shape,1,554,circular,1.2434786890775043,0.9305032255393704
RandomForest,GroupKFold_Shape,1,555,circular,1.24744725501182,1.021521060201753
RandomForest,GroupKFold_Shape,1,556,circular,1.2255351324166173,0.9904359143097621
RandomForest,GroupKFold_Shape,1,557,circular,1.212461976536215,0.958275589209585
RandomForest,GroupKFold_Shape,1,558,circular,1.2390348241766387,1.0219043541225654
RandomForest,GroupKFold_Shape,1,559,circular,1.3099147850734096,1.0426839578856488
RandomForest,GroupKFold_Shape,1,560,circular,1.1191135566181951,0.987474636589258
RandomForest,GroupKFold_Shape,1,561,circular,1.125520396023584,0.9886837966784807
RandomForest,GroupKFold_Shape,1,562,circular,1.0688796897447055,0.9772166798788343
RandomForest,GroupKFold_Shape,1,563,circular,1.0709849653873482,0.9792566512416631
RandomForest,GroupKFold_Shape,1,564,circular,1.1103910581529506,0.9707342695202924
RandomForest,GroupKFold_Shape,1,565,circular,1.1128519849889325,0.9705690014221918
RandomForest,GroupKFold_Shape,1,566,circular,1.0119426075976625,0.9782313830819166
RandomForest,GroupKFold_Shape,1,567,circular,1.0587853148826611,0.985560776953779
RandomForest,GroupKFold_Shape,1,568,circular,1.169989109233401,0.9341066023582417
RandomForest,GroupKFold_Shape,1,569,circular,1.4822375104324539,1.0706752976010925
RandomForest,GroupKFold_Shape,1,570,circular,1.1172119113349281,1.1143212547696726
RandomForest,GroupKFold_Shape,1,571,circular,1.1955313826950031,1.1141017033116984
RandomForest,GroupKFold_Shape,1,572,circular,1.1672017543078723,1.11358512069668
RandomForest,GroupKFold_Shape,1,573,circular,1.5017169424717123,1.0508569354592285
RandomForest,GroupKFold_Shape,1,574,circular,1.4594150567682838,1.0508569354592285
RandomForest,GroupKFold_Shape,1,575,circular,1.4752782639070696,1.0508569354592285
RandomForest,GroupKFold_Shape,1,576,circular,1.419519117076611,1.024432834374923
RandomForest,GroupKFold_Shape,1,577,circular,1.4377180801160547,1.024432834374923
RandomForest,GroupKFold_Shape,1,578,circular,1.0939191567339017,0.9654048275447435
RandomForest,GroupKFold_Shape,1,579,circular,1.1082076544678416,0.9555288562846022
RandomForest,GroupKFold_Shape,1,580,circular,1.1189148124866442,0.9382235013986654
RandomForest,GroupKFold_Shape,1,581,circular,1.125154244488275,0.9359021359877869
RandomForest,GroupKFold_Shape,1,582,circular,1.1253876898014403,0.9537284909677091
RandomForest,GroupKFold_Shape,1,583,circular,1.103812716496891,0.9538197758851419
RandomForest,GroupKFold_Shape,1,584,circular,1.0985823082868367,0.9554976241146207
RandomForest,GroupKFold_Shape,1,585,circular,1.0973071033105124,0.9554976241146207
RandomForest,GroupKFold_Shape,1,586,circular,1.07813229112156,0.9526905453611912
RandomForest,GroupKFold_Shape,1,587,circular,1.0720181076632134,0.9480494424246018
RandomForest,GroupKFold_Shape,1,588,circular,1.0996992675102513,0.9489401783533371
RandomForest,GroupKFold_Shape,1,589,circular,1.1065761847263786,0.9478941126192792
RandomForest,GroupKFold_Shape,1,590,circular,1.0891297555800707,0.9528756401004372
RandomForest,GroupKFold_Shape,1,591,circular,1.1179292663043983,0.9649420025953649
RandomForest,GroupKFold_Shape,1,592,circular,1.1027615541905644,0.9547036167959413
RandomForest,GroupKFold_Shape,1,593,circular,1.1083054834975656,0.9524887266233764
RandomForest,GroupKFold_Shape,1,594,circular,1.0963834458272042,0.9472174676273452
RandomForest,GroupKFold_Shape,1,595,circular,1.1121008667663637,0.9557290062218087
RandomForest,GroupKFold_Shape,1,596,circular,1.1104141617106007,0.9555288562846022
RandomForest,GroupKFold_Shape,1,597,circular,1.1053752629591076,0.9555288562846022
RandomForest,GroupKFold_Shape,1,598,circular,1.101641173779054,0.9555288562846022
RandomForest,GroupKFold_Shape,1,599,circular,1.4737078098499086,1.0470646605401979
RandomForest,GroupKFold_Shape,1,600,circular,1.3552291847985056,1.067434828883035
RandomForest,GroupKFold_Shape,1,601,circular,1.4600404038278534,1.0726260556031282
RandomForest,GroupKFold_Shape,1,602,circular,1.3551376186293855,1.1015456118763247
RandomForest,GroupKFold_Shape,1,603,circular,1.1982356859759895,1.0705534465233009
RandomForest,GroupKFold_Shape,1,604,circular,1.3597925128136246,1.0753117457293198
RandomForest,GroupKFold_Shape,1,605,circular,1.3584960645166095,1.0875758791787082
RandomForest,GroupKFold_Shape,1,606,circular,1.3100033270154159,1.0875758791787082
RandomForest,GroupKFold_Shape,1,607,circular,1.2913700832474397,1.1234966432586517
RandomForest,GroupKFold_Shape,1,608,circular,1.4978151073335477,1.140524943000988
RandomForest,GroupKFold_Shape,1,609,circular,1.2096830310287026,1.0509350874300076
RandomForest,GroupKFold_Shape,1,610,circular,1.2873230266774571,1.0509350874300076
RandomForest,GroupKFold_Shape,1,611,circular,1.4530112728655133,1.0917078489998477
RandomForest,GroupKFold_Shape,1,612,circular,1.4109684844565789,1.0917078489998477
RandomForest,GroupKFold_Shape,1,613,circular,1.2390348241766387,1.0219043541225654
RandomForest,GroupKFold_Shape,1,614,circular,1.3099147850734096,1.0426839578856488
RandomForest,GroupKFold_Shape,1,615,circular,1.306829976743478,1.04919512681923
RandomForest,GroupKFold_Shape,1,616,circular,1.290747621841903,1.04919512681923
RandomForest,GroupKFold_Shape,1,617,circular,1.3332390142216342,1.0635875002287285
RandomForest,GroupKFold_Shape,1,618,circular,1.3086128646971864,1.0635875002287285
RandomForest,GroupKFold_Shape,1,619,circular,1.3199099921891184,1.0676585779857861
RandomForest,GroupKFold_Shape,1,620,circular,1.3389618107830723,1.0676585779857861
RandomForest,GroupKFold_Shape,1,621,circular,1.330175403702272,1.067060096139135
RandomForest,GroupKFold_Shape,1,622,circular,1.3453508784579917,1.067060096139135
RandomForest,GroupKFold_Shape,1,623,circular,1.3180270589589476,1.089496290542307
RandomForest,GroupKFold_Shape,1,624,circular,1.352620773381636,1.089496290542307
RandomForest,GroupKFold_Shape,1,625,circular,1.2617665934601323,1.0352918495228147
RandomForest,GroupKFold_Shape,1,626,circular,1.3285906550290896,1.0866287808522954
RandomForest,GroupKFold_Shape,1,627,circular,1.3313087177790965,1.086396466193757
RandomForest,GroupKFold_Shape,1,628,circular,1.4053136480542652,1.0861007343187605
RandomForest,GroupKFold_Shape,1,629,circular,1.3001385373329486,1.0882061992812277
RandomForest,GroupKFold_Shape,1,630,circular,1.2362028679086534,1.0877892857684712
RandomForest,GroupKFold_Shape,1,631,circular,1.2965312518289938,1.0880122680422633
RandomForest,GroupKFold_Shape,1,632,circular,1.3204525886930352,1.0591859104663894
RandomForest,GroupKFold_Shape,1,633,circular,1.2966698880718244,1.092092589044122
RandomForest,GroupKFold_Shape,1,634,circular,1.3546268449969268,1.0856603713063244
RandomForest,GroupKFold_Shape,1,635,circular,1.3040760471428814,1.0910840942936095
RandomForest,GroupKFold_Shape,1,636,circular,1.2239856207435866,1.0827209332171506
RandomForest,GroupKFold_Shape,1,637,circular,1.2280509343017207,1.0652976969065746
RandomForest,GroupKFold_Shape,1,638,circular,1.1604974665781171,1.0652976969065746
RandomForest,GroupKFold_Shape,1,639,circular,1.2478356905643953,1.0922945526877532
RandomForest,GroupKFold_Shape,1,640,circular,1.2598277046755322,1.0922945526877532
RandomForest,GroupKFold_Shape,1,641,circular,1.2968281953681047,1.1014516641710055
RandomForest,GroupKFold_Shape,1,642,circular,1.2886129941304787,1.1014516641710055
RandomForest,GroupKFold_Shape,1,643,circular,1.3357650442006035,1.015184357455261
RandomForest,GroupKFold_Shape,1,644,circular,1.2936721089566459,1.1033812340011353
RandomForest,GroupKFold_Shape,1,645,circular,1.275484545351331,1.075411423916809
RandomForest,GroupKFold_Shape,1,646,circular,1.2903183386642592,1.0827738535257199
RandomForest,GroupKFold_Shape,1,647,circular,1.2604272961433265,1.0192656742091157
RandomForest,GroupKFold_Shape,1,648,circular,1.2110363638509196,1.051455228625751
RandomForest,GroupKFold_Shape,1,649,circular,1.2889693276319096,1.0428675900222855
RandomForest,GroupKFold_Shape,1,650,circular,1.212706933739826,1.0638156337956075
RandomForest,GroupKFold_Shape,1,651,circular,1.2996749058776849,1.0333225716458938
RandomForest,GroupKFold_Shape,1,652,circular,1.3569351531659213,1.0181626190887545
RandomForest,GroupKFold_Shape,1,653,circular,1.0862451776135187,1.049296568829141
RandomForest,GroupKFold_Shape,1,654,circular,1.460895937684224,1.0418477191110633
RandomForest,GroupKFold_Shape,1,655,circular,1.130075412633195,1.0759752540028933
RandomForest,GroupKFold_Shape,1,656,circular,1.3167453220865304,1.0201785414774165
RandomForest,GroupKFold_Shape,1,657,circular,1.0294808161480307,1.0591710751067758
RandomForest,GroupKFold_Shape,1,658,circular,1.4071107610604239,1.0535297060049806
RandomForest,GroupKFold_Shape,1,659,circular,1.3379552763636882,1.0548067715034366
RandomForest,GroupKFold_Shape,1,660,circular,1.458792166328811,1.0336506850080287
RandomForest,GroupKFold_Shape,1,661,circular,1.4286071933023912,1.0569956504709985
RandomForest,GroupKFold_Shape,1,662,circular,1.271291189652216,1.060598663300741
RandomForest,GroupKFold_Shape,1,663,circular,1.2934006016461677,1.060598663300741
RandomForest,GroupKFold_Shape,1,664,circular,1.1975931496723773,1.065855244945131
RandomForest,GroupKFold_Shape,1,665,circular,1.2528666796572563,1.065855244945131
RandomForest,GroupKFold_Shape,1,666,circular,1.5184172955589565,1.0383913212743359
RandomForest,GroupKFold_Shape,1,667,circular,1.4512515359158664,1.058817606760454
RandomForest,GroupKFold_Shape,1,668,circular,1.3748654480428981,1.0582640709247584
RandomForest,GroupKFold_Shape,1,669,circular,1.3665698621385245,1.0416009705468274
RandomForest,GroupKFold_Shape,1,670,circular,1.2676699633975275,1.0440936774385248
RandomForest,GroupKFold_Shape,1,671,circular,1.3556201734388373,1.0409050910307152
RandomForest,GroupKFold_Shape,1,672,circular,1.305064619754932,1.0076848679457777
RandomForest,GroupKFold_Shape,1,673,circular,1.32021833450372,0.9931589148151442
RandomForest,GroupKFold_Shape,2,674,rectangular,1.06953698397908,1.3682023504946343
RandomForest,GroupKFold_Shape,2,675,rectangular,1.0716465243814055,1.3682023504946343
RandomForest,GroupKFold_Shape,2,676,rectangular,1.0462366417310374,1.321626634622316
RandomForest,GroupKFold_Shape,2,677,rectangular,1.023264728934967,1.4012581847490977
RandomForest,GroupKFold_Shape,2,678,rectangular,1.0213662786029911,1.4012581847490977
RandomForest,GroupKFold_Shape,2,679,rectangular,1.0605662066642707,1.3664471743645286
RandomForest,GroupKFold_Shape,2,680,rectangular,1.0590065504779997,1.3664471743645286
RandomForest,GroupKFold_Shape,2,681,rectangular,0.9291387514086493,1.2328766379415235
RandomForest,GroupKFold_Shape,2,682,rectangular,1.0127561317700873,1.2574420554644496
RandomForest,GroupKFold_Shape,2,683,rectangular,0.8818123522200535,1.1860866588777577
RandomForest,GroupKFold_Shape,2,684,rectangular,0.9632749833968759,1.2152587983709318
RandomForest,GroupKFold_Shape,2,685,rectangular,0.8908545915693714,1.3160725065514933
RandomForest,GroupKFold_Shape,2,686,rectangular,0.9507109204994402,1.3371139724442873
RandomForest,GroupKFold_Shape,2,687,rectangular,0.9585829643136233,1.3338209158160652
RandomForest,GroupKFold_Shape,2,688,rectangular,0.9595862668053858,1.3419879610920749
RandomForest,GroupKFold_Shape,2,689,rectangular,0.9884695799780571,1.3088576893908959
RandomForest,GroupKFold_Shape,2,690,rectangular,1.0401008214518896,1.2947641277201591
RandomForest,GroupKFold_Shape,2,691,rectangular,0.9186291926691872,1.2935246770869202
RandomForest,GroupKFold_Shape,2,692,rectangular,1.0192749456133143,1.2828902093865986
RandomForest,GroupKFold_Shape,2,693,rectangular,0.9127835333850577,1.2810733535217125
RandomForest,GroupKFold_Shape,2,694,rectangular,0.9972231171660454,1.2942539926176684
RandomForest,GroupKFold_Shape,2,695,rectangular,0.9128426995596877,1.2930145419844294
RandomForest,GroupKFold_Shape,2,696,rectangular,1.003832816207337,1.297350082595515
RandomForest,GroupKFold_Shape,2,697,rectangular,0.9125752874612155,1.296110631962276
RandomForest,GroupKFold_Shape,2,698,rectangular,1.027009289900049,1.2693674948506986
RandomForest,GroupKFold_Shape,2,699,rectangular,1.0482746914157164,1.175517234405359
RandomForest,GroupKFold_Shape,2,700,rectangular,0.9167472922833516,1.170062229430368
RandomForest,GroupKFold_Shape,2,701,rectangular,0.8640136456166635,1.1141342332908386
RandomForest,GroupKFold_Shape,2,702,rectangular,0.9608620035264834,1.162956599209624
RandomForest,GroupKFold_Shape,2,703,rectangular,0.9081053698399476,1.108884151533685
RandomForest,GroupKFold_Shape,2,704,rectangular,1.0208279872998902,1.2837475502699567
RandomForest,GroupKFold_Shape,2,705,rectangular,1.0122966091723296,1.1895363421304959
RandomForest,GroupKFold_Shape,2,706,rectangular,1.1371215663950138,1.187089293722246
RandomForest,GroupKFold_Shape,2,707,rectangular,0.9947622291164563,1.196861055178384
RandomForest,GroupKFold_Shape,2,708,rectangular,0.9042217768159755,1.1350509198129566
RandomForest,GroupKFold_Shape,2,709,rectangular,1.1173887074432522,1.1881907702540488
RandomForest,GroupKFold_Shape,2,710,rectangular,0.9943744272212695,1.196266370324864
RandomForest,GroupKFold_Shape,2,711,rectangular,1.025037102173695,1.3700075607714988
RandomForest,GroupKFold_Shape,2,712,rectangular,0.9756042909375217,1.3818940191349132
RandomForest,GroupKFold_Shape,2,713,rectangular,1.0187432561830583,1.3818940191349132
RandomForest,GroupKFold_Shape,2,714,rectangular,0.9721328583393922,1.256448827430005
RandomForest,GroupKFold_Shape,2,715,rectangular,0.9375664445830088,1.2536444052148017
RandomForest,GroupKFold_Shape,2,716,rectangular,1.0494235703981207,1.369069596564805
RandomForest,GroupKFold_Shape,2,717,rectangular,1.014571862655111,1.3682318501722834
RandomForest,GroupKFold_Shape,2,718,rectangular,0.9978268847018567,1.2838240807180845
RandomForest,GroupKFold_Shape,2,719,rectangular,0.9785226954714671,1.2838240807180845
RandomForest,GroupKFold_Shape,2,720,rectangular,1.0327321771459947,1.3875633169884185
RandomForest,GroupKFold_Shape,2,721,rectangular,0.9809199335646905,1.3875633169884185
RandomForest,GroupKFold_Shape,2,722,rectangular,1.0918158283594679,1.4037980294574688
RandomForest,GroupKFold_Shape,2,723,rectangular,1.0578333859959272,1.29738314556246
RandomForest,GroupKFold_Shape,2,724,rectangular,0.9940735654701452,1.29738314556246
RandomForest,GroupKFold_Shape,2,725,rectangular,1.1119697575281549,1.3758855914011026
RandomForest,GroupKFold_Shape,2,726,rectangular,1.0456940551391063,1.3738961209860303
RandomForest,GroupKFold_Shape,2,727,rectangular,1.1333855233516579,1.2833886157573349
RandomForest,GroupKFold_Shape,2,728,rectangular,1.0752776543097362,1.2833886157573349
RandomForest,GroupKFold_Shape,2,729,rectangular,1.0676435686744394,1.314845208586541
RandomForest,GroupKFold_Shape,2,730,rectangular,1.0168033987375615,1.314845208586541
RandomForest,GroupKFold_Shape,2,731,rectangular,1.1716324806430052,1.3455664680913606
RandomForest,GroupKFold_Shape,2,732,rectangular,1.1658421700897874,1.3270245641529685
RandomForest,GroupKFold_Shape,2,733,rectangular,1.1283652605741799,1.2780450476802885
RandomForest,GroupKFold_Shape,2,734,rectangular,1.178233226761944,1.2796841543258792
RandomForest,GroupKFold_Shape,2,735,rectangular,1.0525255794086772,1.184739003121386
RandomForest,GroupKFold_Shape,2,736,rectangular,1.0834822140971676,1.184739003121386
RandomForest,GroupKFold_Shape,2,737,rectangular,1.077036799237642,1.1329277473525479
RandomForest,GroupKFold_Shape,2,738,rectangular,1.1062335799398673,1.1329277473525479
RandomForest,GroupKFold_Shape,2,739,rectangular,1.0525512247820288,1.1337883490481873
RandomForest,GroupKFold_Shape,2,740,rectangular,1.1790389398250496,1.3145013345073275
RandomForest,GroupKFold_Shape,2,741,rectangular,1.071797169648938,1.3175324742996422
RandomForest,GroupKFold_Shape,2,742,rectangular,1.1582712076440551,1.3201677899899904
RandomForest,GroupKFold_Shape,2,743,rectangular,1.1763225868857685,1.2734761416431468
RandomForest,GroupKFold_Shape,2,744,rectangular,1.1394168016812345,1.121374989167143
RandomForest,GroupKFold_Shape,2,745,rectangular,1.1532149251359798,1.1673428020727439
RandomForest,GroupKFold_Shape,2,746,rectangular,1.1512238868735534,1.2547936823614585
RandomForest,GroupKFold_Shape,2,747,rectangular,1.1484767056471201,1.2556259277865005
RandomForest,GroupKFold_Shape,2,748,rectangular,1.1771886232882982,1.2556259277865005
RandomForest,GroupKFold_Shape,2,749,rectangular,1.0977030977502156,1.132886083843792
RandomForest,GroupKFold_Shape,2,750,rectangular,1.0946276409912032,1.1345113471336363
RandomForest,GroupKFold_Shape,2,751,rectangular,1.1850025214136133,1.22847575493998
RandomForest,GroupKFold_Shape,2,752,rectangular,1.1576632873843928,1.2312680200273156
RandomForest,GroupKFold_Shape,2,753,rectangular,1.0530510315036463,1.253383943364888
RandomForest,GroupKFold_Shape,2,754,rectangular,1.119950655964233,1.2463945835118964
RandomForest,GroupKFold_Shape,2,755,rectangular,1.156965801441185,1.1210950942031415
RandomForest,GroupKFold_Shape,2,756,rectangular,1.1262308703670376,1.124959925792388
RandomForest,GroupKFold_Shape,2,757,rectangular,1.0887674041182602,1.2138288984747043
RandomForest,GroupKFold_Shape,2,758,rectangular,1.1314321213749883,1.2188437884309513
RandomForest,GroupKFold_Shape,2,759,rectangular,1.0364279604429998,1.1313386561186616
RandomForest,GroupKFold_Shape,2,760,rectangular,0.9619250510688471,1.1155729426328895
RandomForest,GroupKFold_Shape,2,761,rectangular,1.078542207069355,1.2566524084824038
RandomForest,GroupKFold_Shape,2,762,rectangular,1.1353075863887947,1.2566524084824038
RandomForest,GroupKFold_Shape,2,763,rectangular,1.024164701767882,1.1980384357416984
RandomForest,GroupKFold_Shape,2,764,rectangular,1.0840452992502785,1.1980384357416984
RandomForest,GroupKFold_Shape,2,765,rectangular,1.1024571061792323,1.2629867993609591
RandomForest,GroupKFold_Shape,2,766,rectangular,1.1233567669598814,1.2629867993609591
RandomForest,GroupKFold_Shape,2,767,rectangular,1.0829615417225233,1.1376803607090242
RandomForest,GroupKFold_Shape,2,768,rectangular,1.021949623879001,1.1376803607090242
RandomForest,GroupKFold_Shape,2,769,rectangular,1.1632431483901737,1.264343544300498
RandomForest,GroupKFold_Shape,2,770,rectangular,1.158611523693908,1.2547996106736548
RandomForest,GroupKFold_Shape,2,771,rectangular,1.059029496018931,1.202666652001386
RandomForest,GroupKFold_Shape,2,772,rectangular,1.0060780212179845,1.202666652001386
RandomForest,GroupKFold_Shape,2,773,rectangular,1.055724814851753,1.1511713302542521
RandomForest,GroupKFold_Shape,2,774,rectangular,1.0981965028055594,1.1511713302542521
RandomForest,GroupKFold_Shape,2,775,rectangular,1.0986855569462772,1.1349075783053386
RandomForest,GroupKFold_Shape,2,776,rectangular,1.069703443933306,1.1349075783053386
RandomForest,GroupKFold_Shape,2,777,rectangular,1.1732223146824223,1.276165910620836
RandomForest,GroupKFold_Shape,2,778,rectangular,1.1409909324109273,1.276165910620836
RandomForest,GroupKFold_Shape,2,779,rectangular,1.0766288800381931,1.277326953831102
RandomForest,GroupKFold_Shape,2,780,rectangular,1.0802645315227415,1.274897942086492
RandomForest,GroupKFold_Shape,2,781,rectangular,1.1470667064816837,1.2645546555345908
RandomForest,GroupKFold_Shape,2,782,rectangular,1.1807084712317466,1.2653340863243436
RandomForest,GroupKFold_Shape,2,783,rectangular,1.0269803115082223,1.1961282924785608
RandomForest,GroupKFold_Shape,2,784,rectangular,1.10977600159026,1.1914576908546008
RandomForest,GroupKFold_Shape,2,785,rectangular,1.0011289227779692,1.371269606778329
RandomForest,GroupKFold_Shape,2,786,rectangular,0.9789157460188382,1.2690116905212014
RandomForest,GroupKFold_Shape,2,787,rectangular,0.9706081159253261,1.2690116905212014
RandomForest,GroupKFold_Shape,2,788,rectangular,0.9795042253674844,1.2109226700335758
RandomForest,GroupKFold_Shape,2,789,rectangular,0.8928235053842986,1.1823967411561325
RandomForest,GroupKFold_Shape,2,790,rectangular,0.875557267369265,1.1148340315279919
RandomForest,GroupKFold_Shape,2,791,rectangular,0.8965710512733155,1.0869886408511886
RandomForest,GroupKFold_Shape,2,792,rectangular,0.9885768620769692,1.2619482043728332
RandomForest,GroupKFold_Shape,2,793,rectangular,0.9811458485379492,1.2838104059162447
RandomForest,GroupKFold_Shape,2,794,rectangular,0.966121179204925,1.2838104059162447
RandomForest,GroupKFold_Shape,2,795,rectangular,0.9736418269527575,1.2498742153537177
RandomForest,GroupKFold_Shape,2,796,rectangular,0.9298059038456692,1.2534624375252925
RandomForest,GroupKFold_Shape,2,797,rectangular,0.9206606879660199,1.183739864235518
RandomForest,GroupKFold_Shape,2,798,rectangular,0.9323040932338827,1.183739864235518
RandomForest,GroupKFold_Shape,2,799,rectangular,0.9220788144923887,1.1539274211649875
RandomForest,GroupKFold_Shape,2,800,rectangular,0.8870355863052073,1.1446186608318805
RandomForest,GroupKFold_Shape,2,801,rectangular,1.0271484100762487,1.2556122732831032
RandomForest,GroupKFold_Shape,2,802,rectangular,1.013516318124347,1.1941904496340292
RandomForest,GroupKFold_Shape,2,803,rectangular,1.0148873243037508,1.1941904496340292
RandomForest,GroupKFold_Shape,2,804,rectangular,1.0060940214975271,1.1797510456245552
RandomForest,GroupKFold_Shape,2,805,rectangular,0.9770268584853092,1.2214987790041705
RandomForest,GroupKFold_Shape,2,806,rectangular,0.9548260673473076,1.193809170492432
RandomForest,GroupKFold_Shape,2,807,rectangular,0.9652392606034879,1.193809170492432
RandomForest,GroupKFold_Shape,2,808,rectangular,0.9473561043119533,1.1844832855709448
RandomForest,GroupKFold_Shape,2,809,rectangular,0.9090970473279092,1.1713816842962606
RandomForest,GroupKFold_Shape,2,810,rectangular,0.8748433612948089,1.1843891408487581
RandomForest,GroupKFold_Shape,2,811,rectangular,1.1102016641673793,1.2275322322718385
RandomForest,GroupKFold_Shape,2,812,rectangular,0.9603762259588122,1.1527943566495256
RandomForest,GroupKFold_Shape,2,813,rectangular,1.0417378229660836,1.2736367532628123
RandomForest,GroupKFold_Shape,2,814,rectangular,0.9208205165973737,1.0891714817369673
RandomForest,GroupKFold_Shape,2,815,rectangular,1.1151536423574908,1.2685955750979991
RandomForest,GroupKFold_Shape,2,816,rectangular,0.9689279686173381,1.2050644494612797
RandomForest,GroupKFold_Shape,2,817,rectangular,1.00947218111946,1.2109827583752362
RandomForest,GroupKFold_Shape,2,818,rectangular,0.8977259185724457,1.1567933553147773
RandomForest,GroupKFold_Shape,2,819,rectangular,1.0741512924941898,1.3175401479227018
RandomForest,GroupKFold_Shape,2,820,rectangular,0.9634333717368522,1.2327288463565287
RandomForest,GroupKFold_Shape,2,821,rectangular,1.0345841173826607,1.2810676556668334
RandomForest,GroupKFold_Shape,2,822,rectangular,0.931234772797198,1.222833273136212
RandomForest,GroupKFold_Shape,2,823,rectangular,0.8885581509727589,1.2628106920038475
RandomForest,GroupKFold_Shape,2,824,rectangular,1.0388927642676498,1.2579374161674912
RandomForest,GroupKFold_Shape,2,825,rectangular,1.1329344052767332,1.287505413715082
RandomForest,GroupKFold_Shape,2,826,rectangular,0.9411324124276237,1.240585344844372
RandomForest,GroupKFold_Shape,2,827,rectangular,0.9918723486339667,1.2962194164428038
RandomForest,GroupKFold_Shape,2,828,rectangular,1.0311072708311233,1.2993711940365398
RandomForest,GroupKFold_Shape,2,829,rectangular,1.171871390093672,1.3527709622392703
RandomForest,GroupKFold_Shape,2,830,rectangular,1.166085946843375,1.337897440116534
RandomForest,GroupKFold_Shape,2,831,rectangular,1.128644883881722,1.2790509358036979
RandomForest,GroupKFold_Shape,2,832,rectangular,1.1785261834797467,1.2806900424492886
RandomForest,GroupKFold_Shape,2,833,rectangular,1.1952074462688937,1.2814107968279518
RandomForest,GroupKFold_Shape,2,834,rectangular,1.0196320492867985,1.1690714180716095
RandomForest,GroupKFold_Shape,2,835,rectangular,0.9835206606525958,1.1624618245991265
RandomForest,GroupKFold_Shape,2,836,rectangular,1.0407980809427315,1.1338858086211814
RandomForest,GroupKFold_Shape,2,837,rectangular,1.0690124867514201,1.1338858086211814
RandomForest,GroupKFold_Shape,2,838,rectangular,1.0172706870924326,1.134030106455391
RandomForest,GroupKFold_Shape,2,839,rectangular,1.1793391334116536,1.3210791978391265
RandomForest,GroupKFold_Shape,2,840,rectangular,1.072069099621178,1.3232445443967586
RandomForest,GroupKFold_Shape,2,841,rectangular,1.1585624934929537,1.325656568989273
RandomForest,GroupKFold_Shape,2,842,rectangular,1.1766778981895882,1.2743372214597375
RandomForest,GroupKFold_Shape,2,843,rectangular,1.1536852924437238,1.167400849602472
RandomForest,GroupKFold_Shape,2,844,rectangular,1.139912956872766,1.1218905189402455
RandomForest,GroupKFold_Shape,2,845,rectangular,1.1206151496013752,1.123590187377951
RandomForest,GroupKFold_Shape,2,846,rectangular,1.017734060884549,1.2149315073383757
RandomForest,GroupKFold_Shape,2,847,rectangular,0.9914081945242199,1.2149315073383757
RandomForest,GroupKFold_Shape,2,848,rectangular,1.0682404704488726,1.223275495702947
RandomForest,GroupKFold_Shape,2,849,rectangular,1.0671828066167448,1.223275495702947
RandomForest,GroupKFold_Shape,2,850,rectangular,1.0519693298913266,1.2405497963315022
RandomForest,GroupKFold_Shape,2,851,rectangular,1.0970795069878672,1.2405497963315022
RandomForest,GroupKFold_Shape,2,852,rectangular,1.0472415535706674,1.19345239446872
RandomForest,GroupKFold_Shape,2,853,rectangular,1.0761624685675317,1.19345239446872
RandomForest,GroupKFold_Shape,2,854,rectangular,0.9627957798198005,1.1659912855500616
RandomForest,GroupKFold_Shape,2,855,rectangular,0.9978743857512196,1.1659912855500616
RandomForest,GroupKFold_Shape,2,856,rectangular,0.8855537244364577,1.0757010387130297
RandomForest,GroupKFold_Shape,2,857,rectangular,1.0379847751848825,1.1419001920460792
RandomForest,GroupKFold_Shape,2,858,rectangular,1.0008111503855663,1.0884253862066655
RandomForest,GroupKFold_Shape,2,859,rectangular,1.03016990286554,1.097732889463503
RandomForest,GroupKFold_Shape,2,860,rectangular,1.1224582763312743,1.1366593235674165
RandomForest,GroupKFold_Shape,2,861,rectangular,1.0298317805372306,1.3393099414477019
RandomForest,GroupKFold_Shape,2,862,rectangular,0.9950721190187648,1.3424334355912344
RandomForest,GroupKFold_Shape,2,863,rectangular,0.882387614612431,1.2074078153485943
RandomForest,GroupKFold_Shape,2,864,rectangular,0.9073027741064279,1.2074078153485943
RandomForest,GroupKFold_Shape,2,865,rectangular,1.1825822756173474,1.287633656694968
RandomForest,GroupKFold_Shape,2,866,rectangular,1.191930752104441,1.287633656694968
RandomForest,GroupKFold_Shape,2,867,rectangular,0.9417647554511891,1.1179033401100784
RandomForest,GroupKFold_Shape,2,868,rectangular,0.932531767652648,1.1179033401100784
RandomForest,GroupKFold_Shape,2,869,rectangular,0.943394691361964,1.143666395280834
RandomForest,GroupKFold_Shape,2,870,rectangular,0.9243746371006341,1.143666395280834
RandomForest,GroupKFold_Shape,2,871,rectangular,0.955133310146045,1.0602374609119976
RandomForest,GroupKFold_Shape,2,872,rectangular,0.9676195860532987,1.1102275095650285
RandomForest,GroupKFold_Shape,2,873,rectangular,0.9990536850212308,1.2777973926996973
RandomForest,GroupKFold_Shape,2,874,rectangular,0.9665995795697264,1.2226233929238381
RandomForest,GroupKFold_Shape,2,875,rectangular,0.9484993102887488,1.150540354130749
RandomForest,GroupKFold_Shape,2,876,rectangular,0.9473829264371512,1.1437726282731613
RandomForest,GroupKFold_Shape,2,877,rectangular,0.9684181003943355,1.223090410685733
RandomForest,GroupKFold_Shape,2,878,rectangular,0.9443956096818847,1.211122657035596
RandomForest,GroupKFold_Shape,2,879,rectangular,1.0132518775954646,1.2329452730124286
RandomForest,GroupKFold_Shape,2,880,rectangular,1.0002418711918832,1.2501998771799652
RandomForest,GroupKFold_Shape,2,881,rectangular,0.8923202472408284,1.2504019058851361
RandomForest,GroupKFold_Shape,2,882,rectangular,0.8444311413094356,1.2504140323292932
RandomForest,GroupKFold_Shape,2,883,rectangular,1.0117260936994958,1.1923280895680533
RandomForest,GroupKFold_Shape,2,884,rectangular,1.0624619296755353,1.1919437189208035
RandomForest,GroupKFold_Shape,2,885,rectangular,1.0171365040792284,1.1905408707009022
RandomForest,GroupKFold_Shape,2,886,rectangular,1.032129114784921,1.1888267767158225
RandomForest,GroupKFold_Shape,2,887,rectangular,1.030780962624438,1.242527704272232
RandomForest,GroupKFold_Shape,2,888,rectangular,1.0789717632003233,1.242527704272232
RandomForest,GroupKFold_Shape,2,889,rectangular,1.0373767948970278,1.1601469017643655
RandomForest,GroupKFold_Shape,2,890,rectangular,0.9791720208339967,1.1186635419181747
RandomForest,GroupKFold_Shape,2,891,rectangular,1.0709720053653338,1.0990397268560526
RandomForest,GroupKFold_Shape,2,892,rectangular,1.108383888154156,1.205970821869662
RandomForest,GroupKFold_Shape,2,893,rectangular,0.9124112927783977,1.1013047632621231
RandomForest,GroupKFold_Shape,2,894,rectangular,0.9660896807843484,1.141184438419032
RandomForest,GroupKFold_Shape,2,895,rectangular,1.1978827880874945,1.2679657107489637
RandomForest,GroupKFold_Shape,2,896,rectangular,1.1568827981182246,1.2857444077803444
RandomForest,GroupKFold_Shape,2,897,rectangular,1.092162014773685,1.2590282198355103
RandomForest,GroupKFold_Shape,2,898,rectangular,1.1075306132566556,1.2590282198355103
RandomForest,GroupKFold_Shape,2,899,rectangular,1.0455797423367392,1.2786705973167847
RandomForest,GroupKFold_Shape,2,900,rectangular,1.0093291870279875,1.2786705973167847
RandomForest,GroupKFold_Shape,2,901,rectangular,0.9636221469263134,1.2237593049923923
RandomForest,GroupKFold_Shape,2,902,rectangular,0.9571682118876519,1.2237593049923923
RandomForest,GroupKFold_Shape,2,903,rectangular,1.0485565695763601,1.3199950493437358
RandomForest,GroupKFold_Shape,2,904,rectangular,1.1951298166951887,1.29907154998075
RandomForest,GroupKFold_Shape,2,905,rectangular,1.1324219565630271,1.3119725664064672
RandomForest,GroupKFold_Shape,2,906,rectangular,1.0554080316696963,1.2408989903772993
RandomForest,GroupKFold_Shape,2,907,rectangular,1.0022809398393806,1.1185794790433883
RandomForest,GroupKFold_Shape,2,908,rectangular,1.130616395201698,1.2156158122618568
RandomForest,GroupKFold_Shape,2,909,rectangular,1.1342010173952362,1.234910493283652
RandomForest,GroupKFold_Shape,2,910,rectangular,1.1884094429914789,1.2350069082068154
RandomForest,GroupKFold_Shape,2,911,rectangular,0.9725536011753673,1.2351554280249186
RandomForest,GroupKFold_Shape,2,912,rectangular,0.9461037829982124,1.238370346356515
RandomForest,GroupKFold_Shape,2,913,rectangular,0.9940345411632843,1.1949577905744118
RandomForest,GroupKFold_Shape,2,914,rectangular,0.9597213367058176,1.1949577905744118
RandomForest,GroupKFold_Shape,2,915,rectangular,1.0601634917957934,1.1229764408204261
RandomForest,GroupKFold_Shape,2,916,rectangular,1.1713832305334504,1.1382800165510192
RandomForest,GroupKFold_Shape,2,917,rectangular,1.1416032529561655,1.139544505193121
RandomForest,GroupKFold_Shape,2,918,rectangular,1.1626380801722234,1.1380179761091247
RandomForest,GroupKFold_Shape,2,919,rectangular,1.11255431481568,1.1379824339530886
RandomForest,GroupKFold_Shape,2,920,rectangular,1.0897359081900724,1.1391292903022268
RandomForest,GroupKFold_Shape,2,921,rectangular,1.145648565330804,1.1397770011362376
RandomForest,GroupKFold_Shape,2,922,rectangular,1.1594229116729229,1.1370098078335251
RandomForest,GroupKFold_Shape,2,923,rectangular,1.1889335540316859,1.1397770011362376
RandomForest,GroupKFold_Shape,2,924,rectangular,0.9592940346185056,1.2641963750620824
RandomForest,GroupKFold_Shape,2,925,rectangular,1.0914174248629913,1.2666580246087222
RandomForest,GroupKFold_Shape,2,926,rectangular,1.004911594954713,1.267184164872786
RandomForest,GroupKFold_Shape,2,927,rectangular,1.0817848073954621,1.2609632033853746
RandomForest,GroupKFold_Shape,2,928,rectangular,1.095315901510855,1.2611558087942374
RandomForest,GroupKFold_Shape,2,929,rectangular,1.1037030175712055,1.261682016142901
RandomForest,GroupKFold_Shape,2,930,rectangular,1.096382668622466,1.2749182816283482
RandomForest,GroupKFold_Shape,2,931,rectangular,1.0466965648960251,1.275346614760707
RandomForest,GroupKFold_Shape,2,932,rectangular,1.0388996091509042,1.2648759394480265
RandomForest,GroupKFold_Shape,2,933,rectangular,1.0500862030418465,1.2650322357621733
RandomForest,GroupKFold_Shape,2,934,rectangular,0.9792231394697272,1.2410672568549357
RandomForest,GroupKFold_Shape,2,935,rectangular,0.9506533800098477,1.143329500190651
RandomForest,GroupKFold_Shape,2,936,rectangular,0.993252096725488,1.143294308426664
RandomForest,GroupKFold_Shape,2,937,rectangular,1.0676667540270077,1.1263971700279445
RandomForest,GroupKFold_Shape,2,938,rectangular,0.9453792685496535,1.0604340586130763
RandomForest,GroupKFold_Shape,2,939,rectangular,1.0366440172152274,1.2338517277151926
RandomForest,GroupKFold_Shape,2,940,rectangular,1.0214433304696096,1.2338517277151926
RandomForest,GroupKFold_Shape,2,941,rectangular,0.9539691075663137,1.2477669350277083
RandomForest,GroupKFold_Shape,2,942,rectangular,0.9587474569462622,1.2477669350277083
RandomForest,GroupKFold_Shape,2,943,rectangular,1.0449461824263695,0.9776571495938604
RandomForest,GroupKFold_Shape,2,944,rectangular,0.9635843252302588,1.1063638162481175
RandomForest,GroupKFold_Shape,2,945,rectangular,0.9752373220185467,1.1377225979699075
RandomForest,GroupKFold_Shape,2,946,rectangular,0.9634595721736097,1.1599930476233364
RandomForest,GroupKFold_Shape,2,947,rectangular,0.9411645939854958,1.185440457838436
RandomForest,GroupKFold_Shape,2,948,rectangular,0.9698420449722289,1.1834731817288267
RandomForest,GroupKFold_Shape,2,949,rectangular,1.0943557382859803,1.1808039152303915
RandomForest,GroupKFold_Shape,2,950,rectangular,1.0026819591625475,1.1808039152303915
RandomForest,GroupKFold_Shape,2,951,rectangular,0.988611194444879,1.1777692990020396
RandomForest,GroupKFold_Shape,2,952,rectangular,0.965620236434533,1.1777692990020396
RandomForest,GroupKFold_Shape,2,953,rectangular,0.9018372812243303,1.1260751419607151
RandomForest,GroupKFold_Shape,2,954,rectangular,0.9441617745669884,1.1260751419607151
RandomForest,GroupKFold_Shape,2,955,rectangular,0.9106330624300031,1.0630876220445327
RandomForest,GroupKFold_Shape,2,956,rectangular,0.9200860007943283,1.0630876220445327
RandomForest,GroupKFold_Shape,2,957,rectangular,0.9071039894753039,1.0386151548570777
RandomForest,GroupKFold_Shape,2,958,rectangular,0.9334605218571529,1.0386151548570777
RandomForest,GroupKFold_Shape,2,959,rectangular,0.9875761105330192,1.2880367235274364
RandomForest,GroupKFold_Shape,2,960,rectangular,0.9999984515460132,1.2880367235274364
RandomForest,GroupKFold_Shape,2,961,rectangular,1.0812600980900875,1.2370487906476024
RandomForest,GroupKFold_Shape,2,962,rectangular,1.0840685658773344,1.2370487906476024
RandomForest,GroupKFold_Shape,2,963,rectangular,0.9333307204729971,1.1548982601708915
RandomForest,GroupKFold_Shape,2,964,rectangular,1.0194843254397352,1.1548982601708915
RandomForest,GroupKFold_Shape,2,965,rectangular,0.8976856418155889,1.1262968167808736
RandomForest,GroupKFold_Shape,2,966,rectangular,0.9123369894648089,1.0858821640843106
RandomForest,GroupKFold_Shape,2,967,rectangular,1.0247330678940323,1.247575071814701
RandomForest,GroupKFold_Shape,2,968,rectangular,0.9858806293008935,1.247575071814701
RandomForest,GroupKFold_Shape,2,969,rectangular,1.0282803824617435,1.1309396363772724
RandomForest,GroupKFold_Shape,2,970,rectangular,0.9883471637253651,1.1309396363772724
RandomForest,GroupKFold_Shape,2,971,rectangular,0.9897574123989218,1.3369643378913627
RandomForest,GroupKFold_Shape,2,972,rectangular,0.987601078167116,1.3369643378913627
RandomForest,GroupKFold_Shape,2,973,rectangular,0.956,1.2951128122492375
RandomForest,GroupKFold_Shape,2,974,rectangular,0.974,1.2951128122492375
RandomForest,GroupKFold_Shape,2,975,rectangular,0.9210460272047383,1.2714755988513433
RandomForest,GroupKFold_Shape,2,976,rectangular,0.936394006549135,1.265024809614627
RandomForest,GroupKFold_Shape,2,977,rectangular,1.1989547931025648,1.3127689567365448
RandomForest,GroupKFold_Shape,2,978,rectangular,1.0685217091331127,1.2367588506391736
RandomForest,GroupKFold_Shape,2,979,rectangular,1.1600914202570374,1.2855970247287438
RandomForest,GroupKFold_Shape,2,980,rectangular,1.1624427296716513,1.2870564216029379
RandomForest,GroupKFold_Shape,2,981,rectangular,1.0400412747465217,1.2435401425508141
RandomForest,GroupKFold_Shape,2,982,rectangular,1.175824227502552,1.2668649555244733
RandomForest,GroupKFold_Shape,2,983,rectangular,1.0028090731484485,1.2437556662019469
RandomForest,GroupKFold_Shape,2,984,rectangular,1.2248345980861588,1.3072014988740783
RandomForest,GroupKFold_Shape,2,985,rectangular,0.9739538544211528,1.2678241568474293
RandomForest,GroupKFold_Shape,2,986,rectangular,0.9850855413826058,1.194296687830914
RandomForest,GroupKFold_Shape,2,987,rectangular,1.1488646954391268,1.305821546997662
RandomForest,GroupKFold_Shape,2,988,rectangular,0.995856243256187,1.2001241699344758
RandomForest,GroupKFold_Shape,2,989,rectangular,1.2068959920925233,1.28478395193768
RandomForest,GroupKFold_Shape,2,990,rectangular,1.057035147624445,1.1982890939096973
RandomForest,GroupKFold_Shape,2,991,rectangular,1.1043971509346107,1.252073224557692
RandomForest,GroupKFold_Shape,2,992,rectangular,0.9700038886888239,1.2018908270075652
RandomForest,GroupKFold_Shape,2,993,rectangular,1.1125633690402055,1.2583598342383953
RandomForest,GroupKFold_Shape,2,994,rectangular,0.970219450341709,1.1850338617361005
RandomForest,GroupKFold_Shape,2,995,rectangular,0.9482879156893226,1.1850990399248027
RandomForest,GroupKFold_Shape,2,996,rectangular,1.1357362568025868,1.2717299321372173
RandomForest,GroupKFold_Shape,2,997,rectangular,1.0805626598465474,1.2803992956530466
RandomForest,GroupKFold_Shape,2,998,rectangular,1.065997805298636,1.2331188371036097
RandomForest,GroupKFold_Shape,2,999,rectangular,1.0316400313176437,1.2363596304339497
RandomForest,GroupKFold_Shape,2,1000,rectangular,0.9813505409457434,1.3173892911227796
RandomForest,GroupKFold_Shape,2,1001,rectangular,1.061843818670139,1.2914927656811093
RandomForest,GroupKFold_Shape,2,1002,rectangular,1.0131887647039657,1.2706205204748522
RandomForest,GroupKFold_Shape,2,1003,rectangular,0.9992604592196085,1.2360402240757993
RandomForest,GroupKFold_Shape,2,1004,rectangular,1.0839740105096942,1.232257119908569
RandomForest,GroupKFold_Shape,2,1005,rectangular,1.0111450656120797,1.332159712993442
RandomForest,GroupKFold_Shape,2,1006,rectangular,1.059978173666824,1.246777347902217
RandomForest,GroupKFold_Shape,2,1007,rectangular,1.0298540755238315,1.2311933273747855
RandomForest,GroupKFold_Shape,2,1008,rectangular,0.9526428798642774,1.2340005716727593
RandomForest,GroupKFold_Shape,2,1009,rectangular,0.9919510259607753,1.3554838961471471
RandomForest,GroupKFold_Shape,2,1010,rectangular,1.03254514304362,1.2308921372817607
RandomForest,GroupKFold_Shape,2,1011,rectangular,1.027009289900049,1.2693674948506986
RandomForest,GroupKFold_Shape,2,1012,rectangular,1.0482746914157164,1.175517234405359
RandomForest,GroupKFold_Shape,2,1013,rectangular,1.0644621128530691,1.2762482710790006
RandomForest,GroupKFold_Shape,2,1014,rectangular,1.009696035613673,1.235208059067899
RandomForest,GroupKFold_Shape,2,1015,rectangular,1.0080394734160163,1.2585788740690693
RandomForest,GroupKFold_Shape,2,1016,rectangular,0.9444087331685432,1.222800479741892
RandomForest,GroupKFold_Shape,2,1017,rectangular,1.1579218147083916,1.17265117094317
RandomForest,GroupKFold_Shape,2,1018,rectangular,1.1250601987704543,1.1729874502830295
RandomForest,GroupKFold_Shape,2,1019,rectangular,1.0699117480825364,1.1469374333131932
RandomForest,GroupKFold_Shape,2,1020,rectangular,1.0720532541683991,1.1463884860762643
RandomForest,GroupKFold_Shape,2,1021,rectangular,1.159456667045145,1.3117400964819865
RandomForest,GroupKFold_Shape,2,1022,rectangular,1.0586427111666792,1.3089038087192528
RandomForest,GroupKFold_Shape,2,1023,rectangular,1.0685351660895612,1.3089038087192528
RandomForest,GroupKFold_Shape,2,1024,rectangular,1.0520317551219707,1.2569356752566052
RandomForest,GroupKFold_Shape,2,1025,rectangular,1.0619378128188997,1.2611372626917208
RandomForest,GroupKFold_Shape,2,1026,rectangular,1.0661003107829379,1.1968449106583128
RandomForest,GroupKFold_Shape,2,1027,rectangular,0.9387652448379797,1.1981690314922249
RandomForest,GroupKFold_Shape,2,1028,rectangular,0.9949817333100379,1.1534864654703427
RandomForest,GroupKFold_Shape,2,1029,rectangular,1.0112049579971234,1.1448239513058012
RandomForest,GroupKFold_Shape,2,1030,rectangular,1.0390614274629033,1.1120034806684154
RandomForest,GroupKFold_Shape,2,1031,rectangular,0.9832536648377822,1.1031486042314562
RandomForest,GroupKFold_Shape,2,1032,rectangular,0.9725676969467186,1.236522124851388
RandomForest,GroupKFold_Shape,2,1033,rectangular,0.995949448839491,1.2362232346144673
RandomForest,GroupKFold_Shape,2,1034,rectangular,1.1117147568117898,1.2513902327506492
RandomForest,GroupKFold_Shape,2,1035,rectangular,1.184097740810853,1.3332820897375606
RandomForest,GroupKFold_Shape,2,1036,rectangular,1.117845512414363,1.2494736614333448
RandomForest,GroupKFold_Shape,2,1037,rectangular,1.1418543670536392,1.2399222350498098
RandomForest,GroupKFold_Shape,2,1038,rectangular,1.059548574992898,1.2528575168300413
RandomForest,GroupKFold_Shape,2,1039,rectangular,1.0332914360106042,1.3094589750790475
RandomForest,GroupKFold_Shape,2,1040,rectangular,1.0619268072911026,1.334971693996647
RandomForest,GroupKFold_Shape,2,1041,rectangular,1.0087178749802248,1.2434379387092638
RandomForest,GroupKFold_Shape,2,1042,rectangular,1.0205053236609536,1.318197345383907
RandomForest,GroupKFold_Shape,2,1043,rectangular,1.0725437413563566,1.171802080239229
RandomForest,GroupKFold_Shape,2,1044,rectangular,1.0010293205078225,1.3019815811752398
RandomForest,GroupKFold_Shape,2,1045,rectangular,0.9779685242523313,1.291569879587997
RandomForest,GroupKFold_Shape,2,1046,rectangular,1.022114788746845,1.2767541874053485
RandomForest,GroupKFold_Shape,2,1047,rectangular,1.0286099799256727,1.2325174443648192
RandomForest,GroupKFold_Shape,2,1048,rectangular,1.0693082049751925,1.332328910256441
RandomForest,GroupKFold_Shape,2,1049,rectangular,1.03326266048189,1.2611020373866497
RandomForest,GroupKFold_Shape,2,1050,rectangular,1.2221632272477025,1.2760965313041366
RandomForest,GroupKFold_Shape,2,1051,rectangular,1.135246155011104,1.3035388069469485
RandomForest,GroupKFold_Shape,2,1052,rectangular,1.1369107419564655,1.267003302174908
RandomForest,GroupKFold_Shape,2,1053,rectangular,1.1919078539727965,1.3246163082344893
RandomForest,GroupKFold_Shape,2,1054,rectangular,1.092761539287399,1.326849300191703
RandomForest,GroupKFold_Shape,2,1055,rectangular,1.1577581755730835,1.2790099785773907
RandomForest,GroupKFold_Shape,2,1056,rectangular,1.2072055578293173,1.389755234187069
RandomForest,GroupKFold_Shape,2,1057,rectangular,1.1308708041896984,1.3865920793222524
RandomForest,GroupKFold_Shape,2,1058,rectangular,1.189501517291459,1.2687286861402858
RandomForest,GroupKFold_Shape,2,1059,rectangular,1.0471337200171809,1.2045798985164813
RandomForest,GroupKFold_Shape,2,1060,rectangular,1.077129234081617,1.2042953399352416
RandomForest,GroupKFold_Shape,2,1061,rectangular,1.0736011274166646,1.3067246119513698
RandomForest,GroupKFold_Shape,2,1062,rectangular,0.969207057455586,1.2488052162288448
RandomForest,GroupKFold_Shape,2,1063,rectangular,0.9704050533840679,1.2178585064729432
RandomForest,GroupKFold_Shape,2,1064,rectangular,0.9612560302875994,1.2149515836381968
RandomForest,GroupKFold_Shape,2,1065,rectangular,0.8485166554501965,1.2273835333301806
RandomForest,GroupKFold_Shape,2,1066,rectangular,0.8387217321114282,1.2160830838397465
RandomForest,GroupKFold_Shape,2,1067,rectangular,0.9986497979056462,1.1683051354097556
RandomForest,GroupKFold_Shape,2,1068,rectangular,0.9058351736152674,1.2341710793212637
RandomForest,GroupKFold_Shape,2,1069,rectangular,1.0397770030296816,1.1492880093443547
RandomForest,GroupKFold_Shape,3,1070,double_skin,1.085038340528937,1.1077762163086673
RandomForest,GroupKFold_Shape,3,1071,double_skin,1.1307693397708407,1.1073520197937219
RandomForest,GroupKFold_Shape,3,1072,double_skin,1.0996757650456859,1.126452564783843
RandomForest,GroupKFold_Shape,3,1073,double_skin,1.0955063337593287,1.1265333943025568
RandomForest,GroupKFold_Shape,3,1074,double_skin,1.0756310351027727,1.1059425494849522
RandomForest,GroupKFold_Shape,3,1075,double_skin,1.0867084948700119,1.1059425494849522
RandomForest,GroupKFold_Shape,3,1076,double_skin,1.078951380583492,1.0998563657504408
RandomForest,GroupKFold_Shape,3,1077,double_skin,1.1120537623900697,1.1002060115879944
RandomForest,GroupKFold_Shape,3,1078,double_skin,0.9745069526860598,1.0815823213862277
RandomForest,GroupKFold_Shape,3,1079,double_skin,1.0646821079762672,1.083803255320535
RandomForest,GroupKFold_Shape,3,1080,double_skin,1.1010472395690756,1.0820516165422982
RandomForest,GroupKFold_Shape,3,1081,double_skin,1.225138376683646,1.1062278613033312
RandomForest,GroupKFold_Shape,3,1082,double_skin,1.1018703915453945,1.1210161742331344
RandomForest,GroupKFold_Shape,3,1083,double_skin,1.1117531732571484,1.1293428609645646
RandomForest,GroupKFold_Shape,3,1084,double_skin,1.0289488059110257,1.1046571877996183
RandomForest,GroupKFold_Shape,3,1085,double_skin,1.0680368452044127,1.1044258779659524
RandomForest,GroupKFold_Shape,3,1086,double_skin,1.096170096752698,1.1040924395393923
RandomForest,GroupKFold_Shape,3,1087,double_skin,1.03783253235919,1.1052486570750302
RandomForest,GroupKFold_Shape,3,1088,double_skin,1.0932965515293875,1.1046509360648766
RandomForest,GroupKFold_Shape,3,1089,double_skin,1.02957641998359,1.1051839656250884
RandomForest,GroupKFold_Shape,3,1090,double_skin,1.0746685761783692,1.105653352672979
RandomForest,GroupKFold_Shape,3,1091,double_skin,1.1213393502795104,1.1023480595094999
RandomForest,GroupKFold_Shape,3,1092,double_skin,1.0767282149381492,1.1008120018873415
RandomForest,GroupKFold_Shape,3,1093,double_skin,1.1444650003334558,1.0831701820307196
RandomForest,GroupKFold_Shape,3,1094,double_skin,1.1217744716652154,1.0839178532695286
RandomForest,GroupKFold_Shape,3,1095,double_skin,1.1051765385217698,1.1010416801858467
RandomForest,GroupKFold_Shape,3,1096,double_skin,1.0721243498738824,1.0520987065740603
RandomForest,GroupKFold_Shape,3,1097,double_skin,1.0727233020246498,1.0520987065740603
RandomForest,GroupKFold_Shape,3,1098,double_skin,1.0328141890843778,1.1302678289589474
RandomForest,GroupKFold_Shape,3,1099,double_skin,1.0340676043623929,1.1302678289589474
RandomForest,GroupKFold_Shape,3,1100,double_skin,1.1044529636638045,1.1158392166377245
RandomForest,GroupKFold_Shape,3,1101,double_skin,1.0451896339062345,1.1158392166377245
RandomForest,GroupKFold_Shape,3,1102,double_skin,1.1143853870796028,1.138116729140434
RandomForest,GroupKFold_Shape,3,1103,double_skin,1.1069890238910214,1.138116729140434
RandomForest,GroupKFold_Shape,3,1104,double_skin,0.9766044689625246,1.0268380642650063
RandomForest,GroupKFold_Shape,3,1105,double_skin,0.9923366351292071,1.0268380642650063
RandomForest,GroupKFold_Shape,3,1106,double_skin,0.9610692058037282,1.0370459940212486
RandomForest,GroupKFold_Shape,3,1107,double_skin,0.9423152285064474,1.0370459940212486
RandomForest,GroupKFold_Shape,3,1108,double_skin,1.1044520945092842,1.1671986463050172
RandomForest,GroupKFold_Shape,3,1109,double_skin,1.114995539845314,1.166276094203904
RandomForest,GroupKFold_Shape,3,1110,double_skin,1.0376183623927866,1.1211745255380148
RandomForest,GroupKFold_Shape,3,1111,double_skin,1.0226716272060077,1.1106320355468144
RandomForest,GroupKFold_Shape,3,1112,double_skin,0.8566693631248123,1.1345481865833764
RandomForest,GroupKFold_Shape,3,1113,double_skin,0.9271998598645403,1.0970634602136256
RandomForest,GroupKFold_Shape,3,1114,double_skin,0.925326410066718,1.0978722800560583
RandomForest,GroupKFold_Shape,3,1115,double_skin,0.8703098302456302,1.089833931997933
RandomForest,GroupKFold_Shape,3,1116,double_skin,0.8377371765066377,1.0813509226027467
RandomForest,GroupKFold_Shape,3,1117,double_skin,0.9498289887979507,1.1687533089640885
RandomForest,GroupKFold_Shape,3,1118,double_skin,1.08597259320373,1.16567302809498
RandomForest,GroupKFold_Shape,3,1119,double_skin,1.0088207083234033,1.1189662538359118
RandomForest,GroupKFold_Shape,3,1120,double_skin,1.0115521801627119,1.104699438550955
RandomForest,GroupKFold_Shape,3,1121,double_skin,0.8984704650298727,1.1367986415817422
RandomForest,GroupKFold_Shape,3,1122,double_skin,1.039472874890902,1.1383800453762436
RandomForest,GroupKFold_Shape,3,1123,double_skin,1.1529891151319303,1.1358569719535907
RandomForest,GroupKFold_Shape,3,1124,double_skin,1.0755686525440171,1.123346636529422
RandomForest,GroupKFold_Shape,3,1125,double_skin,1.095381595204616,1.136215917073467
RandomForest,GroupKFold_Shape,3,1126,double_skin,0.9405384463366621,1.1366897607670523
RandomForest,GroupKFold_Shape,3,1127,double_skin,1.0737288534035496,1.0928627120072374
RandomForest,GroupKFold_Shape,3,1128,double_skin,1.1435178814495957,1.0890717424741803
RandomForest,GroupKFold_Shape,3,1129,double_skin,1.178103801296056,1.101544994146735
RandomForest,GroupKFold_Shape,3,1130,double_skin,1.2557662574613244,1.0988159811555867
RandomForest,GroupKFold_Shape,3,1131,double_skin,1.3850144700222473,1.1493730364200119
RandomForest,GroupKFold_Shape,3,1132,double_skin,1.2741028012909297,1.152294272091757
RandomForest,GroupKFold_Shape,3,1133,double_skin,1.1076538497478212,1.1618428884381258
RandomForest,GroupKFold_Shape,3,1134,double_skin,1.3912993667134212,1.1685999353233316
RandomForest,GroupKFold_Shape,3,1135,double_skin,1.2084578394434637,1.166538628659238
RandomForest,GroupKFold_Shape,3,1136,double_skin,1.0662309050346463,1.1566291263304418
RandomForest,GroupKFold_Shape,3,1137,double_skin,1.3910278943656207,1.1910455888524742
RandomForest,GroupKFold_Shape,3,1138,double_skin,1.2494401288866919,1.190877915919439
RandomForest,GroupKFold_Shape,3,1139,double_skin,1.0611065431023565,1.182150431372344
RandomForest,GroupKFold_Shape,3,1140,double_skin,1.1265716552931702,1.0187910819199573
RandomForest,GroupKFold_Shape,3,1141,double_skin,1.1054702040301776,1.0187910819199573
RandomForest,GroupKFold_Shape,3,1142,double_skin,1.037793772205827,1.0806049208808475
RandomForest,GroupKFold_Shape,3,1143,double_skin,1.0980070627433665,1.096772496521646
RandomForest,GroupKFold_Shape,3,1144,double_skin,0.952786773799889,1.1196665451634293
RandomForest,GroupKFold_Shape,3,1145,double_skin,0.956328732066803,1.106027645947436
RandomForest,GroupKFold_Shape,3,1146,double_skin,1.035432466694551,1.101763672916463
RandomForest,GroupKFold_Shape,3,1147,double_skin,1.2459290652252117,1.1102972264202904
RandomForest,GroupKFold_Shape,3,1148,double_skin,1.1780991161155296,1.1102972264202904
RandomForest,GroupKFold_Shape,3,1149,double_skin,1.2425629198117052,1.1202122272280817
RandomForest,GroupKFold_Shape,3,1150,double_skin,1.1950105950934535,1.1202122272280817
RandomForest,GroupKFold_Shape,3,1151,double_skin,1.1430301000371028,1.1219414942519252
RandomForest,GroupKFold_Shape,3,1152,double_skin,1.205630125799784,1.1219414942519252
RandomForest,GroupKFold_Shape,3,1153,double_skin,1.1582772195696889,1.1443655414859102
RandomForest,GroupKFold_Shape,3,1154,double_skin,1.2243646398794856,1.143947143164672
RandomForest,GroupKFold_Shape,3,1155,double_skin,1.1906936635201972,1.1796651506727578
RandomForest,GroupKFold_Shape,3,1156,double_skin,1.3287419115266383,1.1789405117766503
RandomForest,GroupKFold_Shape,3,1157,double_skin,1.2177199842411268,1.142332128168239
RandomForest,GroupKFold_Shape,3,1158,double_skin,1.3477910529547756,1.1433592401704262
RandomForest,GroupKFold_Shape,3,1159,double_skin,1.1091406115462894,1.1056411095695098
RandomForest,GroupKFold_Shape,3,1160,double_skin,1.035857858430026,1.105795303872256
RandomForest,GroupKFold_Shape,3,1161,double_skin,0.8642582113774562,1.1054755629435518
RandomForest,GroupKFold_Shape,3,1162,double_skin,0.923191896996094,1.10589787159248
RandomForest,GroupKFold_Shape,3,1163,double_skin,1.201363899452847,1.1207077148429985
RandomForest,GroupKFold_Shape,3,1164,double_skin,1.15866797014931,1.12543002038871
RandomForest,GroupKFold_Shape,3,1165,double_skin,1.1515242070091873,1.1205011791740016
RandomForest,GroupKFold_Shape,3,1166,double_skin,1.1492705924126416,1.1159929121541738
RandomForest,GroupKFold_Shape,3,1167,double_skin,1.1614286895421577,1.1143473963366837
RandomForest,GroupKFold_Shape,3,1168,double_skin,1.1362525663894414,1.1165397053466575
RandomForest,GroupKFold_Shape,3,1169,double_skin,1.0023292495692915,1.0307323603875302
RandomForest,GroupKFold_Shape,3,1170,double_skin,1.0379655867083115,1.0302497527463195
RandomForest,GroupKFold_Shape,3,1171,double_skin,1.087347257855018,1.0331510011753502
RandomForest,GroupKFold_Shape,3,1172,double_skin,1.0102026650026907,1.0870785028159033
RandomForest,GroupKFold_Shape,3,1173,double_skin,1.2586656054794496,1.1069692413454602
RandomForest,GroupKFold_Shape,3,1174,double_skin,1.1093270225801979,1.0944475504462148
RandomForest,GroupKFold_Shape,3,1175,double_skin,1.0777567524146088,1.0673867968266366
RandomForest,GroupKFold_Shape,3,1176,double_skin,1.1859206173745473,1.1123898055861448
RandomForest,GroupKFold_Shape,3,1177,double_skin,1.1699620861341617,1.0960636763902034
RandomForest,GroupKFold_Shape,3,1178,double_skin,1.1544495750720332,1.0720373036616089
RandomForest,GroupKFold_Shape,3,1179,double_skin,1.3329145252832497,1.1244333261781767
RandomForest,GroupKFold_Shape,3,1180,double_skin,1.205641907267419,1.096903618919522
RandomForest,GroupKFold_Shape,3,1181,double_skin,1.1407355560413648,1.071388278999504
RandomForest,GroupKFold_Shape,3,1182,double_skin,1.3041326362828491,1.120923490456591
RandomForest,GroupKFold_Shape,3,1183,double_skin,1.1439628464001368,1.0866425891764466
RandomForest,GroupKFold_Shape,3,1184,double_skin,1.1481266550232272,1.1298600896615878
RandomForest,GroupKFold_Shape,3,1185,double_skin,1.0121392730133485,1.0940929919532705
RandomForest,GroupKFold_Shape,3,1186,double_skin,0.9262672594881625,1.070068131291105
RandomForest,GroupKFold_Shape,3,1187,double_skin,1.2577788351521888,1.1030458402997518
RandomForest,GroupKFold_Shape,3,1188,double_skin,1.1173435891703658,1.0991021619659747
RandomForest,GroupKFold_Shape,3,1189,double_skin,1.018187716323725,1.0595256590025572
RandomForest,GroupKFold_Shape,3,1190,double_skin,1.3263049781030598,1.111098258897718
RandomForest,GroupKFold_Shape,3,1191,double_skin,1.2883246413813407,1.1118412894135745
RandomForest,GroupKFold_Shape,3,1192,double_skin,1.1505403268106362,1.0988970735712507
RandomForest,GroupKFold_Shape,3,1193,double_skin,1.1592896000500184,1.1362422010176116
RandomForest,GroupKFold_Shape,3,1194,double_skin,0.997425534391608,1.087494046732136
RandomForest,GroupKFold_Shape,3,1195,double_skin,0.8713274711953296,1.0612664510500527
RandomForest,GroupKFold_Shape,3,1196,double_skin,1.0801872300676738,1.0364245262561318
RandomForest,GroupKFold_Shape,3,1197,double_skin,1.0678072880494998,1.0364245262561318
RandomForest,GroupKFold_Shape,3,1198,double_skin,0.9715805561173878,1.0263764340533097
RandomForest,GroupKFold_Shape,3,1199,double_skin,1.1961804273378163,1.0263764340533097
RandomForest,GroupKFold_Shape,3,1200,double_skin,1.0965491311483904,1.1783397930248984
RandomForest,GroupKFold_Shape,3,1201,double_skin,1.1073420862539893,1.1797024344432119
RandomForest,GroupKFold_Shape,3,1202,double_skin,1.0462743926616123,1.139357593525546
RandomForest,GroupKFold_Shape,3,1203,double_skin,1.1043150678241378,1.1438206914014493
RandomForest,GroupKFold_Shape,3,1204,double_skin,1.0485141237887667,1.1671520307280707
RandomForest,GroupKFold_Shape,3,1205,double_skin,1.0673330704541268,1.1682250869879238
RandomForest,GroupKFold_Shape,3,1206,double_skin,1.0353921611104167,1.1089422393882196
RandomForest,GroupKFold_Shape,3,1207,double_skin,1.0948995314254935,1.1120759948788148
RandomForest,GroupKFold_Shape,3,1208,double_skin,1.0039855380899558,1.1250579805833978
RandomForest,GroupKFold_Shape,3,1209,double_skin,1.1134140776413095,1.161689540877114
RandomForest,GroupKFold_Shape,3,1210,double_skin,1.0631806389529381,1.125733878909366
RandomForest,GroupKFold_Shape,3,1211,double_skin,1.1145638976781345,1.157709483363923
RandomForest,GroupKFold_Shape,3,1212,double_skin,0.9527641983415764,1.1093620668261739
RandomForest,GroupKFold_Shape,3,1213,double_skin,1.059617961514579,1.156730491348213
RandomForest,GroupKFold_Shape,3,1214,double_skin,0.9844503918635705,1.116010633780383
RandomForest,GroupKFold_Shape,3,1215,double_skin,1.0620631454927059,1.1561554210420595
RandomForest,GroupKFold_Shape,3,1216,double_skin,1.315611535949616,1.1177775334020985
RandomForest,GroupKFold_Shape,3,1217,double_skin,1.321493870216924,1.1178569337203426
RandomForest,GroupKFold_Shape,3,1218,double_skin,1.300109647628024,1.119581635657376
RandomForest,GroupKFold_Shape,3,1219,double_skin,1.2213641571992742,1.125296867616875
RandomForest,GroupKFold_Shape,3,1220,double_skin,1.2420221324569725,1.166493412141997
RandomForest,GroupKFold_Shape,3,1221,double_skin,1.1793810571282626,1.1725244569829854
RandomForest,GroupKFold_Shape,3,1222,double_skin,1.341401091173224,1.1402596422689384
RandomForest,GroupKFold_Shape,3,1223,double_skin,1.3590383285412608,1.1304177990199857
RandomForest,GroupKFold_Shape,3,1224,double_skin,1.341100463863825,1.1279534002904201
RandomForest,GroupKFold_Shape,3,1225,double_skin,1.3379293134408992,1.1286501032190204
RandomForest,GroupKFold_Shape,3,1226,double_skin,1.2423862448572742,1.17092698417968
RandomForest,GroupKFold_Shape,3,1227,double_skin,1.295731905940998,1.1784480972654017
RandomForest,GroupKFold_Shape,3,1228,double_skin,1.2968000682410465,1.1222781729063738
RandomForest,GroupKFold_Shape,3,1229,double_skin,1.3248671589135808,1.122232657745466
RandomForest,GroupKFold_Shape,3,1230,double_skin,1.2727062614032296,1.1192501608940044
RandomForest,GroupKFold_Shape,3,1231,double_skin,1.2491299387414074,1.127392018040692
RandomForest,GroupKFold_Shape,3,1232,double_skin,1.2416090164603064,1.094372216021282
RandomForest,GroupKFold_Shape,3,1233,double_skin,1.2906003436943214,1.0989447292426606
RandomForest,GroupKFold_Shape,3,1234,double_skin,1.2453334020922404,1.1389543626432022
RandomForest,GroupKFold_Shape,3,1235,double_skin,1.2710402038367952,1.137836643864021
RandomForest,GroupKFold_Shape,3,1236,double_skin,1.2598848117446926,1.1198710632491953
RandomForest,GroupKFold_Shape,3,1237,double_skin,1.2577969075705766,1.1254793562133552
RandomForest,GroupKFold_Shape,3,1238,double_skin,1.273656042355025,1.1302094706540826
RandomForest,GroupKFold_Shape,3,1239,double_skin,1.2975117691225708,1.1313258379350186
RandomForest,GroupKFold_Shape,3,1240,double_skin,1.141933929553526,1.1586004667400798
RandomForest,GroupKFold_Shape,3,1241,double_skin,1.1122829007007686,1.158601482639524
RandomForest,GroupKFold_Shape,3,1242,double_skin,0.9806296069327972,1.1006217865226862
RandomForest,GroupKFold_Shape,3,1243,double_skin,0.9882674121009779,1.100620770623242
RandomForest,GroupKFold_Shape,3,1244,double_skin,0.909388460644713,1.061417057782789
RandomForest,GroupKFold_Shape,3,1245,double_skin,0.9206280817945109,1.061417057782789
RandomForest,GroupKFold_Shape,3,1246,double_skin,1.0627439446106552,1.1544865207102548
RandomForest,GroupKFold_Shape,3,1247,double_skin,1.0897867332299558,1.1544865207102548
RandomForest,GroupKFold_Shape,3,1248,double_skin,0.9553396291415502,1.1005927248259284
RandomForest,GroupKFold_Shape,3,1249,double_skin,0.9667036756208146,1.100883756753006
RandomForest,GroupKFold_Shape,3,1250,double_skin,0.9058718141236114,1.0603146469392373
RandomForest,GroupKFold_Shape,3,1251,double_skin,0.9071073459946644,1.0602983017653456
RandomForest,GroupKFold_Shape,3,1252,double_skin,1.0748443899621265,1.185510160355657
RandomForest,GroupKFold_Shape,3,1253,double_skin,1.0847931967159354,1.1852099367075035
RandomForest,GroupKFold_Shape,3,1254,double_skin,1.0481566093914891,1.1350174318007158
RandomForest,GroupKFold_Shape,3,1255,double_skin,1.035748608751493,1.1363841287237482
RandomForest,GroupKFold_Shape,3,1256,double_skin,0.9602399654990533,1.088208476548359
RandomForest,GroupKFold_Shape,3,1257,double_skin,0.9387466497094197,1.088208476548359
RandomForest,GroupKFold_Shape,3,1258,double_skin,1.1649205479468496,1.1681341801326888
RandomForest,GroupKFold_Shape,3,1259,double_skin,1.1465924174971283,1.1681341801326888
RandomForest,GroupKFold_Shape,3,1260,double_skin,1.0653350438621676,1.120420170858024
RandomForest,GroupKFold_Shape,3,1261,double_skin,1.0435198380588349,1.1194688058327267
RandomForest,GroupKFold_Shape,3,1262,double_skin,0.9538377649384251,1.0840127753506592
RandomForest,GroupKFold_Shape,3,1263,double_skin,0.948673738325425,1.084523083588342
RandomForest,GroupKFold_Shape,3,1264,double_skin,1.1593331642563451,1.0985198483929999
RandomForest,GroupKFold_Shape,3,1265,double_skin,1.1779023413012728,1.07980134117022
RandomForest,GroupKFold_Shape,3,1266,double_skin,1.2355319912662999,1.1489428206272765
RandomForest,GroupKFold_Shape,3,1267,double_skin,1.2072169873339482,1.1458647053553483
RandomForest,GroupKFold_Shape,3,1268,double_skin,1.1924214709911969,1.1639259198072747
RandomForest,GroupKFold_Shape,3,1269,double_skin,1.1955563918570484,1.1744466322615268
RandomForest,GroupKFold_Shape,3,1270,double_skin,1.2418488513599957,1.097850678577244
RandomForest,GroupKFold_Shape,3,1271,double_skin,1.2175455825092005,1.1020884930762527
RandomForest,GroupKFold_Shape,3,1272,double_skin,1.1852436392627124,1.1647785524965162
RandomForest,GroupKFold_Shape,3,1273,double_skin,1.1853745270063873,1.1660860602781957
RandomForest,GroupKFold_Shape,3,1274,double_skin,1.0902173889883209,0.9970367235899324
RandomForest,GroupKFold_Shape,3,1275,double_skin,1.1730331121385693,0.9940772033934567
RandomForest,GroupKFold_Shape,3,1276,double_skin,1.1197725642725351,0.9974508087457966
RandomForest,GroupKFold_Shape,3,1277,double_skin,1.160112709927871,0.9944912885493209
RandomForest,GroupKFold_Shape,3,1278,double_skin,1.09245338928527,1.1430409346172263
RandomForest,GroupKFold_Shape,3,1279,double_skin,1.1148026517648044,1.1508982623226522
RandomForest,GroupKFold_Shape,3,1280,double_skin,1.3062699890462746,1.118743743923515
RandomForest,GroupKFold_Shape,3,1281,double_skin,1.2916893734385226,1.1203429115280932
RandomForest,GroupKFold_Shape,3,1282,double_skin,1.2358930448368057,1.1662490594795223
RandomForest,GroupKFold_Shape,3,1283,double_skin,1.3332421845351963,1.14103291658517
RandomForest,GroupKFold_Shape,3,1284,double_skin,1.3336304167933815,1.1285001453220975
RandomForest,GroupKFold_Shape,3,1285,double_skin,1.237140156243384,1.1710213946690748
RandomForest,GroupKFold_Shape,3,1286,double_skin,1.295253040402869,1.1224550169664935
RandomForest,GroupKFold_Shape,3,1287,double_skin,1.264472988216988,1.1209659643790162
RandomForest,GroupKFold_Shape,3,1288,double_skin,1.2380719713391037,1.0886294874988227
RandomForest,GroupKFold_Shape,3,1289,double_skin,1.23632053112742,1.139959827720033
RandomForest,GroupKFold_Shape,3,1290,double_skin,1.251725829629863,1.1212706687475325
RandomForest,GroupKFold_Shape,3,1291,double_skin,1.2664965801050374,1.13084438497166
RandomForest,GroupKFold_Shape,3,1292,double_skin,0.9296708428077955,1.1512598030918868
RandomForest,GroupKFold_Shape,3,1293,double_skin,0.9825365769244127,1.1483484220871345
RandomForest,GroupKFold_Shape,3,1294,double_skin,1.2160149331549017,1.0219519709187745
RandomForest,GroupKFold_Shape,3,1295,double_skin,1.0637062917676785,1.1142755753662994
RandomForest,GroupKFold_Shape,3,1296,double_skin,1.062512336545894,1.1389902428493635
RandomForest,GroupKFold_Shape,3,1297,double_skin,1.2449377557454981,1.1320934538610004
RandomForest,GroupKFold_Shape,3,1298,double_skin,1.2483737925091278,1.1288165170569804
RandomForest,GroupKFold_Shape,3,1299,double_skin,1.3448064616352342,1.1090346349973605
RandomForest,GroupKFold_Shape,3,1300,double_skin,1.4887661059461517,1.155358860816748
RandomForest,GroupKFold_Shape,3,1301,double_skin,1.4805381618930584,1.1546179561461032
RandomForest,GroupKFold_Shape,3,1302,double_skin,1.3626231231901993,1.1452174850450796
RandomForest,GroupKFold_Shape,3,1303,double_skin,1.5324427576719262,1.1564792414099487
RandomForest,GroupKFold_Shape,3,1304,double_skin,1.328050237434794,1.1811850315983587
RandomForest,GroupKFold_Shape,3,1305,double_skin,1.3609871368259172,1.1835447536869845
RandomForest,GroupKFold_Shape,3,1306,double_skin,1.3160703380322636,1.187013488272855
RandomForest,GroupKFold_Shape,3,1307,double_skin,1.430059902278322,1.197321333931482
RandomForest,GroupKFold_Shape,3,1308,double_skin,1.4492314829171709,1.1220655484509987
RandomForest,GroupKFold_Shape,3,1309,double_skin,1.673702401061257,1.120546355356253
RandomForest,GroupKFold_Shape,3,1310,double_skin,1.4504661804850634,1.1141885833421101
RandomForest,GroupKFold_Shape,3,1311,double_skin,1.717567258824871,1.1287007780331642
RandomForest,GroupKFold_Shape,3,1312,double_skin,1.2570825716776333,1.1432304387009888
RandomForest,GroupKFold_Shape,3,1313,double_skin,1.395855754418989,1.150477952138128
RandomForest,GroupKFold_Shape,3,1314,double_skin,1.3778941259096227,1.1355569013173135
RandomForest,GroupKFold_Shape,3,1315,double_skin,1.4696556798213947,1.1541563607068297
GradientBoosting,RandomKFold,1,23,random_fold,1.6356327158958393,1.4591285103442253
GradientBoosting,RandomKFold,1,32,random_fold,1.546963941055375,1.435651785181724
GradientBoosting,RandomKFold,1,43,random_fold,1.3720014374672693,1.2856198307318485
GradientBoosting,RandomKFold,1,44,random_fold,1.5941042088621091,1.4195023365200188
GradientBoosting,RandomKFold,1,49,random_fold,1.371451596125907,1.3320639016186056
GradientBoosting,RandomKFold,1,51,random_fold,1.3662045311957267,1.3320639016186056
GradientBoosting,RandomKFold,1,58,random_fold,1.2339943282685013,1.267153082098581
GradientBoosting,RandomKFold,1,63,random_fold,1.1425545677724243,1.2753811099344885
GradientBoosting,RandomKFold,1,65,random_fold,1.1919182410425113,1.2499328589857182
GradientBoosting,RandomKFold,1,76,random_fold,1.273123847876894,1.3524823830499062
GradientBoosting,RandomKFold,1,78,random_fold,1.1850393366807992,1.4493463230967927
GradientBoosting,RandomKFold,1,81,random_fold,1.4770328464842415,1.4621971092486428
GradientBoosting,RandomKFold,1,101,random_fold,1.2696675773972377,1.3720249349320857
GradientBoosting,RandomKFold,1,115,random_fold,1.1549104273844197,1.1207784381919252
GradientBoosting,RandomKFold,1,175,random_fold,1.32213950491923,1.3044341041753542
GradientBoosting,RandomKFold,1,184,random_fold,1.2086542758821197,1.223537247184067
GradientBoosting,RandomKFold,1,196,random_fold,1.3345388048057119,1.2830664226599375
GradientBoosting,RandomKFold,1,198,random_fold,1.2028285814567583,1.231196857048797
GradientBoosting,RandomKFold,1,210,random_fold,1.1410674469190896,1.1337862995131032
GradientBoosting,RandomKFold,1,218,random_fold,0.8843236477025262,1.0322929205943712
GradientBoosting,RandomKFold,1,221,random_fold,1.237545163141302,1.3584622884158786
GradientBoosting,RandomKFold,1,247,random_fold,1.3495739828334417,1.2730587146132881
GradientBoosting,RandomKFold,1,254,random_fold,1.115980785893842,1.0617892482510378
GradientBoosting,RandomKFold,1,259,random_fold,1.0273582662639587,1.076905704868758
GradientBoosting,RandomKFold,1,275,random_fold,1.4136791277360206,1.2849310595861416
GradientBoosting,RandomKFold,1,277,random_fold,1.1575768700669187,1.1236745271645086
GradientBoosting,RandomKFold,1,286,random_fold,1.1448031386011281,1.0864024048042027
GradientBoosting,RandomKFold,1,289,random_fold,1.1633442640197864,1.1563546162291025
GradientBoosting,RandomKFold,1,297,random_fold,1.1115066128395268,1.110411608757025
GradientBoosting,RandomKFold,1,306,random_fold,1.1743142604760686,1.1653225300290384
GradientBoosting,RandomKFold,1,316,random_fold,1.0619217905514904,1.0997870224994932
GradientBoosting,RandomKFold,1,342,random_fold,1.2512502109547927,1.1528976826938462
GradientBoosting,RandomKFold,1,352,random_fold,1.0748673043457417,1.0841339497514726
GradientBoosting,RandomKFold,1,371,random_fold,1.2774436061249554,1.2937173688609607
GradientBoosting,RandomKFold,1,390,random_fold,1.2791487844243277,1.2652031240178887
GradientBoosting,RandomKFold,1,394,random_fold,1.2683585085983282,1.275595803825494
GradientBoosting,RandomKFold,1,413,random_fold,1.1689970544183277,1.1563546162291025
GradientBoosting,RandomKFold,1,420,random_fold,1.1115066128395268,1.110411608757025
GradientBoosting,RandomKFold,1,425,random_fold,1.2175168088019963,1.2031135406202933
GradientBoosting,RandomKFold,1,428,random_fold,1.2243899371891955,1.2124881721757124
GradientBoosting,RandomKFold,1,451,random_fold,1.189648160647048,1.2476135052099948
GradientBoosting,RandomKFold,1,461,random_fold,1.3434363952751693,1.2524240581241173
GradientBoosting,RandomKFold,1,467,random_fold,1.1413646115604044,1.1915633890187174
GradientBoosting,RandomKFold,1,479,random_fold,1.1994765786206814,1.2198708403462708
GradientBoosting,RandomKFold,1,490,random_fold,1.07947210172219,1.0692809228942084
GradientBoosting,RandomKFold,1,494,random_fold,1.2443901851729942,1.274921499014648
GradientBoosting,RandomKFold,1,503,random_fold,1.2520069830423897,1.2654543278665304
GradientBoosting,RandomKFold,1,506,random_fold,1.110275183025613,1.130547105530214
GradientBoosting,RandomKFold,1,529,random_fold,1.0749994218548684,1.221670666733222
GradientBoosting,RandomKFold,1,532,random_fold,1.1812493418381194,1.1543666192888193
GradientBoosting,RandomKFold,1,536,random_fold,1.1042621429645079,1.114211740827704
GradientBoosting,RandomKFold,1,543,random_fold,1.3390171937925537,1.2220909869330692
GradientBoosting,RandomKFold,1,549,random_fold,1.2987951649060503,1.1673536999002532
GradientBoosting,RandomKFold,1,552,random_fold,1.2974059019704027,1.1627751987183816
GradientBoosting,RandomKFold,1,558,random_fold,1.2390348241766387,1.2515747697699913
GradientBoosting,RandomKFold,1,561,random_fold,1.125520396023584,1.1592817769017547
GradientBoosting,RandomKFold,1,575,random_fold,1.4752782639070696,1.3903287109988955
GradientBoosting,RandomKFold,1,581,random_fold,1.125154244488275,1.1119438678857172
GradientBoosting,RandomKFold,1,589,random_fold,1.1065761847263786,1.0788447645967765
GradientBoosting,RandomKFold,1,598,random_fold,1.101641173779054,1.1149647299398358
GradientBoosting,RandomKFold,1,599,random_fold,1.4737078098499086,1.3993705073176916
GradientBoosting,RandomKFold,1,613,random_fold,1.2390348241766387,1.2515747697699913
GradientBoosting,RandomKFold,1,617,random_fold,1.3332390142216342,1.249949268875511
GradientBoosting,RandomKFold,1,629,random_fold,1.3001385373329486,1.277188902689138
GradientBoosting,RandomKFold,1,634,random_fold,1.3546268449969268,1.2523758851831681
GradientBoosting,RandomKFold,1,644,random_fold,1.2936721089566459,1.2097712354691632
GradientBoosting,RandomKFold,1,667,random_fold,1.4512515359158664,1.353260071764281
GradientBoosting,RandomKFold,1,682,random_fold,1.0127561317700873,0.9403754446367509
GradientBoosting,RandomKFold,1,695,random_fold,0.9128426995596877,1.0011487504184975
GradientBoosting,RandomKFold,1,701,random_fold,0.8640136456166635,0.9594094513381987
GradientBoosting,RandomKFold,1,707,random_fold,0.9947622291164563,1.0165184590278107
GradientBoosting,RandomKFold,1,722,random_fold,1.0918158283594679,1.0526183107545606
GradientBoosting,RandomKFold,1,739,random_fold,1.0525512247820288,1.0531984120995033
GradientBoosting,RandomKFold,1,743,random_fold,1.1763225868857685,1.1040863778856607
GradientBoosting,RandomKFold,1,746,random_fold,1.1512238868735534,1.0734663220226175
GradientBoosting,RandomKFold,1,755,random_fold,1.156965801441185,1.0353057951346836
GradientBoosting,RandomKFold,1,756,random_fold,1.1262308703670376,1.0497833123870555
GradientBoosting,RandomKFold,1,778,random_fold,1.1409909324109273,1.1064031168637813
GradientBoosting,RandomKFold,1,780,random_fold,1.0802645315227415,1.1031691794755378
GradientBoosting,RandomKFold,1,787,random_fold,0.9706081159253261,1.0860837443100206
GradientBoosting,RandomKFold,1,803,random_fold,1.0148873243037508,1.001277509373683
GradientBoosting,RandomKFold,1,809,random_fold,0.9090970473279092,0.9450963647110445
GradientBoosting,RandomKFold,1,813,random_fold,1.0417378229660836,1.040975548930803
GradientBoosting,RandomKFold,1,817,random_fold,1.00947218111946,1.025066970177501
GradientBoosting,RandomKFold,1,818,random_fold,0.8977259185724457,0.9866447571215438
GradientBoosting,RandomKFold,1,839,random_fold,1.1793391334116536,1.1256956853266078
GradientBoosting,RandomKFold,1,843,random_fold,1.1536852924437238,1.061649606683237
GradientBoosting,RandomKFold,1,852,random_fold,1.0472415535706674,1.0355800935931776
GradientBoosting,RandomKFold,1,858,random_fold,1.0008111503855663,0.9904952539839785
GradientBoosting,RandomKFold,1,874,random_fold,0.9665995795697264,1.0161742969802043
GradientBoosting,RandomKFold,1,885,random_fold,1.0171365040792284,1.029619726025492
GradientBoosting,RandomKFold,1,892,random_fold,1.108383888154156,0.9821155997309383
GradientBoosting,RandomKFold,1,903,random_fold,1.0485565695763601,1.0262854618807906
GradientBoosting,RandomKFold,1,922,random_fold,1.1594229116729229,1.1371582462047962
GradientBoosting,RandomKFold,1,965,random_fold,0.8976856418155889,1.0016554653101497
GradientBoosting,RandomKFold,1,967,random_fold,1.0247330678940323,1.0346058262385944
GradientBoosting,RandomKFold,1,973,random_fold,0.956,1.0273456302213393
GradientBoosting,RandomKFold,1,974,random_fold,0.974,1.0273456302213393
GradientBoosting,RandomKFold,1,984,random_fold,1.2248345980861588,1.079713768430221
GradientBoosting,RandomKFold,1,1002,random_fold,1.0131887647039657,1.0585185721144157
GradientBoosting,RandomKFold,1,1010,random_fold,1.03254514304362,1.0385237984208229
GradientBoosting,RandomKFold,1,1032,random_fold,0.9725676969467186,1.0498364517415972
GradientBoosting,RandomKFold,1,1042,random_fold,1.0205053236609536,1.0944552794133884
GradientBoosting,RandomKFold,1,1049,random_fold,1.03326266048189,1.053071148173663
GradientBoosting,RandomKFold,1,1052,random_fold,1.1369107419564655,1.0937646832077874
GradientBoosting,RandomKFold,1,1065,random_fold,0.8485166554501965,1.0493660793584956
GradientBoosting,RandomKFold,1,1068,random_fold,0.9058351736152674,0.9946427264183104
GradientBoosting,RandomKFold,1,1084,random_fold,1.0289488059110257,1.0653627206455916
GradientBoosting,RandomKFold,1,1088,random_fold,1.0932965515293875,1.1082417220173353
GradientBoosting,RandomKFold,1,1089,random_fold,1.02957641998359,1.0834270552038257
GradientBoosting,RandomKFold,1,1101,random_fold,1.0451896339062345,1.072821522157936
GradientBoosting,RandomKFold,1,1110,random_fold,1.0376183623927866,1.0711653608691385
GradientBoosting,RandomKFold,1,1115,random_fold,0.8703098302456302,0.9316479799473627
GradientBoosting,RandomKFold,1,1125,random_fold,1.095381595204616,1.120180601238684
GradientBoosting,RandomKFold,1,1128,random_fold,1.1435178814495957,1.146226498711597
GradientBoosting,RandomKFold,1,1132,random_fold,1.2741028012909297,1.2111439569152325
GradientBoosting,RandomKFold,1,1134,random_fold,1.3912993667134212,1.328105185964878
GradientBoosting,RandomKFold,1,1144,random_fold,0.952786773799889,1.0569972305035908
GradientBoosting,RandomKFold,1,1151,random_fold,1.1430301000371028,1.1655376455372184
GradientBoosting,RandomKFold,1,1174,random_fold,1.1093270225801979,1.149068997006664
GradientBoosting,RandomKFold,1,1177,random_fold,1.1699620861341617,1.144656146626388
GradientBoosting,RandomKFold,1,1189,random_fold,1.018187716323725,1.0523267313291906
GradientBoosting,RandomKFold,1,1194,random_fold,0.997425534391608,1.004997768575924
GradientBoosting,RandomKFold,1,1218,random_fold,1.300109647628024,1.279846790211749
GradientBoosting,RandomKFold,1,1220,random_fold,1.2420221324569725,1.2195790868537586
GradientBoosting,RandomKFold,1,1252,random_fold,1.0748443899621265,1.1343227006362413
GradientBoosting,RandomKFold,1,1264,random_fold,1.1593331642563451,1.1602269247164447
GradientBoosting,RandomKFold,1,1274,random_fold,1.0902173889883209,1.1010047218695658
GradientBoosting,RandomKFold,1,1290,random_fold,1.251725829629863,1.279846790211749
GradientBoosting,RandomKFold,1,1292,random_fold,0.9296708428077955,1.198566579337147
GradientBoosting,RandomKFold,1,1300,random_fold,1.4887661059461517,1.3573350632745038
GradientBoosting,RandomKFold,1,1312,random_fold,1.2570825716776333,1.3757578644007438
GradientBoosting,RandomKFold,2,29,random_fold,1.3720014374672693,1.2756044043859947
GradientBoosting,RandomKFold,2,31,random_fold,1.5227926294763847,1.4234258353967597
GradientBoosting,RandomKFold,2,48,random_fold,1.639707790681381,1.3415768404047075
GradientBoosting,RandomKFold,2,54,random_fold,1.2133837651042219,1.3415768404047075
GradientBoosting,RandomKFold,2,56,random_fold,1.2046337556603286,1.2848848387514238
GradientBoosting,RandomKFold,2,70,random_fold,1.2629155541458932,1.3660628725237987
GradientBoosting,RandomKFold,2,86,random_fold,1.6713792736532207,1.444382819511263
GradientBoosting,RandomKFold,2,107,random_fold,1.2353424451316886,1.2031546855267865
GradientBoosting,RandomKFold,2,109,random_fold,1.1269776844197152,1.1351999585262114
GradientBoosting,RandomKFold,2,113,random_fold,1.165840580685956,1.1812920525576422
GradientBoosting,RandomKFold,2,123,random_fold,1.401756567103651,1.3539692138594577
GradientBoosting,RandomKFold,2,128,random_fold,1.37020947369762,1.3161566567211356
GradientBoosting,RandomKFold,2,155,random_fold,1.370994199976567,1.266994951571213
GradientBoosting,RandomKFold,2,163,random_fold,1.081714589741048,1.1335430940588016
GradientBoosting,RandomKFold,2,168,random_fold,0.9988336760894352,1.0590566034494
GradientBoosting,RandomKFold,2,170,random_fold,1.0060464564388292,1.0033510832278933
GradientBoosting,RandomKFold,2,174,random_fold,1.2564545083234089,1.323992740515372
GradientBoosting,RandomKFold,2,192,random_fold,1.3141287399041004,1.3778512863314227
GradientBoosting,RandomKFold,2,208,random_fold,1.3033113393586844,1.223881147115455
GradientBoosting,RandomKFold,2,209,random_fold,1.1361701617391793,1.119246968257245
GradientBoosting,RandomKFold,2,220,random_fold,0.9281601451869276,1.01603975061808
GradientBoosting,RandomKFold,2,231,random_fold,1.172977745864338,1.2358209922079313
GradientBoosting,RandomKFold,2,233,random_fold,1.087407992331772,1.2452993493448232
GradientBoosting,RandomKFold,2,239,random_fold,1.1026898604988369,1.084491697184178
GradientBoosting,RandomKFold,2,240,random_fold,1.097850830391181,1.0553082492851702
GradientBoosting,RandomKFold,2,243,random_fold,1.23746653007112,1.2406035758977436
GradientBoosting,RandomKFold,2,244,random_fold,1.209420109403607,1.1859072367707548
GradientBoosting,RandomKFold,2,261,random_fold,1.0697251791938465,1.0952484222133858
GradientBoosting,RandomKFold,2,265,random_fold,1.2050469519666545,1.2214123387460343
GradientBoosting,RandomKFold,2,270,random_fold,1.2453362914305632,1.2350692572418271
GradientBoosting,RandomKFold,2,282,random_fold,0.9885270233776388,1.071926676789817
GradientBoosting,RandomKFold,2,291,random_fold,1.200839968966233,1.1421917610046188
GradientBoosting,RandomKFold,2,298,random_fold,1.143938834802967,1.1034811732587515
GradientBoosting,RandomKFold,2,331,random_fold,1.1529242603297682,1.2391513999980954
GradientBoosting,RandomKFold,2,339,random_fold,1.4076120631650018,1.312631822405748
GradientBoosting,RandomKFold,2,344,random_fold,1.1627385870083158,1.1925995035622734
GradientBoosting,RandomKFold,2,346,random_fold,1.2854163440072908,1.2342882722089314
GradientBoosting,RandomKFold,2,350,random_fold,1.1995720476405545,1.1621328584648964
GradientBoosting,RandomKFold,2,351,random_fold,1.1809166022318427,1.0449724079584786
GradientBoosting,RandomKFold,2,354,random_fold,1.1320785534773934,1.1361681248377604
GradientBoosting,RandomKFold,2,358,random_fold,1.0747060958035308,1.153193324381036
GradientBoosting,RandomKFold,2,363,random_fold,1.410690975522547,1.3176123497427543
GradientBoosting,RandomKFold,2,365,random_fold,1.2535131146099987,1.2916880452764858
GradientBoosting,RandomKFold,2,377,random_fold,1.2749949798711437,1.3011010762922324
GradientBoosting,RandomKFold,2,380,random_fold,1.3544066431861226,1.3018571963359615
GradientBoosting,RandomKFold,2,382,random_fold,1.2468443947618897,1.2725770358548376
GradientBoosting,RandomKFold,2,405,random_fold,0.9885270233776388,1.071926676789817
GradientBoosting,RandomKFold,2,409,random_fold,1.1448031386011281,1.0917851652197808
GradientBoosting,RandomKFold,2,415,random_fold,1.1248508298347624,1.1421917610046188
GradientBoosting,RandomKFold,2,422,random_fold,1.117630616216053,1.1034811732587515
GradientBoosting,RandomKFold,2,429,random_fold,1.1743142604760686,1.1657675199983397
GradientBoosting,RandomKFold,2,447,random_fold,1.1811788280767848,1.2017028535169216
GradientBoosting,RandomKFold,2,486,random_fold,1.1852281853374391,1.1277463185110377
GradientBoosting,RandomKFold,2,493,random_fold,1.2803725519731772,1.2490587070110326
GradientBoosting,RandomKFold,2,528,random_fold,1.2295175877440858,1.1432463903987458
GradientBoosting,RandomKFold,2,534,random_fold,1.178400362037723,1.1247445539218495
GradientBoosting,RandomKFold,2,551,random_fold,1.1706389361953242,1.2185307559989755
GradientBoosting,RandomKFold,2,554,random_fold,1.2434786890775043,1.2176416581326375
GradientBoosting,RandomKFold,2,560,random_fold,1.1191135566181951,1.173155595894444
GradientBoosting,RandomKFold,2,578,random_fold,1.0939191567339017,1.1140985986947463
GradientBoosting,RandomKFold,2,584,random_fold,1.0985823082868367,1.1140985986947463
GradientBoosting,RandomKFold,2,594,random_fold,1.0963834458272042,1.0903474893604972
GradientBoosting,RandomKFold,2,602,random_fold,1.3551376186293855,1.3950318984139325
GradientBoosting,RandomKFold,2,626,random_fold,1.3285906550290896,1.2392839431639713
GradientBoosting,RandomKFold,2,628,random_fold,1.4053136480542652,1.243663826764743
GradientBoosting,RandomKFold,2,636,random_fold,1.2239856207435866,1.272243559119301
GradientBoosting,RandomKFold,2,651,random_fold,1.2996749058776849,1.232310456000231
GradientBoosting,RandomKFold,2,654,random_fold,1.460895937684224,1.2472354743687386
GradientBoosting,RandomKFold,2,661,random_fold,1.4286071933023912,1.2557615093106103
GradientBoosting,RandomKFold,2,721,random_fold,0.9809199335646905,1.0650968961811291
GradientBoosting,RandomKFold,2,723,random_fold,1.0578333859959272,1.0565531491022724
GradientBoosting,RandomKFold,2,731,random_fold,1.1716324806430052,1.12319591507673
GradientBoosting,RandomKFold,2,737,random_fold,1.077036799237642,1.0493895602166585
GradientBoosting,RandomKFold,2,752,random_fold,1.1576632873843928,1.0969488792030082
GradientBoosting,RandomKFold,2,754,random_fold,1.119950655964233,1.0852336321314073
GradientBoosting,RandomKFold,2,762,random_fold,1.1353075863887947,1.1050487442329597
GradientBoosting,RandomKFold,2,774,random_fold,1.0981965028055594,1.0620037241321876
GradientBoosting,RandomKFold,2,788,random_fold,0.9795042253674844,1.045227176880218
GradientBoosting,RandomKFold,2,798,random_fold,0.9323040932338827,0.9869293700681637
GradientBoosting,RandomKFold,2,808,random_fold,0.9473561043119533,0.9871163018126182
GradientBoosting,RandomKFold,2,814,random_fold,0.9208205165973737,0.9616257180549057
GradientBoosting,RandomKFold,2,844,random_fold,1.139912956872766,1.0517866133090357
GradientBoosting,RandomKFold,2,846,random_fold,1.017734060884549,1.0571437511870714
GradientBoosting,RandomKFold,2,849,random_fold,1.0671828066167448,1.0571437511870714
GradientBoosting,RandomKFold,2,865,random_fold,1.1825822756173474,1.0669229405701677
GradientBoosting,RandomKFold,2,867,random_fold,0.9417647554511891,0.938519650956345
GradientBoosting,RandomKFold,2,869,random_fold,0.943394691361964,0.9928628312122221
GradientBoosting,RandomKFold,2,872,random_fold,0.9676195860532987,1.0156197453952445
GradientBoosting,RandomKFold,2,875,random_fold,0.9484993102887488,0.9616625569867554
GradientBoosting,RandomKFold,2,893,random_fold,0.9124112927783977,1.003927639692627
GradientBoosting,RandomKFold,2,908,random_fold,1.130616395201698,1.0718197371031277
GradientBoosting,RandomKFold,2,926,random_fold,1.004911594954713,1.01247300182754
GradientBoosting,RandomKFold,2,934,random_fold,0.9792231394697272,0.9892072024370415
GradientBoosting,RandomKFold,2,943,random_fold,1.0449461824263695,0.941993495689701
GradientBoosting,RandomKFold,2,944,random_fold,0.9635843252302588,0.9750920537706673
GradientBoosting,RandomKFold,2,946,random_fold,0.9634595721736097,0.9792884946744744
GradientBoosting,RandomKFold,2,970,random_fold,0.9883471637253651,0.9827236372784482
GradientBoosting,RandomKFold,2,997,random_fold,1.0805626598465474,1.055981559193365
GradientBoosting,RandomKFold,2,998,random_fold,1.065997805298636,1.0222087700426805
GradientBoosting,RandomKFold,2,1006,random_fold,1.059978173666824,1.050790758497187
GradientBoosting,RandomKFold,2,1007,random_fold,1.0298540755238315,1.0489902816165884
GradientBoosting,RandomKFold,2,1013,random_fold,1.0644621128530691,1.0930427348527272
GradientBoosting,RandomKFold,2,1024,random_fold,1.0520317551219707,1.0224432054434223
GradientBoosting,RandomKFold,2,1030,random_fold,1.0390614274629033,0.9726529561406718
GradientBoosting,RandomKFold,2,1031,random_fold,0.9832536648377822,0.9616798237667198
GradientBoosting,RandomKFold,2,1033,random_fold,0.995949448839491,1.0560685273961905
GradientBoosting,RandomKFold,2,1034,random_fold,1.1117147568117898,1.0335844932241531
GradientBoosting,RandomKFold,2,1040,random_fold,1.0619268072911026,1.0778207766914076
GradientBoosting,RandomKFold,2,1041,random_fold,1.0087178749802248,1.0354699738391566
GradientBoosting,RandomKFold,2,1043,random_fold,1.0725437413563566,1.0401993957601352
GradientBoosting,RandomKFold,2,1046,random_fold,1.022114788746845,1.0334853314066936
GradientBoosting,RandomKFold,2,1057,random_fold,1.1308708041896984,1.0657605978354998
GradientBoosting,RandomKFold,2,1075,random_fold,1.0867084948700119,1.078723045552628
GradientBoosting,RandomKFold,2,1079,random_fold,1.0646821079762672,1.1090412563011856
GradientBoosting,RandomKFold,2,1093,random_fold,1.1444650003334558,1.1042213593747685
GradientBoosting,RandomKFold,2,1100,random_fold,1.1044529636638045,1.0463537223175632
GradientBoosting,RandomKFold,2,1122,random_fold,1.039472874890902,1.1317285581212468
GradientBoosting,RandomKFold,2,1164,random_fold,1.15866797014931,1.122620386502979
GradientBoosting,RandomKFold,2,1168,random_fold,1.1362525663894414,1.097455135625864
GradientBoosting,RandomKFold,2,1173,random_fold,1.2586656054794496,1.1663402867638102
GradientBoosting,RandomKFold,2,1187,random_fold,1.2577788351521888,1.1729331022703853
GradientBoosting,RandomKFold,2,1213,random_fold,1.059617961514579,1.0785274585245563
GradientBoosting,RandomKFold,2,1224,random_fold,1.341100463863825,1.2789815040890178
GradientBoosting,RandomKFold,2,1227,random_fold,1.295731905940998,1.2283996634060113
GradientBoosting,RandomKFold,2,1231,random_fold,1.2491299387414074,1.2807819809696164
GradientBoosting,RandomKFold,2,1234,random_fold,1.2453334020922404,1.2478473692673537
GradientBoosting,RandomKFold,2,1249,random_fold,0.9667036756208146,0.9623435244915466
GradientBoosting,RandomKFold,2,1258,random_fold,1.1649205479468496,1.113150018393491
GradientBoosting,RandomKFold,2,1271,random_fold,1.2175455825092005,1.2150462028579583
GradientBoosting,RandomKFold,2,1302,random_fold,1.3626231231901993,1.3460514888422919
GradientBoosting,RandomKFold,2,1304,random_fold,1.328050237434794,1.3303632207627367
GradientBoosting,RandomKFold,2,1305,random_fold,1.3609871368259172,1.4720951899679628
GradientBoosting,RandomKFold,3,10,random_fold,1.3811132045767527,1.2994875558883168
GradientBoosting,RandomKFold,3,59,random_fold,1.2680165689493124,1.2771523528672277
GradientBoosting,RandomKFold,3,83,random_fold,1.3448772760093357,1.4492357319166835
GradientBoosting,RandomKFold,3,88,random_fold,1.6169622740459064,1.4556344086691382
GradientBoosting,RandomKFold,3,96,random_fold,1.5781582943910415,1.4314620902724289
GradientBoosting,RandomKFold,3,129,random_fold,1.3599840298640558,1.3131573093494875
GradientBoosting,RandomKFold,3,135,random_fold,1.0919130117697546,1.2476961479227502
GradientBoosting,RandomKFold,3,138,random_fold,1.0945457667787828,1.1480219827397267
GradientBoosting,RandomKFold,3,139,random_fold,0.9503054523485104,0.9605074927290144
GradientBoosting,RandomKFold,3,140,random_fold,0.9220785577242971,0.9605074927290144
GradientBoosting,RandomKFold,3,141,random_fold,0.9848049902225486,0.9605074927290144
GradientBoosting,RandomKFold,3,147,random_fold,1.2331867795165823,1.1221107766296285
GradientBoosting,RandomKFold,3,156,random_fold,1.4093999006925229,1.2741093366933138
GradientBoosting,RandomKFold,3,158,random_fold,1.1189168875968767,1.1694026031983475
GradientBoosting,RandomKFold,3,171,random_fold,0.9819513263381584,0.9605074927290144
GradientBoosting,RandomKFold,3,178,random_fold,1.2553795512333588,1.25354799393829
GradientBoosting,RandomKFold,3,199,random_fold,1.4534609969636008,1.3422413737728502
GradientBoosting,RandomKFold,3,224,random_fold,1.2096074389960325,1.212800259358697
GradientBoosting,RandomKFold,3,260,random_fold,1.045128825211897,1.0753717161917313
GradientBoosting,RandomKFold,3,266,random_fold,1.1591867375218325,1.228562171955273
GradientBoosting,RandomKFold,3,274,random_fold,1.3842155803571365,1.3183195264005247
GradientBoosting,RandomKFold,3,285,random_fold,1.0869105743635306,1.0967796022658598
GradientBoosting,RandomKFold,3,287,random_fold,1.0465299957494056,1.0967796022658598
GradientBoosting,RandomKFold,3,290,random_fold,1.1689970544183277,1.15350095660185
GradientBoosting,RandomKFold,3,292,random_fold,1.1248508298347624,1.142657318923399
GradientBoosting,RandomKFold,3,294,random_fold,1.108420440267482,1.1137629583622437
GradientBoosting,RandomKFold,3,296,random_fold,1.070756208960514,1.1137629583622437
GradientBoosting,RandomKFold,3,303,random_fold,1.2950278181808799,1.1964292251857076
GradientBoosting,RandomKFold,3,308,random_fold,1.1932738406000005,1.1707734637590947
GradientBoosting,RandomKFold,3,309,random_fold,1.1603149777096642,1.1707734637590947
GradientBoosting,RandomKFold,3,312,random_fold,1.2079419865581988,1.098559079950801
GradientBoosting,RandomKFold,3,318,random_fold,1.1306542302372584,1.1683104125076502
GradientBoosting,RandomKFold,3,322,random_fold,1.1011120203646916,1.1016684472344649
GradientBoosting,RandomKFold,3,327,random_fold,1.092546009091041,1.1163824396399658
GradientBoosting,RandomKFold,3,328,random_fold,1.1000861553214407,1.2919530276818185
GradientBoosting,RandomKFold,3,332,random_fold,1.2904751739807487,1.287594799013517
GradientBoosting,RandomKFold,3,333,random_fold,1.3986321931244245,1.2942139576079414
GradientBoosting,RandomKFold,3,348,random_fold,1.3537218351572846,1.303978354535129
GradientBoosting,RandomKFold,3,355,random_fold,1.0934447473345092,1.1003697696969172
GradientBoosting,RandomKFold,3,361,random_fold,1.1951532343242832,1.2994189608430189
GradientBoosting,RandomKFold,3,367,random_fold,1.2268643277129487,1.2725777241754153
GradientBoosting,RandomKFold,3,374,random_fold,1.220169597230472,1.2994189608430189
GradientBoosting,RandomKFold,3,381,random_fold,1.3622828817848462,1.2773132348229814
GradientBoosting,RandomKFold,3,398,random_fold,1.3516993360623062,1.3028765700752083
GradientBoosting,RandomKFold,3,411,random_fold,1.1966957273711798,1.15350095660185
GradientBoosting,RandomKFold,3,427,random_fold,1.2126169570239147,1.1964292251857076
GradientBoosting,RandomKFold,3,430,random_fold,1.2139187167349488,1.1707734637590947
GradientBoosting,RandomKFold,3,432,random_fold,1.1603149777096642,1.1707734637590947
GradientBoosting,RandomKFold,3,433,random_fold,1.1732156482628429,1.1707734637590947
GradientBoosting,RandomKFold,3,438,random_fold,1.1227523900855292,1.3334620457738204
GradientBoosting,RandomKFold,3,458,random_fold,1.2090963058671387,1.194522568988555
GradientBoosting,RandomKFold,3,462,random_fold,1.281033681703701,1.3006471392379266
GradientBoosting,RandomKFold,3,471,random_fold,1.265565498136139,1.286508899407647
GradientBoosting,RandomKFold,3,481,random_fold,1.2323447321023147,1.2727399485909159
GradientBoosting,RandomKFold,3,482,random_fold,1.2559683700923228,1.267669123421981
GradientBoosting,RandomKFold,3,485,random_fold,1.1529675365057692,1.133724501600961
GradientBoosting,RandomKFold,3,497,random_fold,1.1389998201135163,1.1357319728315163
GradientBoosting,RandomKFold,3,513,random_fold,1.4600404038278534,1.3967106822447848
GradientBoosting,RandomKFold,3,522,random_fold,1.3551376186293855,1.3832641543362314
GradientBoosting,RandomKFold,3,535,random_fold,1.14403126667179,1.1208858443829646
GradientBoosting,RandomKFold,3,538,random_fold,1.0975680037783655,1.0842108022715038
GradientBoosting,RandomKFold,3,542,random_fold,1.213506864240547,1.2177827748862105
GradientBoosting,RandomKFold,3,566,random_fold,1.0119426075976625,1.1095368726990662
GradientBoosting,RandomKFold,3,567,random_fold,1.0587853148826611,1.1116976579725177
GradientBoosting,RandomKFold,3,570,random_fold,1.1172119113349281,1.3492940913005405
GradientBoosting,RandomKFold,3,572,random_fold,1.1672017543078723,1.3489675095683729
GradientBoosting,RandomKFold,3,582,random_fold,1.1253876898014403,1.1325758437669415
GradientBoosting,RandomKFold,3,583,random_fold,1.103812716496891,1.0993536830631847
GradientBoosting,RandomKFold,3,610,random_fold,1.2873230266774571,1.388998950095575
GradientBoosting,RandomKFold,3,618,random_fold,1.3086128646971864,1.2585701702502112
GradientBoosting,RandomKFold,3,620,random_fold,1.3389618107830723,1.3065025111717867
GradientBoosting,RandomKFold,3,621,random_fold,1.330175403702272,1.3180907158564261
GradientBoosting,RandomKFold,3,630,random_fold,1.2362028679086534,1.3061585245794805
GradientBoosting,RandomKFold,3,665,random_fold,1.2528666796572563,1.3445389394103056
GradientBoosting,RandomKFold,3,668,random_fold,1.3748654480428981,1.4530168119149143
GradientBoosting,RandomKFold,3,670,random_fold,1.2676699633975275,1.3430713631535294
GradientBoosting,RandomKFold,3,677,random_fold,1.023264728934967,1.0759503356557392
GradientBoosting,RandomKFold,3,680,random_fold,1.0590065504779997,1.1190721941453194
GradientBoosting,RandomKFold,3,708,random_fold,0.9042217768159755,0.9951908674213419
GradientBoosting,RandomKFold,3,710,random_fold,0.9943744272212695,1.0041049263175483
GradientBoosting,RandomKFold,3,716,random_fold,1.0494235703981207,1.1543027520600133
GradientBoosting,RandomKFold,3,741,random_fold,1.071797169648938,1.134683274459341
GradientBoosting,RandomKFold,3,759,random_fold,1.0364279604429998,1.0584346759061949
GradientBoosting,RandomKFold,3,767,random_fold,1.0829615417225233,1.0730090375045067
GradientBoosting,RandomKFold,3,770,random_fold,1.158611523693908,1.1024225790024025
GradientBoosting,RandomKFold,3,777,random_fold,1.1732223146824223,1.0980387985032574
GradientBoosting,RandomKFold,3,792,random_fold,0.9885768620769692,1.0573797368725346
GradientBoosting,RandomKFold,3,796,random_fold,0.9298059038456692,0.9896749609023399
GradientBoosting,RandomKFold,3,802,random_fold,1.013516318124347,0.9906557358015962
GradientBoosting,RandomKFold,3,838,random_fold,1.0172706870924326,1.060161657792676
GradientBoosting,RandomKFold,3,842,random_fold,1.1766778981895882,1.121675245919174
GradientBoosting,RandomKFold,3,847,random_fold,0.9914081945242199,1.0544462986098955
GradientBoosting,RandomKFold,3,855,random_fold,0.9978743857512196,1.0147896844569333
GradientBoosting,RandomKFold,3,868,random_fold,0.932531767652648,0.921055547386218
GradientBoosting,RandomKFold,3,873,random_fold,0.9990536850212308,1.0266011499255452
GradientBoosting,RandomKFold,3,879,random_fold,1.0132518775954646,1.0197716220059383
GradientBoosting,RandomKFold,3,898,random_fold,1.1075306132566556,1.0763844660487794
GradientBoosting,RandomKFold,3,899,random_fold,1.0455797423367392,1.048292267204628
GradientBoosting,RandomKFold,3,904,random_fold,1.1951298166951887,1.0921298243094977
GradientBoosting,RandomKFold,3,906,random_fold,1.0554080316696963,0.9744994344810879
GradientBoosting,RandomKFold,3,930,random_fold,1.096382668622466,1.0365251651545981
GradientBoosting,RandomKFold,3,931,random_fold,1.0466965648960251,1.0365251651545981
GradientBoosting,RandomKFold,3,947,random_fold,0.9411645939854958,0.992310561613846
GradientBoosting,RandomKFold,3,964,random_fold,1.0194843254397352,0.9801805638641774
GradientBoosting,RandomKFold,3,993,random_fold,1.1125633690402055,0.9928609721347771
GradientBoosting,RandomKFold,3,1004,random_fold,1.0839740105096942,1.0290296966714059
GradientBoosting,RandomKFold,3,1015,random_fold,1.0080394734160163,1.0140954688664208
GradientBoosting,RandomKFold,3,1018,random_fold,1.1250601987704543,1.0061350122292616
GradientBoosting,RandomKFold,3,1037,random_fold,1.1418543670536392,1.0378401875284844
GradientBoosting,RandomKFold,3,1055,random_fold,1.1577581755730835,1.06755433218586
GradientBoosting,RandomKFold,3,1072,random_fold,1.0996757650456859,1.110848078389416
GradientBoosting,RandomKFold,3,1085,random_fold,1.0680368452044127,1.0750690017113231
GradientBoosting,RandomKFold,3,1087,random_fold,1.03783253235919,1.098205568290161
GradientBoosting,RandomKFold,3,1091,random_fold,1.1213393502795104,1.091559616685487
GradientBoosting,RandomKFold,3,1112,random_fold,0.8566693631248123,0.9849697448012161
GradientBoosting,RandomKFold,3,1142,random_fold,1.037793772205827,1.0511241373559541
GradientBoosting,RandomKFold,3,1146,random_fold,1.035432466694551,1.0330801480593041
GradientBoosting,RandomKFold,3,1153,random_fold,1.1582772195696889,1.149313029293624
GradientBoosting,RandomKFold,3,1181,random_fold,1.1407355560413648,1.1149771096413872
GradientBoosting,RandomKFold,3,1199,random_fold,1.1961804273378163,1.0669330250740858
GradientBoosting,RandomKFold,3,1216,random_fold,1.315611535949616,1.268945456493952
GradientBoosting,RandomKFold,3,1222,random_fold,1.341401091173224,1.268945456493952
GradientBoosting,RandomKFold,3,1241,random_fold,1.1122829007007686,1.0929179971790222
GradientBoosting,RandomKFold,3,1242,random_fold,0.9806296069327972,1.0128245178153352
GradientBoosting,RandomKFold,3,1246,random_fold,1.0627439446106552,1.0690830141446723
GradientBoosting,RandomKFold,3,1247,random_fold,1.0897867332299558,1.0690830141446723
GradientBoosting,RandomKFold,3,1261,random_fold,1.0435198380588349,1.0210069393554322
GradientBoosting,RandomKFold,3,1273,random_fold,1.1853745270063873,1.189593491742852
GradientBoosting,RandomKFold,3,1275,random_fold,1.1730331121385693,1.0477682913346715
GradientBoosting,RandomKFold,3,1277,random_fold,1.160112709927871,1.0426294708346424
GradientBoosting,RandomKFold,3,1280,random_fold,1.3062699890462746,1.268945456493952
GradientBoosting,RandomKFold,3,1311,random_fold,1.717567258824871,1.4810645393047415
GradientBoosting,RandomKFold,4,2,random_fold,1.1815827868398348,1.2946771551604603
GradientBoosting,RandomKFold,4,3,random_fold,1.2358473024149033,1.34976266300236
GradientBoosting,RandomKFold,4,5,random_fold,1.238242921314779,1.4364761608854104
GradientBoosting,RandomKFold,4,6,random_fold,1.1983820435012535,1.3172142719450965
GradientBoosting,RandomKFold,4,12,random_fold,1.5214776205513665,1.4300253841081336
GradientBoosting,RandomKFold,4,25,random_fold,1.4102263522358336,1.2102429792867655
GradientBoosting,RandomKFold,4,27,random_fold,1.536384619900033,1.3627669377562492
GradientBoosting,RandomKFold,4,30,random_fold,1.5348782852658798,1.4463698504175349
GradientBoosting,RandomKFold,4,39,random_fold,1.2211023682326179,1.2911149455680704
GradientBoosting,RandomKFold,4,47,random_fold,1.2972783209180534,1.2990728187452538
GradientBoosting,RandomKFold,4,55,random_fold,1.2816523773767157,1.264603407738853
GradientBoosting,RandomKFold,4,66,random_fold,1.302307239291283,1.346725125632775
GradientBoosting,RandomKFold,4,67,random_fold,1.295364734801251,1.346725125632775
GradientBoosting,RandomKFold,4,100,random_fold,1.4893188610025825,1.4547582045641543
GradientBoosting,RandomKFold,4,106,random_fold,1.2053584052013078,1.217590910734706
GradientBoosting,RandomKFold,4,111,random_fold,1.1310229163178613,1.1387435539755846
GradientBoosting,RandomKFold,4,136,random_fold,1.1420397946679444,1.2136559070701958
GradientBoosting,RandomKFold,4,211,random_fold,1.0578135988606152,1.1342440164021677
GradientBoosting,RandomKFold,4,215,random_fold,1.1382975694343815,1.3158908466643298
GradientBoosting,RandomKFold,4,227,random_fold,1.061508984719529,1.106803875653764
GradientBoosting,RandomKFold,4,237,random_fold,1.1115939935791495,1.2348821920819064
GradientBoosting,RandomKFold,4,242,random_fold,1.3000433770209283,1.224867910588595
GradientBoosting,RandomKFold,4,256,random_fold,1.1458899378442748,1.18115368767389
GradientBoosting,RandomKFold,4,273,random_fold,1.3927210638476188,1.300629841157917
GradientBoosting,RandomKFold,4,299,random_fold,1.117630616216053,1.124170567418346
GradientBoosting,RandomKFold,4,310,random_fold,1.1732156482628429,1.166513855074118
GradientBoosting,RandomKFold,4,311,random_fold,1.1383551696124758,1.166513855074118
GradientBoosting,RandomKFold,4,314,random_fold,1.1508537216670625,1.180538586950238
GradientBoosting,RandomKFold,4,319,random_fold,1.0631562838336788,1.1075082788027606
GradientBoosting,RandomKFold,4,321,random_fold,1.1306840434563534,1.1041912118876305
GradientBoosting,RandomKFold,4,323,random_fold,0.9851301986103755,1.0883248690577443
GradientBoosting,RandomKFold,4,325,random_fold,1.0162230301480055,1.1107580910424886
GradientBoosting,RandomKFold,4,336,random_fold,1.1895466598960975,1.252613317925111
GradientBoosting,RandomKFold,4,362,random_fold,1.253162744858469,1.3150581335117753
GradientBoosting,RandomKFold,4,370,random_fold,1.4247851688507547,1.300780125373816
GradientBoosting,RandomKFold,4,376,random_fold,1.2949004125196468,1.2820753090475618
GradientBoosting,RandomKFold,4,410,random_fold,1.0465299957494056,1.1027034189175475
GradientBoosting,RandomKFold,4,423,random_fold,1.250094356066993,1.1974067334624312
GradientBoosting,RandomKFold,4,424,random_fold,1.255615974247501,1.1974067334624312
GradientBoosting,RandomKFold,4,435,random_fold,1.136205061407592,1.2180072268893292
GradientBoosting,RandomKFold,4,439,random_fold,1.167311509591246,1.18121118240872
GradientBoosting,RandomKFold,4,442,random_fold,1.2660904399745998,1.2315472412708186
GradientBoosting,RandomKFold,4,453,random_fold,1.1678173543464752,1.1877026445867416
GradientBoosting,RandomKFold,4,464,random_fold,1.2935766863339573,1.2837645759431606
GradientBoosting,RandomKFold,4,477,random_fold,1.1826622653806047,1.2477441163379448
GradientBoosting,RandomKFold,4,478,random_fold,1.2042128286825535,1.2406607999425843
GradientBoosting,RandomKFold,4,514,random_fold,1.3551376186293855,1.400489803406723
GradientBoosting,RandomKFold,4,526,random_fold,1.2070770909871522,1.104935867841052
GradientBoosting,RandomKFold,4,527,random_fold,1.2872591031213836,1.1157572706793597
GradientBoosting,RandomKFold,4,553,random_fold,1.2336684323588558,1.1686596409220347
GradientBoosting,RandomKFold,4,573,random_fold,1.5017169424717123,1.3761955010795874
GradientBoosting,RandomKFold,4,579,random_fold,1.1082076544678416,1.103794479144693
GradientBoosting,RandomKFold,4,588,random_fold,1.0996992675102513,1.081304818018845
GradientBoosting,RandomKFold,4,590,random_fold,1.0891297555800707,1.0943720986920198
GradientBoosting,RandomKFold,4,597,random_fold,1.1053752629591076,1.103794479144693
GradientBoosting,RandomKFold,4,605,random_fold,1.3584960645166095,1.279660899405529
GradientBoosting,RandomKFold,4,614,random_fold,1.3099147850734096,1.2766454692034825
GradientBoosting,RandomKFold,4,615,random_fold,1.306829976743478,1.2415134845813114
GradientBoosting,RandomKFold,4,624,random_fold,1.352620773381636,1.3368387940154076
GradientBoosting,RandomKFold,4,631,random_fold,1.2965312518289938,1.3083637061582147
GradientBoosting,RandomKFold,4,638,random_fold,1.1604974665781171,1.3205275845734952
GradientBoosting,RandomKFold,4,649,random_fold,1.2889693276319096,1.2630853307422707
GradientBoosting,RandomKFold,4,676,random_fold,1.0462366417310374,1.0727096292116733
GradientBoosting,RandomKFold,4,693,random_fold,0.9127835333850577,1.0144947419422423
GradientBoosting,RandomKFold,4,705,random_fold,1.0122966091723296,0.9797961810206934
GradientBoosting,RandomKFold,4,718,random_fold,0.9978268847018567,1.0687946606306318
GradientBoosting,RandomKFold,4,720,random_fold,1.0327321771459947,1.0695118045065137
GradientBoosting,RandomKFold,4,724,random_fold,0.9940735654701452,1.079256901183066
GradientBoosting,RandomKFold,4,727,random_fold,1.1333855233516579,1.087439678014565
GradientBoosting,RandomKFold,4,736,random_fold,1.0834822140971676,1.0672094632288003
GradientBoosting,RandomKFold,4,744,random_fold,1.1394168016812345,1.0572568646474452
GradientBoosting,RandomKFold,4,745,random_fold,1.1532149251359798,1.0647515628565682
GradientBoosting,RandomKFold,4,771,random_fold,1.059029496018931,1.0801749630657627
GradientBoosting,RandomKFold,4,785,random_fold,1.0011289227779692,1.0563299284442844
GradientBoosting,RandomKFold,4,810,random_fold,0.8748433612948089,0.9537616608999656
GradientBoosting,RandomKFold,4,812,random_fold,0.9603762259588122,0.971377558216291
GradientBoosting,RandomKFold,4,816,random_fold,0.9689279686173381,1.0048696626001423
GradientBoosting,RandomKFold,4,823,random_fold,0.8885581509727589,1.0465750453535954
GradientBoosting,RandomKFold,4,828,random_fold,1.0311072708311233,1.079239681628547
GradientBoosting,RandomKFold,4,832,random_fold,1.1785261834797467,1.1128115368777765
GradientBoosting,RandomKFold,4,862,random_fold,0.9950721190187648,1.0630656761828607
GradientBoosting,RandomKFold,4,881,random_fold,0.8923202472408284,0.9565306643216412
GradientBoosting,RandomKFold,4,889,random_fold,1.0373767948970278,1.0069255445583234
GradientBoosting,RandomKFold,4,894,random_fold,0.9660896807843484,1.0004066883855764
GradientBoosting,RandomKFold,4,900,random_fold,1.0093291870279875,1.0529204572064634
GradientBoosting,RandomKFold,4,905,random_fold,1.1324219565630271,1.0809558548552805
GradientBoosting,RandomKFold,4,910,random_fold,1.1884094429914789,1.0877775192669772
GradientBoosting,RandomKFold,4,915,random_fold,1.0601634917957934,1.0350260592677565
GradientBoosting,RandomKFold,4,916,random_fold,1.1713832305334504,1.1278047259896915
GradientBoosting,RandomKFold,4,921,random_fold,1.145648565330804,1.1374232948101943
GradientBoosting,RandomKFold,4,933,random_fold,1.0500862030418465,0.9989023293124787
GradientBoosting,RandomKFold,4,963,random_fold,0.9333307204729971,0.9969027080057297
GradientBoosting,RandomKFold,4,979,random_fold,1.1600914202570374,1.0811088315633737
GradientBoosting,RandomKFold,4,982,random_fold,1.175824227502552,1.059818777242755
GradientBoosting,RandomKFold,4,987,random_fold,1.1488646954391268,1.0313997888302497
GradientBoosting,RandomKFold,4,988,random_fold,0.995856243256187,0.972856554493779
GradientBoosting,RandomKFold,4,989,random_fold,1.2068959920925233,1.0818111557711958
GradientBoosting,RandomKFold,4,994,random_fold,0.970219450341709,0.9769621023883415
GradientBoosting,RandomKFold,4,999,random_fold,1.0316400313176437,1.0342011178141401
GradientBoosting,RandomKFold,4,1047,random_fold,1.0286099799256727,1.0445164456979594
GradientBoosting,RandomKFold,4,1067,random_fold,0.9986497979056462,0.9549782086474522
GradientBoosting,RandomKFold,4,1077,random_fold,1.1120537623900697,1.076123800753697
GradientBoosting,RandomKFold,4,1078,random_fold,0.9745069526860598,1.0397430531579739
GradientBoosting,RandomKFold,4,1096,random_fold,1.0721243498738824,1.0978346755084198
GradientBoosting,RandomKFold,4,1099,random_fold,1.0340676043623929,1.0705261045760301
GradientBoosting,RandomKFold,4,1117,random_fold,0.9498289887979507,1.1026302746984022
GradientBoosting,RandomKFold,4,1131,random_fold,1.3850144700222473,1.2749111939527207
GradientBoosting,RandomKFold,4,1139,random_fold,1.0611065431023565,1.1515468066031787
GradientBoosting,RandomKFold,4,1140,random_fold,1.1265716552931702,1.0378382486393387
GradientBoosting,RandomKFold,4,1157,random_fold,1.2177199842411268,1.1793362408600265
GradientBoosting,RandomKFold,4,1163,random_fold,1.201363899452847,1.134543937469479
GradientBoosting,RandomKFold,4,1166,random_fold,1.1492705924126416,1.0620236815737376
GradientBoosting,RandomKFold,4,1172,random_fold,1.0102026650026907,1.070826566142627
GradientBoosting,RandomKFold,4,1182,random_fold,1.3041326362828491,1.2131550609433814
GradientBoosting,RandomKFold,4,1183,random_fold,1.1439628464001368,1.1666274209350807
GradientBoosting,RandomKFold,4,1185,random_fold,1.0121392730133485,1.0213122175204734
GradientBoosting,RandomKFold,4,1197,random_fold,1.0678072880494998,1.1312724933962477
GradientBoosting,RandomKFold,4,1198,random_fold,0.9715805561173878,1.1219894476909218
GradientBoosting,RandomKFold,4,1205,random_fold,1.0673330704541268,1.100969797039758
GradientBoosting,RandomKFold,4,1206,random_fold,1.0353921611104167,1.0053445839038062
GradientBoosting,RandomKFold,4,1221,random_fold,1.1793810571282626,1.2492790865379895
GradientBoosting,RandomKFold,4,1223,random_fold,1.3590383285412608,1.257874515347664
GradientBoosting,RandomKFold,4,1229,random_fold,1.3248671589135808,1.293456378265126
GradientBoosting,RandomKFold,4,1230,random_fold,1.2727062614032296,1.2807419592981264
GradientBoosting,RandomKFold,4,1248,random_fold,0.9553396291415502,0.9741947765559996
GradientBoosting,RandomKFold,4,1268,random_fold,1.1924214709911969,1.1920017146249944
GradientBoosting,RandomKFold,4,1284,random_fold,1.3336304167933815,1.2701527878723264
GradientBoosting,RandomKFold,4,1298,random_fold,1.2483737925091278,1.1307022672439624
GradientBoosting,RandomKFold,4,1299,random_fold,1.3448064616352342,1.1760952048334132
GradientBoosting,RandomKFold,4,1301,random_fold,1.4805381618930584,1.5881586131611878
GradientBoosting,RandomKFold,4,1306,random_fold,1.3160703380322636,1.3643709317424586
GradientBoosting,RandomKFold,4,1308,random_fold,1.4492314829171709,1.3926378002461077
GradientBoosting,RandomKFold,5,9,random_fold,1.4252952195204207,1.4112630885652713
GradientBoosting,RandomKFold,5,33,random_fold,1.5107069736868897,1.422595875555834
GradientBoosting,RandomKFold,5,45,random_fold,1.483765484022838,1.3921895924031547
GradientBoosting,RandomKFold,5,60,random_fold,1.2824258481419177,1.2623443359228073
GradientBoosting,RandomKFold,5,62,random_fold,1.1531759249761522,1.2013586360484236
GradientBoosting,RandomKFold,5,71,random_fold,1.4175969345181723,1.362150059355455
GradientBoosting,RandomKFold,5,72,random_fold,1.3740815622661384,1.362150059355455
GradientBoosting,RandomKFold,5,77,random_fold,1.2681142042166427,1.3431556263931534
GradientBoosting,RandomKFold,5,80,random_fold,1.4120233684283932,1.4357717384566975
GradientBoosting,RandomKFold,5,82,random_fold,1.4848067035710006,1.4655232100741578
GradientBoosting,RandomKFold,5,84,random_fold,1.375972704356372,1.4655232100741578
GradientBoosting,RandomKFold,5,92,random_fold,1.1354084529932944,1.1656385682763992
GradientBoosting,RandomKFold,5,94,random_fold,1.2278254200973997,1.160113772671264
GradientBoosting,RandomKFold,5,97,random_fold,1.6000771595909171,1.4442961164446904
GradientBoosting,RandomKFold,5,104,random_fold,1.33539573292194,1.3754918548312174
GradientBoosting,RandomKFold,5,110,random_fold,1.3256987893635834,1.2854506939958292
GradientBoosting,RandomKFold,5,118,random_fold,1.2726146663911664,1.2949681534998778
GradientBoosting,RandomKFold,5,120,random_fold,1.6240942634659334,1.4631232850473213
GradientBoosting,RandomKFold,5,137,random_fold,1.0472134869247998,1.157788966434817
GradientBoosting,RandomKFold,5,144,random_fold,0.9408964874737726,0.9632186574196929
GradientBoosting,RandomKFold,5,145,random_fold,1.1624650166329116,1.107055619188728
GradientBoosting,RandomKFold,5,165,random_fold,1.0503718004141738,1.0671736971719208
GradientBoosting,RandomKFold,5,177,random_fold,1.3128540515404687,1.3134231586972849
GradientBoosting,RandomKFold,5,182,random_fold,1.2193262628314903,1.227517686146276
GradientBoosting,RandomKFold,5,183,random_fold,1.2060088386559635,1.227517686146276
GradientBoosting,RandomKFold,5,194,random_fold,1.5996384909229053,1.3842172116256124
GradientBoosting,RandomKFold,5,204,random_fold,1.3129180568478147,1.2338471873915238
GradientBoosting,RandomKFold,5,213,random_fold,1.1670230583726138,1.1245724148129173
GradientBoosting,RandomKFold,5,223,random_fold,1.2133644852363266,1.2674677377238779
GradientBoosting,RandomKFold,5,235,random_fold,1.1240692396897045,1.1621648857102764
GradientBoosting,RandomKFold,5,238,random_fold,1.0839659960653538,1.0935519833205836
GradientBoosting,RandomKFold,5,248,random_fold,1.1281291950782302,1.1570984143182346
GradientBoosting,RandomKFold,5,249,random_fold,1.2008958389819084,1.1704072839207782
GradientBoosting,RandomKFold,5,250,random_fold,1.2353855303226169,1.2128125122684679
GradientBoosting,RandomKFold,5,255,random_fold,1.2418476497794892,1.2064174016469047
GradientBoosting,RandomKFold,5,280,random_fold,1.0769816123297524,1.0981214991501775
GradientBoosting,RandomKFold,5,281,random_fold,1.1257407180116425,1.0981214991501775
GradientBoosting,RandomKFold,5,302,random_fold,1.2175168088019963,1.1982228595737772
GradientBoosting,RandomKFold,5,305,random_fold,1.2243899371891955,1.216894863219938
GradientBoosting,RandomKFold,5,307,random_fold,1.2139187167349488,1.1605361444498439
GradientBoosting,RandomKFold,5,334,random_fold,1.2682445144448073,1.2287609250992262
GradientBoosting,RandomKFold,5,359,random_fold,1.1426382828215833,1.1439810021889674
GradientBoosting,RandomKFold,5,373,random_fold,1.4590225375244026,1.3431558774591144
GradientBoosting,RandomKFold,5,388,random_fold,1.3438725632484756,1.257190960686797
GradientBoosting,RandomKFold,5,389,random_fold,1.2257063169875246,1.253158089806145
GradientBoosting,RandomKFold,5,404,random_fold,1.1257407180116425,1.0981214991501775
GradientBoosting,RandomKFold,5,436,random_fold,1.1837321055556502,1.214899656473323
GradientBoosting,RandomKFold,5,445,random_fold,1.094780679517756,1.1515622535986396
GradientBoosting,RandomKFold,5,448,random_fold,1.2437399821086135,1.2445158262777583
GradientBoosting,RandomKFold,5,449,random_fold,1.2577319063356134,1.3010711039398728
GradientBoosting,RandomKFold,5,457,random_fold,1.1855044785086055,1.2105598391813608
GradientBoosting,RandomKFold,5,460,random_fold,1.299020194398419,1.2445158262777583
GradientBoosting,RandomKFold,5,465,random_fold,1.1250605898685158,1.187641510621915
GradientBoosting,RandomKFold,5,480,random_fold,1.2300282858041112,1.272064808442859
GradientBoosting,RandomKFold,5,501,random_fold,1.0516109537673108,1.0838936195704678
GradientBoosting,RandomKFold,5,519,random_fold,1.4737078098499086,1.3933396316106301
GradientBoosting,RandomKFold,5,523,random_fold,1.4602452591610375,1.221065363680538
GradientBoosting,RandomKFold,5,533,random_fold,1.1703975528389767,1.158229491908389
GradientBoosting,RandomKFold,5,539,random_fold,1.1234142745770122,1.0675664117910877
GradientBoosting,RandomKFold,5,541,random_fold,1.2168271823181187,1.2019010426997385
GradientBoosting,RandomKFold,5,545,random_fold,1.2216366617289183,1.2298641434713125
GradientBoosting,RandomKFold,5,548,random_fold,1.2657307970870473,1.1927321006993175
GradientBoosting,RandomKFold,5,557,random_fold,1.212461976536215,1.168273781104196
GradientBoosting,RandomKFold,5,585,random_fold,1.0973071033105124,1.1038578180861065
GradientBoosting,RandomKFold,5,591,random_fold,1.1179292663043983,1.116721028413028
GradientBoosting,RandomKFold,5,593,random_fold,1.1083054834975656,1.0855361802653831
GradientBoosting,RandomKFold,5,596,random_fold,1.1104141617106007,1.1038578180861065
GradientBoosting,RandomKFold,5,609,random_fold,1.2096830310287026,1.3990243806125309
GradientBoosting,RandomKFold,5,622,random_fold,1.3453508784579917,1.3136214612409467
GradientBoosting,RandomKFold,5,643,random_fold,1.3357650442006035,1.2113899446780423
GradientBoosting,RandomKFold,5,650,random_fold,1.212706933739826,1.2608251489547084
GradientBoosting,RandomKFold,5,660,random_fold,1.458792166328811,1.2474715066047248
GradientBoosting,RandomKFold,5,666,random_fold,1.5184172955589565,1.324705206592881
GradientBoosting,RandomKFold,5,673,random_fold,1.32021833450372,1.1780694944726213
GradientBoosting,RandomKFold,5,678,random_fold,1.0213662786029911,1.0836072445157865
GradientBoosting,RandomKFold,5,679,random_fold,1.0605662066642707,1.1079309261020338
GradientBoosting,RandomKFold,5,700,random_fold,0.9167472922833516,0.9877891201315807
GradientBoosting,RandomKFold,5,706,random_fold,1.1371215663950138,1.0885556088011996
GradientBoosting,RandomKFold,5,712,random_fold,0.9756042909375217,1.0494040729378311
GradientBoosting,RandomKFold,5,714,random_fold,0.9721328583393922,1.046013044222541
GradientBoosting,RandomKFold,5,730,random_fold,1.0168033987375615,1.0621522085199773
GradientBoosting,RandomKFold,5,764,random_fold,1.0840452992502785,1.0710126858713969
GradientBoosting,RandomKFold,5,781,random_fold,1.1470667064816837,1.09669979899094
GradientBoosting,RandomKFold,5,806,random_fold,0.9548260673473076,0.9672216748033784
GradientBoosting,RandomKFold,5,845,random_fold,1.1206151496013752,1.0609025393331368
GradientBoosting,RandomKFold,5,848,random_fold,1.0682404704488726,1.053736287096826
GradientBoosting,RandomKFold,5,857,random_fold,1.0379847751848825,1.0674956893087522
GradientBoosting,RandomKFold,5,861,random_fold,1.0298317805372306,1.0660121403963518
GradientBoosting,RandomKFold,5,864,random_fold,0.9073027741064279,1.0348849122285122
GradientBoosting,RandomKFold,5,887,random_fold,1.030780962624438,1.0316292814469752
GradientBoosting,RandomKFold,5,917,random_fold,1.1416032529561655,1.1296013302137344
GradientBoosting,RandomKFold,5,919,random_fold,1.11255431481568,1.1255774773367397
GradientBoosting,RandomKFold,5,923,random_fold,1.1889335540316859,1.1255774773367397
GradientBoosting,RandomKFold,5,924,random_fold,0.9592940346185056,1.004202336455983
GradientBoosting,RandomKFold,5,925,random_fold,1.0914174248629913,1.0140683050503019
GradientBoosting,RandomKFold,5,932,random_fold,1.0388996091509042,1.0132159329083126
GradientBoosting,RandomKFold,5,952,random_fold,0.965620236434533,1.0376627538992622
GradientBoosting,RandomKFold,5,962,random_fold,1.0840685658773344,1.0369870860464807
GradientBoosting,RandomKFold,5,968,random_fold,0.9858806293008935,1.0471903927692139
GradientBoosting,RandomKFold,5,969,random_fold,1.0282803824617435,0.9999289378810187
GradientBoosting,RandomKFold,5,977,random_fold,1.1989547931025648,1.0876709800628022
GradientBoosting,RandomKFold,5,978,random_fold,1.0685217091331127,1.081232464651238
GradientBoosting,RandomKFold,5,985,random_fold,0.9739538544211528,1.0287500429212166
GradientBoosting,RandomKFold,5,986,random_fold,0.9850855413826058,1.0216112032822176
GradientBoosting,RandomKFold,5,1000,random_fold,0.9813505409457434,1.0599654509128793
GradientBoosting,RandomKFold,5,1022,random_fold,1.0586427111666792,1.067880965070237
GradientBoosting,RandomKFold,5,1054,random_fold,1.092761539287399,1.089039993498717
GradientBoosting,RandomKFold,5,1058,random_fold,1.189501517291459,1.0650209583716113
GradientBoosting,RandomKFold,5,1069,random_fold,1.0397770030296816,0.9406086255311894
GradientBoosting,RandomKFold,5,1070,random_fold,1.085038340528937,1.1053540982692909
GradientBoosting,RandomKFold,5,1080,random_fold,1.1010472395690756,0.9888135841346792
GradientBoosting,RandomKFold,5,1081,random_fold,1.225138376683646,1.0950262061880656
GradientBoosting,RandomKFold,5,1097,random_fold,1.0727233020246498,1.0930555333685712
GradientBoosting,RandomKFold,5,1124,random_fold,1.0755686525440171,1.039439581908417
GradientBoosting,RandomKFold,5,1135,random_fold,1.2084578394434637,1.2346850838323504
GradientBoosting,RandomKFold,5,1148,random_fold,1.1780991161155296,1.1937911313603342
GradientBoosting,RandomKFold,5,1155,random_fold,1.1906936635201972,1.2000279443002984
GradientBoosting,RandomKFold,5,1156,random_fold,1.3287419115266383,1.2000279443002984
GradientBoosting,RandomKFold,5,1165,random_fold,1.1515242070091873,1.1226573493164635
GradientBoosting,RandomKFold,5,1176,random_fold,1.1859206173745473,1.2050549353572149
GradientBoosting,RandomKFold,5,1191,random_fold,1.2883246413813407,1.2160666793548154
GradientBoosting,RandomKFold,5,1210,random_fold,1.0631806389529381,1.1006798825521522
GradientBoosting,RandomKFold,5,1212,random_fold,0.9527641983415764,1.028845083816722
GradientBoosting,RandomKFold,5,1228,random_fold,1.2968000682410465,1.3006876664000484
GradientBoosting,RandomKFold,5,1255,random_fold,1.035748608751493,1.0294996520126893
GradientBoosting,RandomKFold,5,1262,random_fold,0.9538377649384251,1.0050870803425058
GradientBoosting,RandomKFold,5,1266,random_fold,1.2355319912662999,1.2359464470676504
GradientBoosting,RandomKFold,5,1269,random_fold,1.1955563918570484,1.1843655313659647
GradientBoosting,RandomKFold,5,1278,random_fold,1.09245338928527,1.1852528551519754
GradientBoosting,RandomKFold,5,1281,random_fold,1.2916893734385226,1.2809852176505814
GradientBoosting,RandomKFold,5,1297,random_fold,1.2449377557454981,1.146354176654228
GradientBoosting,RandomKFold,5,1315,random_fold,1.4696556798213947,1.3934648621943453
GradientBoosting,RandomKFold,6,0,random_fold,1.3545719757695995,1.3148732446899478
GradientBoosting,RandomKFold,6,7,random_fold,1.3725142300680981,1.2842193582043908
GradientBoosting,RandomKFold,6,24,random_fold,1.6356327158958393,1.440903016382001
GradientBoosting,RandomKFold,6,28,random_fold,1.3421211390482404,1.3064598883266172
GradientBoosting,RandomKFold,6,38,random_fold,1.2518288372578938,1.2096043447344642
GradientBoosting,RandomKFold,6,41,random_fold,1.536384619900033,1.3753660050270426
GradientBoosting,RandomKFold,6,69,random_fold,1.0015566608923805,1.1483433175646809
GradientBoosting,RandomKFold,6,73,random_fold,1.2105569921385566,1.2699802923548615
GradientBoosting,RandomKFold,6,79,random_fold,1.4528332923714102,1.4175561026616763
GradientBoosting,RandomKFold,6,90,random_fold,1.620849202589286,1.437801893665127
GradientBoosting,RandomKFold,6,108,random_fold,1.1414339090699477,1.215329614237528
GradientBoosting,RandomKFold,6,125,random_fold,1.4224908184065779,1.3760735764327696
GradientBoosting,RandomKFold,6,131,random_fold,1.1632164140981103,1.1804134496796836
GradientBoosting,RandomKFold,6,132,random_fold,1.1991666858815992,1.0697235853819254
GradientBoosting,RandomKFold,6,133,random_fold,1.04398508662286,1.1173430625174403
GradientBoosting,RandomKFold,6,148,random_fold,1.107469549143329,1.1387453287342137
GradientBoosting,RandomKFold,6,162,random_fold,1.0807031661435151,1.0837163061398514
GradientBoosting,RandomKFold,6,164,random_fold,1.1142548528292844,1.110155100200794
GradientBoosting,RandomKFold,6,169,random_fold,1.0395391195333212,1.0400031251531505
GradientBoosting,RandomKFold,6,172,random_fold,0.9856830767426598,0.97876877038788
GradientBoosting,RandomKFold,6,173,random_fold,1.286486310423,1.3197640968387052
GradientBoosting,RandomKFold,6,181,random_fold,1.3110746711111705,1.2545271168332304
GradientBoosting,RandomKFold,6,185,random_fold,1.1882361240679107,1.2092022038555157
GradientBoosting,RandomKFold,6,193,random_fold,1.0922145091701283,1.1385314842050038
GradientBoosting,RandomKFold,6,212,random_fold,1.0578135988606152,1.1346592359484846
GradientBoosting,RandomKFold,6,214,random_fold,1.1048275365877536,1.1346592359484846
GradientBoosting,RandomKFold,6,226,random_fold,1.088953056461838,1.1038457246272684
GradientBoosting,RandomKFold,6,228,random_fold,1.0562450356984874,1.0864363456713901
GradientBoosting,RandomKFold,6,234,random_fold,1.1091183712584098,1.1729369816789905
GradientBoosting,RandomKFold,6,251,random_fold,1.0730584479748482,1.0675171928323512
GradientBoosting,RandomKFold,6,258,random_fold,1.0111810580343032,1.0841975374856871
GradientBoosting,RandomKFold,6,264,random_fold,1.0752462928972766,1.122886371057577
GradientBoosting,RandomKFold,6,300,random_fold,1.250094356066993,1.2089143144935734
GradientBoosting,RandomKFold,6,326,random_fold,1.1469339218412573,1.2977360119787427
GradientBoosting,RandomKFold,6,329,random_fold,1.0087307049043397,1.1327533348095609
GradientBoosting,RandomKFold,6,338,random_fold,1.3434511412160852,1.348838433357596
GradientBoosting,RandomKFold,6,347,random_fold,1.2786766813827724,1.255355829648058
GradientBoosting,RandomKFold,6,357,random_fold,1.0712085131381346,1.2190374747816222
GradientBoosting,RandomKFold,6,360,random_fold,1.2204093047324287,1.2699939413375794
GradientBoosting,RandomKFold,6,364,random_fold,1.3287666544027426,1.261157123866535
GradientBoosting,RandomKFold,6,366,random_fold,1.3834440469848879,1.310829340598877
GradientBoosting,RandomKFold,6,372,random_fold,1.307463933260314,1.3245434210924383
GradientBoosting,RandomKFold,6,383,random_fold,1.2672884252356018,1.282259577508481
GradientBoosting,RandomKFold,6,386,random_fold,1.2490609221562923,1.2860826541074726
GradientBoosting,RandomKFold,6,408,random_fold,1.0869105743635306,1.0917049883072871
GradientBoosting,RandomKFold,6,414,random_fold,1.200839968966233,1.1257185807391836
GradientBoosting,RandomKFold,6,421,random_fold,1.143938834802967,1.1034383873122102
GradientBoosting,RandomKFold,6,440,random_fold,1.244275159310521,1.2291493127667261
GradientBoosting,RandomKFold,6,450,random_fold,1.1121276540275178,1.1983204218458927
GradientBoosting,RandomKFold,6,454,random_fold,1.2150073469027478,1.2330737419545936
GradientBoosting,RandomKFold,6,468,random_fold,1.2494831646191205,1.2380068556962254
GradientBoosting,RandomKFold,6,475,random_fold,1.1639612532058294,1.1927174160433878
GradientBoosting,RandomKFold,6,483,random_fold,1.097409187610453,1.1958796397302063
GradientBoosting,RandomKFold,6,491,random_fold,0.9842650644053778,1.0383948760367654
GradientBoosting,RandomKFold,6,495,random_fold,1.1680967901425083,1.165596741254583
GradientBoosting,RandomKFold,6,499,random_fold,1.0846139454825912,1.1003306515585518
GradientBoosting,RandomKFold,6,504,random_fold,1.2664978046053803,1.234628939337044
GradientBoosting,RandomKFold,6,507,random_fold,1.0614219390071202,1.0656177599486385
GradientBoosting,RandomKFold,6,516,random_fold,1.3991619939688698,1.3753292898560057
GradientBoosting,RandomKFold,6,518,random_fold,1.3377349217903196,1.3737820302960964
GradientBoosting,RandomKFold,6,525,random_fold,1.261950280076963,1.140174982084753
GradientBoosting,RandomKFold,6,530,random_fold,1.1455487199286842,1.1974590685843411
GradientBoosting,RandomKFold,6,531,random_fold,1.1156002980635482,1.1714616263375404
GradientBoosting,RandomKFold,6,568,random_fold,1.169989109233401,1.0659867979466207
GradientBoosting,RandomKFold,6,587,random_fold,1.0720181076632134,1.0686600385154277
GradientBoosting,RandomKFold,6,652,random_fold,1.3569351531659213,1.2227332422068546
GradientBoosting,RandomKFold,6,657,random_fold,1.0294808161480307,1.3366803412071748
GradientBoosting,RandomKFold,6,671,random_fold,1.3556201734388373,1.2587784538827307
GradientBoosting,RandomKFold,6,672,random_fold,1.305064619754932,1.2764648840704487
GradientBoosting,RandomKFold,6,692,random_fold,1.0192749456133143,0.9997453936240077
GradientBoosting,RandomKFold,6,704,random_fold,1.0208279872998902,1.063365863350306
GradientBoosting,RandomKFold,6,711,random_fold,1.025037102173695,1.074829726223998
GradientBoosting,RandomKFold,6,713,random_fold,1.0187432561830583,1.0624104204984706
GradientBoosting,RandomKFold,6,715,random_fold,0.9375664445830088,1.059832206478453
GradientBoosting,RandomKFold,6,717,random_fold,1.014571862655111,1.085460862031971
GradientBoosting,RandomKFold,6,732,random_fold,1.1658421700897874,1.1126967495830686
GradientBoosting,RandomKFold,6,734,random_fold,1.178233226761944,1.1023949935486197
GradientBoosting,RandomKFold,6,765,random_fold,1.1024571061792323,1.1052080043308978
GradientBoosting,RandomKFold,6,772,random_fold,1.0060780212179845,1.091901507175254
GradientBoosting,RandomKFold,6,783,random_fold,1.0269803115082223,1.0125235670764863
GradientBoosting,RandomKFold,6,793,random_fold,0.9811458485379492,1.036741006292646
GradientBoosting,RandomKFold,6,807,random_fold,0.9652392606034879,0.9716157327376944
GradientBoosting,RandomKFold,6,811,random_fold,1.1102016641673793,1.0266482858985642
GradientBoosting,RandomKFold,6,820,random_fold,0.9634333717368522,1.0342113789330005
GradientBoosting,RandomKFold,6,826,random_fold,0.9411324124276237,1.0408877818120799
GradientBoosting,RandomKFold,6,850,random_fold,1.0519693298913266,1.0697751034206038
GradientBoosting,RandomKFold,6,859,random_fold,1.03016990286554,0.9899490321544336
GradientBoosting,RandomKFold,6,886,random_fold,1.032129114784921,1.039212879493056
GradientBoosting,RandomKFold,6,888,random_fold,1.0789717632003233,1.044552623140281
GradientBoosting,RandomKFold,6,890,random_fold,0.9791720208339967,0.9906774108832977
GradientBoosting,RandomKFold,6,909,random_fold,1.1342010173952362,1.0836794062946096
GradientBoosting,RandomKFold,6,911,random_fold,0.9725536011753673,1.0143879238605855
GradientBoosting,RandomKFold,6,912,random_fold,0.9461037829982124,1.0143879238605855
GradientBoosting,RandomKFold,6,918,random_fold,1.1626380801722234,1.1349064289447626
GradientBoosting,RandomKFold,6,936,random_fold,0.993252096725488,1.0067207579807862
GradientBoosting,RandomKFold,6,939,random_fold,1.0366440172152274,1.0273061218267394
GradientBoosting,RandomKFold,6,940,random_fold,1.0214433304696096,1.0273061218267394
GradientBoosting,RandomKFold,6,941,random_fold,0.9539691075663137,0.9998597043063356
GradientBoosting,RandomKFold,6,942,random_fold,0.9587474569462622,0.9998597043063356
GradientBoosting,RandomKFold,6,945,random_fold,0.9752373220185467,1.0136626626762593
GradientBoosting,RandomKFold,6,949,random_fold,1.0943557382859803,1.0073752422788642
GradientBoosting,RandomKFold,6,990,random_fold,1.057035147624445,1.0929494390120063
GradientBoosting,RandomKFold,6,1001,random_fold,1.061843818670139,1.0477557063575587
GradientBoosting,RandomKFold,6,1008,random_fold,0.9526428798642774,1.0522001924503532
GradientBoosting,RandomKFold,6,1009,random_fold,0.9919510259607753,1.044352290060298
GradientBoosting,RandomKFold,6,1023,random_fold,1.0685351660895612,1.087962277219568
GradientBoosting,RandomKFold,6,1026,random_fold,1.0661003107829379,1.0002051059850905
GradientBoosting,RandomKFold,6,1039,random_fold,1.0332914360106042,1.1137427473886028
GradientBoosting,RandomKFold,6,1061,random_fold,1.0736011274166646,1.0762515062479974
GradientBoosting,RandomKFold,6,1063,random_fold,0.9704050533840679,1.0311779664107124
GradientBoosting,RandomKFold,6,1074,random_fold,1.0756310351027727,1.0858743380904932
GradientBoosting,RandomKFold,6,1083,random_fold,1.1117531732571484,1.0960004361735065
GradientBoosting,RandomKFold,6,1090,random_fold,1.0746685761783692,1.1038125683033246
GradientBoosting,RandomKFold,6,1103,random_fold,1.1069890238910214,1.1701600144245567
GradientBoosting,RandomKFold,6,1105,random_fold,0.9923366351292071,1.0435310514634468
GradientBoosting,RandomKFold,6,1114,random_fold,0.925326410066718,0.9411347049674923
GradientBoosting,RandomKFold,6,1116,random_fold,0.8377371765066377,0.9038141264905232
GradientBoosting,RandomKFold,6,1143,random_fold,1.0980070627433665,1.0450566961435317
GradientBoosting,RandomKFold,6,1158,random_fold,1.3477910529547756,1.2366085987423139
GradientBoosting,RandomKFold,6,1171,random_fold,1.087347257855018,1.0522988947725713
GradientBoosting,RandomKFold,6,1193,random_fold,1.1592896000500184,1.1405957018508874
GradientBoosting,RandomKFold,6,1202,random_fold,1.0462743926616123,1.1389393682919466
GradientBoosting,RandomKFold,6,1208,random_fold,1.0039855380899558,1.087272472641784
GradientBoosting,RandomKFold,6,1225,random_fold,1.3379293134408992,1.254730824967188
GradientBoosting,RandomKFold,6,1244,random_fold,0.909388460644713,0.9831041351342458
GradientBoosting,RandomKFold,6,1251,random_fold,0.9071073459946644,0.9517520438427794
GradientBoosting,RandomKFold,6,1253,random_fold,1.0847931967159354,1.111303464652567
GradientBoosting,RandomKFold,6,1265,random_fold,1.1779023413012728,1.0875858481806857
GradientBoosting,RandomKFold,6,1272,random_fold,1.1852436392627124,1.199912226575147
GradientBoosting,RandomKFold,6,1286,random_fold,1.295253040402869,1.2971174850771936
GradientBoosting,RandomKFold,6,1289,random_fold,1.23632053112742,1.2553177629081926
GradientBoosting,RandomKFold,6,1309,random_fold,1.673702401061257,1.4576046053285632
GradientBoosting,RandomKFold,7,11,random_fold,1.4674536778591962,1.3960404265689377
GradientBoosting,RandomKFold,7,15,random_fold,1.0826183073485136,1.2881203631200335
GradientBoosting,RandomKFold,7,18,random_fold,1.6319317139012608,1.34905779899707
GradientBoosting,RandomKFold,7,22,random_fold,1.4921691275343623,1.442897253162678
GradientBoosting,RandomKFold,7,36,random_fold,1.492578490002647,1.4291422484541105
GradientBoosting,RandomKFold,7,42,random_fold,1.3421211390482404,1.321637993279615
GradientBoosting,RandomKFold,7,61,random_fold,1.1799450202643293,1.273028169004497
GradientBoosting,RandomKFold,7,68,random_fold,1.0902659651428483,1.0802954806775744
GradientBoosting,RandomKFold,7,74,random_fold,1.1244653966855374,1.2868596908290058
GradientBoosting,RandomKFold,7,75,random_fold,1.1417780689269297,1.2672632584360715
GradientBoosting,RandomKFold,7,85,random_fold,1.6091884169591473,1.4403934918567187
GradientBoosting,RandomKFold,7,89,random_fold,1.5858668456988698,1.448923102460738
GradientBoosting,RandomKFold,7,93,random_fold,1.1335223924401494,1.1683318688977393
GradientBoosting,RandomKFold,7,99,random_fold,1.1745460180645266,1.3278674502729721
GradientBoosting,RandomKFold,7,114,random_fold,1.1625214289484154,1.199410504575629
GradientBoosting,RandomKFold,7,153,random_fold,1.2821536664107218,1.2698371750740902
GradientBoosting,RandomKFold,7,159,random_fold,1.1906178718264686,1.1208361332669277
GradientBoosting,RandomKFold,7,167,random_fold,1.1204789660010195,1.0329616074414647
GradientBoosting,RandomKFold,7,176,random_fold,1.2941569931453976,1.2750952791820158
GradientBoosting,RandomKFold,7,179,random_fold,1.1713924116936274,1.2732860283656633
GradientBoosting,RandomKFold,7,191,random_fold,1.0689531316442664,1.2048153845829919
GradientBoosting,RandomKFold,7,203,random_fold,1.1335926637173817,1.2466651203208607
GradientBoosting,RandomKFold,7,217,random_fold,0.9199068249691795,1.0491806542835733
GradientBoosting,RandomKFold,7,222,random_fold,1.2089867420544758,1.278025151569517
GradientBoosting,RandomKFold,7,232,random_fold,1.1760745433758346,1.1860359096198767
GradientBoosting,RandomKFold,7,257,random_fold,1.3374921789478076,1.2550309579997838
GradientBoosting,RandomKFold,7,267,random_fold,1.0591913268808757,1.120930760405681
GradientBoosting,RandomKFold,7,272,random_fold,1.194274003208953,1.2914596514834786
GradientBoosting,RandomKFold,7,278,random_fold,1.1764299135533505,1.1263744710803176
GradientBoosting,RandomKFold,7,284,random_fold,1.0361031902781668,1.0716451179555173
GradientBoosting,RandomKFold,7,324,random_fold,0.9339257495170827,1.0857314815933958
GradientBoosting,RandomKFold,7,335,random_fold,1.2631163095652482,1.2169760379024022
GradientBoosting,RandomKFold,7,340,random_fold,1.4131294140157122,1.3328471012237524
GradientBoosting,RandomKFold,7,356,random_fold,1.220907275112158,1.2554404740562084
GradientBoosting,RandomKFold,7,368,random_fold,1.2343448087834648,1.260092860044245
GradientBoosting,RandomKFold,7,375,random_fold,1.2098260052479615,1.2782431144118602
GradientBoosting,RandomKFold,7,393,random_fold,1.2673463190737095,1.2671769100016825
GradientBoosting,RandomKFold,7,395,random_fold,1.2823788993562046,1.3052001174086996
GradientBoosting,RandomKFold,7,396,random_fold,1.235038553303725,1.3037069168042053
GradientBoosting,RandomKFold,7,412,random_fold,1.1633442640197864,1.1577225747414206
GradientBoosting,RandomKFold,7,416,random_fold,1.209479105433616,1.1313412100840339
GradientBoosting,RandomKFold,7,417,random_fold,1.108420440267482,1.121976854010025
GradientBoosting,RandomKFold,7,419,random_fold,1.0705333436865083,1.121976854010025
GradientBoosting,RandomKFold,7,426,random_fold,1.2950278181808799,1.2038544539910951
GradientBoosting,RandomKFold,7,431,random_fold,1.1932738406000005,1.1766829216773371
GradientBoosting,RandomKFold,7,434,random_fold,1.1383551696124758,1.1737405385490542
GradientBoosting,RandomKFold,7,444,random_fold,1.0980365335263236,1.0979235286159232
GradientBoosting,RandomKFold,7,456,random_fold,1.198140263818663,1.1973642038288559
GradientBoosting,RandomKFold,7,498,random_fold,1.0616452868758604,1.150102394964952
GradientBoosting,RandomKFold,7,500,random_fold,1.0813816522675768,1.0834938277770099
GradientBoosting,RandomKFold,7,515,random_fold,1.4154313194801356,1.391541631043799
GradientBoosting,RandomKFold,7,521,random_fold,1.4600404038278534,1.385452338157357
GradientBoosting,RandomKFold,7,544,random_fold,1.2679319917387057,1.2407276163721817
GradientBoosting,RandomKFold,7,547,random_fold,1.2313271775294552,1.2151568005775455
GradientBoosting,RandomKFold,7,555,random_fold,1.24744725501182,1.2700606214017875
GradientBoosting,RandomKFold,7,576,random_fold,1.419519117076611,1.3738817426656227
GradientBoosting,RandomKFold,7,595,random_fold,1.1121008667663637,1.0993517148398948
GradientBoosting,RandomKFold,7,601,random_fold,1.4600404038278534,1.385452338157357
GradientBoosting,RandomKFold,7,604,random_fold,1.3597925128136246,1.3122257936466377
GradientBoosting,RandomKFold,7,607,random_fold,1.2913700832474397,1.3056103164848873
GradientBoosting,RandomKFold,7,611,random_fold,1.4530112728655133,1.3678910527795618
GradientBoosting,RandomKFold,7,616,random_fold,1.290747621841903,1.274030585220792
GradientBoosting,RandomKFold,7,662,random_fold,1.271291189652216,1.3563926865447644
GradientBoosting,RandomKFold,7,674,random_fold,1.06953698397908,1.0979841303566917
GradientBoosting,RandomKFold,7,675,random_fold,1.0716465243814055,1.0979841303566917
GradientBoosting,RandomKFold,7,688,random_fold,0.9595862668053858,0.9908429558081993
GradientBoosting,RandomKFold,7,689,random_fold,0.9884695799780571,0.9908429558081993
GradientBoosting,RandomKFold,7,690,random_fold,1.0401008214518896,0.9996057947411437
GradientBoosting,RandomKFold,7,694,random_fold,0.9972231171660454,0.9996057947411437
GradientBoosting,RandomKFold,7,696,random_fold,1.003832816207337,0.9996057947411437
GradientBoosting,RandomKFold,7,728,random_fold,1.0752776543097362,1.0930357529656256
GradientBoosting,RandomKFold,7,733,random_fold,1.1283652605741799,1.1089151918381286
GradientBoosting,RandomKFold,7,735,random_fold,1.0525255794086772,1.0744821169146521
GradientBoosting,RandomKFold,7,738,random_fold,1.1062335799398673,1.059574788636395
GradientBoosting,RandomKFold,7,753,random_fold,1.0530510315036463,1.0726787886368128
GradientBoosting,RandomKFold,7,757,random_fold,1.0887674041182602,1.1026031697073202
GradientBoosting,RandomKFold,7,760,random_fold,0.9619250510688471,1.0585481375917503
GradientBoosting,RandomKFold,7,761,random_fold,1.078542207069355,1.0997636574250411
GradientBoosting,RandomKFold,7,768,random_fold,1.021949623879001,1.0770060648626332
GradientBoosting,RandomKFold,7,825,random_fold,1.1329344052767332,1.0421848025081686
GradientBoosting,RandomKFold,7,834,random_fold,1.0196320492867985,1.0744821169146521
GradientBoosting,RandomKFold,7,836,random_fold,1.0407980809427315,1.059574788636395
GradientBoosting,RandomKFold,7,841,random_fold,1.1585624934929537,1.1617372940709585
GradientBoosting,RandomKFold,7,851,random_fold,1.0970795069878672,1.0550638312644118
GradientBoosting,RandomKFold,7,895,random_fold,1.1978827880874945,1.0374483551054905
GradientBoosting,RandomKFold,7,901,random_fold,0.9636221469263134,1.0097414360839725
GradientBoosting,RandomKFold,7,914,random_fold,0.9597213367058176,1.0106704790038545
GradientBoosting,RandomKFold,7,937,random_fold,1.0676667540270077,0.998811060195958
GradientBoosting,RandomKFold,7,938,random_fold,0.9453792685496535,0.9688989621667367
GradientBoosting,RandomKFold,7,948,random_fold,0.9698420449722289,0.9651136341544658
GradientBoosting,RandomKFold,7,953,random_fold,0.9018372812243303,0.998459136764845
GradientBoosting,RandomKFold,7,966,random_fold,0.9123369894648089,0.9240902235450942
GradientBoosting,RandomKFold,7,976,random_fold,0.936394006549135,1.0080525186910685
GradientBoosting,RandomKFold,7,983,random_fold,1.0028090731484485,1.0531231930786087
GradientBoosting,RandomKFold,7,991,random_fold,1.1043971509346107,1.072786828457279
GradientBoosting,RandomKFold,7,996,random_fold,1.1357362568025868,1.0525446627627302
GradientBoosting,RandomKFold,7,1003,random_fold,0.9992604592196085,1.043891627994022
GradientBoosting,RandomKFold,7,1011,random_fold,1.027009289900049,1.0100265660105365
GradientBoosting,RandomKFold,7,1027,random_fold,0.9387652448379797,0.9871053080404026
GradientBoosting,RandomKFold,7,1029,random_fold,1.0112049579971234,1.0106773055695883
GradientBoosting,RandomKFold,7,1036,random_fold,1.117845512414363,1.0910836784125413
GradientBoosting,RandomKFold,7,1048,random_fold,1.0693082049751925,1.0486248137518182
GradientBoosting,RandomKFold,7,1050,random_fold,1.2221632272477025,1.0566957423535581
GradientBoosting,RandomKFold,7,1053,random_fold,1.1919078539727965,1.0685247762625418
GradientBoosting,RandomKFold,7,1062,random_fold,0.969207057455586,1.0204346408913996
GradientBoosting,RandomKFold,7,1066,random_fold,0.8387217321114282,1.0174898333513913
GradientBoosting,RandomKFold,7,1073,random_fold,1.0955063337593287,1.0932590073834993
GradientBoosting,RandomKFold,7,1094,random_fold,1.1217744716652154,1.0874001305090453
GradientBoosting,RandomKFold,7,1111,random_fold,1.0226716272060077,1.0836892341107385
GradientBoosting,RandomKFold,7,1119,random_fold,1.0088207083234033,1.0940711158181764
GradientBoosting,RandomKFold,7,1121,random_fold,0.8984704650298727,0.947922196195023
GradientBoosting,RandomKFold,7,1145,random_fold,0.956328732066803,1.0575563354894102
GradientBoosting,RandomKFold,7,1149,random_fold,1.2425629198117052,1.1409123943558173
GradientBoosting,RandomKFold,7,1150,random_fold,1.1950105950934535,1.1409123943558173
GradientBoosting,RandomKFold,7,1159,random_fold,1.1091406115462894,1.1140988376600025
GradientBoosting,RandomKFold,7,1161,random_fold,0.8642582113774562,1.1140988376600025
GradientBoosting,RandomKFold,7,1170,random_fold,1.0379655867083115,1.09598111061772
GradientBoosting,RandomKFold,7,1201,random_fold,1.1073420862539893,1.1393201375100508
GradientBoosting,RandomKFold,7,1211,random_fold,1.1145638976781345,1.1267825689909434
GradientBoosting,RandomKFold,7,1219,random_fold,1.2213641571992742,1.265454010026692
GradientBoosting,RandomKFold,7,1232,random_fold,1.2416090164603064,1.181089687267847
GradientBoosting,RandomKFold,7,1233,random_fold,1.2906003436943214,1.181089687267847
GradientBoosting,RandomKFold,7,1236,random_fold,1.2598848117446926,1.2773702422260151
GradientBoosting,RandomKFold,7,1237,random_fold,1.2577969075705766,1.2773702422260151
GradientBoosting,RandomKFold,7,1256,random_fold,0.9602399654990533,1.0039264510832784
GradientBoosting,RandomKFold,7,1259,random_fold,1.1465924174971283,1.099996148549553
GradientBoosting,RandomKFold,7,1276,random_fold,1.1197725642725351,1.083438016058029
GradientBoosting,RandomKFold,7,1288,random_fold,1.2380719713391037,1.1768183615050967
GradientBoosting,RandomKFold,7,1295,random_fold,1.0637062917676785,1.026932918750016
GradientBoosting,RandomKFold,7,1310,random_fold,1.4504661804850634,1.3445244960494627
GradientBoosting,RandomKFold,7,1314,random_fold,1.3778941259096227,1.3071990037464718
GradientBoosting,RandomKFold,8,4,random_fold,1.1885006010953671,1.3283849115942539
GradientBoosting,RandomKFold,8,17,random_fold,1.1637753447505323,1.2635921967091421
GradientBoosting,RandomKFold,8,19,random_fold,1.3276641484172347,1.40163161587247
GradientBoosting,RandomKFold,8,35,random_fold,1.4381930389499191,1.4240057467268779
GradientBoosting,RandomKFold,8,46,random_fold,1.29369709898338,1.3146515263567562
GradientBoosting,RandomKFold,8,50,random_fold,1.4101486999859876,1.344010738919463
GradientBoosting,RandomKFold,8,52,random_fold,1.2737250118012968,1.344010738919463
GradientBoosting,RandomKFold,8,57,random_fold,1.237829191229898,1.2745948041204476
GradientBoosting,RandomKFold,8,102,random_fold,1.3409138971075678,1.3747328170426527
GradientBoosting,RandomKFold,8,105,random_fold,1.1903663852361177,1.2235124389359626
GradientBoosting,RandomKFold,8,116,random_fold,1.29099968277919,1.316639098983693
GradientBoosting,RandomKFold,8,117,random_fold,1.1099273964897634,1.0791290290591897
GradientBoosting,RandomKFold,8,119,random_fold,1.2151621017721754,1.2412819506825215
GradientBoosting,RandomKFold,8,124,random_fold,1.467514509626967,1.504947510382355
GradientBoosting,RandomKFold,8,126,random_fold,1.1912303239548843,1.3150852607259989
GradientBoosting,RandomKFold,8,127,random_fold,1.1855032550897164,1.3150852607259989
GradientBoosting,RandomKFold,8,142,random_fold,0.8931877807248213,0.9799238059483695
GradientBoosting,RandomKFold,8,149,random_fold,1.2810263872377974,1.1970164378679544
GradientBoosting,RandomKFold,8,154,random_fold,1.3385969464427043,1.256444557062811
GradientBoosting,RandomKFold,8,180,random_fold,1.2529089649586223,1.2555949250888194
GradientBoosting,RandomKFold,8,188,random_fold,1.413166849593796,1.3841578098892433
GradientBoosting,RandomKFold,8,190,random_fold,1.358950340257126,1.317730671259909
GradientBoosting,RandomKFold,8,195,random_fold,1.2349035942484818,1.2031266985112254
GradientBoosting,RandomKFold,8,236,random_fold,1.1527340236652242,1.1344361981616902
GradientBoosting,RandomKFold,8,245,random_fold,1.3121377067956377,1.2060069408001703
GradientBoosting,RandomKFold,8,263,random_fold,1.0706406990125703,1.1013029505867362
GradientBoosting,RandomKFold,8,268,random_fold,1.4747177354069476,1.2645230737555244
GradientBoosting,RandomKFold,8,271,random_fold,1.208662846621109,1.292618497867893
GradientBoosting,RandomKFold,8,301,random_fold,1.255615974247501,1.189175782446949
GradientBoosting,RandomKFold,8,304,random_fold,1.2126169570239147,1.1980039058216314
GradientBoosting,RandomKFold,8,313,random_fold,1.1670455196309601,1.1018991060649543
GradientBoosting,RandomKFold,8,320,random_fold,1.073027843573812,1.1180296292675806
GradientBoosting,RandomKFold,8,341,random_fold,1.4090014799922972,1.3295073328543705
GradientBoosting,RandomKFold,8,349,random_fold,1.3212615545224988,1.311772418460307
GradientBoosting,RandomKFold,8,353,random_fold,1.2269958514308963,1.2017686456695582
GradientBoosting,RandomKFold,8,369,random_fold,1.4019339057226425,1.3228770795534042
GradientBoosting,RandomKFold,8,399,random_fold,1.1456366091921784,1.1254875690587374
GradientBoosting,RandomKFold,8,407,random_fold,1.0361031902781668,1.062503415168841
GradientBoosting,RandomKFold,8,443,random_fold,1.2193656335090768,1.2645676570711295
GradientBoosting,RandomKFold,8,446,random_fold,1.1254903843034576,1.21308828044155
GradientBoosting,RandomKFold,8,470,random_fold,1.2417298628121878,1.2364571916679548
GradientBoosting,RandomKFold,8,473,random_fold,1.2814067423059525,1.274593972422067
GradientBoosting,RandomKFold,8,487,random_fold,1.122012685118459,1.1309116286249998
GradientBoosting,RandomKFold,8,489,random_fold,1.0637998792821723,1.0701992152338273
GradientBoosting,RandomKFold,8,496,random_fold,1.1555366096033417,1.1567310619067823
GradientBoosting,RandomKFold,8,505,random_fold,1.1509658965396408,1.1290085645766188
GradientBoosting,RandomKFold,8,511,random_fold,1.2763529435507894,1.255270747843611
GradientBoosting,RandomKFold,8,512,random_fold,1.246315770469367,1.255270747843611
GradientBoosting,RandomKFold,8,537,random_fold,1.1118741096181768,1.0815086391983324
GradientBoosting,RandomKFold,8,559,random_fold,1.3099147850734096,1.287453098125896
GradientBoosting,RandomKFold,8,569,random_fold,1.4822375104324539,1.3977248509145146
GradientBoosting,RandomKFold,8,571,random_fold,1.1955313826950031,1.3220598219248727
GradientBoosting,RandomKFold,8,574,random_fold,1.4594150567682838,1.3915055105584984
GradientBoosting,RandomKFold,8,580,random_fold,1.1189148124866442,1.1136402944451353
GradientBoosting,RandomKFold,8,603,random_fold,1.1982356859759895,1.343687268605573
GradientBoosting,RandomKFold,8,606,random_fold,1.3100033270154159,1.2812313841480376
GradientBoosting,RandomKFold,8,619,random_fold,1.3199099921891184,1.309988467276456
GradientBoosting,RandomKFold,8,625,random_fold,1.2617665934601323,1.3752317624907477
GradientBoosting,RandomKFold,8,633,random_fold,1.2966698880718244,1.2696185866756005
GradientBoosting,RandomKFold,8,635,random_fold,1.3040760471428814,1.2621949712328095
GradientBoosting,RandomKFold,8,637,random_fold,1.2280509343017207,1.3219647880179846
GradientBoosting,RandomKFold,8,653,random_fold,1.0862451776135187,1.1808190601965285
GradientBoosting,RandomKFold,8,655,random_fold,1.130075412633195,1.3388956311053608
GradientBoosting,RandomKFold,8,656,random_fold,1.3167453220865304,1.2356364064472347
GradientBoosting,RandomKFold,8,664,random_fold,1.1975931496723773,1.3568792017580191
GradientBoosting,RandomKFold,8,669,random_fold,1.3665698621385245,1.4145863255316695
GradientBoosting,RandomKFold,8,684,random_fold,0.9632749833968759,1.0043354903330144
GradientBoosting,RandomKFold,8,685,random_fold,0.8908545915693714,1.024902720255574
GradientBoosting,RandomKFold,8,691,random_fold,0.9186291926691872,1.0136030994966712
GradientBoosting,RandomKFold,8,697,random_fold,0.9125752874612155,1.0136030994966712
GradientBoosting,RandomKFold,8,703,random_fold,0.9081053698399476,0.9793479102241911
GradientBoosting,RandomKFold,8,726,random_fold,1.0456940551391063,1.0986228601848675
GradientBoosting,RandomKFold,8,740,random_fold,1.1790389398250496,1.1062893426231108
GradientBoosting,RandomKFold,8,750,random_fold,1.0946276409912032,1.0688189178372551
GradientBoosting,RandomKFold,8,758,random_fold,1.1314321213749883,1.1002280730357694
GradientBoosting,RandomKFold,8,773,random_fold,1.055724814851753,1.0845077932651142
GradientBoosting,RandomKFold,8,782,random_fold,1.1807084712317466,1.0861415984736986
GradientBoosting,RandomKFold,8,784,random_fold,1.10977600159026,1.0093947216619708
GradientBoosting,RandomKFold,8,786,random_fold,0.9789157460188382,1.0877300069381397
GradientBoosting,RandomKFold,8,789,random_fold,0.8928235053842986,1.0143992301243892
GradientBoosting,RandomKFold,8,790,random_fold,0.875557267369265,1.0074064083633714
GradientBoosting,RandomKFold,8,799,random_fold,0.9220788144923887,0.9921235169734717
GradientBoosting,RandomKFold,8,801,random_fold,1.0271484100762487,0.9430699562630607
GradientBoosting,RandomKFold,8,819,random_fold,1.0741512924941898,1.0142883813885064
GradientBoosting,RandomKFold,8,822,random_fold,0.931234772797198,0.9722359033619827
GradientBoosting,RandomKFold,8,824,random_fold,1.0388927642676498,1.0694876110524434
GradientBoosting,RandomKFold,8,827,random_fold,0.9918723486339667,1.0542145268309404
GradientBoosting,RandomKFold,8,829,random_fold,1.171871390093672,1.1104930068421421
GradientBoosting,RandomKFold,8,830,random_fold,1.166085946843375,1.1062893426231108
GradientBoosting,RandomKFold,8,833,random_fold,1.1952074462688937,1.0986005045751162
GradientBoosting,RandomKFold,8,837,random_fold,1.0690124867514201,1.0467679584052714
GradientBoosting,RandomKFold,8,853,random_fold,1.0761624685675317,1.0160417787636766
GradientBoosting,RandomKFold,8,866,random_fold,1.191930752104441,1.0651423517094802
GradientBoosting,RandomKFold,8,876,random_fold,0.9473829264371512,0.9808689280557134
GradientBoosting,RandomKFold,8,882,random_fold,0.8444311413094356,0.9661461616087204
GradientBoosting,RandomKFold,8,884,random_fold,1.0624619296755353,1.0243387290749113
GradientBoosting,RandomKFold,8,902,random_fold,0.9571682118876519,1.0080351060511543
GradientBoosting,RandomKFold,8,907,random_fold,1.0022809398393806,0.9746726224225895
GradientBoosting,RandomKFold,8,920,random_fold,1.0897359081900724,1.1351065848562356
GradientBoosting,RandomKFold,8,927,random_fold,1.0817848073954621,1.0520642692557292
GradientBoosting,RandomKFold,8,935,random_fold,0.9506533800098477,0.9988079744143857
GradientBoosting,RandomKFold,8,950,random_fold,1.0026819591625475,1.0504211293448582
GradientBoosting,RandomKFold,8,958,random_fold,0.9334605218571529,0.9239951862180079
GradientBoosting,RandomKFold,8,961,random_fold,1.0812600980900875,1.0349148988771875
GradientBoosting,RandomKFold,8,971,random_fold,0.9897574123989218,1.078738531073631
GradientBoosting,RandomKFold,8,980,random_fold,1.1624427296716513,1.0742807379926804
GradientBoosting,RandomKFold,8,992,random_fold,0.9700038886888239,1.0417886859085654
GradientBoosting,RandomKFold,8,1005,random_fold,1.0111450656120797,1.0515224898274702
GradientBoosting,RandomKFold,8,1035,random_fold,1.184097740810853,1.0745955945669994
GradientBoosting,RandomKFold,8,1092,random_fold,1.0767282149381492,1.0890066860423782
GradientBoosting,RandomKFold,8,1098,random_fold,1.0328141890843778,1.0962596419149062
GradientBoosting,RandomKFold,8,1108,random_fold,1.1044520945092842,1.0706049064038745
GradientBoosting,RandomKFold,8,1113,random_fold,0.9271998598645403,0.9450079355958214
GradientBoosting,RandomKFold,8,1118,random_fold,1.08597259320373,1.0966344007288091
GradientBoosting,RandomKFold,8,1137,random_fold,1.3910278943656207,1.3009918003427932
GradientBoosting,RandomKFold,8,1138,random_fold,1.2494401288866919,1.1885425952674882
GradientBoosting,RandomKFold,8,1147,random_fold,1.2459290652252117,1.1599612408639088
GradientBoosting,RandomKFold,8,1169,random_fold,1.0023292495692915,1.0959822270400705
GradientBoosting,RandomKFold,8,1175,random_fold,1.0777567524146088,1.0582289091870645
GradientBoosting,RandomKFold,8,1178,random_fold,1.1544495750720332,1.0582289091870645
GradientBoosting,RandomKFold,8,1179,random_fold,1.3329145252832497,1.2113075803126285
GradientBoosting,RandomKFold,8,1190,random_fold,1.3263049781030598,1.19900967439431
GradientBoosting,RandomKFold,8,1192,random_fold,1.1505403268106362,1.1299875672456021
GradientBoosting,RandomKFold,8,1200,random_fold,1.0965491311483904,1.1466129416725603
GradientBoosting,RandomKFold,8,1254,random_fold,1.0481566093914891,1.0283860174544097
GradientBoosting,RandomKFold,8,1260,random_fold,1.0653350438621676,1.0169959985701982
GradientBoosting,RandomKFold,8,1263,random_fold,0.948673738325425,1.0251409422786846
GradientBoosting,RandomKFold,8,1270,random_fold,1.2418488513599957,1.230533510103231
GradientBoosting,RandomKFold,8,1285,random_fold,1.237140156243384,1.2164284143088337
GradientBoosting,RandomKFold,8,1291,random_fold,1.2664965801050374,1.2684244931261355
GradientBoosting,RandomKFold,8,1313,random_fold,1.395855754418989,1.49835383729936
GradientBoosting,RandomKFold,9,1,random_fold,1.3349612685944154,1.3712999043924485
GradientBoosting,RandomKFold,9,8,random_fold,1.3643470141328815,1.2939981515069534
GradientBoosting,RandomKFold,9,16,random_fold,1.0849112127568281,1.2383448244707254
GradientBoosting,RandomKFold,9,26,random_fold,1.29369709898338,1.2883684938151065
GradientBoosting,RandomKFold,9,37,random_fold,1.3441586522640874,1.388271877886597
GradientBoosting,RandomKFold,9,53,random_fold,1.2789720767314772,1.3379648332331666
GradientBoosting,RandomKFold,9,95,random_fold,1.6658337551905438,1.4226507980124783
GradientBoosting,RandomKFold,9,103,random_fold,1.3629865538500792,1.3572525145893506
GradientBoosting,RandomKFold,9,112,random_fold,1.1545821157977425,1.208216299593142
GradientBoosting,RandomKFold,9,122,random_fold,1.41906220373456,1.3318053574787945
GradientBoosting,RandomKFold,9,143,random_fold,0.9581462564107918,0.9632064440394531
GradientBoosting,RandomKFold,9,146,random_fold,1.129642474986806,1.1262971019921568
GradientBoosting,RandomKFold,9,150,random_fold,1.2784579132784233,1.1969621012284832
GradientBoosting,RandomKFold,9,151,random_fold,1.2598364770729615,1.1969621012284832
GradientBoosting,RandomKFold,9,152,random_fold,1.3504797422389112,1.2626284982432754
GradientBoosting,RandomKFold,9,157,random_fold,1.3558105508563052,1.2677802107274208
GradientBoosting,RandomKFold,9,160,random_fold,1.058400961814554,1.0962732136007478
GradientBoosting,RandomKFold,9,186,random_fold,1.3048820805856924,1.4231546617063302
GradientBoosting,RandomKFold,9,197,random_fold,1.1669018109493594,1.2363845569550775
GradientBoosting,RandomKFold,9,202,random_fold,0.9422252893538012,1.1401741487267474
GradientBoosting,RandomKFold,9,207,random_fold,1.2488732735869459,1.231249545468477
GradientBoosting,RandomKFold,9,219,random_fold,0.9128790547507792,1.0129087869098783
GradientBoosting,RandomKFold,9,225,random_fold,1.1483515854741868,1.1344270990906562
GradientBoosting,RandomKFold,9,229,random_fold,1.1723103813258327,1.2804283169310493
GradientBoosting,RandomKFold,9,246,random_fold,1.2989281177447332,1.2028056116721941
GradientBoosting,RandomKFold,9,253,random_fold,1.0492127046865183,1.0786353018453754
GradientBoosting,RandomKFold,9,262,random_fold,1.0669773425293771,1.0948057885754454
GradientBoosting,RandomKFold,9,279,random_fold,1.158563920860915,1.0846996047203885
GradientBoosting,RandomKFold,9,283,random_fold,1.0783931164119696,1.0543346318235913
GradientBoosting,RandomKFold,9,293,random_fold,1.209479105433616,1.136299533070349
GradientBoosting,RandomKFold,9,317,random_fold,1.2956542484866285,1.220358683116953
GradientBoosting,RandomKFold,9,345,random_fold,1.1558303740888456,1.1718248482807618
GradientBoosting,RandomKFold,9,384,random_fold,1.291555198923066,1.2832396710321028
GradientBoosting,RandomKFold,9,400,random_fold,1.1575768700669187,1.1282786790185992
GradientBoosting,RandomKFold,9,402,random_fold,1.158563920860915,1.0846996047203885
GradientBoosting,RandomKFold,9,403,random_fold,1.0769816123297524,1.0846996047203885
GradientBoosting,RandomKFold,9,437,random_fold,1.1285449094648452,1.2667139119885682
GradientBoosting,RandomKFold,9,441,random_fold,1.2059882136778968,1.2467588721266485
GradientBoosting,RandomKFold,9,452,random_fold,1.25195418927106,1.2777071750186129
GradientBoosting,RandomKFold,9,463,random_fold,1.2523021338937257,1.2876812817251992
GradientBoosting,RandomKFold,9,469,random_fold,1.2330886261133327,1.231566728051011
GradientBoosting,RandomKFold,9,472,random_fold,1.261434568255463,1.2777071750186129
GradientBoosting,RandomKFold,9,476,random_fold,1.1683730857239734,1.1825071207835898
GradientBoosting,RandomKFold,9,484,random_fold,1.12554788472867,1.153675816471217
GradientBoosting,RandomKFold,9,488,random_fold,1.1015644821562767,1.1380932129030195
GradientBoosting,RandomKFold,9,509,random_fold,1.2207707577349554,1.2650639913905288
GradientBoosting,RandomKFold,9,517,random_fold,1.3422696164404564,1.369368020604833
GradientBoosting,RandomKFold,9,524,random_fold,1.3551804572773791,1.2273272849130241
GradientBoosting,RandomKFold,9,540,random_fold,1.136360554615098,1.2426069345875395
GradientBoosting,RandomKFold,9,546,random_fold,1.1939933015828132,1.219156751639922
GradientBoosting,RandomKFold,9,550,random_fold,1.2045657462863062,1.200283599283771
GradientBoosting,RandomKFold,9,556,random_fold,1.2255351324166173,1.1816645849486733
GradientBoosting,RandomKFold,9,577,random_fold,1.4377180801160547,1.380651581642759
GradientBoosting,RandomKFold,9,586,random_fold,1.07813229112156,1.0634334395073226
GradientBoosting,RandomKFold,9,608,random_fold,1.4978151073335477,1.3287021959075114
GradientBoosting,RandomKFold,9,623,random_fold,1.3180270589589476,1.3364584661574115
GradientBoosting,RandomKFold,9,627,random_fold,1.3313087177790965,1.2572969591423273
GradientBoosting,RandomKFold,9,632,random_fold,1.3204525886930352,1.3277513634164264
GradientBoosting,RandomKFold,9,639,random_fold,1.2478356905643953,1.2977025064937144
GradientBoosting,RandomKFold,9,640,random_fold,1.2598277046755322,1.2977025064937144
GradientBoosting,RandomKFold,9,641,random_fold,1.2968281953681047,1.250092116949999
GradientBoosting,RandomKFold,9,645,random_fold,1.275484545351331,1.2928885189043344
GradientBoosting,RandomKFold,9,648,random_fold,1.2110363638509196,1.2451606525072785
GradientBoosting,RandomKFold,9,658,random_fold,1.4071107610604239,1.341026409932584
GradientBoosting,RandomKFold,9,659,random_fold,1.3379552763636882,1.362056823869841
GradientBoosting,RandomKFold,9,663,random_fold,1.2934006016461677,1.373342101619695
GradientBoosting,RandomKFold,9,681,random_fold,0.9291387514086493,0.9533980502751143
GradientBoosting,RandomKFold,9,687,random_fold,0.9585829643136233,1.0172747929082426
GradientBoosting,RandomKFold,9,698,random_fold,1.027009289900049,1.0154041375046035
GradientBoosting,RandomKFold,9,709,random_fold,1.1173887074432522,1.0760769862317432
GradientBoosting,RandomKFold,9,748,random_fold,1.1771886232882982,1.0808376981485035
GradientBoosting,RandomKFold,9,749,random_fold,1.0977030977502156,1.0699719935044143
GradientBoosting,RandomKFold,9,751,random_fold,1.1850025214136133,1.0919320251160967
GradientBoosting,RandomKFold,9,795,random_fold,0.9736418269527575,1.0434710868098875
GradientBoosting,RandomKFold,9,797,random_fold,0.9206606879660199,0.9944906432846653
GradientBoosting,RandomKFold,9,800,random_fold,0.8870355863052073,0.9830454576606291
GradientBoosting,RandomKFold,9,821,random_fold,1.0345841173826607,0.9814806160845958
GradientBoosting,RandomKFold,9,835,random_fold,0.9835206606525958,1.0775771351301413
GradientBoosting,RandomKFold,9,854,random_fold,0.9627957798198005,1.0203768691125263
GradientBoosting,RandomKFold,9,877,random_fold,0.9684181003943355,0.9939796691872964
GradientBoosting,RandomKFold,9,880,random_fold,1.0002418711918832,0.984537294995203
GradientBoosting,RandomKFold,9,883,random_fold,1.0117260936994958,1.0245659074440217
GradientBoosting,RandomKFold,9,896,random_fold,1.1568827981182246,1.0918239612101497
GradientBoosting,RandomKFold,9,913,random_fold,0.9940345411632843,1.0044382305595951
GradientBoosting,RandomKFold,9,928,random_fold,1.095315901510855,1.0518381567601225
GradientBoosting,RandomKFold,9,951,random_fold,0.988611194444879,1.039154989032545
GradientBoosting,RandomKFold,9,954,random_fold,0.9441617745669884,0.9773899433217405
GradientBoosting,RandomKFold,9,956,random_fold,0.9200860007943283,0.9687689124494446
GradientBoosting,RandomKFold,9,959,random_fold,0.9875761105330192,1.037903978462118
GradientBoosting,RandomKFold,9,972,random_fold,0.987601078167116,1.0976118482381059
GradientBoosting,RandomKFold,9,981,random_fold,1.0400412747465217,1.0798178703853416
GradientBoosting,RandomKFold,9,1012,random_fold,1.0482746914157164,0.9798277215190498
GradientBoosting,RandomKFold,9,1014,random_fold,1.009696035613673,1.0685219955895853
GradientBoosting,RandomKFold,9,1019,random_fold,1.0699117480825364,1.006780637623896
GradientBoosting,RandomKFold,9,1045,random_fold,0.9779685242523313,1.032362396805717
GradientBoosting,RandomKFold,9,1059,random_fold,1.0471337200171809,1.0341377177599893
GradientBoosting,RandomKFold,9,1060,random_fold,1.077129234081617,1.0743447881187096
GradientBoosting,RandomKFold,9,1102,random_fold,1.1143853870796028,1.1650395924871062
GradientBoosting,RandomKFold,9,1106,random_fold,0.9610692058037282,1.0348177792863156
GradientBoosting,RandomKFold,9,1107,random_fold,0.9423152285064474,1.0348177792863156
GradientBoosting,RandomKFold,9,1109,random_fold,1.114995539845314,1.0994040822429538
GradientBoosting,RandomKFold,9,1120,random_fold,1.0115521801627119,1.0794702081095693
GradientBoosting,RandomKFold,9,1127,random_fold,1.0737288534035496,1.1319268056644047
GradientBoosting,RandomKFold,9,1133,random_fold,1.1076538497478212,1.2059363858771512
GradientBoosting,RandomKFold,9,1136,random_fold,1.0662309050346463,1.1894512531869879
GradientBoosting,RandomKFold,9,1141,random_fold,1.1054702040301776,1.0555628605625005
GradientBoosting,RandomKFold,9,1160,random_fold,1.035857858430026,1.0518333151033321
GradientBoosting,RandomKFold,9,1167,random_fold,1.1614286895421577,1.1078251866012996
GradientBoosting,RandomKFold,9,1186,random_fold,0.9262672594881625,1.0056823597781843
GradientBoosting,RandomKFold,9,1188,random_fold,1.1173435891703658,1.135629431117187
GradientBoosting,RandomKFold,9,1195,random_fold,0.8713274711953296,0.99568464570181
GradientBoosting,RandomKFold,9,1196,random_fold,1.0801872300676738,1.0998194754286472
GradientBoosting,RandomKFold,9,1203,random_fold,1.1043150678241378,1.1479688546892326
GradientBoosting,RandomKFold,9,1204,random_fold,1.0485141237887667,1.055192561525694
GradientBoosting,RandomKFold,9,1209,random_fold,1.1134140776413095,1.0879329848024608
GradientBoosting,RandomKFold,9,1214,random_fold,0.9844503918635705,1.0798319942816512
GradientBoosting,RandomKFold,9,1217,random_fold,1.321493870216924,1.2491796289224548
GradientBoosting,RandomKFold,9,1226,random_fold,1.2423862448572742,1.210070708381391
GradientBoosting,RandomKFold,9,1235,random_fold,1.2710402038367952,1.2026876993230002
GradientBoosting,RandomKFold,9,1239,random_fold,1.2975117691225708,1.280005149950695
GradientBoosting,RandomKFold,9,1240,random_fold,1.141933929553526,1.1035492618800453
GradientBoosting,RandomKFold,9,1243,random_fold,0.9882674121009779,1.0266340698865706
GradientBoosting,RandomKFold,9,1245,random_fold,0.9206280817945109,1.0156755511246613
GradientBoosting,RandomKFold,9,1250,random_fold,0.9058718141236114,0.9415122526382503
GradientBoosting,RandomKFold,9,1257,random_fold,0.9387466497094197,1.01750788089547
GradientBoosting,RandomKFold,9,1279,random_fold,1.1148026517648044,1.1654981417015515
GradientBoosting,RandomKFold,9,1283,random_fold,1.3332421845351963,1.2389109996664713
GradientBoosting,RandomKFold,9,1287,random_fold,1.264472988216988,1.284372317448893
GradientBoosting,RandomKFold,9,1293,random_fold,0.9825365769244127,1.1155727349485631
GradientBoosting,RandomKFold,9,1303,random_fold,1.5324427576719262,1.5433796067775911
GradientBoosting,RandomKFold,9,1307,random_fold,1.430059902278322,1.448067775388896
GradientBoosting,RandomKFold,10,13,random_fold,1.515927538484468,1.3638111669332273
GradientBoosting,RandomKFold,10,14,random_fold,1.6861597871119034,1.3293531756576022
GradientBoosting,RandomKFold,10,20,random_fold,1.3565264125132614,1.398737532661441
GradientBoosting,RandomKFold,10,21,random_fold,1.4888007999327044,1.4237551974329707
GradientBoosting,RandomKFold,10,34,random_fold,1.4321502110551712,1.42353244462691
GradientBoosting,RandomKFold,10,40,random_fold,1.2972783209180534,1.28265211336451
GradientBoosting,RandomKFold,10,64,random_fold,1.3422293809326749,1.2994247028103212
GradientBoosting,RandomKFold,10,87,random_fold,1.414841989790168,1.4527718556312537
GradientBoosting,RandomKFold,10,91,random_fold,1.5664322029819717,1.4487105344980777
GradientBoosting,RandomKFold,10,98,random_fold,1.4886865879052946,1.4205907650953993
GradientBoosting,RandomKFold,10,121,random_fold,1.5859443982167336,1.4919494248353635
GradientBoosting,RandomKFold,10,130,random_fold,1.1155993679069596,1.1938728625689987
GradientBoosting,RandomKFold,10,134,random_fold,0.9765441895541997,1.1246292682978403
GradientBoosting,RandomKFold,10,161,random_fold,1.0933018396004694,1.079290211393251
GradientBoosting,RandomKFold,10,166,random_fold,0.9788295581166931,1.0452770552465604
GradientBoosting,RandomKFold,10,187,random_fold,1.2860185403772986,1.3533009075691411
GradientBoosting,RandomKFold,10,189,random_fold,1.4074031505013533,1.3210985892936593
GradientBoosting,RandomKFold,10,200,random_fold,1.384211098193533,1.341126982192003
GradientBoosting,RandomKFold,10,201,random_fold,1.0812582545259954,1.1159481198443957
GradientBoosting,RandomKFold,10,205,random_fold,1.2264575994456417,1.2346057186954098
GradientBoosting,RandomKFold,10,206,random_fold,1.3129180568478147,1.2346057186954098
GradientBoosting,RandomKFold,10,216,random_fold,1.0752701497689592,1.1573645703857585
GradientBoosting,RandomKFold,10,230,random_fold,1.1809595423245132,1.2269163601777817
GradientBoosting,RandomKFold,10,241,random_fold,1.1675375968286057,1.2453765837815909
GradientBoosting,RandomKFold,10,252,random_fold,1.0349052587135201,1.0634181230750908
GradientBoosting,RandomKFold,10,269,random_fold,1.438698863257496,1.2653052279885344
GradientBoosting,RandomKFold,10,276,random_fold,1.1456366091921784,1.1297451372019445
GradientBoosting,RandomKFold,10,288,random_fold,1.1966957273711798,1.162789278783586
GradientBoosting,RandomKFold,10,295,random_fold,1.1193408386937624,1.1200926407470497
GradientBoosting,RandomKFold,10,315,random_fold,1.1609953445016765,1.1823518779534772
GradientBoosting,RandomKFold,10,330,random_fold,1.1484501212624212,1.2293135106818984
GradientBoosting,RandomKFold,10,337,random_fold,1.2051519231744006,1.2532703815487438
GradientBoosting,RandomKFold,10,343,random_fold,1.194727836500679,1.180424704661479
GradientBoosting,RandomKFold,10,378,random_fold,1.282094241059635,1.2817413494066667
GradientBoosting,RandomKFold,10,379,random_fold,1.2945158603944777,1.2817413494066667
GradientBoosting,RandomKFold,10,385,random_fold,1.288675645238375,1.2638110368539965
GradientBoosting,RandomKFold,10,387,random_fold,1.286870529047561,1.275531374420187
GradientBoosting,RandomKFold,10,391,random_fold,1.2670605513611748,1.2605778708427762
GradientBoosting,RandomKFold,10,392,random_fold,1.2441530285865783,1.2698388701965992
GradientBoosting,RandomKFold,10,397,random_fold,1.3200127286601904,1.3055269392048376
GradientBoosting,RandomKFold,10,401,random_fold,1.1764299135533505,1.1297451372019445
GradientBoosting,RandomKFold,10,406,random_fold,1.0783931164119696,1.0743569286478274
GradientBoosting,RandomKFold,10,418,random_fold,1.1193408386937624,1.1200926407470497
GradientBoosting,RandomKFold,10,455,random_fold,1.2418209384769063,1.266444859574245
GradientBoosting,RandomKFold,10,459,random_fold,1.3259799981856513,1.2478568373483108
GradientBoosting,RandomKFold,10,466,random_fold,1.1263474694221658,1.1955904973498184
GradientBoosting,RandomKFold,10,474,random_fold,1.1412579581680564,1.1826912169366606
GradientBoosting,RandomKFold,10,492,random_fold,1.0221405808078126,1.0311231917636512
GradientBoosting,RandomKFold,10,502,random_fold,1.0771791624586369,1.0664046326450118
GradientBoosting,RandomKFold,10,508,random_fold,1.0794121413631732,1.0631276268162486
GradientBoosting,RandomKFold,10,510,random_fold,1.216295289923274,1.2692843430783365
GradientBoosting,RandomKFold,10,520,random_fold,1.42382207298616,1.3714806207031318
GradientBoosting,RandomKFold,10,562,random_fold,1.0688796897447055,1.139222487725391
GradientBoosting,RandomKFold,10,563,random_fold,1.0709849653873482,1.1443520929804065
GradientBoosting,RandomKFold,10,564,random_fold,1.1103910581529506,1.1422110748660241
GradientBoosting,RandomKFold,10,565,random_fold,1.1128519849889325,1.1422110748660241
GradientBoosting,RandomKFold,10,592,random_fold,1.1027615541905644,1.1263032946829494
GradientBoosting,RandomKFold,10,600,random_fold,1.3552291847985056,1.3714806207031318
GradientBoosting,RandomKFold,10,612,random_fold,1.4109684844565789,1.374181701198788
GradientBoosting,RandomKFold,10,642,random_fold,1.2886129941304787,1.2523631905024726
GradientBoosting,RandomKFold,10,646,random_fold,1.2903183386642592,1.2667109125321125
GradientBoosting,RandomKFold,10,647,random_fold,1.2604272961433265,1.2668190478957653
GradientBoosting,RandomKFold,10,683,random_fold,0.8818123522200535,0.9810046079771936
GradientBoosting,RandomKFold,10,686,random_fold,0.9507109204994402,1.015142798231492
GradientBoosting,RandomKFold,10,699,random_fold,1.0482746914157164,0.9817900752057832
GradientBoosting,RandomKFold,10,702,random_fold,0.9608620035264834,0.9723902369375435
GradientBoosting,RandomKFold,10,719,random_fold,0.9785226954714671,1.0695092705707487
GradientBoosting,RandomKFold,10,725,random_fold,1.1119697575281549,1.0940254703525703
GradientBoosting,RandomKFold,10,729,random_fold,1.0676435686744394,1.0389049512855932
GradientBoosting,RandomKFold,10,742,random_fold,1.1582712076440551,1.1360121513124783
GradientBoosting,RandomKFold,10,747,random_fold,1.1484767056471201,1.0802213345043175
GradientBoosting,RandomKFold,10,763,random_fold,1.024164701767882,1.0822151727706195
GradientBoosting,RandomKFold,10,766,random_fold,1.1233567669598814,1.0947035223500678
GradientBoosting,RandomKFold,10,769,random_fold,1.1632431483901737,1.1257174743337022
GradientBoosting,RandomKFold,10,775,random_fold,1.0986855569462772,1.0794064801628405
GradientBoosting,RandomKFold,10,776,random_fold,1.069703443933306,1.0794064801628405
GradientBoosting,RandomKFold,10,779,random_fold,1.0766288800381931,1.1071706073483283
GradientBoosting,RandomKFold,10,791,random_fold,0.8965710512733155,0.9708264750765209
GradientBoosting,RandomKFold,10,794,random_fold,0.966121179204925,1.0494191920070703
GradientBoosting,RandomKFold,10,804,random_fold,1.0060940214975271,1.0050448694191083
GradientBoosting,RandomKFold,10,805,random_fold,0.9770268584853092,0.9685570317624742
GradientBoosting,RandomKFold,10,815,random_fold,1.1151536423574908,1.0127156760808653
GradientBoosting,RandomKFold,10,831,random_fold,1.128644883881722,1.1089077371294025
GradientBoosting,RandomKFold,10,840,random_fold,1.072069099621178,1.130097289041408
GradientBoosting,RandomKFold,10,856,random_fold,0.8855537244364577,0.9652201176701422
GradientBoosting,RandomKFold,10,860,random_fold,1.1224582763312743,1.056253101725705
GradientBoosting,RandomKFold,10,863,random_fold,0.882387614612431,1.0446533766669053
GradientBoosting,RandomKFold,10,870,random_fold,0.9243746371006341,0.9847716758225334
GradientBoosting,RandomKFold,10,871,random_fold,0.955133310146045,0.9525659287261653
GradientBoosting,RandomKFold,10,878,random_fold,0.9443956096818847,0.9967104063024561
GradientBoosting,RandomKFold,10,891,random_fold,1.0709720053653338,0.9561203706725776
GradientBoosting,RandomKFold,10,897,random_fold,1.092162014773685,1.0919168337131562
GradientBoosting,RandomKFold,10,929,random_fold,1.1037030175712055,1.0740696548318944
GradientBoosting,RandomKFold,10,955,random_fold,0.9106330624300031,0.9628189021547061
GradientBoosting,RandomKFold,10,957,random_fold,0.9071039894753039,0.9269190322520173
GradientBoosting,RandomKFold,10,960,random_fold,0.9999984515460132,1.034314314361563
GradientBoosting,RandomKFold,10,975,random_fold,0.9210460272047383,1.0570951699292233
GradientBoosting,RandomKFold,10,995,random_fold,0.9482879156893226,1.0054125348694953
GradientBoosting,RandomKFold,10,1016,random_fold,0.9444087331685432,1.0289915368474953
GradientBoosting,RandomKFold,10,1017,random_fold,1.1579218147083916,0.9964058933017093
GradientBoosting,RandomKFold,10,1020,random_fold,1.0720532541683991,1.0102798451655675
GradientBoosting,RandomKFold,10,1021,random_fold,1.159456667045145,1.1302732924962617
GradientBoosting,RandomKFold,10,1025,random_fold,1.0619378128188997,1.0321217242863987
GradientBoosting,RandomKFold,10,1028,random_fold,0.9949817333100379,1.0266984317283119
GradientBoosting,RandomKFold,10,1038,random_fold,1.059548574992898,1.094812799017236
GradientBoosting,RandomKFold,10,1044,random_fold,1.0010293205078225,1.0249825942393245
GradientBoosting,RandomKFold,10,1051,random_fold,1.135246155011104,1.0739247541725363
GradientBoosting,RandomKFold,10,1056,random_fold,1.2072055578293173,1.0802335745950982
GradientBoosting,RandomKFold,10,1064,random_fold,0.9612560302875994,0.9822265018955205
GradientBoosting,RandomKFold,10,1071,random_fold,1.1307693397708407,1.0943033619591933
GradientBoosting,RandomKFold,10,1076,random_fold,1.078951380583492,1.0794652934523639
GradientBoosting,RandomKFold,10,1082,random_fold,1.1018703915453945,1.0940374480433015
GradientBoosting,RandomKFold,10,1086,random_fold,1.096170096752698,1.054161452168022
GradientBoosting,RandomKFold,10,1095,random_fold,1.1051765385217698,1.0953828703280617
GradientBoosting,RandomKFold,10,1104,random_fold,0.9766044689625246,1.045783347324279
GradientBoosting,RandomKFold,10,1123,random_fold,1.1529891151319303,1.1337203176190007
GradientBoosting,RandomKFold,10,1126,random_fold,0.9405384463366621,1.1040794573558852
GradientBoosting,RandomKFold,10,1129,random_fold,1.178103801296056,1.2134028573638342
GradientBoosting,RandomKFold,10,1130,random_fold,1.2557662574613244,1.2151704431627364
GradientBoosting,RandomKFold,10,1152,random_fold,1.205630125799784,1.1579893235410506
GradientBoosting,RandomKFold,10,1154,random_fold,1.2243646398794856,1.1536726694948098
GradientBoosting,RandomKFold,10,1162,random_fold,0.923191896996094,1.0492920590943857
GradientBoosting,RandomKFold,10,1180,random_fold,1.205641907267419,1.1861514208403872
GradientBoosting,RandomKFold,10,1184,random_fold,1.1481266550232272,1.144253906392762
GradientBoosting,RandomKFold,10,1207,random_fold,1.0948995314254935,1.0441754176790166
GradientBoosting,RandomKFold,10,1215,random_fold,1.0620631454927059,1.076567764344827
GradientBoosting,RandomKFold,10,1238,random_fold,1.273656042355025,1.270677120922725
GradientBoosting,RandomKFold,10,1267,random_fold,1.2072169873339482,1.229788062392664
GradientBoosting,RandomKFold,10,1282,random_fold,1.2358930448368057,1.2208514815656966
GradientBoosting,RandomKFold,10,1294,random_fold,1.2160149331549017,1.0445748002444015
GradientBoosting,RandomKFold,10,1296,random_fold,1.062512336545894,1.1099612693687821
GradientBoosting,LeaveOneShapeOut,1,0,circular,1.3545719757695995,1.013527294857729
GradientBoosting,LeaveOneShapeOut,1,1,circular,1.3349612685944154,1.0245858226734892
GradientBoosting,LeaveOneShapeOut,1,2,circular,1.1815827868398348,0.9935225110586257
GradientBoosting,LeaveOneShapeOut,1,3,circular,1.2358473024149033,1.004581038874386
GradientBoosting,LeaveOneShapeOut,1,4,circular,1.1885006010953671,1.0005979293616158
GradientBoosting,LeaveOneShapeOut,1,5,circular,1.238242921314779,1.0390004550218603
GradientBoosting,LeaveOneShapeOut,1,6,circular,1.1983820435012535,1.073040572158652
GradientBoosting,LeaveOneShapeOut,1,7,circular,1.3725142300680981,1.042387782014999
GradientBoosting,LeaveOneShapeOut,1,8,circular,1.3643470141328815,1.042387782014999
GradientBoosting,LeaveOneShapeOut,1,9,circular,1.4252952195204207,1.011091580753224
GradientBoosting,LeaveOneShapeOut,1,10,circular,1.3811132045767527,1.0413558850380458
GradientBoosting,LeaveOneShapeOut,1,11,circular,1.4674536778591962,1.011091580753224
GradientBoosting,LeaveOneShapeOut,1,12,circular,1.5214776205513665,1.0040161624502337
GradientBoosting,LeaveOneShapeOut,1,13,circular,1.515927538484468,1.0040161624502337
GradientBoosting,LeaveOneShapeOut,1,14,circular,1.6861597871119034,1.0559036230110523
GradientBoosting,LeaveOneShapeOut,1,15,circular,1.0826183073485136,1.0088991537721175
GradientBoosting,LeaveOneShapeOut,1,16,circular,1.0849112127568281,0.9825034528131865
GradientBoosting,LeaveOneShapeOut,1,17,circular,1.1637753447505323,0.9622467863201103
GradientBoosting,LeaveOneShapeOut,1,18,circular,1.6319317139012608,1.0219438597823431
GradientBoosting,LeaveOneShapeOut,1,19,circular,1.3276641484172347,1.0219438597823431
GradientBoosting,LeaveOneShapeOut,1,20,circular,1.3565264125132614,1.0219438597823431
GradientBoosting,LeaveOneShapeOut,1,21,circular,1.4888007999327044,1.0420866785245442
GradientBoosting,LeaveOneShapeOut,1,22,circular,1.4921691275343623,1.0420866785245442
GradientBoosting,LeaveOneShapeOut,1,23,circular,1.6356327158958393,1.0242011050243536
GradientBoosting,LeaveOneShapeOut,1,24,circular,1.6356327158958393,1.0242011050243536
GradientBoosting,LeaveOneShapeOut,1,25,circular,1.4102263522358336,1.0984035267401544
GradientBoosting,LeaveOneShapeOut,1,26,circular,1.29369709898338,1.1016279971751441
GradientBoosting,LeaveOneShapeOut,1,27,circular,1.536384619900033,1.1144926983060268
GradientBoosting,LeaveOneShapeOut,1,28,circular,1.3421211390482404,1.1047536458298812
GradientBoosting,LeaveOneShapeOut,1,29,circular,1.3720014374672693,1.1099404034539848
GradientBoosting,LeaveOneShapeOut,1,30,circular,1.5348782852658798,1.0862106496652553
GradientBoosting,LeaveOneShapeOut,1,31,circular,1.5227926294763847,1.0862106496652553
GradientBoosting,LeaveOneShapeOut,1,32,circular,1.546963941055375,1.0862106496652553
GradientBoosting,LeaveOneShapeOut,1,33,circular,1.5107069736868897,1.0862106496652553
GradientBoosting,LeaveOneShapeOut,1,34,circular,1.4321502110551712,1.0862106496652553
GradientBoosting,LeaveOneShapeOut,1,35,circular,1.4381930389499191,1.0931292954048306
GradientBoosting,LeaveOneShapeOut,1,36,circular,1.492578490002647,1.0931292954048306
GradientBoosting,LeaveOneShapeOut,1,37,circular,1.3441586522640874,1.0633032993657328
GradientBoosting,LeaveOneShapeOut,1,38,circular,1.2518288372578938,1.0976503569684637
GradientBoosting,LeaveOneShapeOut,1,39,circular,1.2211023682326179,1.1031723476486222
GradientBoosting,LeaveOneShapeOut,1,40,circular,1.2972783209180534,0.9988301162286983
GradientBoosting,LeaveOneShapeOut,1,41,circular,1.536384619900033,1.1173902671450546
GradientBoosting,LeaveOneShapeOut,1,42,circular,1.3421211390482404,1.107651214668909
GradientBoosting,LeaveOneShapeOut,1,43,circular,1.3720014374672693,1.1128379722930126
GradientBoosting,LeaveOneShapeOut,1,44,circular,1.5941042088621091,1.011358661444095
GradientBoosting,LeaveOneShapeOut,1,45,circular,1.483765484022838,1.1018675417096195
GradientBoosting,LeaveOneShapeOut,1,46,circular,1.29369709898338,1.106173216051871
GradientBoosting,LeaveOneShapeOut,1,47,circular,1.2972783209180534,0.9988301162286983
GradientBoosting,LeaveOneShapeOut,1,48,circular,1.639707790681381,1.0710860501165704
GradientBoosting,LeaveOneShapeOut,1,49,circular,1.371451596125907,1.0710860501165704
GradientBoosting,LeaveOneShapeOut,1,50,circular,1.4101486999859876,1.0710860501165704
GradientBoosting,LeaveOneShapeOut,1,51,circular,1.3662045311957267,1.0710860501165704
GradientBoosting,LeaveOneShapeOut,1,52,circular,1.2737250118012968,1.0710860501165704
GradientBoosting,LeaveOneShapeOut,1,53,circular,1.2789720767314772,1.0710860501165704
GradientBoosting,LeaveOneShapeOut,1,54,circular,1.2133837651042219,1.0710860501165704
GradientBoosting,LeaveOneShapeOut,1,55,circular,1.2816523773767157,1.1161793812764698
GradientBoosting,LeaveOneShapeOut,1,56,circular,1.2046337556603286,1.1161793812764698
GradientBoosting,LeaveOneShapeOut,1,57,circular,1.237829191229898,1.0727919430539343
GradientBoosting,LeaveOneShapeOut,1,58,circular,1.2339943282685013,1.0945735923086255
GradientBoosting,LeaveOneShapeOut,1,59,circular,1.2680165689493124,1.0945735923086255
GradientBoosting,LeaveOneShapeOut,1,60,circular,1.2824258481419177,1.0945735923086255
GradientBoosting,LeaveOneShapeOut,1,61,circular,1.1799450202643293,1.123925449379165
GradientBoosting,LeaveOneShapeOut,1,62,circular,1.1531759249761522,1.123925449379165
GradientBoosting,LeaveOneShapeOut,1,63,circular,1.1425545677724243,1.123925449379165
GradientBoosting,LeaveOneShapeOut,1,64,circular,1.3422293809326749,1.0447420647504122
GradientBoosting,LeaveOneShapeOut,1,65,circular,1.1919182410425113,1.071993518426836
GradientBoosting,LeaveOneShapeOut,1,66,circular,1.302307239291283,1.0447024300371295
GradientBoosting,LeaveOneShapeOut,1,67,circular,1.295364734801251,1.0693542786813033
GradientBoosting,LeaveOneShapeOut,1,68,circular,1.0902659651428483,1.0500638084936063
GradientBoosting,LeaveOneShapeOut,1,69,circular,1.0015566608923805,1.0500638084936063
GradientBoosting,LeaveOneShapeOut,1,70,circular,1.2629155541458932,1.101959247569541
GradientBoosting,LeaveOneShapeOut,1,71,circular,1.4175969345181723,1.1150103273606013
GradientBoosting,LeaveOneShapeOut,1,72,circular,1.3740815622661384,1.1150103273606013
GradientBoosting,LeaveOneShapeOut,1,73,circular,1.2105569921385566,1.0926179349273957
GradientBoosting,LeaveOneShapeOut,1,74,circular,1.1244653966855374,1.0799986961587413
GradientBoosting,LeaveOneShapeOut,1,75,circular,1.1417780689269297,1.0978046925514993
GradientBoosting,LeaveOneShapeOut,1,76,circular,1.273123847876894,1.101959247569541
GradientBoosting,LeaveOneShapeOut,1,77,circular,1.2681142042166427,1.1001196902781327
GradientBoosting,LeaveOneShapeOut,1,78,circular,1.1850393366807992,1.1038922983617876
GradientBoosting,LeaveOneShapeOut,1,79,circular,1.4528332923714102,1.0903778402142839
GradientBoosting,LeaveOneShapeOut,1,80,circular,1.4120233684283932,1.0903778402142839
GradientBoosting,LeaveOneShapeOut,1,81,circular,1.4770328464842415,1.0903778402142839
GradientBoosting,LeaveOneShapeOut,1,82,circular,1.4848067035710006,1.0903778402142839
GradientBoosting,LeaveOneShapeOut,1,83,circular,1.3448772760093357,1.0903778402142839
GradientBoosting,LeaveOneShapeOut,1,84,circular,1.375972704356372,1.0903778402142839
GradientBoosting,LeaveOneShapeOut,1,85,circular,1.6091884169591473,1.0903778402142839
GradientBoosting,LeaveOneShapeOut,1,86,circular,1.6713792736532207,1.0903778402142839
GradientBoosting,LeaveOneShapeOut,1,87,circular,1.414841989790168,1.0942707012768655
GradientBoosting,LeaveOneShapeOut,1,88,circular,1.6169622740459064,1.0942707012768655
GradientBoosting,LeaveOneShapeOut,1,89,circular,1.5858668456988698,1.0806932096487414
GradientBoosting,LeaveOneShapeOut,1,90,circular,1.620849202589286,1.0806932096487414
GradientBoosting,LeaveOneShapeOut,1,91,circular,1.5664322029819717,1.0903778402142839
GradientBoosting,LeaveOneShapeOut,1,92,circular,1.1354084529932944,0.9693424335975391
GradientBoosting,LeaveOneShapeOut,1,93,circular,1.1335223924401494,0.9731722878596906
GradientBoosting,LeaveOneShapeOut,1,94,circular,1.2278254200973997,0.9731722878596906
GradientBoosting,LeaveOneShapeOut,1,95,circular,1.6658337551905438,1.0860129843825823
GradientBoosting,LeaveOneShapeOut,1,96,circular,1.5781582943910415,1.0860129843825823
GradientBoosting,LeaveOneShapeOut,1,97,circular,1.6000771595909171,1.0860129843825823
GradientBoosting,LeaveOneShapeOut,1,98,circular,1.4886865879052946,1.0464658659787929
GradientBoosting,LeaveOneShapeOut,1,99,circular,1.1745460180645266,1.0460544043434956
GradientBoosting,LeaveOneShapeOut,1,100,circular,1.4893188610025825,1.0320771715098802
GradientBoosting,LeaveOneShapeOut,1,101,circular,1.2696675773972377,1.0495932688627854
GradientBoosting,LeaveOneShapeOut,1,102,circular,1.3409138971075678,1.057531153624771
GradientBoosting,LeaveOneShapeOut,1,103,circular,1.3629865538500792,1.057531153624771
GradientBoosting,LeaveOneShapeOut,1,104,circular,1.33539573292194,1.057531153624771
GradientBoosting,LeaveOneShapeOut,1,105,circular,1.1903663852361177,0.978996295567225
GradientBoosting,LeaveOneShapeOut,1,106,circular,1.2053584052013078,0.978996295567225
GradientBoosting,LeaveOneShapeOut,1,107,circular,1.2353424451316886,0.978996295567225
GradientBoosting,LeaveOneShapeOut,1,108,circular,1.1414339090699477,1.047691483063542
GradientBoosting,LeaveOneShapeOut,1,109,circular,1.1269776844197152,0.9958167527263451
GradientBoosting,LeaveOneShapeOut,1,110,circular,1.3256987893635834,1.0902530216282909
GradientBoosting,LeaveOneShapeOut,1,111,circular,1.1310229163178613,0.9993073475665767
GradientBoosting,LeaveOneShapeOut,1,112,circular,1.1545821157977425,0.9650825467959298
GradientBoosting,LeaveOneShapeOut,1,113,circular,1.165840580685956,0.9591019702327828
GradientBoosting,LeaveOneShapeOut,1,114,circular,1.1625214289484154,0.9975666236298703
GradientBoosting,LeaveOneShapeOut,1,115,circular,1.1549104273844197,0.9878731411406951
GradientBoosting,LeaveOneShapeOut,1,116,circular,1.29099968277919,1.0283921678196506
GradientBoosting,LeaveOneShapeOut,1,117,circular,1.1099273964897634,1.003631219915995
GradientBoosting,LeaveOneShapeOut,1,118,circular,1.2726146663911664,1.0522161792508997
GradientBoosting,LeaveOneShapeOut,1,119,circular,1.2151621017721754,0.9920258073060835
GradientBoosting,LeaveOneShapeOut,1,120,circular,1.6240942634659334,1.09602896917206
GradientBoosting,LeaveOneShapeOut,1,121,circular,1.5859443982167336,1.09602896917206
GradientBoosting,LeaveOneShapeOut,1,122,circular,1.41906220373456,1.0914078055657648
GradientBoosting,LeaveOneShapeOut,1,123,circular,1.401756567103651,1.0914078055657648
GradientBoosting,LeaveOneShapeOut,1,124,circular,1.467514509626967,1.0547666777005074
GradientBoosting,LeaveOneShapeOut,1,125,circular,1.4224908184065779,1.0441222541620365
GradientBoosting,LeaveOneShapeOut,1,126,circular,1.1912303239548843,1.0460662899010214
GradientBoosting,LeaveOneShapeOut,1,127,circular,1.1855032550897164,1.0460662899010214
GradientBoosting,LeaveOneShapeOut,1,128,circular,1.37020947369762,1.0189498301274444
GradientBoosting,LeaveOneShapeOut,1,129,circular,1.3599840298640558,1.0189498301274444
GradientBoosting,LeaveOneShapeOut,1,130,circular,1.1155993679069596,1.0208938658664293
GradientBoosting,LeaveOneShapeOut,1,131,circular,1.1632164140981103,1.0208938658664293
GradientBoosting,LeaveOneShapeOut,1,132,circular,1.1991666858815992,0.9348556834066989
GradientBoosting,LeaveOneShapeOut,1,133,circular,1.04398508662286,1.0757391760949917
GradientBoosting,LeaveOneShapeOut,1,134,circular,0.9765441895541997,1.0757391760949917
GradientBoosting,LeaveOneShapeOut,1,135,circular,1.0919130117697546,1.063124240856119
GradientBoosting,LeaveOneShapeOut,1,136,circular,1.1420397946679444,1.087929732075731
GradientBoosting,LeaveOneShapeOut,1,137,circular,1.0472134869247998,1.0844043996541308
GradientBoosting,LeaveOneShapeOut,1,138,circular,1.0945457667787828,1.045287275984226
GradientBoosting,LeaveOneShapeOut,1,139,circular,0.9503054523485104,0.9301659613913171
GradientBoosting,LeaveOneShapeOut,1,140,circular,0.9220785577242971,0.9301659613913171
GradientBoosting,LeaveOneShapeOut,1,141,circular,0.9848049902225486,0.9301659613913171
GradientBoosting,LeaveOneShapeOut,1,142,circular,0.8931877807248213,0.9458899747180414
GradientBoosting,LeaveOneShapeOut,1,143,circular,0.9581462564107918,0.9301659613913171
GradientBoosting,LeaveOneShapeOut,1,144,circular,0.9408964874737726,0.9301659613913171
GradientBoosting,LeaveOneShapeOut,1,145,circular,1.1624650166329116,1.0418244657600013
GradientBoosting,LeaveOneShapeOut,1,146,circular,1.129642474986806,1.0418244657600013
GradientBoosting,LeaveOneShapeOut,1,147,circular,1.2331867795165823,1.0671503371068336
GradientBoosting,LeaveOneShapeOut,1,148,circular,1.107469549143329,1.0671503371068336
GradientBoosting,LeaveOneShapeOut,1,149,circular,1.2810263872377974,1.0240831963173795
GradientBoosting,LeaveOneShapeOut,1,150,circular,1.2784579132784233,1.0240831963173795
GradientBoosting,LeaveOneShapeOut,1,151,circular,1.2598364770729615,1.0240831963173795
GradientBoosting,LeaveOneShapeOut,1,152,circular,1.3504797422389112,1.0347370369420898
GradientBoosting,LeaveOneShapeOut,1,153,circular,1.2821536664107218,1.0347370369420898
GradientBoosting,LeaveOneShapeOut,1,154,circular,1.3385969464427043,1.0347370369420898
GradientBoosting,LeaveOneShapeOut,1,155,circular,1.370994199976567,1.0871304079875175
GradientBoosting,LeaveOneShapeOut,1,156,circular,1.4093999006925229,1.0871304079875175
GradientBoosting,LeaveOneShapeOut,1,157,circular,1.3558105508563052,1.0871304079875175
GradientBoosting,LeaveOneShapeOut,1,158,circular,1.1189168875968767,1.0714182967925097
GradientBoosting,LeaveOneShapeOut,1,159,circular,1.1906178718264686,0.9641952975981247
GradientBoosting,LeaveOneShapeOut,1,160,circular,1.058400961814554,0.970433166619727
GradientBoosting,LeaveOneShapeOut,1,161,circular,1.0933018396004694,1.0184151284026346
GradientBoosting,LeaveOneShapeOut,1,162,circular,1.0807031661435151,0.9756226595060715
GradientBoosting,LeaveOneShapeOut,1,163,circular,1.081714589741048,1.04834480767317
GradientBoosting,LeaveOneShapeOut,1,164,circular,1.1142548528292844,0.9718153337860811
GradientBoosting,LeaveOneShapeOut,1,165,circular,1.0503718004141738,0.952710083165028
GradientBoosting,LeaveOneShapeOut,1,166,circular,0.9788295581166931,1.0246241136989682
GradientBoosting,LeaveOneShapeOut,1,167,circular,1.1204789660010195,0.9832426956940279
GradientBoosting,LeaveOneShapeOut,1,168,circular,0.9988336760894352,0.9930029029639313
GradientBoosting,LeaveOneShapeOut,1,169,circular,1.0395391195333212,0.9043879854448653
GradientBoosting,LeaveOneShapeOut,1,170,circular,1.0060464564388292,0.9106258544664677
GradientBoosting,LeaveOneShapeOut,1,171,circular,0.9819513263381584,0.958607816249375
GradientBoosting,LeaveOneShapeOut,1,172,circular,0.9856830767426598,0.9158153473528122
GradientBoosting,LeaveOneShapeOut,1,173,circular,1.286486310423,1.1266894018785343
GradientBoosting,LeaveOneShapeOut,1,174,circular,1.2564545083234089,1.1266894018785343
GradientBoosting,LeaveOneShapeOut,1,175,circular,1.32213950491923,1.1266894018785343
GradientBoosting,LeaveOneShapeOut,1,176,circular,1.2941569931453976,1.0056920880402176
GradientBoosting,LeaveOneShapeOut,1,177,circular,1.3128540515404687,1.0028858220729644
GradientBoosting,LeaveOneShapeOut,1,178,circular,1.2553795512333588,1.1045896149571863
GradientBoosting,LeaveOneShapeOut,1,179,circular,1.1713924116936274,1.1045896149571863
GradientBoosting,LeaveOneShapeOut,1,180,circular,1.2529089649586223,1.0056775949578571
GradientBoosting,LeaveOneShapeOut,1,181,circular,1.3110746711111705,1.0145233403011236
GradientBoosting,LeaveOneShapeOut,1,182,circular,1.2193262628314903,1.102945567110873
GradientBoosting,LeaveOneShapeOut,1,183,circular,1.2060088386559635,1.102945567110873
GradientBoosting,LeaveOneShapeOut,1,184,circular,1.2086542758821197,0.995984112468682
GradientBoosting,LeaveOneShapeOut,1,185,circular,1.1882361240679107,0.9988661033923439
GradientBoosting,LeaveOneShapeOut,1,186,circular,1.3048820805856924,1.065158328049441
GradientBoosting,LeaveOneShapeOut,1,187,circular,1.2860185403772986,1.032676933793817
GradientBoosting,LeaveOneShapeOut,1,188,circular,1.413166849593796,1.1477379500406253
GradientBoosting,LeaveOneShapeOut,1,189,circular,1.4074031505013533,1.144840224576257
GradientBoosting,LeaveOneShapeOut,1,190,circular,1.358950340257126,1.0349672209731244
GradientBoosting,LeaveOneShapeOut,1,191,circular,1.0689531316442664,1.0161877651515079
GradientBoosting,LeaveOneShapeOut,1,192,circular,1.3141287399041004,1.039326083021464
GradientBoosting,LeaveOneShapeOut,1,193,circular,1.0922145091701283,1.013459524001614
GradientBoosting,LeaveOneShapeOut,1,194,circular,1.5996384909229053,1.0360297567019858
GradientBoosting,LeaveOneShapeOut,1,195,circular,1.2349035942484818,1.0283399408712564
GradientBoosting,LeaveOneShapeOut,1,196,circular,1.3345388048057119,1.069152671453489
GradientBoosting,LeaveOneShapeOut,1,197,circular,1.1669018109493594,1.0360493462003282
GradientBoosting,LeaveOneShapeOut,1,198,circular,1.2028285814567583,1.0360493462003282
GradientBoosting,LeaveOneShapeOut,1,199,circular,1.4534609969636008,1.0243606078862206
GradientBoosting,LeaveOneShapeOut,1,200,circular,1.384211098193533,1.0714232617829085
GradientBoosting,LeaveOneShapeOut,1,201,circular,1.0812582545259954,0.9968223195022686
GradientBoosting,LeaveOneShapeOut,1,202,circular,0.9422252893538012,0.9968223195022686
GradientBoosting,LeaveOneShapeOut,1,203,circular,1.1335926637173817,1.0922901107251
GradientBoosting,LeaveOneShapeOut,1,204,circular,1.3129180568478147,1.0922901107251
GradientBoosting,LeaveOneShapeOut,1,205,circular,1.2264575994456417,1.0922901107251
GradientBoosting,LeaveOneShapeOut,1,206,circular,1.3129180568478147,1.0922901107251
GradientBoosting,LeaveOneShapeOut,1,207,circular,1.2488732735869459,1.0922901107251
GradientBoosting,LeaveOneShapeOut,1,208,circular,1.3033113393586844,1.0922901107251
GradientBoosting,LeaveOneShapeOut,1,209,circular,1.1361701617391793,1.0233775609896678
GradientBoosting,LeaveOneShapeOut,1,210,circular,1.1410674469190896,1.0233775609896678
GradientBoosting,LeaveOneShapeOut,1,211,circular,1.0578135988606152,1.0233775609896678
GradientBoosting,LeaveOneShapeOut,1,212,circular,1.0578135988606152,1.0233775609896678
GradientBoosting,LeaveOneShapeOut,1,213,circular,1.1670230583726138,1.0233775609896678
GradientBoosting,LeaveOneShapeOut,1,214,circular,1.1048275365877536,1.0233775609896678
GradientBoosting,LeaveOneShapeOut,1,215,circular,1.1382975694343815,1.061307970070462
GradientBoosting,LeaveOneShapeOut,1,216,circular,1.0752701497689592,1.0478915144283125
GradientBoosting,LeaveOneShapeOut,1,217,circular,0.9199068249691795,0.9486263721227663
GradientBoosting,LeaveOneShapeOut,1,218,circular,0.8843236477025262,0.9558413002031052
GradientBoosting,LeaveOneShapeOut,1,219,circular,0.9128790547507792,0.9724119862526033
GradientBoosting,LeaveOneShapeOut,1,220,circular,0.9281601451869276,0.9724119862526033
GradientBoosting,LeaveOneShapeOut,1,221,circular,1.237545163141302,1.0309544884406996
GradientBoosting,LeaveOneShapeOut,1,222,circular,1.2089867420544758,1.0409479588225454
GradientBoosting,LeaveOneShapeOut,1,223,circular,1.2133644852363266,1.0409479588225454
GradientBoosting,LeaveOneShapeOut,1,224,circular,1.2096074389960325,1.0235637152149768
GradientBoosting,LeaveOneShapeOut,1,225,circular,1.1483515854741868,0.9663641372588618
GradientBoosting,LeaveOneShapeOut,1,226,circular,1.088953056461838,0.9675735619669243
GradientBoosting,LeaveOneShapeOut,1,227,circular,1.061508984719529,0.9675735619669243
GradientBoosting,LeaveOneShapeOut,1,228,circular,1.0562450356984874,0.9816878516295748
GradientBoosting,LeaveOneShapeOut,1,229,circular,1.1723103813258327,1.0410397393723985
GradientBoosting,LeaveOneShapeOut,1,230,circular,1.1809595423245132,1.063669731522184
GradientBoosting,LeaveOneShapeOut,1,231,circular,1.172977745864338,1.063669731522184
GradientBoosting,LeaveOneShapeOut,1,232,circular,1.1760745433758346,1.0503485410452262
GradientBoosting,LeaveOneShapeOut,1,233,circular,1.087407992331772,0.9646448351017782
GradientBoosting,LeaveOneShapeOut,1,234,circular,1.1091183712584098,0.9712647885315296
GradientBoosting,LeaveOneShapeOut,1,235,circular,1.1240692396897045,0.9712647885315296
GradientBoosting,LeaveOneShapeOut,1,236,circular,1.1527340236652242,0.9529087891019031
GradientBoosting,LeaveOneShapeOut,1,237,circular,1.1115939935791495,0.9447645990789616
GradientBoosting,LeaveOneShapeOut,1,238,circular,1.0839659960653538,0.9513845525087132
GradientBoosting,LeaveOneShapeOut,1,239,circular,1.1026898604988369,0.9513845525087132
GradientBoosting,LeaveOneShapeOut,1,240,circular,1.097850830391181,0.9312900907904148
GradientBoosting,LeaveOneShapeOut,1,241,circular,1.1675375968286057,1.0053334127440634
GradientBoosting,LeaveOneShapeOut,1,242,circular,1.3000433770209283,1.0527030141560327
GradientBoosting,LeaveOneShapeOut,1,243,circular,1.23746653007112,1.068573611398447
GradientBoosting,LeaveOneShapeOut,1,244,circular,1.209420109403607,1.0529001957238688
GradientBoosting,LeaveOneShapeOut,1,245,circular,1.3121377067956377,0.9967670328848316
GradientBoosting,LeaveOneShapeOut,1,246,circular,1.2989281177447332,0.9967670328848316
GradientBoosting,LeaveOneShapeOut,1,247,circular,1.3495739828334417,1.0522439766189642
GradientBoosting,LeaveOneShapeOut,1,248,circular,1.1281291950782302,1.0596163294703969
GradientBoosting,LeaveOneShapeOut,1,249,circular,1.2008958389819084,1.070611356576207
GradientBoosting,LeaveOneShapeOut,1,250,circular,1.2353855303226169,1.0381465530500942
GradientBoosting,LeaveOneShapeOut,1,251,circular,1.0730584479748482,1.080703771420513
GradientBoosting,LeaveOneShapeOut,1,252,circular,1.0349052587135201,1.080703771420513
GradientBoosting,LeaveOneShapeOut,1,253,circular,1.0492127046865183,1.080703771420513
GradientBoosting,LeaveOneShapeOut,1,254,circular,1.115980785893842,1.080703771420513
GradientBoosting,LeaveOneShapeOut,1,255,circular,1.2418476497794892,1.10584930377227
GradientBoosting,LeaveOneShapeOut,1,256,circular,1.1458899378442748,1.10584930377227
GradientBoosting,LeaveOneShapeOut,1,257,circular,1.3374921789478076,1.1073011683665004
GradientBoosting,LeaveOneShapeOut,1,258,circular,1.0111810580343032,1.0842983995249134
GradientBoosting,LeaveOneShapeOut,1,259,circular,1.0273582662639587,1.0840575657141729
GradientBoosting,LeaveOneShapeOut,1,260,circular,1.045128825211897,1.0840575657141729
GradientBoosting,LeaveOneShapeOut,1,261,circular,1.0697251791938465,1.0939301950441402
GradientBoosting,LeaveOneShapeOut,1,262,circular,1.0669773425293771,1.089268015046055
GradientBoosting,LeaveOneShapeOut,1,263,circular,1.0706406990125703,1.089268015046055
GradientBoosting,LeaveOneShapeOut,1,264,circular,1.0752462928972766,1.0940255280434077
GradientBoosting,LeaveOneShapeOut,1,265,circular,1.2050469519666545,1.055394374841475
GradientBoosting,LeaveOneShapeOut,1,266,circular,1.1591867375218325,1.0499663236924515
GradientBoosting,LeaveOneShapeOut,1,267,circular,1.0591913268808757,1.0361408930680907
GradientBoosting,LeaveOneShapeOut,1,268,circular,1.4747177354069476,1.060634742724173
GradientBoosting,LeaveOneShapeOut,1,269,circular,1.438698863257496,1.0661486721357674
GradientBoosting,LeaveOneShapeOut,1,270,circular,1.2453362914305632,1.0417081484288215
GradientBoosting,LeaveOneShapeOut,1,271,circular,1.208662846621109,1.0671209467720941
GradientBoosting,LeaveOneShapeOut,1,272,circular,1.194274003208953,1.0671209467720941
GradientBoosting,LeaveOneShapeOut,1,273,circular,1.3927210638476188,0.9877520528955156
GradientBoosting,LeaveOneShapeOut,1,274,circular,1.3842155803571365,0.9877520528955156
GradientBoosting,LeaveOneShapeOut,1,275,circular,1.4136791277360206,0.9877520528955156
GradientBoosting,LeaveOneShapeOut,1,276,circular,1.1456366091921784,0.9934911774163674
GradientBoosting,LeaveOneShapeOut,1,277,circular,1.1575768700669187,0.9934911774163674
GradientBoosting,LeaveOneShapeOut,1,278,circular,1.1764299135533505,0.9934911774163674
GradientBoosting,LeaveOneShapeOut,1,279,circular,1.158563920860915,0.9370875381015585
GradientBoosting,LeaveOneShapeOut,1,280,circular,1.0769816123297524,0.9370875381015585
GradientBoosting,LeaveOneShapeOut,1,281,circular,1.1257407180116425,0.9370875381015585
GradientBoosting,LeaveOneShapeOut,1,282,circular,0.9885270233776388,0.9762395761936193
GradientBoosting,LeaveOneShapeOut,1,283,circular,1.0783931164119696,0.9762395761936193
GradientBoosting,LeaveOneShapeOut,1,284,circular,1.0361031902781668,0.9762395761936193
GradientBoosting,LeaveOneShapeOut,1,285,circular,1.0869105743635306,0.977927825053194
GradientBoosting,LeaveOneShapeOut,1,286,circular,1.1448031386011281,0.977927825053194
GradientBoosting,LeaveOneShapeOut,1,287,circular,1.0465299957494056,0.977927825053194
GradientBoosting,LeaveOneShapeOut,1,288,circular,1.1966957273711798,1.0456438136682922
GradientBoosting,LeaveOneShapeOut,1,289,circular,1.1633442640197864,1.0456438136682922
GradientBoosting,LeaveOneShapeOut,1,290,circular,1.1689970544183277,1.0456438136682922
GradientBoosting,LeaveOneShapeOut,1,291,circular,1.200839968966233,1.0177575640141843
GradientBoosting,LeaveOneShapeOut,1,292,circular,1.1248508298347624,1.0177575640141843
GradientBoosting,LeaveOneShapeOut,1,293,circular,1.209479105433616,1.0177575640141843
GradientBoosting,LeaveOneShapeOut,1,294,circular,1.108420440267482,0.9850460823869774
GradientBoosting,LeaveOneShapeOut,1,295,circular,1.1193408386937624,0.9850460823869774
GradientBoosting,LeaveOneShapeOut,1,296,circular,1.070756208960514,0.9850460823869774
GradientBoosting,LeaveOneShapeOut,1,297,circular,1.1115066128395268,0.9686112154338619
GradientBoosting,LeaveOneShapeOut,1,298,circular,1.143938834802967,0.9686112154338619
GradientBoosting,LeaveOneShapeOut,1,299,circular,1.117630616216053,0.9686112154338619
GradientBoosting,LeaveOneShapeOut,1,300,circular,1.250094356066993,1.0192351491209513
GradientBoosting,LeaveOneShapeOut,1,301,circular,1.255615974247501,1.0192351491209513
GradientBoosting,LeaveOneShapeOut,1,302,circular,1.2175168088019963,1.0192351491209513
GradientBoosting,LeaveOneShapeOut,1,303,circular,1.2950278181808799,0.9809846029435886
GradientBoosting,LeaveOneShapeOut,1,304,circular,1.2126169570239147,0.9809846029435886
GradientBoosting,LeaveOneShapeOut,1,305,circular,1.2243899371891955,0.9809846029435886
GradientBoosting,LeaveOneShapeOut,1,306,circular,1.1743142604760686,0.9708327312770888
GradientBoosting,LeaveOneShapeOut,1,307,circular,1.2139187167349488,0.9708327312770888
GradientBoosting,LeaveOneShapeOut,1,308,circular,1.1932738406000005,0.9708327312770888
GradientBoosting,LeaveOneShapeOut,1,309,circular,1.1603149777096642,0.9662601352001676
GradientBoosting,LeaveOneShapeOut,1,310,circular,1.1732156482628429,0.9662601352001676
GradientBoosting,LeaveOneShapeOut,1,311,circular,1.1383551696124758,0.9662601352001676
GradientBoosting,LeaveOneShapeOut,1,312,circular,1.2079419865581988,1.004673846901806
GradientBoosting,LeaveOneShapeOut,1,313,circular,1.1670455196309601,1.004673846901806
GradientBoosting,LeaveOneShapeOut,1,314,circular,1.1508537216670625,1.007258576460591
GradientBoosting,LeaveOneShapeOut,1,315,circular,1.1609953445016765,1.007258576460591
GradientBoosting,LeaveOneShapeOut,1,316,circular,1.0619217905514904,0.9515661897434227
GradientBoosting,LeaveOneShapeOut,1,317,circular,1.2956542484866285,1.0279353097183863
GradientBoosting,LeaveOneShapeOut,1,318,circular,1.1306542302372584,1.0075686527537366
GradientBoosting,LeaveOneShapeOut,1,319,circular,1.0631562838336788,0.9588838728731638
GradientBoosting,LeaveOneShapeOut,1,320,circular,1.073027843573812,0.9588838728731638
GradientBoosting,LeaveOneShapeOut,1,321,circular,1.1306840434563534,0.9588838728731638
GradientBoosting,LeaveOneShapeOut,1,322,circular,1.1011120203646916,0.9588838728731638
GradientBoosting,LeaveOneShapeOut,1,323,circular,0.9851301986103755,0.9946333406903923
GradientBoosting,LeaveOneShapeOut,1,324,circular,0.9339257495170827,1.009593954321336
GradientBoosting,LeaveOneShapeOut,1,325,circular,1.0162230301480055,1.0082247889410458
GradientBoosting,LeaveOneShapeOut,1,326,circular,1.1469339218412573,1.0653537586022468
GradientBoosting,LeaveOneShapeOut,1,327,circular,1.092546009091041,1.0683300033382883
GradientBoosting,LeaveOneShapeOut,1,328,circular,1.1000861553214407,1.0779160743488643
GradientBoosting,LeaveOneShapeOut,1,329,circular,1.0087307049043397,1.0808923190849058
GradientBoosting,LeaveOneShapeOut,1,330,circular,1.1484501212624212,1.0354118561218073
GradientBoosting,LeaveOneShapeOut,1,331,circular,1.1529242603297682,1.0128143700165142
GradientBoosting,LeaveOneShapeOut,1,332,circular,1.2904751739807487,1.0456821330980643
GradientBoosting,LeaveOneShapeOut,1,333,circular,1.3986321931244245,1.0774475904541057
GradientBoosting,LeaveOneShapeOut,1,334,circular,1.2682445144448073,1.0024916177620529
GradientBoosting,LeaveOneShapeOut,1,335,circular,1.2631163095652482,1.0024916177620529
GradientBoosting,LeaveOneShapeOut,1,336,circular,1.1895466598960975,1.0484696272562042
GradientBoosting,LeaveOneShapeOut,1,337,circular,1.2051519231744006,1.0484696272562042
GradientBoosting,LeaveOneShapeOut,1,338,circular,1.3434511412160852,1.106645601388986
GradientBoosting,LeaveOneShapeOut,1,339,circular,1.4076120631650018,1.106645601388986
GradientBoosting,LeaveOneShapeOut,1,340,circular,1.4131294140157122,1.1019731707529912
GradientBoosting,LeaveOneShapeOut,1,341,circular,1.4090014799922972,1.1019731707529912
GradientBoosting,LeaveOneShapeOut,1,342,circular,1.2512502109547927,0.9708187802935456
GradientBoosting,LeaveOneShapeOut,1,343,circular,1.194727836500679,0.9708187802935456
GradientBoosting,LeaveOneShapeOut,1,344,circular,1.1627385870083158,0.962440724047745
GradientBoosting,LeaveOneShapeOut,1,345,circular,1.1558303740888456,0.962440724047745
GradientBoosting,LeaveOneShapeOut,1,346,circular,1.2854163440072908,1.0188083824873204
GradientBoosting,LeaveOneShapeOut,1,347,circular,1.2786766813827724,1.0188083824873204
GradientBoosting,LeaveOneShapeOut,1,348,circular,1.3537218351572846,1.088478956673922
GradientBoosting,LeaveOneShapeOut,1,349,circular,1.3212615545224988,1.088478956673922
GradientBoosting,LeaveOneShapeOut,1,350,circular,1.1995720476405545,1.1180852594623154
GradientBoosting,LeaveOneShapeOut,1,351,circular,1.1809166022318427,1.1005790361678316
GradientBoosting,LeaveOneShapeOut,1,352,circular,1.0748673043457417,1.1005790361678316
GradientBoosting,LeaveOneShapeOut,1,353,circular,1.2269958514308963,1.057630516910486
GradientBoosting,LeaveOneShapeOut,1,354,circular,1.1320785534773934,1.042367561772997
GradientBoosting,LeaveOneShapeOut,1,355,circular,1.0934447473345092,1.042367561772997
GradientBoosting,LeaveOneShapeOut,1,356,circular,1.220907275112158,1.118131788344223
GradientBoosting,LeaveOneShapeOut,1,357,circular,1.0712085131381346,1.1239626401793843
GradientBoosting,LeaveOneShapeOut,1,358,circular,1.0747060958035308,1.1291199358639938
GradientBoosting,LeaveOneShapeOut,1,359,circular,1.1426382828215833,1.0487902556140773
GradientBoosting,LeaveOneShapeOut,1,360,circular,1.2204093047324287,1.1516196995846866
GradientBoosting,LeaveOneShapeOut,1,361,circular,1.1951532343242832,1.1516196995846866
GradientBoosting,LeaveOneShapeOut,1,362,circular,1.253162744858469,1.1195075583557133
GradientBoosting,LeaveOneShapeOut,1,363,circular,1.410690975522547,1.1356366397526843
GradientBoosting,LeaveOneShapeOut,1,364,circular,1.3287666544027426,1.1243175091975819
GradientBoosting,LeaveOneShapeOut,1,365,circular,1.2535131146099987,1.1151738793669153
GradientBoosting,LeaveOneShapeOut,1,366,circular,1.3834440469848879,1.1126126439857278
GradientBoosting,LeaveOneShapeOut,1,367,circular,1.2268643277129487,1.0948570250704694
GradientBoosting,LeaveOneShapeOut,1,368,circular,1.2343448087834648,1.0897681842521876
GradientBoosting,LeaveOneShapeOut,1,369,circular,1.4019339057226425,1.0788739652384671
GradientBoosting,LeaveOneShapeOut,1,370,circular,1.4247851688507547,1.0788739652384671
GradientBoosting,LeaveOneShapeOut,1,371,circular,1.2774436061249554,1.1496521357631666
GradientBoosting,LeaveOneShapeOut,1,372,circular,1.307463933260314,1.13580699088855
GradientBoosting,LeaveOneShapeOut,1,373,circular,1.4590225375244026,1.1274440289482934
GradientBoosting,LeaveOneShapeOut,1,374,circular,1.220169597230472,1.1516196995846866
GradientBoosting,LeaveOneShapeOut,1,375,circular,1.2098260052479615,1.0970235230973693
GradientBoosting,LeaveOneShapeOut,1,376,circular,1.2949004125196468,1.1231324369667868
GradientBoosting,LeaveOneShapeOut,1,377,circular,1.2749949798711437,1.1231324369667868
GradientBoosting,LeaveOneShapeOut,1,378,circular,1.282094241059635,1.1369621403424255
GradientBoosting,LeaveOneShapeOut,1,379,circular,1.2945158603944777,1.1231324369667868
GradientBoosting,LeaveOneShapeOut,1,380,circular,1.3544066431861226,1.1231324369667868
GradientBoosting,LeaveOneShapeOut,1,381,circular,1.3622828817848462,1.1243175091975819
GradientBoosting,LeaveOneShapeOut,1,382,circular,1.2468443947618897,1.0834061623212787
GradientBoosting,LeaveOneShapeOut,1,383,circular,1.2672884252356018,1.1096599499553208
GradientBoosting,LeaveOneShapeOut,1,384,circular,1.291555198923066,1.113938144575469
GradientBoosting,LeaveOneShapeOut,1,385,circular,1.288675645238375,1.113938144575469
GradientBoosting,LeaveOneShapeOut,1,386,circular,1.2490609221562923,1.113938144575469
GradientBoosting,LeaveOneShapeOut,1,387,circular,1.286870529047561,1.113938144575469
GradientBoosting,LeaveOneShapeOut,1,388,circular,1.3438725632484756,1.0948570250704694
GradientBoosting,LeaveOneShapeOut,1,389,circular,1.2257063169875246,1.0609815566900211
GradientBoosting,LeaveOneShapeOut,1,390,circular,1.2791487844243277,1.0801994658282084
GradientBoosting,LeaveOneShapeOut,1,391,circular,1.2670605513611748,1.0627921199379327
GradientBoosting,LeaveOneShapeOut,1,392,circular,1.2441530285865783,1.0801994658282084
GradientBoosting,LeaveOneShapeOut,1,393,circular,1.2673463190737095,1.0801994658282084
GradientBoosting,LeaveOneShapeOut,1,394,circular,1.2683585085983282,1.0801994658282084
GradientBoosting,LeaveOneShapeOut,1,395,circular,1.2823788993562046,1.1496521357631666
GradientBoosting,LeaveOneShapeOut,1,396,circular,1.235038553303725,1.130640982338133
GradientBoosting,LeaveOneShapeOut,1,397,circular,1.3200127286601904,1.1302930614769555
GradientBoosting,LeaveOneShapeOut,1,398,circular,1.3516993360623062,1.1302930614769555
GradientBoosting,LeaveOneShapeOut,1,399,circular,1.1456366091921784,0.9934911774163674
GradientBoosting,LeaveOneShapeOut,1,400,circular,1.1575768700669187,0.9934911774163674
GradientBoosting,LeaveOneShapeOut,1,401,circular,1.1764299135533505,0.9934911774163674
GradientBoosting,LeaveOneShapeOut,1,402,circular,1.158563920860915,0.9370875381015585
GradientBoosting,LeaveOneShapeOut,1,403,circular,1.0769816123297524,0.9370875381015585
GradientBoosting,LeaveOneShapeOut,1,404,circular,1.1257407180116425,0.9370875381015585
GradientBoosting,LeaveOneShapeOut,1,405,circular,0.9885270233776388,0.9762395761936193
GradientBoosting,LeaveOneShapeOut,1,406,circular,1.0783931164119696,0.9762395761936193
GradientBoosting,LeaveOneShapeOut,1,407,circular,1.0361031902781668,0.9762395761936193
GradientBoosting,LeaveOneShapeOut,1,408,circular,1.0869105743635306,0.977927825053194
GradientBoosting,LeaveOneShapeOut,1,409,circular,1.1448031386011281,0.977927825053194
GradientBoosting,LeaveOneShapeOut,1,410,circular,1.0465299957494056,0.977927825053194
GradientBoosting,LeaveOneShapeOut,1,411,circular,1.1966957273711798,1.0456438136682922
GradientBoosting,LeaveOneShapeOut,1,412,circular,1.1633442640197864,1.0456438136682922
GradientBoosting,LeaveOneShapeOut,1,413,circular,1.1689970544183277,1.0456438136682922
GradientBoosting,LeaveOneShapeOut,1,414,circular,1.200839968966233,1.0177575640141843
GradientBoosting,LeaveOneShapeOut,1,415,circular,1.1248508298347624,1.0177575640141843
GradientBoosting,LeaveOneShapeOut,1,416,circular,1.209479105433616,1.0177575640141843
GradientBoosting,LeaveOneShapeOut,1,417,circular,1.108420440267482,0.9850460823869774
GradientBoosting,LeaveOneShapeOut,1,418,circular,1.1193408386937624,0.9850460823869774
GradientBoosting,LeaveOneShapeOut,1,419,circular,1.0705333436865083,0.9850460823869774
GradientBoosting,LeaveOneShapeOut,1,420,circular,1.1115066128395268,0.9686112154338619
GradientBoosting,LeaveOneShapeOut,1,421,circular,1.143938834802967,0.9686112154338619
GradientBoosting,LeaveOneShapeOut,1,422,circular,1.117630616216053,0.9686112154338619
GradientBoosting,LeaveOneShapeOut,1,423,circular,1.250094356066993,1.0192351491209513
GradientBoosting,LeaveOneShapeOut,1,424,circular,1.255615974247501,1.0192351491209513
GradientBoosting,LeaveOneShapeOut,1,425,circular,1.2175168088019963,1.0192351491209513
GradientBoosting,LeaveOneShapeOut,1,426,circular,1.2950278181808799,0.9809846029435886
GradientBoosting,LeaveOneShapeOut,1,427,circular,1.2126169570239147,0.9809846029435886
GradientBoosting,LeaveOneShapeOut,1,428,circular,1.2243899371891955,0.9809846029435886
GradientBoosting,LeaveOneShapeOut,1,429,circular,1.1743142604760686,0.9708327312770888
GradientBoosting,LeaveOneShapeOut,1,430,circular,1.2139187167349488,0.9708327312770888
GradientBoosting,LeaveOneShapeOut,1,431,circular,1.1932738406000005,0.9708327312770888
GradientBoosting,LeaveOneShapeOut,1,432,circular,1.1603149777096642,0.9662601352001676
GradientBoosting,LeaveOneShapeOut,1,433,circular,1.1732156482628429,0.9662601352001676
GradientBoosting,LeaveOneShapeOut,1,434,circular,1.1383551696124758,0.9662601352001676
GradientBoosting,LeaveOneShapeOut,1,435,circular,1.136205061407592,0.9564364828488878
GradientBoosting,LeaveOneShapeOut,1,436,circular,1.1837321055556502,0.991361556169696
GradientBoosting,LeaveOneShapeOut,1,437,circular,1.1285449094648452,1.0194454968799433
GradientBoosting,LeaveOneShapeOut,1,438,circular,1.1227523900855292,1.0606226431617392
GradientBoosting,LeaveOneShapeOut,1,439,circular,1.167311509591246,0.9453779550331278
GradientBoosting,LeaveOneShapeOut,1,440,circular,1.244275159310521,0.991361556169696
GradientBoosting,LeaveOneShapeOut,1,441,circular,1.2059882136778968,1.0083869690641831
GradientBoosting,LeaveOneShapeOut,1,442,circular,1.2660904399745998,1.049564115345979
GradientBoosting,LeaveOneShapeOut,1,443,circular,1.2193656335090768,1.001143257187126
GradientBoosting,LeaveOneShapeOut,1,444,circular,1.0980365335263236,0.9719382387883423
GradientBoosting,LeaveOneShapeOut,1,445,circular,1.094780679517756,1.0064847394570016
GradientBoosting,LeaveOneShapeOut,1,446,circular,1.1254903843034576,1.0394691654106507
GradientBoosting,LeaveOneShapeOut,1,447,circular,1.1811788280767848,1.0538209575288164
GradientBoosting,LeaveOneShapeOut,1,448,circular,1.2437399821086135,1.052853668337572
GradientBoosting,LeaveOneShapeOut,1,449,circular,1.2577319063356134,1.06451845488262
GradientBoosting,LeaveOneShapeOut,1,450,circular,1.1121276540275178,1.0538209575288164
GradientBoosting,LeaveOneShapeOut,1,451,circular,1.189648160647048,1.052853668337572
GradientBoosting,LeaveOneShapeOut,1,452,circular,1.25195418927106,1.06451845488262
GradientBoosting,LeaveOneShapeOut,1,453,circular,1.1678173543464752,1.056790505964871
GradientBoosting,LeaveOneShapeOut,1,454,circular,1.2150073469027478,1.0558232167736266
GradientBoosting,LeaveOneShapeOut,1,455,circular,1.2418209384769063,1.0674880033186747
GradientBoosting,LeaveOneShapeOut,1,456,circular,1.198140263818663,1.0538209575288164
GradientBoosting,LeaveOneShapeOut,1,457,circular,1.1855044785086055,1.0538209575288164
GradientBoosting,LeaveOneShapeOut,1,458,circular,1.2090963058671387,1.0538209575288164
GradientBoosting,LeaveOneShapeOut,1,459,circular,1.3259799981856513,1.052853668337572
GradientBoosting,LeaveOneShapeOut,1,460,circular,1.299020194398419,1.052853668337572
GradientBoosting,LeaveOneShapeOut,1,461,circular,1.3434363952751693,1.052853668337572
GradientBoosting,LeaveOneShapeOut,1,462,circular,1.281033681703701,1.06451845488262
GradientBoosting,LeaveOneShapeOut,1,463,circular,1.2523021338937257,1.06451845488262
GradientBoosting,LeaveOneShapeOut,1,464,circular,1.2935766863339573,1.06451845488262
GradientBoosting,LeaveOneShapeOut,1,465,circular,1.1250605898685158,1.056790505964871
GradientBoosting,LeaveOneShapeOut,1,466,circular,1.1263474694221658,1.056790505964871
GradientBoosting,LeaveOneShapeOut,1,467,circular,1.1413646115604044,1.056790505964871
GradientBoosting,LeaveOneShapeOut,1,468,circular,1.2494831646191205,1.0558232167736266
GradientBoosting,LeaveOneShapeOut,1,469,circular,1.2330886261133327,1.0558232167736266
GradientBoosting,LeaveOneShapeOut,1,470,circular,1.2417298628121878,1.0558232167736266
GradientBoosting,LeaveOneShapeOut,1,471,circular,1.265565498136139,1.0674880033186747
GradientBoosting,LeaveOneShapeOut,1,472,circular,1.261434568255463,1.0674880033186747
GradientBoosting,LeaveOneShapeOut,1,473,circular,1.2814067423059525,1.0674880033186747
GradientBoosting,LeaveOneShapeOut,1,474,circular,1.1412579581680564,1.056790505964871
GradientBoosting,LeaveOneShapeOut,1,475,circular,1.1639612532058294,1.056790505964871
GradientBoosting,LeaveOneShapeOut,1,476,circular,1.1683730857239734,1.0531656273537975
GradientBoosting,LeaveOneShapeOut,1,477,circular,1.1826622653806047,1.0558232167736266
GradientBoosting,LeaveOneShapeOut,1,478,circular,1.2042128286825535,1.0558232167736266
GradientBoosting,LeaveOneShapeOut,1,479,circular,1.1994765786206814,1.061337146185221
GradientBoosting,LeaveOneShapeOut,1,480,circular,1.2300282858041112,1.0674880033186747
GradientBoosting,LeaveOneShapeOut,1,481,circular,1.2323447321023147,1.0674880033186747
GradientBoosting,LeaveOneShapeOut,1,482,circular,1.2559683700923228,1.0730019327302691
GradientBoosting,LeaveOneShapeOut,1,483,circular,1.097409187610453,1.0031437645388843
GradientBoosting,LeaveOneShapeOut,1,484,circular,1.12554788472867,1.0031437645388843
GradientBoosting,LeaveOneShapeOut,1,485,circular,1.1529675365057692,1.0664387647183053
GradientBoosting,LeaveOneShapeOut,1,486,circular,1.1852281853374391,1.0664387647183053
GradientBoosting,LeaveOneShapeOut,1,487,circular,1.122012685118459,1.0665011264479742
GradientBoosting,LeaveOneShapeOut,1,488,circular,1.1015644821562767,1.0665011264479742
GradientBoosting,LeaveOneShapeOut,1,489,circular,1.0637998792821723,0.9570013160889496
GradientBoosting,LeaveOneShapeOut,1,490,circular,1.07947210172219,0.9570013160889496
GradientBoosting,LeaveOneShapeOut,1,491,circular,0.9842650644053778,0.9502405270634788
GradientBoosting,LeaveOneShapeOut,1,492,circular,1.0221405808078126,0.9502405270634788
GradientBoosting,LeaveOneShapeOut,1,493,circular,1.2803725519731772,1.0065917989751791
GradientBoosting,LeaveOneShapeOut,1,494,circular,1.2443901851729942,1.0065917989751791
GradientBoosting,LeaveOneShapeOut,1,495,circular,1.1680967901425083,1.066707103515829
GradientBoosting,LeaveOneShapeOut,1,496,circular,1.1555366096033417,1.066707103515829
GradientBoosting,LeaveOneShapeOut,1,497,circular,1.1389998201135163,1.0652342187544348
GradientBoosting,LeaveOneShapeOut,1,498,circular,1.0616452868758604,1.0652342187544348
GradientBoosting,LeaveOneShapeOut,1,499,circular,1.0846139454825912,0.9480708370055061
GradientBoosting,LeaveOneShapeOut,1,500,circular,1.0813816522675768,0.9480708370055061
GradientBoosting,LeaveOneShapeOut,1,501,circular,1.0516109537673108,0.9489736193699397
GradientBoosting,LeaveOneShapeOut,1,502,circular,1.0771791624586369,0.9489736193699397
GradientBoosting,LeaveOneShapeOut,1,503,circular,1.2520069830423897,1.0051807480835564
GradientBoosting,LeaveOneShapeOut,1,504,circular,1.2664978046053803,1.0051807480835564
GradientBoosting,LeaveOneShapeOut,1,505,circular,1.1509658965396408,1.063823167862812
GradientBoosting,LeaveOneShapeOut,1,506,circular,1.110275183025613,1.063823167862812
GradientBoosting,LeaveOneShapeOut,1,507,circular,1.0614219390071202,0.9475625684783172
GradientBoosting,LeaveOneShapeOut,1,508,circular,1.0794121413631732,0.9475625684783172
GradientBoosting,LeaveOneShapeOut,1,509,circular,1.2207707577349554,1.1049003511790523
GradientBoosting,LeaveOneShapeOut,1,510,circular,1.216295289923274,1.1034893002874295
GradientBoosting,LeaveOneShapeOut,1,511,circular,1.2763529435507894,1.1478866124975748
GradientBoosting,LeaveOneShapeOut,1,512,circular,1.246315770469367,1.1478866124975748
GradientBoosting,LeaveOneShapeOut,1,513,circular,1.4600404038278534,1.095529976559275
GradientBoosting,LeaveOneShapeOut,1,514,circular,1.3551376186293855,1.095529976559275
GradientBoosting,LeaveOneShapeOut,1,515,circular,1.4154313194801356,1.0996147549334316
GradientBoosting,LeaveOneShapeOut,1,516,circular,1.3991619939688698,1.0996147549334316
GradientBoosting,LeaveOneShapeOut,1,517,circular,1.3422696164404564,1.0879047169955725
GradientBoosting,LeaveOneShapeOut,1,518,circular,1.3377349217903196,1.0879047169955725
GradientBoosting,LeaveOneShapeOut,1,519,circular,1.4737078098499086,1.0833243581058327
GradientBoosting,LeaveOneShapeOut,1,520,circular,1.42382207298616,1.0890256741934603
GradientBoosting,LeaveOneShapeOut,1,521,circular,1.4600404038278534,1.095529976559275
GradientBoosting,LeaveOneShapeOut,1,522,circular,1.3551376186293855,1.1012312926469026
GradientBoosting,LeaveOneShapeOut,1,523,circular,1.4602452591610375,1.0374277299416026
GradientBoosting,LeaveOneShapeOut,1,524,circular,1.3551804572773791,1.0374277299416026
GradientBoosting,LeaveOneShapeOut,1,525,circular,1.261950280076963,0.9587013004091258
GradientBoosting,LeaveOneShapeOut,1,526,circular,1.2070770909871522,0.9587013004091258
GradientBoosting,LeaveOneShapeOut,1,527,circular,1.2872591031213836,0.9587013004091258
GradientBoosting,LeaveOneShapeOut,1,528,circular,1.2295175877440858,0.9587013004091258
GradientBoosting,LeaveOneShapeOut,1,529,circular,1.0749994218548684,0.9989536609047367
GradientBoosting,LeaveOneShapeOut,1,530,circular,1.1455487199286842,1.018312735190948
GradientBoosting,LeaveOneShapeOut,1,531,circular,1.1156002980635482,1.0140580909944572
GradientBoosting,LeaveOneShapeOut,1,532,circular,1.1812493418381194,1.0170276394305118
GradientBoosting,LeaveOneShapeOut,1,533,circular,1.1703975528389767,1.032164203838246
GradientBoosting,LeaveOneShapeOut,1,534,circular,1.178400362037723,0.9896161840344014
GradientBoosting,LeaveOneShapeOut,1,535,circular,1.14403126667179,0.998459808261498
GradientBoosting,LeaveOneShapeOut,1,536,circular,1.1042621429645079,1.0165604487805602
GradientBoosting,LeaveOneShapeOut,1,537,circular,1.1118741096181768,0.9553740072900848
GradientBoosting,LeaveOneShapeOut,1,538,circular,1.0975680037783655,0.9631869329974242
GradientBoosting,LeaveOneShapeOut,1,539,circular,1.1234142745770122,0.9794880297592916
GradientBoosting,LeaveOneShapeOut,1,540,circular,1.136360554615098,1.055863113136214
GradientBoosting,LeaveOneShapeOut,1,541,circular,1.2168271823181187,1.055863113136214
GradientBoosting,LeaveOneShapeOut,1,542,circular,1.213506864240547,1.055863113136214
GradientBoosting,LeaveOneShapeOut,1,543,circular,1.3390171937925537,1.073062344638823
GradientBoosting,LeaveOneShapeOut,1,544,circular,1.2679319917387057,1.073062344638823
GradientBoosting,LeaveOneShapeOut,1,545,circular,1.2216366617289183,1.073062344638823
GradientBoosting,LeaveOneShapeOut,1,546,circular,1.1939933015828132,0.997351506452996
GradientBoosting,LeaveOneShapeOut,1,547,circular,1.2313271775294552,0.997351506452996
GradientBoosting,LeaveOneShapeOut,1,548,circular,1.2657307970870473,0.997351506452996
GradientBoosting,LeaveOneShapeOut,1,549,circular,1.2987951649060503,0.9439667179310356
GradientBoosting,LeaveOneShapeOut,1,550,circular,1.2045657462863062,0.9296008045545116
GradientBoosting,LeaveOneShapeOut,1,551,circular,1.1706389361953242,0.9372643759444159
GradientBoosting,LeaveOneShapeOut,1,552,circular,1.2974059019704027,0.9479053399046895
GradientBoosting,LeaveOneShapeOut,1,553,circular,1.2336684323588558,0.9479053399046895
GradientBoosting,LeaveOneShapeOut,1,554,circular,1.2434786890775043,0.9479053399046895
GradientBoosting,LeaveOneShapeOut,1,555,circular,1.24744725501182,1.0595564354329048
GradientBoosting,LeaveOneShapeOut,1,556,circular,1.2255351324166173,1.0355173961310558
GradientBoosting,LeaveOneShapeOut,1,557,circular,1.212461976536215,1.0190804974401952
GradientBoosting,LeaveOneShapeOut,1,558,circular,1.2390348241766387,1.0433000196599926
GradientBoosting,LeaveOneShapeOut,1,559,circular,1.3099147850734096,1.0718693877944914
GradientBoosting,LeaveOneShapeOut,1,560,circular,1.1191135566181951,1.0298594115771216
GradientBoosting,LeaveOneShapeOut,1,561,circular,1.125520396023584,1.0298594115771216
GradientBoosting,LeaveOneShapeOut,1,562,circular,1.0688796897447055,0.9786486924287786
GradientBoosting,LeaveOneShapeOut,1,563,circular,1.0709849653873482,0.9786368388768433
GradientBoosting,LeaveOneShapeOut,1,564,circular,1.1103910581529506,1.004215146367945
GradientBoosting,LeaveOneShapeOut,1,565,circular,1.1128519849889325,1.0011784316182095
GradientBoosting,LeaveOneShapeOut,1,566,circular,1.0119426075976625,0.9616777244245233
GradientBoosting,LeaveOneShapeOut,1,567,circular,1.0587853148826611,0.9974772869365834
GradientBoosting,LeaveOneShapeOut,1,568,circular,1.169989109233401,0.9106501161791992
GradientBoosting,LeaveOneShapeOut,1,569,circular,1.4822375104324539,1.122863566468602
GradientBoosting,LeaveOneShapeOut,1,570,circular,1.1172119113349281,1.1086888302440197
GradientBoosting,LeaveOneShapeOut,1,571,circular,1.1955313826950031,1.1120738319626697
GradientBoosting,LeaveOneShapeOut,1,572,circular,1.1672017543078723,1.1098487920110947
GradientBoosting,LeaveOneShapeOut,1,573,circular,1.5017169424717123,1.0473056861170327
GradientBoosting,LeaveOneShapeOut,1,574,circular,1.4594150567682838,1.0473056861170327
GradientBoosting,LeaveOneShapeOut,1,575,circular,1.4752782639070696,1.0473056861170327
GradientBoosting,LeaveOneShapeOut,1,576,circular,1.419519117076611,1.0691866212215178
GradientBoosting,LeaveOneShapeOut,1,577,circular,1.4377180801160547,1.0691866212215178
GradientBoosting,LeaveOneShapeOut,1,578,circular,1.0939191567339017,0.9647425604956392
GradientBoosting,LeaveOneShapeOut,1,579,circular,1.1082076544678416,0.9647425604956392
GradientBoosting,LeaveOneShapeOut,1,580,circular,1.1189148124866442,0.94170193028685
GradientBoosting,LeaveOneShapeOut,1,581,circular,1.125154244488275,0.9372705067658119
GradientBoosting,LeaveOneShapeOut,1,582,circular,1.1253876898014403,0.9577506351202721
GradientBoosting,LeaveOneShapeOut,1,583,circular,1.103812716496891,0.9577506351202721
GradientBoosting,LeaveOneShapeOut,1,584,circular,1.0985823082868367,0.9647425604956392
GradientBoosting,LeaveOneShapeOut,1,585,circular,1.0973071033105124,0.9647425604956392
GradientBoosting,LeaveOneShapeOut,1,586,circular,1.07813229112156,0.985045554251706
GradientBoosting,LeaveOneShapeOut,1,587,circular,1.0720181076632134,0.9705042049176108
GradientBoosting,LeaveOneShapeOut,1,588,circular,1.0996992675102513,0.9610270287382803
GradientBoosting,LeaveOneShapeOut,1,589,circular,1.1065761847263786,0.9610270287382803
GradientBoosting,LeaveOneShapeOut,1,590,circular,1.0891297555800707,0.9647425604956392
GradientBoosting,LeaveOneShapeOut,1,591,circular,1.1179292663043983,0.9660185833451638
GradientBoosting,LeaveOneShapeOut,1,592,circular,1.1027615541905644,0.9629030032042311
GradientBoosting,LeaveOneShapeOut,1,593,circular,1.1083054834975656,0.9647425604956392
GradientBoosting,LeaveOneShapeOut,1,594,circular,1.0963834458272042,0.9610270287382803
GradientBoosting,LeaveOneShapeOut,1,595,circular,1.1121008667663637,0.9647425604956392
GradientBoosting,LeaveOneShapeOut,1,596,circular,1.1104141617106007,0.9647425604956392
GradientBoosting,LeaveOneShapeOut,1,597,circular,1.1053752629591076,0.9647425604956392
GradientBoosting,LeaveOneShapeOut,1,598,circular,1.101641173779054,0.9647425604956392
GradientBoosting,LeaveOneShapeOut,1,599,circular,1.4737078098499086,1.0833243581058327
GradientBoosting,LeaveOneShapeOut,1,600,circular,1.3552291847985056,1.0890256741934603
GradientBoosting,LeaveOneShapeOut,1,601,circular,1.4600404038278534,1.095529976559275
GradientBoosting,LeaveOneShapeOut,1,602,circular,1.3551376186293855,1.1012312926469026
GradientBoosting,LeaveOneShapeOut,1,603,circular,1.1982356859759895,1.0945695605691024
GradientBoosting,LeaveOneShapeOut,1,604,circular,1.3597925128136246,1.092662701208258
GradientBoosting,LeaveOneShapeOut,1,605,circular,1.3584960645166095,1.0743890465800279
GradientBoosting,LeaveOneShapeOut,1,606,circular,1.3100033270154159,1.0743890465800279
GradientBoosting,LeaveOneShapeOut,1,607,circular,1.2913700832474397,1.1070717640769816
GradientBoosting,LeaveOneShapeOut,1,608,circular,1.4978151073335477,1.128273732137783
GradientBoosting,LeaveOneShapeOut,1,609,circular,1.2096830310287026,1.0652101587265772
GradientBoosting,LeaveOneShapeOut,1,610,circular,1.2873230266774571,1.0652101587265772
GradientBoosting,LeaveOneShapeOut,1,611,circular,1.4530112728655133,1.0906411238838984
GradientBoosting,LeaveOneShapeOut,1,612,circular,1.4109684844565789,1.0906411238838984
GradientBoosting,LeaveOneShapeOut,1,613,circular,1.2390348241766387,1.0433000196599926
GradientBoosting,LeaveOneShapeOut,1,614,circular,1.3099147850734096,1.0718693877944914
GradientBoosting,LeaveOneShapeOut,1,615,circular,1.306829976743478,1.0300439323549924
GradientBoosting,LeaveOneShapeOut,1,616,circular,1.290747621841903,1.0300439323549924
GradientBoosting,LeaveOneShapeOut,1,617,circular,1.3332390142216342,1.0488629565588128
GradientBoosting,LeaveOneShapeOut,1,618,circular,1.3086128646971864,1.0488629565588128
GradientBoosting,LeaveOneShapeOut,1,619,circular,1.3199099921891184,1.0488629565588128
GradientBoosting,LeaveOneShapeOut,1,620,circular,1.3389618107830723,1.0488629565588128
GradientBoosting,LeaveOneShapeOut,1,621,circular,1.330175403702272,1.0534362315971664
GradientBoosting,LeaveOneShapeOut,1,622,circular,1.3453508784579917,1.0534362315971664
GradientBoosting,LeaveOneShapeOut,1,623,circular,1.3180270589589476,1.0579141831035324
GradientBoosting,LeaveOneShapeOut,1,624,circular,1.352620773381636,1.0579141831035324
GradientBoosting,LeaveOneShapeOut,1,625,circular,1.2617665934601323,1.05529454176194
GradientBoosting,LeaveOneShapeOut,1,626,circular,1.3285906550290896,1.1063582339573579
GradientBoosting,LeaveOneShapeOut,1,627,circular,1.3313087177790965,1.1041553952668826
GradientBoosting,LeaveOneShapeOut,1,628,circular,1.4053136480542652,1.1041553952668826
GradientBoosting,LeaveOneShapeOut,1,629,circular,1.3001385373329486,1.134357610088252
GradientBoosting,LeaveOneShapeOut,1,630,circular,1.2362028679086534,1.1214189596615602
GradientBoosting,LeaveOneShapeOut,1,631,circular,1.2965312518289938,1.1214189596615602
GradientBoosting,LeaveOneShapeOut,1,632,circular,1.3204525886930352,1.0659981014490174
GradientBoosting,LeaveOneShapeOut,1,633,circular,1.2966698880718244,1.1225818854100449
GradientBoosting,LeaveOneShapeOut,1,634,circular,1.3546268449969268,1.14849485999393
GradientBoosting,LeaveOneShapeOut,1,635,circular,1.3040760471428814,1.1116040849552107
GradientBoosting,LeaveOneShapeOut,1,636,circular,1.2239856207435866,1.1375170595390958
GradientBoosting,LeaveOneShapeOut,1,637,circular,1.2280509343017207,1.0553430909580108
GradientBoosting,LeaveOneShapeOut,1,638,circular,1.1604974665781171,1.0553430909580108
GradientBoosting,LeaveOneShapeOut,1,639,circular,1.2478356905643953,1.0740560274891602
GradientBoosting,LeaveOneShapeOut,1,640,circular,1.2598277046755322,1.0740560274891602
GradientBoosting,LeaveOneShapeOut,1,641,circular,1.2968281953681047,1.0724119796428468
GradientBoosting,LeaveOneShapeOut,1,642,circular,1.2886129941304787,1.0724119796428468
GradientBoosting,LeaveOneShapeOut,1,643,circular,1.3357650442006035,1.0206002614002438
GradientBoosting,LeaveOneShapeOut,1,644,circular,1.2936721089566459,1.102725841329082
GradientBoosting,LeaveOneShapeOut,1,645,circular,1.275484545351331,1.1050095483271127
GradientBoosting,LeaveOneShapeOut,1,646,circular,1.2903183386642592,1.1079790967631673
GradientBoosting,LeaveOneShapeOut,1,647,circular,1.2604272961433265,1.05464076300847
GradientBoosting,LeaveOneShapeOut,1,648,circular,1.2110363638509196,1.0576103114445246
GradientBoosting,LeaveOneShapeOut,1,649,circular,1.2889693276319096,1.0431368790228597
GradientBoosting,LeaveOneShapeOut,1,650,circular,1.212706933739826,1.0461064274589142
GradientBoosting,LeaveOneShapeOut,1,651,circular,1.2996749058776849,1.034367130663869
GradientBoosting,LeaveOneShapeOut,1,652,circular,1.3569351531659213,1.0322269544630844
GradientBoosting,LeaveOneShapeOut,1,653,circular,1.0862451776135187,1.032527263769902
GradientBoosting,LeaveOneShapeOut,1,654,circular,1.460895937684224,1.0718693877944914
GradientBoosting,LeaveOneShapeOut,1,655,circular,1.130075412633195,1.0861343647494548
GradientBoosting,LeaveOneShapeOut,1,656,circular,1.3167453220865304,1.0433000196599926
GradientBoosting,LeaveOneShapeOut,1,657,circular,1.0294808161480307,1.0821084507337817
GradientBoosting,LeaveOneShapeOut,1,658,circular,1.4071107610604239,1.0578452342226474
GradientBoosting,LeaveOneShapeOut,1,659,circular,1.3379552763636882,1.0618283437354175
GradientBoosting,LeaveOneShapeOut,1,660,circular,1.458792166328811,1.0964227969718017
GradientBoosting,LeaveOneShapeOut,1,661,circular,1.4286071933023912,1.0981807767908809
GradientBoosting,LeaveOneShapeOut,1,662,circular,1.271291189652216,1.0839488017154
GradientBoosting,LeaveOneShapeOut,1,663,circular,1.2934006016461677,1.0839488017154
GradientBoosting,LeaveOneShapeOut,1,664,circular,1.1975931496723773,1.106627143307552
GradientBoosting,LeaveOneShapeOut,1,665,circular,1.2528666796572563,1.106627143307552
GradientBoosting,LeaveOneShapeOut,1,666,circular,1.5184172955589565,1.0108155582655545
GradientBoosting,LeaveOneShapeOut,1,667,circular,1.4512515359158664,1.0240719829884082
GradientBoosting,LeaveOneShapeOut,1,668,circular,1.3748654480428981,1.026748988618516
GradientBoosting,LeaveOneShapeOut,1,669,circular,1.3665698621385245,1.0860129843825823
GradientBoosting,LeaveOneShapeOut,1,670,circular,1.2676699633975275,1.1050518703386625
GradientBoosting,LeaveOneShapeOut,1,671,circular,1.3556201734388373,1.0999839493288308
GradientBoosting,LeaveOneShapeOut,1,672,circular,1.305064619754932,1.0284239058361722
GradientBoosting,LeaveOneShapeOut,1,673,circular,1.32021833450372,0.9827665724907463
GradientBoosting,LeaveOneShapeOut,2,1070,double_skin,1.085038340528937,1.0932432146698117
GradientBoosting,LeaveOneShapeOut,2,1071,double_skin,1.1307693397708407,1.0932432146698117
GradientBoosting,LeaveOneShapeOut,2,1072,double_skin,1.0996757650456859,1.121662543270577
GradientBoosting,LeaveOneShapeOut,2,1073,double_skin,1.0955063337593287,1.121662543270577
GradientBoosting,LeaveOneShapeOut,2,1074,double_skin,1.0756310351027727,1.087532211710512
GradientBoosting,LeaveOneShapeOut,2,1075,double_skin,1.0867084948700119,1.087532211710512
GradientBoosting,LeaveOneShapeOut,2,1076,double_skin,1.078951380583492,1.0861552802782244
GradientBoosting,LeaveOneShapeOut,2,1077,double_skin,1.1120537623900697,1.0861552802782244
GradientBoosting,LeaveOneShapeOut,2,1078,double_skin,0.9745069526860598,0.9846062094789385
GradientBoosting,LeaveOneShapeOut,2,1079,double_skin,1.0646821079762672,1.098950684159917
GradientBoosting,LeaveOneShapeOut,2,1080,double_skin,1.1010472395690756,0.9869696209189067
GradientBoosting,LeaveOneShapeOut,2,1081,double_skin,1.225138376683646,1.0903899205987042
GradientBoosting,LeaveOneShapeOut,2,1082,double_skin,1.1018703915453945,1.1033725152747984
GradientBoosting,LeaveOneShapeOut,2,1083,double_skin,1.1117531732571484,1.1102673664565912
GradientBoosting,LeaveOneShapeOut,2,1084,double_skin,1.0289488059110257,1.1124020357577042
GradientBoosting,LeaveOneShapeOut,2,1085,double_skin,1.0680368452044127,1.1124020357577042
GradientBoosting,LeaveOneShapeOut,2,1086,double_skin,1.096170096752698,1.1124020357577042
GradientBoosting,LeaveOneShapeOut,2,1087,double_skin,1.03783253235919,1.0907744026366402
GradientBoosting,LeaveOneShapeOut,2,1088,double_skin,1.0932965515293875,1.1352196271081796
GradientBoosting,LeaveOneShapeOut,2,1089,double_skin,1.02957641998359,1.1087477947499296
GradientBoosting,LeaveOneShapeOut,2,1090,double_skin,1.0746685761783692,1.1376772072401904
GradientBoosting,LeaveOneShapeOut,2,1091,double_skin,1.1213393502795104,1.0932432146698117
GradientBoosting,LeaveOneShapeOut,2,1092,double_skin,1.0767282149381492,1.087532211710512
GradientBoosting,LeaveOneShapeOut,2,1093,double_skin,1.1444650003334558,1.098950684159917
GradientBoosting,LeaveOneShapeOut,2,1094,double_skin,1.1217744716652154,1.098950684159917
GradientBoosting,LeaveOneShapeOut,2,1095,double_skin,1.1051765385217698,1.0874676647433439
GradientBoosting,LeaveOneShapeOut,2,1096,double_skin,1.0721243498738824,1.0786906670366982
GradientBoosting,LeaveOneShapeOut,2,1097,double_skin,1.0727233020246498,1.0786906670366982
GradientBoosting,LeaveOneShapeOut,2,1098,double_skin,1.0328141890843778,1.1405406235784032
GradientBoosting,LeaveOneShapeOut,2,1099,double_skin,1.0340676043623929,1.1405406235784032
GradientBoosting,LeaveOneShapeOut,2,1100,double_skin,1.1044529636638045,1.157846009581248
GradientBoosting,LeaveOneShapeOut,2,1101,double_skin,1.0451896339062345,1.157846009581248
GradientBoosting,LeaveOneShapeOut,2,1102,double_skin,1.1143853870796028,1.1532510028250542
GradientBoosting,LeaveOneShapeOut,2,1103,double_skin,1.1069890238910214,1.1532510028250542
GradientBoosting,LeaveOneShapeOut,2,1104,double_skin,0.9766044689625246,1.0721339659921651
GradientBoosting,LeaveOneShapeOut,2,1105,double_skin,0.9923366351292071,1.0721339659921651
GradientBoosting,LeaveOneShapeOut,2,1106,double_skin,0.9610692058037282,1.0547780043453356
GradientBoosting,LeaveOneShapeOut,2,1107,double_skin,0.9423152285064474,1.0547780043453356
GradientBoosting,LeaveOneShapeOut,2,1108,double_skin,1.1044520945092842,1.173363237955999
GradientBoosting,LeaveOneShapeOut,2,1109,double_skin,1.114995539845314,1.1789920769502906
GradientBoosting,LeaveOneShapeOut,2,1110,double_skin,1.0376183623927866,1.1330563001546583
GradientBoosting,LeaveOneShapeOut,2,1111,double_skin,1.0226716272060077,1.1385848378657524
GradientBoosting,LeaveOneShapeOut,2,1112,double_skin,0.8566693631248123,1.1428212247947915
GradientBoosting,LeaveOneShapeOut,2,1113,double_skin,0.9271998598645403,1.1078162499095277
GradientBoosting,LeaveOneShapeOut,2,1114,double_skin,0.925326410066718,1.1050349009747502
GradientBoosting,LeaveOneShapeOut,2,1115,double_skin,0.8703098302456302,1.0993238980154505
GradientBoosting,LeaveOneShapeOut,2,1116,double_skin,0.8377371765066377,1.0953098803215797
GradientBoosting,LeaveOneShapeOut,2,1117,double_skin,0.9498289887979507,1.1961123276772272
GradientBoosting,LeaveOneShapeOut,2,1118,double_skin,1.08597259320373,1.176132881463828
GradientBoosting,LeaveOneShapeOut,2,1119,double_skin,1.0088207083234033,1.1301971046681958
GradientBoosting,LeaveOneShapeOut,2,1120,double_skin,1.0115521801627119,1.1370887311452214
GradientBoosting,LeaveOneShapeOut,2,1121,double_skin,0.8984704650298727,1.1428212247947915
GradientBoosting,LeaveOneShapeOut,2,1122,double_skin,1.039472874890902,1.15117128448912
GradientBoosting,LeaveOneShapeOut,2,1123,double_skin,1.1529891151319303,1.145017118778664
GradientBoosting,LeaveOneShapeOut,2,1124,double_skin,1.0755686525440171,1.1526860354627333
GradientBoosting,LeaveOneShapeOut,2,1125,double_skin,1.095381595204616,1.1924456911575367
GradientBoosting,LeaveOneShapeOut,2,1126,double_skin,0.9405384463366621,1.1850854208845603
GradientBoosting,LeaveOneShapeOut,2,1127,double_skin,1.0737288534035496,1.1303373798474416
GradientBoosting,LeaveOneShapeOut,2,1128,double_skin,1.1435178814495957,1.1303373798474416
GradientBoosting,LeaveOneShapeOut,2,1129,double_skin,1.178103801296056,1.1437647508003148
GradientBoosting,LeaveOneShapeOut,2,1130,double_skin,1.2557662574613244,1.1437647508003148
GradientBoosting,LeaveOneShapeOut,2,1131,double_skin,1.3850144700222473,1.2272805133333868
GradientBoosting,LeaveOneShapeOut,2,1132,double_skin,1.2741028012909297,1.2227941624445964
GradientBoosting,LeaveOneShapeOut,2,1133,double_skin,1.1076538497478212,1.2271846247658926
GradientBoosting,LeaveOneShapeOut,2,1134,double_skin,1.3912993667134212,1.2064115074719217
GradientBoosting,LeaveOneShapeOut,2,1135,double_skin,1.2084578394434637,1.2064115074719217
GradientBoosting,LeaveOneShapeOut,2,1136,double_skin,1.0662309050346463,1.1977644840019728
GradientBoosting,LeaveOneShapeOut,2,1137,double_skin,1.3910278943656207,1.2454608292777534
GradientBoosting,LeaveOneShapeOut,2,1138,double_skin,1.2494401288866919,1.2454608292777534
GradientBoosting,LeaveOneShapeOut,2,1139,double_skin,1.0611065431023565,1.219313192395753
GradientBoosting,LeaveOneShapeOut,2,1140,double_skin,1.1265716552931702,1.0512696354468376
GradientBoosting,LeaveOneShapeOut,2,1141,double_skin,1.1054702040301776,1.0512696354468376
GradientBoosting,LeaveOneShapeOut,2,1142,double_skin,1.037793772205827,1.0826194655371768
GradientBoosting,LeaveOneShapeOut,2,1143,double_skin,1.0980070627433665,1.1118407688664422
GradientBoosting,LeaveOneShapeOut,2,1144,double_skin,0.952786773799889,1.108169637234651
GradientBoosting,LeaveOneShapeOut,2,1145,double_skin,0.956328732066803,1.108169637234651
GradientBoosting,LeaveOneShapeOut,2,1146,double_skin,1.035432466694551,1.0869286232595863
GradientBoosting,LeaveOneShapeOut,2,1147,double_skin,1.2459290652252117,1.1098105452939568
GradientBoosting,LeaveOneShapeOut,2,1148,double_skin,1.1780991161155296,1.1098105452939568
GradientBoosting,LeaveOneShapeOut,2,1149,double_skin,1.2425629198117052,1.134185108467415
GradientBoosting,LeaveOneShapeOut,2,1150,double_skin,1.1950105950934535,1.134185108467415
GradientBoosting,LeaveOneShapeOut,2,1151,double_skin,1.1430301000371028,1.1526989456658183
GradientBoosting,LeaveOneShapeOut,2,1152,double_skin,1.205630125799784,1.1526989456658183
GradientBoosting,LeaveOneShapeOut,2,1153,double_skin,1.1582772195696889,1.117892991983166
GradientBoosting,LeaveOneShapeOut,2,1154,double_skin,1.2243646398794856,1.117892991983166
GradientBoosting,LeaveOneShapeOut,2,1155,double_skin,1.1906936635201972,1.2058277631245888
GradientBoosting,LeaveOneShapeOut,2,1156,double_skin,1.3287419115266383,1.2052140104470659
GradientBoosting,LeaveOneShapeOut,2,1157,double_skin,1.2177199842411268,1.1679493602384339
GradientBoosting,LeaveOneShapeOut,2,1158,double_skin,1.3477910529547756,1.196186113916901
GradientBoosting,LeaveOneShapeOut,2,1159,double_skin,1.1091406115462894,1.1493391745464783
GradientBoosting,LeaveOneShapeOut,2,1160,double_skin,1.035857858430026,1.1021815063156768
GradientBoosting,LeaveOneShapeOut,2,1161,double_skin,0.8642582113774562,1.1493391745464783
GradientBoosting,LeaveOneShapeOut,2,1162,double_skin,0.923191896996094,1.1493391745464783
GradientBoosting,LeaveOneShapeOut,2,1163,double_skin,1.201363899452847,1.1645167675418127
GradientBoosting,LeaveOneShapeOut,2,1164,double_skin,1.15866797014931,1.1773369037425496
GradientBoosting,LeaveOneShapeOut,2,1165,double_skin,1.1515242070091873,1.180118252677327
GradientBoosting,LeaveOneShapeOut,2,1166,double_skin,1.1492705924126416,1.1569896203970695
GradientBoosting,LeaveOneShapeOut,2,1167,double_skin,1.1614286895421577,1.1569896203970695
GradientBoosting,LeaveOneShapeOut,2,1168,double_skin,1.1362525663894414,1.1569896203970695
GradientBoosting,LeaveOneShapeOut,2,1169,double_skin,1.0023292495692915,1.0689915226653623
GradientBoosting,LeaveOneShapeOut,2,1170,double_skin,1.0379655867083115,1.0689915226653623
GradientBoosting,LeaveOneShapeOut,2,1171,double_skin,1.087347257855018,1.0689915226653623
GradientBoosting,LeaveOneShapeOut,2,1172,double_skin,1.0102026650026907,1.1168464607189323
GradientBoosting,LeaveOneShapeOut,2,1173,double_skin,1.2586656054794496,1.0985407761194026
GradientBoosting,LeaveOneShapeOut,2,1174,double_skin,1.1093270225801979,1.065212165380574
GradientBoosting,LeaveOneShapeOut,2,1175,double_skin,1.0777567524146088,1.0177532960799993
GradientBoosting,LeaveOneShapeOut,2,1176,double_skin,1.1859206173745473,1.0942196887900846
GradientBoosting,LeaveOneShapeOut,2,1177,double_skin,1.1699620861341617,1.069533252709892
GradientBoosting,LeaveOneShapeOut,2,1178,double_skin,1.1544495750720332,1.0177532960799993
GradientBoosting,LeaveOneShapeOut,2,1179,double_skin,1.3329145252832497,1.0934535825338363
GradientBoosting,LeaveOneShapeOut,2,1180,double_skin,1.205641907267419,1.065212165380574
GradientBoosting,LeaveOneShapeOut,2,1181,double_skin,1.1407355560413648,1.0177532960799993
GradientBoosting,LeaveOneShapeOut,2,1182,double_skin,1.3041326362828491,1.105395767152568
GradientBoosting,LeaveOneShapeOut,2,1183,double_skin,1.1439628464001368,1.0623799179038902
GradientBoosting,LeaveOneShapeOut,2,1184,double_skin,1.1481266550232272,1.1090337830988675
GradientBoosting,LeaveOneShapeOut,2,1185,double_skin,1.0121392730133485,1.0686506915328957
GradientBoosting,LeaveOneShapeOut,2,1186,double_skin,0.9262672594881625,1.021191822232321
GradientBoosting,LeaveOneShapeOut,2,1187,double_skin,1.2577788351521888,1.101402985482479
GradientBoosting,LeaveOneShapeOut,2,1188,double_skin,1.1173435891703658,1.0601666203904394
GradientBoosting,LeaveOneShapeOut,2,1189,double_skin,1.018187716323725,1.0009251590992043
GradientBoosting,LeaveOneShapeOut,2,1190,double_skin,1.3263049781030598,1.101402985482479
GradientBoosting,LeaveOneShapeOut,2,1191,double_skin,1.2883246413813407,1.101402985482479
GradientBoosting,LeaveOneShapeOut,2,1192,double_skin,1.1505403268106362,1.0601666203904394
GradientBoosting,LeaveOneShapeOut,2,1193,double_skin,1.1592896000500184,1.1085754730993227
GradientBoosting,LeaveOneShapeOut,2,1194,double_skin,0.997425534391608,1.0501579026216008
GradientBoosting,LeaveOneShapeOut,2,1195,double_skin,0.8713274711953296,1.000874260557298
GradientBoosting,LeaveOneShapeOut,2,1196,double_skin,1.0801872300676738,1.068254136626415
GradientBoosting,LeaveOneShapeOut,2,1197,double_skin,1.0678072880494998,1.068254136626415
GradientBoosting,LeaveOneShapeOut,2,1198,double_skin,0.9715805561173878,1.0474719403438575
GradientBoosting,LeaveOneShapeOut,2,1199,double_skin,1.1961804273378163,1.0474719403438575
GradientBoosting,LeaveOneShapeOut,2,1200,double_skin,1.0965491311483904,1.212194424657782
GradientBoosting,LeaveOneShapeOut,2,1201,double_skin,1.1073420862539893,1.2145942194532415
GradientBoosting,LeaveOneShapeOut,2,1202,double_skin,1.0462743926616123,1.1768801212982452
GradientBoosting,LeaveOneShapeOut,2,1203,double_skin,1.1043150678241378,1.1455332742510644
GradientBoosting,LeaveOneShapeOut,2,1204,double_skin,1.0485141237887667,1.1989715231636897
GradientBoosting,LeaveOneShapeOut,2,1205,double_skin,1.0673330704541268,1.1989715231636897
GradientBoosting,LeaveOneShapeOut,2,1206,double_skin,1.0353921611104167,1.1383870713438178
GradientBoosting,LeaveOneShapeOut,2,1207,double_skin,1.0948995314254935,1.1237789837717056
GradientBoosting,LeaveOneShapeOut,2,1208,double_skin,1.0039855380899558,1.1525175432317776
GradientBoosting,LeaveOneShapeOut,2,1209,double_skin,1.1134140776413095,1.1624620684915512
GradientBoosting,LeaveOneShapeOut,2,1210,double_skin,1.0631806389529381,1.1415893990874202
GradientBoosting,LeaveOneShapeOut,2,1211,double_skin,1.1145638976781345,1.1624620684915512
GradientBoosting,LeaveOneShapeOut,2,1212,double_skin,0.9527641983415764,1.1282733848828186
GradientBoosting,LeaveOneShapeOut,2,1213,double_skin,1.059617961514579,1.1704550391627615
GradientBoosting,LeaveOneShapeOut,2,1214,double_skin,0.9844503918635705,1.1287030359829313
GradientBoosting,LeaveOneShapeOut,2,1215,double_skin,1.0620631454927059,1.1704550391627615
GradientBoosting,LeaveOneShapeOut,2,1216,double_skin,1.315611535949616,1.1361710748498268
GradientBoosting,LeaveOneShapeOut,2,1217,double_skin,1.321493870216924,1.1361710748498268
GradientBoosting,LeaveOneShapeOut,2,1218,double_skin,1.300109647628024,1.1269228635256432
GradientBoosting,LeaveOneShapeOut,2,1219,double_skin,1.2213641571992742,1.1521750471449201
GradientBoosting,LeaveOneShapeOut,2,1220,double_skin,1.2420221324569725,1.1785776195276554
GradientBoosting,LeaveOneShapeOut,2,1221,double_skin,1.1793810571282626,1.1857919848096212
GradientBoosting,LeaveOneShapeOut,2,1222,double_skin,1.341401091173224,1.1504852290227434
GradientBoosting,LeaveOneShapeOut,2,1223,double_skin,1.3590383285412608,1.1504852290227434
GradientBoosting,LeaveOneShapeOut,2,1224,double_skin,1.341100463863825,1.1252330454034665
GradientBoosting,LeaveOneShapeOut,2,1225,double_skin,1.3379293134408992,1.1252330454034665
GradientBoosting,LeaveOneShapeOut,2,1226,double_skin,1.2423862448572742,1.1768878014054787
GradientBoosting,LeaveOneShapeOut,2,1227,double_skin,1.295731905940998,1.1768878014054787
GradientBoosting,LeaveOneShapeOut,2,1228,double_skin,1.2968000682410465,1.150490062059189
GradientBoosting,LeaveOneShapeOut,2,1229,double_skin,1.3248671589135808,1.150490062059189
GradientBoosting,LeaveOneShapeOut,2,1230,double_skin,1.2727062614032296,1.1521750471449201
GradientBoosting,LeaveOneShapeOut,2,1231,double_skin,1.2491299387414074,1.1269228635256432
GradientBoosting,LeaveOneShapeOut,2,1232,double_skin,1.2416090164603064,1.0997757015297696
GradientBoosting,LeaveOneShapeOut,2,1233,double_skin,1.2906003436943214,1.1250278851490465
GradientBoosting,LeaveOneShapeOut,2,1234,double_skin,1.2453334020922404,1.130152318212459
GradientBoosting,LeaveOneShapeOut,2,1235,double_skin,1.2710402038367952,1.130152318212459
GradientBoosting,LeaveOneShapeOut,2,1236,double_skin,1.2598848117446926,1.1521750471449201
GradientBoosting,LeaveOneShapeOut,2,1237,double_skin,1.2577969075705766,1.1521750471449201
GradientBoosting,LeaveOneShapeOut,2,1238,double_skin,1.273656042355025,1.1607402633065556
GradientBoosting,LeaveOneShapeOut,2,1239,double_skin,1.2975117691225708,1.1607402633065556
GradientBoosting,LeaveOneShapeOut,2,1240,double_skin,1.141933929553526,1.1525793546029754
GradientBoosting,LeaveOneShapeOut,2,1241,double_skin,1.1122829007007686,1.1525793546029754
GradientBoosting,LeaveOneShapeOut,2,1242,double_skin,0.9806296069327972,1.0936645683060835
GradientBoosting,LeaveOneShapeOut,2,1243,double_skin,0.9882674121009779,1.0936645683060835
GradientBoosting,LeaveOneShapeOut,2,1244,double_skin,0.909388460644713,1.0701654863487802
GradientBoosting,LeaveOneShapeOut,2,1245,double_skin,0.9206280817945109,1.0701654863487802
GradientBoosting,LeaveOneShapeOut,2,1246,double_skin,1.0627439446106552,1.1525793546029754
GradientBoosting,LeaveOneShapeOut,2,1247,double_skin,1.0897867332299558,1.1525793546029754
GradientBoosting,LeaveOneShapeOut,2,1248,double_skin,0.9553396291415502,1.0936645683060835
GradientBoosting,LeaveOneShapeOut,2,1249,double_skin,0.9667036756208146,1.0936645683060835
GradientBoosting,LeaveOneShapeOut,2,1250,double_skin,0.9058718141236114,1.0701654863487802
GradientBoosting,LeaveOneShapeOut,2,1251,double_skin,0.9071073459946644,1.0701654863487802
GradientBoosting,LeaveOneShapeOut,2,1252,double_skin,1.0748443899621265,1.1897530633068814
GradientBoosting,LeaveOneShapeOut,2,1253,double_skin,1.0847931967159354,1.1897530633068814
GradientBoosting,LeaveOneShapeOut,2,1254,double_skin,1.0481566093914891,1.1455005377008938
GradientBoosting,LeaveOneShapeOut,2,1255,double_skin,1.035748608751493,1.1501640909224058
GradientBoosting,LeaveOneShapeOut,2,1256,double_skin,0.9602399654990533,1.1303519782393412
GradientBoosting,LeaveOneShapeOut,2,1257,double_skin,0.9387466497094197,1.1303519782393412
GradientBoosting,LeaveOneShapeOut,2,1258,double_skin,1.1649205479468496,1.1880632451847046
GradientBoosting,LeaveOneShapeOut,2,1259,double_skin,1.1465924174971283,1.1880632451847046
GradientBoosting,LeaveOneShapeOut,2,1260,double_skin,1.0653350438621676,1.1251034856030215
GradientBoosting,LeaveOneShapeOut,2,1261,double_skin,1.0435198380588349,1.1251034856030215
GradientBoosting,LeaveOneShapeOut,2,1262,double_skin,0.9538377649384251,1.1133869956363787
GradientBoosting,LeaveOneShapeOut,2,1263,double_skin,0.948673738325425,1.1133869956363787
GradientBoosting,LeaveOneShapeOut,2,1264,double_skin,1.1593331642563451,1.1376463055872272
GradientBoosting,LeaveOneShapeOut,2,1265,double_skin,1.1779023413012728,1.093577552328796
GradientBoosting,LeaveOneShapeOut,2,1266,double_skin,1.2355319912662999,1.1493764876125812
GradientBoosting,LeaveOneShapeOut,2,1267,double_skin,1.2072169873339482,1.1493764876125812
GradientBoosting,LeaveOneShapeOut,2,1268,double_skin,1.1924214709911969,1.1861098171728004
GradientBoosting,LeaveOneShapeOut,2,1269,double_skin,1.1955563918570484,1.1936397492352735
GradientBoosting,LeaveOneShapeOut,2,1270,double_skin,1.2418488513599957,1.122140867596247
GradientBoosting,LeaveOneShapeOut,2,1271,double_skin,1.2175455825092005,1.1125344355990856
GradientBoosting,LeaveOneShapeOut,2,1272,double_skin,1.1852436392627124,1.1902884713012618
GradientBoosting,LeaveOneShapeOut,2,1273,double_skin,1.1853745270063873,1.1902884713012618
GradientBoosting,LeaveOneShapeOut,2,1274,double_skin,1.0902173889883209,0.9959187098825676
GradientBoosting,LeaveOneShapeOut,2,1275,double_skin,1.1730331121385693,0.9881835415793088
GradientBoosting,LeaveOneShapeOut,2,1276,double_skin,1.1197725642725351,0.9997621760340736
GradientBoosting,LeaveOneShapeOut,2,1277,double_skin,1.160112709927871,0.9920270077308148
GradientBoosting,LeaveOneShapeOut,2,1278,double_skin,1.09245338928527,1.1572356446073793
GradientBoosting,LeaveOneShapeOut,2,1279,double_skin,1.1148026517648044,1.1580017508636276
GradientBoosting,LeaveOneShapeOut,2,1280,double_skin,1.3062699890462746,1.1361710748498268
GradientBoosting,LeaveOneShapeOut,2,1281,double_skin,1.2916893734385226,1.1269228635256432
GradientBoosting,LeaveOneShapeOut,2,1282,double_skin,1.2358930448368057,1.1785776195276554
GradientBoosting,LeaveOneShapeOut,2,1283,double_skin,1.3332421845351963,1.1504852290227434
GradientBoosting,LeaveOneShapeOut,2,1284,double_skin,1.3336304167933815,1.1252330454034665
GradientBoosting,LeaveOneShapeOut,2,1285,double_skin,1.237140156243384,1.1768878014054787
GradientBoosting,LeaveOneShapeOut,2,1286,double_skin,1.295253040402869,1.150490062059189
GradientBoosting,LeaveOneShapeOut,2,1287,double_skin,1.264472988216988,1.1521750471449201
GradientBoosting,LeaveOneShapeOut,2,1288,double_skin,1.2380719713391037,1.0997757015297696
GradientBoosting,LeaveOneShapeOut,2,1289,double_skin,1.23632053112742,1.130152318212459
GradientBoosting,LeaveOneShapeOut,2,1290,double_skin,1.251725829629863,1.1521750471449201
GradientBoosting,LeaveOneShapeOut,2,1291,double_skin,1.2664965801050374,1.1607402633065556
GradientBoosting,LeaveOneShapeOut,2,1292,double_skin,0.9296708428077955,1.187418433055892
GradientBoosting,LeaveOneShapeOut,2,1293,double_skin,0.9825365769244127,1.176544458306848
GradientBoosting,LeaveOneShapeOut,2,1294,double_skin,1.2160149331549017,1.0485590512008127
GradientBoosting,LeaveOneShapeOut,2,1295,double_skin,1.0637062917676785,1.0974615536253016
GradientBoosting,LeaveOneShapeOut,2,1296,double_skin,1.062512336545894,1.1262627939842147
GradientBoosting,LeaveOneShapeOut,2,1297,double_skin,1.2449377557454981,1.1693923556128913
GradientBoosting,LeaveOneShapeOut,2,1298,double_skin,1.2483737925091278,1.132275565925624
GradientBoosting,LeaveOneShapeOut,2,1299,double_skin,1.3448064616352342,1.1427492651766018
GradientBoosting,LeaveOneShapeOut,2,1300,double_skin,1.4887661059461517,1.2135722183152646
GradientBoosting,LeaveOneShapeOut,2,1301,double_skin,1.4805381618930584,1.2135722183152646
GradientBoosting,LeaveOneShapeOut,2,1302,double_skin,1.3626231231901993,1.1368313812814395
GradientBoosting,LeaveOneShapeOut,2,1303,double_skin,1.5324427576719262,1.1510498124289212
GradientBoosting,LeaveOneShapeOut,2,1304,double_skin,1.328050237434794,1.1777510548894012
GradientBoosting,LeaveOneShapeOut,2,1305,double_skin,1.3609871368259172,1.1806886284805254
GradientBoosting,LeaveOneShapeOut,2,1306,double_skin,1.3160703380322636,1.19819567364673
GradientBoosting,LeaveOneShapeOut,2,1307,double_skin,1.430059902278322,1.2011332472378542
GradientBoosting,LeaveOneShapeOut,2,1308,double_skin,1.4492314829171709,1.123156547347932
GradientBoosting,LeaveOneShapeOut,2,1309,double_skin,1.673702401061257,1.126094120939056
GradientBoosting,LeaveOneShapeOut,2,1310,double_skin,1.4504661804850634,1.1254254573671105
GradientBoosting,LeaveOneShapeOut,2,1311,double_skin,1.717567258824871,1.1366510676210755
GradientBoosting,LeaveOneShapeOut,2,1312,double_skin,1.2570825716776333,1.1582246594012982
GradientBoosting,LeaveOneShapeOut,2,1313,double_skin,1.395855754418989,1.1692827045661964
GradientBoosting,LeaveOneShapeOut,2,1314,double_skin,1.3778941259096227,1.1582246594012982
GradientBoosting,LeaveOneShapeOut,2,1315,double_skin,1.4696556798213947,1.1611622329924223
GradientBoosting,LeaveOneShapeOut,3,674,rectangular,1.06953698397908,1.3871357241208293
GradientBoosting,LeaveOneShapeOut,3,675,rectangular,1.0716465243814055,1.3871357241208293
GradientBoosting,LeaveOneShapeOut,3,676,rectangular,1.0462366417310374,1.3477103762130525
GradientBoosting,LeaveOneShapeOut,3,677,rectangular,1.023264728934967,1.3925879033272455
GradientBoosting,LeaveOneShapeOut,3,678,rectangular,1.0213662786029911,1.3925879033272455
GradientBoosting,LeaveOneShapeOut,3,679,rectangular,1.0605662066642707,1.4889707369720209
GradientBoosting,LeaveOneShapeOut,3,680,rectangular,1.0590065504779997,1.4889707369720209
GradientBoosting,LeaveOneShapeOut,3,681,rectangular,0.9291387514086493,1.2135798565070186
GradientBoosting,LeaveOneShapeOut,3,682,rectangular,1.0127561317700873,1.1600092439073257
GradientBoosting,LeaveOneShapeOut,3,683,rectangular,0.8818123522200535,1.2072510254822204
GradientBoosting,LeaveOneShapeOut,3,684,rectangular,0.9632749833968759,1.2180223918706008
GradientBoosting,LeaveOneShapeOut,3,685,rectangular,0.8908545915693714,1.362638556680291
GradientBoosting,LeaveOneShapeOut,3,686,rectangular,0.9507109204994402,1.380381466573645
GradientBoosting,LeaveOneShapeOut,3,687,rectangular,0.9585829643136233,1.3472155483084314
GradientBoosting,LeaveOneShapeOut,3,688,rectangular,0.9595862668053858,1.357946580684347
GradientBoosting,LeaveOneShapeOut,3,689,rectangular,0.9884695799780571,1.362638556680291
GradientBoosting,LeaveOneShapeOut,3,690,rectangular,1.0401008214518896,1.3161775816443966
GradientBoosting,LeaveOneShapeOut,3,691,rectangular,0.9186291926691872,1.3061520821896726
GradientBoosting,LeaveOneShapeOut,3,692,rectangular,1.0192749456133143,1.3208695576403406
GradientBoosting,LeaveOneShapeOut,3,693,rectangular,0.9127835333850577,1.3108440581856167
GradientBoosting,LeaveOneShapeOut,3,694,rectangular,0.9972231171660454,1.3386124675336946
GradientBoosting,LeaveOneShapeOut,3,695,rectangular,0.9128426995596877,1.3285869680789706
GradientBoosting,LeaveOneShapeOut,3,696,rectangular,1.003832816207337,1.3386124675336946
GradientBoosting,LeaveOneShapeOut,3,697,rectangular,0.9125752874612155,1.3285869680789706
GradientBoosting,LeaveOneShapeOut,3,698,rectangular,1.027009289900049,1.3214665424775658
GradientBoosting,LeaveOneShapeOut,3,699,rectangular,1.0482746914157164,1.1753450304558954
GradientBoosting,LeaveOneShapeOut,3,700,rectangular,0.9167472922833516,1.1579648470512953
GradientBoosting,LeaveOneShapeOut,3,701,rectangular,0.8640136456166635,1.1073359016265378
GradientBoosting,LeaveOneShapeOut,3,702,rectangular,0.9608620035264834,1.1162273535913088
GradientBoosting,LeaveOneShapeOut,3,703,rectangular,0.9081053698399476,1.0881848860985646
GradientBoosting,LeaveOneShapeOut,3,704,rectangular,1.0208279872998902,1.3248885842304223
GradientBoosting,LeaveOneShapeOut,3,705,rectangular,1.0122966091723296,1.2532610324489297
GradientBoosting,LeaveOneShapeOut,3,706,rectangular,1.1371215663950138,1.1839282964588695
GradientBoosting,LeaveOneShapeOut,3,707,rectangular,0.9947622291164563,1.1796976300078463
GradientBoosting,LeaveOneShapeOut,3,708,rectangular,0.9042217768159755,1.1376732533840157
GradientBoosting,LeaveOneShapeOut,3,709,rectangular,1.1173887074432522,1.1762852326553046
GradientBoosting,LeaveOneShapeOut,3,710,rectangular,0.9943744272212695,1.1719592705681698
GradientBoosting,LeaveOneShapeOut,3,711,rectangular,1.025037102173695,1.3867538088092872
GradientBoosting,LeaveOneShapeOut,3,712,rectangular,0.9756042909375217,1.3836608239970178
GradientBoosting,LeaveOneShapeOut,3,713,rectangular,1.0187432561830583,1.3836608239970178
GradientBoosting,LeaveOneShapeOut,3,714,rectangular,0.9721328583393922,1.2814818642088608
GradientBoosting,LeaveOneShapeOut,3,715,rectangular,0.9375664445830088,1.2814818642088608
GradientBoosting,LeaveOneShapeOut,3,716,rectangular,1.0494235703981207,1.3762007978633393
GradientBoosting,LeaveOneShapeOut,3,717,rectangular,1.014571862655111,1.3762007978633393
GradientBoosting,LeaveOneShapeOut,3,718,rectangular,0.9978268847018567,1.2495714462299112
GradientBoosting,LeaveOneShapeOut,3,719,rectangular,0.9785226954714671,1.2495714462299112
GradientBoosting,LeaveOneShapeOut,3,720,rectangular,1.0327321771459947,1.3795552117865122
GradientBoosting,LeaveOneShapeOut,3,721,rectangular,0.9809199335646905,1.3795552117865122
GradientBoosting,LeaveOneShapeOut,3,722,rectangular,1.0918158283594679,1.3826481965987814
GradientBoosting,LeaveOneShapeOut,3,723,rectangular,1.0578333859959272,1.2722288927904364
GradientBoosting,LeaveOneShapeOut,3,724,rectangular,0.9940735654701452,1.2722288927904364
GradientBoosting,LeaveOneShapeOut,3,725,rectangular,1.1119697575281549,1.4224970756768731
GradientBoosting,LeaveOneShapeOut,3,726,rectangular,1.0456940551391063,1.4224970756768731
GradientBoosting,LeaveOneShapeOut,3,727,rectangular,1.1333855233516579,1.2632011943317791
GradientBoosting,LeaveOneShapeOut,3,728,rectangular,1.0752776543097362,1.2632011943317791
GradientBoosting,LeaveOneShapeOut,3,729,rectangular,1.0676435686744394,1.3393262934880399
GradientBoosting,LeaveOneShapeOut,3,730,rectangular,1.0168033987375615,1.3393262934880399
GradientBoosting,LeaveOneShapeOut,3,731,rectangular,1.1716324806430052,1.2801378332731688
GradientBoosting,LeaveOneShapeOut,3,732,rectangular,1.1658421700897874,1.2615381117274773
GradientBoosting,LeaveOneShapeOut,3,733,rectangular,1.1283652605741799,1.2554513951446362
GradientBoosting,LeaveOneShapeOut,3,734,rectangular,1.178233226761944,1.2554513951446362
GradientBoosting,LeaveOneShapeOut,3,735,rectangular,1.0525255794086772,1.1906156266015873
GradientBoosting,LeaveOneShapeOut,3,736,rectangular,1.0834822140971676,1.1906156266015873
GradientBoosting,LeaveOneShapeOut,3,737,rectangular,1.077036799237642,1.1331383827575021
GradientBoosting,LeaveOneShapeOut,3,738,rectangular,1.1062335799398673,1.1331383827575021
GradientBoosting,LeaveOneShapeOut,3,739,rectangular,1.0525512247820288,1.1331383827575021
GradientBoosting,LeaveOneShapeOut,3,740,rectangular,1.1790389398250496,1.2444612413006524
GradientBoosting,LeaveOneShapeOut,3,741,rectangular,1.071797169648938,1.2702662969717267
GradientBoosting,LeaveOneShapeOut,3,742,rectangular,1.1582712076440551,1.2669927788004671
GradientBoosting,LeaveOneShapeOut,3,743,rectangular,1.1763225868857685,1.245579858843194
GradientBoosting,LeaveOneShapeOut,3,744,rectangular,1.1394168016812345,1.1144142688278353
GradientBoosting,LeaveOneShapeOut,3,745,rectangular,1.1532149251359798,1.160433579145855
GradientBoosting,LeaveOneShapeOut,3,746,rectangular,1.1512238868735534,1.2462614820202547
GradientBoosting,LeaveOneShapeOut,3,747,rectangular,1.1484767056471201,1.2462614820202547
GradientBoosting,LeaveOneShapeOut,3,748,rectangular,1.1771886232882982,1.2462614820202547
GradientBoosting,LeaveOneShapeOut,3,749,rectangular,1.0977030977502156,1.1566090023136935
GradientBoosting,LeaveOneShapeOut,3,750,rectangular,1.0946276409912032,1.1566090023136935
GradientBoosting,LeaveOneShapeOut,3,751,rectangular,1.1850025214136133,1.2597691674264657
GradientBoosting,LeaveOneShapeOut,3,752,rectangular,1.1576632873843928,1.2597691674264657
GradientBoosting,LeaveOneShapeOut,3,753,rectangular,1.0530510315036463,1.2510423022081363
GradientBoosting,LeaveOneShapeOut,3,754,rectangular,1.119950655964233,1.2410184283826287
GradientBoosting,LeaveOneShapeOut,3,755,rectangular,1.156965801441185,1.1266521047663718
GradientBoosting,LeaveOneShapeOut,3,756,rectangular,1.1262308703670376,1.132630221124464
GradientBoosting,LeaveOneShapeOut,3,757,rectangular,1.0887674041182602,1.2427180134995504
GradientBoosting,LeaveOneShapeOut,3,758,rectangular,1.1314321213749883,1.2427180134995504
GradientBoosting,LeaveOneShapeOut,3,759,rectangular,1.0364279604429998,1.1360844574278406
GradientBoosting,LeaveOneShapeOut,3,760,rectangular,0.9619250510688471,1.1219362010958231
GradientBoosting,LeaveOneShapeOut,3,761,rectangular,1.078542207069355,1.2858587414434564
GradientBoosting,LeaveOneShapeOut,3,762,rectangular,1.1353075863887947,1.2858587414434564
GradientBoosting,LeaveOneShapeOut,3,763,rectangular,1.024164701767882,1.2596916282475148
GradientBoosting,LeaveOneShapeOut,3,764,rectangular,1.0840452992502785,1.2596916282475148
GradientBoosting,LeaveOneShapeOut,3,765,rectangular,1.1024571061792323,1.2750434366344168
GradientBoosting,LeaveOneShapeOut,3,766,rectangular,1.1233567669598814,1.2750434366344168
GradientBoosting,LeaveOneShapeOut,3,767,rectangular,1.0829615417225233,1.1969148135586563
GradientBoosting,LeaveOneShapeOut,3,768,rectangular,1.021949623879001,1.1969148135586563
GradientBoosting,LeaveOneShapeOut,3,769,rectangular,1.1632431483901737,1.2898617141269642
GradientBoosting,LeaveOneShapeOut,3,770,rectangular,1.158611523693908,1.2873195935855593
GradientBoosting,LeaveOneShapeOut,3,771,rectangular,1.059029496018931,1.243300281391961
GradientBoosting,LeaveOneShapeOut,3,772,rectangular,1.0060780212179845,1.243300281391961
GradientBoosting,LeaveOneShapeOut,3,773,rectangular,1.055724814851753,1.2169344211972861
GradientBoosting,LeaveOneShapeOut,3,774,rectangular,1.0981965028055594,1.2169344211972861
GradientBoosting,LeaveOneShapeOut,3,775,rectangular,1.0986855569462772,1.1969148135586563
GradientBoosting,LeaveOneShapeOut,3,776,rectangular,1.069703443933306,1.1969148135586563
GradientBoosting,LeaveOneShapeOut,3,777,rectangular,1.1732223146824223,1.292434544365918
GradientBoosting,LeaveOneShapeOut,3,778,rectangular,1.1409909324109273,1.292434544365918
GradientBoosting,LeaveOneShapeOut,3,779,rectangular,1.0766288800381931,1.2422284371442258
GradientBoosting,LeaveOneShapeOut,3,780,rectangular,1.0802645315227415,1.2229518125561107
GradientBoosting,LeaveOneShapeOut,3,781,rectangular,1.1470667064816837,1.2149939825614287
GradientBoosting,LeaveOneShapeOut,3,782,rectangular,1.1807084712317466,1.2291876478573764
GradientBoosting,LeaveOneShapeOut,3,783,rectangular,1.0269803115082223,1.1778139770317968
GradientBoosting,LeaveOneShapeOut,3,784,rectangular,1.10977600159026,1.1739003756614306
GradientBoosting,LeaveOneShapeOut,3,785,rectangular,1.0011289227779692,1.3673554804223955
GradientBoosting,LeaveOneShapeOut,3,786,rectangular,0.9789157460188382,1.2621166346654693
GradientBoosting,LeaveOneShapeOut,3,787,rectangular,0.9706081159253261,1.2621166346654693
GradientBoosting,LeaveOneShapeOut,3,788,rectangular,0.9795042253674844,1.197266036564193
GradientBoosting,LeaveOneShapeOut,3,789,rectangular,0.8928235053842986,1.1762624894201479
GradientBoosting,LeaveOneShapeOut,3,790,rectangular,0.875557267369265,1.1146380650893806
GradientBoosting,LeaveOneShapeOut,3,791,rectangular,0.8965710512733155,1.0754917999667635
GradientBoosting,LeaveOneShapeOut,3,792,rectangular,0.9885768620769692,1.3449102392181689
GradientBoosting,LeaveOneShapeOut,3,793,rectangular,0.9811458485379492,1.257147267244845
GradientBoosting,LeaveOneShapeOut,3,794,rectangular,0.966121179204925,1.257147267244845
GradientBoosting,LeaveOneShapeOut,3,795,rectangular,0.9736418269527575,1.2228618402521796
GradientBoosting,LeaveOneShapeOut,3,796,rectangular,0.9298059038456692,1.2952166801213734
GradientBoosting,LeaveOneShapeOut,3,797,rectangular,0.9206606879660199,1.2115266101980777
GradientBoosting,LeaveOneShapeOut,3,798,rectangular,0.9323040932338827,1.2115266101980777
GradientBoosting,LeaveOneShapeOut,3,799,rectangular,0.9220788144923887,1.1922039364336208
GradientBoosting,LeaveOneShapeOut,3,800,rectangular,0.8870355863052073,1.1296578427479649
GradientBoosting,LeaveOneShapeOut,3,801,rectangular,1.0271484100762487,1.1860430581944383
GradientBoosting,LeaveOneShapeOut,3,802,rectangular,1.013516318124347,1.1717898319506204
GradientBoosting,LeaveOneShapeOut,3,803,rectangular,1.0148873243037508,1.1717898319506204
GradientBoosting,LeaveOneShapeOut,3,804,rectangular,1.0060940214975271,1.17720427805952
GradientBoosting,LeaveOneShapeOut,3,805,rectangular,0.9770268584853092,1.1846629180730053
GradientBoosting,LeaveOneShapeOut,3,806,rectangular,0.9548260673473076,1.170507416049311
GradientBoosting,LeaveOneShapeOut,3,807,rectangular,0.9652392606034879,1.170507416049311
GradientBoosting,LeaveOneShapeOut,3,808,rectangular,0.9473561043119533,1.1822186688963394
GradientBoosting,LeaveOneShapeOut,3,809,rectangular,0.9090970473279092,1.1281843681357215
GradientBoosting,LeaveOneShapeOut,3,810,rectangular,0.8748433612948089,1.1152342798461294
GradientBoosting,LeaveOneShapeOut,3,811,rectangular,1.1102016641673793,1.2683622406960535
GradientBoosting,LeaveOneShapeOut,3,812,rectangular,0.9603762259588122,1.1658923694319911
GradientBoosting,LeaveOneShapeOut,3,813,rectangular,1.0417378229660836,1.2556139473524204
GradientBoosting,LeaveOneShapeOut,3,814,rectangular,0.9208205165973737,1.0962703204059006
GradientBoosting,LeaveOneShapeOut,3,815,rectangular,1.1151536423574908,1.2713214118276022
GradientBoosting,LeaveOneShapeOut,3,816,rectangular,0.9689279686173381,1.199139887816226
GradientBoosting,LeaveOneShapeOut,3,817,rectangular,1.00947218111946,1.2589146313792525
GradientBoosting,LeaveOneShapeOut,3,818,rectangular,0.8977259185724457,1.1738180323847214
GradientBoosting,LeaveOneShapeOut,3,819,rectangular,1.0741512924941898,1.2732380448519338
GradientBoosting,LeaveOneShapeOut,3,820,rectangular,0.9634333717368522,1.2343872282603192
GradientBoosting,LeaveOneShapeOut,3,821,rectangular,1.0345841173826607,1.2260502419605068
GradientBoosting,LeaveOneShapeOut,3,822,rectangular,0.931234772797198,1.1800404123445045
GradientBoosting,LeaveOneShapeOut,3,823,rectangular,0.8885581509727589,1.2837581265195022
GradientBoosting,LeaveOneShapeOut,3,824,rectangular,1.0388927642676498,1.3250790002533746
GradientBoosting,LeaveOneShapeOut,3,825,rectangular,1.1329344052767332,1.34151548664951
GradientBoosting,LeaveOneShapeOut,3,826,rectangular,0.9411324124276237,1.2205171960672414
GradientBoosting,LeaveOneShapeOut,3,827,rectangular,0.9918723486339667,1.279353718928695
GradientBoosting,LeaveOneShapeOut,3,828,rectangular,1.0311072708311233,1.2788923388074684
GradientBoosting,LeaveOneShapeOut,3,829,rectangular,1.171871390093672,1.2801378332731688
GradientBoosting,LeaveOneShapeOut,3,830,rectangular,1.166085946843375,1.2741260546311028
GradientBoosting,LeaveOneShapeOut,3,831,rectangular,1.128644883881722,1.2554513951446362
GradientBoosting,LeaveOneShapeOut,3,832,rectangular,1.1785261834797467,1.2554513951446362
GradientBoosting,LeaveOneShapeOut,3,833,rectangular,1.1952074462688937,1.2554513951446362
GradientBoosting,LeaveOneShapeOut,3,834,rectangular,1.0196320492867985,1.1906156266015873
GradientBoosting,LeaveOneShapeOut,3,835,rectangular,0.9835206606525958,1.199653589286857
GradientBoosting,LeaveOneShapeOut,3,836,rectangular,1.0407980809427315,1.1331383827575021
GradientBoosting,LeaveOneShapeOut,3,837,rectangular,1.0690124867514201,1.1331383827575021
GradientBoosting,LeaveOneShapeOut,3,838,rectangular,1.0172706870924326,1.1331383827575021
GradientBoosting,LeaveOneShapeOut,3,839,rectangular,1.1793391334116536,1.257049184204278
GradientBoosting,LeaveOneShapeOut,3,840,rectangular,1.072069099621178,1.2702662969717267
GradientBoosting,LeaveOneShapeOut,3,841,rectangular,1.1585624934929537,1.2669927788004671
GradientBoosting,LeaveOneShapeOut,3,842,rectangular,1.1766778981895882,1.245579858843194
GradientBoosting,LeaveOneShapeOut,3,843,rectangular,1.1536852924437238,1.160433579145855
GradientBoosting,LeaveOneShapeOut,3,844,rectangular,1.139912956872766,1.1144142688278353
GradientBoosting,LeaveOneShapeOut,3,845,rectangular,1.1206151496013752,1.1144142688278353
GradientBoosting,LeaveOneShapeOut,3,846,rectangular,1.017734060884549,1.239454947588378
GradientBoosting,LeaveOneShapeOut,3,847,rectangular,0.9914081945242199,1.239454947588378
GradientBoosting,LeaveOneShapeOut,3,848,rectangular,1.0682404704488726,1.2335798308768402
GradientBoosting,LeaveOneShapeOut,3,849,rectangular,1.0671828066167448,1.2335798308768402
GradientBoosting,LeaveOneShapeOut,3,850,rectangular,1.0519693298913266,1.153561296840897
GradientBoosting,LeaveOneShapeOut,3,851,rectangular,1.0970795069878672,1.153561296840897
GradientBoosting,LeaveOneShapeOut,3,852,rectangular,1.0472415535706674,1.171520924263564
GradientBoosting,LeaveOneShapeOut,3,853,rectangular,1.0761624685675317,1.171520924263564
GradientBoosting,LeaveOneShapeOut,3,854,rectangular,0.9627957798198005,1.1544562635087587
GradientBoosting,LeaveOneShapeOut,3,855,rectangular,0.9978743857512196,1.1544562635087587
GradientBoosting,LeaveOneShapeOut,3,856,rectangular,0.8855537244364577,1.1213809617121726
GradientBoosting,LeaveOneShapeOut,3,857,rectangular,1.0379847751848825,1.1806867077400662
GradientBoosting,LeaveOneShapeOut,3,858,rectangular,1.0008111503855663,1.114933755762801
GradientBoosting,LeaveOneShapeOut,3,859,rectangular,1.03016990286554,1.1322429185313172
GradientBoosting,LeaveOneShapeOut,3,860,rectangular,1.1224582763312743,1.1404705784739284
GradientBoosting,LeaveOneShapeOut,3,861,rectangular,1.0298317805372306,1.2979343978123583
GradientBoosting,LeaveOneShapeOut,3,862,rectangular,0.9950721190187648,1.2979343978123583
GradientBoosting,LeaveOneShapeOut,3,863,rectangular,0.882387614612431,1.2620084178552253
GradientBoosting,LeaveOneShapeOut,3,864,rectangular,0.9073027741064279,1.2620084178552253
GradientBoosting,LeaveOneShapeOut,3,865,rectangular,1.1825822756173474,1.2521024156310483
GradientBoosting,LeaveOneShapeOut,3,866,rectangular,1.191930752104441,1.2521024156310483
GradientBoosting,LeaveOneShapeOut,3,867,rectangular,0.9417647554511891,1.131557692536647
GradientBoosting,LeaveOneShapeOut,3,868,rectangular,0.932531767652648,1.131557692536647
GradientBoosting,LeaveOneShapeOut,3,869,rectangular,0.943394691361964,1.1634050482929073
GradientBoosting,LeaveOneShapeOut,3,870,rectangular,0.9243746371006341,1.1634050482929073
GradientBoosting,LeaveOneShapeOut,3,871,rectangular,0.955133310146045,1.0997538535203881
GradientBoosting,LeaveOneShapeOut,3,872,rectangular,0.9676195860532987,1.139671419115177
GradientBoosting,LeaveOneShapeOut,3,873,rectangular,0.9990536850212308,1.2686433203133909
GradientBoosting,LeaveOneShapeOut,3,874,rectangular,0.9665995795697264,1.2343176647677059
GradientBoosting,LeaveOneShapeOut,3,875,rectangular,0.9484993102887488,1.1720111802364095
GradientBoosting,LeaveOneShapeOut,3,876,rectangular,0.9473829264371512,1.1447195301126176
GradientBoosting,LeaveOneShapeOut,3,877,rectangular,0.9684181003943355,1.1679069139200373
GradientBoosting,LeaveOneShapeOut,3,878,rectangular,0.9443956096818847,1.1973750127211578
GradientBoosting,LeaveOneShapeOut,3,879,rectangular,1.0132518775954646,1.2056424641014114
GradientBoosting,LeaveOneShapeOut,3,880,rectangular,1.0002418711918832,1.2739006038856289
GradientBoosting,LeaveOneShapeOut,3,881,rectangular,0.8923202472408284,1.2739006038856289
GradientBoosting,LeaveOneShapeOut,3,882,rectangular,0.8444311413094356,1.2739006038856289
GradientBoosting,LeaveOneShapeOut,3,883,rectangular,1.0117260936994958,1.1798732680467152
GradientBoosting,LeaveOneShapeOut,3,884,rectangular,1.0624619296755353,1.1798732680467152
GradientBoosting,LeaveOneShapeOut,3,885,rectangular,1.0171365040792284,1.2289189459859184
GradientBoosting,LeaveOneShapeOut,3,886,rectangular,1.032129114784921,1.2289189459859184
GradientBoosting,LeaveOneShapeOut,3,887,rectangular,1.030780962624438,1.2270772529085048
GradientBoosting,LeaveOneShapeOut,3,888,rectangular,1.0789717632003233,1.2270772529085048
GradientBoosting,LeaveOneShapeOut,3,889,rectangular,1.0373767948970278,1.184534096523509
GradientBoosting,LeaveOneShapeOut,3,890,rectangular,0.9791720208339967,1.095864821349701
GradientBoosting,LeaveOneShapeOut,3,891,rectangular,1.0709720053653338,1.0393766943467344
GradientBoosting,LeaveOneShapeOut,3,892,rectangular,1.108383888154156,1.180770101444059
GradientBoosting,LeaveOneShapeOut,3,893,rectangular,0.9124112927783977,1.1041701485931927
GradientBoosting,LeaveOneShapeOut,3,894,rectangular,0.9660896807843484,1.1609399390690882
GradientBoosting,LeaveOneShapeOut,3,895,rectangular,1.1978827880874945,1.3705845298563613
GradientBoosting,LeaveOneShapeOut,3,896,rectangular,1.1568827981182246,1.3771637728209916
GradientBoosting,LeaveOneShapeOut,3,897,rectangular,1.092162014773685,1.271436716517554
GradientBoosting,LeaveOneShapeOut,3,898,rectangular,1.1075306132566556,1.271436716517554
GradientBoosting,LeaveOneShapeOut,3,899,rectangular,1.0455797423367392,1.2711883154145116
GradientBoosting,LeaveOneShapeOut,3,900,rectangular,1.0093291870279875,1.2711883154145116
GradientBoosting,LeaveOneShapeOut,3,901,rectangular,0.9636221469263134,1.2586505225242386
GradientBoosting,LeaveOneShapeOut,3,902,rectangular,0.9571682118876519,1.2586505225242386
GradientBoosting,LeaveOneShapeOut,3,903,rectangular,1.0485565695763601,1.2648978063812686
GradientBoosting,LeaveOneShapeOut,3,904,rectangular,1.1951298166951887,1.314716294870922
GradientBoosting,LeaveOneShapeOut,3,905,rectangular,1.1324219565630271,1.2706938449268628
GradientBoosting,LeaveOneShapeOut,3,906,rectangular,1.0554080316696963,1.231634713898491
GradientBoosting,LeaveOneShapeOut,3,907,rectangular,1.0022809398393806,1.071098350252842
GradientBoosting,LeaveOneShapeOut,3,908,rectangular,1.130616395201698,1.1999374750165026
GradientBoosting,LeaveOneShapeOut,3,909,rectangular,1.1342010173952362,1.234363590474575
GradientBoosting,LeaveOneShapeOut,3,910,rectangular,1.1884094429914789,1.234363590474575
GradientBoosting,LeaveOneShapeOut,3,911,rectangular,0.9725536011753673,1.2380112665717031
GradientBoosting,LeaveOneShapeOut,3,912,rectangular,0.9461037829982124,1.2380112665717031
GradientBoosting,LeaveOneShapeOut,3,913,rectangular,0.9940345411632843,1.2198819412535602
GradientBoosting,LeaveOneShapeOut,3,914,rectangular,0.9597213367058176,1.2198819412535602
GradientBoosting,LeaveOneShapeOut,3,915,rectangular,1.0601634917957934,1.192054875156062
GradientBoosting,LeaveOneShapeOut,3,916,rectangular,1.1713832305334504,1.272155947080853
GradientBoosting,LeaveOneShapeOut,3,917,rectangular,1.1416032529561655,1.272155947080853
GradientBoosting,LeaveOneShapeOut,3,918,rectangular,1.1626380801722234,1.272155947080853
GradientBoosting,LeaveOneShapeOut,3,919,rectangular,1.11255431481568,1.2531493950910797
GradientBoosting,LeaveOneShapeOut,3,920,rectangular,1.0897359081900724,1.2531493950910797
GradientBoosting,LeaveOneShapeOut,3,921,rectangular,1.145648565330804,1.2531493950910797
GradientBoosting,LeaveOneShapeOut,3,922,rectangular,1.1594229116729229,1.2531493950910797
GradientBoosting,LeaveOneShapeOut,3,923,rectangular,1.1889335540316859,1.2531493950910797
GradientBoosting,LeaveOneShapeOut,3,924,rectangular,0.9592940346185056,1.31278632965778
GradientBoosting,LeaveOneShapeOut,3,925,rectangular,1.0914174248629913,1.3199646943289667
GradientBoosting,LeaveOneShapeOut,3,926,rectangular,1.004911594954713,1.3618765822028633
GradientBoosting,LeaveOneShapeOut,3,927,rectangular,1.0817848073954621,1.3686377920138504
GradientBoosting,LeaveOneShapeOut,3,928,rectangular,1.095315901510855,1.3686377920138504
GradientBoosting,LeaveOneShapeOut,3,929,rectangular,1.1037030175712055,1.4229921041287583
GradientBoosting,LeaveOneShapeOut,3,930,rectangular,1.096382668622466,1.3078758006213422
GradientBoosting,LeaveOneShapeOut,3,931,rectangular,1.0466965648960251,1.3078758006213422
GradientBoosting,LeaveOneShapeOut,3,932,rectangular,1.0388996091509042,1.2835999397114728
GradientBoosting,LeaveOneShapeOut,3,933,rectangular,1.0500862030418465,1.2835999397114728
GradientBoosting,LeaveOneShapeOut,3,934,rectangular,0.9792231394697272,1.2631924054337322
GradientBoosting,LeaveOneShapeOut,3,935,rectangular,0.9506533800098477,1.1626914790975982
GradientBoosting,LeaveOneShapeOut,3,936,rectangular,0.993252096725488,1.1626914790975982
GradientBoosting,LeaveOneShapeOut,3,937,rectangular,1.0676667540270077,1.0962910424814507
GradientBoosting,LeaveOneShapeOut,3,938,rectangular,0.9453792685496535,1.0839456727008396
GradientBoosting,LeaveOneShapeOut,3,939,rectangular,1.0366440172152274,1.2847771210012882
GradientBoosting,LeaveOneShapeOut,3,940,rectangular,1.0214433304696096,1.2847771210012882
GradientBoosting,LeaveOneShapeOut,3,941,rectangular,0.9539691075663137,1.2869750766793584
GradientBoosting,LeaveOneShapeOut,3,942,rectangular,0.9587474569462622,1.2869750766793584
GradientBoosting,LeaveOneShapeOut,3,943,rectangular,1.0449461824263695,1.0253475555769456
GradientBoosting,LeaveOneShapeOut,3,944,rectangular,0.9635843252302588,1.0405574571599272
GradientBoosting,LeaveOneShapeOut,3,945,rectangular,0.9752373220185467,1.132120271962485
GradientBoosting,LeaveOneShapeOut,3,946,rectangular,0.9634595721736097,1.1727511898439469
GradientBoosting,LeaveOneShapeOut,3,947,rectangular,0.9411645939854958,1.1944717296079366
GradientBoosting,LeaveOneShapeOut,3,948,rectangular,0.9698420449722289,1.1808840783188574
GradientBoosting,LeaveOneShapeOut,3,949,rectangular,1.0943557382859803,1.272603143420487
GradientBoosting,LeaveOneShapeOut,3,950,rectangular,1.0026819591625475,1.272603143420487
GradientBoosting,LeaveOneShapeOut,3,951,rectangular,0.988611194444879,1.192415280017422
GradientBoosting,LeaveOneShapeOut,3,952,rectangular,0.965620236434533,1.192415280017422
GradientBoosting,LeaveOneShapeOut,3,953,rectangular,0.9018372812243303,1.098516164421482
GradientBoosting,LeaveOneShapeOut,3,954,rectangular,0.9441617745669884,1.098516164421482
GradientBoosting,LeaveOneShapeOut,3,955,rectangular,0.9106330624300031,1.081146386554296
GradientBoosting,LeaveOneShapeOut,3,956,rectangular,0.9200860007943283,1.081146386554296
GradientBoosting,LeaveOneShapeOut,3,957,rectangular,0.9071039894753039,1.0835943229337313
GradientBoosting,LeaveOneShapeOut,3,958,rectangular,0.9334605218571529,1.0835943229337313
GradientBoosting,LeaveOneShapeOut,3,959,rectangular,0.9875761105330192,1.3442037790736217
GradientBoosting,LeaveOneShapeOut,3,960,rectangular,0.9999984515460132,1.3442037790736217
GradientBoosting,LeaveOneShapeOut,3,961,rectangular,1.0812600980900875,1.2633969757820573
GradientBoosting,LeaveOneShapeOut,3,962,rectangular,1.0840685658773344,1.2633969757820573
GradientBoosting,LeaveOneShapeOut,3,963,rectangular,0.9333307204729971,1.160049183954013
GradientBoosting,LeaveOneShapeOut,3,964,rectangular,1.0194843254397352,1.160049183954013
GradientBoosting,LeaveOneShapeOut,3,965,rectangular,0.8976856418155889,1.120654681758894
GradientBoosting,LeaveOneShapeOut,3,966,rectangular,0.9123369894648089,1.1176436070000135
GradientBoosting,LeaveOneShapeOut,3,967,rectangular,1.0247330678940323,1.284480578905884
GradientBoosting,LeaveOneShapeOut,3,968,rectangular,0.9858806293008935,1.284480578905884
GradientBoosting,LeaveOneShapeOut,3,969,rectangular,1.0282803824617435,1.1272404506847375
GradientBoosting,LeaveOneShapeOut,3,970,rectangular,0.9883471637253651,1.1272404506847375
GradientBoosting,LeaveOneShapeOut,3,971,rectangular,0.9897574123989218,1.3885325172065932
GradientBoosting,LeaveOneShapeOut,3,972,rectangular,0.987601078167116,1.3885325172065932
GradientBoosting,LeaveOneShapeOut,3,973,rectangular,0.956,1.3810219003396071
GradientBoosting,LeaveOneShapeOut,3,974,rectangular,0.974,1.3810219003396071
GradientBoosting,LeaveOneShapeOut,3,975,rectangular,0.9210460272047383,1.384588750518773
GradientBoosting,LeaveOneShapeOut,3,976,rectangular,0.936394006549135,1.3339381195913986
GradientBoosting,LeaveOneShapeOut,3,977,rectangular,1.1989547931025648,1.3036956864346323
GradientBoosting,LeaveOneShapeOut,3,978,rectangular,1.0685217091331127,1.1664010661007065
GradientBoosting,LeaveOneShapeOut,3,979,rectangular,1.1600914202570374,1.275621072919386
GradientBoosting,LeaveOneShapeOut,3,980,rectangular,1.1624427296716513,1.275621072919386
GradientBoosting,LeaveOneShapeOut,3,981,rectangular,1.0400412747465217,1.1800308760974787
GradientBoosting,LeaveOneShapeOut,3,982,rectangular,1.175824227502552,1.275271154692852
GradientBoosting,LeaveOneShapeOut,3,983,rectangular,1.0028090731484485,1.1683111760770262
GradientBoosting,LeaveOneShapeOut,3,984,rectangular,1.2248345980861588,1.3269718618040314
GradientBoosting,LeaveOneShapeOut,3,985,rectangular,0.9739538544211528,1.2407076991003994
GradientBoosting,LeaveOneShapeOut,3,986,rectangular,0.9850855413826058,1.214823722940497
GradientBoosting,LeaveOneShapeOut,3,987,rectangular,1.1488646954391268,1.3100851863845244
GradientBoosting,LeaveOneShapeOut,3,988,rectangular,0.995856243256187,1.1806924101003171
GradientBoosting,LeaveOneShapeOut,3,989,rectangular,1.2068959920925233,1.1907617844147724
GradientBoosting,LeaveOneShapeOut,3,990,rectangular,1.057035147624445,1.1453301464935992
GradientBoosting,LeaveOneShapeOut,3,991,rectangular,1.1043971509346107,1.1937208934540093
GradientBoosting,LeaveOneShapeOut,3,992,rectangular,0.9700038886888239,1.1432838525335365
GradientBoosting,LeaveOneShapeOut,3,993,rectangular,1.1125633690402055,1.2253581909426043
GradientBoosting,LeaveOneShapeOut,3,994,rectangular,0.970219450341709,1.193465093065655
GradientBoosting,LeaveOneShapeOut,3,995,rectangular,0.9482879156893226,1.193465093065655
GradientBoosting,LeaveOneShapeOut,3,996,rectangular,1.1357362568025868,1.2919157545300612
GradientBoosting,LeaveOneShapeOut,3,997,rectangular,1.0805626598465474,1.2916932325237669
GradientBoosting,LeaveOneShapeOut,3,998,rectangular,1.065997805298636,1.237529325124775
GradientBoosting,LeaveOneShapeOut,3,999,rectangular,1.0316400313176437,1.2365442348653422
GradientBoosting,LeaveOneShapeOut,3,1000,rectangular,0.9813505409457434,1.29640046476517
GradientBoosting,LeaveOneShapeOut,3,1001,rectangular,1.061843818670139,1.260807960268274
GradientBoosting,LeaveOneShapeOut,3,1002,rectangular,1.0131887647039657,1.2585640766132395
GradientBoosting,LeaveOneShapeOut,3,1003,rectangular,0.9992604592196085,1.2163348227916335
GradientBoosting,LeaveOneShapeOut,3,1004,rectangular,1.0839740105096942,1.222706727219794
GradientBoosting,LeaveOneShapeOut,3,1005,rectangular,1.0111450656120797,1.3019534461867006
GradientBoosting,LeaveOneShapeOut,3,1006,rectangular,1.059978173666824,1.2400255824721242
GradientBoosting,LeaveOneShapeOut,3,1007,rectangular,1.0298540755238315,1.2400255824721242
GradientBoosting,LeaveOneShapeOut,3,1008,rectangular,0.9526428798642774,1.222706727219794
GradientBoosting,LeaveOneShapeOut,3,1009,rectangular,0.9919510259607753,1.387291586109351
GradientBoosting,LeaveOneShapeOut,3,1010,rectangular,1.03254514304362,1.222706727219794
GradientBoosting,LeaveOneShapeOut,3,1011,rectangular,1.027009289900049,1.3214665424775658
GradientBoosting,LeaveOneShapeOut,3,1012,rectangular,1.0482746914157164,1.1753450304558954
GradientBoosting,LeaveOneShapeOut,3,1013,rectangular,1.0644621128530691,1.2797494680380002
GradientBoosting,LeaveOneShapeOut,3,1014,rectangular,1.009696035613673,1.235549495290375
GradientBoosting,LeaveOneShapeOut,3,1015,rectangular,1.0080394734160163,1.2681631983462944
GradientBoosting,LeaveOneShapeOut,3,1016,rectangular,0.9444087331685432,1.2341885983443734
GradientBoosting,LeaveOneShapeOut,3,1017,rectangular,1.1579218147083916,1.1617832985663266
GradientBoosting,LeaveOneShapeOut,3,1018,rectangular,1.1250601987704543,1.1617832985663266
GradientBoosting,LeaveOneShapeOut,3,1019,rectangular,1.0699117480825364,1.1129778405461028
GradientBoosting,LeaveOneShapeOut,3,1020,rectangular,1.0720532541683991,1.1129778405461028
GradientBoosting,LeaveOneShapeOut,3,1021,rectangular,1.159456667045145,1.4164339117552194
GradientBoosting,LeaveOneShapeOut,3,1022,rectangular,1.0586427111666792,1.3908808383039684
GradientBoosting,LeaveOneShapeOut,3,1023,rectangular,1.0685351660895612,1.3908808383039684
GradientBoosting,LeaveOneShapeOut,3,1024,rectangular,1.0520317551219707,1.2446241634234723
GradientBoosting,LeaveOneShapeOut,3,1025,rectangular,1.0619378128188997,1.2478976815947318
GradientBoosting,LeaveOneShapeOut,3,1026,rectangular,1.0661003107829379,1.1724901858860832
GradientBoosting,LeaveOneShapeOut,3,1027,rectangular,0.9387652448379797,1.1848203942623328
GradientBoosting,LeaveOneShapeOut,3,1028,rectangular,0.9949817333100379,1.1774704814770987
GradientBoosting,LeaveOneShapeOut,3,1029,rectangular,1.0112049579971234,1.1726952340693741
GradientBoosting,LeaveOneShapeOut,3,1030,rectangular,1.0390614274629033,1.1330203609253215
GradientBoosting,LeaveOneShapeOut,3,1031,rectangular,0.9832536648377822,1.145350569301571
GradientBoosting,LeaveOneShapeOut,3,1032,rectangular,0.9725676969467186,1.2516223192650424
GradientBoosting,LeaveOneShapeOut,3,1033,rectangular,0.995949448839491,1.2418699286170425
GradientBoosting,LeaveOneShapeOut,3,1034,rectangular,1.1117147568117898,1.229599149946765
GradientBoosting,LeaveOneShapeOut,3,1035,rectangular,1.184097740810853,1.3131446980172468
GradientBoosting,LeaveOneShapeOut,3,1036,rectangular,1.117845512414363,1.2491188769863262
GradientBoosting,LeaveOneShapeOut,3,1037,rectangular,1.1418543670536392,1.2239496362692084
GradientBoosting,LeaveOneShapeOut,3,1038,rectangular,1.059548574992898,1.2313779745689142
GradientBoosting,LeaveOneShapeOut,3,1039,rectangular,1.0332914360106042,1.2846035682812618
GradientBoosting,LeaveOneShapeOut,3,1040,rectangular,1.0619268072911026,1.3072079894411879
GradientBoosting,LeaveOneShapeOut,3,1041,rectangular,1.0087178749802248,1.2338017867009572
GradientBoosting,LeaveOneShapeOut,3,1042,rectangular,1.0205053236609536,1.3153903560308935
GradientBoosting,LeaveOneShapeOut,3,1043,rectangular,1.0725437413563566,1.2017132212773574
GradientBoosting,LeaveOneShapeOut,3,1044,rectangular,1.0010293205078225,1.289875358818584
GradientBoosting,LeaveOneShapeOut,3,1045,rectangular,0.9779685242523313,1.3002436743871533
GradientBoosting,LeaveOneShapeOut,3,1046,rectangular,1.022114788746845,1.3009295869065813
GradientBoosting,LeaveOneShapeOut,3,1047,rectangular,1.0286099799256727,1.2345895016542545
GradientBoosting,LeaveOneShapeOut,3,1048,rectangular,1.0693082049751925,1.3387761870728874
GradientBoosting,LeaveOneShapeOut,3,1049,rectangular,1.03326266048189,1.2607025527198377
GradientBoosting,LeaveOneShapeOut,3,1050,rectangular,1.2221632272477025,1.3422832956081425
GradientBoosting,LeaveOneShapeOut,3,1051,rectangular,1.135246155011104,1.3643844461020147
GradientBoosting,LeaveOneShapeOut,3,1052,rectangular,1.1369107419564655,1.2902809900337946
GradientBoosting,LeaveOneShapeOut,3,1053,rectangular,1.1919078539727965,1.3413482522111633
GradientBoosting,LeaveOneShapeOut,3,1054,rectangular,1.092761539287399,1.3634494027050355
GradientBoosting,LeaveOneShapeOut,3,1055,rectangular,1.1577581755730835,1.304040272341067
GradientBoosting,LeaveOneShapeOut,3,1056,rectangular,1.2072055578293173,1.4033126539692478
GradientBoosting,LeaveOneShapeOut,3,1057,rectangular,1.1308708041896984,1.4345384736837508
GradientBoosting,LeaveOneShapeOut,3,1058,rectangular,1.189501517291459,1.3329086025267542
GradientBoosting,LeaveOneShapeOut,3,1059,rectangular,1.0471337200171809,1.235984916101784
GradientBoosting,LeaveOneShapeOut,3,1060,rectangular,1.077129234081617,1.200704379310684
GradientBoosting,LeaveOneShapeOut,3,1061,rectangular,1.0736011274166646,1.3675486871261477
GradientBoosting,LeaveOneShapeOut,3,1062,rectangular,0.969207057455586,1.3065346717167543
GradientBoosting,LeaveOneShapeOut,3,1063,rectangular,0.9704050533840679,1.2662313591441143
GradientBoosting,LeaveOneShapeOut,3,1064,rectangular,0.9612560302875994,1.2778610354042423
GradientBoosting,LeaveOneShapeOut,3,1065,rectangular,0.8485166554501965,1.1929262484868584
GradientBoosting,LeaveOneShapeOut,3,1066,rectangular,0.8387217321114282,1.2090141777502987
GradientBoosting,LeaveOneShapeOut,3,1067,rectangular,0.9986497979056462,1.0692925868413676
GradientBoosting,LeaveOneShapeOut,3,1068,rectangular,0.9058351736152674,1.2680774271957598
GradientBoosting,LeaveOneShapeOut,3,1069,rectangular,1.0397770030296816,1.1056865971074517
GradientBoosting,GroupKFold_Shape,1,0,circular,1.3545719757695995,1.013527294857729
GradientBoosting,GroupKFold_Shape,1,1,circular,1.3349612685944154,1.0245858226734892
GradientBoosting,GroupKFold_Shape,1,2,circular,1.1815827868398348,0.9935225110586257
GradientBoosting,GroupKFold_Shape,1,3,circular,1.2358473024149033,1.004581038874386
GradientBoosting,GroupKFold_Shape,1,4,circular,1.1885006010953671,1.0005979293616158
GradientBoosting,GroupKFold_Shape,1,5,circular,1.238242921314779,1.0390004550218603
GradientBoosting,GroupKFold_Shape,1,6,circular,1.1983820435012535,1.073040572158652
GradientBoosting,GroupKFold_Shape,1,7,circular,1.3725142300680981,1.042387782014999
GradientBoosting,GroupKFold_Shape,1,8,circular,1.3643470141328815,1.042387782014999
GradientBoosting,GroupKFold_Shape,1,9,circular,1.4252952195204207,1.011091580753224
GradientBoosting,GroupKFold_Shape,1,10,circular,1.3811132045767527,1.0413558850380458
GradientBoosting,GroupKFold_Shape,1,11,circular,1.4674536778591962,1.011091580753224
GradientBoosting,GroupKFold_Shape,1,12,circular,1.5214776205513665,1.0040161624502337
GradientBoosting,GroupKFold_Shape,1,13,circular,1.515927538484468,1.0040161624502337
GradientBoosting,GroupKFold_Shape,1,14,circular,1.6861597871119034,1.0559036230110523
GradientBoosting,GroupKFold_Shape,1,15,circular,1.0826183073485136,1.0088991537721175
GradientBoosting,GroupKFold_Shape,1,16,circular,1.0849112127568281,0.9825034528131865
GradientBoosting,GroupKFold_Shape,1,17,circular,1.1637753447505323,0.9622467863201103
GradientBoosting,GroupKFold_Shape,1,18,circular,1.6319317139012608,1.0219438597823431
GradientBoosting,GroupKFold_Shape,1,19,circular,1.3276641484172347,1.0219438597823431
GradientBoosting,GroupKFold_Shape,1,20,circular,1.3565264125132614,1.0219438597823431
GradientBoosting,GroupKFold_Shape,1,21,circular,1.4888007999327044,1.0420866785245442
GradientBoosting,GroupKFold_Shape,1,22,circular,1.4921691275343623,1.0420866785245442
GradientBoosting,GroupKFold_Shape,1,23,circular,1.6356327158958393,1.0242011050243536
GradientBoosting,GroupKFold_Shape,1,24,circular,1.6356327158958393,1.0242011050243536
GradientBoosting,GroupKFold_Shape,1,25,circular,1.4102263522358336,1.0984035267401544
GradientBoosting,GroupKFold_Shape,1,26,circular,1.29369709898338,1.1016279971751441
GradientBoosting,GroupKFold_Shape,1,27,circular,1.536384619900033,1.1144926983060268
GradientBoosting,GroupKFold_Shape,1,28,circular,1.3421211390482404,1.1047536458298812
GradientBoosting,GroupKFold_Shape,1,29,circular,1.3720014374672693,1.1099404034539848
GradientBoosting,GroupKFold_Shape,1,30,circular,1.5348782852658798,1.0862106496652553
GradientBoosting,GroupKFold_Shape,1,31,circular,1.5227926294763847,1.0862106496652553
GradientBoosting,GroupKFold_Shape,1,32,circular,1.546963941055375,1.0862106496652553
GradientBoosting,GroupKFold_Shape,1,33,circular,1.5107069736868897,1.0862106496652553
GradientBoosting,GroupKFold_Shape,1,34,circular,1.4321502110551712,1.0862106496652553
GradientBoosting,GroupKFold_Shape,1,35,circular,1.4381930389499191,1.0931292954048306
GradientBoosting,GroupKFold_Shape,1,36,circular,1.492578490002647,1.0931292954048306
GradientBoosting,GroupKFold_Shape,1,37,circular,1.3441586522640874,1.0633032993657328
GradientBoosting,GroupKFold_Shape,1,38,circular,1.2518288372578938,1.0976503569684637
GradientBoosting,GroupKFold_Shape,1,39,circular,1.2211023682326179,1.1031723476486222
GradientBoosting,GroupKFold_Shape,1,40,circular,1.2972783209180534,0.9988301162286983
GradientBoosting,GroupKFold_Shape,1,41,circular,1.536384619900033,1.1173902671450546
GradientBoosting,GroupKFold_Shape,1,42,circular,1.3421211390482404,1.107651214668909
GradientBoosting,GroupKFold_Shape,1,43,circular,1.3720014374672693,1.1128379722930126
GradientBoosting,GroupKFold_Shape,1,44,circular,1.5941042088621091,1.011358661444095
GradientBoosting,GroupKFold_Shape,1,45,circular,1.483765484022838,1.1018675417096195
GradientBoosting,GroupKFold_Shape,1,46,circular,1.29369709898338,1.106173216051871
GradientBoosting,GroupKFold_Shape,1,47,circular,1.2972783209180534,0.9988301162286983
GradientBoosting,GroupKFold_Shape,1,48,circular,1.639707790681381,1.0710860501165704
GradientBoosting,GroupKFold_Shape,1,49,circular,1.371451596125907,1.0710860501165704
GradientBoosting,GroupKFold_Shape,1,50,circular,1.4101486999859876,1.0710860501165704
GradientBoosting,GroupKFold_Shape,1,51,circular,1.3662045311957267,1.0710860501165704
GradientBoosting,GroupKFold_Shape,1,52,circular,1.2737250118012968,1.0710860501165704
GradientBoosting,GroupKFold_Shape,1,53,circular,1.2789720767314772,1.0710860501165704
GradientBoosting,GroupKFold_Shape,1,54,circular,1.2133837651042219,1.0710860501165704
GradientBoosting,GroupKFold_Shape,1,55,circular,1.2816523773767157,1.1161793812764698
GradientBoosting,GroupKFold_Shape,1,56,circular,1.2046337556603286,1.1161793812764698
GradientBoosting,GroupKFold_Shape,1,57,circular,1.237829191229898,1.0727919430539343
GradientBoosting,GroupKFold_Shape,1,58,circular,1.2339943282685013,1.0945735923086255
GradientBoosting,GroupKFold_Shape,1,59,circular,1.2680165689493124,1.0945735923086255
GradientBoosting,GroupKFold_Shape,1,60,circular,1.2824258481419177,1.0945735923086255
GradientBoosting,GroupKFold_Shape,1,61,circular,1.1799450202643293,1.123925449379165
GradientBoosting,GroupKFold_Shape,1,62,circular,1.1531759249761522,1.123925449379165
GradientBoosting,GroupKFold_Shape,1,63,circular,1.1425545677724243,1.123925449379165
GradientBoosting,GroupKFold_Shape,1,64,circular,1.3422293809326749,1.0447420647504122
GradientBoosting,GroupKFold_Shape,1,65,circular,1.1919182410425113,1.071993518426836
GradientBoosting,GroupKFold_Shape,1,66,circular,1.302307239291283,1.0447024300371295
GradientBoosting,GroupKFold_Shape,1,67,circular,1.295364734801251,1.0693542786813033
GradientBoosting,GroupKFold_Shape,1,68,circular,1.0902659651428483,1.0500638084936063
GradientBoosting,GroupKFold_Shape,1,69,circular,1.0015566608923805,1.0500638084936063
GradientBoosting,GroupKFold_Shape,1,70,circular,1.2629155541458932,1.101959247569541
GradientBoosting,GroupKFold_Shape,1,71,circular,1.4175969345181723,1.1150103273606013
GradientBoosting,GroupKFold_Shape,1,72,circular,1.3740815622661384,1.1150103273606013
GradientBoosting,GroupKFold_Shape,1,73,circular,1.2105569921385566,1.0926179349273957
GradientBoosting,GroupKFold_Shape,1,74,circular,1.1244653966855374,1.0799986961587413
GradientBoosting,GroupKFold_Shape,1,75,circular,1.1417780689269297,1.0978046925514993
GradientBoosting,GroupKFold_Shape,1,76,circular,1.273123847876894,1.101959247569541
GradientBoosting,GroupKFold_Shape,1,77,circular,1.2681142042166427,1.1001196902781327
GradientBoosting,GroupKFold_Shape,1,78,circular,1.1850393366807992,1.1038922983617876
GradientBoosting,GroupKFold_Shape,1,79,circular,1.4528332923714102,1.0903778402142839
GradientBoosting,GroupKFold_Shape,1,80,circular,1.4120233684283932,1.0903778402142839
GradientBoosting,GroupKFold_Shape,1,81,circular,1.4770328464842415,1.0903778402142839
GradientBoosting,GroupKFold_Shape,1,82,circular,1.4848067035710006,1.0903778402142839
GradientBoosting,GroupKFold_Shape,1,83,circular,1.3448772760093357,1.0903778402142839
GradientBoosting,GroupKFold_Shape,1,84,circular,1.375972704356372,1.0903778402142839
GradientBoosting,GroupKFold_Shape,1,85,circular,1.6091884169591473,1.0903778402142839
GradientBoosting,GroupKFold_Shape,1,86,circular,1.6713792736532207,1.0903778402142839
GradientBoosting,GroupKFold_Shape,1,87,circular,1.414841989790168,1.0942707012768655
GradientBoosting,GroupKFold_Shape,1,88,circular,1.6169622740459064,1.0942707012768655
GradientBoosting,GroupKFold_Shape,1,89,circular,1.5858668456988698,1.0806932096487414
GradientBoosting,GroupKFold_Shape,1,90,circular,1.620849202589286,1.0806932096487414
GradientBoosting,GroupKFold_Shape,1,91,circular,1.5664322029819717,1.0903778402142839
GradientBoosting,GroupKFold_Shape,1,92,circular,1.1354084529932944,0.9693424335975391
GradientBoosting,GroupKFold_Shape,1,93,circular,1.1335223924401494,0.9731722878596906
GradientBoosting,GroupKFold_Shape,1,94,circular,1.2278254200973997,0.9731722878596906
GradientBoosting,GroupKFold_Shape,1,95,circular,1.6658337551905438,1.0860129843825823
GradientBoosting,GroupKFold_Shape,1,96,circular,1.5781582943910415,1.0860129843825823
GradientBoosting,GroupKFold_Shape,1,97,circular,1.6000771595909171,1.0860129843825823
GradientBoosting,GroupKFold_Shape,1,98,circular,1.4886865879052946,1.0464658659787929
GradientBoosting,GroupKFold_Shape,1,99,circular,1.1745460180645266,1.0460544043434956
GradientBoosting,GroupKFold_Shape,1,100,circular,1.4893188610025825,1.0320771715098802
GradientBoosting,GroupKFold_Shape,1,101,circular,1.2696675773972377,1.0495932688627854
GradientBoosting,GroupKFold_Shape,1,102,circular,1.3409138971075678,1.057531153624771
GradientBoosting,GroupKFold_Shape,1,103,circular,1.3629865538500792,1.057531153624771
GradientBoosting,GroupKFold_Shape,1,104,circular,1.33539573292194,1.057531153624771
GradientBoosting,GroupKFold_Shape,1,105,circular,1.1903663852361177,0.978996295567225
GradientBoosting,GroupKFold_Shape,1,106,circular,1.2053584052013078,0.978996295567225
GradientBoosting,GroupKFold_Shape,1,107,circular,1.2353424451316886,0.978996295567225
GradientBoosting,GroupKFold_Shape,1,108,circular,1.1414339090699477,1.047691483063542
GradientBoosting,GroupKFold_Shape,1,109,circular,1.1269776844197152,0.9958167527263451
GradientBoosting,GroupKFold_Shape,1,110,circular,1.3256987893635834,1.0902530216282909
GradientBoosting,GroupKFold_Shape,1,111,circular,1.1310229163178613,0.9993073475665767
GradientBoosting,GroupKFold_Shape,1,112,circular,1.1545821157977425,0.9650825467959298
GradientBoosting,GroupKFold_Shape,1,113,circular,1.165840580685956,0.9591019702327828
GradientBoosting,GroupKFold_Shape,1,114,circular,1.1625214289484154,0.9975666236298703
GradientBoosting,GroupKFold_Shape,1,115,circular,1.1549104273844197,0.9878731411406951
GradientBoosting,GroupKFold_Shape,1,116,circular,1.29099968277919,1.0283921678196506
GradientBoosting,GroupKFold_Shape,1,117,circular,1.1099273964897634,1.003631219915995
GradientBoosting,GroupKFold_Shape,1,118,circular,1.2726146663911664,1.0522161792508997
GradientBoosting,GroupKFold_Shape,1,119,circular,1.2151621017721754,0.9920258073060835
GradientBoosting,GroupKFold_Shape,1,120,circular,1.6240942634659334,1.09602896917206
GradientBoosting,GroupKFold_Shape,1,121,circular,1.5859443982167336,1.09602896917206
GradientBoosting,GroupKFold_Shape,1,122,circular,1.41906220373456,1.0914078055657648
GradientBoosting,GroupKFold_Shape,1,123,circular,1.401756567103651,1.0914078055657648
GradientBoosting,GroupKFold_Shape,1,124,circular,1.467514509626967,1.0547666777005074
GradientBoosting,GroupKFold_Shape,1,125,circular,1.4224908184065779,1.0441222541620365
GradientBoosting,GroupKFold_Shape,1,126,circular,1.1912303239548843,1.0460662899010214
GradientBoosting,GroupKFold_Shape,1,127,circular,1.1855032550897164,1.0460662899010214
GradientBoosting,GroupKFold_Shape,1,128,circular,1.37020947369762,1.0189498301274444
GradientBoosting,GroupKFold_Shape,1,129,circular,1.3599840298640558,1.0189498301274444
GradientBoosting,GroupKFold_Shape,1,130,circular,1.1155993679069596,1.0208938658664293
GradientBoosting,GroupKFold_Shape,1,131,circular,1.1632164140981103,1.0208938658664293
GradientBoosting,GroupKFold_Shape,1,132,circular,1.1991666858815992,0.9348556834066989
GradientBoosting,GroupKFold_Shape,1,133,circular,1.04398508662286,1.0757391760949917
GradientBoosting,GroupKFold_Shape,1,134,circular,0.9765441895541997,1.0757391760949917
GradientBoosting,GroupKFold_Shape,1,135,circular,1.0919130117697546,1.063124240856119
GradientBoosting,GroupKFold_Shape,1,136,circular,1.1420397946679444,1.087929732075731
GradientBoosting,GroupKFold_Shape,1,137,circular,1.0472134869247998,1.0844043996541308
GradientBoosting,GroupKFold_Shape,1,138,circular,1.0945457667787828,1.045287275984226
GradientBoosting,GroupKFold_Shape,1,139,circular,0.9503054523485104,0.9301659613913171
GradientBoosting,GroupKFold_Shape,1,140,circular,0.9220785577242971,0.9301659613913171
GradientBoosting,GroupKFold_Shape,1,141,circular,0.9848049902225486,0.9301659613913171
GradientBoosting,GroupKFold_Shape,1,142,circular,0.8931877807248213,0.9458899747180414
GradientBoosting,GroupKFold_Shape,1,143,circular,0.9581462564107918,0.9301659613913171
GradientBoosting,GroupKFold_Shape,1,144,circular,0.9408964874737726,0.9301659613913171
GradientBoosting,GroupKFold_Shape,1,145,circular,1.1624650166329116,1.0418244657600013
GradientBoosting,GroupKFold_Shape,1,146,circular,1.129642474986806,1.0418244657600013
GradientBoosting,GroupKFold_Shape,1,147,circular,1.2331867795165823,1.0671503371068336
GradientBoosting,GroupKFold_Shape,1,148,circular,1.107469549143329,1.0671503371068336
GradientBoosting,GroupKFold_Shape,1,149,circular,1.2810263872377974,1.0240831963173795
GradientBoosting,GroupKFold_Shape,1,150,circular,1.2784579132784233,1.0240831963173795
GradientBoosting,GroupKFold_Shape,1,151,circular,1.2598364770729615,1.0240831963173795
GradientBoosting,GroupKFold_Shape,1,152,circular,1.3504797422389112,1.0347370369420898
GradientBoosting,GroupKFold_Shape,1,153,circular,1.2821536664107218,1.0347370369420898
GradientBoosting,GroupKFold_Shape,1,154,circular,1.3385969464427043,1.0347370369420898
GradientBoosting,GroupKFold_Shape,1,155,circular,1.370994199976567,1.0871304079875175
GradientBoosting,GroupKFold_Shape,1,156,circular,1.4093999006925229,1.0871304079875175
GradientBoosting,GroupKFold_Shape,1,157,circular,1.3558105508563052,1.0871304079875175
GradientBoosting,GroupKFold_Shape,1,158,circular,1.1189168875968767,1.0714182967925097
GradientBoosting,GroupKFold_Shape,1,159,circular,1.1906178718264686,0.9641952975981247
GradientBoosting,GroupKFold_Shape,1,160,circular,1.058400961814554,0.970433166619727
GradientBoosting,GroupKFold_Shape,1,161,circular,1.0933018396004694,1.0184151284026346
GradientBoosting,GroupKFold_Shape,1,162,circular,1.0807031661435151,0.9756226595060715
GradientBoosting,GroupKFold_Shape,1,163,circular,1.081714589741048,1.04834480767317
GradientBoosting,GroupKFold_Shape,1,164,circular,1.1142548528292844,0.9718153337860811
GradientBoosting,GroupKFold_Shape,1,165,circular,1.0503718004141738,0.952710083165028
GradientBoosting,GroupKFold_Shape,1,166,circular,0.9788295581166931,1.0246241136989682
GradientBoosting,GroupKFold_Shape,1,167,circular,1.1204789660010195,0.9832426956940279
GradientBoosting,GroupKFold_Shape,1,168,circular,0.9988336760894352,0.9930029029639313
GradientBoosting,GroupKFold_Shape,1,169,circular,1.0395391195333212,0.9043879854448653
GradientBoosting,GroupKFold_Shape,1,170,circular,1.0060464564388292,0.9106258544664677
GradientBoosting,GroupKFold_Shape,1,171,circular,0.9819513263381584,0.958607816249375
GradientBoosting,GroupKFold_Shape,1,172,circular,0.9856830767426598,0.9158153473528122
GradientBoosting,GroupKFold_Shape,1,173,circular,1.286486310423,1.1266894018785343
GradientBoosting,GroupKFold_Shape,1,174,circular,1.2564545083234089,1.1266894018785343
GradientBoosting,GroupKFold_Shape,1,175,circular,1.32213950491923,1.1266894018785343
GradientBoosting,GroupKFold_Shape,1,176,circular,1.2941569931453976,1.0056920880402176
GradientBoosting,GroupKFold_Shape,1,177,circular,1.3128540515404687,1.0028858220729644
GradientBoosting,GroupKFold_Shape,1,178,circular,1.2553795512333588,1.1045896149571863
GradientBoosting,GroupKFold_Shape,1,179,circular,1.1713924116936274,1.1045896149571863
GradientBoosting,GroupKFold_Shape,1,180,circular,1.2529089649586223,1.0056775949578571
GradientBoosting,GroupKFold_Shape,1,181,circular,1.3110746711111705,1.0145233403011236
GradientBoosting,GroupKFold_Shape,1,182,circular,1.2193262628314903,1.102945567110873
GradientBoosting,GroupKFold_Shape,1,183,circular,1.2060088386559635,1.102945567110873
GradientBoosting,GroupKFold_Shape,1,184,circular,1.2086542758821197,0.995984112468682
GradientBoosting,GroupKFold_Shape,1,185,circular,1.1882361240679107,0.9988661033923439
GradientBoosting,GroupKFold_Shape,1,186,circular,1.3048820805856924,1.065158328049441
GradientBoosting,GroupKFold_Shape,1,187,circular,1.2860185403772986,1.032676933793817
GradientBoosting,GroupKFold_Shape,1,188,circular,1.413166849593796,1.1477379500406253
GradientBoosting,GroupKFold_Shape,1,189,circular,1.4074031505013533,1.144840224576257
GradientBoosting,GroupKFold_Shape,1,190,circular,1.358950340257126,1.0349672209731244
GradientBoosting,GroupKFold_Shape,1,191,circular,1.0689531316442664,1.0161877651515079
GradientBoosting,GroupKFold_Shape,1,192,circular,1.3141287399041004,1.039326083021464
GradientBoosting,GroupKFold_Shape,1,193,circular,1.0922145091701283,1.013459524001614
GradientBoosting,GroupKFold_Shape,1,194,circular,1.5996384909229053,1.0360297567019858
GradientBoosting,GroupKFold_Shape,1,195,circular,1.2349035942484818,1.0283399408712564
GradientBoosting,GroupKFold_Shape,1,196,circular,1.3345388048057119,1.069152671453489
GradientBoosting,GroupKFold_Shape,1,197,circular,1.1669018109493594,1.0360493462003282
GradientBoosting,GroupKFold_Shape,1,198,circular,1.2028285814567583,1.0360493462003282
GradientBoosting,GroupKFold_Shape,1,199,circular,1.4534609969636008,1.0243606078862206
GradientBoosting,GroupKFold_Shape,1,200,circular,1.384211098193533,1.0714232617829085
GradientBoosting,GroupKFold_Shape,1,201,circular,1.0812582545259954,0.9968223195022686
GradientBoosting,GroupKFold_Shape,1,202,circular,0.9422252893538012,0.9968223195022686
GradientBoosting,GroupKFold_Shape,1,203,circular,1.1335926637173817,1.0922901107251
GradientBoosting,GroupKFold_Shape,1,204,circular,1.3129180568478147,1.0922901107251
GradientBoosting,GroupKFold_Shape,1,205,circular,1.2264575994456417,1.0922901107251
GradientBoosting,GroupKFold_Shape,1,206,circular,1.3129180568478147,1.0922901107251
GradientBoosting,GroupKFold_Shape,1,207,circular,1.2488732735869459,1.0922901107251
GradientBoosting,GroupKFold_Shape,1,208,circular,1.3033113393586844,1.0922901107251
GradientBoosting,GroupKFold_Shape,1,209,circular,1.1361701617391793,1.0233775609896678
GradientBoosting,GroupKFold_Shape,1,210,circular,1.1410674469190896,1.0233775609896678
GradientBoosting,GroupKFold_Shape,1,211,circular,1.0578135988606152,1.0233775609896678
GradientBoosting,GroupKFold_Shape,1,212,circular,1.0578135988606152,1.0233775609896678
GradientBoosting,GroupKFold_Shape,1,213,circular,1.1670230583726138,1.0233775609896678
GradientBoosting,GroupKFold_Shape,1,214,circular,1.1048275365877536,1.0233775609896678
GradientBoosting,GroupKFold_Shape,1,215,circular,1.1382975694343815,1.061307970070462
GradientBoosting,GroupKFold_Shape,1,216,circular,1.0752701497689592,1.0478915144283125
GradientBoosting,GroupKFold_Shape,1,217,circular,0.9199068249691795,0.9486263721227663
GradientBoosting,GroupKFold_Shape,1,218,circular,0.8843236477025262,0.9558413002031052
GradientBoosting,GroupKFold_Shape,1,219,circular,0.9128790547507792,0.9724119862526033
GradientBoosting,GroupKFold_Shape,1,220,circular,0.9281601451869276,0.9724119862526033
GradientBoosting,GroupKFold_Shape,1,221,circular,1.237545163141302,1.0309544884406996
GradientBoosting,GroupKFold_Shape,1,222,circular,1.2089867420544758,1.0409479588225454
GradientBoosting,GroupKFold_Shape,1,223,circular,1.2133644852363266,1.0409479588225454
GradientBoosting,GroupKFold_Shape,1,224,circular,1.2096074389960325,1.0235637152149768
GradientBoosting,GroupKFold_Shape,1,225,circular,1.1483515854741868,0.9663641372588618
GradientBoosting,GroupKFold_Shape,1,226,circular,1.088953056461838,0.9675735619669243
GradientBoosting,GroupKFold_Shape,1,227,circular,1.061508984719529,0.9675735619669243
GradientBoosting,GroupKFold_Shape,1,228,circular,1.0562450356984874,0.9816878516295748
GradientBoosting,GroupKFold_Shape,1,229,circular,1.1723103813258327,1.0410397393723985
GradientBoosting,GroupKFold_Shape,1,230,circular,1.1809595423245132,1.063669731522184
GradientBoosting,GroupKFold_Shape,1,231,circular,1.172977745864338,1.063669731522184
GradientBoosting,GroupKFold_Shape,1,232,circular,1.1760745433758346,1.0503485410452262
GradientBoosting,GroupKFold_Shape,1,233,circular,1.087407992331772,0.9646448351017782
GradientBoosting,GroupKFold_Shape,1,234,circular,1.1091183712584098,0.9712647885315296
GradientBoosting,GroupKFold_Shape,1,235,circular,1.1240692396897045,0.9712647885315296
GradientBoosting,GroupKFold_Shape,1,236,circular,1.1527340236652242,0.9529087891019031
GradientBoosting,GroupKFold_Shape,1,237,circular,1.1115939935791495,0.9447645990789616
GradientBoosting,GroupKFold_Shape,1,238,circular,1.0839659960653538,0.9513845525087132
GradientBoosting,GroupKFold_Shape,1,239,circular,1.1026898604988369,0.9513845525087132
GradientBoosting,GroupKFold_Shape,1,240,circular,1.097850830391181,0.9312900907904148
GradientBoosting,GroupKFold_Shape,1,241,circular,1.1675375968286057,1.0053334127440634
GradientBoosting,GroupKFold_Shape,1,242,circular,1.3000433770209283,1.0527030141560327
GradientBoosting,GroupKFold_Shape,1,243,circular,1.23746653007112,1.068573611398447
GradientBoosting,GroupKFold_Shape,1,244,circular,1.209420109403607,1.0529001957238688
GradientBoosting,GroupKFold_Shape,1,245,circular,1.3121377067956377,0.9967670328848316
GradientBoosting,GroupKFold_Shape,1,246,circular,1.2989281177447332,0.9967670328848316
GradientBoosting,GroupKFold_Shape,1,247,circular,1.3495739828334417,1.0522439766189642
GradientBoosting,GroupKFold_Shape,1,248,circular,1.1281291950782302,1.0596163294703969
GradientBoosting,GroupKFold_Shape,1,249,circular,1.2008958389819084,1.070611356576207
GradientBoosting,GroupKFold_Shape,1,250,circular,1.2353855303226169,1.0381465530500942
GradientBoosting,GroupKFold_Shape,1,251,circular,1.0730584479748482,1.080703771420513
GradientBoosting,GroupKFold_Shape,1,252,circular,1.0349052587135201,1.080703771420513
GradientBoosting,GroupKFold_Shape,1,253,circular,1.0492127046865183,1.080703771420513
GradientBoosting,GroupKFold_Shape,1,254,circular,1.115980785893842,1.080703771420513
GradientBoosting,GroupKFold_Shape,1,255,circular,1.2418476497794892,1.10584930377227
GradientBoosting,GroupKFold_Shape,1,256,circular,1.1458899378442748,1.10584930377227
GradientBoosting,GroupKFold_Shape,1,257,circular,1.3374921789478076,1.1073011683665004
GradientBoosting,GroupKFold_Shape,1,258,circular,1.0111810580343032,1.0842983995249134
GradientBoosting,GroupKFold_Shape,1,259,circular,1.0273582662639587,1.0840575657141729
GradientBoosting,GroupKFold_Shape,1,260,circular,1.045128825211897,1.0840575657141729
GradientBoosting,GroupKFold_Shape,1,261,circular,1.0697251791938465,1.0939301950441402
GradientBoosting,GroupKFold_Shape,1,262,circular,1.0669773425293771,1.089268015046055
GradientBoosting,GroupKFold_Shape,1,263,circular,1.0706406990125703,1.089268015046055
GradientBoosting,GroupKFold_Shape,1,264,circular,1.0752462928972766,1.0940255280434077
GradientBoosting,GroupKFold_Shape,1,265,circular,1.2050469519666545,1.055394374841475
GradientBoosting,GroupKFold_Shape,1,266,circular,1.1591867375218325,1.0499663236924515
GradientBoosting,GroupKFold_Shape,1,267,circular,1.0591913268808757,1.0361408930680907
GradientBoosting,GroupKFold_Shape,1,268,circular,1.4747177354069476,1.060634742724173
GradientBoosting,GroupKFold_Shape,1,269,circular,1.438698863257496,1.0661486721357674
GradientBoosting,GroupKFold_Shape,1,270,circular,1.2453362914305632,1.0417081484288215
GradientBoosting,GroupKFold_Shape,1,271,circular,1.208662846621109,1.0671209467720941
GradientBoosting,GroupKFold_Shape,1,272,circular,1.194274003208953,1.0671209467720941
GradientBoosting,GroupKFold_Shape,1,273,circular,1.3927210638476188,0.9877520528955156
GradientBoosting,GroupKFold_Shape,1,274,circular,1.3842155803571365,0.9877520528955156
GradientBoosting,GroupKFold_Shape,1,275,circular,1.4136791277360206,0.9877520528955156
GradientBoosting,GroupKFold_Shape,1,276,circular,1.1456366091921784,0.9934911774163674
GradientBoosting,GroupKFold_Shape,1,277,circular,1.1575768700669187,0.9934911774163674
GradientBoosting,GroupKFold_Shape,1,278,circular,1.1764299135533505,0.9934911774163674
GradientBoosting,GroupKFold_Shape,1,279,circular,1.158563920860915,0.9370875381015585
GradientBoosting,GroupKFold_Shape,1,280,circular,1.0769816123297524,0.9370875381015585
GradientBoosting,GroupKFold_Shape,1,281,circular,1.1257407180116425,0.9370875381015585
GradientBoosting,GroupKFold_Shape,1,282,circular,0.9885270233776388,0.9762395761936193
GradientBoosting,GroupKFold_Shape,1,283,circular,1.0783931164119696,0.9762395761936193
GradientBoosting,GroupKFold_Shape,1,284,circular,1.0361031902781668,0.9762395761936193
GradientBoosting,GroupKFold_Shape,1,285,circular,1.0869105743635306,0.977927825053194
GradientBoosting,GroupKFold_Shape,1,286,circular,1.1448031386011281,0.977927825053194
GradientBoosting,GroupKFold_Shape,1,287,circular,1.0465299957494056,0.977927825053194
GradientBoosting,GroupKFold_Shape,1,288,circular,1.1966957273711798,1.0456438136682922
GradientBoosting,GroupKFold_Shape,1,289,circular,1.1633442640197864,1.0456438136682922
GradientBoosting,GroupKFold_Shape,1,290,circular,1.1689970544183277,1.0456438136682922
GradientBoosting,GroupKFold_Shape,1,291,circular,1.200839968966233,1.0177575640141843
GradientBoosting,GroupKFold_Shape,1,292,circular,1.1248508298347624,1.0177575640141843
GradientBoosting,GroupKFold_Shape,1,293,circular,1.209479105433616,1.0177575640141843
GradientBoosting,GroupKFold_Shape,1,294,circular,1.108420440267482,0.9850460823869774
GradientBoosting,GroupKFold_Shape,1,295,circular,1.1193408386937624,0.9850460823869774
GradientBoosting,GroupKFold_Shape,1,296,circular,1.070756208960514,0.9850460823869774
GradientBoosting,GroupKFold_Shape,1,297,circular,1.1115066128395268,0.9686112154338619
GradientBoosting,GroupKFold_Shape,1,298,circular,1.143938834802967,0.9686112154338619
GradientBoosting,GroupKFold_Shape,1,299,circular,1.117630616216053,0.9686112154338619
GradientBoosting,GroupKFold_Shape,1,300,circular,1.250094356066993,1.0192351491209513
GradientBoosting,GroupKFold_Shape,1,301,circular,1.255615974247501,1.0192351491209513
GradientBoosting,GroupKFold_Shape,1,302,circular,1.2175168088019963,1.0192351491209513
GradientBoosting,GroupKFold_Shape,1,303,circular,1.2950278181808799,0.9809846029435886
GradientBoosting,GroupKFold_Shape,1,304,circular,1.2126169570239147,0.9809846029435886
GradientBoosting,GroupKFold_Shape,1,305,circular,1.2243899371891955,0.9809846029435886
GradientBoosting,GroupKFold_Shape,1,306,circular,1.1743142604760686,0.9708327312770888
GradientBoosting,GroupKFold_Shape,1,307,circular,1.2139187167349488,0.9708327312770888
GradientBoosting,GroupKFold_Shape,1,308,circular,1.1932738406000005,0.9708327312770888
GradientBoosting,GroupKFold_Shape,1,309,circular,1.1603149777096642,0.9662601352001676
GradientBoosting,GroupKFold_Shape,1,310,circular,1.1732156482628429,0.9662601352001676
GradientBoosting,GroupKFold_Shape,1,311,circular,1.1383551696124758,0.9662601352001676
GradientBoosting,GroupKFold_Shape,1,312,circular,1.2079419865581988,1.004673846901806
GradientBoosting,GroupKFold_Shape,1,313,circular,1.1670455196309601,1.004673846901806
GradientBoosting,GroupKFold_Shape,1,314,circular,1.1508537216670625,1.007258576460591
GradientBoosting,GroupKFold_Shape,1,315,circular,1.1609953445016765,1.007258576460591
GradientBoosting,GroupKFold_Shape,1,316,circular,1.0619217905514904,0.9515661897434227
GradientBoosting,GroupKFold_Shape,1,317,circular,1.2956542484866285,1.0279353097183863
GradientBoosting,GroupKFold_Shape,1,318,circular,1.1306542302372584,1.0075686527537366
GradientBoosting,GroupKFold_Shape,1,319,circular,1.0631562838336788,0.9588838728731638
GradientBoosting,GroupKFold_Shape,1,320,circular,1.073027843573812,0.9588838728731638
GradientBoosting,GroupKFold_Shape,1,321,circular,1.1306840434563534,0.9588838728731638
GradientBoosting,GroupKFold_Shape,1,322,circular,1.1011120203646916,0.9588838728731638
GradientBoosting,GroupKFold_Shape,1,323,circular,0.9851301986103755,0.9946333406903923
GradientBoosting,GroupKFold_Shape,1,324,circular,0.9339257495170827,1.009593954321336
GradientBoosting,GroupKFold_Shape,1,325,circular,1.0162230301480055,1.0082247889410458
GradientBoosting,GroupKFold_Shape,1,326,circular,1.1469339218412573,1.0653537586022468
GradientBoosting,GroupKFold_Shape,1,327,circular,1.092546009091041,1.0683300033382883
GradientBoosting,GroupKFold_Shape,1,328,circular,1.1000861553214407,1.0779160743488643
GradientBoosting,GroupKFold_Shape,1,329,circular,1.0087307049043397,1.0808923190849058
GradientBoosting,GroupKFold_Shape,1,330,circular,1.1484501212624212,1.0354118561218073
GradientBoosting,GroupKFold_Shape,1,331,circular,1.1529242603297682,1.0128143700165142
GradientBoosting,GroupKFold_Shape,1,332,circular,1.2904751739807487,1.0456821330980643
GradientBoosting,GroupKFold_Shape,1,333,circular,1.3986321931244245,1.0774475904541057
GradientBoosting,GroupKFold_Shape,1,334,circular,1.2682445144448073,1.0024916177620529
GradientBoosting,GroupKFold_Shape,1,335,circular,1.2631163095652482,1.0024916177620529
GradientBoosting,GroupKFold_Shape,1,336,circular,1.1895466598960975,1.0484696272562042
GradientBoosting,GroupKFold_Shape,1,337,circular,1.2051519231744006,1.0484696272562042
GradientBoosting,GroupKFold_Shape,1,338,circular,1.3434511412160852,1.106645601388986
GradientBoosting,GroupKFold_Shape,1,339,circular,1.4076120631650018,1.106645601388986
GradientBoosting,GroupKFold_Shape,1,340,circular,1.4131294140157122,1.1019731707529912
GradientBoosting,GroupKFold_Shape,1,341,circular,1.4090014799922972,1.1019731707529912
GradientBoosting,GroupKFold_Shape,1,342,circular,1.2512502109547927,0.9708187802935456
GradientBoosting,GroupKFold_Shape,1,343,circular,1.194727836500679,0.9708187802935456
GradientBoosting,GroupKFold_Shape,1,344,circular,1.1627385870083158,0.962440724047745
GradientBoosting,GroupKFold_Shape,1,345,circular,1.1558303740888456,0.962440724047745
GradientBoosting,GroupKFold_Shape,1,346,circular,1.2854163440072908,1.0188083824873204
GradientBoosting,GroupKFold_Shape,1,347,circular,1.2786766813827724,1.0188083824873204
GradientBoosting,GroupKFold_Shape,1,348,circular,1.3537218351572846,1.088478956673922
GradientBoosting,GroupKFold_Shape,1,349,circular,1.3212615545224988,1.088478956673922
GradientBoosting,GroupKFold_Shape,1,350,circular,1.1995720476405545,1.1180852594623154
GradientBoosting,GroupKFold_Shape,1,351,circular,1.1809166022318427,1.1005790361678316
GradientBoosting,GroupKFold_Shape,1,352,circular,1.0748673043457417,1.1005790361678316
GradientBoosting,GroupKFold_Shape,1,353,circular,1.2269958514308963,1.057630516910486
GradientBoosting,GroupKFold_Shape,1,354,circular,1.1320785534773934,1.042367561772997
GradientBoosting,GroupKFold_Shape,1,355,circular,1.0934447473345092,1.042367561772997
GradientBoosting,GroupKFold_Shape,1,356,circular,1.220907275112158,1.118131788344223
GradientBoosting,GroupKFold_Shape,1,357,circular,1.0712085131381346,1.1239626401793843
GradientBoosting,GroupKFold_Shape,1,358,circular,1.0747060958035308,1.1291199358639938
GradientBoosting,GroupKFold_Shape,1,359,circular,1.1426382828215833,1.0487902556140773
GradientBoosting,GroupKFold_Shape,1,360,circular,1.2204093047324287,1.1516196995846866
GradientBoosting,GroupKFold_Shape,1,361,circular,1.1951532343242832,1.1516196995846866
GradientBoosting,GroupKFold_Shape,1,362,circular,1.253162744858469,1.1195075583557133
GradientBoosting,GroupKFold_Shape,1,363,circular,1.410690975522547,1.1356366397526843
GradientBoosting,GroupKFold_Shape,1,364,circular,1.3287666544027426,1.1243175091975819
GradientBoosting,GroupKFold_Shape,1,365,circular,1.2535131146099987,1.1151738793669153
GradientBoosting,GroupKFold_Shape,1,366,circular,1.3834440469848879,1.1126126439857278
GradientBoosting,GroupKFold_Shape,1,367,circular,1.2268643277129487,1.0948570250704694
GradientBoosting,GroupKFold_Shape,1,368,circular,1.2343448087834648,1.0897681842521876
GradientBoosting,GroupKFold_Shape,1,369,circular,1.4019339057226425,1.0788739652384671
GradientBoosting,GroupKFold_Shape,1,370,circular,1.4247851688507547,1.0788739652384671
GradientBoosting,GroupKFold_Shape,1,371,circular,1.2774436061249554,1.1496521357631666
GradientBoosting,GroupKFold_Shape,1,372,circular,1.307463933260314,1.13580699088855
GradientBoosting,GroupKFold_Shape,1,373,circular,1.4590225375244026,1.1274440289482934
GradientBoosting,GroupKFold_Shape,1,374,circular,1.220169597230472,1.1516196995846866
GradientBoosting,GroupKFold_Shape,1,375,circular,1.2098260052479615,1.0970235230973693
GradientBoosting,GroupKFold_Shape,1,376,circular,1.2949004125196468,1.1231324369667868
GradientBoosting,GroupKFold_Shape,1,377,circular,1.2749949798711437,1.1231324369667868
GradientBoosting,GroupKFold_Shape,1,378,circular,1.282094241059635,1.1369621403424255
GradientBoosting,GroupKFold_Shape,1,379,circular,1.2945158603944777,1.1231324369667868
GradientBoosting,GroupKFold_Shape,1,380,circular,1.3544066431861226,1.1231324369667868
GradientBoosting,GroupKFold_Shape,1,381,circular,1.3622828817848462,1.1243175091975819
GradientBoosting,GroupKFold_Shape,1,382,circular,1.2468443947618897,1.0834061623212787
GradientBoosting,GroupKFold_Shape,1,383,circular,1.2672884252356018,1.1096599499553208
GradientBoosting,GroupKFold_Shape,1,384,circular,1.291555198923066,1.113938144575469
GradientBoosting,GroupKFold_Shape,1,385,circular,1.288675645238375,1.113938144575469
GradientBoosting,GroupKFold_Shape,1,386,circular,1.2490609221562923,1.113938144575469
GradientBoosting,GroupKFold_Shape,1,387,circular,1.286870529047561,1.113938144575469
GradientBoosting,GroupKFold_Shape,1,388,circular,1.3438725632484756,1.0948570250704694
GradientBoosting,GroupKFold_Shape,1,389,circular,1.2257063169875246,1.0609815566900211
GradientBoosting,GroupKFold_Shape,1,390,circular,1.2791487844243277,1.0801994658282084
GradientBoosting,GroupKFold_Shape,1,391,circular,1.2670605513611748,1.0627921199379327
GradientBoosting,GroupKFold_Shape,1,392,circular,1.2441530285865783,1.0801994658282084
GradientBoosting,GroupKFold_Shape,1,393,circular,1.2673463190737095,1.0801994658282084
GradientBoosting,GroupKFold_Shape,1,394,circular,1.2683585085983282,1.0801994658282084
GradientBoosting,GroupKFold_Shape,1,395,circular,1.2823788993562046,1.1496521357631666
GradientBoosting,GroupKFold_Shape,1,396,circular,1.235038553303725,1.130640982338133
GradientBoosting,GroupKFold_Shape,1,397,circular,1.3200127286601904,1.1302930614769555
GradientBoosting,GroupKFold_Shape,1,398,circular,1.3516993360623062,1.1302930614769555
GradientBoosting,GroupKFold_Shape,1,399,circular,1.1456366091921784,0.9934911774163674
GradientBoosting,GroupKFold_Shape,1,400,circular,1.1575768700669187,0.9934911774163674
GradientBoosting,GroupKFold_Shape,1,401,circular,1.1764299135533505,0.9934911774163674
GradientBoosting,GroupKFold_Shape,1,402,circular,1.158563920860915,0.9370875381015585
GradientBoosting,GroupKFold_Shape,1,403,circular,1.0769816123297524,0.9370875381015585
GradientBoosting,GroupKFold_Shape,1,404,circular,1.1257407180116425,0.9370875381015585
GradientBoosting,GroupKFold_Shape,1,405,circular,0.9885270233776388,0.9762395761936193
GradientBoosting,GroupKFold_Shape,1,406,circular,1.0783931164119696,0.9762395761936193
GradientBoosting,GroupKFold_Shape,1,407,circular,1.0361031902781668,0.9762395761936193
GradientBoosting,GroupKFold_Shape,1,408,circular,1.0869105743635306,0.977927825053194
GradientBoosting,GroupKFold_Shape,1,409,circular,1.1448031386011281,0.977927825053194
GradientBoosting,GroupKFold_Shape,1,410,circular,1.0465299957494056,0.977927825053194
GradientBoosting,GroupKFold_Shape,1,411,circular,1.1966957273711798,1.0456438136682922
GradientBoosting,GroupKFold_Shape,1,412,circular,1.1633442640197864,1.0456438136682922
GradientBoosting,GroupKFold_Shape,1,413,circular,1.1689970544183277,1.0456438136682922
GradientBoosting,GroupKFold_Shape,1,414,circular,1.200839968966233,1.0177575640141843
GradientBoosting,GroupKFold_Shape,1,415,circular,1.1248508298347624,1.0177575640141843
GradientBoosting,GroupKFold_Shape,1,416,circular,1.209479105433616,1.0177575640141843
GradientBoosting,GroupKFold_Shape,1,417,circular,1.108420440267482,0.9850460823869774
GradientBoosting,GroupKFold_Shape,1,418,circular,1.1193408386937624,0.9850460823869774
GradientBoosting,GroupKFold_Shape,1,419,circular,1.0705333436865083,0.9850460823869774
GradientBoosting,GroupKFold_Shape,1,420,circular,1.1115066128395268,0.9686112154338619
GradientBoosting,GroupKFold_Shape,1,421,circular,1.143938834802967,0.9686112154338619
GradientBoosting,GroupKFold_Shape,1,422,circular,1.117630616216053,0.9686112154338619
GradientBoosting,GroupKFold_Shape,1,423,circular,1.250094356066993,1.0192351491209513
GradientBoosting,GroupKFold_Shape,1,424,circular,1.255615974247501,1.0192351491209513
GradientBoosting,GroupKFold_Shape,1,425,circular,1.2175168088019963,1.0192351491209513
GradientBoosting,GroupKFold_Shape,1,426,circular,1.2950278181808799,0.9809846029435886
GradientBoosting,GroupKFold_Shape,1,427,circular,1.2126169570239147,0.9809846029435886
GradientBoosting,GroupKFold_Shape,1,428,circular,1.2243899371891955,0.9809846029435886
GradientBoosting,GroupKFold_Shape,1,429,circular,1.1743142604760686,0.9708327312770888
GradientBoosting,GroupKFold_Shape,1,430,circular,1.2139187167349488,0.9708327312770888
GradientBoosting,GroupKFold_Shape,1,431,circular,1.1932738406000005,0.9708327312770888
GradientBoosting,GroupKFold_Shape,1,432,circular,1.1603149777096642,0.9662601352001676
GradientBoosting,GroupKFold_Shape,1,433,circular,1.1732156482628429,0.9662601352001676
GradientBoosting,GroupKFold_Shape,1,434,circular,1.1383551696124758,0.9662601352001676
GradientBoosting,GroupKFold_Shape,1,435,circular,1.136205061407592,0.9564364828488878
GradientBoosting,GroupKFold_Shape,1,436,circular,1.1837321055556502,0.991361556169696
GradientBoosting,GroupKFold_Shape,1,437,circular,1.1285449094648452,1.0194454968799433
GradientBoosting,GroupKFold_Shape,1,438,circular,1.1227523900855292,1.0606226431617392
GradientBoosting,GroupKFold_Shape,1,439,circular,1.167311509591246,0.9453779550331278
GradientBoosting,GroupKFold_Shape,1,440,circular,1.244275159310521,0.991361556169696
GradientBoosting,GroupKFold_Shape,1,441,circular,1.2059882136778968,1.0083869690641831
GradientBoosting,GroupKFold_Shape,1,442,circular,1.2660904399745998,1.049564115345979
GradientBoosting,GroupKFold_Shape,1,443,circular,1.2193656335090768,1.001143257187126
GradientBoosting,GroupKFold_Shape,1,444,circular,1.0980365335263236,0.9719382387883423
GradientBoosting,GroupKFold_Shape,1,445,circular,1.094780679517756,1.0064847394570016
GradientBoosting,GroupKFold_Shape,1,446,circular,1.1254903843034576,1.0394691654106507
GradientBoosting,GroupKFold_Shape,1,447,circular,1.1811788280767848,1.0538209575288164
GradientBoosting,GroupKFold_Shape,1,448,circular,1.2437399821086135,1.052853668337572
GradientBoosting,GroupKFold_Shape,1,449,circular,1.2577319063356134,1.06451845488262
GradientBoosting,GroupKFold_Shape,1,450,circular,1.1121276540275178,1.0538209575288164
GradientBoosting,GroupKFold_Shape,1,451,circular,1.189648160647048,1.052853668337572
GradientBoosting,GroupKFold_Shape,1,452,circular,1.25195418927106,1.06451845488262
GradientBoosting,GroupKFold_Shape,1,453,circular,1.1678173543464752,1.056790505964871
GradientBoosting,GroupKFold_Shape,1,454,circular,1.2150073469027478,1.0558232167736266
GradientBoosting,GroupKFold_Shape,1,455,circular,1.2418209384769063,1.0674880033186747
GradientBoosting,GroupKFold_Shape,1,456,circular,1.198140263818663,1.0538209575288164
GradientBoosting,GroupKFold_Shape,1,457,circular,1.1855044785086055,1.0538209575288164
GradientBoosting,GroupKFold_Shape,1,458,circular,1.2090963058671387,1.0538209575288164
GradientBoosting,GroupKFold_Shape,1,459,circular,1.3259799981856513,1.052853668337572
GradientBoosting,GroupKFold_Shape,1,460,circular,1.299020194398419,1.052853668337572
GradientBoosting,GroupKFold_Shape,1,461,circular,1.3434363952751693,1.052853668337572
GradientBoosting,GroupKFold_Shape,1,462,circular,1.281033681703701,1.06451845488262
GradientBoosting,GroupKFold_Shape,1,463,circular,1.2523021338937257,1.06451845488262
GradientBoosting,GroupKFold_Shape,1,464,circular,1.2935766863339573,1.06451845488262
GradientBoosting,GroupKFold_Shape,1,465,circular,1.1250605898685158,1.056790505964871
GradientBoosting,GroupKFold_Shape,1,466,circular,1.1263474694221658,1.056790505964871
GradientBoosting,GroupKFold_Shape,1,467,circular,1.1413646115604044,1.056790505964871
GradientBoosting,GroupKFold_Shape,1,468,circular,1.2494831646191205,1.0558232167736266
GradientBoosting,GroupKFold_Shape,1,469,circular,1.2330886261133327,1.0558232167736266
GradientBoosting,GroupKFold_Shape,1,470,circular,1.2417298628121878,1.0558232167736266
GradientBoosting,GroupKFold_Shape,1,471,circular,1.265565498136139,1.0674880033186747
GradientBoosting,GroupKFold_Shape,1,472,circular,1.261434568255463,1.0674880033186747
GradientBoosting,GroupKFold_Shape,1,473,circular,1.2814067423059525,1.0674880033186747
GradientBoosting,GroupKFold_Shape,1,474,circular,1.1412579581680564,1.056790505964871
GradientBoosting,GroupKFold_Shape,1,475,circular,1.1639612532058294,1.056790505964871
GradientBoosting,GroupKFold_Shape,1,476,circular,1.1683730857239734,1.0531656273537975
GradientBoosting,GroupKFold_Shape,1,477,circular,1.1826622653806047,1.0558232167736266
GradientBoosting,GroupKFold_Shape,1,478,circular,1.2042128286825535,1.0558232167736266
GradientBoosting,GroupKFold_Shape,1,479,circular,1.1994765786206814,1.061337146185221
GradientBoosting,GroupKFold_Shape,1,480,circular,1.2300282858041112,1.0674880033186747
GradientBoosting,GroupKFold_Shape,1,481,circular,1.2323447321023147,1.0674880033186747
GradientBoosting,GroupKFold_Shape,1,482,circular,1.2559683700923228,1.0730019327302691
GradientBoosting,GroupKFold_Shape,1,483,circular,1.097409187610453,1.0031437645388843
GradientBoosting,GroupKFold_Shape,1,484,circular,1.12554788472867,1.0031437645388843
GradientBoosting,GroupKFold_Shape,1,485,circular,1.1529675365057692,1.0664387647183053
GradientBoosting,GroupKFold_Shape,1,486,circular,1.1852281853374391,1.0664387647183053
GradientBoosting,GroupKFold_Shape,1,487,circular,1.122012685118459,1.0665011264479742
GradientBoosting,GroupKFold_Shape,1,488,circular,1.1015644821562767,1.0665011264479742
GradientBoosting,GroupKFold_Shape,1,489,circular,1.0637998792821723,0.9570013160889496
GradientBoosting,GroupKFold_Shape,1,490,circular,1.07947210172219,0.9570013160889496
GradientBoosting,GroupKFold_Shape,1,491,circular,0.9842650644053778,0.9502405270634788
GradientBoosting,GroupKFold_Shape,1,492,circular,1.0221405808078126,0.9502405270634788
GradientBoosting,GroupKFold_Shape,1,493,circular,1.2803725519731772,1.0065917989751791
GradientBoosting,GroupKFold_Shape,1,494,circular,1.2443901851729942,1.0065917989751791
GradientBoosting,GroupKFold_Shape,1,495,circular,1.1680967901425083,1.066707103515829
GradientBoosting,GroupKFold_Shape,1,496,circular,1.1555366096033417,1.066707103515829
GradientBoosting,GroupKFold_Shape,1,497,circular,1.1389998201135163,1.0652342187544348
GradientBoosting,GroupKFold_Shape,1,498,circular,1.0616452868758604,1.0652342187544348
GradientBoosting,GroupKFold_Shape,1,499,circular,1.0846139454825912,0.9480708370055061
GradientBoosting,GroupKFold_Shape,1,500,circular,1.0813816522675768,0.9480708370055061
GradientBoosting,GroupKFold_Shape,1,501,circular,1.0516109537673108,0.9489736193699397
GradientBoosting,GroupKFold_Shape,1,502,circular,1.0771791624586369,0.9489736193699397
GradientBoosting,GroupKFold_Shape,1,503,circular,1.2520069830423897,1.0051807480835564
GradientBoosting,GroupKFold_Shape,1,504,circular,1.2664978046053803,1.0051807480835564
GradientBoosting,GroupKFold_Shape,1,505,circular,1.1509658965396408,1.063823167862812
GradientBoosting,GroupKFold_Shape,1,506,circular,1.110275183025613,1.063823167862812
GradientBoosting,GroupKFold_Shape,1,507,circular,1.0614219390071202,0.9475625684783172
GradientBoosting,GroupKFold_Shape,1,508,circular,1.0794121413631732,0.9475625684783172
GradientBoosting,GroupKFold_Shape,1,509,circular,1.2207707577349554,1.1049003511790523
GradientBoosting,GroupKFold_Shape,1,510,circular,1.216295289923274,1.1034893002874295
GradientBoosting,GroupKFold_Shape,1,511,circular,1.2763529435507894,1.1478866124975748
GradientBoosting,GroupKFold_Shape,1,512,circular,1.246315770469367,1.1478866124975748
GradientBoosting,GroupKFold_Shape,1,513,circular,1.4600404038278534,1.095529976559275
GradientBoosting,GroupKFold_Shape,1,514,circular,1.3551376186293855,1.095529976559275
GradientBoosting,GroupKFold_Shape,1,515,circular,1.4154313194801356,1.0996147549334316
GradientBoosting,GroupKFold_Shape,1,516,circular,1.3991619939688698,1.0996147549334316
GradientBoosting,GroupKFold_Shape,1,517,circular,1.3422696164404564,1.0879047169955725
GradientBoosting,GroupKFold_Shape,1,518,circular,1.3377349217903196,1.0879047169955725
GradientBoosting,GroupKFold_Shape,1,519,circular,1.4737078098499086,1.0833243581058327
GradientBoosting,GroupKFold_Shape,1,520,circular,1.42382207298616,1.0890256741934603
GradientBoosting,GroupKFold_Shape,1,521,circular,1.4600404038278534,1.095529976559275
GradientBoosting,GroupKFold_Shape,1,522,circular,1.3551376186293855,1.1012312926469026
GradientBoosting,GroupKFold_Shape,1,523,circular,1.4602452591610375,1.0374277299416026
GradientBoosting,GroupKFold_Shape,1,524,circular,1.3551804572773791,1.0374277299416026
GradientBoosting,GroupKFold_Shape,1,525,circular,1.261950280076963,0.9587013004091258
GradientBoosting,GroupKFold_Shape,1,526,circular,1.2070770909871522,0.9587013004091258
GradientBoosting,GroupKFold_Shape,1,527,circular,1.2872591031213836,0.9587013004091258
GradientBoosting,GroupKFold_Shape,1,528,circular,1.2295175877440858,0.9587013004091258
GradientBoosting,GroupKFold_Shape,1,529,circular,1.0749994218548684,0.9989536609047367
GradientBoosting,GroupKFold_Shape,1,530,circular,1.1455487199286842,1.018312735190948
GradientBoosting,GroupKFold_Shape,1,531,circular,1.1156002980635482,1.0140580909944572
GradientBoosting,GroupKFold_Shape,1,532,circular,1.1812493418381194,1.0170276394305118
GradientBoosting,GroupKFold_Shape,1,533,circular,1.1703975528389767,1.032164203838246
GradientBoosting,GroupKFold_Shape,1,534,circular,1.178400362037723,0.9896161840344014
GradientBoosting,GroupKFold_Shape,1,535,circular,1.14403126667179,0.998459808261498
GradientBoosting,GroupKFold_Shape,1,536,circular,1.1042621429645079,1.0165604487805602
GradientBoosting,GroupKFold_Shape,1,537,circular,1.1118741096181768,0.9553740072900848
GradientBoosting,GroupKFold_Shape,1,538,circular,1.0975680037783655,0.9631869329974242
GradientBoosting,GroupKFold_Shape,1,539,circular,1.1234142745770122,0.9794880297592916
GradientBoosting,GroupKFold_Shape,1,540,circular,1.136360554615098,1.055863113136214
GradientBoosting,GroupKFold_Shape,1,541,circular,1.2168271823181187,1.055863113136214
GradientBoosting,GroupKFold_Shape,1,542,circular,1.213506864240547,1.055863113136214
GradientBoosting,GroupKFold_Shape,1,543,circular,1.3390171937925537,1.073062344638823
GradientBoosting,GroupKFold_Shape,1,544,circular,1.2679319917387057,1.073062344638823
GradientBoosting,GroupKFold_Shape,1,545,circular,1.2216366617289183,1.073062344638823
GradientBoosting,GroupKFold_Shape,1,546,circular,1.1939933015828132,0.997351506452996
GradientBoosting,GroupKFold_Shape,1,547,circular,1.2313271775294552,0.997351506452996
GradientBoosting,GroupKFold_Shape,1,548,circular,1.2657307970870473,0.997351506452996
GradientBoosting,GroupKFold_Shape,1,549,circular,1.2987951649060503,0.9439667179310356
GradientBoosting,GroupKFold_Shape,1,550,circular,1.2045657462863062,0.9296008045545116
GradientBoosting,GroupKFold_Shape,1,551,circular,1.1706389361953242,0.9372643759444159
GradientBoosting,GroupKFold_Shape,1,552,circular,1.2974059019704027,0.9479053399046895
GradientBoosting,GroupKFold_Shape,1,553,circular,1.2336684323588558,0.9479053399046895
GradientBoosting,GroupKFold_Shape,1,554,circular,1.2434786890775043,0.9479053399046895
GradientBoosting,GroupKFold_Shape,1,555,circular,1.24744725501182,1.0595564354329048
GradientBoosting,GroupKFold_Shape,1,556,circular,1.2255351324166173,1.0355173961310558
GradientBoosting,GroupKFold_Shape,1,557,circular,1.212461976536215,1.0190804974401952
GradientBoosting,GroupKFold_Shape,1,558,circular,1.2390348241766387,1.0433000196599926
GradientBoosting,GroupKFold_Shape,1,559,circular,1.3099147850734096,1.0718693877944914
GradientBoosting,GroupKFold_Shape,1,560,circular,1.1191135566181951,1.0298594115771216
GradientBoosting,GroupKFold_Shape,1,561,circular,1.125520396023584,1.0298594115771216
GradientBoosting,GroupKFold_Shape,1,562,circular,1.0688796897447055,0.9786486924287786
GradientBoosting,GroupKFold_Shape,1,563,circular,1.0709849653873482,0.9786368388768433
GradientBoosting,GroupKFold_Shape,1,564,circular,1.1103910581529506,1.004215146367945
GradientBoosting,GroupKFold_Shape,1,565,circular,1.1128519849889325,1.0011784316182095
GradientBoosting,GroupKFold_Shape,1,566,circular,1.0119426075976625,0.9616777244245233
GradientBoosting,GroupKFold_Shape,1,567,circular,1.0587853148826611,0.9974772869365834
GradientBoosting,GroupKFold_Shape,1,568,circular,1.169989109233401,0.9106501161791992
GradientBoosting,GroupKFold_Shape,1,569,circular,1.4822375104324539,1.122863566468602
GradientBoosting,GroupKFold_Shape,1,570,circular,1.1172119113349281,1.1086888302440197
GradientBoosting,GroupKFold_Shape,1,571,circular,1.1955313826950031,1.1120738319626697
GradientBoosting,GroupKFold_Shape,1,572,circular,1.1672017543078723,1.1098487920110947
GradientBoosting,GroupKFold_Shape,1,573,circular,1.5017169424717123,1.0473056861170327
GradientBoosting,GroupKFold_Shape,1,574,circular,1.4594150567682838,1.0473056861170327
GradientBoosting,GroupKFold_Shape,1,575,circular,1.4752782639070696,1.0473056861170327
GradientBoosting,GroupKFold_Shape,1,576,circular,1.419519117076611,1.0691866212215178
GradientBoosting,GroupKFold_Shape,1,577,circular,1.4377180801160547,1.0691866212215178
GradientBoosting,GroupKFold_Shape,1,578,circular,1.0939191567339017,0.9647425604956392
GradientBoosting,GroupKFold_Shape,1,579,circular,1.1082076544678416,0.9647425604956392
GradientBoosting,GroupKFold_Shape,1,580,circular,1.1189148124866442,0.94170193028685
GradientBoosting,GroupKFold_Shape,1,581,circular,1.125154244488275,0.9372705067658119
GradientBoosting,GroupKFold_Shape,1,582,circular,1.1253876898014403,0.9577506351202721
GradientBoosting,GroupKFold_Shape,1,583,circular,1.103812716496891,0.9577506351202721
GradientBoosting,GroupKFold_Shape,1,584,circular,1.0985823082868367,0.9647425604956392
GradientBoosting,GroupKFold_Shape,1,585,circular,1.0973071033105124,0.9647425604956392
GradientBoosting,GroupKFold_Shape,1,586,circular,1.07813229112156,0.985045554251706
GradientBoosting,GroupKFold_Shape,1,587,circular,1.0720181076632134,0.9705042049176108
GradientBoosting,GroupKFold_Shape,1,588,circular,1.0996992675102513,0.9610270287382803
GradientBoosting,GroupKFold_Shape,1,589,circular,1.1065761847263786,0.9610270287382803
GradientBoosting,GroupKFold_Shape,1,590,circular,1.0891297555800707,0.9647425604956392
GradientBoosting,GroupKFold_Shape,1,591,circular,1.1179292663043983,0.9660185833451638
GradientBoosting,GroupKFold_Shape,1,592,circular,1.1027615541905644,0.9629030032042311
GradientBoosting,GroupKFold_Shape,1,593,circular,1.1083054834975656,0.9647425604956392
GradientBoosting,GroupKFold_Shape,1,594,circular,1.0963834458272042,0.9610270287382803
GradientBoosting,GroupKFold_Shape,1,595,circular,1.1121008667663637,0.9647425604956392
GradientBoosting,GroupKFold_Shape,1,596,circular,1.1104141617106007,0.9647425604956392
GradientBoosting,GroupKFold_Shape,1,597,circular,1.1053752629591076,0.9647425604956392
GradientBoosting,GroupKFold_Shape,1,598,circular,1.101641173779054,0.9647425604956392
GradientBoosting,GroupKFold_Shape,1,599,circular,1.4737078098499086,1.0833243581058327
GradientBoosting,GroupKFold_Shape,1,600,circular,1.3552291847985056,1.0890256741934603
GradientBoosting,GroupKFold_Shape,1,601,circular,1.4600404038278534,1.095529976559275
GradientBoosting,GroupKFold_Shape,1,602,circular,1.3551376186293855,1.1012312926469026
GradientBoosting,GroupKFold_Shape,1,603,circular,1.1982356859759895,1.0945695605691024
GradientBoosting,GroupKFold_Shape,1,604,circular,1.3597925128136246,1.092662701208258
GradientBoosting,GroupKFold_Shape,1,605,circular,1.3584960645166095,1.0743890465800279
GradientBoosting,GroupKFold_Shape,1,606,circular,1.3100033270154159,1.0743890465800279
GradientBoosting,GroupKFold_Shape,1,607,circular,1.2913700832474397,1.1070717640769816
GradientBoosting,GroupKFold_Shape,1,608,circular,1.4978151073335477,1.128273732137783
GradientBoosting,GroupKFold_Shape,1,609,circular,1.2096830310287026,1.0652101587265772
GradientBoosting,GroupKFold_Shape,1,610,circular,1.2873230266774571,1.0652101587265772
GradientBoosting,GroupKFold_Shape,1,611,circular,1.4530112728655133,1.0906411238838984
GradientBoosting,GroupKFold_Shape,1,612,circular,1.4109684844565789,1.0906411238838984
GradientBoosting,GroupKFold_Shape,1,613,circular,1.2390348241766387,1.0433000196599926
GradientBoosting,GroupKFold_Shape,1,614,circular,1.3099147850734096,1.0718693877944914
GradientBoosting,GroupKFold_Shape,1,615,circular,1.306829976743478,1.0300439323549924
GradientBoosting,GroupKFold_Shape,1,616,circular,1.290747621841903,1.0300439323549924
GradientBoosting,GroupKFold_Shape,1,617,circular,1.3332390142216342,1.0488629565588128
GradientBoosting,GroupKFold_Shape,1,618,circular,1.3086128646971864,1.0488629565588128
GradientBoosting,GroupKFold_Shape,1,619,circular,1.3199099921891184,1.0488629565588128
GradientBoosting,GroupKFold_Shape,1,620,circular,1.3389618107830723,1.0488629565588128
GradientBoosting,GroupKFold_Shape,1,621,circular,1.330175403702272,1.0534362315971664
GradientBoosting,GroupKFold_Shape,1,622,circular,1.3453508784579917,1.0534362315971664
GradientBoosting,GroupKFold_Shape,1,623,circular,1.3180270589589476,1.0579141831035324
GradientBoosting,GroupKFold_Shape,1,624,circular,1.352620773381636,1.0579141831035324
GradientBoosting,GroupKFold_Shape,1,625,circular,1.2617665934601323,1.05529454176194
GradientBoosting,GroupKFold_Shape,1,626,circular,1.3285906550290896,1.1063582339573579
GradientBoosting,GroupKFold_Shape,1,627,circular,1.3313087177790965,1.1041553952668826
GradientBoosting,GroupKFold_Shape,1,628,circular,1.4053136480542652,1.1041553952668826
GradientBoosting,GroupKFold_Shape,1,629,circular,1.3001385373329486,1.134357610088252
GradientBoosting,GroupKFold_Shape,1,630,circular,1.2362028679086534,1.1214189596615602
GradientBoosting,GroupKFold_Shape,1,631,circular,1.2965312518289938,1.1214189596615602
GradientBoosting,GroupKFold_Shape,1,632,circular,1.3204525886930352,1.0659981014490174
GradientBoosting,GroupKFold_Shape,1,633,circular,1.2966698880718244,1.1225818854100449
GradientBoosting,GroupKFold_Shape,1,634,circular,1.3546268449969268,1.14849485999393
GradientBoosting,GroupKFold_Shape,1,635,circular,1.3040760471428814,1.1116040849552107
GradientBoosting,GroupKFold_Shape,1,636,circular,1.2239856207435866,1.1375170595390958
GradientBoosting,GroupKFold_Shape,1,637,circular,1.2280509343017207,1.0553430909580108
GradientBoosting,GroupKFold_Shape,1,638,circular,1.1604974665781171,1.0553430909580108
GradientBoosting,GroupKFold_Shape,1,639,circular,1.2478356905643953,1.0740560274891602
GradientBoosting,GroupKFold_Shape,1,640,circular,1.2598277046755322,1.0740560274891602
GradientBoosting,GroupKFold_Shape,1,641,circular,1.2968281953681047,1.0724119796428468
GradientBoosting,GroupKFold_Shape,1,642,circular,1.2886129941304787,1.0724119796428468
GradientBoosting,GroupKFold_Shape,1,643,circular,1.3357650442006035,1.0206002614002438
GradientBoosting,GroupKFold_Shape,1,644,circular,1.2936721089566459,1.102725841329082
GradientBoosting,GroupKFold_Shape,1,645,circular,1.275484545351331,1.1050095483271127
GradientBoosting,GroupKFold_Shape,1,646,circular,1.2903183386642592,1.1079790967631673
GradientBoosting,GroupKFold_Shape,1,647,circular,1.2604272961433265,1.05464076300847
GradientBoosting,GroupKFold_Shape,1,648,circular,1.2110363638509196,1.0576103114445246
GradientBoosting,GroupKFold_Shape,1,649,circular,1.2889693276319096,1.0431368790228597
GradientBoosting,GroupKFold_Shape,1,650,circular,1.212706933739826,1.0461064274589142
GradientBoosting,GroupKFold_Shape,1,651,circular,1.2996749058776849,1.034367130663869
GradientBoosting,GroupKFold_Shape,1,652,circular,1.3569351531659213,1.0322269544630844
GradientBoosting,GroupKFold_Shape,1,653,circular,1.0862451776135187,1.032527263769902
GradientBoosting,GroupKFold_Shape,1,654,circular,1.460895937684224,1.0718693877944914
GradientBoosting,GroupKFold_Shape,1,655,circular,1.130075412633195,1.0861343647494548
GradientBoosting,GroupKFold_Shape,1,656,circular,1.3167453220865304,1.0433000196599926
GradientBoosting,GroupKFold_Shape,1,657,circular,1.0294808161480307,1.0821084507337817
GradientBoosting,GroupKFold_Shape,1,658,circular,1.4071107610604239,1.0578452342226474
GradientBoosting,GroupKFold_Shape,1,659,circular,1.3379552763636882,1.0618283437354175
GradientBoosting,GroupKFold_Shape,1,660,circular,1.458792166328811,1.0964227969718017
GradientBoosting,GroupKFold_Shape,1,661,circular,1.4286071933023912,1.0981807767908809
GradientBoosting,GroupKFold_Shape,1,662,circular,1.271291189652216,1.0839488017154
GradientBoosting,GroupKFold_Shape,1,663,circular,1.2934006016461677,1.0839488017154
GradientBoosting,GroupKFold_Shape,1,664,circular,1.1975931496723773,1.106627143307552
GradientBoosting,GroupKFold_Shape,1,665,circular,1.2528666796572563,1.106627143307552
GradientBoosting,GroupKFold_Shape,1,666,circular,1.5184172955589565,1.0108155582655545
GradientBoosting,GroupKFold_Shape,1,667,circular,1.4512515359158664,1.0240719829884082
GradientBoosting,GroupKFold_Shape,1,668,circular,1.3748654480428981,1.026748988618516
GradientBoosting,GroupKFold_Shape,1,669,circular,1.3665698621385245,1.0860129843825823
GradientBoosting,GroupKFold_Shape,1,670,circular,1.2676699633975275,1.1050518703386625
GradientBoosting,GroupKFold_Shape,1,671,circular,1.3556201734388373,1.0999839493288308
GradientBoosting,GroupKFold_Shape,1,672,circular,1.305064619754932,1.0284239058361722
GradientBoosting,GroupKFold_Shape,1,673,circular,1.32021833450372,0.9827665724907463
GradientBoosting,GroupKFold_Shape,2,674,rectangular,1.06953698397908,1.3871357241208293
GradientBoosting,GroupKFold_Shape,2,675,rectangular,1.0716465243814055,1.3871357241208293
GradientBoosting,GroupKFold_Shape,2,676,rectangular,1.0462366417310374,1.3477103762130525
GradientBoosting,GroupKFold_Shape,2,677,rectangular,1.023264728934967,1.3925879033272455
GradientBoosting,GroupKFold_Shape,2,678,rectangular,1.0213662786029911,1.3925879033272455
GradientBoosting,GroupKFold_Shape,2,679,rectangular,1.0605662066642707,1.4889707369720209
GradientBoosting,GroupKFold_Shape,2,680,rectangular,1.0590065504779997,1.4889707369720209
GradientBoosting,GroupKFold_Shape,2,681,rectangular,0.9291387514086493,1.2135798565070186
GradientBoosting,GroupKFold_Shape,2,682,rectangular,1.0127561317700873,1.1600092439073257
GradientBoosting,GroupKFold_Shape,2,683,rectangular,0.8818123522200535,1.2072510254822204
GradientBoosting,GroupKFold_Shape,2,684,rectangular,0.9632749833968759,1.2180223918706008
GradientBoosting,GroupKFold_Shape,2,685,rectangular,0.8908545915693714,1.362638556680291
GradientBoosting,GroupKFold_Shape,2,686,rectangular,0.9507109204994402,1.380381466573645
GradientBoosting,GroupKFold_Shape,2,687,rectangular,0.9585829643136233,1.3472155483084314
GradientBoosting,GroupKFold_Shape,2,688,rectangular,0.9595862668053858,1.357946580684347
GradientBoosting,GroupKFold_Shape,2,689,rectangular,0.9884695799780571,1.362638556680291
GradientBoosting,GroupKFold_Shape,2,690,rectangular,1.0401008214518896,1.3161775816443966
GradientBoosting,GroupKFold_Shape,2,691,rectangular,0.9186291926691872,1.3061520821896726
GradientBoosting,GroupKFold_Shape,2,692,rectangular,1.0192749456133143,1.3208695576403406
GradientBoosting,GroupKFold_Shape,2,693,rectangular,0.9127835333850577,1.3108440581856167
GradientBoosting,GroupKFold_Shape,2,694,rectangular,0.9972231171660454,1.3386124675336946
GradientBoosting,GroupKFold_Shape,2,695,rectangular,0.9128426995596877,1.3285869680789706
GradientBoosting,GroupKFold_Shape,2,696,rectangular,1.003832816207337,1.3386124675336946
GradientBoosting,GroupKFold_Shape,2,697,rectangular,0.9125752874612155,1.3285869680789706
GradientBoosting,GroupKFold_Shape,2,698,rectangular,1.027009289900049,1.3214665424775658
GradientBoosting,GroupKFold_Shape,2,699,rectangular,1.0482746914157164,1.1753450304558954
GradientBoosting,GroupKFold_Shape,2,700,rectangular,0.9167472922833516,1.1579648470512953
GradientBoosting,GroupKFold_Shape,2,701,rectangular,0.8640136456166635,1.1073359016265378
GradientBoosting,GroupKFold_Shape,2,702,rectangular,0.9608620035264834,1.1162273535913088
GradientBoosting,GroupKFold_Shape,2,703,rectangular,0.9081053698399476,1.0881848860985646
GradientBoosting,GroupKFold_Shape,2,704,rectangular,1.0208279872998902,1.3248885842304223
GradientBoosting,GroupKFold_Shape,2,705,rectangular,1.0122966091723296,1.2532610324489297
GradientBoosting,GroupKFold_Shape,2,706,rectangular,1.1371215663950138,1.1839282964588695
GradientBoosting,GroupKFold_Shape,2,707,rectangular,0.9947622291164563,1.1796976300078463
GradientBoosting,GroupKFold_Shape,2,708,rectangular,0.9042217768159755,1.1376732533840157
GradientBoosting,GroupKFold_Shape,2,709,rectangular,1.1173887074432522,1.1762852326553046
GradientBoosting,GroupKFold_Shape,2,710,rectangular,0.9943744272212695,1.1719592705681698
GradientBoosting,GroupKFold_Shape,2,711,rectangular,1.025037102173695,1.3867538088092872
GradientBoosting,GroupKFold_Shape,2,712,rectangular,0.9756042909375217,1.3836608239970178
GradientBoosting,GroupKFold_Shape,2,713,rectangular,1.0187432561830583,1.3836608239970178
GradientBoosting,GroupKFold_Shape,2,714,rectangular,0.9721328583393922,1.2814818642088608
GradientBoosting,GroupKFold_Shape,2,715,rectangular,0.9375664445830088,1.2814818642088608
GradientBoosting,GroupKFold_Shape,2,716,rectangular,1.0494235703981207,1.3762007978633393
GradientBoosting,GroupKFold_Shape,2,717,rectangular,1.014571862655111,1.3762007978633393
GradientBoosting,GroupKFold_Shape,2,718,rectangular,0.9978268847018567,1.2495714462299112
GradientBoosting,GroupKFold_Shape,2,719,rectangular,0.9785226954714671,1.2495714462299112
GradientBoosting,GroupKFold_Shape,2,720,rectangular,1.0327321771459947,1.3795552117865122
GradientBoosting,GroupKFold_Shape,2,721,rectangular,0.9809199335646905,1.3795552117865122
GradientBoosting,GroupKFold_Shape,2,722,rectangular,1.0918158283594679,1.3826481965987814
GradientBoosting,GroupKFold_Shape,2,723,rectangular,1.0578333859959272,1.2722288927904364
GradientBoosting,GroupKFold_Shape,2,724,rectangular,0.9940735654701452,1.2722288927904364
GradientBoosting,GroupKFold_Shape,2,725,rectangular,1.1119697575281549,1.4224970756768731
GradientBoosting,GroupKFold_Shape,2,726,rectangular,1.0456940551391063,1.4224970756768731
GradientBoosting,GroupKFold_Shape,2,727,rectangular,1.1333855233516579,1.2632011943317791
GradientBoosting,GroupKFold_Shape,2,728,rectangular,1.0752776543097362,1.2632011943317791
GradientBoosting,GroupKFold_Shape,2,729,rectangular,1.0676435686744394,1.3393262934880399
GradientBoosting,GroupKFold_Shape,2,730,rectangular,1.0168033987375615,1.3393262934880399
GradientBoosting,GroupKFold_Shape,2,731,rectangular,1.1716324806430052,1.2801378332731688
GradientBoosting,GroupKFold_Shape,2,732,rectangular,1.1658421700897874,1.2615381117274773
GradientBoosting,GroupKFold_Shape,2,733,rectangular,1.1283652605741799,1.2554513951446362
GradientBoosting,GroupKFold_Shape,2,734,rectangular,1.178233226761944,1.2554513951446362
GradientBoosting,GroupKFold_Shape,2,735,rectangular,1.0525255794086772,1.1906156266015873
GradientBoosting,GroupKFold_Shape,2,736,rectangular,1.0834822140971676,1.1906156266015873
GradientBoosting,GroupKFold_Shape,2,737,rectangular,1.077036799237642,1.1331383827575021
GradientBoosting,GroupKFold_Shape,2,738,rectangular,1.1062335799398673,1.1331383827575021
GradientBoosting,GroupKFold_Shape,2,739,rectangular,1.0525512247820288,1.1331383827575021
GradientBoosting,GroupKFold_Shape,2,740,rectangular,1.1790389398250496,1.2444612413006524
GradientBoosting,GroupKFold_Shape,2,741,rectangular,1.071797169648938,1.2702662969717267
GradientBoosting,GroupKFold_Shape,2,742,rectangular,1.1582712076440551,1.2669927788004671
GradientBoosting,GroupKFold_Shape,2,743,rectangular,1.1763225868857685,1.245579858843194
GradientBoosting,GroupKFold_Shape,2,744,rectangular,1.1394168016812345,1.1144142688278353
GradientBoosting,GroupKFold_Shape,2,745,rectangular,1.1532149251359798,1.160433579145855
GradientBoosting,GroupKFold_Shape,2,746,rectangular,1.1512238868735534,1.2462614820202547
GradientBoosting,GroupKFold_Shape,2,747,rectangular,1.1484767056471201,1.2462614820202547
GradientBoosting,GroupKFold_Shape,2,748,rectangular,1.1771886232882982,1.2462614820202547
GradientBoosting,GroupKFold_Shape,2,749,rectangular,1.0977030977502156,1.1566090023136935
GradientBoosting,GroupKFold_Shape,2,750,rectangular,1.0946276409912032,1.1566090023136935
GradientBoosting,GroupKFold_Shape,2,751,rectangular,1.1850025214136133,1.2597691674264657
GradientBoosting,GroupKFold_Shape,2,752,rectangular,1.1576632873843928,1.2597691674264657
GradientBoosting,GroupKFold_Shape,2,753,rectangular,1.0530510315036463,1.2510423022081363
GradientBoosting,GroupKFold_Shape,2,754,rectangular,1.119950655964233,1.2410184283826287
GradientBoosting,GroupKFold_Shape,2,755,rectangular,1.156965801441185,1.1266521047663718
GradientBoosting,GroupKFold_Shape,2,756,rectangular,1.1262308703670376,1.132630221124464
GradientBoosting,GroupKFold_Shape,2,757,rectangular,1.0887674041182602,1.2427180134995504
GradientBoosting,GroupKFold_Shape,2,758,rectangular,1.1314321213749883,1.2427180134995504
GradientBoosting,GroupKFold_Shape,2,759,rectangular,1.0364279604429998,1.1360844574278406
GradientBoosting,GroupKFold_Shape,2,760,rectangular,0.9619250510688471,1.1219362010958231
GradientBoosting,GroupKFold_Shape,2,761,rectangular,1.078542207069355,1.2858587414434564
GradientBoosting,GroupKFold_Shape,2,762,rectangular,1.1353075863887947,1.2858587414434564
GradientBoosting,GroupKFold_Shape,2,763,rectangular,1.024164701767882,1.2596916282475148
GradientBoosting,GroupKFold_Shape,2,764,rectangular,1.0840452992502785,1.2596916282475148
GradientBoosting,GroupKFold_Shape,2,765,rectangular,1.1024571061792323,1.2750434366344168
GradientBoosting,GroupKFold_Shape,2,766,rectangular,1.1233567669598814,1.2750434366344168
GradientBoosting,GroupKFold_Shape,2,767,rectangular,1.0829615417225233,1.1969148135586563
GradientBoosting,GroupKFold_Shape,2,768,rectangular,1.021949623879001,1.1969148135586563
GradientBoosting,GroupKFold_Shape,2,769,rectangular,1.1632431483901737,1.2898617141269642
GradientBoosting,GroupKFold_Shape,2,770,rectangular,1.158611523693908,1.2873195935855593
GradientBoosting,GroupKFold_Shape,2,771,rectangular,1.059029496018931,1.243300281391961
GradientBoosting,GroupKFold_Shape,2,772,rectangular,1.0060780212179845,1.243300281391961
GradientBoosting,GroupKFold_Shape,2,773,rectangular,1.055724814851753,1.2169344211972861
GradientBoosting,GroupKFold_Shape,2,774,rectangular,1.0981965028055594,1.2169344211972861
GradientBoosting,GroupKFold_Shape,2,775,rectangular,1.0986855569462772,1.1969148135586563
GradientBoosting,GroupKFold_Shape,2,776,rectangular,1.069703443933306,1.1969148135586563
GradientBoosting,GroupKFold_Shape,2,777,rectangular,1.1732223146824223,1.292434544365918
GradientBoosting,GroupKFold_Shape,2,778,rectangular,1.1409909324109273,1.292434544365918
GradientBoosting,GroupKFold_Shape,2,779,rectangular,1.0766288800381931,1.2422284371442258
GradientBoosting,GroupKFold_Shape,2,780,rectangular,1.0802645315227415,1.2229518125561107
GradientBoosting,GroupKFold_Shape,2,781,rectangular,1.1470667064816837,1.2149939825614287
GradientBoosting,GroupKFold_Shape,2,782,rectangular,1.1807084712317466,1.2291876478573764
GradientBoosting,GroupKFold_Shape,2,783,rectangular,1.0269803115082223,1.1778139770317968
GradientBoosting,GroupKFold_Shape,2,784,rectangular,1.10977600159026,1.1739003756614306
GradientBoosting,GroupKFold_Shape,2,785,rectangular,1.0011289227779692,1.3673554804223955
GradientBoosting,GroupKFold_Shape,2,786,rectangular,0.9789157460188382,1.2621166346654693
GradientBoosting,GroupKFold_Shape,2,787,rectangular,0.9706081159253261,1.2621166346654693
GradientBoosting,GroupKFold_Shape,2,788,rectangular,0.9795042253674844,1.197266036564193
GradientBoosting,GroupKFold_Shape,2,789,rectangular,0.8928235053842986,1.1762624894201479
GradientBoosting,GroupKFold_Shape,2,790,rectangular,0.875557267369265,1.1146380650893806
GradientBoosting,GroupKFold_Shape,2,791,rectangular,0.8965710512733155,1.0754917999667635
GradientBoosting,GroupKFold_Shape,2,792,rectangular,0.9885768620769692,1.3449102392181689
GradientBoosting,GroupKFold_Shape,2,793,rectangular,0.9811458485379492,1.257147267244845
GradientBoosting,GroupKFold_Shape,2,794,rectangular,0.966121179204925,1.257147267244845
GradientBoosting,GroupKFold_Shape,2,795,rectangular,0.9736418269527575,1.2228618402521796
GradientBoosting,GroupKFold_Shape,2,796,rectangular,0.9298059038456692,1.2952166801213734
GradientBoosting,GroupKFold_Shape,2,797,rectangular,0.9206606879660199,1.2115266101980777
GradientBoosting,GroupKFold_Shape,2,798,rectangular,0.9323040932338827,1.2115266101980777
GradientBoosting,GroupKFold_Shape,2,799,rectangular,0.9220788144923887,1.1922039364336208
GradientBoosting,GroupKFold_Shape,2,800,rectangular,0.8870355863052073,1.1296578427479649
GradientBoosting,GroupKFold_Shape,2,801,rectangular,1.0271484100762487,1.1860430581944383
GradientBoosting,GroupKFold_Shape,2,802,rectangular,1.013516318124347,1.1717898319506204
GradientBoosting,GroupKFold_Shape,2,803,rectangular,1.0148873243037508,1.1717898319506204
GradientBoosting,GroupKFold_Shape,2,804,rectangular,1.0060940214975271,1.17720427805952
GradientBoosting,GroupKFold_Shape,2,805,rectangular,0.9770268584853092,1.1846629180730053
GradientBoosting,GroupKFold_Shape,2,806,rectangular,0.9548260673473076,1.170507416049311
GradientBoosting,GroupKFold_Shape,2,807,rectangular,0.9652392606034879,1.170507416049311
GradientBoosting,GroupKFold_Shape,2,808,rectangular,0.9473561043119533,1.1822186688963394
GradientBoosting,GroupKFold_Shape,2,809,rectangular,0.9090970473279092,1.1281843681357215
GradientBoosting,GroupKFold_Shape,2,810,rectangular,0.8748433612948089,1.1152342798461294
GradientBoosting,GroupKFold_Shape,2,811,rectangular,1.1102016641673793,1.2683622406960535
GradientBoosting,GroupKFold_Shape,2,812,rectangular,0.9603762259588122,1.1658923694319911
GradientBoosting,GroupKFold_Shape,2,813,rectangular,1.0417378229660836,1.2556139473524204
GradientBoosting,GroupKFold_Shape,2,814,rectangular,0.9208205165973737,1.0962703204059006
GradientBoosting,GroupKFold_Shape,2,815,rectangular,1.1151536423574908,1.2713214118276022
GradientBoosting,GroupKFold_Shape,2,816,rectangular,0.9689279686173381,1.199139887816226
GradientBoosting,GroupKFold_Shape,2,817,rectangular,1.00947218111946,1.2589146313792525
GradientBoosting,GroupKFold_Shape,2,818,rectangular,0.8977259185724457,1.1738180323847214
GradientBoosting,GroupKFold_Shape,2,819,rectangular,1.0741512924941898,1.2732380448519338
GradientBoosting,GroupKFold_Shape,2,820,rectangular,0.9634333717368522,1.2343872282603192
GradientBoosting,GroupKFold_Shape,2,821,rectangular,1.0345841173826607,1.2260502419605068
GradientBoosting,GroupKFold_Shape,2,822,rectangular,0.931234772797198,1.1800404123445045
GradientBoosting,GroupKFold_Shape,2,823,rectangular,0.8885581509727589,1.2837581265195022
GradientBoosting,GroupKFold_Shape,2,824,rectangular,1.0388927642676498,1.3250790002533746
GradientBoosting,GroupKFold_Shape,2,825,rectangular,1.1329344052767332,1.34151548664951
GradientBoosting,GroupKFold_Shape,2,826,rectangular,0.9411324124276237,1.2205171960672414
GradientBoosting,GroupKFold_Shape,2,827,rectangular,0.9918723486339667,1.279353718928695
GradientBoosting,GroupKFold_Shape,2,828,rectangular,1.0311072708311233,1.2788923388074684
GradientBoosting,GroupKFold_Shape,2,829,rectangular,1.171871390093672,1.2801378332731688
GradientBoosting,GroupKFold_Shape,2,830,rectangular,1.166085946843375,1.2741260546311028
GradientBoosting,GroupKFold_Shape,2,831,rectangular,1.128644883881722,1.2554513951446362
GradientBoosting,GroupKFold_Shape,2,832,rectangular,1.1785261834797467,1.2554513951446362
GradientBoosting,GroupKFold_Shape,2,833,rectangular,1.1952074462688937,1.2554513951446362
GradientBoosting,GroupKFold_Shape,2,834,rectangular,1.0196320492867985,1.1906156266015873
GradientBoosting,GroupKFold_Shape,2,835,rectangular,0.9835206606525958,1.199653589286857
GradientBoosting,GroupKFold_Shape,2,836,rectangular,1.0407980809427315,1.1331383827575021
GradientBoosting,GroupKFold_Shape,2,837,rectangular,1.0690124867514201,1.1331383827575021
GradientBoosting,GroupKFold_Shape,2,838,rectangular,1.0172706870924326,1.1331383827575021
GradientBoosting,GroupKFold_Shape,2,839,rectangular,1.1793391334116536,1.257049184204278
GradientBoosting,GroupKFold_Shape,2,840,rectangular,1.072069099621178,1.2702662969717267
GradientBoosting,GroupKFold_Shape,2,841,rectangular,1.1585624934929537,1.2669927788004671
GradientBoosting,GroupKFold_Shape,2,842,rectangular,1.1766778981895882,1.245579858843194
GradientBoosting,GroupKFold_Shape,2,843,rectangular,1.1536852924437238,1.160433579145855
GradientBoosting,GroupKFold_Shape,2,844,rectangular,1.139912956872766,1.1144142688278353
GradientBoosting,GroupKFold_Shape,2,845,rectangular,1.1206151496013752,1.1144142688278353
GradientBoosting,GroupKFold_Shape,2,846,rectangular,1.017734060884549,1.239454947588378
GradientBoosting,GroupKFold_Shape,2,847,rectangular,0.9914081945242199,1.239454947588378
GradientBoosting,GroupKFold_Shape,2,848,rectangular,1.0682404704488726,1.2335798308768402
GradientBoosting,GroupKFold_Shape,2,849,rectangular,1.0671828066167448,1.2335798308768402
GradientBoosting,GroupKFold_Shape,2,850,rectangular,1.0519693298913266,1.153561296840897
GradientBoosting,GroupKFold_Shape,2,851,rectangular,1.0970795069878672,1.153561296840897
GradientBoosting,GroupKFold_Shape,2,852,rectangular,1.0472415535706674,1.171520924263564
GradientBoosting,GroupKFold_Shape,2,853,rectangular,1.0761624685675317,1.171520924263564
GradientBoosting,GroupKFold_Shape,2,854,rectangular,0.9627957798198005,1.1544562635087587
GradientBoosting,GroupKFold_Shape,2,855,rectangular,0.9978743857512196,1.1544562635087587
GradientBoosting,GroupKFold_Shape,2,856,rectangular,0.8855537244364577,1.1213809617121726
GradientBoosting,GroupKFold_Shape,2,857,rectangular,1.0379847751848825,1.1806867077400662
GradientBoosting,GroupKFold_Shape,2,858,rectangular,1.0008111503855663,1.114933755762801
GradientBoosting,GroupKFold_Shape,2,859,rectangular,1.03016990286554,1.1322429185313172
GradientBoosting,GroupKFold_Shape,2,860,rectangular,1.1224582763312743,1.1404705784739284
GradientBoosting,GroupKFold_Shape,2,861,rectangular,1.0298317805372306,1.2979343978123583
GradientBoosting,GroupKFold_Shape,2,862,rectangular,0.9950721190187648,1.2979343978123583
GradientBoosting,GroupKFold_Shape,2,863,rectangular,0.882387614612431,1.2620084178552253
GradientBoosting,GroupKFold_Shape,2,864,rectangular,0.9073027741064279,1.2620084178552253
GradientBoosting,GroupKFold_Shape,2,865,rectangular,1.1825822756173474,1.2521024156310483
GradientBoosting,GroupKFold_Shape,2,866,rectangular,1.191930752104441,1.2521024156310483
GradientBoosting,GroupKFold_Shape,2,867,rectangular,0.9417647554511891,1.131557692536647
GradientBoosting,GroupKFold_Shape,2,868,rectangular,0.932531767652648,1.131557692536647
GradientBoosting,GroupKFold_Shape,2,869,rectangular,0.943394691361964,1.1634050482929073
GradientBoosting,GroupKFold_Shape,2,870,rectangular,0.9243746371006341,1.1634050482929073
GradientBoosting,GroupKFold_Shape,2,871,rectangular,0.955133310146045,1.0997538535203881
GradientBoosting,GroupKFold_Shape,2,872,rectangular,0.9676195860532987,1.139671419115177
GradientBoosting,GroupKFold_Shape,2,873,rectangular,0.9990536850212308,1.2686433203133909
GradientBoosting,GroupKFold_Shape,2,874,rectangular,0.9665995795697264,1.2343176647677059
GradientBoosting,GroupKFold_Shape,2,875,rectangular,0.9484993102887488,1.1720111802364095
GradientBoosting,GroupKFold_Shape,2,876,rectangular,0.9473829264371512,1.1447195301126176
GradientBoosting,GroupKFold_Shape,2,877,rectangular,0.9684181003943355,1.1679069139200373
GradientBoosting,GroupKFold_Shape,2,878,rectangular,0.9443956096818847,1.1973750127211578
GradientBoosting,GroupKFold_Shape,2,879,rectangular,1.0132518775954646,1.2056424641014114
GradientBoosting,GroupKFold_Shape,2,880,rectangular,1.0002418711918832,1.2739006038856289
GradientBoosting,GroupKFold_Shape,2,881,rectangular,0.8923202472408284,1.2739006038856289
GradientBoosting,GroupKFold_Shape,2,882,rectangular,0.8444311413094356,1.2739006038856289
GradientBoosting,GroupKFold_Shape,2,883,rectangular,1.0117260936994958,1.1798732680467152
GradientBoosting,GroupKFold_Shape,2,884,rectangular,1.0624619296755353,1.1798732680467152
GradientBoosting,GroupKFold_Shape,2,885,rectangular,1.0171365040792284,1.2289189459859184
GradientBoosting,GroupKFold_Shape,2,886,rectangular,1.032129114784921,1.2289189459859184
GradientBoosting,GroupKFold_Shape,2,887,rectangular,1.030780962624438,1.2270772529085048
GradientBoosting,GroupKFold_Shape,2,888,rectangular,1.0789717632003233,1.2270772529085048
GradientBoosting,GroupKFold_Shape,2,889,rectangular,1.0373767948970278,1.184534096523509
GradientBoosting,GroupKFold_Shape,2,890,rectangular,0.9791720208339967,1.095864821349701
GradientBoosting,GroupKFold_Shape,2,891,rectangular,1.0709720053653338,1.0393766943467344
GradientBoosting,GroupKFold_Shape,2,892,rectangular,1.108383888154156,1.180770101444059
GradientBoosting,GroupKFold_Shape,2,893,rectangular,0.9124112927783977,1.1041701485931927
GradientBoosting,GroupKFold_Shape,2,894,rectangular,0.9660896807843484,1.1609399390690882
GradientBoosting,GroupKFold_Shape,2,895,rectangular,1.1978827880874945,1.3705845298563613
GradientBoosting,GroupKFold_Shape,2,896,rectangular,1.1568827981182246,1.3771637728209916
GradientBoosting,GroupKFold_Shape,2,897,rectangular,1.092162014773685,1.271436716517554
GradientBoosting,GroupKFold_Shape,2,898,rectangular,1.1075306132566556,1.271436716517554
GradientBoosting,GroupKFold_Shape,2,899,rectangular,1.0455797423367392,1.2711883154145116
GradientBoosting,GroupKFold_Shape,2,900,rectangular,1.0093291870279875,1.2711883154145116
GradientBoosting,GroupKFold_Shape,2,901,rectangular,0.9636221469263134,1.2586505225242386
GradientBoosting,GroupKFold_Shape,2,902,rectangular,0.9571682118876519,1.2586505225242386
GradientBoosting,GroupKFold_Shape,2,903,rectangular,1.0485565695763601,1.2648978063812686
GradientBoosting,GroupKFold_Shape,2,904,rectangular,1.1951298166951887,1.314716294870922
GradientBoosting,GroupKFold_Shape,2,905,rectangular,1.1324219565630271,1.2706938449268628
GradientBoosting,GroupKFold_Shape,2,906,rectangular,1.0554080316696963,1.231634713898491
GradientBoosting,GroupKFold_Shape,2,907,rectangular,1.0022809398393806,1.071098350252842
GradientBoosting,GroupKFold_Shape,2,908,rectangular,1.130616395201698,1.1999374750165026
GradientBoosting,GroupKFold_Shape,2,909,rectangular,1.1342010173952362,1.234363590474575
GradientBoosting,GroupKFold_Shape,2,910,rectangular,1.1884094429914789,1.234363590474575
GradientBoosting,GroupKFold_Shape,2,911,rectangular,0.9725536011753673,1.2380112665717031
GradientBoosting,GroupKFold_Shape,2,912,rectangular,0.9461037829982124,1.2380112665717031
GradientBoosting,GroupKFold_Shape,2,913,rectangular,0.9940345411632843,1.2198819412535602
GradientBoosting,GroupKFold_Shape,2,914,rectangular,0.9597213367058176,1.2198819412535602
GradientBoosting,GroupKFold_Shape,2,915,rectangular,1.0601634917957934,1.192054875156062
GradientBoosting,GroupKFold_Shape,2,916,rectangular,1.1713832305334504,1.272155947080853
GradientBoosting,GroupKFold_Shape,2,917,rectangular,1.1416032529561655,1.272155947080853
GradientBoosting,GroupKFold_Shape,2,918,rectangular,1.1626380801722234,1.272155947080853
GradientBoosting,GroupKFold_Shape,2,919,rectangular,1.11255431481568,1.2531493950910797
GradientBoosting,GroupKFold_Shape,2,920,rectangular,1.0897359081900724,1.2531493950910797
GradientBoosting,GroupKFold_Shape,2,921,rectangular,1.145648565330804,1.2531493950910797
GradientBoosting,GroupKFold_Shape,2,922,rectangular,1.1594229116729229,1.2531493950910797
GradientBoosting,GroupKFold_Shape,2,923,rectangular,1.1889335540316859,1.2531493950910797
GradientBoosting,GroupKFold_Shape,2,924,rectangular,0.9592940346185056,1.31278632965778
GradientBoosting,GroupKFold_Shape,2,925,rectangular,1.0914174248629913,1.3199646943289667
GradientBoosting,GroupKFold_Shape,2,926,rectangular,1.004911594954713,1.3618765822028633
GradientBoosting,GroupKFold_Shape,2,927,rectangular,1.0817848073954621,1.3686377920138504
GradientBoosting,GroupKFold_Shape,2,928,rectangular,1.095315901510855,1.3686377920138504
GradientBoosting,GroupKFold_Shape,2,929,rectangular,1.1037030175712055,1.4229921041287583
GradientBoosting,GroupKFold_Shape,2,930,rectangular,1.096382668622466,1.3078758006213422
GradientBoosting,GroupKFold_Shape,2,931,rectangular,1.0466965648960251,1.3078758006213422
GradientBoosting,GroupKFold_Shape,2,932,rectangular,1.0388996091509042,1.2835999397114728
GradientBoosting,GroupKFold_Shape,2,933,rectangular,1.0500862030418465,1.2835999397114728
GradientBoosting,GroupKFold_Shape,2,934,rectangular,0.9792231394697272,1.2631924054337322
GradientBoosting,GroupKFold_Shape,2,935,rectangular,0.9506533800098477,1.1626914790975982
GradientBoosting,GroupKFold_Shape,2,936,rectangular,0.993252096725488,1.1626914790975982
GradientBoosting,GroupKFold_Shape,2,937,rectangular,1.0676667540270077,1.0962910424814507
GradientBoosting,GroupKFold_Shape,2,938,rectangular,0.9453792685496535,1.0839456727008396
GradientBoosting,GroupKFold_Shape,2,939,rectangular,1.0366440172152274,1.2847771210012882
GradientBoosting,GroupKFold_Shape,2,940,rectangular,1.0214433304696096,1.2847771210012882
GradientBoosting,GroupKFold_Shape,2,941,rectangular,0.9539691075663137,1.2869750766793584
GradientBoosting,GroupKFold_Shape,2,942,rectangular,0.9587474569462622,1.2869750766793584
GradientBoosting,GroupKFold_Shape,2,943,rectangular,1.0449461824263695,1.0253475555769456
GradientBoosting,GroupKFold_Shape,2,944,rectangular,0.9635843252302588,1.0405574571599272
GradientBoosting,GroupKFold_Shape,2,945,rectangular,0.9752373220185467,1.132120271962485
GradientBoosting,GroupKFold_Shape,2,946,rectangular,0.9634595721736097,1.1727511898439469
GradientBoosting,GroupKFold_Shape,2,947,rectangular,0.9411645939854958,1.1944717296079366
GradientBoosting,GroupKFold_Shape,2,948,rectangular,0.9698420449722289,1.1808840783188574
GradientBoosting,GroupKFold_Shape,2,949,rectangular,1.0943557382859803,1.272603143420487
GradientBoosting,GroupKFold_Shape,2,950,rectangular,1.0026819591625475,1.272603143420487
GradientBoosting,GroupKFold_Shape,2,951,rectangular,0.988611194444879,1.192415280017422
GradientBoosting,GroupKFold_Shape,2,952,rectangular,0.965620236434533,1.192415280017422
GradientBoosting,GroupKFold_Shape,2,953,rectangular,0.9018372812243303,1.098516164421482
GradientBoosting,GroupKFold_Shape,2,954,rectangular,0.9441617745669884,1.098516164421482
GradientBoosting,GroupKFold_Shape,2,955,rectangular,0.9106330624300031,1.081146386554296
GradientBoosting,GroupKFold_Shape,2,956,rectangular,0.9200860007943283,1.081146386554296
GradientBoosting,GroupKFold_Shape,2,957,rectangular,0.9071039894753039,1.0835943229337313
GradientBoosting,GroupKFold_Shape,2,958,rectangular,0.9334605218571529,1.0835943229337313
GradientBoosting,GroupKFold_Shape,2,959,rectangular,0.9875761105330192,1.3442037790736217
GradientBoosting,GroupKFold_Shape,2,960,rectangular,0.9999984515460132,1.3442037790736217
GradientBoosting,GroupKFold_Shape,2,961,rectangular,1.0812600980900875,1.2633969757820573
GradientBoosting,GroupKFold_Shape,2,962,rectangular,1.0840685658773344,1.2633969757820573
GradientBoosting,GroupKFold_Shape,2,963,rectangular,0.9333307204729971,1.160049183954013
GradientBoosting,GroupKFold_Shape,2,964,rectangular,1.0194843254397352,1.160049183954013
GradientBoosting,GroupKFold_Shape,2,965,rectangular,0.8976856418155889,1.120654681758894
GradientBoosting,GroupKFold_Shape,2,966,rectangular,0.9123369894648089,1.1176436070000135
GradientBoosting,GroupKFold_Shape,2,967,rectangular,1.0247330678940323,1.284480578905884
GradientBoosting,GroupKFold_Shape,2,968,rectangular,0.9858806293008935,1.284480578905884
GradientBoosting,GroupKFold_Shape,2,969,rectangular,1.0282803824617435,1.1272404506847375
GradientBoosting,GroupKFold_Shape,2,970,rectangular,0.9883471637253651,1.1272404506847375
GradientBoosting,GroupKFold_Shape,2,971,rectangular,0.9897574123989218,1.3885325172065932
GradientBoosting,GroupKFold_Shape,2,972,rectangular,0.987601078167116,1.3885325172065932
GradientBoosting,GroupKFold_Shape,2,973,rectangular,0.956,1.3810219003396071
GradientBoosting,GroupKFold_Shape,2,974,rectangular,0.974,1.3810219003396071
GradientBoosting,GroupKFold_Shape,2,975,rectangular,0.9210460272047383,1.384588750518773
GradientBoosting,GroupKFold_Shape,2,976,rectangular,0.936394006549135,1.3339381195913986
GradientBoosting,GroupKFold_Shape,2,977,rectangular,1.1989547931025648,1.3036956864346323
GradientBoosting,GroupKFold_Shape,2,978,rectangular,1.0685217091331127,1.1664010661007065
GradientBoosting,GroupKFold_Shape,2,979,rectangular,1.1600914202570374,1.275621072919386
GradientBoosting,GroupKFold_Shape,2,980,rectangular,1.1624427296716513,1.275621072919386
GradientBoosting,GroupKFold_Shape,2,981,rectangular,1.0400412747465217,1.1800308760974787
GradientBoosting,GroupKFold_Shape,2,982,rectangular,1.175824227502552,1.275271154692852
GradientBoosting,GroupKFold_Shape,2,983,rectangular,1.0028090731484485,1.1683111760770262
GradientBoosting,GroupKFold_Shape,2,984,rectangular,1.2248345980861588,1.3269718618040314
GradientBoosting,GroupKFold_Shape,2,985,rectangular,0.9739538544211528,1.2407076991003994
GradientBoosting,GroupKFold_Shape,2,986,rectangular,0.9850855413826058,1.214823722940497
GradientBoosting,GroupKFold_Shape,2,987,rectangular,1.1488646954391268,1.3100851863845244
GradientBoosting,GroupKFold_Shape,2,988,rectangular,0.995856243256187,1.1806924101003171
GradientBoosting,GroupKFold_Shape,2,989,rectangular,1.2068959920925233,1.1907617844147724
GradientBoosting,GroupKFold_Shape,2,990,rectangular,1.057035147624445,1.1453301464935992
GradientBoosting,GroupKFold_Shape,2,991,rectangular,1.1043971509346107,1.1937208934540093
GradientBoosting,GroupKFold_Shape,2,992,rectangular,0.9700038886888239,1.1432838525335365
GradientBoosting,GroupKFold_Shape,2,993,rectangular,1.1125633690402055,1.2253581909426043
GradientBoosting,GroupKFold_Shape,2,994,rectangular,0.970219450341709,1.193465093065655
GradientBoosting,GroupKFold_Shape,2,995,rectangular,0.9482879156893226,1.193465093065655
GradientBoosting,GroupKFold_Shape,2,996,rectangular,1.1357362568025868,1.2919157545300612
GradientBoosting,GroupKFold_Shape,2,997,rectangular,1.0805626598465474,1.2916932325237669
GradientBoosting,GroupKFold_Shape,2,998,rectangular,1.065997805298636,1.237529325124775
GradientBoosting,GroupKFold_Shape,2,999,rectangular,1.0316400313176437,1.2365442348653422
GradientBoosting,GroupKFold_Shape,2,1000,rectangular,0.9813505409457434,1.29640046476517
GradientBoosting,GroupKFold_Shape,2,1001,rectangular,1.061843818670139,1.260807960268274
GradientBoosting,GroupKFold_Shape,2,1002,rectangular,1.0131887647039657,1.2585640766132395
GradientBoosting,GroupKFold_Shape,2,1003,rectangular,0.9992604592196085,1.2163348227916335
GradientBoosting,GroupKFold_Shape,2,1004,rectangular,1.0839740105096942,1.222706727219794
GradientBoosting,GroupKFold_Shape,2,1005,rectangular,1.0111450656120797,1.3019534461867006
GradientBoosting,GroupKFold_Shape,2,1006,rectangular,1.059978173666824,1.2400255824721242
GradientBoosting,GroupKFold_Shape,2,1007,rectangular,1.0298540755238315,1.2400255824721242
GradientBoosting,GroupKFold_Shape,2,1008,rectangular,0.9526428798642774,1.222706727219794
GradientBoosting,GroupKFold_Shape,2,1009,rectangular,0.9919510259607753,1.387291586109351
GradientBoosting,GroupKFold_Shape,2,1010,rectangular,1.03254514304362,1.222706727219794
GradientBoosting,GroupKFold_Shape,2,1011,rectangular,1.027009289900049,1.3214665424775658
GradientBoosting,GroupKFold_Shape,2,1012,rectangular,1.0482746914157164,1.1753450304558954
GradientBoosting,GroupKFold_Shape,2,1013,rectangular,1.0644621128530691,1.2797494680380002
GradientBoosting,GroupKFold_Shape,2,1014,rectangular,1.009696035613673,1.235549495290375
GradientBoosting,GroupKFold_Shape,2,1015,rectangular,1.0080394734160163,1.2681631983462944
GradientBoosting,GroupKFold_Shape,2,1016,rectangular,0.9444087331685432,1.2341885983443734
GradientBoosting,GroupKFold_Shape,2,1017,rectangular,1.1579218147083916,1.1617832985663266
GradientBoosting,GroupKFold_Shape,2,1018,rectangular,1.1250601987704543,1.1617832985663266
GradientBoosting,GroupKFold_Shape,2,1019,rectangular,1.0699117480825364,1.1129778405461028
GradientBoosting,GroupKFold_Shape,2,1020,rectangular,1.0720532541683991,1.1129778405461028
GradientBoosting,GroupKFold_Shape,2,1021,rectangular,1.159456667045145,1.4164339117552194
GradientBoosting,GroupKFold_Shape,2,1022,rectangular,1.0586427111666792,1.3908808383039684
GradientBoosting,GroupKFold_Shape,2,1023,rectangular,1.0685351660895612,1.3908808383039684
GradientBoosting,GroupKFold_Shape,2,1024,rectangular,1.0520317551219707,1.2446241634234723
GradientBoosting,GroupKFold_Shape,2,1025,rectangular,1.0619378128188997,1.2478976815947318
GradientBoosting,GroupKFold_Shape,2,1026,rectangular,1.0661003107829379,1.1724901858860832
GradientBoosting,GroupKFold_Shape,2,1027,rectangular,0.9387652448379797,1.1848203942623328
GradientBoosting,GroupKFold_Shape,2,1028,rectangular,0.9949817333100379,1.1774704814770987
GradientBoosting,GroupKFold_Shape,2,1029,rectangular,1.0112049579971234,1.1726952340693741
GradientBoosting,GroupKFold_Shape,2,1030,rectangular,1.0390614274629033,1.1330203609253215
GradientBoosting,GroupKFold_Shape,2,1031,rectangular,0.9832536648377822,1.145350569301571
GradientBoosting,GroupKFold_Shape,2,1032,rectangular,0.9725676969467186,1.2516223192650424
GradientBoosting,GroupKFold_Shape,2,1033,rectangular,0.995949448839491,1.2418699286170425
GradientBoosting,GroupKFold_Shape,2,1034,rectangular,1.1117147568117898,1.229599149946765
GradientBoosting,GroupKFold_Shape,2,1035,rectangular,1.184097740810853,1.3131446980172468
GradientBoosting,GroupKFold_Shape,2,1036,rectangular,1.117845512414363,1.2491188769863262
GradientBoosting,GroupKFold_Shape,2,1037,rectangular,1.1418543670536392,1.2239496362692084
GradientBoosting,GroupKFold_Shape,2,1038,rectangular,1.059548574992898,1.2313779745689142
GradientBoosting,GroupKFold_Shape,2,1039,rectangular,1.0332914360106042,1.2846035682812618
GradientBoosting,GroupKFold_Shape,2,1040,rectangular,1.0619268072911026,1.3072079894411879
GradientBoosting,GroupKFold_Shape,2,1041,rectangular,1.0087178749802248,1.2338017867009572
GradientBoosting,GroupKFold_Shape,2,1042,rectangular,1.0205053236609536,1.3153903560308935
GradientBoosting,GroupKFold_Shape,2,1043,rectangular,1.0725437413563566,1.2017132212773574
GradientBoosting,GroupKFold_Shape,2,1044,rectangular,1.0010293205078225,1.289875358818584
GradientBoosting,GroupKFold_Shape,2,1045,rectangular,0.9779685242523313,1.3002436743871533
GradientBoosting,GroupKFold_Shape,2,1046,rectangular,1.022114788746845,1.3009295869065813
GradientBoosting,GroupKFold_Shape,2,1047,rectangular,1.0286099799256727,1.2345895016542545
GradientBoosting,GroupKFold_Shape,2,1048,rectangular,1.0693082049751925,1.3387761870728874
GradientBoosting,GroupKFold_Shape,2,1049,rectangular,1.03326266048189,1.2607025527198377
GradientBoosting,GroupKFold_Shape,2,1050,rectangular,1.2221632272477025,1.3422832956081425
GradientBoosting,GroupKFold_Shape,2,1051,rectangular,1.135246155011104,1.3643844461020147
GradientBoosting,GroupKFold_Shape,2,1052,rectangular,1.1369107419564655,1.2902809900337946
GradientBoosting,GroupKFold_Shape,2,1053,rectangular,1.1919078539727965,1.3413482522111633
GradientBoosting,GroupKFold_Shape,2,1054,rectangular,1.092761539287399,1.3634494027050355
GradientBoosting,GroupKFold_Shape,2,1055,rectangular,1.1577581755730835,1.304040272341067
GradientBoosting,GroupKFold_Shape,2,1056,rectangular,1.2072055578293173,1.4033126539692478
GradientBoosting,GroupKFold_Shape,2,1057,rectangular,1.1308708041896984,1.4345384736837508
GradientBoosting,GroupKFold_Shape,2,1058,rectangular,1.189501517291459,1.3329086025267542
GradientBoosting,GroupKFold_Shape,2,1059,rectangular,1.0471337200171809,1.235984916101784
GradientBoosting,GroupKFold_Shape,2,1060,rectangular,1.077129234081617,1.200704379310684
GradientBoosting,GroupKFold_Shape,2,1061,rectangular,1.0736011274166646,1.3675486871261477
GradientBoosting,GroupKFold_Shape,2,1062,rectangular,0.969207057455586,1.3065346717167543
GradientBoosting,GroupKFold_Shape,2,1063,rectangular,0.9704050533840679,1.2662313591441143
GradientBoosting,GroupKFold_Shape,2,1064,rectangular,0.9612560302875994,1.2778610354042423
GradientBoosting,GroupKFold_Shape,2,1065,rectangular,0.8485166554501965,1.1929262484868584
GradientBoosting,GroupKFold_Shape,2,1066,rectangular,0.8387217321114282,1.2090141777502987
GradientBoosting,GroupKFold_Shape,2,1067,rectangular,0.9986497979056462,1.0692925868413676
GradientBoosting,GroupKFold_Shape,2,1068,rectangular,0.9058351736152674,1.2680774271957598
GradientBoosting,GroupKFold_Shape,2,1069,rectangular,1.0397770030296816,1.1056865971074517
GradientBoosting,GroupKFold_Shape,3,1070,double_skin,1.085038340528937,1.0932432146698117
GradientBoosting,GroupKFold_Shape,3,1071,double_skin,1.1307693397708407,1.0932432146698117
GradientBoosting,GroupKFold_Shape,3,1072,double_skin,1.0996757650456859,1.121662543270577
GradientBoosting,GroupKFold_Shape,3,1073,double_skin,1.0955063337593287,1.121662543270577
GradientBoosting,GroupKFold_Shape,3,1074,double_skin,1.0756310351027727,1.087532211710512
GradientBoosting,GroupKFold_Shape,3,1075,double_skin,1.0867084948700119,1.087532211710512
GradientBoosting,GroupKFold_Shape,3,1076,double_skin,1.078951380583492,1.0861552802782244
GradientBoosting,GroupKFold_Shape,3,1077,double_skin,1.1120537623900697,1.0861552802782244
GradientBoosting,GroupKFold_Shape,3,1078,double_skin,0.9745069526860598,0.9846062094789385
GradientBoosting,GroupKFold_Shape,3,1079,double_skin,1.0646821079762672,1.098950684159917
GradientBoosting,GroupKFold_Shape,3,1080,double_skin,1.1010472395690756,0.9869696209189067
GradientBoosting,GroupKFold_Shape,3,1081,double_skin,1.225138376683646,1.0903899205987042
GradientBoosting,GroupKFold_Shape,3,1082,double_skin,1.1018703915453945,1.1033725152747984
GradientBoosting,GroupKFold_Shape,3,1083,double_skin,1.1117531732571484,1.1102673664565912
GradientBoosting,GroupKFold_Shape,3,1084,double_skin,1.0289488059110257,1.1124020357577042
GradientBoosting,GroupKFold_Shape,3,1085,double_skin,1.0680368452044127,1.1124020357577042
GradientBoosting,GroupKFold_Shape,3,1086,double_skin,1.096170096752698,1.1124020357577042
GradientBoosting,GroupKFold_Shape,3,1087,double_skin,1.03783253235919,1.0907744026366402
GradientBoosting,GroupKFold_Shape,3,1088,double_skin,1.0932965515293875,1.1352196271081796
GradientBoosting,GroupKFold_Shape,3,1089,double_skin,1.02957641998359,1.1087477947499296
GradientBoosting,GroupKFold_Shape,3,1090,double_skin,1.0746685761783692,1.1376772072401904
GradientBoosting,GroupKFold_Shape,3,1091,double_skin,1.1213393502795104,1.0932432146698117
GradientBoosting,GroupKFold_Shape,3,1092,double_skin,1.0767282149381492,1.087532211710512
GradientBoosting,GroupKFold_Shape,3,1093,double_skin,1.1444650003334558,1.098950684159917
GradientBoosting,GroupKFold_Shape,3,1094,double_skin,1.1217744716652154,1.098950684159917
GradientBoosting,GroupKFold_Shape,3,1095,double_skin,1.1051765385217698,1.0874676647433439
GradientBoosting,GroupKFold_Shape,3,1096,double_skin,1.0721243498738824,1.0786906670366982
GradientBoosting,GroupKFold_Shape,3,1097,double_skin,1.0727233020246498,1.0786906670366982
GradientBoosting,GroupKFold_Shape,3,1098,double_skin,1.0328141890843778,1.1405406235784032
GradientBoosting,GroupKFold_Shape,3,1099,double_skin,1.0340676043623929,1.1405406235784032
GradientBoosting,GroupKFold_Shape,3,1100,double_skin,1.1044529636638045,1.157846009581248
GradientBoosting,GroupKFold_Shape,3,1101,double_skin,1.0451896339062345,1.157846009581248
GradientBoosting,GroupKFold_Shape,3,1102,double_skin,1.1143853870796028,1.1532510028250542
GradientBoosting,GroupKFold_Shape,3,1103,double_skin,1.1069890238910214,1.1532510028250542
GradientBoosting,GroupKFold_Shape,3,1104,double_skin,0.9766044689625246,1.0721339659921651
GradientBoosting,GroupKFold_Shape,3,1105,double_skin,0.9923366351292071,1.0721339659921651
GradientBoosting,GroupKFold_Shape,3,1106,double_skin,0.9610692058037282,1.0547780043453356
GradientBoosting,GroupKFold_Shape,3,1107,double_skin,0.9423152285064474,1.0547780043453356
GradientBoosting,GroupKFold_Shape,3,1108,double_skin,1.1044520945092842,1.173363237955999
GradientBoosting,GroupKFold_Shape,3,1109,double_skin,1.114995539845314,1.1789920769502906
GradientBoosting,GroupKFold_Shape,3,1110,double_skin,1.0376183623927866,1.1330563001546583
GradientBoosting,GroupKFold_Shape,3,1111,double_skin,1.0226716272060077,1.1385848378657524
GradientBoosting,GroupKFold_Shape,3,1112,double_skin,0.8566693631248123,1.1428212247947915
GradientBoosting,GroupKFold_Shape,3,1113,double_skin,0.9271998598645403,1.1078162499095277
GradientBoosting,GroupKFold_Shape,3,1114,double_skin,0.925326410066718,1.1050349009747502
GradientBoosting,GroupKFold_Shape,3,1115,double_skin,0.8703098302456302,1.0993238980154505
GradientBoosting,GroupKFold_Shape,3,1116,double_skin,0.8377371765066377,1.0953098803215797
GradientBoosting,GroupKFold_Shape,3,1117,double_skin,0.9498289887979507,1.1961123276772272
GradientBoosting,GroupKFold_Shape,3,1118,double_skin,1.08597259320373,1.176132881463828
GradientBoosting,GroupKFold_Shape,3,1119,double_skin,1.0088207083234033,1.1301971046681958
GradientBoosting,GroupKFold_Shape,3,1120,double_skin,1.0115521801627119,1.1370887311452214
GradientBoosting,GroupKFold_Shape,3,1121,double_skin,0.8984704650298727,1.1428212247947915
GradientBoosting,GroupKFold_Shape,3,1122,double_skin,1.039472874890902,1.15117128448912
GradientBoosting,GroupKFold_Shape,3,1123,double_skin,1.1529891151319303,1.145017118778664
GradientBoosting,GroupKFold_Shape,3,1124,double_skin,1.0755686525440171,1.1526860354627333
GradientBoosting,GroupKFold_Shape,3,1125,double_skin,1.095381595204616,1.1924456911575367
GradientBoosting,GroupKFold_Shape,3,1126,double_skin,0.9405384463366621,1.1850854208845603
GradientBoosting,GroupKFold_Shape,3,1127,double_skin,1.0737288534035496,1.1303373798474416
GradientBoosting,GroupKFold_Shape,3,1128,double_skin,1.1435178814495957,1.1303373798474416
GradientBoosting,GroupKFold_Shape,3,1129,double_skin,1.178103801296056,1.1437647508003148
GradientBoosting,GroupKFold_Shape,3,1130,double_skin,1.2557662574613244,1.1437647508003148
GradientBoosting,GroupKFold_Shape,3,1131,double_skin,1.3850144700222473,1.2272805133333868
GradientBoosting,GroupKFold_Shape,3,1132,double_skin,1.2741028012909297,1.2227941624445964
GradientBoosting,GroupKFold_Shape,3,1133,double_skin,1.1076538497478212,1.2271846247658926
GradientBoosting,GroupKFold_Shape,3,1134,double_skin,1.3912993667134212,1.2064115074719217
GradientBoosting,GroupKFold_Shape,3,1135,double_skin,1.2084578394434637,1.2064115074719217
GradientBoosting,GroupKFold_Shape,3,1136,double_skin,1.0662309050346463,1.1977644840019728
GradientBoosting,GroupKFold_Shape,3,1137,double_skin,1.3910278943656207,1.2454608292777534
GradientBoosting,GroupKFold_Shape,3,1138,double_skin,1.2494401288866919,1.2454608292777534
GradientBoosting,GroupKFold_Shape,3,1139,double_skin,1.0611065431023565,1.219313192395753
GradientBoosting,GroupKFold_Shape,3,1140,double_skin,1.1265716552931702,1.0512696354468376
GradientBoosting,GroupKFold_Shape,3,1141,double_skin,1.1054702040301776,1.0512696354468376
GradientBoosting,GroupKFold_Shape,3,1142,double_skin,1.037793772205827,1.0826194655371768
GradientBoosting,GroupKFold_Shape,3,1143,double_skin,1.0980070627433665,1.1118407688664422
GradientBoosting,GroupKFold_Shape,3,1144,double_skin,0.952786773799889,1.108169637234651
GradientBoosting,GroupKFold_Shape,3,1145,double_skin,0.956328732066803,1.108169637234651
GradientBoosting,GroupKFold_Shape,3,1146,double_skin,1.035432466694551,1.0869286232595863
GradientBoosting,GroupKFold_Shape,3,1147,double_skin,1.2459290652252117,1.1098105452939568
GradientBoosting,GroupKFold_Shape,3,1148,double_skin,1.1780991161155296,1.1098105452939568
GradientBoosting,GroupKFold_Shape,3,1149,double_skin,1.2425629198117052,1.134185108467415
GradientBoosting,GroupKFold_Shape,3,1150,double_skin,1.1950105950934535,1.134185108467415
GradientBoosting,GroupKFold_Shape,3,1151,double_skin,1.1430301000371028,1.1526989456658183
GradientBoosting,GroupKFold_Shape,3,1152,double_skin,1.205630125799784,1.1526989456658183
GradientBoosting,GroupKFold_Shape,3,1153,double_skin,1.1582772195696889,1.117892991983166
GradientBoosting,GroupKFold_Shape,3,1154,double_skin,1.2243646398794856,1.117892991983166
GradientBoosting,GroupKFold_Shape,3,1155,double_skin,1.1906936635201972,1.2058277631245888
GradientBoosting,GroupKFold_Shape,3,1156,double_skin,1.3287419115266383,1.2052140104470659
GradientBoosting,GroupKFold_Shape,3,1157,double_skin,1.2177199842411268,1.1679493602384339
GradientBoosting,GroupKFold_Shape,3,1158,double_skin,1.3477910529547756,1.196186113916901
GradientBoosting,GroupKFold_Shape,3,1159,double_skin,1.1091406115462894,1.1493391745464783
GradientBoosting,GroupKFold_Shape,3,1160,double_skin,1.035857858430026,1.1021815063156768
GradientBoosting,GroupKFold_Shape,3,1161,double_skin,0.8642582113774562,1.1493391745464783
GradientBoosting,GroupKFold_Shape,3,1162,double_skin,0.923191896996094,1.1493391745464783
GradientBoosting,GroupKFold_Shape,3,1163,double_skin,1.201363899452847,1.1645167675418127
GradientBoosting,GroupKFold_Shape,3,1164,double_skin,1.15866797014931,1.1773369037425496
GradientBoosting,GroupKFold_Shape,3,1165,double_skin,1.1515242070091873,1.180118252677327
GradientBoosting,GroupKFold_Shape,3,1166,double_skin,1.1492705924126416,1.1569896203970695
GradientBoosting,GroupKFold_Shape,3,1167,double_skin,1.1614286895421577,1.1569896203970695
GradientBoosting,GroupKFold_Shape,3,1168,double_skin,1.1362525663894414,1.1569896203970695
GradientBoosting,GroupKFold_Shape,3,1169,double_skin,1.0023292495692915,1.0689915226653623
GradientBoosting,GroupKFold_Shape,3,1170,double_skin,1.0379655867083115,1.0689915226653623
GradientBoosting,GroupKFold_Shape,3,1171,double_skin,1.087347257855018,1.0689915226653623
GradientBoosting,GroupKFold_Shape,3,1172,double_skin,1.0102026650026907,1.1168464607189323
GradientBoosting,GroupKFold_Shape,3,1173,double_skin,1.2586656054794496,1.0985407761194026
GradientBoosting,GroupKFold_Shape,3,1174,double_skin,1.1093270225801979,1.065212165380574
GradientBoosting,GroupKFold_Shape,3,1175,double_skin,1.0777567524146088,1.0177532960799993
GradientBoosting,GroupKFold_Shape,3,1176,double_skin,1.1859206173745473,1.0942196887900846
GradientBoosting,GroupKFold_Shape,3,1177,double_skin,1.1699620861341617,1.069533252709892
GradientBoosting,GroupKFold_Shape,3,1178,double_skin,1.1544495750720332,1.0177532960799993
GradientBoosting,GroupKFold_Shape,3,1179,double_skin,1.3329145252832497,1.0934535825338363
GradientBoosting,GroupKFold_Shape,3,1180,double_skin,1.205641907267419,1.065212165380574
GradientBoosting,GroupKFold_Shape,3,1181,double_skin,1.1407355560413648,1.0177532960799993
GradientBoosting,GroupKFold_Shape,3,1182,double_skin,1.3041326362828491,1.105395767152568
GradientBoosting,GroupKFold_Shape,3,1183,double_skin,1.1439628464001368,1.0623799179038902
GradientBoosting,GroupKFold_Shape,3,1184,double_skin,1.1481266550232272,1.1090337830988675
GradientBoosting,GroupKFold_Shape,3,1185,double_skin,1.0121392730133485,1.0686506915328957
GradientBoosting,GroupKFold_Shape,3,1186,double_skin,0.9262672594881625,1.021191822232321
GradientBoosting,GroupKFold_Shape,3,1187,double_skin,1.2577788351521888,1.101402985482479
GradientBoosting,GroupKFold_Shape,3,1188,double_skin,1.1173435891703658,1.0601666203904394
GradientBoosting,GroupKFold_Shape,3,1189,double_skin,1.018187716323725,1.0009251590992043
GradientBoosting,GroupKFold_Shape,3,1190,double_skin,1.3263049781030598,1.101402985482479
GradientBoosting,GroupKFold_Shape,3,1191,double_skin,1.2883246413813407,1.101402985482479
GradientBoosting,GroupKFold_Shape,3,1192,double_skin,1.1505403268106362,1.0601666203904394
GradientBoosting,GroupKFold_Shape,3,1193,double_skin,1.1592896000500184,1.1085754730993227
GradientBoosting,GroupKFold_Shape,3,1194,double_skin,0.997425534391608,1.0501579026216008
GradientBoosting,GroupKFold_Shape,3,1195,double_skin,0.8713274711953296,1.000874260557298
GradientBoosting,GroupKFold_Shape,3,1196,double_skin,1.0801872300676738,1.068254136626415
GradientBoosting,GroupKFold_Shape,3,1197,double_skin,1.0678072880494998,1.068254136626415
GradientBoosting,GroupKFold_Shape,3,1198,double_skin,0.9715805561173878,1.0474719403438575
GradientBoosting,GroupKFold_Shape,3,1199,double_skin,1.1961804273378163,1.0474719403438575
GradientBoosting,GroupKFold_Shape,3,1200,double_skin,1.0965491311483904,1.212194424657782
GradientBoosting,GroupKFold_Shape,3,1201,double_skin,1.1073420862539893,1.2145942194532415
GradientBoosting,GroupKFold_Shape,3,1202,double_skin,1.0462743926616123,1.1768801212982452
GradientBoosting,GroupKFold_Shape,3,1203,double_skin,1.1043150678241378,1.1455332742510644
GradientBoosting,GroupKFold_Shape,3,1204,double_skin,1.0485141237887667,1.1989715231636897
GradientBoosting,GroupKFold_Shape,3,1205,double_skin,1.0673330704541268,1.1989715231636897
GradientBoosting,GroupKFold_Shape,3,1206,double_skin,1.0353921611104167,1.1383870713438178
GradientBoosting,GroupKFold_Shape,3,1207,double_skin,1.0948995314254935,1.1237789837717056
GradientBoosting,GroupKFold_Shape,3,1208,double_skin,1.0039855380899558,1.1525175432317776
GradientBoosting,GroupKFold_Shape,3,1209,double_skin,1.1134140776413095,1.1624620684915512
GradientBoosting,GroupKFold_Shape,3,1210,double_skin,1.0631806389529381,1.1415893990874202
GradientBoosting,GroupKFold_Shape,3,1211,double_skin,1.1145638976781345,1.1624620684915512
GradientBoosting,GroupKFold_Shape,3,1212,double_skin,0.9527641983415764,1.1282733848828186
GradientBoosting,GroupKFold_Shape,3,1213,double_skin,1.059617961514579,1.1704550391627615
GradientBoosting,GroupKFold_Shape,3,1214,double_skin,0.9844503918635705,1.1287030359829313
GradientBoosting,GroupKFold_Shape,3,1215,double_skin,1.0620631454927059,1.1704550391627615
GradientBoosting,GroupKFold_Shape,3,1216,double_skin,1.315611535949616,1.1361710748498268
GradientBoosting,GroupKFold_Shape,3,1217,double_skin,1.321493870216924,1.1361710748498268
GradientBoosting,GroupKFold_Shape,3,1218,double_skin,1.300109647628024,1.1269228635256432
GradientBoosting,GroupKFold_Shape,3,1219,double_skin,1.2213641571992742,1.1521750471449201
GradientBoosting,GroupKFold_Shape,3,1220,double_skin,1.2420221324569725,1.1785776195276554
GradientBoosting,GroupKFold_Shape,3,1221,double_skin,1.1793810571282626,1.1857919848096212
GradientBoosting,GroupKFold_Shape,3,1222,double_skin,1.341401091173224,1.1504852290227434
GradientBoosting,GroupKFold_Shape,3,1223,double_skin,1.3590383285412608,1.1504852290227434
GradientBoosting,GroupKFold_Shape,3,1224,double_skin,1.341100463863825,1.1252330454034665
GradientBoosting,GroupKFold_Shape,3,1225,double_skin,1.3379293134408992,1.1252330454034665
GradientBoosting,GroupKFold_Shape,3,1226,double_skin,1.2423862448572742,1.1768878014054787
GradientBoosting,GroupKFold_Shape,3,1227,double_skin,1.295731905940998,1.1768878014054787
GradientBoosting,GroupKFold_Shape,3,1228,double_skin,1.2968000682410465,1.150490062059189
GradientBoosting,GroupKFold_Shape,3,1229,double_skin,1.3248671589135808,1.150490062059189
GradientBoosting,GroupKFold_Shape,3,1230,double_skin,1.2727062614032296,1.1521750471449201
GradientBoosting,GroupKFold_Shape,3,1231,double_skin,1.2491299387414074,1.1269228635256432
GradientBoosting,GroupKFold_Shape,3,1232,double_skin,1.2416090164603064,1.0997757015297696
GradientBoosting,GroupKFold_Shape,3,1233,double_skin,1.2906003436943214,1.1250278851490465
GradientBoosting,GroupKFold_Shape,3,1234,double_skin,1.2453334020922404,1.130152318212459
GradientBoosting,GroupKFold_Shape,3,1235,double_skin,1.2710402038367952,1.130152318212459
GradientBoosting,GroupKFold_Shape,3,1236,double_skin,1.2598848117446926,1.1521750471449201
GradientBoosting,GroupKFold_Shape,3,1237,double_skin,1.2577969075705766,1.1521750471449201
GradientBoosting,GroupKFold_Shape,3,1238,double_skin,1.273656042355025,1.1607402633065556
GradientBoosting,GroupKFold_Shape,3,1239,double_skin,1.2975117691225708,1.1607402633065556
GradientBoosting,GroupKFold_Shape,3,1240,double_skin,1.141933929553526,1.1525793546029754
GradientBoosting,GroupKFold_Shape,3,1241,double_skin,1.1122829007007686,1.1525793546029754
GradientBoosting,GroupKFold_Shape,3,1242,double_skin,0.9806296069327972,1.0936645683060835
GradientBoosting,GroupKFold_Shape,3,1243,double_skin,0.9882674121009779,1.0936645683060835
GradientBoosting,GroupKFold_Shape,3,1244,double_skin,0.909388460644713,1.0701654863487802
GradientBoosting,GroupKFold_Shape,3,1245,double_skin,0.9206280817945109,1.0701654863487802
GradientBoosting,GroupKFold_Shape,3,1246,double_skin,1.0627439446106552,1.1525793546029754
GradientBoosting,GroupKFold_Shape,3,1247,double_skin,1.0897867332299558,1.1525793546029754
GradientBoosting,GroupKFold_Shape,3,1248,double_skin,0.9553396291415502,1.0936645683060835
GradientBoosting,GroupKFold_Shape,3,1249,double_skin,0.9667036756208146,1.0936645683060835
GradientBoosting,GroupKFold_Shape,3,1250,double_skin,0.9058718141236114,1.0701654863487802
GradientBoosting,GroupKFold_Shape,3,1251,double_skin,0.9071073459946644,1.0701654863487802
GradientBoosting,GroupKFold_Shape,3,1252,double_skin,1.0748443899621265,1.1897530633068814
GradientBoosting,GroupKFold_Shape,3,1253,double_skin,1.0847931967159354,1.1897530633068814
GradientBoosting,GroupKFold_Shape,3,1254,double_skin,1.0481566093914891,1.1455005377008938
GradientBoosting,GroupKFold_Shape,3,1255,double_skin,1.035748608751493,1.1501640909224058
GradientBoosting,GroupKFold_Shape,3,1256,double_skin,0.9602399654990533,1.1303519782393412
GradientBoosting,GroupKFold_Shape,3,1257,double_skin,0.9387466497094197,1.1303519782393412
GradientBoosting,GroupKFold_Shape,3,1258,double_skin,1.1649205479468496,1.1880632451847046
GradientBoosting,GroupKFold_Shape,3,1259,double_skin,1.1465924174971283,1.1880632451847046
GradientBoosting,GroupKFold_Shape,3,1260,double_skin,1.0653350438621676,1.1251034856030215
GradientBoosting,GroupKFold_Shape,3,1261,double_skin,1.0435198380588349,1.1251034856030215
GradientBoosting,GroupKFold_Shape,3,1262,double_skin,0.9538377649384251,1.1133869956363787
GradientBoosting,GroupKFold_Shape,3,1263,double_skin,0.948673738325425,1.1133869956363787
GradientBoosting,GroupKFold_Shape,3,1264,double_skin,1.1593331642563451,1.1376463055872272
GradientBoosting,GroupKFold_Shape,3,1265,double_skin,1.1779023413012728,1.093577552328796
GradientBoosting,GroupKFold_Shape,3,1266,double_skin,1.2355319912662999,1.1493764876125812
GradientBoosting,GroupKFold_Shape,3,1267,double_skin,1.2072169873339482,1.1493764876125812
GradientBoosting,GroupKFold_Shape,3,1268,double_skin,1.1924214709911969,1.1861098171728004
GradientBoosting,GroupKFold_Shape,3,1269,double_skin,1.1955563918570484,1.1936397492352735
GradientBoosting,GroupKFold_Shape,3,1270,double_skin,1.2418488513599957,1.122140867596247
GradientBoosting,GroupKFold_Shape,3,1271,double_skin,1.2175455825092005,1.1125344355990856
GradientBoosting,GroupKFold_Shape,3,1272,double_skin,1.1852436392627124,1.1902884713012618
GradientBoosting,GroupKFold_Shape,3,1273,double_skin,1.1853745270063873,1.1902884713012618
GradientBoosting,GroupKFold_Shape,3,1274,double_skin,1.0902173889883209,0.9959187098825676
GradientBoosting,GroupKFold_Shape,3,1275,double_skin,1.1730331121385693,0.9881835415793088
GradientBoosting,GroupKFold_Shape,3,1276,double_skin,1.1197725642725351,0.9997621760340736
GradientBoosting,GroupKFold_Shape,3,1277,double_skin,1.160112709927871,0.9920270077308148
GradientBoosting,GroupKFold_Shape,3,1278,double_skin,1.09245338928527,1.1572356446073793
GradientBoosting,GroupKFold_Shape,3,1279,double_skin,1.1148026517648044,1.1580017508636276
GradientBoosting,GroupKFold_Shape,3,1280,double_skin,1.3062699890462746,1.1361710748498268
GradientBoosting,GroupKFold_Shape,3,1281,double_skin,1.2916893734385226,1.1269228635256432
GradientBoosting,GroupKFold_Shape,3,1282,double_skin,1.2358930448368057,1.1785776195276554
GradientBoosting,GroupKFold_Shape,3,1283,double_skin,1.3332421845351963,1.1504852290227434
GradientBoosting,GroupKFold_Shape,3,1284,double_skin,1.3336304167933815,1.1252330454034665
GradientBoosting,GroupKFold_Shape,3,1285,double_skin,1.237140156243384,1.1768878014054787
GradientBoosting,GroupKFold_Shape,3,1286,double_skin,1.295253040402869,1.150490062059189
GradientBoosting,GroupKFold_Shape,3,1287,double_skin,1.264472988216988,1.1521750471449201
GradientBoosting,GroupKFold_Shape,3,1288,double_skin,1.2380719713391037,1.0997757015297696
GradientBoosting,GroupKFold_Shape,3,1289,double_skin,1.23632053112742,1.130152318212459
GradientBoosting,GroupKFold_Shape,3,1290,double_skin,1.251725829629863,1.1521750471449201
GradientBoosting,GroupKFold_Shape,3,1291,double_skin,1.2664965801050374,1.1607402633065556
GradientBoosting,GroupKFold_Shape,3,1292,double_skin,0.9296708428077955,1.187418433055892
GradientBoosting,GroupKFold_Shape,3,1293,double_skin,0.9825365769244127,1.176544458306848
GradientBoosting,GroupKFold_Shape,3,1294,double_skin,1.2160149331549017,1.0485590512008127
GradientBoosting,GroupKFold_Shape,3,1295,double_skin,1.0637062917676785,1.0974615536253016
GradientBoosting,GroupKFold_Shape,3,1296,double_skin,1.062512336545894,1.1262627939842147
GradientBoosting,GroupKFold_Shape,3,1297,double_skin,1.2449377557454981,1.1693923556128913
GradientBoosting,GroupKFold_Shape,3,1298,double_skin,1.2483737925091278,1.132275565925624
GradientBoosting,GroupKFold_Shape,3,1299,double_skin,1.3448064616352342,1.1427492651766018
GradientBoosting,GroupKFold_Shape,3,1300,double_skin,1.4887661059461517,1.2135722183152646
GradientBoosting,GroupKFold_Shape,3,1301,double_skin,1.4805381618930584,1.2135722183152646
GradientBoosting,GroupKFold_Shape,3,1302,double_skin,1.3626231231901993,1.1368313812814395
GradientBoosting,GroupKFold_Shape,3,1303,double_skin,1.5324427576719262,1.1510498124289212
GradientBoosting,GroupKFold_Shape,3,1304,double_skin,1.328050237434794,1.1777510548894012
GradientBoosting,GroupKFold_Shape,3,1305,double_skin,1.3609871368259172,1.1806886284805254
GradientBoosting,GroupKFold_Shape,3,1306,double_skin,1.3160703380322636,1.19819567364673
GradientBoosting,GroupKFold_Shape,3,1307,double_skin,1.430059902278322,1.2011332472378542
GradientBoosting,GroupKFold_Shape,3,1308,double_skin,1.4492314829171709,1.123156547347932
GradientBoosting,GroupKFold_Shape,3,1309,double_skin,1.673702401061257,1.126094120939056
GradientBoosting,GroupKFold_Shape,3,1310,double_skin,1.4504661804850634,1.1254254573671105
GradientBoosting,GroupKFold_Shape,3,1311,double_skin,1.717567258824871,1.1366510676210755
GradientBoosting,GroupKFold_Shape,3,1312,double_skin,1.2570825716776333,1.1582246594012982
GradientBoosting,GroupKFold_Shape,3,1313,double_skin,1.395855754418989,1.1692827045661964
GradientBoosting,GroupKFold_Shape,3,1314,double_skin,1.3778941259096227,1.1582246594012982
GradientBoosting,GroupKFold_Shape,3,1315,double_skin,1.4696556798213947,1.1611622329924223
