case,model,split,fold,row_index,group,y_true,y_pred
DesignSafe circular RC columns,Ridge,RandomKFold,0,9,Arakawa,39.65,61.736752136812115
DesignSafe circular RC columns,Ridge,RandomKFold,0,12,Arakawa,50.65,48.672205706082934
DesignSafe circular RC columns,Ridge,RandomKFold,0,15,Arakawa,43.15,48.909677078343655
DesignSafe circular RC columns,Ridge,RandomKFold,0,16,Arakawa,53.6,42.71147799631279
DesignSafe circular RC columns,Ridge,RandomKFold,0,18,Arakawa,55.43,49.33975269707077
DesignSafe circular RC columns,Ridge,RandomKFold,0,19,Arakawa,41.92,46.08961799523297
DesignSafe circular RC columns,Ridge,RandomKFold,0,24,Arakawa,51.88,40.118180713544135
DesignSafe circular RC columns,Ridge,RandomKFold,0,29,Xiao,192.07,124.30971061736543
DesignSafe circular RC columns,Ridge,RandomKFold,0,30,Yalcin,126.45,98.88135585579195
DesignSafe circular RC columns,Ridge,RandomKFold,0,31,Omar,17.84,40.56021105982278
DesignSafe circular RC columns,Ridge,RandomKFold,0,38,Ang_Beng_Ghee,74.39,86.26907863645015
DesignSafe circular RC columns,Ridge,RandomKFold,0,41,Ang_Beng_Ghee,91.52,80.02358626223153
DesignSafe circular RC columns,Ridge,RandomKFold,0,55,Arakawa,57.15,17.87998454576571
DesignSafe circular RC columns,Ridge,RandomKFold,0,60,Vu,63.66,103.43405745166226
DesignSafe circular RC columns,Ridge,RandomKFold,0,75,Munro ,31.1,49.82390705382079
DesignSafe circular RC columns,Ridge,RandomKFold,0,76,Ng,8.23,-4.255370039911639
DesignSafe circular RC columns,Ridge,RandomKFold,0,78,Ang,31.31,28.65961406091367
DesignSafe circular RC columns,Ridge,RandomKFold,0,85,Zahn et al.,32.0,29.87829309083179
DesignSafe circular RC columns,Ridge,RandomKFold,0,90,Wong et al.,130.07,103.22296851630776
DesignSafe circular RC columns,Ridge,RandomKFold,0,104,Kenchiku Siryo,27.96,20.74908968079592
DesignSafe circular RC columns,Ridge,RandomKFold,0,109,Arakawa,34.67,43.07115760006364
DesignSafe circular RC columns,Ridge,RandomKFold,0,113,Kunnath,16.97,13.014919126366145
DesignSafe circular RC columns,Ridge,RandomKFold,0,114,Kunnath,20.86,13.014919126366145
DesignSafe circular RC columns,Ridge,RandomKFold,0,123,Vu et al.,139.38,112.37810255244527
DesignSafe circular RC columns,Ridge,RandomKFold,0,124,Vu et al.,124.0,105.91667740361851
DesignSafe circular RC columns,Ridge,RandomKFold,0,136,Calderone et al.,42.8,10.2286347343533
DesignSafe circular RC columns,Ridge,RandomKFold,0,138,Sritharan et al.,96.79,110.15981397175963
DesignSafe circular RC columns,Ridge,RandomKFold,0,140,Saatcioglu et al.,15.97,1.8218893177171864
DesignSafe circular RC columns,Ridge,RandomKFold,0,142,Saatcioglu et al.,18.38,-3.221115033483599
DesignSafe circular RC columns,Ridge,RandomKFold,0,145,Saatcioglu et al.,16.6,-4.192122804786251
DesignSafe circular RC columns,Ridge,RandomKFold,0,146,Saatcioglu et al.,18.28,-3.221115033483599
DesignSafe circular RC columns,Ridge,RandomKFold,0,152,Henry,74.19,120.14722361626329
DesignSafe circular RC columns,Ridge,RandomKFold,0,156,Roeder,27.21,30.804292510748894
DesignSafe circular RC columns,Ridge,RandomKFold,0,165,Kowalsky_Moyer,43.08,18.83785486227626
DesignSafe circular RC columns,Ridge,RandomKFold,0,168,Hamilton,15.81,13.251540197855782
DesignSafe circular RC columns,Ridge,RandomKFold,1,2,Ang_Beng_Ghee,63.09,72.80859935738465
DesignSafe circular RC columns,Ridge,RandomKFold,1,4,Ang_Beng_Ghee,113.49,74.22710505278911
DesignSafe circular RC columns,Ridge,RandomKFold,1,6,Ang_Beng_Ghee,109.4,78.36427118768147
DesignSafe circular RC columns,Ridge,RandomKFold,1,11,Arakawa,44.01,52.473621981057256
DesignSafe circular RC columns,Ridge,RandomKFold,1,22,Arakawa,45.24,41.30006573569769
DesignSafe circular RC columns,Ridge,RandomKFold,1,26,McDaniel,74.7,121.73714211554845
DesignSafe circular RC columns,Ridge,RandomKFold,1,27,McDaniel,74.7,118.32204957376422
DesignSafe circular RC columns,Ridge,RandomKFold,1,32,Omar,17.34,26.055573170291417
DesignSafe circular RC columns,Ridge,RandomKFold,1,36,Ang_Beng_Ghee,49.61,58.436224579642996
DesignSafe circular RC columns,Ridge,RandomKFold,1,42,Ang_Beng_Ghee,118.44,91.67989839486357
DesignSafe circular RC columns,Ridge,RandomKFold,1,45,Ang_Beng_Ghee,51.78,49.93319396027011
DesignSafe circular RC columns,Ridge,RandomKFold,1,51,Petrovski,20.9,2.8559473777373725
DesignSafe circular RC columns,Ridge,RandomKFold,1,56,Arakawa,40.38,53.66287242574877
DesignSafe circular RC columns,Ridge,RandomKFold,1,65,Hamilton,39.24,37.373494200906606
DesignSafe circular RC columns,Ridge,RandomKFold,1,66,Chai,124.2,111.59185541210965
DesignSafe circular RC columns,Ridge,RandomKFold,1,67,Iwasaki,91.37,102.02181574629202
DesignSafe circular RC columns,Ridge,RandomKFold,1,68,Ranf,48.31,74.62435153563196
DesignSafe circular RC columns,Ridge,RandomKFold,1,69,Ranf,59.87,73.04896494399605
DesignSafe circular RC columns,Ridge,RandomKFold,1,82,Potangaroa,182.48,212.76637407146603
DesignSafe circular RC columns,Ridge,RandomKFold,1,95,Lim,9.67,14.009176384765674
DesignSafe circular RC columns,Ridge,RandomKFold,1,96,Cheok et al.,290.76,412.58020532466327
DesignSafe circular RC columns,Ridge,RandomKFold,1,98,Stone,14.41,5.604392302277972
DesignSafe circular RC columns,Ridge,RandomKFold,1,100,Stone,7.17,-24.10809528710776
DesignSafe circular RC columns,Ridge,RandomKFold,1,101,Stone,14.1,5.478863388918377
DesignSafe circular RC columns,Ridge,RandomKFold,1,115,Kunnath,17.26,6.285892824844524
DesignSafe circular RC columns,Ridge,RandomKFold,1,117,Kunnath,16.42,7.415653045080838
DesignSafe circular RC columns,Ridge,RandomKFold,1,118,Kunnath,16.86,7.541181958440426
DesignSafe circular RC columns,Ridge,RandomKFold,1,125,Vu et al.,249.3,213.14134648215685
DesignSafe circular RC columns,Ridge,RandomKFold,1,132,Lehman et al,40.46,119.65979266316225
DesignSafe circular RC columns,Ridge,RandomKFold,1,135,Calderone et al.,45.63,72.82691523401692
DesignSafe circular RC columns,Ridge,RandomKFold,1,141,Saatcioglu et al.,15.35,50.01599187000001
DesignSafe circular RC columns,Ridge,RandomKFold,1,148,Nelson et al.,69.32,61.06004565245821
DesignSafe circular RC columns,Ridge,RandomKFold,1,153,Henry,64.8,103.71363163215696
DesignSafe circular RC columns,Ridge,RandomKFold,1,160,Roeder,40.83,54.23501099959367
DesignSafe circular RC columns,Ridge,RandomKFold,1,163,Kowalsky_Moyer,34.86,24.78368762832985
DesignSafe circular RC columns,Ridge,RandomKFold,2,0,Ang_Beng_Ghee,65.01,67.71842268366336
DesignSafe circular RC columns,Ridge,RandomKFold,2,10,Arakawa,45.82,53.50178558300935
DesignSafe circular RC columns,Ridge,RandomKFold,2,23,Arakawa,39.58,47.44879694667331
DesignSafe circular RC columns,Ridge,RandomKFold,2,25,McDaniel,91.15,92.6696234760602
DesignSafe circular RC columns,Ridge,RandomKFold,2,28,Hussein,102.1,122.11787519492849
DesignSafe circular RC columns,Ridge,RandomKFold,2,33,Yarandi,95.23,100.89138842212614
DesignSafe circular RC columns,Ridge,RandomKFold,2,39,Ang_Beng_Ghee,104.54,84.79383204371545
DesignSafe circular RC columns,Ridge,RandomKFold,2,40,Ang_Beng_Ghee,101.39,84.51082416645218
DesignSafe circular RC columns,Ridge,RandomKFold,2,44,Ang_Beng_Ghee,71.12,57.50843902302797
DesignSafe circular RC columns,Ridge,RandomKFold,2,47,Ang_Beng_Ghee,74.75,70.94588618484914
DesignSafe circular RC columns,Ridge,RandomKFold,2,61,Vu,221.45,170.115241420095
DesignSafe circular RC columns,Ridge,RandomKFold,2,62,Vu,89.52,102.77925273656942
DesignSafe circular RC columns,Ridge,RandomKFold,2,64,Hamilton,36.96,29.504811693376826
DesignSafe circular RC columns,Ridge,RandomKFold,2,73,Davey,77.04,62.72597625168082
DesignSafe circular RC columns,Ridge,RandomKFold,2,79,Ang,36.74,64.90100258585194
DesignSafe circular RC columns,Ridge,RandomKFold,2,81,Potangaroa,175.54,162.3814671654768
DesignSafe circular RC columns,Ridge,RandomKFold,2,84,Ang et al.,88.3,79.78463464041863
DesignSafe circular RC columns,Ridge,RandomKFold,2,86,Zahn et al.,39.37,61.993138195317435
DesignSafe circular RC columns,Ridge,RandomKFold,2,93,Lim,4.28,-0.15055327294455623
DesignSafe circular RC columns,Ridge,RandomKFold,2,94,Lim,9.3,19.97650571947318
DesignSafe circular RC columns,Ridge,RandomKFold,2,97,Cheok et al.,737.79,392.0035932286522
DesignSafe circular RC columns,Ridge,RandomKFold,2,112,Kunnath,16.93,20.378819484525216
DesignSafe circular RC columns,Ridge,RandomKFold,2,119,Kunnath,16.69,20.430948676072013
DesignSafe circular RC columns,Ridge,RandomKFold,2,120,Kunnath,16.3,20.430948676072013
DesignSafe circular RC columns,Ridge,RandomKFold,2,122,Hose et al.,81.75,87.1150144578253
DesignSafe circular RC columns,Ridge,RandomKFold,2,127,Kowalsky ,39.28,57.368587639930944
DesignSafe circular RC columns,Ridge,RandomKFold,2,128,Kowalsky ,44.38,53.43581541662901
DesignSafe circular RC columns,Ridge,RandomKFold,2,137,Sritharan et al.,97.48,90.01661117476358
DesignSafe circular RC columns,Ridge,RandomKFold,2,139,Sritharan et al.,103.48,93.4390912895984
DesignSafe circular RC columns,Ridge,RandomKFold,2,144,Saatcioglu et al.,17.63,0.730154564667508
DesignSafe circular RC columns,Ridge,RandomKFold,2,158,Roeder,38.28,52.72882134633264
DesignSafe circular RC columns,Ridge,RandomKFold,2,161,Roeder,39.92,55.61716256834073
DesignSafe circular RC columns,Ridge,RandomKFold,2,164,Kowalsky_Moyer,35.8,37.85318947736647
DesignSafe circular RC columns,Ridge,RandomKFold,2,167,Coffman,23.9,-30.104077168844668
DesignSafe circular RC columns,Ridge,RandomKFold,3,3,Ang_Beng_Ghee,83.68,79.17182772238542
DesignSafe circular RC columns,Ridge,RandomKFold,3,5,Ang_Beng_Ghee,98.34,81.14126533531483
DesignSafe circular RC columns,Ridge,RandomKFold,3,7,Ang_Beng_Ghee,60.8,73.63091749627456
DesignSafe circular RC columns,Ridge,RandomKFold,3,8,Ang_Beng_Ghee,64.03,67.16177864180453
DesignSafe circular RC columns,Ridge,RandomKFold,3,13,Arakawa,48.53,53.333290855557465
DesignSafe circular RC columns,Ridge,RandomKFold,3,17,Arakawa,62.74,48.0409547394861
DesignSafe circular RC columns,Ridge,RandomKFold,3,34,Potangaroa,165.0,221.67436843252756
DesignSafe circular RC columns,Ridge,RandomKFold,3,35,Ang_Beng_Ghee,72.25,75.37734913764695
DesignSafe circular RC columns,Ridge,RandomKFold,3,43,Ang_Beng_Ghee,98.99,90.22827537808911
DesignSafe circular RC columns,Ridge,RandomKFold,3,46,Ang_Beng_Ghee,73.12,72.75194845354122
DesignSafe circular RC columns,Ridge,RandomKFold,3,49,Wong,109.99,89.75797306561364
DesignSafe circular RC columns,Ridge,RandomKFold,3,53,Kenchiku_Kenkyu_Siryo,41.59,45.01827460628611
DesignSafe circular RC columns,Ridge,RandomKFold,3,59,Priestley,132.04,113.44968281185001
DesignSafe circular RC columns,Ridge,RandomKFold,3,70,Ranf,62.06,62.13805168121534
DesignSafe circular RC columns,Ridge,RandomKFold,3,72,Davey,44.01,65.15449187393789
DesignSafe circular RC columns,Ridge,RandomKFold,3,77,Ng,17.56,-13.900382794748012
DesignSafe circular RC columns,Ridge,RandomKFold,3,80,Potangaroa,154.47,166.00352278180543
DesignSafe circular RC columns,Ridge,RandomKFold,3,83,Potangaroa,210.65,290.04624760078315
DesignSafe circular RC columns,Ridge,RandomKFold,3,89,Wong et al.,103.69,95.43284518302505
DesignSafe circular RC columns,Ridge,RandomKFold,3,91,Petrovski,7.55,-35.29466585146952
DesignSafe circular RC columns,Ridge,RandomKFold,3,105,Kenchiku Siryo,23.08,-13.311655546097882
DesignSafe circular RC columns,Ridge,RandomKFold,3,108,Arakawa,47.71,50.1405095748742
DesignSafe circular RC columns,Ridge,RandomKFold,3,110,Arakawa,39.15,35.29004849909437
DesignSafe circular RC columns,Ridge,RandomKFold,3,111,Kunnath,16.63,15.021333675813857
DesignSafe circular RC columns,Ridge,RandomKFold,3,126,Kowalsky ,42.04,54.12531367195619
DesignSafe circular RC columns,Ridge,RandomKFold,3,131,Lehman et al,22.82,-37.98469887467114
DesignSafe circular RC columns,Ridge,RandomKFold,3,133,Lehman et al,107.9,169.15938041224155
DesignSafe circular RC columns,Ridge,RandomKFold,3,134,Calderone et al.,124.76,183.66016008349825
DesignSafe circular RC columns,Ridge,RandomKFold,3,147,Saatcioglu et al.,21.58,43.932365300395006
DesignSafe circular RC columns,Ridge,RandomKFold,3,150,Nelson et al.,61.89,47.59720128012103
DesignSafe circular RC columns,Ridge,RandomKFold,3,154,Chai,55.74,63.41683814665347
DesignSafe circular RC columns,Ridge,RandomKFold,3,155,Roeder,26.59,30.991187939432358
DesignSafe circular RC columns,Ridge,RandomKFold,3,159,Roeder,41.29,54.44124963983563
DesignSafe circular RC columns,Ridge,RandomKFold,3,170,Hamilton,23.83,11.556231204536175
DesignSafe circular RC columns,Ridge,RandomKFold,4,1,Ang_Beng_Ghee,88.04,83.02159656777943
DesignSafe circular RC columns,Ridge,RandomKFold,4,14,Arakawa,51.26,73.38482732113322
DesignSafe circular RC columns,Ridge,RandomKFold,4,20,Arakawa,38.47,46.806465926820316
DesignSafe circular RC columns,Ridge,RandomKFold,4,21,Arakawa,52.61,47.539814238536785
DesignSafe circular RC columns,Ridge,RandomKFold,4,37,Ang_Beng_Ghee,62.09,70.02532334559508
DesignSafe circular RC columns,Ridge,RandomKFold,4,48,Ang_Beng_Ghee,76.54,79.19450825692576
DesignSafe circular RC columns,Ridge,RandomKFold,4,50,Petrovski,19.32,-5.036711521556171
DesignSafe circular RC columns,Ridge,RandomKFold,4,52,Kenchiku_Kenkyu_Siryo,41.32,41.20577175036343
DesignSafe circular RC columns,Ridge,RandomKFold,4,54,Kenchiku_Kenkyu_Siryo,23.52,0.33772902116824355
DesignSafe circular RC columns,Ridge,RandomKFold,4,57,Arakawa,47.7,108.80521164810625
DesignSafe circular RC columns,Ridge,RandomKFold,4,58,Priestley,94.05,118.05040723946888
DesignSafe circular RC columns,Ridge,RandomKFold,4,63,Hamilton,32.21,19.981371335237284
DesignSafe circular RC columns,Ridge,RandomKFold,4,71,Ranf,59.99,65.57734326923858
DesignSafe circular RC columns,Ridge,RandomKFold,4,74,Davey,34.57,65.72551791434047
DesignSafe circular RC columns,Ridge,RandomKFold,4,87,Watson_Park,47.72,55.13327111329296
DesignSafe circular RC columns,Ridge,RandomKFold,4,88,Watson_Park,46.41,79.42432015337678
DesignSafe circular RC columns,Ridge,RandomKFold,4,92,Petrovski,8.31,-31.766729139357693
DesignSafe circular RC columns,Ridge,RandomKFold,4,99,Stone,16.51,4.467521936256091
DesignSafe circular RC columns,Ridge,RandomKFold,4,102,Stone,17.21,4.6104762185916
DesignSafe circular RC columns,Ridge,RandomKFold,4,103,Stone,6.67,-13.680157911384498
DesignSafe circular RC columns,Ridge,RandomKFold,4,106,Kenchiku Siryo,33.25,49.74158740699811
DesignSafe circular RC columns,Ridge,RandomKFold,4,107,Arakawa,39.77,55.771971670037985
DesignSafe circular RC columns,Ridge,RandomKFold,4,116,Kunnath,17.75,11.460538590196862
DesignSafe circular RC columns,Ridge,RandomKFold,4,121,Kunnath,16.25,12.66665186528509
DesignSafe circular RC columns,Ridge,RandomKFold,4,129,Lehman et al,64.07,114.34820732951782
DesignSafe circular RC columns,Ridge,RandomKFold,4,130,Lehman et al,33.94,24.015422321181575
DesignSafe circular RC columns,Ridge,RandomKFold,4,143,Saatcioglu et al.,19.16,11.757147727994635
DesignSafe circular RC columns,Ridge,RandomKFold,4,149,Nelson et al.,65.95,51.60649461872745
DesignSafe circular RC columns,Ridge,RandomKFold,4,151,Nelson et al.,59.64,51.25742605080613
DesignSafe circular RC columns,Ridge,RandomKFold,4,157,Roeder,30.69,29.77316258125701
DesignSafe circular RC columns,Ridge,RandomKFold,4,162,Roeder,44.59,49.35319756000442
DesignSafe circular RC columns,Ridge,RandomKFold,4,166,Kowalsky_Moyer,35.32,21.052055605312276
DesignSafe circular RC columns,Ridge,RandomKFold,4,169,Hamilton,16.96,13.499897416991047
DesignSafe circular RC columns,Ridge,RandomKFold,4,171,Chai,48.5,75.88753944431531
DesignSafe circular RC columns,Ridge,GroupKFold,0,0,Ang_Beng_Ghee,65.01,69.59219508661778
DesignSafe circular RC columns,Ridge,GroupKFold,0,1,Ang_Beng_Ghee,88.04,75.77255242969028
DesignSafe circular RC columns,Ridge,GroupKFold,0,2,Ang_Beng_Ghee,63.09,69.95326565291037
DesignSafe circular RC columns,Ridge,GroupKFold,0,3,Ang_Beng_Ghee,83.68,69.50013702938
DesignSafe circular RC columns,Ridge,GroupKFold,0,4,Ang_Beng_Ghee,113.49,69.01224922190985
DesignSafe circular RC columns,Ridge,GroupKFold,0,5,Ang_Beng_Ghee,98.34,70.12107964953243
DesignSafe circular RC columns,Ridge,GroupKFold,0,6,Ang_Beng_Ghee,109.4,73.23825856703918
DesignSafe circular RC columns,Ridge,GroupKFold,0,7,Ang_Beng_Ghee,60.8,65.76307086124693
DesignSafe circular RC columns,Ridge,GroupKFold,0,8,Ang_Beng_Ghee,64.03,64.86288528411072
DesignSafe circular RC columns,Ridge,GroupKFold,0,35,Ang_Beng_Ghee,72.25,67.17553494970136
DesignSafe circular RC columns,Ridge,GroupKFold,0,36,Ang_Beng_Ghee,49.61,49.6239638739128
DesignSafe circular RC columns,Ridge,GroupKFold,0,37,Ang_Beng_Ghee,62.09,63.48217699036692
DesignSafe circular RC columns,Ridge,GroupKFold,0,38,Ang_Beng_Ghee,74.39,76.86684579312038
DesignSafe circular RC columns,Ridge,GroupKFold,0,39,Ang_Beng_Ghee,104.54,81.9404343510545
DesignSafe circular RC columns,Ridge,GroupKFold,0,40,Ang_Beng_Ghee,101.39,82.7814865100697
DesignSafe circular RC columns,Ridge,GroupKFold,0,41,Ang_Beng_Ghee,91.52,72.0837010179379
DesignSafe circular RC columns,Ridge,GroupKFold,0,42,Ang_Beng_Ghee,118.44,88.78966760117885
DesignSafe circular RC columns,Ridge,GroupKFold,0,43,Ang_Beng_Ghee,98.99,78.409904128226
DesignSafe circular RC columns,Ridge,GroupKFold,0,44,Ang_Beng_Ghee,71.12,71.28770404614437
DesignSafe circular RC columns,Ridge,GroupKFold,0,45,Ang_Beng_Ghee,51.78,47.51284642209607
DesignSafe circular RC columns,Ridge,GroupKFold,0,46,Ang_Beng_Ghee,73.12,64.71907790555251
DesignSafe circular RC columns,Ridge,GroupKFold,0,47,Ang_Beng_Ghee,74.75,74.02215927954435
DesignSafe circular RC columns,Ridge,GroupKFold,0,48,Ang_Beng_Ghee,76.54,73.28902618360256
DesignSafe circular RC columns,Ridge,GroupKFold,0,49,Wong,109.99,74.54957712490103
DesignSafe circular RC columns,Ridge,GroupKFold,0,52,Kenchiku_Kenkyu_Siryo,41.32,40.18435140616809
DesignSafe circular RC columns,Ridge,GroupKFold,0,53,Kenchiku_Kenkyu_Siryo,41.59,46.62634853723132
DesignSafe circular RC columns,Ridge,GroupKFold,0,54,Kenchiku_Kenkyu_Siryo,23.52,4.8573298832263205
DesignSafe circular RC columns,Ridge,GroupKFold,0,76,Ng,8.23,-5.966660034985004
DesignSafe circular RC columns,Ridge,GroupKFold,0,77,Ng,17.56,-16.235290923297647
DesignSafe circular RC columns,Ridge,GroupKFold,0,87,Watson_Park,47.72,52.24765802878986
DesignSafe circular RC columns,Ridge,GroupKFold,0,88,Watson_Park,46.41,73.7406415697199
DesignSafe circular RC columns,Ridge,GroupKFold,0,137,Sritharan et al.,97.48,115.65777997330473
DesignSafe circular RC columns,Ridge,GroupKFold,0,138,Sritharan et al.,96.79,114.70474460915939
DesignSafe circular RC columns,Ridge,GroupKFold,0,139,Sritharan et al.,103.48,127.14304576921242
DesignSafe circular RC columns,Ridge,GroupKFold,0,167,Coffman,23.9,3.641061733331064
DesignSafe circular RC columns,Ridge,GroupKFold,1,9,Arakawa,39.65,73.07456495869603
DesignSafe circular RC columns,Ridge,GroupKFold,1,10,Arakawa,45.82,69.5911906661908
DesignSafe circular RC columns,Ridge,GroupKFold,1,11,Arakawa,44.01,66.3725657748002
DesignSafe circular RC columns,Ridge,GroupKFold,1,12,Arakawa,50.65,62.64848124575373
DesignSafe circular RC columns,Ridge,GroupKFold,1,13,Arakawa,48.53,65.96524930402045
DesignSafe circular RC columns,Ridge,GroupKFold,1,14,Arakawa,51.26,84.64738083811648
DesignSafe circular RC columns,Ridge,GroupKFold,1,15,Arakawa,43.15,59.04744039475899
DesignSafe circular RC columns,Ridge,GroupKFold,1,16,Arakawa,53.6,56.470603744524894
DesignSafe circular RC columns,Ridge,GroupKFold,1,17,Arakawa,62.74,60.49590041810609
DesignSafe circular RC columns,Ridge,GroupKFold,1,18,Arakawa,55.43,62.111705374985476
DesignSafe circular RC columns,Ridge,GroupKFold,1,19,Arakawa,41.92,57.57369208177791
DesignSafe circular RC columns,Ridge,GroupKFold,1,20,Arakawa,38.47,56.30656281635915
DesignSafe circular RC columns,Ridge,GroupKFold,1,21,Arakawa,52.61,56.67655991377339
DesignSafe circular RC columns,Ridge,GroupKFold,1,22,Arakawa,45.24,51.75735366702516
DesignSafe circular RC columns,Ridge,GroupKFold,1,23,Arakawa,39.58,43.78197435590391
DesignSafe circular RC columns,Ridge,GroupKFold,1,24,Arakawa,51.88,52.70564505555241
DesignSafe circular RC columns,Ridge,GroupKFold,1,25,McDaniel,91.15,125.6176201218851
DesignSafe circular RC columns,Ridge,GroupKFold,1,26,McDaniel,74.7,126.6804130448568
DesignSafe circular RC columns,Ridge,GroupKFold,1,27,McDaniel,74.7,123.14754079147713
DesignSafe circular RC columns,Ridge,GroupKFold,1,55,Arakawa,57.15,67.16537489812433
DesignSafe circular RC columns,Ridge,GroupKFold,1,56,Arakawa,40.38,80.6400958563674
DesignSafe circular RC columns,Ridge,GroupKFold,1,57,Arakawa,47.7,128.89437304163937
DesignSafe circular RC columns,Ridge,GroupKFold,1,72,Davey,44.01,73.91756356902142
DesignSafe circular RC columns,Ridge,GroupKFold,1,73,Davey,77.04,73.10999564022255
DesignSafe circular RC columns,Ridge,GroupKFold,1,74,Davey,34.57,73.22690740120414
DesignSafe circular RC columns,Ridge,GroupKFold,1,75,Munro ,31.1,60.40189889835435
DesignSafe circular RC columns,Ridge,GroupKFold,1,78,Ang,31.31,33.64866126900365
DesignSafe circular RC columns,Ridge,GroupKFold,1,79,Ang,36.74,38.98440258862917
DesignSafe circular RC columns,Ridge,GroupKFold,1,84,Ang et al.,88.3,84.9860685233588
DesignSafe circular RC columns,Ridge,GroupKFold,1,85,Zahn et al.,32.0,45.32410331664301
DesignSafe circular RC columns,Ridge,GroupKFold,1,86,Zahn et al.,39.37,44.6433825846524
DesignSafe circular RC columns,Ridge,GroupKFold,1,107,Arakawa,39.77,67.2051305037955
DesignSafe circular RC columns,Ridge,GroupKFold,1,108,Arakawa,47.71,61.56592424287136
DesignSafe circular RC columns,Ridge,GroupKFold,1,109,Arakawa,34.67,53.146443324861394
DesignSafe circular RC columns,Ridge,GroupKFold,1,110,Arakawa,39.15,47.499962285118414
DesignSafe circular RC columns,Ridge,GroupKFold,2,34,Potangaroa,165.0,261.8897122161869
DesignSafe circular RC columns,Ridge,GroupKFold,2,58,Priestley,94.05,101.62918316980573
DesignSafe circular RC columns,Ridge,GroupKFold,2,59,Priestley,132.04,112.49201442966822
DesignSafe circular RC columns,Ridge,GroupKFold,2,66,Chai,124.2,108.81523294276948
DesignSafe circular RC columns,Ridge,GroupKFold,2,67,Iwasaki,91.37,116.56795478067352
DesignSafe circular RC columns,Ridge,GroupKFold,2,80,Potangaroa,154.47,186.734492040701
DesignSafe circular RC columns,Ridge,GroupKFold,2,81,Potangaroa,175.54,247.88258689658812
DesignSafe circular RC columns,Ridge,GroupKFold,2,82,Potangaroa,182.48,268.41732523089433
DesignSafe circular RC columns,Ridge,GroupKFold,2,83,Potangaroa,210.65,365.56370902661786
DesignSafe circular RC columns,Ridge,GroupKFold,2,104,Kenchiku Siryo,27.96,13.791160194507128
DesignSafe circular RC columns,Ridge,GroupKFold,2,105,Kenchiku Siryo,23.08,-11.077449802587878
DesignSafe circular RC columns,Ridge,GroupKFold,2,106,Kenchiku Siryo,33.25,54.27599207395992
DesignSafe circular RC columns,Ridge,GroupKFold,2,111,Kunnath,16.63,16.812291583124733
DesignSafe circular RC columns,Ridge,GroupKFold,2,112,Kunnath,16.93,16.812291583124733
DesignSafe circular RC columns,Ridge,GroupKFold,2,113,Kunnath,16.97,12.923092117890995
DesignSafe circular RC columns,Ridge,GroupKFold,2,114,Kunnath,20.86,12.923092117890995
DesignSafe circular RC columns,Ridge,GroupKFold,2,115,Kunnath,17.26,12.923092117890995
DesignSafe circular RC columns,Ridge,GroupKFold,2,116,Kunnath,17.75,14.949412328213363
DesignSafe circular RC columns,Ridge,GroupKFold,2,117,Kunnath,16.42,14.949412328213363
DesignSafe circular RC columns,Ridge,GroupKFold,2,118,Kunnath,16.86,15.174559018249184
DesignSafe circular RC columns,Ridge,GroupKFold,2,119,Kunnath,16.69,16.82984700818139
DesignSafe circular RC columns,Ridge,GroupKFold,2,120,Kunnath,16.3,16.82984700818139
DesignSafe circular RC columns,Ridge,GroupKFold,2,121,Kunnath,16.25,16.82984700818139
DesignSafe circular RC columns,Ridge,GroupKFold,2,126,Kowalsky ,42.04,64.50767205167331
DesignSafe circular RC columns,Ridge,GroupKFold,2,127,Kowalsky ,39.28,66.14953866795773
DesignSafe circular RC columns,Ridge,GroupKFold,2,128,Kowalsky ,44.38,62.43911898423418
DesignSafe circular RC columns,Ridge,GroupKFold,2,152,Henry,74.19,128.5981853779058
DesignSafe circular RC columns,Ridge,GroupKFold,2,153,Henry,64.8,91.14497206247185
DesignSafe circular RC columns,Ridge,GroupKFold,2,154,Chai,55.74,85.63908138702124
DesignSafe circular RC columns,Ridge,GroupKFold,2,163,Kowalsky_Moyer,34.86,-11.88907389716664
DesignSafe circular RC columns,Ridge,GroupKFold,2,164,Kowalsky_Moyer,35.8,-13.014807347345737
DesignSafe circular RC columns,Ridge,GroupKFold,2,165,Kowalsky_Moyer,43.08,-11.138584930380574
DesignSafe circular RC columns,Ridge,GroupKFold,2,166,Kowalsky_Moyer,35.32,-12.789660657309952
DesignSafe circular RC columns,Ridge,GroupKFold,2,171,Chai,48.5,96.29029791941446
DesignSafe circular RC columns,Ridge,GroupKFold,3,30,Yalcin,126.45,124.36258023093879
DesignSafe circular RC columns,Ridge,GroupKFold,3,33,Yarandi,95.23,99.31104367838373
DesignSafe circular RC columns,Ridge,GroupKFold,3,60,Vu,63.66,111.27230764604312
DesignSafe circular RC columns,Ridge,GroupKFold,3,61,Vu,221.45,182.48039258816829
DesignSafe circular RC columns,Ridge,GroupKFold,3,62,Vu,89.52,112.79782356059474
DesignSafe circular RC columns,Ridge,GroupKFold,3,63,Hamilton,32.21,22.51272422685645
DesignSafe circular RC columns,Ridge,GroupKFold,3,64,Hamilton,36.96,22.51272422685645
DesignSafe circular RC columns,Ridge,GroupKFold,3,65,Hamilton,39.24,30.787085512520196
DesignSafe circular RC columns,Ridge,GroupKFold,3,68,Ranf,48.31,64.78998905251582
DesignSafe circular RC columns,Ridge,GroupKFold,3,69,Ranf,59.87,65.14484508222453
DesignSafe circular RC columns,Ridge,GroupKFold,3,70,Ranf,62.06,65.15820997239493
DesignSafe circular RC columns,Ridge,GroupKFold,3,71,Ranf,59.99,65.08183827265245
DesignSafe circular RC columns,Ridge,GroupKFold,3,93,Lim,4.28,12.948837384362733
DesignSafe circular RC columns,Ridge,GroupKFold,3,94,Lim,9.3,24.103382141328225
DesignSafe circular RC columns,Ridge,GroupKFold,3,95,Lim,9.67,21.24097055737591
DesignSafe circular RC columns,Ridge,GroupKFold,3,96,Cheok et al.,290.76,255.0632266924342
DesignSafe circular RC columns,Ridge,GroupKFold,3,97,Cheok et al.,737.79,418.5090175428983
DesignSafe circular RC columns,Ridge,GroupKFold,3,122,Hose et al.,81.75,83.14657798925063
DesignSafe circular RC columns,Ridge,GroupKFold,3,129,Lehman et al,64.07,88.8606662565555
DesignSafe circular RC columns,Ridge,GroupKFold,3,130,Lehman et al,33.94,15.129330004515445
DesignSafe circular RC columns,Ridge,GroupKFold,3,131,Lehman et al,22.82,-21.736338121504602
DesignSafe circular RC columns,Ridge,GroupKFold,3,132,Lehman et al,40.46,78.33642553168451
DesignSafe circular RC columns,Ridge,GroupKFold,3,133,Lehman et al,107.9,109.90914770629749
DesignSafe circular RC columns,Ridge,GroupKFold,3,140,Saatcioglu et al.,15.97,2.3399381005103876
DesignSafe circular RC columns,Ridge,GroupKFold,3,141,Saatcioglu et al.,15.35,27.52295732086069
DesignSafe circular RC columns,Ridge,GroupKFold,3,142,Saatcioglu et al.,18.38,4.552176973444851
DesignSafe circular RC columns,Ridge,GroupKFold,3,143,Saatcioglu et al.,19.16,7.994724745038845
DesignSafe circular RC columns,Ridge,GroupKFold,3,144,Saatcioglu et al.,17.63,-8.62923097705277
DesignSafe circular RC columns,Ridge,GroupKFold,3,145,Saatcioglu et al.,16.6,-3.3686667952969174
DesignSafe circular RC columns,Ridge,GroupKFold,3,146,Saatcioglu et al.,18.28,4.552176973444851
DesignSafe circular RC columns,Ridge,GroupKFold,3,147,Saatcioglu et al.,21.58,29.468345930427663
DesignSafe circular RC columns,Ridge,GroupKFold,3,168,Hamilton,15.81,14.068842956536017
DesignSafe circular RC columns,Ridge,GroupKFold,3,169,Hamilton,16.96,14.06884295653601
DesignSafe circular RC columns,Ridge,GroupKFold,3,170,Hamilton,23.83,14.360597466148299
DesignSafe circular RC columns,Ridge,GroupKFold,4,28,Hussein,102.1,87.66579014665402
DesignSafe circular RC columns,Ridge,GroupKFold,4,29,Xiao,192.07,114.38983540638431
DesignSafe circular RC columns,Ridge,GroupKFold,4,31,Omar,17.84,31.365850526647378
DesignSafe circular RC columns,Ridge,GroupKFold,4,32,Omar,17.34,11.570821887388043
DesignSafe circular RC columns,Ridge,GroupKFold,4,50,Petrovski,19.32,-7.826212926852449
DesignSafe circular RC columns,Ridge,GroupKFold,4,51,Petrovski,20.9,-8.159694008290074
DesignSafe circular RC columns,Ridge,GroupKFold,4,89,Wong et al.,103.69,91.94648193362829
DesignSafe circular RC columns,Ridge,GroupKFold,4,90,Wong et al.,130.07,105.32196730869427
DesignSafe circular RC columns,Ridge,GroupKFold,4,91,Petrovski,7.55,-39.51113661850978
DesignSafe circular RC columns,Ridge,GroupKFold,4,92,Petrovski,8.31,-39.018944873128135
DesignSafe circular RC columns,Ridge,GroupKFold,4,98,Stone,14.41,10.493944069352345
DesignSafe circular RC columns,Ridge,GroupKFold,4,99,Stone,16.51,6.743672365998499
DesignSafe circular RC columns,Ridge,GroupKFold,4,100,Stone,7.17,-20.631891150765313
DesignSafe circular RC columns,Ridge,GroupKFold,4,101,Stone,14.1,10.383783205397258
DesignSafe circular RC columns,Ridge,GroupKFold,4,102,Stone,17.21,6.847676886694302
DesignSafe circular RC columns,Ridge,GroupKFold,4,103,Stone,6.67,-19.2757762590728
DesignSafe circular RC columns,Ridge,GroupKFold,4,123,Vu et al.,139.38,105.03775326662495
DesignSafe circular RC columns,Ridge,GroupKFold,4,124,Vu et al.,124.0,98.26441425847773
DesignSafe circular RC columns,Ridge,GroupKFold,4,125,Vu et al.,249.3,211.65671284334212
DesignSafe circular RC columns,Ridge,GroupKFold,4,134,Calderone et al.,124.76,179.0050785704671
DesignSafe circular RC columns,Ridge,GroupKFold,4,135,Calderone et al.,45.63,58.67821779505578
DesignSafe circular RC columns,Ridge,GroupKFold,4,136,Calderone et al.,42.8,10.547473484891263
DesignSafe circular RC columns,Ridge,GroupKFold,4,148,Nelson et al.,69.32,55.58080131061654
DesignSafe circular RC columns,Ridge,GroupKFold,4,149,Nelson et al.,65.95,53.37427112655096
DesignSafe circular RC columns,Ridge,GroupKFold,4,150,Nelson et al.,61.89,52.024269205111764
DesignSafe circular RC columns,Ridge,GroupKFold,4,151,Nelson et al.,59.64,53.05859361195183
DesignSafe circular RC columns,Ridge,GroupKFold,4,155,Roeder,26.59,59.306588405576186
DesignSafe circular RC columns,Ridge,GroupKFold,4,156,Roeder,27.21,58.57218264587563
DesignSafe circular RC columns,Ridge,GroupKFold,4,157,Roeder,30.69,58.73276983645306
DesignSafe circular RC columns,Ridge,GroupKFold,4,158,Roeder,38.28,68.83515977781559
DesignSafe circular RC columns,Ridge,GroupKFold,4,159,Roeder,41.29,80.34160551872858
DesignSafe circular RC columns,Ridge,GroupKFold,4,160,Roeder,40.83,83.00991501528858
DesignSafe circular RC columns,Ridge,GroupKFold,4,161,Roeder,39.92,83.0099150152886
DesignSafe circular RC columns,Ridge,GroupKFold,4,162,Roeder,44.59,80.34160551872858
DesignSafe circular RC columns,Ridge,LeaveOneSourceOut,0,78,Ang,31.31,30.8817919733931
DesignSafe circular RC columns,Ridge,LeaveOneSourceOut,0,79,Ang,36.74,43.961298229935494
DesignSafe circular RC columns,Ridge,LeaveOneSourceOut,1,84,Ang et al.,88.3,84.50570203629121
DesignSafe circular RC columns,Ridge,LeaveOneSourceOut,2,0,Ang_Beng_Ghee,65.01,67.56724579951238
DesignSafe circular RC columns,Ridge,LeaveOneSourceOut,2,1,Ang_Beng_Ghee,88.04,76.51679609117784
DesignSafe circular RC columns,Ridge,LeaveOneSourceOut,2,2,Ang_Beng_Ghee,63.09,70.08900154123522
DesignSafe circular RC columns,Ridge,LeaveOneSourceOut,2,3,Ang_Beng_Ghee,83.68,70.4255900335063
DesignSafe circular RC columns,Ridge,LeaveOneSourceOut,2,4,Ang_Beng_Ghee,113.49,70.03631118954668
DesignSafe circular RC columns,Ridge,LeaveOneSourceOut,2,5,Ang_Beng_Ghee,98.34,71.36061535335637
DesignSafe circular RC columns,Ridge,LeaveOneSourceOut,2,6,Ang_Beng_Ghee,109.4,74.05451192469378
DesignSafe circular RC columns,Ridge,LeaveOneSourceOut,2,7,Ang_Beng_Ghee,60.8,66.44407299959374
DesignSafe circular RC columns,Ridge,LeaveOneSourceOut,2,8,Ang_Beng_Ghee,64.03,63.75829336335128
DesignSafe circular RC columns,Ridge,LeaveOneSourceOut,2,35,Ang_Beng_Ghee,72.25,68.02426569348914
DesignSafe circular RC columns,Ridge,LeaveOneSourceOut,2,36,Ang_Beng_Ghee,49.61,52.485236392287945
DesignSafe circular RC columns,Ridge,LeaveOneSourceOut,2,37,Ang_Beng_Ghee,62.09,64.0160241150115
DesignSafe circular RC columns,Ridge,LeaveOneSourceOut,2,38,Ang_Beng_Ghee,74.39,77.8379919158599
DesignSafe circular RC columns,Ridge,LeaveOneSourceOut,2,39,Ang_Beng_Ghee,104.54,83.38578588028264
DesignSafe circular RC columns,Ridge,LeaveOneSourceOut,2,40,Ang_Beng_Ghee,101.39,78.89797747979463
DesignSafe circular RC columns,Ridge,LeaveOneSourceOut,2,41,Ang_Beng_Ghee,91.52,72.61414085927797
DesignSafe circular RC columns,Ridge,LeaveOneSourceOut,2,42,Ang_Beng_Ghee,118.44,89.64594400661545
DesignSafe circular RC columns,Ridge,LeaveOneSourceOut,2,43,Ang_Beng_Ghee,98.99,80.51644508390353
DesignSafe circular RC columns,Ridge,LeaveOneSourceOut,2,44,Ang_Beng_Ghee,71.12,70.94829341449314
DesignSafe circular RC columns,Ridge,LeaveOneSourceOut,2,45,Ang_Beng_Ghee,51.78,46.95730360144064
DesignSafe circular RC columns,Ridge,LeaveOneSourceOut,2,46,Ang_Beng_Ghee,73.12,65.45354924127417
DesignSafe circular RC columns,Ridge,LeaveOneSourceOut,2,47,Ang_Beng_Ghee,74.75,69.96382721352053
DesignSafe circular RC columns,Ridge,LeaveOneSourceOut,2,48,Ang_Beng_Ghee,76.54,70.91967154827331
DesignSafe circular RC columns,Ridge,LeaveOneSourceOut,3,9,Arakawa,39.65,74.15875650575674
DesignSafe circular RC columns,Ridge,LeaveOneSourceOut,3,10,Arakawa,45.82,70.03894259732121
DesignSafe circular RC columns,Ridge,LeaveOneSourceOut,3,11,Arakawa,44.01,66.21100241765568
DesignSafe circular RC columns,Ridge,LeaveOneSourceOut,3,12,Arakawa,50.65,61.799599982215696
DesignSafe circular RC columns,Ridge,LeaveOneSourceOut,3,13,Arakawa,48.53,64.64911600517777
DesignSafe circular RC columns,Ridge,LeaveOneSourceOut,3,14,Arakawa,51.26,84.62294578747323
DesignSafe circular RC columns,Ridge,LeaveOneSourceOut,3,15,Arakawa,43.15,57.50602523964736
DesignSafe circular RC columns,Ridge,LeaveOneSourceOut,3,16,Arakawa,53.6,54.49152649291581
DesignSafe circular RC columns,Ridge,LeaveOneSourceOut,3,17,Arakawa,62.74,58.211272695369644
DesignSafe circular RC columns,Ridge,LeaveOneSourceOut,3,18,Arakawa,55.43,61.81591614775327
DesignSafe circular RC columns,Ridge,LeaveOneSourceOut,3,19,Arakawa,41.92,57.74988275851699
DesignSafe circular RC columns,Ridge,LeaveOneSourceOut,3,20,Arakawa,38.47,56.21790914136322
DesignSafe circular RC columns,Ridge,LeaveOneSourceOut,3,21,Arakawa,52.61,55.42037318085167
DesignSafe circular RC columns,Ridge,LeaveOneSourceOut,3,22,Arakawa,45.24,50.889916394780656
DesignSafe circular RC columns,Ridge,LeaveOneSourceOut,3,23,Arakawa,39.58,41.15118085002182
DesignSafe circular RC columns,Ridge,LeaveOneSourceOut,3,24,Arakawa,51.88,52.03028643116312
DesignSafe circular RC columns,Ridge,LeaveOneSourceOut,3,55,Arakawa,57.15,62.53734050616363
DesignSafe circular RC columns,Ridge,LeaveOneSourceOut,3,56,Arakawa,40.38,79.92862274329966
DesignSafe circular RC columns,Ridge,LeaveOneSourceOut,3,57,Arakawa,47.7,121.75537126988038
DesignSafe circular RC columns,Ridge,LeaveOneSourceOut,3,107,Arakawa,39.77,67.7455860675832
DesignSafe circular RC columns,Ridge,LeaveOneSourceOut,3,108,Arakawa,47.71,61.103177248719774
DesignSafe circular RC columns,Ridge,LeaveOneSourceOut,3,109,Arakawa,34.67,53.85820355538014
DesignSafe circular RC columns,Ridge,LeaveOneSourceOut,3,110,Arakawa,39.15,47.20280270069907
DesignSafe circular RC columns,Ridge,LeaveOneSourceOut,4,134,Calderone et al.,124.76,175.08686477169132
DesignSafe circular RC columns,Ridge,LeaveOneSourceOut,4,135,Calderone et al.,45.63,57.72836680401398
DesignSafe circular RC columns,Ridge,LeaveOneSourceOut,4,136,Calderone et al.,42.8,10.784967616943035
DesignSafe circular RC columns,Ridge,LeaveOneSourceOut,5,66,Chai,124.2,105.5925900968725
DesignSafe circular RC columns,Ridge,LeaveOneSourceOut,5,154,Chai,55.74,61.35017186602882
DesignSafe circular RC columns,Ridge,LeaveOneSourceOut,5,171,Chai,48.5,72.84012359572317
DesignSafe circular RC columns,Ridge,LeaveOneSourceOut,6,96,Cheok et al.,290.76,261.0741926804205
DesignSafe circular RC columns,Ridge,LeaveOneSourceOut,6,97,Cheok et al.,737.79,404.6067173623694
DesignSafe circular RC columns,Ridge,LeaveOneSourceOut,7,167,Coffman,23.9,-6.364385462197404
DesignSafe circular RC columns,Ridge,LeaveOneSourceOut,8,72,Davey,44.01,68.02177412929416
DesignSafe circular RC columns,Ridge,LeaveOneSourceOut,8,73,Davey,77.04,67.04459861126759
DesignSafe circular RC columns,Ridge,LeaveOneSourceOut,8,74,Davey,34.57,67.8495196543655
DesignSafe circular RC columns,Ridge,LeaveOneSourceOut,9,63,Hamilton,32.21,19.9061167844352
DesignSafe circular RC columns,Ridge,LeaveOneSourceOut,9,64,Hamilton,36.96,19.9061167844352
DesignSafe circular RC columns,Ridge,LeaveOneSourceOut,9,65,Hamilton,39.24,26.367565796461378
DesignSafe circular RC columns,Ridge,LeaveOneSourceOut,9,168,Hamilton,15.81,12.08658332418264
DesignSafe circular RC columns,Ridge,LeaveOneSourceOut,9,169,Hamilton,16.96,12.08658332418264
DesignSafe circular RC columns,Ridge,LeaveOneSourceOut,9,170,Hamilton,23.83,12.45680377457522
DesignSafe circular RC columns,Ridge,LeaveOneSourceOut,10,152,Henry,74.19,123.3214149613218
DesignSafe circular RC columns,Ridge,LeaveOneSourceOut,10,153,Henry,64.8,97.86335230108939
DesignSafe circular RC columns,Ridge,LeaveOneSourceOut,11,122,Hose et al.,81.75,99.22839169273453
DesignSafe circular RC columns,Ridge,LeaveOneSourceOut,12,28,Hussein,102.1,114.13178803600857
DesignSafe circular RC columns,Ridge,LeaveOneSourceOut,13,67,Iwasaki,91.37,109.54125627560472
DesignSafe circular RC columns,Ridge,LeaveOneSourceOut,14,104,Kenchiku Siryo,27.96,14.064237182940502
DesignSafe circular RC columns,Ridge,LeaveOneSourceOut,14,105,Kenchiku Siryo,23.08,-7.937607379427419
DesignSafe circular RC columns,Ridge,LeaveOneSourceOut,14,106,Kenchiku Siryo,33.25,50.63798887478304
DesignSafe circular RC columns,Ridge,LeaveOneSourceOut,15,52,Kenchiku_Kenkyu_Siryo,41.32,36.59081493161126
DesignSafe circular RC columns,Ridge,LeaveOneSourceOut,15,53,Kenchiku_Kenkyu_Siryo,41.59,42.037529113143094
DesignSafe circular RC columns,Ridge,LeaveOneSourceOut,15,54,Kenchiku_Kenkyu_Siryo,23.52,1.7895532342404863
DesignSafe circular RC columns,Ridge,LeaveOneSourceOut,16,126,Kowalsky ,42.04,58.929155234664
DesignSafe circular RC columns,Ridge,LeaveOneSourceOut,16,127,Kowalsky ,39.28,58.46314949716552
DesignSafe circular RC columns,Ridge,LeaveOneSourceOut,16,128,Kowalsky ,44.38,50.686829533364374
DesignSafe circular RC columns,Ridge,LeaveOneSourceOut,17,163,Kowalsky_Moyer,34.86,-0.8282066801146115
DesignSafe circular RC columns,Ridge,LeaveOneSourceOut,17,164,Kowalsky_Moyer,35.8,-1.3980280587569993
DesignSafe circular RC columns,Ridge,LeaveOneSourceOut,17,165,Kowalsky_Moyer,43.08,-0.4483257610196816
DesignSafe circular RC columns,Ridge,LeaveOneSourceOut,17,166,Kowalsky_Moyer,35.32,-1.2840637830285218
DesignSafe circular RC columns,Ridge,LeaveOneSourceOut,18,111,Kunnath,16.63,12.902193112845026
DesignSafe circular RC columns,Ridge,LeaveOneSourceOut,18,112,Kunnath,16.93,12.902193112845026
DesignSafe circular RC columns,Ridge,LeaveOneSourceOut,18,113,Kunnath,16.97,10.47561990761156
DesignSafe circular RC columns,Ridge,LeaveOneSourceOut,18,114,Kunnath,20.86,10.47561990761156
DesignSafe circular RC columns,Ridge,LeaveOneSourceOut,18,115,Kunnath,17.26,10.47561990761156
DesignSafe circular RC columns,Ridge,LeaveOneSourceOut,18,116,Kunnath,17.75,11.6461382602063
DesignSafe circular RC columns,Ridge,LeaveOneSourceOut,18,117,Kunnath,16.42,11.6461382602063
DesignSafe circular RC columns,Ridge,LeaveOneSourceOut,18,118,Kunnath,16.86,11.776195854939061
DesignSafe circular RC columns,Ridge,LeaveOneSourceOut,18,119,Kunnath,16.69,13.11849052869092
DesignSafe circular RC columns,Ridge,LeaveOneSourceOut,18,120,Kunnath,16.3,13.11849052869092
DesignSafe circular RC columns,Ridge,LeaveOneSourceOut,18,121,Kunnath,16.25,13.11849052869092
DesignSafe circular RC columns,Ridge,LeaveOneSourceOut,19,129,Lehman et al,64.07,120.90601284698761
DesignSafe circular RC columns,Ridge,LeaveOneSourceOut,19,130,Lehman et al,33.94,22.732715080972582
DesignSafe circular RC columns,Ridge,LeaveOneSourceOut,19,131,Lehman et al,22.82,-26.35393380203491
DesignSafe circular RC columns,Ridge,LeaveOneSourceOut,19,132,Lehman et al,40.46,102.60676443721502
DesignSafe circular RC columns,Ridge,LeaveOneSourceOut,19,133,Lehman et al,107.9,157.50450966653278
DesignSafe circular RC columns,Ridge,LeaveOneSourceOut,20,93,Lim,4.28,32.952393510291
DesignSafe circular RC columns,Ridge,LeaveOneSourceOut,20,94,Lim,9.3,19.925655403741573
DesignSafe circular RC columns,Ridge,LeaveOneSourceOut,20,95,Lim,9.67,13.623222311284174
DesignSafe circular RC columns,Ridge,LeaveOneSourceOut,21,25,McDaniel,91.15,124.59324581343819
DesignSafe circular RC columns,Ridge,LeaveOneSourceOut,21,26,McDaniel,74.7,125.75338545466681
DesignSafe circular RC columns,Ridge,LeaveOneSourceOut,21,27,McDaniel,74.7,121.65480030784735
DesignSafe circular RC columns,Ridge,LeaveOneSourceOut,22,75,Munro ,31.1,54.48395143165064
DesignSafe circular RC columns,Ridge,LeaveOneSourceOut,23,148,Nelson et al.,69.32,49.56629897270025
DesignSafe circular RC columns,Ridge,LeaveOneSourceOut,23,149,Nelson et al.,65.95,47.26247321585056
DesignSafe circular RC columns,Ridge,LeaveOneSourceOut,23,150,Nelson et al.,61.89,45.76634951376211
DesignSafe circular RC columns,Ridge,LeaveOneSourceOut,23,151,Nelson et al.,59.64,47.33997183254704
DesignSafe circular RC columns,Ridge,LeaveOneSourceOut,24,76,Ng,8.23,-10.53681077527419
DesignSafe circular RC columns,Ridge,LeaveOneSourceOut,24,77,Ng,17.56,-16.866635688226665
DesignSafe circular RC columns,Ridge,LeaveOneSourceOut,25,31,Omar,17.84,48.13821290336712
DesignSafe circular RC columns,Ridge,LeaveOneSourceOut,25,32,Omar,17.34,33.31950471801286
DesignSafe circular RC columns,Ridge,LeaveOneSourceOut,26,50,Petrovski,19.32,-25.86303250911959
DesignSafe circular RC columns,Ridge,LeaveOneSourceOut,26,51,Petrovski,20.9,-26.213164798691963
DesignSafe circular RC columns,Ridge,LeaveOneSourceOut,26,91,Petrovski,7.55,-51.08232401689533
DesignSafe circular RC columns,Ridge,LeaveOneSourceOut,26,92,Petrovski,8.31,-50.420870234004525
DesignSafe circular RC columns,Ridge,LeaveOneSourceOut,27,34,Potangaroa,165.0,248.90976339235237
DesignSafe circular RC columns,Ridge,LeaveOneSourceOut,27,80,Potangaroa,154.47,181.95948386896657
DesignSafe circular RC columns,Ridge,LeaveOneSourceOut,27,81,Potangaroa,175.54,235.87423478346903
DesignSafe circular RC columns,Ridge,LeaveOneSourceOut,27,82,Potangaroa,182.48,265.783864379245
DesignSafe circular RC columns,Ridge,LeaveOneSourceOut,27,83,Potangaroa,210.65,352.96550908877055
DesignSafe circular RC columns,Ridge,LeaveOneSourceOut,28,58,Priestley,94.05,113.40389292945139
DesignSafe circular RC columns,Ridge,LeaveOneSourceOut,28,59,Priestley,132.04,117.26669355100411
DesignSafe circular RC columns,Ridge,LeaveOneSourceOut,29,68,Ranf,48.31,70.14568524173069
DesignSafe circular RC columns,Ridge,LeaveOneSourceOut,29,69,Ranf,59.87,68.99277182741041
DesignSafe circular RC columns,Ridge,LeaveOneSourceOut,29,70,Ranf,62.06,68.9484167998611
DesignSafe circular RC columns,Ridge,LeaveOneSourceOut,29,71,Ranf,59.99,69.19699227503237
DesignSafe circular RC columns,Ridge,LeaveOneSourceOut,30,155,Roeder,26.59,59.407543392794416
DesignSafe circular RC columns,Ridge,LeaveOneSourceOut,30,156,Roeder,27.21,58.873016557781966
DesignSafe circular RC columns,Ridge,LeaveOneSourceOut,30,157,Roeder,30.69,59.928450836033804
DesignSafe circular RC columns,Ridge,LeaveOneSourceOut,30,158,Roeder,38.28,70.61596195896473
DesignSafe circular RC columns,Ridge,LeaveOneSourceOut,30,159,Roeder,41.29,79.5945275138679
DesignSafe circular RC columns,Ridge,LeaveOneSourceOut,30,160,Roeder,40.83,81.67662934401426
DesignSafe circular RC columns,Ridge,LeaveOneSourceOut,30,161,Roeder,39.92,81.67662934401426
DesignSafe circular RC columns,Ridge,LeaveOneSourceOut,30,162,Roeder,44.59,79.5945275138679
DesignSafe circular RC columns,Ridge,LeaveOneSourceOut,31,140,Saatcioglu et al.,15.97,3.661776421404916
DesignSafe circular RC columns,Ridge,LeaveOneSourceOut,31,141,Saatcioglu et al.,15.35,64.67576906639769
DesignSafe circular RC columns,Ridge,LeaveOneSourceOut,31,142,Saatcioglu et al.,18.38,-1.3135004550285174
DesignSafe circular RC columns,Ridge,LeaveOneSourceOut,31,143,Saatcioglu et al.,19.16,11.923042761999149
DesignSafe circular RC columns,Ridge,LeaveOneSourceOut,31,144,Saatcioglu et al.,17.63,1.1303947108077494
DesignSafe circular RC columns,Ridge,LeaveOneSourceOut,31,145,Saatcioglu et al.,16.6,-2.5450059764508524
DesignSafe circular RC columns,Ridge,LeaveOneSourceOut,31,146,Saatcioglu et al.,18.28,-1.3135004550285174
DesignSafe circular RC columns,Ridge,LeaveOneSourceOut,31,147,Saatcioglu et al.,21.58,59.569497908324934
DesignSafe circular RC columns,Ridge,LeaveOneSourceOut,32,137,Sritharan et al.,97.48,118.70651227305514
DesignSafe circular RC columns,Ridge,LeaveOneSourceOut,32,138,Sritharan et al.,96.79,117.71389741220435
DesignSafe circular RC columns,Ridge,LeaveOneSourceOut,32,139,Sritharan et al.,103.48,130.64777283874722
DesignSafe circular RC columns,Ridge,LeaveOneSourceOut,33,98,Stone,14.41,9.693173197270816
DesignSafe circular RC columns,Ridge,LeaveOneSourceOut,33,99,Stone,16.51,5.029919626916353
DesignSafe circular RC columns,Ridge,LeaveOneSourceOut,33,100,Stone,7.17,-13.873639937458549
DesignSafe circular RC columns,Ridge,LeaveOneSourceOut,33,101,Stone,14.1,9.568969783850342
DesignSafe circular RC columns,Ridge,LeaveOneSourceOut,33,102,Stone,17.21,5.18590733831828
DesignSafe circular RC columns,Ridge,LeaveOneSourceOut,33,103,Stone,6.67,-16.82885849241616
DesignSafe circular RC columns,Ridge,LeaveOneSourceOut,34,60,Vu,63.66,113.54945123425293
DesignSafe circular RC columns,Ridge,LeaveOneSourceOut,34,61,Vu,221.45,200.77880652684
DesignSafe circular RC columns,Ridge,LeaveOneSourceOut,34,62,Vu,89.52,118.099194160171
DesignSafe circular RC columns,Ridge,LeaveOneSourceOut,35,123,Vu et al.,139.38,109.69982143758384
DesignSafe circular RC columns,Ridge,LeaveOneSourceOut,35,124,Vu et al.,124.0,102.81688294511167
DesignSafe circular RC columns,Ridge,LeaveOneSourceOut,35,125,Vu et al.,249.3,204.07965877826402
DesignSafe circular RC columns,Ridge,LeaveOneSourceOut,36,87,Watson_Park,47.72,55.118545984249735
DesignSafe circular RC columns,Ridge,LeaveOneSourceOut,36,88,Watson_Park,46.41,79.0852422000922
DesignSafe circular RC columns,Ridge,LeaveOneSourceOut,37,49,Wong,109.99,82.0323744673236
DesignSafe circular RC columns,Ridge,LeaveOneSourceOut,38,89,Wong et al.,103.69,91.1737967532411
DesignSafe circular RC columns,Ridge,LeaveOneSourceOut,38,90,Wong et al.,130.07,100.622174900287
DesignSafe circular RC columns,Ridge,LeaveOneSourceOut,39,29,Xiao,192.07,123.97479051128107
DesignSafe circular RC columns,Ridge,LeaveOneSourceOut,40,30,Yalcin,126.45,105.01670385189931
DesignSafe circular RC columns,Ridge,LeaveOneSourceOut,41,33,Yarandi,95.23,82.14902174906751
DesignSafe circular RC columns,Ridge,LeaveOneSourceOut,42,85,Zahn et al.,32.0,32.678729155919214
DesignSafe circular RC columns,Ridge,LeaveOneSourceOut,42,86,Zahn et al.,39.37,42.92129116425927
DesignSafe circular RC columns,Random Forest,RandomKFold,0,9,Arakawa,39.65,45.49059316137567
DesignSafe circular RC columns,Random Forest,RandomKFold,0,12,Arakawa,50.65,46.75678947089949
DesignSafe circular RC columns,Random Forest,RandomKFold,0,15,Arakawa,43.15,48.02742462962964
DesignSafe circular RC columns,Random Forest,RandomKFold,0,16,Arakawa,53.6,52.537160634920575
DesignSafe circular RC columns,Random Forest,RandomKFold,0,18,Arakawa,55.43,48.11211042328038
DesignSafe circular RC columns,Random Forest,RandomKFold,0,19,Arakawa,41.92,44.73549251322749
DesignSafe circular RC columns,Random Forest,RandomKFold,0,24,Arakawa,51.88,46.61519100529096
DesignSafe circular RC columns,Random Forest,RandomKFold,0,29,Xiao,192.07,112.58513481481484
DesignSafe circular RC columns,Random Forest,RandomKFold,0,30,Yalcin,126.45,110.65109890211636
DesignSafe circular RC columns,Random Forest,RandomKFold,0,31,Omar,17.84,24.368341018518514
DesignSafe circular RC columns,Random Forest,RandomKFold,0,38,Ang_Beng_Ghee,74.39,71.86421503968258
DesignSafe circular RC columns,Random Forest,RandomKFold,0,41,Ang_Beng_Ghee,91.52,101.37969206349206
DesignSafe circular RC columns,Random Forest,RandomKFold,0,55,Arakawa,57.15,47.722393492063496
DesignSafe circular RC columns,Random Forest,RandomKFold,0,60,Vu,63.66,96.97639255291004
DesignSafe circular RC columns,Random Forest,RandomKFold,0,75,Munro ,31.1,54.08532042328043
DesignSafe circular RC columns,Random Forest,RandomKFold,0,76,Ng,8.23,15.96040529100529
DesignSafe circular RC columns,Random Forest,RandomKFold,0,78,Ang,31.31,43.97665531746034
DesignSafe circular RC columns,Random Forest,RandomKFold,0,85,Zahn et al.,32.0,40.472107195767194
DesignSafe circular RC columns,Random Forest,RandomKFold,0,90,Wong et al.,130.07,110.31732734126992
DesignSafe circular RC columns,Random Forest,RandomKFold,0,104,Kenchiku Siryo,27.96,41.01614207671955
DesignSafe circular RC columns,Random Forest,RandomKFold,0,109,Arakawa,34.67,31.920685886243366
DesignSafe circular RC columns,Random Forest,RandomKFold,0,113,Kunnath,16.97,16.92602907407407
DesignSafe circular RC columns,Random Forest,RandomKFold,0,114,Kunnath,20.86,16.92602907407407
DesignSafe circular RC columns,Random Forest,RandomKFold,0,123,Vu et al.,139.38,111.64452972222225
DesignSafe circular RC columns,Random Forest,RandomKFold,0,124,Vu et al.,124.0,98.59805199735447
DesignSafe circular RC columns,Random Forest,RandomKFold,0,136,Calderone et al.,42.8,68.04618802068305
DesignSafe circular RC columns,Random Forest,RandomKFold,0,138,Sritharan et al.,96.79,89.86300074074069
DesignSafe circular RC columns,Random Forest,RandomKFold,0,140,Saatcioglu et al.,15.97,16.81203687830689
DesignSafe circular RC columns,Random Forest,RandomKFold,0,142,Saatcioglu et al.,18.38,17.419615410052913
DesignSafe circular RC columns,Random Forest,RandomKFold,0,145,Saatcioglu et al.,16.6,16.73467457671959
DesignSafe circular RC columns,Random Forest,RandomKFold,0,146,Saatcioglu et al.,18.28,17.419615410052913
DesignSafe circular RC columns,Random Forest,RandomKFold,0,152,Henry,74.19,68.87515623015874
DesignSafe circular RC columns,Random Forest,RandomKFold,0,156,Roeder,27.21,30.719498690476225
DesignSafe circular RC columns,Random Forest,RandomKFold,0,165,Kowalsky_Moyer,43.08,35.33815484126987
DesignSafe circular RC columns,Random Forest,RandomKFold,0,168,Hamilton,15.81,24.404320634920673
DesignSafe circular RC columns,Random Forest,RandomKFold,1,2,Ang_Beng_Ghee,63.09,70.72638850529104
DesignSafe circular RC columns,Random Forest,RandomKFold,1,4,Ang_Beng_Ghee,113.49,89.12133662698419
DesignSafe circular RC columns,Random Forest,RandomKFold,1,6,Ang_Beng_Ghee,109.4,104.04846611111108
DesignSafe circular RC columns,Random Forest,RandomKFold,1,11,Arakawa,44.01,49.30793742063491
DesignSafe circular RC columns,Random Forest,RandomKFold,1,22,Arakawa,45.24,44.928779999999996
DesignSafe circular RC columns,Random Forest,RandomKFold,1,26,McDaniel,74.7,90.63044436507934
DesignSafe circular RC columns,Random Forest,RandomKFold,1,27,McDaniel,74.7,88.51897492063493
DesignSafe circular RC columns,Random Forest,RandomKFold,1,32,Omar,17.34,25.387795634920646
DesignSafe circular RC columns,Random Forest,RandomKFold,1,36,Ang_Beng_Ghee,49.61,80.65295292328041
DesignSafe circular RC columns,Random Forest,RandomKFold,1,42,Ang_Beng_Ghee,118.44,85.47217297619045
DesignSafe circular RC columns,Random Forest,RandomKFold,1,45,Ang_Beng_Ghee,51.78,63.49923400673399
DesignSafe circular RC columns,Random Forest,RandomKFold,1,51,Petrovski,20.9,23.391986960076988
DesignSafe circular RC columns,Random Forest,RandomKFold,1,56,Arakawa,40.38,43.60532466931213
DesignSafe circular RC columns,Random Forest,RandomKFold,1,65,Hamilton,39.24,38.7413141534391
DesignSafe circular RC columns,Random Forest,RandomKFold,1,66,Chai,124.2,114.25006824074067
DesignSafe circular RC columns,Random Forest,RandomKFold,1,67,Iwasaki,91.37,99.95752996031747
DesignSafe circular RC columns,Random Forest,RandomKFold,1,68,Ranf,48.31,62.06516170634919
DesignSafe circular RC columns,Random Forest,RandomKFold,1,69,Ranf,59.87,61.49179900793645
DesignSafe circular RC columns,Random Forest,RandomKFold,1,82,Potangaroa,182.48,301.66983859788365
DesignSafe circular RC columns,Random Forest,RandomKFold,1,95,Lim,9.67,18.732577581770098
DesignSafe circular RC columns,Random Forest,RandomKFold,1,96,Cheok et al.,290.76,335.20910793650785
DesignSafe circular RC columns,Random Forest,RandomKFold,1,98,Stone,14.41,19.234031216931225
DesignSafe circular RC columns,Random Forest,RandomKFold,1,100,Stone,7.17,9.577993452380948
DesignSafe circular RC columns,Random Forest,RandomKFold,1,101,Stone,14.1,19.234031216931225
DesignSafe circular RC columns,Random Forest,RandomKFold,1,115,Kunnath,17.26,18.40826093915345
DesignSafe circular RC columns,Random Forest,RandomKFold,1,117,Kunnath,16.42,17.85079022486773
DesignSafe circular RC columns,Random Forest,RandomKFold,1,118,Kunnath,16.86,17.85079022486773
DesignSafe circular RC columns,Random Forest,RandomKFold,1,125,Vu et al.,249.3,211.99779678571437
DesignSafe circular RC columns,Random Forest,RandomKFold,1,132,Lehman et al,40.46,74.07625284271288
DesignSafe circular RC columns,Random Forest,RandomKFold,1,135,Calderone et al.,45.63,52.88118962962964
DesignSafe circular RC columns,Random Forest,RandomKFold,1,141,Saatcioglu et al.,15.35,20.89051275132274
DesignSafe circular RC columns,Random Forest,RandomKFold,1,148,Nelson et al.,69.32,64.31722900793648
DesignSafe circular RC columns,Random Forest,RandomKFold,1,153,Henry,64.8,74.36760535714285
DesignSafe circular RC columns,Random Forest,RandomKFold,1,160,Roeder,40.83,41.3916377513227
DesignSafe circular RC columns,Random Forest,RandomKFold,1,163,Kowalsky_Moyer,34.86,38.96995238095238
DesignSafe circular RC columns,Random Forest,RandomKFold,2,0,Ang_Beng_Ghee,65.01,71.54437280062527
DesignSafe circular RC columns,Random Forest,RandomKFold,2,10,Arakawa,45.82,46.237568565416055
DesignSafe circular RC columns,Random Forest,RandomKFold,2,23,Arakawa,39.58,42.89376100288599
DesignSafe circular RC columns,Random Forest,RandomKFold,2,25,McDaniel,91.15,74.52272531746038
DesignSafe circular RC columns,Random Forest,RandomKFold,2,28,Hussein,102.1,118.25814062049069
DesignSafe circular RC columns,Random Forest,RandomKFold,2,33,Yarandi,95.23,70.65088912698418
DesignSafe circular RC columns,Random Forest,RandomKFold,2,39,Ang_Beng_Ghee,104.54,99.21630436507928
DesignSafe circular RC columns,Random Forest,RandomKFold,2,40,Ang_Beng_Ghee,101.39,109.27532748677237
DesignSafe circular RC columns,Random Forest,RandomKFold,2,44,Ang_Beng_Ghee,71.12,89.54615699374703
DesignSafe circular RC columns,Random Forest,RandomKFold,2,47,Ang_Beng_Ghee,74.75,71.71249148148141
DesignSafe circular RC columns,Random Forest,RandomKFold,2,61,Vu,221.45,165.67106876984116
DesignSafe circular RC columns,Random Forest,RandomKFold,2,62,Vu,89.52,96.59122228715722
DesignSafe circular RC columns,Random Forest,RandomKFold,2,64,Hamilton,36.96,37.78096068783073
DesignSafe circular RC columns,Random Forest,RandomKFold,2,73,Davey,77.04,43.624740634920634
DesignSafe circular RC columns,Random Forest,RandomKFold,2,79,Ang,36.74,72.36157682539677
DesignSafe circular RC columns,Random Forest,RandomKFold,2,81,Potangaroa,175.54,160.5440795238095
DesignSafe circular RC columns,Random Forest,RandomKFold,2,84,Ang et al.,88.3,66.98343321428565
DesignSafe circular RC columns,Random Forest,RandomKFold,2,86,Zahn et al.,39.37,72.07592619047617
DesignSafe circular RC columns,Random Forest,RandomKFold,2,93,Lim,4.28,14.315527632275126
DesignSafe circular RC columns,Random Forest,RandomKFold,2,94,Lim,9.3,15.572466269841277
DesignSafe circular RC columns,Random Forest,RandomKFold,2,97,Cheok et al.,737.79,211.47742670634926
DesignSafe circular RC columns,Random Forest,RandomKFold,2,112,Kunnath,16.93,16.291412389092386
DesignSafe circular RC columns,Random Forest,RandomKFold,2,119,Kunnath,16.69,16.048355171957677
DesignSafe circular RC columns,Random Forest,RandomKFold,2,120,Kunnath,16.3,16.048355171957677
DesignSafe circular RC columns,Random Forest,RandomKFold,2,122,Hose et al.,81.75,70.3705508068783
DesignSafe circular RC columns,Random Forest,RandomKFold,2,127,Kowalsky ,39.28,53.33589132034632
DesignSafe circular RC columns,Random Forest,RandomKFold,2,128,Kowalsky ,44.38,53.5133664129389
DesignSafe circular RC columns,Random Forest,RandomKFold,2,137,Sritharan et al.,97.48,78.70512539682542
DesignSafe circular RC columns,Random Forest,RandomKFold,2,139,Sritharan et al.,103.48,73.20214761904764
DesignSafe circular RC columns,Random Forest,RandomKFold,2,144,Saatcioglu et al.,17.63,18.94007353174605
DesignSafe circular RC columns,Random Forest,RandomKFold,2,158,Roeder,38.28,40.45267320226072
DesignSafe circular RC columns,Random Forest,RandomKFold,2,161,Roeder,39.92,43.32988764670516
DesignSafe circular RC columns,Random Forest,RandomKFold,2,164,Kowalsky_Moyer,35.8,37.594644589947144
DesignSafe circular RC columns,Random Forest,RandomKFold,2,167,Coffman,23.9,42.436680105820116
DesignSafe circular RC columns,Random Forest,RandomKFold,3,3,Ang_Beng_Ghee,83.68,98.26230531746029
DesignSafe circular RC columns,Random Forest,RandomKFold,3,5,Ang_Beng_Ghee,98.34,102.60465698412695
DesignSafe circular RC columns,Random Forest,RandomKFold,3,7,Ang_Beng_Ghee,60.8,68.25233551587297
DesignSafe circular RC columns,Random Forest,RandomKFold,3,8,Ang_Beng_Ghee,64.03,73.04323978835974
DesignSafe circular RC columns,Random Forest,RandomKFold,3,13,Arakawa,48.53,51.752889773929766
DesignSafe circular RC columns,Random Forest,RandomKFold,3,17,Arakawa,62.74,51.72790458874458
DesignSafe circular RC columns,Random Forest,RandomKFold,3,34,Potangaroa,165.0,178.27603750000006
DesignSafe circular RC columns,Random Forest,RandomKFold,3,35,Ang_Beng_Ghee,72.25,62.55379863756613
DesignSafe circular RC columns,Random Forest,RandomKFold,3,43,Ang_Beng_Ghee,98.99,98.90343968253961
DesignSafe circular RC columns,Random Forest,RandomKFold,3,46,Ang_Beng_Ghee,73.12,87.40691019841263
DesignSafe circular RC columns,Random Forest,RandomKFold,3,49,Wong,109.99,118.44347801587304
DesignSafe circular RC columns,Random Forest,RandomKFold,3,53,Kenchiku_Kenkyu_Siryo,41.59,36.977655238095196
DesignSafe circular RC columns,Random Forest,RandomKFold,3,59,Priestley,132.04,94.7119048544973
DesignSafe circular RC columns,Random Forest,RandomKFold,3,70,Ranf,62.06,59.48930564814817
DesignSafe circular RC columns,Random Forest,RandomKFold,3,72,Davey,44.01,51.1710750793651
DesignSafe circular RC columns,Random Forest,RandomKFold,3,77,Ng,17.56,16.101213170995663
DesignSafe circular RC columns,Random Forest,RandomKFold,3,80,Potangaroa,154.47,149.0697935582011
DesignSafe circular RC columns,Random Forest,RandomKFold,3,83,Potangaroa,210.65,283.914793068783
DesignSafe circular RC columns,Random Forest,RandomKFold,3,89,Wong et al.,103.69,119.56538357142857
DesignSafe circular RC columns,Random Forest,RandomKFold,3,91,Petrovski,7.55,16.26679503968254
DesignSafe circular RC columns,Random Forest,RandomKFold,3,105,Kenchiku Siryo,23.08,29.87202972222221
DesignSafe circular RC columns,Random Forest,RandomKFold,3,108,Arakawa,47.71,42.81386133597882
DesignSafe circular RC columns,Random Forest,RandomKFold,3,110,Arakawa,39.15,32.52258195767195
DesignSafe circular RC columns,Random Forest,RandomKFold,3,111,Kunnath,16.63,16.891494065656563
DesignSafe circular RC columns,Random Forest,RandomKFold,3,126,Kowalsky ,42.04,46.612573650793664
DesignSafe circular RC columns,Random Forest,RandomKFold,3,131,Lehman et al,22.82,46.27664869047623
DesignSafe circular RC columns,Random Forest,RandomKFold,3,133,Lehman et al,107.9,53.47487427248679
DesignSafe circular RC columns,Random Forest,RandomKFold,3,134,Calderone et al.,124.76,63.56613343915343
DesignSafe circular RC columns,Random Forest,RandomKFold,3,147,Saatcioglu et al.,21.58,14.018796838624336
DesignSafe circular RC columns,Random Forest,RandomKFold,3,150,Nelson et al.,61.89,62.96479608465608
DesignSafe circular RC columns,Random Forest,RandomKFold,3,154,Chai,55.74,53.08337219576722
DesignSafe circular RC columns,Random Forest,RandomKFold,3,155,Roeder,26.59,31.148263809523826
DesignSafe circular RC columns,Random Forest,RandomKFold,3,159,Roeder,41.29,42.16001646825397
DesignSafe circular RC columns,Random Forest,RandomKFold,3,170,Hamilton,23.83,21.919223787878824
DesignSafe circular RC columns,Random Forest,RandomKFold,4,1,Ang_Beng_Ghee,88.04,72.01329768518517
DesignSafe circular RC columns,Random Forest,RandomKFold,4,14,Arakawa,51.26,58.41931710317457
DesignSafe circular RC columns,Random Forest,RandomKFold,4,20,Arakawa,38.47,41.395468015873014
DesignSafe circular RC columns,Random Forest,RandomKFold,4,21,Arakawa,52.61,49.441544007936464
DesignSafe circular RC columns,Random Forest,RandomKFold,4,37,Ang_Beng_Ghee,62.09,61.00933089947087
DesignSafe circular RC columns,Random Forest,RandomKFold,4,48,Ang_Beng_Ghee,76.54,70.24781813492062
DesignSafe circular RC columns,Random Forest,RandomKFold,4,50,Petrovski,19.32,18.940401640211643
DesignSafe circular RC columns,Random Forest,RandomKFold,4,52,Kenchiku_Kenkyu_Siryo,41.32,45.07288706349208
DesignSafe circular RC columns,Random Forest,RandomKFold,4,54,Kenchiku_Kenkyu_Siryo,23.52,24.193692632275123
DesignSafe circular RC columns,Random Forest,RandomKFold,4,57,Arakawa,47.7,91.18468261904754
DesignSafe circular RC columns,Random Forest,RandomKFold,4,58,Priestley,94.05,101.68104633597876
DesignSafe circular RC columns,Random Forest,RandomKFold,4,63,Hamilton,32.21,43.863752645502665
DesignSafe circular RC columns,Random Forest,RandomKFold,4,71,Ranf,59.99,59.664361798941776
DesignSafe circular RC columns,Random Forest,RandomKFold,4,74,Davey,34.57,55.18072865079367
DesignSafe circular RC columns,Random Forest,RandomKFold,4,87,Watson_Park,47.72,52.9931549206349
DesignSafe circular RC columns,Random Forest,RandomKFold,4,88,Watson_Park,46.41,64.07590019841268
DesignSafe circular RC columns,Random Forest,RandomKFold,4,92,Petrovski,8.31,19.8029296164021
DesignSafe circular RC columns,Random Forest,RandomKFold,4,99,Stone,16.51,18.929855555555545
DesignSafe circular RC columns,Random Forest,RandomKFold,4,102,Stone,17.21,18.94326666666666
DesignSafe circular RC columns,Random Forest,RandomKFold,4,103,Stone,6.67,10.177539775132267
DesignSafe circular RC columns,Random Forest,RandomKFold,4,106,Kenchiku Siryo,33.25,31.97988513227511
DesignSafe circular RC columns,Random Forest,RandomKFold,4,107,Arakawa,39.77,48.56950515873015
DesignSafe circular RC columns,Random Forest,RandomKFold,4,116,Kunnath,17.75,17.008770476190474
DesignSafe circular RC columns,Random Forest,RandomKFold,4,121,Kunnath,16.25,16.256659960317457
DesignSafe circular RC columns,Random Forest,RandomKFold,4,129,Lehman et al,64.07,69.18537781746028
DesignSafe circular RC columns,Random Forest,RandomKFold,4,130,Lehman et al,33.94,47.570196666666654
DesignSafe circular RC columns,Random Forest,RandomKFold,4,143,Saatcioglu et al.,19.16,18.7236967063492
DesignSafe circular RC columns,Random Forest,RandomKFold,4,149,Nelson et al.,65.95,65.53995572751322
DesignSafe circular RC columns,Random Forest,RandomKFold,4,151,Nelson et al.,59.64,64.7226823941799
DesignSafe circular RC columns,Random Forest,RandomKFold,4,157,Roeder,30.69,30.516345753968242
DesignSafe circular RC columns,Random Forest,RandomKFold,4,162,Roeder,44.59,40.27281976190475
DesignSafe circular RC columns,Random Forest,RandomKFold,4,166,Kowalsky_Moyer,35.32,37.83627335978836
DesignSafe circular RC columns,Random Forest,RandomKFold,4,169,Hamilton,16.96,23.886017169312144
DesignSafe circular RC columns,Random Forest,RandomKFold,4,171,Chai,48.5,63.697169391534395
DesignSafe circular RC columns,Random Forest,GroupKFold,0,0,Ang_Beng_Ghee,65.01,71.148381984127
DesignSafe circular RC columns,Random Forest,GroupKFold,0,1,Ang_Beng_Ghee,88.04,68.67200357142855
DesignSafe circular RC columns,Random Forest,GroupKFold,0,2,Ang_Beng_Ghee,63.09,68.93923794973543
DesignSafe circular RC columns,Random Forest,GroupKFold,0,3,Ang_Beng_Ghee,83.68,71.07954761904763
DesignSafe circular RC columns,Random Forest,GroupKFold,0,4,Ang_Beng_Ghee,113.49,73.30614280423282
DesignSafe circular RC columns,Random Forest,GroupKFold,0,5,Ang_Beng_Ghee,98.34,70.45619948412701
DesignSafe circular RC columns,Random Forest,GroupKFold,0,6,Ang_Beng_Ghee,109.4,84.60730146825392
DesignSafe circular RC columns,Random Forest,GroupKFold,0,7,Ang_Beng_Ghee,60.8,68.618319021164
DesignSafe circular RC columns,Random Forest,GroupKFold,0,8,Ang_Beng_Ghee,64.03,70.98400920634921
DesignSafe circular RC columns,Random Forest,GroupKFold,0,35,Ang_Beng_Ghee,72.25,72.88172804232802
DesignSafe circular RC columns,Random Forest,GroupKFold,0,36,Ang_Beng_Ghee,49.61,72.97527018518517
DesignSafe circular RC columns,Random Forest,GroupKFold,0,37,Ang_Beng_Ghee,62.09,65.44637478835976
DesignSafe circular RC columns,Random Forest,GroupKFold,0,38,Ang_Beng_Ghee,74.39,69.73420623015872
DesignSafe circular RC columns,Random Forest,GroupKFold,0,39,Ang_Beng_Ghee,104.54,84.39592580687825
DesignSafe circular RC columns,Random Forest,GroupKFold,0,40,Ang_Beng_Ghee,101.39,92.34129547619044
DesignSafe circular RC columns,Random Forest,GroupKFold,0,41,Ang_Beng_Ghee,91.52,83.04450128306875
DesignSafe circular RC columns,Random Forest,GroupKFold,0,42,Ang_Beng_Ghee,118.44,71.28697863756616
DesignSafe circular RC columns,Random Forest,GroupKFold,0,43,Ang_Beng_Ghee,98.99,73.9804712962963
DesignSafe circular RC columns,Random Forest,GroupKFold,0,44,Ang_Beng_Ghee,71.12,70.2692191666667
DesignSafe circular RC columns,Random Forest,GroupKFold,0,45,Ang_Beng_Ghee,51.78,53.97646626984129
DesignSafe circular RC columns,Random Forest,GroupKFold,0,46,Ang_Beng_Ghee,73.12,66.36872828042324
DesignSafe circular RC columns,Random Forest,GroupKFold,0,47,Ang_Beng_Ghee,74.75,76.05778865079363
DesignSafe circular RC columns,Random Forest,GroupKFold,0,48,Ang_Beng_Ghee,76.54,71.84544547619046
DesignSafe circular RC columns,Random Forest,GroupKFold,0,49,Wong,109.99,96.71195003968256
DesignSafe circular RC columns,Random Forest,GroupKFold,0,52,Kenchiku_Kenkyu_Siryo,41.32,31.494104113756613
DesignSafe circular RC columns,Random Forest,GroupKFold,0,53,Kenchiku_Kenkyu_Siryo,41.59,30.151742447089966
DesignSafe circular RC columns,Random Forest,GroupKFold,0,54,Kenchiku_Kenkyu_Siryo,23.52,24.167085634920646
DesignSafe circular RC columns,Random Forest,GroupKFold,0,76,Ng,8.23,14.555285952380954
DesignSafe circular RC columns,Random Forest,GroupKFold,0,77,Ng,17.56,22.33414498075996
DesignSafe circular RC columns,Random Forest,GroupKFold,0,87,Watson_Park,47.72,50.795868650793636
DesignSafe circular RC columns,Random Forest,GroupKFold,0,88,Watson_Park,46.41,55.81394013227513
DesignSafe circular RC columns,Random Forest,GroupKFold,0,137,Sritharan et al.,97.48,74.53875625180375
DesignSafe circular RC columns,Random Forest,GroupKFold,0,138,Sritharan et al.,96.79,77.68014942640693
DesignSafe circular RC columns,Random Forest,GroupKFold,0,139,Sritharan et al.,103.48,74.98575633116883
DesignSafe circular RC columns,Random Forest,GroupKFold,0,167,Coffman,23.9,46.45646912698413
DesignSafe circular RC columns,Random Forest,GroupKFold,1,9,Arakawa,39.65,35.75623416666668
DesignSafe circular RC columns,Random Forest,GroupKFold,1,10,Arakawa,45.82,36.66712289682542
DesignSafe circular RC columns,Random Forest,GroupKFold,1,11,Arakawa,44.01,34.09202210317461
DesignSafe circular RC columns,Random Forest,GroupKFold,1,12,Arakawa,50.65,34.91690043650795
DesignSafe circular RC columns,Random Forest,GroupKFold,1,13,Arakawa,48.53,35.305626309523824
DesignSafe circular RC columns,Random Forest,GroupKFold,1,14,Arakawa,51.26,35.150723293650806
DesignSafe circular RC columns,Random Forest,GroupKFold,1,15,Arakawa,43.15,51.03364355820105
DesignSafe circular RC columns,Random Forest,GroupKFold,1,16,Arakawa,53.6,51.06313615079365
DesignSafe circular RC columns,Random Forest,GroupKFold,1,17,Arakawa,62.74,53.416435039682554
DesignSafe circular RC columns,Random Forest,GroupKFold,1,18,Arakawa,55.43,34.60412765873017
DesignSafe circular RC columns,Random Forest,GroupKFold,1,19,Arakawa,41.92,31.983846626984135
DesignSafe circular RC columns,Random Forest,GroupKFold,1,20,Arakawa,38.47,31.840448849206357
DesignSafe circular RC columns,Random Forest,GroupKFold,1,21,Arakawa,52.61,52.34865152116402
DesignSafe circular RC columns,Random Forest,GroupKFold,1,22,Arakawa,45.24,48.77834297619048
DesignSafe circular RC columns,Random Forest,GroupKFold,1,23,Arakawa,39.58,49.448012976190476
DesignSafe circular RC columns,Random Forest,GroupKFold,1,24,Arakawa,51.88,49.60905116402115
DesignSafe circular RC columns,Random Forest,GroupKFold,1,25,McDaniel,91.15,73.64560253968249
DesignSafe circular RC columns,Random Forest,GroupKFold,1,26,McDaniel,74.7,73.56391087301583
DesignSafe circular RC columns,Random Forest,GroupKFold,1,27,McDaniel,74.7,73.69736253968249
DesignSafe circular RC columns,Random Forest,GroupKFold,1,55,Arakawa,57.15,33.75535519841273
DesignSafe circular RC columns,Random Forest,GroupKFold,1,56,Arakawa,40.38,33.86844321428574
DesignSafe circular RC columns,Random Forest,GroupKFold,1,57,Arakawa,47.7,74.65037087301585
DesignSafe circular RC columns,Random Forest,GroupKFold,1,72,Davey,44.01,61.89756056878307
DesignSafe circular RC columns,Random Forest,GroupKFold,1,73,Davey,77.04,61.98601575396825
DesignSafe circular RC columns,Random Forest,GroupKFold,1,74,Davey,34.57,61.81972167989419
DesignSafe circular RC columns,Random Forest,GroupKFold,1,75,Munro ,31.1,61.396146759259246
DesignSafe circular RC columns,Random Forest,GroupKFold,1,78,Ang,31.31,49.3679130904281
DesignSafe circular RC columns,Random Forest,GroupKFold,1,79,Ang,36.74,64.58579369889372
DesignSafe circular RC columns,Random Forest,GroupKFold,1,84,Ang et al.,88.3,85.96774637566133
DesignSafe circular RC columns,Random Forest,GroupKFold,1,85,Zahn et al.,32.0,44.7202597041847
DesignSafe circular RC columns,Random Forest,GroupKFold,1,86,Zahn et al.,39.37,59.21362789201538
DesignSafe circular RC columns,Random Forest,GroupKFold,1,107,Arakawa,39.77,34.37854742063495
DesignSafe circular RC columns,Random Forest,GroupKFold,1,108,Arakawa,47.71,32.37666583333335
DesignSafe circular RC columns,Random Forest,GroupKFold,1,109,Arakawa,34.67,28.46743096560847
DesignSafe circular RC columns,Random Forest,GroupKFold,1,110,Arakawa,39.15,44.575564417989405
DesignSafe circular RC columns,Random Forest,GroupKFold,2,34,Potangaroa,165.0,160.86392587301606
DesignSafe circular RC columns,Random Forest,GroupKFold,2,58,Priestley,94.05,86.44676486772484
DesignSafe circular RC columns,Random Forest,GroupKFold,2,59,Priestley,132.04,94.34581074074076
DesignSafe circular RC columns,Random Forest,GroupKFold,2,66,Chai,124.2,100.87552589947092
DesignSafe circular RC columns,Random Forest,GroupKFold,2,67,Iwasaki,91.37,75.68011966931222
DesignSafe circular RC columns,Random Forest,GroupKFold,2,80,Potangaroa,154.47,109.8115921428572
DesignSafe circular RC columns,Random Forest,GroupKFold,2,81,Potangaroa,175.54,135.20905781746038
DesignSafe circular RC columns,Random Forest,GroupKFold,2,82,Potangaroa,182.48,281.29925534391526
DesignSafe circular RC columns,Random Forest,GroupKFold,2,83,Potangaroa,210.65,317.08151701058193
DesignSafe circular RC columns,Random Forest,GroupKFold,2,104,Kenchiku Siryo,27.96,39.69995063492064
DesignSafe circular RC columns,Random Forest,GroupKFold,2,105,Kenchiku Siryo,23.08,30.533446825396787
DesignSafe circular RC columns,Random Forest,GroupKFold,2,106,Kenchiku Siryo,33.25,34.11920595238092
DesignSafe circular RC columns,Random Forest,GroupKFold,2,111,Kunnath,16.63,18.78941182539683
DesignSafe circular RC columns,Random Forest,GroupKFold,2,112,Kunnath,16.93,18.78941182539683
DesignSafe circular RC columns,Random Forest,GroupKFold,2,113,Kunnath,16.97,20.280151587301596
DesignSafe circular RC columns,Random Forest,GroupKFold,2,114,Kunnath,20.86,20.280151587301596
DesignSafe circular RC columns,Random Forest,GroupKFold,2,115,Kunnath,17.26,20.280151587301596
DesignSafe circular RC columns,Random Forest,GroupKFold,2,116,Kunnath,17.75,19.00371619047619
DesignSafe circular RC columns,Random Forest,GroupKFold,2,117,Kunnath,16.42,19.00371619047619
DesignSafe circular RC columns,Random Forest,GroupKFold,2,118,Kunnath,16.86,19.00371619047619
DesignSafe circular RC columns,Random Forest,GroupKFold,2,119,Kunnath,16.69,18.205785714285724
DesignSafe circular RC columns,Random Forest,GroupKFold,2,120,Kunnath,16.3,18.205785714285724
DesignSafe circular RC columns,Random Forest,GroupKFold,2,121,Kunnath,16.25,18.205785714285724
DesignSafe circular RC columns,Random Forest,GroupKFold,2,126,Kowalsky ,42.04,72.59507654761906
DesignSafe circular RC columns,Random Forest,GroupKFold,2,127,Kowalsky ,39.28,71.10770757936514
DesignSafe circular RC columns,Random Forest,GroupKFold,2,128,Kowalsky ,44.38,72.25546543650793
DesignSafe circular RC columns,Random Forest,GroupKFold,2,152,Henry,74.19,75.99492673280429
DesignSafe circular RC columns,Random Forest,GroupKFold,2,153,Henry,64.8,71.8375332539683
DesignSafe circular RC columns,Random Forest,GroupKFold,2,154,Chai,55.74,71.3376687698413
DesignSafe circular RC columns,Random Forest,GroupKFold,2,163,Kowalsky_Moyer,34.86,39.764026666666695
DesignSafe circular RC columns,Random Forest,GroupKFold,2,164,Kowalsky_Moyer,35.8,39.90395555555558
DesignSafe circular RC columns,Random Forest,GroupKFold,2,165,Kowalsky_Moyer,43.08,39.84192666666669
DesignSafe circular RC columns,Random Forest,GroupKFold,2,166,Kowalsky_Moyer,35.32,39.72666944444447
DesignSafe circular RC columns,Random Forest,GroupKFold,2,171,Chai,48.5,68.05776154761907
DesignSafe circular RC columns,Random Forest,GroupKFold,3,30,Yalcin,126.45,97.79799792328042
DesignSafe circular RC columns,Random Forest,GroupKFold,3,33,Yarandi,95.23,84.90148470899472
DesignSafe circular RC columns,Random Forest,GroupKFold,3,60,Vu,63.66,116.03461414021162
DesignSafe circular RC columns,Random Forest,GroupKFold,3,61,Vu,221.45,153.60572162698423
DesignSafe circular RC columns,Random Forest,GroupKFold,3,62,Vu,89.52,111.80138644179893
DesignSafe circular RC columns,Random Forest,GroupKFold,3,63,Hamilton,32.21,50.00702308922556
DesignSafe circular RC columns,Random Forest,GroupKFold,3,64,Hamilton,36.96,50.00702308922556
DesignSafe circular RC columns,Random Forest,GroupKFold,3,65,Hamilton,39.24,49.21540287758535
DesignSafe circular RC columns,Random Forest,GroupKFold,3,68,Ranf,48.31,65.02207455026455
DesignSafe circular RC columns,Random Forest,GroupKFold,3,69,Ranf,59.87,65.83590412698418
DesignSafe circular RC columns,Random Forest,GroupKFold,3,70,Ranf,62.06,65.50379658730161
DesignSafe circular RC columns,Random Forest,GroupKFold,3,71,Ranf,59.99,64.79623597883598
DesignSafe circular RC columns,Random Forest,GroupKFold,3,93,Lim,4.28,21.2026676984127
DesignSafe circular RC columns,Random Forest,GroupKFold,3,94,Lim,9.3,29.7588321957672
DesignSafe circular RC columns,Random Forest,GroupKFold,3,95,Lim,9.67,30.766219338624335
DesignSafe circular RC columns,Random Forest,GroupKFold,3,96,Cheok et al.,290.76,120.61363659932667
DesignSafe circular RC columns,Random Forest,GroupKFold,3,97,Cheok et al.,737.79,127.16199193121693
DesignSafe circular RC columns,Random Forest,GroupKFold,3,122,Hose et al.,81.75,60.68291421837419
DesignSafe circular RC columns,Random Forest,GroupKFold,3,129,Lehman et al,64.07,64.32218099206351
DesignSafe circular RC columns,Random Forest,GroupKFold,3,130,Lehman et al,33.94,56.454649707792235
DesignSafe circular RC columns,Random Forest,GroupKFold,3,131,Lehman et al,22.82,56.454649707792235
DesignSafe circular RC columns,Random Forest,GroupKFold,3,132,Lehman et al,40.46,63.98139932539685
DesignSafe circular RC columns,Random Forest,GroupKFold,3,133,Lehman et al,107.9,64.82923988095239
DesignSafe circular RC columns,Random Forest,GroupKFold,3,140,Saatcioglu et al.,15.97,39.025133121693116
DesignSafe circular RC columns,Random Forest,GroupKFold,3,141,Saatcioglu et al.,15.35,47.33101439153439
DesignSafe circular RC columns,Random Forest,GroupKFold,3,142,Saatcioglu et al.,18.38,48.26208780423281
DesignSafe circular RC columns,Random Forest,GroupKFold,3,143,Saatcioglu et al.,19.16,48.25026280423281
DesignSafe circular RC columns,Random Forest,GroupKFold,3,144,Saatcioglu et al.,17.63,45.89610931216931
DesignSafe circular RC columns,Random Forest,GroupKFold,3,145,Saatcioglu et al.,16.6,38.559105105820095
DesignSafe circular RC columns,Random Forest,GroupKFold,3,146,Saatcioglu et al.,18.28,48.26208780423281
DesignSafe circular RC columns,Random Forest,GroupKFold,3,147,Saatcioglu et al.,21.58,58.42635478835979
DesignSafe circular RC columns,Random Forest,GroupKFold,3,168,Hamilton,15.81,44.24494863756613
DesignSafe circular RC columns,Random Forest,GroupKFold,3,169,Hamilton,16.96,44.24494863756613
DesignSafe circular RC columns,Random Forest,GroupKFold,3,170,Hamilton,23.83,44.19489197089947
DesignSafe circular RC columns,Random Forest,GroupKFold,4,28,Hussein,102.1,94.89620190476191
DesignSafe circular RC columns,Random Forest,GroupKFold,4,29,Xiao,192.07,114.8617410317461
DesignSafe circular RC columns,Random Forest,GroupKFold,4,31,Omar,17.84,35.4893785846561
DesignSafe circular RC columns,Random Forest,GroupKFold,4,32,Omar,17.34,36.15713628306879
DesignSafe circular RC columns,Random Forest,GroupKFold,4,50,Petrovski,19.32,42.942690079365065
DesignSafe circular RC columns,Random Forest,GroupKFold,4,51,Petrovski,20.9,43.468137116402104
DesignSafe circular RC columns,Random Forest,GroupKFold,4,89,Wong et al.,103.69,103.22815187830693
DesignSafe circular RC columns,Random Forest,GroupKFold,4,90,Wong et al.,130.07,110.17158798941801
DesignSafe circular RC columns,Random Forest,GroupKFold,4,91,Petrovski,7.55,36.12333246031746
DesignSafe circular RC columns,Random Forest,GroupKFold,4,92,Petrovski,8.31,37.155128928571436
DesignSafe circular RC columns,Random Forest,GroupKFold,4,98,Stone,14.41,34.78009936507937
DesignSafe circular RC columns,Random Forest,GroupKFold,4,99,Stone,16.51,37.807104801587315
DesignSafe circular RC columns,Random Forest,GroupKFold,4,100,Stone,7.17,16.10849851851852
DesignSafe circular RC columns,Random Forest,GroupKFold,4,101,Stone,14.1,34.78009936507937
DesignSafe circular RC columns,Random Forest,GroupKFold,4,102,Stone,17.21,37.810799246031756
DesignSafe circular RC columns,Random Forest,GroupKFold,4,103,Stone,6.67,15.442806137566137
DesignSafe circular RC columns,Random Forest,GroupKFold,4,123,Vu et al.,139.38,91.87140535714283
DesignSafe circular RC columns,Random Forest,GroupKFold,4,124,Vu et al.,124.0,86.53742083333331
DesignSafe circular RC columns,Random Forest,GroupKFold,4,125,Vu et al.,249.3,158.8092877777778
DesignSafe circular RC columns,Random Forest,GroupKFold,4,134,Calderone et al.,124.76,87.32836317460313
DesignSafe circular RC columns,Random Forest,GroupKFold,4,135,Calderone et al.,45.63,49.891592460317476
DesignSafe circular RC columns,Random Forest,GroupKFold,4,136,Calderone et al.,42.8,49.891592460317476
DesignSafe circular RC columns,Random Forest,GroupKFold,4,148,Nelson et al.,69.32,61.6323717063492
DesignSafe circular RC columns,Random Forest,GroupKFold,4,149,Nelson et al.,65.95,61.683083928571406
DesignSafe circular RC columns,Random Forest,GroupKFold,4,150,Nelson et al.,61.89,61.30976337301586
DesignSafe circular RC columns,Random Forest,GroupKFold,4,151,Nelson et al.,59.64,61.26802615079365
DesignSafe circular RC columns,Random Forest,GroupKFold,4,155,Roeder,26.59,76.20416555555553
DesignSafe circular RC columns,Random Forest,GroupKFold,4,156,Roeder,27.21,76.20416555555553
DesignSafe circular RC columns,Random Forest,GroupKFold,4,157,Roeder,30.69,80.04935115079365
DesignSafe circular RC columns,Random Forest,GroupKFold,4,158,Roeder,38.28,87.43888277777775
DesignSafe circular RC columns,Random Forest,GroupKFold,4,159,Roeder,41.29,88.37994309523806
DesignSafe circular RC columns,Random Forest,GroupKFold,4,160,Roeder,40.83,88.37994309523806
DesignSafe circular RC columns,Random Forest,GroupKFold,4,161,Roeder,39.92,88.37994309523806
DesignSafe circular RC columns,Random Forest,GroupKFold,4,162,Roeder,44.59,88.37994309523806
DesignSafe circular RC columns,Random Forest,LeaveOneSourceOut,0,78,Ang,31.31,52.5264823148148
DesignSafe circular RC columns,Random Forest,LeaveOneSourceOut,0,79,Ang,36.74,63.5514777910053
DesignSafe circular RC columns,Random Forest,LeaveOneSourceOut,1,84,Ang et al.,88.3,84.54799712962956
DesignSafe circular RC columns,Random Forest,LeaveOneSourceOut,2,0,Ang_Beng_Ghee,65.01,75.44153866402112
DesignSafe circular RC columns,Random Forest,LeaveOneSourceOut,2,1,Ang_Beng_Ghee,88.04,74.91636400793647
DesignSafe circular RC columns,Random Forest,LeaveOneSourceOut,2,2,Ang_Beng_Ghee,63.09,74.41194064814812
DesignSafe circular RC columns,Random Forest,LeaveOneSourceOut,2,3,Ang_Beng_Ghee,83.68,77.88139630952377
DesignSafe circular RC columns,Random Forest,LeaveOneSourceOut,2,4,Ang_Beng_Ghee,113.49,80.11511567460312
DesignSafe circular RC columns,Random Forest,LeaveOneSourceOut,2,5,Ang_Beng_Ghee,98.34,78.83933869047613
DesignSafe circular RC columns,Random Forest,LeaveOneSourceOut,2,6,Ang_Beng_Ghee,109.4,94.40632480158727
DesignSafe circular RC columns,Random Forest,LeaveOneSourceOut,2,7,Ang_Beng_Ghee,60.8,74.69877850529102
DesignSafe circular RC columns,Random Forest,LeaveOneSourceOut,2,8,Ang_Beng_Ghee,64.03,76.00053255291
DesignSafe circular RC columns,Random Forest,LeaveOneSourceOut,2,35,Ang_Beng_Ghee,72.25,76.926776521164
DesignSafe circular RC columns,Random Forest,LeaveOneSourceOut,2,36,Ang_Beng_Ghee,49.61,77.58262041005288
DesignSafe circular RC columns,Random Forest,LeaveOneSourceOut,2,37,Ang_Beng_Ghee,62.09,72.65518981481478
DesignSafe circular RC columns,Random Forest,LeaveOneSourceOut,2,38,Ang_Beng_Ghee,74.39,74.82863802910052
DesignSafe circular RC columns,Random Forest,LeaveOneSourceOut,2,39,Ang_Beng_Ghee,104.54,87.23749154761906
DesignSafe circular RC columns,Random Forest,LeaveOneSourceOut,2,40,Ang_Beng_Ghee,101.39,127.56677380952385
DesignSafe circular RC columns,Random Forest,LeaveOneSourceOut,2,41,Ang_Beng_Ghee,91.52,88.24786567460319
DesignSafe circular RC columns,Random Forest,LeaveOneSourceOut,2,42,Ang_Beng_Ghee,118.44,76.42772297619044
DesignSafe circular RC columns,Random Forest,LeaveOneSourceOut,2,43,Ang_Beng_Ghee,98.99,80.30137281746026
DesignSafe circular RC columns,Random Forest,LeaveOneSourceOut,2,44,Ang_Beng_Ghee,71.12,62.690241362433845
DesignSafe circular RC columns,Random Forest,LeaveOneSourceOut,2,45,Ang_Beng_Ghee,51.78,52.712427566137556
DesignSafe circular RC columns,Random Forest,LeaveOneSourceOut,2,46,Ang_Beng_Ghee,73.12,74.61790619047613
DesignSafe circular RC columns,Random Forest,LeaveOneSourceOut,2,47,Ang_Beng_Ghee,74.75,116.43701378306878
DesignSafe circular RC columns,Random Forest,LeaveOneSourceOut,2,48,Ang_Beng_Ghee,76.54,75.9587988227513
DesignSafe circular RC columns,Random Forest,LeaveOneSourceOut,3,9,Arakawa,39.65,37.366099219576725
DesignSafe circular RC columns,Random Forest,LeaveOneSourceOut,3,10,Arakawa,45.82,38.55693444444445
DesignSafe circular RC columns,Random Forest,LeaveOneSourceOut,3,11,Arakawa,44.01,35.57885884920636
DesignSafe circular RC columns,Random Forest,LeaveOneSourceOut,3,12,Arakawa,50.65,36.20260666666667
DesignSafe circular RC columns,Random Forest,LeaveOneSourceOut,3,13,Arakawa,48.53,36.9494273015873
DesignSafe circular RC columns,Random Forest,LeaveOneSourceOut,3,14,Arakawa,51.26,37.05549666666666
DesignSafe circular RC columns,Random Forest,LeaveOneSourceOut,3,15,Arakawa,43.15,57.73211765873012
DesignSafe circular RC columns,Random Forest,LeaveOneSourceOut,3,16,Arakawa,53.6,56.63207424603171
DesignSafe circular RC columns,Random Forest,LeaveOneSourceOut,3,17,Arakawa,62.74,59.10737869047612
DesignSafe circular RC columns,Random Forest,LeaveOneSourceOut,3,18,Arakawa,55.43,35.725483730158736
DesignSafe circular RC columns,Random Forest,LeaveOneSourceOut,3,19,Arakawa,41.92,33.78520293650794
DesignSafe circular RC columns,Random Forest,LeaveOneSourceOut,3,20,Arakawa,38.47,34.2907211904762
DesignSafe circular RC columns,Random Forest,LeaveOneSourceOut,3,21,Arakawa,52.61,57.552683214285665
DesignSafe circular RC columns,Random Forest,LeaveOneSourceOut,3,22,Arakawa,45.24,55.20285337301586
DesignSafe circular RC columns,Random Forest,LeaveOneSourceOut,3,23,Arakawa,39.58,56.16170615079363
DesignSafe circular RC columns,Random Forest,LeaveOneSourceOut,3,24,Arakawa,51.88,55.88678615079363
DesignSafe circular RC columns,Random Forest,LeaveOneSourceOut,3,55,Arakawa,57.15,32.42920539682541
DesignSafe circular RC columns,Random Forest,LeaveOneSourceOut,3,56,Arakawa,40.38,36.090940343915335
DesignSafe circular RC columns,Random Forest,LeaveOneSourceOut,3,57,Arakawa,47.7,72.6214390343915
DesignSafe circular RC columns,Random Forest,LeaveOneSourceOut,3,107,Arakawa,39.77,38.03654817460316
DesignSafe circular RC columns,Random Forest,LeaveOneSourceOut,3,108,Arakawa,47.71,35.416860317460305
DesignSafe circular RC columns,Random Forest,LeaveOneSourceOut,3,109,Arakawa,34.67,31.423143544973538
DesignSafe circular RC columns,Random Forest,LeaveOneSourceOut,3,110,Arakawa,39.15,50.98932157407405
DesignSafe circular RC columns,Random Forest,LeaveOneSourceOut,4,134,Calderone et al.,124.76,84.84241605820105
DesignSafe circular RC columns,Random Forest,LeaveOneSourceOut,4,135,Calderone et al.,45.63,75.03471619047629
DesignSafe circular RC columns,Random Forest,LeaveOneSourceOut,4,136,Calderone et al.,42.8,75.03471619047629
DesignSafe circular RC columns,Random Forest,LeaveOneSourceOut,5,66,Chai,124.2,118.00692592592593
DesignSafe circular RC columns,Random Forest,LeaveOneSourceOut,5,154,Chai,55.74,73.75685000000004
DesignSafe circular RC columns,Random Forest,LeaveOneSourceOut,5,171,Chai,48.5,70.75658083333337
DesignSafe circular RC columns,Random Forest,LeaveOneSourceOut,6,96,Cheok et al.,290.76,148.23283668951424
DesignSafe circular RC columns,Random Forest,LeaveOneSourceOut,6,97,Cheok et al.,737.79,154.68370892496392
DesignSafe circular RC columns,Random Forest,LeaveOneSourceOut,7,167,Coffman,23.9,40.772862804232794
DesignSafe circular RC columns,Random Forest,LeaveOneSourceOut,8,72,Davey,44.01,49.65795444444444
DesignSafe circular RC columns,Random Forest,LeaveOneSourceOut,8,73,Davey,77.04,50.166101944444435
DesignSafe circular RC columns,Random Forest,LeaveOneSourceOut,8,74,Davey,34.57,49.612779325396815
DesignSafe circular RC columns,Random Forest,LeaveOneSourceOut,9,63,Hamilton,32.21,59.065628148148086
DesignSafe circular RC columns,Random Forest,LeaveOneSourceOut,9,64,Hamilton,36.96,59.065628148148086
DesignSafe circular RC columns,Random Forest,LeaveOneSourceOut,9,65,Hamilton,39.24,58.34073104497349
DesignSafe circular RC columns,Random Forest,LeaveOneSourceOut,9,168,Hamilton,15.81,44.73129279581531
DesignSafe circular RC columns,Random Forest,LeaveOneSourceOut,9,169,Hamilton,16.96,44.73129279581531
DesignSafe circular RC columns,Random Forest,LeaveOneSourceOut,9,170,Hamilton,23.83,44.67917946248197
DesignSafe circular RC columns,Random Forest,LeaveOneSourceOut,10,152,Henry,74.19,68.19557457671965
DesignSafe circular RC columns,Random Forest,LeaveOneSourceOut,10,153,Henry,64.8,67.46629257936516
DesignSafe circular RC columns,Random Forest,LeaveOneSourceOut,11,122,Hose et al.,81.75,63.671219682539665
DesignSafe circular RC columns,Random Forest,LeaveOneSourceOut,12,28,Hussein,102.1,142.72751272486772
DesignSafe circular RC columns,Random Forest,LeaveOneSourceOut,13,67,Iwasaki,91.37,76.39087547619049
DesignSafe circular RC columns,Random Forest,LeaveOneSourceOut,14,104,Kenchiku Siryo,27.96,42.50968593915345
DesignSafe circular RC columns,Random Forest,LeaveOneSourceOut,14,105,Kenchiku Siryo,23.08,30.885258955026433
DesignSafe circular RC columns,Random Forest,LeaveOneSourceOut,14,106,Kenchiku Siryo,33.25,35.62781183862429
DesignSafe circular RC columns,Random Forest,LeaveOneSourceOut,15,52,Kenchiku_Kenkyu_Siryo,41.32,39.51551497354496
DesignSafe circular RC columns,Random Forest,LeaveOneSourceOut,15,53,Kenchiku_Kenkyu_Siryo,41.59,35.95585227513226
DesignSafe circular RC columns,Random Forest,LeaveOneSourceOut,15,54,Kenchiku_Kenkyu_Siryo,23.52,24.811659140211642
DesignSafe circular RC columns,Random Forest,LeaveOneSourceOut,16,126,Kowalsky ,42.04,53.25398945767193
DesignSafe circular RC columns,Random Forest,LeaveOneSourceOut,16,127,Kowalsky ,39.28,53.12501591269838
DesignSafe circular RC columns,Random Forest,LeaveOneSourceOut,16,128,Kowalsky ,44.38,53.79676829365075
DesignSafe circular RC columns,Random Forest,LeaveOneSourceOut,17,163,Kowalsky_Moyer,34.86,36.75654488095239
DesignSafe circular RC columns,Random Forest,LeaveOneSourceOut,17,164,Kowalsky_Moyer,35.8,36.80202882275134
DesignSafe circular RC columns,Random Forest,LeaveOneSourceOut,17,165,Kowalsky_Moyer,43.08,36.82371361111112
DesignSafe circular RC columns,Random Forest,LeaveOneSourceOut,17,166,Kowalsky_Moyer,35.32,36.80113345238097
DesignSafe circular RC columns,Random Forest,LeaveOneSourceOut,18,111,Kunnath,16.63,22.876040833333334
DesignSafe circular RC columns,Random Forest,LeaveOneSourceOut,18,112,Kunnath,16.93,22.876040833333334
DesignSafe circular RC columns,Random Forest,LeaveOneSourceOut,18,113,Kunnath,16.97,23.798510515873016
DesignSafe circular RC columns,Random Forest,LeaveOneSourceOut,18,114,Kunnath,20.86,23.798510515873016
DesignSafe circular RC columns,Random Forest,LeaveOneSourceOut,18,115,Kunnath,17.26,23.798510515873016
DesignSafe circular RC columns,Random Forest,LeaveOneSourceOut,18,116,Kunnath,17.75,23.52361607142857
DesignSafe circular RC columns,Random Forest,LeaveOneSourceOut,18,117,Kunnath,16.42,23.52361607142857
DesignSafe circular RC columns,Random Forest,LeaveOneSourceOut,18,118,Kunnath,16.86,23.281888293650795
DesignSafe circular RC columns,Random Forest,LeaveOneSourceOut,18,119,Kunnath,16.69,22.25806488095237
DesignSafe circular RC columns,Random Forest,LeaveOneSourceOut,18,120,Kunnath,16.3,22.25806488095237
DesignSafe circular RC columns,Random Forest,LeaveOneSourceOut,18,121,Kunnath,16.25,22.25806488095237
DesignSafe circular RC columns,Random Forest,LeaveOneSourceOut,19,129,Lehman et al,64.07,67.60859825396824
DesignSafe circular RC columns,Random Forest,LeaveOneSourceOut,19,130,Lehman et al,33.94,69.15950785714288
DesignSafe circular RC columns,Random Forest,LeaveOneSourceOut,19,131,Lehman et al,22.82,69.15950785714288
DesignSafe circular RC columns,Random Forest,LeaveOneSourceOut,19,132,Lehman et al,40.46,67.65076452380953
DesignSafe circular RC columns,Random Forest,LeaveOneSourceOut,19,133,Lehman et al,107.9,65.2949901190476
DesignSafe circular RC columns,Random Forest,LeaveOneSourceOut,20,93,Lim,4.28,23.015624153439145
DesignSafe circular RC columns,Random Forest,LeaveOneSourceOut,20,94,Lim,9.3,26.74088722222221
DesignSafe circular RC columns,Random Forest,LeaveOneSourceOut,20,95,Lim,9.67,27.75935794973542
DesignSafe circular RC columns,Random Forest,LeaveOneSourceOut,21,25,McDaniel,91.15,78.93859876984126
DesignSafe circular RC columns,Random Forest,LeaveOneSourceOut,21,26,McDaniel,74.7,79.04714376984127
DesignSafe circular RC columns,Random Forest,LeaveOneSourceOut,21,27,McDaniel,74.7,79.29396924603174
DesignSafe circular RC columns,Random Forest,LeaveOneSourceOut,22,75,Munro ,31.1,54.591122923280444
DesignSafe circular RC columns,Random Forest,LeaveOneSourceOut,23,148,Nelson et al.,69.32,63.26459297619053
DesignSafe circular RC columns,Random Forest,LeaveOneSourceOut,23,149,Nelson et al.,65.95,63.174770476190524
DesignSafe circular RC columns,Random Forest,LeaveOneSourceOut,23,150,Nelson et al.,61.89,62.389111031746054
DesignSafe circular RC columns,Random Forest,LeaveOneSourceOut,23,151,Nelson et al.,59.64,62.234620793650826
DesignSafe circular RC columns,Random Forest,LeaveOneSourceOut,24,76,Ng,8.23,14.991497949735457
DesignSafe circular RC columns,Random Forest,LeaveOneSourceOut,24,77,Ng,17.56,20.265690079365054
DesignSafe circular RC columns,Random Forest,LeaveOneSourceOut,25,31,Omar,17.84,29.603894828042296
DesignSafe circular RC columns,Random Forest,LeaveOneSourceOut,25,32,Omar,17.34,29.64139705026452
DesignSafe circular RC columns,Random Forest,LeaveOneSourceOut,26,50,Petrovski,19.32,28.919417738095248
DesignSafe circular RC columns,Random Forest,LeaveOneSourceOut,26,51,Petrovski,20.9,31.126116746031713
DesignSafe circular RC columns,Random Forest,LeaveOneSourceOut,26,91,Petrovski,7.55,27.01317879629629
DesignSafe circular RC columns,Random Forest,LeaveOneSourceOut,26,92,Petrovski,8.31,30.439132367724838
DesignSafe circular RC columns,Random Forest,LeaveOneSourceOut,27,34,Potangaroa,165.0,151.5428257142858
DesignSafe circular RC columns,Random Forest,LeaveOneSourceOut,27,80,Potangaroa,154.47,119.31755583333332
DesignSafe circular RC columns,Random Forest,LeaveOneSourceOut,27,81,Potangaroa,175.54,132.85110974867726
DesignSafe circular RC columns,Random Forest,LeaveOneSourceOut,27,82,Potangaroa,182.48,282.22428761904763
DesignSafe circular RC columns,Random Forest,LeaveOneSourceOut,27,83,Potangaroa,210.65,298.8357153968253
DesignSafe circular RC columns,Random Forest,LeaveOneSourceOut,28,58,Priestley,94.05,82.24014578042328
DesignSafe circular RC columns,Random Forest,LeaveOneSourceOut,28,59,Priestley,132.04,84.85768785714286
DesignSafe circular RC columns,Random Forest,LeaveOneSourceOut,29,68,Ranf,48.31,63.90303575396824
DesignSafe circular RC columns,Random Forest,LeaveOneSourceOut,29,69,Ranf,59.87,64.24232784391529
DesignSafe circular RC columns,Random Forest,LeaveOneSourceOut,29,70,Ranf,62.06,64.09475173280418
DesignSafe circular RC columns,Random Forest,LeaveOneSourceOut,29,71,Ranf,59.99,63.36057562169309
DesignSafe circular RC columns,Random Forest,LeaveOneSourceOut,30,155,Roeder,26.59,82.00851022486772
DesignSafe circular RC columns,Random Forest,LeaveOneSourceOut,30,156,Roeder,27.21,82.00851022486772
DesignSafe circular RC columns,Random Forest,LeaveOneSourceOut,30,157,Roeder,30.69,82.98225966931217
DesignSafe circular RC columns,Random Forest,LeaveOneSourceOut,30,158,Roeder,38.28,85.78415526455025
DesignSafe circular RC columns,Random Forest,LeaveOneSourceOut,30,159,Roeder,41.29,84.97618304232799
DesignSafe circular RC columns,Random Forest,LeaveOneSourceOut,30,160,Roeder,40.83,84.97618304232799
DesignSafe circular RC columns,Random Forest,LeaveOneSourceOut,30,161,Roeder,39.92,84.97618304232799
DesignSafe circular RC columns,Random Forest,LeaveOneSourceOut,30,162,Roeder,44.59,84.97618304232799
DesignSafe circular RC columns,Random Forest,LeaveOneSourceOut,31,140,Saatcioglu et al.,15.97,38.21695072751324
DesignSafe circular RC columns,Random Forest,LeaveOneSourceOut,31,141,Saatcioglu et al.,15.35,48.349830727513265
DesignSafe circular RC columns,Random Forest,LeaveOneSourceOut,31,142,Saatcioglu et al.,18.38,44.124172156084676
DesignSafe circular RC columns,Random Forest,LeaveOneSourceOut,31,143,Saatcioglu et al.,19.16,44.10260271164022
DesignSafe circular RC columns,Random Forest,LeaveOneSourceOut,31,144,Saatcioglu et al.,17.63,43.47851691798944
DesignSafe circular RC columns,Random Forest,LeaveOneSourceOut,31,145,Saatcioglu et al.,16.6,38.08011235449738
DesignSafe circular RC columns,Random Forest,LeaveOneSourceOut,31,146,Saatcioglu et al.,18.28,44.124172156084676
DesignSafe circular RC columns,Random Forest,LeaveOneSourceOut,31,147,Saatcioglu et al.,21.58,54.30532826719579
DesignSafe circular RC columns,Random Forest,LeaveOneSourceOut,32,137,Sritharan et al.,97.48,63.297537261904786
DesignSafe circular RC columns,Random Forest,LeaveOneSourceOut,32,138,Sritharan et al.,96.79,66.50881440476194
DesignSafe circular RC columns,Random Forest,LeaveOneSourceOut,32,139,Sritharan et al.,103.48,63.655466468254026
DesignSafe circular RC columns,Random Forest,LeaveOneSourceOut,33,98,Stone,14.41,27.960744669312152
DesignSafe circular RC columns,Random Forest,LeaveOneSourceOut,33,99,Stone,16.51,29.65330689153439
DesignSafe circular RC columns,Random Forest,LeaveOneSourceOut,33,100,Stone,7.17,13.472989074074075
DesignSafe circular RC columns,Random Forest,LeaveOneSourceOut,33,101,Stone,14.1,27.960744669312152
DesignSafe circular RC columns,Random Forest,LeaveOneSourceOut,33,102,Stone,17.21,29.65330689153439
DesignSafe circular RC columns,Random Forest,LeaveOneSourceOut,33,103,Stone,6.67,13.20736518518519
DesignSafe circular RC columns,Random Forest,LeaveOneSourceOut,34,60,Vu,63.66,122.87806997835503
DesignSafe circular RC columns,Random Forest,LeaveOneSourceOut,34,61,Vu,221.45,198.28089132756125
DesignSafe circular RC columns,Random Forest,LeaveOneSourceOut,34,62,Vu,89.52,119.99079821428575
DesignSafe circular RC columns,Random Forest,LeaveOneSourceOut,35,123,Vu et al.,139.38,102.58845484126968
DesignSafe circular RC columns,Random Forest,LeaveOneSourceOut,35,124,Vu et al.,124.0,94.43809170634908
DesignSafe circular RC columns,Random Forest,LeaveOneSourceOut,35,125,Vu et al.,249.3,176.9489975396826
DesignSafe circular RC columns,Random Forest,LeaveOneSourceOut,36,87,Watson_Park,47.72,55.69388626984123
DesignSafe circular RC columns,Random Forest,LeaveOneSourceOut,36,88,Watson_Park,46.41,63.30674579365082
DesignSafe circular RC columns,Random Forest,LeaveOneSourceOut,37,49,Wong,109.99,121.24259986772486
DesignSafe circular RC columns,Random Forest,LeaveOneSourceOut,38,89,Wong et al.,103.69,114.58863928571442
DesignSafe circular RC columns,Random Forest,LeaveOneSourceOut,38,90,Wong et al.,130.07,117.41273269841278
DesignSafe circular RC columns,Random Forest,LeaveOneSourceOut,39,29,Xiao,192.07,110.3869664021164
DesignSafe circular RC columns,Random Forest,LeaveOneSourceOut,40,30,Yalcin,126.45,114.25804124338627
DesignSafe circular RC columns,Random Forest,LeaveOneSourceOut,41,33,Yarandi,95.23,107.67927486772486
DesignSafe circular RC columns,Random Forest,LeaveOneSourceOut,42,85,Zahn et al.,32.0,42.74773539682539
DesignSafe circular RC columns,Random Forest,LeaveOneSourceOut,42,86,Zahn et al.,39.37,50.07726809523809
DesignSafe circular RC columns,Gradient Boosting,RandomKFold,0,9,Arakawa,39.65,44.06114121081189
DesignSafe circular RC columns,Gradient Boosting,RandomKFold,0,12,Arakawa,50.65,45.11449402142535
DesignSafe circular RC columns,Gradient Boosting,RandomKFold,0,15,Arakawa,43.15,53.99741256857282
DesignSafe circular RC columns,Gradient Boosting,RandomKFold,0,16,Arakawa,53.6,54.903883211068255
DesignSafe circular RC columns,Gradient Boosting,RandomKFold,0,18,Arakawa,55.43,43.05139632560076
DesignSafe circular RC columns,Gradient Boosting,RandomKFold,0,19,Arakawa,41.92,37.49244075838226
DesignSafe circular RC columns,Gradient Boosting,RandomKFold,0,24,Arakawa,51.88,48.56045497751188
DesignSafe circular RC columns,Gradient Boosting,RandomKFold,0,29,Xiao,192.07,123.7207051704537
DesignSafe circular RC columns,Gradient Boosting,RandomKFold,0,30,Yalcin,126.45,103.4275781713086
DesignSafe circular RC columns,Gradient Boosting,RandomKFold,0,31,Omar,17.84,20.38231879996021
DesignSafe circular RC columns,Gradient Boosting,RandomKFold,0,38,Ang_Beng_Ghee,74.39,71.2614802000733
DesignSafe circular RC columns,Gradient Boosting,RandomKFold,0,41,Ang_Beng_Ghee,91.52,99.33841796213576
DesignSafe circular RC columns,Gradient Boosting,RandomKFold,0,55,Arakawa,57.15,43.47278548256531
DesignSafe circular RC columns,Gradient Boosting,RandomKFold,0,60,Vu,63.66,95.5745384300297
DesignSafe circular RC columns,Gradient Boosting,RandomKFold,0,75,Munro ,31.1,41.05274689604674
DesignSafe circular RC columns,Gradient Boosting,RandomKFold,0,76,Ng,8.23,11.67685973659641
DesignSafe circular RC columns,Gradient Boosting,RandomKFold,0,78,Ang,31.31,45.20086249909005
DesignSafe circular RC columns,Gradient Boosting,RandomKFold,0,85,Zahn et al.,32.0,41.387918633894415
DesignSafe circular RC columns,Gradient Boosting,RandomKFold,0,90,Wong et al.,130.07,106.11914149257694
DesignSafe circular RC columns,Gradient Boosting,RandomKFold,0,104,Kenchiku Siryo,27.96,39.390295915012054
DesignSafe circular RC columns,Gradient Boosting,RandomKFold,0,109,Arakawa,34.67,33.502753615189725
DesignSafe circular RC columns,Gradient Boosting,RandomKFold,0,113,Kunnath,16.97,16.839452210471695
DesignSafe circular RC columns,Gradient Boosting,RandomKFold,0,114,Kunnath,20.86,16.839452210471695
DesignSafe circular RC columns,Gradient Boosting,RandomKFold,0,123,Vu et al.,139.38,98.01264476473976
DesignSafe circular RC columns,Gradient Boosting,RandomKFold,0,124,Vu et al.,124.0,96.64422949456163
DesignSafe circular RC columns,Gradient Boosting,RandomKFold,0,136,Calderone et al.,42.8,38.86108724644397
DesignSafe circular RC columns,Gradient Boosting,RandomKFold,0,138,Sritharan et al.,96.79,96.94708748494008
DesignSafe circular RC columns,Gradient Boosting,RandomKFold,0,140,Saatcioglu et al.,15.97,16.034774323193815
DesignSafe circular RC columns,Gradient Boosting,RandomKFold,0,142,Saatcioglu et al.,18.38,18.898961477927255
DesignSafe circular RC columns,Gradient Boosting,RandomKFold,0,145,Saatcioglu et al.,16.6,16.034774323193815
DesignSafe circular RC columns,Gradient Boosting,RandomKFold,0,146,Saatcioglu et al.,18.28,18.898961477927255
DesignSafe circular RC columns,Gradient Boosting,RandomKFold,0,152,Henry,74.19,64.70559417582392
DesignSafe circular RC columns,Gradient Boosting,RandomKFold,0,156,Roeder,27.21,30.56256857504125
DesignSafe circular RC columns,Gradient Boosting,RandomKFold,0,165,Kowalsky_Moyer,43.08,34.847419821520695
DesignSafe circular RC columns,Gradient Boosting,RandomKFold,0,168,Hamilton,15.81,21.51641744336982
DesignSafe circular RC columns,Gradient Boosting,RandomKFold,1,2,Ang_Beng_Ghee,63.09,71.08110992425064
DesignSafe circular RC columns,Gradient Boosting,RandomKFold,1,4,Ang_Beng_Ghee,113.49,89.75021568202237
DesignSafe circular RC columns,Gradient Boosting,RandomKFold,1,6,Ang_Beng_Ghee,109.4,109.18681044455957
DesignSafe circular RC columns,Gradient Boosting,RandomKFold,1,11,Arakawa,44.01,41.118351511619395
DesignSafe circular RC columns,Gradient Boosting,RandomKFold,1,22,Arakawa,45.24,53.05428029260428
DesignSafe circular RC columns,Gradient Boosting,RandomKFold,1,26,McDaniel,74.7,93.1386577522552
DesignSafe circular RC columns,Gradient Boosting,RandomKFold,1,27,McDaniel,74.7,93.10710978326625
DesignSafe circular RC columns,Gradient Boosting,RandomKFold,1,32,Omar,17.34,18.084076191048002
DesignSafe circular RC columns,Gradient Boosting,RandomKFold,1,36,Ang_Beng_Ghee,49.61,80.25525370688274
DesignSafe circular RC columns,Gradient Boosting,RandomKFold,1,42,Ang_Beng_Ghee,118.44,98.40088572462506
DesignSafe circular RC columns,Gradient Boosting,RandomKFold,1,45,Ang_Beng_Ghee,51.78,60.77990630905872
DesignSafe circular RC columns,Gradient Boosting,RandomKFold,1,51,Petrovski,20.9,20.254388622992973
DesignSafe circular RC columns,Gradient Boosting,RandomKFold,1,56,Arakawa,40.38,41.67799476348002
DesignSafe circular RC columns,Gradient Boosting,RandomKFold,1,65,Hamilton,39.24,28.684883273907147
DesignSafe circular RC columns,Gradient Boosting,RandomKFold,1,66,Chai,124.2,119.22056062777534
DesignSafe circular RC columns,Gradient Boosting,RandomKFold,1,67,Iwasaki,91.37,126.35057231713233
DesignSafe circular RC columns,Gradient Boosting,RandomKFold,1,68,Ranf,48.31,62.0234340980783
DesignSafe circular RC columns,Gradient Boosting,RandomKFold,1,69,Ranf,59.87,61.59555415655292
DesignSafe circular RC columns,Gradient Boosting,RandomKFold,1,82,Potangaroa,182.48,203.77868641878132
DesignSafe circular RC columns,Gradient Boosting,RandomKFold,1,95,Lim,9.67,13.598658956722145
DesignSafe circular RC columns,Gradient Boosting,RandomKFold,1,96,Cheok et al.,290.76,517.4103084188105
DesignSafe circular RC columns,Gradient Boosting,RandomKFold,1,98,Stone,14.41,18.673689278724204
DesignSafe circular RC columns,Gradient Boosting,RandomKFold,1,100,Stone,7.17,8.616110832511614
DesignSafe circular RC columns,Gradient Boosting,RandomKFold,1,101,Stone,14.1,18.673689278724204
DesignSafe circular RC columns,Gradient Boosting,RandomKFold,1,115,Kunnath,17.26,18.86540902447021
DesignSafe circular RC columns,Gradient Boosting,RandomKFold,1,117,Kunnath,16.42,16.861623768756754
DesignSafe circular RC columns,Gradient Boosting,RandomKFold,1,118,Kunnath,16.86,16.861623768756754
DesignSafe circular RC columns,Gradient Boosting,RandomKFold,1,125,Vu et al.,249.3,238.7243722326369
DesignSafe circular RC columns,Gradient Boosting,RandomKFold,1,132,Lehman et al,40.46,64.0576676633404
DesignSafe circular RC columns,Gradient Boosting,RandomKFold,1,135,Calderone et al.,45.63,53.976773093141475
DesignSafe circular RC columns,Gradient Boosting,RandomKFold,1,141,Saatcioglu et al.,15.35,17.67939297491214
DesignSafe circular RC columns,Gradient Boosting,RandomKFold,1,148,Nelson et al.,69.32,61.10780768283307
DesignSafe circular RC columns,Gradient Boosting,RandomKFold,1,153,Henry,64.8,66.31141131370526
DesignSafe circular RC columns,Gradient Boosting,RandomKFold,1,160,Roeder,40.83,43.56794306890383
DesignSafe circular RC columns,Gradient Boosting,RandomKFold,1,163,Kowalsky_Moyer,34.86,37.21637588066876
DesignSafe circular RC columns,Gradient Boosting,RandomKFold,2,0,Ang_Beng_Ghee,65.01,68.73452040615656
DesignSafe circular RC columns,Gradient Boosting,RandomKFold,2,10,Arakawa,45.82,44.539607287356425
DesignSafe circular RC columns,Gradient Boosting,RandomKFold,2,23,Arakawa,39.58,48.12028649410709
DesignSafe circular RC columns,Gradient Boosting,RandomKFold,2,25,McDaniel,91.15,75.04485591197057
DesignSafe circular RC columns,Gradient Boosting,RandomKFold,2,28,Hussein,102.1,85.54338720629707
DesignSafe circular RC columns,Gradient Boosting,RandomKFold,2,33,Yarandi,95.23,85.78312407859985
DesignSafe circular RC columns,Gradient Boosting,RandomKFold,2,39,Ang_Beng_Ghee,104.54,94.75356888798521
DesignSafe circular RC columns,Gradient Boosting,RandomKFold,2,40,Ang_Beng_Ghee,101.39,98.93092857519954
DesignSafe circular RC columns,Gradient Boosting,RandomKFold,2,44,Ang_Beng_Ghee,71.12,64.03802111232281
DesignSafe circular RC columns,Gradient Boosting,RandomKFold,2,47,Ang_Beng_Ghee,74.75,65.24142587250635
DesignSafe circular RC columns,Gradient Boosting,RandomKFold,2,61,Vu,221.45,193.43926455107763
DesignSafe circular RC columns,Gradient Boosting,RandomKFold,2,62,Vu,89.52,85.85543247917154
DesignSafe circular RC columns,Gradient Boosting,RandomKFold,2,64,Hamilton,36.96,33.98036013303273
DesignSafe circular RC columns,Gradient Boosting,RandomKFold,2,73,Davey,77.04,42.864990467984114
DesignSafe circular RC columns,Gradient Boosting,RandomKFold,2,79,Ang,36.74,87.47293180094783
DesignSafe circular RC columns,Gradient Boosting,RandomKFold,2,81,Potangaroa,175.54,156.88768884851316
DesignSafe circular RC columns,Gradient Boosting,RandomKFold,2,84,Ang et al.,88.3,68.13848084096865
DesignSafe circular RC columns,Gradient Boosting,RandomKFold,2,86,Zahn et al.,39.37,73.92596589248656
DesignSafe circular RC columns,Gradient Boosting,RandomKFold,2,93,Lim,4.28,5.984334274849217
DesignSafe circular RC columns,Gradient Boosting,RandomKFold,2,94,Lim,9.3,12.459962032754358
DesignSafe circular RC columns,Gradient Boosting,RandomKFold,2,97,Cheok et al.,737.79,291.7162914870151
DesignSafe circular RC columns,Gradient Boosting,RandomKFold,2,112,Kunnath,16.93,16.494534294812254
DesignSafe circular RC columns,Gradient Boosting,RandomKFold,2,119,Kunnath,16.69,15.555519486907135
DesignSafe circular RC columns,Gradient Boosting,RandomKFold,2,120,Kunnath,16.3,15.555519486907135
DesignSafe circular RC columns,Gradient Boosting,RandomKFold,2,122,Hose et al.,81.75,104.56059907407607
DesignSafe circular RC columns,Gradient Boosting,RandomKFold,2,127,Kowalsky ,39.28,44.65651518155089
DesignSafe circular RC columns,Gradient Boosting,RandomKFold,2,128,Kowalsky ,44.38,41.61696405035309
DesignSafe circular RC columns,Gradient Boosting,RandomKFold,2,137,Sritharan et al.,97.48,90.9191071520294
DesignSafe circular RC columns,Gradient Boosting,RandomKFold,2,139,Sritharan et al.,103.48,90.74484360473166
DesignSafe circular RC columns,Gradient Boosting,RandomKFold,2,144,Saatcioglu et al.,17.63,13.610949570453569
DesignSafe circular RC columns,Gradient Boosting,RandomKFold,2,158,Roeder,38.28,41.71513224766064
DesignSafe circular RC columns,Gradient Boosting,RandomKFold,2,161,Roeder,39.92,44.39869310615575
DesignSafe circular RC columns,Gradient Boosting,RandomKFold,2,164,Kowalsky_Moyer,35.8,36.20325016030639
DesignSafe circular RC columns,Gradient Boosting,RandomKFold,2,167,Coffman,23.9,30.278501630707833
DesignSafe circular RC columns,Gradient Boosting,RandomKFold,3,3,Ang_Beng_Ghee,83.68,97.87267170833877
DesignSafe circular RC columns,Gradient Boosting,RandomKFold,3,5,Ang_Beng_Ghee,98.34,108.57030701809484
DesignSafe circular RC columns,Gradient Boosting,RandomKFold,3,7,Ang_Beng_Ghee,60.8,73.80316311246531
DesignSafe circular RC columns,Gradient Boosting,RandomKFold,3,8,Ang_Beng_Ghee,64.03,68.91005339577616
DesignSafe circular RC columns,Gradient Boosting,RandomKFold,3,13,Arakawa,48.53,50.43858172802619
DesignSafe circular RC columns,Gradient Boosting,RandomKFold,3,17,Arakawa,62.74,59.09215969905281
DesignSafe circular RC columns,Gradient Boosting,RandomKFold,3,34,Potangaroa,165.0,168.73428260820694
DesignSafe circular RC columns,Gradient Boosting,RandomKFold,3,35,Ang_Beng_Ghee,72.25,69.24784446484485
DesignSafe circular RC columns,Gradient Boosting,RandomKFold,3,43,Ang_Beng_Ghee,98.99,102.46113384014112
DesignSafe circular RC columns,Gradient Boosting,RandomKFold,3,46,Ang_Beng_Ghee,73.12,92.21711201204124
DesignSafe circular RC columns,Gradient Boosting,RandomKFold,3,49,Wong,109.99,115.73129301447314
DesignSafe circular RC columns,Gradient Boosting,RandomKFold,3,53,Kenchiku_Kenkyu_Siryo,41.59,36.79451615235002
DesignSafe circular RC columns,Gradient Boosting,RandomKFold,3,59,Priestley,132.04,118.76314675412081
DesignSafe circular RC columns,Gradient Boosting,RandomKFold,3,70,Ranf,62.06,59.83384695675249
DesignSafe circular RC columns,Gradient Boosting,RandomKFold,3,72,Davey,44.01,62.80808004222542
DesignSafe circular RC columns,Gradient Boosting,RandomKFold,3,77,Ng,17.56,13.702446863056128
DesignSafe circular RC columns,Gradient Boosting,RandomKFold,3,80,Potangaroa,154.47,134.27033019518555
DesignSafe circular RC columns,Gradient Boosting,RandomKFold,3,83,Potangaroa,210.65,276.75076875284026
DesignSafe circular RC columns,Gradient Boosting,RandomKFold,3,89,Wong et al.,103.69,110.54138995824115
DesignSafe circular RC columns,Gradient Boosting,RandomKFold,3,91,Petrovski,7.55,6.9553462092318785
DesignSafe circular RC columns,Gradient Boosting,RandomKFold,3,105,Kenchiku Siryo,23.08,31.622007305094137
DesignSafe circular RC columns,Gradient Boosting,RandomKFold,3,108,Arakawa,47.71,39.348528571065415
DesignSafe circular RC columns,Gradient Boosting,RandomKFold,3,110,Arakawa,39.15,46.51135119631345
DesignSafe circular RC columns,Gradient Boosting,RandomKFold,3,111,Kunnath,16.63,16.334711770075316
DesignSafe circular RC columns,Gradient Boosting,RandomKFold,3,126,Kowalsky ,42.04,45.09802504248053
DesignSafe circular RC columns,Gradient Boosting,RandomKFold,3,131,Lehman et al,22.82,36.93270954114971
DesignSafe circular RC columns,Gradient Boosting,RandomKFold,3,133,Lehman et al,107.9,59.15471881011321
DesignSafe circular RC columns,Gradient Boosting,RandomKFold,3,134,Calderone et al.,124.76,76.29376402810658
DesignSafe circular RC columns,Gradient Boosting,RandomKFold,3,147,Saatcioglu et al.,21.58,17.941279280247837
DesignSafe circular RC columns,Gradient Boosting,RandomKFold,3,150,Nelson et al.,61.89,61.49731654264223
DesignSafe circular RC columns,Gradient Boosting,RandomKFold,3,154,Chai,55.74,49.02911731305672
DesignSafe circular RC columns,Gradient Boosting,RandomKFold,3,155,Roeder,26.59,29.597343285178656
DesignSafe circular RC columns,Gradient Boosting,RandomKFold,3,159,Roeder,41.29,42.554222435484384
DesignSafe circular RC columns,Gradient Boosting,RandomKFold,3,170,Hamilton,23.83,18.71713354746833
DesignSafe circular RC columns,Gradient Boosting,RandomKFold,4,1,Ang_Beng_Ghee,88.04,68.59340741056903
DesignSafe circular RC columns,Gradient Boosting,RandomKFold,4,14,Arakawa,51.26,58.53692143838842
DesignSafe circular RC columns,Gradient Boosting,RandomKFold,4,20,Arakawa,38.47,33.09289859160753
DesignSafe circular RC columns,Gradient Boosting,RandomKFold,4,21,Arakawa,52.61,58.6740452518296
DesignSafe circular RC columns,Gradient Boosting,RandomKFold,4,37,Ang_Beng_Ghee,62.09,50.90106346865764
DesignSafe circular RC columns,Gradient Boosting,RandomKFold,4,48,Ang_Beng_Ghee,76.54,70.9235649732934
DesignSafe circular RC columns,Gradient Boosting,RandomKFold,4,50,Petrovski,19.32,14.509888189031702
DesignSafe circular RC columns,Gradient Boosting,RandomKFold,4,52,Kenchiku_Kenkyu_Siryo,41.32,36.22504124660891
DesignSafe circular RC columns,Gradient Boosting,RandomKFold,4,54,Kenchiku_Kenkyu_Siryo,23.52,24.124490000017452
DesignSafe circular RC columns,Gradient Boosting,RandomKFold,4,57,Arakawa,47.7,65.68479196082829
DesignSafe circular RC columns,Gradient Boosting,RandomKFold,4,58,Priestley,94.05,120.25506120518938
DesignSafe circular RC columns,Gradient Boosting,RandomKFold,4,63,Hamilton,32.21,39.15054846167348
DesignSafe circular RC columns,Gradient Boosting,RandomKFold,4,71,Ranf,59.99,60.495409591209174
DesignSafe circular RC columns,Gradient Boosting,RandomKFold,4,74,Davey,34.57,54.018674572401316
DesignSafe circular RC columns,Gradient Boosting,RandomKFold,4,87,Watson_Park,47.72,41.415850190305704
DesignSafe circular RC columns,Gradient Boosting,RandomKFold,4,88,Watson_Park,46.41,65.87959887685736
DesignSafe circular RC columns,Gradient Boosting,RandomKFold,4,92,Petrovski,8.31,10.120609765761637
DesignSafe circular RC columns,Gradient Boosting,RandomKFold,4,99,Stone,16.51,24.009988119138654
DesignSafe circular RC columns,Gradient Boosting,RandomKFold,4,102,Stone,17.21,24.983335325368337
DesignSafe circular RC columns,Gradient Boosting,RandomKFold,4,103,Stone,6.67,5.237528313121649
DesignSafe circular RC columns,Gradient Boosting,RandomKFold,4,106,Kenchiku Siryo,33.25,30.99397547333573
DesignSafe circular RC columns,Gradient Boosting,RandomKFold,4,107,Arakawa,39.77,41.53239164005712
DesignSafe circular RC columns,Gradient Boosting,RandomKFold,4,116,Kunnath,17.75,17.077795431377528
DesignSafe circular RC columns,Gradient Boosting,RandomKFold,4,121,Kunnath,16.25,15.981078050437985
DesignSafe circular RC columns,Gradient Boosting,RandomKFold,4,129,Lehman et al,64.07,63.682008169358774
DesignSafe circular RC columns,Gradient Boosting,RandomKFold,4,130,Lehman et al,33.94,31.171881832589992
DesignSafe circular RC columns,Gradient Boosting,RandomKFold,4,143,Saatcioglu et al.,19.16,18.409141904988992
DesignSafe circular RC columns,Gradient Boosting,RandomKFold,4,149,Nelson et al.,65.95,62.07296263629571
DesignSafe circular RC columns,Gradient Boosting,RandomKFold,4,151,Nelson et al.,59.64,61.39232181917623
DesignSafe circular RC columns,Gradient Boosting,RandomKFold,4,157,Roeder,30.69,24.71031380507989
DesignSafe circular RC columns,Gradient Boosting,RandomKFold,4,162,Roeder,44.59,42.04319560988205
DesignSafe circular RC columns,Gradient Boosting,RandomKFold,4,166,Kowalsky_Moyer,35.32,38.27421680514002
DesignSafe circular RC columns,Gradient Boosting,RandomKFold,4,169,Hamilton,16.96,20.8109813870261
DesignSafe circular RC columns,Gradient Boosting,RandomKFold,4,171,Chai,48.5,61.05234984636459
DesignSafe circular RC columns,Gradient Boosting,GroupKFold,0,0,Ang_Beng_Ghee,65.01,54.9809319345325
DesignSafe circular RC columns,Gradient Boosting,GroupKFold,0,1,Ang_Beng_Ghee,88.04,56.835983132113086
DesignSafe circular RC columns,Gradient Boosting,GroupKFold,0,2,Ang_Beng_Ghee,63.09,57.3559446674308
DesignSafe circular RC columns,Gradient Boosting,GroupKFold,0,3,Ang_Beng_Ghee,83.68,56.48107842806115
DesignSafe circular RC columns,Gradient Boosting,GroupKFold,0,4,Ang_Beng_Ghee,113.49,61.48882512675973
DesignSafe circular RC columns,Gradient Boosting,GroupKFold,0,5,Ang_Beng_Ghee,98.34,63.68254055064797
DesignSafe circular RC columns,Gradient Boosting,GroupKFold,0,6,Ang_Beng_Ghee,109.4,109.01540603706803
DesignSafe circular RC columns,Gradient Boosting,GroupKFold,0,7,Ang_Beng_Ghee,60.8,54.29909108891264
DesignSafe circular RC columns,Gradient Boosting,GroupKFold,0,8,Ang_Beng_Ghee,64.03,56.06840563124687
DesignSafe circular RC columns,Gradient Boosting,GroupKFold,0,35,Ang_Beng_Ghee,72.25,57.41746967813273
DesignSafe circular RC columns,Gradient Boosting,GroupKFold,0,36,Ang_Beng_Ghee,49.61,59.17897364087527
DesignSafe circular RC columns,Gradient Boosting,GroupKFold,0,37,Ang_Beng_Ghee,62.09,55.38847191300846
DesignSafe circular RC columns,Gradient Boosting,GroupKFold,0,38,Ang_Beng_Ghee,74.39,55.98325601531095
DesignSafe circular RC columns,Gradient Boosting,GroupKFold,0,39,Ang_Beng_Ghee,104.54,84.88920984444594
DesignSafe circular RC columns,Gradient Boosting,GroupKFold,0,40,Ang_Beng_Ghee,101.39,105.6588920639515
DesignSafe circular RC columns,Gradient Boosting,GroupKFold,0,41,Ang_Beng_Ghee,91.52,106.185937441635
DesignSafe circular RC columns,Gradient Boosting,GroupKFold,0,42,Ang_Beng_Ghee,118.44,62.063610813051724
DesignSafe circular RC columns,Gradient Boosting,GroupKFold,0,43,Ang_Beng_Ghee,98.99,60.50504806509997
DesignSafe circular RC columns,Gradient Boosting,GroupKFold,0,44,Ang_Beng_Ghee,71.12,49.342657889335854
DesignSafe circular RC columns,Gradient Boosting,GroupKFold,0,45,Ang_Beng_Ghee,51.78,46.2803828995814
DesignSafe circular RC columns,Gradient Boosting,GroupKFold,0,46,Ang_Beng_Ghee,73.12,55.20225651904326
DesignSafe circular RC columns,Gradient Boosting,GroupKFold,0,47,Ang_Beng_Ghee,74.75,54.9809319345325
DesignSafe circular RC columns,Gradient Boosting,GroupKFold,0,48,Ang_Beng_Ghee,76.54,54.618206705482194
DesignSafe circular RC columns,Gradient Boosting,GroupKFold,0,49,Wong,109.99,123.40189375538218
DesignSafe circular RC columns,Gradient Boosting,GroupKFold,0,52,Kenchiku_Kenkyu_Siryo,41.32,34.83411966140253
DesignSafe circular RC columns,Gradient Boosting,GroupKFold,0,53,Kenchiku_Kenkyu_Siryo,41.59,34.78372131749519
DesignSafe circular RC columns,Gradient Boosting,GroupKFold,0,54,Kenchiku_Kenkyu_Siryo,23.52,23.867372176853944
DesignSafe circular RC columns,Gradient Boosting,GroupKFold,0,76,Ng,8.23,-1.3219421832396308
DesignSafe circular RC columns,Gradient Boosting,GroupKFold,0,77,Ng,17.56,8.130281267057182
DesignSafe circular RC columns,Gradient Boosting,GroupKFold,0,87,Watson_Park,47.72,41.4133370008109
DesignSafe circular RC columns,Gradient Boosting,GroupKFold,0,88,Watson_Park,46.41,69.2428495902161
DesignSafe circular RC columns,Gradient Boosting,GroupKFold,0,137,Sritharan et al.,97.48,70.33382966362713
DesignSafe circular RC columns,Gradient Boosting,GroupKFold,0,138,Sritharan et al.,96.79,72.56040911519739
DesignSafe circular RC columns,Gradient Boosting,GroupKFold,0,139,Sritharan et al.,103.48,69.66457519223222
DesignSafe circular RC columns,Gradient Boosting,GroupKFold,0,167,Coffman,23.9,32.316579516603
DesignSafe circular RC columns,Gradient Boosting,GroupKFold,1,9,Arakawa,39.65,45.14563946561482
DesignSafe circular RC columns,Gradient Boosting,GroupKFold,1,10,Arakawa,45.82,52.210493286305976
DesignSafe circular RC columns,Gradient Boosting,GroupKFold,1,11,Arakawa,44.01,41.12486898557816
DesignSafe circular RC columns,Gradient Boosting,GroupKFold,1,12,Arakawa,50.65,48.410955218137275
DesignSafe circular RC columns,Gradient Boosting,GroupKFold,1,13,Arakawa,48.53,48.73677790411142
DesignSafe circular RC columns,Gradient Boosting,GroupKFold,1,14,Arakawa,51.26,59.15654186265928
DesignSafe circular RC columns,Gradient Boosting,GroupKFold,1,15,Arakawa,43.15,64.16831239343043
DesignSafe circular RC columns,Gradient Boosting,GroupKFold,1,16,Arakawa,53.6,71.45439862598955
DesignSafe circular RC columns,Gradient Boosting,GroupKFold,1,17,Arakawa,62.74,71.78022131196369
DesignSafe circular RC columns,Gradient Boosting,GroupKFold,1,18,Arakawa,55.43,43.98600938492038
DesignSafe circular RC columns,Gradient Boosting,GroupKFold,1,19,Arakawa,41.92,35.95205848377304
DesignSafe circular RC columns,Gradient Boosting,GroupKFold,1,20,Arakawa,38.47,35.95205848377304
DesignSafe circular RC columns,Gradient Boosting,GroupKFold,1,21,Arakawa,52.61,67.02945279277269
DesignSafe circular RC columns,Gradient Boosting,GroupKFold,1,22,Arakawa,45.24,59.31238754398969
DesignSafe circular RC columns,Gradient Boosting,GroupKFold,1,23,Arakawa,39.58,59.31238754398969
DesignSafe circular RC columns,Gradient Boosting,GroupKFold,1,24,Arakawa,51.88,59.21611797239847
DesignSafe circular RC columns,Gradient Boosting,GroupKFold,1,25,McDaniel,91.15,74.53511433704323
DesignSafe circular RC columns,Gradient Boosting,GroupKFold,1,26,McDaniel,74.7,74.53511433704323
DesignSafe circular RC columns,Gradient Boosting,GroupKFold,1,27,McDaniel,74.7,74.68678448405781
DesignSafe circular RC columns,Gradient Boosting,GroupKFold,1,55,Arakawa,57.15,48.400751513439076
DesignSafe circular RC columns,Gradient Boosting,GroupKFold,1,56,Arakawa,40.38,41.59070341248877
DesignSafe circular RC columns,Gradient Boosting,GroupKFold,1,57,Arakawa,47.7,64.45375132820595
DesignSafe circular RC columns,Gradient Boosting,GroupKFold,1,72,Davey,44.01,55.693201905257524
DesignSafe circular RC columns,Gradient Boosting,GroupKFold,1,73,Davey,77.04,55.693201905257524
DesignSafe circular RC columns,Gradient Boosting,GroupKFold,1,74,Davey,34.57,55.57433231939394
DesignSafe circular RC columns,Gradient Boosting,GroupKFold,1,75,Munro ,31.1,44.97225359986755
DesignSafe circular RC columns,Gradient Boosting,GroupKFold,1,78,Ang,31.31,56.89625449525402
DesignSafe circular RC columns,Gradient Boosting,GroupKFold,1,79,Ang,36.74,76.70291517683941
DesignSafe circular RC columns,Gradient Boosting,GroupKFold,1,84,Ang et al.,88.3,87.62244111240828
DesignSafe circular RC columns,Gradient Boosting,GroupKFold,1,85,Zahn et al.,32.0,54.17735275979948
DesignSafe circular RC columns,Gradient Boosting,GroupKFold,1,86,Zahn et al.,39.37,82.2121346372174
DesignSafe circular RC columns,Gradient Boosting,GroupKFold,1,107,Arakawa,39.77,43.22146114398241
DesignSafe circular RC columns,Gradient Boosting,GroupKFold,1,108,Arakawa,47.71,40.958570359001655
DesignSafe circular RC columns,Gradient Boosting,GroupKFold,1,109,Arakawa,34.67,32.7339663509839
DesignSafe circular RC columns,Gradient Boosting,GroupKFold,1,110,Arakawa,39.15,56.094295411200555
DesignSafe circular RC columns,Gradient Boosting,GroupKFold,2,34,Potangaroa,165.0,107.47429734356629
DesignSafe circular RC columns,Gradient Boosting,GroupKFold,2,58,Priestley,94.05,153.0593867697251
DesignSafe circular RC columns,Gradient Boosting,GroupKFold,2,59,Priestley,132.04,165.0090957426854
DesignSafe circular RC columns,Gradient Boosting,GroupKFold,2,66,Chai,124.2,160.00873334274627
DesignSafe circular RC columns,Gradient Boosting,GroupKFold,2,67,Iwasaki,91.37,91.6843762514446
DesignSafe circular RC columns,Gradient Boosting,GroupKFold,2,80,Potangaroa,154.47,100.24202745520851
DesignSafe circular RC columns,Gradient Boosting,GroupKFold,2,81,Potangaroa,175.54,109.23589768528653
DesignSafe circular RC columns,Gradient Boosting,GroupKFold,2,82,Potangaroa,182.48,247.55167040515428
DesignSafe circular RC columns,Gradient Boosting,GroupKFold,2,83,Potangaroa,210.65,247.55167040515428
DesignSafe circular RC columns,Gradient Boosting,GroupKFold,2,104,Kenchiku Siryo,27.96,40.32965707640327
DesignSafe circular RC columns,Gradient Boosting,GroupKFold,2,105,Kenchiku Siryo,23.08,31.90288660801155
DesignSafe circular RC columns,Gradient Boosting,GroupKFold,2,106,Kenchiku Siryo,33.25,38.947672807128455
DesignSafe circular RC columns,Gradient Boosting,GroupKFold,2,111,Kunnath,16.63,8.92206804063056
DesignSafe circular RC columns,Gradient Boosting,GroupKFold,2,112,Kunnath,16.93,8.92206804063056
DesignSafe circular RC columns,Gradient Boosting,GroupKFold,2,113,Kunnath,16.97,11.599672730480005
DesignSafe circular RC columns,Gradient Boosting,GroupKFold,2,114,Kunnath,20.86,11.599672730480005
DesignSafe circular RC columns,Gradient Boosting,GroupKFold,2,115,Kunnath,17.26,11.599672730480005
DesignSafe circular RC columns,Gradient Boosting,GroupKFold,2,116,Kunnath,17.75,8.92206804063056
DesignSafe circular RC columns,Gradient Boosting,GroupKFold,2,117,Kunnath,16.42,8.92206804063056
DesignSafe circular RC columns,Gradient Boosting,GroupKFold,2,118,Kunnath,16.86,8.92206804063056
DesignSafe circular RC columns,Gradient Boosting,GroupKFold,2,119,Kunnath,16.69,5.353811114342667
DesignSafe circular RC columns,Gradient Boosting,GroupKFold,2,120,Kunnath,16.3,5.353811114342667
DesignSafe circular RC columns,Gradient Boosting,GroupKFold,2,121,Kunnath,16.25,5.353811114342667
DesignSafe circular RC columns,Gradient Boosting,GroupKFold,2,126,Kowalsky ,42.04,57.902241178592504
DesignSafe circular RC columns,Gradient Boosting,GroupKFold,2,127,Kowalsky ,39.28,57.23358822979876
DesignSafe circular RC columns,Gradient Boosting,GroupKFold,2,128,Kowalsky ,44.38,59.6609286371866
DesignSafe circular RC columns,Gradient Boosting,GroupKFold,2,152,Henry,74.19,73.81313832465956
DesignSafe circular RC columns,Gradient Boosting,GroupKFold,2,153,Henry,64.8,65.56149783937663
DesignSafe circular RC columns,Gradient Boosting,GroupKFold,2,154,Chai,55.74,66.0434660842036
DesignSafe circular RC columns,Gradient Boosting,GroupKFold,2,163,Kowalsky_Moyer,34.86,31.11691238222919
DesignSafe circular RC columns,Gradient Boosting,GroupKFold,2,164,Kowalsky_Moyer,35.8,31.731305153354807
DesignSafe circular RC columns,Gradient Boosting,GroupKFold,2,165,Kowalsky_Moyer,43.08,31.11691238222919
DesignSafe circular RC columns,Gradient Boosting,GroupKFold,2,166,Kowalsky_Moyer,35.32,29.584657317327096
DesignSafe circular RC columns,Gradient Boosting,GroupKFold,2,171,Chai,48.5,68.82737976618067
DesignSafe circular RC columns,Gradient Boosting,GroupKFold,3,30,Yalcin,126.45,94.81745551084869
DesignSafe circular RC columns,Gradient Boosting,GroupKFold,3,33,Yarandi,95.23,89.01196774671912
DesignSafe circular RC columns,Gradient Boosting,GroupKFold,3,60,Vu,63.66,118.96743266399623
DesignSafe circular RC columns,Gradient Boosting,GroupKFold,3,61,Vu,221.45,209.84279717390055
DesignSafe circular RC columns,Gradient Boosting,GroupKFold,3,62,Vu,89.52,119.7106002283538
DesignSafe circular RC columns,Gradient Boosting,GroupKFold,3,63,Hamilton,32.21,52.4508530386176
DesignSafe circular RC columns,Gradient Boosting,GroupKFold,3,64,Hamilton,36.96,52.4508530386176
DesignSafe circular RC columns,Gradient Boosting,GroupKFold,3,65,Hamilton,39.24,45.273237730111475
DesignSafe circular RC columns,Gradient Boosting,GroupKFold,3,68,Ranf,48.31,61.91368996036257
DesignSafe circular RC columns,Gradient Boosting,GroupKFold,3,69,Ranf,59.87,63.30846170328637
DesignSafe circular RC columns,Gradient Boosting,GroupKFold,3,70,Ranf,62.06,63.30846170328637
DesignSafe circular RC columns,Gradient Boosting,GroupKFold,3,71,Ranf,59.99,63.30846170328637
DesignSafe circular RC columns,Gradient Boosting,GroupKFold,3,93,Lim,4.28,53.7483700767186
DesignSafe circular RC columns,Gradient Boosting,GroupKFold,3,94,Lim,9.3,75.61047122538967
DesignSafe circular RC columns,Gradient Boosting,GroupKFold,3,95,Lim,9.67,75.79839986180211
DesignSafe circular RC columns,Gradient Boosting,GroupKFold,3,96,Cheok et al.,290.76,82.61992204045636
DesignSafe circular RC columns,Gradient Boosting,GroupKFold,3,97,Cheok et al.,737.79,112.96068910664319
DesignSafe circular RC columns,Gradient Boosting,GroupKFold,3,122,Hose et al.,81.75,67.78784172582498
DesignSafe circular RC columns,Gradient Boosting,GroupKFold,3,129,Lehman et al,64.07,59.716215632206485
DesignSafe circular RC columns,Gradient Boosting,GroupKFold,3,130,Lehman et al,33.94,45.913348856280436
DesignSafe circular RC columns,Gradient Boosting,GroupKFold,3,131,Lehman et al,22.82,44.49425456509586
DesignSafe circular RC columns,Gradient Boosting,GroupKFold,3,132,Lehman et al,40.46,58.59599643547938
DesignSafe circular RC columns,Gradient Boosting,GroupKFold,3,133,Lehman et al,107.9,63.47896456885537
DesignSafe circular RC columns,Gradient Boosting,GroupKFold,3,140,Saatcioglu et al.,15.97,35.61906079480549
DesignSafe circular RC columns,Gradient Boosting,GroupKFold,3,141,Saatcioglu et al.,15.35,45.84552385717409
DesignSafe circular RC columns,Gradient Boosting,GroupKFold,3,142,Saatcioglu et al.,18.38,41.55522263865832
DesignSafe circular RC columns,Gradient Boosting,GroupKFold,3,143,Saatcioglu et al.,19.16,40.9522064063255
DesignSafe circular RC columns,Gradient Boosting,GroupKFold,3,144,Saatcioglu et al.,17.63,38.60294286050975
DesignSafe circular RC columns,Gradient Boosting,GroupKFold,3,145,Saatcioglu et al.,16.6,35.61906079480549
DesignSafe circular RC columns,Gradient Boosting,GroupKFold,3,146,Saatcioglu et al.,18.28,41.55522263865832
DesignSafe circular RC columns,Gradient Boosting,GroupKFold,3,147,Saatcioglu et al.,21.58,51.78168570102692
DesignSafe circular RC columns,Gradient Boosting,GroupKFold,3,168,Hamilton,15.81,29.70442557583034
DesignSafe circular RC columns,Gradient Boosting,GroupKFold,3,169,Hamilton,16.96,29.70442557583034
DesignSafe circular RC columns,Gradient Boosting,GroupKFold,3,170,Hamilton,23.83,29.70442557583034
DesignSafe circular RC columns,Gradient Boosting,GroupKFold,4,28,Hussein,102.1,95.06577928639572
DesignSafe circular RC columns,Gradient Boosting,GroupKFold,4,29,Xiao,192.07,114.42180673036798
DesignSafe circular RC columns,Gradient Boosting,GroupKFold,4,31,Omar,17.84,35.10852161025318
DesignSafe circular RC columns,Gradient Boosting,GroupKFold,4,32,Omar,17.34,29.36842675215444
DesignSafe circular RC columns,Gradient Boosting,GroupKFold,4,50,Petrovski,19.32,21.341380364967954
DesignSafe circular RC columns,Gradient Boosting,GroupKFold,4,51,Petrovski,20.9,27.106839438725643
DesignSafe circular RC columns,Gradient Boosting,GroupKFold,4,89,Wong et al.,103.69,99.71615125043807
DesignSafe circular RC columns,Gradient Boosting,GroupKFold,4,90,Wong et al.,130.07,105.06730960476318
DesignSafe circular RC columns,Gradient Boosting,GroupKFold,4,91,Petrovski,7.55,11.508489742037801
DesignSafe circular RC columns,Gradient Boosting,GroupKFold,4,92,Petrovski,8.31,17.499341157008377
DesignSafe circular RC columns,Gradient Boosting,GroupKFold,4,98,Stone,14.41,57.50681762528022
DesignSafe circular RC columns,Gradient Boosting,GroupKFold,4,99,Stone,16.51,45.54481583078248
DesignSafe circular RC columns,Gradient Boosting,GroupKFold,4,100,Stone,7.17,34.32464808232765
DesignSafe circular RC columns,Gradient Boosting,GroupKFold,4,101,Stone,14.1,57.50681762528022
DesignSafe circular RC columns,Gradient Boosting,GroupKFold,4,102,Stone,17.21,46.12722281389658
DesignSafe circular RC columns,Gradient Boosting,GroupKFold,4,103,Stone,6.67,34.994875947863555
DesignSafe circular RC columns,Gradient Boosting,GroupKFold,4,123,Vu et al.,139.38,81.57340201886124
DesignSafe circular RC columns,Gradient Boosting,GroupKFold,4,124,Vu et al.,124.0,80.1123407182853
DesignSafe circular RC columns,Gradient Boosting,GroupKFold,4,125,Vu et al.,249.3,196.19849604973857
DesignSafe circular RC columns,Gradient Boosting,GroupKFold,4,134,Calderone et al.,124.76,111.61402926320378
DesignSafe circular RC columns,Gradient Boosting,GroupKFold,4,135,Calderone et al.,45.63,63.62863618294795
DesignSafe circular RC columns,Gradient Boosting,GroupKFold,4,136,Calderone et al.,42.8,57.05759301009103
DesignSafe circular RC columns,Gradient Boosting,GroupKFold,4,148,Nelson et al.,69.32,64.49865482873638
DesignSafe circular RC columns,Gradient Boosting,GroupKFold,4,149,Nelson et al.,65.95,64.49865482873638
DesignSafe circular RC columns,Gradient Boosting,GroupKFold,4,150,Nelson et al.,61.89,64.49865482873638
DesignSafe circular RC columns,Gradient Boosting,GroupKFold,4,151,Nelson et al.,59.64,64.49865482873638
DesignSafe circular RC columns,Gradient Boosting,GroupKFold,4,155,Roeder,26.59,59.03535103638273
DesignSafe circular RC columns,Gradient Boosting,GroupKFold,4,156,Roeder,27.21,59.03535103638273
DesignSafe circular RC columns,Gradient Boosting,GroupKFold,4,157,Roeder,30.69,59.03535103638273
DesignSafe circular RC columns,Gradient Boosting,GroupKFold,4,158,Roeder,38.28,77.99300039452301
DesignSafe circular RC columns,Gradient Boosting,GroupKFold,4,159,Roeder,41.29,86.47867338508625
DesignSafe circular RC columns,Gradient Boosting,GroupKFold,4,160,Roeder,40.83,86.47867338508625
DesignSafe circular RC columns,Gradient Boosting,GroupKFold,4,161,Roeder,39.92,86.47867338508625
DesignSafe circular RC columns,Gradient Boosting,GroupKFold,4,162,Roeder,44.59,86.47867338508625
DesignSafe circular RC columns,Gradient Boosting,LeaveOneSourceOut,0,78,Ang,31.31,50.47678025900752
DesignSafe circular RC columns,Gradient Boosting,LeaveOneSourceOut,0,79,Ang,36.74,50.051436497436114
DesignSafe circular RC columns,Gradient Boosting,LeaveOneSourceOut,1,84,Ang et al.,88.3,76.46056596852345
DesignSafe circular RC columns,Gradient Boosting,LeaveOneSourceOut,2,0,Ang_Beng_Ghee,65.01,61.413297145748615
DesignSafe circular RC columns,Gradient Boosting,LeaveOneSourceOut,2,1,Ang_Beng_Ghee,88.04,65.86041058879233
DesignSafe circular RC columns,Gradient Boosting,LeaveOneSourceOut,2,2,Ang_Beng_Ghee,63.09,64.4488121487423
DesignSafe circular RC columns,Gradient Boosting,LeaveOneSourceOut,2,3,Ang_Beng_Ghee,83.68,73.68541361210923
DesignSafe circular RC columns,Gradient Boosting,LeaveOneSourceOut,2,4,Ang_Beng_Ghee,113.49,75.59292926631869
DesignSafe circular RC columns,Gradient Boosting,LeaveOneSourceOut,2,5,Ang_Beng_Ghee,98.34,76.37623674598066
DesignSafe circular RC columns,Gradient Boosting,LeaveOneSourceOut,2,6,Ang_Beng_Ghee,109.4,101.72852090473278
DesignSafe circular RC columns,Gradient Boosting,LeaveOneSourceOut,2,7,Ang_Beng_Ghee,60.8,63.35399431115686
DesignSafe circular RC columns,Gradient Boosting,LeaveOneSourceOut,2,8,Ang_Beng_Ghee,64.03,62.40853401247834
DesignSafe circular RC columns,Gradient Boosting,LeaveOneSourceOut,2,35,Ang_Beng_Ghee,72.25,64.9717293276648
DesignSafe circular RC columns,Gradient Boosting,LeaveOneSourceOut,2,36,Ang_Beng_Ghee,49.61,65.73165358193943
DesignSafe circular RC columns,Gradient Boosting,LeaveOneSourceOut,2,37,Ang_Beng_Ghee,62.09,62.498024728529316
DesignSafe circular RC columns,Gradient Boosting,LeaveOneSourceOut,2,38,Ang_Beng_Ghee,74.39,63.94458977583682
DesignSafe circular RC columns,Gradient Boosting,LeaveOneSourceOut,2,39,Ang_Beng_Ghee,104.54,81.17298700725496
DesignSafe circular RC columns,Gradient Boosting,LeaveOneSourceOut,2,40,Ang_Beng_Ghee,101.39,94.54427505472327
DesignSafe circular RC columns,Gradient Boosting,LeaveOneSourceOut,2,41,Ang_Beng_Ghee,91.52,95.05698281086065
DesignSafe circular RC columns,Gradient Boosting,LeaveOneSourceOut,2,42,Ang_Beng_Ghee,118.44,75.0500290667416
DesignSafe circular RC columns,Gradient Boosting,LeaveOneSourceOut,2,43,Ang_Beng_Ghee,98.99,75.30314862861714
DesignSafe circular RC columns,Gradient Boosting,LeaveOneSourceOut,2,44,Ang_Beng_Ghee,71.12,80.44372742889473
DesignSafe circular RC columns,Gradient Boosting,LeaveOneSourceOut,2,45,Ang_Beng_Ghee,51.78,60.137871892169535
DesignSafe circular RC columns,Gradient Boosting,LeaveOneSourceOut,2,46,Ang_Beng_Ghee,73.12,70.3026242860607
DesignSafe circular RC columns,Gradient Boosting,LeaveOneSourceOut,2,47,Ang_Beng_Ghee,74.75,58.6229528521261
DesignSafe circular RC columns,Gradient Boosting,LeaveOneSourceOut,2,48,Ang_Beng_Ghee,76.54,64.50128023722156
DesignSafe circular RC columns,Gradient Boosting,LeaveOneSourceOut,3,9,Arakawa,39.65,50.13529449590783
DesignSafe circular RC columns,Gradient Boosting,LeaveOneSourceOut,3,10,Arakawa,45.82,55.22201554212557
DesignSafe circular RC columns,Gradient Boosting,LeaveOneSourceOut,3,11,Arakawa,44.01,44.41170045394442
DesignSafe circular RC columns,Gradient Boosting,LeaveOneSourceOut,3,12,Arakawa,50.65,49.85078982957788
DesignSafe circular RC columns,Gradient Boosting,LeaveOneSourceOut,3,13,Arakawa,48.53,48.922298982102035
DesignSafe circular RC columns,Gradient Boosting,LeaveOneSourceOut,3,14,Arakawa,51.26,60.50549494527498
DesignSafe circular RC columns,Gradient Boosting,LeaveOneSourceOut,3,15,Arakawa,43.15,62.449815889414765
DesignSafe circular RC columns,Gradient Boosting,LeaveOneSourceOut,3,16,Arakawa,53.6,70.61762367212279
DesignSafe circular RC columns,Gradient Boosting,LeaveOneSourceOut,3,17,Arakawa,62.74,69.68913282464696
DesignSafe circular RC columns,Gradient Boosting,LeaveOneSourceOut,3,18,Arakawa,55.43,45.573875923149686
DesignSafe circular RC columns,Gradient Boosting,LeaveOneSourceOut,3,19,Arakawa,41.92,33.699026494875774
DesignSafe circular RC columns,Gradient Boosting,LeaveOneSourceOut,3,20,Arakawa,38.47,32.84898975038241
DesignSafe circular RC columns,Gradient Boosting,LeaveOneSourceOut,3,21,Arakawa,52.61,66.34070976569458
DesignSafe circular RC columns,Gradient Boosting,LeaveOneSourceOut,3,22,Arakawa,45.24,54.191594484448565
DesignSafe circular RC columns,Gradient Boosting,LeaveOneSourceOut,3,23,Arakawa,39.58,53.729307679288986
DesignSafe circular RC columns,Gradient Boosting,LeaveOneSourceOut,3,24,Arakawa,51.88,50.31808488181989
DesignSafe circular RC columns,Gradient Boosting,LeaveOneSourceOut,3,55,Arakawa,57.15,49.08919099596561
DesignSafe circular RC columns,Gradient Boosting,LeaveOneSourceOut,3,56,Arakawa,40.38,35.54085349764027
DesignSafe circular RC columns,Gradient Boosting,LeaveOneSourceOut,3,57,Arakawa,47.7,66.1351249482597
DesignSafe circular RC columns,Gradient Boosting,LeaveOneSourceOut,3,107,Arakawa,39.77,35.70529052632314
DesignSafe circular RC columns,Gradient Boosting,LeaveOneSourceOut,3,108,Arakawa,47.71,37.419661558304526
DesignSafe circular RC columns,Gradient Boosting,LeaveOneSourceOut,3,109,Arakawa,34.67,31.946188095594824
DesignSafe circular RC columns,Gradient Boosting,LeaveOneSourceOut,3,110,Arakawa,39.15,52.93774179226055
DesignSafe circular RC columns,Gradient Boosting,LeaveOneSourceOut,4,134,Calderone et al.,124.76,91.0617217833209
DesignSafe circular RC columns,Gradient Boosting,LeaveOneSourceOut,4,135,Calderone et al.,45.63,55.63047643740514
DesignSafe circular RC columns,Gradient Boosting,LeaveOneSourceOut,4,136,Calderone et al.,42.8,45.182956342980404
DesignSafe circular RC columns,Gradient Boosting,LeaveOneSourceOut,5,66,Chai,124.2,148.8679885220641
DesignSafe circular RC columns,Gradient Boosting,LeaveOneSourceOut,5,154,Chai,55.74,60.58615887607931
DesignSafe circular RC columns,Gradient Boosting,LeaveOneSourceOut,5,171,Chai,48.5,66.04027937638317
DesignSafe circular RC columns,Gradient Boosting,LeaveOneSourceOut,6,96,Cheok et al.,290.76,145.6643153671277
DesignSafe circular RC columns,Gradient Boosting,LeaveOneSourceOut,6,97,Cheok et al.,737.79,162.71857780206247
DesignSafe circular RC columns,Gradient Boosting,LeaveOneSourceOut,7,167,Coffman,23.9,25.822208374408014
DesignSafe circular RC columns,Gradient Boosting,LeaveOneSourceOut,8,72,Davey,44.01,51.99199379246792
DesignSafe circular RC columns,Gradient Boosting,LeaveOneSourceOut,8,73,Davey,77.04,51.99199379246792
DesignSafe circular RC columns,Gradient Boosting,LeaveOneSourceOut,8,74,Davey,34.57,51.99199379246792
DesignSafe circular RC columns,Gradient Boosting,LeaveOneSourceOut,9,63,Hamilton,32.21,48.4032694174247
DesignSafe circular RC columns,Gradient Boosting,LeaveOneSourceOut,9,64,Hamilton,36.96,48.4032694174247
DesignSafe circular RC columns,Gradient Boosting,LeaveOneSourceOut,9,65,Hamilton,39.24,42.72395851004876
DesignSafe circular RC columns,Gradient Boosting,LeaveOneSourceOut,9,168,Hamilton,15.81,29.85704154848817
DesignSafe circular RC columns,Gradient Boosting,LeaveOneSourceOut,9,169,Hamilton,16.96,29.85704154848817
DesignSafe circular RC columns,Gradient Boosting,LeaveOneSourceOut,9,170,Hamilton,23.83,32.74511143032524
DesignSafe circular RC columns,Gradient Boosting,LeaveOneSourceOut,10,152,Henry,74.19,64.1424700254204
DesignSafe circular RC columns,Gradient Boosting,LeaveOneSourceOut,10,153,Henry,64.8,56.883971334333076
DesignSafe circular RC columns,Gradient Boosting,LeaveOneSourceOut,11,122,Hose et al.,81.75,101.88070278907854
DesignSafe circular RC columns,Gradient Boosting,LeaveOneSourceOut,12,28,Hussein,102.1,111.85623320456769
DesignSafe circular RC columns,Gradient Boosting,LeaveOneSourceOut,13,67,Iwasaki,91.37,118.09513225735192
DesignSafe circular RC columns,Gradient Boosting,LeaveOneSourceOut,14,104,Kenchiku Siryo,27.96,41.73409307014168
DesignSafe circular RC columns,Gradient Boosting,LeaveOneSourceOut,14,105,Kenchiku Siryo,23.08,32.9961264022946
DesignSafe circular RC columns,Gradient Boosting,LeaveOneSourceOut,14,106,Kenchiku Siryo,33.25,33.559115520444905
DesignSafe circular RC columns,Gradient Boosting,LeaveOneSourceOut,15,52,Kenchiku_Kenkyu_Siryo,41.32,30.15863930292184
DesignSafe circular RC columns,Gradient Boosting,LeaveOneSourceOut,15,53,Kenchiku_Kenkyu_Siryo,41.59,33.68783558835329
DesignSafe circular RC columns,Gradient Boosting,LeaveOneSourceOut,15,54,Kenchiku_Kenkyu_Siryo,23.52,27.386638888995055
DesignSafe circular RC columns,Gradient Boosting,LeaveOneSourceOut,16,126,Kowalsky ,42.04,52.343693860020124
DesignSafe circular RC columns,Gradient Boosting,LeaveOneSourceOut,16,127,Kowalsky ,39.28,51.95939039265899
DesignSafe circular RC columns,Gradient Boosting,LeaveOneSourceOut,16,128,Kowalsky ,44.38,52.539104531037694
DesignSafe circular RC columns,Gradient Boosting,LeaveOneSourceOut,17,163,Kowalsky_Moyer,34.86,39.96752709185398
DesignSafe circular RC columns,Gradient Boosting,LeaveOneSourceOut,17,164,Kowalsky_Moyer,35.8,39.59570112899086
DesignSafe circular RC columns,Gradient Boosting,LeaveOneSourceOut,17,165,Kowalsky_Moyer,43.08,39.82458237429072
DesignSafe circular RC columns,Gradient Boosting,LeaveOneSourceOut,17,166,Kowalsky_Moyer,35.32,39.59570112899086
DesignSafe circular RC columns,Gradient Boosting,LeaveOneSourceOut,18,111,Kunnath,16.63,17.721657907138024
DesignSafe circular RC columns,Gradient Boosting,LeaveOneSourceOut,18,112,Kunnath,16.93,17.721657907138024
DesignSafe circular RC columns,Gradient Boosting,LeaveOneSourceOut,18,113,Kunnath,16.97,21.649094659357885
DesignSafe circular RC columns,Gradient Boosting,LeaveOneSourceOut,18,114,Kunnath,20.86,21.649094659357885
DesignSafe circular RC columns,Gradient Boosting,LeaveOneSourceOut,18,115,Kunnath,17.26,21.649094659357885
DesignSafe circular RC columns,Gradient Boosting,LeaveOneSourceOut,18,116,Kunnath,17.75,19.781891809168965
DesignSafe circular RC columns,Gradient Boosting,LeaveOneSourceOut,18,117,Kunnath,16.42,19.781891809168965
DesignSafe circular RC columns,Gradient Boosting,LeaveOneSourceOut,18,118,Kunnath,16.86,19.781891809168965
DesignSafe circular RC columns,Gradient Boosting,LeaveOneSourceOut,18,119,Kunnath,16.69,14.396202953764059
DesignSafe circular RC columns,Gradient Boosting,LeaveOneSourceOut,18,120,Kunnath,16.3,14.396202953764059
DesignSafe circular RC columns,Gradient Boosting,LeaveOneSourceOut,18,121,Kunnath,16.25,14.396202953764059
DesignSafe circular RC columns,Gradient Boosting,LeaveOneSourceOut,19,129,Lehman et al,64.07,67.23395849225089
DesignSafe circular RC columns,Gradient Boosting,LeaveOneSourceOut,19,130,Lehman et al,33.94,49.36640673368552
DesignSafe circular RC columns,Gradient Boosting,LeaveOneSourceOut,19,131,Lehman et al,22.82,47.91753289025331
DesignSafe circular RC columns,Gradient Boosting,LeaveOneSourceOut,19,132,Lehman et al,40.46,62.24600784325562
DesignSafe circular RC columns,Gradient Boosting,LeaveOneSourceOut,19,133,Lehman et al,107.9,75.94413376846722
DesignSafe circular RC columns,Gradient Boosting,LeaveOneSourceOut,20,93,Lim,4.28,14.61267639740534
DesignSafe circular RC columns,Gradient Boosting,LeaveOneSourceOut,20,94,Lim,9.3,25.25013490884523
DesignSafe circular RC columns,Gradient Boosting,LeaveOneSourceOut,20,95,Lim,9.67,25.352326489039015
DesignSafe circular RC columns,Gradient Boosting,LeaveOneSourceOut,21,25,McDaniel,91.15,85.69378530068107
DesignSafe circular RC columns,Gradient Boosting,LeaveOneSourceOut,21,26,McDaniel,74.7,84.75408426960864
DesignSafe circular RC columns,Gradient Boosting,LeaveOneSourceOut,21,27,McDaniel,74.7,86.19163233006445
DesignSafe circular RC columns,Gradient Boosting,LeaveOneSourceOut,22,75,Munro ,31.1,34.1249338728654
DesignSafe circular RC columns,Gradient Boosting,LeaveOneSourceOut,23,148,Nelson et al.,69.32,62.25077070148218
DesignSafe circular RC columns,Gradient Boosting,LeaveOneSourceOut,23,149,Nelson et al.,65.95,62.25077070148218
DesignSafe circular RC columns,Gradient Boosting,LeaveOneSourceOut,23,150,Nelson et al.,61.89,62.25077070148218
DesignSafe circular RC columns,Gradient Boosting,LeaveOneSourceOut,23,151,Nelson et al.,59.64,62.25077070148218
DesignSafe circular RC columns,Gradient Boosting,LeaveOneSourceOut,24,76,Ng,8.23,12.546591122332876
DesignSafe circular RC columns,Gradient Boosting,LeaveOneSourceOut,24,77,Ng,17.56,27.36370451937694
DesignSafe circular RC columns,Gradient Boosting,LeaveOneSourceOut,25,31,Omar,17.84,28.622637102052067
DesignSafe circular RC columns,Gradient Boosting,LeaveOneSourceOut,25,32,Omar,17.34,26.920382875606236
DesignSafe circular RC columns,Gradient Boosting,LeaveOneSourceOut,26,50,Petrovski,19.32,15.736952524421753
DesignSafe circular RC columns,Gradient Boosting,LeaveOneSourceOut,26,51,Petrovski,20.9,20.395966216569615
DesignSafe circular RC columns,Gradient Boosting,LeaveOneSourceOut,26,91,Petrovski,7.55,8.758171426378576
DesignSafe circular RC columns,Gradient Boosting,LeaveOneSourceOut,26,92,Petrovski,8.31,16.21802383345356
DesignSafe circular RC columns,Gradient Boosting,LeaveOneSourceOut,27,34,Potangaroa,165.0,112.30516596123654
DesignSafe circular RC columns,Gradient Boosting,LeaveOneSourceOut,27,80,Potangaroa,154.47,106.20657136327867
DesignSafe circular RC columns,Gradient Boosting,LeaveOneSourceOut,27,81,Potangaroa,175.54,119.32777531712256
DesignSafe circular RC columns,Gradient Boosting,LeaveOneSourceOut,27,82,Potangaroa,182.48,295.5220017295835
DesignSafe circular RC columns,Gradient Boosting,LeaveOneSourceOut,27,83,Potangaroa,210.65,296.4390561798439
DesignSafe circular RC columns,Gradient Boosting,LeaveOneSourceOut,28,58,Priestley,94.05,146.49440597018034
DesignSafe circular RC columns,Gradient Boosting,LeaveOneSourceOut,28,59,Priestley,132.04,163.6398492406496
DesignSafe circular RC columns,Gradient Boosting,LeaveOneSourceOut,29,68,Ranf,48.31,60.54346448810272
DesignSafe circular RC columns,Gradient Boosting,LeaveOneSourceOut,29,69,Ranf,59.87,62.15358660814503
DesignSafe circular RC columns,Gradient Boosting,LeaveOneSourceOut,29,70,Ranf,62.06,62.15358660814503
DesignSafe circular RC columns,Gradient Boosting,LeaveOneSourceOut,29,71,Ranf,59.99,61.39667363497423
DesignSafe circular RC columns,Gradient Boosting,LeaveOneSourceOut,30,155,Roeder,26.59,60.61822199383966
DesignSafe circular RC columns,Gradient Boosting,LeaveOneSourceOut,30,156,Roeder,27.21,60.61822199383966
DesignSafe circular RC columns,Gradient Boosting,LeaveOneSourceOut,30,157,Roeder,30.69,60.61822199383966
DesignSafe circular RC columns,Gradient Boosting,LeaveOneSourceOut,30,158,Roeder,38.28,96.98894192039658
DesignSafe circular RC columns,Gradient Boosting,LeaveOneSourceOut,30,159,Roeder,41.29,97.08471835009533
DesignSafe circular RC columns,Gradient Boosting,LeaveOneSourceOut,30,160,Roeder,40.83,97.08471835009533
DesignSafe circular RC columns,Gradient Boosting,LeaveOneSourceOut,30,161,Roeder,39.92,97.08471835009533
DesignSafe circular RC columns,Gradient Boosting,LeaveOneSourceOut,30,162,Roeder,44.59,97.08471835009533
DesignSafe circular RC columns,Gradient Boosting,LeaveOneSourceOut,31,140,Saatcioglu et al.,15.97,18.404185630163408
DesignSafe circular RC columns,Gradient Boosting,LeaveOneSourceOut,31,141,Saatcioglu et al.,15.35,18.994938859277106
DesignSafe circular RC columns,Gradient Boosting,LeaveOneSourceOut,31,142,Saatcioglu et al.,18.38,24.456319021258718
DesignSafe circular RC columns,Gradient Boosting,LeaveOneSourceOut,31,143,Saatcioglu et al.,19.16,24.26559460737014
DesignSafe circular RC columns,Gradient Boosting,LeaveOneSourceOut,31,144,Saatcioglu et al.,17.63,27.323129511151457
DesignSafe circular RC columns,Gradient Boosting,LeaveOneSourceOut,31,145,Saatcioglu et al.,16.6,18.634464060268066
DesignSafe circular RC columns,Gradient Boosting,LeaveOneSourceOut,31,146,Saatcioglu et al.,18.28,24.456319021258718
DesignSafe circular RC columns,Gradient Boosting,LeaveOneSourceOut,31,147,Saatcioglu et al.,21.58,25.047072250372416
DesignSafe circular RC columns,Gradient Boosting,LeaveOneSourceOut,32,137,Sritharan et al.,97.48,69.99049484039118
DesignSafe circular RC columns,Gradient Boosting,LeaveOneSourceOut,32,138,Sritharan et al.,96.79,70.92047612513791
DesignSafe circular RC columns,Gradient Boosting,LeaveOneSourceOut,32,139,Sritharan et al.,103.48,70.65326226792259
DesignSafe circular RC columns,Gradient Boosting,LeaveOneSourceOut,33,98,Stone,14.41,48.49292913202824
DesignSafe circular RC columns,Gradient Boosting,LeaveOneSourceOut,33,99,Stone,16.51,47.62840539505884
DesignSafe circular RC columns,Gradient Boosting,LeaveOneSourceOut,33,100,Stone,7.17,12.893549647617418
DesignSafe circular RC columns,Gradient Boosting,LeaveOneSourceOut,33,101,Stone,14.1,48.49292913202824
DesignSafe circular RC columns,Gradient Boosting,LeaveOneSourceOut,33,102,Stone,17.21,47.893129108649255
DesignSafe circular RC columns,Gradient Boosting,LeaveOneSourceOut,33,103,Stone,6.67,12.893549647617418
DesignSafe circular RC columns,Gradient Boosting,LeaveOneSourceOut,34,60,Vu,63.66,111.51841369113001
DesignSafe circular RC columns,Gradient Boosting,LeaveOneSourceOut,34,61,Vu,221.45,233.50309444777852
DesignSafe circular RC columns,Gradient Boosting,LeaveOneSourceOut,34,62,Vu,89.52,109.95187045133027
DesignSafe circular RC columns,Gradient Boosting,LeaveOneSourceOut,35,123,Vu et al.,139.38,89.65365517244453
DesignSafe circular RC columns,Gradient Boosting,LeaveOneSourceOut,35,124,Vu et al.,124.0,79.2402065023663
DesignSafe circular RC columns,Gradient Boosting,LeaveOneSourceOut,35,125,Vu et al.,249.3,211.4287965414491
DesignSafe circular RC columns,Gradient Boosting,LeaveOneSourceOut,36,87,Watson_Park,47.72,50.062031104250494
DesignSafe circular RC columns,Gradient Boosting,LeaveOneSourceOut,36,88,Watson_Park,46.41,67.02224587601577
DesignSafe circular RC columns,Gradient Boosting,LeaveOneSourceOut,37,49,Wong,109.99,117.83411050338287
DesignSafe circular RC columns,Gradient Boosting,LeaveOneSourceOut,38,89,Wong et al.,103.69,106.70694535826365
DesignSafe circular RC columns,Gradient Boosting,LeaveOneSourceOut,38,90,Wong et al.,130.07,107.50126626203398
DesignSafe circular RC columns,Gradient Boosting,LeaveOneSourceOut,39,29,Xiao,192.07,121.654226644668
DesignSafe circular RC columns,Gradient Boosting,LeaveOneSourceOut,40,30,Yalcin,126.45,133.41315957230114
DesignSafe circular RC columns,Gradient Boosting,LeaveOneSourceOut,41,33,Yarandi,95.23,104.61844886263611
DesignSafe circular RC columns,Gradient Boosting,LeaveOneSourceOut,42,85,Zahn et al.,32.0,51.06328216134816
DesignSafe circular RC columns,Gradient Boosting,LeaveOneSourceOut,42,86,Zahn et al.,39.37,54.372136451405936
DesignSafe rectangular RC columns,Ridge,RandomKFold,0,3,Zhou,20.53,21.037828068538246
DesignSafe rectangular RC columns,Ridge,RandomKFold,0,5,Arakawa,29.35,30.619233424250424
DesignSafe rectangular RC columns,Ridge,RandomKFold,0,7,Umehara,72.53,112.44266683067093
DesignSafe rectangular RC columns,Ridge,RandomKFold,0,9,Bett,48.02,68.58379543489067
DesignSafe rectangular RC columns,Ridge,RandomKFold,0,16,Yoshimura,21.74,29.07408076221953
DesignSafe rectangular RC columns,Ridge,RandomKFold,0,25,Ousalem,48.67,54.23156838805792
DesignSafe rectangular RC columns,Ridge,RandomKFold,0,33,Nakamura et al.,59.12,65.47072345294771
DesignSafe rectangular RC columns,Ridge,RandomKFold,0,42,Zhou,8.26,15.452398840456873
DesignSafe rectangular RC columns,Ridge,RandomKFold,0,45,Zhou,12.71,4.096313844911066
DesignSafe rectangular RC columns,Ridge,RandomKFold,0,46,Zhou,12.34,4.096313844911066
DesignSafe rectangular RC columns,Ridge,RandomKFold,0,55,Wight,23.58,23.314400648409407
DesignSafe rectangular RC columns,Ridge,RandomKFold,0,57,Wight,20.97,22.449445216201358
DesignSafe rectangular RC columns,Ridge,RandomKFold,0,60,Wight,22.34,24.50812377219071
DesignSafe rectangular RC columns,Ridge,RandomKFold,0,63,Wight,27.24,19.63166350505217
DesignSafe rectangular RC columns,Ridge,RandomKFold,0,73,Sezen ,66.22,66.4443422150089
DesignSafe rectangular RC columns,Ridge,RandomKFold,0,76,Iwasaki,35.39,13.606637075180728
DesignSafe rectangular RC columns,Ridge,RandomKFold,0,77,Iwasaki,34.91,13.806207611746167
DesignSafe rectangular RC columns,Ridge,RandomKFold,0,78,Iwasaki,36.65,13.75631497760481
DesignSafe rectangular RC columns,Ridge,RandomKFold,0,82,Ikeda,16.8,15.071638341289102
DesignSafe rectangular RC columns,Ridge,RandomKFold,0,84,Ikeda,18.8,16.189254623535938
DesignSafe rectangular RC columns,Ridge,RandomKFold,0,90,Umemura & Endo ,24.0,19.856296205493727
DesignSafe rectangular RC columns,Ridge,RandomKFold,0,93,Umemura & Endo ,11.3,11.841253192015522
DesignSafe rectangular RC columns,Ridge,RandomKFold,0,94,Umemura & Endo ,13.2,11.486120617491103
DesignSafe rectangular RC columns,Ridge,RandomKFold,0,101,Yalcin,132.7,111.67664231963701
DesignSafe rectangular RC columns,Ridge,RandomKFold,0,110,Lynn,73.73,69.33467043583204
DesignSafe rectangular RC columns,Ridge,RandomKFold,0,114,Yoshimura,47.59,50.292858920130726
DesignSafe rectangular RC columns,Ridge,RandomKFold,0,118,Pandey,28.15,26.722119343599985
DesignSafe rectangular RC columns,Ridge,RandomKFold,0,119,Yoshimura,46.29,42.6361630004219
DesignSafe rectangular RC columns,Ridge,RandomKFold,0,124,Gill et al.,156.58,171.15670425856575
DesignSafe rectangular RC columns,Ridge,RandomKFold,0,139,Tanaka and Park,37.71,44.83662208759584
DesignSafe rectangular RC columns,Ridge,RandomKFold,0,144,Tanaka and Park,138.64,123.65680079672076
DesignSafe rectangular RC columns,Ridge,RandomKFold,0,146,Park and Paulay,88.81,94.4573397942164
DesignSafe rectangular RC columns,Ridge,RandomKFold,0,153,Kanda et al.,17.99,18.622713279707277
DesignSafe rectangular RC columns,Ridge,RandomKFold,0,163,Mugurma et al.,57.45,53.71411205386626
DesignSafe rectangular RC columns,Ridge,RandomKFold,0,167,Sakai et al.,92.99,82.05293559587726
DesignSafe rectangular RC columns,Ridge,RandomKFold,0,173,Atalay and Penzein,13.87,3.418932227789405
DesignSafe rectangular RC columns,Ridge,RandomKFold,0,175,Atalay and Penzein,13.09,3.443878544860077
DesignSafe rectangular RC columns,Ridge,RandomKFold,0,176,Atalay and Penzein,16.01,2.9874683179845505
DesignSafe rectangular RC columns,Ridge,RandomKFold,0,177,Atalay and Penzein,17.23,7.0575375246381356
DesignSafe rectangular RC columns,Ridge,RandomKFold,0,179,Atalay and Penzein,17.73,11.200722113246442
DesignSafe rectangular RC columns,Ridge,RandomKFold,0,181,Atalay and Penzein,18.46,10.56350901734531
DesignSafe rectangular RC columns,Ridge,RandomKFold,0,198,Galeota et al. ,22.71,19.080321813426362
DesignSafe rectangular RC columns,Ridge,RandomKFold,0,203,Galeota et al. ,37.12,49.55906274645396
DesignSafe rectangular RC columns,Ridge,RandomKFold,0,208,Galeota et al. ,39.34,48.174525394782115
DesignSafe rectangular RC columns,Ridge,RandomKFold,0,219,Xiao and Martirossyan,85.05,65.18877969542963
DesignSafe rectangular RC columns,Ridge,RandomKFold,0,221,Xiao and Martirossyan,71.68,63.311430161949886
DesignSafe rectangular RC columns,Ridge,RandomKFold,0,232,Bayrak and Sheikh,44.83,47.5286144451019
DesignSafe rectangular RC columns,Ridge,RandomKFold,0,234,Bayrak and Sheikh,38.65,57.56592321349393
DesignSafe rectangular RC columns,Ridge,RandomKFold,0,240,Saatcioglu and Giria,53.35,43.31489424074161
DesignSafe rectangular RC columns,Ridge,RandomKFold,0,242,Saatcioglu and Giria,48.44,46.83268473614097
DesignSafe rectangular RC columns,Ridge,RandomKFold,0,248,Matamoros et al.,21.5,22.06941472950941
DesignSafe rectangular RC columns,Ridge,RandomKFold,0,255,Matamoros et al.,16.3,17.07713587529642
DesignSafe rectangular RC columns,Ridge,RandomKFold,0,271,Thomsen and Wallace,16.45,10.14869330654706
DesignSafe rectangular RC columns,Ridge,RandomKFold,0,280,Thomsen and Wallace,12.06,12.60051797308089
DesignSafe rectangular RC columns,Ridge,RandomKFold,0,285,Paultre & Legeron,37.71,35.821317816886214
DesignSafe rectangular RC columns,Ridge,RandomKFold,0,287,Paultre et al.,38.04,31.624690512207785
DesignSafe rectangular RC columns,Ridge,RandomKFold,0,289,Paultre et al.,44.56,49.659738764242334
DesignSafe rectangular RC columns,Ridge,RandomKFold,0,301,Pujol,29.38,37.366813568744845
DesignSafe rectangular RC columns,Ridge,RandomKFold,0,303,Pujol,26.03,35.08262910369165
DesignSafe rectangular RC columns,Ridge,RandomKFold,0,304,Pujol,26.03,35.08262910369165
DesignSafe rectangular RC columns,Ridge,RandomKFold,0,309,Kono et al.,278.53,244.1202580451494
DesignSafe rectangular RC columns,Ridge,RandomKFold,0,310,Kono et al.,300.95,244.60282888576506
DesignSafe rectangular RC columns,Ridge,RandomKFold,0,317,Takemura and Kawashima,38.35,51.63462820270912
DesignSafe rectangular RC columns,Ridge,RandomKFold,0,320,Melek,52.5,53.60755160726656
DesignSafe rectangular RC columns,Ridge,RandomKFold,0,322,Melek,60.6,61.32178863459372
DesignSafe rectangular RC columns,Ridge,RandomKFold,1,6,Arakawa,30.11,29.600929741718144
DesignSafe rectangular RC columns,Ridge,RandomKFold,1,10,Aboutaha,101.19,147.90541300097573
DesignSafe rectangular RC columns,Ridge,RandomKFold,1,15,Pandey,30.56,36.69264485589161
DesignSafe rectangular RC columns,Ridge,RandomKFold,1,17,Yoshimura,21.52,28.271180517358438
DesignSafe rectangular RC columns,Ridge,RandomKFold,1,18,Yoshimura,36.91,34.17463343792009
DesignSafe rectangular RC columns,Ridge,RandomKFold,1,19,Yoshimura,53.28,55.54510576132558
DesignSafe rectangular RC columns,Ridge,RandomKFold,1,22,Ousalem,36.19,55.55291893946236
DesignSafe rectangular RC columns,Ridge,RandomKFold,1,24,Ousalem,52.85,55.34791512381709
DesignSafe rectangular RC columns,Ridge,RandomKFold,1,30,Ousalem,66.47,60.976389878711224
DesignSafe rectangular RC columns,Ridge,RandomKFold,1,31,Ousalem,76.45,68.4906056101937
DesignSafe rectangular RC columns,Ridge,RandomKFold,1,39,Nagasaka,25.32,22.6855300912837
DesignSafe rectangular RC columns,Ridge,RandomKFold,1,56,Wight,19.76,20.456031932974913
DesignSafe rectangular RC columns,Ridge,RandomKFold,1,59,Wight,22.83,23.021077781049474
DesignSafe rectangular RC columns,Ridge,RandomKFold,1,66,Lynn,68.79,63.13419629398386
DesignSafe rectangular RC columns,Ridge,RandomKFold,1,69,Xiao,60.68,55.56772907191173
DesignSafe rectangular RC columns,Ridge,RandomKFold,1,72,Sezen ,80.73,95.37402442150486
DesignSafe rectangular RC columns,Ridge,RandomKFold,1,75,Iwasaki,35.97,52.76739830903046
DesignSafe rectangular RC columns,Ridge,RandomKFold,1,79,Iwasaki,53.57,62.30417069895517
DesignSafe rectangular RC columns,Ridge,RandomKFold,1,81,Iwasaki,88.65,101.39624033986601
DesignSafe rectangular RC columns,Ridge,RandomKFold,1,92,Umemura & Endo ,17.93,20.2961830464748
DesignSafe rectangular RC columns,Ridge,RandomKFold,1,96,Umemura & Endo ,15.62,17.46981020742044
DesignSafe rectangular RC columns,Ridge,RandomKFold,1,97,Kokusho,16.93,19.48112715225821
DesignSafe rectangular RC columns,Ridge,RandomKFold,1,104,Verma,127.9,111.63838123333053
DesignSafe rectangular RC columns,Ridge,RandomKFold,1,108,Esaki,26.77,21.455032411760115
DesignSafe rectangular RC columns,Ridge,RandomKFold,1,109,Esaki,24.59,20.566357676029554
DesignSafe rectangular RC columns,Ridge,RandomKFold,1,111,Lynn,80.03,84.17001949485882
DesignSafe rectangular RC columns,Ridge,RandomKFold,1,113,Yoshimura,48.94,50.14010401356144
DesignSafe rectangular RC columns,Ridge,RandomKFold,1,116,Yarandi,128.5,109.27254142332781
DesignSafe rectangular RC columns,Ridge,RandomKFold,1,126,Ang et al.,38.04,44.39053316671745
DesignSafe rectangular RC columns,Ridge,RandomKFold,1,132,Zahn ,60.44,71.3446543212526
DesignSafe rectangular RC columns,Ridge,RandomKFold,1,137,Watson and Park,69.58,88.82323277669082
DesignSafe rectangular RC columns,Ridge,RandomKFold,1,140,Tanaka and Park,39.41,46.271166482491374
DesignSafe rectangular RC columns,Ridge,RandomKFold,1,143,Tanaka and Park,91.99,103.67727265446314
DesignSafe rectangular RC columns,Ridge,RandomKFold,1,148,Ohno and Nishioka,27.21,35.15480188465492
DesignSafe rectangular RC columns,Ridge,RandomKFold,1,152,Kanda et al.,18.41,17.517243681956128
DesignSafe rectangular RC columns,Ridge,RandomKFold,1,155,Kanda et al.,19.01,15.518667276340196
DesignSafe rectangular RC columns,Ridge,RandomKFold,1,157,Kanda et al.,17.42,17.985460684941234
DesignSafe rectangular RC columns,Ridge,RandomKFold,1,158,Mugurma et al.,54.53,41.51758845661379
DesignSafe rectangular RC columns,Ridge,RandomKFold,1,164,Mugurma et al.,64.89,56.805208007015096
DesignSafe rectangular RC columns,Ridge,RandomKFold,1,165,Mugurma et al.,64.76,62.58135044862108
DesignSafe rectangular RC columns,Ridge,RandomKFold,1,172,Sakai et al.,91.06,88.39121991224289
DesignSafe rectangular RC columns,Ridge,RandomKFold,1,183,Azizinamini et al.,104.93,104.99378357162067
DesignSafe rectangular RC columns,Ridge,RandomKFold,1,185,Saatcioglu and Ozcebe,62.09,56.89570107321947
DesignSafe rectangular RC columns,Ridge,RandomKFold,1,186,Saatcioglu and Ozcebe,60.92,67.35998418242967
DesignSafe rectangular RC columns,Ridge,RandomKFold,1,193,Galeota et al. ,30.93,21.025139629595856
DesignSafe rectangular RC columns,Ridge,RandomKFold,1,194,Galeota et al. ,31.75,20.359708282871544
DesignSafe rectangular RC columns,Ridge,RandomKFold,1,202,Galeota et al. ,39.41,41.11506607522444
DesignSafe rectangular RC columns,Ridge,RandomKFold,1,209,Galeota et al. ,38.33,47.24182861015638
DesignSafe rectangular RC columns,Ridge,RandomKFold,1,218,Xiao and Martirossyan,72.86,58.39817636272734
DesignSafe rectangular RC columns,Ridge,RandomKFold,1,220,Xiao and Martirossyan,61.92,55.14215891274193
DesignSafe rectangular RC columns,Ridge,RandomKFold,1,224,Sugano,91.89,101.37363856659753
DesignSafe rectangular RC columns,Ridge,RandomKFold,1,225,Sugano,82.67,83.73125352147639
DesignSafe rectangular RC columns,Ridge,RandomKFold,1,226,Sugano,83.18,81.41836932838565
DesignSafe rectangular RC columns,Ridge,RandomKFold,1,228,Bayrak and Sheikh,33.11,30.310498738262975
DesignSafe rectangular RC columns,Ridge,RandomKFold,1,229,Bayrak and Sheikh,33.56,25.986340869214317
DesignSafe rectangular RC columns,Ridge,RandomKFold,1,249,Matamoros et al.,21.2,20.316862902407486
DesignSafe rectangular RC columns,Ridge,RandomKFold,1,258,Mo and Wang,56.2,62.204417483448566
DesignSafe rectangular RC columns,Ridge,RandomKFold,1,266,Mo and Wang,68.05,68.6427819177892
DesignSafe rectangular RC columns,Ridge,RandomKFold,1,267,Aboutaha and Machado,58.03,61.49076329420197
DesignSafe rectangular RC columns,Ridge,RandomKFold,1,283,Paultre & Legeron,43.84,48.699713063332425
DesignSafe rectangular RC columns,Ridge,RandomKFold,1,288,Paultre et al.,47.86,58.859726749557254
DesignSafe rectangular RC columns,Ridge,RandomKFold,1,297,Pujol,25.52,33.714019118687034
DesignSafe rectangular RC columns,Ridge,RandomKFold,1,306,Pujol,26.47,34.804622068904166
DesignSafe rectangular RC columns,Ridge,RandomKFold,1,307,Kono et al.,45.19,45.42629808315199
DesignSafe rectangular RC columns,Ridge,RandomKFold,1,314,Takemura and Kawashima,34.42,54.991585198125
DesignSafe rectangular RC columns,Ridge,RandomKFold,2,2,Zhou,18.64,21.889167122850196
DesignSafe rectangular RC columns,Ridge,RandomKFold,2,12,Iwasaki,88.33,97.51998680596012
DesignSafe rectangular RC columns,Ridge,RandomKFold,2,23,Ousalem,38.49,58.20243796176686
DesignSafe rectangular RC columns,Ridge,RandomKFold,2,28,Ousalem,56.4,60.51929081688629
DesignSafe rectangular RC columns,Ridge,RandomKFold,2,29,Ousalem,59.77,63.5001025917567
DesignSafe rectangular RC columns,Ridge,RandomKFold,2,35,Yoshimura,88.08,81.90560636204
DesignSafe rectangular RC columns,Ridge,RandomKFold,2,37,Lynn,59.8,77.00058420361003
DesignSafe rectangular RC columns,Ridge,RandomKFold,2,38,Pandey,41.99,43.52536196221663
DesignSafe rectangular RC columns,Ridge,RandomKFold,2,65,Lynn,54.13,47.04571686840991
DesignSafe rectangular RC columns,Ridge,RandomKFold,2,67,Lynn,52.5,62.022452884239975
DesignSafe rectangular RC columns,Ridge,RandomKFold,2,68,Lynn,82.5,100.49311832362552
DesignSafe rectangular RC columns,Ridge,RandomKFold,2,74,Iwasaki,28.8,53.54550771068762
DesignSafe rectangular RC columns,Ridge,RandomKFold,2,83,Ikeda,15.92,16.072814553937903
DesignSafe rectangular RC columns,Ridge,RandomKFold,2,85,Ikeda,18.14,16.58173950214137
DesignSafe rectangular RC columns,Ridge,RandomKFold,2,86,Ikeda,13.02,8.795517325645278
DesignSafe rectangular RC columns,Ridge,RandomKFold,2,107,Esaki,24.54,21.241166851202784
DesignSafe rectangular RC columns,Ridge,RandomKFold,2,112,Lynn,59.8,77.00058420361003
DesignSafe rectangular RC columns,Ridge,RandomKFold,2,115,Yarandi,116.24,103.19479149394738
DesignSafe rectangular RC columns,Ridge,RandomKFold,2,117,Pandey,41.61,48.09361117217883
DesignSafe rectangular RC columns,Ridge,RandomKFold,2,120,Yoshimura,45.21,43.77696290248267
DesignSafe rectangular RC columns,Ridge,RandomKFold,2,125,Ang et al.,43.17,50.952260480276344
DesignSafe rectangular RC columns,Ridge,RandomKFold,2,127,Soesianawati et al.,44.87,49.86941363093582
DesignSafe rectangular RC columns,Ridge,RandomKFold,2,129,Soesianawati et al.,62.27,66.29914647819078
DesignSafe rectangular RC columns,Ridge,RandomKFold,2,131,Zahn ,47.95,48.17630873925455
DesignSafe rectangular RC columns,Ridge,RandomKFold,2,133,Watson and Park,65.65,79.56263553856002
DesignSafe rectangular RC columns,Ridge,RandomKFold,2,142,Tanaka and Park,86.69,103.3694419191086
DesignSafe rectangular RC columns,Ridge,RandomKFold,2,145,Tanaka and Park,139.08,128.73729605873262
DesignSafe rectangular RC columns,Ridge,RandomKFold,2,147,Arakawa,36.08,38.39958248711837
DesignSafe rectangular RC columns,Ridge,RandomKFold,2,154,Kanda et al.,18.41,20.451020623082282
DesignSafe rectangular RC columns,Ridge,RandomKFold,2,159,Mugurma et al.,54.88,49.476097499633624
DesignSafe rectangular RC columns,Ridge,RandomKFold,2,168,Sakai et al.,96.29,83.17289989371199
DesignSafe rectangular RC columns,Ridge,RandomKFold,2,170,Sakai et al.,91.18,85.20294640007728
DesignSafe rectangular RC columns,Ridge,RandomKFold,2,180,Atalay and Penzein,17.53,11.353177363330353
DesignSafe rectangular RC columns,Ridge,RandomKFold,2,182,Atalay and Penzein,17.64,10.943589945849624
DesignSafe rectangular RC columns,Ridge,RandomKFold,2,184,Azizinamini et al. ,109.99,120.1205126243857
DesignSafe rectangular RC columns,Ridge,RandomKFold,2,195,Galeota et al. ,28.86,27.92203986840538
DesignSafe rectangular RC columns,Ridge,RandomKFold,2,196,Galeota et al. ,29.47,27.92203986840538
DesignSafe rectangular RC columns,Ridge,RandomKFold,2,199,Galeota et al. ,28.43,23.67799821597298
DesignSafe rectangular RC columns,Ridge,RandomKFold,2,204,Galeota et al. ,38.91,47.62913671042822
DesignSafe rectangular RC columns,Ridge,RandomKFold,2,206,Galeota et al. ,36.33,41.431344499874555
DesignSafe rectangular RC columns,Ridge,RandomKFold,2,210,Galeota et al. ,38.56,36.94823152806093
DesignSafe rectangular RC columns,Ridge,RandomKFold,2,211,Galeota et al. ,38.91,36.94823152806093
DesignSafe rectangular RC columns,Ridge,RandomKFold,2,222,Sugano,75.14,110.07685559038501
DesignSafe rectangular RC columns,Ridge,RandomKFold,2,223,Sugano,82.05,108.63543733231535
DesignSafe rectangular RC columns,Ridge,RandomKFold,2,227,Nosho et al,14.78,-35.46419908305464
DesignSafe rectangular RC columns,Ridge,RandomKFold,2,231,Bayrak and Sheikh,33.19,31.5358722314933
DesignSafe rectangular RC columns,Ridge,RandomKFold,2,238,Saatcioglu and Giria,36.93,28.009576933755433
DesignSafe rectangular RC columns,Ridge,RandomKFold,2,247,Matamoros et al.,15.3,21.499676723449888
DesignSafe rectangular RC columns,Ridge,RandomKFold,2,250,Matamoros et al.,24.2,25.529421479790535
DesignSafe rectangular RC columns,Ridge,RandomKFold,2,253,Matamoros et al.,13.11,12.408996377019946
DesignSafe rectangular RC columns,Ridge,RandomKFold,2,260,Mo and Wang,68.63,64.50306916313343
DesignSafe rectangular RC columns,Ridge,RandomKFold,2,261,Mo and Wang,55.76,58.78011106474665
DesignSafe rectangular RC columns,Ridge,RandomKFold,2,262,Mo and Wang,64.21,62.05831129304438
DesignSafe rectangular RC columns,Ridge,RandomKFold,2,269,Aboutaha and Machado,95.36,88.64619510387405
DesignSafe rectangular RC columns,Ridge,RandomKFold,2,272,Thomsen and Wallace,9.13,1.927454131452528
DesignSafe rectangular RC columns,Ridge,RandomKFold,2,274,Thomsen and Wallace,14.66,7.590947484065644
DesignSafe rectangular RC columns,Ridge,RandomKFold,2,275,Thomsen and Wallace,8.99,3.445255378246557
DesignSafe rectangular RC columns,Ridge,RandomKFold,2,281,Paultre & Legeron,27.65,10.065824106223396
DesignSafe rectangular RC columns,Ridge,RandomKFold,2,284,Paultre & Legeron,25.16,17.850505654225483
DesignSafe rectangular RC columns,Ridge,RandomKFold,2,294,Pujol,25.52,33.57443777145466
DesignSafe rectangular RC columns,Ridge,RandomKFold,2,299,Pujol,25.65,33.80642281752852
DesignSafe rectangular RC columns,Ridge,RandomKFold,2,300,Pujol,25.65,33.80642281752852
DesignSafe rectangular RC columns,Ridge,RandomKFold,2,305,Pujol,26.47,36.080192007479255
DesignSafe rectangular RC columns,Ridge,RandomKFold,2,311,Kono et al.,270.06,208.70642136946944
DesignSafe rectangular RC columns,Ridge,RandomKFold,2,313,Takemura and Kawashima,33.26,52.71596068585564
DesignSafe rectangular RC columns,Ridge,RandomKFold,3,0,Nagasaka,19.67,25.057245782125786
DesignSafe rectangular RC columns,Ridge,RandomKFold,3,4,Zhou,25.84,23.396722490067514
DesignSafe rectangular RC columns,Ridge,RandomKFold,3,8,Umehara,59.16,80.40464890016017
DesignSafe rectangular RC columns,Ridge,RandomKFold,3,11,Aboutaha,144.49,216.8535369934242
DesignSafe rectangular RC columns,Ridge,RandomKFold,3,14,Verma,141.1,72.40331981191207
DesignSafe rectangular RC columns,Ridge,RandomKFold,3,26,Ousalem,73.53,67.96546938710489
DesignSafe rectangular RC columns,Ridge,RandomKFold,3,27,Ousalem,55.03,58.32518102322349
DesignSafe rectangular RC columns,Ridge,RandomKFold,3,32,Nakamura et al.,61.03,60.6035604120882
DesignSafe rectangular RC columns,Ridge,RandomKFold,3,36,Wight,17.81,15.980467963873487
DesignSafe rectangular RC columns,Ridge,RandomKFold,3,40,Ohue,22.79,26.055584750618927
DesignSafe rectangular RC columns,Ridge,RandomKFold,3,41,Ohue,24.86,18.553547303338842
DesignSafe rectangular RC columns,Ridge,RandomKFold,3,44,Zhou,15.15,12.74515254842408
DesignSafe rectangular RC columns,Ridge,RandomKFold,3,47,Ono,29.27,26.99009784115969
DesignSafe rectangular RC columns,Ridge,RandomKFold,3,51,Wight,22.77,19.09319929346116
DesignSafe rectangular RC columns,Ridge,RandomKFold,3,61,Wight,26.92,16.772907849695287
DesignSafe rectangular RC columns,Ridge,RandomKFold,3,62,Wight,27.08,16.772907849695287
DesignSafe rectangular RC columns,Ridge,RandomKFold,3,64,Wight,27.21,15.87502840990885
DesignSafe rectangular RC columns,Ridge,RandomKFold,3,70,Xiao,72.86,61.55052787597624
DesignSafe rectangular RC columns,Ridge,RandomKFold,3,89,Umemura & Endo ,15.75,10.87949561143806
DesignSafe rectangular RC columns,Ridge,RandomKFold,3,95,Umemura & Endo ,15.34,17.793137833587213
DesignSafe rectangular RC columns,Ridge,RandomKFold,3,98,Kokusho,19.75,27.53399474989968
DesignSafe rectangular RC columns,Ridge,RandomKFold,3,100,Kokusho & Fukuhara,24.31,39.757100382220294
DesignSafe rectangular RC columns,Ridge,RandomKFold,3,103,Elwood,19.92,14.770582703375972
DesignSafe rectangular RC columns,Ridge,RandomKFold,3,122,Gill et al.,182.41,154.58774633467925
DesignSafe rectangular RC columns,Ridge,RandomKFold,3,123,Gill et al.,150.71,154.64724823398763
DesignSafe rectangular RC columns,Ridge,RandomKFold,3,128,Soesianawati et al.,62.78,66.75614946718262
DesignSafe rectangular RC columns,Ridge,RandomKFold,3,135,Watson and Park,66.44,97.6638516941515
DesignSafe rectangular RC columns,Ridge,RandomKFold,3,136,Watson and Park,66.4,97.68016811165583
DesignSafe rectangular RC columns,Ridge,RandomKFold,3,138,Tanaka and Park,37.56,46.144755054927444
DesignSafe rectangular RC columns,Ridge,RandomKFold,3,141,Tanaka and Park,38.31,46.144755054927444
DesignSafe rectangular RC columns,Ridge,RandomKFold,3,150,Ohno and Nishioka,24.76,31.53582666421272
DesignSafe rectangular RC columns,Ridge,RandomKFold,3,156,Kanda et al.,18.34,16.70101011093802
DesignSafe rectangular RC columns,Ridge,RandomKFold,3,162,Mugurma et al.,57.25,48.11931398384984
DesignSafe rectangular RC columns,Ridge,RandomKFold,3,171,Sakai et al.,94.43,84.0638666923007
DesignSafe rectangular RC columns,Ridge,RandomKFold,3,178,Atalay and Penzein,16.84,12.441565115120397
DesignSafe rectangular RC columns,Ridge,RandomKFold,3,192,Galeota et al. ,22.09,25.020580804077625
DesignSafe rectangular RC columns,Ridge,RandomKFold,3,197,Galeota et al. ,24.8,24.236843429923013
DesignSafe rectangular RC columns,Ridge,RandomKFold,3,200,Galeota et al. ,29.59,21.132267606348535
DesignSafe rectangular RC columns,Ridge,RandomKFold,3,213,Galeota et al. ,39.76,45.028104513244905
DesignSafe rectangular RC columns,Ridge,RandomKFold,3,215,Wehbe et al.,89.98,81.73299240263768
DesignSafe rectangular RC columns,Ridge,RandomKFold,3,216,Wehbe et al.,85.41,69.3574695722992
DesignSafe rectangular RC columns,Ridge,RandomKFold,3,230,Bayrak and Sheikh,33.23,41.09606756536049
DesignSafe rectangular RC columns,Ridge,RandomKFold,3,233,Bayrak and Sheikh,44.19,52.5197304377626
DesignSafe rectangular RC columns,Ridge,RandomKFold,3,237,Saatcioglu and Giria,42.96,39.981465360003014
DesignSafe rectangular RC columns,Ridge,RandomKFold,3,239,Saatcioglu and Giria,46.47,46.27745756970577
DesignSafe rectangular RC columns,Ridge,RandomKFold,3,244,Saatcioglu and Giria,49.31,43.98750875203187
DesignSafe rectangular RC columns,Ridge,RandomKFold,3,245,Saatcioglu and Giria,53.5,41.33069794134225
DesignSafe rectangular RC columns,Ridge,RandomKFold,3,246,Matamoros et al.,15.8,17.239135069718458
DesignSafe rectangular RC columns,Ridge,RandomKFold,3,254,Matamoros et al.,16.3,16.071738378965584
DesignSafe rectangular RC columns,Ridge,RandomKFold,3,256,Matamoros et al.,19.0,18.96524025990547
DesignSafe rectangular RC columns,Ridge,RandomKFold,3,265,Mo and Wang,63.5,61.40481148754984
DesignSafe rectangular RC columns,Ridge,RandomKFold,3,268,Aboutaha and Machado,87.31,86.20247376299218
DesignSafe rectangular RC columns,Ridge,RandomKFold,3,277,Thomsen and Wallace,12.98,11.216790296459727
DesignSafe rectangular RC columns,Ridge,RandomKFold,3,278,Thomsen and Wallace,12.82,11.439456227274974
DesignSafe rectangular RC columns,Ridge,RandomKFold,3,279,Thomsen and Wallace,14.11,15.025470341566532
DesignSafe rectangular RC columns,Ridge,RandomKFold,3,286,Paultre & Legeron,41.59,64.14539419293466
DesignSafe rectangular RC columns,Ridge,RandomKFold,3,290,Paultre et al.,45.34,58.55464603505095
DesignSafe rectangular RC columns,Ridge,RandomKFold,3,291,Paultre et al.,45.31,77.39140946048744
DesignSafe rectangular RC columns,Ridge,RandomKFold,3,292,Paultre et al.,47.32,78.29646669148894
DesignSafe rectangular RC columns,Ridge,RandomKFold,3,295,Pujol,26.08,33.653252852950175
DesignSafe rectangular RC columns,Ridge,RandomKFold,3,298,Pujol,25.52,34.2773673955932
DesignSafe rectangular RC columns,Ridge,RandomKFold,3,302,Pujol,29.38,37.22293328227428
DesignSafe rectangular RC columns,Ridge,RandomKFold,3,315,Takemura and Kawashima,35.31,51.725080844358374
DesignSafe rectangular RC columns,Ridge,RandomKFold,3,318,Harries,42.7,22.468868897431605
DesignSafe rectangular RC columns,Ridge,RandomKFold,3,321,Melek,64.1,61.65467512852986
DesignSafe rectangular RC columns,Ridge,RandomKFold,4,1,Imai,105.95,105.88059660207338
DesignSafe rectangular RC columns,Ridge,RandomKFold,4,13,Iwasaki,95.71,100.17402636173584
DesignSafe rectangular RC columns,Ridge,RandomKFold,4,20,Yoshimura,51.55,51.795509986962706
DesignSafe rectangular RC columns,Ridge,RandomKFold,4,21,Yoshimura,58.67,58.19899186790208
DesignSafe rectangular RC columns,Ridge,RandomKFold,4,34,Nakamura et al.,65.62,63.83060923536214
DesignSafe rectangular RC columns,Ridge,RandomKFold,4,43,Zhou,15.22,8.0458208579929
DesignSafe rectangular RC columns,Ridge,RandomKFold,4,48,Ono,30.73,29.489588217041863
DesignSafe rectangular RC columns,Ridge,RandomKFold,4,49,Amitsu,115.47,94.29300843778675
DesignSafe rectangular RC columns,Ridge,RandomKFold,4,50,Wight,22.2,21.656325302661596
DesignSafe rectangular RC columns,Ridge,RandomKFold,4,52,Wight,23.51,20.930777990229085
DesignSafe rectangular RC columns,Ridge,RandomKFold,4,53,Wight,22.14,20.930777990229085
DesignSafe rectangular RC columns,Ridge,RandomKFold,4,54,Wight,21.18,21.290135649903114
DesignSafe rectangular RC columns,Ridge,RandomKFold,4,58,Wight,22.11,18.54005001466437
DesignSafe rectangular RC columns,Ridge,RandomKFold,4,71,Sezen ,70.76,64.92022847660698
DesignSafe rectangular RC columns,Ridge,RandomKFold,4,80,Iwasaki,51.71,62.53384708029957
DesignSafe rectangular RC columns,Ridge,RandomKFold,4,87,Ikeda,15.92,8.201254960805791
DesignSafe rectangular RC columns,Ridge,RandomKFold,4,88,Ikeda,15.8,8.201254960805791
DesignSafe rectangular RC columns,Ridge,RandomKFold,4,91,Umemura & Endo ,18.67,10.661016707495378
DesignSafe rectangular RC columns,Ridge,RandomKFold,4,99,Kokusho & Fukuhara,24.42,32.44192170218565
DesignSafe rectangular RC columns,Ridge,RandomKFold,4,102,Elwood,18.14,12.781859758855461
DesignSafe rectangular RC columns,Ridge,RandomKFold,4,105,Saatcioglu,61.66,63.070555190467786
DesignSafe rectangular RC columns,Ridge,RandomKFold,4,106,Esaki,27.5,20.821350041376427
DesignSafe rectangular RC columns,Ridge,RandomKFold,4,121,Gill et al.,156.5,139.5343480582538
DesignSafe rectangular RC columns,Ridge,RandomKFold,4,130,Soesianawati et al.,59.47,63.26028326942577
DesignSafe rectangular RC columns,Ridge,RandomKFold,4,134,Watson and Park,66.32,81.67501997522086
DesignSafe rectangular RC columns,Ridge,RandomKFold,4,149,Ohno and Nishioka,24.44,33.61047199840314
DesignSafe rectangular RC columns,Ridge,RandomKFold,4,151,Zhou,16.23,13.288019189151427
DesignSafe rectangular RC columns,Ridge,RandomKFold,4,160,Mugurma et al.,54.43,57.42911016199124
DesignSafe rectangular RC columns,Ridge,RandomKFold,4,161,Mugurma et al.,55.45,60.667794653317664
DesignSafe rectangular RC columns,Ridge,RandomKFold,4,166,Sakai et al.,92.71,85.03842061129627
DesignSafe rectangular RC columns,Ridge,RandomKFold,4,169,Sakai et al.,91.09,87.49588329926114
DesignSafe rectangular RC columns,Ridge,RandomKFold,4,174,Atalay and Penzein,13.76,5.289218728956122
DesignSafe rectangular RC columns,Ridge,RandomKFold,4,187,Saatcioglu and Ozcebe,73.26,66.66173680057722
DesignSafe rectangular RC columns,Ridge,RandomKFold,4,188,Saatcioglu and Ozcebe,77.06,76.46116036098239
DesignSafe rectangular RC columns,Ridge,RandomKFold,4,189,Saatcioglu and Ozcebe,76.84,74.60638969448236
DesignSafe rectangular RC columns,Ridge,RandomKFold,4,190,Galeota et al. ,29.26,29.066790377729575
DesignSafe rectangular RC columns,Ridge,RandomKFold,4,191,Galeota et al. ,27.68,29.132685854174056
DesignSafe rectangular RC columns,Ridge,RandomKFold,4,201,Galeota et al. ,30.3,26.463333773353
DesignSafe rectangular RC columns,Ridge,RandomKFold,4,205,Galeota et al. ,46.03,38.937907314982866
DesignSafe rectangular RC columns,Ridge,RandomKFold,4,207,Galeota et al. ,43.86,38.737161629624886
DesignSafe rectangular RC columns,Ridge,RandomKFold,4,212,Galeota et al. ,38.3,43.020039296100606
DesignSafe rectangular RC columns,Ridge,RandomKFold,4,214,Wehbe et al.,82.82,65.67283519711316
DesignSafe rectangular RC columns,Ridge,RandomKFold,4,217,Wehbe et al.,96.87,79.98716486646833
DesignSafe rectangular RC columns,Ridge,RandomKFold,4,235,Bayrak and Sheikh,40.01,46.725018535023324
DesignSafe rectangular RC columns,Ridge,RandomKFold,4,236,Saatcioglu and Giria,43.76,38.52140310464488
DesignSafe rectangular RC columns,Ridge,RandomKFold,4,241,Saatcioglu and Giria,49.78,59.02980710746028
DesignSafe rectangular RC columns,Ridge,RandomKFold,4,243,Saatcioglu and Giria,44.62,34.772935465246476
DesignSafe rectangular RC columns,Ridge,RandomKFold,4,251,Matamoros et al.,23.3,24.38199564044755
DesignSafe rectangular RC columns,Ridge,RandomKFold,4,252,Matamoros et al.,13.3,10.597253063989214
DesignSafe rectangular RC columns,Ridge,RandomKFold,4,257,Matamoros et al.,19.0,18.58094752581157
DesignSafe rectangular RC columns,Ridge,RandomKFold,4,259,Mo and Wang,60.15,62.03565020866923
DesignSafe rectangular RC columns,Ridge,RandomKFold,4,263,Mo and Wang,69.65,65.28640584616109
DesignSafe rectangular RC columns,Ridge,RandomKFold,4,264,Mo and Wang,56.75,58.982269415858745
DesignSafe rectangular RC columns,Ridge,RandomKFold,4,270,Thomsen and Wallace,10.44,5.951035447610195
DesignSafe rectangular RC columns,Ridge,RandomKFold,4,273,Thomsen and Wallace,12.55,4.406231734674215
DesignSafe rectangular RC columns,Ridge,RandomKFold,4,276,Thomsen and Wallace,11.51,5.806393498991419
DesignSafe rectangular RC columns,Ridge,RandomKFold,4,282,Paultre & Legeron,35.92,30.201681953519444
DesignSafe rectangular RC columns,Ridge,RandomKFold,4,293,Pujol,25.52,33.936767718751426
DesignSafe rectangular RC columns,Ridge,RandomKFold,4,296,Pujol,26.08,33.73363246921915
DesignSafe rectangular RC columns,Ridge,RandomKFold,4,308,Kono et al.,42.28,58.248963058241685
DesignSafe rectangular RC columns,Ridge,RandomKFold,4,312,Takemura and Kawashima,34.12,57.752593671376815
DesignSafe rectangular RC columns,Ridge,RandomKFold,4,316,Takemura and Kawashima,35.85,57.933992248488394
DesignSafe rectangular RC columns,Ridge,RandomKFold,4,319,Melek,45.6,48.37621822243014
DesignSafe rectangular RC columns,Ridge,RandomKFold,4,323,Melek,60.1,63.45175558376041
DesignSafe rectangular RC columns,Ridge,RandomKFold,4,324,Melek,76.6,78.67116861799524
DesignSafe rectangular RC columns,Ridge,GroupKFold,0,0,Nagasaka,19.67,21.818529802627673
DesignSafe rectangular RC columns,Ridge,GroupKFold,0,10,Aboutaha,101.19,138.73514393210957
DesignSafe rectangular RC columns,Ridge,GroupKFold,0,11,Aboutaha,144.49,213.58744678392
DesignSafe rectangular RC columns,Ridge,GroupKFold,0,39,Nagasaka,25.32,23.098092428214457
DesignSafe rectangular RC columns,Ridge,GroupKFold,0,115,Yarandi,116.24,118.68585754309896
DesignSafe rectangular RC columns,Ridge,GroupKFold,0,116,Yarandi,128.5,116.73218065773582
DesignSafe rectangular RC columns,Ridge,GroupKFold,0,121,Gill et al.,156.5,146.15714996400118
DesignSafe rectangular RC columns,Ridge,GroupKFold,0,122,Gill et al.,182.41,157.5749949736111
DesignSafe rectangular RC columns,Ridge,GroupKFold,0,123,Gill et al.,150.71,160.28776512914047
DesignSafe rectangular RC columns,Ridge,GroupKFold,0,124,Gill et al.,156.58,181.4967935923111
DesignSafe rectangular RC columns,Ridge,GroupKFold,0,133,Watson and Park,65.65,89.45157286166912
DesignSafe rectangular RC columns,Ridge,GroupKFold,0,134,Watson and Park,66.32,91.05779751666078
DesignSafe rectangular RC columns,Ridge,GroupKFold,0,135,Watson and Park,66.44,103.37258928895079
DesignSafe rectangular RC columns,Ridge,GroupKFold,0,136,Watson and Park,66.4,105.44894095452027
DesignSafe rectangular RC columns,Ridge,GroupKFold,0,137,Watson and Park,69.58,97.71273696717888
DesignSafe rectangular RC columns,Ridge,GroupKFold,0,152,Kanda et al.,18.41,15.378053231487627
DesignSafe rectangular RC columns,Ridge,GroupKFold,0,153,Kanda et al.,17.99,9.857779873667106
DesignSafe rectangular RC columns,Ridge,GroupKFold,0,154,Kanda et al.,18.41,9.857779873667106
DesignSafe rectangular RC columns,Ridge,GroupKFold,0,155,Kanda et al.,19.01,7.958666710681811
DesignSafe rectangular RC columns,Ridge,GroupKFold,0,156,Kanda et al.,18.34,9.858997321845727
DesignSafe rectangular RC columns,Ridge,GroupKFold,0,157,Kanda et al.,17.42,9.858997321845727
DesignSafe rectangular RC columns,Ridge,GroupKFold,0,166,Sakai et al.,92.71,75.52855218005215
DesignSafe rectangular RC columns,Ridge,GroupKFold,0,167,Sakai et al.,92.99,74.36458804162633
DesignSafe rectangular RC columns,Ridge,GroupKFold,0,168,Sakai et al.,96.29,69.90704292702465
DesignSafe rectangular RC columns,Ridge,GroupKFold,0,169,Sakai et al.,91.09,79.38347653065074
DesignSafe rectangular RC columns,Ridge,GroupKFold,0,170,Sakai et al.,91.18,72.39331807139305
DesignSafe rectangular RC columns,Ridge,GroupKFold,0,171,Sakai et al.,94.43,75.8796019371276
DesignSafe rectangular RC columns,Ridge,GroupKFold,0,172,Sakai et al.,91.06,76.23561660767619
DesignSafe rectangular RC columns,Ridge,GroupKFold,0,190,Galeota et al. ,29.26,24.13829795641034
DesignSafe rectangular RC columns,Ridge,GroupKFold,0,191,Galeota et al. ,27.68,24.344564687941208
DesignSafe rectangular RC columns,Ridge,GroupKFold,0,192,Galeota et al. ,22.09,16.611987152214272
DesignSafe rectangular RC columns,Ridge,GroupKFold,0,193,Galeota et al. ,30.93,16.611987152214272
DesignSafe rectangular RC columns,Ridge,GroupKFold,0,194,Galeota et al. ,31.75,15.939094261073297
DesignSafe rectangular RC columns,Ridge,GroupKFold,0,195,Galeota et al. ,28.86,23.671671796800233
DesignSafe rectangular RC columns,Ridge,GroupKFold,0,196,Galeota et al. ,29.47,23.671671796800233
DesignSafe rectangular RC columns,Ridge,GroupKFold,0,197,Galeota et al. ,24.8,16.145360992604164
DesignSafe rectangular RC columns,Ridge,GroupKFold,0,198,Galeota et al. ,22.71,14.989788092147872
DesignSafe rectangular RC columns,Ridge,GroupKFold,0,199,Galeota et al. ,28.43,22.51609889634394
DesignSafe rectangular RC columns,Ridge,GroupKFold,0,200,Galeota et al. ,29.59,14.989788092147872
DesignSafe rectangular RC columns,Ridge,GroupKFold,0,201,Galeota et al. ,30.3,22.51609889634394
DesignSafe rectangular RC columns,Ridge,GroupKFold,0,202,Galeota et al. ,39.41,51.08753654677032
DesignSafe rectangular RC columns,Ridge,GroupKFold,0,203,Galeota et al. ,37.12,58.61384735096639
DesignSafe rectangular RC columns,Ridge,GroupKFold,0,204,Galeota et al. ,38.91,58.61384735096639
DesignSafe rectangular RC columns,Ridge,GroupKFold,0,205,Galeota et al. ,46.03,51.08753654677032
DesignSafe rectangular RC columns,Ridge,GroupKFold,0,206,Galeota et al. ,36.33,50.583088531477344
DesignSafe rectangular RC columns,Ridge,GroupKFold,0,207,Galeota et al. ,43.86,50.583088531477344
DesignSafe rectangular RC columns,Ridge,GroupKFold,0,208,Galeota et al. ,39.34,58.10939933567341
DesignSafe rectangular RC columns,Ridge,GroupKFold,0,209,Galeota et al. ,38.33,58.10939933567341
DesignSafe rectangular RC columns,Ridge,GroupKFold,0,210,Galeota et al. ,38.56,49.17677991300681
DesignSafe rectangular RC columns,Ridge,GroupKFold,0,211,Galeota et al. ,38.91,49.17677991300681
DesignSafe rectangular RC columns,Ridge,GroupKFold,0,212,Galeota et al. ,38.3,56.70309071720288
DesignSafe rectangular RC columns,Ridge,GroupKFold,0,213,Galeota et al. ,39.76,56.70309071720288
DesignSafe rectangular RC columns,Ridge,GroupKFold,0,258,Mo and Wang,56.2,59.76199264713146
DesignSafe rectangular RC columns,Ridge,GroupKFold,0,259,Mo and Wang,60.15,63.34054565698172
DesignSafe rectangular RC columns,Ridge,GroupKFold,0,260,Mo and Wang,68.63,66.78086130479761
DesignSafe rectangular RC columns,Ridge,GroupKFold,0,261,Mo and Wang,55.76,59.90475466695991
DesignSafe rectangular RC columns,Ridge,GroupKFold,0,262,Mo and Wang,64.21,63.48877012349036
DesignSafe rectangular RC columns,Ridge,GroupKFold,0,263,Mo and Wang,69.65,66.87795831509393
DesignSafe rectangular RC columns,Ridge,GroupKFold,0,264,Mo and Wang,56.75,60.027133573664294
DesignSafe rectangular RC columns,Ridge,GroupKFold,0,265,Mo and Wang,63.5,63.479905689339596
DesignSafe rectangular RC columns,Ridge,GroupKFold,0,266,Mo and Wang,68.05,66.9147588904753
DesignSafe rectangular RC columns,Ridge,GroupKFold,0,267,Aboutaha and Machado,58.03,55.886196472349866
DesignSafe rectangular RC columns,Ridge,GroupKFold,0,268,Aboutaha and Machado,87.31,77.82211140670991
DesignSafe rectangular RC columns,Ridge,GroupKFold,0,269,Aboutaha and Machado,95.36,85.10792243260107
DesignSafe rectangular RC columns,Ridge,GroupKFold,0,318,Harries,42.7,24.020224656263178
DesignSafe rectangular RC columns,Ridge,GroupKFold,1,9,Bett,48.02,65.07237909431127
DesignSafe rectangular RC columns,Ridge,GroupKFold,1,15,Pandey,30.56,28.02007350101201
DesignSafe rectangular RC columns,Ridge,GroupKFold,1,36,Wight,17.81,8.729794682710043
DesignSafe rectangular RC columns,Ridge,GroupKFold,1,38,Pandey,41.99,44.35256054079176
DesignSafe rectangular RC columns,Ridge,GroupKFold,1,47,Ono,29.27,22.356473680511343
DesignSafe rectangular RC columns,Ridge,GroupKFold,1,48,Ono,30.73,27.75571849532099
DesignSafe rectangular RC columns,Ridge,GroupKFold,1,50,Wight,22.2,12.078746915740702
DesignSafe rectangular RC columns,Ridge,GroupKFold,1,51,Wight,22.77,12.078746915740702
DesignSafe rectangular RC columns,Ridge,GroupKFold,1,52,Wight,23.51,15.437756247556479
DesignSafe rectangular RC columns,Ridge,GroupKFold,1,53,Wight,22.14,15.437756247556479
DesignSafe rectangular RC columns,Ridge,GroupKFold,1,54,Wight,21.18,11.660746710946192
DesignSafe rectangular RC columns,Ridge,GroupKFold,1,55,Wight,23.58,11.660746710946192
DesignSafe rectangular RC columns,Ridge,GroupKFold,1,56,Wight,19.76,10.699450475768977
DesignSafe rectangular RC columns,Ridge,GroupKFold,1,57,Wight,20.97,10.699450475768977
DesignSafe rectangular RC columns,Ridge,GroupKFold,1,58,Wight,22.11,12.803704959693341
DesignSafe rectangular RC columns,Ridge,GroupKFold,1,59,Wight,22.83,20.021426364518234
DesignSafe rectangular RC columns,Ridge,GroupKFold,1,60,Wight,22.34,20.021426364518234
DesignSafe rectangular RC columns,Ridge,GroupKFold,1,61,Wight,26.92,11.549319169365695
DesignSafe rectangular RC columns,Ridge,GroupKFold,1,62,Wight,27.08,11.549319169365695
DesignSafe rectangular RC columns,Ridge,GroupKFold,1,63,Wight,27.24,8.29232768045923
DesignSafe rectangular RC columns,Ridge,GroupKFold,1,64,Wight,27.21,8.29232768045923
DesignSafe rectangular RC columns,Ridge,GroupKFold,1,82,Ikeda,16.8,13.523664186294795
DesignSafe rectangular RC columns,Ridge,GroupKFold,1,83,Ikeda,15.92,13.523664186294795
DesignSafe rectangular RC columns,Ridge,GroupKFold,1,84,Ikeda,18.8,14.678708566935882
DesignSafe rectangular RC columns,Ridge,GroupKFold,1,85,Ikeda,18.14,16.682440440760807
DesignSafe rectangular RC columns,Ridge,GroupKFold,1,86,Ikeda,13.02,4.254676724099646
DesignSafe rectangular RC columns,Ridge,GroupKFold,1,87,Ikeda,15.92,5.409721104740733
DesignSafe rectangular RC columns,Ridge,GroupKFold,1,88,Ikeda,15.8,5.409721104740733
DesignSafe rectangular RC columns,Ridge,GroupKFold,1,97,Kokusho,16.93,20.483777875440147
DesignSafe rectangular RC columns,Ridge,GroupKFold,1,98,Kokusho,19.75,25.570189777586705
DesignSafe rectangular RC columns,Ridge,GroupKFold,1,102,Elwood,18.14,12.637769234052072
DesignSafe rectangular RC columns,Ridge,GroupKFold,1,103,Elwood,19.92,15.027667889642558
DesignSafe rectangular RC columns,Ridge,GroupKFold,1,106,Esaki,27.5,20.844073267982523
DesignSafe rectangular RC columns,Ridge,GroupKFold,1,107,Esaki,24.54,19.195138485315567
DesignSafe rectangular RC columns,Ridge,GroupKFold,1,108,Esaki,26.77,20.16618383322308
DesignSafe rectangular RC columns,Ridge,GroupKFold,1,109,Esaki,24.59,19.0333581572583
DesignSafe rectangular RC columns,Ridge,GroupKFold,1,117,Pandey,41.61,47.085345826211594
DesignSafe rectangular RC columns,Ridge,GroupKFold,1,118,Pandey,28.15,25.073382671368808
DesignSafe rectangular RC columns,Ridge,GroupKFold,1,138,Tanaka and Park,37.56,46.86758270958029
DesignSafe rectangular RC columns,Ridge,GroupKFold,1,139,Tanaka and Park,37.71,46.86758270958029
DesignSafe rectangular RC columns,Ridge,GroupKFold,1,140,Tanaka and Park,39.41,44.394132130393814
DesignSafe rectangular RC columns,Ridge,GroupKFold,1,141,Tanaka and Park,38.31,46.86758270958029
DesignSafe rectangular RC columns,Ridge,GroupKFold,1,142,Tanaka and Park,86.69,99.92869842995191
DesignSafe rectangular RC columns,Ridge,GroupKFold,1,143,Tanaka and Park,91.99,99.92869842995191
DesignSafe rectangular RC columns,Ridge,GroupKFold,1,144,Tanaka and Park,138.64,127.59873094284063
DesignSafe rectangular RC columns,Ridge,GroupKFold,1,145,Tanaka and Park,139.08,127.62217027684567
DesignSafe rectangular RC columns,Ridge,GroupKFold,1,148,Ohno and Nishioka,27.21,31.60609106586847
DesignSafe rectangular RC columns,Ridge,GroupKFold,1,149,Ohno and Nishioka,24.44,31.60609106586847
DesignSafe rectangular RC columns,Ridge,GroupKFold,1,150,Ohno and Nishioka,24.76,31.60609106586847
DesignSafe rectangular RC columns,Ridge,GroupKFold,1,236,Saatcioglu and Giria,43.76,38.43266812012825
DesignSafe rectangular RC columns,Ridge,GroupKFold,1,237,Saatcioglu and Giria,42.96,40.12844439969308
DesignSafe rectangular RC columns,Ridge,GroupKFold,1,238,Saatcioglu and Giria,36.93,26.66736612859844
DesignSafe rectangular RC columns,Ridge,GroupKFold,1,239,Saatcioglu and Giria,46.47,42.412391210102555
DesignSafe rectangular RC columns,Ridge,GroupKFold,1,240,Saatcioglu and Giria,53.35,43.72120299583072
DesignSafe rectangular RC columns,Ridge,GroupKFold,1,241,Saatcioglu and Giria,49.78,60.21453312083766
DesignSafe rectangular RC columns,Ridge,GroupKFold,1,242,Saatcioglu and Giria,48.44,47.76151554495084
DesignSafe rectangular RC columns,Ridge,GroupKFold,1,243,Saatcioglu and Giria,44.62,34.14573829364086
DesignSafe rectangular RC columns,Ridge,GroupKFold,1,244,Saatcioglu and Giria,49.31,43.92954736359758
DesignSafe rectangular RC columns,Ridge,GroupKFold,1,245,Saatcioglu and Giria,53.5,39.88923481447746
DesignSafe rectangular RC columns,Ridge,GroupKFold,1,287,Paultre et al.,38.04,40.6528851277343
DesignSafe rectangular RC columns,Ridge,GroupKFold,1,288,Paultre et al.,47.86,66.03687876677986
DesignSafe rectangular RC columns,Ridge,GroupKFold,1,289,Paultre et al.,44.56,58.27957271403956
DesignSafe rectangular RC columns,Ridge,GroupKFold,1,290,Paultre et al.,45.34,60.6931658070679
DesignSafe rectangular RC columns,Ridge,GroupKFold,1,291,Paultre et al.,45.31,78.95870106620286
DesignSafe rectangular RC columns,Ridge,GroupKFold,1,292,Paultre et al.,47.32,79.85290747492472
DesignSafe rectangular RC columns,Ridge,GroupKFold,2,14,Verma,141.1,70.27570916528039
DesignSafe rectangular RC columns,Ridge,GroupKFold,2,32,Nakamura et al.,61.03,60.13914836732053
DesignSafe rectangular RC columns,Ridge,GroupKFold,2,33,Nakamura et al.,59.12,62.77094719300737
DesignSafe rectangular RC columns,Ridge,GroupKFold,2,34,Nakamura et al.,65.62,62.77094719300737
DesignSafe rectangular RC columns,Ridge,GroupKFold,2,37,Lynn,59.8,85.7955186413574
DesignSafe rectangular RC columns,Ridge,GroupKFold,2,40,Ohue,22.79,23.124385206154376
DesignSafe rectangular RC columns,Ridge,GroupKFold,2,41,Ohue,24.86,22.11665434366149
DesignSafe rectangular RC columns,Ridge,GroupKFold,2,65,Lynn,54.13,52.40564274347185
DesignSafe rectangular RC columns,Ridge,GroupKFold,2,66,Lynn,68.79,60.21962653192902
DesignSafe rectangular RC columns,Ridge,GroupKFold,2,67,Lynn,52.5,75.1357545326357
DesignSafe rectangular RC columns,Ridge,GroupKFold,2,68,Lynn,82.5,103.31952702009795
DesignSafe rectangular RC columns,Ridge,GroupKFold,2,89,Umemura & Endo ,15.75,4.640339271946679
DesignSafe rectangular RC columns,Ridge,GroupKFold,2,90,Umemura & Endo ,24.0,16.451204236596094
DesignSafe rectangular RC columns,Ridge,GroupKFold,2,91,Umemura & Endo ,18.67,7.990133713721576
DesignSafe rectangular RC columns,Ridge,GroupKFold,2,92,Umemura & Endo ,17.93,15.051357054789815
DesignSafe rectangular RC columns,Ridge,GroupKFold,2,93,Umemura & Endo ,11.3,9.695686508003696
DesignSafe rectangular RC columns,Ridge,GroupKFold,2,94,Umemura & Endo ,13.2,9.477010088435456
DesignSafe rectangular RC columns,Ridge,GroupKFold,2,95,Umemura & Endo ,15.34,11.190150156976465
DesignSafe rectangular RC columns,Ridge,GroupKFold,2,96,Umemura & Endo ,15.62,11.131564998102384
DesignSafe rectangular RC columns,Ridge,GroupKFold,2,101,Yalcin,132.7,110.1354400240544
DesignSafe rectangular RC columns,Ridge,GroupKFold,2,104,Verma,127.9,98.57290660055992
DesignSafe rectangular RC columns,Ridge,GroupKFold,2,110,Lynn,73.73,70.39424558120814
DesignSafe rectangular RC columns,Ridge,GroupKFold,2,111,Lynn,80.03,84.24849746351558
DesignSafe rectangular RC columns,Ridge,GroupKFold,2,112,Lynn,59.8,85.7955186413574
DesignSafe rectangular RC columns,Ridge,GroupKFold,2,146,Park and Paulay,88.81,86.18630519257871
DesignSafe rectangular RC columns,Ridge,GroupKFold,2,173,Atalay and Penzein,13.87,2.846689273224243
DesignSafe rectangular RC columns,Ridge,GroupKFold,2,174,Atalay and Penzein,13.76,1.9249727829135352
DesignSafe rectangular RC columns,Ridge,GroupKFold,2,175,Atalay and Penzein,13.09,2.8782070277440326
DesignSafe rectangular RC columns,Ridge,GroupKFold,2,176,Atalay and Penzein,16.01,1.315291548632473
DesignSafe rectangular RC columns,Ridge,GroupKFold,2,177,Atalay and Penzein,17.23,6.4688319338813045
DesignSafe rectangular RC columns,Ridge,GroupKFold,2,178,Atalay and Penzein,16.84,5.697751377908823
DesignSafe rectangular RC columns,Ridge,GroupKFold,2,179,Atalay and Penzein,17.73,10.16143405132231
DesignSafe rectangular RC columns,Ridge,GroupKFold,2,180,Atalay and Penzein,17.53,8.654785901657092
DesignSafe rectangular RC columns,Ridge,GroupKFold,2,181,Atalay and Penzein,18.46,9.567942798421356
DesignSafe rectangular RC columns,Ridge,GroupKFold,2,182,Atalay and Penzein,17.64,8.394084271952359
DesignSafe rectangular RC columns,Ridge,GroupKFold,2,183,Azizinamini et al.,104.93,99.4671111521402
DesignSafe rectangular RC columns,Ridge,GroupKFold,2,214,Wehbe et al.,82.82,61.35837873675026
DesignSafe rectangular RC columns,Ridge,GroupKFold,2,215,Wehbe et al.,89.98,69.90421149766946
DesignSafe rectangular RC columns,Ridge,GroupKFold,2,216,Wehbe et al.,85.41,62.24973040926362
DesignSafe rectangular RC columns,Ridge,GroupKFold,2,217,Wehbe et al.,96.87,70.98002956293321
DesignSafe rectangular RC columns,Ridge,GroupKFold,2,293,Pujol,25.52,33.846798680245634
DesignSafe rectangular RC columns,Ridge,GroupKFold,2,294,Pujol,25.52,33.846798680245634
DesignSafe rectangular RC columns,Ridge,GroupKFold,2,295,Pujol,26.08,33.45303226263429
DesignSafe rectangular RC columns,Ridge,GroupKFold,2,296,Pujol,26.08,33.45303226263429
DesignSafe rectangular RC columns,Ridge,GroupKFold,2,297,Pujol,25.52,34.16915137806578
DesignSafe rectangular RC columns,Ridge,GroupKFold,2,298,Pujol,25.52,34.16915137806578
DesignSafe rectangular RC columns,Ridge,GroupKFold,2,299,Pujol,25.65,33.277137493909194
DesignSafe rectangular RC columns,Ridge,GroupKFold,2,300,Pujol,25.65,33.277137493909194
DesignSafe rectangular RC columns,Ridge,GroupKFold,2,301,Pujol,29.38,37.88921529057495
DesignSafe rectangular RC columns,Ridge,GroupKFold,2,302,Pujol,29.38,37.88921529057495
DesignSafe rectangular RC columns,Ridge,GroupKFold,2,303,Pujol,26.03,35.44277543963502
DesignSafe rectangular RC columns,Ridge,GroupKFold,2,304,Pujol,26.03,35.44277543963502
DesignSafe rectangular RC columns,Ridge,GroupKFold,2,305,Pujol,26.47,35.94750382535739
DesignSafe rectangular RC columns,Ridge,GroupKFold,2,306,Pujol,26.47,35.94750382535739
DesignSafe rectangular RC columns,Ridge,GroupKFold,2,307,Kono et al.,45.19,44.91695031797389
DesignSafe rectangular RC columns,Ridge,GroupKFold,2,308,Kono et al.,42.28,53.606163987828666
DesignSafe rectangular RC columns,Ridge,GroupKFold,2,309,Kono et al.,278.53,213.9883614857319
DesignSafe rectangular RC columns,Ridge,GroupKFold,2,310,Kono et al.,300.95,211.98829448527147
DesignSafe rectangular RC columns,Ridge,GroupKFold,2,311,Kono et al.,270.06,177.64930464471433
DesignSafe rectangular RC columns,Ridge,GroupKFold,2,319,Melek,45.6,64.44941499510608
DesignSafe rectangular RC columns,Ridge,GroupKFold,2,320,Melek,52.5,69.43331043565478
DesignSafe rectangular RC columns,Ridge,GroupKFold,2,321,Melek,64.1,74.41720587620347
DesignSafe rectangular RC columns,Ridge,GroupKFold,2,322,Melek,60.6,76.10548187318831
DesignSafe rectangular RC columns,Ridge,GroupKFold,2,323,Melek,60.1,76.10548187318831
DesignSafe rectangular RC columns,Ridge,GroupKFold,2,324,Melek,76.6,88.10070245831665
DesignSafe rectangular RC columns,Ridge,GroupKFold,3,12,Iwasaki,88.33,96.97880329507154
DesignSafe rectangular RC columns,Ridge,GroupKFold,3,13,Iwasaki,95.71,96.73180198905374
DesignSafe rectangular RC columns,Ridge,GroupKFold,3,22,Ousalem,36.19,54.95704598682514
DesignSafe rectangular RC columns,Ridge,GroupKFold,3,23,Ousalem,38.49,56.94398702949826
DesignSafe rectangular RC columns,Ridge,GroupKFold,3,24,Ousalem,52.85,57.687327508288284
DesignSafe rectangular RC columns,Ridge,GroupKFold,3,25,Ousalem,48.67,55.84581303905375
DesignSafe rectangular RC columns,Ridge,GroupKFold,3,26,Ousalem,73.53,65.26795408686135
DesignSafe rectangular RC columns,Ridge,GroupKFold,3,27,Ousalem,55.03,54.96344333315176
DesignSafe rectangular RC columns,Ridge,GroupKFold,3,28,Ousalem,56.4,54.96344333315176
DesignSafe rectangular RC columns,Ridge,GroupKFold,3,29,Ousalem,59.77,56.22568189219048
DesignSafe rectangular RC columns,Ridge,GroupKFold,3,30,Ousalem,66.47,56.22568189219048
DesignSafe rectangular RC columns,Ridge,GroupKFold,3,31,Ousalem,76.45,64.91541069896266
DesignSafe rectangular RC columns,Ridge,GroupKFold,3,69,Xiao,60.68,49.25273081112337
DesignSafe rectangular RC columns,Ridge,GroupKFold,3,70,Xiao,72.86,56.91060886293491
DesignSafe rectangular RC columns,Ridge,GroupKFold,3,71,Sezen ,70.76,65.26381177702598
DesignSafe rectangular RC columns,Ridge,GroupKFold,3,72,Sezen ,80.73,93.16087942045762
DesignSafe rectangular RC columns,Ridge,GroupKFold,3,73,Sezen ,66.22,65.38910229457125
DesignSafe rectangular RC columns,Ridge,GroupKFold,3,74,Iwasaki,28.8,78.79485613382519
DesignSafe rectangular RC columns,Ridge,GroupKFold,3,75,Iwasaki,35.97,69.27094931255559
DesignSafe rectangular RC columns,Ridge,GroupKFold,3,76,Iwasaki,35.39,19.22507130527277
DesignSafe rectangular RC columns,Ridge,GroupKFold,3,77,Iwasaki,34.91,19.368260468181653
DesignSafe rectangular RC columns,Ridge,GroupKFold,3,78,Iwasaki,36.65,19.332463177454436
DesignSafe rectangular RC columns,Ridge,GroupKFold,3,79,Iwasaki,53.57,58.041976838204064
DesignSafe rectangular RC columns,Ridge,GroupKFold,3,80,Iwasaki,51.71,58.303297060512776
DesignSafe rectangular RC columns,Ridge,GroupKFold,3,81,Iwasaki,88.65,97.22243996463908
DesignSafe rectangular RC columns,Ridge,GroupKFold,3,99,Kokusho & Fukuhara,24.42,34.25721729167178
DesignSafe rectangular RC columns,Ridge,GroupKFold,3,100,Kokusho & Fukuhara,24.31,38.987405283656905
DesignSafe rectangular RC columns,Ridge,GroupKFold,3,105,Saatcioglu,61.66,62.59980808447618
DesignSafe rectangular RC columns,Ridge,GroupKFold,3,184,Azizinamini et al. ,109.99,120.56411964168015
DesignSafe rectangular RC columns,Ridge,GroupKFold,3,185,Saatcioglu and Ozcebe,62.09,58.81569816310709
DesignSafe rectangular RC columns,Ridge,GroupKFold,3,186,Saatcioglu and Ozcebe,60.92,68.21539485010298
DesignSafe rectangular RC columns,Ridge,GroupKFold,3,187,Saatcioglu and Ozcebe,73.26,65.65012430536768
DesignSafe rectangular RC columns,Ridge,GroupKFold,3,188,Saatcioglu and Ozcebe,77.06,82.27799392178514
DesignSafe rectangular RC columns,Ridge,GroupKFold,3,189,Saatcioglu and Ozcebe,76.84,81.478192296782
DesignSafe rectangular RC columns,Ridge,GroupKFold,3,218,Xiao and Martirossyan,72.86,48.04936456196016
DesignSafe rectangular RC columns,Ridge,GroupKFold,3,219,Xiao and Martirossyan,85.05,54.96045864503233
DesignSafe rectangular RC columns,Ridge,GroupKFold,3,220,Xiao and Martirossyan,61.92,45.322359793363695
DesignSafe rectangular RC columns,Ridge,GroupKFold,3,221,Xiao and Martirossyan,71.68,52.980237845175225
DesignSafe rectangular RC columns,Ridge,GroupKFold,3,227,Nosho et al,14.78,-26.026282319985867
DesignSafe rectangular RC columns,Ridge,GroupKFold,3,228,Bayrak and Sheikh,33.11,35.50033311395321
DesignSafe rectangular RC columns,Ridge,GroupKFold,3,229,Bayrak and Sheikh,33.56,28.092781309264254
DesignSafe rectangular RC columns,Ridge,GroupKFold,3,230,Bayrak and Sheikh,33.23,41.68773924192547
DesignSafe rectangular RC columns,Ridge,GroupKFold,3,231,Bayrak and Sheikh,33.19,35.031476953351266
DesignSafe rectangular RC columns,Ridge,GroupKFold,3,232,Bayrak and Sheikh,44.83,52.18658288421592
DesignSafe rectangular RC columns,Ridge,GroupKFold,3,233,Bayrak and Sheikh,44.19,52.53990625369803
DesignSafe rectangular RC columns,Ridge,GroupKFold,3,234,Bayrak and Sheikh,38.65,62.11796685044314
DesignSafe rectangular RC columns,Ridge,GroupKFold,3,235,Bayrak and Sheikh,40.01,49.980601253137415
DesignSafe rectangular RC columns,Ridge,GroupKFold,3,246,Matamoros et al.,15.8,22.004378179118838
DesignSafe rectangular RC columns,Ridge,GroupKFold,3,247,Matamoros et al.,15.3,22.048423179756178
DesignSafe rectangular RC columns,Ridge,GroupKFold,3,248,Matamoros et al.,21.5,22.88530361309075
DesignSafe rectangular RC columns,Ridge,GroupKFold,3,249,Matamoros et al.,21.2,22.647017555423623
DesignSafe rectangular RC columns,Ridge,GroupKFold,3,250,Matamoros et al.,24.2,25.474101747942665
DesignSafe rectangular RC columns,Ridge,GroupKFold,3,251,Matamoros et al.,23.3,24.019945539296305
DesignSafe rectangular RC columns,Ridge,GroupKFold,3,252,Matamoros et al.,13.3,13.26495969212025
DesignSafe rectangular RC columns,Ridge,GroupKFold,3,253,Matamoros et al.,13.11,14.14867776020651
DesignSafe rectangular RC columns,Ridge,GroupKFold,3,254,Matamoros et al.,16.3,19.71064097649973
DesignSafe rectangular RC columns,Ridge,GroupKFold,3,255,Matamoros et al.,16.3,20.009124681270876
DesignSafe rectangular RC columns,Ridge,GroupKFold,3,256,Matamoros et al.,19.0,19.100495502677955
DesignSafe rectangular RC columns,Ridge,GroupKFold,3,257,Matamoros et al.,19.0,19.31910915512882
DesignSafe rectangular RC columns,Ridge,GroupKFold,3,281,Paultre & Legeron,27.65,7.0067812667778995
DesignSafe rectangular RC columns,Ridge,GroupKFold,3,282,Paultre & Legeron,35.92,25.78462180553872
DesignSafe rectangular RC columns,Ridge,GroupKFold,3,283,Paultre & Legeron,43.84,43.74042631781549
DesignSafe rectangular RC columns,Ridge,GroupKFold,3,284,Paultre & Legeron,25.16,13.744489800442636
DesignSafe rectangular RC columns,Ridge,GroupKFold,3,285,Paultre & Legeron,37.71,33.012633370637516
DesignSafe rectangular RC columns,Ridge,GroupKFold,3,286,Paultre & Legeron,41.59,51.272714854095675
DesignSafe rectangular RC columns,Ridge,GroupKFold,4,1,Imai,105.95,109.7038520191267
DesignSafe rectangular RC columns,Ridge,GroupKFold,4,2,Zhou,18.64,13.500314969966716
DesignSafe rectangular RC columns,Ridge,GroupKFold,4,3,Zhou,20.53,13.500314969966716
DesignSafe rectangular RC columns,Ridge,GroupKFold,4,4,Zhou,25.84,12.506211724366857
DesignSafe rectangular RC columns,Ridge,GroupKFold,4,5,Arakawa,29.35,28.07014784427385
DesignSafe rectangular RC columns,Ridge,GroupKFold,4,6,Arakawa,30.11,28.426087593964073
DesignSafe rectangular RC columns,Ridge,GroupKFold,4,7,Umehara,72.53,101.88114655820203
DesignSafe rectangular RC columns,Ridge,GroupKFold,4,8,Umehara,59.16,67.38703433079655
DesignSafe rectangular RC columns,Ridge,GroupKFold,4,16,Yoshimura,21.74,35.40813373139036
DesignSafe rectangular RC columns,Ridge,GroupKFold,4,17,Yoshimura,21.52,36.88215743517164
DesignSafe rectangular RC columns,Ridge,GroupKFold,4,18,Yoshimura,36.91,31.451859322612034
DesignSafe rectangular RC columns,Ridge,GroupKFold,4,19,Yoshimura,53.28,56.98324046688102
DesignSafe rectangular RC columns,Ridge,GroupKFold,4,20,Yoshimura,51.55,55.571444537138504
DesignSafe rectangular RC columns,Ridge,GroupKFold,4,21,Yoshimura,58.67,59.61723590208486
DesignSafe rectangular RC columns,Ridge,GroupKFold,4,35,Yoshimura,88.08,83.77663374489836
DesignSafe rectangular RC columns,Ridge,GroupKFold,4,42,Zhou,8.26,12.173432300359316
DesignSafe rectangular RC columns,Ridge,GroupKFold,4,43,Zhou,15.22,2.071790970122521
DesignSafe rectangular RC columns,Ridge,GroupKFold,4,44,Zhou,15.15,0.33157051117150615
DesignSafe rectangular RC columns,Ridge,GroupKFold,4,45,Zhou,12.71,-5.637414821606342
DesignSafe rectangular RC columns,Ridge,GroupKFold,4,46,Zhou,12.34,-5.637414821606342
DesignSafe rectangular RC columns,Ridge,GroupKFold,4,49,Amitsu,115.47,89.13788931647906
DesignSafe rectangular RC columns,Ridge,GroupKFold,4,113,Yoshimura,48.94,52.11208312118194
DesignSafe rectangular RC columns,Ridge,GroupKFold,4,114,Yoshimura,47.59,51.626661474126884
DesignSafe rectangular RC columns,Ridge,GroupKFold,4,119,Yoshimura,46.29,41.369280369211864
DesignSafe rectangular RC columns,Ridge,GroupKFold,4,120,Yoshimura,45.21,41.369280369211864
DesignSafe rectangular RC columns,Ridge,GroupKFold,4,125,Ang et al.,43.17,46.670946092971406
DesignSafe rectangular RC columns,Ridge,GroupKFold,4,126,Ang et al.,38.04,42.23401589942288
DesignSafe rectangular RC columns,Ridge,GroupKFold,4,127,Soesianawati et al.,44.87,51.12995959364108
DesignSafe rectangular RC columns,Ridge,GroupKFold,4,128,Soesianawati et al.,62.78,67.14144023601145
DesignSafe rectangular RC columns,Ridge,GroupKFold,4,129,Soesianawati et al.,62.27,67.78120274162666
DesignSafe rectangular RC columns,Ridge,GroupKFold,4,130,Soesianawati et al.,59.47,63.0499072028473
DesignSafe rectangular RC columns,Ridge,GroupKFold,4,131,Zahn ,47.95,48.32297498599769
DesignSafe rectangular RC columns,Ridge,GroupKFold,4,132,Zahn ,60.44,71.13141477172111
DesignSafe rectangular RC columns,Ridge,GroupKFold,4,147,Arakawa,36.08,31.580779676274446
DesignSafe rectangular RC columns,Ridge,GroupKFold,4,151,Zhou,16.23,6.174228309199272
DesignSafe rectangular RC columns,Ridge,GroupKFold,4,158,Mugurma et al.,54.53,35.34603220791841
DesignSafe rectangular RC columns,Ridge,GroupKFold,4,159,Mugurma et al.,54.88,46.545844490485145
DesignSafe rectangular RC columns,Ridge,GroupKFold,4,160,Mugurma et al.,54.43,46.656906921826575
DesignSafe rectangular RC columns,Ridge,GroupKFold,4,161,Mugurma et al.,55.45,54.87597285330985
DesignSafe rectangular RC columns,Ridge,GroupKFold,4,162,Mugurma et al.,57.25,43.61381606720384
DesignSafe rectangular RC columns,Ridge,GroupKFold,4,163,Mugurma et al.,57.45,51.832881998687114
DesignSafe rectangular RC columns,Ridge,GroupKFold,4,164,Mugurma et al.,64.89,52.853793426311036
DesignSafe rectangular RC columns,Ridge,GroupKFold,4,165,Mugurma et al.,64.76,61.07285935779431
DesignSafe rectangular RC columns,Ridge,GroupKFold,4,222,Sugano,75.14,108.53790545539758
DesignSafe rectangular RC columns,Ridge,GroupKFold,4,223,Sugano,82.05,107.56496000838442
DesignSafe rectangular RC columns,Ridge,GroupKFold,4,224,Sugano,91.89,103.64008687445879
DesignSafe rectangular RC columns,Ridge,GroupKFold,4,225,Sugano,82.67,88.8303668322815
DesignSafe rectangular RC columns,Ridge,GroupKFold,4,226,Sugano,83.18,84.90549369835587
DesignSafe rectangular RC columns,Ridge,GroupKFold,4,270,Thomsen and Wallace,10.44,5.853726986090024
DesignSafe rectangular RC columns,Ridge,GroupKFold,4,271,Thomsen and Wallace,16.45,5.599019769442897
DesignSafe rectangular RC columns,Ridge,GroupKFold,4,272,Thomsen and Wallace,9.13,2.4962801392162746
DesignSafe rectangular RC columns,Ridge,GroupKFold,4,273,Thomsen and Wallace,12.55,3.069801886869044
DesignSafe rectangular RC columns,Ridge,GroupKFold,4,274,Thomsen and Wallace,14.66,6.207838042103127
DesignSafe rectangular RC columns,Ridge,GroupKFold,4,275,Thomsen and Wallace,8.99,6.955822299956935
DesignSafe rectangular RC columns,Ridge,GroupKFold,4,276,Thomsen and Wallace,11.51,9.414669592661745
DesignSafe rectangular RC columns,Ridge,GroupKFold,4,277,Thomsen and Wallace,12.98,12.401849317250552
DesignSafe rectangular RC columns,Ridge,GroupKFold,4,278,Thomsen and Wallace,12.82,13.036523316840515
DesignSafe rectangular RC columns,Ridge,GroupKFold,4,279,Thomsen and Wallace,14.11,17.735918086889058
DesignSafe rectangular RC columns,Ridge,GroupKFold,4,280,Thomsen and Wallace,12.06,14.56444100535105
DesignSafe rectangular RC columns,Ridge,GroupKFold,4,312,Takemura and Kawashima,34.12,60.2295912291481
DesignSafe rectangular RC columns,Ridge,GroupKFold,4,313,Takemura and Kawashima,33.26,60.19038059281948
DesignSafe rectangular RC columns,Ridge,GroupKFold,4,314,Takemura and Kawashima,34.42,59.91590613851919
DesignSafe rectangular RC columns,Ridge,GroupKFold,4,315,Takemura and Kawashima,35.31,59.70024763871182
DesignSafe rectangular RC columns,Ridge,GroupKFold,4,316,Takemura and Kawashima,35.85,60.406039092626855
DesignSafe rectangular RC columns,Ridge,GroupKFold,4,317,Takemura and Kawashima,38.35,60.2295912291481
DesignSafe rectangular RC columns,Ridge,LeaveOneSourceOut,0,10,Aboutaha,101.19,116.98223042510907
DesignSafe rectangular RC columns,Ridge,LeaveOneSourceOut,0,11,Aboutaha,144.49,211.0284785490941
DesignSafe rectangular RC columns,Ridge,LeaveOneSourceOut,1,267,Aboutaha and Machado,58.03,63.09906613493235
DesignSafe rectangular RC columns,Ridge,LeaveOneSourceOut,1,268,Aboutaha and Machado,87.31,84.23498354345604
DesignSafe rectangular RC columns,Ridge,LeaveOneSourceOut,1,269,Aboutaha and Machado,95.36,91.21712471465605
DesignSafe rectangular RC columns,Ridge,LeaveOneSourceOut,2,49,Amitsu,115.47,94.08830110303472
DesignSafe rectangular RC columns,Ridge,LeaveOneSourceOut,3,125,Ang et al.,43.17,49.5032685529729
DesignSafe rectangular RC columns,Ridge,LeaveOneSourceOut,3,126,Ang et al.,38.04,43.567212026173536
DesignSafe rectangular RC columns,Ridge,LeaveOneSourceOut,4,5,Arakawa,29.35,27.94332464275585
DesignSafe rectangular RC columns,Ridge,LeaveOneSourceOut,4,6,Arakawa,30.11,31.71418057560712
DesignSafe rectangular RC columns,Ridge,LeaveOneSourceOut,4,147,Arakawa,36.08,36.81430283925582
DesignSafe rectangular RC columns,Ridge,LeaveOneSourceOut,5,173,Atalay and Penzein,13.87,-3.9485876793286394
DesignSafe rectangular RC columns,Ridge,LeaveOneSourceOut,5,174,Atalay and Penzein,13.76,-3.849881469125762
DesignSafe rectangular RC columns,Ridge,LeaveOneSourceOut,5,175,Atalay and Penzein,13.09,-3.9278295855638703
DesignSafe rectangular RC columns,Ridge,LeaveOneSourceOut,5,176,Atalay and Penzein,16.01,-3.7775250888570397
DesignSafe rectangular RC columns,Ridge,LeaveOneSourceOut,5,177,Atalay and Penzein,17.23,0.583340167263529
DesignSafe rectangular RC columns,Ridge,LeaveOneSourceOut,5,178,Atalay and Penzein,16.84,0.8696643183363193
DesignSafe rectangular RC columns,Ridge,LeaveOneSourceOut,5,179,Atalay and Penzein,17.73,4.239527946220818
DesignSafe rectangular RC columns,Ridge,LeaveOneSourceOut,5,180,Atalay and Penzein,17.53,3.776175430800926
DesignSafe rectangular RC columns,Ridge,LeaveOneSourceOut,5,181,Atalay and Penzein,18.46,3.5965675032125475
DesignSafe rectangular RC columns,Ridge,LeaveOneSourceOut,5,182,Atalay and Penzein,17.64,3.5292089632972647
DesignSafe rectangular RC columns,Ridge,LeaveOneSourceOut,6,183,Azizinamini et al.,104.93,104.18797904531698
DesignSafe rectangular RC columns,Ridge,LeaveOneSourceOut,7,184,Azizinamini et al. ,109.99,121.85088792400857
DesignSafe rectangular RC columns,Ridge,LeaveOneSourceOut,8,228,Bayrak and Sheikh,33.11,38.76856419352528
DesignSafe rectangular RC columns,Ridge,LeaveOneSourceOut,8,229,Bayrak and Sheikh,33.56,30.191271236903084
DesignSafe rectangular RC columns,Ridge,LeaveOneSourceOut,8,230,Bayrak and Sheikh,33.23,43.371262453788255
DesignSafe rectangular RC columns,Ridge,LeaveOneSourceOut,8,231,Bayrak and Sheikh,33.19,37.563507956261546
DesignSafe rectangular RC columns,Ridge,LeaveOneSourceOut,8,232,Bayrak and Sheikh,44.83,54.2405861884153
DesignSafe rectangular RC columns,Ridge,LeaveOneSourceOut,8,233,Bayrak and Sheikh,44.19,56.14492939266689
DesignSafe rectangular RC columns,Ridge,LeaveOneSourceOut,8,234,Bayrak and Sheikh,38.65,63.43447987362819
DesignSafe rectangular RC columns,Ridge,LeaveOneSourceOut,8,235,Bayrak and Sheikh,40.01,52.79265304630066
DesignSafe rectangular RC columns,Ridge,LeaveOneSourceOut,9,9,Bett,48.02,67.53136418589062
DesignSafe rectangular RC columns,Ridge,LeaveOneSourceOut,10,102,Elwood,18.14,14.984601838816168
DesignSafe rectangular RC columns,Ridge,LeaveOneSourceOut,10,103,Elwood,19.92,17.07981762917254
DesignSafe rectangular RC columns,Ridge,LeaveOneSourceOut,11,106,Esaki,27.5,20.818732590598078
DesignSafe rectangular RC columns,Ridge,LeaveOneSourceOut,11,107,Esaki,24.54,19.907078431283164
DesignSafe rectangular RC columns,Ridge,LeaveOneSourceOut,11,108,Esaki,26.77,21.99923368174982
DesignSafe rectangular RC columns,Ridge,LeaveOneSourceOut,11,109,Esaki,24.59,21.47335785187894
DesignSafe rectangular RC columns,Ridge,LeaveOneSourceOut,12,190,Galeota et al. ,29.26,29.63825493281776
DesignSafe rectangular RC columns,Ridge,LeaveOneSourceOut,12,191,Galeota et al. ,27.68,29.568798186986108
DesignSafe rectangular RC columns,Ridge,LeaveOneSourceOut,12,192,Galeota et al. ,22.09,22.724732567553794
DesignSafe rectangular RC columns,Ridge,LeaveOneSourceOut,12,193,Galeota et al. ,30.93,22.724732567553794
DesignSafe rectangular RC columns,Ridge,LeaveOneSourceOut,12,194,Galeota et al. ,31.75,21.52601513158988
DesignSafe rectangular RC columns,Ridge,LeaveOneSourceOut,12,195,Galeota et al. ,28.86,28.370080751022186
DesignSafe rectangular RC columns,Ridge,LeaveOneSourceOut,12,196,Galeota et al. ,29.47,28.370080751022186
DesignSafe rectangular RC columns,Ridge,LeaveOneSourceOut,12,197,Galeota et al. ,24.8,21.45655838575822
DesignSafe rectangular RC columns,Ridge,LeaveOneSourceOut,12,198,Galeota et al. ,22.71,16.385423855707153
DesignSafe rectangular RC columns,Ridge,LeaveOneSourceOut,12,199,Galeota et al. ,28.43,23.298946220971118
DesignSafe rectangular RC columns,Ridge,LeaveOneSourceOut,12,200,Galeota et al. ,29.59,16.385423855707153
DesignSafe rectangular RC columns,Ridge,LeaveOneSourceOut,12,201,Galeota et al. ,30.3,23.298946220971118
DesignSafe rectangular RC columns,Ridge,LeaveOneSourceOut,12,202,Galeota et al. ,39.41,53.54035628606933
DesignSafe rectangular RC columns,Ridge,LeaveOneSourceOut,12,203,Galeota et al. ,37.12,60.4538786513333
DesignSafe rectangular RC columns,Ridge,LeaveOneSourceOut,12,204,Galeota et al. ,38.91,60.4538786513333
DesignSafe rectangular RC columns,Ridge,LeaveOneSourceOut,12,205,Galeota et al. ,46.03,53.54035628606933
DesignSafe rectangular RC columns,Ridge,LeaveOneSourceOut,12,206,Galeota et al. ,36.33,52.49278844355334
DesignSafe rectangular RC columns,Ridge,LeaveOneSourceOut,12,207,Galeota et al. ,43.86,52.49278844355334
DesignSafe rectangular RC columns,Ridge,LeaveOneSourceOut,12,208,Galeota et al. ,39.34,59.406310808817295
DesignSafe rectangular RC columns,Ridge,LeaveOneSourceOut,12,209,Galeota et al. ,38.33,59.406310808817295
DesignSafe rectangular RC columns,Ridge,LeaveOneSourceOut,12,210,Galeota et al. ,38.56,47.08308333129398
DesignSafe rectangular RC columns,Ridge,LeaveOneSourceOut,12,211,Galeota et al. ,38.91,47.08308333129398
DesignSafe rectangular RC columns,Ridge,LeaveOneSourceOut,12,212,Galeota et al. ,38.3,53.99660569655794
DesignSafe rectangular RC columns,Ridge,LeaveOneSourceOut,12,213,Galeota et al. ,39.76,53.99660569655794
DesignSafe rectangular RC columns,Ridge,LeaveOneSourceOut,13,121,Gill et al.,156.5,139.25780176960623
DesignSafe rectangular RC columns,Ridge,LeaveOneSourceOut,13,122,Gill et al.,182.41,152.80959936732776
DesignSafe rectangular RC columns,Ridge,LeaveOneSourceOut,13,123,Gill et al.,150.71,152.32599782681265
DesignSafe rectangular RC columns,Ridge,LeaveOneSourceOut,13,124,Gill et al.,156.58,172.2771231571849
DesignSafe rectangular RC columns,Ridge,LeaveOneSourceOut,14,318,Harries,42.7,22.486630327570648
DesignSafe rectangular RC columns,Ridge,LeaveOneSourceOut,15,82,Ikeda,16.8,15.033996636973015
DesignSafe rectangular RC columns,Ridge,LeaveOneSourceOut,15,83,Ikeda,15.92,15.033996636973015
DesignSafe rectangular RC columns,Ridge,LeaveOneSourceOut,15,84,Ikeda,18.8,16.036104065953175
DesignSafe rectangular RC columns,Ridge,LeaveOneSourceOut,15,85,Ikeda,18.14,18.16585685699642
DesignSafe rectangular RC columns,Ridge,LeaveOneSourceOut,15,86,Ikeda,13.02,6.735356730739902
DesignSafe rectangular RC columns,Ridge,LeaveOneSourceOut,15,87,Ikeda,15.92,7.737464159720055
DesignSafe rectangular RC columns,Ridge,LeaveOneSourceOut,15,88,Ikeda,15.8,7.737464159720055
DesignSafe rectangular RC columns,Ridge,LeaveOneSourceOut,16,1,Imai,105.95,105.60017046225487
DesignSafe rectangular RC columns,Ridge,LeaveOneSourceOut,17,12,Iwasaki,88.33,93.44647821415494
DesignSafe rectangular RC columns,Ridge,LeaveOneSourceOut,17,13,Iwasaki,95.71,93.15454804894308
DesignSafe rectangular RC columns,Ridge,LeaveOneSourceOut,17,74,Iwasaki,28.8,72.16395540313488
DesignSafe rectangular RC columns,Ridge,LeaveOneSourceOut,17,75,Iwasaki,35.97,64.57381707531633
DesignSafe rectangular RC columns,Ridge,LeaveOneSourceOut,17,76,Iwasaki,35.39,15.640016107425119
DesignSafe rectangular RC columns,Ridge,LeaveOneSourceOut,17,77,Iwasaki,34.91,15.809250985808795
DesignSafe rectangular RC columns,Ridge,LeaveOneSourceOut,17,78,Iwasaki,36.65,15.76694226621288
DesignSafe rectangular RC columns,Ridge,LeaveOneSourceOut,17,79,Iwasaki,53.57,54.472380055466864
DesignSafe rectangular RC columns,Ridge,LeaveOneSourceOut,17,80,Iwasaki,51.71,54.78123370851709
DesignSafe rectangular RC columns,Ridge,LeaveOneSourceOut,17,81,Iwasaki,88.65,95.20922356476636
DesignSafe rectangular RC columns,Ridge,LeaveOneSourceOut,18,152,Kanda et al.,18.41,19.58592940972513
DesignSafe rectangular RC columns,Ridge,LeaveOneSourceOut,18,153,Kanda et al.,17.99,19.9451988265536
DesignSafe rectangular RC columns,Ridge,LeaveOneSourceOut,18,154,Kanda et al.,18.41,19.9451988265536
DesignSafe rectangular RC columns,Ridge,LeaveOneSourceOut,18,155,Kanda et al.,19.01,17.9272105575758
DesignSafe rectangular RC columns,Ridge,LeaveOneSourceOut,18,156,Kanda et al.,18.34,19.946438065228747
DesignSafe rectangular RC columns,Ridge,LeaveOneSourceOut,18,157,Kanda et al.,17.42,19.946438065228747
DesignSafe rectangular RC columns,Ridge,LeaveOneSourceOut,19,97,Kokusho,16.93,19.374408803976188
DesignSafe rectangular RC columns,Ridge,LeaveOneSourceOut,19,98,Kokusho,19.75,24.51203481406324
DesignSafe rectangular RC columns,Ridge,LeaveOneSourceOut,20,99,Kokusho & Fukuhara,24.42,32.796387454520605
DesignSafe rectangular RC columns,Ridge,LeaveOneSourceOut,20,100,Kokusho & Fukuhara,24.31,38.1434961521393
DesignSafe rectangular RC columns,Ridge,LeaveOneSourceOut,21,307,Kono et al.,45.19,36.83039806694693
DesignSafe rectangular RC columns,Ridge,LeaveOneSourceOut,21,308,Kono et al.,42.28,46.24873126535263
DesignSafe rectangular RC columns,Ridge,LeaveOneSourceOut,21,309,Kono et al.,278.53,200.41762685560508
DesignSafe rectangular RC columns,Ridge,LeaveOneSourceOut,21,310,Kono et al.,300.95,200.10950591902116
DesignSafe rectangular RC columns,Ridge,LeaveOneSourceOut,21,311,Kono et al.,270.06,169.08014814780893
DesignSafe rectangular RC columns,Ridge,LeaveOneSourceOut,22,37,Lynn,59.8,76.15604916414168
DesignSafe rectangular RC columns,Ridge,LeaveOneSourceOut,22,65,Lynn,54.13,44.89185815670192
DesignSafe rectangular RC columns,Ridge,LeaveOneSourceOut,22,66,Lynn,68.79,56.851758895797055
DesignSafe rectangular RC columns,Ridge,LeaveOneSourceOut,22,67,Lynn,52.5,58.3736374814097
DesignSafe rectangular RC columns,Ridge,LeaveOneSourceOut,22,68,Lynn,82.5,99.25548836799857
DesignSafe rectangular RC columns,Ridge,LeaveOneSourceOut,22,110,Lynn,73.73,68.23282018813505
DesignSafe rectangular RC columns,Ridge,LeaveOneSourceOut,22,111,Lynn,80.03,82.01626287452365
DesignSafe rectangular RC columns,Ridge,LeaveOneSourceOut,22,112,Lynn,59.8,76.15604916414168
DesignSafe rectangular RC columns,Ridge,LeaveOneSourceOut,23,246,Matamoros et al.,15.8,19.431618873305247
DesignSafe rectangular RC columns,Ridge,LeaveOneSourceOut,23,247,Matamoros et al.,15.3,19.476712507392143
DesignSafe rectangular RC columns,Ridge,LeaveOneSourceOut,23,248,Matamoros et al.,21.5,21.23390166571702
DesignSafe rectangular RC columns,Ridge,LeaveOneSourceOut,23,249,Matamoros et al.,21.2,21.26981120953927
DesignSafe rectangular RC columns,Ridge,LeaveOneSourceOut,23,250,Matamoros et al.,24.2,24.36757545382351
DesignSafe rectangular RC columns,Ridge,LeaveOneSourceOut,23,251,Matamoros et al.,23.3,23.888225377471983
DesignSafe rectangular RC columns,Ridge,LeaveOneSourceOut,23,252,Matamoros et al.,13.3,11.047895667410025
DesignSafe rectangular RC columns,Ridge,LeaveOneSourceOut,23,253,Matamoros et al.,13.11,11.484188043013624
DesignSafe rectangular RC columns,Ridge,LeaveOneSourceOut,23,254,Matamoros et al.,16.3,17.052612647835417
DesignSafe rectangular RC columns,Ridge,LeaveOneSourceOut,23,255,Matamoros et al.,16.3,17.28571639364357
DesignSafe rectangular RC columns,Ridge,LeaveOneSourceOut,23,256,Matamoros et al.,19.0,18.226102964840443
DesignSafe rectangular RC columns,Ridge,LeaveOneSourceOut,23,257,Matamoros et al.,19.0,18.49174181529665
DesignSafe rectangular RC columns,Ridge,LeaveOneSourceOut,24,319,Melek,45.6,50.309063187997445
DesignSafe rectangular RC columns,Ridge,LeaveOneSourceOut,24,320,Melek,52.5,57.59854298293327
DesignSafe rectangular RC columns,Ridge,LeaveOneSourceOut,24,321,Melek,64.1,64.88802277786908
DesignSafe rectangular RC columns,Ridge,LeaveOneSourceOut,24,322,Melek,60.6,65.19187532820281
DesignSafe rectangular RC columns,Ridge,LeaveOneSourceOut,24,323,Melek,60.1,65.19187532820281
DesignSafe rectangular RC columns,Ridge,LeaveOneSourceOut,24,324,Melek,76.6,80.21163216465972
DesignSafe rectangular RC columns,Ridge,LeaveOneSourceOut,25,258,Mo and Wang,56.2,59.08011643751012
DesignSafe rectangular RC columns,Ridge,LeaveOneSourceOut,25,259,Mo and Wang,60.15,62.45179942349575
DesignSafe rectangular RC columns,Ridge,LeaveOneSourceOut,25,260,Mo and Wang,68.63,65.35260300459532
DesignSafe rectangular RC columns,Ridge,LeaveOneSourceOut,25,261,Mo and Wang,55.76,59.30584553786636
DesignSafe rectangular RC columns,Ridge,LeaveOneSourceOut,25,262,Mo and Wang,64.21,62.689464820250116
DesignSafe rectangular RC columns,Ridge,LeaveOneSourceOut,25,263,Mo and Wang,69.65,65.64735619776738
DesignSafe rectangular RC columns,Ridge,LeaveOneSourceOut,25,264,Mo and Wang,56.75,59.49106088685623
DesignSafe rectangular RC columns,Ridge,LeaveOneSourceOut,25,265,Mo and Wang,63.5,62.75670228515181
DesignSafe rectangular RC columns,Ridge,LeaveOneSourceOut,25,266,Mo and Wang,68.05,65.64556956985327
DesignSafe rectangular RC columns,Ridge,LeaveOneSourceOut,26,158,Mugurma et al.,54.53,38.59402895766894
DesignSafe rectangular RC columns,Ridge,LeaveOneSourceOut,26,159,Mugurma et al.,54.88,46.377542009724024
DesignSafe rectangular RC columns,Ridge,LeaveOneSourceOut,26,160,Mugurma et al.,54.43,51.72200740241377
DesignSafe rectangular RC columns,Ridge,LeaveOneSourceOut,26,161,Mugurma et al.,55.45,56.80763814962899
DesignSafe rectangular RC columns,Ridge,LeaveOneSourceOut,26,162,Mugurma et al.,57.25,44.292270291110086
DesignSafe rectangular RC columns,Ridge,LeaveOneSourceOut,26,163,Mugurma et al.,57.45,49.37790103832531
DesignSafe rectangular RC columns,Ridge,LeaveOneSourceOut,26,164,Mugurma et al.,64.89,54.821080167179176
DesignSafe rectangular RC columns,Ridge,LeaveOneSourceOut,26,165,Mugurma et al.,64.76,59.906710914394395
DesignSafe rectangular RC columns,Ridge,LeaveOneSourceOut,27,0,Nagasaka,19.67,23.011213565175073
DesignSafe rectangular RC columns,Ridge,LeaveOneSourceOut,27,39,Nagasaka,25.32,20.85599894106954
DesignSafe rectangular RC columns,Ridge,LeaveOneSourceOut,28,32,Nakamura et al.,61.03,62.54672877659351
DesignSafe rectangular RC columns,Ridge,LeaveOneSourceOut,28,33,Nakamura et al.,59.12,65.37034729350314
DesignSafe rectangular RC columns,Ridge,LeaveOneSourceOut,28,34,Nakamura et al.,65.62,65.37034729350314
DesignSafe rectangular RC columns,Ridge,LeaveOneSourceOut,29,227,Nosho et al,14.78,-31.821392950278742
DesignSafe rectangular RC columns,Ridge,LeaveOneSourceOut,30,148,Ohno and Nishioka,27.21,33.894354369982416
DesignSafe rectangular RC columns,Ridge,LeaveOneSourceOut,30,149,Ohno and Nishioka,24.44,33.894354369982416
DesignSafe rectangular RC columns,Ridge,LeaveOneSourceOut,30,150,Ohno and Nishioka,24.76,33.894354369982416
DesignSafe rectangular RC columns,Ridge,LeaveOneSourceOut,31,40,Ohue,22.79,25.35225082765225
DesignSafe rectangular RC columns,Ridge,LeaveOneSourceOut,31,41,Ohue,24.86,18.712327750657483
DesignSafe rectangular RC columns,Ridge,LeaveOneSourceOut,32,47,Ono,29.27,27.187590966189887
DesignSafe rectangular RC columns,Ridge,LeaveOneSourceOut,32,48,Ono,30.73,31.76409662203459
DesignSafe rectangular RC columns,Ridge,LeaveOneSourceOut,33,22,Ousalem,36.19,55.289398592020284
DesignSafe rectangular RC columns,Ridge,LeaveOneSourceOut,33,23,Ousalem,38.49,56.22537754182193
DesignSafe rectangular RC columns,Ridge,LeaveOneSourceOut,33,24,Ousalem,52.85,56.76259774310823
DesignSafe rectangular RC columns,Ridge,LeaveOneSourceOut,33,25,Ousalem,48.67,54.72085891289816
DesignSafe rectangular RC columns,Ridge,LeaveOneSourceOut,33,26,Ousalem,73.53,69.37101822230514
DesignSafe rectangular RC columns,Ridge,LeaveOneSourceOut,33,27,Ousalem,55.03,60.24958835175252
DesignSafe rectangular RC columns,Ridge,LeaveOneSourceOut,33,28,Ousalem,56.4,60.24958835175252
DesignSafe rectangular RC columns,Ridge,LeaveOneSourceOut,33,29,Ousalem,59.77,61.22866242921847
DesignSafe rectangular RC columns,Ridge,LeaveOneSourceOut,33,30,Ousalem,66.47,61.22866242921846
DesignSafe rectangular RC columns,Ridge,LeaveOneSourceOut,33,31,Ousalem,76.45,69.04318717046777
DesignSafe rectangular RC columns,Ridge,LeaveOneSourceOut,34,15,Pandey,30.56,30.55498405059536
DesignSafe rectangular RC columns,Ridge,LeaveOneSourceOut,34,38,Pandey,41.99,45.984234353099865
DesignSafe rectangular RC columns,Ridge,LeaveOneSourceOut,34,117,Pandey,41.61,48.6124357941586
DesignSafe rectangular RC columns,Ridge,LeaveOneSourceOut,34,118,Pandey,28.15,26.087135203506488
DesignSafe rectangular RC columns,Ridge,LeaveOneSourceOut,35,146,Park and Paulay,88.81,92.37192816644912
DesignSafe rectangular RC columns,Ridge,LeaveOneSourceOut,36,281,Paultre & Legeron,27.65,12.23693191944919
DesignSafe rectangular RC columns,Ridge,LeaveOneSourceOut,36,282,Paultre & Legeron,35.92,29.06759908196616
DesignSafe rectangular RC columns,Ridge,LeaveOneSourceOut,36,283,Paultre & Legeron,43.84,47.20578699343851
DesignSafe rectangular RC columns,Ridge,LeaveOneSourceOut,36,284,Paultre & Legeron,25.16,20.246687662352382
DesignSafe rectangular RC columns,Ridge,LeaveOneSourceOut,36,285,Paultre & Legeron,37.71,37.516111827765
DesignSafe rectangular RC columns,Ridge,LeaveOneSourceOut,36,286,Paultre & Legeron,41.59,55.9926664426052
DesignSafe rectangular RC columns,Ridge,LeaveOneSourceOut,37,287,Paultre et al.,38.04,41.41702659809864
DesignSafe rectangular RC columns,Ridge,LeaveOneSourceOut,37,288,Paultre et al.,47.86,66.85720153046259
DesignSafe rectangular RC columns,Ridge,LeaveOneSourceOut,37,289,Paultre et al.,44.56,59.222268830543165
DesignSafe rectangular RC columns,Ridge,LeaveOneSourceOut,37,290,Paultre et al.,45.34,61.1850268839353
DesignSafe rectangular RC columns,Ridge,LeaveOneSourceOut,37,291,Paultre et al.,45.31,80.67738599868726
DesignSafe rectangular RC columns,Ridge,LeaveOneSourceOut,37,292,Paultre et al.,47.32,81.17514189443672
DesignSafe rectangular RC columns,Ridge,LeaveOneSourceOut,38,293,Pujol,25.52,42.07908532874146
DesignSafe rectangular RC columns,Ridge,LeaveOneSourceOut,38,294,Pujol,25.52,42.07908532874146
DesignSafe rectangular RC columns,Ridge,LeaveOneSourceOut,38,295,Pujol,26.08,42.114340161452475
DesignSafe rectangular RC columns,Ridge,LeaveOneSourceOut,38,296,Pujol,26.08,42.114340161452475
DesignSafe rectangular RC columns,Ridge,LeaveOneSourceOut,38,297,Pujol,25.52,44.5611209288851
DesignSafe rectangular RC columns,Ridge,LeaveOneSourceOut,38,298,Pujol,25.52,44.5611209288851
DesignSafe rectangular RC columns,Ridge,LeaveOneSourceOut,38,299,Pujol,25.65,43.69123203637772
DesignSafe rectangular RC columns,Ridge,LeaveOneSourceOut,38,300,Pujol,25.65,43.69123203637772
DesignSafe rectangular RC columns,Ridge,LeaveOneSourceOut,38,301,Pujol,29.38,47.382329129082294
DesignSafe rectangular RC columns,Ridge,LeaveOneSourceOut,38,302,Pujol,29.38,47.382329129082294
DesignSafe rectangular RC columns,Ridge,LeaveOneSourceOut,38,303,Pujol,26.03,45.0313100430905
DesignSafe rectangular RC columns,Ridge,LeaveOneSourceOut,38,304,Pujol,26.03,45.0313100430905
DesignSafe rectangular RC columns,Ridge,LeaveOneSourceOut,38,305,Pujol,26.47,45.303076470552995
DesignSafe rectangular RC columns,Ridge,LeaveOneSourceOut,38,306,Pujol,26.47,45.303076470552995
DesignSafe rectangular RC columns,Ridge,LeaveOneSourceOut,39,105,Saatcioglu,61.66,62.17479374591075
DesignSafe rectangular RC columns,Ridge,LeaveOneSourceOut,40,236,Saatcioglu and Giria,43.76,37.72455810053199
DesignSafe rectangular RC columns,Ridge,LeaveOneSourceOut,40,237,Saatcioglu and Giria,42.96,39.03388121316998
DesignSafe rectangular RC columns,Ridge,LeaveOneSourceOut,40,238,Saatcioglu and Giria,36.93,26.389875997868927
DesignSafe rectangular RC columns,Ridge,LeaveOneSourceOut,40,239,Saatcioglu and Giria,46.47,43.098777101611375
DesignSafe rectangular RC columns,Ridge,LeaveOneSourceOut,40,240,Saatcioglu and Giria,53.35,43.898159062878484
DesignSafe rectangular RC columns,Ridge,LeaveOneSourceOut,40,241,Saatcioglu and Giria,49.78,59.6032770322426
DesignSafe rectangular RC columns,Ridge,LeaveOneSourceOut,40,242,Saatcioglu and Giria,48.44,47.4029395769253
DesignSafe rectangular RC columns,Ridge,LeaveOneSourceOut,40,243,Saatcioglu and Giria,44.62,34.60588077746837
DesignSafe rectangular RC columns,Ridge,LeaveOneSourceOut,40,244,Saatcioglu and Giria,49.31,44.515207542338295
DesignSafe rectangular RC columns,Ridge,LeaveOneSourceOut,40,245,Saatcioglu and Giria,53.5,41.010427028291474
DesignSafe rectangular RC columns,Ridge,LeaveOneSourceOut,41,185,Saatcioglu and Ozcebe,62.09,57.48275187373465
DesignSafe rectangular RC columns,Ridge,LeaveOneSourceOut,41,186,Saatcioglu and Ozcebe,60.92,67.45246166112442
DesignSafe rectangular RC columns,Ridge,LeaveOneSourceOut,41,187,Saatcioglu and Ozcebe,73.26,65.02639940969664
DesignSafe rectangular RC columns,Ridge,LeaveOneSourceOut,41,188,Saatcioglu and Ozcebe,77.06,77.65084467045997
DesignSafe rectangular RC columns,Ridge,LeaveOneSourceOut,41,189,Saatcioglu and Ozcebe,76.84,75.73158813621046
DesignSafe rectangular RC columns,Ridge,LeaveOneSourceOut,42,166,Sakai et al.,92.71,80.6613424349544
DesignSafe rectangular RC columns,Ridge,LeaveOneSourceOut,42,167,Sakai et al.,92.99,79.19884982617349
DesignSafe rectangular RC columns,Ridge,LeaveOneSourceOut,42,168,Sakai et al.,96.29,75.56229775657324
DesignSafe rectangular RC columns,Ridge,LeaveOneSourceOut,42,169,Sakai et al.,91.09,84.18363523797478
DesignSafe rectangular RC columns,Ridge,LeaveOneSourceOut,42,170,Sakai et al.,91.18,76.73617126405144
DesignSafe rectangular RC columns,Ridge,LeaveOneSourceOut,42,171,Sakai et al.,94.43,81.32915393319888
DesignSafe rectangular RC columns,Ridge,LeaveOneSourceOut,42,172,Sakai et al.,91.06,82.90261349609789
DesignSafe rectangular RC columns,Ridge,LeaveOneSourceOut,43,71,Sezen ,70.76,67.45328969689291
DesignSafe rectangular RC columns,Ridge,LeaveOneSourceOut,43,72,Sezen ,80.73,94.91756841104997
DesignSafe rectangular RC columns,Ridge,LeaveOneSourceOut,43,73,Sezen ,66.22,67.59305002523838
DesignSafe rectangular RC columns,Ridge,LeaveOneSourceOut,44,127,Soesianawati et al.,44.87,50.665504954784645
DesignSafe rectangular RC columns,Ridge,LeaveOneSourceOut,44,128,Soesianawati et al.,62.78,67.65562036678133
DesignSafe rectangular RC columns,Ridge,LeaveOneSourceOut,44,129,Soesianawati et al.,62.27,68.34585413875017
DesignSafe rectangular RC columns,Ridge,LeaveOneSourceOut,44,130,Soesianawati et al.,59.47,64.96842501346343
DesignSafe rectangular RC columns,Ridge,LeaveOneSourceOut,45,222,Sugano,75.14,114.8395524138134
DesignSafe rectangular RC columns,Ridge,LeaveOneSourceOut,45,223,Sugano,82.05,114.32740427104153
DesignSafe rectangular RC columns,Ridge,LeaveOneSourceOut,45,224,Sugano,91.89,110.85198297812182
DesignSafe rectangular RC columns,Ridge,LeaveOneSourceOut,45,225,Sugano,82.67,93.90214812928983
DesignSafe rectangular RC columns,Ridge,LeaveOneSourceOut,45,226,Sugano,83.18,90.42672683637014
DesignSafe rectangular RC columns,Ridge,LeaveOneSourceOut,46,312,Takemura and Kawashima,34.12,63.18869955320823
DesignSafe rectangular RC columns,Ridge,LeaveOneSourceOut,46,313,Takemura and Kawashima,33.26,63.14386651882626
DesignSafe rectangular RC columns,Ridge,LeaveOneSourceOut,46,314,Takemura and Kawashima,34.42,62.83003527815247
DesignSafe rectangular RC columns,Ridge,LeaveOneSourceOut,46,315,Takemura and Kawashima,35.31,62.583453589051636
DesignSafe rectangular RC columns,Ridge,LeaveOneSourceOut,46,316,Takemura and Kawashima,35.85,63.390448207927086
DesignSafe rectangular RC columns,Ridge,LeaveOneSourceOut,46,317,Takemura and Kawashima,38.35,63.188699553208224
DesignSafe rectangular RC columns,Ridge,LeaveOneSourceOut,47,138,Tanaka and Park,37.56,49.15469151683802
DesignSafe rectangular RC columns,Ridge,LeaveOneSourceOut,47,139,Tanaka and Park,37.71,49.15469151683802
DesignSafe rectangular RC columns,Ridge,LeaveOneSourceOut,47,140,Tanaka and Park,39.41,47.552868998057214
DesignSafe rectangular RC columns,Ridge,LeaveOneSourceOut,47,141,Tanaka and Park,38.31,49.15469151683802
DesignSafe rectangular RC columns,Ridge,LeaveOneSourceOut,47,142,Tanaka and Park,86.69,103.50175032704689
DesignSafe rectangular RC columns,Ridge,LeaveOneSourceOut,47,143,Tanaka and Park,91.99,103.50175032704689
DesignSafe rectangular RC columns,Ridge,LeaveOneSourceOut,47,144,Tanaka and Park,138.64,129.4734069920318
DesignSafe rectangular RC columns,Ridge,LeaveOneSourceOut,47,145,Tanaka and Park,139.08,129.49341718870528
DesignSafe rectangular RC columns,Ridge,LeaveOneSourceOut,48,270,Thomsen and Wallace,10.44,-0.1565926883823181
DesignSafe rectangular RC columns,Ridge,LeaveOneSourceOut,48,271,Thomsen and Wallace,16.45,2.1803974999224636
DesignSafe rectangular RC columns,Ridge,LeaveOneSourceOut,48,272,Thomsen and Wallace,9.13,-3.071602163086567
DesignSafe rectangular RC columns,Ridge,LeaveOneSourceOut,48,273,Thomsen and Wallace,12.55,-1.1440101713950455
DesignSafe rectangular RC columns,Ridge,LeaveOneSourceOut,48,274,Thomsen and Wallace,14.66,3.4304295535899314
DesignSafe rectangular RC columns,Ridge,LeaveOneSourceOut,48,275,Thomsen and Wallace,8.99,-4.141961598259002
DesignSafe rectangular RC columns,Ridge,LeaveOneSourceOut,48,276,Thomsen and Wallace,11.51,-0.16705814928066332
DesignSafe rectangular RC columns,Ridge,LeaveOneSourceOut,48,277,Thomsen and Wallace,12.98,4.28912192533398
DesignSafe rectangular RC columns,Ridge,LeaveOneSourceOut,48,278,Thomsen and Wallace,12.82,4.391176095140075
DesignSafe rectangular RC columns,Ridge,LeaveOneSourceOut,48,279,Thomsen and Wallace,14.11,8.716685480450131
DesignSafe rectangular RC columns,Ridge,LeaveOneSourceOut,48,280,Thomsen and Wallace,12.06,5.05815212879785
DesignSafe rectangular RC columns,Ridge,LeaveOneSourceOut,49,7,Umehara,72.53,109.40891671496989
DesignSafe rectangular RC columns,Ridge,LeaveOneSourceOut,49,8,Umehara,59.16,63.480490698617615
DesignSafe rectangular RC columns,Ridge,LeaveOneSourceOut,50,89,Umemura & Endo ,15.75,7.443572943829338
DesignSafe rectangular RC columns,Ridge,LeaveOneSourceOut,50,90,Umemura & Endo ,24.0,19.214765059039227
DesignSafe rectangular RC columns,Ridge,LeaveOneSourceOut,50,91,Umemura & Endo ,18.67,9.58772878942679
DesignSafe rectangular RC columns,Ridge,LeaveOneSourceOut,50,92,Umemura & Endo ,17.93,17.889507552023854
DesignSafe rectangular RC columns,Ridge,LeaveOneSourceOut,50,93,Umemura & Endo ,11.3,14.001091797548924
DesignSafe rectangular RC columns,Ridge,LeaveOneSourceOut,50,94,Umemura & Endo ,13.2,13.595853571069426
DesignSafe rectangular RC columns,Ridge,LeaveOneSourceOut,50,95,Umemura & Endo ,15.34,15.61759191164873
DesignSafe rectangular RC columns,Ridge,LeaveOneSourceOut,50,96,Umemura & Endo ,15.62,15.402570472107385
DesignSafe rectangular RC columns,Ridge,LeaveOneSourceOut,51,14,Verma,141.1,61.162394850718385
DesignSafe rectangular RC columns,Ridge,LeaveOneSourceOut,51,104,Verma,127.9,97.42882440875388
DesignSafe rectangular RC columns,Ridge,LeaveOneSourceOut,52,133,Watson and Park,65.65,91.2941906820986
DesignSafe rectangular RC columns,Ridge,LeaveOneSourceOut,52,134,Watson and Park,66.32,92.53648052533433
DesignSafe rectangular RC columns,Ridge,LeaveOneSourceOut,52,135,Watson and Park,66.44,105.89228036070395
DesignSafe rectangular RC columns,Ridge,LeaveOneSourceOut,52,136,Watson and Park,66.4,107.6631116754004
DesignSafe rectangular RC columns,Ridge,LeaveOneSourceOut,52,137,Watson and Park,69.58,97.40652231613387
DesignSafe rectangular RC columns,Ridge,LeaveOneSourceOut,53,214,Wehbe et al.,82.82,55.793169731438205
DesignSafe rectangular RC columns,Ridge,LeaveOneSourceOut,53,215,Wehbe et al.,89.98,67.8063388992122
DesignSafe rectangular RC columns,Ridge,LeaveOneSourceOut,53,216,Wehbe et al.,85.41,56.99598255572871
DesignSafe rectangular RC columns,Ridge,LeaveOneSourceOut,53,217,Wehbe et al.,96.87,69.31980923665951
DesignSafe rectangular RC columns,Ridge,LeaveOneSourceOut,54,36,Wight,17.81,9.788986437348505
DesignSafe rectangular RC columns,Ridge,LeaveOneSourceOut,54,50,Wight,22.2,12.887573471074866
DesignSafe rectangular RC columns,Ridge,LeaveOneSourceOut,54,51,Wight,22.77,12.887573471074866
DesignSafe rectangular RC columns,Ridge,LeaveOneSourceOut,54,52,Wight,23.51,15.879307664862708
DesignSafe rectangular RC columns,Ridge,LeaveOneSourceOut,54,53,Wight,22.14,15.879307664862708
DesignSafe rectangular RC columns,Ridge,LeaveOneSourceOut,54,54,Wight,21.18,12.52100336079306
DesignSafe rectangular RC columns,Ridge,LeaveOneSourceOut,54,55,Wight,23.58,12.52100336079306
DesignSafe rectangular RC columns,Ridge,LeaveOneSourceOut,54,56,Wight,19.76,11.611507135297423
DesignSafe rectangular RC columns,Ridge,LeaveOneSourceOut,54,57,Wight,20.97,11.611507135297423
DesignSafe rectangular RC columns,Ridge,LeaveOneSourceOut,54,58,Wight,22.11,13.429975686385262
DesignSafe rectangular RC columns,Ridge,LeaveOneSourceOut,54,59,Wight,22.83,19.660741469414965
DesignSafe rectangular RC columns,Ridge,LeaveOneSourceOut,54,60,Wight,22.34,19.660741469414965
DesignSafe rectangular RC columns,Ridge,LeaveOneSourceOut,54,61,Wight,26.92,11.858295999346453
DesignSafe rectangular RC columns,Ridge,LeaveOneSourceOut,54,62,Wight,27.08,11.858295999346453
DesignSafe rectangular RC columns,Ridge,LeaveOneSourceOut,54,63,Wight,27.24,9.982095028970697
DesignSafe rectangular RC columns,Ridge,LeaveOneSourceOut,54,64,Wight,27.21,9.982095028970697
DesignSafe rectangular RC columns,Ridge,LeaveOneSourceOut,55,69,Xiao,60.68,55.979017720933015
DesignSafe rectangular RC columns,Ridge,LeaveOneSourceOut,55,70,Xiao,72.86,63.257065495558024
DesignSafe rectangular RC columns,Ridge,LeaveOneSourceOut,56,218,Xiao and Martirossyan,72.86,52.34151854704966
DesignSafe rectangular RC columns,Ridge,LeaveOneSourceOut,56,219,Xiao and Martirossyan,85.05,59.22542445713245
DesignSafe rectangular RC columns,Ridge,LeaveOneSourceOut,56,220,Xiao and Martirossyan,61.92,49.77180577753509
DesignSafe rectangular RC columns,Ridge,LeaveOneSourceOut,56,221,Xiao and Martirossyan,71.68,57.311147278675335
DesignSafe rectangular RC columns,Ridge,LeaveOneSourceOut,57,101,Yalcin,132.7,115.27886383826205
DesignSafe rectangular RC columns,Ridge,LeaveOneSourceOut,58,115,Yarandi,116.24,104.78606123096885
DesignSafe rectangular RC columns,Ridge,LeaveOneSourceOut,58,116,Yarandi,128.5,106.7064781320569
DesignSafe rectangular RC columns,Ridge,LeaveOneSourceOut,59,16,Yoshimura,21.74,30.940164235955606
DesignSafe rectangular RC columns,Ridge,LeaveOneSourceOut,59,17,Yoshimura,21.52,32.37011234878456
DesignSafe rectangular RC columns,Ridge,LeaveOneSourceOut,59,18,Yoshimura,36.91,32.571361963969814
DesignSafe rectangular RC columns,Ridge,LeaveOneSourceOut,59,19,Yoshimura,53.28,55.868139595863184
DesignSafe rectangular RC columns,Ridge,LeaveOneSourceOut,59,20,Yoshimura,51.55,54.0012100308268
DesignSafe rectangular RC columns,Ridge,LeaveOneSourceOut,59,21,Yoshimura,58.67,59.417272545841286
DesignSafe rectangular RC columns,Ridge,LeaveOneSourceOut,59,35,Yoshimura,88.08,82.87866428215776
DesignSafe rectangular RC columns,Ridge,LeaveOneSourceOut,59,113,Yoshimura,48.94,50.78396983935854
DesignSafe rectangular RC columns,Ridge,LeaveOneSourceOut,59,114,Yoshimura,47.59,50.06350380186015
DesignSafe rectangular RC columns,Ridge,LeaveOneSourceOut,59,119,Yoshimura,46.29,42.38497820696972
DesignSafe rectangular RC columns,Ridge,LeaveOneSourceOut,59,120,Yoshimura,45.21,42.38497820696972
DesignSafe rectangular RC columns,Ridge,LeaveOneSourceOut,60,131,Zahn ,47.95,47.53051313209536
DesignSafe rectangular RC columns,Ridge,LeaveOneSourceOut,60,132,Zahn ,60.44,70.72498928924298
DesignSafe rectangular RC columns,Ridge,LeaveOneSourceOut,61,2,Zhou,18.64,12.84315187895993
DesignSafe rectangular RC columns,Ridge,LeaveOneSourceOut,61,3,Zhou,20.53,12.84315187895993
DesignSafe rectangular RC columns,Ridge,LeaveOneSourceOut,61,4,Zhou,25.84,14.795957372054637
DesignSafe rectangular RC columns,Ridge,LeaveOneSourceOut,61,42,Zhou,8.26,3.4946745749652877
DesignSafe rectangular RC columns,Ridge,LeaveOneSourceOut,61,43,Zhou,15.22,1.828709527053448
DesignSafe rectangular RC columns,Ridge,LeaveOneSourceOut,61,44,Zhou,15.15,3.3355871348066515
DesignSafe rectangular RC columns,Ridge,LeaveOneSourceOut,61,45,Zhou,12.71,-5.784081305365504
DesignSafe rectangular RC columns,Ridge,LeaveOneSourceOut,61,46,Zhou,12.34,-5.784081305365504
DesignSafe rectangular RC columns,Ridge,LeaveOneSourceOut,61,151,Zhou,16.23,4.849582369100197
DesignSafe rectangular RC columns,Random Forest,RandomKFold,0,3,Zhou,20.53,18.732101375661365
DesignSafe rectangular RC columns,Random Forest,RandomKFold,0,5,Arakawa,29.35,25.46204079365079
DesignSafe rectangular RC columns,Random Forest,RandomKFold,0,7,Umehara,72.53,77.75387640331898
DesignSafe rectangular RC columns,Random Forest,RandomKFold,0,9,Bett,48.02,39.155682261904765
DesignSafe rectangular RC columns,Random Forest,RandomKFold,0,16,Yoshimura,21.74,25.564434391534387
DesignSafe rectangular RC columns,Random Forest,RandomKFold,0,25,Ousalem,48.67,42.5283797089947
DesignSafe rectangular RC columns,Random Forest,RandomKFold,0,33,Nakamura et al.,59.12,61.959178257575765
DesignSafe rectangular RC columns,Random Forest,RandomKFold,0,42,Zhou,8.26,21.218617857142867
DesignSafe rectangular RC columns,Random Forest,RandomKFold,0,45,Zhou,12.71,23.35033855820107
DesignSafe rectangular RC columns,Random Forest,RandomKFold,0,46,Zhou,12.34,23.35033855820107
DesignSafe rectangular RC columns,Random Forest,RandomKFold,0,55,Wight,23.58,21.444229166666673
DesignSafe rectangular RC columns,Random Forest,RandomKFold,0,57,Wight,20.97,20.467215753968254
DesignSafe rectangular RC columns,Random Forest,RandomKFold,0,60,Wight,22.34,23.13909386243387
DesignSafe rectangular RC columns,Random Forest,RandomKFold,0,63,Wight,27.24,26.250142539682543
DesignSafe rectangular RC columns,Random Forest,RandomKFold,0,73,Sezen ,66.22,70.21754752645498
DesignSafe rectangular RC columns,Random Forest,RandomKFold,0,76,Iwasaki,35.39,51.629035052910055
DesignSafe rectangular RC columns,Random Forest,RandomKFold,0,77,Iwasaki,34.91,51.47077902116402
DesignSafe rectangular RC columns,Random Forest,RandomKFold,0,78,Iwasaki,36.65,51.54604171957672
DesignSafe rectangular RC columns,Random Forest,RandomKFold,0,82,Ikeda,16.8,16.336385185185204
DesignSafe rectangular RC columns,Random Forest,RandomKFold,0,84,Ikeda,18.8,16.782475343915365
DesignSafe rectangular RC columns,Random Forest,RandomKFold,0,90,Umemura & Endo ,24.0,19.87990417989418
DesignSafe rectangular RC columns,Random Forest,RandomKFold,0,93,Umemura & Endo ,11.3,16.44728867724868
DesignSafe rectangular RC columns,Random Forest,RandomKFold,0,94,Umemura & Endo ,13.2,16.46057367724868
DesignSafe rectangular RC columns,Random Forest,RandomKFold,0,101,Yalcin,132.7,114.51997681216929
DesignSafe rectangular RC columns,Random Forest,RandomKFold,0,110,Lynn,73.73,75.08041501322744
DesignSafe rectangular RC columns,Random Forest,RandomKFold,0,114,Yoshimura,47.59,50.499945873015925
DesignSafe rectangular RC columns,Random Forest,RandomKFold,0,118,Pandey,28.15,41.73579841269843
DesignSafe rectangular RC columns,Random Forest,RandomKFold,0,119,Yoshimura,46.29,52.995887741702745
DesignSafe rectangular RC columns,Random Forest,RandomKFold,0,124,Gill et al.,156.58,187.67081420634904
DesignSafe rectangular RC columns,Random Forest,RandomKFold,0,139,Tanaka and Park,37.71,38.481768986291506
DesignSafe rectangular RC columns,Random Forest,RandomKFold,0,144,Tanaka and Park,138.64,140.0398758080808
DesignSafe rectangular RC columns,Random Forest,RandomKFold,0,146,Park and Paulay,88.81,112.0999753968254
DesignSafe rectangular RC columns,Random Forest,RandomKFold,0,153,Kanda et al.,17.99,18.487830767195756
DesignSafe rectangular RC columns,Random Forest,RandomKFold,0,163,Mugurma et al.,57.45,60.097002380952375
DesignSafe rectangular RC columns,Random Forest,RandomKFold,0,167,Sakai et al.,92.99,92.31290359788356
DesignSafe rectangular RC columns,Random Forest,RandomKFold,0,173,Atalay and Penzein,13.87,21.777489484127003
DesignSafe rectangular RC columns,Random Forest,RandomKFold,0,175,Atalay and Penzein,13.09,21.777489484127003
DesignSafe rectangular RC columns,Random Forest,RandomKFold,0,176,Atalay and Penzein,16.01,20.29701164021165
DesignSafe rectangular RC columns,Random Forest,RandomKFold,0,177,Atalay and Penzein,17.23,22.945583650793683
DesignSafe rectangular RC columns,Random Forest,RandomKFold,0,179,Atalay and Penzein,17.73,22.41768559523812
DesignSafe rectangular RC columns,Random Forest,RandomKFold,0,181,Atalay and Penzein,18.46,22.434975476190495
DesignSafe rectangular RC columns,Random Forest,RandomKFold,0,198,Galeota et al. ,22.71,29.11164857142857
DesignSafe rectangular RC columns,Random Forest,RandomKFold,0,203,Galeota et al. ,37.12,40.63278402116402
DesignSafe rectangular RC columns,Random Forest,RandomKFold,0,208,Galeota et al. ,39.34,39.35379519841271
DesignSafe rectangular RC columns,Random Forest,RandomKFold,0,219,Xiao and Martirossyan,85.05,70.5278452910053
DesignSafe rectangular RC columns,Random Forest,RandomKFold,0,221,Xiao and Martirossyan,71.68,69.12843828042328
DesignSafe rectangular RC columns,Random Forest,RandomKFold,0,232,Bayrak and Sheikh,44.83,39.46378030423286
DesignSafe rectangular RC columns,Random Forest,RandomKFold,0,234,Bayrak and Sheikh,38.65,40.265777314814855
DesignSafe rectangular RC columns,Random Forest,RandomKFold,0,240,Saatcioglu and Giria,53.35,46.98097835978833
DesignSafe rectangular RC columns,Random Forest,RandomKFold,0,242,Saatcioglu and Giria,48.44,47.701004378306884
DesignSafe rectangular RC columns,Random Forest,RandomKFold,0,248,Matamoros et al.,21.5,16.002503928571418
DesignSafe rectangular RC columns,Random Forest,RandomKFold,0,255,Matamoros et al.,16.3,16.528127962962987
DesignSafe rectangular RC columns,Random Forest,RandomKFold,0,271,Thomsen and Wallace,16.45,13.423654365079374
DesignSafe rectangular RC columns,Random Forest,RandomKFold,0,280,Thomsen and Wallace,12.06,13.426778055555562
DesignSafe rectangular RC columns,Random Forest,RandomKFold,0,285,Paultre & Legeron,37.71,35.882879656084675
DesignSafe rectangular RC columns,Random Forest,RandomKFold,0,287,Paultre et al.,38.04,40.89387481481484
DesignSafe rectangular RC columns,Random Forest,RandomKFold,0,289,Paultre et al.,44.56,44.53217966931215
DesignSafe rectangular RC columns,Random Forest,RandomKFold,0,301,Pujol,29.38,27.620131309523853
DesignSafe rectangular RC columns,Random Forest,RandomKFold,0,303,Pujol,26.03,26.296280079365072
DesignSafe rectangular RC columns,Random Forest,RandomKFold,0,304,Pujol,26.03,26.296280079365072
DesignSafe rectangular RC columns,Random Forest,RandomKFold,0,309,Kono et al.,278.53,185.88568880952374
DesignSafe rectangular RC columns,Random Forest,RandomKFold,0,310,Kono et al.,300.95,188.49605936507928
DesignSafe rectangular RC columns,Random Forest,RandomKFold,0,317,Takemura and Kawashima,38.35,35.15136031746033
DesignSafe rectangular RC columns,Random Forest,RandomKFold,0,320,Melek,52.5,52.780735859788365
DesignSafe rectangular RC columns,Random Forest,RandomKFold,0,322,Melek,60.6,61.846698201058146
DesignSafe rectangular RC columns,Random Forest,RandomKFold,1,6,Arakawa,30.11,27.204136663059156
DesignSafe rectangular RC columns,Random Forest,RandomKFold,1,10,Aboutaha,101.19,91.76779682539679
DesignSafe rectangular RC columns,Random Forest,RandomKFold,1,15,Pandey,30.56,42.81041968253965
DesignSafe rectangular RC columns,Random Forest,RandomKFold,1,17,Yoshimura,21.52,25.68089619047618
DesignSafe rectangular RC columns,Random Forest,RandomKFold,1,18,Yoshimura,36.91,35.211131626984134
DesignSafe rectangular RC columns,Random Forest,RandomKFold,1,19,Yoshimura,53.28,55.19891210317458
DesignSafe rectangular RC columns,Random Forest,RandomKFold,1,22,Ousalem,36.19,48.21695109788352
DesignSafe rectangular RC columns,Random Forest,RandomKFold,1,24,Ousalem,52.85,58.91425634920636
DesignSafe rectangular RC columns,Random Forest,RandomKFold,1,30,Ousalem,66.47,64.47469838624342
DesignSafe rectangular RC columns,Random Forest,RandomKFold,1,31,Ousalem,76.45,64.14262962962967
DesignSafe rectangular RC columns,Random Forest,RandomKFold,1,39,Nagasaka,25.32,25.49204481481483
DesignSafe rectangular RC columns,Random Forest,RandomKFold,1,56,Wight,19.76,20.996634907407387
DesignSafe rectangular RC columns,Random Forest,RandomKFold,1,59,Wight,22.83,23.21192507936506
DesignSafe rectangular RC columns,Random Forest,RandomKFold,1,66,Lynn,68.79,72.19429167989416
DesignSafe rectangular RC columns,Random Forest,RandomKFold,1,69,Xiao,60.68,62.40816187830688
DesignSafe rectangular RC columns,Random Forest,RandomKFold,1,72,Sezen ,80.73,81.40498406084659
DesignSafe rectangular RC columns,Random Forest,RandomKFold,1,75,Iwasaki,35.97,63.894991288156255
DesignSafe rectangular RC columns,Random Forest,RandomKFold,1,79,Iwasaki,53.57,66.54633353174607
DesignSafe rectangular RC columns,Random Forest,RandomKFold,1,81,Iwasaki,88.65,80.63671503968257
DesignSafe rectangular RC columns,Random Forest,RandomKFold,1,92,Umemura & Endo ,17.93,15.134736435786433
DesignSafe rectangular RC columns,Random Forest,RandomKFold,1,96,Umemura & Endo ,15.62,14.991489240019236
DesignSafe rectangular RC columns,Random Forest,RandomKFold,1,97,Kokusho,16.93,19.34544315628814
DesignSafe rectangular RC columns,Random Forest,RandomKFold,1,104,Verma,127.9,107.5402692063493
DesignSafe rectangular RC columns,Random Forest,RandomKFold,1,108,Esaki,26.77,26.84141813492063
DesignSafe rectangular RC columns,Random Forest,RandomKFold,1,109,Esaki,24.59,24.94408830179079
DesignSafe rectangular RC columns,Random Forest,RandomKFold,1,111,Lynn,80.03,74.55031917989416
DesignSafe rectangular RC columns,Random Forest,RandomKFold,1,113,Yoshimura,48.94,52.9587901190476
DesignSafe rectangular RC columns,Random Forest,RandomKFold,1,116,Yarandi,128.5,110.965765410053
DesignSafe rectangular RC columns,Random Forest,RandomKFold,1,126,Ang et al.,38.04,45.31195603174605
DesignSafe rectangular RC columns,Random Forest,RandomKFold,1,132,Zahn ,60.44,64.76829412698409
DesignSafe rectangular RC columns,Random Forest,RandomKFold,1,137,Watson and Park,69.58,63.90611153439149
DesignSafe rectangular RC columns,Random Forest,RandomKFold,1,140,Tanaka and Park,39.41,38.7673478571429
DesignSafe rectangular RC columns,Random Forest,RandomKFold,1,143,Tanaka and Park,91.99,112.87315109788355
DesignSafe rectangular RC columns,Random Forest,RandomKFold,1,148,Ohno and Nishioka,27.21,26.661572751322776
DesignSafe rectangular RC columns,Random Forest,RandomKFold,1,152,Kanda et al.,18.41,35.17067846560842
DesignSafe rectangular RC columns,Random Forest,RandomKFold,1,155,Kanda et al.,19.01,19.909525066137565
DesignSafe rectangular RC columns,Random Forest,RandomKFold,1,157,Kanda et al.,17.42,18.89732876984127
DesignSafe rectangular RC columns,Random Forest,RandomKFold,1,158,Mugurma et al.,54.53,52.551621944444456
DesignSafe rectangular RC columns,Random Forest,RandomKFold,1,164,Mugurma et al.,64.89,58.28351009259266
DesignSafe rectangular RC columns,Random Forest,RandomKFold,1,165,Mugurma et al.,64.76,58.622973425926006
DesignSafe rectangular RC columns,Random Forest,RandomKFold,1,172,Sakai et al.,91.06,57.90969521164021
DesignSafe rectangular RC columns,Random Forest,RandomKFold,1,183,Azizinamini et al.,104.93,82.87283239417992
DesignSafe rectangular RC columns,Random Forest,RandomKFold,1,185,Saatcioglu and Ozcebe,62.09,47.16274509259256
DesignSafe rectangular RC columns,Random Forest,RandomKFold,1,186,Saatcioglu and Ozcebe,60.92,67.13403630952384
DesignSafe rectangular RC columns,Random Forest,RandomKFold,1,193,Galeota et al. ,30.93,24.88283596560845
DesignSafe rectangular RC columns,Random Forest,RandomKFold,1,194,Galeota et al. ,31.75,25.49179425925924
DesignSafe rectangular RC columns,Random Forest,RandomKFold,1,202,Galeota et al. ,39.41,42.20812788359788
DesignSafe rectangular RC columns,Random Forest,RandomKFold,1,209,Galeota et al. ,38.33,39.20521890211642
DesignSafe rectangular RC columns,Random Forest,RandomKFold,1,218,Xiao and Martirossyan,72.86,65.27738527777778
DesignSafe rectangular RC columns,Random Forest,RandomKFold,1,220,Xiao and Martirossyan,61.92,64.54858432539683
DesignSafe rectangular RC columns,Random Forest,RandomKFold,1,224,Sugano,91.89,68.74127378306873
DesignSafe rectangular RC columns,Random Forest,RandomKFold,1,225,Sugano,82.67,64.26931120370372
DesignSafe rectangular RC columns,Random Forest,RandomKFold,1,226,Sugano,83.18,63.50808842592595
DesignSafe rectangular RC columns,Random Forest,RandomKFold,1,228,Bayrak and Sheikh,33.11,35.85733677849927
DesignSafe rectangular RC columns,Random Forest,RandomKFold,1,229,Bayrak and Sheikh,33.56,38.39268766474269
DesignSafe rectangular RC columns,Random Forest,RandomKFold,1,249,Matamoros et al.,21.2,18.96052288359789
DesignSafe rectangular RC columns,Random Forest,RandomKFold,1,258,Mo and Wang,56.2,57.65150126984123
DesignSafe rectangular RC columns,Random Forest,RandomKFold,1,266,Mo and Wang,68.05,66.54281511904763
DesignSafe rectangular RC columns,Random Forest,RandomKFold,1,267,Aboutaha and Machado,58.03,78.40022182539687
DesignSafe rectangular RC columns,Random Forest,RandomKFold,1,283,Paultre & Legeron,43.84,39.011148478835956
DesignSafe rectangular RC columns,Random Forest,RandomKFold,1,288,Paultre et al.,47.86,41.354793637566125
DesignSafe rectangular RC columns,Random Forest,RandomKFold,1,297,Pujol,25.52,25.705789550264573
DesignSafe rectangular RC columns,Random Forest,RandomKFold,1,306,Pujol,26.47,26.576323584656073
DesignSafe rectangular RC columns,Random Forest,RandomKFold,1,307,Kono et al.,45.19,54.81633585978833
DesignSafe rectangular RC columns,Random Forest,RandomKFold,1,314,Takemura and Kawashima,34.42,36.079580568783065
DesignSafe rectangular RC columns,Random Forest,RandomKFold,2,2,Zhou,18.64,19.579206673881686
DesignSafe rectangular RC columns,Random Forest,RandomKFold,2,12,Iwasaki,88.33,80.20633026455027
DesignSafe rectangular RC columns,Random Forest,RandomKFold,2,23,Ousalem,38.49,48.45660142857144
DesignSafe rectangular RC columns,Random Forest,RandomKFold,2,28,Ousalem,56.4,61.183706706349234
DesignSafe rectangular RC columns,Random Forest,RandomKFold,2,29,Ousalem,59.77,70.88555791005287
DesignSafe rectangular RC columns,Random Forest,RandomKFold,2,35,Yoshimura,88.08,65.56502301467054
DesignSafe rectangular RC columns,Random Forest,RandomKFold,2,37,Lynn,59.8,67.30212314814811
DesignSafe rectangular RC columns,Random Forest,RandomKFold,2,38,Pandey,41.99,39.69553698412696
DesignSafe rectangular RC columns,Random Forest,RandomKFold,2,65,Lynn,54.13,67.63169060846559
DesignSafe rectangular RC columns,Random Forest,RandomKFold,2,67,Lynn,52.5,67.45194060846559
DesignSafe rectangular RC columns,Random Forest,RandomKFold,2,68,Lynn,82.5,76.00313256613754
DesignSafe rectangular RC columns,Random Forest,RandomKFold,2,74,Iwasaki,28.8,51.0651321560847
DesignSafe rectangular RC columns,Random Forest,RandomKFold,2,83,Ikeda,15.92,17.500185383597874
DesignSafe rectangular RC columns,Random Forest,RandomKFold,2,85,Ikeda,18.14,20.789210357142846
DesignSafe rectangular RC columns,Random Forest,RandomKFold,2,86,Ikeda,13.02,16.08379978956229
DesignSafe rectangular RC columns,Random Forest,RandomKFold,2,107,Esaki,24.54,26.119915780423298
DesignSafe rectangular RC columns,Random Forest,RandomKFold,2,112,Lynn,59.8,67.30212314814811
DesignSafe rectangular RC columns,Random Forest,RandomKFold,2,115,Yarandi,116.24,119.91009111111109
DesignSafe rectangular RC columns,Random Forest,RandomKFold,2,117,Pandey,41.61,42.8556074603174
DesignSafe rectangular RC columns,Random Forest,RandomKFold,2,120,Yoshimura,45.21,52.823402354497325
DesignSafe rectangular RC columns,Random Forest,RandomKFold,2,125,Ang et al.,43.17,42.10129287037041
DesignSafe rectangular RC columns,Random Forest,RandomKFold,2,127,Soesianawati et al.,44.87,60.87772798821553
DesignSafe rectangular RC columns,Random Forest,RandomKFold,2,129,Soesianawati et al.,62.27,63.011053054353106
DesignSafe rectangular RC columns,Random Forest,RandomKFold,2,131,Zahn ,47.95,62.06588041005293
DesignSafe rectangular RC columns,Random Forest,RandomKFold,2,133,Watson and Park,65.65,65.42874584656089
DesignSafe rectangular RC columns,Random Forest,RandomKFold,2,142,Tanaka and Park,86.69,110.42573895502642
DesignSafe rectangular RC columns,Random Forest,RandomKFold,2,145,Tanaka and Park,139.08,128.05815960317452
DesignSafe rectangular RC columns,Random Forest,RandomKFold,2,147,Arakawa,36.08,45.71903126984123
DesignSafe rectangular RC columns,Random Forest,RandomKFold,2,154,Kanda et al.,18.41,18.283022129629643
DesignSafe rectangular RC columns,Random Forest,RandomKFold,2,159,Mugurma et al.,54.88,56.25850681216929
DesignSafe rectangular RC columns,Random Forest,RandomKFold,2,168,Sakai et al.,96.29,88.45543753968244
DesignSafe rectangular RC columns,Random Forest,RandomKFold,2,170,Sakai et al.,91.18,92.82140150793646
DesignSafe rectangular RC columns,Random Forest,RandomKFold,2,180,Atalay and Penzein,17.53,19.54633706349206
DesignSafe rectangular RC columns,Random Forest,RandomKFold,2,182,Atalay and Penzein,17.64,19.424072936507933
DesignSafe rectangular RC columns,Random Forest,RandomKFold,2,184,Azizinamini et al. ,109.99,89.63190537037035
DesignSafe rectangular RC columns,Random Forest,RandomKFold,2,195,Galeota et al. ,28.86,28.470855353535327
DesignSafe rectangular RC columns,Random Forest,RandomKFold,2,196,Galeota et al. ,29.47,28.470855353535327
DesignSafe rectangular RC columns,Random Forest,RandomKFold,2,199,Galeota et al. ,28.43,28.524867142857115
DesignSafe rectangular RC columns,Random Forest,RandomKFold,2,204,Galeota et al. ,38.91,39.13519631794134
DesignSafe rectangular RC columns,Random Forest,RandomKFold,2,206,Galeota et al. ,36.33,42.082754695767214
DesignSafe rectangular RC columns,Random Forest,RandomKFold,2,210,Galeota et al. ,38.56,41.96864850529102
DesignSafe rectangular RC columns,Random Forest,RandomKFold,2,211,Galeota et al. ,38.91,41.96864850529102
DesignSafe rectangular RC columns,Random Forest,RandomKFold,2,222,Sugano,75.14,82.74479869047627
DesignSafe rectangular RC columns,Random Forest,RandomKFold,2,223,Sugano,82.05,83.04449968253974
DesignSafe rectangular RC columns,Random Forest,RandomKFold,2,227,Nosho et al,14.78,22.8773757936508
DesignSafe rectangular RC columns,Random Forest,RandomKFold,2,231,Bayrak and Sheikh,33.19,36.1975878174603
DesignSafe rectangular RC columns,Random Forest,RandomKFold,2,238,Saatcioglu and Giria,36.93,43.968110555555576
DesignSafe rectangular RC columns,Random Forest,RandomKFold,2,247,Matamoros et al.,15.3,15.96980043650797
DesignSafe rectangular RC columns,Random Forest,RandomKFold,2,250,Matamoros et al.,24.2,22.014558015873007
DesignSafe rectangular RC columns,Random Forest,RandomKFold,2,253,Matamoros et al.,13.11,16.993797460317463
DesignSafe rectangular RC columns,Random Forest,RandomKFold,2,260,Mo and Wang,68.63,65.54370429894178
DesignSafe rectangular RC columns,Random Forest,RandomKFold,2,261,Mo and Wang,55.76,57.72346112433861
DesignSafe rectangular RC columns,Random Forest,RandomKFold,2,262,Mo and Wang,64.21,64.54109873015875
DesignSafe rectangular RC columns,Random Forest,RandomKFold,2,269,Aboutaha and Machado,95.36,85.35670742063489
DesignSafe rectangular RC columns,Random Forest,RandomKFold,2,272,Thomsen and Wallace,9.13,12.047244576719566
DesignSafe rectangular RC columns,Random Forest,RandomKFold,2,274,Thomsen and Wallace,14.66,15.988690806878315
DesignSafe rectangular RC columns,Random Forest,RandomKFold,2,275,Thomsen and Wallace,8.99,11.376793306878293
DesignSafe rectangular RC columns,Random Forest,RandomKFold,2,281,Paultre & Legeron,27.65,40.245089761904794
DesignSafe rectangular RC columns,Random Forest,RandomKFold,2,284,Paultre & Legeron,25.16,39.88367420634924
DesignSafe rectangular RC columns,Random Forest,RandomKFold,2,294,Pujol,25.52,24.724697116402155
DesignSafe rectangular RC columns,Random Forest,RandomKFold,2,299,Pujol,25.65,26.002592208994738
DesignSafe rectangular RC columns,Random Forest,RandomKFold,2,300,Pujol,25.65,26.002592208994738
DesignSafe rectangular RC columns,Random Forest,RandomKFold,2,305,Pujol,26.47,27.025785238095253
DesignSafe rectangular RC columns,Random Forest,RandomKFold,2,311,Kono et al.,270.06,211.76857984126974
DesignSafe rectangular RC columns,Random Forest,RandomKFold,2,313,Takemura and Kawashima,33.26,36.0121952825878
DesignSafe rectangular RC columns,Random Forest,RandomKFold,3,0,Nagasaka,19.67,24.362580608465606
DesignSafe rectangular RC columns,Random Forest,RandomKFold,3,4,Zhou,25.84,19.227533862433873
DesignSafe rectangular RC columns,Random Forest,RandomKFold,3,8,Umehara,59.16,56.96306773809522
DesignSafe rectangular RC columns,Random Forest,RandomKFold,3,11,Aboutaha,144.49,118.41916626984133
DesignSafe rectangular RC columns,Random Forest,RandomKFold,3,14,Verma,141.1,70.18524783068787
DesignSafe rectangular RC columns,Random Forest,RandomKFold,3,26,Ousalem,73.53,63.93795414021167
DesignSafe rectangular RC columns,Random Forest,RandomKFold,3,27,Ousalem,55.03,58.970821732804204
DesignSafe rectangular RC columns,Random Forest,RandomKFold,3,32,Nakamura et al.,61.03,43.58882095238098
DesignSafe rectangular RC columns,Random Forest,RandomKFold,3,36,Wight,17.81,20.72875691798939
DesignSafe rectangular RC columns,Random Forest,RandomKFold,3,40,Ohue,22.79,24.235263253968274
DesignSafe rectangular RC columns,Random Forest,RandomKFold,3,41,Ohue,24.86,25.953513412698424
DesignSafe rectangular RC columns,Random Forest,RandomKFold,3,44,Zhou,15.15,21.589769179894166
DesignSafe rectangular RC columns,Random Forest,RandomKFold,3,47,Ono,29.27,27.627493544973536
DesignSafe rectangular RC columns,Random Forest,RandomKFold,3,51,Wight,22.77,21.887749113756616
DesignSafe rectangular RC columns,Random Forest,RandomKFold,3,61,Wight,26.92,27.116972473544948
DesignSafe rectangular RC columns,Random Forest,RandomKFold,3,62,Wight,27.08,27.116972473544948
DesignSafe rectangular RC columns,Random Forest,RandomKFold,3,64,Wight,27.21,25.66968633597881
DesignSafe rectangular RC columns,Random Forest,RandomKFold,3,70,Xiao,72.86,66.11568287037032
DesignSafe rectangular RC columns,Random Forest,RandomKFold,3,89,Umemura & Endo ,15.75,22.024734404761904
DesignSafe rectangular RC columns,Random Forest,RandomKFold,3,95,Umemura & Endo ,15.34,15.674223293650787
DesignSafe rectangular RC columns,Random Forest,RandomKFold,3,98,Kokusho,19.75,19.16027293650793
DesignSafe rectangular RC columns,Random Forest,RandomKFold,3,100,Kokusho & Fukuhara,24.31,25.473894206349218
DesignSafe rectangular RC columns,Random Forest,RandomKFold,3,103,Elwood,19.92,22.769102579365075
DesignSafe rectangular RC columns,Random Forest,RandomKFold,3,122,Gill et al.,182.41,148.70335767195775
DesignSafe rectangular RC columns,Random Forest,RandomKFold,3,123,Gill et al.,150.71,152.56228335978858
DesignSafe rectangular RC columns,Random Forest,RandomKFold,3,128,Soesianawati et al.,62.78,61.69022215608462
DesignSafe rectangular RC columns,Random Forest,RandomKFold,3,135,Watson and Park,66.44,64.00024735449738
DesignSafe rectangular RC columns,Random Forest,RandomKFold,3,136,Watson and Park,66.4,67.69601847883601
DesignSafe rectangular RC columns,Random Forest,RandomKFold,3,138,Tanaka and Park,37.56,38.529096600529115
DesignSafe rectangular RC columns,Random Forest,RandomKFold,3,141,Tanaka and Park,38.31,38.529096600529115
DesignSafe rectangular RC columns,Random Forest,RandomKFold,3,150,Ohno and Nishioka,24.76,27.267311560846565
DesignSafe rectangular RC columns,Random Forest,RandomKFold,3,156,Kanda et al.,18.34,18.193798465608452
DesignSafe rectangular RC columns,Random Forest,RandomKFold,3,162,Mugurma et al.,57.25,58.44304734126988
DesignSafe rectangular RC columns,Random Forest,RandomKFold,3,171,Sakai et al.,94.43,89.72897391534393
DesignSafe rectangular RC columns,Random Forest,RandomKFold,3,178,Atalay and Penzein,16.84,18.578792552910052
DesignSafe rectangular RC columns,Random Forest,RandomKFold,3,192,Galeota et al. ,22.09,29.94327593915346
DesignSafe rectangular RC columns,Random Forest,RandomKFold,3,197,Galeota et al. ,24.8,29.020675462962974
DesignSafe rectangular RC columns,Random Forest,RandomKFold,3,200,Galeota et al. ,29.59,27.71836068783067
DesignSafe rectangular RC columns,Random Forest,RandomKFold,3,213,Galeota et al. ,39.76,38.56016735449733
DesignSafe rectangular RC columns,Random Forest,RandomKFold,3,215,Wehbe et al.,89.98,99.5030881613757
DesignSafe rectangular RC columns,Random Forest,RandomKFold,3,216,Wehbe et al.,85.41,87.5939227248677
DesignSafe rectangular RC columns,Random Forest,RandomKFold,3,230,Bayrak and Sheikh,33.23,37.14068794973544
DesignSafe rectangular RC columns,Random Forest,RandomKFold,3,233,Bayrak and Sheikh,44.19,42.25078211640211
DesignSafe rectangular RC columns,Random Forest,RandomKFold,3,237,Saatcioglu and Giria,42.96,44.26276394179891
DesignSafe rectangular RC columns,Random Forest,RandomKFold,3,239,Saatcioglu and Giria,46.47,47.368582605820144
DesignSafe rectangular RC columns,Random Forest,RandomKFold,3,244,Saatcioglu and Giria,49.31,47.39893746031748
DesignSafe rectangular RC columns,Random Forest,RandomKFold,3,245,Saatcioglu and Giria,53.5,46.796171349206375
DesignSafe rectangular RC columns,Random Forest,RandomKFold,3,246,Matamoros et al.,15.8,15.869339140211645
DesignSafe rectangular RC columns,Random Forest,RandomKFold,3,254,Matamoros et al.,16.3,16.85829988095238
DesignSafe rectangular RC columns,Random Forest,RandomKFold,3,256,Matamoros et al.,19.0,22.873891534391525
DesignSafe rectangular RC columns,Random Forest,RandomKFold,3,265,Mo and Wang,63.5,63.17549849206351
DesignSafe rectangular RC columns,Random Forest,RandomKFold,3,268,Aboutaha and Machado,87.31,84.22534089947086
DesignSafe rectangular RC columns,Random Forest,RandomKFold,3,277,Thomsen and Wallace,12.98,13.73843663419913
DesignSafe rectangular RC columns,Random Forest,RandomKFold,3,278,Thomsen and Wallace,12.82,13.006062348484845
DesignSafe rectangular RC columns,Random Forest,RandomKFold,3,279,Thomsen and Wallace,14.11,14.09376802308802
DesignSafe rectangular RC columns,Random Forest,RandomKFold,3,286,Paultre & Legeron,41.59,39.983337791005304
DesignSafe rectangular RC columns,Random Forest,RandomKFold,3,290,Paultre et al.,45.34,42.71776851851849
DesignSafe rectangular RC columns,Random Forest,RandomKFold,3,291,Paultre et al.,45.31,54.58144933862433
DesignSafe rectangular RC columns,Random Forest,RandomKFold,3,292,Paultre et al.,47.32,53.60810560846561
DesignSafe rectangular RC columns,Random Forest,RandomKFold,3,295,Pujol,26.08,26.51395101851851
DesignSafe rectangular RC columns,Random Forest,RandomKFold,3,298,Pujol,25.52,25.70930595238099
DesignSafe rectangular RC columns,Random Forest,RandomKFold,3,302,Pujol,29.38,27.49419683862434
DesignSafe rectangular RC columns,Random Forest,RandomKFold,3,315,Takemura and Kawashima,35.31,35.23287906445408
DesignSafe rectangular RC columns,Random Forest,RandomKFold,3,318,Harries,42.7,48.10735329365078
DesignSafe rectangular RC columns,Random Forest,RandomKFold,3,321,Melek,64.1,53.820127579365085
DesignSafe rectangular RC columns,Random Forest,RandomKFold,4,1,Imai,105.95,68.67507386243385
DesignSafe rectangular RC columns,Random Forest,RandomKFold,4,13,Iwasaki,95.71,75.28171743386245
DesignSafe rectangular RC columns,Random Forest,RandomKFold,4,20,Yoshimura,51.55,52.754035462963
DesignSafe rectangular RC columns,Random Forest,RandomKFold,4,21,Yoshimura,58.67,58.80446820105825
DesignSafe rectangular RC columns,Random Forest,RandomKFold,4,34,Nakamura et al.,65.62,57.93979847883598
DesignSafe rectangular RC columns,Random Forest,RandomKFold,4,43,Zhou,15.22,17.76597353174602
DesignSafe rectangular RC columns,Random Forest,RandomKFold,4,48,Ono,30.73,35.84578158730156
DesignSafe rectangular RC columns,Random Forest,RandomKFold,4,49,Amitsu,115.47,79.96480625661366
DesignSafe rectangular RC columns,Random Forest,RandomKFold,4,50,Wight,22.2,22.47385462000963
DesignSafe rectangular RC columns,Random Forest,RandomKFold,4,52,Wight,23.51,23.249089338624344
DesignSafe rectangular RC columns,Random Forest,RandomKFold,4,53,Wight,22.14,23.249089338624344
DesignSafe rectangular RC columns,Random Forest,RandomKFold,4,54,Wight,21.18,22.556884064454064
DesignSafe rectangular RC columns,Random Forest,RandomKFold,4,58,Wight,22.11,21.52166555555553
DesignSafe rectangular RC columns,Random Forest,RandomKFold,4,71,Sezen ,70.76,65.538559505772
DesignSafe rectangular RC columns,Random Forest,RandomKFold,4,80,Iwasaki,51.71,57.358211785714325
DesignSafe rectangular RC columns,Random Forest,RandomKFold,4,87,Ikeda,15.92,15.654410317460318
DesignSafe rectangular RC columns,Random Forest,RandomKFold,4,88,Ikeda,15.8,15.654410317460318
DesignSafe rectangular RC columns,Random Forest,RandomKFold,4,91,Umemura & Endo ,18.67,20.92910526455026
DesignSafe rectangular RC columns,Random Forest,RandomKFold,4,99,Kokusho & Fukuhara,24.42,23.28374876984128
DesignSafe rectangular RC columns,Random Forest,RandomKFold,4,102,Elwood,18.14,20.493066891534387
DesignSafe rectangular RC columns,Random Forest,RandomKFold,4,105,Saatcioglu,61.66,58.024923042328055
DesignSafe rectangular RC columns,Random Forest,RandomKFold,4,106,Esaki,27.5,26.480808054353066
DesignSafe rectangular RC columns,Random Forest,RandomKFold,4,121,Gill et al.,156.5,148.44031705026453
DesignSafe rectangular RC columns,Random Forest,RandomKFold,4,130,Soesianawati et al.,59.47,63.38114547619043
DesignSafe rectangular RC columns,Random Forest,RandomKFold,4,134,Watson and Park,66.32,64.70470316017314
DesignSafe rectangular RC columns,Random Forest,RandomKFold,4,149,Ohno and Nishioka,24.44,28.12497063492063
DesignSafe rectangular RC columns,Random Forest,RandomKFold,4,151,Zhou,16.23,17.739711865079354
DesignSafe rectangular RC columns,Random Forest,RandomKFold,4,160,Mugurma et al.,54.43,69.90893580687833
DesignSafe rectangular RC columns,Random Forest,RandomKFold,4,161,Mugurma et al.,55.45,71.10166924603172
DesignSafe rectangular RC columns,Random Forest,RandomKFold,4,166,Sakai et al.,92.71,91.8341501719576
DesignSafe rectangular RC columns,Random Forest,RandomKFold,4,169,Sakai et al.,91.09,91.98893683862426
DesignSafe rectangular RC columns,Random Forest,RandomKFold,4,174,Atalay and Penzein,13.76,15.706046746031753
DesignSafe rectangular RC columns,Random Forest,RandomKFold,4,187,Saatcioglu and Ozcebe,73.26,60.89334765873015
DesignSafe rectangular RC columns,Random Forest,RandomKFold,4,188,Saatcioglu and Ozcebe,77.06,60.42619374338625
DesignSafe rectangular RC columns,Random Forest,RandomKFold,4,189,Saatcioglu and Ozcebe,76.84,59.64215850529101
DesignSafe rectangular RC columns,Random Forest,RandomKFold,4,190,Galeota et al. ,29.26,28.246310714285745
DesignSafe rectangular RC columns,Random Forest,RandomKFold,4,191,Galeota et al. ,27.68,27.863660753968283
DesignSafe rectangular RC columns,Random Forest,RandomKFold,4,201,Galeota et al. ,30.3,28.88333071428572
DesignSafe rectangular RC columns,Random Forest,RandomKFold,4,205,Galeota et al. ,46.03,38.22799516835016
DesignSafe rectangular RC columns,Random Forest,RandomKFold,4,207,Galeota et al. ,43.86,37.88435072390574
DesignSafe rectangular RC columns,Random Forest,RandomKFold,4,212,Galeota et al. ,38.3,39.59525704665701
DesignSafe rectangular RC columns,Random Forest,RandomKFold,4,214,Wehbe et al.,82.82,91.6101652777778
DesignSafe rectangular RC columns,Random Forest,RandomKFold,4,217,Wehbe et al.,96.87,105.93536271164028
DesignSafe rectangular RC columns,Random Forest,RandomKFold,4,235,Bayrak and Sheikh,40.01,43.75683043650797
DesignSafe rectangular RC columns,Random Forest,RandomKFold,4,236,Saatcioglu and Giria,43.76,42.53885693121692
DesignSafe rectangular RC columns,Random Forest,RandomKFold,4,241,Saatcioglu and Giria,49.78,35.06923599206346
DesignSafe rectangular RC columns,Random Forest,RandomKFold,4,243,Saatcioglu and Giria,44.62,45.121547645502645
DesignSafe rectangular RC columns,Random Forest,RandomKFold,4,251,Matamoros et al.,23.3,25.69200281746034
DesignSafe rectangular RC columns,Random Forest,RandomKFold,4,252,Matamoros et al.,13.3,18.881316243386255
DesignSafe rectangular RC columns,Random Forest,RandomKFold,4,257,Matamoros et al.,19.0,24.406699563492072
DesignSafe rectangular RC columns,Random Forest,RandomKFold,4,259,Mo and Wang,60.15,64.21624107984606
DesignSafe rectangular RC columns,Random Forest,RandomKFold,4,263,Mo and Wang,69.65,67.75716967772964
DesignSafe rectangular RC columns,Random Forest,RandomKFold,4,264,Mo and Wang,56.75,57.53277587301583
DesignSafe rectangular RC columns,Random Forest,RandomKFold,4,270,Thomsen and Wallace,10.44,14.363355727513223
DesignSafe rectangular RC columns,Random Forest,RandomKFold,4,273,Thomsen and Wallace,12.55,12.543428452380953
DesignSafe rectangular RC columns,Random Forest,RandomKFold,4,276,Thomsen and Wallace,11.51,11.923374232804237
DesignSafe rectangular RC columns,Random Forest,RandomKFold,4,282,Paultre & Legeron,35.92,37.68452772607022
DesignSafe rectangular RC columns,Random Forest,RandomKFold,4,293,Pujol,25.52,24.761359404761926
DesignSafe rectangular RC columns,Random Forest,RandomKFold,4,296,Pujol,26.08,26.328423267195777
DesignSafe rectangular RC columns,Random Forest,RandomKFold,4,308,Kono et al.,42.28,59.81981994708996
DesignSafe rectangular RC columns,Random Forest,RandomKFold,4,312,Takemura and Kawashima,34.12,36.30443650793656
DesignSafe rectangular RC columns,Random Forest,RandomKFold,4,316,Takemura and Kawashima,35.85,36.30443650793656
DesignSafe rectangular RC columns,Random Forest,RandomKFold,4,319,Melek,45.6,51.705662010582
DesignSafe rectangular RC columns,Random Forest,RandomKFold,4,323,Melek,60.1,61.44537777777774
DesignSafe rectangular RC columns,Random Forest,RandomKFold,4,324,Melek,76.6,75.16547313492062
DesignSafe rectangular RC columns,Random Forest,GroupKFold,0,0,Nagasaka,19.67,23.87940496031746
DesignSafe rectangular RC columns,Random Forest,GroupKFold,0,10,Aboutaha,101.19,91.77679595238091
DesignSafe rectangular RC columns,Random Forest,GroupKFold,0,11,Aboutaha,144.49,99.1357417857142
DesignSafe rectangular RC columns,Random Forest,GroupKFold,0,39,Nagasaka,25.32,26.795147460317462
DesignSafe rectangular RC columns,Random Forest,GroupKFold,0,115,Yarandi,116.24,104.11046998677242
DesignSafe rectangular RC columns,Random Forest,GroupKFold,0,116,Yarandi,128.5,108.08267358465604
DesignSafe rectangular RC columns,Random Forest,GroupKFold,0,121,Gill et al.,156.5,123.19111365079358
DesignSafe rectangular RC columns,Random Forest,GroupKFold,0,122,Gill et al.,182.41,134.88159550264547
DesignSafe rectangular RC columns,Random Forest,GroupKFold,0,123,Gill et al.,150.71,128.94330748677245
DesignSafe rectangular RC columns,Random Forest,GroupKFold,0,124,Gill et al.,156.58,137.04087042328038
DesignSafe rectangular RC columns,Random Forest,GroupKFold,0,133,Watson and Park,65.65,66.71164777777781
DesignSafe rectangular RC columns,Random Forest,GroupKFold,0,134,Watson and Park,66.32,66.99251738095239
DesignSafe rectangular RC columns,Random Forest,GroupKFold,0,135,Watson and Park,66.44,62.53381390211644
DesignSafe rectangular RC columns,Random Forest,GroupKFold,0,136,Watson and Park,66.4,67.16005476190479
DesignSafe rectangular RC columns,Random Forest,GroupKFold,0,137,Watson and Park,69.58,64.18833579365084
DesignSafe rectangular RC columns,Random Forest,GroupKFold,0,152,Kanda et al.,18.41,27.847793333333332
DesignSafe rectangular RC columns,Random Forest,GroupKFold,0,153,Kanda et al.,17.99,25.41572253968253
DesignSafe rectangular RC columns,Random Forest,GroupKFold,0,154,Kanda et al.,18.41,25.41572253968253
DesignSafe rectangular RC columns,Random Forest,GroupKFold,0,155,Kanda et al.,19.01,26.486242936507914
DesignSafe rectangular RC columns,Random Forest,GroupKFold,0,156,Kanda et al.,18.34,25.41572253968253
DesignSafe rectangular RC columns,Random Forest,GroupKFold,0,157,Kanda et al.,17.42,25.41572253968253
DesignSafe rectangular RC columns,Random Forest,GroupKFold,0,166,Sakai et al.,92.71,60.569980436507976
DesignSafe rectangular RC columns,Random Forest,GroupKFold,0,167,Sakai et al.,92.99,63.07109507936513
DesignSafe rectangular RC columns,Random Forest,GroupKFold,0,168,Sakai et al.,96.29,60.249852976190496
DesignSafe rectangular RC columns,Random Forest,GroupKFold,0,169,Sakai et al.,91.09,60.644792341269884
DesignSafe rectangular RC columns,Random Forest,GroupKFold,0,170,Sakai et al.,91.18,63.648819761904804
DesignSafe rectangular RC columns,Random Forest,GroupKFold,0,171,Sakai et al.,94.43,60.25205432539687
DesignSafe rectangular RC columns,Random Forest,GroupKFold,0,172,Sakai et al.,91.06,57.59006527777777
DesignSafe rectangular RC columns,Random Forest,GroupKFold,0,190,Galeota et al. ,29.26,29.44025067460318
DesignSafe rectangular RC columns,Random Forest,GroupKFold,0,191,Galeota et al. ,27.68,29.151606230158734
DesignSafe rectangular RC columns,Random Forest,GroupKFold,0,192,Galeota et al. ,22.09,28.64538527777778
DesignSafe rectangular RC columns,Random Forest,GroupKFold,0,193,Galeota et al. ,30.93,28.64538527777778
DesignSafe rectangular RC columns,Random Forest,GroupKFold,0,194,Galeota et al. ,31.75,28.794633214285724
DesignSafe rectangular RC columns,Random Forest,GroupKFold,0,195,Galeota et al. ,28.86,29.15863472222223
DesignSafe rectangular RC columns,Random Forest,GroupKFold,0,196,Galeota et al. ,29.47,29.15863472222223
DesignSafe rectangular RC columns,Random Forest,GroupKFold,0,197,Galeota et al. ,24.8,28.526129880952393
DesignSafe rectangular RC columns,Random Forest,GroupKFold,0,198,Galeota et al. ,22.71,30.123103531746054
DesignSafe rectangular RC columns,Random Forest,GroupKFold,0,199,Galeota et al. ,28.43,30.999888293650802
DesignSafe rectangular RC columns,Random Forest,GroupKFold,0,200,Galeota et al. ,29.59,30.123103531746054
DesignSafe rectangular RC columns,Random Forest,GroupKFold,0,201,Galeota et al. ,30.3,30.999888293650802
DesignSafe rectangular RC columns,Random Forest,GroupKFold,0,202,Galeota et al. ,39.41,29.39209880952382
DesignSafe rectangular RC columns,Random Forest,GroupKFold,0,203,Galeota et al. ,37.12,30.30806142857143
DesignSafe rectangular RC columns,Random Forest,GroupKFold,0,204,Galeota et al. ,38.91,30.30806142857143
DesignSafe rectangular RC columns,Random Forest,GroupKFold,0,205,Galeota et al. ,46.03,29.39209880952382
DesignSafe rectangular RC columns,Random Forest,GroupKFold,0,206,Galeota et al. ,36.33,29.40103507936509
DesignSafe rectangular RC columns,Random Forest,GroupKFold,0,207,Galeota et al. ,43.86,29.40103507936509
DesignSafe rectangular RC columns,Random Forest,GroupKFold,0,208,Galeota et al. ,39.34,30.187817142857142
DesignSafe rectangular RC columns,Random Forest,GroupKFold,0,209,Galeota et al. ,38.33,30.187817142857142
DesignSafe rectangular RC columns,Random Forest,GroupKFold,0,210,Galeota et al. ,38.56,30.779852063492065
DesignSafe rectangular RC columns,Random Forest,GroupKFold,0,211,Galeota et al. ,38.91,30.779852063492065
DesignSafe rectangular RC columns,Random Forest,GroupKFold,0,212,Galeota et al. ,38.3,31.84072404761904
DesignSafe rectangular RC columns,Random Forest,GroupKFold,0,213,Galeota et al. ,39.76,31.84072404761904
DesignSafe rectangular RC columns,Random Forest,GroupKFold,0,258,Mo and Wang,56.2,48.002578690476184
DesignSafe rectangular RC columns,Random Forest,GroupKFold,0,259,Mo and Wang,60.15,53.54910518759024
DesignSafe rectangular RC columns,Random Forest,GroupKFold,0,260,Mo and Wang,68.63,56.821962337662335
DesignSafe rectangular RC columns,Random Forest,GroupKFold,0,261,Mo and Wang,55.76,47.93259535714285
DesignSafe rectangular RC columns,Random Forest,GroupKFold,0,262,Mo and Wang,64.21,53.267857965368016
DesignSafe rectangular RC columns,Random Forest,GroupKFold,0,263,Mo and Wang,69.65,56.168672575757576
DesignSafe rectangular RC columns,Random Forest,GroupKFold,0,264,Mo and Wang,56.75,47.57616757936507
DesignSafe rectangular RC columns,Random Forest,GroupKFold,0,265,Mo and Wang,63.5,52.844014314574366
DesignSafe rectangular RC columns,Random Forest,GroupKFold,0,266,Mo and Wang,68.05,55.90675035353538
DesignSafe rectangular RC columns,Random Forest,GroupKFold,0,267,Aboutaha and Machado,58.03,76.19101316137558
DesignSafe rectangular RC columns,Random Forest,GroupKFold,0,268,Aboutaha and Machado,87.31,90.5216313492063
DesignSafe rectangular RC columns,Random Forest,GroupKFold,0,269,Aboutaha and Machado,95.36,94.50659632275122
DesignSafe rectangular RC columns,Random Forest,GroupKFold,0,318,Harries,42.7,54.15591682539683
DesignSafe rectangular RC columns,Random Forest,GroupKFold,1,9,Bett,48.02,51.069633809523836
DesignSafe rectangular RC columns,Random Forest,GroupKFold,1,15,Pandey,30.56,50.24836417989417
DesignSafe rectangular RC columns,Random Forest,GroupKFold,1,36,Wight,17.81,20.7136122991823
DesignSafe rectangular RC columns,Random Forest,GroupKFold,1,38,Pandey,41.99,52.19003746031745
DesignSafe rectangular RC columns,Random Forest,GroupKFold,1,47,Ono,29.27,29.124951335978846
DesignSafe rectangular RC columns,Random Forest,GroupKFold,1,48,Ono,30.73,33.57444936507935
DesignSafe rectangular RC columns,Random Forest,GroupKFold,1,50,Wight,22.2,21.25277563251564
DesignSafe rectangular RC columns,Random Forest,GroupKFold,1,51,Wight,22.77,21.25277563251564
DesignSafe rectangular RC columns,Random Forest,GroupKFold,1,52,Wight,23.51,22.029158516113522
DesignSafe rectangular RC columns,Random Forest,GroupKFold,1,53,Wight,22.14,22.029158516113522
DesignSafe rectangular RC columns,Random Forest,GroupKFold,1,54,Wight,21.18,21.15994063251565
DesignSafe rectangular RC columns,Random Forest,GroupKFold,1,55,Wight,23.58,21.15994063251565
DesignSafe rectangular RC columns,Random Forest,GroupKFold,1,56,Wight,19.76,20.935397537277545
DesignSafe rectangular RC columns,Random Forest,GroupKFold,1,57,Wight,20.97,20.935397537277545
DesignSafe rectangular RC columns,Random Forest,GroupKFold,1,58,Wight,22.11,21.259439243626744
DesignSafe rectangular RC columns,Random Forest,GroupKFold,1,59,Wight,22.83,21.83678412457911
DesignSafe rectangular RC columns,Random Forest,GroupKFold,1,60,Wight,22.34,21.83678412457911
DesignSafe rectangular RC columns,Random Forest,GroupKFold,1,61,Wight,26.92,23.796357233044724
DesignSafe rectangular RC columns,Random Forest,GroupKFold,1,62,Wight,27.08,23.796357233044724
DesignSafe rectangular RC columns,Random Forest,GroupKFold,1,63,Wight,27.24,22.164280010822516
DesignSafe rectangular RC columns,Random Forest,GroupKFold,1,64,Wight,27.21,22.164280010822516
DesignSafe rectangular RC columns,Random Forest,GroupKFold,1,82,Ikeda,16.8,18.90787857142858
DesignSafe rectangular RC columns,Random Forest,GroupKFold,1,83,Ikeda,15.92,18.90787857142858
DesignSafe rectangular RC columns,Random Forest,GroupKFold,1,84,Ikeda,18.8,19.218035873015882
DesignSafe rectangular RC columns,Random Forest,GroupKFold,1,85,Ikeda,18.14,22.761602103174624
DesignSafe rectangular RC columns,Random Forest,GroupKFold,1,86,Ikeda,13.02,19.52010794973545
DesignSafe rectangular RC columns,Random Forest,GroupKFold,1,87,Ikeda,15.92,19.893593611111125
DesignSafe rectangular RC columns,Random Forest,GroupKFold,1,88,Ikeda,15.8,19.893593611111125
DesignSafe rectangular RC columns,Random Forest,GroupKFold,1,97,Kokusho,16.93,20.38937007936508
DesignSafe rectangular RC columns,Random Forest,GroupKFold,1,98,Kokusho,19.75,20.633742222222228
DesignSafe rectangular RC columns,Random Forest,GroupKFold,1,102,Elwood,18.14,26.219960158730164
DesignSafe rectangular RC columns,Random Forest,GroupKFold,1,103,Elwood,19.92,26.937216216931237
DesignSafe rectangular RC columns,Random Forest,GroupKFold,1,106,Esaki,27.5,27.164200198412704
DesignSafe rectangular RC columns,Random Forest,GroupKFold,1,107,Esaki,24.54,26.106014007936515
DesignSafe rectangular RC columns,Random Forest,GroupKFold,1,108,Esaki,26.77,25.679302129629637
DesignSafe rectangular RC columns,Random Forest,GroupKFold,1,109,Esaki,24.59,25.068416468253982
DesignSafe rectangular RC columns,Random Forest,GroupKFold,1,117,Pandey,41.61,51.67350841269839
DesignSafe rectangular RC columns,Random Forest,GroupKFold,1,118,Pandey,28.15,50.16281596560846
DesignSafe rectangular RC columns,Random Forest,GroupKFold,1,138,Tanaka and Park,37.56,43.980277341269826
DesignSafe rectangular RC columns,Random Forest,GroupKFold,1,139,Tanaka and Park,37.71,43.980277341269826
DesignSafe rectangular RC columns,Random Forest,GroupKFold,1,140,Tanaka and Park,39.41,44.17763654761903
DesignSafe rectangular RC columns,Random Forest,GroupKFold,1,141,Tanaka and Park,38.31,43.980277341269826
DesignSafe rectangular RC columns,Random Forest,GroupKFold,1,142,Tanaka and Park,86.69,120.83531222222223
DesignSafe rectangular RC columns,Random Forest,GroupKFold,1,143,Tanaka and Park,91.99,120.83531222222223
DesignSafe rectangular RC columns,Random Forest,GroupKFold,1,144,Tanaka and Park,138.64,140.13004437830682
DesignSafe rectangular RC columns,Random Forest,GroupKFold,1,145,Tanaka and Park,139.08,140.13004437830682
DesignSafe rectangular RC columns,Random Forest,GroupKFold,1,148,Ohno and Nishioka,27.21,36.65490206349208
DesignSafe rectangular RC columns,Random Forest,GroupKFold,1,149,Ohno and Nishioka,24.44,36.65490206349208
DesignSafe rectangular RC columns,Random Forest,GroupKFold,1,150,Ohno and Nishioka,24.76,36.65490206349208
DesignSafe rectangular RC columns,Random Forest,GroupKFold,1,236,Saatcioglu and Giria,43.76,38.99508951058195
DesignSafe rectangular RC columns,Random Forest,GroupKFold,1,237,Saatcioglu and Giria,42.96,39.53219716931212
DesignSafe rectangular RC columns,Random Forest,GroupKFold,1,238,Saatcioglu and Giria,36.93,35.84185089947087
DesignSafe rectangular RC columns,Random Forest,GroupKFold,1,239,Saatcioglu and Giria,46.47,42.27054855820103
DesignSafe rectangular RC columns,Random Forest,GroupKFold,1,240,Saatcioglu and Giria,53.35,41.95600838624336
DesignSafe rectangular RC columns,Random Forest,GroupKFold,1,241,Saatcioglu and Giria,49.78,33.13674570105816
DesignSafe rectangular RC columns,Random Forest,GroupKFold,1,242,Saatcioglu and Giria,48.44,42.47013132275131
DesignSafe rectangular RC columns,Random Forest,GroupKFold,1,243,Saatcioglu and Giria,44.62,39.49374636243384
DesignSafe rectangular RC columns,Random Forest,GroupKFold,1,244,Saatcioglu and Giria,49.31,42.82395743386241
DesignSafe rectangular RC columns,Random Forest,GroupKFold,1,245,Saatcioglu and Giria,53.5,42.34897949735447
DesignSafe rectangular RC columns,Random Forest,GroupKFold,1,287,Paultre et al.,38.04,37.158190661375656
DesignSafe rectangular RC columns,Random Forest,GroupKFold,1,288,Paultre et al.,47.86,41.172442883597874
DesignSafe rectangular RC columns,Random Forest,GroupKFold,1,289,Paultre et al.,44.56,41.12446145502647
DesignSafe rectangular RC columns,Random Forest,GroupKFold,1,290,Paultre et al.,45.34,41.244269642857155
DesignSafe rectangular RC columns,Random Forest,GroupKFold,1,291,Paultre et al.,45.31,40.04793002645504
DesignSafe rectangular RC columns,Random Forest,GroupKFold,1,292,Paultre et al.,47.32,40.03530732804234
DesignSafe rectangular RC columns,Random Forest,GroupKFold,2,14,Verma,141.1,59.41859809523808
DesignSafe rectangular RC columns,Random Forest,GroupKFold,2,32,Nakamura et al.,61.03,51.52411334656085
DesignSafe rectangular RC columns,Random Forest,GroupKFold,2,33,Nakamura et al.,59.12,57.75788164021166
DesignSafe rectangular RC columns,Random Forest,GroupKFold,2,34,Nakamura et al.,65.62,57.75788164021166
DesignSafe rectangular RC columns,Random Forest,GroupKFold,2,37,Lynn,59.8,61.921557169312194
DesignSafe rectangular RC columns,Random Forest,GroupKFold,2,40,Ohue,22.79,23.86595514550263
DesignSafe rectangular RC columns,Random Forest,GroupKFold,2,41,Ohue,24.86,25.111132407407407
DesignSafe rectangular RC columns,Random Forest,GroupKFold,2,65,Lynn,54.13,62.5976812566138
DesignSafe rectangular RC columns,Random Forest,GroupKFold,2,66,Lynn,68.79,74.41770642857142
DesignSafe rectangular RC columns,Random Forest,GroupKFold,2,67,Lynn,52.5,62.63972681216936
DesignSafe rectangular RC columns,Random Forest,GroupKFold,2,68,Lynn,82.5,72.26681948412698
DesignSafe rectangular RC columns,Random Forest,GroupKFold,2,89,Umemura & Endo ,15.75,36.49885482804234
DesignSafe rectangular RC columns,Random Forest,GroupKFold,2,90,Umemura & Endo ,24.0,40.427090740740724
DesignSafe rectangular RC columns,Random Forest,GroupKFold,2,91,Umemura & Endo ,18.67,38.49870750000002
DesignSafe rectangular RC columns,Random Forest,GroupKFold,2,92,Umemura & Endo ,17.93,34.18852408730159
DesignSafe rectangular RC columns,Random Forest,GroupKFold,2,93,Umemura & Endo ,11.3,34.623931455026465
DesignSafe rectangular RC columns,Random Forest,GroupKFold,2,94,Umemura & Endo ,13.2,34.623931455026465
DesignSafe rectangular RC columns,Random Forest,GroupKFold,2,95,Umemura & Endo ,15.34,32.97310793650795
DesignSafe rectangular RC columns,Random Forest,GroupKFold,2,96,Umemura & Endo ,15.62,32.97310793650795
DesignSafe rectangular RC columns,Random Forest,GroupKFold,2,101,Yalcin,132.7,107.01726011063019
DesignSafe rectangular RC columns,Random Forest,GroupKFold,2,104,Verma,127.9,112.99290204184709
DesignSafe rectangular RC columns,Random Forest,GroupKFold,2,110,Lynn,73.73,71.95081559523808
DesignSafe rectangular RC columns,Random Forest,GroupKFold,2,111,Lynn,80.03,73.74062115079361
DesignSafe rectangular RC columns,Random Forest,GroupKFold,2,112,Lynn,59.8,61.921557169312194
DesignSafe rectangular RC columns,Random Forest,GroupKFold,2,146,Park and Paulay,88.81,111.94038408730162
DesignSafe rectangular RC columns,Random Forest,GroupKFold,2,173,Atalay and Penzein,13.87,31.59750276455027
DesignSafe rectangular RC columns,Random Forest,GroupKFold,2,174,Atalay and Penzein,13.76,31.354630145502632
DesignSafe rectangular RC columns,Random Forest,GroupKFold,2,175,Atalay and Penzein,13.09,31.59750276455027
DesignSafe rectangular RC columns,Random Forest,GroupKFold,2,176,Atalay and Penzein,16.01,32.51025400793652
DesignSafe rectangular RC columns,Random Forest,GroupKFold,2,177,Atalay and Penzein,17.23,35.36055283068786
DesignSafe rectangular RC columns,Random Forest,GroupKFold,2,178,Atalay and Penzein,16.84,35.46180039682541
DesignSafe rectangular RC columns,Random Forest,GroupKFold,2,179,Atalay and Penzein,17.73,35.19617187830689
DesignSafe rectangular RC columns,Random Forest,GroupKFold,2,180,Atalay and Penzein,17.53,35.09965341269842
DesignSafe rectangular RC columns,Random Forest,GroupKFold,2,181,Atalay and Penzein,18.46,35.201007063492085
DesignSafe rectangular RC columns,Random Forest,GroupKFold,2,182,Atalay and Penzein,17.64,35.159076190476206
DesignSafe rectangular RC columns,Random Forest,GroupKFold,2,183,Azizinamini et al.,104.93,80.09733543650792
DesignSafe rectangular RC columns,Random Forest,GroupKFold,2,214,Wehbe et al.,82.82,101.67266993867247
DesignSafe rectangular RC columns,Random Forest,GroupKFold,2,215,Wehbe et al.,89.98,117.86030032227032
DesignSafe rectangular RC columns,Random Forest,GroupKFold,2,216,Wehbe et al.,85.41,103.45887382756136
DesignSafe rectangular RC columns,Random Forest,GroupKFold,2,217,Wehbe et al.,96.87,119.84399282227031
DesignSafe rectangular RC columns,Random Forest,GroupKFold,2,293,Pujol,25.52,20.55210161986163
DesignSafe rectangular RC columns,Random Forest,GroupKFold,2,294,Pujol,25.52,20.55210161986163
DesignSafe rectangular RC columns,Random Forest,GroupKFold,2,295,Pujol,26.08,22.96485335978837
DesignSafe rectangular RC columns,Random Forest,GroupKFold,2,296,Pujol,26.08,22.96485335978837
DesignSafe rectangular RC columns,Random Forest,GroupKFold,2,297,Pujol,25.52,21.52968216931218
DesignSafe rectangular RC columns,Random Forest,GroupKFold,2,298,Pujol,25.52,21.52968216931218
DesignSafe rectangular RC columns,Random Forest,GroupKFold,2,299,Pujol,25.65,22.294564312169307
DesignSafe rectangular RC columns,Random Forest,GroupKFold,2,300,Pujol,25.65,22.294564312169307
DesignSafe rectangular RC columns,Random Forest,GroupKFold,2,301,Pujol,29.38,23.12275488705739
DesignSafe rectangular RC columns,Random Forest,GroupKFold,2,302,Pujol,29.38,23.12275488705739
DesignSafe rectangular RC columns,Random Forest,GroupKFold,2,303,Pujol,26.03,22.22136867724867
DesignSafe rectangular RC columns,Random Forest,GroupKFold,2,304,Pujol,26.03,22.22136867724867
DesignSafe rectangular RC columns,Random Forest,GroupKFold,2,305,Pujol,26.47,22.22136867724867
DesignSafe rectangular RC columns,Random Forest,GroupKFold,2,306,Pujol,26.47,22.22136867724867
DesignSafe rectangular RC columns,Random Forest,GroupKFold,2,307,Kono et al.,45.19,66.8179633730159
DesignSafe rectangular RC columns,Random Forest,GroupKFold,2,308,Kono et al.,42.28,68.65722555555557
DesignSafe rectangular RC columns,Random Forest,GroupKFold,2,309,Kono et al.,278.53,148.3343230026455
DesignSafe rectangular RC columns,Random Forest,GroupKFold,2,310,Kono et al.,300.95,146.92202133597883
DesignSafe rectangular RC columns,Random Forest,GroupKFold,2,311,Kono et al.,270.06,146.1464226058201
DesignSafe rectangular RC columns,Random Forest,GroupKFold,2,319,Melek,45.6,50.06966686507937
DesignSafe rectangular RC columns,Random Forest,GroupKFold,2,320,Melek,52.5,52.56647646825397
DesignSafe rectangular RC columns,Random Forest,GroupKFold,2,321,Melek,64.1,57.60758596560847
DesignSafe rectangular RC columns,Random Forest,GroupKFold,2,322,Melek,60.6,72.3113323148148
DesignSafe rectangular RC columns,Random Forest,GroupKFold,2,323,Melek,60.1,72.3113323148148
DesignSafe rectangular RC columns,Random Forest,GroupKFold,2,324,Melek,76.6,79.5590062169312
DesignSafe rectangular RC columns,Random Forest,GroupKFold,3,12,Iwasaki,88.33,118.94106475829726
DesignSafe rectangular RC columns,Random Forest,GroupKFold,3,13,Iwasaki,95.71,118.51767253607507
DesignSafe rectangular RC columns,Random Forest,GroupKFold,3,22,Ousalem,36.19,46.007143095238106
DesignSafe rectangular RC columns,Random Forest,GroupKFold,3,23,Ousalem,38.49,46.93030968253968
DesignSafe rectangular RC columns,Random Forest,GroupKFold,3,24,Ousalem,52.85,52.974449510582026
DesignSafe rectangular RC columns,Random Forest,GroupKFold,3,25,Ousalem,48.67,46.86060821428572
DesignSafe rectangular RC columns,Random Forest,GroupKFold,3,26,Ousalem,73.53,53.38895497114
DesignSafe rectangular RC columns,Random Forest,GroupKFold,3,27,Ousalem,55.03,67.32578362193367
DesignSafe rectangular RC columns,Random Forest,GroupKFold,3,28,Ousalem,56.4,67.32578362193367
DesignSafe rectangular RC columns,Random Forest,GroupKFold,3,29,Ousalem,59.77,69.867177960558
DesignSafe rectangular RC columns,Random Forest,GroupKFold,3,30,Ousalem,66.47,69.867177960558
DesignSafe rectangular RC columns,Random Forest,GroupKFold,3,31,Ousalem,76.45,54.25021639971144
DesignSafe rectangular RC columns,Random Forest,GroupKFold,3,69,Xiao,60.68,39.16707464285712
DesignSafe rectangular RC columns,Random Forest,GroupKFold,3,70,Xiao,72.86,48.91719599206352
DesignSafe rectangular RC columns,Random Forest,GroupKFold,3,71,Sezen ,70.76,63.015740317460256
DesignSafe rectangular RC columns,Random Forest,GroupKFold,3,72,Sezen ,80.73,81.98222351370848
DesignSafe rectangular RC columns,Random Forest,GroupKFold,3,73,Sezen ,66.22,63.015740317460256
DesignSafe rectangular RC columns,Random Forest,GroupKFold,3,74,Iwasaki,28.8,73.50699380952388
DesignSafe rectangular RC columns,Random Forest,GroupKFold,3,75,Iwasaki,35.97,75.52952611111115
DesignSafe rectangular RC columns,Random Forest,GroupKFold,3,76,Iwasaki,35.39,91.17450082010588
DesignSafe rectangular RC columns,Random Forest,GroupKFold,3,77,Iwasaki,34.91,91.17450082010588
DesignSafe rectangular RC columns,Random Forest,GroupKFold,3,78,Iwasaki,36.65,91.17450082010588
DesignSafe rectangular RC columns,Random Forest,GroupKFold,3,79,Iwasaki,53.57,92.26343579365087
DesignSafe rectangular RC columns,Random Forest,GroupKFold,3,80,Iwasaki,51.71,94.33991301587308
DesignSafe rectangular RC columns,Random Forest,GroupKFold,3,81,Iwasaki,88.65,125.32237586940842
DesignSafe rectangular RC columns,Random Forest,GroupKFold,3,99,Kokusho & Fukuhara,24.42,23.56024816137566
DesignSafe rectangular RC columns,Random Forest,GroupKFold,3,100,Kokusho & Fukuhara,24.31,25.48154633597885
DesignSafe rectangular RC columns,Random Forest,GroupKFold,3,105,Saatcioglu,61.66,51.02175978835982
DesignSafe rectangular RC columns,Random Forest,GroupKFold,3,184,Azizinamini et al. ,109.99,89.97482674603177
DesignSafe rectangular RC columns,Random Forest,GroupKFold,3,185,Saatcioglu and Ozcebe,62.09,37.09461702380952
DesignSafe rectangular RC columns,Random Forest,GroupKFold,3,186,Saatcioglu and Ozcebe,60.92,50.152871759259284
DesignSafe rectangular RC columns,Random Forest,GroupKFold,3,187,Saatcioglu and Ozcebe,73.26,51.52969539682541
DesignSafe rectangular RC columns,Random Forest,GroupKFold,3,188,Saatcioglu and Ozcebe,77.06,51.1240230555556
DesignSafe rectangular RC columns,Random Forest,GroupKFold,3,189,Saatcioglu and Ozcebe,76.84,50.76819416666671
DesignSafe rectangular RC columns,Random Forest,GroupKFold,3,218,Xiao and Martirossyan,72.86,38.20514685185181
DesignSafe rectangular RC columns,Random Forest,GroupKFold,3,219,Xiao and Martirossyan,85.05,52.01172989417987
DesignSafe rectangular RC columns,Random Forest,GroupKFold,3,220,Xiao and Martirossyan,61.92,37.05267566137563
DesignSafe rectangular RC columns,Random Forest,GroupKFold,3,221,Xiao and Martirossyan,71.68,47.92017788359788
DesignSafe rectangular RC columns,Random Forest,GroupKFold,3,227,Nosho et al,14.78,24.189288650793664
DesignSafe rectangular RC columns,Random Forest,GroupKFold,3,228,Bayrak and Sheikh,33.11,48.20892455627702
DesignSafe rectangular RC columns,Random Forest,GroupKFold,3,229,Bayrak and Sheikh,33.56,43.68087734126983
DesignSafe rectangular RC columns,Random Forest,GroupKFold,3,230,Bayrak and Sheikh,33.23,46.91804590548336
DesignSafe rectangular RC columns,Random Forest,GroupKFold,3,231,Bayrak and Sheikh,33.19,48.42943717532462
DesignSafe rectangular RC columns,Random Forest,GroupKFold,3,232,Bayrak and Sheikh,44.83,48.91840562770559
DesignSafe rectangular RC columns,Random Forest,GroupKFold,3,233,Bayrak and Sheikh,44.19,48.91159840548337
DesignSafe rectangular RC columns,Random Forest,GroupKFold,3,234,Bayrak and Sheikh,38.65,47.385407691197656
DesignSafe rectangular RC columns,Random Forest,GroupKFold,3,235,Bayrak and Sheikh,40.01,49.01018618326114
DesignSafe rectangular RC columns,Random Forest,GroupKFold,3,246,Matamoros et al.,15.8,23.243618195045702
DesignSafe rectangular RC columns,Random Forest,GroupKFold,3,247,Matamoros et al.,15.3,23.243618195045702
DesignSafe rectangular RC columns,Random Forest,GroupKFold,3,248,Matamoros et al.,21.5,19.162672718855198
DesignSafe rectangular RC columns,Random Forest,GroupKFold,3,249,Matamoros et al.,21.2,19.158202163299645
DesignSafe rectangular RC columns,Random Forest,GroupKFold,3,250,Matamoros et al.,24.2,34.53740680615682
DesignSafe rectangular RC columns,Random Forest,GroupKFold,3,251,Matamoros et al.,23.3,35.42544306878308
DesignSafe rectangular RC columns,Random Forest,GroupKFold,3,252,Matamoros et al.,13.3,18.290495740740734
DesignSafe rectangular RC columns,Random Forest,GroupKFold,3,253,Matamoros et al.,13.11,18.265799074074067
DesignSafe rectangular RC columns,Random Forest,GroupKFold,3,254,Matamoros et al.,16.3,23.923506501924
DesignSafe rectangular RC columns,Random Forest,GroupKFold,3,255,Matamoros et al.,16.3,23.923584279701778
DesignSafe rectangular RC columns,Random Forest,GroupKFold,3,256,Matamoros et al.,19.0,33.9147137902838
DesignSafe rectangular RC columns,Random Forest,GroupKFold,3,257,Matamoros et al.,19.0,33.91894712361713
DesignSafe rectangular RC columns,Random Forest,GroupKFold,3,281,Paultre & Legeron,27.65,42.41269658730159
DesignSafe rectangular RC columns,Random Forest,GroupKFold,3,282,Paultre & Legeron,35.92,43.38079219576718
DesignSafe rectangular RC columns,Random Forest,GroupKFold,3,283,Paultre & Legeron,43.84,43.87858568783068
DesignSafe rectangular RC columns,Random Forest,GroupKFold,3,284,Paultre & Legeron,25.16,42.86535301587305
DesignSafe rectangular RC columns,Random Forest,GroupKFold,3,285,Paultre & Legeron,37.71,43.60221351851854
DesignSafe rectangular RC columns,Random Forest,GroupKFold,3,286,Paultre & Legeron,41.59,43.86742351851854
DesignSafe rectangular RC columns,Random Forest,GroupKFold,4,1,Imai,105.95,78.60837267195767
DesignSafe rectangular RC columns,Random Forest,GroupKFold,4,2,Zhou,18.64,25.345012617845097
DesignSafe rectangular RC columns,Random Forest,GroupKFold,4,3,Zhou,20.53,25.345012617845097
DesignSafe rectangular RC columns,Random Forest,GroupKFold,4,4,Zhou,25.84,27.746447961760484
DesignSafe rectangular RC columns,Random Forest,GroupKFold,4,5,Arakawa,29.35,23.946888662818665
DesignSafe rectangular RC columns,Random Forest,GroupKFold,4,6,Arakawa,30.11,28.373608795093787
DesignSafe rectangular RC columns,Random Forest,GroupKFold,4,7,Umehara,72.53,50.339654603174594
DesignSafe rectangular RC columns,Random Forest,GroupKFold,4,8,Umehara,59.16,51.20457169913417
DesignSafe rectangular RC columns,Random Forest,GroupKFold,4,16,Yoshimura,21.74,23.718981428571464
DesignSafe rectangular RC columns,Random Forest,GroupKFold,4,17,Yoshimura,21.52,22.993088968254003
DesignSafe rectangular RC columns,Random Forest,GroupKFold,4,18,Yoshimura,36.91,31.744964113756613
DesignSafe rectangular RC columns,Random Forest,GroupKFold,4,19,Yoshimura,53.28,53.314833008658
DesignSafe rectangular RC columns,Random Forest,GroupKFold,4,20,Yoshimura,51.55,52.237665230880225
DesignSafe rectangular RC columns,Random Forest,GroupKFold,4,21,Yoshimura,58.67,54.52872959595959
DesignSafe rectangular RC columns,Random Forest,GroupKFold,4,35,Yoshimura,88.08,67.89449908730158
DesignSafe rectangular RC columns,Random Forest,GroupKFold,4,42,Zhou,8.26,17.7252753042328
DesignSafe rectangular RC columns,Random Forest,GroupKFold,4,43,Zhou,15.22,27.80675079244827
DesignSafe rectangular RC columns,Random Forest,GroupKFold,4,44,Zhou,15.15,30.225430501443036
DesignSafe rectangular RC columns,Random Forest,GroupKFold,4,45,Zhou,12.71,28.21733100408849
DesignSafe rectangular RC columns,Random Forest,GroupKFold,4,46,Zhou,12.34,28.21733100408849
DesignSafe rectangular RC columns,Random Forest,GroupKFold,4,49,Amitsu,115.47,73.55370113756614
DesignSafe rectangular RC columns,Random Forest,GroupKFold,4,113,Yoshimura,48.94,52.68927562770562
DesignSafe rectangular RC columns,Random Forest,GroupKFold,4,114,Yoshimura,47.59,51.75810451659451
DesignSafe rectangular RC columns,Random Forest,GroupKFold,4,119,Yoshimura,46.29,62.637370740740714
DesignSafe rectangular RC columns,Random Forest,GroupKFold,4,120,Yoshimura,45.21,62.637370740740714
DesignSafe rectangular RC columns,Random Forest,GroupKFold,4,125,Ang et al.,43.17,42.64720888407892
DesignSafe rectangular RC columns,Random Forest,GroupKFold,4,126,Ang et al.,38.04,65.42659021164017
DesignSafe rectangular RC columns,Random Forest,GroupKFold,4,127,Soesianawati et al.,44.87,62.43124253968252
DesignSafe rectangular RC columns,Random Forest,GroupKFold,4,128,Soesianawati et al.,62.78,71.98513842592584
DesignSafe rectangular RC columns,Random Forest,GroupKFold,4,129,Soesianawati et al.,62.27,71.86208251322745
DesignSafe rectangular RC columns,Random Forest,GroupKFold,4,130,Soesianawati et al.,59.47,71.03132478835973
DesignSafe rectangular RC columns,Random Forest,GroupKFold,4,131,Zahn ,47.95,66.05451158730156
DesignSafe rectangular RC columns,Random Forest,GroupKFold,4,132,Zahn ,60.44,75.02646738095224
DesignSafe rectangular RC columns,Random Forest,GroupKFold,4,147,Arakawa,36.08,46.46540110389609
DesignSafe rectangular RC columns,Random Forest,GroupKFold,4,151,Zhou,16.23,27.880332538480022
DesignSafe rectangular RC columns,Random Forest,GroupKFold,4,158,Mugurma et al.,54.53,40.031601521164035
DesignSafe rectangular RC columns,Random Forest,GroupKFold,4,159,Mugurma et al.,54.88,42.76552578042329
DesignSafe rectangular RC columns,Random Forest,GroupKFold,4,160,Mugurma et al.,54.43,41.54291104497354
DesignSafe rectangular RC columns,Random Forest,GroupKFold,4,161,Mugurma et al.,55.45,44.015910224867724
DesignSafe rectangular RC columns,Random Forest,GroupKFold,4,162,Mugurma et al.,57.25,39.34976980158734
DesignSafe rectangular RC columns,Random Forest,GroupKFold,4,163,Mugurma et al.,57.45,41.94801294973549
DesignSafe rectangular RC columns,Random Forest,GroupKFold,4,164,Mugurma et al.,64.89,42.72217271164021
DesignSafe rectangular RC columns,Random Forest,GroupKFold,4,165,Mugurma et al.,64.76,45.21158173280425
DesignSafe rectangular RC columns,Random Forest,GroupKFold,4,222,Sugano,75.14,47.6953343121693
DesignSafe rectangular RC columns,Random Forest,GroupKFold,4,223,Sugano,82.05,47.26699764550265
DesignSafe rectangular RC columns,Random Forest,GroupKFold,4,224,Sugano,91.89,48.2784793915344
DesignSafe rectangular RC columns,Random Forest,GroupKFold,4,225,Sugano,82.67,47.297047645502644
DesignSafe rectangular RC columns,Random Forest,GroupKFold,4,226,Sugano,83.18,48.30852939153439
DesignSafe rectangular RC columns,Random Forest,GroupKFold,4,270,Thomsen and Wallace,10.44,33.99939223544971
DesignSafe rectangular RC columns,Random Forest,GroupKFold,4,271,Thomsen and Wallace,16.45,35.20053380952381
DesignSafe rectangular RC columns,Random Forest,GroupKFold,4,272,Thomsen and Wallace,9.13,33.52128541005291
DesignSafe rectangular RC columns,Random Forest,GroupKFold,4,273,Thomsen and Wallace,12.55,33.86664882275134
DesignSafe rectangular RC columns,Random Forest,GroupKFold,4,274,Thomsen and Wallace,14.66,36.450067460317484
DesignSafe rectangular RC columns,Random Forest,GroupKFold,4,275,Thomsen and Wallace,8.99,30.261460211640223
DesignSafe rectangular RC columns,Random Forest,GroupKFold,4,276,Thomsen and Wallace,11.51,30.880266084656093
DesignSafe rectangular RC columns,Random Forest,GroupKFold,4,277,Thomsen and Wallace,12.98,32.955065000000026
DesignSafe rectangular RC columns,Random Forest,GroupKFold,4,278,Thomsen and Wallace,12.82,32.08010621693123
DesignSafe rectangular RC columns,Random Forest,GroupKFold,4,279,Thomsen and Wallace,14.11,32.65951951058202
DesignSafe rectangular RC columns,Random Forest,GroupKFold,4,280,Thomsen and Wallace,12.06,28.29216371693122
DesignSafe rectangular RC columns,Random Forest,GroupKFold,4,312,Takemura and Kawashima,34.12,56.84216063492062
DesignSafe rectangular RC columns,Random Forest,GroupKFold,4,313,Takemura and Kawashima,33.26,56.85214158730157
DesignSafe rectangular RC columns,Random Forest,GroupKFold,4,314,Takemura and Kawashima,34.42,56.82048047619045
DesignSafe rectangular RC columns,Random Forest,GroupKFold,4,315,Takemura and Kawashima,35.31,56.525798531746005
DesignSafe rectangular RC columns,Random Forest,GroupKFold,4,316,Takemura and Kawashima,35.85,56.79551063492061
DesignSafe rectangular RC columns,Random Forest,GroupKFold,4,317,Takemura and Kawashima,38.35,56.84216063492062
DesignSafe rectangular RC columns,Random Forest,LeaveOneSourceOut,0,10,Aboutaha,101.19,79.80414751322755
DesignSafe rectangular RC columns,Random Forest,LeaveOneSourceOut,0,11,Aboutaha,144.49,115.0682999603174
DesignSafe rectangular RC columns,Random Forest,LeaveOneSourceOut,1,267,Aboutaha and Machado,58.03,87.6576753174603
DesignSafe rectangular RC columns,Random Forest,LeaveOneSourceOut,1,268,Aboutaha and Machado,87.31,98.75778177248678
DesignSafe rectangular RC columns,Random Forest,LeaveOneSourceOut,1,269,Aboutaha and Machado,95.36,104.10971935185187
DesignSafe rectangular RC columns,Random Forest,LeaveOneSourceOut,2,49,Amitsu,115.47,77.37718056878305
DesignSafe rectangular RC columns,Random Forest,LeaveOneSourceOut,3,125,Ang et al.,43.17,47.2285166402116
DesignSafe rectangular RC columns,Random Forest,LeaveOneSourceOut,3,126,Ang et al.,38.04,57.360355965608456
DesignSafe rectangular RC columns,Random Forest,LeaveOneSourceOut,4,5,Arakawa,29.35,23.743345899470906
DesignSafe rectangular RC columns,Random Forest,LeaveOneSourceOut,4,6,Arakawa,30.11,27.14334686507936
DesignSafe rectangular RC columns,Random Forest,LeaveOneSourceOut,4,147,Arakawa,36.08,44.889991415343914
DesignSafe rectangular RC columns,Random Forest,LeaveOneSourceOut,5,173,Atalay and Penzein,13.87,32.137390138287635
DesignSafe rectangular RC columns,Random Forest,LeaveOneSourceOut,5,174,Atalay and Penzein,13.76,31.91160275733526
DesignSafe rectangular RC columns,Random Forest,LeaveOneSourceOut,5,175,Atalay and Penzein,13.09,32.137390138287635
DesignSafe rectangular RC columns,Random Forest,LeaveOneSourceOut,5,176,Atalay and Penzein,16.01,33.03094089225589
DesignSafe rectangular RC columns,Random Forest,LeaveOneSourceOut,5,177,Atalay and Penzein,17.23,35.51247567460318
DesignSafe rectangular RC columns,Random Forest,LeaveOneSourceOut,5,178,Atalay and Penzein,16.84,35.308789166666664
DesignSafe rectangular RC columns,Random Forest,LeaveOneSourceOut,5,179,Atalay and Penzein,17.73,35.45151960317462
DesignSafe rectangular RC columns,Random Forest,LeaveOneSourceOut,5,180,Atalay and Penzein,17.53,35.1218278968254
DesignSafe rectangular RC columns,Random Forest,LeaveOneSourceOut,5,181,Atalay and Penzein,18.46,35.54947511183262
DesignSafe rectangular RC columns,Random Forest,LeaveOneSourceOut,5,182,Atalay and Penzein,17.64,35.253498683261185
DesignSafe rectangular RC columns,Random Forest,LeaveOneSourceOut,6,183,Azizinamini et al.,104.93,85.29344805555547
DesignSafe rectangular RC columns,Random Forest,LeaveOneSourceOut,7,184,Azizinamini et al. ,109.99,95.10494595238099
DesignSafe rectangular RC columns,Random Forest,LeaveOneSourceOut,8,228,Bayrak and Sheikh,33.11,51.05413932539681
DesignSafe rectangular RC columns,Random Forest,LeaveOneSourceOut,8,229,Bayrak and Sheikh,33.56,43.05437943121695
DesignSafe rectangular RC columns,Random Forest,LeaveOneSourceOut,8,230,Bayrak and Sheikh,33.23,47.11561452380951
DesignSafe rectangular RC columns,Random Forest,LeaveOneSourceOut,8,231,Bayrak and Sheikh,33.19,51.78508285714283
DesignSafe rectangular RC columns,Random Forest,LeaveOneSourceOut,8,232,Bayrak and Sheikh,44.83,52.08367956349205
DesignSafe rectangular RC columns,Random Forest,LeaveOneSourceOut,8,233,Bayrak and Sheikh,44.19,52.07687678571427
DesignSafe rectangular RC columns,Random Forest,LeaveOneSourceOut,8,234,Bayrak and Sheikh,38.65,47.351643174603176
DesignSafe rectangular RC columns,Random Forest,LeaveOneSourceOut,8,235,Bayrak and Sheikh,40.01,52.16124178571427
DesignSafe rectangular RC columns,Random Forest,LeaveOneSourceOut,9,9,Bett,48.02,43.41359543650794
DesignSafe rectangular RC columns,Random Forest,LeaveOneSourceOut,10,102,Elwood,18.14,25.895563571428564
DesignSafe rectangular RC columns,Random Forest,LeaveOneSourceOut,10,103,Elwood,19.92,26.760824137806647
DesignSafe rectangular RC columns,Random Forest,LeaveOneSourceOut,11,106,Esaki,27.5,26.163287073112077
DesignSafe rectangular RC columns,Random Forest,LeaveOneSourceOut,11,107,Esaki,24.54,25.48434848845599
DesignSafe rectangular RC columns,Random Forest,LeaveOneSourceOut,11,108,Esaki,26.77,26.114809242424247
DesignSafe rectangular RC columns,Random Forest,LeaveOneSourceOut,11,109,Esaki,24.59,25.404688994708987
DesignSafe rectangular RC columns,Random Forest,LeaveOneSourceOut,12,190,Galeota et al. ,29.26,28.671146269841284
DesignSafe rectangular RC columns,Random Forest,LeaveOneSourceOut,12,191,Galeota et al. ,27.68,28.649496269841286
DesignSafe rectangular RC columns,Random Forest,LeaveOneSourceOut,12,192,Galeota et al. ,22.09,28.028193809523824
DesignSafe rectangular RC columns,Random Forest,LeaveOneSourceOut,12,193,Galeota et al. ,30.93,28.028193809523824
DesignSafe rectangular RC columns,Random Forest,LeaveOneSourceOut,12,194,Galeota et al. ,31.75,28.233744087301595
DesignSafe rectangular RC columns,Random Forest,LeaveOneSourceOut,12,195,Galeota et al. ,28.86,28.83893626984128
DesignSafe rectangular RC columns,Random Forest,LeaveOneSourceOut,12,196,Galeota et al. ,29.47,28.83893626984128
DesignSafe rectangular RC columns,Random Forest,LeaveOneSourceOut,12,197,Galeota et al. ,24.8,28.2120940873016
DesignSafe rectangular RC columns,Random Forest,LeaveOneSourceOut,12,198,Galeota et al. ,22.71,29.60220210317459
DesignSafe rectangular RC columns,Random Forest,LeaveOneSourceOut,12,199,Galeota et al. ,28.43,30.094159761904745
DesignSafe rectangular RC columns,Random Forest,LeaveOneSourceOut,12,200,Galeota et al. ,29.59,29.60220210317459
DesignSafe rectangular RC columns,Random Forest,LeaveOneSourceOut,12,201,Galeota et al. ,30.3,30.094159761904745
DesignSafe rectangular RC columns,Random Forest,LeaveOneSourceOut,12,202,Galeota et al. ,39.41,32.259585
DesignSafe rectangular RC columns,Random Forest,LeaveOneSourceOut,12,203,Galeota et al. ,37.12,32.780558730158724
DesignSafe rectangular RC columns,Random Forest,LeaveOneSourceOut,12,204,Galeota et al. ,38.91,32.780558730158724
DesignSafe rectangular RC columns,Random Forest,LeaveOneSourceOut,12,205,Galeota et al. ,46.03,32.259585
DesignSafe rectangular RC columns,Random Forest,LeaveOneSourceOut,12,206,Galeota et al. ,36.33,32.46513833333333
DesignSafe rectangular RC columns,Random Forest,LeaveOneSourceOut,12,207,Galeota et al. ,43.86,32.46513833333333
DesignSafe rectangular RC columns,Random Forest,LeaveOneSourceOut,12,208,Galeota et al. ,39.34,32.9891365079365
DesignSafe rectangular RC columns,Random Forest,LeaveOneSourceOut,12,209,Galeota et al. ,38.33,32.9891365079365
DesignSafe rectangular RC columns,Random Forest,LeaveOneSourceOut,12,210,Galeota et al. ,38.56,34.16576460317459
DesignSafe rectangular RC columns,Random Forest,LeaveOneSourceOut,12,211,Galeota et al. ,38.91,34.16576460317459
DesignSafe rectangular RC columns,Random Forest,LeaveOneSourceOut,12,212,Galeota et al. ,38.3,34.5937188095238
DesignSafe rectangular RC columns,Random Forest,LeaveOneSourceOut,12,213,Galeota et al. ,39.76,34.5937188095238
DesignSafe rectangular RC columns,Random Forest,LeaveOneSourceOut,13,121,Gill et al.,156.5,130.3770651719577
DesignSafe rectangular RC columns,Random Forest,LeaveOneSourceOut,13,122,Gill et al.,182.41,133.64948624338624
DesignSafe rectangular RC columns,Random Forest,LeaveOneSourceOut,13,123,Gill et al.,150.71,134.02034294973544
DesignSafe rectangular RC columns,Random Forest,LeaveOneSourceOut,13,124,Gill et al.,156.58,141.56741009259252
DesignSafe rectangular RC columns,Random Forest,LeaveOneSourceOut,14,318,Harries,42.7,46.18763685185185
DesignSafe rectangular RC columns,Random Forest,LeaveOneSourceOut,15,82,Ikeda,16.8,18.568768881673893
DesignSafe rectangular RC columns,Random Forest,LeaveOneSourceOut,15,83,Ikeda,15.92,18.568768881673893
DesignSafe rectangular RC columns,Random Forest,LeaveOneSourceOut,15,84,Ikeda,18.8,18.650554635642152
DesignSafe rectangular RC columns,Random Forest,LeaveOneSourceOut,15,85,Ikeda,18.14,20.711643762626274
DesignSafe rectangular RC columns,Random Forest,LeaveOneSourceOut,15,86,Ikeda,13.02,18.566014000721506
DesignSafe rectangular RC columns,Random Forest,LeaveOneSourceOut,15,87,Ikeda,15.92,18.687004516594534
DesignSafe rectangular RC columns,Random Forest,LeaveOneSourceOut,15,88,Ikeda,15.8,18.687004516594534
DesignSafe rectangular RC columns,Random Forest,LeaveOneSourceOut,16,1,Imai,105.95,70.0116134126984
DesignSafe rectangular RC columns,Random Forest,LeaveOneSourceOut,17,12,Iwasaki,88.33,115.8315370238095
DesignSafe rectangular RC columns,Random Forest,LeaveOneSourceOut,17,13,Iwasaki,95.71,115.33356591269839
DesignSafe rectangular RC columns,Random Forest,LeaveOneSourceOut,17,74,Iwasaki,28.8,69.36134690115442
DesignSafe rectangular RC columns,Random Forest,LeaveOneSourceOut,17,75,Iwasaki,35.97,70.23118071067823
DesignSafe rectangular RC columns,Random Forest,LeaveOneSourceOut,17,76,Iwasaki,35.39,84.30298466931225
DesignSafe rectangular RC columns,Random Forest,LeaveOneSourceOut,17,77,Iwasaki,34.91,84.30298466931225
DesignSafe rectangular RC columns,Random Forest,LeaveOneSourceOut,17,78,Iwasaki,36.65,84.30298466931225
DesignSafe rectangular RC columns,Random Forest,LeaveOneSourceOut,17,79,Iwasaki,53.57,86.8374641534392
DesignSafe rectangular RC columns,Random Forest,LeaveOneSourceOut,17,80,Iwasaki,51.71,88.12696193121698
DesignSafe rectangular RC columns,Random Forest,LeaveOneSourceOut,17,81,Iwasaki,88.65,122.91097718253964
DesignSafe rectangular RC columns,Random Forest,LeaveOneSourceOut,18,152,Kanda et al.,18.41,32.01476086339587
DesignSafe rectangular RC columns,Random Forest,LeaveOneSourceOut,18,153,Kanda et al.,17.99,30.7326744083694
DesignSafe rectangular RC columns,Random Forest,LeaveOneSourceOut,18,154,Kanda et al.,18.41,30.7326744083694
DesignSafe rectangular RC columns,Random Forest,LeaveOneSourceOut,18,155,Kanda et al.,19.01,31.73449532106782
DesignSafe rectangular RC columns,Random Forest,LeaveOneSourceOut,18,156,Kanda et al.,18.34,30.7326744083694
DesignSafe rectangular RC columns,Random Forest,LeaveOneSourceOut,18,157,Kanda et al.,17.42,30.7326744083694
DesignSafe rectangular RC columns,Random Forest,LeaveOneSourceOut,19,97,Kokusho,16.93,20.23540694444444
DesignSafe rectangular RC columns,Random Forest,LeaveOneSourceOut,19,98,Kokusho,19.75,20.74941273809524
DesignSafe rectangular RC columns,Random Forest,LeaveOneSourceOut,20,99,Kokusho & Fukuhara,24.42,22.890763412698423
DesignSafe rectangular RC columns,Random Forest,LeaveOneSourceOut,20,100,Kokusho & Fukuhara,24.31,25.42982928571429
DesignSafe rectangular RC columns,Random Forest,LeaveOneSourceOut,21,307,Kono et al.,45.19,66.44167230158726
DesignSafe rectangular RC columns,Random Forest,LeaveOneSourceOut,21,308,Kono et al.,42.28,70.26909884920636
DesignSafe rectangular RC columns,Random Forest,LeaveOneSourceOut,21,309,Kono et al.,278.53,142.09013093915362
DesignSafe rectangular RC columns,Random Forest,LeaveOneSourceOut,21,310,Kono et al.,300.95,142.40035165343932
DesignSafe rectangular RC columns,Random Forest,LeaveOneSourceOut,21,311,Kono et al.,270.06,135.5633357407409
DesignSafe rectangular RC columns,Random Forest,LeaveOneSourceOut,22,37,Lynn,59.8,68.07946046657045
DesignSafe rectangular RC columns,Random Forest,LeaveOneSourceOut,22,65,Lynn,54.13,69.18820478835978
DesignSafe rectangular RC columns,Random Forest,LeaveOneSourceOut,22,66,Lynn,68.79,78.2713494708995
DesignSafe rectangular RC columns,Random Forest,LeaveOneSourceOut,22,67,Lynn,52.5,68.56268812169313
DesignSafe rectangular RC columns,Random Forest,LeaveOneSourceOut,22,68,Lynn,82.5,80.02782462962969
DesignSafe rectangular RC columns,Random Forest,LeaveOneSourceOut,22,110,Lynn,73.73,79.46873391534392
DesignSafe rectangular RC columns,Random Forest,LeaveOneSourceOut,22,111,Lynn,80.03,79.9268633597884
DesignSafe rectangular RC columns,Random Forest,LeaveOneSourceOut,22,112,Lynn,59.8,68.07946046657045
DesignSafe rectangular RC columns,Random Forest,LeaveOneSourceOut,23,246,Matamoros et al.,15.8,22.15738030423282
DesignSafe rectangular RC columns,Random Forest,LeaveOneSourceOut,23,247,Matamoros et al.,15.3,22.15738030423282
DesignSafe rectangular RC columns,Random Forest,LeaveOneSourceOut,23,248,Matamoros et al.,21.5,18.848600780423272
DesignSafe rectangular RC columns,Random Forest,LeaveOneSourceOut,23,249,Matamoros et al.,21.2,18.861201574074066
DesignSafe rectangular RC columns,Random Forest,LeaveOneSourceOut,23,250,Matamoros et al.,24.2,38.963455648148134
DesignSafe rectangular RC columns,Random Forest,LeaveOneSourceOut,23,251,Matamoros et al.,23.3,39.72815556878304
DesignSafe rectangular RC columns,Random Forest,LeaveOneSourceOut,23,252,Matamoros et al.,13.3,17.78443072751324
DesignSafe rectangular RC columns,Random Forest,LeaveOneSourceOut,23,253,Matamoros et al.,13.11,17.80751294973546
DesignSafe rectangular RC columns,Random Forest,LeaveOneSourceOut,23,254,Matamoros et al.,16.3,22.9763182936508
DesignSafe rectangular RC columns,Random Forest,LeaveOneSourceOut,23,255,Matamoros et al.,16.3,22.99504940476191
DesignSafe rectangular RC columns,Random Forest,LeaveOneSourceOut,23,256,Matamoros et al.,19.0,38.22756846560844
DesignSafe rectangular RC columns,Random Forest,LeaveOneSourceOut,23,257,Matamoros et al.,19.0,38.19572957671956
DesignSafe rectangular RC columns,Random Forest,LeaveOneSourceOut,24,319,Melek,45.6,41.015610753968254
DesignSafe rectangular RC columns,Random Forest,LeaveOneSourceOut,24,320,Melek,52.5,43.74574535714287
DesignSafe rectangular RC columns,Random Forest,LeaveOneSourceOut,24,321,Melek,64.1,47.81605166666665
DesignSafe rectangular RC columns,Random Forest,LeaveOneSourceOut,24,322,Melek,60.6,66.0480716402116
DesignSafe rectangular RC columns,Random Forest,LeaveOneSourceOut,24,323,Melek,60.1,66.0480716402116
DesignSafe rectangular RC columns,Random Forest,LeaveOneSourceOut,24,324,Melek,76.6,78.80182412698412
DesignSafe rectangular RC columns,Random Forest,LeaveOneSourceOut,25,258,Mo and Wang,56.2,48.16517760582009
DesignSafe rectangular RC columns,Random Forest,LeaveOneSourceOut,25,259,Mo and Wang,60.15,55.975907843915365
DesignSafe rectangular RC columns,Random Forest,LeaveOneSourceOut,25,260,Mo and Wang,68.63,58.98391967171721
DesignSafe rectangular RC columns,Random Forest,LeaveOneSourceOut,25,261,Mo and Wang,55.76,48.135527605820094
DesignSafe rectangular RC columns,Random Forest,LeaveOneSourceOut,25,262,Mo and Wang,64.21,55.91154792328042
DesignSafe rectangular RC columns,Random Forest,LeaveOneSourceOut,25,263,Mo and Wang,69.65,58.26941475108228
DesignSafe rectangular RC columns,Random Forest,LeaveOneSourceOut,25,264,Mo and Wang,56.75,47.88560316137564
DesignSafe rectangular RC columns,Random Forest,LeaveOneSourceOut,25,265,Mo and Wang,63.5,55.91154792328042
DesignSafe rectangular RC columns,Random Forest,LeaveOneSourceOut,25,266,Mo and Wang,68.05,58.26941475108228
DesignSafe rectangular RC columns,Random Forest,LeaveOneSourceOut,26,158,Mugurma et al.,54.53,34.00011064814816
DesignSafe rectangular RC columns,Random Forest,LeaveOneSourceOut,26,159,Mugurma et al.,54.88,30.802951706349194
DesignSafe rectangular RC columns,Random Forest,LeaveOneSourceOut,26,160,Mugurma et al.,54.43,39.11262825396826
DesignSafe rectangular RC columns,Random Forest,LeaveOneSourceOut,26,161,Mugurma et al.,55.45,35.19012095238093
DesignSafe rectangular RC columns,Random Forest,LeaveOneSourceOut,26,162,Mugurma et al.,57.25,37.77831178571431
DesignSafe rectangular RC columns,Random Forest,LeaveOneSourceOut,26,163,Mugurma et al.,57.45,34.2675601190476
DesignSafe rectangular RC columns,Random Forest,LeaveOneSourceOut,26,164,Mugurma et al.,64.89,41.847896031746025
DesignSafe rectangular RC columns,Random Forest,LeaveOneSourceOut,26,165,Mugurma et al.,64.76,38.07302206349205
DesignSafe rectangular RC columns,Random Forest,LeaveOneSourceOut,27,0,Nagasaka,19.67,23.830112751322755
DesignSafe rectangular RC columns,Random Forest,LeaveOneSourceOut,27,39,Nagasaka,25.32,26.56278649470901
DesignSafe rectangular RC columns,Random Forest,LeaveOneSourceOut,28,32,Nakamura et al.,61.03,44.11202055555551
DesignSafe rectangular RC columns,Random Forest,LeaveOneSourceOut,28,33,Nakamura et al.,59.12,55.99891740740744
DesignSafe rectangular RC columns,Random Forest,LeaveOneSourceOut,28,34,Nakamura et al.,65.62,55.99891740740744
DesignSafe rectangular RC columns,Random Forest,LeaveOneSourceOut,29,227,Nosho et al,14.78,22.41450613756614
DesignSafe rectangular RC columns,Random Forest,LeaveOneSourceOut,30,148,Ohno and Nishioka,27.21,38.34614630952381
DesignSafe rectangular RC columns,Random Forest,LeaveOneSourceOut,30,149,Ohno and Nishioka,24.44,38.34614630952381
DesignSafe rectangular RC columns,Random Forest,LeaveOneSourceOut,30,150,Ohno and Nishioka,24.76,38.34614630952381
DesignSafe rectangular RC columns,Random Forest,LeaveOneSourceOut,31,40,Ohue,22.79,22.354378412698413
DesignSafe rectangular RC columns,Random Forest,LeaveOneSourceOut,31,41,Ohue,24.86,24.791154365079368
DesignSafe rectangular RC columns,Random Forest,LeaveOneSourceOut,32,47,Ono,29.27,29.27062345238095
DesignSafe rectangular RC columns,Random Forest,LeaveOneSourceOut,32,48,Ono,30.73,35.447836362433875
DesignSafe rectangular RC columns,Random Forest,LeaveOneSourceOut,33,22,Ousalem,36.19,45.2251999206349
DesignSafe rectangular RC columns,Random Forest,LeaveOneSourceOut,33,23,Ousalem,38.49,48.56320956349205
DesignSafe rectangular RC columns,Random Forest,LeaveOneSourceOut,33,24,Ousalem,52.85,52.901477936507945
DesignSafe rectangular RC columns,Random Forest,LeaveOneSourceOut,33,25,Ousalem,48.67,46.82195123015872
DesignSafe rectangular RC columns,Random Forest,LeaveOneSourceOut,33,26,Ousalem,73.53,55.946995873015865
DesignSafe rectangular RC columns,Random Forest,LeaveOneSourceOut,33,27,Ousalem,55.03,71.77542559523812
DesignSafe rectangular RC columns,Random Forest,LeaveOneSourceOut,33,28,Ousalem,56.4,71.77542559523812
DesignSafe rectangular RC columns,Random Forest,LeaveOneSourceOut,33,29,Ousalem,59.77,73.65689908730167
DesignSafe rectangular RC columns,Random Forest,LeaveOneSourceOut,33,30,Ousalem,66.47,73.65689908730167
DesignSafe rectangular RC columns,Random Forest,LeaveOneSourceOut,33,31,Ousalem,76.45,55.97649476190476
DesignSafe rectangular RC columns,Random Forest,LeaveOneSourceOut,34,15,Pandey,30.56,50.53938211640215
DesignSafe rectangular RC columns,Random Forest,LeaveOneSourceOut,34,38,Pandey,41.99,49.61045489417988
DesignSafe rectangular RC columns,Random Forest,LeaveOneSourceOut,34,117,Pandey,41.61,50.577246719576735
DesignSafe rectangular RC columns,Random Forest,LeaveOneSourceOut,34,118,Pandey,28.15,48.37980572751323
DesignSafe rectangular RC columns,Random Forest,LeaveOneSourceOut,35,146,Park and Paulay,88.81,121.89384289682542
DesignSafe rectangular RC columns,Random Forest,LeaveOneSourceOut,36,281,Paultre & Legeron,27.65,42.325208928571435
DesignSafe rectangular RC columns,Random Forest,LeaveOneSourceOut,36,282,Paultre & Legeron,35.92,42.23983006613756
DesignSafe rectangular RC columns,Random Forest,LeaveOneSourceOut,36,283,Paultre & Legeron,43.84,43.273399801587296
DesignSafe rectangular RC columns,Random Forest,LeaveOneSourceOut,36,284,Paultre & Legeron,25.16,41.593144457671976
DesignSafe rectangular RC columns,Random Forest,LeaveOneSourceOut,36,285,Paultre & Legeron,37.71,41.401496058201054
DesignSafe rectangular RC columns,Random Forest,LeaveOneSourceOut,36,286,Paultre & Legeron,41.59,42.654531177248685
DesignSafe rectangular RC columns,Random Forest,LeaveOneSourceOut,37,287,Paultre et al.,38.04,37.702119325396815
DesignSafe rectangular RC columns,Random Forest,LeaveOneSourceOut,37,288,Paultre et al.,47.86,40.239943055555536
DesignSafe rectangular RC columns,Random Forest,LeaveOneSourceOut,37,289,Paultre et al.,44.56,41.20635277777777
DesignSafe rectangular RC columns,Random Forest,LeaveOneSourceOut,37,290,Paultre et al.,45.34,41.938462579365066
DesignSafe rectangular RC columns,Random Forest,LeaveOneSourceOut,37,291,Paultre et al.,45.31,40.34870789682536
DesignSafe rectangular RC columns,Random Forest,LeaveOneSourceOut,37,292,Paultre et al.,47.32,38.570550357142835
DesignSafe rectangular RC columns,Random Forest,LeaveOneSourceOut,38,293,Pujol,25.52,24.841109060846556
DesignSafe rectangular RC columns,Random Forest,LeaveOneSourceOut,38,294,Pujol,25.52,24.841109060846556
DesignSafe rectangular RC columns,Random Forest,LeaveOneSourceOut,38,295,Pujol,26.08,27.81542510582011
DesignSafe rectangular RC columns,Random Forest,LeaveOneSourceOut,38,296,Pujol,26.08,27.81542510582011
DesignSafe rectangular RC columns,Random Forest,LeaveOneSourceOut,38,297,Pujol,25.52,26.301885066137558
DesignSafe rectangular RC columns,Random Forest,LeaveOneSourceOut,38,298,Pujol,25.52,26.301885066137558
DesignSafe rectangular RC columns,Random Forest,LeaveOneSourceOut,38,299,Pujol,25.65,27.685185304232792
DesignSafe rectangular RC columns,Random Forest,LeaveOneSourceOut,38,300,Pujol,25.65,27.685185304232792
DesignSafe rectangular RC columns,Random Forest,LeaveOneSourceOut,38,301,Pujol,29.38,27.653385701058184
DesignSafe rectangular RC columns,Random Forest,LeaveOneSourceOut,38,302,Pujol,29.38,27.653385701058184
DesignSafe rectangular RC columns,Random Forest,LeaveOneSourceOut,38,303,Pujol,26.03,27.516097486772477
DesignSafe rectangular RC columns,Random Forest,LeaveOneSourceOut,38,304,Pujol,26.03,27.516097486772477
DesignSafe rectangular RC columns,Random Forest,LeaveOneSourceOut,38,305,Pujol,26.47,27.526893042328034
DesignSafe rectangular RC columns,Random Forest,LeaveOneSourceOut,38,306,Pujol,26.47,27.526893042328034
DesignSafe rectangular RC columns,Random Forest,LeaveOneSourceOut,39,105,Saatcioglu,61.66,64.77147182780186
DesignSafe rectangular RC columns,Random Forest,LeaveOneSourceOut,40,236,Saatcioglu and Giria,43.76,38.04439579365075
DesignSafe rectangular RC columns,Random Forest,LeaveOneSourceOut,40,237,Saatcioglu and Giria,42.96,38.66178783272281
DesignSafe rectangular RC columns,Random Forest,LeaveOneSourceOut,40,238,Saatcioglu and Giria,36.93,38.363668943833936
DesignSafe rectangular RC columns,Random Forest,LeaveOneSourceOut,40,239,Saatcioglu and Giria,46.47,38.64663007936504
DesignSafe rectangular RC columns,Random Forest,LeaveOneSourceOut,40,240,Saatcioglu and Giria,53.35,38.87628695970694
DesignSafe rectangular RC columns,Random Forest,LeaveOneSourceOut,40,241,Saatcioglu and Giria,49.78,27.879551697191705
DesignSafe rectangular RC columns,Random Forest,LeaveOneSourceOut,40,242,Saatcioglu and Giria,48.44,39.07397418192917
DesignSafe rectangular RC columns,Random Forest,LeaveOneSourceOut,40,243,Saatcioglu and Giria,44.62,39.270962594627576
DesignSafe rectangular RC columns,Random Forest,LeaveOneSourceOut,40,244,Saatcioglu and Giria,49.31,39.52075707875457
DesignSafe rectangular RC columns,Random Forest,LeaveOneSourceOut,40,245,Saatcioglu and Giria,53.5,39.35775068986568
DesignSafe rectangular RC columns,Random Forest,LeaveOneSourceOut,41,185,Saatcioglu and Ozcebe,62.09,43.040298068783045
DesignSafe rectangular RC columns,Random Forest,LeaveOneSourceOut,41,186,Saatcioglu and Ozcebe,60.92,57.33665519841272
DesignSafe rectangular RC columns,Random Forest,LeaveOneSourceOut,41,187,Saatcioglu and Ozcebe,73.26,58.525206018518574
DesignSafe rectangular RC columns,Random Forest,LeaveOneSourceOut,41,188,Saatcioglu and Ozcebe,77.06,58.2283563756614
DesignSafe rectangular RC columns,Random Forest,LeaveOneSourceOut,41,189,Saatcioglu and Ozcebe,76.84,57.68899851851853
DesignSafe rectangular RC columns,Random Forest,LeaveOneSourceOut,42,166,Sakai et al.,92.71,57.763375132275144
DesignSafe rectangular RC columns,Random Forest,LeaveOneSourceOut,42,167,Sakai et al.,92.99,63.44557230158732
DesignSafe rectangular RC columns,Random Forest,LeaveOneSourceOut,42,168,Sakai et al.,96.29,57.76177346560849
DesignSafe rectangular RC columns,Random Forest,LeaveOneSourceOut,42,169,Sakai et al.,91.09,57.97274902116403
DesignSafe rectangular RC columns,Random Forest,LeaveOneSourceOut,42,170,Sakai et al.,91.18,63.58821285714287
DesignSafe rectangular RC columns,Random Forest,LeaveOneSourceOut,42,171,Sakai et al.,94.43,56.97482060846562
DesignSafe rectangular RC columns,Random Forest,LeaveOneSourceOut,42,172,Sakai et al.,91.06,55.77603160052911
DesignSafe rectangular RC columns,Random Forest,LeaveOneSourceOut,43,71,Sezen ,70.76,64.08407839947087
DesignSafe rectangular RC columns,Random Forest,LeaveOneSourceOut,43,72,Sezen ,80.73,87.09300222222215
DesignSafe rectangular RC columns,Random Forest,LeaveOneSourceOut,43,73,Sezen ,66.22,64.27043157407404
DesignSafe rectangular RC columns,Random Forest,LeaveOneSourceOut,44,127,Soesianawati et al.,44.87,58.60395285714284
DesignSafe rectangular RC columns,Random Forest,LeaveOneSourceOut,44,128,Soesianawati et al.,62.78,66.1369303174603
DesignSafe rectangular RC columns,Random Forest,LeaveOneSourceOut,44,129,Soesianawati et al.,62.27,65.45386972222224
DesignSafe rectangular RC columns,Random Forest,LeaveOneSourceOut,44,130,Soesianawati et al.,59.47,65.14354345238094
DesignSafe rectangular RC columns,Random Forest,LeaveOneSourceOut,45,222,Sugano,75.14,56.15300948412698
DesignSafe rectangular RC columns,Random Forest,LeaveOneSourceOut,45,223,Sugano,82.05,56.37671337301588
DesignSafe rectangular RC columns,Random Forest,LeaveOneSourceOut,45,224,Sugano,91.89,57.809286706349205
DesignSafe rectangular RC columns,Random Forest,LeaveOneSourceOut,45,225,Sugano,82.67,50.62989519841269
DesignSafe rectangular RC columns,Random Forest,LeaveOneSourceOut,45,226,Sugano,83.18,52.11611075396825
DesignSafe rectangular RC columns,Random Forest,LeaveOneSourceOut,46,312,Takemura and Kawashima,34.12,45.417938809523775
DesignSafe rectangular RC columns,Random Forest,LeaveOneSourceOut,46,313,Takemura and Kawashima,33.26,45.417938809523775
DesignSafe rectangular RC columns,Random Forest,LeaveOneSourceOut,46,314,Takemura and Kawashima,34.42,45.41094325396821
DesignSafe rectangular RC columns,Random Forest,LeaveOneSourceOut,46,315,Takemura and Kawashima,35.31,44.77857380952376
DesignSafe rectangular RC columns,Random Forest,LeaveOneSourceOut,46,316,Takemura and Kawashima,35.85,45.417938809523775
DesignSafe rectangular RC columns,Random Forest,LeaveOneSourceOut,46,317,Takemura and Kawashima,38.35,45.417938809523775
DesignSafe rectangular RC columns,Random Forest,LeaveOneSourceOut,47,138,Tanaka and Park,37.56,40.33323017195767
DesignSafe rectangular RC columns,Random Forest,LeaveOneSourceOut,47,139,Tanaka and Park,37.71,40.33323017195767
DesignSafe rectangular RC columns,Random Forest,LeaveOneSourceOut,47,140,Tanaka and Park,39.41,40.33323017195767
DesignSafe rectangular RC columns,Random Forest,LeaveOneSourceOut,47,141,Tanaka and Park,38.31,40.33323017195767
DesignSafe rectangular RC columns,Random Forest,LeaveOneSourceOut,47,142,Tanaka and Park,86.69,131.32728510341505
DesignSafe rectangular RC columns,Random Forest,LeaveOneSourceOut,47,143,Tanaka and Park,91.99,131.32728510341505
DesignSafe rectangular RC columns,Random Forest,LeaveOneSourceOut,47,144,Tanaka and Park,138.64,142.3540771933622
DesignSafe rectangular RC columns,Random Forest,LeaveOneSourceOut,47,145,Tanaka and Park,139.08,142.3540771933622
DesignSafe rectangular RC columns,Random Forest,LeaveOneSourceOut,48,270,Thomsen and Wallace,10.44,38.42449464285716
DesignSafe rectangular RC columns,Random Forest,LeaveOneSourceOut,48,271,Thomsen and Wallace,16.45,38.40455051587304
DesignSafe rectangular RC columns,Random Forest,LeaveOneSourceOut,48,272,Thomsen and Wallace,9.13,37.438683492063504
DesignSafe rectangular RC columns,Random Forest,LeaveOneSourceOut,48,273,Thomsen and Wallace,12.55,37.55691682539684
DesignSafe rectangular RC columns,Random Forest,LeaveOneSourceOut,48,274,Thomsen and Wallace,14.66,38.62997547619048
DesignSafe rectangular RC columns,Random Forest,LeaveOneSourceOut,48,275,Thomsen and Wallace,8.99,27.55715133597885
DesignSafe rectangular RC columns,Random Forest,LeaveOneSourceOut,48,276,Thomsen and Wallace,11.51,28.176922182539688
DesignSafe rectangular RC columns,Random Forest,LeaveOneSourceOut,48,277,Thomsen and Wallace,12.98,29.54017805555557
DesignSafe rectangular RC columns,Random Forest,LeaveOneSourceOut,48,278,Thomsen and Wallace,12.82,28.204146865079377
DesignSafe rectangular RC columns,Random Forest,LeaveOneSourceOut,48,279,Thomsen and Wallace,14.11,37.751268253968234
DesignSafe rectangular RC columns,Random Forest,LeaveOneSourceOut,48,280,Thomsen and Wallace,12.06,26.89702861111112
DesignSafe rectangular RC columns,Random Forest,LeaveOneSourceOut,49,7,Umehara,72.53,57.758277539682545
DesignSafe rectangular RC columns,Random Forest,LeaveOneSourceOut,49,8,Umehara,59.16,56.036127208994685
DesignSafe rectangular RC columns,Random Forest,LeaveOneSourceOut,50,89,Umemura & Endo ,15.75,31.33672486772487
DesignSafe rectangular RC columns,Random Forest,LeaveOneSourceOut,50,90,Umemura & Endo ,24.0,34.06942324074075
DesignSafe rectangular RC columns,Random Forest,LeaveOneSourceOut,50,91,Umemura & Endo ,18.67,36.47516337301586
DesignSafe rectangular RC columns,Random Forest,LeaveOneSourceOut,50,92,Umemura & Endo ,17.93,28.57890292328041
DesignSafe rectangular RC columns,Random Forest,LeaveOneSourceOut,50,93,Umemura & Endo ,11.3,28.395873373015867
DesignSafe rectangular RC columns,Random Forest,LeaveOneSourceOut,50,94,Umemura & Endo ,13.2,28.399523373015867
DesignSafe rectangular RC columns,Random Forest,LeaveOneSourceOut,50,95,Umemura & Endo ,15.34,28.16840103174603
DesignSafe rectangular RC columns,Random Forest,LeaveOneSourceOut,50,96,Umemura & Endo ,15.62,28.16840103174603
DesignSafe rectangular RC columns,Random Forest,LeaveOneSourceOut,51,14,Verma,141.1,68.93587927248676
DesignSafe rectangular RC columns,Random Forest,LeaveOneSourceOut,51,104,Verma,127.9,116.2295094444445
DesignSafe rectangular RC columns,Random Forest,LeaveOneSourceOut,52,133,Watson and Park,65.65,66.40116499999998
DesignSafe rectangular RC columns,Random Forest,LeaveOneSourceOut,52,134,Watson and Park,66.32,67.50969829365077
DesignSafe rectangular RC columns,Random Forest,LeaveOneSourceOut,52,135,Watson and Park,66.44,60.49900361111108
DesignSafe rectangular RC columns,Random Forest,LeaveOneSourceOut,52,136,Watson and Park,66.4,66.34288777777776
DesignSafe rectangular RC columns,Random Forest,LeaveOneSourceOut,52,137,Watson and Park,69.58,61.03169539682537
DesignSafe rectangular RC columns,Random Forest,LeaveOneSourceOut,53,214,Wehbe et al.,82.82,103.63248284391537
DesignSafe rectangular RC columns,Random Forest,LeaveOneSourceOut,53,215,Wehbe et al.,89.98,119.55259380952376
DesignSafe rectangular RC columns,Random Forest,LeaveOneSourceOut,53,216,Wehbe et al.,85.41,103.98388363756617
DesignSafe rectangular RC columns,Random Forest,LeaveOneSourceOut,53,217,Wehbe et al.,96.87,120.90125682539683
DesignSafe rectangular RC columns,Random Forest,LeaveOneSourceOut,54,36,Wight,17.81,19.107701203703716
DesignSafe rectangular RC columns,Random Forest,LeaveOneSourceOut,54,50,Wight,22.2,20.219999733044737
DesignSafe rectangular RC columns,Random Forest,LeaveOneSourceOut,54,51,Wight,22.77,20.219999733044737
DesignSafe rectangular RC columns,Random Forest,LeaveOneSourceOut,54,52,Wight,23.51,20.622760158730177
DesignSafe rectangular RC columns,Random Forest,LeaveOneSourceOut,54,53,Wight,22.14,20.622760158730177
DesignSafe rectangular RC columns,Random Forest,LeaveOneSourceOut,54,54,Wight,21.18,20.03121460317462
DesignSafe rectangular RC columns,Random Forest,LeaveOneSourceOut,54,55,Wight,23.58,20.03121460317462
DesignSafe rectangular RC columns,Random Forest,LeaveOneSourceOut,54,56,Wight,19.76,19.60195414021166
DesignSafe rectangular RC columns,Random Forest,LeaveOneSourceOut,54,57,Wight,20.97,19.60195414021166
DesignSafe rectangular RC columns,Random Forest,LeaveOneSourceOut,54,58,Wight,22.11,19.755408346560863
DesignSafe rectangular RC columns,Random Forest,LeaveOneSourceOut,54,59,Wight,22.83,20.25816694444447
DesignSafe rectangular RC columns,Random Forest,LeaveOneSourceOut,54,60,Wight,22.34,20.25816694444447
DesignSafe rectangular RC columns,Random Forest,LeaveOneSourceOut,54,61,Wight,26.92,22.153252499999997
DesignSafe rectangular RC columns,Random Forest,LeaveOneSourceOut,54,62,Wight,27.08,22.153252499999997
DesignSafe rectangular RC columns,Random Forest,LeaveOneSourceOut,54,63,Wight,27.24,21.084988611111125
DesignSafe rectangular RC columns,Random Forest,LeaveOneSourceOut,54,64,Wight,27.21,21.084988611111125
DesignSafe rectangular RC columns,Random Forest,LeaveOneSourceOut,55,69,Xiao,60.68,60.851523463203385
DesignSafe rectangular RC columns,Random Forest,LeaveOneSourceOut,55,70,Xiao,72.86,67.08027056998552
DesignSafe rectangular RC columns,Random Forest,LeaveOneSourceOut,56,218,Xiao and Martirossyan,72.86,55.559229841269804
DesignSafe rectangular RC columns,Random Forest,LeaveOneSourceOut,56,219,Xiao and Martirossyan,85.05,67.25145837301584
DesignSafe rectangular RC columns,Random Forest,LeaveOneSourceOut,56,220,Xiao and Martirossyan,61.92,58.04644492063487
DesignSafe rectangular RC columns,Random Forest,LeaveOneSourceOut,56,221,Xiao and Martirossyan,71.68,67.41919789682537
DesignSafe rectangular RC columns,Random Forest,LeaveOneSourceOut,57,101,Yalcin,132.7,114.49558394179896
DesignSafe rectangular RC columns,Random Forest,LeaveOneSourceOut,58,115,Yarandi,116.24,113.43910124338618
DesignSafe rectangular RC columns,Random Forest,LeaveOneSourceOut,58,116,Yarandi,128.5,117.05727878306881
DesignSafe rectangular RC columns,Random Forest,LeaveOneSourceOut,59,16,Yoshimura,21.74,24.699401177248667
DesignSafe rectangular RC columns,Random Forest,LeaveOneSourceOut,59,17,Yoshimura,21.52,24.57961427248676
DesignSafe rectangular RC columns,Random Forest,LeaveOneSourceOut,59,18,Yoshimura,36.91,32.833455000000015
DesignSafe rectangular RC columns,Random Forest,LeaveOneSourceOut,59,19,Yoshimura,53.28,56.74717753968249
DesignSafe rectangular RC columns,Random Forest,LeaveOneSourceOut,59,20,Yoshimura,51.55,55.940607063492024
DesignSafe rectangular RC columns,Random Forest,LeaveOneSourceOut,59,21,Yoshimura,58.67,57.381339060846535
DesignSafe rectangular RC columns,Random Forest,LeaveOneSourceOut,59,35,Yoshimura,88.08,66.39394239417993
DesignSafe rectangular RC columns,Random Forest,LeaveOneSourceOut,59,113,Yoshimura,48.94,54.975976190476175
DesignSafe rectangular RC columns,Random Forest,LeaveOneSourceOut,59,114,Yoshimura,47.59,53.940390714285705
DesignSafe rectangular RC columns,Random Forest,LeaveOneSourceOut,59,119,Yoshimura,46.29,60.19945976190473
DesignSafe rectangular RC columns,Random Forest,LeaveOneSourceOut,59,120,Yoshimura,45.21,60.19945976190473
DesignSafe rectangular RC columns,Random Forest,LeaveOneSourceOut,60,131,Zahn ,47.95,60.31046249999998
DesignSafe rectangular RC columns,Random Forest,LeaveOneSourceOut,60,132,Zahn ,60.44,72.53943960317461
DesignSafe rectangular RC columns,Random Forest,LeaveOneSourceOut,61,2,Zhou,18.64,21.06493087301588
DesignSafe rectangular RC columns,Random Forest,LeaveOneSourceOut,61,3,Zhou,20.53,21.06493087301588
DesignSafe rectangular RC columns,Random Forest,LeaveOneSourceOut,61,4,Zhou,25.84,21.643583650793676
DesignSafe rectangular RC columns,Random Forest,LeaveOneSourceOut,61,42,Zhou,8.26,21.349233690476193
DesignSafe rectangular RC columns,Random Forest,LeaveOneSourceOut,61,43,Zhou,15.22,25.246030793650803
DesignSafe rectangular RC columns,Random Forest,LeaveOneSourceOut,61,44,Zhou,15.15,28.335632129629637
DesignSafe rectangular RC columns,Random Forest,LeaveOneSourceOut,61,45,Zhou,12.71,28.85783724867725
DesignSafe rectangular RC columns,Random Forest,LeaveOneSourceOut,61,46,Zhou,12.34,28.85783724867725
DesignSafe rectangular RC columns,Random Forest,LeaveOneSourceOut,61,151,Zhou,16.23,25.23598301587303
DesignSafe rectangular RC columns,Gradient Boosting,RandomKFold,0,3,Zhou,20.53,18.603788425294695
DesignSafe rectangular RC columns,Gradient Boosting,RandomKFold,0,5,Arakawa,29.35,21.59213872230859
DesignSafe rectangular RC columns,Gradient Boosting,RandomKFold,0,7,Umehara,72.53,94.94957812910837
DesignSafe rectangular RC columns,Gradient Boosting,RandomKFold,0,9,Bett,48.02,47.6357618048818
DesignSafe rectangular RC columns,Gradient Boosting,RandomKFold,0,16,Yoshimura,21.74,23.71697397975538
DesignSafe rectangular RC columns,Gradient Boosting,RandomKFold,0,25,Ousalem,48.67,44.33783078244334
DesignSafe rectangular RC columns,Gradient Boosting,RandomKFold,0,33,Nakamura et al.,59.12,63.76803703825736
DesignSafe rectangular RC columns,Gradient Boosting,RandomKFold,0,42,Zhou,8.26,18.13007267978106
DesignSafe rectangular RC columns,Gradient Boosting,RandomKFold,0,45,Zhou,12.71,27.087119514866963
DesignSafe rectangular RC columns,Gradient Boosting,RandomKFold,0,46,Zhou,12.34,27.087119514866963
DesignSafe rectangular RC columns,Gradient Boosting,RandomKFold,0,55,Wight,23.58,22.290232365094226
DesignSafe rectangular RC columns,Gradient Boosting,RandomKFold,0,57,Wight,20.97,21.202971982808105
DesignSafe rectangular RC columns,Gradient Boosting,RandomKFold,0,60,Wight,22.34,23.48071847040604
DesignSafe rectangular RC columns,Gradient Boosting,RandomKFold,0,63,Wight,27.24,23.69507533890365
DesignSafe rectangular RC columns,Gradient Boosting,RandomKFold,0,73,Sezen ,66.22,67.5429951657127
DesignSafe rectangular RC columns,Gradient Boosting,RandomKFold,0,76,Iwasaki,35.39,48.047247641959025
DesignSafe rectangular RC columns,Gradient Boosting,RandomKFold,0,77,Iwasaki,34.91,47.50246423444814
DesignSafe rectangular RC columns,Gradient Boosting,RandomKFold,0,78,Iwasaki,36.65,48.047247641959025
DesignSafe rectangular RC columns,Gradient Boosting,RandomKFold,0,82,Ikeda,16.8,14.877683533914448
DesignSafe rectangular RC columns,Gradient Boosting,RandomKFold,0,84,Ikeda,18.8,15.153294074026128
DesignSafe rectangular RC columns,Gradient Boosting,RandomKFold,0,90,Umemura & Endo ,24.0,20.536542210396465
DesignSafe rectangular RC columns,Gradient Boosting,RandomKFold,0,93,Umemura & Endo ,11.3,16.51959729464515
DesignSafe rectangular RC columns,Gradient Boosting,RandomKFold,0,94,Umemura & Endo ,13.2,16.41115358814025
DesignSafe rectangular RC columns,Gradient Boosting,RandomKFold,0,101,Yalcin,132.7,111.41339485626243
DesignSafe rectangular RC columns,Gradient Boosting,RandomKFold,0,110,Lynn,73.73,75.69202152023455
DesignSafe rectangular RC columns,Gradient Boosting,RandomKFold,0,114,Yoshimura,47.59,50.867493164485374
DesignSafe rectangular RC columns,Gradient Boosting,RandomKFold,0,118,Pandey,28.15,37.28927817815821
DesignSafe rectangular RC columns,Gradient Boosting,RandomKFold,0,119,Yoshimura,46.29,50.74903895955683
DesignSafe rectangular RC columns,Gradient Boosting,RandomKFold,0,124,Gill et al.,156.58,183.33748113160303
DesignSafe rectangular RC columns,Gradient Boosting,RandomKFold,0,139,Tanaka and Park,37.71,38.35442722235799
DesignSafe rectangular RC columns,Gradient Boosting,RandomKFold,0,144,Tanaka and Park,138.64,124.83581362463173
DesignSafe rectangular RC columns,Gradient Boosting,RandomKFold,0,146,Park and Paulay,88.81,132.96301138544618
DesignSafe rectangular RC columns,Gradient Boosting,RandomKFold,0,153,Kanda et al.,17.99,18.603786074905994
DesignSafe rectangular RC columns,Gradient Boosting,RandomKFold,0,163,Mugurma et al.,57.45,54.86197245637513
DesignSafe rectangular RC columns,Gradient Boosting,RandomKFold,0,167,Sakai et al.,92.99,93.3136894396181
DesignSafe rectangular RC columns,Gradient Boosting,RandomKFold,0,173,Atalay and Penzein,13.87,14.597404307720462
DesignSafe rectangular RC columns,Gradient Boosting,RandomKFold,0,175,Atalay and Penzein,13.09,14.597404307720462
DesignSafe rectangular RC columns,Gradient Boosting,RandomKFold,0,176,Atalay and Penzein,16.01,15.324393325899633
DesignSafe rectangular RC columns,Gradient Boosting,RandomKFold,0,177,Atalay and Penzein,17.23,20.68254349300265
DesignSafe rectangular RC columns,Gradient Boosting,RandomKFold,0,179,Atalay and Penzein,17.73,18.58803698738019
DesignSafe rectangular RC columns,Gradient Boosting,RandomKFold,0,181,Atalay and Penzein,18.46,18.93141453715474
DesignSafe rectangular RC columns,Gradient Boosting,RandomKFold,0,198,Galeota et al. ,22.71,30.718744776814358
DesignSafe rectangular RC columns,Gradient Boosting,RandomKFold,0,203,Galeota et al. ,37.12,38.59115989100137
DesignSafe rectangular RC columns,Gradient Boosting,RandomKFold,0,208,Galeota et al. ,39.34,38.435492086087095
DesignSafe rectangular RC columns,Gradient Boosting,RandomKFold,0,219,Xiao and Martirossyan,85.05,71.71847400208375
DesignSafe rectangular RC columns,Gradient Boosting,RandomKFold,0,221,Xiao and Martirossyan,71.68,66.62846776355434
DesignSafe rectangular RC columns,Gradient Boosting,RandomKFold,0,232,Bayrak and Sheikh,44.83,38.540480979063766
DesignSafe rectangular RC columns,Gradient Boosting,RandomKFold,0,234,Bayrak and Sheikh,38.65,38.64313040481413
DesignSafe rectangular RC columns,Gradient Boosting,RandomKFold,0,240,Saatcioglu and Giria,53.35,49.29621970138729
DesignSafe rectangular RC columns,Gradient Boosting,RandomKFold,0,242,Saatcioglu and Giria,48.44,52.42621994659648
DesignSafe rectangular RC columns,Gradient Boosting,RandomKFold,0,248,Matamoros et al.,21.5,14.326951149490235
DesignSafe rectangular RC columns,Gradient Boosting,RandomKFold,0,255,Matamoros et al.,16.3,15.520422631646197
DesignSafe rectangular RC columns,Gradient Boosting,RandomKFold,0,271,Thomsen and Wallace,16.45,13.243110128270136
DesignSafe rectangular RC columns,Gradient Boosting,RandomKFold,0,280,Thomsen and Wallace,12.06,13.243110128270136
DesignSafe rectangular RC columns,Gradient Boosting,RandomKFold,0,285,Paultre & Legeron,37.71,37.35732090897768
DesignSafe rectangular RC columns,Gradient Boosting,RandomKFold,0,287,Paultre et al.,38.04,40.22863862208892
DesignSafe rectangular RC columns,Gradient Boosting,RandomKFold,0,289,Paultre et al.,44.56,46.340324823587665
DesignSafe rectangular RC columns,Gradient Boosting,RandomKFold,0,301,Pujol,29.38,26.316335379309162
DesignSafe rectangular RC columns,Gradient Boosting,RandomKFold,0,303,Pujol,26.03,25.883096822997587
DesignSafe rectangular RC columns,Gradient Boosting,RandomKFold,0,304,Pujol,26.03,25.883096822997587
DesignSafe rectangular RC columns,Gradient Boosting,RandomKFold,0,309,Kono et al.,278.53,250.84753789522776
DesignSafe rectangular RC columns,Gradient Boosting,RandomKFold,0,310,Kono et al.,300.95,249.64665173377827
DesignSafe rectangular RC columns,Gradient Boosting,RandomKFold,0,317,Takemura and Kawashima,38.35,35.01444254595881
DesignSafe rectangular RC columns,Gradient Boosting,RandomKFold,0,320,Melek,52.5,47.791890359273566
DesignSafe rectangular RC columns,Gradient Boosting,RandomKFold,0,322,Melek,60.6,59.76599545596233
DesignSafe rectangular RC columns,Gradient Boosting,RandomKFold,1,6,Arakawa,30.11,29.644510204590574
DesignSafe rectangular RC columns,Gradient Boosting,RandomKFold,1,10,Aboutaha,101.19,109.05745675910842
DesignSafe rectangular RC columns,Gradient Boosting,RandomKFold,1,15,Pandey,30.56,39.449513244465116
DesignSafe rectangular RC columns,Gradient Boosting,RandomKFold,1,17,Yoshimura,21.52,21.398663063700045
DesignSafe rectangular RC columns,Gradient Boosting,RandomKFold,1,18,Yoshimura,36.91,33.077000738356546
DesignSafe rectangular RC columns,Gradient Boosting,RandomKFold,1,19,Yoshimura,53.28,56.83542498672173
DesignSafe rectangular RC columns,Gradient Boosting,RandomKFold,1,22,Ousalem,36.19,41.62968093066523
DesignSafe rectangular RC columns,Gradient Boosting,RandomKFold,1,24,Ousalem,52.85,46.683011217347925
DesignSafe rectangular RC columns,Gradient Boosting,RandomKFold,1,30,Ousalem,66.47,62.62918609134122
DesignSafe rectangular RC columns,Gradient Boosting,RandomKFold,1,31,Ousalem,76.45,70.36681544817608
DesignSafe rectangular RC columns,Gradient Boosting,RandomKFold,1,39,Nagasaka,25.32,25.542171016633457
DesignSafe rectangular RC columns,Gradient Boosting,RandomKFold,1,56,Wight,19.76,21.596150198846644
DesignSafe rectangular RC columns,Gradient Boosting,RandomKFold,1,59,Wight,22.83,22.684237528342695
DesignSafe rectangular RC columns,Gradient Boosting,RandomKFold,1,66,Lynn,68.79,74.66400033959727
DesignSafe rectangular RC columns,Gradient Boosting,RandomKFold,1,69,Xiao,60.68,62.899516544076796
DesignSafe rectangular RC columns,Gradient Boosting,RandomKFold,1,72,Sezen ,80.73,84.19719009022556
DesignSafe rectangular RC columns,Gradient Boosting,RandomKFold,1,75,Iwasaki,35.97,28.89626319699849
DesignSafe rectangular RC columns,Gradient Boosting,RandomKFold,1,79,Iwasaki,53.57,50.623644419248635
DesignSafe rectangular RC columns,Gradient Boosting,RandomKFold,1,81,Iwasaki,88.65,83.6632161096155
DesignSafe rectangular RC columns,Gradient Boosting,RandomKFold,1,92,Umemura & Endo ,17.93,13.785086987239115
DesignSafe rectangular RC columns,Gradient Boosting,RandomKFold,1,96,Umemura & Endo ,15.62,13.60210388112318
DesignSafe rectangular RC columns,Gradient Boosting,RandomKFold,1,97,Kokusho,16.93,16.593210681043374
DesignSafe rectangular RC columns,Gradient Boosting,RandomKFold,1,104,Verma,127.9,128.39896008369078
DesignSafe rectangular RC columns,Gradient Boosting,RandomKFold,1,108,Esaki,26.77,26.551467340551884
DesignSafe rectangular RC columns,Gradient Boosting,RandomKFold,1,109,Esaki,24.59,25.51804290040632
DesignSafe rectangular RC columns,Gradient Boosting,RandomKFold,1,111,Lynn,80.03,77.21431832699409
DesignSafe rectangular RC columns,Gradient Boosting,RandomKFold,1,113,Yoshimura,48.94,51.04585572708631
DesignSafe rectangular RC columns,Gradient Boosting,RandomKFold,1,116,Yarandi,128.5,115.08037040158399
DesignSafe rectangular RC columns,Gradient Boosting,RandomKFold,1,126,Ang et al.,38.04,42.42534358919222
DesignSafe rectangular RC columns,Gradient Boosting,RandomKFold,1,132,Zahn ,60.44,66.03347607953395
DesignSafe rectangular RC columns,Gradient Boosting,RandomKFold,1,137,Watson and Park,69.58,71.83423516050685
DesignSafe rectangular RC columns,Gradient Boosting,RandomKFold,1,140,Tanaka and Park,39.41,38.14366374298297
DesignSafe rectangular RC columns,Gradient Boosting,RandomKFold,1,143,Tanaka and Park,91.99,92.56716144968802
DesignSafe rectangular RC columns,Gradient Boosting,RandomKFold,1,148,Ohno and Nishioka,27.21,24.600779379631465
DesignSafe rectangular RC columns,Gradient Boosting,RandomKFold,1,152,Kanda et al.,18.41,35.94393176275002
DesignSafe rectangular RC columns,Gradient Boosting,RandomKFold,1,155,Kanda et al.,19.01,15.79942259645205
DesignSafe rectangular RC columns,Gradient Boosting,RandomKFold,1,157,Kanda et al.,17.42,17.26244546316351
DesignSafe rectangular RC columns,Gradient Boosting,RandomKFold,1,158,Mugurma et al.,54.53,49.54763857571509
DesignSafe rectangular RC columns,Gradient Boosting,RandomKFold,1,164,Mugurma et al.,64.89,65.62508767353438
DesignSafe rectangular RC columns,Gradient Boosting,RandomKFold,1,165,Mugurma et al.,64.76,66.1007580005092
DesignSafe rectangular RC columns,Gradient Boosting,RandomKFold,1,172,Sakai et al.,91.06,68.8396522023976
DesignSafe rectangular RC columns,Gradient Boosting,RandomKFold,1,183,Azizinamini et al.,104.93,98.52561863735889
DesignSafe rectangular RC columns,Gradient Boosting,RandomKFold,1,185,Saatcioglu and Ozcebe,62.09,57.05842414473464
DesignSafe rectangular RC columns,Gradient Boosting,RandomKFold,1,186,Saatcioglu and Ozcebe,60.92,70.52201289410857
DesignSafe rectangular RC columns,Gradient Boosting,RandomKFold,1,193,Galeota et al. ,30.93,25.268718588418356
DesignSafe rectangular RC columns,Gradient Boosting,RandomKFold,1,194,Galeota et al. ,31.75,25.31481383410154
DesignSafe rectangular RC columns,Gradient Boosting,RandomKFold,1,202,Galeota et al. ,39.41,40.77223011559795
DesignSafe rectangular RC columns,Gradient Boosting,RandomKFold,1,209,Galeota et al. ,38.33,38.46463150379951
DesignSafe rectangular RC columns,Gradient Boosting,RandomKFold,1,218,Xiao and Martirossyan,72.86,70.18479419067579
DesignSafe rectangular RC columns,Gradient Boosting,RandomKFold,1,220,Xiao and Martirossyan,61.92,64.4834972979417
DesignSafe rectangular RC columns,Gradient Boosting,RandomKFold,1,224,Sugano,91.89,75.35479234529697
DesignSafe rectangular RC columns,Gradient Boosting,RandomKFold,1,225,Sugano,82.67,78.93083562348501
DesignSafe rectangular RC columns,Gradient Boosting,RandomKFold,1,226,Sugano,83.18,77.53223700179957
DesignSafe rectangular RC columns,Gradient Boosting,RandomKFold,1,228,Bayrak and Sheikh,33.11,37.01384586725944
DesignSafe rectangular RC columns,Gradient Boosting,RandomKFold,1,229,Bayrak and Sheikh,33.56,37.17235437276852
DesignSafe rectangular RC columns,Gradient Boosting,RandomKFold,1,249,Matamoros et al.,21.2,16.0444795336714
DesignSafe rectangular RC columns,Gradient Boosting,RandomKFold,1,258,Mo and Wang,56.2,57.195871269905716
DesignSafe rectangular RC columns,Gradient Boosting,RandomKFold,1,266,Mo and Wang,68.05,63.85913490220593
DesignSafe rectangular RC columns,Gradient Boosting,RandomKFold,1,267,Aboutaha and Machado,58.03,67.08292631746652
DesignSafe rectangular RC columns,Gradient Boosting,RandomKFold,1,283,Paultre & Legeron,43.84,42.944571918051786
DesignSafe rectangular RC columns,Gradient Boosting,RandomKFold,1,288,Paultre et al.,47.86,43.798095530554946
DesignSafe rectangular RC columns,Gradient Boosting,RandomKFold,1,297,Pujol,25.52,25.9031987077322
DesignSafe rectangular RC columns,Gradient Boosting,RandomKFold,1,306,Pujol,26.47,25.903907179045017
DesignSafe rectangular RC columns,Gradient Boosting,RandomKFold,1,307,Kono et al.,45.19,52.21668361399126
DesignSafe rectangular RC columns,Gradient Boosting,RandomKFold,1,314,Takemura and Kawashima,34.42,35.71761950800001
DesignSafe rectangular RC columns,Gradient Boosting,RandomKFold,2,2,Zhou,18.64,19.86861079264416
DesignSafe rectangular RC columns,Gradient Boosting,RandomKFold,2,12,Iwasaki,88.33,93.14374155548903
DesignSafe rectangular RC columns,Gradient Boosting,RandomKFold,2,23,Ousalem,38.49,46.95812075936427
DesignSafe rectangular RC columns,Gradient Boosting,RandomKFold,2,28,Ousalem,56.4,55.85963636386002
DesignSafe rectangular RC columns,Gradient Boosting,RandomKFold,2,29,Ousalem,59.77,67.34512869918939
DesignSafe rectangular RC columns,Gradient Boosting,RandomKFold,2,35,Yoshimura,88.08,67.97187088931354
DesignSafe rectangular RC columns,Gradient Boosting,RandomKFold,2,37,Lynn,59.8,65.28703420693626
DesignSafe rectangular RC columns,Gradient Boosting,RandomKFold,2,38,Pandey,41.99,39.9749223644561
DesignSafe rectangular RC columns,Gradient Boosting,RandomKFold,2,65,Lynn,54.13,55.444959609614635
DesignSafe rectangular RC columns,Gradient Boosting,RandomKFold,2,67,Lynn,52.5,55.444959609614635
DesignSafe rectangular RC columns,Gradient Boosting,RandomKFold,2,68,Lynn,82.5,75.454644202268
DesignSafe rectangular RC columns,Gradient Boosting,RandomKFold,2,74,Iwasaki,28.8,30.814844683534748
DesignSafe rectangular RC columns,Gradient Boosting,RandomKFold,2,83,Ikeda,15.92,17.268761595882488
DesignSafe rectangular RC columns,Gradient Boosting,RandomKFold,2,85,Ikeda,18.14,24.163921180304506
DesignSafe rectangular RC columns,Gradient Boosting,RandomKFold,2,86,Ikeda,13.02,12.362343973230207
DesignSafe rectangular RC columns,Gradient Boosting,RandomKFold,2,107,Esaki,24.54,24.591774443101976
DesignSafe rectangular RC columns,Gradient Boosting,RandomKFold,2,112,Lynn,59.8,65.28703420693626
DesignSafe rectangular RC columns,Gradient Boosting,RandomKFold,2,115,Yarandi,116.24,117.09776912358801
DesignSafe rectangular RC columns,Gradient Boosting,RandomKFold,2,117,Pandey,41.61,46.38595413480371
DesignSafe rectangular RC columns,Gradient Boosting,RandomKFold,2,120,Yoshimura,45.21,50.22149928272955
DesignSafe rectangular RC columns,Gradient Boosting,RandomKFold,2,125,Ang et al.,43.17,41.840186867200195
DesignSafe rectangular RC columns,Gradient Boosting,RandomKFold,2,127,Soesianawati et al.,44.87,56.16854769890634
DesignSafe rectangular RC columns,Gradient Boosting,RandomKFold,2,129,Soesianawati et al.,62.27,59.88360530058567
DesignSafe rectangular RC columns,Gradient Boosting,RandomKFold,2,131,Zahn ,47.95,52.46810804273859
DesignSafe rectangular RC columns,Gradient Boosting,RandomKFold,2,133,Watson and Park,65.65,65.19483281360881
DesignSafe rectangular RC columns,Gradient Boosting,RandomKFold,2,142,Tanaka and Park,86.69,96.98674327003563
DesignSafe rectangular RC columns,Gradient Boosting,RandomKFold,2,145,Tanaka and Park,139.08,133.23980782137627
DesignSafe rectangular RC columns,Gradient Boosting,RandomKFold,2,147,Arakawa,36.08,48.89658809657443
DesignSafe rectangular RC columns,Gradient Boosting,RandomKFold,2,154,Kanda et al.,18.41,17.205310312367015
DesignSafe rectangular RC columns,Gradient Boosting,RandomKFold,2,159,Mugurma et al.,54.88,51.35554278876306
DesignSafe rectangular RC columns,Gradient Boosting,RandomKFold,2,168,Sakai et al.,96.29,91.83935542987365
DesignSafe rectangular RC columns,Gradient Boosting,RandomKFold,2,170,Sakai et al.,91.18,93.12781146719156
DesignSafe rectangular RC columns,Gradient Boosting,RandomKFold,2,180,Atalay and Penzein,17.53,20.51249958527982
DesignSafe rectangular RC columns,Gradient Boosting,RandomKFold,2,182,Atalay and Penzein,17.64,20.51249958527982
DesignSafe rectangular RC columns,Gradient Boosting,RandomKFold,2,184,Azizinamini et al. ,109.99,106.2729363693126
DesignSafe rectangular RC columns,Gradient Boosting,RandomKFold,2,195,Galeota et al. ,28.86,27.44199081856374
DesignSafe rectangular RC columns,Gradient Boosting,RandomKFold,2,196,Galeota et al. ,29.47,27.44199081856374
DesignSafe rectangular RC columns,Gradient Boosting,RandomKFold,2,199,Galeota et al. ,28.43,29.40480627417507
DesignSafe rectangular RC columns,Gradient Boosting,RandomKFold,2,204,Galeota et al. ,38.91,39.157493835815124
DesignSafe rectangular RC columns,Gradient Boosting,RandomKFold,2,206,Galeota et al. ,36.33,40.8455249506653
DesignSafe rectangular RC columns,Gradient Boosting,RandomKFold,2,210,Galeota et al. ,38.56,40.9811208254441
DesignSafe rectangular RC columns,Gradient Boosting,RandomKFold,2,211,Galeota et al. ,38.91,40.9811208254441
DesignSafe rectangular RC columns,Gradient Boosting,RandomKFold,2,222,Sugano,75.14,90.41012425068352
DesignSafe rectangular RC columns,Gradient Boosting,RandomKFold,2,223,Sugano,82.05,89.97260162172823
DesignSafe rectangular RC columns,Gradient Boosting,RandomKFold,2,227,Nosho et al,14.78,21.800573797573424
DesignSafe rectangular RC columns,Gradient Boosting,RandomKFold,2,231,Bayrak and Sheikh,33.19,36.779220650258765
DesignSafe rectangular RC columns,Gradient Boosting,RandomKFold,2,238,Saatcioglu and Giria,36.93,42.677029358106935
DesignSafe rectangular RC columns,Gradient Boosting,RandomKFold,2,247,Matamoros et al.,15.3,15.585285833233927
DesignSafe rectangular RC columns,Gradient Boosting,RandomKFold,2,250,Matamoros et al.,24.2,24.221185150481872
DesignSafe rectangular RC columns,Gradient Boosting,RandomKFold,2,253,Matamoros et al.,13.11,14.985135231038631
DesignSafe rectangular RC columns,Gradient Boosting,RandomKFold,2,260,Mo and Wang,68.63,64.26349938164776
DesignSafe rectangular RC columns,Gradient Boosting,RandomKFold,2,261,Mo and Wang,55.76,56.66859974319346
DesignSafe rectangular RC columns,Gradient Boosting,RandomKFold,2,262,Mo and Wang,64.21,64.14487512230228
DesignSafe rectangular RC columns,Gradient Boosting,RandomKFold,2,269,Aboutaha and Machado,95.36,83.27009366213538
DesignSafe rectangular RC columns,Gradient Boosting,RandomKFold,2,272,Thomsen and Wallace,9.13,10.87375771543822
DesignSafe rectangular RC columns,Gradient Boosting,RandomKFold,2,274,Thomsen and Wallace,14.66,13.893337417590558
DesignSafe rectangular RC columns,Gradient Boosting,RandomKFold,2,275,Thomsen and Wallace,8.99,10.402762847733454
DesignSafe rectangular RC columns,Gradient Boosting,RandomKFold,2,281,Paultre & Legeron,27.65,41.84836753901528
DesignSafe rectangular RC columns,Gradient Boosting,RandomKFold,2,284,Paultre & Legeron,25.16,38.44659124269362
DesignSafe rectangular RC columns,Gradient Boosting,RandomKFold,2,294,Pujol,25.52,25.433742094284735
DesignSafe rectangular RC columns,Gradient Boosting,RandomKFold,2,299,Pujol,25.65,26.72427584581717
DesignSafe rectangular RC columns,Gradient Boosting,RandomKFold,2,300,Pujol,25.65,26.72427584581717
DesignSafe rectangular RC columns,Gradient Boosting,RandomKFold,2,305,Pujol,26.47,26.756819320563256
DesignSafe rectangular RC columns,Gradient Boosting,RandomKFold,2,311,Kono et al.,270.06,219.86727941635797
DesignSafe rectangular RC columns,Gradient Boosting,RandomKFold,2,313,Takemura and Kawashima,33.26,36.05107951926792
DesignSafe rectangular RC columns,Gradient Boosting,RandomKFold,3,0,Nagasaka,19.67,21.808570908317765
DesignSafe rectangular RC columns,Gradient Boosting,RandomKFold,3,4,Zhou,25.84,18.615312114772774
DesignSafe rectangular RC columns,Gradient Boosting,RandomKFold,3,8,Umehara,59.16,55.23378455589507
DesignSafe rectangular RC columns,Gradient Boosting,RandomKFold,3,11,Aboutaha,144.49,124.37698832890723
DesignSafe rectangular RC columns,Gradient Boosting,RandomKFold,3,14,Verma,141.1,74.94549538546688
DesignSafe rectangular RC columns,Gradient Boosting,RandomKFold,3,26,Ousalem,73.53,73.81234665676253
DesignSafe rectangular RC columns,Gradient Boosting,RandomKFold,3,27,Ousalem,55.03,58.374727271211
DesignSafe rectangular RC columns,Gradient Boosting,RandomKFold,3,32,Nakamura et al.,61.03,45.941328978951745
DesignSafe rectangular RC columns,Gradient Boosting,RandomKFold,3,36,Wight,17.81,21.347511372439435
DesignSafe rectangular RC columns,Gradient Boosting,RandomKFold,3,40,Ohue,22.79,20.02663589632518
DesignSafe rectangular RC columns,Gradient Boosting,RandomKFold,3,41,Ohue,24.86,24.311996273632598
DesignSafe rectangular RC columns,Gradient Boosting,RandomKFold,3,44,Zhou,15.15,26.49996507968386
DesignSafe rectangular RC columns,Gradient Boosting,RandomKFold,3,47,Ono,29.27,18.19704258847583
DesignSafe rectangular RC columns,Gradient Boosting,RandomKFold,3,51,Wight,22.77,22.21702732432145
DesignSafe rectangular RC columns,Gradient Boosting,RandomKFold,3,61,Wight,26.92,27.245180876934914
DesignSafe rectangular RC columns,Gradient Boosting,RandomKFold,3,62,Wight,27.08,27.245180876934914
DesignSafe rectangular RC columns,Gradient Boosting,RandomKFold,3,64,Wight,27.21,24.309750084460624
DesignSafe rectangular RC columns,Gradient Boosting,RandomKFold,3,70,Xiao,72.86,68.9256197749509
DesignSafe rectangular RC columns,Gradient Boosting,RandomKFold,3,89,Umemura & Endo ,15.75,18.83528672474185
DesignSafe rectangular RC columns,Gradient Boosting,RandomKFold,3,95,Umemura & Endo ,15.34,16.073517279449707
DesignSafe rectangular RC columns,Gradient Boosting,RandomKFold,3,98,Kokusho,19.75,17.897437718648995
DesignSafe rectangular RC columns,Gradient Boosting,RandomKFold,3,100,Kokusho & Fukuhara,24.31,28.216980914438906
DesignSafe rectangular RC columns,Gradient Boosting,RandomKFold,3,103,Elwood,19.92,22.43262747448123
DesignSafe rectangular RC columns,Gradient Boosting,RandomKFold,3,122,Gill et al.,182.41,157.71318891280393
DesignSafe rectangular RC columns,Gradient Boosting,RandomKFold,3,123,Gill et al.,150.71,158.8030435043963
DesignSafe rectangular RC columns,Gradient Boosting,RandomKFold,3,128,Soesianawati et al.,62.78,60.40889966061181
DesignSafe rectangular RC columns,Gradient Boosting,RandomKFold,3,135,Watson and Park,66.44,61.027190378827456
DesignSafe rectangular RC columns,Gradient Boosting,RandomKFold,3,136,Watson and Park,66.4,62.621747311092314
DesignSafe rectangular RC columns,Gradient Boosting,RandomKFold,3,138,Tanaka and Park,37.56,38.815128036616144
DesignSafe rectangular RC columns,Gradient Boosting,RandomKFold,3,141,Tanaka and Park,38.31,38.815128036616144
DesignSafe rectangular RC columns,Gradient Boosting,RandomKFold,3,150,Ohno and Nishioka,24.76,27.03026262139301
DesignSafe rectangular RC columns,Gradient Boosting,RandomKFold,3,156,Kanda et al.,18.34,18.981344891652096
DesignSafe rectangular RC columns,Gradient Boosting,RandomKFold,3,162,Mugurma et al.,57.25,52.51851779111628
DesignSafe rectangular RC columns,Gradient Boosting,RandomKFold,3,171,Sakai et al.,94.43,86.18550135143848
DesignSafe rectangular RC columns,Gradient Boosting,RandomKFold,3,178,Atalay and Penzein,16.84,18.87977824683491
DesignSafe rectangular RC columns,Gradient Boosting,RandomKFold,3,192,Galeota et al. ,22.09,29.184108137833825
DesignSafe rectangular RC columns,Gradient Boosting,RandomKFold,3,197,Galeota et al. ,24.8,29.184108137833825
DesignSafe rectangular RC columns,Gradient Boosting,RandomKFold,3,200,Galeota et al. ,29.59,28.933937135547456
DesignSafe rectangular RC columns,Gradient Boosting,RandomKFold,3,213,Galeota et al. ,39.76,39.0834913182292
DesignSafe rectangular RC columns,Gradient Boosting,RandomKFold,3,215,Wehbe et al.,89.98,97.7428041232116
DesignSafe rectangular RC columns,Gradient Boosting,RandomKFold,3,216,Wehbe et al.,85.41,79.90818157394564
DesignSafe rectangular RC columns,Gradient Boosting,RandomKFold,3,230,Bayrak and Sheikh,33.23,35.355754571392964
DesignSafe rectangular RC columns,Gradient Boosting,RandomKFold,3,233,Bayrak and Sheikh,44.19,41.56819174962931
DesignSafe rectangular RC columns,Gradient Boosting,RandomKFold,3,237,Saatcioglu and Giria,42.96,45.727003208529034
DesignSafe rectangular RC columns,Gradient Boosting,RandomKFold,3,239,Saatcioglu and Giria,46.47,48.81404420386055
DesignSafe rectangular RC columns,Gradient Boosting,RandomKFold,3,244,Saatcioglu and Giria,49.31,47.796761930199146
DesignSafe rectangular RC columns,Gradient Boosting,RandomKFold,3,245,Saatcioglu and Giria,53.5,47.93871726664309
DesignSafe rectangular RC columns,Gradient Boosting,RandomKFold,3,246,Matamoros et al.,15.8,15.726839484746932
DesignSafe rectangular RC columns,Gradient Boosting,RandomKFold,3,254,Matamoros et al.,16.3,17.3417900194198
DesignSafe rectangular RC columns,Gradient Boosting,RandomKFold,3,256,Matamoros et al.,19.0,22.960166044466146
DesignSafe rectangular RC columns,Gradient Boosting,RandomKFold,3,265,Mo and Wang,63.5,61.64867145699253
DesignSafe rectangular RC columns,Gradient Boosting,RandomKFold,3,268,Aboutaha and Machado,87.31,85.19029002030891
DesignSafe rectangular RC columns,Gradient Boosting,RandomKFold,3,277,Thomsen and Wallace,12.98,14.727197025068019
DesignSafe rectangular RC columns,Gradient Boosting,RandomKFold,3,278,Thomsen and Wallace,12.82,15.757598362299767
DesignSafe rectangular RC columns,Gradient Boosting,RandomKFold,3,279,Thomsen and Wallace,14.11,14.282516798302911
DesignSafe rectangular RC columns,Gradient Boosting,RandomKFold,3,286,Paultre & Legeron,41.59,40.9401556973839
DesignSafe rectangular RC columns,Gradient Boosting,RandomKFold,3,290,Paultre et al.,45.34,41.27096478647066
DesignSafe rectangular RC columns,Gradient Boosting,RandomKFold,3,291,Paultre et al.,45.31,42.033889546553546
DesignSafe rectangular RC columns,Gradient Boosting,RandomKFold,3,292,Paultre et al.,47.32,42.14198344137472
DesignSafe rectangular RC columns,Gradient Boosting,RandomKFold,3,295,Pujol,26.08,25.978009849927552
DesignSafe rectangular RC columns,Gradient Boosting,RandomKFold,3,298,Pujol,25.52,25.91633110741273
DesignSafe rectangular RC columns,Gradient Boosting,RandomKFold,3,302,Pujol,29.38,26.853086429238964
DesignSafe rectangular RC columns,Gradient Boosting,RandomKFold,3,315,Takemura and Kawashima,35.31,35.00413643078682
DesignSafe rectangular RC columns,Gradient Boosting,RandomKFold,3,318,Harries,42.7,45.57454194194551
DesignSafe rectangular RC columns,Gradient Boosting,RandomKFold,3,321,Melek,64.1,58.8161521873489
DesignSafe rectangular RC columns,Gradient Boosting,RandomKFold,4,1,Imai,105.95,84.8419574305543
DesignSafe rectangular RC columns,Gradient Boosting,RandomKFold,4,13,Iwasaki,95.71,87.77612425771798
DesignSafe rectangular RC columns,Gradient Boosting,RandomKFold,4,20,Yoshimura,51.55,53.90151176482623
DesignSafe rectangular RC columns,Gradient Boosting,RandomKFold,4,21,Yoshimura,58.67,58.670754215414654
DesignSafe rectangular RC columns,Gradient Boosting,RandomKFold,4,34,Nakamura et al.,65.62,58.14310161126914
DesignSafe rectangular RC columns,Gradient Boosting,RandomKFold,4,43,Zhou,15.22,23.557408173153274
DesignSafe rectangular RC columns,Gradient Boosting,RandomKFold,4,48,Ono,30.73,34.74914947961873
DesignSafe rectangular RC columns,Gradient Boosting,RandomKFold,4,49,Amitsu,115.47,84.42907218554922
DesignSafe rectangular RC columns,Gradient Boosting,RandomKFold,4,50,Wight,22.2,23.689620027435563
DesignSafe rectangular RC columns,Gradient Boosting,RandomKFold,4,52,Wight,23.51,24.047221718867302
DesignSafe rectangular RC columns,Gradient Boosting,RandomKFold,4,53,Wight,22.14,24.047221718867302
DesignSafe rectangular RC columns,Gradient Boosting,RandomKFold,4,54,Wight,21.18,23.689620027435563
DesignSafe rectangular RC columns,Gradient Boosting,RandomKFold,4,58,Wight,22.11,21.110350615249406
DesignSafe rectangular RC columns,Gradient Boosting,RandomKFold,4,71,Sezen ,70.76,62.69249934797337
DesignSafe rectangular RC columns,Gradient Boosting,RandomKFold,4,80,Iwasaki,51.71,50.93581828631711
DesignSafe rectangular RC columns,Gradient Boosting,RandomKFold,4,87,Ikeda,15.92,13.948508843759287
DesignSafe rectangular RC columns,Gradient Boosting,RandomKFold,4,88,Ikeda,15.8,13.948508843759287
DesignSafe rectangular RC columns,Gradient Boosting,RandomKFold,4,91,Umemura & Endo ,18.67,14.694041235690324
DesignSafe rectangular RC columns,Gradient Boosting,RandomKFold,4,99,Kokusho & Fukuhara,24.42,20.696955754948156
DesignSafe rectangular RC columns,Gradient Boosting,RandomKFold,4,102,Elwood,18.14,18.291451978204258
DesignSafe rectangular RC columns,Gradient Boosting,RandomKFold,4,105,Saatcioglu,61.66,61.34252456789855
DesignSafe rectangular RC columns,Gradient Boosting,RandomKFold,4,106,Esaki,27.5,29.162069878381992
DesignSafe rectangular RC columns,Gradient Boosting,RandomKFold,4,121,Gill et al.,156.5,150.6450942397335
DesignSafe rectangular RC columns,Gradient Boosting,RandomKFold,4,130,Soesianawati et al.,59.47,58.55825438731169
DesignSafe rectangular RC columns,Gradient Boosting,RandomKFold,4,134,Watson and Park,66.32,63.724296955347974
DesignSafe rectangular RC columns,Gradient Boosting,RandomKFold,4,149,Ohno and Nishioka,24.44,26.911265852097078
DesignSafe rectangular RC columns,Gradient Boosting,RandomKFold,4,151,Zhou,16.23,23.557408173153274
DesignSafe rectangular RC columns,Gradient Boosting,RandomKFold,4,160,Mugurma et al.,54.43,68.93703884523346
DesignSafe rectangular RC columns,Gradient Boosting,RandomKFold,4,161,Mugurma et al.,55.45,68.92403884523345
DesignSafe rectangular RC columns,Gradient Boosting,RandomKFold,4,166,Sakai et al.,92.71,91.91509465827227
DesignSafe rectangular RC columns,Gradient Boosting,RandomKFold,4,169,Sakai et al.,91.09,91.91509465827227
DesignSafe rectangular RC columns,Gradient Boosting,RandomKFold,4,174,Atalay and Penzein,13.76,13.758254676283066
DesignSafe rectangular RC columns,Gradient Boosting,RandomKFold,4,187,Saatcioglu and Ozcebe,73.26,68.3147435148118
DesignSafe rectangular RC columns,Gradient Boosting,RandomKFold,4,188,Saatcioglu and Ozcebe,77.06,65.53287022676543
DesignSafe rectangular RC columns,Gradient Boosting,RandomKFold,4,189,Saatcioglu and Ozcebe,76.84,66.64161804554624
DesignSafe rectangular RC columns,Gradient Boosting,RandomKFold,4,190,Galeota et al. ,29.26,27.850704829012088
DesignSafe rectangular RC columns,Gradient Boosting,RandomKFold,4,191,Galeota et al. ,27.68,27.850704829012088
DesignSafe rectangular RC columns,Gradient Boosting,RandomKFold,4,201,Galeota et al. ,30.3,30.806305625056314
DesignSafe rectangular RC columns,Gradient Boosting,RandomKFold,4,205,Galeota et al. ,46.03,36.99228115017608
DesignSafe rectangular RC columns,Gradient Boosting,RandomKFold,4,207,Galeota et al. ,43.86,36.821239373637866
DesignSafe rectangular RC columns,Gradient Boosting,RandomKFold,4,212,Galeota et al. ,38.3,39.76786266833417
DesignSafe rectangular RC columns,Gradient Boosting,RandomKFold,4,214,Wehbe et al.,82.82,79.08830737819781
DesignSafe rectangular RC columns,Gradient Boosting,RandomKFold,4,217,Wehbe et al.,96.87,109.24372145472213
DesignSafe rectangular RC columns,Gradient Boosting,RandomKFold,4,235,Bayrak and Sheikh,40.01,44.87104078680937
DesignSafe rectangular RC columns,Gradient Boosting,RandomKFold,4,236,Saatcioglu and Giria,43.76,40.67224905922789
DesignSafe rectangular RC columns,Gradient Boosting,RandomKFold,4,241,Saatcioglu and Giria,49.78,47.20286112720759
DesignSafe rectangular RC columns,Gradient Boosting,RandomKFold,4,243,Saatcioglu and Giria,44.62,43.44262115171472
DesignSafe rectangular RC columns,Gradient Boosting,RandomKFold,4,251,Matamoros et al.,23.3,26.47304887271064
DesignSafe rectangular RC columns,Gradient Boosting,RandomKFold,4,252,Matamoros et al.,13.3,14.565486261085287
DesignSafe rectangular RC columns,Gradient Boosting,RandomKFold,4,257,Matamoros et al.,19.0,22.96604481378585
DesignSafe rectangular RC columns,Gradient Boosting,RandomKFold,4,259,Mo and Wang,60.15,62.428135035348234
DesignSafe rectangular RC columns,Gradient Boosting,RandomKFold,4,263,Mo and Wang,69.65,65.40295320728647
DesignSafe rectangular RC columns,Gradient Boosting,RandomKFold,4,264,Mo and Wang,56.75,58.68166374982943
DesignSafe rectangular RC columns,Gradient Boosting,RandomKFold,4,270,Thomsen and Wallace,10.44,12.508931930704962
DesignSafe rectangular RC columns,Gradient Boosting,RandomKFold,4,273,Thomsen and Wallace,12.55,12.783152122123361
DesignSafe rectangular RC columns,Gradient Boosting,RandomKFold,4,276,Thomsen and Wallace,11.51,12.471754945986959
DesignSafe rectangular RC columns,Gradient Boosting,RandomKFold,4,282,Paultre & Legeron,35.92,38.72114352893215
DesignSafe rectangular RC columns,Gradient Boosting,RandomKFold,4,293,Pujol,25.52,26.071365644208615
DesignSafe rectangular RC columns,Gradient Boosting,RandomKFold,4,296,Pujol,26.08,26.14596182812971
DesignSafe rectangular RC columns,Gradient Boosting,RandomKFold,4,308,Kono et al.,42.28,50.233979836001836
DesignSafe rectangular RC columns,Gradient Boosting,RandomKFold,4,312,Takemura and Kawashima,34.12,35.17602888100345
DesignSafe rectangular RC columns,Gradient Boosting,RandomKFold,4,316,Takemura and Kawashima,35.85,35.17602888100345
DesignSafe rectangular RC columns,Gradient Boosting,RandomKFold,4,319,Melek,45.6,45.52260646445982
DesignSafe rectangular RC columns,Gradient Boosting,RandomKFold,4,323,Melek,60.1,60.7222761319137
DesignSafe rectangular RC columns,Gradient Boosting,RandomKFold,4,324,Melek,76.6,79.71571034353298
DesignSafe rectangular RC columns,Gradient Boosting,GroupKFold,0,0,Nagasaka,19.67,24.099197076504517
DesignSafe rectangular RC columns,Gradient Boosting,GroupKFold,0,10,Aboutaha,101.19,108.74701003707163
DesignSafe rectangular RC columns,Gradient Boosting,GroupKFold,0,11,Aboutaha,144.49,114.26655878279087
DesignSafe rectangular RC columns,Gradient Boosting,GroupKFold,0,39,Nagasaka,25.32,26.839384286930567
DesignSafe rectangular RC columns,Gradient Boosting,GroupKFold,0,115,Yarandi,116.24,105.90661765069858
DesignSafe rectangular RC columns,Gradient Boosting,GroupKFold,0,116,Yarandi,128.5,112.50772565397317
DesignSafe rectangular RC columns,Gradient Boosting,GroupKFold,0,121,Gill et al.,156.5,147.0796070848542
DesignSafe rectangular RC columns,Gradient Boosting,GroupKFold,0,122,Gill et al.,182.41,154.81173294803762
DesignSafe rectangular RC columns,Gradient Boosting,GroupKFold,0,123,Gill et al.,150.71,151.6511600527224
DesignSafe rectangular RC columns,Gradient Boosting,GroupKFold,0,124,Gill et al.,156.58,155.1979158044117
DesignSafe rectangular RC columns,Gradient Boosting,GroupKFold,0,133,Watson and Park,65.65,63.85728876957725
DesignSafe rectangular RC columns,Gradient Boosting,GroupKFold,0,134,Watson and Park,66.32,64.16109855220233
DesignSafe rectangular RC columns,Gradient Boosting,GroupKFold,0,135,Watson and Park,66.44,64.48645332615696
DesignSafe rectangular RC columns,Gradient Boosting,GroupKFold,0,136,Watson and Park,66.4,69.20941328088999
DesignSafe rectangular RC columns,Gradient Boosting,GroupKFold,0,137,Watson and Park,69.58,66.2912919643748
DesignSafe rectangular RC columns,Gradient Boosting,GroupKFold,0,152,Kanda et al.,18.41,35.57844975686268
DesignSafe rectangular RC columns,Gradient Boosting,GroupKFold,0,153,Kanda et al.,17.99,33.64367660257938
DesignSafe rectangular RC columns,Gradient Boosting,GroupKFold,0,154,Kanda et al.,18.41,33.64367660257938
DesignSafe rectangular RC columns,Gradient Boosting,GroupKFold,0,155,Kanda et al.,19.01,33.64367660257938
DesignSafe rectangular RC columns,Gradient Boosting,GroupKFold,0,156,Kanda et al.,18.34,33.64367660257938
DesignSafe rectangular RC columns,Gradient Boosting,GroupKFold,0,157,Kanda et al.,17.42,33.64367660257938
DesignSafe rectangular RC columns,Gradient Boosting,GroupKFold,0,166,Sakai et al.,92.71,62.04296465714251
DesignSafe rectangular RC columns,Gradient Boosting,GroupKFold,0,167,Sakai et al.,92.99,69.20843032937479
DesignSafe rectangular RC columns,Gradient Boosting,GroupKFold,0,168,Sakai et al.,96.29,63.56927329922607
DesignSafe rectangular RC columns,Gradient Boosting,GroupKFold,0,169,Sakai et al.,91.09,62.04296465714251
DesignSafe rectangular RC columns,Gradient Boosting,GroupKFold,0,170,Sakai et al.,91.18,69.61159796637418
DesignSafe rectangular RC columns,Gradient Boosting,GroupKFold,0,171,Sakai et al.,94.43,62.04296465714251
DesignSafe rectangular RC columns,Gradient Boosting,GroupKFold,0,172,Sakai et al.,91.06,54.50916475422521
DesignSafe rectangular RC columns,Gradient Boosting,GroupKFold,0,190,Galeota et al. ,29.26,40.768942299170334
DesignSafe rectangular RC columns,Gradient Boosting,GroupKFold,0,191,Galeota et al. ,27.68,40.768942299170334
DesignSafe rectangular RC columns,Gradient Boosting,GroupKFold,0,192,Galeota et al. ,22.09,31.87843782863694
DesignSafe rectangular RC columns,Gradient Boosting,GroupKFold,0,193,Galeota et al. ,30.93,31.87843782863694
DesignSafe rectangular RC columns,Gradient Boosting,GroupKFold,0,194,Galeota et al. ,31.75,33.16338798149487
DesignSafe rectangular RC columns,Gradient Boosting,GroupKFold,0,195,Galeota et al. ,28.86,42.053892452028244
DesignSafe rectangular RC columns,Gradient Boosting,GroupKFold,0,196,Galeota et al. ,29.47,42.053892452028244
DesignSafe rectangular RC columns,Gradient Boosting,GroupKFold,0,197,Galeota et al. ,24.8,33.16338798149487
DesignSafe rectangular RC columns,Gradient Boosting,GroupKFold,0,198,Galeota et al. ,22.71,35.67527797332191
DesignSafe rectangular RC columns,Gradient Boosting,GroupKFold,0,199,Galeota et al. ,28.43,44.65128254713406
DesignSafe rectangular RC columns,Gradient Boosting,GroupKFold,0,200,Galeota et al. ,29.59,35.67527797332191
DesignSafe rectangular RC columns,Gradient Boosting,GroupKFold,0,201,Galeota et al. ,30.3,44.65128254713406
DesignSafe rectangular RC columns,Gradient Boosting,GroupKFold,0,202,Galeota et al. ,39.41,46.88988685912552
DesignSafe rectangular RC columns,Gradient Boosting,GroupKFold,0,203,Galeota et al. ,37.12,52.462726669606276
DesignSafe rectangular RC columns,Gradient Boosting,GroupKFold,0,204,Galeota et al. ,38.91,52.462726669606276
DesignSafe rectangular RC columns,Gradient Boosting,GroupKFold,0,205,Galeota et al. ,46.03,46.88988685912552
DesignSafe rectangular RC columns,Gradient Boosting,GroupKFold,0,206,Galeota et al. ,36.33,46.26675653961449
DesignSafe rectangular RC columns,Gradient Boosting,GroupKFold,0,207,Galeota et al. ,43.86,46.26675653961449
DesignSafe rectangular RC columns,Gradient Boosting,GroupKFold,0,208,Galeota et al. ,39.34,51.83959635009525
DesignSafe rectangular RC columns,Gradient Boosting,GroupKFold,0,209,Galeota et al. ,38.33,51.83959635009525
DesignSafe rectangular RC columns,Gradient Boosting,GroupKFold,0,210,Galeota et al. ,38.56,43.68900562806577
DesignSafe rectangular RC columns,Gradient Boosting,GroupKFold,0,211,Galeota et al. ,38.91,43.68900562806577
DesignSafe rectangular RC columns,Gradient Boosting,GroupKFold,0,212,Galeota et al. ,38.3,49.89817558965838
DesignSafe rectangular RC columns,Gradient Boosting,GroupKFold,0,213,Galeota et al. ,39.76,49.89817558965838
DesignSafe rectangular RC columns,Gradient Boosting,GroupKFold,0,258,Mo and Wang,56.2,41.574630364155475
DesignSafe rectangular RC columns,Gradient Boosting,GroupKFold,0,259,Mo and Wang,60.15,48.84325658644463
DesignSafe rectangular RC columns,Gradient Boosting,GroupKFold,0,260,Mo and Wang,68.63,48.84325658644463
DesignSafe rectangular RC columns,Gradient Boosting,GroupKFold,0,261,Mo and Wang,55.76,41.574630364155475
DesignSafe rectangular RC columns,Gradient Boosting,GroupKFold,0,262,Mo and Wang,64.21,48.84325658644463
DesignSafe rectangular RC columns,Gradient Boosting,GroupKFold,0,263,Mo and Wang,69.65,48.84325658644463
DesignSafe rectangular RC columns,Gradient Boosting,GroupKFold,0,264,Mo and Wang,56.75,40.93952368350083
DesignSafe rectangular RC columns,Gradient Boosting,GroupKFold,0,265,Mo and Wang,63.5,48.84325658644463
DesignSafe rectangular RC columns,Gradient Boosting,GroupKFold,0,266,Mo and Wang,68.05,48.84325658644463
DesignSafe rectangular RC columns,Gradient Boosting,GroupKFold,0,267,Aboutaha and Machado,58.03,60.694167345462326
DesignSafe rectangular RC columns,Gradient Boosting,GroupKFold,0,268,Aboutaha and Machado,87.31,82.3471606422155
DesignSafe rectangular RC columns,Gradient Boosting,GroupKFold,0,269,Aboutaha and Machado,95.36,93.44221899527115
DesignSafe rectangular RC columns,Gradient Boosting,GroupKFold,0,318,Harries,42.7,49.7669079121107
DesignSafe rectangular RC columns,Gradient Boosting,GroupKFold,1,9,Bett,48.02,46.82205501301367
DesignSafe rectangular RC columns,Gradient Boosting,GroupKFold,1,15,Pandey,30.56,47.747858538770465
DesignSafe rectangular RC columns,Gradient Boosting,GroupKFold,1,36,Wight,17.81,19.026987373725134
DesignSafe rectangular RC columns,Gradient Boosting,GroupKFold,1,38,Pandey,41.99,46.13990514612723
DesignSafe rectangular RC columns,Gradient Boosting,GroupKFold,1,47,Ono,29.27,25.29996358565427
DesignSafe rectangular RC columns,Gradient Boosting,GroupKFold,1,48,Ono,30.73,36.5186098299006
DesignSafe rectangular RC columns,Gradient Boosting,GroupKFold,1,50,Wight,22.2,19.396291247379242
DesignSafe rectangular RC columns,Gradient Boosting,GroupKFold,1,51,Wight,22.77,19.396291247379242
DesignSafe rectangular RC columns,Gradient Boosting,GroupKFold,1,52,Wight,23.51,19.128279238865662
DesignSafe rectangular RC columns,Gradient Boosting,GroupKFold,1,53,Wight,22.14,19.128279238865662
DesignSafe rectangular RC columns,Gradient Boosting,GroupKFold,1,54,Wight,21.18,19.128279238865662
DesignSafe rectangular RC columns,Gradient Boosting,GroupKFold,1,55,Wight,23.58,19.128279238865662
DesignSafe rectangular RC columns,Gradient Boosting,GroupKFold,1,56,Wight,19.76,19.026987373725134
DesignSafe rectangular RC columns,Gradient Boosting,GroupKFold,1,57,Wight,20.97,19.026987373725134
DesignSafe rectangular RC columns,Gradient Boosting,GroupKFold,1,58,Wight,22.11,19.026987373725134
DesignSafe rectangular RC columns,Gradient Boosting,GroupKFold,1,59,Wight,22.83,19.128279238865662
DesignSafe rectangular RC columns,Gradient Boosting,GroupKFold,1,60,Wight,22.34,19.128279238865662
DesignSafe rectangular RC columns,Gradient Boosting,GroupKFold,1,61,Wight,26.92,22.208440582241725
DesignSafe rectangular RC columns,Gradient Boosting,GroupKFold,1,62,Wight,27.08,22.208440582241725
DesignSafe rectangular RC columns,Gradient Boosting,GroupKFold,1,63,Wight,27.24,19.128279238865662
DesignSafe rectangular RC columns,Gradient Boosting,GroupKFold,1,64,Wight,27.21,19.128279238865662
DesignSafe rectangular RC columns,Gradient Boosting,GroupKFold,1,82,Ikeda,16.8,15.641162340045064
DesignSafe rectangular RC columns,Gradient Boosting,GroupKFold,1,83,Ikeda,15.92,15.641162340045064
DesignSafe rectangular RC columns,Gradient Boosting,GroupKFold,1,84,Ikeda,18.8,15.90805954609111
DesignSafe rectangular RC columns,Gradient Boosting,GroupKFold,1,85,Ikeda,18.14,21.555186055534108
DesignSafe rectangular RC columns,Gradient Boosting,GroupKFold,1,86,Ikeda,13.02,12.807732645789159
DesignSafe rectangular RC columns,Gradient Boosting,GroupKFold,1,87,Ikeda,15.92,13.469184135063845
DesignSafe rectangular RC columns,Gradient Boosting,GroupKFold,1,88,Ikeda,15.8,13.469184135063845
DesignSafe rectangular RC columns,Gradient Boosting,GroupKFold,1,97,Kokusho,16.93,17.619343061079267
DesignSafe rectangular RC columns,Gradient Boosting,GroupKFold,1,98,Kokusho,19.75,18.34671629056185
DesignSafe rectangular RC columns,Gradient Boosting,GroupKFold,1,102,Elwood,18.14,22.176496006168858
DesignSafe rectangular RC columns,Gradient Boosting,GroupKFold,1,103,Elwood,19.92,22.862119655260162
DesignSafe rectangular RC columns,Gradient Boosting,GroupKFold,1,106,Esaki,27.5,29.324777997345393
DesignSafe rectangular RC columns,Gradient Boosting,GroupKFold,1,107,Esaki,24.54,24.964116562852944
DesignSafe rectangular RC columns,Gradient Boosting,GroupKFold,1,108,Esaki,26.77,25.62912855141364
DesignSafe rectangular RC columns,Gradient Boosting,GroupKFold,1,109,Esaki,24.59,25.168177106866445
DesignSafe rectangular RC columns,Gradient Boosting,GroupKFold,1,117,Pandey,41.61,50.98115913370509
DesignSafe rectangular RC columns,Gradient Boosting,GroupKFold,1,118,Pandey,28.15,39.88567780996694
DesignSafe rectangular RC columns,Gradient Boosting,GroupKFold,1,138,Tanaka and Park,37.56,40.991707361064634
DesignSafe rectangular RC columns,Gradient Boosting,GroupKFold,1,139,Tanaka and Park,37.71,40.991707361064634
DesignSafe rectangular RC columns,Gradient Boosting,GroupKFold,1,140,Tanaka and Park,39.41,40.991707361064634
DesignSafe rectangular RC columns,Gradient Boosting,GroupKFold,1,141,Tanaka and Park,38.31,40.991707361064634
DesignSafe rectangular RC columns,Gradient Boosting,GroupKFold,1,142,Tanaka and Park,86.69,119.50924184459181
DesignSafe rectangular RC columns,Gradient Boosting,GroupKFold,1,143,Tanaka and Park,91.99,119.50924184459181
DesignSafe rectangular RC columns,Gradient Boosting,GroupKFold,1,144,Tanaka and Park,138.64,135.73993963793674
DesignSafe rectangular RC columns,Gradient Boosting,GroupKFold,1,145,Tanaka and Park,139.08,135.73993963793674
DesignSafe rectangular RC columns,Gradient Boosting,GroupKFold,1,148,Ohno and Nishioka,27.21,30.608039832690665
DesignSafe rectangular RC columns,Gradient Boosting,GroupKFold,1,149,Ohno and Nishioka,24.44,30.608039832690665
DesignSafe rectangular RC columns,Gradient Boosting,GroupKFold,1,150,Ohno and Nishioka,24.76,30.608039832690665
DesignSafe rectangular RC columns,Gradient Boosting,GroupKFold,1,236,Saatcioglu and Giria,43.76,48.165784869716
DesignSafe rectangular RC columns,Gradient Boosting,GroupKFold,1,237,Saatcioglu and Giria,42.96,49.37399741113003
DesignSafe rectangular RC columns,Gradient Boosting,GroupKFold,1,238,Saatcioglu and Giria,36.93,40.84394341353096
DesignSafe rectangular RC columns,Gradient Boosting,GroupKFold,1,239,Saatcioglu and Giria,46.47,50.47916955567508
DesignSafe rectangular RC columns,Gradient Boosting,GroupKFold,1,240,Saatcioglu and Giria,53.35,51.400483610642084
DesignSafe rectangular RC columns,Gradient Boosting,GroupKFold,1,241,Saatcioglu and Giria,49.78,53.71408876918118
DesignSafe rectangular RC columns,Gradient Boosting,GroupKFold,1,242,Saatcioglu and Giria,48.44,51.400483610642084
DesignSafe rectangular RC columns,Gradient Boosting,GroupKFold,1,243,Saatcioglu and Giria,44.62,47.615504906520705
DesignSafe rectangular RC columns,Gradient Boosting,GroupKFold,1,244,Saatcioglu and Giria,49.31,55.01059162347332
DesignSafe rectangular RC columns,Gradient Boosting,GroupKFold,1,245,Saatcioglu and Giria,53.5,55.01059162347332
DesignSafe rectangular RC columns,Gradient Boosting,GroupKFold,1,287,Paultre et al.,38.04,37.31941459902531
DesignSafe rectangular RC columns,Gradient Boosting,GroupKFold,1,288,Paultre et al.,47.86,41.71405946155952
DesignSafe rectangular RC columns,Gradient Boosting,GroupKFold,1,289,Paultre et al.,44.56,42.422097651867695
DesignSafe rectangular RC columns,Gradient Boosting,GroupKFold,1,290,Paultre et al.,45.34,40.68971106195802
DesignSafe rectangular RC columns,Gradient Boosting,GroupKFold,1,291,Paultre et al.,45.31,41.811025740423034
DesignSafe rectangular RC columns,Gradient Boosting,GroupKFold,1,292,Paultre et al.,47.32,41.28685169192739
DesignSafe rectangular RC columns,Gradient Boosting,GroupKFold,2,14,Verma,141.1,61.795155780673355
DesignSafe rectangular RC columns,Gradient Boosting,GroupKFold,2,32,Nakamura et al.,61.03,47.10639833764691
DesignSafe rectangular RC columns,Gradient Boosting,GroupKFold,2,33,Nakamura et al.,59.12,60.53083520049482
DesignSafe rectangular RC columns,Gradient Boosting,GroupKFold,2,34,Nakamura et al.,65.62,60.53083520049482
DesignSafe rectangular RC columns,Gradient Boosting,GroupKFold,2,37,Lynn,59.8,61.28459799637765
DesignSafe rectangular RC columns,Gradient Boosting,GroupKFold,2,40,Ohue,22.79,22.086372626239964
DesignSafe rectangular RC columns,Gradient Boosting,GroupKFold,2,41,Ohue,24.86,26.11730124203885
DesignSafe rectangular RC columns,Gradient Boosting,GroupKFold,2,65,Lynn,54.13,57.70505932809125
DesignSafe rectangular RC columns,Gradient Boosting,GroupKFold,2,66,Lynn,68.79,78.45126379258572
DesignSafe rectangular RC columns,Gradient Boosting,GroupKFold,2,67,Lynn,52.5,56.04806649783387
DesignSafe rectangular RC columns,Gradient Boosting,GroupKFold,2,68,Lynn,82.5,81.6921605482212
DesignSafe rectangular RC columns,Gradient Boosting,GroupKFold,2,89,Umemura & Endo ,15.75,24.847242001440065
DesignSafe rectangular RC columns,Gradient Boosting,GroupKFold,2,90,Umemura & Endo ,24.0,33.7177186598797
DesignSafe rectangular RC columns,Gradient Boosting,GroupKFold,2,91,Umemura & Endo ,18.67,18.791282937112292
DesignSafe rectangular RC columns,Gradient Boosting,GroupKFold,2,92,Umemura & Endo ,17.93,27.33697751382137
DesignSafe rectangular RC columns,Gradient Boosting,GroupKFold,2,93,Umemura & Endo ,11.3,28.175093817093078
DesignSafe rectangular RC columns,Gradient Boosting,GroupKFold,2,94,Umemura & Endo ,13.2,25.880844482885255
DesignSafe rectangular RC columns,Gradient Boosting,GroupKFold,2,95,Umemura & Endo ,15.34,26.201087975970562
DesignSafe rectangular RC columns,Gradient Boosting,GroupKFold,2,96,Umemura & Endo ,15.62,26.201087975970562
DesignSafe rectangular RC columns,Gradient Boosting,GroupKFold,2,101,Yalcin,132.7,135.40956096398384
DesignSafe rectangular RC columns,Gradient Boosting,GroupKFold,2,104,Verma,127.9,101.25268442191613
DesignSafe rectangular RC columns,Gradient Boosting,GroupKFold,2,110,Lynn,73.73,83.91411093679251
DesignSafe rectangular RC columns,Gradient Boosting,GroupKFold,2,111,Lynn,80.03,85.51151251543253
DesignSafe rectangular RC columns,Gradient Boosting,GroupKFold,2,112,Lynn,59.8,61.28459799637765
DesignSafe rectangular RC columns,Gradient Boosting,GroupKFold,2,146,Park and Paulay,88.81,110.88308051751879
DesignSafe rectangular RC columns,Gradient Boosting,GroupKFold,2,173,Atalay and Penzein,13.87,28.50890059277981
DesignSafe rectangular RC columns,Gradient Boosting,GroupKFold,2,174,Atalay and Penzein,13.76,28.50890059277981
DesignSafe rectangular RC columns,Gradient Boosting,GroupKFold,2,175,Atalay and Penzein,13.09,28.50890059277981
DesignSafe rectangular RC columns,Gradient Boosting,GroupKFold,2,176,Atalay and Penzein,16.01,28.559513151281006
DesignSafe rectangular RC columns,Gradient Boosting,GroupKFold,2,177,Atalay and Penzein,17.23,31.942468110537487
DesignSafe rectangular RC columns,Gradient Boosting,GroupKFold,2,178,Atalay and Penzein,16.84,31.942468110537487
DesignSafe rectangular RC columns,Gradient Boosting,GroupKFold,2,179,Atalay and Penzein,17.73,32.66896457719669
DesignSafe rectangular RC columns,Gradient Boosting,GroupKFold,2,180,Atalay and Penzein,17.53,32.66896457719669
DesignSafe rectangular RC columns,Gradient Boosting,GroupKFold,2,181,Atalay and Penzein,18.46,32.66896457719669
DesignSafe rectangular RC columns,Gradient Boosting,GroupKFold,2,182,Atalay and Penzein,17.64,32.66896457719669
DesignSafe rectangular RC columns,Gradient Boosting,GroupKFold,2,183,Azizinamini et al.,104.93,108.9960288541567
DesignSafe rectangular RC columns,Gradient Boosting,GroupKFold,2,214,Wehbe et al.,82.82,68.22657352040375
DesignSafe rectangular RC columns,Gradient Boosting,GroupKFold,2,215,Wehbe et al.,89.98,95.67026265962984
DesignSafe rectangular RC columns,Gradient Boosting,GroupKFold,2,216,Wehbe et al.,85.41,67.77341163023978
DesignSafe rectangular RC columns,Gradient Boosting,GroupKFold,2,217,Wehbe et al.,96.87,98.52254110275788
DesignSafe rectangular RC columns,Gradient Boosting,GroupKFold,2,293,Pujol,25.52,23.186905547473387
DesignSafe rectangular RC columns,Gradient Boosting,GroupKFold,2,294,Pujol,25.52,23.186905547473387
DesignSafe rectangular RC columns,Gradient Boosting,GroupKFold,2,295,Pujol,26.08,23.478963358480765
DesignSafe rectangular RC columns,Gradient Boosting,GroupKFold,2,296,Pujol,26.08,23.478963358480765
DesignSafe rectangular RC columns,Gradient Boosting,GroupKFold,2,297,Pujol,25.52,23.186905547473387
DesignSafe rectangular RC columns,Gradient Boosting,GroupKFold,2,298,Pujol,25.52,23.186905547473387
DesignSafe rectangular RC columns,Gradient Boosting,GroupKFold,2,299,Pujol,25.65,23.87855550720765
DesignSafe rectangular RC columns,Gradient Boosting,GroupKFold,2,300,Pujol,25.65,23.87855550720765
DesignSafe rectangular RC columns,Gradient Boosting,GroupKFold,2,301,Pujol,29.38,25.477626189547188
DesignSafe rectangular RC columns,Gradient Boosting,GroupKFold,2,302,Pujol,29.38,25.477626189547188
DesignSafe rectangular RC columns,Gradient Boosting,GroupKFold,2,303,Pujol,26.03,23.827942948706454
DesignSafe rectangular RC columns,Gradient Boosting,GroupKFold,2,304,Pujol,26.03,23.827942948706454
DesignSafe rectangular RC columns,Gradient Boosting,GroupKFold,2,305,Pujol,26.47,25.190593073461514
DesignSafe rectangular RC columns,Gradient Boosting,GroupKFold,2,306,Pujol,26.47,25.190593073461514
DesignSafe rectangular RC columns,Gradient Boosting,GroupKFold,2,307,Kono et al.,45.19,60.804184166552766
DesignSafe rectangular RC columns,Gradient Boosting,GroupKFold,2,308,Kono et al.,42.28,62.7517195633592
DesignSafe rectangular RC columns,Gradient Boosting,GroupKFold,2,309,Kono et al.,278.53,166.4211480722707
DesignSafe rectangular RC columns,Gradient Boosting,GroupKFold,2,310,Kono et al.,300.95,165.6769199417411
DesignSafe rectangular RC columns,Gradient Boosting,GroupKFold,2,311,Kono et al.,270.06,156.71969181410054
DesignSafe rectangular RC columns,Gradient Boosting,GroupKFold,2,319,Melek,45.6,47.0549089311843
DesignSafe rectangular RC columns,Gradient Boosting,GroupKFold,2,320,Melek,52.5,50.51366513455009
DesignSafe rectangular RC columns,Gradient Boosting,GroupKFold,2,321,Melek,64.1,65.47205719032802
DesignSafe rectangular RC columns,Gradient Boosting,GroupKFold,2,322,Melek,60.6,60.795713252904235
DesignSafe rectangular RC columns,Gradient Boosting,GroupKFold,2,323,Melek,60.1,60.795713252904235
DesignSafe rectangular RC columns,Gradient Boosting,GroupKFold,2,324,Melek,76.6,82.52088401485868
DesignSafe rectangular RC columns,Gradient Boosting,GroupKFold,3,12,Iwasaki,88.33,124.2308857828635
DesignSafe rectangular RC columns,Gradient Boosting,GroupKFold,3,13,Iwasaki,95.71,118.61231891674068
DesignSafe rectangular RC columns,Gradient Boosting,GroupKFold,3,22,Ousalem,36.19,44.68496249836556
DesignSafe rectangular RC columns,Gradient Boosting,GroupKFold,3,23,Ousalem,38.49,44.967678191941786
DesignSafe rectangular RC columns,Gradient Boosting,GroupKFold,3,24,Ousalem,52.85,53.54382756718911
DesignSafe rectangular RC columns,Gradient Boosting,GroupKFold,3,25,Ousalem,48.67,45.23227619061943
DesignSafe rectangular RC columns,Gradient Boosting,GroupKFold,3,26,Ousalem,73.53,60.51726007561877
DesignSafe rectangular RC columns,Gradient Boosting,GroupKFold,3,27,Ousalem,55.03,62.58441960656143
DesignSafe rectangular RC columns,Gradient Boosting,GroupKFold,3,28,Ousalem,56.4,62.58441960656143
DesignSafe rectangular RC columns,Gradient Boosting,GroupKFold,3,29,Ousalem,59.77,62.82266055937243
DesignSafe rectangular RC columns,Gradient Boosting,GroupKFold,3,30,Ousalem,66.47,62.82266055937243
DesignSafe rectangular RC columns,Gradient Boosting,GroupKFold,3,31,Ousalem,76.45,60.51726007561877
DesignSafe rectangular RC columns,Gradient Boosting,GroupKFold,3,69,Xiao,60.68,40.0029970755933
DesignSafe rectangular RC columns,Gradient Boosting,GroupKFold,3,70,Xiao,72.86,54.9250019480318
DesignSafe rectangular RC columns,Gradient Boosting,GroupKFold,3,71,Sezen ,70.76,55.77112259721474
DesignSafe rectangular RC columns,Gradient Boosting,GroupKFold,3,72,Sezen ,80.73,79.62903125118608
DesignSafe rectangular RC columns,Gradient Boosting,GroupKFold,3,73,Sezen ,66.22,55.77112259721474
DesignSafe rectangular RC columns,Gradient Boosting,GroupKFold,3,74,Iwasaki,28.8,67.47515816341938
DesignSafe rectangular RC columns,Gradient Boosting,GroupKFold,3,75,Iwasaki,35.97,68.20870155365269
DesignSafe rectangular RC columns,Gradient Boosting,GroupKFold,3,76,Iwasaki,35.39,75.75689017986213
DesignSafe rectangular RC columns,Gradient Boosting,GroupKFold,3,77,Iwasaki,34.91,75.75689017986213
DesignSafe rectangular RC columns,Gradient Boosting,GroupKFold,3,78,Iwasaki,36.65,75.75689017986213
DesignSafe rectangular RC columns,Gradient Boosting,GroupKFold,3,79,Iwasaki,53.57,79.07686100210672
DesignSafe rectangular RC columns,Gradient Boosting,GroupKFold,3,80,Iwasaki,51.71,82.82076293368449
DesignSafe rectangular RC columns,Gradient Boosting,GroupKFold,3,81,Iwasaki,88.65,133.7771559391549
DesignSafe rectangular RC columns,Gradient Boosting,GroupKFold,3,99,Kokusho & Fukuhara,24.42,20.133785381978186
DesignSafe rectangular RC columns,Gradient Boosting,GroupKFold,3,100,Kokusho & Fukuhara,24.31,20.253065661737875
DesignSafe rectangular RC columns,Gradient Boosting,GroupKFold,3,105,Saatcioglu,61.66,52.87622762953266
DesignSafe rectangular RC columns,Gradient Boosting,GroupKFold,3,184,Azizinamini et al. ,109.99,92.63745644481592
DesignSafe rectangular RC columns,Gradient Boosting,GroupKFold,3,185,Saatcioglu and Ozcebe,62.09,35.31740651647866
DesignSafe rectangular RC columns,Gradient Boosting,GroupKFold,3,186,Saatcioglu and Ozcebe,60.92,52.07350973068383
DesignSafe rectangular RC columns,Gradient Boosting,GroupKFold,3,187,Saatcioglu and Ozcebe,73.26,59.67281450203884
DesignSafe rectangular RC columns,Gradient Boosting,GroupKFold,3,188,Saatcioglu and Ozcebe,77.06,53.425256490770046
DesignSafe rectangular RC columns,Gradient Boosting,GroupKFold,3,189,Saatcioglu and Ozcebe,76.84,53.425256490770046
DesignSafe rectangular RC columns,Gradient Boosting,GroupKFold,3,218,Xiao and Martirossyan,72.86,39.248518630136864
DesignSafe rectangular RC columns,Gradient Boosting,GroupKFold,3,219,Xiao and Martirossyan,85.05,55.423484371999756
DesignSafe rectangular RC columns,Gradient Boosting,GroupKFold,3,220,Xiao and Martirossyan,61.92,40.183112720273314
DesignSafe rectangular RC columns,Gradient Boosting,GroupKFold,3,221,Xiao and Martirossyan,71.68,54.76619807308333
DesignSafe rectangular RC columns,Gradient Boosting,GroupKFold,3,227,Nosho et al,14.78,25.363550403400577
DesignSafe rectangular RC columns,Gradient Boosting,GroupKFold,3,228,Bayrak and Sheikh,33.11,50.203419729028624
DesignSafe rectangular RC columns,Gradient Boosting,GroupKFold,3,229,Bayrak and Sheikh,33.56,44.17309826178352
DesignSafe rectangular RC columns,Gradient Boosting,GroupKFold,3,230,Bayrak and Sheikh,33.23,45.85428284036408
DesignSafe rectangular RC columns,Gradient Boosting,GroupKFold,3,231,Bayrak and Sheikh,33.19,50.203419729028624
DesignSafe rectangular RC columns,Gradient Boosting,GroupKFold,3,232,Bayrak and Sheikh,44.83,50.172807360600416
DesignSafe rectangular RC columns,Gradient Boosting,GroupKFold,3,233,Bayrak and Sheikh,44.19,50.172807360600416
DesignSafe rectangular RC columns,Gradient Boosting,GroupKFold,3,234,Bayrak and Sheikh,38.65,46.387969209326656
DesignSafe rectangular RC columns,Gradient Boosting,GroupKFold,3,235,Bayrak and Sheikh,40.01,50.60174598606393
DesignSafe rectangular RC columns,Gradient Boosting,GroupKFold,3,246,Matamoros et al.,15.8,31.835265368034772
DesignSafe rectangular RC columns,Gradient Boosting,GroupKFold,3,247,Matamoros et al.,15.3,31.835265368034772
DesignSafe rectangular RC columns,Gradient Boosting,GroupKFold,3,248,Matamoros et al.,21.5,26.57572054826797
DesignSafe rectangular RC columns,Gradient Boosting,GroupKFold,3,249,Matamoros et al.,21.2,26.57572054826797
DesignSafe rectangular RC columns,Gradient Boosting,GroupKFold,3,250,Matamoros et al.,24.2,41.65013179914429
DesignSafe rectangular RC columns,Gradient Boosting,GroupKFold,3,251,Matamoros et al.,23.3,41.08239967922738
DesignSafe rectangular RC columns,Gradient Boosting,GroupKFold,3,252,Matamoros et al.,13.3,23.77534042558489
DesignSafe rectangular RC columns,Gradient Boosting,GroupKFold,3,253,Matamoros et al.,13.11,22.684908626104686
DesignSafe rectangular RC columns,Gradient Boosting,GroupKFold,3,254,Matamoros et al.,16.3,34.67533479458773
DesignSafe rectangular RC columns,Gradient Boosting,GroupKFold,3,255,Matamoros et al.,16.3,34.67533479458773
DesignSafe rectangular RC columns,Gradient Boosting,GroupKFold,3,256,Matamoros et al.,19.0,41.28575298788197
DesignSafe rectangular RC columns,Gradient Boosting,GroupKFold,3,257,Matamoros et al.,19.0,41.28575298788197
DesignSafe rectangular RC columns,Gradient Boosting,GroupKFold,3,281,Paultre & Legeron,27.65,40.03443356838767
DesignSafe rectangular RC columns,Gradient Boosting,GroupKFold,3,282,Paultre & Legeron,35.92,44.42338151368766
DesignSafe rectangular RC columns,Gradient Boosting,GroupKFold,3,283,Paultre & Legeron,43.84,45.20389386054256
DesignSafe rectangular RC columns,Gradient Boosting,GroupKFold,3,284,Paultre & Legeron,25.16,39.75434441156052
DesignSafe rectangular RC columns,Gradient Boosting,GroupKFold,3,285,Paultre & Legeron,37.71,43.98156346857439
DesignSafe rectangular RC columns,Gradient Boosting,GroupKFold,3,286,Paultre & Legeron,41.59,44.76207581542929
DesignSafe rectangular RC columns,Gradient Boosting,GroupKFold,4,1,Imai,105.95,88.83466644092466
DesignSafe rectangular RC columns,Gradient Boosting,GroupKFold,4,2,Zhou,18.64,29.60460426941437
DesignSafe rectangular RC columns,Gradient Boosting,GroupKFold,4,3,Zhou,20.53,29.60460426941437
DesignSafe rectangular RC columns,Gradient Boosting,GroupKFold,4,4,Zhou,25.84,29.23504201870684
DesignSafe rectangular RC columns,Gradient Boosting,GroupKFold,4,5,Arakawa,29.35,35.633866596750146
DesignSafe rectangular RC columns,Gradient Boosting,GroupKFold,4,6,Arakawa,30.11,46.7106103025039
DesignSafe rectangular RC columns,Gradient Boosting,GroupKFold,4,7,Umehara,72.53,79.77466178325793
DesignSafe rectangular RC columns,Gradient Boosting,GroupKFold,4,8,Umehara,59.16,66.34653129101224
DesignSafe rectangular RC columns,Gradient Boosting,GroupKFold,4,16,Yoshimura,21.74,39.062622846218375
DesignSafe rectangular RC columns,Gradient Boosting,GroupKFold,4,17,Yoshimura,21.52,37.045230446036726
DesignSafe rectangular RC columns,Gradient Boosting,GroupKFold,4,18,Yoshimura,36.91,37.746341126678146
DesignSafe rectangular RC columns,Gradient Boosting,GroupKFold,4,19,Yoshimura,53.28,58.84915153932793
DesignSafe rectangular RC columns,Gradient Boosting,GroupKFold,4,20,Yoshimura,51.55,57.5846400785684
DesignSafe rectangular RC columns,Gradient Boosting,GroupKFold,4,21,Yoshimura,58.67,60.8383217072619
DesignSafe rectangular RC columns,Gradient Boosting,GroupKFold,4,35,Yoshimura,88.08,77.47727253891246
DesignSafe rectangular RC columns,Gradient Boosting,GroupKFold,4,42,Zhou,8.26,22.259019234551893
DesignSafe rectangular RC columns,Gradient Boosting,GroupKFold,4,43,Zhou,15.22,34.09711160144183
DesignSafe rectangular RC columns,Gradient Boosting,GroupKFold,4,44,Zhou,15.15,34.497857445947744
DesignSafe rectangular RC columns,Gradient Boosting,GroupKFold,4,45,Zhou,12.71,31.438863454476785
DesignSafe rectangular RC columns,Gradient Boosting,GroupKFold,4,46,Zhou,12.34,31.438863454476785
DesignSafe rectangular RC columns,Gradient Boosting,GroupKFold,4,49,Amitsu,115.47,86.8710248215525
DesignSafe rectangular RC columns,Gradient Boosting,GroupKFold,4,113,Yoshimura,48.94,54.366109312779486
DesignSafe rectangular RC columns,Gradient Boosting,GroupKFold,4,114,Yoshimura,47.59,53.10159785201996
DesignSafe rectangular RC columns,Gradient Boosting,GroupKFold,4,119,Yoshimura,46.29,56.25769765722776
DesignSafe rectangular RC columns,Gradient Boosting,GroupKFold,4,120,Yoshimura,45.21,56.25769765722776
DesignSafe rectangular RC columns,Gradient Boosting,GroupKFold,4,125,Ang et al.,43.17,42.760911132759944
DesignSafe rectangular RC columns,Gradient Boosting,GroupKFold,4,126,Ang et al.,38.04,58.74787934578588
DesignSafe rectangular RC columns,Gradient Boosting,GroupKFold,4,127,Soesianawati et al.,44.87,56.66901812133965
DesignSafe rectangular RC columns,Gradient Boosting,GroupKFold,4,128,Soesianawati et al.,62.78,66.09822676475595
DesignSafe rectangular RC columns,Gradient Boosting,GroupKFold,4,129,Soesianawati et al.,62.27,65.73813552906253
DesignSafe rectangular RC columns,Gradient Boosting,GroupKFold,4,130,Soesianawati et al.,59.47,66.01719864698825
DesignSafe rectangular RC columns,Gradient Boosting,GroupKFold,4,131,Zahn ,47.95,57.57080624679805
DesignSafe rectangular RC columns,Gradient Boosting,GroupKFold,4,132,Zahn ,60.44,66.02642448184199
DesignSafe rectangular RC columns,Gradient Boosting,GroupKFold,4,147,Arakawa,36.08,55.546431815000325
DesignSafe rectangular RC columns,Gradient Boosting,GroupKFold,4,151,Zhou,16.23,34.09711160144183
DesignSafe rectangular RC columns,Gradient Boosting,GroupKFold,4,158,Mugurma et al.,54.53,40.991582113941945
DesignSafe rectangular RC columns,Gradient Boosting,GroupKFold,4,159,Mugurma et al.,54.88,48.7424425547924
DesignSafe rectangular RC columns,Gradient Boosting,GroupKFold,4,160,Mugurma et al.,54.43,63.32378472672563
DesignSafe rectangular RC columns,Gradient Boosting,GroupKFold,4,161,Mugurma et al.,55.45,65.91431428560163
DesignSafe rectangular RC columns,Gradient Boosting,GroupKFold,4,162,Mugurma et al.,57.25,59.05154748584728
DesignSafe rectangular RC columns,Gradient Boosting,GroupKFold,4,163,Mugurma et al.,57.45,59.640727854082186
DesignSafe rectangular RC columns,Gradient Boosting,GroupKFold,4,164,Mugurma et al.,64.89,78.57910248403286
DesignSafe rectangular RC columns,Gradient Boosting,GroupKFold,4,165,Mugurma et al.,64.76,78.89318759637273
DesignSafe rectangular RC columns,Gradient Boosting,GroupKFold,4,222,Sugano,75.14,79.5042162876613
DesignSafe rectangular RC columns,Gradient Boosting,GroupKFold,4,223,Sugano,82.05,79.87583229382996
DesignSafe rectangular RC columns,Gradient Boosting,GroupKFold,4,224,Sugano,91.89,87.35797171258075
DesignSafe rectangular RC columns,Gradient Boosting,GroupKFold,4,225,Sugano,82.67,81.77766257159381
DesignSafe rectangular RC columns,Gradient Boosting,GroupKFold,4,226,Sugano,83.18,89.2598019903446
DesignSafe rectangular RC columns,Gradient Boosting,GroupKFold,4,270,Thomsen and Wallace,10.44,34.34538615517059
DesignSafe rectangular RC columns,Gradient Boosting,GroupKFold,4,271,Thomsen and Wallace,16.45,27.707955276040355
DesignSafe rectangular RC columns,Gradient Boosting,GroupKFold,4,272,Thomsen and Wallace,9.13,22.993606175402697
DesignSafe rectangular RC columns,Gradient Boosting,GroupKFold,4,273,Thomsen and Wallace,12.55,23.68067769211403
DesignSafe rectangular RC columns,Gradient Boosting,GroupKFold,4,274,Thomsen and Wallace,14.66,48.62373340049084
DesignSafe rectangular RC columns,Gradient Boosting,GroupKFold,4,275,Thomsen and Wallace,8.99,20.851829347461518
DesignSafe rectangular RC columns,Gradient Boosting,GroupKFold,4,276,Thomsen and Wallace,11.51,24.55202565162762
DesignSafe rectangular RC columns,Gradient Boosting,GroupKFold,4,277,Thomsen and Wallace,12.98,27.57186349881931
DesignSafe rectangular RC columns,Gradient Boosting,GroupKFold,4,278,Thomsen and Wallace,12.82,28.4432114583329
DesignSafe rectangular RC columns,Gradient Boosting,GroupKFold,4,279,Thomsen and Wallace,14.11,27.12257801143884
DesignSafe rectangular RC columns,Gradient Boosting,GroupKFold,4,280,Thomsen and Wallace,12.06,23.521895756393832
DesignSafe rectangular RC columns,Gradient Boosting,GroupKFold,4,312,Takemura and Kawashima,34.12,69.08979449230047
DesignSafe rectangular RC columns,Gradient Boosting,GroupKFold,4,313,Takemura and Kawashima,33.26,69.08979449230047
DesignSafe rectangular RC columns,Gradient Boosting,GroupKFold,4,314,Takemura and Kawashima,34.42,70.22722493464062
DesignSafe rectangular RC columns,Gradient Boosting,GroupKFold,4,315,Takemura and Kawashima,35.31,70.22722493464062
DesignSafe rectangular RC columns,Gradient Boosting,GroupKFold,4,316,Takemura and Kawashima,35.85,69.08979449230047
DesignSafe rectangular RC columns,Gradient Boosting,GroupKFold,4,317,Takemura and Kawashima,38.35,69.08979449230047
DesignSafe rectangular RC columns,Gradient Boosting,LeaveOneSourceOut,0,10,Aboutaha,101.19,123.0852271091463
DesignSafe rectangular RC columns,Gradient Boosting,LeaveOneSourceOut,0,11,Aboutaha,144.49,122.24631209838854
DesignSafe rectangular RC columns,Gradient Boosting,LeaveOneSourceOut,1,267,Aboutaha and Machado,58.03,61.988364962729364
DesignSafe rectangular RC columns,Gradient Boosting,LeaveOneSourceOut,1,268,Aboutaha and Machado,87.31,80.16751879386833
DesignSafe rectangular RC columns,Gradient Boosting,LeaveOneSourceOut,1,269,Aboutaha and Machado,95.36,88.84677534538545
DesignSafe rectangular RC columns,Gradient Boosting,LeaveOneSourceOut,2,49,Amitsu,115.47,78.291808640776
DesignSafe rectangular RC columns,Gradient Boosting,LeaveOneSourceOut,3,125,Ang et al.,43.17,45.561126753326846
DesignSafe rectangular RC columns,Gradient Boosting,LeaveOneSourceOut,3,126,Ang et al.,38.04,52.4792270004647
DesignSafe rectangular RC columns,Gradient Boosting,LeaveOneSourceOut,4,5,Arakawa,29.35,23.236300175214936
DesignSafe rectangular RC columns,Gradient Boosting,LeaveOneSourceOut,4,6,Arakawa,30.11,31.809661807415818
DesignSafe rectangular RC columns,Gradient Boosting,LeaveOneSourceOut,4,147,Arakawa,36.08,38.95082325705425
DesignSafe rectangular RC columns,Gradient Boosting,LeaveOneSourceOut,5,173,Atalay and Penzein,13.87,28.07018550730778
DesignSafe rectangular RC columns,Gradient Boosting,LeaveOneSourceOut,5,174,Atalay and Penzein,13.76,28.07018550730778
DesignSafe rectangular RC columns,Gradient Boosting,LeaveOneSourceOut,5,175,Atalay and Penzein,13.09,28.07018550730778
DesignSafe rectangular RC columns,Gradient Boosting,LeaveOneSourceOut,5,176,Atalay and Penzein,16.01,29.713000827604443
DesignSafe rectangular RC columns,Gradient Boosting,LeaveOneSourceOut,5,177,Atalay and Penzein,17.23,33.688086745250345
DesignSafe rectangular RC columns,Gradient Boosting,LeaveOneSourceOut,5,178,Atalay and Penzein,16.84,33.688086745250345
DesignSafe rectangular RC columns,Gradient Boosting,LeaveOneSourceOut,5,179,Atalay and Penzein,17.73,32.3247616019413
DesignSafe rectangular RC columns,Gradient Boosting,LeaveOneSourceOut,5,180,Atalay and Penzein,17.53,32.3247616019413
DesignSafe rectangular RC columns,Gradient Boosting,LeaveOneSourceOut,5,181,Atalay and Penzein,18.46,32.3247616019413
DesignSafe rectangular RC columns,Gradient Boosting,LeaveOneSourceOut,5,182,Atalay and Penzein,17.64,32.3247616019413
DesignSafe rectangular RC columns,Gradient Boosting,LeaveOneSourceOut,6,183,Azizinamini et al.,104.93,93.7625966602187
DesignSafe rectangular RC columns,Gradient Boosting,LeaveOneSourceOut,7,184,Azizinamini et al. ,109.99,101.46830539566994
DesignSafe rectangular RC columns,Gradient Boosting,LeaveOneSourceOut,8,228,Bayrak and Sheikh,33.11,43.01519092614048
DesignSafe rectangular RC columns,Gradient Boosting,LeaveOneSourceOut,8,229,Bayrak and Sheikh,33.56,43.9315793699339
DesignSafe rectangular RC columns,Gradient Boosting,LeaveOneSourceOut,8,230,Bayrak and Sheikh,33.23,44.84930978417818
DesignSafe rectangular RC columns,Gradient Boosting,LeaveOneSourceOut,8,231,Bayrak and Sheikh,33.19,44.06368223692952
DesignSafe rectangular RC columns,Gradient Boosting,LeaveOneSourceOut,8,232,Bayrak and Sheikh,44.83,45.11823323802511
DesignSafe rectangular RC columns,Gradient Boosting,LeaveOneSourceOut,8,233,Bayrak and Sheikh,44.19,45.11823323802511
DesignSafe rectangular RC columns,Gradient Boosting,LeaveOneSourceOut,8,234,Bayrak and Sheikh,38.65,45.90386078527377
DesignSafe rectangular RC columns,Gradient Boosting,LeaveOneSourceOut,8,235,Bayrak and Sheikh,40.01,46.22650520924071
DesignSafe rectangular RC columns,Gradient Boosting,LeaveOneSourceOut,9,9,Bett,48.02,43.530649823122786
DesignSafe rectangular RC columns,Gradient Boosting,LeaveOneSourceOut,10,102,Elwood,18.14,22.374050326033256
DesignSafe rectangular RC columns,Gradient Boosting,LeaveOneSourceOut,10,103,Elwood,19.92,24.639327787901838
DesignSafe rectangular RC columns,Gradient Boosting,LeaveOneSourceOut,11,106,Esaki,27.5,26.713646334941945
DesignSafe rectangular RC columns,Gradient Boosting,LeaveOneSourceOut,11,107,Esaki,24.54,26.09841800615634
DesignSafe rectangular RC columns,Gradient Boosting,LeaveOneSourceOut,11,108,Esaki,26.77,25.895208866146298
DesignSafe rectangular RC columns,Gradient Boosting,LeaveOneSourceOut,11,109,Esaki,24.59,25.270836093944954
DesignSafe rectangular RC columns,Gradient Boosting,LeaveOneSourceOut,12,190,Galeota et al. ,29.26,29.359782534176492
DesignSafe rectangular RC columns,Gradient Boosting,LeaveOneSourceOut,12,191,Galeota et al. ,27.68,29.359782534176492
DesignSafe rectangular RC columns,Gradient Boosting,LeaveOneSourceOut,12,192,Galeota et al. ,22.09,28.984059537342578
DesignSafe rectangular RC columns,Gradient Boosting,LeaveOneSourceOut,12,193,Galeota et al. ,30.93,28.984059537342578
DesignSafe rectangular RC columns,Gradient Boosting,LeaveOneSourceOut,12,194,Galeota et al. ,31.75,28.984059537342578
DesignSafe rectangular RC columns,Gradient Boosting,LeaveOneSourceOut,12,195,Galeota et al. ,28.86,29.359782534176492
DesignSafe rectangular RC columns,Gradient Boosting,LeaveOneSourceOut,12,196,Galeota et al. ,29.47,29.359782534176492
DesignSafe rectangular RC columns,Gradient Boosting,LeaveOneSourceOut,12,197,Galeota et al. ,24.8,28.984059537342578
DesignSafe rectangular RC columns,Gradient Boosting,LeaveOneSourceOut,12,198,Galeota et al. ,22.71,33.07456025607064
DesignSafe rectangular RC columns,Gradient Boosting,LeaveOneSourceOut,12,199,Galeota et al. ,28.43,33.45028325290454
DesignSafe rectangular RC columns,Gradient Boosting,LeaveOneSourceOut,12,200,Galeota et al. ,29.59,33.07456025607064
DesignSafe rectangular RC columns,Gradient Boosting,LeaveOneSourceOut,12,201,Galeota et al. ,30.3,33.45028325290454
DesignSafe rectangular RC columns,Gradient Boosting,LeaveOneSourceOut,12,202,Galeota et al. ,39.41,38.9407634216839
DesignSafe rectangular RC columns,Gradient Boosting,LeaveOneSourceOut,12,203,Galeota et al. ,37.12,38.773506775619744
DesignSafe rectangular RC columns,Gradient Boosting,LeaveOneSourceOut,12,204,Galeota et al. ,38.91,38.773506775619744
DesignSafe rectangular RC columns,Gradient Boosting,LeaveOneSourceOut,12,205,Galeota et al. ,46.03,38.9407634216839
DesignSafe rectangular RC columns,Gradient Boosting,LeaveOneSourceOut,12,206,Galeota et al. ,36.33,38.9407634216839
DesignSafe rectangular RC columns,Gradient Boosting,LeaveOneSourceOut,12,207,Galeota et al. ,43.86,38.9407634216839
DesignSafe rectangular RC columns,Gradient Boosting,LeaveOneSourceOut,12,208,Galeota et al. ,39.34,38.773506775619744
DesignSafe rectangular RC columns,Gradient Boosting,LeaveOneSourceOut,12,209,Galeota et al. ,38.33,38.773506775619744
DesignSafe rectangular RC columns,Gradient Boosting,LeaveOneSourceOut,12,210,Galeota et al. ,38.56,39.02222227218455
DesignSafe rectangular RC columns,Gradient Boosting,LeaveOneSourceOut,12,211,Galeota et al. ,38.91,39.02222227218455
DesignSafe rectangular RC columns,Gradient Boosting,LeaveOneSourceOut,12,212,Galeota et al. ,38.3,38.854965626120396
DesignSafe rectangular RC columns,Gradient Boosting,LeaveOneSourceOut,12,213,Galeota et al. ,39.76,38.854965626120396
DesignSafe rectangular RC columns,Gradient Boosting,LeaveOneSourceOut,13,121,Gill et al.,156.5,160.39962124186857
DesignSafe rectangular RC columns,Gradient Boosting,LeaveOneSourceOut,13,122,Gill et al.,182.41,158.4744901271841
DesignSafe rectangular RC columns,Gradient Boosting,LeaveOneSourceOut,13,123,Gill et al.,150.71,160.60112794176138
DesignSafe rectangular RC columns,Gradient Boosting,LeaveOneSourceOut,13,124,Gill et al.,156.58,164.30446822019226
DesignSafe rectangular RC columns,Gradient Boosting,LeaveOneSourceOut,14,318,Harries,42.7,48.04099606026492
DesignSafe rectangular RC columns,Gradient Boosting,LeaveOneSourceOut,15,82,Ikeda,16.8,14.563447458129641
DesignSafe rectangular RC columns,Gradient Boosting,LeaveOneSourceOut,15,83,Ikeda,15.92,14.563447458129641
DesignSafe rectangular RC columns,Gradient Boosting,LeaveOneSourceOut,15,84,Ikeda,18.8,15.859009748845306
DesignSafe rectangular RC columns,Gradient Boosting,LeaveOneSourceOut,15,85,Ikeda,18.14,21.771568596211054
DesignSafe rectangular RC columns,Gradient Boosting,LeaveOneSourceOut,15,86,Ikeda,13.02,12.498034326362097
DesignSafe rectangular RC columns,Gradient Boosting,LeaveOneSourceOut,15,87,Ikeda,15.92,13.79359661707776
DesignSafe rectangular RC columns,Gradient Boosting,LeaveOneSourceOut,15,88,Ikeda,15.8,13.79359661707776
DesignSafe rectangular RC columns,Gradient Boosting,LeaveOneSourceOut,16,1,Imai,105.95,91.82694948578148
DesignSafe rectangular RC columns,Gradient Boosting,LeaveOneSourceOut,17,12,Iwasaki,88.33,132.4708233027237
DesignSafe rectangular RC columns,Gradient Boosting,LeaveOneSourceOut,17,13,Iwasaki,95.71,130.60820954444662
DesignSafe rectangular RC columns,Gradient Boosting,LeaveOneSourceOut,17,74,Iwasaki,28.8,64.02002180532197
DesignSafe rectangular RC columns,Gradient Boosting,LeaveOneSourceOut,17,75,Iwasaki,35.97,67.27450350716131
DesignSafe rectangular RC columns,Gradient Boosting,LeaveOneSourceOut,17,76,Iwasaki,35.39,87.9188110602756
DesignSafe rectangular RC columns,Gradient Boosting,LeaveOneSourceOut,17,77,Iwasaki,34.91,87.9188110602756
DesignSafe rectangular RC columns,Gradient Boosting,LeaveOneSourceOut,17,78,Iwasaki,36.65,87.9188110602756
DesignSafe rectangular RC columns,Gradient Boosting,LeaveOneSourceOut,17,79,Iwasaki,53.57,90.92915387113857
DesignSafe rectangular RC columns,Gradient Boosting,LeaveOneSourceOut,17,80,Iwasaki,51.71,92.84191875738796
DesignSafe rectangular RC columns,Gradient Boosting,LeaveOneSourceOut,17,81,Iwasaki,88.65,137.04270536378502
DesignSafe rectangular RC columns,Gradient Boosting,LeaveOneSourceOut,18,152,Kanda et al.,18.41,33.19307656587616
DesignSafe rectangular RC columns,Gradient Boosting,LeaveOneSourceOut,18,153,Kanda et al.,17.99,31.60556821368103
DesignSafe rectangular RC columns,Gradient Boosting,LeaveOneSourceOut,18,154,Kanda et al.,18.41,31.60556821368103
DesignSafe rectangular RC columns,Gradient Boosting,LeaveOneSourceOut,18,155,Kanda et al.,19.01,31.60556821368103
DesignSafe rectangular RC columns,Gradient Boosting,LeaveOneSourceOut,18,156,Kanda et al.,18.34,31.60556821368103
DesignSafe rectangular RC columns,Gradient Boosting,LeaveOneSourceOut,18,157,Kanda et al.,17.42,31.60556821368103
DesignSafe rectangular RC columns,Gradient Boosting,LeaveOneSourceOut,19,97,Kokusho,16.93,16.716637864829433
DesignSafe rectangular RC columns,Gradient Boosting,LeaveOneSourceOut,19,98,Kokusho,19.75,17.85762823447964
DesignSafe rectangular RC columns,Gradient Boosting,LeaveOneSourceOut,20,99,Kokusho & Fukuhara,24.42,19.808972120779636
DesignSafe rectangular RC columns,Gradient Boosting,LeaveOneSourceOut,20,100,Kokusho & Fukuhara,24.31,21.851112696876797
DesignSafe rectangular RC columns,Gradient Boosting,LeaveOneSourceOut,21,307,Kono et al.,45.19,53.99720877416774
DesignSafe rectangular RC columns,Gradient Boosting,LeaveOneSourceOut,21,308,Kono et al.,42.28,58.001812917988914
DesignSafe rectangular RC columns,Gradient Boosting,LeaveOneSourceOut,21,309,Kono et al.,278.53,163.14634837933036
DesignSafe rectangular RC columns,Gradient Boosting,LeaveOneSourceOut,21,310,Kono et al.,300.95,164.40616404576159
DesignSafe rectangular RC columns,Gradient Boosting,LeaveOneSourceOut,21,311,Kono et al.,270.06,144.83290153221301
DesignSafe rectangular RC columns,Gradient Boosting,LeaveOneSourceOut,22,37,Lynn,59.8,61.297048873209654
DesignSafe rectangular RC columns,Gradient Boosting,LeaveOneSourceOut,22,65,Lynn,54.13,58.70265693709527
DesignSafe rectangular RC columns,Gradient Boosting,LeaveOneSourceOut,22,66,Lynn,68.79,76.99490193411809
DesignSafe rectangular RC columns,Gradient Boosting,LeaveOneSourceOut,22,67,Lynn,52.5,58.70265693709527
DesignSafe rectangular RC columns,Gradient Boosting,LeaveOneSourceOut,22,68,Lynn,82.5,79.17423075734997
DesignSafe rectangular RC columns,Gradient Boosting,LeaveOneSourceOut,22,110,Lynn,73.73,78.76092931019849
DesignSafe rectangular RC columns,Gradient Boosting,LeaveOneSourceOut,22,111,Lynn,80.03,80.46739658593584
DesignSafe rectangular RC columns,Gradient Boosting,LeaveOneSourceOut,22,112,Lynn,59.8,61.297048873209654
DesignSafe rectangular RC columns,Gradient Boosting,LeaveOneSourceOut,23,246,Matamoros et al.,15.8,17.527429370860112
DesignSafe rectangular RC columns,Gradient Boosting,LeaveOneSourceOut,23,247,Matamoros et al.,15.3,17.527429370860112
DesignSafe rectangular RC columns,Gradient Boosting,LeaveOneSourceOut,23,248,Matamoros et al.,21.5,18.76742483635996
DesignSafe rectangular RC columns,Gradient Boosting,LeaveOneSourceOut,23,249,Matamoros et al.,21.2,18.49880512913771
DesignSafe rectangular RC columns,Gradient Boosting,LeaveOneSourceOut,23,250,Matamoros et al.,24.2,40.89126221660233
DesignSafe rectangular RC columns,Gradient Boosting,LeaveOneSourceOut,23,251,Matamoros et al.,23.3,40.89126221660233
DesignSafe rectangular RC columns,Gradient Boosting,LeaveOneSourceOut,23,252,Matamoros et al.,13.3,16.73342904290421
DesignSafe rectangular RC columns,Gradient Boosting,LeaveOneSourceOut,23,253,Matamoros et al.,13.11,17.00204875012646
DesignSafe rectangular RC columns,Gradient Boosting,LeaveOneSourceOut,23,254,Matamoros et al.,16.3,18.99445438909223
DesignSafe rectangular RC columns,Gradient Boosting,LeaveOneSourceOut,23,255,Matamoros et al.,16.3,18.99445438909223
DesignSafe rectangular RC columns,Gradient Boosting,LeaveOneSourceOut,23,256,Matamoros et al.,19.0,40.74838731715877
DesignSafe rectangular RC columns,Gradient Boosting,LeaveOneSourceOut,23,257,Matamoros et al.,19.0,40.74838731715877
DesignSafe rectangular RC columns,Gradient Boosting,LeaveOneSourceOut,24,319,Melek,45.6,38.15835942247202
DesignSafe rectangular RC columns,Gradient Boosting,LeaveOneSourceOut,24,320,Melek,52.5,46.88724412366473
DesignSafe rectangular RC columns,Gradient Boosting,LeaveOneSourceOut,24,321,Melek,64.1,59.69629496565632
DesignSafe rectangular RC columns,Gradient Boosting,LeaveOneSourceOut,24,322,Melek,60.6,59.66124255637529
DesignSafe rectangular RC columns,Gradient Boosting,LeaveOneSourceOut,24,323,Melek,60.1,59.66124255637529
DesignSafe rectangular RC columns,Gradient Boosting,LeaveOneSourceOut,24,324,Melek,76.6,77.16516016452293
DesignSafe rectangular RC columns,Gradient Boosting,LeaveOneSourceOut,25,258,Mo and Wang,56.2,39.58562783676332
DesignSafe rectangular RC columns,Gradient Boosting,LeaveOneSourceOut,25,259,Mo and Wang,60.15,49.74395044258029
DesignSafe rectangular RC columns,Gradient Boosting,LeaveOneSourceOut,25,260,Mo and Wang,68.63,49.75400407143984
DesignSafe rectangular RC columns,Gradient Boosting,LeaveOneSourceOut,25,261,Mo and Wang,55.76,40.09289703304416
DesignSafe rectangular RC columns,Gradient Boosting,LeaveOneSourceOut,25,262,Mo and Wang,64.21,50.25121963886113
DesignSafe rectangular RC columns,Gradient Boosting,LeaveOneSourceOut,25,263,Mo and Wang,69.65,50.261273267720675
DesignSafe rectangular RC columns,Gradient Boosting,LeaveOneSourceOut,25,264,Mo and Wang,56.75,40.09289703304416
DesignSafe rectangular RC columns,Gradient Boosting,LeaveOneSourceOut,25,265,Mo and Wang,63.5,50.25121963886113
DesignSafe rectangular RC columns,Gradient Boosting,LeaveOneSourceOut,25,266,Mo and Wang,68.05,50.261273267720675
DesignSafe rectangular RC columns,Gradient Boosting,LeaveOneSourceOut,26,158,Mugurma et al.,54.53,36.34190454036321
DesignSafe rectangular RC columns,Gradient Boosting,LeaveOneSourceOut,26,159,Mugurma et al.,54.88,35.25554467191894
DesignSafe rectangular RC columns,Gradient Boosting,LeaveOneSourceOut,26,160,Mugurma et al.,54.43,64.03576681886467
DesignSafe rectangular RC columns,Gradient Boosting,LeaveOneSourceOut,26,161,Mugurma et al.,55.45,59.587793402210046
DesignSafe rectangular RC columns,Gradient Boosting,LeaveOneSourceOut,26,162,Mugurma et al.,57.25,37.98130418053904
DesignSafe rectangular RC columns,Gradient Boosting,LeaveOneSourceOut,26,163,Mugurma et al.,57.45,35.69352394816619
DesignSafe rectangular RC columns,Gradient Boosting,LeaveOneSourceOut,26,164,Mugurma et al.,64.89,62.64720004309801
DesignSafe rectangular RC columns,Gradient Boosting,LeaveOneSourceOut,26,165,Mugurma et al.,64.76,58.1992266264433
DesignSafe rectangular RC columns,Gradient Boosting,LeaveOneSourceOut,27,0,Nagasaka,19.67,23.82703514168488
DesignSafe rectangular RC columns,Gradient Boosting,LeaveOneSourceOut,27,39,Nagasaka,25.32,26.45575760596363
DesignSafe rectangular RC columns,Gradient Boosting,LeaveOneSourceOut,28,32,Nakamura et al.,61.03,43.84549947419752
DesignSafe rectangular RC columns,Gradient Boosting,LeaveOneSourceOut,28,33,Nakamura et al.,59.12,60.22301080780649
DesignSafe rectangular RC columns,Gradient Boosting,LeaveOneSourceOut,28,34,Nakamura et al.,65.62,60.22301080780649
DesignSafe rectangular RC columns,Gradient Boosting,LeaveOneSourceOut,29,227,Nosho et al,14.78,21.16423738510878
DesignSafe rectangular RC columns,Gradient Boosting,LeaveOneSourceOut,30,148,Ohno and Nishioka,27.21,29.49275030388622
DesignSafe rectangular RC columns,Gradient Boosting,LeaveOneSourceOut,30,149,Ohno and Nishioka,24.44,29.49275030388622
DesignSafe rectangular RC columns,Gradient Boosting,LeaveOneSourceOut,30,150,Ohno and Nishioka,24.76,29.49275030388622
DesignSafe rectangular RC columns,Gradient Boosting,LeaveOneSourceOut,31,40,Ohue,22.79,20.781399688068614
DesignSafe rectangular RC columns,Gradient Boosting,LeaveOneSourceOut,31,41,Ohue,24.86,26.875920786751852
DesignSafe rectangular RC columns,Gradient Boosting,LeaveOneSourceOut,32,47,Ono,29.27,22.355043115011025
DesignSafe rectangular RC columns,Gradient Boosting,LeaveOneSourceOut,32,48,Ono,30.73,38.534906766185664
DesignSafe rectangular RC columns,Gradient Boosting,LeaveOneSourceOut,33,22,Ousalem,36.19,42.744081526928525
DesignSafe rectangular RC columns,Gradient Boosting,LeaveOneSourceOut,33,23,Ousalem,38.49,43.10402818953081
DesignSafe rectangular RC columns,Gradient Boosting,LeaveOneSourceOut,33,24,Ousalem,52.85,46.67677775936902
DesignSafe rectangular RC columns,Gradient Boosting,LeaveOneSourceOut,33,25,Ousalem,48.67,43.39805957329626
DesignSafe rectangular RC columns,Gradient Boosting,LeaveOneSourceOut,33,26,Ousalem,73.53,53.17662442919779
DesignSafe rectangular RC columns,Gradient Boosting,LeaveOneSourceOut,33,27,Ousalem,55.03,55.27119237955314
DesignSafe rectangular RC columns,Gradient Boosting,LeaveOneSourceOut,33,28,Ousalem,56.4,55.27119237955314
DesignSafe rectangular RC columns,Gradient Boosting,LeaveOneSourceOut,33,29,Ousalem,59.77,58.22614531233157
DesignSafe rectangular RC columns,Gradient Boosting,LeaveOneSourceOut,33,30,Ousalem,66.47,58.22614531233157
DesignSafe rectangular RC columns,Gradient Boosting,LeaveOneSourceOut,33,31,Ousalem,76.45,52.54926206624596
DesignSafe rectangular RC columns,Gradient Boosting,LeaveOneSourceOut,34,15,Pandey,30.56,44.402850225235106
DesignSafe rectangular RC columns,Gradient Boosting,LeaveOneSourceOut,34,38,Pandey,41.99,46.137375053771756
DesignSafe rectangular RC columns,Gradient Boosting,LeaveOneSourceOut,34,117,Pandey,41.61,48.46853892388455
DesignSafe rectangular RC columns,Gradient Boosting,LeaveOneSourceOut,34,118,Pandey,28.15,41.051221884557634
DesignSafe rectangular RC columns,Gradient Boosting,LeaveOneSourceOut,35,146,Park and Paulay,88.81,105.96608804545066
DesignSafe rectangular RC columns,Gradient Boosting,LeaveOneSourceOut,36,281,Paultre & Legeron,27.65,43.83848894920345
DesignSafe rectangular RC columns,Gradient Boosting,LeaveOneSourceOut,36,282,Paultre & Legeron,35.92,43.766938519678106
DesignSafe rectangular RC columns,Gradient Boosting,LeaveOneSourceOut,36,283,Paultre & Legeron,43.84,45.505038945451545
DesignSafe rectangular RC columns,Gradient Boosting,LeaveOneSourceOut,36,284,Paultre & Legeron,25.16,41.57006308406786
DesignSafe rectangular RC columns,Gradient Boosting,LeaveOneSourceOut,36,285,Paultre & Legeron,37.71,41.4985126545425
DesignSafe rectangular RC columns,Gradient Boosting,LeaveOneSourceOut,36,286,Paultre & Legeron,41.59,43.16818049956891
DesignSafe rectangular RC columns,Gradient Boosting,LeaveOneSourceOut,37,287,Paultre et al.,38.04,38.5332468379907
DesignSafe rectangular RC columns,Gradient Boosting,LeaveOneSourceOut,37,288,Paultre et al.,47.86,43.07130734714569
DesignSafe rectangular RC columns,Gradient Boosting,LeaveOneSourceOut,37,289,Paultre et al.,44.56,44.600258969394204
DesignSafe rectangular RC columns,Gradient Boosting,LeaveOneSourceOut,37,290,Paultre et al.,45.34,40.6668937902025
DesignSafe rectangular RC columns,Gradient Boosting,LeaveOneSourceOut,37,291,Paultre et al.,45.31,43.50310221383322
DesignSafe rectangular RC columns,Gradient Boosting,LeaveOneSourceOut,37,292,Paultre et al.,47.32,42.739030220856414
DesignSafe rectangular RC columns,Gradient Boosting,LeaveOneSourceOut,38,293,Pujol,25.52,28.928495994877913
DesignSafe rectangular RC columns,Gradient Boosting,LeaveOneSourceOut,38,294,Pujol,25.52,28.928495994877913
DesignSafe rectangular RC columns,Gradient Boosting,LeaveOneSourceOut,38,295,Pujol,26.08,28.984766003843458
DesignSafe rectangular RC columns,Gradient Boosting,LeaveOneSourceOut,38,296,Pujol,26.08,28.984766003843458
DesignSafe rectangular RC columns,Gradient Boosting,LeaveOneSourceOut,38,297,Pujol,25.52,29.105822720746293
DesignSafe rectangular RC columns,Gradient Boosting,LeaveOneSourceOut,38,298,Pujol,25.52,29.105822720746293
DesignSafe rectangular RC columns,Gradient Boosting,LeaveOneSourceOut,38,299,Pujol,25.65,29.35019387831878
DesignSafe rectangular RC columns,Gradient Boosting,LeaveOneSourceOut,38,300,Pujol,25.65,29.35019387831878
DesignSafe rectangular RC columns,Gradient Boosting,LeaveOneSourceOut,38,301,Pujol,29.38,30.509637099042884
DesignSafe rectangular RC columns,Gradient Boosting,LeaveOneSourceOut,38,302,Pujol,29.38,30.509637099042884
DesignSafe rectangular RC columns,Gradient Boosting,LeaveOneSourceOut,38,303,Pujol,26.03,29.1728671524504
DesignSafe rectangular RC columns,Gradient Boosting,LeaveOneSourceOut,38,304,Pujol,26.03,29.1728671524504
DesignSafe rectangular RC columns,Gradient Boosting,LeaveOneSourceOut,38,305,Pujol,26.47,29.534043101118748
DesignSafe rectangular RC columns,Gradient Boosting,LeaveOneSourceOut,38,306,Pujol,26.47,29.534043101118748
DesignSafe rectangular RC columns,Gradient Boosting,LeaveOneSourceOut,39,105,Saatcioglu,61.66,66.92416570436215
DesignSafe rectangular RC columns,Gradient Boosting,LeaveOneSourceOut,40,236,Saatcioglu and Giria,43.76,44.59117841097292
DesignSafe rectangular RC columns,Gradient Boosting,LeaveOneSourceOut,40,237,Saatcioglu and Giria,42.96,47.844187150136115
DesignSafe rectangular RC columns,Gradient Boosting,LeaveOneSourceOut,40,238,Saatcioglu and Giria,36.93,41.596053946113166
DesignSafe rectangular RC columns,Gradient Boosting,LeaveOneSourceOut,40,239,Saatcioglu and Giria,46.47,47.55850411499808
DesignSafe rectangular RC columns,Gradient Boosting,LeaveOneSourceOut,40,240,Saatcioglu and Giria,53.35,49.91803024815729
DesignSafe rectangular RC columns,Gradient Boosting,LeaveOneSourceOut,40,241,Saatcioglu and Giria,49.78,52.327020463125514
DesignSafe rectangular RC columns,Gradient Boosting,LeaveOneSourceOut,40,242,Saatcioglu and Giria,48.44,49.91803024815729
DesignSafe rectangular RC columns,Gradient Boosting,LeaveOneSourceOut,40,243,Saatcioglu and Giria,44.62,47.56364868527711
DesignSafe rectangular RC columns,Gradient Boosting,LeaveOneSourceOut,40,244,Saatcioglu and Giria,49.31,51.25146996056693
DesignSafe rectangular RC columns,Gradient Boosting,LeaveOneSourceOut,40,245,Saatcioglu and Giria,53.5,51.25146996056693
DesignSafe rectangular RC columns,Gradient Boosting,LeaveOneSourceOut,41,185,Saatcioglu and Ozcebe,62.09,48.80841820494709
DesignSafe rectangular RC columns,Gradient Boosting,LeaveOneSourceOut,41,186,Saatcioglu and Ozcebe,60.92,61.55899539839338
DesignSafe rectangular RC columns,Gradient Boosting,LeaveOneSourceOut,41,187,Saatcioglu and Ozcebe,73.26,65.88319118800676
DesignSafe rectangular RC columns,Gradient Boosting,LeaveOneSourceOut,41,188,Saatcioglu and Ozcebe,77.06,61.73435861105554
DesignSafe rectangular RC columns,Gradient Boosting,LeaveOneSourceOut,41,189,Saatcioglu and Ozcebe,76.84,62.38055723475334
DesignSafe rectangular RC columns,Gradient Boosting,LeaveOneSourceOut,42,166,Sakai et al.,92.71,67.2694534060382
DesignSafe rectangular RC columns,Gradient Boosting,LeaveOneSourceOut,42,167,Sakai et al.,92.99,72.87513481840338
DesignSafe rectangular RC columns,Gradient Boosting,LeaveOneSourceOut,42,168,Sakai et al.,96.29,69.59250937700882
DesignSafe rectangular RC columns,Gradient Boosting,LeaveOneSourceOut,42,169,Sakai et al.,91.09,67.2694534060382
DesignSafe rectangular RC columns,Gradient Boosting,LeaveOneSourceOut,42,170,Sakai et al.,91.18,72.87513481840338
DesignSafe rectangular RC columns,Gradient Boosting,LeaveOneSourceOut,42,171,Sakai et al.,94.43,64.78250370268805
DesignSafe rectangular RC columns,Gradient Boosting,LeaveOneSourceOut,42,172,Sakai et al.,91.06,63.21340173534026
DesignSafe rectangular RC columns,Gradient Boosting,LeaveOneSourceOut,43,71,Sezen ,70.76,59.62124430901737
DesignSafe rectangular RC columns,Gradient Boosting,LeaveOneSourceOut,43,72,Sezen ,80.73,81.24570850065484
DesignSafe rectangular RC columns,Gradient Boosting,LeaveOneSourceOut,43,73,Sezen ,66.22,59.62124430901737
DesignSafe rectangular RC columns,Gradient Boosting,LeaveOneSourceOut,44,127,Soesianawati et al.,44.87,54.39446932095422
DesignSafe rectangular RC columns,Gradient Boosting,LeaveOneSourceOut,44,128,Soesianawati et al.,62.78,64.56175181887181
DesignSafe rectangular RC columns,Gradient Boosting,LeaveOneSourceOut,44,129,Soesianawati et al.,62.27,64.14552622443325
DesignSafe rectangular RC columns,Gradient Boosting,LeaveOneSourceOut,44,130,Soesianawati et al.,59.47,64.04207981089019
DesignSafe rectangular RC columns,Gradient Boosting,LeaveOneSourceOut,45,222,Sugano,75.14,93.79976002934204
DesignSafe rectangular RC columns,Gradient Boosting,LeaveOneSourceOut,45,223,Sugano,82.05,93.62578444589025
DesignSafe rectangular RC columns,Gradient Boosting,LeaveOneSourceOut,45,224,Sugano,91.89,98.69443547714242
DesignSafe rectangular RC columns,Gradient Boosting,LeaveOneSourceOut,45,225,Sugano,82.67,90.67730344401247
DesignSafe rectangular RC columns,Gradient Boosting,LeaveOneSourceOut,45,226,Sugano,83.18,95.74595447526464
DesignSafe rectangular RC columns,Gradient Boosting,LeaveOneSourceOut,46,312,Takemura and Kawashima,34.12,54.71369673856523
DesignSafe rectangular RC columns,Gradient Boosting,LeaveOneSourceOut,46,313,Takemura and Kawashima,33.26,54.71369673856523
DesignSafe rectangular RC columns,Gradient Boosting,LeaveOneSourceOut,46,314,Takemura and Kawashima,34.42,54.71369673856523
DesignSafe rectangular RC columns,Gradient Boosting,LeaveOneSourceOut,46,315,Takemura and Kawashima,35.31,54.71369673856523
DesignSafe rectangular RC columns,Gradient Boosting,LeaveOneSourceOut,46,316,Takemura and Kawashima,35.85,54.71369673856523
DesignSafe rectangular RC columns,Gradient Boosting,LeaveOneSourceOut,46,317,Takemura and Kawashima,38.35,54.71369673856523
DesignSafe rectangular RC columns,Gradient Boosting,LeaveOneSourceOut,47,138,Tanaka and Park,37.56,41.34673268920441
DesignSafe rectangular RC columns,Gradient Boosting,LeaveOneSourceOut,47,139,Tanaka and Park,37.71,41.34673268920441
DesignSafe rectangular RC columns,Gradient Boosting,LeaveOneSourceOut,47,140,Tanaka and Park,39.41,41.34673268920441
DesignSafe rectangular RC columns,Gradient Boosting,LeaveOneSourceOut,47,141,Tanaka and Park,38.31,41.34673268920441
DesignSafe rectangular RC columns,Gradient Boosting,LeaveOneSourceOut,47,142,Tanaka and Park,86.69,121.76329135207664
DesignSafe rectangular RC columns,Gradient Boosting,LeaveOneSourceOut,47,143,Tanaka and Park,91.99,121.76329135207664
DesignSafe rectangular RC columns,Gradient Boosting,LeaveOneSourceOut,47,144,Tanaka and Park,138.64,133.10049040289059
DesignSafe rectangular RC columns,Gradient Boosting,LeaveOneSourceOut,47,145,Tanaka and Park,139.08,133.10049040289059
DesignSafe rectangular RC columns,Gradient Boosting,LeaveOneSourceOut,48,270,Thomsen and Wallace,10.44,25.684455204048483
DesignSafe rectangular RC columns,Gradient Boosting,LeaveOneSourceOut,48,271,Thomsen and Wallace,16.45,24.9517226341039
DesignSafe rectangular RC columns,Gradient Boosting,LeaveOneSourceOut,48,272,Thomsen and Wallace,9.13,21.483866517583603
DesignSafe rectangular RC columns,Gradient Boosting,LeaveOneSourceOut,48,273,Thomsen and Wallace,12.55,22.32160784418973
DesignSafe rectangular RC columns,Gradient Boosting,LeaveOneSourceOut,48,274,Thomsen and Wallace,14.66,22.46616055415567
DesignSafe rectangular RC columns,Gradient Boosting,LeaveOneSourceOut,48,275,Thomsen and Wallace,8.99,21.673382916191564
DesignSafe rectangular RC columns,Gradient Boosting,LeaveOneSourceOut,48,276,Thomsen and Wallace,11.51,22.511124242797692
DesignSafe rectangular RC columns,Gradient Boosting,LeaveOneSourceOut,48,277,Thomsen and Wallace,12.98,24.670293084196455
DesignSafe rectangular RC columns,Gradient Boosting,LeaveOneSourceOut,48,278,Thomsen and Wallace,12.82,25.312356715470585
DesignSafe rectangular RC columns,Gradient Boosting,LeaveOneSourceOut,48,279,Thomsen and Wallace,14.11,23.95273151563075
DesignSafe rectangular RC columns,Gradient Boosting,LeaveOneSourceOut,48,280,Thomsen and Wallace,12.06,22.53024940255532
DesignSafe rectangular RC columns,Gradient Boosting,LeaveOneSourceOut,49,7,Umehara,72.53,78.86136074858261
DesignSafe rectangular RC columns,Gradient Boosting,LeaveOneSourceOut,49,8,Umehara,59.16,60.78930855277781
DesignSafe rectangular RC columns,Gradient Boosting,LeaveOneSourceOut,50,89,Umemura & Endo ,15.75,31.105333885725244
DesignSafe rectangular RC columns,Gradient Boosting,LeaveOneSourceOut,50,90,Umemura & Endo ,24.0,35.37547016666438
DesignSafe rectangular RC columns,Gradient Boosting,LeaveOneSourceOut,50,91,Umemura & Endo ,18.67,24.96630931566252
DesignSafe rectangular RC columns,Gradient Boosting,LeaveOneSourceOut,50,92,Umemura & Endo ,17.93,27.29003470155141
DesignSafe rectangular RC columns,Gradient Boosting,LeaveOneSourceOut,50,93,Umemura & Endo ,11.3,27.24022335480147
DesignSafe rectangular RC columns,Gradient Boosting,LeaveOneSourceOut,50,94,Umemura & Endo ,13.2,25.95650065494786
DesignSafe rectangular RC columns,Gradient Boosting,LeaveOneSourceOut,50,95,Umemura & Endo ,15.34,25.95650065494786
DesignSafe rectangular RC columns,Gradient Boosting,LeaveOneSourceOut,50,96,Umemura & Endo ,15.62,25.95650065494786
DesignSafe rectangular RC columns,Gradient Boosting,LeaveOneSourceOut,51,14,Verma,141.1,69.92092941840758
DesignSafe rectangular RC columns,Gradient Boosting,LeaveOneSourceOut,51,104,Verma,127.9,121.90985700508533
DesignSafe rectangular RC columns,Gradient Boosting,LeaveOneSourceOut,52,133,Watson and Park,65.65,60.43918457390547
DesignSafe rectangular RC columns,Gradient Boosting,LeaveOneSourceOut,52,134,Watson and Park,66.32,60.188567232838125
DesignSafe rectangular RC columns,Gradient Boosting,LeaveOneSourceOut,52,135,Watson and Park,66.44,59.94759731574252
DesignSafe rectangular RC columns,Gradient Boosting,LeaveOneSourceOut,52,136,Watson and Park,66.4,62.12266832944011
DesignSafe rectangular RC columns,Gradient Boosting,LeaveOneSourceOut,52,137,Watson and Park,69.58,71.74967569766112
DesignSafe rectangular RC columns,Gradient Boosting,LeaveOneSourceOut,53,214,Wehbe et al.,82.82,90.29865627740953
DesignSafe rectangular RC columns,Gradient Boosting,LeaveOneSourceOut,53,215,Wehbe et al.,89.98,121.79109080583855
DesignSafe rectangular RC columns,Gradient Boosting,LeaveOneSourceOut,53,216,Wehbe et al.,85.41,92.01368267806843
DesignSafe rectangular RC columns,Gradient Boosting,LeaveOneSourceOut,53,217,Wehbe et al.,96.87,125.27835178456455
DesignSafe rectangular RC columns,Gradient Boosting,LeaveOneSourceOut,54,36,Wight,17.81,20.217586880274695
DesignSafe rectangular RC columns,Gradient Boosting,LeaveOneSourceOut,54,50,Wight,22.2,20.95952261716535
DesignSafe rectangular RC columns,Gradient Boosting,LeaveOneSourceOut,54,51,Wight,22.77,20.95952261716535
DesignSafe rectangular RC columns,Gradient Boosting,LeaveOneSourceOut,54,52,Wight,23.51,20.283079329062332
DesignSafe rectangular RC columns,Gradient Boosting,LeaveOneSourceOut,54,53,Wight,22.14,20.283079329062332
DesignSafe rectangular RC columns,Gradient Boosting,LeaveOneSourceOut,54,54,Wight,21.18,20.35493670890411
DesignSafe rectangular RC columns,Gradient Boosting,LeaveOneSourceOut,54,55,Wight,23.58,20.35493670890411
DesignSafe rectangular RC columns,Gradient Boosting,LeaveOneSourceOut,54,56,Wight,19.76,19.987574471585642
DesignSafe rectangular RC columns,Gradient Boosting,LeaveOneSourceOut,54,57,Wight,20.97,19.987574471585642
DesignSafe rectangular RC columns,Gradient Boosting,LeaveOneSourceOut,54,58,Wight,22.11,20.500184104756094
DesignSafe rectangular RC columns,Gradient Boosting,LeaveOneSourceOut,54,59,Wight,22.83,20.283079329062332
DesignSafe rectangular RC columns,Gradient Boosting,LeaveOneSourceOut,54,60,Wight,22.34,20.283079329062332
DesignSafe rectangular RC columns,Gradient Boosting,LeaveOneSourceOut,54,61,Wight,26.92,20.283079329062332
DesignSafe rectangular RC columns,Gradient Boosting,LeaveOneSourceOut,54,62,Wight,27.08,20.283079329062332
DesignSafe rectangular RC columns,Gradient Boosting,LeaveOneSourceOut,54,63,Wight,27.24,20.35493670890411
DesignSafe rectangular RC columns,Gradient Boosting,LeaveOneSourceOut,54,64,Wight,27.21,20.35493670890411
DesignSafe rectangular RC columns,Gradient Boosting,LeaveOneSourceOut,55,69,Xiao,60.68,60.68998654801571
DesignSafe rectangular RC columns,Gradient Boosting,LeaveOneSourceOut,55,70,Xiao,72.86,69.06129580166309
DesignSafe rectangular RC columns,Gradient Boosting,LeaveOneSourceOut,56,218,Xiao and Martirossyan,72.86,57.750590776294835
DesignSafe rectangular RC columns,Gradient Boosting,LeaveOneSourceOut,56,219,Xiao and Martirossyan,85.05,69.11322648285605
DesignSafe rectangular RC columns,Gradient Boosting,LeaveOneSourceOut,56,220,Xiao and Martirossyan,61.92,56.93119029212231
DesignSafe rectangular RC columns,Gradient Boosting,LeaveOneSourceOut,56,221,Xiao and Martirossyan,71.68,68.29382599868353
DesignSafe rectangular RC columns,Gradient Boosting,LeaveOneSourceOut,57,101,Yalcin,132.7,122.66054604845327
DesignSafe rectangular RC columns,Gradient Boosting,LeaveOneSourceOut,58,115,Yarandi,116.24,102.81422934652683
DesignSafe rectangular RC columns,Gradient Boosting,LeaveOneSourceOut,58,116,Yarandi,128.5,114.35845481285683
DesignSafe rectangular RC columns,Gradient Boosting,LeaveOneSourceOut,59,16,Yoshimura,21.74,29.701311040267292
DesignSafe rectangular RC columns,Gradient Boosting,LeaveOneSourceOut,59,17,Yoshimura,21.52,30.149731932262984
DesignSafe rectangular RC columns,Gradient Boosting,LeaveOneSourceOut,59,18,Yoshimura,36.91,40.33785246453777
DesignSafe rectangular RC columns,Gradient Boosting,LeaveOneSourceOut,59,19,Yoshimura,53.28,63.634365528933095
DesignSafe rectangular RC columns,Gradient Boosting,LeaveOneSourceOut,59,20,Yoshimura,51.55,60.68175090033465
DesignSafe rectangular RC columns,Gradient Boosting,LeaveOneSourceOut,59,21,Yoshimura,58.67,63.038947486685025
DesignSafe rectangular RC columns,Gradient Boosting,LeaveOneSourceOut,59,35,Yoshimura,88.08,70.98263737076228
DesignSafe rectangular RC columns,Gradient Boosting,LeaveOneSourceOut,59,113,Yoshimura,48.94,57.76500247523672
DesignSafe rectangular RC columns,Gradient Boosting,LeaveOneSourceOut,59,114,Yoshimura,47.59,54.609691541948834
DesignSafe rectangular RC columns,Gradient Boosting,LeaveOneSourceOut,59,119,Yoshimura,46.29,51.70196073896525
DesignSafe rectangular RC columns,Gradient Boosting,LeaveOneSourceOut,59,120,Yoshimura,45.21,51.70196073896525
DesignSafe rectangular RC columns,Gradient Boosting,LeaveOneSourceOut,60,131,Zahn ,47.95,52.46952165008991
DesignSafe rectangular RC columns,Gradient Boosting,LeaveOneSourceOut,60,132,Zahn ,60.44,64.8982106195086
DesignSafe rectangular RC columns,Gradient Boosting,LeaveOneSourceOut,61,2,Zhou,18.64,28.062691018078233
DesignSafe rectangular RC columns,Gradient Boosting,LeaveOneSourceOut,61,3,Zhou,20.53,28.062691018078233
DesignSafe rectangular RC columns,Gradient Boosting,LeaveOneSourceOut,61,4,Zhou,25.84,28.286690992189325
DesignSafe rectangular RC columns,Gradient Boosting,LeaveOneSourceOut,61,42,Zhou,8.26,12.86872063987137
DesignSafe rectangular RC columns,Gradient Boosting,LeaveOneSourceOut,61,43,Zhou,15.22,39.828109510839255
DesignSafe rectangular RC columns,Gradient Boosting,LeaveOneSourceOut,61,44,Zhou,15.15,38.854010857711046
DesignSafe rectangular RC columns,Gradient Boosting,LeaveOneSourceOut,61,45,Zhou,12.71,22.59433717989426
DesignSafe rectangular RC columns,Gradient Boosting,LeaveOneSourceOut,61,46,Zhou,12.34,22.59433717989426
DesignSafe rectangular RC columns,Gradient Boosting,LeaveOneSourceOut,61,151,Zhou,16.23,39.828109510839255
DesignSafe RC columns combined,Ridge,RandomKFold,0,0,Ang_Beng_Ghee,65.01,64.03685994638026
DesignSafe RC columns combined,Ridge,RandomKFold,0,2,Ang_Beng_Ghee,63.09,74.28713729142495
DesignSafe RC columns combined,Ridge,RandomKFold,0,9,Arakawa,39.65,42.333915775979435
DesignSafe RC columns combined,Ridge,RandomKFold,0,11,Arakawa,44.01,45.291888370514364
DesignSafe RC columns combined,Ridge,RandomKFold,0,15,Arakawa,43.15,48.147836147681424
DesignSafe RC columns combined,Ridge,RandomKFold,0,18,Arakawa,55.43,48.514015132531426
DesignSafe RC columns combined,Ridge,RandomKFold,0,19,Arakawa,41.92,44.27069810236942
DesignSafe RC columns combined,Ridge,RandomKFold,0,30,Yalcin,126.45,130.76081797717768
DesignSafe RC columns combined,Ridge,RandomKFold,0,33,Yarandi,95.23,115.05594218193455
DesignSafe RC columns combined,Ridge,RandomKFold,0,39,Ang_Beng_Ghee,104.54,89.4593035879569
DesignSafe RC columns combined,Ridge,RandomKFold,0,55,Arakawa,57.15,39.05807214258156
DesignSafe RC columns combined,Ridge,RandomKFold,0,63,Hamilton,32.21,48.446148400893264
DesignSafe RC columns combined,Ridge,RandomKFold,0,68,Ranf,48.31,82.37703080307908
DesignSafe RC columns combined,Ridge,RandomKFold,0,69,Ranf,59.87,88.09253896890644
DesignSafe RC columns combined,Ridge,RandomKFold,0,70,Ranf,62.06,88.31111738174576
DesignSafe RC columns combined,Ridge,RandomKFold,0,72,Davey,44.01,72.71011349232111
DesignSafe RC columns combined,Ridge,RandomKFold,0,73,Davey,77.04,72.76381787978974
DesignSafe RC columns combined,Ridge,RandomKFold,0,75,Munro ,31.1,47.61197791241736
DesignSafe RC columns combined,Ridge,RandomKFold,0,76,Ng,8.23,-14.998996148476834
DesignSafe RC columns combined,Ridge,RandomKFold,0,77,Ng,17.56,4.014591243837238
DesignSafe RC columns combined,Ridge,RandomKFold,0,78,Ang,31.31,46.09761084406676
DesignSafe RC columns combined,Ridge,RandomKFold,0,79,Ang,36.74,62.986745521025114
DesignSafe RC columns combined,Ridge,RandomKFold,0,82,Potangaroa,182.48,181.67617207163917
DesignSafe RC columns combined,Ridge,RandomKFold,0,84,Ang et al.,88.3,82.57697708333633
DesignSafe RC columns combined,Ridge,RandomKFold,0,86,Zahn et al.,39.37,64.83974134199487
DesignSafe RC columns combined,Ridge,RandomKFold,0,90,Wong et al.,130.07,99.3777809730763
DesignSafe RC columns combined,Ridge,RandomKFold,0,93,Lim,4.28,-12.036614984388137
DesignSafe RC columns combined,Ridge,RandomKFold,0,101,Stone,14.1,9.579401305369984
DesignSafe RC columns combined,Ridge,RandomKFold,0,104,Kenchiku Siryo,27.96,7.247231559144694
DesignSafe RC columns combined,Ridge,RandomKFold,0,117,Kunnath,16.42,11.459207698340116
DesignSafe RC columns combined,Ridge,RandomKFold,0,124,Vu et al.,124.0,112.74211363508691
DesignSafe RC columns combined,Ridge,RandomKFold,0,126,Kowalsky ,42.04,25.39524935866092
DesignSafe RC columns combined,Ridge,RandomKFold,0,131,Lehman et al,22.82,-19.188090034727225
DesignSafe RC columns combined,Ridge,RandomKFold,0,132,Lehman et al,40.46,111.2937245020549
DesignSafe RC columns combined,Ridge,RandomKFold,0,137,Sritharan et al.,97.48,119.35469260341227
DesignSafe RC columns combined,Ridge,RandomKFold,0,140,Saatcioglu et al.,15.97,9.788409776889857
DesignSafe RC columns combined,Ridge,RandomKFold,0,153,Henry,64.8,107.67956686823808
DesignSafe RC columns combined,Ridge,RandomKFold,0,155,Roeder,26.59,38.91822623117055
DesignSafe RC columns combined,Ridge,RandomKFold,0,173,Imai,105.95,115.29548053369703
DesignSafe RC columns combined,Ridge,RandomKFold,0,175,Zhou,20.53,16.551316336858932
DesignSafe RC columns combined,Ridge,RandomKFold,0,182,Aboutaha,101.19,122.66923166017801
DesignSafe RC columns combined,Ridge,RandomKFold,0,192,Yoshimura,51.55,47.812243757194445
DesignSafe RC columns combined,Ridge,RandomKFold,0,195,Ousalem,38.49,55.827857568378775
DesignSafe RC columns combined,Ridge,RandomKFold,0,203,Ousalem,76.45,63.536167131612
DesignSafe RC columns combined,Ridge,RandomKFold,0,209,Lynn,59.8,65.35256753566891
DesignSafe RC columns combined,Ridge,RandomKFold,0,218,Zhou,12.34,8.285811988096754
DesignSafe RC columns combined,Ridge,RandomKFold,0,231,Wight,22.83,22.138667836638632
DesignSafe RC columns combined,Ridge,RandomKFold,0,237,Lynn,54.13,54.625105679751265
DesignSafe RC columns combined,Ridge,RandomKFold,0,245,Sezen ,66.22,82.7377222482794
DesignSafe RC columns combined,Ridge,RandomKFold,0,247,Iwasaki,35.97,64.3197365448165
DesignSafe RC columns combined,Ridge,RandomKFold,0,248,Iwasaki,35.39,34.095024917542645
DesignSafe RC columns combined,Ridge,RandomKFold,0,261,Umemura & Endo ,15.75,-4.143921380665418
DesignSafe RC columns combined,Ridge,RandomKFold,0,265,Umemura & Endo ,11.3,-1.6923705168221232
DesignSafe RC columns combined,Ridge,RandomKFold,0,266,Umemura & Endo ,13.2,-1.6702915394464242
DesignSafe RC columns combined,Ridge,RandomKFold,0,268,Umemura & Endo ,15.62,1.6193732119905917
DesignSafe RC columns combined,Ridge,RandomKFold,0,271,Kokusho & Fukuhara,24.42,11.032370094327533
DesignSafe RC columns combined,Ridge,RandomKFold,0,278,Esaki,27.5,23.65980986796133
DesignSafe RC columns combined,Ridge,RandomKFold,0,287,Yarandi,116.24,106.61383589319364
DesignSafe RC columns combined,Ridge,RandomKFold,0,289,Pandey,41.61,47.70005567473402
DesignSafe RC columns combined,Ridge,RandomKFold,0,302,Soesianawati et al.,59.47,58.481175518284324
DesignSafe RC columns combined,Ridge,RandomKFold,0,316,Tanaka and Park,138.64,137.95021930557232
DesignSafe RC columns combined,Ridge,RandomKFold,0,320,Ohno and Nishioka,27.21,38.94316139035876
DesignSafe RC columns combined,Ridge,RandomKFold,0,321,Ohno and Nishioka,24.44,38.94316139035876
DesignSafe RC columns combined,Ridge,RandomKFold,0,322,Ohno and Nishioka,24.76,38.94316139035876
DesignSafe RC columns combined,Ridge,RandomKFold,0,331,Mugurma et al.,54.88,58.15815883363394
DesignSafe RC columns combined,Ridge,RandomKFold,0,332,Mugurma et al.,54.43,57.041912553177056
DesignSafe RC columns combined,Ridge,RandomKFold,0,333,Mugurma et al.,55.45,67.8701944735398
DesignSafe RC columns combined,Ridge,RandomKFold,0,342,Sakai et al.,91.18,79.75514491028977
DesignSafe RC columns combined,Ridge,RandomKFold,0,351,Atalay and Penzein,17.73,12.891368409635469
DesignSafe RC columns combined,Ridge,RandomKFold,0,354,Atalay and Penzein,17.64,6.186572433349362
DesignSafe RC columns combined,Ridge,RandomKFold,0,360,Saatcioglu and Ozcebe,77.06,72.54471526573505
DesignSafe RC columns combined,Ridge,RandomKFold,0,369,Galeota et al. ,24.8,12.37277519491596
DesignSafe RC columns combined,Ridge,RandomKFold,0,383,Galeota et al. ,38.91,64.6754898327383
DesignSafe RC columns combined,Ridge,RandomKFold,0,384,Galeota et al. ,38.3,70.6685745537244
DesignSafe RC columns combined,Ridge,RandomKFold,0,386,Wehbe et al.,82.82,77.8960998087675
DesignSafe RC columns combined,Ridge,RandomKFold,0,405,Bayrak and Sheikh,44.19,70.31463956962351
DesignSafe RC columns combined,Ridge,RandomKFold,0,406,Bayrak and Sheikh,38.65,62.517196855350996
DesignSafe RC columns combined,Ridge,RandomKFold,0,407,Bayrak and Sheikh,40.01,74.87415726235719
DesignSafe RC columns combined,Ridge,RandomKFold,0,417,Saatcioglu and Giria,53.5,68.22078510708633
DesignSafe RC columns combined,Ridge,RandomKFold,0,424,Matamoros et al.,13.3,10.695590353454655
DesignSafe RC columns combined,Ridge,RandomKFold,0,428,Matamoros et al.,19.0,18.001701165349225
DesignSafe RC columns combined,Ridge,RandomKFold,0,432,Mo and Wang,68.63,73.98104869462543
DesignSafe RC columns combined,Ridge,RandomKFold,0,436,Mo and Wang,56.75,67.89595273355124
DesignSafe RC columns combined,Ridge,RandomKFold,0,437,Mo and Wang,63.5,70.63992828459035
DesignSafe RC columns combined,Ridge,RandomKFold,0,440,Aboutaha and Machado,87.31,79.53424993824487
DesignSafe RC columns combined,Ridge,RandomKFold,0,447,Thomsen and Wallace,8.99,12.207924965459014
DesignSafe RC columns combined,Ridge,RandomKFold,0,448,Thomsen and Wallace,11.51,14.992538918230522
DesignSafe RC columns combined,Ridge,RandomKFold,0,452,Thomsen and Wallace,12.06,13.47145693868795
DesignSafe RC columns combined,Ridge,RandomKFold,0,461,Paultre et al.,44.56,58.632837668335085
DesignSafe RC columns combined,Ridge,RandomKFold,0,467,Pujol,26.08,38.02481436873346
DesignSafe RC columns combined,Ridge,RandomKFold,0,475,Pujol,26.03,34.375182863172896
DesignSafe RC columns combined,Ridge,RandomKFold,0,480,Kono et al.,42.28,49.08114057588751
DesignSafe RC columns combined,Ridge,RandomKFold,0,482,Kono et al.,300.95,234.01616327968654
DesignSafe RC columns combined,Ridge,RandomKFold,0,483,Kono et al.,270.06,194.26083092834952
DesignSafe RC columns combined,Ridge,RandomKFold,0,487,Takemura and Kawashima,35.31,55.43017406923194
DesignSafe RC columns combined,Ridge,RandomKFold,0,488,Takemura and Kawashima,35.85,55.65215235526682
DesignSafe RC columns combined,Ridge,RandomKFold,0,490,Harries,42.7,24.814028164517183
DesignSafe RC columns combined,Ridge,RandomKFold,0,491,Melek,45.6,34.553156943384444
DesignSafe RC columns combined,Ridge,RandomKFold,0,492,Melek,52.5,40.79898641142296
DesignSafe RC columns combined,Ridge,RandomKFold,0,495,Melek,60.1,46.2366516900583
DesignSafe RC columns combined,Ridge,RandomKFold,1,3,Ang_Beng_Ghee,83.68,81.21216213437334
DesignSafe RC columns combined,Ridge,RandomKFold,1,5,Ang_Beng_Ghee,98.34,86.55026741338835
DesignSafe RC columns combined,Ridge,RandomKFold,1,7,Ang_Beng_Ghee,60.8,73.18255843505781
DesignSafe RC columns combined,Ridge,RandomKFold,1,16,Arakawa,53.6,56.19296059892359
DesignSafe RC columns combined,Ridge,RandomKFold,1,17,Arakawa,62.74,58.12192337412593
DesignSafe RC columns combined,Ridge,RandomKFold,1,22,Arakawa,45.24,49.12550121386619
DesignSafe RC columns combined,Ridge,RandomKFold,1,23,Arakawa,39.58,49.49655599170558
DesignSafe RC columns combined,Ridge,RandomKFold,1,24,Arakawa,51.88,48.47151301743743
DesignSafe RC columns combined,Ridge,RandomKFold,1,25,McDaniel,91.15,124.22587356174972
DesignSafe RC columns combined,Ridge,RandomKFold,1,26,McDaniel,74.7,124.43887067495567
DesignSafe RC columns combined,Ridge,RandomKFold,1,29,Xiao,192.07,151.09264615796795
DesignSafe RC columns combined,Ridge,RandomKFold,1,31,Omar,17.84,7.954681308650294
DesignSafe RC columns combined,Ridge,RandomKFold,1,37,Ang_Beng_Ghee,62.09,67.7957904664849
DesignSafe RC columns combined,Ridge,RandomKFold,1,42,Ang_Beng_Ghee,118.44,92.98231929000514
DesignSafe RC columns combined,Ridge,RandomKFold,1,45,Ang_Beng_Ghee,51.78,62.32586101952957
DesignSafe RC columns combined,Ridge,RandomKFold,1,46,Ang_Beng_Ghee,73.12,73.86511082455661
DesignSafe RC columns combined,Ridge,RandomKFold,1,56,Arakawa,40.38,43.370267611195075
DesignSafe RC columns combined,Ridge,RandomKFold,1,57,Arakawa,47.7,75.13300660974966
DesignSafe RC columns combined,Ridge,RandomKFold,1,60,Vu,63.66,108.20526508755975
DesignSafe RC columns combined,Ridge,RandomKFold,1,66,Chai,124.2,151.3068099759978
DesignSafe RC columns combined,Ridge,RandomKFold,1,67,Iwasaki,91.37,103.39066851515483
DesignSafe RC columns combined,Ridge,RandomKFold,1,83,Potangaroa,210.65,231.89835035642196
DesignSafe RC columns combined,Ridge,RandomKFold,1,92,Petrovski,8.31,-29.290828023803357
DesignSafe RC columns combined,Ridge,RandomKFold,1,94,Lim,9.3,14.0313295526921
DesignSafe RC columns combined,Ridge,RandomKFold,1,108,Arakawa,47.71,51.199924411450226
DesignSafe RC columns combined,Ridge,RandomKFold,1,109,Arakawa,34.67,41.81870864423744
DesignSafe RC columns combined,Ridge,RandomKFold,1,110,Arakawa,39.15,44.61454800405327
DesignSafe RC columns combined,Ridge,RandomKFold,1,113,Kunnath,16.97,11.279275684212493
DesignSafe RC columns combined,Ridge,RandomKFold,1,114,Kunnath,20.86,11.279275684212493
DesignSafe RC columns combined,Ridge,RandomKFold,1,116,Kunnath,17.75,11.470973086097835
DesignSafe RC columns combined,Ridge,RandomKFold,1,118,Kunnath,16.86,11.49227279741843
DesignSafe RC columns combined,Ridge,RandomKFold,1,141,Saatcioglu et al.,15.35,-5.517787103919638
DesignSafe RC columns combined,Ridge,RandomKFold,1,144,Saatcioglu et al.,17.63,-2.31823498260178
DesignSafe RC columns combined,Ridge,RandomKFold,1,145,Saatcioglu et al.,16.6,5.518240512844201
DesignSafe RC columns combined,Ridge,RandomKFold,1,148,Nelson et al.,69.32,91.5577454564503
DesignSafe RC columns combined,Ridge,RandomKFold,1,152,Henry,74.19,119.22883971055884
DesignSafe RC columns combined,Ridge,RandomKFold,1,154,Chai,55.74,70.89798069037136
DesignSafe RC columns combined,Ridge,RandomKFold,1,157,Roeder,30.69,35.03127974173701
DesignSafe RC columns combined,Ridge,RandomKFold,1,165,Kowalsky_Moyer,43.08,42.18597980355612
DesignSafe RC columns combined,Ridge,RandomKFold,1,168,Hamilton,15.81,31.84077618756338
DesignSafe RC columns combined,Ridge,RandomKFold,1,172,Nagasaka,19.67,10.359049287627904
DesignSafe RC columns combined,Ridge,RandomKFold,1,176,Zhou,25.84,15.74279189159148
DesignSafe RC columns combined,Ridge,RandomKFold,1,180,Umehara,59.16,66.76745846874185
DesignSafe RC columns combined,Ridge,RandomKFold,1,181,Bett,48.02,50.34312725419227
DesignSafe RC columns combined,Ridge,RandomKFold,1,185,Iwasaki,95.71,83.41906413979503
DesignSafe RC columns combined,Ridge,RandomKFold,1,193,Yoshimura,58.67,63.23698384478158
DesignSafe RC columns combined,Ridge,RandomKFold,1,199,Ousalem,55.03,55.129744437097614
DesignSafe RC columns combined,Ridge,RandomKFold,1,204,Nakamura et al.,61.03,61.28812761834978
DesignSafe RC columns combined,Ridge,RandomKFold,1,208,Wight,17.81,13.461910773792333
DesignSafe RC columns combined,Ridge,RandomKFold,1,211,Nagasaka,25.32,14.272866877462633
DesignSafe RC columns combined,Ridge,RandomKFold,1,220,Ono,30.73,23.934923804016144
DesignSafe RC columns combined,Ridge,RandomKFold,1,225,Wight,22.14,20.15323189459607
DesignSafe RC columns combined,Ridge,RandomKFold,1,227,Wight,23.58,15.63283178932808
DesignSafe RC columns combined,Ridge,RandomKFold,1,229,Wight,20.97,14.768954694237102
DesignSafe RC columns combined,Ridge,RandomKFold,1,234,Wight,27.08,22.770853951616836
DesignSafe RC columns combined,Ridge,RandomKFold,1,255,Ikeda,15.92,7.515380087278906
DesignSafe RC columns combined,Ridge,RandomKFold,1,262,Umemura & Endo ,24.0,6.15828812143905
DesignSafe RC columns combined,Ridge,RandomKFold,1,274,Elwood,18.14,17.74529692351556
DesignSafe RC columns combined,Ridge,RandomKFold,1,275,Elwood,19.92,19.944152512917533
DesignSafe RC columns combined,Ridge,RandomKFold,1,277,Saatcioglu,61.66,63.84666843196427
DesignSafe RC columns combined,Ridge,RandomKFold,1,280,Esaki,26.77,21.26822538251635
DesignSafe RC columns combined,Ridge,RandomKFold,1,291,Yoshimura,46.29,57.017798682772145
DesignSafe RC columns combined,Ridge,RandomKFold,1,294,Gill et al.,182.41,156.015118532596
DesignSafe RC columns combined,Ridge,RandomKFold,1,311,Tanaka and Park,37.71,57.369475788758876
DesignSafe RC columns combined,Ridge,RandomKFold,1,312,Tanaka and Park,39.41,57.369475788758876
DesignSafe RC columns combined,Ridge,RandomKFold,1,317,Tanaka and Park,139.08,141.83901533340662
DesignSafe RC columns combined,Ridge,RandomKFold,1,323,Zhou,16.23,9.469810022654066
DesignSafe RC columns combined,Ridge,RandomKFold,1,325,Kanda et al.,17.99,26.587065741154795
DesignSafe RC columns combined,Ridge,RandomKFold,1,334,Mugurma et al.,57.25,34.19836698486207
DesignSafe RC columns combined,Ridge,RandomKFold,1,340,Sakai et al.,96.29,58.92984245219289
DesignSafe RC columns combined,Ridge,RandomKFold,1,346,Atalay and Penzein,13.76,-3.370039074395642
DesignSafe RC columns combined,Ridge,RandomKFold,1,355,Azizinamini et al.,104.93,103.67335399801905
DesignSafe RC columns combined,Ridge,RandomKFold,1,356,Azizinamini et al. ,109.99,119.76966429703857
DesignSafe RC columns combined,Ridge,RandomKFold,1,367,Galeota et al. ,28.86,13.3437454127682
DesignSafe RC columns combined,Ridge,RandomKFold,1,371,Galeota et al. ,28.43,20.456200648154415
DesignSafe RC columns combined,Ridge,RandomKFold,1,373,Galeota et al. ,30.3,20.456200648154415
DesignSafe RC columns combined,Ridge,RandomKFold,1,375,Galeota et al. ,37.12,53.95286079885096
DesignSafe RC columns combined,Ridge,RandomKFold,1,377,Galeota et al. ,46.03,46.94412568731589
DesignSafe RC columns combined,Ridge,RandomKFold,1,388,Wehbe et al.,85.41,81.59097174380355
DesignSafe RC columns combined,Ridge,RandomKFold,1,392,Xiao and Martirossyan,61.92,50.92420258373619
DesignSafe RC columns combined,Ridge,RandomKFold,1,398,Sugano,83.18,76.61979609244716
DesignSafe RC columns combined,Ridge,RandomKFold,1,402,Bayrak and Sheikh,33.23,52.12984653635186
DesignSafe RC columns combined,Ridge,RandomKFold,1,403,Bayrak and Sheikh,33.19,51.6906516017943
DesignSafe RC columns combined,Ridge,RandomKFold,1,404,Bayrak and Sheikh,44.83,63.208778271891134
DesignSafe RC columns combined,Ridge,RandomKFold,1,408,Saatcioglu and Giria,43.76,46.56828401108689
DesignSafe RC columns combined,Ridge,RandomKFold,1,412,Saatcioglu and Giria,53.35,68.00806318581968
DesignSafe RC columns combined,Ridge,RandomKFold,1,415,Saatcioglu and Giria,44.62,53.063510516494
DesignSafe RC columns combined,Ridge,RandomKFold,1,421,Matamoros et al.,21.2,11.959636042481868
DesignSafe RC columns combined,Ridge,RandomKFold,1,433,Mo and Wang,55.76,71.02523271321604
DesignSafe RC columns combined,Ridge,RandomKFold,1,434,Mo and Wang,64.21,74.03794184908554
DesignSafe RC columns combined,Ridge,RandomKFold,1,441,Aboutaha and Machado,95.36,86.45089929993301
DesignSafe RC columns combined,Ridge,RandomKFold,1,442,Thomsen and Wallace,10.44,-1.987404153462215
DesignSafe RC columns combined,Ridge,RandomKFold,1,446,Thomsen and Wallace,14.66,2.362188406361774
DesignSafe RC columns combined,Ridge,RandomKFold,1,449,Thomsen and Wallace,12.98,15.807740662731433
DesignSafe RC columns combined,Ridge,RandomKFold,1,450,Thomsen and Wallace,12.82,15.13092835995515
DesignSafe RC columns combined,Ridge,RandomKFold,1,463,Paultre et al.,45.31,85.53601489112418
DesignSafe RC columns combined,Ridge,RandomKFold,1,465,Pujol,25.52,33.21807499993825
DesignSafe RC columns combined,Ridge,RandomKFold,1,469,Pujol,25.52,34.68716526906893
DesignSafe RC columns combined,Ridge,RandomKFold,1,476,Pujol,26.03,36.40714563539317
DesignSafe RC columns combined,Ridge,RandomKFold,1,484,Takemura and Kawashima,34.12,53.74307431238772
DesignSafe RC columns combined,Ridge,RandomKFold,2,6,Ang_Beng_Ghee,109.4,83.70589641138281
DesignSafe RC columns combined,Ridge,RandomKFold,2,10,Arakawa,45.82,55.10318619601389
DesignSafe RC columns combined,Ridge,RandomKFold,2,36,Ang_Beng_Ghee,49.61,67.97561972060012
DesignSafe RC columns combined,Ridge,RandomKFold,2,38,Ang_Beng_Ghee,74.39,71.06767728577879
DesignSafe RC columns combined,Ridge,RandomKFold,2,59,Priestley,132.04,118.44736934399756
DesignSafe RC columns combined,Ridge,RandomKFold,2,74,Davey,34.57,63.13665881102275
DesignSafe RC columns combined,Ridge,RandomKFold,2,81,Potangaroa,175.54,169.07532498727403
DesignSafe RC columns combined,Ridge,RandomKFold,2,89,Wong et al.,103.69,80.7786583233405
DesignSafe RC columns combined,Ridge,RandomKFold,2,96,Cheok et al.,290.76,259.1694572316132
DesignSafe RC columns combined,Ridge,RandomKFold,2,97,Cheok et al.,737.79,377.254541583535
DesignSafe RC columns combined,Ridge,RandomKFold,2,103,Stone,6.67,-12.634162628066335
DesignSafe RC columns combined,Ridge,RandomKFold,2,111,Kunnath,16.63,14.311881913456752
DesignSafe RC columns combined,Ridge,RandomKFold,2,112,Kunnath,16.93,14.311881913456752
DesignSafe RC columns combined,Ridge,RandomKFold,2,119,Kunnath,16.69,14.240633294803423
DesignSafe RC columns combined,Ridge,RandomKFold,2,122,Hose et al.,81.75,73.82043243282212
DesignSafe RC columns combined,Ridge,RandomKFold,2,123,Vu et al.,139.38,112.40478234872835
DesignSafe RC columns combined,Ridge,RandomKFold,2,125,Vu et al.,249.3,135.52439936637583
DesignSafe RC columns combined,Ridge,RandomKFold,2,129,Lehman et al,64.07,88.80746663133672
DesignSafe RC columns combined,Ridge,RandomKFold,2,139,Sritharan et al.,103.48,99.14611361122256
DesignSafe RC columns combined,Ridge,RandomKFold,2,143,Saatcioglu et al.,19.16,14.1877518182661
DesignSafe RC columns combined,Ridge,RandomKFold,2,146,Saatcioglu et al.,18.28,21.165550714385667
DesignSafe RC columns combined,Ridge,RandomKFold,2,147,Saatcioglu et al.,21.58,9.450193151700653
DesignSafe RC columns combined,Ridge,RandomKFold,2,150,Nelson et al.,61.89,79.5520564362491
DesignSafe RC columns combined,Ridge,RandomKFold,2,158,Roeder,38.28,51.90172343993994
DesignSafe RC columns combined,Ridge,RandomKFold,2,163,Kowalsky_Moyer,34.86,41.28700961911713
DesignSafe RC columns combined,Ridge,RandomKFold,2,167,Coffman,23.9,0.4549084192371282
DesignSafe RC columns combined,Ridge,RandomKFold,2,177,Arakawa,29.35,29.34758309123969
DesignSafe RC columns combined,Ridge,RandomKFold,2,179,Umehara,72.53,83.96911634048845
DesignSafe RC columns combined,Ridge,RandomKFold,2,183,Aboutaha,144.49,155.2072929733146
DesignSafe RC columns combined,Ridge,RandomKFold,2,184,Iwasaki,88.33,84.04470797964473
DesignSafe RC columns combined,Ridge,RandomKFold,2,194,Ousalem,36.19,49.95514103846404
DesignSafe RC columns combined,Ridge,RandomKFold,2,196,Ousalem,52.85,54.303902612151525
DesignSafe RC columns combined,Ridge,RandomKFold,2,198,Ousalem,73.53,63.367235595694474
DesignSafe RC columns combined,Ridge,RandomKFold,2,202,Ousalem,66.47,63.52594847131017
DesignSafe RC columns combined,Ridge,RandomKFold,2,210,Pandey,41.99,43.92490979106522
DesignSafe RC columns combined,Ridge,RandomKFold,2,219,Ono,29.27,25.16327726343871
DesignSafe RC columns combined,Ridge,RandomKFold,2,222,Wight,22.2,19.214414263768766
DesignSafe RC columns combined,Ridge,RandomKFold,2,223,Wight,22.77,19.214414263768766
DesignSafe RC columns combined,Ridge,RandomKFold,2,228,Wight,19.76,18.411127195428364
DesignSafe RC columns combined,Ridge,RandomKFold,2,238,Lynn,68.79,70.50673965885886
DesignSafe RC columns combined,Ridge,RandomKFold,2,239,Lynn,52.5,56.380805927729064
DesignSafe RC columns combined,Ridge,RandomKFold,2,244,Sezen ,80.73,103.11284709031351
DesignSafe RC columns combined,Ridge,RandomKFold,2,246,Iwasaki,28.8,42.98948291610047
DesignSafe RC columns combined,Ridge,RandomKFold,2,249,Iwasaki,34.91,38.08722410550499
DesignSafe RC columns combined,Ridge,RandomKFold,2,250,Iwasaki,36.65,38.08836770106926
DesignSafe RC columns combined,Ridge,RandomKFold,2,253,Iwasaki,88.65,91.91004959564242
DesignSafe RC columns combined,Ridge,RandomKFold,2,272,Kokusho & Fukuhara,24.31,26.709670768938697
DesignSafe RC columns combined,Ridge,RandomKFold,2,281,Esaki,24.59,25.395551842777685
DesignSafe RC columns combined,Ridge,RandomKFold,2,284,Lynn,59.8,64.89159817517451
DesignSafe RC columns combined,Ridge,RandomKFold,2,286,Yoshimura,47.59,47.52507512150917
DesignSafe RC columns combined,Ridge,RandomKFold,2,290,Pandey,28.15,30.05324993627582
DesignSafe RC columns combined,Ridge,RandomKFold,2,296,Gill et al.,156.58,165.26311764711886
DesignSafe RC columns combined,Ridge,RandomKFold,2,297,Ang et al.,43.17,56.194039333645016
DesignSafe RC columns combined,Ridge,RandomKFold,2,298,Ang et al.,38.04,49.67107849639078
DesignSafe RC columns combined,Ridge,RandomKFold,2,299,Soesianawati et al.,44.87,53.83744251128788
DesignSafe RC columns combined,Ridge,RandomKFold,2,301,Soesianawati et al.,62.27,73.27392638620529
DesignSafe RC columns combined,Ridge,RandomKFold,2,304,Zahn ,60.44,78.64202385432957
DesignSafe RC columns combined,Ridge,RandomKFold,2,305,Watson and Park,65.65,90.1737829253749
DesignSafe RC columns combined,Ridge,RandomKFold,2,307,Watson and Park,66.44,106.19719337600347
DesignSafe RC columns combined,Ridge,RandomKFold,2,314,Tanaka and Park,86.69,99.71988007198986
DesignSafe RC columns combined,Ridge,RandomKFold,2,318,Park and Paulay,88.81,92.7573701047616
DesignSafe RC columns combined,Ridge,RandomKFold,2,329,Kanda et al.,17.42,25.376266156195634
DesignSafe RC columns combined,Ridge,RandomKFold,2,335,Mugurma et al.,57.45,49.94523382035968
DesignSafe RC columns combined,Ridge,RandomKFold,2,338,Sakai et al.,92.71,74.38695633610178
DesignSafe RC columns combined,Ridge,RandomKFold,2,349,Atalay and Penzein,17.23,7.705087164986573
DesignSafe RC columns combined,Ridge,RandomKFold,2,352,Atalay and Penzein,17.53,7.259082678358801
DesignSafe RC columns combined,Ridge,RandomKFold,2,353,Atalay and Penzein,18.46,10.015370235126717
DesignSafe RC columns combined,Ridge,RandomKFold,2,358,Saatcioglu and Ozcebe,60.92,67.9387294694526
DesignSafe RC columns combined,Ridge,RandomKFold,2,362,Galeota et al. ,29.26,15.45879660155358
DesignSafe RC columns combined,Ridge,RandomKFold,2,364,Galeota et al. ,22.09,8.448403575205617
DesignSafe RC columns combined,Ridge,RandomKFold,2,365,Galeota et al. ,30.93,8.448403575205617
DesignSafe RC columns combined,Ridge,RandomKFold,2,374,Galeota et al. ,39.41,45.28104173543464
DesignSafe RC columns combined,Ridge,RandomKFold,2,378,Galeota et al. ,36.33,48.26248465454701
DesignSafe RC columns combined,Ridge,RandomKFold,2,380,Galeota et al. ,39.34,55.272877680894965
DesignSafe RC columns combined,Ridge,RandomKFold,2,382,Galeota et al. ,38.56,49.83177611601865
DesignSafe RC columns combined,Ridge,RandomKFold,2,390,Xiao and Martirossyan,72.86,56.82986248164199
DesignSafe RC columns combined,Ridge,RandomKFold,2,391,Xiao and Martirossyan,85.05,63.68337127995664
DesignSafe RC columns combined,Ridge,RandomKFold,2,393,Xiao and Martirossyan,71.68,56.21758888440823
DesignSafe RC columns combined,Ridge,RandomKFold,2,394,Sugano,75.14,96.0911664059888
DesignSafe RC columns combined,Ridge,RandomKFold,2,395,Sugano,82.05,95.29810785404618
DesignSafe RC columns combined,Ridge,RandomKFold,2,397,Sugano,82.67,74.0103901315554
DesignSafe RC columns combined,Ridge,RandomKFold,2,399,Nosho et al,14.78,-25.0995724463179
DesignSafe RC columns combined,Ridge,RandomKFold,2,414,Saatcioglu and Giria,48.44,62.348470430014366
DesignSafe RC columns combined,Ridge,RandomKFold,2,416,Saatcioglu and Giria,49.31,65.21944775198293
DesignSafe RC columns combined,Ridge,RandomKFold,2,418,Matamoros et al.,15.8,5.100070983570852
DesignSafe RC columns combined,Ridge,RandomKFold,2,420,Matamoros et al.,21.5,11.442185477837185
DesignSafe RC columns combined,Ridge,RandomKFold,2,426,Matamoros et al.,16.3,7.105762939995877
DesignSafe RC columns combined,Ridge,RandomKFold,2,429,Matamoros et al.,19.0,14.970695042757306
DesignSafe RC columns combined,Ridge,RandomKFold,2,439,Aboutaha and Machado,58.03,58.69718876011393
DesignSafe RC columns combined,Ridge,RandomKFold,2,444,Thomsen and Wallace,9.13,4.295137997627492
DesignSafe RC columns combined,Ridge,RandomKFold,2,462,Paultre et al.,45.34,62.07213118608801
DesignSafe RC columns combined,Ridge,RandomKFold,2,464,Paultre et al.,47.32,79.17533205761174
DesignSafe RC columns combined,Ridge,RandomKFold,2,471,Pujol,25.65,36.49606533005161
DesignSafe RC columns combined,Ridge,RandomKFold,2,472,Pujol,25.65,36.49606533005161
DesignSafe RC columns combined,Ridge,RandomKFold,2,474,Pujol,29.38,37.35930609088294
DesignSafe RC columns combined,Ridge,RandomKFold,2,478,Pujol,26.47,36.602463890168465
DesignSafe RC columns combined,Ridge,RandomKFold,2,481,Kono et al.,278.53,244.68936709222174
DesignSafe RC columns combined,Ridge,RandomKFold,2,486,Takemura and Kawashima,34.42,56.747793146715864
DesignSafe RC columns combined,Ridge,RandomKFold,2,494,Melek,60.6,52.140342433827826
DesignSafe RC columns combined,Ridge,RandomKFold,3,4,Ang_Beng_Ghee,113.49,79.9713481779662
DesignSafe RC columns combined,Ridge,RandomKFold,3,8,Ang_Beng_Ghee,64.03,57.72216428488325
DesignSafe RC columns combined,Ridge,RandomKFold,3,12,Arakawa,50.65,51.964794666344716
DesignSafe RC columns combined,Ridge,RandomKFold,3,14,Arakawa,51.26,63.72421692774325
DesignSafe RC columns combined,Ridge,RandomKFold,3,27,McDaniel,74.7,124.4837980213176
DesignSafe RC columns combined,Ridge,RandomKFold,3,28,Hussein,102.1,144.18255373607482
DesignSafe RC columns combined,Ridge,RandomKFold,3,32,Omar,17.34,0.31257224501936065
DesignSafe RC columns combined,Ridge,RandomKFold,3,35,Ang_Beng_Ghee,72.25,74.02095976051798
DesignSafe RC columns combined,Ridge,RandomKFold,3,40,Ang_Beng_Ghee,101.39,79.35106568801788
DesignSafe RC columns combined,Ridge,RandomKFold,3,41,Ang_Beng_Ghee,91.52,85.42716274431332
DesignSafe RC columns combined,Ridge,RandomKFold,3,44,Ang_Beng_Ghee,71.12,74.13063800465429
DesignSafe RC columns combined,Ridge,RandomKFold,3,47,Ang_Beng_Ghee,74.75,64.37372411872857
DesignSafe RC columns combined,Ridge,RandomKFold,3,51,Petrovski,20.9,18.11619503416965
DesignSafe RC columns combined,Ridge,RandomKFold,3,61,Vu,221.45,137.59742095802133
DesignSafe RC columns combined,Ridge,RandomKFold,3,62,Vu,89.52,103.36944588007734
DesignSafe RC columns combined,Ridge,RandomKFold,3,64,Hamilton,36.96,48.22460593990181
DesignSafe RC columns combined,Ridge,RandomKFold,3,65,Hamilton,39.24,57.12060759300712
DesignSafe RC columns combined,Ridge,RandomKFold,3,85,Zahn et al.,32.0,38.371207913882124
DesignSafe RC columns combined,Ridge,RandomKFold,3,95,Lim,9.67,9.715216871969481
DesignSafe RC columns combined,Ridge,RandomKFold,3,98,Stone,14.41,9.007175127930104
DesignSafe RC columns combined,Ridge,RandomKFold,3,100,Stone,7.17,-21.62691531948368
DesignSafe RC columns combined,Ridge,RandomKFold,3,107,Arakawa,39.77,46.283119051017465
DesignSafe RC columns combined,Ridge,RandomKFold,3,115,Kunnath,17.26,9.481578464579684
DesignSafe RC columns combined,Ridge,RandomKFold,3,120,Kunnath,16.3,9.106749729681844
DesignSafe RC columns combined,Ridge,RandomKFold,3,127,Kowalsky ,39.28,23.390415157499902
DesignSafe RC columns combined,Ridge,RandomKFold,3,128,Kowalsky ,44.38,21.295438322751693
DesignSafe RC columns combined,Ridge,RandomKFold,3,133,Lehman et al,107.9,106.80643675302056
DesignSafe RC columns combined,Ridge,RandomKFold,3,135,Calderone et al.,45.63,32.548446302448845
DesignSafe RC columns combined,Ridge,RandomKFold,3,136,Calderone et al.,42.8,-12.270881658442015
DesignSafe RC columns combined,Ridge,RandomKFold,3,138,Sritharan et al.,96.79,115.67009430802955
DesignSafe RC columns combined,Ridge,RandomKFold,3,142,Saatcioglu et al.,18.38,17.657855911290604
DesignSafe RC columns combined,Ridge,RandomKFold,3,156,Roeder,27.21,34.961056455560595
DesignSafe RC columns combined,Ridge,RandomKFold,3,159,Roeder,41.29,49.68199042149016
DesignSafe RC columns combined,Ridge,RandomKFold,3,162,Roeder,44.59,49.68199042149016
DesignSafe RC columns combined,Ridge,RandomKFold,3,164,Kowalsky_Moyer,35.8,36.27308146307328
DesignSafe RC columns combined,Ridge,RandomKFold,3,170,Hamilton,23.83,29.65614639633482
DesignSafe RC columns combined,Ridge,RandomKFold,3,171,Chai,48.5,69.25684583851745
DesignSafe RC columns combined,Ridge,RandomKFold,3,178,Arakawa,30.11,20.943444351235577
DesignSafe RC columns combined,Ridge,RandomKFold,3,186,Verma,141.1,104.42485388542397
DesignSafe RC columns combined,Ridge,RandomKFold,3,197,Ousalem,48.67,51.90628131126951
DesignSafe RC columns combined,Ridge,RandomKFold,3,200,Ousalem,56.4,54.46082029539647
DesignSafe RC columns combined,Ridge,RandomKFold,3,206,Nakamura et al.,65.62,64.21282605541515
DesignSafe RC columns combined,Ridge,RandomKFold,3,207,Yoshimura,88.08,91.16685502919748
DesignSafe RC columns combined,Ridge,RandomKFold,3,213,Ohue,24.86,19.12997947371936
DesignSafe RC columns combined,Ridge,RandomKFold,3,215,Zhou,15.22,10.456338223759445
DesignSafe RC columns combined,Ridge,RandomKFold,3,216,Zhou,15.15,11.757360938161526
DesignSafe RC columns combined,Ridge,RandomKFold,3,221,Amitsu,115.47,93.42954681696682
DesignSafe RC columns combined,Ridge,RandomKFold,3,224,Wight,23.51,19.356013345678676
DesignSafe RC columns combined,Ridge,RandomKFold,3,226,Wight,21.18,15.60687066130798
DesignSafe RC columns combined,Ridge,RandomKFold,3,230,Wight,22.11,17.033663338408587
DesignSafe RC columns combined,Ridge,RandomKFold,3,232,Wight,22.34,22.03002216555135
DesignSafe RC columns combined,Ridge,RandomKFold,3,233,Wight,26.92,21.850661247538035
DesignSafe RC columns combined,Ridge,RandomKFold,3,236,Wight,27.21,17.73905107497245
DesignSafe RC columns combined,Ridge,RandomKFold,3,240,Lynn,82.5,94.08557697621858
DesignSafe RC columns combined,Ridge,RandomKFold,3,242,Xiao,72.86,54.60753906310623
DesignSafe RC columns combined,Ridge,RandomKFold,3,254,Ikeda,16.8,6.416160906253026
DesignSafe RC columns combined,Ridge,RandomKFold,3,256,Ikeda,18.8,7.404605718608629
DesignSafe RC columns combined,Ridge,RandomKFold,3,258,Ikeda,13.02,2.9120179165011066
DesignSafe RC columns combined,Ridge,RandomKFold,3,260,Ikeda,15.8,3.9004627288567093
DesignSafe RC columns combined,Ridge,RandomKFold,3,267,Umemura & Endo ,15.34,4.1592342940583364
DesignSafe RC columns combined,Ridge,RandomKFold,3,279,Esaki,24.54,20.64220923136793
DesignSafe RC columns combined,Ridge,RandomKFold,3,282,Lynn,73.73,79.04792505250694
DesignSafe RC columns combined,Ridge,RandomKFold,3,283,Lynn,80.03,94.20899670319241
DesignSafe RC columns combined,Ridge,RandomKFold,3,285,Yoshimura,48.94,50.723098506479445
DesignSafe RC columns combined,Ridge,RandomKFold,3,288,Yarandi,128.5,117.1382413308234
DesignSafe RC columns combined,Ridge,RandomKFold,3,292,Yoshimura,45.21,55.75921114041589
DesignSafe RC columns combined,Ridge,RandomKFold,3,300,Soesianawati et al.,62.78,66.99892988345218
DesignSafe RC columns combined,Ridge,RandomKFold,3,310,Tanaka and Park,37.56,55.11869152347725
DesignSafe RC columns combined,Ridge,RandomKFold,3,324,Kanda et al.,18.41,23.114723811285273
DesignSafe RC columns combined,Ridge,RandomKFold,3,326,Kanda et al.,18.41,26.52630512536382
DesignSafe RC columns combined,Ridge,RandomKFold,3,327,Kanda et al.,19.01,22.86050291127271
DesignSafe RC columns combined,Ridge,RandomKFold,3,336,Mugurma et al.,64.89,49.63662807377167
DesignSafe RC columns combined,Ridge,RandomKFold,3,337,Mugurma et al.,64.76,60.58790689959862
DesignSafe RC columns combined,Ridge,RandomKFold,3,341,Sakai et al.,91.09,81.92058795563139
DesignSafe RC columns combined,Ridge,RandomKFold,3,347,Atalay and Penzein,13.09,3.3259647291686463
DesignSafe RC columns combined,Ridge,RandomKFold,3,357,Saatcioglu and Ozcebe,62.09,54.70957729519879
DesignSafe RC columns combined,Ridge,RandomKFold,3,361,Saatcioglu and Ozcebe,76.84,70.96442798400679
DesignSafe RC columns combined,Ridge,RandomKFold,3,368,Galeota et al. ,29.47,16.515241822456986
DesignSafe RC columns combined,Ridge,RandomKFold,3,370,Galeota et al. ,22.71,15.721458120635695
DesignSafe RC columns combined,Ridge,RandomKFold,3,376,Galeota et al. ,38.91,53.38872052372594
DesignSafe RC columns combined,Ridge,RandomKFold,3,379,Galeota et al. ,43.86,51.82314443779948
DesignSafe RC columns combined,Ridge,RandomKFold,3,381,Galeota et al. ,38.33,58.67225410085248
DesignSafe RC columns combined,Ridge,RandomKFold,3,396,Sugano,91.89,98.0684567835661
DesignSafe RC columns combined,Ridge,RandomKFold,3,400,Bayrak and Sheikh,33.11,49.02562906665816
DesignSafe RC columns combined,Ridge,RandomKFold,3,409,Saatcioglu and Giria,42.96,52.90753464132902
DesignSafe RC columns combined,Ridge,RandomKFold,3,410,Saatcioglu and Giria,36.93,39.92163756004078
DesignSafe RC columns combined,Ridge,RandomKFold,3,411,Saatcioglu and Giria,46.47,55.92981033387147
DesignSafe RC columns combined,Ridge,RandomKFold,3,422,Matamoros et al.,24.2,14.988009085267556
DesignSafe RC columns combined,Ridge,RandomKFold,3,423,Matamoros et al.,23.3,13.853337830354228
DesignSafe RC columns combined,Ridge,RandomKFold,3,425,Matamoros et al.,13.11,7.875176183176791
DesignSafe RC columns combined,Ridge,RandomKFold,3,427,Matamoros et al.,16.3,11.018753254287397
DesignSafe RC columns combined,Ridge,RandomKFold,3,430,Mo and Wang,56.2,67.57151247510735
DesignSafe RC columns combined,Ridge,RandomKFold,3,431,Mo and Wang,60.15,70.66037671051146
DesignSafe RC columns combined,Ridge,RandomKFold,3,451,Thomsen and Wallace,14.11,14.19256790452809
DesignSafe RC columns combined,Ridge,RandomKFold,3,456,Paultre & Legeron,25.16,12.270778676236283
DesignSafe RC columns combined,Ridge,RandomKFold,3,457,Paultre & Legeron,37.71,28.530085179381288
DesignSafe RC columns combined,Ridge,RandomKFold,3,460,Paultre et al.,47.86,61.75151486270216
DesignSafe RC columns combined,Ridge,RandomKFold,3,468,Pujol,26.08,37.090479936591684
DesignSafe RC columns combined,Ridge,RandomKFold,3,473,Pujol,29.38,35.145071793640696
DesignSafe RC columns combined,Ridge,RandomKFold,4,1,Ang_Beng_Ghee,88.04,82.81857689003988
DesignSafe RC columns combined,Ridge,RandomKFold,4,13,Arakawa,48.53,54.07871701364364
DesignSafe RC columns combined,Ridge,RandomKFold,4,20,Arakawa,38.47,45.6450739634157
DesignSafe RC columns combined,Ridge,RandomKFold,4,21,Arakawa,52.61,52.405654815617346
DesignSafe RC columns combined,Ridge,RandomKFold,4,34,Potangaroa,165.0,198.7153881461199
DesignSafe RC columns combined,Ridge,RandomKFold,4,43,Ang_Beng_Ghee,98.99,85.67337825005312
DesignSafe RC columns combined,Ridge,RandomKFold,4,48,Ang_Beng_Ghee,76.54,69.04779139692727
DesignSafe RC columns combined,Ridge,RandomKFold,4,49,Wong,109.99,103.85952168094605
DesignSafe RC columns combined,Ridge,RandomKFold,4,50,Petrovski,19.32,10.727754425263576
DesignSafe RC columns combined,Ridge,RandomKFold,4,52,Kenchiku_Kenkyu_Siryo,41.32,16.315540344342416
DesignSafe RC columns combined,Ridge,RandomKFold,4,53,Kenchiku_Kenkyu_Siryo,41.59,19.758124852855033
DesignSafe RC columns combined,Ridge,RandomKFold,4,54,Kenchiku_Kenkyu_Siryo,23.52,14.050263824130809
DesignSafe RC columns combined,Ridge,RandomKFold,4,58,Priestley,94.05,141.5973139011278
DesignSafe RC columns combined,Ridge,RandomKFold,4,71,Ranf,59.99,85.41003160192524
DesignSafe RC columns combined,Ridge,RandomKFold,4,80,Potangaroa,154.47,159.89955432188523
DesignSafe RC columns combined,Ridge,RandomKFold,4,87,Watson_Park,47.72,70.59863229306286
DesignSafe RC columns combined,Ridge,RandomKFold,4,88,Watson_Park,46.41,87.89683636885843
DesignSafe RC columns combined,Ridge,RandomKFold,4,91,Petrovski,7.55,-32.21657936723632
DesignSafe RC columns combined,Ridge,RandomKFold,4,99,Stone,16.51,12.169585491123797
DesignSafe RC columns combined,Ridge,RandomKFold,4,102,Stone,17.21,12.112195724269704
DesignSafe RC columns combined,Ridge,RandomKFold,4,105,Kenchiku Siryo,23.08,5.181686175261262
DesignSafe RC columns combined,Ridge,RandomKFold,4,106,Kenchiku Siryo,33.25,23.514361342300052
DesignSafe RC columns combined,Ridge,RandomKFold,4,121,Kunnath,16.25,11.582005749250143
DesignSafe RC columns combined,Ridge,RandomKFold,4,130,Lehman et al,33.94,22.651296704247983
DesignSafe RC columns combined,Ridge,RandomKFold,4,134,Calderone et al.,124.76,148.74115596378454
DesignSafe RC columns combined,Ridge,RandomKFold,4,149,Nelson et al.,65.95,88.75391669617662
DesignSafe RC columns combined,Ridge,RandomKFold,4,151,Nelson et al.,59.64,87.37695363036096
DesignSafe RC columns combined,Ridge,RandomKFold,4,160,Roeder,40.83,51.165388010522484
DesignSafe RC columns combined,Ridge,RandomKFold,4,161,Roeder,39.92,51.165388010522484
DesignSafe RC columns combined,Ridge,RandomKFold,4,166,Kowalsky_Moyer,35.32,40.196888372472586
DesignSafe RC columns combined,Ridge,RandomKFold,4,169,Hamilton,16.96,30.79788037187427
DesignSafe RC columns combined,Ridge,RandomKFold,4,174,Zhou,18.64,12.755035866092825
DesignSafe RC columns combined,Ridge,RandomKFold,4,187,Pandey,30.56,18.894796859138964
DesignSafe RC columns combined,Ridge,RandomKFold,4,188,Yoshimura,21.74,10.637251299720589
DesignSafe RC columns combined,Ridge,RandomKFold,4,189,Yoshimura,21.52,8.593657286381173
DesignSafe RC columns combined,Ridge,RandomKFold,4,190,Yoshimura,36.91,61.24499115538331
DesignSafe RC columns combined,Ridge,RandomKFold,4,191,Yoshimura,53.28,59.04835842852266
DesignSafe RC columns combined,Ridge,RandomKFold,4,201,Ousalem,59.77,66.4752184719097
DesignSafe RC columns combined,Ridge,RandomKFold,4,205,Nakamura et al.,59.12,63.344302845825304
DesignSafe RC columns combined,Ridge,RandomKFold,4,212,Ohue,22.79,11.067851792509586
DesignSafe RC columns combined,Ridge,RandomKFold,4,214,Zhou,8.26,-38.31783260093309
DesignSafe RC columns combined,Ridge,RandomKFold,4,217,Zhou,12.71,4.5801158037717755
DesignSafe RC columns combined,Ridge,RandomKFold,4,235,Wight,27.24,17.332945998565535
DesignSafe RC columns combined,Ridge,RandomKFold,4,241,Xiao,60.68,48.00541798107351
DesignSafe RC columns combined,Ridge,RandomKFold,4,243,Sezen ,70.76,82.97513763144848
DesignSafe RC columns combined,Ridge,RandomKFold,4,251,Iwasaki,53.57,55.37051744947551
DesignSafe RC columns combined,Ridge,RandomKFold,4,252,Iwasaki,51.71,55.295591673817086
DesignSafe RC columns combined,Ridge,RandomKFold,4,257,Ikeda,18.14,12.741233400167502
DesignSafe RC columns combined,Ridge,RandomKFold,4,259,Ikeda,15.92,-0.5388355670125122
DesignSafe RC columns combined,Ridge,RandomKFold,4,263,Umemura & Endo ,18.67,-11.533491994419308
DesignSafe RC columns combined,Ridge,RandomKFold,4,264,Umemura & Endo ,17.93,1.2131065212530245
DesignSafe RC columns combined,Ridge,RandomKFold,4,269,Kokusho,16.93,-1.7085222336252173
DesignSafe RC columns combined,Ridge,RandomKFold,4,270,Kokusho,19.75,5.085097183025326
DesignSafe RC columns combined,Ridge,RandomKFold,4,273,Yalcin,132.7,116.50631537705502
DesignSafe RC columns combined,Ridge,RandomKFold,4,276,Verma,127.9,131.14931131122134
DesignSafe RC columns combined,Ridge,RandomKFold,4,293,Gill et al.,156.5,145.46662050823184
DesignSafe RC columns combined,Ridge,RandomKFold,4,295,Gill et al.,150.71,159.73911605047493
DesignSafe RC columns combined,Ridge,RandomKFold,4,303,Zahn ,47.95,53.04457576557945
DesignSafe RC columns combined,Ridge,RandomKFold,4,306,Watson and Park,66.32,86.6830399743645
DesignSafe RC columns combined,Ridge,RandomKFold,4,308,Watson and Park,66.4,106.57378343723406
DesignSafe RC columns combined,Ridge,RandomKFold,4,309,Watson and Park,69.58,111.35450548773538
DesignSafe RC columns combined,Ridge,RandomKFold,4,313,Tanaka and Park,38.31,56.82430986126097
DesignSafe RC columns combined,Ridge,RandomKFold,4,315,Tanaka and Park,91.99,113.87575614389807
DesignSafe RC columns combined,Ridge,RandomKFold,4,319,Arakawa,36.08,27.9284356065499
DesignSafe RC columns combined,Ridge,RandomKFold,4,328,Kanda et al.,18.34,25.113518190280548
DesignSafe RC columns combined,Ridge,RandomKFold,4,330,Mugurma et al.,54.53,34.23164311381842
DesignSafe RC columns combined,Ridge,RandomKFold,4,339,Sakai et al.,92.99,73.69535136776169
DesignSafe RC columns combined,Ridge,RandomKFold,4,343,Sakai et al.,94.43,73.2074127362356
DesignSafe RC columns combined,Ridge,RandomKFold,4,344,Sakai et al.,91.06,67.19493593691043
DesignSafe RC columns combined,Ridge,RandomKFold,4,345,Atalay and Penzein,13.87,0.893063186798372
DesignSafe RC columns combined,Ridge,RandomKFold,4,348,Atalay and Penzein,16.01,-2.5025695667252847
DesignSafe RC columns combined,Ridge,RandomKFold,4,350,Atalay and Penzein,16.84,1.9411698244992976
DesignSafe RC columns combined,Ridge,RandomKFold,4,359,Saatcioglu and Ozcebe,73.26,76.10332546735842
DesignSafe RC columns combined,Ridge,RandomKFold,4,363,Galeota et al. ,27.68,6.768388509375569
DesignSafe RC columns combined,Ridge,RandomKFold,4,366,Galeota et al. ,31.75,5.499400997708989
DesignSafe RC columns combined,Ridge,RandomKFold,4,372,Galeota et al. ,29.59,12.228753162109655
DesignSafe RC columns combined,Ridge,RandomKFold,4,385,Galeota et al. ,39.76,67.49624996769195
DesignSafe RC columns combined,Ridge,RandomKFold,4,387,Wehbe et al.,89.98,96.69150474141514
DesignSafe RC columns combined,Ridge,RandomKFold,4,389,Wehbe et al.,96.87,99.78632422387815
DesignSafe RC columns combined,Ridge,RandomKFold,4,401,Bayrak and Sheikh,33.56,40.20824060343206
DesignSafe RC columns combined,Ridge,RandomKFold,4,413,Saatcioglu and Giria,49.78,62.80252109827773
DesignSafe RC columns combined,Ridge,RandomKFold,4,419,Matamoros et al.,15.3,8.40480394602291
DesignSafe RC columns combined,Ridge,RandomKFold,4,435,Mo and Wang,69.65,77.26873163840061
DesignSafe RC columns combined,Ridge,RandomKFold,4,438,Mo and Wang,68.05,77.00441847917095
DesignSafe RC columns combined,Ridge,RandomKFold,4,443,Thomsen and Wallace,16.45,4.422078804333523
DesignSafe RC columns combined,Ridge,RandomKFold,4,445,Thomsen and Wallace,12.55,-1.2445244505397284
DesignSafe RC columns combined,Ridge,RandomKFold,4,453,Paultre & Legeron,27.65,16.307674979306597
DesignSafe RC columns combined,Ridge,RandomKFold,4,454,Paultre & Legeron,35.92,33.26370128491466
DesignSafe RC columns combined,Ridge,RandomKFold,4,455,Paultre & Legeron,43.84,52.57998615525298
DesignSafe RC columns combined,Ridge,RandomKFold,4,458,Paultre & Legeron,41.59,43.12807442359703
DesignSafe RC columns combined,Ridge,RandomKFold,4,459,Paultre et al.,38.04,43.30870620486081
DesignSafe RC columns combined,Ridge,RandomKFold,4,466,Pujol,25.52,33.321971555048066
DesignSafe RC columns combined,Ridge,RandomKFold,4,470,Pujol,25.52,33.60424528827389
DesignSafe RC columns combined,Ridge,RandomKFold,4,477,Pujol,26.47,35.67842034905118
DesignSafe RC columns combined,Ridge,RandomKFold,4,479,Kono et al.,45.19,41.20312474522935
DesignSafe RC columns combined,Ridge,RandomKFold,4,485,Takemura and Kawashima,33.26,53.75994498734019
DesignSafe RC columns combined,Ridge,RandomKFold,4,489,Takemura and Kawashima,38.35,53.74968118245548
DesignSafe RC columns combined,Ridge,RandomKFold,4,493,Melek,64.1,46.77831877442611
DesignSafe RC columns combined,Ridge,RandomKFold,4,496,Melek,76.6,57.88889625258418
DesignSafe RC columns combined,Ridge,GroupKFold,0,9,Arakawa,39.65,45.5007691501187
DesignSafe RC columns combined,Ridge,GroupKFold,0,10,Arakawa,45.82,50.407988397150035
DesignSafe RC columns combined,Ridge,GroupKFold,0,11,Arakawa,44.01,49.20324096039208
DesignSafe RC columns combined,Ridge,GroupKFold,0,12,Arakawa,50.65,54.006552571644335
DesignSafe RC columns combined,Ridge,GroupKFold,0,13,Arakawa,48.53,55.510821805836045
DesignSafe RC columns combined,Ridge,GroupKFold,0,14,Arakawa,51.26,64.37323989288714
DesignSafe RC columns combined,Ridge,GroupKFold,0,15,Arakawa,43.15,52.737414037233606
DesignSafe RC columns combined,Ridge,GroupKFold,0,16,Arakawa,53.6,57.73389894144415
DesignSafe RC columns combined,Ridge,GroupKFold,0,17,Arakawa,62.74,59.040585485004264
DesignSafe RC columns combined,Ridge,GroupKFold,0,18,Arakawa,55.43,51.94047244096126
DesignSafe RC columns combined,Ridge,GroupKFold,0,19,Arakawa,41.92,46.92496778666975
DesignSafe RC columns combined,Ridge,GroupKFold,0,20,Arakawa,38.47,46.25212629933732
DesignSafe RC columns combined,Ridge,GroupKFold,0,21,Arakawa,52.61,55.46049248488194
DesignSafe RC columns combined,Ridge,GroupKFold,0,22,Arakawa,45.24,50.38046123365361
DesignSafe RC columns combined,Ridge,GroupKFold,0,23,Arakawa,39.58,50.21004182185185
DesignSafe RC columns combined,Ridge,GroupKFold,0,24,Arakawa,51.88,51.14221493177026
DesignSafe RC columns combined,Ridge,GroupKFold,0,25,McDaniel,91.15,134.9455147817079
DesignSafe RC columns combined,Ridge,GroupKFold,0,26,McDaniel,74.7,134.6491407457605
DesignSafe RC columns combined,Ridge,GroupKFold,0,27,McDaniel,74.7,134.41867838944682
DesignSafe RC columns combined,Ridge,GroupKFold,0,31,Omar,17.84,13.803652169913093
DesignSafe RC columns combined,Ridge,GroupKFold,0,32,Omar,17.34,5.975824196547386
DesignSafe RC columns combined,Ridge,GroupKFold,0,55,Arakawa,57.15,43.85750832196075
DesignSafe RC columns combined,Ridge,GroupKFold,0,56,Arakawa,40.38,43.40015027771832
DesignSafe RC columns combined,Ridge,GroupKFold,0,57,Arakawa,47.7,76.8793718633162
DesignSafe RC columns combined,Ridge,GroupKFold,0,68,Ranf,48.31,89.41738682514593
DesignSafe RC columns combined,Ridge,GroupKFold,0,69,Ranf,59.87,96.68788367819359
DesignSafe RC columns combined,Ridge,GroupKFold,0,70,Ranf,62.06,96.96594236379374
DesignSafe RC columns combined,Ridge,GroupKFold,0,71,Ranf,59.99,95.39916840248286
DesignSafe RC columns combined,Ridge,GroupKFold,0,75,Munro ,31.1,40.807811904014265
DesignSafe RC columns combined,Ridge,GroupKFold,0,87,Watson_Park,47.72,74.4309517724351
DesignSafe RC columns combined,Ridge,GroupKFold,0,88,Watson_Park,46.41,90.01488875003972
DesignSafe RC columns combined,Ridge,GroupKFold,0,107,Arakawa,39.77,46.98475488656975
DesignSafe RC columns combined,Ridge,GroupKFold,0,108,Arakawa,47.71,50.390852660895725
DesignSafe RC columns combined,Ridge,GroupKFold,0,109,Arakawa,34.67,41.87501939891811
DesignSafe RC columns combined,Ridge,GroupKFold,0,110,Arakawa,39.15,45.454178750744234
DesignSafe RC columns combined,Ridge,GroupKFold,0,111,Kunnath,16.63,12.402552228476111
DesignSafe RC columns combined,Ridge,GroupKFold,0,112,Kunnath,16.93,12.402552228476111
DesignSafe RC columns combined,Ridge,GroupKFold,0,113,Kunnath,16.97,13.33508252003542
DesignSafe RC columns combined,Ridge,GroupKFold,0,114,Kunnath,20.86,13.33508252003542
DesignSafe RC columns combined,Ridge,GroupKFold,0,115,Kunnath,17.26,13.33508252003542
DesignSafe RC columns combined,Ridge,GroupKFold,0,116,Kunnath,17.75,13.068345887682746
DesignSafe RC columns combined,Ridge,GroupKFold,0,117,Kunnath,16.42,13.068345887682746
DesignSafe RC columns combined,Ridge,GroupKFold,0,118,Kunnath,16.86,13.038708484087998
DesignSafe RC columns combined,Ridge,GroupKFold,0,119,Kunnath,16.69,12.269007189102282
DesignSafe RC columns combined,Ridge,GroupKFold,0,120,Kunnath,16.3,12.269007189102282
DesignSafe RC columns combined,Ridge,GroupKFold,0,121,Kunnath,16.25,12.269007189102282
DesignSafe RC columns combined,Ridge,GroupKFold,0,126,Kowalsky ,42.04,21.396687017883302
DesignSafe RC columns combined,Ridge,GroupKFold,0,127,Kowalsky ,39.28,24.110331729929676
DesignSafe RC columns combined,Ridge,GroupKFold,0,128,Kowalsky ,44.38,22.796832593248816
DesignSafe RC columns combined,Ridge,GroupKFold,0,134,Calderone et al.,124.76,148.48575605197803
DesignSafe RC columns combined,Ridge,GroupKFold,0,135,Calderone et al.,45.63,30.023942933861
DesignSafe RC columns combined,Ridge,GroupKFold,0,136,Calderone et al.,42.8,-17.360782313385776
DesignSafe RC columns combined,Ridge,GroupKFold,0,148,Nelson et al.,69.32,101.56708319524938
DesignSafe RC columns combined,Ridge,GroupKFold,0,149,Nelson et al.,65.95,98.71925348540358
DesignSafe RC columns combined,Ridge,GroupKFold,0,150,Nelson et al.,61.89,97.35280665081356
DesignSafe RC columns combined,Ridge,GroupKFold,0,151,Nelson et al.,59.64,96.99204151721338
DesignSafe RC columns combined,Ridge,GroupKFold,0,155,Roeder,26.59,39.92612152742329
DesignSafe RC columns combined,Ridge,GroupKFold,0,156,Roeder,27.21,40.1237042180549
DesignSafe RC columns combined,Ridge,GroupKFold,0,157,Roeder,30.69,40.70747802902359
DesignSafe RC columns combined,Ridge,GroupKFold,0,158,Roeder,38.28,54.37066455574078
DesignSafe RC columns combined,Ridge,GroupKFold,0,159,Roeder,41.29,56.88915028258334
DesignSafe RC columns combined,Ridge,GroupKFold,0,160,Roeder,40.83,57.47317940271298
DesignSafe RC columns combined,Ridge,GroupKFold,0,161,Roeder,39.92,57.47317940271298
DesignSafe RC columns combined,Ridge,GroupKFold,0,162,Roeder,44.59,56.88915028258334
DesignSafe RC columns combined,Ridge,GroupKFold,0,173,Imai,105.95,114.42155154144618
DesignSafe RC columns combined,Ridge,GroupKFold,0,177,Arakawa,29.35,16.534301409895242
DesignSafe RC columns combined,Ridge,GroupKFold,0,178,Arakawa,30.11,22.15689271931978
DesignSafe RC columns combined,Ridge,GroupKFold,0,181,Bett,48.02,51.93671051881506
DesignSafe RC columns combined,Ridge,GroupKFold,0,212,Ohue,22.79,12.957609622578737
DesignSafe RC columns combined,Ridge,GroupKFold,0,213,Ohue,24.86,17.976253734660382
DesignSafe RC columns combined,Ridge,GroupKFold,0,243,Sezen ,70.76,81.48597001628293
DesignSafe RC columns combined,Ridge,GroupKFold,0,244,Sezen ,80.73,110.83341217218322
DesignSafe RC columns combined,Ridge,GroupKFold,0,245,Sezen ,66.22,81.555123958004
DesignSafe RC columns combined,Ridge,GroupKFold,0,277,Saatcioglu,61.66,62.15151247909527
DesignSafe RC columns combined,Ridge,GroupKFold,0,319,Arakawa,36.08,31.108046950989248
DesignSafe RC columns combined,Ridge,GroupKFold,0,330,Mugurma et al.,54.53,34.6463448204784
DesignSafe RC columns combined,Ridge,GroupKFold,0,331,Mugurma et al.,54.88,47.360040284538044
DesignSafe RC columns combined,Ridge,GroupKFold,0,332,Mugurma et al.,54.43,51.51312496344868
DesignSafe RC columns combined,Ridge,GroupKFold,0,333,Mugurma et al.,55.45,59.185333324123675
DesignSafe RC columns combined,Ridge,GroupKFold,0,334,Mugurma et al.,57.25,39.12905912965492
DesignSafe RC columns combined,Ridge,GroupKFold,0,335,Mugurma et al.,57.45,46.801267490329906
DesignSafe RC columns combined,Ridge,GroupKFold,0,336,Mugurma et al.,64.89,50.543727484693264
DesignSafe RC columns combined,Ridge,GroupKFold,0,337,Mugurma et al.,64.76,58.21593584536826
DesignSafe RC columns combined,Ridge,GroupKFold,0,357,Saatcioglu and Ozcebe,62.09,54.8689736392156
DesignSafe RC columns combined,Ridge,GroupKFold,0,358,Saatcioglu and Ozcebe,60.92,71.95856719981674
DesignSafe RC columns combined,Ridge,GroupKFold,0,359,Saatcioglu and Ozcebe,73.26,72.83674450388278
DesignSafe RC columns combined,Ridge,GroupKFold,0,360,Saatcioglu and Ozcebe,77.06,72.63416311269191
DesignSafe RC columns combined,Ridge,GroupKFold,0,361,Saatcioglu and Ozcebe,76.84,70.36903342894773
DesignSafe RC columns combined,Ridge,GroupKFold,0,459,Paultre et al.,38.04,50.40734772099701
DesignSafe RC columns combined,Ridge,GroupKFold,0,460,Paultre et al.,47.86,70.62847382806399
DesignSafe RC columns combined,Ridge,GroupKFold,0,461,Paultre et al.,44.56,65.71273762300945
DesignSafe RC columns combined,Ridge,GroupKFold,0,462,Paultre et al.,45.34,65.44629371634699
DesignSafe RC columns combined,Ridge,GroupKFold,0,463,Paultre et al.,45.31,87.52148403996281
DesignSafe RC columns combined,Ridge,GroupKFold,0,464,Paultre et al.,47.32,84.70996032641452
DesignSafe RC columns combined,Ridge,GroupKFold,0,484,Takemura and Kawashima,34.12,57.93575468377987
DesignSafe RC columns combined,Ridge,GroupKFold,0,485,Takemura and Kawashima,33.26,57.91599641471671
DesignSafe RC columns combined,Ridge,GroupKFold,0,486,Takemura and Kawashima,34.42,57.777688531274585
DesignSafe RC columns combined,Ridge,GroupKFold,0,487,Takemura and Kawashima,35.31,57.6690180514272
DesignSafe RC columns combined,Ridge,GroupKFold,0,488,Takemura and Kawashima,35.85,58.02466689456409
DesignSafe RC columns combined,Ridge,GroupKFold,0,489,Takemura and Kawashima,38.35,57.93575468377987
DesignSafe RC columns combined,Ridge,GroupKFold,1,28,Hussein,102.1,143.03748502056965
DesignSafe RC columns combined,Ridge,GroupKFold,1,49,Wong,109.99,102.02431208024328
DesignSafe RC columns combined,Ridge,GroupKFold,1,50,Petrovski,19.32,6.10608448283741
DesignSafe RC columns combined,Ridge,GroupKFold,1,51,Petrovski,20.9,7.056050014806388
DesignSafe RC columns combined,Ridge,GroupKFold,1,58,Priestley,94.05,135.3605697694233
DesignSafe RC columns combined,Ridge,GroupKFold,1,59,Priestley,132.04,137.53223388242043
DesignSafe RC columns combined,Ridge,GroupKFold,1,84,Ang et al.,88.3,85.14217140666852
DesignSafe RC columns combined,Ridge,GroupKFold,1,91,Petrovski,7.55,-37.69914079535309
DesignSafe RC columns combined,Ridge,GroupKFold,1,92,Petrovski,8.31,-36.7063123965321
DesignSafe RC columns combined,Ridge,GroupKFold,1,93,Lim,4.28,-2.0933001630031427
DesignSafe RC columns combined,Ridge,GroupKFold,1,94,Lim,9.3,21.90037113588358
DesignSafe RC columns combined,Ridge,GroupKFold,1,95,Lim,9.67,20.762192667421616
DesignSafe RC columns combined,Ridge,GroupKFold,1,98,Stone,14.41,4.536213735032142
DesignSafe RC columns combined,Ridge,GroupKFold,1,99,Stone,16.51,4.223337099822068
DesignSafe RC columns combined,Ridge,GroupKFold,1,100,Stone,7.17,-25.34179394016664
DesignSafe RC columns combined,Ridge,GroupKFold,1,101,Stone,14.1,4.529391456186097
DesignSafe RC columns combined,Ridge,GroupKFold,1,102,Stone,17.21,4.400350497408525
DesignSafe RC columns combined,Ridge,GroupKFold,1,103,Stone,6.67,-26.169867434298197
DesignSafe RC columns combined,Ridge,GroupKFold,1,137,Sritharan et al.,97.48,116.89261714639193
DesignSafe RC columns combined,Ridge,GroupKFold,1,138,Sritharan et al.,96.79,117.02414868500476
DesignSafe RC columns combined,Ridge,GroupKFold,1,139,Sritharan et al.,103.48,120.38328255851522
DesignSafe RC columns combined,Ridge,GroupKFold,1,172,Nagasaka,19.67,0.37456514033180355
DesignSafe RC columns combined,Ridge,GroupKFold,1,174,Zhou,18.64,-2.895433620932643
DesignSafe RC columns combined,Ridge,GroupKFold,1,175,Zhou,20.53,-2.895433620932643
DesignSafe RC columns combined,Ridge,GroupKFold,1,176,Zhou,25.84,-2.0258516194922223
DesignSafe RC columns combined,Ridge,GroupKFold,1,186,Verma,141.1,111.5814364841165
DesignSafe RC columns combined,Ridge,GroupKFold,1,204,Nakamura et al.,61.03,59.99205663425549
DesignSafe RC columns combined,Ridge,GroupKFold,1,205,Nakamura et al.,59.12,61.60155873761465
DesignSafe RC columns combined,Ridge,GroupKFold,1,206,Nakamura et al.,65.62,61.60155873761465
DesignSafe RC columns combined,Ridge,GroupKFold,1,211,Nagasaka,25.32,1.6960802082380866
DesignSafe RC columns combined,Ridge,GroupKFold,1,214,Zhou,8.26,-54.41771179950594
DesignSafe RC columns combined,Ridge,GroupKFold,1,215,Zhou,15.22,-7.513839267205718
DesignSafe RC columns combined,Ridge,GroupKFold,1,216,Zhou,15.15,-7.819687616156536
DesignSafe RC columns combined,Ridge,GroupKFold,1,217,Zhou,12.71,-9.286410602215355
DesignSafe RC columns combined,Ridge,GroupKFold,1,218,Zhou,12.34,-9.286410602215355
DesignSafe RC columns combined,Ridge,GroupKFold,1,221,Amitsu,115.47,88.37797640866754
DesignSafe RC columns combined,Ridge,GroupKFold,1,254,Ikeda,16.8,1.6985360700781555
DesignSafe RC columns combined,Ridge,GroupKFold,1,255,Ikeda,15.92,1.6985360700781555
DesignSafe RC columns combined,Ridge,GroupKFold,1,256,Ikeda,18.8,0.916167604879071
DesignSafe RC columns combined,Ridge,GroupKFold,1,257,Ikeda,18.14,11.044500917268827
DesignSafe RC columns combined,Ridge,GroupKFold,1,258,Ikeda,13.02,-4.773806356056376
DesignSafe RC columns combined,Ridge,GroupKFold,1,259,Ikeda,15.92,-5.556174821255475
DesignSafe RC columns combined,Ridge,GroupKFold,1,260,Ikeda,15.8,-5.556174821255475
DesignSafe RC columns combined,Ridge,GroupKFold,1,261,Umemura & Endo ,15.75,-9.42585461284034
DesignSafe RC columns combined,Ridge,GroupKFold,1,262,Umemura & Endo ,24.0,-1.4641279544408619
DesignSafe RC columns combined,Ridge,GroupKFold,1,263,Umemura & Endo ,18.67,-23.830509357980887
DesignSafe RC columns combined,Ridge,GroupKFold,1,264,Umemura & Endo ,17.93,-5.8748701241395835
DesignSafe RC columns combined,Ridge,GroupKFold,1,265,Umemura & Endo ,11.3,-15.462350883688217
DesignSafe RC columns combined,Ridge,GroupKFold,1,266,Umemura & Endo ,13.2,-16.037508479652004
DesignSafe RC columns combined,Ridge,GroupKFold,1,267,Umemura & Endo ,15.34,-10.00210775449915
DesignSafe RC columns combined,Ridge,GroupKFold,1,268,Umemura & Endo ,15.62,-10.391837808966343
DesignSafe RC columns combined,Ridge,GroupKFold,1,276,Verma,127.9,131.12311950436663
DesignSafe RC columns combined,Ridge,GroupKFold,1,297,Ang et al.,43.17,50.34095244479729
DesignSafe RC columns combined,Ridge,GroupKFold,1,298,Ang et al.,38.04,43.15597305334284
DesignSafe RC columns combined,Ridge,GroupKFold,1,323,Zhou,16.23,-7.513839267205718
DesignSafe RC columns combined,Ridge,GroupKFold,1,362,Galeota et al. ,29.26,1.8606168278571857
DesignSafe RC columns combined,Ridge,GroupKFold,1,363,Galeota et al. ,27.68,1.8606168278571857
DesignSafe RC columns combined,Ridge,GroupKFold,1,364,Galeota et al. ,22.09,-4.129113659818053
DesignSafe RC columns combined,Ridge,GroupKFold,1,365,Galeota et al. ,30.93,-4.129113659818053
DesignSafe RC columns combined,Ridge,GroupKFold,1,366,Galeota et al. ,31.75,1.8798277076259637
DesignSafe RC columns combined,Ridge,GroupKFold,1,367,Galeota et al. ,28.86,7.869558195301202
DesignSafe RC columns combined,Ridge,GroupKFold,1,368,Galeota et al. ,29.47,7.869558195301202
DesignSafe RC columns combined,Ridge,GroupKFold,1,369,Galeota et al. ,24.8,1.8798277076259637
DesignSafe RC columns combined,Ridge,GroupKFold,1,370,Galeota et al. ,22.71,8.97262912110677
DesignSafe RC columns combined,Ridge,GroupKFold,1,371,Galeota et al. ,28.43,14.962359608782002
DesignSafe RC columns combined,Ridge,GroupKFold,1,372,Galeota et al. ,29.59,8.97262912110677
DesignSafe RC columns combined,Ridge,GroupKFold,1,373,Galeota et al. ,30.3,14.962359608782002
DesignSafe RC columns combined,Ridge,GroupKFold,1,374,Galeota et al. ,39.41,64.99342384201107
DesignSafe RC columns combined,Ridge,GroupKFold,1,375,Galeota et al. ,37.12,70.98315432968631
DesignSafe RC columns combined,Ridge,GroupKFold,1,376,Galeota et al. ,38.91,70.98315432968631
DesignSafe RC columns combined,Ridge,GroupKFold,1,377,Galeota et al. ,46.03,64.99342384201107
DesignSafe RC columns combined,Ridge,GroupKFold,1,378,Galeota et al. ,36.33,71.00236520945509
DesignSafe RC columns combined,Ridge,GroupKFold,1,379,Galeota et al. ,43.86,71.00236520945509
DesignSafe RC columns combined,Ridge,GroupKFold,1,380,Galeota et al. ,39.34,76.99209569713034
DesignSafe RC columns combined,Ridge,GroupKFold,1,381,Galeota et al. ,38.33,76.99209569713034
DesignSafe RC columns combined,Ridge,GroupKFold,1,382,Galeota et al. ,38.56,78.09516662293589
DesignSafe RC columns combined,Ridge,GroupKFold,1,383,Galeota et al. ,38.91,78.09516662293589
DesignSafe RC columns combined,Ridge,GroupKFold,1,384,Galeota et al. ,38.3,84.08489711061114
DesignSafe RC columns combined,Ridge,GroupKFold,1,385,Galeota et al. ,39.76,84.08489711061114
DesignSafe RC columns combined,Ridge,GroupKFold,1,390,Xiao and Martirossyan,72.86,69.0541615816719
DesignSafe RC columns combined,Ridge,GroupKFold,1,391,Xiao and Martirossyan,85.05,74.8830940254049
DesignSafe RC columns combined,Ridge,GroupKFold,1,392,Xiao and Martirossyan,61.92,52.8175112991909
DesignSafe RC columns combined,Ridge,GroupKFold,1,393,Xiao and Martirossyan,71.68,59.5582576492404
DesignSafe RC columns combined,Ridge,GroupKFold,1,394,Sugano,75.14,87.06132064351144
DesignSafe RC columns combined,Ridge,GroupKFold,1,395,Sugano,82.05,88.44887813101951
DesignSafe RC columns combined,Ridge,GroupKFold,1,396,Sugano,91.89,90.21121821892471
DesignSafe RC columns combined,Ridge,GroupKFold,1,397,Sugano,82.67,69.6189721470829
DesignSafe RC columns combined,Ridge,GroupKFold,1,398,Sugano,83.18,71.3813122349881
DesignSafe RC columns combined,Ridge,GroupKFold,1,399,Nosho et al,14.78,-51.27800838609387
DesignSafe RC columns combined,Ridge,GroupKFold,1,442,Thomsen and Wallace,10.44,0.6574372296888598
DesignSafe RC columns combined,Ridge,GroupKFold,1,443,Thomsen and Wallace,16.45,3.385958889249636
DesignSafe RC columns combined,Ridge,GroupKFold,1,444,Thomsen and Wallace,9.13,-1.6055810258275542
DesignSafe RC columns combined,Ridge,GroupKFold,1,445,Thomsen and Wallace,12.55,-0.44509515628966057
DesignSafe RC columns combined,Ridge,GroupKFold,1,446,Thomsen and Wallace,14.66,0.9665243955896798
DesignSafe RC columns combined,Ridge,GroupKFold,1,447,Thomsen and Wallace,8.99,11.92181373973034
DesignSafe RC columns combined,Ridge,GroupKFold,1,448,Thomsen and Wallace,11.51,12.498899376160011
DesignSafe RC columns combined,Ridge,GroupKFold,1,449,Thomsen and Wallace,12.98,13.613155155035848
DesignSafe RC columns combined,Ridge,GroupKFold,1,450,Thomsen and Wallace,12.82,12.341761990232136
DesignSafe RC columns combined,Ridge,GroupKFold,1,451,Thomsen and Wallace,14.11,12.057085592795069
DesignSafe RC columns combined,Ridge,GroupKFold,1,452,Thomsen and Wallace,12.06,10.408526958194251
DesignSafe RC columns combined,Ridge,GroupKFold,2,0,Ang_Beng_Ghee,65.01,62.94784790941051
DesignSafe RC columns combined,Ridge,GroupKFold,2,1,Ang_Beng_Ghee,88.04,81.02807303093971
DesignSafe RC columns combined,Ridge,GroupKFold,2,2,Ang_Beng_Ghee,63.09,73.16977482098613
DesignSafe RC columns combined,Ridge,GroupKFold,2,3,Ang_Beng_Ghee,83.68,78.78123341057005
DesignSafe RC columns combined,Ridge,GroupKFold,2,4,Ang_Beng_Ghee,113.49,78.89607192026173
DesignSafe RC columns combined,Ridge,GroupKFold,2,5,Ang_Beng_Ghee,98.34,83.71691071076472
DesignSafe RC columns combined,Ridge,GroupKFold,2,6,Ang_Beng_Ghee,109.4,85.27421965119512
DesignSafe RC columns combined,Ridge,GroupKFold,2,7,Ang_Beng_Ghee,60.8,71.30289704282337
DesignSafe RC columns combined,Ridge,GroupKFold,2,8,Ang_Beng_Ghee,64.03,57.00460296753013
DesignSafe RC columns combined,Ridge,GroupKFold,2,33,Yarandi,95.23,115.07431538529337
DesignSafe RC columns combined,Ridge,GroupKFold,2,34,Potangaroa,165.0,193.31358541525626
DesignSafe RC columns combined,Ridge,GroupKFold,2,35,Ang_Beng_Ghee,72.25,73.19160751830823
DesignSafe RC columns combined,Ridge,GroupKFold,2,36,Ang_Beng_Ghee,49.61,71.35761420479345
DesignSafe RC columns combined,Ridge,GroupKFold,2,37,Ang_Beng_Ghee,62.09,66.21544333781063
DesignSafe RC columns combined,Ridge,GroupKFold,2,38,Ang_Beng_Ghee,74.39,76.28373513409075
DesignSafe RC columns combined,Ridge,GroupKFold,2,39,Ang_Beng_Ghee,104.54,88.3140307869472
DesignSafe RC columns combined,Ridge,GroupKFold,2,40,Ang_Beng_Ghee,101.39,78.71529503299311
DesignSafe RC columns combined,Ridge,GroupKFold,2,41,Ang_Beng_Ghee,91.52,84.67464477228141
DesignSafe RC columns combined,Ridge,GroupKFold,2,42,Ang_Beng_Ghee,118.44,90.64844608547263
DesignSafe RC columns combined,Ridge,GroupKFold,2,43,Ang_Beng_Ghee,98.99,82.91075300146852
DesignSafe RC columns combined,Ridge,GroupKFold,2,44,Ang_Beng_Ghee,71.12,73.69646786465526
DesignSafe RC columns combined,Ridge,GroupKFold,2,45,Ang_Beng_Ghee,51.78,62.054749479132624
DesignSafe RC columns combined,Ridge,GroupKFold,2,46,Ang_Beng_Ghee,73.12,71.72074540330554
DesignSafe RC columns combined,Ridge,GroupKFold,2,47,Ang_Beng_Ghee,74.75,64.21136527503714
DesignSafe RC columns combined,Ridge,GroupKFold,2,48,Ang_Beng_Ghee,76.54,68.53288647861983
DesignSafe RC columns combined,Ridge,GroupKFold,2,63,Hamilton,32.21,50.158023822775725
DesignSafe RC columns combined,Ridge,GroupKFold,2,64,Hamilton,36.96,50.158023822775725
DesignSafe RC columns combined,Ridge,GroupKFold,2,65,Hamilton,39.24,59.46210021933222
DesignSafe RC columns combined,Ridge,GroupKFold,2,72,Davey,44.01,71.49724395588103
DesignSafe RC columns combined,Ridge,GroupKFold,2,73,Davey,77.04,71.31535029920661
DesignSafe RC columns combined,Ridge,GroupKFold,2,74,Davey,34.57,72.31821227038714
DesignSafe RC columns combined,Ridge,GroupKFold,2,80,Potangaroa,154.47,159.19651467740132
DesignSafe RC columns combined,Ridge,GroupKFold,2,81,Potangaroa,175.54,187.43455277220772
DesignSafe RC columns combined,Ridge,GroupKFold,2,82,Potangaroa,182.48,182.875976945131
DesignSafe RC columns combined,Ridge,GroupKFold,2,83,Potangaroa,210.65,227.06365573309867
DesignSafe RC columns combined,Ridge,GroupKFold,2,85,Zahn et al.,32.0,40.72069610483557
DesignSafe RC columns combined,Ridge,GroupKFold,2,86,Zahn et al.,39.37,66.7548609865654
DesignSafe RC columns combined,Ridge,GroupKFold,2,89,Wong et al.,103.69,85.23035082230464
DesignSafe RC columns combined,Ridge,GroupKFold,2,90,Wong et al.,130.07,97.41225391126247
DesignSafe RC columns combined,Ridge,GroupKFold,2,123,Vu et al.,139.38,119.386210105694
DesignSafe RC columns combined,Ridge,GroupKFold,2,124,Vu et al.,124.0,107.01198006558127
DesignSafe RC columns combined,Ridge,GroupKFold,2,125,Vu et al.,249.3,150.55317937194698
DesignSafe RC columns combined,Ridge,GroupKFold,2,152,Henry,74.19,119.16883094905117
DesignSafe RC columns combined,Ridge,GroupKFold,2,153,Henry,64.8,106.75341809020216
DesignSafe RC columns combined,Ridge,GroupKFold,2,163,Kowalsky_Moyer,34.86,39.726475736794136
DesignSafe RC columns combined,Ridge,GroupKFold,2,164,Kowalsky_Moyer,35.8,39.58090277169581
DesignSafe RC columns combined,Ridge,GroupKFold,2,165,Kowalsky_Moyer,43.08,39.82352438019302
DesignSafe RC columns combined,Ridge,GroupKFold,2,166,Kowalsky_Moyer,35.32,39.610017364715475
DesignSafe RC columns combined,Ridge,GroupKFold,2,167,Coffman,23.9,-3.2838132938825453
DesignSafe RC columns combined,Ridge,GroupKFold,2,168,Hamilton,15.81,34.366762332450406
DesignSafe RC columns combined,Ridge,GroupKFold,2,169,Hamilton,16.96,34.366762332450406
DesignSafe RC columns combined,Ridge,GroupKFold,2,170,Hamilton,23.83,34.454106111509404
DesignSafe RC columns combined,Ridge,GroupKFold,2,187,Pandey,30.56,24.49195133845832
DesignSafe RC columns combined,Ridge,GroupKFold,2,188,Yoshimura,21.74,13.322598138818904
DesignSafe RC columns combined,Ridge,GroupKFold,2,189,Yoshimura,21.52,12.36415951290082
DesignSafe RC columns combined,Ridge,GroupKFold,2,190,Yoshimura,36.91,60.723438251551485
DesignSafe RC columns combined,Ridge,GroupKFold,2,191,Yoshimura,53.28,56.78368019613076
DesignSafe RC columns combined,Ridge,GroupKFold,2,192,Yoshimura,51.55,46.353571077325725
DesignSafe RC columns combined,Ridge,GroupKFold,2,193,Yoshimura,58.67,60.090865493671544
DesignSafe RC columns combined,Ridge,GroupKFold,2,194,Ousalem,36.19,49.08605302806892
DesignSafe RC columns combined,Ridge,GroupKFold,2,195,Ousalem,38.49,58.45673899996348
DesignSafe RC columns combined,Ridge,GroupKFold,2,196,Ousalem,52.85,53.713740749263884
DesignSafe RC columns combined,Ridge,GroupKFold,2,197,Ousalem,48.67,51.95325725106163
DesignSafe RC columns combined,Ridge,GroupKFold,2,198,Ousalem,73.53,63.52110126718036
DesignSafe RC columns combined,Ridge,GroupKFold,2,199,Ousalem,55.03,52.507184792817526
DesignSafe RC columns combined,Ridge,GroupKFold,2,200,Ousalem,56.4,52.507184792817526
DesignSafe RC columns combined,Ridge,GroupKFold,2,201,Ousalem,59.77,63.82770637552086
DesignSafe RC columns combined,Ridge,GroupKFold,2,202,Ousalem,66.47,63.82770637552086
DesignSafe RC columns combined,Ridge,GroupKFold,2,203,Ousalem,76.45,63.63338655762544
DesignSafe RC columns combined,Ridge,GroupKFold,2,207,Yoshimura,88.08,90.69747048461798
DesignSafe RC columns combined,Ridge,GroupKFold,2,210,Pandey,41.99,40.56354054755726
DesignSafe RC columns combined,Ridge,GroupKFold,2,219,Ono,29.27,21.309815843230233
DesignSafe RC columns combined,Ridge,GroupKFold,2,220,Ono,30.73,24.779390159618575
DesignSafe RC columns combined,Ridge,GroupKFold,2,271,Kokusho & Fukuhara,24.42,12.278967596877571
DesignSafe RC columns combined,Ridge,GroupKFold,2,272,Kokusho & Fukuhara,24.31,20.776820000549982
DesignSafe RC columns combined,Ridge,GroupKFold,2,285,Yoshimura,48.94,48.821962727224516
DesignSafe RC columns combined,Ridge,GroupKFold,2,286,Yoshimura,47.59,43.538071443830056
DesignSafe RC columns combined,Ridge,GroupKFold,2,287,Yarandi,116.24,111.24605040377841
DesignSafe RC columns combined,Ridge,GroupKFold,2,288,Yarandi,128.5,114.76871778951246
DesignSafe RC columns combined,Ridge,GroupKFold,2,289,Pandey,41.61,48.764620046178806
DesignSafe RC columns combined,Ridge,GroupKFold,2,290,Pandey,28.15,26.345946431005952
DesignSafe RC columns combined,Ridge,GroupKFold,2,291,Yoshimura,46.29,57.22809580430251
DesignSafe RC columns combined,Ridge,GroupKFold,2,292,Yoshimura,45.21,57.22809580430251
DesignSafe RC columns combined,Ridge,GroupKFold,2,310,Tanaka and Park,37.56,59.52261192463726
DesignSafe RC columns combined,Ridge,GroupKFold,2,311,Tanaka and Park,37.71,59.52261192463726
DesignSafe RC columns combined,Ridge,GroupKFold,2,312,Tanaka and Park,39.41,59.52261192463726
DesignSafe RC columns combined,Ridge,GroupKFold,2,313,Tanaka and Park,38.31,59.52261192463726
DesignSafe RC columns combined,Ridge,GroupKFold,2,314,Tanaka and Park,86.69,112.03352078819034
DesignSafe RC columns combined,Ridge,GroupKFold,2,315,Tanaka and Park,91.99,112.03352078819034
DesignSafe RC columns combined,Ridge,GroupKFold,2,316,Tanaka and Park,138.64,140.15550849671328
DesignSafe RC columns combined,Ridge,GroupKFold,2,317,Tanaka and Park,139.08,140.1458036323734
DesignSafe RC columns combined,Ridge,GroupKFold,2,318,Park and Paulay,88.81,100.88996223911025
DesignSafe RC columns combined,Ridge,GroupKFold,2,338,Sakai et al.,92.71,66.74079756387864
DesignSafe RC columns combined,Ridge,GroupKFold,2,339,Sakai et al.,92.99,69.5247432046156
DesignSafe RC columns combined,Ridge,GroupKFold,2,340,Sakai et al.,96.29,54.537806570792256
DesignSafe RC columns combined,Ridge,GroupKFold,2,341,Sakai et al.,91.09,77.05671490361163
DesignSafe RC columns combined,Ridge,GroupKFold,2,342,Sakai et al.,91.18,70.97053650109059
DesignSafe RC columns combined,Ridge,GroupKFold,2,343,Sakai et al.,94.43,69.47493670634259
DesignSafe RC columns combined,Ridge,GroupKFold,2,344,Sakai et al.,91.06,65.27117374239803
DesignSafe RC columns combined,Ridge,GroupKFold,3,52,Kenchiku_Kenkyu_Siryo,41.32,19.639324190753236
DesignSafe RC columns combined,Ridge,GroupKFold,3,53,Kenchiku_Kenkyu_Siryo,41.59,22.11710022803775
DesignSafe RC columns combined,Ridge,GroupKFold,3,54,Kenchiku_Kenkyu_Siryo,23.52,16.23094573287088
DesignSafe RC columns combined,Ridge,GroupKFold,3,60,Vu,63.66,110.15958648512644
DesignSafe RC columns combined,Ridge,GroupKFold,3,61,Vu,221.45,142.71015646048
DesignSafe RC columns combined,Ridge,GroupKFold,3,62,Vu,89.52,106.57508260306034
DesignSafe RC columns combined,Ridge,GroupKFold,3,66,Chai,124.2,156.90469718258373
DesignSafe RC columns combined,Ridge,GroupKFold,3,67,Iwasaki,91.37,104.59337137412044
DesignSafe RC columns combined,Ridge,GroupKFold,3,122,Hose et al.,81.75,84.14029442663511
DesignSafe RC columns combined,Ridge,GroupKFold,3,129,Lehman et al,64.07,109.22150956240586
DesignSafe RC columns combined,Ridge,GroupKFold,3,130,Lehman et al,33.94,20.07901495800465
DesignSafe RC columns combined,Ridge,GroupKFold,3,131,Lehman et al,22.82,-24.492232344195997
DesignSafe RC columns combined,Ridge,GroupKFold,3,132,Lehman et al,40.46,109.22150956240586
DesignSafe RC columns combined,Ridge,GroupKFold,3,133,Lehman et al,107.9,109.22150956240586
DesignSafe RC columns combined,Ridge,GroupKFold,3,140,Saatcioglu et al.,15.97,6.3131675756809
DesignSafe RC columns combined,Ridge,GroupKFold,3,141,Saatcioglu et al.,15.35,-4.952496045433541
DesignSafe RC columns combined,Ridge,GroupKFold,3,142,Saatcioglu et al.,18.38,18.568831084556102
DesignSafe RC columns combined,Ridge,GroupKFold,3,143,Saatcioglu et al.,19.16,9.195813301438662
DesignSafe RC columns combined,Ridge,GroupKFold,3,144,Saatcioglu et al.,17.63,-1.9609169399071646
DesignSafe RC columns combined,Ridge,GroupKFold,3,145,Saatcioglu et al.,16.6,6.368943517865922
DesignSafe RC columns combined,Ridge,GroupKFold,3,146,Saatcioglu et al.,18.28,18.568831084556102
DesignSafe RC columns combined,Ridge,GroupKFold,3,147,Saatcioglu et al.,21.58,7.317837110128053
DesignSafe RC columns combined,Ridge,GroupKFold,3,154,Chai,55.74,70.02028172172713
DesignSafe RC columns combined,Ridge,GroupKFold,3,171,Chai,48.5,70.30129169496257
DesignSafe RC columns combined,Ridge,GroupKFold,3,179,Umehara,72.53,82.58592304914863
DesignSafe RC columns combined,Ridge,GroupKFold,3,180,Umehara,59.16,72.56501289187133
DesignSafe RC columns combined,Ridge,GroupKFold,3,182,Aboutaha,101.19,128.2824876170286
DesignSafe RC columns combined,Ridge,GroupKFold,3,183,Aboutaha,144.49,149.7264302487672
DesignSafe RC columns combined,Ridge,GroupKFold,3,184,Iwasaki,88.33,86.78030494565448
DesignSafe RC columns combined,Ridge,GroupKFold,3,185,Iwasaki,95.71,86.74640313206162
DesignSafe RC columns combined,Ridge,GroupKFold,3,208,Wight,17.81,4.9621067761700175
DesignSafe RC columns combined,Ridge,GroupKFold,3,222,Wight,22.2,7.121090791946486
DesignSafe RC columns combined,Ridge,GroupKFold,3,223,Wight,22.77,7.121090791946486
DesignSafe RC columns combined,Ridge,GroupKFold,3,224,Wight,23.51,11.71972769984756
DesignSafe RC columns combined,Ridge,GroupKFold,3,225,Wight,22.14,11.71972769984756
DesignSafe RC columns combined,Ridge,GroupKFold,3,226,Wight,21.18,6.987481450691902
DesignSafe RC columns combined,Ridge,GroupKFold,3,227,Wight,23.58,6.987481450691902
DesignSafe RC columns combined,Ridge,GroupKFold,3,228,Wight,19.76,6.232620769491042
DesignSafe RC columns combined,Ridge,GroupKFold,3,229,Wight,20.97,6.232620769491042
DesignSafe RC columns combined,Ridge,GroupKFold,3,230,Wight,22.11,9.935442086020558
DesignSafe RC columns combined,Ridge,GroupKFold,3,231,Wight,22.83,15.666427744466077
DesignSafe RC columns combined,Ridge,GroupKFold,3,232,Wight,22.34,15.666427744466077
DesignSafe RC columns combined,Ridge,GroupKFold,3,233,Wight,26.92,17.072944514025323
DesignSafe RC columns combined,Ridge,GroupKFold,3,234,Wight,27.08,17.072944514025323
DesignSafe RC columns combined,Ridge,GroupKFold,3,235,Wight,27.24,10.939379546158314
DesignSafe RC columns combined,Ridge,GroupKFold,3,236,Wight,27.21,10.939379546158314
DesignSafe RC columns combined,Ridge,GroupKFold,3,246,Iwasaki,28.8,68.25584422037753
DesignSafe RC columns combined,Ridge,GroupKFold,3,247,Iwasaki,35.97,71.42595802595083
DesignSafe RC columns combined,Ridge,GroupKFold,3,248,Iwasaki,35.39,31.665986506781394
DesignSafe RC columns combined,Ridge,GroupKFold,3,249,Iwasaki,34.91,31.685639732052607
DesignSafe RC columns combined,Ridge,GroupKFold,3,250,Iwasaki,36.65,31.680726425734804
DesignSafe RC columns combined,Ridge,GroupKFold,3,251,Iwasaki,53.57,59.214915938135604
DesignSafe RC columns combined,Ridge,GroupKFold,3,252,Iwasaki,51.71,59.25078307425558
DesignSafe RC columns combined,Ridge,GroupKFold,3,253,Iwasaki,88.65,108.25652010366338
DesignSafe RC columns combined,Ridge,GroupKFold,3,269,Kokusho,16.93,-4.63912158456796
DesignSafe RC columns combined,Ridge,GroupKFold,3,270,Kokusho,19.75,1.423569831883711
DesignSafe RC columns combined,Ridge,GroupKFold,3,274,Elwood,18.14,14.242894857433711
DesignSafe RC columns combined,Ridge,GroupKFold,3,275,Elwood,19.92,16.015642097453792
DesignSafe RC columns combined,Ridge,GroupKFold,3,278,Esaki,27.5,24.411718369263454
DesignSafe RC columns combined,Ridge,GroupKFold,3,279,Esaki,24.54,21.73161642847426
DesignSafe RC columns combined,Ridge,GroupKFold,3,280,Esaki,26.77,21.259245462365897
DesignSafe RC columns combined,Ridge,GroupKFold,3,281,Esaki,24.59,18.200107274447582
DesignSafe RC columns combined,Ridge,GroupKFold,3,303,Zahn ,47.95,52.57798377690654
DesignSafe RC columns combined,Ridge,GroupKFold,3,304,Zahn ,60.44,76.96940043956182
DesignSafe RC columns combined,Ridge,GroupKFold,3,324,Kanda et al.,18.41,27.51609272342104
DesignSafe RC columns combined,Ridge,GroupKFold,3,325,Kanda et al.,17.99,29.695561997348058
DesignSafe RC columns combined,Ridge,GroupKFold,3,326,Kanda et al.,18.41,29.695561997348058
DesignSafe RC columns combined,Ridge,GroupKFold,3,327,Kanda et al.,19.01,26.0533205618282
DesignSafe RC columns combined,Ridge,GroupKFold,3,328,Kanda et al.,18.34,29.69684026993628
DesignSafe RC columns combined,Ridge,GroupKFold,3,329,Kanda et al.,17.42,29.69684026993628
DesignSafe RC columns combined,Ridge,GroupKFold,3,345,Atalay and Penzein,13.87,4.282753417467845
DesignSafe RC columns combined,Ridge,GroupKFold,3,346,Atalay and Penzein,13.76,-2.5379267539847064
DesignSafe RC columns combined,Ridge,GroupKFold,3,347,Atalay and Penzein,13.09,4.285210070626746
DesignSafe RC columns combined,Ridge,GroupKFold,3,348,Atalay and Penzein,16.01,-1.994358479656384
DesignSafe RC columns combined,Ridge,GroupKFold,3,349,Atalay and Penzein,17.23,8.940666296674522
DesignSafe RC columns combined,Ridge,GroupKFold,3,350,Atalay and Penzein,16.84,2.1915589949266376
DesignSafe RC columns combined,Ridge,GroupKFold,3,351,Atalay and Penzein,17.73,11.846077892129685
DesignSafe RC columns combined,Ridge,GroupKFold,3,352,Atalay and Penzein,17.53,4.860142102837656
DesignSafe RC columns combined,Ridge,GroupKFold,3,353,Atalay and Penzein,18.46,11.252011992950713
DesignSafe RC columns combined,Ridge,GroupKFold,3,354,Atalay and Penzein,17.64,4.411678596226942
DesignSafe RC columns combined,Ridge,GroupKFold,3,355,Azizinamini et al.,104.93,104.46785993437689
DesignSafe RC columns combined,Ridge,GroupKFold,3,386,Wehbe et al.,82.82,73.51937892970764
DesignSafe RC columns combined,Ridge,GroupKFold,3,387,Wehbe et al.,89.98,85.57970374396481
DesignSafe RC columns combined,Ridge,GroupKFold,3,388,Wehbe et al.,85.41,76.666885727308
DesignSafe RC columns combined,Ridge,GroupKFold,3,389,Wehbe et al.,96.87,89.0582831419159
DesignSafe RC columns combined,Ridge,GroupKFold,3,400,Bayrak and Sheikh,33.11,51.20425986546064
DesignSafe RC columns combined,Ridge,GroupKFold,3,401,Bayrak and Sheikh,33.56,40.18961353634434
DesignSafe RC columns combined,Ridge,GroupKFold,3,402,Bayrak and Sheikh,33.23,52.94841442804984
DesignSafe RC columns combined,Ridge,GroupKFold,3,403,Bayrak and Sheikh,33.19,52.31211845420228
DesignSafe RC columns combined,Ridge,GroupKFold,3,404,Bayrak and Sheikh,44.83,68.73068800029483
DesignSafe RC columns combined,Ridge,GroupKFold,3,405,Bayrak and Sheikh,44.19,72.43098093632133
DesignSafe RC columns combined,Ridge,GroupKFold,3,406,Bayrak and Sheikh,38.65,66.69375734408567
DesignSafe RC columns combined,Ridge,GroupKFold,3,407,Bayrak and Sheikh,40.01,75.96635381980936
DesignSafe RC columns combined,Ridge,GroupKFold,3,491,Melek,45.6,26.38624932870855
DesignSafe RC columns combined,Ridge,GroupKFold,3,492,Melek,52.5,33.69244734703441
DesignSafe RC columns combined,Ridge,GroupKFold,3,493,Melek,64.1,40.998645365360275
DesignSafe RC columns combined,Ridge,GroupKFold,3,494,Melek,60.6,39.30838354999326
DesignSafe RC columns combined,Ridge,GroupKFold,3,495,Melek,60.1,39.30838354999326
DesignSafe RC columns combined,Ridge,GroupKFold,3,496,Melek,76.6,52.19203549226631
DesignSafe RC columns combined,Ridge,GroupKFold,4,29,Xiao,192.07,129.1336091864726
DesignSafe RC columns combined,Ridge,GroupKFold,4,30,Yalcin,126.45,113.9562211064437
DesignSafe RC columns combined,Ridge,GroupKFold,4,76,Ng,8.23,-6.9655487084508465
DesignSafe RC columns combined,Ridge,GroupKFold,4,77,Ng,17.56,11.51879820442327
DesignSafe RC columns combined,Ridge,GroupKFold,4,78,Ang,31.31,42.681256945337566
DesignSafe RC columns combined,Ridge,GroupKFold,4,79,Ang,36.74,61.407828986734
DesignSafe RC columns combined,Ridge,GroupKFold,4,96,Cheok et al.,290.76,247.32710172963388
DesignSafe RC columns combined,Ridge,GroupKFold,4,97,Cheok et al.,737.79,360.1629461441299
DesignSafe RC columns combined,Ridge,GroupKFold,4,104,Kenchiku Siryo,27.96,18.55445966962526
DesignSafe RC columns combined,Ridge,GroupKFold,4,105,Kenchiku Siryo,23.08,21.25650685987572
DesignSafe RC columns combined,Ridge,GroupKFold,4,106,Kenchiku Siryo,33.25,32.95429927842653
DesignSafe RC columns combined,Ridge,GroupKFold,4,209,Lynn,59.8,73.33727963587434
DesignSafe RC columns combined,Ridge,GroupKFold,4,237,Lynn,54.13,64.71204664954868
DesignSafe RC columns combined,Ridge,GroupKFold,4,238,Lynn,68.79,78.33531111279952
DesignSafe RC columns combined,Ridge,GroupKFold,4,239,Lynn,52.5,64.7108215882522
DesignSafe RC columns combined,Ridge,GroupKFold,4,240,Lynn,82.5,96.2605782631205
DesignSafe RC columns combined,Ridge,GroupKFold,4,241,Xiao,60.68,54.257994889446294
DesignSafe RC columns combined,Ridge,GroupKFold,4,242,Xiao,72.86,61.42591848839024
DesignSafe RC columns combined,Ridge,GroupKFold,4,273,Yalcin,132.7,104.28537212891608
DesignSafe RC columns combined,Ridge,GroupKFold,4,282,Lynn,73.73,86.97470226759664
DesignSafe RC columns combined,Ridge,GroupKFold,4,283,Lynn,80.03,96.24867308333539
DesignSafe RC columns combined,Ridge,GroupKFold,4,284,Lynn,59.8,73.33727963587434
DesignSafe RC columns combined,Ridge,GroupKFold,4,293,Gill et al.,156.5,121.55704619806829
DesignSafe RC columns combined,Ridge,GroupKFold,4,294,Gill et al.,182.41,133.08836173813404
DesignSafe RC columns combined,Ridge,GroupKFold,4,295,Gill et al.,150.71,133.1151627314496
DesignSafe RC columns combined,Ridge,GroupKFold,4,296,Gill et al.,156.58,153.59552357132037
DesignSafe RC columns combined,Ridge,GroupKFold,4,299,Soesianawati et al.,44.87,51.847049493433886
DesignSafe RC columns combined,Ridge,GroupKFold,4,300,Soesianawati et al.,62.78,70.51653882467997
DesignSafe RC columns combined,Ridge,GroupKFold,4,301,Soesianawati et al.,62.27,69.7560110534624
DesignSafe RC columns combined,Ridge,GroupKFold,4,302,Soesianawati et al.,59.47,65.84504839007609
DesignSafe RC columns combined,Ridge,GroupKFold,4,305,Watson and Park,65.65,88.38682927476339
DesignSafe RC columns combined,Ridge,GroupKFold,4,306,Watson and Park,66.32,86.22115757788674
DesignSafe RC columns combined,Ridge,GroupKFold,4,307,Watson and Park,66.44,106.42391653336281
DesignSafe RC columns combined,Ridge,GroupKFold,4,308,Watson and Park,66.4,103.43441645423644
DesignSafe RC columns combined,Ridge,GroupKFold,4,309,Watson and Park,69.58,108.28118172721072
DesignSafe RC columns combined,Ridge,GroupKFold,4,320,Ohno and Nishioka,27.21,35.32613865114396
DesignSafe RC columns combined,Ridge,GroupKFold,4,321,Ohno and Nishioka,24.44,35.32613865114396
DesignSafe RC columns combined,Ridge,GroupKFold,4,322,Ohno and Nishioka,24.76,35.32613865114396
DesignSafe RC columns combined,Ridge,GroupKFold,4,356,Azizinamini et al. ,109.99,101.70671685572765
DesignSafe RC columns combined,Ridge,GroupKFold,4,408,Saatcioglu and Giria,43.76,46.363819626594605
DesignSafe RC columns combined,Ridge,GroupKFold,4,409,Saatcioglu and Giria,42.96,50.67913324405613
DesignSafe RC columns combined,Ridge,GroupKFold,4,410,Saatcioglu and Giria,36.93,37.58989280497556
DesignSafe RC columns combined,Ridge,GroupKFold,4,411,Saatcioglu and Giria,46.47,56.36241330175825
DesignSafe RC columns combined,Ridge,GroupKFold,4,412,Saatcioglu and Giria,53.35,60.43479682425773
DesignSafe RC columns combined,Ridge,GroupKFold,4,413,Saatcioglu and Giria,49.78,54.983166984782144
DesignSafe RC columns combined,Ridge,GroupKFold,4,414,Saatcioglu and Giria,48.44,61.481898827749774
DesignSafe RC columns combined,Ridge,GroupKFold,4,415,Saatcioglu and Giria,44.62,48.253245734143036
DesignSafe RC columns combined,Ridge,GroupKFold,4,416,Saatcioglu and Giria,49.31,63.436657192563146
DesignSafe RC columns combined,Ridge,GroupKFold,4,417,Saatcioglu and Giria,53.5,62.3895551890711
DesignSafe RC columns combined,Ridge,GroupKFold,4,418,Matamoros et al.,15.8,14.066550369562634
DesignSafe RC columns combined,Ridge,GroupKFold,4,419,Matamoros et al.,15.3,14.093796871937158
DesignSafe RC columns combined,Ridge,GroupKFold,4,420,Matamoros et al.,21.5,19.153809448978496
DesignSafe RC columns combined,Ridge,GroupKFold,4,421,Matamoros et al.,21.2,19.392934324921054
DesignSafe RC columns combined,Ridge,GroupKFold,4,422,Matamoros et al.,24.2,23.85569141026016
DesignSafe RC columns combined,Ridge,GroupKFold,4,423,Matamoros et al.,23.3,24.940475570591442
DesignSafe RC columns combined,Ridge,GroupKFold,4,424,Matamoros et al.,13.3,14.958439633757664
DesignSafe RC columns combined,Ridge,GroupKFold,4,425,Matamoros et al.,13.11,14.222826020237825
DesignSafe RC columns combined,Ridge,GroupKFold,4,426,Matamoros et al.,16.3,16.3090196997047
DesignSafe RC columns combined,Ridge,GroupKFold,4,427,Matamoros et al.,16.3,16.074398582103335
DesignSafe RC columns combined,Ridge,GroupKFold,4,428,Matamoros et al.,19.0,24.38126062369291
DesignSafe RC columns combined,Ridge,GroupKFold,4,429,Matamoros et al.,19.0,24.278103146764874
DesignSafe RC columns combined,Ridge,GroupKFold,4,430,Mo and Wang,56.2,57.512580409404634
DesignSafe RC columns combined,Ridge,GroupKFold,4,431,Mo and Wang,60.15,60.61310849618415
DesignSafe RC columns combined,Ridge,GroupKFold,4,432,Mo and Wang,68.63,63.728452116938
DesignSafe RC columns combined,Ridge,GroupKFold,4,433,Mo and Wang,55.76,57.29699735693524
DesignSafe RC columns combined,Ridge,GroupKFold,4,434,Mo and Wang,64.21,60.398365383356655
DesignSafe RC columns combined,Ridge,GroupKFold,4,435,Mo and Wang,69.65,63.46977556255021
DesignSafe RC columns combined,Ridge,GroupKFold,4,436,Mo and Wang,56.75,57.09093362040741
DesignSafe RC columns combined,Ridge,GroupKFold,4,437,Mo and Wang,63.5,60.13604909052063
DesignSafe RC columns combined,Ridge,GroupKFold,4,438,Mo and Wang,68.05,63.25055277163258
DesignSafe RC columns combined,Ridge,GroupKFold,4,439,Aboutaha and Machado,58.03,53.48385486049475
DesignSafe RC columns combined,Ridge,GroupKFold,4,440,Aboutaha and Machado,87.31,73.54219462185618
DesignSafe RC columns combined,Ridge,GroupKFold,4,441,Aboutaha and Machado,95.36,80.2616878952492
DesignSafe RC columns combined,Ridge,GroupKFold,4,453,Paultre & Legeron,27.65,7.474143269874489
DesignSafe RC columns combined,Ridge,GroupKFold,4,454,Paultre & Legeron,35.92,22.38411534365895
DesignSafe RC columns combined,Ridge,GroupKFold,4,455,Paultre & Legeron,43.84,39.36019630526188
DesignSafe RC columns combined,Ridge,GroupKFold,4,456,Paultre & Legeron,25.16,-1.6522537646512703
DesignSafe RC columns combined,Ridge,GroupKFold,4,457,Paultre & Legeron,37.71,13.192529796343955
DesignSafe RC columns combined,Ridge,GroupKFold,4,458,Paultre & Legeron,41.59,30.19240904780079
DesignSafe RC columns combined,Ridge,GroupKFold,4,465,Pujol,25.52,41.867338619668466
DesignSafe RC columns combined,Ridge,GroupKFold,4,466,Pujol,25.52,41.867338619668466
DesignSafe RC columns combined,Ridge,GroupKFold,4,467,Pujol,26.08,43.67945758941034
DesignSafe RC columns combined,Ridge,GroupKFold,4,468,Pujol,26.08,43.67945758941034
DesignSafe RC columns combined,Ridge,GroupKFold,4,469,Pujol,25.52,38.759634127256305
DesignSafe RC columns combined,Ridge,GroupKFold,4,470,Pujol,25.52,38.759634127256305
DesignSafe RC columns combined,Ridge,GroupKFold,4,471,Pujol,25.65,40.76024311513499
DesignSafe RC columns combined,Ridge,GroupKFold,4,472,Pujol,25.65,40.76024311513499
DesignSafe RC columns combined,Ridge,GroupKFold,4,473,Pujol,29.38,40.816365553184994
DesignSafe RC columns combined,Ridge,GroupKFold,4,474,Pujol,29.38,40.816365553184994
DesignSafe RC columns combined,Ridge,GroupKFold,4,475,Pujol,26.03,40.7722630917405
DesignSafe RC columns combined,Ridge,GroupKFold,4,476,Pujol,26.03,40.7722630917405
DesignSafe RC columns combined,Ridge,GroupKFold,4,477,Pujol,26.47,40.78983988129103
DesignSafe RC columns combined,Ridge,GroupKFold,4,478,Pujol,26.47,40.78983988129103
DesignSafe RC columns combined,Ridge,GroupKFold,4,479,Kono et al.,45.19,40.167285156228914
DesignSafe RC columns combined,Ridge,GroupKFold,4,480,Kono et al.,42.28,50.4745631592811
DesignSafe RC columns combined,Ridge,GroupKFold,4,481,Kono et al.,278.53,204.17406942306027
DesignSafe RC columns combined,Ridge,GroupKFold,4,482,Kono et al.,300.95,205.7679154507756
DesignSafe RC columns combined,Ridge,GroupKFold,4,483,Kono et al.,270.06,172.22825052121954
DesignSafe RC columns combined,Ridge,GroupKFold,4,490,Harries,42.7,37.4980008378851
DesignSafe RC columns combined,Ridge,LeaveOneSourceOut,0,182,Aboutaha,101.19,114.1574297210305
DesignSafe RC columns combined,Ridge,LeaveOneSourceOut,0,183,Aboutaha,144.49,167.36129457541767
DesignSafe RC columns combined,Ridge,LeaveOneSourceOut,1,439,Aboutaha and Machado,58.03,57.74884604355864
DesignSafe RC columns combined,Ridge,LeaveOneSourceOut,1,440,Aboutaha and Machado,87.31,79.4036056087181
DesignSafe RC columns combined,Ridge,LeaveOneSourceOut,1,441,Aboutaha and Machado,95.36,86.63834417082481
DesignSafe RC columns combined,Ridge,LeaveOneSourceOut,2,221,Amitsu,115.47,93.28817605644568
DesignSafe RC columns combined,Ridge,LeaveOneSourceOut,3,78,Ang,31.31,45.87787059188738
DesignSafe RC columns combined,Ridge,LeaveOneSourceOut,3,79,Ang,36.74,64.07468855087703
DesignSafe RC columns combined,Ridge,LeaveOneSourceOut,4,84,Ang et al.,88.3,81.92316693420462
DesignSafe RC columns combined,Ridge,LeaveOneSourceOut,4,297,Ang et al.,43.17,58.3638146560166
DesignSafe RC columns combined,Ridge,LeaveOneSourceOut,4,298,Ang et al.,38.04,49.41194996428378
DesignSafe RC columns combined,Ridge,LeaveOneSourceOut,5,0,Ang_Beng_Ghee,65.01,61.41674054013771
DesignSafe RC columns combined,Ridge,LeaveOneSourceOut,5,1,Ang_Beng_Ghee,88.04,79.79030802891008
DesignSafe RC columns combined,Ridge,LeaveOneSourceOut,5,2,Ang_Beng_Ghee,63.09,71.73227062259618
DesignSafe RC columns combined,Ridge,LeaveOneSourceOut,5,3,Ang_Beng_Ghee,83.68,78.18601935929141
DesignSafe RC columns combined,Ridge,LeaveOneSourceOut,5,4,Ang_Beng_Ghee,113.49,78.44550358166262
DesignSafe RC columns combined,Ridge,LeaveOneSourceOut,5,5,Ang_Beng_Ghee,98.34,83.38782899481689
DesignSafe RC columns combined,Ridge,LeaveOneSourceOut,5,6,Ang_Beng_Ghee,109.4,85.78270519838577
DesignSafe RC columns combined,Ridge,LeaveOneSourceOut,5,7,Ang_Beng_Ghee,60.8,70.33040260732207
DesignSafe RC columns combined,Ridge,LeaveOneSourceOut,5,8,Ang_Beng_Ghee,64.03,55.5136448321463
DesignSafe RC columns combined,Ridge,LeaveOneSourceOut,5,35,Ang_Beng_Ghee,72.25,72.4750571089701
DesignSafe RC columns combined,Ridge,LeaveOneSourceOut,5,36,Ang_Beng_Ghee,49.61,69.67801085481184
DesignSafe RC columns combined,Ridge,LeaveOneSourceOut,5,37,Ang_Beng_Ghee,62.09,65.28154820443326
DesignSafe RC columns combined,Ridge,LeaveOneSourceOut,5,38,Ang_Beng_Ghee,74.39,74.81003730968621
DesignSafe RC columns combined,Ridge,LeaveOneSourceOut,5,39,Ang_Beng_Ghee,104.54,87.05014035908539
DesignSafe RC columns combined,Ridge,LeaveOneSourceOut,5,40,Ang_Beng_Ghee,101.39,77.64629619617145
DesignSafe RC columns combined,Ridge,LeaveOneSourceOut,5,41,Ang_Beng_Ghee,91.52,84.02212859612077
DesignSafe RC columns combined,Ridge,LeaveOneSourceOut,5,42,Ang_Beng_Ghee,118.44,89.24293836371527
DesignSafe RC columns combined,Ridge,LeaveOneSourceOut,5,43,Ang_Beng_Ghee,98.99,82.07544626519214
DesignSafe RC columns combined,Ridge,LeaveOneSourceOut,5,44,Ang_Beng_Ghee,71.12,72.61779458681252
DesignSafe RC columns combined,Ridge,LeaveOneSourceOut,5,45,Ang_Beng_Ghee,51.78,60.459615068399884
DesignSafe RC columns combined,Ridge,LeaveOneSourceOut,5,46,Ang_Beng_Ghee,73.12,71.11294048271381
DesignSafe RC columns combined,Ridge,LeaveOneSourceOut,5,47,Ang_Beng_Ghee,74.75,62.467013011506026
DesignSafe RC columns combined,Ridge,LeaveOneSourceOut,5,48,Ang_Beng_Ghee,76.54,67.10506911932886
DesignSafe RC columns combined,Ridge,LeaveOneSourceOut,6,9,Arakawa,39.65,47.252572805295
DesignSafe RC columns combined,Ridge,LeaveOneSourceOut,6,10,Arakawa,45.82,52.54545727675942
DesignSafe RC columns combined,Ridge,LeaveOneSourceOut,6,11,Arakawa,44.01,49.932785641970916
DesignSafe RC columns combined,Ridge,LeaveOneSourceOut,6,12,Arakawa,50.65,55.23973386440286
DesignSafe RC columns combined,Ridge,LeaveOneSourceOut,6,13,Arakawa,48.53,56.96197816470555
DesignSafe RC columns combined,Ridge,LeaveOneSourceOut,6,14,Arakawa,51.26,68.2224069262082
DesignSafe RC columns combined,Ridge,LeaveOneSourceOut,6,15,Arakawa,43.15,52.630553275148024
DesignSafe RC columns combined,Ridge,LeaveOneSourceOut,6,16,Arakawa,53.6,57.927028360978916
DesignSafe RC columns combined,Ridge,LeaveOneSourceOut,6,17,Arakawa,62.74,59.70213618845081
DesignSafe RC columns combined,Ridge,LeaveOneSourceOut,6,18,Arakawa,55.43,52.744264469307126
DesignSafe RC columns combined,Ridge,LeaveOneSourceOut,6,19,Arakawa,41.92,48.079635029416465
DesignSafe RC columns combined,Ridge,LeaveOneSourceOut,6,20,Arakawa,38.47,48.17723341701389
DesignSafe RC columns combined,Ridge,LeaveOneSourceOut,6,21,Arakawa,52.61,55.487056133694466
DesignSafe RC columns combined,Ridge,LeaveOneSourceOut,6,22,Arakawa,45.24,50.82592727505386
DesignSafe RC columns combined,Ridge,LeaveOneSourceOut,6,23,Arakawa,39.58,50.679206861999404
DesignSafe RC columns combined,Ridge,LeaveOneSourceOut,6,24,Arakawa,51.88,50.7045403002303
DesignSafe RC columns combined,Ridge,LeaveOneSourceOut,6,55,Arakawa,57.15,42.226293736954275
DesignSafe RC columns combined,Ridge,LeaveOneSourceOut,6,56,Arakawa,40.38,45.3518569904432
DesignSafe RC columns combined,Ridge,LeaveOneSourceOut,6,57,Arakawa,47.7,75.44100619292894
DesignSafe RC columns combined,Ridge,LeaveOneSourceOut,6,107,Arakawa,39.77,49.827586817785885
DesignSafe RC columns combined,Ridge,LeaveOneSourceOut,6,108,Arakawa,47.71,52.58709494521558
DesignSafe RC columns combined,Ridge,LeaveOneSourceOut,6,109,Arakawa,34.67,43.460710002656086
DesignSafe RC columns combined,Ridge,LeaveOneSourceOut,6,110,Arakawa,39.15,46.187652144609046
DesignSafe RC columns combined,Ridge,LeaveOneSourceOut,6,177,Arakawa,29.35,18.75287650903276
DesignSafe RC columns combined,Ridge,LeaveOneSourceOut,6,178,Arakawa,30.11,21.984714996913247
DesignSafe RC columns combined,Ridge,LeaveOneSourceOut,6,319,Arakawa,36.08,29.086013474583453
DesignSafe RC columns combined,Ridge,LeaveOneSourceOut,7,345,Atalay and Penzein,13.87,0.8426078169958728
DesignSafe RC columns combined,Ridge,LeaveOneSourceOut,7,346,Atalay and Penzein,13.76,-4.7106714495875295
DesignSafe RC columns combined,Ridge,LeaveOneSourceOut,7,347,Atalay and Penzein,13.09,0.8421523840460665
DesignSafe RC columns combined,Ridge,LeaveOneSourceOut,7,348,Atalay and Penzein,16.01,-2.783208005678439
DesignSafe RC columns combined,Ridge,LeaveOneSourceOut,7,349,Atalay and Penzein,17.23,7.141668952990507
DesignSafe RC columns combined,Ridge,LeaveOneSourceOut,7,350,Atalay and Penzein,16.84,1.59001852359237
DesignSafe RC columns combined,Ridge,LeaveOneSourceOut,7,351,Atalay and Penzein,17.73,8.795077208084514
DesignSafe RC columns combined,Ridge,LeaveOneSourceOut,7,352,Atalay and Penzein,17.53,3.2426391636787386
DesignSafe RC columns combined,Ridge,LeaveOneSourceOut,7,353,Atalay and Penzein,18.46,8.343377506344282
DesignSafe RC columns combined,Ridge,LeaveOneSourceOut,7,354,Atalay and Penzein,17.64,2.7937417033592524
DesignSafe RC columns combined,Ridge,LeaveOneSourceOut,8,355,Azizinamini et al.,104.93,101.95965754172047
DesignSafe RC columns combined,Ridge,LeaveOneSourceOut,9,356,Azizinamini et al. ,109.99,117.78675694702042
DesignSafe RC columns combined,Ridge,LeaveOneSourceOut,10,400,Bayrak and Sheikh,33.11,55.9925556475231
DesignSafe RC columns combined,Ridge,LeaveOneSourceOut,10,401,Bayrak and Sheikh,33.56,43.56134924247681
DesignSafe RC columns combined,Ridge,LeaveOneSourceOut,10,402,Bayrak and Sheikh,33.23,57.23251900420088
DesignSafe RC columns combined,Ridge,LeaveOneSourceOut,10,403,Bayrak and Sheikh,33.19,59.33330385880537
DesignSafe RC columns combined,Ridge,LeaveOneSourceOut,10,404,Bayrak and Sheikh,44.83,76.11511873366247
DesignSafe RC columns combined,Ridge,LeaveOneSourceOut,10,405,Bayrak and Sheikh,44.19,80.15827036320503
DesignSafe RC columns combined,Ridge,LeaveOneSourceOut,10,406,Bayrak and Sheikh,38.65,70.60805283311888
DesignSafe RC columns combined,Ridge,LeaveOneSourceOut,10,407,Bayrak and Sheikh,40.01,84.9837423912716
DesignSafe RC columns combined,Ridge,LeaveOneSourceOut,11,181,Bett,48.02,49.76330110833037
DesignSafe RC columns combined,Ridge,LeaveOneSourceOut,12,134,Calderone et al.,124.76,144.38062994337426
DesignSafe RC columns combined,Ridge,LeaveOneSourceOut,12,135,Calderone et al.,45.63,32.440126357898045
DesignSafe RC columns combined,Ridge,LeaveOneSourceOut,12,136,Calderone et al.,42.8,-12.336075076292403
DesignSafe RC columns combined,Ridge,LeaveOneSourceOut,13,66,Chai,124.2,150.94777995044808
DesignSafe RC columns combined,Ridge,LeaveOneSourceOut,13,154,Chai,55.74,72.00113957952173
DesignSafe RC columns combined,Ridge,LeaveOneSourceOut,13,171,Chai,48.5,71.97874102174006
DesignSafe RC columns combined,Ridge,LeaveOneSourceOut,14,96,Cheok et al.,290.76,249.9616014908994
DesignSafe RC columns combined,Ridge,LeaveOneSourceOut,14,97,Cheok et al.,737.79,378.33095099143526
DesignSafe RC columns combined,Ridge,LeaveOneSourceOut,15,167,Coffman,23.9,-9.239512947902838
DesignSafe RC columns combined,Ridge,LeaveOneSourceOut,16,72,Davey,44.01,70.49262361436277
DesignSafe RC columns combined,Ridge,LeaveOneSourceOut,16,73,Davey,77.04,70.42346792348755
DesignSafe RC columns combined,Ridge,LeaveOneSourceOut,16,74,Davey,34.57,71.18192036499109
DesignSafe RC columns combined,Ridge,LeaveOneSourceOut,17,274,Elwood,18.14,16.10092049254174
DesignSafe RC columns combined,Ridge,LeaveOneSourceOut,17,275,Elwood,19.92,18.37644602084731
DesignSafe RC columns combined,Ridge,LeaveOneSourceOut,18,278,Esaki,27.5,24.147281090319154
DesignSafe RC columns combined,Ridge,LeaveOneSourceOut,18,279,Esaki,24.54,21.334952411435793
DesignSafe RC columns combined,Ridge,LeaveOneSourceOut,18,280,Esaki,26.77,21.57697218482833
DesignSafe RC columns combined,Ridge,LeaveOneSourceOut,18,281,Esaki,24.59,18.492684261574396
DesignSafe RC columns combined,Ridge,LeaveOneSourceOut,19,362,Galeota et al. ,29.26,7.325481641677236
DesignSafe RC columns combined,Ridge,LeaveOneSourceOut,19,363,Galeota et al. ,27.68,7.325481641677236
DesignSafe RC columns combined,Ridge,LeaveOneSourceOut,19,364,Galeota et al. ,22.09,0.4906359846826476
DesignSafe RC columns combined,Ridge,LeaveOneSourceOut,19,365,Galeota et al. ,30.93,0.4906359846826476
DesignSafe RC columns combined,Ridge,LeaveOneSourceOut,19,366,Galeota et al. ,31.75,6.047133273891795
DesignSafe RC columns combined,Ridge,LeaveOneSourceOut,19,367,Galeota et al. ,28.86,12.881978930886383
DesignSafe RC columns combined,Ridge,LeaveOneSourceOut,19,368,Galeota et al. ,29.47,12.881978930886383
DesignSafe RC columns combined,Ridge,LeaveOneSourceOut,19,369,Galeota et al. ,24.8,6.047133273891795
DesignSafe RC columns combined,Ridge,LeaveOneSourceOut,19,370,Galeota et al. ,22.71,12.130054632380997
DesignSafe RC columns combined,Ridge,LeaveOneSourceOut,19,371,Galeota et al. ,28.43,18.964900289375585
DesignSafe RC columns combined,Ridge,LeaveOneSourceOut,19,372,Galeota et al. ,29.59,12.130054632380997
DesignSafe RC columns combined,Ridge,LeaveOneSourceOut,19,373,Galeota et al. ,30.3,18.964900289375585
DesignSafe RC columns combined,Ridge,LeaveOneSourceOut,19,374,Galeota et al. ,39.41,60.640090211672685
DesignSafe RC columns combined,Ridge,LeaveOneSourceOut,19,375,Galeota et al. ,37.12,67.47493586866729
DesignSafe RC columns combined,Ridge,LeaveOneSourceOut,19,376,Galeota et al. ,38.91,67.47493586866729
DesignSafe RC columns combined,Ridge,LeaveOneSourceOut,19,377,Galeota et al. ,46.03,60.640090211672685
DesignSafe RC columns combined,Ridge,LeaveOneSourceOut,19,378,Galeota et al. ,36.33,66.19658750088183
DesignSafe RC columns combined,Ridge,LeaveOneSourceOut,19,379,Galeota et al. ,43.86,66.19658750088183
DesignSafe RC columns combined,Ridge,LeaveOneSourceOut,19,380,Galeota et al. ,39.34,73.03143315787644
DesignSafe RC columns combined,Ridge,LeaveOneSourceOut,19,381,Galeota et al. ,38.33,73.03143315787644
DesignSafe RC columns combined,Ridge,LeaveOneSourceOut,19,382,Galeota et al. ,38.56,72.27950885937105
DesignSafe RC columns combined,Ridge,LeaveOneSourceOut,19,383,Galeota et al. ,38.91,72.27950885937105
DesignSafe RC columns combined,Ridge,LeaveOneSourceOut,19,384,Galeota et al. ,38.3,79.11435451636564
DesignSafe RC columns combined,Ridge,LeaveOneSourceOut,19,385,Galeota et al. ,39.76,79.11435451636564
DesignSafe RC columns combined,Ridge,LeaveOneSourceOut,20,293,Gill et al.,156.5,140.91257197668028
DesignSafe RC columns combined,Ridge,LeaveOneSourceOut,20,294,Gill et al.,182.41,154.2088868638285
DesignSafe RC columns combined,Ridge,LeaveOneSourceOut,20,295,Gill et al.,150.71,154.33442908630153
DesignSafe RC columns combined,Ridge,LeaveOneSourceOut,20,296,Gill et al.,156.58,178.02041078163893
DesignSafe RC columns combined,Ridge,LeaveOneSourceOut,21,63,Hamilton,32.21,49.21751540643841
DesignSafe RC columns combined,Ridge,LeaveOneSourceOut,21,64,Hamilton,36.96,49.21751540643841
DesignSafe RC columns combined,Ridge,LeaveOneSourceOut,21,65,Hamilton,39.24,58.35690716910212
DesignSafe RC columns combined,Ridge,LeaveOneSourceOut,21,168,Hamilton,15.81,32.09603671377124
DesignSafe RC columns combined,Ridge,LeaveOneSourceOut,21,169,Hamilton,16.96,32.09603671377125
DesignSafe RC columns combined,Ridge,LeaveOneSourceOut,21,170,Hamilton,23.83,32.116330676429264
DesignSafe RC columns combined,Ridge,LeaveOneSourceOut,22,490,Harries,42.7,26.030754569455542
DesignSafe RC columns combined,Ridge,LeaveOneSourceOut,23,152,Henry,74.19,117.6765712428519
DesignSafe RC columns combined,Ridge,LeaveOneSourceOut,23,153,Henry,64.8,105.10448275604745
DesignSafe RC columns combined,Ridge,LeaveOneSourceOut,24,122,Hose et al.,81.75,84.42047307913613
DesignSafe RC columns combined,Ridge,LeaveOneSourceOut,25,28,Hussein,102.1,143.8059435509159
DesignSafe RC columns combined,Ridge,LeaveOneSourceOut,26,254,Ikeda,16.8,6.038027838592875
DesignSafe RC columns combined,Ridge,LeaveOneSourceOut,26,255,Ikeda,15.92,6.038027838592875
DesignSafe RC columns combined,Ridge,LeaveOneSourceOut,26,256,Ikeda,18.8,7.160066634319499
DesignSafe RC columns combined,Ridge,LeaveOneSourceOut,26,257,Ikeda,18.14,13.658898212031936
DesignSafe RC columns combined,Ridge,LeaveOneSourceOut,26,258,Ikeda,13.02,1.430906247719527
DesignSafe RC columns combined,Ridge,LeaveOneSourceOut,26,259,Ikeda,15.92,2.5529450434461367
DesignSafe RC columns combined,Ridge,LeaveOneSourceOut,26,260,Ikeda,15.8,2.552945043446151
DesignSafe RC columns combined,Ridge,LeaveOneSourceOut,27,173,Imai,105.95,113.73179231919448
DesignSafe RC columns combined,Ridge,LeaveOneSourceOut,28,67,Iwasaki,91.37,104.62154122848364
DesignSafe RC columns combined,Ridge,LeaveOneSourceOut,28,184,Iwasaki,88.33,86.3374013072573
DesignSafe RC columns combined,Ridge,LeaveOneSourceOut,28,185,Iwasaki,95.71,86.3545093609832
DesignSafe RC columns combined,Ridge,LeaveOneSourceOut,28,246,Iwasaki,28.8,57.23772640303805
DesignSafe RC columns combined,Ridge,LeaveOneSourceOut,28,247,Iwasaki,35.97,60.64148250833183
DesignSafe RC columns combined,Ridge,LeaveOneSourceOut,28,248,Iwasaki,35.39,33.353557023448545
DesignSafe RC columns combined,Ridge,LeaveOneSourceOut,28,249,Iwasaki,34.91,33.343639311143676
DesignSafe RC columns combined,Ridge,LeaveOneSourceOut,28,250,Iwasaki,36.65,33.346118739219904
DesignSafe RC columns combined,Ridge,LeaveOneSourceOut,28,251,Iwasaki,53.57,59.84963220738058
DesignSafe RC columns combined,Ridge,LeaveOneSourceOut,28,252,Iwasaki,51.71,59.83153238242421
DesignSafe RC columns combined,Ridge,LeaveOneSourceOut,28,253,Iwasaki,88.65,103.02047981061114
DesignSafe RC columns combined,Ridge,LeaveOneSourceOut,29,324,Kanda et al.,18.41,25.04242701897509
DesignSafe RC columns combined,Ridge,LeaveOneSourceOut,29,325,Kanda et al.,17.99,27.931022433669163
DesignSafe RC columns combined,Ridge,LeaveOneSourceOut,29,326,Kanda et al.,18.41,27.931022433669163
DesignSafe RC columns combined,Ridge,LeaveOneSourceOut,29,327,Kanda et al.,19.01,24.32979072461808
DesignSafe RC columns combined,Ridge,LeaveOneSourceOut,29,328,Kanda et al.,18.34,27.932291481551637
DesignSafe RC columns combined,Ridge,LeaveOneSourceOut,29,329,Kanda et al.,17.42,27.932291481551637
DesignSafe RC columns combined,Ridge,LeaveOneSourceOut,30,104,Kenchiku Siryo,27.96,6.974405951651065
DesignSafe RC columns combined,Ridge,LeaveOneSourceOut,30,105,Kenchiku Siryo,23.08,6.999186926989907
DesignSafe RC columns combined,Ridge,LeaveOneSourceOut,30,106,Kenchiku Siryo,33.25,24.62708939209794
DesignSafe RC columns combined,Ridge,LeaveOneSourceOut,31,52,Kenchiku_Kenkyu_Siryo,41.32,17.443859996811376
DesignSafe RC columns combined,Ridge,LeaveOneSourceOut,31,53,Kenchiku_Kenkyu_Siryo,41.59,20.993815348175794
DesignSafe RC columns combined,Ridge,LeaveOneSourceOut,31,54,Kenchiku_Kenkyu_Siryo,23.52,15.159964537215316
DesignSafe RC columns combined,Ridge,LeaveOneSourceOut,32,269,Kokusho,16.93,-0.8796121335648124
DesignSafe RC columns combined,Ridge,LeaveOneSourceOut,32,270,Kokusho,19.75,5.443748748598935
DesignSafe RC columns combined,Ridge,LeaveOneSourceOut,33,271,Kokusho & Fukuhara,24.42,11.802893434464075
DesignSafe RC columns combined,Ridge,LeaveOneSourceOut,33,272,Kokusho & Fukuhara,24.31,21.07016886633079
DesignSafe RC columns combined,Ridge,LeaveOneSourceOut,34,479,Kono et al.,45.19,39.828553385613105
DesignSafe RC columns combined,Ridge,LeaveOneSourceOut,34,480,Kono et al.,42.28,50.26223969077982
DesignSafe RC columns combined,Ridge,LeaveOneSourceOut,34,481,Kono et al.,278.53,222.60301922106703
DesignSafe RC columns combined,Ridge,LeaveOneSourceOut,34,482,Kono et al.,300.95,221.40520151735464
DesignSafe RC columns combined,Ridge,LeaveOneSourceOut,34,483,Kono et al.,270.06,185.33964708117205
DesignSafe RC columns combined,Ridge,LeaveOneSourceOut,35,126,Kowalsky ,42.04,23.803808844477764
DesignSafe RC columns combined,Ridge,LeaveOneSourceOut,35,127,Kowalsky ,39.28,25.901182272468546
DesignSafe RC columns combined,Ridge,LeaveOneSourceOut,35,128,Kowalsky ,44.38,23.651094346127657
DesignSafe RC columns combined,Ridge,LeaveOneSourceOut,36,163,Kowalsky_Moyer,34.86,40.751666345053906
DesignSafe RC columns combined,Ridge,LeaveOneSourceOut,36,164,Kowalsky_Moyer,35.8,40.7280954824175
DesignSafe RC columns combined,Ridge,LeaveOneSourceOut,36,165,Kowalsky_Moyer,43.08,40.767380253478166
DesignSafe RC columns combined,Ridge,LeaveOneSourceOut,36,166,Kowalsky_Moyer,35.32,40.73280965494479
DesignSafe RC columns combined,Ridge,LeaveOneSourceOut,37,111,Kunnath,16.63,9.74442860407467
DesignSafe RC columns combined,Ridge,LeaveOneSourceOut,37,112,Kunnath,16.93,9.74442860407467
DesignSafe RC columns combined,Ridge,LeaveOneSourceOut,37,113,Kunnath,16.97,9.989858723558541
DesignSafe RC columns combined,Ridge,LeaveOneSourceOut,37,114,Kunnath,20.86,9.989858723558541
DesignSafe RC columns combined,Ridge,LeaveOneSourceOut,37,115,Kunnath,17.26,9.989858723558541
DesignSafe RC columns combined,Ridge,LeaveOneSourceOut,37,116,Kunnath,17.75,10.016105766722788
DesignSafe RC columns combined,Ridge,LeaveOneSourceOut,37,117,Kunnath,16.42,10.016105766722788
DesignSafe RC columns combined,Ridge,LeaveOneSourceOut,37,118,Kunnath,16.86,10.019022104852148
DesignSafe RC columns combined,Ridge,LeaveOneSourceOut,37,119,Kunnath,16.69,9.75632634381462
DesignSafe RC columns combined,Ridge,LeaveOneSourceOut,37,120,Kunnath,16.3,9.75632634381462
DesignSafe RC columns combined,Ridge,LeaveOneSourceOut,37,121,Kunnath,16.25,9.75632634381462
DesignSafe RC columns combined,Ridge,LeaveOneSourceOut,38,129,Lehman et al,64.07,108.270451848831
DesignSafe RC columns combined,Ridge,LeaveOneSourceOut,38,130,Lehman et al,33.94,19.1857068102589
DesignSafe RC columns combined,Ridge,LeaveOneSourceOut,38,131,Lehman et al,22.82,-25.35666570902714
DesignSafe RC columns combined,Ridge,LeaveOneSourceOut,38,132,Lehman et al,40.46,108.270451848831
DesignSafe RC columns combined,Ridge,LeaveOneSourceOut,38,133,Lehman et al,107.9,108.270451848831
DesignSafe RC columns combined,Ridge,LeaveOneSourceOut,39,93,Lim,4.28,-14.727748401506155
DesignSafe RC columns combined,Ridge,LeaveOneSourceOut,39,94,Lim,9.3,11.796745204439524
DesignSafe RC columns combined,Ridge,LeaveOneSourceOut,39,95,Lim,9.67,12.603782776349206
DesignSafe RC columns combined,Ridge,LeaveOneSourceOut,40,209,Lynn,59.8,68.14768370543175
DesignSafe RC columns combined,Ridge,LeaveOneSourceOut,40,237,Lynn,54.13,56.98566172646913
DesignSafe RC columns combined,Ridge,LeaveOneSourceOut,40,238,Lynn,68.79,71.06291361603118
DesignSafe RC columns combined,Ridge,LeaveOneSourceOut,40,239,Lynn,52.5,56.984401467046816
DesignSafe RC columns combined,Ridge,LeaveOneSourceOut,40,240,Lynn,82.5,97.2429009580415
DesignSafe RC columns combined,Ridge,LeaveOneSourceOut,40,282,Lynn,73.73,82.23193344643191
DesignSafe RC columns combined,Ridge,LeaveOneSourceOut,40,283,Lynn,80.03,97.3279375529193
DesignSafe RC columns combined,Ridge,LeaveOneSourceOut,40,284,Lynn,59.8,68.14768370543175
DesignSafe RC columns combined,Ridge,LeaveOneSourceOut,41,418,Matamoros et al.,15.8,7.675051980917189
DesignSafe RC columns combined,Ridge,LeaveOneSourceOut,41,419,Matamoros et al.,15.3,7.640045153786801
DesignSafe RC columns combined,Ridge,LeaveOneSourceOut,41,420,Matamoros et al.,21.5,10.657276314352544
DesignSafe RC columns combined,Ridge,LeaveOneSourceOut,41,421,Matamoros et al.,21.2,10.402699965612058
DesignSafe RC columns combined,Ridge,LeaveOneSourceOut,41,422,Matamoros et al.,24.2,14.221272228414634
DesignSafe RC columns combined,Ridge,LeaveOneSourceOut,41,423,Matamoros et al.,23.3,13.419543056684958
DesignSafe RC columns combined,Ridge,LeaveOneSourceOut,41,424,Matamoros et al.,13.3,7.138792099640725
DesignSafe RC columns combined,Ridge,LeaveOneSourceOut,41,425,Matamoros et al.,13.11,7.450112079036856
DesignSafe RC columns combined,Ridge,LeaveOneSourceOut,41,426,Matamoros et al.,16.3,9.853588065986585
DesignSafe RC columns combined,Ridge,LeaveOneSourceOut,41,427,Matamoros et al.,16.3,9.864456467749221
DesignSafe RC columns combined,Ridge,LeaveOneSourceOut,41,428,Matamoros et al.,19.0,14.484791423807266
DesignSafe RC columns combined,Ridge,LeaveOneSourceOut,41,429,Matamoros et al.,19.0,14.424819443587637
DesignSafe RC columns combined,Ridge,LeaveOneSourceOut,42,25,McDaniel,91.15,126.72320841340101
DesignSafe RC columns combined,Ridge,LeaveOneSourceOut,42,26,McDaniel,74.7,126.68867391256327
DesignSafe RC columns combined,Ridge,LeaveOneSourceOut,42,27,McDaniel,74.7,126.25706940005267
DesignSafe RC columns combined,Ridge,LeaveOneSourceOut,43,491,Melek,45.6,27.324333610148923
DesignSafe RC columns combined,Ridge,LeaveOneSourceOut,43,492,Melek,52.5,34.682185644510504
DesignSafe RC columns combined,Ridge,LeaveOneSourceOut,43,493,Melek,64.1,42.040037678872096
DesignSafe RC columns combined,Ridge,LeaveOneSourceOut,43,494,Melek,60.6,40.13733958094613
DesignSafe RC columns combined,Ridge,LeaveOneSourceOut,43,495,Melek,60.1,40.13733958094613
DesignSafe RC columns combined,Ridge,LeaveOneSourceOut,43,496,Melek,76.6,52.91773231069838
DesignSafe RC columns combined,Ridge,LeaveOneSourceOut,44,430,Mo and Wang,56.2,70.31305431598986
DesignSafe RC columns combined,Ridge,LeaveOneSourceOut,44,431,Mo and Wang,60.15,73.33607117720557
DesignSafe RC columns combined,Ridge,LeaveOneSourceOut,44,432,Mo and Wang,68.63,76.41026212917987
DesignSafe RC columns combined,Ridge,LeaveOneSourceOut,44,433,Mo and Wang,55.76,70.09059789998803
DesignSafe RC columns combined,Ridge,LeaveOneSourceOut,44,434,Mo and Wang,64.21,73.11206282660741
DesignSafe RC columns combined,Ridge,LeaveOneSourceOut,44,435,Mo and Wang,69.65,76.188880087162
DesignSafe RC columns combined,Ridge,LeaveOneSourceOut,44,436,Mo and Wang,56.75,69.85055289189464
DesignSafe RC columns combined,Ridge,LeaveOneSourceOut,44,437,Mo and Wang,63.5,72.89740583450691
DesignSafe RC columns combined,Ridge,LeaveOneSourceOut,44,438,Mo and Wang,68.05,75.97314872107752
DesignSafe RC columns combined,Ridge,LeaveOneSourceOut,45,330,Mugurma et al.,54.53,33.023095456018495
DesignSafe RC columns combined,Ridge,LeaveOneSourceOut,45,331,Mugurma et al.,54.88,50.775669189992605
DesignSafe RC columns combined,Ridge,LeaveOneSourceOut,45,332,Mugurma et al.,54.43,49.78294186208655
DesignSafe RC columns combined,Ridge,LeaveOneSourceOut,45,333,Mugurma et al.,55.45,61.46958419499497
DesignSafe RC columns combined,Ridge,LeaveOneSourceOut,45,334,Mugurma et al.,57.25,35.250380694001436
DesignSafe RC columns combined,Ridge,LeaveOneSourceOut,45,335,Mugurma et al.,57.45,46.93702302690985
DesignSafe RC columns combined,Ridge,LeaveOneSourceOut,45,336,Mugurma et al.,64.89,46.043125199124745
DesignSafe RC columns combined,Ridge,LeaveOneSourceOut,45,337,Mugurma et al.,64.76,57.72976753203316
DesignSafe RC columns combined,Ridge,LeaveOneSourceOut,46,75,Munro ,31.1,42.80911950860557
DesignSafe RC columns combined,Ridge,LeaveOneSourceOut,47,172,Nagasaka,19.67,11.47430984544841
DesignSafe RC columns combined,Ridge,LeaveOneSourceOut,47,211,Nagasaka,25.32,15.182290238081855
DesignSafe RC columns combined,Ridge,LeaveOneSourceOut,48,204,Nakamura et al.,61.03,61.25848449168381
DesignSafe RC columns combined,Ridge,LeaveOneSourceOut,48,205,Nakamura et al.,59.12,64.15386433121701
DesignSafe RC columns combined,Ridge,LeaveOneSourceOut,48,206,Nakamura et al.,65.62,64.15386433121701
DesignSafe RC columns combined,Ridge,LeaveOneSourceOut,49,148,Nelson et al.,69.32,93.16166651042118
DesignSafe RC columns combined,Ridge,LeaveOneSourceOut,49,149,Nelson et al.,65.95,90.2552371054793
DesignSafe RC columns combined,Ridge,LeaveOneSourceOut,49,150,Nelson et al.,61.89,88.79940026068626
DesignSafe RC columns combined,Ridge,LeaveOneSourceOut,49,151,Nelson et al.,59.64,88.76024883350301
DesignSafe RC columns combined,Ridge,LeaveOneSourceOut,50,76,Ng,8.23,-18.103438009684695
DesignSafe RC columns combined,Ridge,LeaveOneSourceOut,50,77,Ng,17.56,0.9879680442532432
DesignSafe RC columns combined,Ridge,LeaveOneSourceOut,51,399,Nosho et al,14.78,-38.864154310805354
DesignSafe RC columns combined,Ridge,LeaveOneSourceOut,52,320,Ohno and Nishioka,27.21,37.53971140663315
DesignSafe RC columns combined,Ridge,LeaveOneSourceOut,52,321,Ohno and Nishioka,24.44,37.53971140663315
DesignSafe RC columns combined,Ridge,LeaveOneSourceOut,52,322,Ohno and Nishioka,24.76,37.539711406633145
DesignSafe RC columns combined,Ridge,LeaveOneSourceOut,53,212,Ohue,22.79,13.64563671164445
DesignSafe RC columns combined,Ridge,LeaveOneSourceOut,53,213,Ohue,24.86,19.89383719660995
DesignSafe RC columns combined,Ridge,LeaveOneSourceOut,54,31,Omar,17.84,8.574715817866434
DesignSafe RC columns combined,Ridge,LeaveOneSourceOut,54,32,Omar,17.34,-0.3137991026008464
DesignSafe RC columns combined,Ridge,LeaveOneSourceOut,55,219,Ono,29.27,20.366970736821322
DesignSafe RC columns combined,Ridge,LeaveOneSourceOut,55,220,Ono,30.73,24.991793891103384
DesignSafe RC columns combined,Ridge,LeaveOneSourceOut,56,194,Ousalem,36.19,47.960992415431264
DesignSafe RC columns combined,Ridge,LeaveOneSourceOut,56,195,Ousalem,38.49,56.94721467571774
DesignSafe RC columns combined,Ridge,LeaveOneSourceOut,56,196,Ousalem,52.85,53.66528026197925
DesignSafe RC columns combined,Ridge,LeaveOneSourceOut,56,197,Ousalem,48.67,51.5215967944831
DesignSafe RC columns combined,Ridge,LeaveOneSourceOut,56,198,Ousalem,73.53,64.34485348239043
DesignSafe RC columns combined,Ridge,LeaveOneSourceOut,56,199,Ousalem,55.03,54.77401679192534
DesignSafe RC columns combined,Ridge,LeaveOneSourceOut,56,200,Ousalem,56.4,54.77401679192534
DesignSafe RC columns combined,Ridge,LeaveOneSourceOut,56,201,Ousalem,59.77,65.42446082643198
DesignSafe RC columns combined,Ridge,LeaveOneSourceOut,56,202,Ousalem,66.47,65.42446082643198
DesignSafe RC columns combined,Ridge,LeaveOneSourceOut,56,203,Ousalem,76.45,64.36381273460304
DesignSafe RC columns combined,Ridge,LeaveOneSourceOut,57,187,Pandey,30.56,23.15360432596478
DesignSafe RC columns combined,Ridge,LeaveOneSourceOut,57,210,Pandey,41.99,39.28309639381023
DesignSafe RC columns combined,Ridge,LeaveOneSourceOut,57,289,Pandey,41.61,47.67131761721048
DesignSafe RC columns combined,Ridge,LeaveOneSourceOut,57,290,Pandey,28.15,25.109927912566327
DesignSafe RC columns combined,Ridge,LeaveOneSourceOut,58,318,Park and Paulay,88.81,97.89257496407947
DesignSafe RC columns combined,Ridge,LeaveOneSourceOut,59,453,Paultre & Legeron,27.65,15.752219374897457
DesignSafe RC columns combined,Ridge,LeaveOneSourceOut,59,454,Paultre & Legeron,35.92,32.20662757823742
DesignSafe RC columns combined,Ridge,LeaveOneSourceOut,59,455,Paultre & Legeron,43.84,50.36088944428767
DesignSafe RC columns combined,Ridge,LeaveOneSourceOut,59,456,Paultre & Legeron,25.16,7.04767624319166
DesignSafe RC columns combined,Ridge,LeaveOneSourceOut,59,457,Paultre & Legeron,37.71,23.506344548211466
DesignSafe RC columns combined,Ridge,LeaveOneSourceOut,59,458,Paultre & Legeron,41.59,41.61365806247563
DesignSafe RC columns combined,Ridge,LeaveOneSourceOut,60,459,Paultre et al.,38.04,51.718686879333234
DesignSafe RC columns combined,Ridge,LeaveOneSourceOut,60,460,Paultre et al.,47.86,70.37554939831618
DesignSafe RC columns combined,Ridge,LeaveOneSourceOut,60,461,Paultre et al.,44.56,67.46953754734909
DesignSafe RC columns combined,Ridge,LeaveOneSourceOut,60,462,Paultre et al.,45.34,65.41544918421276
DesignSafe RC columns combined,Ridge,LeaveOneSourceOut,60,463,Paultre et al.,45.31,91.11557745665591
DesignSafe RC columns combined,Ridge,LeaveOneSourceOut,60,464,Paultre et al.,47.32,85.29579409918475
DesignSafe RC columns combined,Ridge,LeaveOneSourceOut,61,50,Petrovski,19.32,12.053204989254382
DesignSafe RC columns combined,Ridge,LeaveOneSourceOut,61,51,Petrovski,20.9,13.808705137543662
DesignSafe RC columns combined,Ridge,LeaveOneSourceOut,61,91,Petrovski,7.55,-31.828166040437345
DesignSafe RC columns combined,Ridge,LeaveOneSourceOut,61,92,Petrovski,8.31,-30.24804235298486
DesignSafe RC columns combined,Ridge,LeaveOneSourceOut,62,34,Potangaroa,165.0,197.58933488827702
DesignSafe RC columns combined,Ridge,LeaveOneSourceOut,62,80,Potangaroa,154.47,160.05913165325512
DesignSafe RC columns combined,Ridge,LeaveOneSourceOut,62,81,Potangaroa,175.54,190.8045395764154
DesignSafe RC columns combined,Ridge,LeaveOneSourceOut,62,82,Potangaroa,182.48,184.13563413025312
DesignSafe RC columns combined,Ridge,LeaveOneSourceOut,62,83,Potangaroa,210.65,233.78453525739192
DesignSafe RC columns combined,Ridge,LeaveOneSourceOut,63,58,Priestley,94.05,140.672115557313
DesignSafe RC columns combined,Ridge,LeaveOneSourceOut,63,59,Priestley,132.04,140.27798923399726
DesignSafe RC columns combined,Ridge,LeaveOneSourceOut,64,465,Pujol,25.52,37.0636803171372
DesignSafe RC columns combined,Ridge,LeaveOneSourceOut,64,466,Pujol,25.52,37.0636803171372
DesignSafe RC columns combined,Ridge,LeaveOneSourceOut,64,467,Pujol,26.08,42.12098314684055
DesignSafe RC columns combined,Ridge,LeaveOneSourceOut,64,468,Pujol,26.08,42.12098314684055
DesignSafe RC columns combined,Ridge,LeaveOneSourceOut,64,469,Pujol,25.52,37.831533167416325
DesignSafe RC columns combined,Ridge,LeaveOneSourceOut,64,470,Pujol,25.52,37.831533167416325
DesignSafe RC columns combined,Ridge,LeaveOneSourceOut,64,471,Pujol,25.65,40.014366318095014
DesignSafe RC columns combined,Ridge,LeaveOneSourceOut,64,472,Pujol,25.65,40.014366318095014
DesignSafe RC columns combined,Ridge,LeaveOneSourceOut,64,473,Pujol,29.38,39.332591233702736
DesignSafe RC columns combined,Ridge,LeaveOneSourceOut,64,474,Pujol,29.38,39.332591233702736
DesignSafe RC columns combined,Ridge,LeaveOneSourceOut,64,475,Pujol,26.03,39.881857937751704
DesignSafe RC columns combined,Ridge,LeaveOneSourceOut,64,476,Pujol,26.03,39.881857937751704
DesignSafe RC columns combined,Ridge,LeaveOneSourceOut,64,477,Pujol,26.47,39.83166943331285
DesignSafe RC columns combined,Ridge,LeaveOneSourceOut,64,478,Pujol,26.47,39.83166943331285
DesignSafe RC columns combined,Ridge,LeaveOneSourceOut,65,68,Ranf,48.31,82.2508515532777
DesignSafe RC columns combined,Ridge,LeaveOneSourceOut,65,69,Ranf,59.87,88.04961276917035
DesignSafe RC columns combined,Ridge,LeaveOneSourceOut,65,70,Ranf,62.06,88.27134041506707
DesignSafe RC columns combined,Ridge,LeaveOneSourceOut,65,71,Ranf,59.99,87.02174327446164
DesignSafe RC columns combined,Ridge,LeaveOneSourceOut,66,155,Roeder,26.59,38.77441412753746
DesignSafe RC columns combined,Ridge,LeaveOneSourceOut,66,156,Roeder,27.21,38.785148648280995
DesignSafe RC columns combined,Ridge,LeaveOneSourceOut,66,157,Roeder,30.69,38.92219837971177
DesignSafe RC columns combined,Ridge,LeaveOneSourceOut,66,158,Roeder,38.28,52.56311826537964
DesignSafe RC columns combined,Ridge,LeaveOneSourceOut,66,159,Roeder,41.29,54.273579918589476
DesignSafe RC columns combined,Ridge,LeaveOneSourceOut,66,160,Roeder,40.83,54.67023073288336
DesignSafe RC columns combined,Ridge,LeaveOneSourceOut,66,161,Roeder,39.92,54.67023073288336
DesignSafe RC columns combined,Ridge,LeaveOneSourceOut,66,162,Roeder,44.59,54.273579918589476
DesignSafe RC columns combined,Ridge,LeaveOneSourceOut,67,277,Saatcioglu,61.66,62.78002977644925
DesignSafe RC columns combined,Ridge,LeaveOneSourceOut,68,408,Saatcioglu and Giria,43.76,47.004921843611896
DesignSafe RC columns combined,Ridge,LeaveOneSourceOut,68,409,Saatcioglu and Giria,42.96,55.440211275800934
DesignSafe RC columns combined,Ridge,LeaveOneSourceOut,68,410,Saatcioglu and Giria,36.93,41.98045973897771
DesignSafe RC columns combined,Ridge,LeaveOneSourceOut,68,411,Saatcioglu and Giria,46.47,58.89039180755288
DesignSafe RC columns combined,Ridge,LeaveOneSourceOut,68,412,Saatcioglu and Giria,53.35,67.54665909072062
DesignSafe RC columns combined,Ridge,LeaveOneSourceOut,68,413,Saatcioglu and Giria,49.78,62.13300770598932
DesignSafe RC columns combined,Ridge,LeaveOneSourceOut,68,414,Saatcioglu and Giria,48.44,66.64987318445147
DesignSafe RC columns combined,Ridge,LeaveOneSourceOut,68,415,Saatcioglu and Giria,44.62,53.035251915445905
DesignSafe RC columns combined,Ridge,LeaveOneSourceOut,68,416,Saatcioglu and Giria,49.31,69.13289781901548
DesignSafe RC columns combined,Ridge,LeaveOneSourceOut,68,417,Saatcioglu and Giria,53.5,70.02968372528466
DesignSafe RC columns combined,Ridge,LeaveOneSourceOut,69,357,Saatcioglu and Ozcebe,62.09,54.766003277831395
DesignSafe RC columns combined,Ridge,LeaveOneSourceOut,69,358,Saatcioglu and Ozcebe,60.92,71.67322891980307
DesignSafe RC columns combined,Ridge,LeaveOneSourceOut,69,359,Saatcioglu and Ozcebe,73.26,74.56427006119179
DesignSafe RC columns combined,Ridge,LeaveOneSourceOut,69,360,Saatcioglu and Ozcebe,77.06,72.17114893269483
DesignSafe RC columns combined,Ridge,LeaveOneSourceOut,69,361,Saatcioglu and Ozcebe,76.84,71.62895006232526
DesignSafe RC columns combined,Ridge,LeaveOneSourceOut,70,140,Saatcioglu et al.,15.97,4.136043154008007
DesignSafe RC columns combined,Ridge,LeaveOneSourceOut,70,141,Saatcioglu et al.,15.35,-8.41728464496341
DesignSafe RC columns combined,Ridge,LeaveOneSourceOut,70,142,Saatcioglu et al.,18.38,15.199941229879634
DesignSafe RC columns combined,Ridge,LeaveOneSourceOut,70,143,Saatcioglu et al.,19.16,5.453743859253734
DesignSafe RC columns combined,Ridge,LeaveOneSourceOut,70,144,Saatcioglu et al.,17.63,-3.520549269299039
DesignSafe RC columns combined,Ridge,LeaveOneSourceOut,70,145,Saatcioglu et al.,16.6,2.7112316730123283
DesignSafe RC columns combined,Ridge,LeaveOneSourceOut,70,146,Saatcioglu et al.,18.28,15.199941229879634
DesignSafe RC columns combined,Ridge,LeaveOneSourceOut,70,147,Saatcioglu et al.,21.58,2.615905219369729
DesignSafe RC columns combined,Ridge,LeaveOneSourceOut,71,338,Sakai et al.,92.71,66.4689478495571
DesignSafe RC columns combined,Ridge,LeaveOneSourceOut,71,339,Sakai et al.,92.99,69.00813320296797
DesignSafe RC columns combined,Ridge,LeaveOneSourceOut,71,340,Sakai et al.,96.29,56.38196300386569
DesignSafe RC columns combined,Ridge,LeaveOneSourceOut,71,341,Sakai et al.,91.09,74.99577015380984
DesignSafe RC columns combined,Ridge,LeaveOneSourceOut,71,342,Sakai et al.,91.18,70.18022012540607
DesignSafe RC columns combined,Ridge,LeaveOneSourceOut,71,343,Sakai et al.,94.43,68.73268555258686
DesignSafe RC columns combined,Ridge,LeaveOneSourceOut,71,344,Sakai et al.,91.06,63.26032559509074
DesignSafe RC columns combined,Ridge,LeaveOneSourceOut,72,243,Sezen ,70.76,84.78238436445983
DesignSafe RC columns combined,Ridge,LeaveOneSourceOut,72,244,Sezen ,80.73,112.93454124046761
DesignSafe RC columns combined,Ridge,LeaveOneSourceOut,72,245,Sezen ,66.22,84.76876560071327
DesignSafe RC columns combined,Ridge,LeaveOneSourceOut,73,299,Soesianawati et al.,44.87,48.43761063131453
DesignSafe RC columns combined,Ridge,LeaveOneSourceOut,73,300,Soesianawati et al.,62.78,68.44686896927735
DesignSafe RC columns combined,Ridge,LeaveOneSourceOut,73,301,Soesianawati et al.,62.27,66.85565724246092
DesignSafe RC columns combined,Ridge,LeaveOneSourceOut,73,302,Soesianawati et al.,59.47,61.110840259327354
DesignSafe RC columns combined,Ridge,LeaveOneSourceOut,74,137,Sritharan et al.,97.48,115.58686006045741
DesignSafe RC columns combined,Ridge,LeaveOneSourceOut,74,138,Sritharan et al.,96.79,115.55080581462173
DesignSafe RC columns combined,Ridge,LeaveOneSourceOut,74,139,Sritharan et al.,103.48,118.84361987738168
DesignSafe RC columns combined,Ridge,LeaveOneSourceOut,75,98,Stone,14.41,9.406707943973153
DesignSafe RC columns combined,Ridge,LeaveOneSourceOut,75,99,Stone,16.51,11.00421147772343
DesignSafe RC columns combined,Ridge,LeaveOneSourceOut,75,100,Stone,7.17,-21.496635204902688
DesignSafe RC columns combined,Ridge,LeaveOneSourceOut,75,101,Stone,14.1,9.405689007213482
DesignSafe RC columns combined,Ridge,LeaveOneSourceOut,75,102,Stone,17.21,11.00637606823566
DesignSafe RC columns combined,Ridge,LeaveOneSourceOut,75,103,Stone,6.67,-21.979150925554322
DesignSafe RC columns combined,Ridge,LeaveOneSourceOut,76,394,Sugano,75.14,97.28473415321686
DesignSafe RC columns combined,Ridge,LeaveOneSourceOut,76,395,Sugano,82.05,98.56730602724924
DesignSafe RC columns combined,Ridge,LeaveOneSourceOut,76,396,Sugano,91.89,99.62411233099208
DesignSafe RC columns combined,Ridge,LeaveOneSourceOut,76,397,Sugano,82.67,77.69366556124497
DesignSafe RC columns combined,Ridge,LeaveOneSourceOut,76,398,Sugano,83.18,78.75047186498782
DesignSafe RC columns combined,Ridge,LeaveOneSourceOut,77,484,Takemura and Kawashima,34.12,57.23355833354679
DesignSafe RC columns combined,Ridge,LeaveOneSourceOut,77,485,Takemura and Kawashima,33.26,57.234553499554835
DesignSafe RC columns combined,Ridge,LeaveOneSourceOut,77,486,Takemura and Kawashima,34.42,57.241519661611115
DesignSafe RC columns combined,Ridge,LeaveOneSourceOut,77,487,Takemura and Kawashima,35.31,57.246993074655336
DesignSafe RC columns combined,Ridge,LeaveOneSourceOut,77,488,Takemura and Kawashima,35.85,57.22908008651061
DesignSafe RC columns combined,Ridge,LeaveOneSourceOut,77,489,Takemura and Kawashima,38.35,57.233558333546796
DesignSafe RC columns combined,Ridge,LeaveOneSourceOut,78,310,Tanaka and Park,37.56,57.506264351671454
DesignSafe RC columns combined,Ridge,LeaveOneSourceOut,78,311,Tanaka and Park,37.71,57.506264351671454
DesignSafe RC columns combined,Ridge,LeaveOneSourceOut,78,312,Tanaka and Park,39.41,57.506264351671454
DesignSafe RC columns combined,Ridge,LeaveOneSourceOut,78,313,Tanaka and Park,38.31,57.506264351671454
DesignSafe RC columns combined,Ridge,LeaveOneSourceOut,78,314,Tanaka and Park,86.69,111.702419342539
DesignSafe RC columns combined,Ridge,LeaveOneSourceOut,78,315,Tanaka and Park,91.99,111.702419342539
DesignSafe RC columns combined,Ridge,LeaveOneSourceOut,78,316,Tanaka and Park,138.64,140.7866649024099
DesignSafe RC columns combined,Ridge,LeaveOneSourceOut,78,317,Tanaka and Park,139.08,140.783985559779
DesignSafe RC columns combined,Ridge,LeaveOneSourceOut,79,442,Thomsen and Wallace,10.44,-1.2557116676943139
DesignSafe RC columns combined,Ridge,LeaveOneSourceOut,79,443,Thomsen and Wallace,16.45,4.675125063886213
DesignSafe RC columns combined,Ridge,LeaveOneSourceOut,79,444,Thomsen and Wallace,9.13,-2.204259769738954
DesignSafe RC columns combined,Ridge,LeaveOneSourceOut,79,445,Thomsen and Wallace,12.55,0.5470483861590907
DesignSafe RC columns combined,Ridge,LeaveOneSourceOut,79,446,Thomsen and Wallace,14.66,3.4275233875310676
DesignSafe RC columns combined,Ridge,LeaveOneSourceOut,79,447,Thomsen and Wallace,8.99,9.77339956955128
DesignSafe RC columns combined,Ridge,LeaveOneSourceOut,79,448,Thomsen and Wallace,11.51,11.914748514284156
DesignSafe RC columns combined,Ridge,LeaveOneSourceOut,79,449,Thomsen and Wallace,12.98,14.52800182084249
DesignSafe RC columns combined,Ridge,LeaveOneSourceOut,79,450,Thomsen and Wallace,12.82,13.564592723590138
DesignSafe RC columns combined,Ridge,LeaveOneSourceOut,79,451,Thomsen and Wallace,14.11,13.276686893992391
DesignSafe RC columns combined,Ridge,LeaveOneSourceOut,79,452,Thomsen and Wallace,12.06,11.999510995361021
DesignSafe RC columns combined,Ridge,LeaveOneSourceOut,80,179,Umehara,72.53,86.70229224967969
DesignSafe RC columns combined,Ridge,LeaveOneSourceOut,80,180,Umehara,59.16,65.79396815242954
DesignSafe RC columns combined,Ridge,LeaveOneSourceOut,81,261,Umemura & Endo ,15.75,-2.927568129543566
DesignSafe RC columns combined,Ridge,LeaveOneSourceOut,81,262,Umemura & Endo ,24.0,5.119968255024055
DesignSafe RC columns combined,Ridge,LeaveOneSourceOut,81,263,Umemura & Endo ,18.67,-11.258666061576257
DesignSafe RC columns combined,Ridge,LeaveOneSourceOut,81,264,Umemura & Endo ,17.93,4.205341925344946
DesignSafe RC columns combined,Ridge,LeaveOneSourceOut,81,265,Umemura & Endo ,11.3,-0.6078984115477866
DesignSafe RC columns combined,Ridge,LeaveOneSourceOut,81,266,Umemura & Endo ,13.2,-0.686321549307344
DesignSafe RC columns combined,Ridge,LeaveOneSourceOut,81,267,Umemura & Endo ,15.34,2.8712592238428343
DesignSafe RC columns combined,Ridge,LeaveOneSourceOut,81,268,Umemura & Endo ,15.62,2.8167948360090307
DesignSafe RC columns combined,Ridge,LeaveOneSourceOut,82,186,Verma,141.1,102.73635542427292
DesignSafe RC columns combined,Ridge,LeaveOneSourceOut,82,276,Verma,127.9,125.06607931051155
DesignSafe RC columns combined,Ridge,LeaveOneSourceOut,83,60,Vu,63.66,105.14479853155639
DesignSafe RC columns combined,Ridge,LeaveOneSourceOut,83,61,Vu,221.45,136.42098127319127
DesignSafe RC columns combined,Ridge,LeaveOneSourceOut,83,62,Vu,89.52,103.32083796577297
DesignSafe RC columns combined,Ridge,LeaveOneSourceOut,84,123,Vu et al.,139.38,120.22336683810974
DesignSafe RC columns combined,Ridge,LeaveOneSourceOut,84,124,Vu et al.,124.0,107.09140181066962
DesignSafe RC columns combined,Ridge,LeaveOneSourceOut,84,125,Vu et al.,249.3,148.4686608007136
DesignSafe RC columns combined,Ridge,LeaveOneSourceOut,85,305,Watson and Park,65.65,91.43972014057844
DesignSafe RC columns combined,Ridge,LeaveOneSourceOut,85,306,Watson and Park,66.32,88.45531369464348
DesignSafe RC columns combined,Ridge,LeaveOneSourceOut,85,307,Watson and Park,66.44,111.31529295844827
DesignSafe RC columns combined,Ridge,LeaveOneSourceOut,85,308,Watson and Park,66.4,108.613932420122
DesignSafe RC columns combined,Ridge,LeaveOneSourceOut,85,309,Watson and Park,69.58,113.58783571728912
DesignSafe RC columns combined,Ridge,LeaveOneSourceOut,86,87,Watson_Park,47.72,69.66476143813568
DesignSafe RC columns combined,Ridge,LeaveOneSourceOut,86,88,Watson_Park,46.41,86.00011102545236
DesignSafe RC columns combined,Ridge,LeaveOneSourceOut,87,386,Wehbe et al.,82.82,79.27965853994962
DesignSafe RC columns combined,Ridge,LeaveOneSourceOut,87,387,Wehbe et al.,89.98,91.62919886995431
DesignSafe RC columns combined,Ridge,LeaveOneSourceOut,87,388,Wehbe et al.,85.41,81.46741316548844
DesignSafe RC columns combined,Ridge,LeaveOneSourceOut,87,389,Wehbe et al.,96.87,94.14221571735737
DesignSafe RC columns combined,Ridge,LeaveOneSourceOut,88,208,Wight,17.81,11.571090301326414
DesignSafe RC columns combined,Ridge,LeaveOneSourceOut,88,222,Wight,22.2,14.167489050439983
DesignSafe RC columns combined,Ridge,LeaveOneSourceOut,88,223,Wight,22.77,14.167489050439983
DesignSafe RC columns combined,Ridge,LeaveOneSourceOut,88,224,Wight,23.51,18.137031680337223
DesignSafe RC columns combined,Ridge,LeaveOneSourceOut,88,225,Wight,22.14,18.137031680337223
DesignSafe RC columns combined,Ridge,LeaveOneSourceOut,88,226,Wight,21.18,14.023265315956031
DesignSafe RC columns combined,Ridge,LeaveOneSourceOut,88,227,Wight,23.58,14.023265315956031
DesignSafe RC columns combined,Ridge,LeaveOneSourceOut,88,228,Wight,19.76,13.095580539753776
DesignSafe RC columns combined,Ridge,LeaveOneSourceOut,88,229,Wight,20.97,13.095580539753776
DesignSafe RC columns combined,Ridge,LeaveOneSourceOut,88,230,Wight,22.11,15.674803361336302
DesignSafe RC columns combined,Ridge,LeaveOneSourceOut,88,231,Wight,22.83,20.80573236093251
DesignSafe RC columns combined,Ridge,LeaveOneSourceOut,88,232,Wight,22.34,20.80573236093251
DesignSafe RC columns combined,Ridge,LeaveOneSourceOut,88,233,Wight,26.92,20.655863687430553
DesignSafe RC columns combined,Ridge,LeaveOneSourceOut,88,234,Wight,27.08,20.655863687430553
DesignSafe RC columns combined,Ridge,LeaveOneSourceOut,88,235,Wight,27.24,16.31314959021349
DesignSafe RC columns combined,Ridge,LeaveOneSourceOut,88,236,Wight,27.21,16.31314959021349
DesignSafe RC columns combined,Ridge,LeaveOneSourceOut,89,49,Wong,109.99,99.93919220002957
DesignSafe RC columns combined,Ridge,LeaveOneSourceOut,90,89,Wong et al.,103.69,85.67096578438714
DesignSafe RC columns combined,Ridge,LeaveOneSourceOut,90,90,Wong et al.,130.07,99.25486241101649
DesignSafe RC columns combined,Ridge,LeaveOneSourceOut,91,29,Xiao,192.07,147.76234747256
DesignSafe RC columns combined,Ridge,LeaveOneSourceOut,91,241,Xiao,60.68,46.88090369531229
DesignSafe RC columns combined,Ridge,LeaveOneSourceOut,91,242,Xiao,72.86,54.3190688760829
DesignSafe RC columns combined,Ridge,LeaveOneSourceOut,92,390,Xiao and Martirossyan,72.86,59.756799404793384
DesignSafe RC columns combined,Ridge,LeaveOneSourceOut,92,391,Xiao and Martirossyan,85.05,66.61871079753013
DesignSafe RC columns combined,Ridge,LeaveOneSourceOut,92,392,Xiao and Martirossyan,61.92,49.43212447794151
DesignSafe RC columns combined,Ridge,LeaveOneSourceOut,92,393,Xiao and Martirossyan,71.68,56.9375849322545
DesignSafe RC columns combined,Ridge,LeaveOneSourceOut,93,30,Yalcin,126.45,128.9160577195799
DesignSafe RC columns combined,Ridge,LeaveOneSourceOut,93,273,Yalcin,132.7,115.62802603449222
DesignSafe RC columns combined,Ridge,LeaveOneSourceOut,94,33,Yarandi,95.23,113.64100381267468
DesignSafe RC columns combined,Ridge,LeaveOneSourceOut,94,287,Yarandi,116.24,108.07862902187598
DesignSafe RC columns combined,Ridge,LeaveOneSourceOut,94,288,Yarandi,128.5,111.91417035291292
DesignSafe RC columns combined,Ridge,LeaveOneSourceOut,95,188,Yoshimura,21.74,15.34148107762843
DesignSafe RC columns combined,Ridge,LeaveOneSourceOut,95,189,Yoshimura,21.52,14.377694786251993
DesignSafe RC columns combined,Ridge,LeaveOneSourceOut,95,190,Yoshimura,36.91,65.2325743487691
DesignSafe RC columns combined,Ridge,LeaveOneSourceOut,95,191,Yoshimura,53.28,59.55185312720193
DesignSafe RC columns combined,Ridge,LeaveOneSourceOut,95,192,Yoshimura,51.55,49.09560519137851
DesignSafe RC columns combined,Ridge,LeaveOneSourceOut,95,193,Yoshimura,58.67,63.24008256221042
DesignSafe RC columns combined,Ridge,LeaveOneSourceOut,95,207,Yoshimura,88.08,93.36775998267332
DesignSafe RC columns combined,Ridge,LeaveOneSourceOut,95,285,Yoshimura,48.94,50.57034770893735
DesignSafe RC columns combined,Ridge,LeaveOneSourceOut,95,286,Yoshimura,47.59,45.301528746506776
DesignSafe RC columns combined,Ridge,LeaveOneSourceOut,95,291,Yoshimura,46.29,57.45914908788934
DesignSafe RC columns combined,Ridge,LeaveOneSourceOut,95,292,Yoshimura,45.21,57.45914908788933
DesignSafe RC columns combined,Ridge,LeaveOneSourceOut,96,303,Zahn ,47.95,51.9517392071778
DesignSafe RC columns combined,Ridge,LeaveOneSourceOut,96,304,Zahn ,60.44,75.40262572154353
DesignSafe RC columns combined,Ridge,LeaveOneSourceOut,97,85,Zahn et al.,32.0,38.50479799780933
DesignSafe RC columns combined,Ridge,LeaveOneSourceOut,97,86,Zahn et al.,39.37,66.27107091605995
DesignSafe RC columns combined,Ridge,LeaveOneSourceOut,98,174,Zhou,18.64,7.193299065746729
DesignSafe RC columns combined,Ridge,LeaveOneSourceOut,98,175,Zhou,20.53,7.193299065746729
DesignSafe RC columns combined,Ridge,LeaveOneSourceOut,98,176,Zhou,25.84,7.71717288547147
DesignSafe RC columns combined,Ridge,LeaveOneSourceOut,98,214,Zhou,8.26,-39.45563167214361
DesignSafe RC columns combined,Ridge,LeaveOneSourceOut,98,215,Zhou,15.22,2.4380366525475594
DesignSafe RC columns combined,Ridge,LeaveOneSourceOut,98,216,Zhou,15.15,2.291938607874009
DesignSafe RC columns combined,Ridge,LeaveOneSourceOut,98,217,Zhou,12.71,-0.052258741766067374
DesignSafe RC columns combined,Ridge,LeaveOneSourceOut,98,218,Zhou,12.34,-0.052258741766067374
DesignSafe RC columns combined,Ridge,LeaveOneSourceOut,98,323,Zhou,16.23,2.4380366525475594
DesignSafe RC columns combined,Random Forest,RandomKFold,0,0,Ang_Beng_Ghee,65.01,72.97676638888896
DesignSafe RC columns combined,Random Forest,RandomKFold,0,2,Ang_Beng_Ghee,63.09,71.70810498677253
DesignSafe RC columns combined,Random Forest,RandomKFold,0,9,Arakawa,39.65,45.83768788359789
DesignSafe RC columns combined,Random Forest,RandomKFold,0,11,Arakawa,44.01,46.99051439153439
DesignSafe RC columns combined,Random Forest,RandomKFold,0,15,Arakawa,43.15,55.55938531746034
DesignSafe RC columns combined,Random Forest,RandomKFold,0,18,Arakawa,55.43,45.3707361772487
DesignSafe RC columns combined,Random Forest,RandomKFold,0,19,Arakawa,41.92,42.33003908730158
DesignSafe RC columns combined,Random Forest,RandomKFold,0,30,Yalcin,126.45,130.6085542328043
DesignSafe RC columns combined,Random Forest,RandomKFold,0,33,Yarandi,95.23,119.60219249999992
DesignSafe RC columns combined,Random Forest,RandomKFold,0,39,Ang_Beng_Ghee,104.54,92.5109130820106
DesignSafe RC columns combined,Random Forest,RandomKFold,0,55,Arakawa,57.15,44.15831161375664
DesignSafe RC columns combined,Random Forest,RandomKFold,0,63,Hamilton,32.21,41.498101150793666
DesignSafe RC columns combined,Random Forest,RandomKFold,0,68,Ranf,48.31,59.04489063492063
DesignSafe RC columns combined,Random Forest,RandomKFold,0,69,Ranf,59.87,61.15946571428567
DesignSafe RC columns combined,Random Forest,RandomKFold,0,70,Ranf,62.06,61.04767460317456
DesignSafe RC columns combined,Random Forest,RandomKFold,0,72,Davey,44.01,42.460044629629664
DesignSafe RC columns combined,Random Forest,RandomKFold,0,73,Davey,77.04,42.475986455026465
DesignSafe RC columns combined,Random Forest,RandomKFold,0,75,Munro ,31.1,39.56718529100532
DesignSafe RC columns combined,Random Forest,RandomKFold,0,76,Ng,8.23,14.961114527417028
DesignSafe RC columns combined,Random Forest,RandomKFold,0,77,Ng,17.56,21.959870291005277
DesignSafe RC columns combined,Random Forest,RandomKFold,0,78,Ang,31.31,39.36697059601619
DesignSafe RC columns combined,Random Forest,RandomKFold,0,79,Ang,36.74,45.803330476190496
DesignSafe RC columns combined,Random Forest,RandomKFold,0,82,Potangaroa,182.48,184.59919990860965
DesignSafe RC columns combined,Random Forest,RandomKFold,0,84,Ang et al.,88.3,77.16274711640212
DesignSafe RC columns combined,Random Forest,RandomKFold,0,86,Zahn et al.,39.37,45.76121316137571
DesignSafe RC columns combined,Random Forest,RandomKFold,0,90,Wong et al.,130.07,111.20504616402117
DesignSafe RC columns combined,Random Forest,RandomKFold,0,93,Lim,4.28,16.044893412698414
DesignSafe RC columns combined,Random Forest,RandomKFold,0,101,Stone,14.1,15.247258928571437
DesignSafe RC columns combined,Random Forest,RandomKFold,0,104,Kenchiku Siryo,27.96,37.56437238095236
DesignSafe RC columns combined,Random Forest,RandomKFold,0,117,Kunnath,16.42,17.54073467652718
DesignSafe RC columns combined,Random Forest,RandomKFold,0,124,Vu et al.,124.0,115.97945936507934
DesignSafe RC columns combined,Random Forest,RandomKFold,0,126,Kowalsky ,42.04,45.64049268518523
DesignSafe RC columns combined,Random Forest,RandomKFold,0,131,Lehman et al,22.82,55.87332886243388
DesignSafe RC columns combined,Random Forest,RandomKFold,0,132,Lehman et al,40.46,78.57363989417992
DesignSafe RC columns combined,Random Forest,RandomKFold,0,137,Sritharan et al.,97.48,93.0768599867725
DesignSafe RC columns combined,Random Forest,RandomKFold,0,140,Saatcioglu et al.,15.97,16.769311494708983
DesignSafe RC columns combined,Random Forest,RandomKFold,0,153,Henry,64.8,76.48895370370369
DesignSafe RC columns combined,Random Forest,RandomKFold,0,155,Roeder,26.59,30.160170396825386
DesignSafe RC columns combined,Random Forest,RandomKFold,0,173,Imai,105.95,91.29413392857144
DesignSafe RC columns combined,Random Forest,RandomKFold,0,175,Zhou,20.53,20.525016309523792
DesignSafe RC columns combined,Random Forest,RandomKFold,0,182,Aboutaha,101.19,86.34462703703701
DesignSafe RC columns combined,Random Forest,RandomKFold,0,192,Yoshimura,51.55,52.31688210317459
DesignSafe RC columns combined,Random Forest,RandomKFold,0,195,Ousalem,38.49,44.16190388888888
DesignSafe RC columns combined,Random Forest,RandomKFold,0,203,Ousalem,76.45,66.08787853174607
DesignSafe RC columns combined,Random Forest,RandomKFold,0,209,Lynn,59.8,60.83565427248678
DesignSafe RC columns combined,Random Forest,RandomKFold,0,218,Zhou,12.34,18.297225833333325
DesignSafe RC columns combined,Random Forest,RandomKFold,0,231,Wight,22.83,23.737878492063512
DesignSafe RC columns combined,Random Forest,RandomKFold,0,237,Lynn,54.13,56.95513898148148
DesignSafe RC columns combined,Random Forest,RandomKFold,0,245,Sezen ,66.22,69.74029071428576
DesignSafe RC columns combined,Random Forest,RandomKFold,0,247,Iwasaki,35.97,34.25890009259262
DesignSafe RC columns combined,Random Forest,RandomKFold,0,248,Iwasaki,35.39,38.95561113756612
DesignSafe RC columns combined,Random Forest,RandomKFold,0,261,Umemura & Endo ,15.75,19.60480641534392
DesignSafe RC columns combined,Random Forest,RandomKFold,0,265,Umemura & Endo ,11.3,17.228016269841273
DesignSafe RC columns combined,Random Forest,RandomKFold,0,266,Umemura & Endo ,13.2,17.260741269841272
DesignSafe RC columns combined,Random Forest,RandomKFold,0,268,Umemura & Endo ,15.62,17.10855095238096
DesignSafe RC columns combined,Random Forest,RandomKFold,0,271,Kokusho & Fukuhara,24.42,22.47467956349207
DesignSafe RC columns combined,Random Forest,RandomKFold,0,278,Esaki,27.5,26.443344576719568
DesignSafe RC columns combined,Random Forest,RandomKFold,0,287,Yarandi,116.24,151.59288023809518
DesignSafe RC columns combined,Random Forest,RandomKFold,0,289,Pandey,41.61,41.640777208994706
DesignSafe RC columns combined,Random Forest,RandomKFold,0,302,Soesianawati et al.,59.47,62.99087658730157
DesignSafe RC columns combined,Random Forest,RandomKFold,0,316,Tanaka and Park,138.64,125.90081084776325
DesignSafe RC columns combined,Random Forest,RandomKFold,0,320,Ohno and Nishioka,27.21,34.45487076719578
DesignSafe RC columns combined,Random Forest,RandomKFold,0,321,Ohno and Nishioka,24.44,34.45487076719578
DesignSafe RC columns combined,Random Forest,RandomKFold,0,322,Ohno and Nishioka,24.76,34.45487076719578
DesignSafe RC columns combined,Random Forest,RandomKFold,0,331,Mugurma et al.,54.88,55.03547662698418
DesignSafe RC columns combined,Random Forest,RandomKFold,0,332,Mugurma et al.,54.43,66.16422637566136
DesignSafe RC columns combined,Random Forest,RandomKFold,0,333,Mugurma et al.,55.45,65.26733769841267
DesignSafe RC columns combined,Random Forest,RandomKFold,0,342,Sakai et al.,91.18,92.37638841750845
DesignSafe RC columns combined,Random Forest,RandomKFold,0,351,Atalay and Penzein,17.73,19.06811714285712
DesignSafe RC columns combined,Random Forest,RandomKFold,0,354,Atalay and Penzein,17.64,18.616531984126958
DesignSafe RC columns combined,Random Forest,RandomKFold,0,360,Saatcioglu and Ozcebe,77.06,72.99384968660965
DesignSafe RC columns combined,Random Forest,RandomKFold,0,369,Galeota et al. ,24.8,28.994799854497366
DesignSafe RC columns combined,Random Forest,RandomKFold,0,383,Galeota et al. ,38.91,39.67468582010582
DesignSafe RC columns combined,Random Forest,RandomKFold,0,384,Galeota et al. ,38.3,38.94691186507938
DesignSafe RC columns combined,Random Forest,RandomKFold,0,386,Wehbe et al.,82.82,89.32613714285715
DesignSafe RC columns combined,Random Forest,RandomKFold,0,405,Bayrak and Sheikh,44.19,45.87781894300143
DesignSafe RC columns combined,Random Forest,RandomKFold,0,406,Bayrak and Sheikh,38.65,44.153360079365065
DesignSafe RC columns combined,Random Forest,RandomKFold,0,407,Bayrak and Sheikh,40.01,57.461721403318876
DesignSafe RC columns combined,Random Forest,RandomKFold,0,417,Saatcioglu and Giria,53.5,46.516782352092356
DesignSafe RC columns combined,Random Forest,RandomKFold,0,424,Matamoros et al.,13.3,17.191604523809527
DesignSafe RC columns combined,Random Forest,RandomKFold,0,428,Matamoros et al.,19.0,22.707908597883588
DesignSafe RC columns combined,Random Forest,RandomKFold,0,432,Mo and Wang,68.63,63.766726322751325
DesignSafe RC columns combined,Random Forest,RandomKFold,0,436,Mo and Wang,56.75,58.11927182539678
DesignSafe RC columns combined,Random Forest,RandomKFold,0,437,Mo and Wang,63.5,63.958203849206356
DesignSafe RC columns combined,Random Forest,RandomKFold,0,440,Aboutaha and Machado,87.31,88.43577158730167
DesignSafe RC columns combined,Random Forest,RandomKFold,0,447,Thomsen and Wallace,8.99,11.074565740740743
DesignSafe RC columns combined,Random Forest,RandomKFold,0,448,Thomsen and Wallace,11.51,11.849728452380955
DesignSafe RC columns combined,Random Forest,RandomKFold,0,452,Thomsen and Wallace,12.06,13.435513809523814
DesignSafe RC columns combined,Random Forest,RandomKFold,0,461,Paultre et al.,44.56,44.13321297619048
DesignSafe RC columns combined,Random Forest,RandomKFold,0,467,Pujol,26.08,25.96212037037038
DesignSafe RC columns combined,Random Forest,RandomKFold,0,475,Pujol,26.03,26.19987693121695
DesignSafe RC columns combined,Random Forest,RandomKFold,0,480,Kono et al.,42.28,48.84920523809522
DesignSafe RC columns combined,Random Forest,RandomKFold,0,482,Kono et al.,300.95,241.02108353174603
DesignSafe RC columns combined,Random Forest,RandomKFold,0,483,Kono et al.,270.06,238.23123813492057
DesignSafe RC columns combined,Random Forest,RandomKFold,0,487,Takemura and Kawashima,35.31,35.93504964285714
DesignSafe RC columns combined,Random Forest,RandomKFold,0,488,Takemura and Kawashima,35.85,36.06955642857143
DesignSafe RC columns combined,Random Forest,RandomKFold,0,490,Harries,42.7,53.45049866402119
DesignSafe RC columns combined,Random Forest,RandomKFold,0,491,Melek,45.6,54.69299119047616
DesignSafe RC columns combined,Random Forest,RandomKFold,0,492,Melek,52.5,59.17407145502637
DesignSafe RC columns combined,Random Forest,RandomKFold,0,495,Melek,60.1,61.69637575396822
DesignSafe RC columns combined,Random Forest,RandomKFold,1,3,Ang_Beng_Ghee,83.68,92.91450371933617
DesignSafe RC columns combined,Random Forest,RandomKFold,1,5,Ang_Beng_Ghee,98.34,89.80687905002398
DesignSafe RC columns combined,Random Forest,RandomKFold,1,7,Ang_Beng_Ghee,60.8,69.91821698412694
DesignSafe RC columns combined,Random Forest,RandomKFold,1,16,Arakawa,53.6,51.203948134920616
DesignSafe RC columns combined,Random Forest,RandomKFold,1,17,Arakawa,62.74,50.97252373015873
DesignSafe RC columns combined,Random Forest,RandomKFold,1,22,Arakawa,45.24,44.999062870370366
DesignSafe RC columns combined,Random Forest,RandomKFold,1,23,Arakawa,39.58,43.7946312037037
DesignSafe RC columns combined,Random Forest,RandomKFold,1,24,Arakawa,51.88,46.80981321428572
DesignSafe RC columns combined,Random Forest,RandomKFold,1,25,McDaniel,91.15,91.40124281625774
DesignSafe RC columns combined,Random Forest,RandomKFold,1,26,McDaniel,74.7,92.63543911255405
DesignSafe RC columns combined,Random Forest,RandomKFold,1,29,Xiao,192.07,118.1212991666667
DesignSafe RC columns combined,Random Forest,RandomKFold,1,31,Omar,17.84,21.810374044011546
DesignSafe RC columns combined,Random Forest,RandomKFold,1,37,Ang_Beng_Ghee,62.09,64.44560095238091
DesignSafe RC columns combined,Random Forest,RandomKFold,1,42,Ang_Beng_Ghee,118.44,87.91878743386249
DesignSafe RC columns combined,Random Forest,RandomKFold,1,45,Ang_Beng_Ghee,51.78,64.64829011904762
DesignSafe RC columns combined,Random Forest,RandomKFold,1,46,Ang_Beng_Ghee,73.12,83.35768637806633
DesignSafe RC columns combined,Random Forest,RandomKFold,1,56,Arakawa,40.38,43.02196365079364
DesignSafe RC columns combined,Random Forest,RandomKFold,1,57,Arakawa,47.7,85.59539188672437
DesignSafe RC columns combined,Random Forest,RandomKFold,1,60,Vu,63.66,107.62718355820108
DesignSafe RC columns combined,Random Forest,RandomKFold,1,66,Chai,124.2,117.83511175925926
DesignSafe RC columns combined,Random Forest,RandomKFold,1,67,Iwasaki,91.37,93.77611362914863
DesignSafe RC columns combined,Random Forest,RandomKFold,1,83,Potangaroa,210.65,225.7258878571427
DesignSafe RC columns combined,Random Forest,RandomKFold,1,92,Petrovski,8.31,13.272188822751323
DesignSafe RC columns combined,Random Forest,RandomKFold,1,94,Lim,9.3,14.413283571428574
DesignSafe RC columns combined,Random Forest,RandomKFold,1,108,Arakawa,47.71,44.161051904761905
DesignSafe RC columns combined,Random Forest,RandomKFold,1,109,Arakawa,34.67,37.08065440476191
DesignSafe RC columns combined,Random Forest,RandomKFold,1,110,Arakawa,39.15,39.57489603174605
DesignSafe RC columns combined,Random Forest,RandomKFold,1,113,Kunnath,16.97,16.88104098605099
DesignSafe RC columns combined,Random Forest,RandomKFold,1,114,Kunnath,20.86,16.88104098605099
DesignSafe RC columns combined,Random Forest,RandomKFold,1,116,Kunnath,17.75,16.874979319384323
DesignSafe RC columns combined,Random Forest,RandomKFold,1,118,Kunnath,16.86,16.874979319384323
DesignSafe RC columns combined,Random Forest,RandomKFold,1,141,Saatcioglu et al.,15.35,20.93637563492065
DesignSafe RC columns combined,Random Forest,RandomKFold,1,144,Saatcioglu et al.,17.63,20.567405137085128
DesignSafe RC columns combined,Random Forest,RandomKFold,1,145,Saatcioglu et al.,16.6,19.080009991582493
DesignSafe RC columns combined,Random Forest,RandomKFold,1,148,Nelson et al.,69.32,66.08133235088985
DesignSafe RC columns combined,Random Forest,RandomKFold,1,152,Henry,74.19,71.7635560714286
DesignSafe RC columns combined,Random Forest,RandomKFold,1,154,Chai,55.74,57.17306027777781
DesignSafe RC columns combined,Random Forest,RandomKFold,1,157,Roeder,30.69,28.997119947089924
DesignSafe RC columns combined,Random Forest,RandomKFold,1,165,Kowalsky_Moyer,43.08,36.24425993996744
DesignSafe RC columns combined,Random Forest,RandomKFold,1,168,Hamilton,15.81,23.766804457671984
DesignSafe RC columns combined,Random Forest,RandomKFold,1,172,Nagasaka,19.67,24.865681388888888
DesignSafe RC columns combined,Random Forest,RandomKFold,1,176,Zhou,25.84,22.08481702380953
DesignSafe RC columns combined,Random Forest,RandomKFold,1,180,Umehara,59.16,55.04938628306883
DesignSafe RC columns combined,Random Forest,RandomKFold,1,181,Bett,48.02,46.86016779100528
DesignSafe RC columns combined,Random Forest,RandomKFold,1,185,Iwasaki,95.71,87.0349538888889
DesignSafe RC columns combined,Random Forest,RandomKFold,1,193,Yoshimura,58.67,60.87175321428578
DesignSafe RC columns combined,Random Forest,RandomKFold,1,199,Ousalem,55.03,60.325266997354554
DesignSafe RC columns combined,Random Forest,RandomKFold,1,204,Nakamura et al.,61.03,44.528635833333325
DesignSafe RC columns combined,Random Forest,RandomKFold,1,208,Wight,17.81,21.927972261904795
DesignSafe RC columns combined,Random Forest,RandomKFold,1,211,Nagasaka,25.32,29.63324667989417
DesignSafe RC columns combined,Random Forest,RandomKFold,1,220,Ono,30.73,48.40090756613757
DesignSafe RC columns combined,Random Forest,RandomKFold,1,225,Wight,22.14,23.1303932142857
DesignSafe RC columns combined,Random Forest,RandomKFold,1,227,Wight,23.58,21.912880595238107
DesignSafe RC columns combined,Random Forest,RandomKFold,1,229,Wight,20.97,21.33522686507939
DesignSafe RC columns combined,Random Forest,RandomKFold,1,234,Wight,27.08,26.850330555555548
DesignSafe RC columns combined,Random Forest,RandomKFold,1,255,Ikeda,15.92,16.410334113756615
DesignSafe RC columns combined,Random Forest,RandomKFold,1,262,Umemura & Endo ,24.0,20.975352896825402
DesignSafe RC columns combined,Random Forest,RandomKFold,1,274,Elwood,18.14,15.514885846560844
DesignSafe RC columns combined,Random Forest,RandomKFold,1,275,Elwood,19.92,17.347003425925934
DesignSafe RC columns combined,Random Forest,RandomKFold,1,277,Saatcioglu,61.66,67.72823108465606
DesignSafe RC columns combined,Random Forest,RandomKFold,1,280,Esaki,26.77,25.984531719576708
DesignSafe RC columns combined,Random Forest,RandomKFold,1,291,Yoshimura,46.29,40.066777142857134
DesignSafe RC columns combined,Random Forest,RandomKFold,1,294,Gill et al.,182.41,153.38457653439156
DesignSafe RC columns combined,Random Forest,RandomKFold,1,311,Tanaka and Park,37.71,38.74698341269837
DesignSafe RC columns combined,Random Forest,RandomKFold,1,312,Tanaka and Park,39.41,38.74698341269837
DesignSafe RC columns combined,Random Forest,RandomKFold,1,317,Tanaka and Park,139.08,128.28965375661383
DesignSafe RC columns combined,Random Forest,RandomKFold,1,323,Zhou,16.23,18.315812539682536
DesignSafe RC columns combined,Random Forest,RandomKFold,1,325,Kanda et al.,17.99,18.26467249639249
DesignSafe RC columns combined,Random Forest,RandomKFold,1,334,Mugurma et al.,57.25,58.326253849206395
DesignSafe RC columns combined,Random Forest,RandomKFold,1,340,Sakai et al.,96.29,94.12420507936503
DesignSafe RC columns combined,Random Forest,RandomKFold,1,346,Atalay and Penzein,13.76,15.747281349206366
DesignSafe RC columns combined,Random Forest,RandomKFold,1,355,Azizinamini et al.,104.93,73.19123396825393
DesignSafe RC columns combined,Random Forest,RandomKFold,1,356,Azizinamini et al. ,109.99,75.86613797619044
DesignSafe RC columns combined,Random Forest,RandomKFold,1,367,Galeota et al. ,28.86,29.119804986772476
DesignSafe RC columns combined,Random Forest,RandomKFold,1,371,Galeota et al. ,28.43,27.621462605820096
DesignSafe RC columns combined,Random Forest,RandomKFold,1,373,Galeota et al. ,30.3,27.621462605820096
DesignSafe RC columns combined,Random Forest,RandomKFold,1,375,Galeota et al. ,37.12,38.84986885401636
DesignSafe RC columns combined,Random Forest,RandomKFold,1,377,Galeota et al. ,46.03,39.27667025613275
DesignSafe RC columns combined,Random Forest,RandomKFold,1,388,Wehbe et al.,85.41,97.4923653439153
DesignSafe RC columns combined,Random Forest,RandomKFold,1,392,Xiao and Martirossyan,61.92,65.9561859656085
DesignSafe RC columns combined,Random Forest,RandomKFold,1,398,Sugano,83.18,81.96073827922082
DesignSafe RC columns combined,Random Forest,RandomKFold,1,402,Bayrak and Sheikh,33.23,38.14515828042331
DesignSafe RC columns combined,Random Forest,RandomKFold,1,403,Bayrak and Sheikh,33.19,37.4797728835979
DesignSafe RC columns combined,Random Forest,RandomKFold,1,404,Bayrak and Sheikh,44.83,40.66046510582013
DesignSafe RC columns combined,Random Forest,RandomKFold,1,408,Saatcioglu and Giria,43.76,41.235915873015855
DesignSafe RC columns combined,Random Forest,RandomKFold,1,412,Saatcioglu and Giria,53.35,46.50249638888891
DesignSafe RC columns combined,Random Forest,RandomKFold,1,415,Saatcioglu and Giria,44.62,44.37699650793647
DesignSafe RC columns combined,Random Forest,RandomKFold,1,421,Matamoros et al.,21.2,18.779322380952383
DesignSafe RC columns combined,Random Forest,RandomKFold,1,433,Mo and Wang,55.76,56.88540314814819
DesignSafe RC columns combined,Random Forest,RandomKFold,1,434,Mo and Wang,64.21,63.5279732936508
DesignSafe RC columns combined,Random Forest,RandomKFold,1,441,Aboutaha and Machado,95.36,89.06140878306874
DesignSafe RC columns combined,Random Forest,RandomKFold,1,442,Thomsen and Wallace,10.44,20.574643359788368
DesignSafe RC columns combined,Random Forest,RandomKFold,1,446,Thomsen and Wallace,14.66,14.630591785714284
DesignSafe RC columns combined,Random Forest,RandomKFold,1,449,Thomsen and Wallace,12.98,13.003949206349205
DesignSafe RC columns combined,Random Forest,RandomKFold,1,450,Thomsen and Wallace,12.82,12.608555132275129
DesignSafe RC columns combined,Random Forest,RandomKFold,1,463,Paultre et al.,45.31,56.777198730158695
DesignSafe RC columns combined,Random Forest,RandomKFold,1,465,Pujol,25.52,25.301451560846576
DesignSafe RC columns combined,Random Forest,RandomKFold,1,469,Pujol,25.52,25.915764365079383
DesignSafe RC columns combined,Random Forest,RandomKFold,1,476,Pujol,26.03,26.157666984126983
DesignSafe RC columns combined,Random Forest,RandomKFold,1,484,Takemura and Kawashima,34.12,36.15215674603178
DesignSafe RC columns combined,Random Forest,RandomKFold,2,6,Ang_Beng_Ghee,109.4,103.83145264550267
DesignSafe RC columns combined,Random Forest,RandomKFold,2,10,Arakawa,45.82,46.647765317460326
DesignSafe RC columns combined,Random Forest,RandomKFold,2,36,Ang_Beng_Ghee,49.61,69.88244705026455
DesignSafe RC columns combined,Random Forest,RandomKFold,2,38,Ang_Beng_Ghee,74.39,75.57897924603172
DesignSafe RC columns combined,Random Forest,RandomKFold,2,59,Priestley,132.04,111.77843969576713
DesignSafe RC columns combined,Random Forest,RandomKFold,2,74,Davey,34.57,55.58803623015875
DesignSafe RC columns combined,Random Forest,RandomKFold,2,81,Potangaroa,175.54,154.73026527777782
DesignSafe RC columns combined,Random Forest,RandomKFold,2,89,Wong et al.,103.69,115.36719480158735
DesignSafe RC columns combined,Random Forest,RandomKFold,2,96,Cheok et al.,290.76,82.6195677248677
DesignSafe RC columns combined,Random Forest,RandomKFold,2,97,Cheok et al.,737.79,102.86149042328043
DesignSafe RC columns combined,Random Forest,RandomKFold,2,103,Stone,6.67,9.50862126984126
DesignSafe RC columns combined,Random Forest,RandomKFold,2,111,Kunnath,16.63,16.462594047619042
DesignSafe RC columns combined,Random Forest,RandomKFold,2,112,Kunnath,16.93,16.462594047619042
DesignSafe RC columns combined,Random Forest,RandomKFold,2,119,Kunnath,16.69,16.257575518278014
DesignSafe RC columns combined,Random Forest,RandomKFold,2,122,Hose et al.,81.75,61.047937089947176
DesignSafe RC columns combined,Random Forest,RandomKFold,2,123,Vu et al.,139.38,122.3548243783069
DesignSafe RC columns combined,Random Forest,RandomKFold,2,125,Vu et al.,249.3,171.1599587962962
DesignSafe RC columns combined,Random Forest,RandomKFold,2,129,Lehman et al,64.07,66.89143915343914
DesignSafe RC columns combined,Random Forest,RandomKFold,2,139,Sritharan et al.,103.48,95.38664145502648
DesignSafe RC columns combined,Random Forest,RandomKFold,2,143,Saatcioglu et al.,19.16,18.961632741702747
DesignSafe RC columns combined,Random Forest,RandomKFold,2,146,Saatcioglu et al.,18.28,18.631500916305928
DesignSafe RC columns combined,Random Forest,RandomKFold,2,147,Saatcioglu et al.,21.58,19.72856853535354
DesignSafe RC columns combined,Random Forest,RandomKFold,2,150,Nelson et al.,61.89,60.90287440476191
DesignSafe RC columns combined,Random Forest,RandomKFold,2,158,Roeder,38.28,42.8575494227994
DesignSafe RC columns combined,Random Forest,RandomKFold,2,163,Kowalsky_Moyer,34.86,39.362009404761935
DesignSafe RC columns combined,Random Forest,RandomKFold,2,167,Coffman,23.9,40.043820753968234
DesignSafe RC columns combined,Random Forest,RandomKFold,2,177,Arakawa,29.35,24.913822751322744
DesignSafe RC columns combined,Random Forest,RandomKFold,2,179,Umehara,72.53,98.878882962963
DesignSafe RC columns combined,Random Forest,RandomKFold,2,183,Aboutaha,144.49,101.90290560846563
DesignSafe RC columns combined,Random Forest,RandomKFold,2,184,Iwasaki,88.33,91.8799271500722
DesignSafe RC columns combined,Random Forest,RandomKFold,2,194,Ousalem,36.19,42.7898483441558
DesignSafe RC columns combined,Random Forest,RandomKFold,2,196,Ousalem,52.85,46.99475988095241
DesignSafe RC columns combined,Random Forest,RandomKFold,2,198,Ousalem,73.53,64.04912249999995
DesignSafe RC columns combined,Random Forest,RandomKFold,2,202,Ousalem,66.47,63.417827658730154
DesignSafe RC columns combined,Random Forest,RandomKFold,2,210,Pandey,41.99,37.22871857142854
DesignSafe RC columns combined,Random Forest,RandomKFold,2,219,Ono,29.27,24.134739351851845
DesignSafe RC columns combined,Random Forest,RandomKFold,2,222,Wight,22.2,21.88237734126984
DesignSafe RC columns combined,Random Forest,RandomKFold,2,223,Wight,22.77,21.88237734126984
DesignSafe RC columns combined,Random Forest,RandomKFold,2,228,Wight,19.76,20.875260840548336
DesignSafe RC columns combined,Random Forest,RandomKFold,2,238,Lynn,68.79,74.360674484127
DesignSafe RC columns combined,Random Forest,RandomKFold,2,239,Lynn,52.5,57.57920838624339
DesignSafe RC columns combined,Random Forest,RandomKFold,2,244,Sezen ,80.73,80.03805880952376
DesignSafe RC columns combined,Random Forest,RandomKFold,2,246,Iwasaki,28.8,32.97756228114477
DesignSafe RC columns combined,Random Forest,RandomKFold,2,249,Iwasaki,34.91,41.592668015873045
DesignSafe RC columns combined,Random Forest,RandomKFold,2,250,Iwasaki,36.65,41.482395793650824
DesignSafe RC columns combined,Random Forest,RandomKFold,2,253,Iwasaki,88.65,117.8303271500722
DesignSafe RC columns combined,Random Forest,RandomKFold,2,272,Kokusho & Fukuhara,24.31,27.38262206349206
DesignSafe RC columns combined,Random Forest,RandomKFold,2,281,Esaki,24.59,25.16710916666666
DesignSafe RC columns combined,Random Forest,RandomKFold,2,284,Lynn,59.8,62.546532513227476
DesignSafe RC columns combined,Random Forest,RandomKFold,2,286,Yoshimura,47.59,50.89973135401636
DesignSafe RC columns combined,Random Forest,RandomKFold,2,290,Pandey,28.15,26.147346044973514
DesignSafe RC columns combined,Random Forest,RandomKFold,2,296,Gill et al.,156.58,192.47659563492067
DesignSafe RC columns combined,Random Forest,RandomKFold,2,297,Ang et al.,43.17,53.18174775012026
DesignSafe RC columns combined,Random Forest,RandomKFold,2,298,Ang et al.,38.04,49.73711733211232
DesignSafe RC columns combined,Random Forest,RandomKFold,2,299,Soesianawati et al.,44.87,56.146031230158734
DesignSafe RC columns combined,Random Forest,RandomKFold,2,301,Soesianawati et al.,62.27,63.99711968253973
DesignSafe RC columns combined,Random Forest,RandomKFold,2,304,Zahn ,60.44,65.16083615079364
DesignSafe RC columns combined,Random Forest,RandomKFold,2,305,Watson and Park,65.65,67.4855727777778
DesignSafe RC columns combined,Random Forest,RandomKFold,2,307,Watson and Park,66.44,68.60590547619049
DesignSafe RC columns combined,Random Forest,RandomKFold,2,314,Tanaka and Park,86.69,104.5461772089947
DesignSafe RC columns combined,Random Forest,RandomKFold,2,318,Park and Paulay,88.81,108.3514292592593
DesignSafe RC columns combined,Random Forest,RandomKFold,2,329,Kanda et al.,17.42,18.394164298941803
DesignSafe RC columns combined,Random Forest,RandomKFold,2,335,Mugurma et al.,57.45,59.38403399470903
DesignSafe RC columns combined,Random Forest,RandomKFold,2,338,Sakai et al.,92.71,93.16504228835974
DesignSafe RC columns combined,Random Forest,RandomKFold,2,349,Atalay and Penzein,17.23,20.05962064814814
DesignSafe RC columns combined,Random Forest,RandomKFold,2,352,Atalay and Penzein,17.53,20.235285132275127
DesignSafe RC columns combined,Random Forest,RandomKFold,2,353,Atalay and Penzein,18.46,20.2694903042328
DesignSafe RC columns combined,Random Forest,RandomKFold,2,358,Saatcioglu and Ozcebe,60.92,72.73798480158734
DesignSafe RC columns combined,Random Forest,RandomKFold,2,362,Galeota et al. ,29.26,28.20006933862434
DesignSafe RC columns combined,Random Forest,RandomKFold,2,364,Galeota et al. ,22.09,26.854791785714276
DesignSafe RC columns combined,Random Forest,RandomKFold,2,365,Galeota et al. ,30.93,26.854791785714276
DesignSafe RC columns combined,Random Forest,RandomKFold,2,374,Galeota et al. ,39.41,41.99479595238094
DesignSafe RC columns combined,Random Forest,RandomKFold,2,378,Galeota et al. ,36.33,41.50615145502641
DesignSafe RC columns combined,Random Forest,RandomKFold,2,380,Galeota et al. ,39.34,38.925045899470895
DesignSafe RC columns combined,Random Forest,RandomKFold,2,382,Galeota et al. ,38.56,40.386872605820045
DesignSafe RC columns combined,Random Forest,RandomKFold,2,390,Xiao and Martirossyan,72.86,55.59354205026456
DesignSafe RC columns combined,Random Forest,RandomKFold,2,391,Xiao and Martirossyan,85.05,64.26180404761904
DesignSafe RC columns combined,Random Forest,RandomKFold,2,393,Xiao and Martirossyan,71.68,66.78079698412694
DesignSafe RC columns combined,Random Forest,RandomKFold,2,394,Sugano,75.14,90.15039538359785
DesignSafe RC columns combined,Random Forest,RandomKFold,2,395,Sugano,82.05,90.29326966931215
DesignSafe RC columns combined,Random Forest,RandomKFold,2,397,Sugano,82.67,79.02056367724863
DesignSafe RC columns combined,Random Forest,RandomKFold,2,399,Nosho et al,14.78,22.57170986772486
DesignSafe RC columns combined,Random Forest,RandomKFold,2,414,Saatcioglu and Giria,48.44,48.18880294973546
DesignSafe RC columns combined,Random Forest,RandomKFold,2,416,Saatcioglu and Giria,49.31,48.88683343915349
DesignSafe RC columns combined,Random Forest,RandomKFold,2,418,Matamoros et al.,15.8,15.132663201058197
DesignSafe RC columns combined,Random Forest,RandomKFold,2,420,Matamoros et al.,21.5,17.220814140211637
DesignSafe RC columns combined,Random Forest,RandomKFold,2,426,Matamoros et al.,16.3,16.61910474867724
DesignSafe RC columns combined,Random Forest,RandomKFold,2,429,Matamoros et al.,19.0,21.823749801587294
DesignSafe RC columns combined,Random Forest,RandomKFold,2,439,Aboutaha and Machado,58.03,81.64554152116403
DesignSafe RC columns combined,Random Forest,RandomKFold,2,444,Thomsen and Wallace,9.13,10.9848403042328
DesignSafe RC columns combined,Random Forest,RandomKFold,2,462,Paultre et al.,45.34,43.72295757936508
DesignSafe RC columns combined,Random Forest,RandomKFold,2,464,Paultre et al.,47.32,43.550407724867725
DesignSafe RC columns combined,Random Forest,RandomKFold,2,471,Pujol,25.65,25.992429722222248
DesignSafe RC columns combined,Random Forest,RandomKFold,2,472,Pujol,25.65,25.992429722222248
DesignSafe RC columns combined,Random Forest,RandomKFold,2,474,Pujol,29.38,28.0489915873016
DesignSafe RC columns combined,Random Forest,RandomKFold,2,478,Pujol,26.47,26.587872206589694
DesignSafe RC columns combined,Random Forest,RandomKFold,2,481,Kono et al.,278.53,240.96545634920636
DesignSafe RC columns combined,Random Forest,RandomKFold,2,486,Takemura and Kawashima,34.42,35.54144953703706
DesignSafe RC columns combined,Random Forest,RandomKFold,2,494,Melek,60.6,58.95294256613756
DesignSafe RC columns combined,Random Forest,RandomKFold,3,4,Ang_Beng_Ghee,113.49,81.23419856782108
DesignSafe RC columns combined,Random Forest,RandomKFold,3,8,Ang_Beng_Ghee,64.03,68.29023783068786
DesignSafe RC columns combined,Random Forest,RandomKFold,3,12,Arakawa,50.65,46.267856203703744
DesignSafe RC columns combined,Random Forest,RandomKFold,3,14,Arakawa,51.26,50.50651711640211
DesignSafe RC columns combined,Random Forest,RandomKFold,3,27,McDaniel,74.7,95.53639387566136
DesignSafe RC columns combined,Random Forest,RandomKFold,3,28,Hussein,102.1,127.22983212962974
DesignSafe RC columns combined,Random Forest,RandomKFold,3,32,Omar,17.34,21.912252896825404
DesignSafe RC columns combined,Random Forest,RandomKFold,3,35,Ang_Beng_Ghee,72.25,60.094654484127
DesignSafe RC columns combined,Random Forest,RandomKFold,3,40,Ang_Beng_Ghee,101.39,96.06171583333331
DesignSafe RC columns combined,Random Forest,RandomKFold,3,41,Ang_Beng_Ghee,91.52,90.75930633597888
DesignSafe RC columns combined,Random Forest,RandomKFold,3,44,Ang_Beng_Ghee,71.12,64.61934257936512
DesignSafe RC columns combined,Random Forest,RandomKFold,3,47,Ang_Beng_Ghee,74.75,63.15511620370373
DesignSafe RC columns combined,Random Forest,RandomKFold,3,51,Petrovski,20.9,18.551304579124583
DesignSafe RC columns combined,Random Forest,RandomKFold,3,61,Vu,221.45,111.59677096560844
DesignSafe RC columns combined,Random Forest,RandomKFold,3,62,Vu,89.52,85.34916853174603
DesignSafe RC columns combined,Random Forest,RandomKFold,3,64,Hamilton,36.96,35.69750035714286
DesignSafe RC columns combined,Random Forest,RandomKFold,3,65,Hamilton,39.24,34.623306706349226
DesignSafe RC columns combined,Random Forest,RandomKFold,3,85,Zahn et al.,32.0,38.59043571428568
DesignSafe RC columns combined,Random Forest,RandomKFold,3,95,Lim,9.67,16.531375542328046
DesignSafe RC columns combined,Random Forest,RandomKFold,3,98,Stone,14.41,14.774244576719587
DesignSafe RC columns combined,Random Forest,RandomKFold,3,100,Stone,7.17,9.632878654401146
DesignSafe RC columns combined,Random Forest,RandomKFold,3,107,Arakawa,39.77,47.47949507936508
DesignSafe RC columns combined,Random Forest,RandomKFold,3,115,Kunnath,17.26,18.259853888888912
DesignSafe RC columns combined,Random Forest,RandomKFold,3,120,Kunnath,16.3,16.59663468253967
DesignSafe RC columns combined,Random Forest,RandomKFold,3,127,Kowalsky ,39.28,47.647679642857085
DesignSafe RC columns combined,Random Forest,RandomKFold,3,128,Kowalsky ,44.38,47.50309464285709
DesignSafe RC columns combined,Random Forest,RandomKFold,3,133,Lehman et al,107.9,51.5747175
DesignSafe RC columns combined,Random Forest,RandomKFold,3,135,Calderone et al.,45.63,74.58022765873012
DesignSafe RC columns combined,Random Forest,RandomKFold,3,136,Calderone et al.,42.8,74.58022765873012
DesignSafe RC columns combined,Random Forest,RandomKFold,3,138,Sritharan et al.,96.79,96.59734527777768
DesignSafe RC columns combined,Random Forest,RandomKFold,3,142,Saatcioglu et al.,18.38,18.50556285714285
DesignSafe RC columns combined,Random Forest,RandomKFold,3,156,Roeder,27.21,30.993152896825407
DesignSafe RC columns combined,Random Forest,RandomKFold,3,159,Roeder,41.29,41.70205988095239
DesignSafe RC columns combined,Random Forest,RandomKFold,3,162,Roeder,44.59,41.70205988095239
DesignSafe RC columns combined,Random Forest,RandomKFold,3,164,Kowalsky_Moyer,35.8,37.04827761904767
DesignSafe RC columns combined,Random Forest,RandomKFold,3,170,Hamilton,23.83,22.331505797258327
DesignSafe RC columns combined,Random Forest,RandomKFold,3,171,Chai,48.5,80.42258802910052
DesignSafe RC columns combined,Random Forest,RandomKFold,3,178,Arakawa,30.11,39.286601706349195
DesignSafe RC columns combined,Random Forest,RandomKFold,3,186,Verma,141.1,61.75705261904762
DesignSafe RC columns combined,Random Forest,RandomKFold,3,197,Ousalem,48.67,40.58812660052912
DesignSafe RC columns combined,Random Forest,RandomKFold,3,200,Ousalem,56.4,56.81443023809524
DesignSafe RC columns combined,Random Forest,RandomKFold,3,206,Nakamura et al.,65.62,57.04222277777779
DesignSafe RC columns combined,Random Forest,RandomKFold,3,207,Yoshimura,88.08,96.45096603174606
DesignSafe RC columns combined,Random Forest,RandomKFold,3,213,Ohue,24.86,25.054990367965367
DesignSafe RC columns combined,Random Forest,RandomKFold,3,215,Zhou,15.22,26.269865079365076
DesignSafe RC columns combined,Random Forest,RandomKFold,3,216,Zhou,15.15,34.95280997354498
DesignSafe RC columns combined,Random Forest,RandomKFold,3,221,Amitsu,115.47,73.31306015873021
DesignSafe RC columns combined,Random Forest,RandomKFold,3,224,Wight,23.51,22.36034476190475
DesignSafe RC columns combined,Random Forest,RandomKFold,3,226,Wight,21.18,22.844136984126962
DesignSafe RC columns combined,Random Forest,RandomKFold,3,230,Wight,22.11,20.197465238095237
DesignSafe RC columns combined,Random Forest,RandomKFold,3,232,Wight,22.34,23.71080638888885
DesignSafe RC columns combined,Random Forest,RandomKFold,3,233,Wight,26.92,25.934509166666626
DesignSafe RC columns combined,Random Forest,RandomKFold,3,236,Wight,27.21,25.70220075396821
DesignSafe RC columns combined,Random Forest,RandomKFold,3,240,Lynn,82.5,71.38526328042327
DesignSafe RC columns combined,Random Forest,RandomKFold,3,242,Xiao,72.86,68.73146857142856
DesignSafe RC columns combined,Random Forest,RandomKFold,3,254,Ikeda,16.8,16.52268149470901
DesignSafe RC columns combined,Random Forest,RandomKFold,3,256,Ikeda,18.8,17.29984197089948
DesignSafe RC columns combined,Random Forest,RandomKFold,3,258,Ikeda,13.02,16.16934259259261
DesignSafe RC columns combined,Random Forest,RandomKFold,3,260,Ikeda,15.8,16.622413544973565
DesignSafe RC columns combined,Random Forest,RandomKFold,3,267,Umemura & Endo ,15.34,15.90353964285714
DesignSafe RC columns combined,Random Forest,RandomKFold,3,279,Esaki,24.54,26.241049550264545
DesignSafe RC columns combined,Random Forest,RandomKFold,3,282,Lynn,73.73,70.30103042328044
DesignSafe RC columns combined,Random Forest,RandomKFold,3,283,Lynn,80.03,70.73083677248678
DesignSafe RC columns combined,Random Forest,RandomKFold,3,285,Yoshimura,48.94,51.34195050264551
DesignSafe RC columns combined,Random Forest,RandomKFold,3,288,Yarandi,128.5,124.99489927248688
DesignSafe RC columns combined,Random Forest,RandomKFold,3,292,Yoshimura,45.21,37.37922969576719
DesignSafe RC columns combined,Random Forest,RandomKFold,3,300,Soesianawati et al.,62.78,62.868161640211596
DesignSafe RC columns combined,Random Forest,RandomKFold,3,310,Tanaka and Park,37.56,38.74082070226073
DesignSafe RC columns combined,Random Forest,RandomKFold,3,324,Kanda et al.,18.41,19.16921140211639
DesignSafe RC columns combined,Random Forest,RandomKFold,3,326,Kanda et al.,18.41,18.2465792989418
DesignSafe RC columns combined,Random Forest,RandomKFold,3,327,Kanda et al.,19.01,17.964404510582
DesignSafe RC columns combined,Random Forest,RandomKFold,3,336,Mugurma et al.,64.89,60.00685349206349
DesignSafe RC columns combined,Random Forest,RandomKFold,3,337,Mugurma et al.,64.76,61.31018277777781
DesignSafe RC columns combined,Random Forest,RandomKFold,3,341,Sakai et al.,91.09,92.60252119047617
DesignSafe RC columns combined,Random Forest,RandomKFold,3,347,Atalay and Penzein,13.09,14.649990383597888
DesignSafe RC columns combined,Random Forest,RandomKFold,3,357,Saatcioglu and Ozcebe,62.09,47.53654949735449
DesignSafe RC columns combined,Random Forest,RandomKFold,3,361,Saatcioglu and Ozcebe,76.84,70.66424397787398
DesignSafe RC columns combined,Random Forest,RandomKFold,3,368,Galeota et al. ,29.47,28.589347619047658
DesignSafe RC columns combined,Random Forest,RandomKFold,3,370,Galeota et al. ,22.71,28.842579351851843
DesignSafe RC columns combined,Random Forest,RandomKFold,3,376,Galeota et al. ,38.91,39.9305475
DesignSafe RC columns combined,Random Forest,RandomKFold,3,379,Galeota et al. ,43.86,38.460595564713074
DesignSafe RC columns combined,Random Forest,RandomKFold,3,381,Galeota et al. ,38.33,38.52590470492473
DesignSafe RC columns combined,Random Forest,RandomKFold,3,396,Sugano,91.89,81.07448857142859
DesignSafe RC columns combined,Random Forest,RandomKFold,3,400,Bayrak and Sheikh,33.11,35.05549305555552
DesignSafe RC columns combined,Random Forest,RandomKFold,3,409,Saatcioglu and Giria,42.96,45.278692658730115
DesignSafe RC columns combined,Random Forest,RandomKFold,3,410,Saatcioglu and Giria,36.93,41.18531977513227
DesignSafe RC columns combined,Random Forest,RandomKFold,3,411,Saatcioglu and Giria,46.47,47.59800817460315
DesignSafe RC columns combined,Random Forest,RandomKFold,3,422,Matamoros et al.,24.2,22.210199523809532
DesignSafe RC columns combined,Random Forest,RandomKFold,3,423,Matamoros et al.,23.3,22.37905563492065
DesignSafe RC columns combined,Random Forest,RandomKFold,3,425,Matamoros et al.,13.11,15.76735996031747
DesignSafe RC columns combined,Random Forest,RandomKFold,3,427,Matamoros et al.,16.3,17.27704563492064
DesignSafe RC columns combined,Random Forest,RandomKFold,3,430,Mo and Wang,56.2,58.52260285714281
DesignSafe RC columns combined,Random Forest,RandomKFold,3,431,Mo and Wang,60.15,65.71730670634916
DesignSafe RC columns combined,Random Forest,RandomKFold,3,451,Thomsen and Wallace,14.11,13.965527566137565
DesignSafe RC columns combined,Random Forest,RandomKFold,3,456,Paultre & Legeron,25.16,34.507043571428554
DesignSafe RC columns combined,Random Forest,RandomKFold,3,457,Paultre & Legeron,37.71,38.07329091269838
DesignSafe RC columns combined,Random Forest,RandomKFold,3,460,Paultre et al.,47.86,43.64856734126984
DesignSafe RC columns combined,Random Forest,RandomKFold,3,468,Pujol,26.08,26.22913823593075
DesignSafe RC columns combined,Random Forest,RandomKFold,3,473,Pujol,29.38,28.054153240740735
DesignSafe RC columns combined,Random Forest,RandomKFold,4,1,Ang_Beng_Ghee,88.04,76.00180630952377
DesignSafe RC columns combined,Random Forest,RandomKFold,4,13,Arakawa,48.53,54.05959956349206
DesignSafe RC columns combined,Random Forest,RandomKFold,4,20,Arakawa,38.47,42.899184971139945
DesignSafe RC columns combined,Random Forest,RandomKFold,4,21,Arakawa,52.61,48.70029919312167
DesignSafe RC columns combined,Random Forest,RandomKFold,4,34,Potangaroa,165.0,164.30347675925918
DesignSafe RC columns combined,Random Forest,RandomKFold,4,43,Ang_Beng_Ghee,98.99,98.33004953703704
DesignSafe RC columns combined,Random Forest,RandomKFold,4,48,Ang_Beng_Ghee,76.54,67.32037400793654
DesignSafe RC columns combined,Random Forest,RandomKFold,4,49,Wong,109.99,122.01256513227503
DesignSafe RC columns combined,Random Forest,RandomKFold,4,50,Petrovski,19.32,19.67340824074075
DesignSafe RC columns combined,Random Forest,RandomKFold,4,52,Kenchiku_Kenkyu_Siryo,41.32,30.342199365079367
DesignSafe RC columns combined,Random Forest,RandomKFold,4,53,Kenchiku_Kenkyu_Siryo,41.59,34.03778071428571
DesignSafe RC columns combined,Random Forest,RandomKFold,4,54,Kenchiku_Kenkyu_Siryo,23.52,26.25056123015873
DesignSafe RC columns combined,Random Forest,RandomKFold,4,58,Priestley,94.05,128.2617806746032
DesignSafe RC columns combined,Random Forest,RandomKFold,4,71,Ranf,59.99,59.67923682539686
DesignSafe RC columns combined,Random Forest,RandomKFold,4,80,Potangaroa,154.47,142.16711941798923
DesignSafe RC columns combined,Random Forest,RandomKFold,4,87,Watson_Park,47.72,41.47362140211637
DesignSafe RC columns combined,Random Forest,RandomKFold,4,88,Watson_Park,46.41,45.80859072751324
DesignSafe RC columns combined,Random Forest,RandomKFold,4,91,Petrovski,7.55,11.725901097883577
DesignSafe RC columns combined,Random Forest,RandomKFold,4,99,Stone,16.51,16.307586296296307
DesignSafe RC columns combined,Random Forest,RandomKFold,4,102,Stone,17.21,16.24647796296297
DesignSafe RC columns combined,Random Forest,RandomKFold,4,105,Kenchiku Siryo,23.08,24.33617464285714
DesignSafe RC columns combined,Random Forest,RandomKFold,4,106,Kenchiku Siryo,33.25,27.741735992063482
DesignSafe RC columns combined,Random Forest,RandomKFold,4,121,Kunnath,16.25,16.575740859788343
DesignSafe RC columns combined,Random Forest,RandomKFold,4,130,Lehman et al,33.94,50.49863329365083
DesignSafe RC columns combined,Random Forest,RandomKFold,4,134,Calderone et al.,124.76,84.62509466931216
DesignSafe RC columns combined,Random Forest,RandomKFold,4,149,Nelson et al.,65.95,62.44517585978841
DesignSafe RC columns combined,Random Forest,RandomKFold,4,151,Nelson et al.,59.64,61.61407548941804
DesignSafe RC columns combined,Random Forest,RandomKFold,4,160,Roeder,40.83,46.355565198412705
DesignSafe RC columns combined,Random Forest,RandomKFold,4,161,Roeder,39.92,46.355565198412705
DesignSafe RC columns combined,Random Forest,RandomKFold,4,166,Kowalsky_Moyer,35.32,40.24214066137569
DesignSafe RC columns combined,Random Forest,RandomKFold,4,169,Hamilton,16.96,24.105270873015865
DesignSafe RC columns combined,Random Forest,RandomKFold,4,174,Zhou,18.64,21.031290198412712
DesignSafe RC columns combined,Random Forest,RandomKFold,4,187,Pandey,30.56,33.07960016955264
DesignSafe RC columns combined,Random Forest,RandomKFold,4,188,Yoshimura,21.74,30.647804642857135
DesignSafe RC columns combined,Random Forest,RandomKFold,4,189,Yoshimura,21.52,27.364400595238095
DesignSafe RC columns combined,Random Forest,RandomKFold,4,190,Yoshimura,36.91,32.021834761904756
DesignSafe RC columns combined,Random Forest,RandomKFold,4,191,Yoshimura,53.28,52.89342117724872
DesignSafe RC columns combined,Random Forest,RandomKFold,4,201,Ousalem,59.77,68.18324058201054
DesignSafe RC columns combined,Random Forest,RandomKFold,4,205,Nakamura et al.,59.12,62.422779960317456
DesignSafe RC columns combined,Random Forest,RandomKFold,4,212,Ohue,22.79,22.918792380952386
DesignSafe RC columns combined,Random Forest,RandomKFold,4,214,Zhou,8.26,25.16767083333334
DesignSafe RC columns combined,Random Forest,RandomKFold,4,217,Zhou,12.71,15.74313502164502
DesignSafe RC columns combined,Random Forest,RandomKFold,4,235,Wight,27.24,25.799286177248682
DesignSafe RC columns combined,Random Forest,RandomKFold,4,241,Xiao,60.68,65.14685156084659
DesignSafe RC columns combined,Random Forest,RandomKFold,4,243,Sezen ,70.76,66.93115128306883
DesignSafe RC columns combined,Random Forest,RandomKFold,4,251,Iwasaki,53.57,56.92483351851851
DesignSafe RC columns combined,Random Forest,RandomKFold,4,252,Iwasaki,51.71,55.98525843915343
DesignSafe RC columns combined,Random Forest,RandomKFold,4,257,Ikeda,18.14,19.840632605820097
DesignSafe RC columns combined,Random Forest,RandomKFold,4,259,Ikeda,15.92,15.460695563973086
DesignSafe RC columns combined,Random Forest,RandomKFold,4,263,Umemura & Endo ,18.67,20.41575174482923
DesignSafe RC columns combined,Random Forest,RandomKFold,4,264,Umemura & Endo ,17.93,20.378851071428567
DesignSafe RC columns combined,Random Forest,RandomKFold,4,269,Kokusho,16.93,19.63007082010581
DesignSafe RC columns combined,Random Forest,RandomKFold,4,270,Kokusho,19.75,19.237771851851846
DesignSafe RC columns combined,Random Forest,RandomKFold,4,273,Yalcin,132.7,111.88115538359791
DesignSafe RC columns combined,Random Forest,RandomKFold,4,276,Verma,127.9,125.16247644179889
DesignSafe RC columns combined,Random Forest,RandomKFold,4,293,Gill et al.,156.5,149.34485231481463
DesignSafe RC columns combined,Random Forest,RandomKFold,4,295,Gill et al.,150.71,161.24767866402095
DesignSafe RC columns combined,Random Forest,RandomKFold,4,303,Zahn ,47.95,59.71196137566137
DesignSafe RC columns combined,Random Forest,RandomKFold,4,306,Watson and Park,66.32,66.71016293650786
DesignSafe RC columns combined,Random Forest,RandomKFold,4,308,Watson and Park,66.4,74.34544513227506
DesignSafe RC columns combined,Random Forest,RandomKFold,4,309,Watson and Park,69.58,95.09918321428566
DesignSafe RC columns combined,Random Forest,RandomKFold,4,313,Tanaka and Park,38.31,38.62202175925926
DesignSafe RC columns combined,Random Forest,RandomKFold,4,315,Tanaka and Park,91.99,103.7087078703703
DesignSafe RC columns combined,Random Forest,RandomKFold,4,319,Arakawa,36.08,48.62794011904762
DesignSafe RC columns combined,Random Forest,RandomKFold,4,328,Kanda et al.,18.34,18.086707183742202
DesignSafe RC columns combined,Random Forest,RandomKFold,4,330,Mugurma et al.,54.53,52.0281722619048
DesignSafe RC columns combined,Random Forest,RandomKFold,4,339,Sakai et al.,92.99,90.88538314814811
DesignSafe RC columns combined,Random Forest,RandomKFold,4,343,Sakai et al.,94.43,89.53569185185184
DesignSafe RC columns combined,Random Forest,RandomKFold,4,344,Sakai et al.,91.06,71.84598178571427
DesignSafe RC columns combined,Random Forest,RandomKFold,4,345,Atalay and Penzein,13.87,14.163439920634907
DesignSafe RC columns combined,Random Forest,RandomKFold,4,348,Atalay and Penzein,16.01,14.573465277777771
DesignSafe RC columns combined,Random Forest,RandomKFold,4,350,Atalay and Penzein,16.84,17.88098511904763
DesignSafe RC columns combined,Random Forest,RandomKFold,4,359,Saatcioglu and Ozcebe,73.26,70.14516654761906
DesignSafe RC columns combined,Random Forest,RandomKFold,4,363,Galeota et al. ,27.68,29.181812184944672
DesignSafe RC columns combined,Random Forest,RandomKFold,4,366,Galeota et al. ,31.75,25.195767341269818
DesignSafe RC columns combined,Random Forest,RandomKFold,4,372,Galeota et al. ,29.59,24.82052888888887
DesignSafe RC columns combined,Random Forest,RandomKFold,4,385,Galeota et al. ,39.76,38.48205126984123
DesignSafe RC columns combined,Random Forest,RandomKFold,4,387,Wehbe et al.,89.98,99.37096875661373
DesignSafe RC columns combined,Random Forest,RandomKFold,4,389,Wehbe et al.,96.87,99.46237661375665
DesignSafe RC columns combined,Random Forest,RandomKFold,4,401,Bayrak and Sheikh,33.56,38.21044417748913
DesignSafe RC columns combined,Random Forest,RandomKFold,4,413,Saatcioglu and Giria,49.78,44.39224546296295
DesignSafe RC columns combined,Random Forest,RandomKFold,4,419,Matamoros et al.,15.3,15.660676018518519
DesignSafe RC columns combined,Random Forest,RandomKFold,4,435,Mo and Wang,69.65,64.30619080687828
DesignSafe RC columns combined,Random Forest,RandomKFold,4,438,Mo and Wang,68.05,64.23951719576716
DesignSafe RC columns combined,Random Forest,RandomKFold,4,443,Thomsen and Wallace,16.45,13.649714444444454
DesignSafe RC columns combined,Random Forest,RandomKFold,4,445,Thomsen and Wallace,12.55,11.723811613756617
DesignSafe RC columns combined,Random Forest,RandomKFold,4,453,Paultre & Legeron,27.65,35.62973617724866
DesignSafe RC columns combined,Random Forest,RandomKFold,4,454,Paultre & Legeron,35.92,40.15223539682537
DesignSafe RC columns combined,Random Forest,RandomKFold,4,455,Paultre & Legeron,43.84,41.758395674603165
DesignSafe RC columns combined,Random Forest,RandomKFold,4,458,Paultre & Legeron,41.59,39.90992246031747
DesignSafe RC columns combined,Random Forest,RandomKFold,4,459,Paultre et al.,38.04,40.6872404365079
DesignSafe RC columns combined,Random Forest,RandomKFold,4,466,Pujol,25.52,25.284836970899487
DesignSafe RC columns combined,Random Forest,RandomKFold,4,470,Pujol,25.52,26.068821779701786
DesignSafe RC columns combined,Random Forest,RandomKFold,4,477,Pujol,26.47,26.661890470178008
DesignSafe RC columns combined,Random Forest,RandomKFold,4,479,Kono et al.,45.19,39.598388306878334
DesignSafe RC columns combined,Random Forest,RandomKFold,4,485,Takemura and Kawashima,33.26,35.42897284391535
DesignSafe RC columns combined,Random Forest,RandomKFold,4,489,Takemura and Kawashima,38.35,35.42897284391535
DesignSafe RC columns combined,Random Forest,RandomKFold,4,493,Melek,64.1,57.568941984126965
DesignSafe RC columns combined,Random Forest,RandomKFold,4,496,Melek,76.6,70.88226238095238
DesignSafe RC columns combined,Random Forest,GroupKFold,0,9,Arakawa,39.65,46.757528478835994
DesignSafe RC columns combined,Random Forest,GroupKFold,0,10,Arakawa,45.82,52.78670813492062
DesignSafe RC columns combined,Random Forest,GroupKFold,0,11,Arakawa,44.01,47.96949458994709
DesignSafe RC columns combined,Random Forest,GroupKFold,0,12,Arakawa,50.65,54.13485753968252
DesignSafe RC columns combined,Random Forest,GroupKFold,0,13,Arakawa,48.53,56.33267365079362
DesignSafe RC columns combined,Random Forest,GroupKFold,0,14,Arakawa,51.26,59.42214698412695
DesignSafe RC columns combined,Random Forest,GroupKFold,0,15,Arakawa,43.15,53.92746695767197
DesignSafe RC columns combined,Random Forest,GroupKFold,0,16,Arakawa,53.6,59.928388769841234
DesignSafe RC columns combined,Random Forest,GroupKFold,0,17,Arakawa,62.74,61.94424988095234
DesignSafe RC columns combined,Random Forest,GroupKFold,0,18,Arakawa,55.43,48.68994403439152
DesignSafe RC columns combined,Random Forest,GroupKFold,0,19,Arakawa,41.92,47.63315236772486
DesignSafe RC columns combined,Random Forest,GroupKFold,0,20,Arakawa,38.47,47.13683816137566
DesignSafe RC columns combined,Random Forest,GroupKFold,0,21,Arakawa,52.61,54.24121894179894
DesignSafe RC columns combined,Random Forest,GroupKFold,0,22,Arakawa,45.24,53.267511878306884
DesignSafe RC columns combined,Random Forest,GroupKFold,0,23,Arakawa,39.58,53.54768866402114
DesignSafe RC columns combined,Random Forest,GroupKFold,0,24,Arakawa,51.88,53.926537328042336
DesignSafe RC columns combined,Random Forest,GroupKFold,0,25,McDaniel,91.15,107.94577059523803
DesignSafe RC columns combined,Random Forest,GroupKFold,0,26,McDaniel,74.7,108.75819763227507
DesignSafe RC columns combined,Random Forest,GroupKFold,0,27,McDaniel,74.7,109.21595369047613
DesignSafe RC columns combined,Random Forest,GroupKFold,0,31,Omar,17.84,34.18578220899473
DesignSafe RC columns combined,Random Forest,GroupKFold,0,32,Omar,17.34,33.618844351851855
DesignSafe RC columns combined,Random Forest,GroupKFold,0,55,Arakawa,57.15,50.47340480158728
DesignSafe RC columns combined,Random Forest,GroupKFold,0,56,Arakawa,40.38,46.439565701058214
DesignSafe RC columns combined,Random Forest,GroupKFold,0,57,Arakawa,47.7,83.96722584656082
DesignSafe RC columns combined,Random Forest,GroupKFold,0,68,Ranf,48.31,64.31115832732088
DesignSafe RC columns combined,Random Forest,GroupKFold,0,69,Ranf,59.87,66.83418420033674
DesignSafe RC columns combined,Random Forest,GroupKFold,0,70,Ranf,62.06,66.83418420033674
DesignSafe RC columns combined,Random Forest,GroupKFold,0,71,Ranf,59.99,66.83061475589228
DesignSafe RC columns combined,Random Forest,GroupKFold,0,75,Munro ,31.1,50.0794317388167
DesignSafe RC columns combined,Random Forest,GroupKFold,0,87,Watson_Park,47.72,44.20213826719575
DesignSafe RC columns combined,Random Forest,GroupKFold,0,88,Watson_Park,46.41,47.130210291005305
DesignSafe RC columns combined,Random Forest,GroupKFold,0,107,Arakawa,39.77,53.27907956349205
DesignSafe RC columns combined,Random Forest,GroupKFold,0,108,Arakawa,47.71,54.015639523809504
DesignSafe RC columns combined,Random Forest,GroupKFold,0,109,Arakawa,34.67,33.86717892857143
DesignSafe RC columns combined,Random Forest,GroupKFold,0,110,Arakawa,39.15,38.162068558201085
DesignSafe RC columns combined,Random Forest,GroupKFold,0,111,Kunnath,16.63,16.937109219576705
DesignSafe RC columns combined,Random Forest,GroupKFold,0,112,Kunnath,16.93,16.937109219576705
DesignSafe RC columns combined,Random Forest,GroupKFold,0,113,Kunnath,16.97,17.032528505290987
DesignSafe RC columns combined,Random Forest,GroupKFold,0,114,Kunnath,20.86,17.032528505290987
DesignSafe RC columns combined,Random Forest,GroupKFold,0,115,Kunnath,17.26,17.032528505290987
DesignSafe RC columns combined,Random Forest,GroupKFold,0,116,Kunnath,17.75,17.135502711640196
DesignSafe RC columns combined,Random Forest,GroupKFold,0,117,Kunnath,16.42,17.135502711640196
DesignSafe RC columns combined,Random Forest,GroupKFold,0,118,Kunnath,16.86,17.135502711640196
DesignSafe RC columns combined,Random Forest,GroupKFold,0,119,Kunnath,16.69,17.10784870370369
DesignSafe RC columns combined,Random Forest,GroupKFold,0,120,Kunnath,16.3,17.10784870370369
DesignSafe RC columns combined,Random Forest,GroupKFold,0,121,Kunnath,16.25,17.10784870370369
DesignSafe RC columns combined,Random Forest,GroupKFold,0,126,Kowalsky ,42.04,52.307440185185136
DesignSafe RC columns combined,Random Forest,GroupKFold,0,127,Kowalsky ,39.28,53.83921111111107
DesignSafe RC columns combined,Random Forest,GroupKFold,0,128,Kowalsky ,44.38,53.13509629629626
DesignSafe RC columns combined,Random Forest,GroupKFold,0,134,Calderone et al.,124.76,89.67438771164024
DesignSafe RC columns combined,Random Forest,GroupKFold,0,135,Calderone et al.,45.63,58.248947122414584
DesignSafe RC columns combined,Random Forest,GroupKFold,0,136,Calderone et al.,42.8,58.248947122414584
DesignSafe RC columns combined,Random Forest,GroupKFold,0,148,Nelson et al.,69.32,72.83916974266475
DesignSafe RC columns combined,Random Forest,GroupKFold,0,149,Nelson et al.,65.95,67.8780599410775
DesignSafe RC columns combined,Random Forest,GroupKFold,0,150,Nelson et al.,61.89,66.99428113155368
DesignSafe RC columns combined,Random Forest,GroupKFold,0,151,Nelson et al.,59.64,67.46603676647433
DesignSafe RC columns combined,Random Forest,GroupKFold,0,155,Roeder,26.59,43.017307526455035
DesignSafe RC columns combined,Random Forest,GroupKFold,0,156,Roeder,27.21,43.017307526455035
DesignSafe RC columns combined,Random Forest,GroupKFold,0,157,Roeder,30.69,43.08991863756614
DesignSafe RC columns combined,Random Forest,GroupKFold,0,158,Roeder,38.28,55.75950141534395
DesignSafe RC columns combined,Random Forest,GroupKFold,0,159,Roeder,41.29,55.974123161375694
DesignSafe RC columns combined,Random Forest,GroupKFold,0,160,Roeder,40.83,56.06600371693124
DesignSafe RC columns combined,Random Forest,GroupKFold,0,161,Roeder,39.92,56.06600371693124
DesignSafe RC columns combined,Random Forest,GroupKFold,0,162,Roeder,44.59,55.974123161375694
DesignSafe RC columns combined,Random Forest,GroupKFold,0,173,Imai,105.95,97.26676883597888
DesignSafe RC columns combined,Random Forest,GroupKFold,0,177,Arakawa,29.35,21.843892063492074
DesignSafe RC columns combined,Random Forest,GroupKFold,0,178,Arakawa,30.11,27.06875839947089
DesignSafe RC columns combined,Random Forest,GroupKFold,0,181,Bett,48.02,45.84253512265514
DesignSafe RC columns combined,Random Forest,GroupKFold,0,212,Ohue,22.79,21.615184801587315
DesignSafe RC columns combined,Random Forest,GroupKFold,0,213,Ohue,24.86,22.592804563492077
DesignSafe RC columns combined,Random Forest,GroupKFold,0,243,Sezen ,70.76,65.69084134920635
DesignSafe RC columns combined,Random Forest,GroupKFold,0,244,Sezen ,80.73,85.28240973544966
DesignSafe RC columns combined,Random Forest,GroupKFold,0,245,Sezen ,66.22,65.69084134920635
DesignSafe RC columns combined,Random Forest,GroupKFold,0,277,Saatcioglu,61.66,51.78899051587303
DesignSafe RC columns combined,Random Forest,GroupKFold,0,319,Arakawa,36.08,47.64576599206348
DesignSafe RC columns combined,Random Forest,GroupKFold,0,330,Mugurma et al.,54.53,35.88818757936506
DesignSafe RC columns combined,Random Forest,GroupKFold,0,331,Mugurma et al.,54.88,34.01042764550262
DesignSafe RC columns combined,Random Forest,GroupKFold,0,332,Mugurma et al.,54.43,48.972769682539635
DesignSafe RC columns combined,Random Forest,GroupKFold,0,333,Mugurma et al.,55.45,46.78538625661374
DesignSafe RC columns combined,Random Forest,GroupKFold,0,334,Mugurma et al.,57.25,42.965075601250604
DesignSafe RC columns combined,Random Forest,GroupKFold,0,335,Mugurma et al.,57.45,41.96278993987494
DesignSafe RC columns combined,Random Forest,GroupKFold,0,336,Mugurma et al.,64.89,51.82629024410771
DesignSafe RC columns combined,Random Forest,GroupKFold,0,337,Mugurma et al.,64.76,50.54766376262626
DesignSafe RC columns combined,Random Forest,GroupKFold,0,357,Saatcioglu and Ozcebe,62.09,42.55306264430012
DesignSafe RC columns combined,Random Forest,GroupKFold,0,358,Saatcioglu and Ozcebe,60.92,52.17915998677254
DesignSafe RC columns combined,Random Forest,GroupKFold,0,359,Saatcioglu and Ozcebe,73.26,54.13686435185189
DesignSafe RC columns combined,Random Forest,GroupKFold,0,360,Saatcioglu and Ozcebe,77.06,52.64694498677252
DesignSafe RC columns combined,Random Forest,GroupKFold,0,361,Saatcioglu and Ozcebe,76.84,51.81272443121698
DesignSafe RC columns combined,Random Forest,GroupKFold,0,459,Paultre et al.,38.04,38.45217117724869
DesignSafe RC columns combined,Random Forest,GroupKFold,0,460,Paultre et al.,47.86,41.94685178571434
DesignSafe RC columns combined,Random Forest,GroupKFold,0,461,Paultre et al.,44.56,42.512460039682566
DesignSafe RC columns combined,Random Forest,GroupKFold,0,462,Paultre et al.,45.34,43.090052142857175
DesignSafe RC columns combined,Random Forest,GroupKFold,0,463,Paultre et al.,45.31,64.98792416666662
DesignSafe RC columns combined,Random Forest,GroupKFold,0,464,Paultre et al.,47.32,63.03445511904755
DesignSafe RC columns combined,Random Forest,GroupKFold,0,484,Takemura and Kawashima,34.12,58.29754289682538
DesignSafe RC columns combined,Random Forest,GroupKFold,0,485,Takemura and Kawashima,33.26,58.215876230158706
DesignSafe RC columns combined,Random Forest,GroupKFold,0,486,Takemura and Kawashima,34.42,59.54146734126978
DesignSafe RC columns combined,Random Forest,GroupKFold,0,487,Takemura and Kawashima,35.31,60.379727738095156
DesignSafe RC columns combined,Random Forest,GroupKFold,0,488,Takemura and Kawashima,35.85,58.07939048941797
DesignSafe RC columns combined,Random Forest,GroupKFold,0,489,Takemura and Kawashima,38.35,58.29754289682538
DesignSafe RC columns combined,Random Forest,GroupKFold,1,28,Hussein,102.1,107.17869003968252
DesignSafe RC columns combined,Random Forest,GroupKFold,1,49,Wong,109.99,125.6387163492062
DesignSafe RC columns combined,Random Forest,GroupKFold,1,50,Petrovski,19.32,18.242614047619046
DesignSafe RC columns combined,Random Forest,GroupKFold,1,51,Petrovski,20.9,18.965626230158744
DesignSafe RC columns combined,Random Forest,GroupKFold,1,58,Priestley,94.05,139.79475667989416
DesignSafe RC columns combined,Random Forest,GroupKFold,1,59,Priestley,132.04,141.14604029100528
DesignSafe RC columns combined,Random Forest,GroupKFold,1,84,Ang et al.,88.3,80.30659940476188
DesignSafe RC columns combined,Random Forest,GroupKFold,1,91,Petrovski,7.55,15.142399113756612
DesignSafe RC columns combined,Random Forest,GroupKFold,1,92,Petrovski,8.31,15.718663875661374
DesignSafe RC columns combined,Random Forest,GroupKFold,1,93,Lim,4.28,48.748497260702266
DesignSafe RC columns combined,Random Forest,GroupKFold,1,94,Lim,9.3,52.70984226070229
DesignSafe RC columns combined,Random Forest,GroupKFold,1,95,Lim,9.67,53.67052491943243
DesignSafe RC columns combined,Random Forest,GroupKFold,1,98,Stone,14.41,18.34787888074887
DesignSafe RC columns combined,Random Forest,GroupKFold,1,99,Stone,16.51,18.983066397306416
DesignSafe RC columns combined,Random Forest,GroupKFold,1,100,Stone,7.17,16.462397336459833
DesignSafe RC columns combined,Random Forest,GroupKFold,1,101,Stone,14.1,18.32624721408221
DesignSafe RC columns combined,Random Forest,GroupKFold,1,102,Stone,17.21,18.91241250841753
DesignSafe RC columns combined,Random Forest,GroupKFold,1,103,Stone,6.67,16.095534333814335
DesignSafe RC columns combined,Random Forest,GroupKFold,1,137,Sritharan et al.,97.48,71.3011571536797
DesignSafe RC columns combined,Random Forest,GroupKFold,1,138,Sritharan et al.,96.79,73.99695076479077
DesignSafe RC columns combined,Random Forest,GroupKFold,1,139,Sritharan et al.,103.48,74.83022589706594
DesignSafe RC columns combined,Random Forest,GroupKFold,1,172,Nagasaka,19.67,27.759611865079382
DesignSafe RC columns combined,Random Forest,GroupKFold,1,174,Zhou,18.64,32.1193402116402
DesignSafe RC columns combined,Random Forest,GroupKFold,1,175,Zhou,20.53,32.1193402116402
DesignSafe RC columns combined,Random Forest,GroupKFold,1,176,Zhou,25.84,34.92263734126984
DesignSafe RC columns combined,Random Forest,GroupKFold,1,186,Verma,141.1,60.046789576719554
DesignSafe RC columns combined,Random Forest,GroupKFold,1,204,Nakamura et al.,61.03,46.30972025132275
DesignSafe RC columns combined,Random Forest,GroupKFold,1,205,Nakamura et al.,59.12,53.673732129629634
DesignSafe RC columns combined,Random Forest,GroupKFold,1,206,Nakamura et al.,65.62,53.673732129629634
DesignSafe RC columns combined,Random Forest,GroupKFold,1,211,Nagasaka,25.32,33.87756554232803
DesignSafe RC columns combined,Random Forest,GroupKFold,1,214,Zhou,8.26,25.866175608465625
DesignSafe RC columns combined,Random Forest,GroupKFold,1,215,Zhou,15.22,33.60980414021163
DesignSafe RC columns combined,Random Forest,GroupKFold,1,216,Zhou,15.15,40.36481853174599
DesignSafe RC columns combined,Random Forest,GroupKFold,1,217,Zhou,12.71,33.73994626984124
DesignSafe RC columns combined,Random Forest,GroupKFold,1,218,Zhou,12.34,33.73994626984124
DesignSafe RC columns combined,Random Forest,GroupKFold,1,221,Amitsu,115.47,79.81738956349203
DesignSafe RC columns combined,Random Forest,GroupKFold,1,254,Ikeda,16.8,23.178813611111117
DesignSafe RC columns combined,Random Forest,GroupKFold,1,255,Ikeda,15.92,23.178813611111117
DesignSafe RC columns combined,Random Forest,GroupKFold,1,256,Ikeda,18.8,23.5935440873016
DesignSafe RC columns combined,Random Forest,GroupKFold,1,257,Ikeda,18.14,25.927155079365093
DesignSafe RC columns combined,Random Forest,GroupKFold,1,258,Ikeda,13.02,22.609743928571433
DesignSafe RC columns combined,Random Forest,GroupKFold,1,259,Ikeda,15.92,23.043841626984133
DesignSafe RC columns combined,Random Forest,GroupKFold,1,260,Ikeda,15.8,23.043841626984133
DesignSafe RC columns combined,Random Forest,GroupKFold,1,261,Umemura & Endo ,15.75,21.421561626984143
DesignSafe RC columns combined,Random Forest,GroupKFold,1,262,Umemura & Endo ,24.0,25.863590079365103
DesignSafe RC columns combined,Random Forest,GroupKFold,1,263,Umemura & Endo ,18.67,26.472693730158714
DesignSafe RC columns combined,Random Forest,GroupKFold,1,264,Umemura & Endo ,17.93,23.76526642857143
DesignSafe RC columns combined,Random Forest,GroupKFold,1,265,Umemura & Endo ,11.3,23.74251771164024
DesignSafe RC columns combined,Random Forest,GroupKFold,1,266,Umemura & Endo ,13.2,23.816194933862466
DesignSafe RC columns combined,Random Forest,GroupKFold,1,267,Umemura & Endo ,15.34,23.77397437830691
DesignSafe RC columns combined,Random Forest,GroupKFold,1,268,Umemura & Endo ,15.62,23.77397437830691
DesignSafe RC columns combined,Random Forest,GroupKFold,1,276,Verma,127.9,121.93310965608465
DesignSafe RC columns combined,Random Forest,GroupKFold,1,297,Ang et al.,43.17,52.27915679653679
DesignSafe RC columns combined,Random Forest,GroupKFold,1,298,Ang et al.,38.04,52.20775698412695
DesignSafe RC columns combined,Random Forest,GroupKFold,1,323,Zhou,16.23,33.60980414021163
DesignSafe RC columns combined,Random Forest,GroupKFold,1,362,Galeota et al. ,29.26,22.01035074074072
DesignSafe RC columns combined,Random Forest,GroupKFold,1,363,Galeota et al. ,27.68,22.01035074074072
DesignSafe RC columns combined,Random Forest,GroupKFold,1,364,Galeota et al. ,22.09,19.706499682539672
DesignSafe RC columns combined,Random Forest,GroupKFold,1,365,Galeota et al. ,30.93,19.706499682539672
DesignSafe RC columns combined,Random Forest,GroupKFold,1,366,Galeota et al. ,31.75,19.985220555555536
DesignSafe RC columns combined,Random Forest,GroupKFold,1,367,Galeota et al. ,28.86,22.30023740740739
DesignSafe RC columns combined,Random Forest,GroupKFold,1,368,Galeota et al. ,29.47,22.30023740740739
DesignSafe RC columns combined,Random Forest,GroupKFold,1,369,Galeota et al. ,24.8,19.985220555555536
DesignSafe RC columns combined,Random Forest,GroupKFold,1,370,Galeota et al. ,22.71,21.229536031746008
DesignSafe RC columns combined,Random Forest,GroupKFold,1,371,Galeota et al. ,28.43,23.93708746031745
DesignSafe RC columns combined,Random Forest,GroupKFold,1,372,Galeota et al. ,29.59,21.229536031746008
DesignSafe RC columns combined,Random Forest,GroupKFold,1,373,Galeota et al. ,30.3,23.93708746031745
DesignSafe RC columns combined,Random Forest,GroupKFold,1,374,Galeota et al. ,39.41,47.43564662698415
DesignSafe RC columns combined,Random Forest,GroupKFold,1,375,Galeota et al. ,37.12,48.9648110978836
DesignSafe RC columns combined,Random Forest,GroupKFold,1,376,Galeota et al. ,38.91,48.9648110978836
DesignSafe RC columns combined,Random Forest,GroupKFold,1,377,Galeota et al. ,46.03,47.43564662698415
DesignSafe RC columns combined,Random Forest,GroupKFold,1,378,Galeota et al. ,36.33,47.66822607142858
DesignSafe RC columns combined,Random Forest,GroupKFold,1,379,Galeota et al. ,43.86,47.66822607142858
DesignSafe RC columns combined,Random Forest,GroupKFold,1,380,Galeota et al. ,39.34,49.28246673280424
DesignSafe RC columns combined,Random Forest,GroupKFold,1,381,Galeota et al. ,38.33,49.28246673280424
DesignSafe RC columns combined,Random Forest,GroupKFold,1,382,Galeota et al. ,38.56,48.741358055555565
DesignSafe RC columns combined,Random Forest,GroupKFold,1,383,Galeota et al. ,38.91,48.741358055555565
DesignSafe RC columns combined,Random Forest,GroupKFold,1,384,Galeota et al. ,38.3,50.65464361111113
DesignSafe RC columns combined,Random Forest,GroupKFold,1,385,Galeota et al. ,39.76,50.65464361111113
DesignSafe RC columns combined,Random Forest,GroupKFold,1,390,Xiao and Martirossyan,72.86,61.03279222222225
DesignSafe RC columns combined,Random Forest,GroupKFold,1,391,Xiao and Martirossyan,85.05,66.8413217857143
DesignSafe RC columns combined,Random Forest,GroupKFold,1,392,Xiao and Martirossyan,61.92,63.75450531746033
DesignSafe RC columns combined,Random Forest,GroupKFold,1,393,Xiao and Martirossyan,71.68,68.9223094312169
DesignSafe RC columns combined,Random Forest,GroupKFold,1,394,Sugano,75.14,86.06373535714283
DesignSafe RC columns combined,Random Forest,GroupKFold,1,395,Sugano,82.05,85.70564980158728
DesignSafe RC columns combined,Random Forest,GroupKFold,1,396,Sugano,91.89,85.56876043650787
DesignSafe RC columns combined,Random Forest,GroupKFold,1,397,Sugano,82.67,73.72072523809528
DesignSafe RC columns combined,Random Forest,GroupKFold,1,398,Sugano,83.18,73.72494198412703
DesignSafe RC columns combined,Random Forest,GroupKFold,1,399,Nosho et al,14.78,18.218498611111098
DesignSafe RC columns combined,Random Forest,GroupKFold,1,442,Thomsen and Wallace,10.44,27.137749285714303
DesignSafe RC columns combined,Random Forest,GroupKFold,1,443,Thomsen and Wallace,16.45,26.257769920634907
DesignSafe RC columns combined,Random Forest,GroupKFold,1,444,Thomsen and Wallace,9.13,21.42228166666667
DesignSafe RC columns combined,Random Forest,GroupKFold,1,445,Thomsen and Wallace,12.55,23.972635873015857
DesignSafe RC columns combined,Random Forest,GroupKFold,1,446,Thomsen and Wallace,14.66,27.62399424603174
DesignSafe RC columns combined,Random Forest,GroupKFold,1,447,Thomsen and Wallace,8.99,20.554982936507944
DesignSafe RC columns combined,Random Forest,GroupKFold,1,448,Thomsen and Wallace,11.51,23.61121777777776
DesignSafe RC columns combined,Random Forest,GroupKFold,1,449,Thomsen and Wallace,12.98,25.867053531746013
DesignSafe RC columns combined,Random Forest,GroupKFold,1,450,Thomsen and Wallace,12.82,25.22719476190475
DesignSafe RC columns combined,Random Forest,GroupKFold,1,451,Thomsen and Wallace,14.11,26.276331944444433
DesignSafe RC columns combined,Random Forest,GroupKFold,1,452,Thomsen and Wallace,12.06,24.8806386111111
DesignSafe RC columns combined,Random Forest,GroupKFold,2,0,Ang_Beng_Ghee,65.01,53.46604260582008
DesignSafe RC columns combined,Random Forest,GroupKFold,2,1,Ang_Beng_Ghee,88.04,55.24179359788355
DesignSafe RC columns combined,Random Forest,GroupKFold,2,2,Ang_Beng_Ghee,63.09,54.93733158730157
DesignSafe RC columns combined,Random Forest,GroupKFold,2,3,Ang_Beng_Ghee,83.68,58.23150970899471
DesignSafe RC columns combined,Random Forest,GroupKFold,2,4,Ang_Beng_Ghee,113.49,67.29034773809524
DesignSafe RC columns combined,Random Forest,GroupKFold,2,5,Ang_Beng_Ghee,98.34,65.08073996031746
DesignSafe RC columns combined,Random Forest,GroupKFold,2,6,Ang_Beng_Ghee,109.4,86.26066318783059
DesignSafe RC columns combined,Random Forest,GroupKFold,2,7,Ang_Beng_Ghee,60.8,53.22308518518517
DesignSafe RC columns combined,Random Forest,GroupKFold,2,8,Ang_Beng_Ghee,64.03,53.752169828042305
DesignSafe RC columns combined,Random Forest,GroupKFold,2,33,Yarandi,95.23,119.2125866402117
DesignSafe RC columns combined,Random Forest,GroupKFold,2,34,Potangaroa,165.0,119.86975052910049
DesignSafe RC columns combined,Random Forest,GroupKFold,2,35,Ang_Beng_Ghee,72.25,53.87344597883598
DesignSafe RC columns combined,Random Forest,GroupKFold,2,36,Ang_Beng_Ghee,49.61,53.84635514550265
DesignSafe RC columns combined,Random Forest,GroupKFold,2,37,Ang_Beng_Ghee,62.09,53.317690978836
DesignSafe RC columns combined,Random Forest,GroupKFold,2,38,Ang_Beng_Ghee,74.39,51.9157343915344
DesignSafe RC columns combined,Random Forest,GroupKFold,2,39,Ang_Beng_Ghee,104.54,83.83198817460311
DesignSafe RC columns combined,Random Forest,GroupKFold,2,40,Ang_Beng_Ghee,101.39,82.02120999999997
DesignSafe RC columns combined,Random Forest,GroupKFold,2,41,Ang_Beng_Ghee,91.52,84.30027761904756
DesignSafe RC columns combined,Random Forest,GroupKFold,2,42,Ang_Beng_Ghee,118.44,57.82494265873018
DesignSafe RC columns combined,Random Forest,GroupKFold,2,43,Ang_Beng_Ghee,98.99,68.38272714285715
DesignSafe RC columns combined,Random Forest,GroupKFold,2,44,Ang_Beng_Ghee,71.12,54.19302880952382
DesignSafe RC columns combined,Random Forest,GroupKFold,2,45,Ang_Beng_Ghee,51.78,45.77075592592592
DesignSafe RC columns combined,Random Forest,GroupKFold,2,46,Ang_Beng_Ghee,73.12,66.10405694444444
DesignSafe RC columns combined,Random Forest,GroupKFold,2,47,Ang_Beng_Ghee,74.75,50.90335883597884
DesignSafe RC columns combined,Random Forest,GroupKFold,2,48,Ang_Beng_Ghee,76.54,50.420381970899484
DesignSafe RC columns combined,Random Forest,GroupKFold,2,63,Hamilton,32.21,42.967687116402125
DesignSafe RC columns combined,Random Forest,GroupKFold,2,64,Hamilton,36.96,42.967687116402125
DesignSafe RC columns combined,Random Forest,GroupKFold,2,65,Hamilton,39.24,41.86140584656087
DesignSafe RC columns combined,Random Forest,GroupKFold,2,72,Davey,44.01,50.98270429894181
DesignSafe RC columns combined,Random Forest,GroupKFold,2,73,Davey,77.04,50.88477263227515
DesignSafe RC columns combined,Random Forest,GroupKFold,2,74,Davey,34.57,51.52960707671958
DesignSafe RC columns combined,Random Forest,GroupKFold,2,80,Potangaroa,154.47,115.0345975132275
DesignSafe RC columns combined,Random Forest,GroupKFold,2,81,Potangaroa,175.54,117.73581021164017
DesignSafe RC columns combined,Random Forest,GroupKFold,2,82,Potangaroa,182.48,139.39616044973548
DesignSafe RC columns combined,Random Forest,GroupKFold,2,83,Potangaroa,210.65,156.14526283068787
DesignSafe RC columns combined,Random Forest,GroupKFold,2,85,Zahn et al.,32.0,38.49912044973542
DesignSafe RC columns combined,Random Forest,GroupKFold,2,86,Zahn et al.,39.37,40.90085595238098
DesignSafe RC columns combined,Random Forest,GroupKFold,2,89,Wong et al.,103.69,85.22464358465606
DesignSafe RC columns combined,Random Forest,GroupKFold,2,90,Wong et al.,130.07,95.99813894179889
DesignSafe RC columns combined,Random Forest,GroupKFold,2,123,Vu et al.,139.38,111.69663878306875
DesignSafe RC columns combined,Random Forest,GroupKFold,2,124,Vu et al.,124.0,106.96903019721019
DesignSafe RC columns combined,Random Forest,GroupKFold,2,125,Vu et al.,249.3,155.67498552910058
DesignSafe RC columns combined,Random Forest,GroupKFold,2,152,Henry,74.19,70.97759247354502
DesignSafe RC columns combined,Random Forest,GroupKFold,2,153,Henry,64.8,68.24512544973554
DesignSafe RC columns combined,Random Forest,GroupKFold,2,163,Kowalsky_Moyer,34.86,55.0844888876864
DesignSafe RC columns combined,Random Forest,GroupKFold,2,164,Kowalsky_Moyer,35.8,54.83469468133718
DesignSafe RC columns combined,Random Forest,GroupKFold,2,165,Kowalsky_Moyer,43.08,55.162094998797514
DesignSafe RC columns combined,Random Forest,GroupKFold,2,166,Kowalsky_Moyer,35.32,54.82857722101972
DesignSafe RC columns combined,Random Forest,GroupKFold,2,167,Coffman,23.9,38.98221956349208
DesignSafe RC columns combined,Random Forest,GroupKFold,2,168,Hamilton,15.81,32.943045674603184
DesignSafe RC columns combined,Random Forest,GroupKFold,2,169,Hamilton,16.96,32.943045674603184
DesignSafe RC columns combined,Random Forest,GroupKFold,2,170,Hamilton,23.83,32.31121183862433
DesignSafe RC columns combined,Random Forest,GroupKFold,2,187,Pandey,30.56,39.18410937830688
DesignSafe RC columns combined,Random Forest,GroupKFold,2,188,Yoshimura,21.74,28.911513994708983
DesignSafe RC columns combined,Random Forest,GroupKFold,2,189,Yoshimura,21.52,27.933973492063494
DesignSafe RC columns combined,Random Forest,GroupKFold,2,190,Yoshimura,36.91,34.91425623015874
DesignSafe RC columns combined,Random Forest,GroupKFold,2,191,Yoshimura,53.28,55.2647535978836
DesignSafe RC columns combined,Random Forest,GroupKFold,2,192,Yoshimura,51.55,55.26089193121694
DesignSafe RC columns combined,Random Forest,GroupKFold,2,193,Yoshimura,58.67,60.361006296296324
DesignSafe RC columns combined,Random Forest,GroupKFold,2,194,Ousalem,36.19,31.956963015873033
DesignSafe RC columns combined,Random Forest,GroupKFold,2,195,Ousalem,38.49,30.485584841269873
DesignSafe RC columns combined,Random Forest,GroupKFold,2,196,Ousalem,52.85,41.3960284126984
DesignSafe RC columns combined,Random Forest,GroupKFold,2,197,Ousalem,48.67,31.18003341269843
DesignSafe RC columns combined,Random Forest,GroupKFold,2,198,Ousalem,73.53,48.82888134920634
DesignSafe RC columns combined,Random Forest,GroupKFold,2,199,Ousalem,55.03,50.35786944444447
DesignSafe RC columns combined,Random Forest,GroupKFold,2,200,Ousalem,56.4,50.35786944444447
DesignSafe RC columns combined,Random Forest,GroupKFold,2,201,Ousalem,59.77,50.86384761904762
DesignSafe RC columns combined,Random Forest,GroupKFold,2,202,Ousalem,66.47,50.86384761904762
DesignSafe RC columns combined,Random Forest,GroupKFold,2,203,Ousalem,76.45,48.60507801587302
DesignSafe RC columns combined,Random Forest,GroupKFold,2,207,Yoshimura,88.08,84.8620259259259
DesignSafe RC columns combined,Random Forest,GroupKFold,2,210,Pandey,41.99,40.53014736772487
DesignSafe RC columns combined,Random Forest,GroupKFold,2,219,Ono,29.27,22.52429638888888
DesignSafe RC columns combined,Random Forest,GroupKFold,2,220,Ono,30.73,38.71123817460315
DesignSafe RC columns combined,Random Forest,GroupKFold,2,271,Kokusho & Fukuhara,24.42,24.013783015873024
DesignSafe RC columns combined,Random Forest,GroupKFold,2,272,Kokusho & Fukuhara,24.31,27.23192298941801
DesignSafe RC columns combined,Random Forest,GroupKFold,2,285,Yoshimura,48.94,43.595009947089956
DesignSafe RC columns combined,Random Forest,GroupKFold,2,286,Yoshimura,47.59,43.54149216931217
DesignSafe RC columns combined,Random Forest,GroupKFold,2,287,Yarandi,116.24,158.48986367724862
DesignSafe RC columns combined,Random Forest,GroupKFold,2,288,Yarandi,128.5,152.00263796296292
DesignSafe RC columns combined,Random Forest,GroupKFold,2,289,Pandey,41.61,38.64247572751324
DesignSafe RC columns combined,Random Forest,GroupKFold,2,290,Pandey,28.15,35.23637212962965
DesignSafe RC columns combined,Random Forest,GroupKFold,2,291,Yoshimura,46.29,40.33743812169313
DesignSafe RC columns combined,Random Forest,GroupKFold,2,292,Yoshimura,45.21,40.33743812169313
DesignSafe RC columns combined,Random Forest,GroupKFold,2,310,Tanaka and Park,37.56,40.715095370370356
DesignSafe RC columns combined,Random Forest,GroupKFold,2,311,Tanaka and Park,37.71,40.715095370370356
DesignSafe RC columns combined,Random Forest,GroupKFold,2,312,Tanaka and Park,39.41,40.715095370370356
DesignSafe RC columns combined,Random Forest,GroupKFold,2,313,Tanaka and Park,38.31,40.715095370370356
DesignSafe RC columns combined,Random Forest,GroupKFold,2,314,Tanaka and Park,86.69,122.72170649470897
DesignSafe RC columns combined,Random Forest,GroupKFold,2,315,Tanaka and Park,91.99,122.72170649470897
DesignSafe RC columns combined,Random Forest,GroupKFold,2,316,Tanaka and Park,138.64,127.93115735449742
DesignSafe RC columns combined,Random Forest,GroupKFold,2,317,Tanaka and Park,139.08,127.93115735449742
DesignSafe RC columns combined,Random Forest,GroupKFold,2,318,Park and Paulay,88.81,147.9335869841269
DesignSafe RC columns combined,Random Forest,GroupKFold,2,338,Sakai et al.,92.71,63.30189928571431
DesignSafe RC columns combined,Random Forest,GroupKFold,2,339,Sakai et al.,92.99,63.05408571428572
DesignSafe RC columns combined,Random Forest,GroupKFold,2,340,Sakai et al.,96.29,64.02270706349204
DesignSafe RC columns combined,Random Forest,GroupKFold,2,341,Sakai et al.,91.09,63.35375484126986
DesignSafe RC columns combined,Random Forest,GroupKFold,2,342,Sakai et al.,91.18,63.188407169312185
DesignSafe RC columns combined,Random Forest,GroupKFold,2,343,Sakai et al.,94.43,63.30189928571431
DesignSafe RC columns combined,Random Forest,GroupKFold,2,344,Sakai et al.,91.06,58.13675837301589
DesignSafe RC columns combined,Random Forest,GroupKFold,3,52,Kenchiku_Kenkyu_Siryo,41.32,31.55385986772489
DesignSafe RC columns combined,Random Forest,GroupKFold,3,53,Kenchiku_Kenkyu_Siryo,41.59,27.264852222222228
DesignSafe RC columns combined,Random Forest,GroupKFold,3,54,Kenchiku_Kenkyu_Siryo,23.52,20.794051414141418
DesignSafe RC columns combined,Random Forest,GroupKFold,3,60,Vu,63.66,106.57301117724869
DesignSafe RC columns combined,Random Forest,GroupKFold,3,61,Vu,221.45,131.6524717328043
DesignSafe RC columns combined,Random Forest,GroupKFold,3,62,Vu,89.52,104.53062739417993
DesignSafe RC columns combined,Random Forest,GroupKFold,3,66,Chai,124.2,131.4721492857143
DesignSafe RC columns combined,Random Forest,GroupKFold,3,67,Iwasaki,91.37,119.6987441269842
DesignSafe RC columns combined,Random Forest,GroupKFold,3,122,Hose et al.,81.75,102.14850636604136
DesignSafe RC columns combined,Random Forest,GroupKFold,3,129,Lehman et al,64.07,65.84567154761906
DesignSafe RC columns combined,Random Forest,GroupKFold,3,130,Lehman et al,33.94,72.48893015873017
DesignSafe RC columns combined,Random Forest,GroupKFold,3,131,Lehman et al,22.82,72.48893015873017
DesignSafe RC columns combined,Random Forest,GroupKFold,3,132,Lehman et al,40.46,65.84567154761906
DesignSafe RC columns combined,Random Forest,GroupKFold,3,133,Lehman et al,107.9,65.84567154761906
DesignSafe RC columns combined,Random Forest,GroupKFold,3,140,Saatcioglu et al.,15.97,36.60441864718613
DesignSafe RC columns combined,Random Forest,GroupKFold,3,141,Saatcioglu et al.,15.35,39.08141182539683
DesignSafe RC columns combined,Random Forest,GroupKFold,3,142,Saatcioglu et al.,18.38,42.25536685185185
DesignSafe RC columns combined,Random Forest,GroupKFold,3,143,Saatcioglu et al.,19.16,42.25142777777778
DesignSafe RC columns combined,Random Forest,GroupKFold,3,144,Saatcioglu et al.,17.63,40.67351037037037
DesignSafe RC columns combined,Random Forest,GroupKFold,3,145,Saatcioglu et al.,16.6,37.4314221031746
DesignSafe RC columns combined,Random Forest,GroupKFold,3,146,Saatcioglu et al.,18.28,42.25536685185185
DesignSafe RC columns combined,Random Forest,GroupKFold,3,147,Saatcioglu et al.,21.58,45.01238619047621
DesignSafe RC columns combined,Random Forest,GroupKFold,3,154,Chai,55.74,117.80519560846554
DesignSafe RC columns combined,Random Forest,GroupKFold,3,171,Chai,48.5,111.12325997354495
DesignSafe RC columns combined,Random Forest,GroupKFold,3,179,Umehara,72.53,84.53684399470905
DesignSafe RC columns combined,Random Forest,GroupKFold,3,180,Umehara,59.16,54.74868013227511
DesignSafe RC columns combined,Random Forest,GroupKFold,3,182,Aboutaha,101.19,69.60543474867728
DesignSafe RC columns combined,Random Forest,GroupKFold,3,183,Aboutaha,144.49,134.81321652477152
DesignSafe RC columns combined,Random Forest,GroupKFold,3,184,Iwasaki,88.33,81.48988850529105
DesignSafe RC columns combined,Random Forest,GroupKFold,3,185,Iwasaki,95.71,81.72458826719581
DesignSafe RC columns combined,Random Forest,GroupKFold,3,208,Wight,17.81,30.110440343915393
DesignSafe RC columns combined,Random Forest,GroupKFold,3,222,Wight,22.2,30.76831231481485
DesignSafe RC columns combined,Random Forest,GroupKFold,3,223,Wight,22.77,30.76831231481485
DesignSafe RC columns combined,Random Forest,GroupKFold,3,224,Wight,23.51,31.059649695767195
DesignSafe RC columns combined,Random Forest,GroupKFold,3,225,Wight,22.14,31.059649695767195
DesignSafe RC columns combined,Random Forest,GroupKFold,3,226,Wight,21.18,30.515007235449783
DesignSafe RC columns combined,Random Forest,GroupKFold,3,227,Wight,23.58,30.515007235449783
DesignSafe RC columns combined,Random Forest,GroupKFold,3,228,Wight,19.76,29.842528597883643
DesignSafe RC columns combined,Random Forest,GroupKFold,3,229,Wight,20.97,29.842528597883643
DesignSafe RC columns combined,Random Forest,GroupKFold,3,230,Wight,22.11,29.809695462962985
DesignSafe RC columns combined,Random Forest,GroupKFold,3,231,Wight,22.83,31.07329346560849
DesignSafe RC columns combined,Random Forest,GroupKFold,3,232,Wight,22.34,31.07329346560849
DesignSafe RC columns combined,Random Forest,GroupKFold,3,233,Wight,26.92,31.75727370370371
DesignSafe RC columns combined,Random Forest,GroupKFold,3,234,Wight,27.08,31.75727370370371
DesignSafe RC columns combined,Random Forest,GroupKFold,3,235,Wight,27.24,30.87529341269844
DesignSafe RC columns combined,Random Forest,GroupKFold,3,236,Wight,27.21,30.87529341269844
DesignSafe RC columns combined,Random Forest,GroupKFold,3,246,Iwasaki,28.8,50.66006997354496
DesignSafe RC columns combined,Random Forest,GroupKFold,3,247,Iwasaki,35.97,50.07120386243385
DesignSafe RC columns combined,Random Forest,GroupKFold,3,248,Iwasaki,35.39,52.339844907407425
DesignSafe RC columns combined,Random Forest,GroupKFold,3,249,Iwasaki,34.91,52.3506626851852
DesignSafe RC columns combined,Random Forest,GroupKFold,3,250,Iwasaki,36.65,52.339844907407425
DesignSafe RC columns combined,Random Forest,GroupKFold,3,251,Iwasaki,53.57,63.473788730158766
DesignSafe RC columns combined,Random Forest,GroupKFold,3,252,Iwasaki,51.71,63.236135211640246
DesignSafe RC columns combined,Random Forest,GroupKFold,3,253,Iwasaki,88.65,77.64438480158732
DesignSafe RC columns combined,Random Forest,GroupKFold,3,269,Kokusho,16.93,19.35455984126984
DesignSafe RC columns combined,Random Forest,GroupKFold,3,270,Kokusho,19.75,19.353200317460317
DesignSafe RC columns combined,Random Forest,GroupKFold,3,274,Elwood,18.14,15.304275740740728
DesignSafe RC columns combined,Random Forest,GroupKFold,3,275,Elwood,19.92,17.74567095238095
DesignSafe RC columns combined,Random Forest,GroupKFold,3,278,Esaki,27.5,26.37218912698413
DesignSafe RC columns combined,Random Forest,GroupKFold,3,279,Esaki,24.54,26.504447817460324
DesignSafe RC columns combined,Random Forest,GroupKFold,3,280,Esaki,26.77,26.46292972222222
DesignSafe RC columns combined,Random Forest,GroupKFold,3,281,Esaki,24.59,25.260423253968284
DesignSafe RC columns combined,Random Forest,GroupKFold,3,303,Zahn ,47.95,64.00288919312167
DesignSafe RC columns combined,Random Forest,GroupKFold,3,304,Zahn ,60.44,72.67617679894181
DesignSafe RC columns combined,Random Forest,GroupKFold,3,324,Kanda et al.,18.41,19.307249682539677
DesignSafe RC columns combined,Random Forest,GroupKFold,3,325,Kanda et al.,17.99,18.05689190476191
DesignSafe RC columns combined,Random Forest,GroupKFold,3,326,Kanda et al.,18.41,18.05689190476191
DesignSafe RC columns combined,Random Forest,GroupKFold,3,327,Kanda et al.,19.01,18.767044682539687
DesignSafe RC columns combined,Random Forest,GroupKFold,3,328,Kanda et al.,18.34,18.05689190476191
DesignSafe RC columns combined,Random Forest,GroupKFold,3,329,Kanda et al.,17.42,18.05689190476191
DesignSafe RC columns combined,Random Forest,GroupKFold,3,345,Atalay and Penzein,13.87,13.905175079365078
DesignSafe RC columns combined,Random Forest,GroupKFold,3,346,Atalay and Penzein,13.76,14.170760026455016
DesignSafe RC columns combined,Random Forest,GroupKFold,3,347,Atalay and Penzein,13.09,13.905175079365078
DesignSafe RC columns combined,Random Forest,GroupKFold,3,348,Atalay and Penzein,16.01,14.125920062530064
DesignSafe RC columns combined,Random Forest,GroupKFold,3,349,Atalay and Penzein,17.23,30.372229629629626
DesignSafe RC columns combined,Random Forest,GroupKFold,3,350,Atalay and Penzein,16.84,30.08192403439155
DesignSafe RC columns combined,Random Forest,GroupKFold,3,351,Atalay and Penzein,17.73,30.483283134920615
DesignSafe RC columns combined,Random Forest,GroupKFold,3,352,Atalay and Penzein,17.53,30.130776150793643
DesignSafe RC columns combined,Random Forest,GroupKFold,3,353,Atalay and Penzein,18.46,30.51204932539681
DesignSafe RC columns combined,Random Forest,GroupKFold,3,354,Atalay and Penzein,17.64,30.02987615079365
DesignSafe RC columns combined,Random Forest,GroupKFold,3,355,Azizinamini et al.,104.93,84.93231828042327
DesignSafe RC columns combined,Random Forest,GroupKFold,3,386,Wehbe et al.,82.82,112.78312488095236
DesignSafe RC columns combined,Random Forest,GroupKFold,3,387,Wehbe et al.,89.98,128.8614886640211
DesignSafe RC columns combined,Random Forest,GroupKFold,3,388,Wehbe et al.,85.41,112.65593615079364
DesignSafe RC columns combined,Random Forest,GroupKFold,3,389,Wehbe et al.,96.87,129.44349548941796
DesignSafe RC columns combined,Random Forest,GroupKFold,3,400,Bayrak and Sheikh,33.11,46.10926103174602
DesignSafe RC columns combined,Random Forest,GroupKFold,3,401,Bayrak and Sheikh,33.56,43.950467248677285
DesignSafe RC columns combined,Random Forest,GroupKFold,3,402,Bayrak and Sheikh,33.23,47.20884047619047
DesignSafe RC columns combined,Random Forest,GroupKFold,3,403,Bayrak and Sheikh,33.19,46.02992547619046
DesignSafe RC columns combined,Random Forest,GroupKFold,3,404,Bayrak and Sheikh,44.83,46.67576436507935
DesignSafe RC columns combined,Random Forest,GroupKFold,3,405,Bayrak and Sheikh,44.19,48.89015658730157
DesignSafe RC columns combined,Random Forest,GroupKFold,3,406,Bayrak and Sheikh,38.65,47.749548809523795
DesignSafe RC columns combined,Random Forest,GroupKFold,3,407,Bayrak and Sheikh,40.01,54.562750476190466
DesignSafe RC columns combined,Random Forest,GroupKFold,3,491,Melek,45.6,45.2916699795575
DesignSafe RC columns combined,Random Forest,GroupKFold,3,492,Melek,52.5,47.84930904761907
DesignSafe RC columns combined,Random Forest,GroupKFold,3,493,Melek,64.1,51.80735718253974
DesignSafe RC columns combined,Random Forest,GroupKFold,3,494,Melek,60.6,61.891781825396826
DesignSafe RC columns combined,Random Forest,GroupKFold,3,495,Melek,60.1,61.891781825396826
DesignSafe RC columns combined,Random Forest,GroupKFold,3,496,Melek,76.6,74.22916980158732
DesignSafe RC columns combined,Random Forest,GroupKFold,4,29,Xiao,192.07,117.2144203835979
DesignSafe RC columns combined,Random Forest,GroupKFold,4,30,Yalcin,126.45,121.79990964285722
DesignSafe RC columns combined,Random Forest,GroupKFold,4,76,Ng,8.23,18.860715476190475
DesignSafe RC columns combined,Random Forest,GroupKFold,4,77,Ng,17.56,22.257400132275105
DesignSafe RC columns combined,Random Forest,GroupKFold,4,78,Ang,31.31,35.50425833333332
DesignSafe RC columns combined,Random Forest,GroupKFold,4,79,Ang,36.74,43.044908439153424
DesignSafe RC columns combined,Random Forest,GroupKFold,4,96,Cheok et al.,290.76,63.80438531746035
DesignSafe RC columns combined,Random Forest,GroupKFold,4,97,Cheok et al.,737.79,90.27625305555559
DesignSafe RC columns combined,Random Forest,GroupKFold,4,104,Kenchiku Siryo,27.96,37.2629061904762
DesignSafe RC columns combined,Random Forest,GroupKFold,4,105,Kenchiku Siryo,23.08,25.82945510582014
DesignSafe RC columns combined,Random Forest,GroupKFold,4,106,Kenchiku Siryo,33.25,33.86355305796058
DesignSafe RC columns combined,Random Forest,GroupKFold,4,209,Lynn,59.8,61.928999761904805
DesignSafe RC columns combined,Random Forest,GroupKFold,4,237,Lynn,54.13,59.43018531746036
DesignSafe RC columns combined,Random Forest,GroupKFold,4,238,Lynn,68.79,70.95496440476188
DesignSafe RC columns combined,Random Forest,GroupKFold,4,239,Lynn,52.5,59.43018531746036
DesignSafe RC columns combined,Random Forest,GroupKFold,4,240,Lynn,82.5,71.15729222222221
DesignSafe RC columns combined,Random Forest,GroupKFold,4,241,Xiao,60.68,62.29592038359789
DesignSafe RC columns combined,Random Forest,GroupKFold,4,242,Xiao,72.86,67.57377919312172
DesignSafe RC columns combined,Random Forest,GroupKFold,4,273,Yalcin,132.7,113.10848130952382
DesignSafe RC columns combined,Random Forest,GroupKFold,4,282,Lynn,73.73,71.40950043650791
DesignSafe RC columns combined,Random Forest,GroupKFold,4,283,Lynn,80.03,70.51161833333333
DesignSafe RC columns combined,Random Forest,GroupKFold,4,284,Lynn,59.8,61.928999761904805
DesignSafe RC columns combined,Random Forest,GroupKFold,4,293,Gill et al.,156.5,127.74883797619053
DesignSafe RC columns combined,Random Forest,GroupKFold,4,294,Gill et al.,182.41,151.59915149470896
DesignSafe RC columns combined,Random Forest,GroupKFold,4,295,Gill et al.,150.71,148.59715328042324
DesignSafe RC columns combined,Random Forest,GroupKFold,4,296,Gill et al.,156.58,195.6312745262145
DesignSafe RC columns combined,Random Forest,GroupKFold,4,299,Soesianawati et al.,44.87,52.47398555555553
DesignSafe RC columns combined,Random Forest,GroupKFold,4,300,Soesianawati et al.,62.78,61.49566365079365
DesignSafe RC columns combined,Random Forest,GroupKFold,4,301,Soesianawati et al.,62.27,61.55498253968255
DesignSafe RC columns combined,Random Forest,GroupKFold,4,302,Soesianawati et al.,59.47,61.17722948412698
DesignSafe RC columns combined,Random Forest,GroupKFold,4,305,Watson and Park,65.65,62.775201560846554
DesignSafe RC columns combined,Random Forest,GroupKFold,4,306,Watson and Park,66.32,63.05697339947092
DesignSafe RC columns combined,Random Forest,GroupKFold,4,307,Watson and Park,66.44,88.25591041005295
DesignSafe RC columns combined,Random Forest,GroupKFold,4,308,Watson and Park,66.4,63.08929767195766
DesignSafe RC columns combined,Random Forest,GroupKFold,4,309,Watson and Park,69.58,94.31661302910061
DesignSafe RC columns combined,Random Forest,GroupKFold,4,320,Ohno and Nishioka,27.21,33.916589987975
DesignSafe RC columns combined,Random Forest,GroupKFold,4,321,Ohno and Nishioka,24.44,33.916589987975
DesignSafe RC columns combined,Random Forest,GroupKFold,4,322,Ohno and Nishioka,24.76,33.916589987975
DesignSafe RC columns combined,Random Forest,GroupKFold,4,356,Azizinamini et al. ,109.99,91.85774388888896
DesignSafe RC columns combined,Random Forest,GroupKFold,4,408,Saatcioglu and Giria,43.76,42.394089404761885
DesignSafe RC columns combined,Random Forest,GroupKFold,4,409,Saatcioglu and Giria,42.96,42.83650252645499
DesignSafe RC columns combined,Random Forest,GroupKFold,4,410,Saatcioglu and Giria,36.93,38.76846945767195
DesignSafe RC columns combined,Random Forest,GroupKFold,4,411,Saatcioglu and Giria,46.47,43.994010555555526
DesignSafe RC columns combined,Random Forest,GroupKFold,4,412,Saatcioglu and Giria,53.35,48.09975110509857
DesignSafe RC columns combined,Random Forest,GroupKFold,4,413,Saatcioglu and Giria,49.78,47.70736965007213
DesignSafe RC columns combined,Random Forest,GroupKFold,4,414,Saatcioglu and Giria,48.44,44.40260038359784
DesignSafe RC columns combined,Random Forest,GroupKFold,4,415,Saatcioglu and Giria,44.62,41.883765132275116
DesignSafe RC columns combined,Random Forest,GroupKFold,4,416,Saatcioglu and Giria,49.31,46.24606332010582
DesignSafe RC columns combined,Random Forest,GroupKFold,4,417,Saatcioglu and Giria,53.5,50.19434201779704
DesignSafe RC columns combined,Random Forest,GroupKFold,4,418,Matamoros et al.,15.8,19.756252936507927
DesignSafe RC columns combined,Random Forest,GroupKFold,4,419,Matamoros et al.,15.3,19.756252936507927
DesignSafe RC columns combined,Random Forest,GroupKFold,4,420,Matamoros et al.,21.5,20.162674259259244
DesignSafe RC columns combined,Random Forest,GroupKFold,4,421,Matamoros et al.,21.2,20.21691314814813
DesignSafe RC columns combined,Random Forest,GroupKFold,4,422,Matamoros et al.,24.2,23.322741097883597
DesignSafe RC columns combined,Random Forest,GroupKFold,4,423,Matamoros et al.,23.3,23.427563875661374
DesignSafe RC columns combined,Random Forest,GroupKFold,4,424,Matamoros et al.,13.3,18.573523293650776
DesignSafe RC columns combined,Random Forest,GroupKFold,4,425,Matamoros et al.,13.11,18.559189325396808
DesignSafe RC columns combined,Random Forest,GroupKFold,4,426,Matamoros et al.,16.3,21.06510321428571
DesignSafe RC columns combined,Random Forest,GroupKFold,4,427,Matamoros et al.,16.3,21.104838769841265
DesignSafe RC columns combined,Random Forest,GroupKFold,4,428,Matamoros et al.,19.0,23.23950244708995
DesignSafe RC columns combined,Random Forest,GroupKFold,4,429,Matamoros et al.,19.0,23.334505780423285
DesignSafe RC columns combined,Random Forest,GroupKFold,4,430,Mo and Wang,56.2,45.013183558201064
DesignSafe RC columns combined,Random Forest,GroupKFold,4,431,Mo and Wang,60.15,46.41951834656085
DesignSafe RC columns combined,Random Forest,GroupKFold,4,432,Mo and Wang,68.63,49.78057702380951
DesignSafe RC columns combined,Random Forest,GroupKFold,4,433,Mo and Wang,55.76,44.819774669312174
DesignSafe RC columns combined,Random Forest,GroupKFold,4,434,Mo and Wang,64.21,46.22642612433862
DesignSafe RC columns combined,Random Forest,GroupKFold,4,435,Mo and Wang,69.65,49.694755277777766
DesignSafe RC columns combined,Random Forest,GroupKFold,4,436,Mo and Wang,56.75,44.99706772486773
DesignSafe RC columns combined,Random Forest,GroupKFold,4,437,Mo and Wang,63.5,46.37101501322751
DesignSafe RC columns combined,Random Forest,GroupKFold,4,438,Mo and Wang,68.05,49.839344166666656
DesignSafe RC columns combined,Random Forest,GroupKFold,4,439,Aboutaha and Machado,58.03,103.13716856060604
DesignSafe RC columns combined,Random Forest,GroupKFold,4,440,Aboutaha and Machado,87.31,108.86937395743155
DesignSafe RC columns combined,Random Forest,GroupKFold,4,441,Aboutaha and Machado,95.36,113.04924980399242
DesignSafe RC columns combined,Random Forest,GroupKFold,4,453,Paultre & Legeron,27.65,39.12235499999998
DesignSafe RC columns combined,Random Forest,GroupKFold,4,454,Paultre & Legeron,35.92,40.42975665343915
DesignSafe RC columns combined,Random Forest,GroupKFold,4,455,Paultre & Legeron,43.84,43.27557808201058
DesignSafe RC columns combined,Random Forest,GroupKFold,4,456,Paultre & Legeron,25.16,38.848929060846515
DesignSafe RC columns combined,Random Forest,GroupKFold,4,457,Paultre & Legeron,37.71,40.25150210317459
DesignSafe RC columns combined,Random Forest,GroupKFold,4,458,Paultre & Legeron,41.59,42.95793686507938
DesignSafe RC columns combined,Random Forest,GroupKFold,4,465,Pujol,25.52,43.386292261904764
DesignSafe RC columns combined,Random Forest,GroupKFold,4,466,Pujol,25.52,43.386292261904764
DesignSafe RC columns combined,Random Forest,GroupKFold,4,467,Pujol,26.08,46.009854404761924
DesignSafe RC columns combined,Random Forest,GroupKFold,4,468,Pujol,26.08,46.009854404761924
DesignSafe RC columns combined,Random Forest,GroupKFold,4,469,Pujol,25.52,44.44724574074076
DesignSafe RC columns combined,Random Forest,GroupKFold,4,470,Pujol,25.52,44.44724574074076
DesignSafe RC columns combined,Random Forest,GroupKFold,4,471,Pujol,25.65,45.61088712962965
DesignSafe RC columns combined,Random Forest,GroupKFold,4,472,Pujol,25.65,45.61088712962965
DesignSafe RC columns combined,Random Forest,GroupKFold,4,473,Pujol,29.38,45.301582526455036
DesignSafe RC columns combined,Random Forest,GroupKFold,4,474,Pujol,29.38,45.301582526455036
DesignSafe RC columns combined,Random Forest,GroupKFold,4,475,Pujol,26.03,45.33014765873017
DesignSafe RC columns combined,Random Forest,GroupKFold,4,476,Pujol,26.03,45.33014765873017
DesignSafe RC columns combined,Random Forest,GroupKFold,4,477,Pujol,26.47,45.31394654761906
DesignSafe RC columns combined,Random Forest,GroupKFold,4,478,Pujol,26.47,45.31394654761906
DesignSafe RC columns combined,Random Forest,GroupKFold,4,479,Kono et al.,45.19,33.73368714285712
DesignSafe RC columns combined,Random Forest,GroupKFold,4,480,Kono et al.,42.28,36.30336620129869
DesignSafe RC columns combined,Random Forest,GroupKFold,4,481,Kono et al.,278.53,167.35118194684938
DesignSafe RC columns combined,Random Forest,GroupKFold,4,482,Kono et al.,300.95,167.35118194684938
DesignSafe RC columns combined,Random Forest,GroupKFold,4,483,Kono et al.,270.06,165.08011266113516
DesignSafe RC columns combined,Random Forest,GroupKFold,4,490,Harries,42.7,54.39595390211641
DesignSafe RC columns combined,Random Forest,LeaveOneSourceOut,0,182,Aboutaha,101.19,76.4073153703704
DesignSafe RC columns combined,Random Forest,LeaveOneSourceOut,0,183,Aboutaha,144.49,148.41403347883602
DesignSafe RC columns combined,Random Forest,LeaveOneSourceOut,1,439,Aboutaha and Machado,58.03,91.81469191798939
DesignSafe RC columns combined,Random Forest,LeaveOneSourceOut,1,440,Aboutaha and Machado,87.31,101.97801640211637
DesignSafe RC columns combined,Random Forest,LeaveOneSourceOut,1,441,Aboutaha and Machado,95.36,115.58177816137562
DesignSafe RC columns combined,Random Forest,LeaveOneSourceOut,2,221,Amitsu,115.47,76.13805587301594
DesignSafe RC columns combined,Random Forest,LeaveOneSourceOut,3,78,Ang,31.31,39.12625154040406
DesignSafe RC columns combined,Random Forest,LeaveOneSourceOut,3,79,Ang,36.74,42.944892777777845
DesignSafe RC columns combined,Random Forest,LeaveOneSourceOut,4,84,Ang et al.,88.3,80.97307060846558
DesignSafe RC columns combined,Random Forest,LeaveOneSourceOut,4,297,Ang et al.,43.17,50.05366542328039
DesignSafe RC columns combined,Random Forest,LeaveOneSourceOut,4,298,Ang et al.,38.04,49.710351415343894
DesignSafe RC columns combined,Random Forest,LeaveOneSourceOut,5,0,Ang_Beng_Ghee,65.01,44.1515506878307
DesignSafe RC columns combined,Random Forest,LeaveOneSourceOut,5,1,Ang_Beng_Ghee,88.04,45.98663485449733
DesignSafe RC columns combined,Random Forest,LeaveOneSourceOut,5,2,Ang_Beng_Ghee,63.09,44.14322060846559
DesignSafe RC columns combined,Random Forest,LeaveOneSourceOut,5,3,Ang_Beng_Ghee,83.68,51.942101759259316
DesignSafe RC columns combined,Random Forest,LeaveOneSourceOut,5,4,Ang_Beng_Ghee,113.49,70.31179671957676
DesignSafe RC columns combined,Random Forest,LeaveOneSourceOut,5,5,Ang_Beng_Ghee,98.34,67.90151269841276
DesignSafe RC columns combined,Random Forest,LeaveOneSourceOut,5,6,Ang_Beng_Ghee,109.4,88.04035503968254
DesignSafe RC columns combined,Random Forest,LeaveOneSourceOut,5,7,Ang_Beng_Ghee,60.8,43.85975255291005
DesignSafe RC columns combined,Random Forest,LeaveOneSourceOut,5,8,Ang_Beng_Ghee,64.03,44.339156203703695
DesignSafe RC columns combined,Random Forest,LeaveOneSourceOut,5,35,Ang_Beng_Ghee,72.25,43.32388969576721
DesignSafe RC columns combined,Random Forest,LeaveOneSourceOut,5,36,Ang_Beng_Ghee,49.61,43.26167861111113
DesignSafe RC columns combined,Random Forest,LeaveOneSourceOut,5,37,Ang_Beng_Ghee,62.09,39.61248244708997
DesignSafe RC columns combined,Random Forest,LeaveOneSourceOut,5,38,Ang_Beng_Ghee,74.39,46.50089855820106
DesignSafe RC columns combined,Random Forest,LeaveOneSourceOut,5,39,Ang_Beng_Ghee,104.54,82.46058493386242
DesignSafe RC columns combined,Random Forest,LeaveOneSourceOut,5,40,Ang_Beng_Ghee,101.39,88.54752183862429
DesignSafe RC columns combined,Random Forest,LeaveOneSourceOut,5,41,Ang_Beng_Ghee,91.52,85.57846664021164
DesignSafe RC columns combined,Random Forest,LeaveOneSourceOut,5,42,Ang_Beng_Ghee,118.44,48.339297288359816
DesignSafe RC columns combined,Random Forest,LeaveOneSourceOut,5,43,Ang_Beng_Ghee,98.99,76.54788044973547
DesignSafe RC columns combined,Random Forest,LeaveOneSourceOut,5,44,Ang_Beng_Ghee,71.12,43.6967367989418
DesignSafe RC columns combined,Random Forest,LeaveOneSourceOut,5,45,Ang_Beng_Ghee,51.78,38.16920111111112
DesignSafe RC columns combined,Random Forest,LeaveOneSourceOut,5,46,Ang_Beng_Ghee,73.12,67.51174126984128
DesignSafe RC columns combined,Random Forest,LeaveOneSourceOut,5,47,Ang_Beng_Ghee,74.75,47.027433161375676
DesignSafe RC columns combined,Random Forest,LeaveOneSourceOut,5,48,Ang_Beng_Ghee,76.54,47.19279776455027
DesignSafe RC columns combined,Random Forest,LeaveOneSourceOut,6,9,Arakawa,39.65,30.434191137566145
DesignSafe RC columns combined,Random Forest,LeaveOneSourceOut,6,10,Arakawa,45.82,33.03650039682541
DesignSafe RC columns combined,Random Forest,LeaveOneSourceOut,6,11,Arakawa,44.01,32.09698054232805
DesignSafe RC columns combined,Random Forest,LeaveOneSourceOut,6,12,Arakawa,50.65,33.98254716931217
DesignSafe RC columns combined,Random Forest,LeaveOneSourceOut,6,13,Arakawa,48.53,33.36908034391534
DesignSafe RC columns combined,Random Forest,LeaveOneSourceOut,6,14,Arakawa,51.26,34.69689978835979
DesignSafe RC columns combined,Random Forest,LeaveOneSourceOut,6,15,Arakawa,43.15,44.28133124338624
DesignSafe RC columns combined,Random Forest,LeaveOneSourceOut,6,16,Arakawa,53.6,46.242181732804255
DesignSafe RC columns combined,Random Forest,LeaveOneSourceOut,6,17,Arakawa,62.74,47.19335074074076
DesignSafe RC columns combined,Random Forest,LeaveOneSourceOut,6,18,Arakawa,55.43,32.50607173280423
DesignSafe RC columns combined,Random Forest,LeaveOneSourceOut,6,19,Arakawa,41.92,31.383890105820093
DesignSafe RC columns combined,Random Forest,LeaveOneSourceOut,6,20,Arakawa,38.47,30.868355701058203
DesignSafe RC columns combined,Random Forest,LeaveOneSourceOut,6,21,Arakawa,52.61,44.558727724867715
DesignSafe RC columns combined,Random Forest,LeaveOneSourceOut,6,22,Arakawa,45.24,43.07764236772485
DesignSafe RC columns combined,Random Forest,LeaveOneSourceOut,6,23,Arakawa,39.58,42.18097048941798
DesignSafe RC columns combined,Random Forest,LeaveOneSourceOut,6,24,Arakawa,51.88,44.48246458994707
DesignSafe RC columns combined,Random Forest,LeaveOneSourceOut,6,55,Arakawa,57.15,30.99288705026455
DesignSafe RC columns combined,Random Forest,LeaveOneSourceOut,6,56,Arakawa,40.38,30.013081693121695
DesignSafe RC columns combined,Random Forest,LeaveOneSourceOut,6,57,Arakawa,47.7,85.25379679894178
DesignSafe RC columns combined,Random Forest,LeaveOneSourceOut,6,107,Arakawa,39.77,31.3834107936508
DesignSafe RC columns combined,Random Forest,LeaveOneSourceOut,6,108,Arakawa,47.71,32.109615343915344
DesignSafe RC columns combined,Random Forest,LeaveOneSourceOut,6,109,Arakawa,34.67,27.170527791005288
DesignSafe RC columns combined,Random Forest,LeaveOneSourceOut,6,110,Arakawa,39.15,38.213513465608465
DesignSafe RC columns combined,Random Forest,LeaveOneSourceOut,6,177,Arakawa,29.35,23.252635793650793
DesignSafe RC columns combined,Random Forest,LeaveOneSourceOut,6,178,Arakawa,30.11,33.60921137566138
DesignSafe RC columns combined,Random Forest,LeaveOneSourceOut,6,319,Arakawa,36.08,41.00560886243385
DesignSafe RC columns combined,Random Forest,LeaveOneSourceOut,7,345,Atalay and Penzein,13.87,18.146748240740745
DesignSafe RC columns combined,Random Forest,LeaveOneSourceOut,7,346,Atalay and Penzein,13.76,17.8110298015873
DesignSafe RC columns combined,Random Forest,LeaveOneSourceOut,7,347,Atalay and Penzein,13.09,18.146748240740745
DesignSafe RC columns combined,Random Forest,LeaveOneSourceOut,7,348,Atalay and Penzein,16.01,17.487816626984124
DesignSafe RC columns combined,Random Forest,LeaveOneSourceOut,7,349,Atalay and Penzein,17.23,29.43807691798943
DesignSafe RC columns combined,Random Forest,LeaveOneSourceOut,7,350,Atalay and Penzein,16.84,28.26072175925927
DesignSafe RC columns combined,Random Forest,LeaveOneSourceOut,7,351,Atalay and Penzein,17.73,30.334555013227508
DesignSafe RC columns combined,Random Forest,LeaveOneSourceOut,7,352,Atalay and Penzein,17.53,29.246423941798938
DesignSafe RC columns combined,Random Forest,LeaveOneSourceOut,7,353,Atalay and Penzein,18.46,30.376651957671953
DesignSafe RC columns combined,Random Forest,LeaveOneSourceOut,7,354,Atalay and Penzein,17.64,29.295040608465605
DesignSafe RC columns combined,Random Forest,LeaveOneSourceOut,8,355,Azizinamini et al.,104.93,85.41820119167869
DesignSafe RC columns combined,Random Forest,LeaveOneSourceOut,9,356,Azizinamini et al. ,109.99,87.5835367075518
DesignSafe RC columns combined,Random Forest,LeaveOneSourceOut,10,400,Bayrak and Sheikh,33.11,45.849960056517546
DesignSafe RC columns combined,Random Forest,LeaveOneSourceOut,10,401,Bayrak and Sheikh,33.56,43.197020725108246
DesignSafe RC columns combined,Random Forest,LeaveOneSourceOut,10,402,Bayrak and Sheikh,33.23,46.68214953703703
DesignSafe RC columns combined,Random Forest,LeaveOneSourceOut,10,403,Bayrak and Sheikh,33.19,45.684257358104844
DesignSafe RC columns combined,Random Forest,LeaveOneSourceOut,10,404,Bayrak and Sheikh,44.83,47.16184005651753
DesignSafe RC columns combined,Random Forest,LeaveOneSourceOut,10,405,Bayrak and Sheikh,44.19,50.62834799302547
DesignSafe RC columns combined,Random Forest,LeaveOneSourceOut,10,406,Bayrak and Sheikh,38.65,48.01849056878305
DesignSafe RC columns combined,Random Forest,LeaveOneSourceOut,10,407,Bayrak and Sheikh,40.01,55.71519116762863
DesignSafe RC columns combined,Random Forest,LeaveOneSourceOut,11,181,Bett,48.02,45.113231521164025
DesignSafe RC columns combined,Random Forest,LeaveOneSourceOut,12,134,Calderone et al.,124.76,88.46597169312166
DesignSafe RC columns combined,Random Forest,LeaveOneSourceOut,12,135,Calderone et al.,45.63,57.06690718253969
DesignSafe RC columns combined,Random Forest,LeaveOneSourceOut,12,136,Calderone et al.,42.8,57.06690718253969
DesignSafe RC columns combined,Random Forest,LeaveOneSourceOut,13,66,Chai,124.2,119.66999941197695
DesignSafe RC columns combined,Random Forest,LeaveOneSourceOut,13,154,Chai,55.74,81.73983760461762
DesignSafe RC columns combined,Random Forest,LeaveOneSourceOut,13,171,Chai,48.5,81.79124173160176
DesignSafe RC columns combined,Random Forest,LeaveOneSourceOut,14,96,Cheok et al.,290.76,87.74610924603179
DesignSafe RC columns combined,Random Forest,LeaveOneSourceOut,14,97,Cheok et al.,737.79,102.04333160052911
DesignSafe RC columns combined,Random Forest,LeaveOneSourceOut,15,167,Coffman,23.9,40.113188082010616
DesignSafe RC columns combined,Random Forest,LeaveOneSourceOut,16,72,Davey,44.01,48.75332318181817
DesignSafe RC columns combined,Random Forest,LeaveOneSourceOut,16,73,Davey,77.04,48.775343578643565
DesignSafe RC columns combined,Random Forest,LeaveOneSourceOut,16,74,Davey,34.57,48.47979595959595
DesignSafe RC columns combined,Random Forest,LeaveOneSourceOut,17,274,Elwood,18.14,15.651846084656071
DesignSafe RC columns combined,Random Forest,LeaveOneSourceOut,17,275,Elwood,19.92,17.982581904761904
DesignSafe RC columns combined,Random Forest,LeaveOneSourceOut,18,278,Esaki,27.5,25.403792367724865
DesignSafe RC columns combined,Random Forest,LeaveOneSourceOut,18,279,Esaki,24.54,25.267537486772493
DesignSafe RC columns combined,Random Forest,LeaveOneSourceOut,18,280,Esaki,26.77,25.360650939153434
DesignSafe RC columns combined,Random Forest,LeaveOneSourceOut,18,281,Esaki,24.59,24.800213478836
DesignSafe RC columns combined,Random Forest,LeaveOneSourceOut,19,362,Galeota et al. ,29.26,20.177293679653673
DesignSafe RC columns combined,Random Forest,LeaveOneSourceOut,19,363,Galeota et al. ,27.68,20.177293679653673
DesignSafe RC columns combined,Random Forest,LeaveOneSourceOut,19,364,Galeota et al. ,22.09,18.716830544733046
DesignSafe RC columns combined,Random Forest,LeaveOneSourceOut,19,365,Galeota et al. ,30.93,18.716830544733046
DesignSafe RC columns combined,Random Forest,LeaveOneSourceOut,19,366,Galeota et al. ,31.75,19.06443867965366
DesignSafe RC columns combined,Random Forest,LeaveOneSourceOut,19,367,Galeota et al. ,28.86,20.734525901875887
DesignSafe RC columns combined,Random Forest,LeaveOneSourceOut,19,368,Galeota et al. ,29.47,20.734525901875887
DesignSafe RC columns combined,Random Forest,LeaveOneSourceOut,19,369,Galeota et al. ,24.8,19.06443867965366
DesignSafe RC columns combined,Random Forest,LeaveOneSourceOut,19,370,Galeota et al. ,22.71,20.002231468253942
DesignSafe RC columns combined,Random Forest,LeaveOneSourceOut,19,371,Galeota et al. ,28.43,21.70282785714284
DesignSafe RC columns combined,Random Forest,LeaveOneSourceOut,19,372,Galeota et al. ,29.59,20.002231468253942
DesignSafe RC columns combined,Random Forest,LeaveOneSourceOut,19,373,Galeota et al. ,30.3,21.70282785714284
DesignSafe RC columns combined,Random Forest,LeaveOneSourceOut,19,374,Galeota et al. ,39.41,32.71534233044732
DesignSafe RC columns combined,Random Forest,LeaveOneSourceOut,19,375,Galeota et al. ,37.12,34.24999693362194
DesignSafe RC columns combined,Random Forest,LeaveOneSourceOut,19,376,Galeota et al. ,38.91,34.24999693362194
DesignSafe RC columns combined,Random Forest,LeaveOneSourceOut,19,377,Galeota et al. ,46.03,32.71534233044732
DesignSafe RC columns combined,Random Forest,LeaveOneSourceOut,19,378,Galeota et al. ,36.33,33.02587078282827
DesignSafe RC columns combined,Random Forest,LeaveOneSourceOut,19,379,Galeota et al. ,43.86,33.02587078282827
DesignSafe RC columns combined,Random Forest,LeaveOneSourceOut,19,380,Galeota et al. ,39.34,34.83305860028862
DesignSafe RC columns combined,Random Forest,LeaveOneSourceOut,19,381,Galeota et al. ,38.33,34.83305860028862
DesignSafe RC columns combined,Random Forest,LeaveOneSourceOut,19,382,Galeota et al. ,38.56,34.35809583333332
DesignSafe RC columns combined,Random Forest,LeaveOneSourceOut,19,383,Galeota et al. ,38.91,34.35809583333332
DesignSafe RC columns combined,Random Forest,LeaveOneSourceOut,19,384,Galeota et al. ,38.3,36.11314031746032
DesignSafe RC columns combined,Random Forest,LeaveOneSourceOut,19,385,Galeota et al. ,39.76,36.11314031746032
DesignSafe RC columns combined,Random Forest,LeaveOneSourceOut,20,293,Gill et al.,156.5,133.18878338624341
DesignSafe RC columns combined,Random Forest,LeaveOneSourceOut,20,294,Gill et al.,182.41,146.03165044973545
DesignSafe RC columns combined,Random Forest,LeaveOneSourceOut,20,295,Gill et al.,150.71,151.67889783068784
DesignSafe RC columns combined,Random Forest,LeaveOneSourceOut,20,296,Gill et al.,156.58,209.14297424603163
DesignSafe RC columns combined,Random Forest,LeaveOneSourceOut,21,63,Hamilton,32.21,61.40618154761906
DesignSafe RC columns combined,Random Forest,LeaveOneSourceOut,21,64,Hamilton,36.96,61.40618154761906
DesignSafe RC columns combined,Random Forest,LeaveOneSourceOut,21,65,Hamilton,39.24,60.14070145502645
DesignSafe RC columns combined,Random Forest,LeaveOneSourceOut,21,168,Hamilton,15.81,35.04195157768158
DesignSafe RC columns combined,Random Forest,LeaveOneSourceOut,21,169,Hamilton,16.96,35.04195157768158
DesignSafe RC columns combined,Random Forest,LeaveOneSourceOut,21,170,Hamilton,23.83,35.041239355459375
DesignSafe RC columns combined,Random Forest,LeaveOneSourceOut,22,490,Harries,42.7,50.98611268518515
DesignSafe RC columns combined,Random Forest,LeaveOneSourceOut,23,152,Henry,74.19,69.58860767195769
DesignSafe RC columns combined,Random Forest,LeaveOneSourceOut,23,153,Henry,64.8,68.054553425926
DesignSafe RC columns combined,Random Forest,LeaveOneSourceOut,24,122,Hose et al.,81.75,67.82434093073594
DesignSafe RC columns combined,Random Forest,LeaveOneSourceOut,25,28,Hussein,102.1,127.50717392857145
DesignSafe RC columns combined,Random Forest,LeaveOneSourceOut,26,254,Ikeda,16.8,18.8587336904762
DesignSafe RC columns combined,Random Forest,LeaveOneSourceOut,26,255,Ikeda,15.92,18.8587336904762
DesignSafe RC columns combined,Random Forest,LeaveOneSourceOut,26,256,Ikeda,18.8,19.06003345238097
DesignSafe RC columns combined,Random Forest,LeaveOneSourceOut,26,257,Ikeda,18.14,21.52999062169313
DesignSafe RC columns combined,Random Forest,LeaveOneSourceOut,26,258,Ikeda,13.02,18.568570436507947
DesignSafe RC columns combined,Random Forest,LeaveOneSourceOut,26,259,Ikeda,15.92,18.705953769841276
DesignSafe RC columns combined,Random Forest,LeaveOneSourceOut,26,260,Ikeda,15.8,18.705953769841276
DesignSafe RC columns combined,Random Forest,LeaveOneSourceOut,27,173,Imai,105.95,91.90953400793647
DesignSafe RC columns combined,Random Forest,LeaveOneSourceOut,28,67,Iwasaki,91.37,112.24008087301583
DesignSafe RC columns combined,Random Forest,LeaveOneSourceOut,28,184,Iwasaki,88.33,104.28194603174602
DesignSafe RC columns combined,Random Forest,LeaveOneSourceOut,28,185,Iwasaki,95.71,104.76285325396825
DesignSafe RC columns combined,Random Forest,LeaveOneSourceOut,28,246,Iwasaki,28.8,35.71190784391533
DesignSafe RC columns combined,Random Forest,LeaveOneSourceOut,28,247,Iwasaki,35.97,36.35713443121692
DesignSafe RC columns combined,Random Forest,LeaveOneSourceOut,28,248,Iwasaki,35.39,52.42191346560846
DesignSafe RC columns combined,Random Forest,LeaveOneSourceOut,28,249,Iwasaki,34.91,52.274513465608464
DesignSafe RC columns combined,Random Forest,LeaveOneSourceOut,28,250,Iwasaki,36.65,52.3389717989418
DesignSafe RC columns combined,Random Forest,LeaveOneSourceOut,28,251,Iwasaki,53.57,72.65113705026452
DesignSafe RC columns combined,Random Forest,LeaveOneSourceOut,28,252,Iwasaki,51.71,72.28275842592589
DesignSafe RC columns combined,Random Forest,LeaveOneSourceOut,28,253,Iwasaki,88.65,112.96473383597889
DesignSafe RC columns combined,Random Forest,LeaveOneSourceOut,29,324,Kanda et al.,18.41,19.011509112739102
DesignSafe RC columns combined,Random Forest,LeaveOneSourceOut,29,325,Kanda et al.,17.99,18.419608676231167
DesignSafe RC columns combined,Random Forest,LeaveOneSourceOut,29,326,Kanda et al.,18.41,18.419608676231167
DesignSafe RC columns combined,Random Forest,LeaveOneSourceOut,29,327,Kanda et al.,19.01,18.807290065120064
DesignSafe RC columns combined,Random Forest,LeaveOneSourceOut,29,328,Kanda et al.,18.34,18.419608676231167
DesignSafe RC columns combined,Random Forest,LeaveOneSourceOut,29,329,Kanda et al.,17.42,18.419608676231167
DesignSafe RC columns combined,Random Forest,LeaveOneSourceOut,30,104,Kenchiku Siryo,27.96,36.868428148148126
DesignSafe RC columns combined,Random Forest,LeaveOneSourceOut,30,105,Kenchiku Siryo,23.08,25.55770314814815
DesignSafe RC columns combined,Random Forest,LeaveOneSourceOut,30,106,Kenchiku Siryo,33.25,31.25893112433862
DesignSafe RC columns combined,Random Forest,LeaveOneSourceOut,31,52,Kenchiku_Kenkyu_Siryo,41.32,30.942604312169298
DesignSafe RC columns combined,Random Forest,LeaveOneSourceOut,31,53,Kenchiku_Kenkyu_Siryo,41.59,29.59819889369887
DesignSafe RC columns combined,Random Forest,LeaveOneSourceOut,31,54,Kenchiku_Kenkyu_Siryo,23.52,22.417800494228
DesignSafe RC columns combined,Random Forest,LeaveOneSourceOut,32,269,Kokusho,16.93,19.576713703703717
DesignSafe RC columns combined,Random Forest,LeaveOneSourceOut,32,270,Kokusho,19.75,19.058787235449753
DesignSafe RC columns combined,Random Forest,LeaveOneSourceOut,33,271,Kokusho & Fukuhara,24.42,22.50497456349207
DesignSafe RC columns combined,Random Forest,LeaveOneSourceOut,33,272,Kokusho & Fukuhara,24.31,25.51449313492064
DesignSafe RC columns combined,Random Forest,LeaveOneSourceOut,34,479,Kono et al.,45.19,47.4920632804233
DesignSafe RC columns combined,Random Forest,LeaveOneSourceOut,34,480,Kono et al.,42.28,50.55520789682545
DesignSafe RC columns combined,Random Forest,LeaveOneSourceOut,34,481,Kono et al.,278.53,185.8466440343917
DesignSafe RC columns combined,Random Forest,LeaveOneSourceOut,34,482,Kono et al.,300.95,185.8466440343917
DesignSafe RC columns combined,Random Forest,LeaveOneSourceOut,34,483,Kono et al.,270.06,182.74521030423296
DesignSafe RC columns combined,Random Forest,LeaveOneSourceOut,35,126,Kowalsky ,42.04,52.94776072751323
DesignSafe RC columns combined,Random Forest,LeaveOneSourceOut,35,127,Kowalsky ,39.28,52.98612035714286
DesignSafe RC columns combined,Random Forest,LeaveOneSourceOut,35,128,Kowalsky ,44.38,52.47828739417989
DesignSafe RC columns combined,Random Forest,LeaveOneSourceOut,36,163,Kowalsky_Moyer,34.86,57.73427018759019
DesignSafe RC columns combined,Random Forest,LeaveOneSourceOut,36,164,Kowalsky_Moyer,35.8,57.60772832251081
DesignSafe RC columns combined,Random Forest,LeaveOneSourceOut,36,165,Kowalsky_Moyer,43.08,57.677175743145746
DesignSafe RC columns combined,Random Forest,LeaveOneSourceOut,36,166,Kowalsky_Moyer,35.32,57.60088356060605
DesignSafe RC columns combined,Random Forest,LeaveOneSourceOut,37,111,Kunnath,16.63,17.794962460317475
DesignSafe RC columns combined,Random Forest,LeaveOneSourceOut,37,112,Kunnath,16.93,17.794962460317475
DesignSafe RC columns combined,Random Forest,LeaveOneSourceOut,37,113,Kunnath,16.97,17.840830000000004
DesignSafe RC columns combined,Random Forest,LeaveOneSourceOut,37,114,Kunnath,20.86,17.840830000000004
DesignSafe RC columns combined,Random Forest,LeaveOneSourceOut,37,115,Kunnath,17.26,17.840830000000004
DesignSafe RC columns combined,Random Forest,LeaveOneSourceOut,37,116,Kunnath,17.75,17.854817380952387
DesignSafe RC columns combined,Random Forest,LeaveOneSourceOut,37,117,Kunnath,16.42,17.854817380952387
DesignSafe RC columns combined,Random Forest,LeaveOneSourceOut,37,118,Kunnath,16.86,17.8481111904762
DesignSafe RC columns combined,Random Forest,LeaveOneSourceOut,37,119,Kunnath,16.69,18.049173253968277
DesignSafe RC columns combined,Random Forest,LeaveOneSourceOut,37,120,Kunnath,16.3,18.049173253968277
DesignSafe RC columns combined,Random Forest,LeaveOneSourceOut,37,121,Kunnath,16.25,18.049173253968277
DesignSafe RC columns combined,Random Forest,LeaveOneSourceOut,38,129,Lehman et al,64.07,66.92623640331888
DesignSafe RC columns combined,Random Forest,LeaveOneSourceOut,38,130,Lehman et al,33.94,75.0311661111111
DesignSafe RC columns combined,Random Forest,LeaveOneSourceOut,38,131,Lehman et al,22.82,75.55954666666668
DesignSafe RC columns combined,Random Forest,LeaveOneSourceOut,38,132,Lehman et al,40.46,66.92623640331888
DesignSafe RC columns combined,Random Forest,LeaveOneSourceOut,38,133,Lehman et al,107.9,66.92623640331888
DesignSafe RC columns combined,Random Forest,LeaveOneSourceOut,39,93,Lim,4.28,30.615123637566114
DesignSafe RC columns combined,Random Forest,LeaveOneSourceOut,39,94,Lim,9.3,34.255275410052896
DesignSafe RC columns combined,Random Forest,LeaveOneSourceOut,39,95,Lim,9.67,34.98279604497353
DesignSafe RC columns combined,Random Forest,LeaveOneSourceOut,40,209,Lynn,59.8,64.25607633477632
DesignSafe RC columns combined,Random Forest,LeaveOneSourceOut,40,237,Lynn,54.13,61.37691236652236
DesignSafe RC columns combined,Random Forest,LeaveOneSourceOut,40,238,Lynn,68.79,74.67137059523807
DesignSafe RC columns combined,Random Forest,LeaveOneSourceOut,40,239,Lynn,52.5,61.37691236652236
DesignSafe RC columns combined,Random Forest,LeaveOneSourceOut,40,240,Lynn,82.5,77.17921369047616
DesignSafe RC columns combined,Random Forest,LeaveOneSourceOut,40,282,Lynn,73.73,76.22177480158724
DesignSafe RC columns combined,Random Forest,LeaveOneSourceOut,40,283,Lynn,80.03,76.78551702380946
DesignSafe RC columns combined,Random Forest,LeaveOneSourceOut,40,284,Lynn,59.8,64.25607633477632
DesignSafe RC columns combined,Random Forest,LeaveOneSourceOut,41,418,Matamoros et al.,15.8,19.16178021164021
DesignSafe RC columns combined,Random Forest,LeaveOneSourceOut,41,419,Matamoros et al.,15.3,19.16178021164021
DesignSafe RC columns combined,Random Forest,LeaveOneSourceOut,41,420,Matamoros et al.,21.5,18.76213306878307
DesignSafe RC columns combined,Random Forest,LeaveOneSourceOut,41,421,Matamoros et al.,21.2,18.7841164021164
DesignSafe RC columns combined,Random Forest,LeaveOneSourceOut,41,422,Matamoros et al.,24.2,29.986199431216917
DesignSafe RC columns combined,Random Forest,LeaveOneSourceOut,41,423,Matamoros et al.,23.3,30.507513320105808
DesignSafe RC columns combined,Random Forest,LeaveOneSourceOut,41,424,Matamoros et al.,13.3,17.570280621693115
DesignSafe RC columns combined,Random Forest,LeaveOneSourceOut,41,425,Matamoros et al.,13.11,17.51078062169312
DesignSafe RC columns combined,Random Forest,LeaveOneSourceOut,41,426,Matamoros et al.,16.3,20.047893346560855
DesignSafe RC columns combined,Random Forest,LeaveOneSourceOut,41,427,Matamoros et al.,16.3,20.069876679894186
DesignSafe RC columns combined,Random Forest,LeaveOneSourceOut,41,428,Matamoros et al.,19.0,30.173385026455012
DesignSafe RC columns combined,Random Forest,LeaveOneSourceOut,41,429,Matamoros et al.,19.0,30.195368359788343
DesignSafe RC columns combined,Random Forest,LeaveOneSourceOut,42,25,McDaniel,91.15,111.6920195634921
DesignSafe RC columns combined,Random Forest,LeaveOneSourceOut,42,26,McDaniel,74.7,112.12193289682546
DesignSafe RC columns combined,Random Forest,LeaveOneSourceOut,42,27,McDaniel,74.7,112.4659671825397
DesignSafe RC columns combined,Random Forest,LeaveOneSourceOut,43,491,Melek,45.6,52.75035567099567
DesignSafe RC columns combined,Random Forest,LeaveOneSourceOut,43,492,Melek,52.5,56.153999890572365
DesignSafe RC columns combined,Random Forest,LeaveOneSourceOut,43,493,Melek,64.1,60.07052338263591
DesignSafe RC columns combined,Random Forest,LeaveOneSourceOut,43,494,Melek,60.6,62.59024598845601
DesignSafe RC columns combined,Random Forest,LeaveOneSourceOut,43,495,Melek,60.1,62.59024598845601
DesignSafe RC columns combined,Random Forest,LeaveOneSourceOut,43,496,Melek,76.6,74.2517128932179
DesignSafe RC columns combined,Random Forest,LeaveOneSourceOut,44,430,Mo and Wang,56.2,43.94379341269841
DesignSafe RC columns combined,Random Forest,LeaveOneSourceOut,44,431,Mo and Wang,60.15,47.23432325396826
DesignSafe RC columns combined,Random Forest,LeaveOneSourceOut,44,432,Mo and Wang,68.63,50.55027330687831
DesignSafe RC columns combined,Random Forest,LeaveOneSourceOut,44,433,Mo and Wang,55.76,44.1492423015873
DesignSafe RC columns combined,Random Forest,LeaveOneSourceOut,44,434,Mo and Wang,64.21,47.36383992063493
DesignSafe RC columns combined,Random Forest,LeaveOneSourceOut,44,435,Mo and Wang,69.65,50.692338862433864
DesignSafe RC columns combined,Random Forest,LeaveOneSourceOut,44,436,Mo and Wang,56.75,44.26819507936507
DesignSafe RC columns combined,Random Forest,LeaveOneSourceOut,44,437,Mo and Wang,63.5,47.415112142857154
DesignSafe RC columns combined,Random Forest,LeaveOneSourceOut,44,438,Mo and Wang,68.05,50.720755529100536
DesignSafe RC columns combined,Random Forest,LeaveOneSourceOut,45,330,Mugurma et al.,54.53,31.23987464285714
DesignSafe RC columns combined,Random Forest,LeaveOneSourceOut,45,331,Mugurma et al.,54.88,30.136311666666675
DesignSafe RC columns combined,Random Forest,LeaveOneSourceOut,45,332,Mugurma et al.,54.43,41.05610595238091
DesignSafe RC columns combined,Random Forest,LeaveOneSourceOut,45,333,Mugurma et al.,55.45,38.56846269841269
DesignSafe RC columns combined,Random Forest,LeaveOneSourceOut,45,334,Mugurma et al.,57.25,37.19897727513228
DesignSafe RC columns combined,Random Forest,LeaveOneSourceOut,45,335,Mugurma et al.,57.45,35.383229814814825
DesignSafe RC columns combined,Random Forest,LeaveOneSourceOut,45,336,Mugurma et al.,64.89,43.80212441798939
DesignSafe RC columns combined,Random Forest,LeaveOneSourceOut,45,337,Mugurma et al.,64.76,41.53082592592592
DesignSafe RC columns combined,Random Forest,LeaveOneSourceOut,46,75,Munro ,31.1,46.59040603174601
DesignSafe RC columns combined,Random Forest,LeaveOneSourceOut,47,172,Nagasaka,19.67,25.435381974506974
DesignSafe RC columns combined,Random Forest,LeaveOneSourceOut,47,211,Nagasaka,25.32,29.52744050625301
DesignSafe RC columns combined,Random Forest,LeaveOneSourceOut,48,204,Nakamura et al.,61.03,48.01301015873017
DesignSafe RC columns combined,Random Forest,LeaveOneSourceOut,48,205,Nakamura et al.,59.12,54.243976149591184
DesignSafe RC columns combined,Random Forest,LeaveOneSourceOut,48,206,Nakamura et al.,65.62,54.243976149591184
DesignSafe RC columns combined,Random Forest,LeaveOneSourceOut,49,148,Nelson et al.,69.32,67.55398141534396
DesignSafe RC columns combined,Random Forest,LeaveOneSourceOut,49,149,Nelson et al.,65.95,61.13288351851856
DesignSafe RC columns combined,Random Forest,LeaveOneSourceOut,49,150,Nelson et al.,61.89,60.32750974867729
DesignSafe RC columns combined,Random Forest,LeaveOneSourceOut,49,151,Nelson et al.,59.64,60.41350308201062
DesignSafe RC columns combined,Random Forest,LeaveOneSourceOut,50,76,Ng,8.23,17.64109956349207
DesignSafe RC columns combined,Random Forest,LeaveOneSourceOut,50,77,Ng,17.56,21.641960357142857
DesignSafe RC columns combined,Random Forest,LeaveOneSourceOut,51,399,Nosho et al,14.78,21.851831587301593
DesignSafe RC columns combined,Random Forest,LeaveOneSourceOut,52,320,Ohno and Nishioka,27.21,35.347536023328516
DesignSafe RC columns combined,Random Forest,LeaveOneSourceOut,52,321,Ohno and Nishioka,24.44,35.347536023328516
DesignSafe RC columns combined,Random Forest,LeaveOneSourceOut,52,322,Ohno and Nishioka,24.76,35.347536023328516
DesignSafe RC columns combined,Random Forest,LeaveOneSourceOut,53,212,Ohue,22.79,22.852627420634906
DesignSafe RC columns combined,Random Forest,LeaveOneSourceOut,53,213,Ohue,24.86,24.887256904761898
DesignSafe RC columns combined,Random Forest,LeaveOneSourceOut,54,31,Omar,17.84,28.055789007936486
DesignSafe RC columns combined,Random Forest,LeaveOneSourceOut,54,32,Omar,17.34,27.845210410052896
DesignSafe RC columns combined,Random Forest,LeaveOneSourceOut,55,219,Ono,29.27,23.136376256613765
DesignSafe RC columns combined,Random Forest,LeaveOneSourceOut,55,220,Ono,30.73,42.1064842063492
DesignSafe RC columns combined,Random Forest,LeaveOneSourceOut,56,194,Ousalem,36.19,39.19409718253967
DesignSafe RC columns combined,Random Forest,LeaveOneSourceOut,56,195,Ousalem,38.49,38.89329821428572
DesignSafe RC columns combined,Random Forest,LeaveOneSourceOut,56,196,Ousalem,52.85,42.402033769841246
DesignSafe RC columns combined,Random Forest,LeaveOneSourceOut,56,197,Ousalem,48.67,39.129680396825385
DesignSafe RC columns combined,Random Forest,LeaveOneSourceOut,56,198,Ousalem,73.53,47.985530039682516
DesignSafe RC columns combined,Random Forest,LeaveOneSourceOut,56,199,Ousalem,55.03,46.929187420634875
DesignSafe RC columns combined,Random Forest,LeaveOneSourceOut,56,200,Ousalem,56.4,46.929187420634875
DesignSafe RC columns combined,Random Forest,LeaveOneSourceOut,56,201,Ousalem,59.77,47.63587996031743
DesignSafe RC columns combined,Random Forest,LeaveOneSourceOut,56,202,Ousalem,66.47,47.63587996031743
DesignSafe RC columns combined,Random Forest,LeaveOneSourceOut,56,203,Ousalem,76.45,47.76244876984124
DesignSafe RC columns combined,Random Forest,LeaveOneSourceOut,57,187,Pandey,30.56,28.09619760582012
DesignSafe RC columns combined,Random Forest,LeaveOneSourceOut,57,210,Pandey,41.99,35.152678597883565
DesignSafe RC columns combined,Random Forest,LeaveOneSourceOut,57,289,Pandey,41.61,37.12335148148145
DesignSafe RC columns combined,Random Forest,LeaveOneSourceOut,57,290,Pandey,28.15,22.87861620370369
DesignSafe RC columns combined,Random Forest,LeaveOneSourceOut,58,318,Park and Paulay,88.81,113.1289165740741
DesignSafe RC columns combined,Random Forest,LeaveOneSourceOut,59,453,Paultre & Legeron,27.65,38.30047239417991
DesignSafe RC columns combined,Random Forest,LeaveOneSourceOut,59,454,Paultre & Legeron,35.92,41.2756301851852
DesignSafe RC columns combined,Random Forest,LeaveOneSourceOut,59,455,Paultre & Legeron,43.84,43.31608383597886
DesignSafe RC columns combined,Random Forest,LeaveOneSourceOut,59,456,Paultre & Legeron,25.16,38.5283352465128
DesignSafe RC columns combined,Random Forest,LeaveOneSourceOut,59,457,Paultre & Legeron,37.71,41.290851079846114
DesignSafe RC columns combined,Random Forest,LeaveOneSourceOut,59,458,Paultre & Legeron,41.59,42.36963935185189
DesignSafe RC columns combined,Random Forest,LeaveOneSourceOut,60,459,Paultre et al.,38.04,37.963387619047595
DesignSafe RC columns combined,Random Forest,LeaveOneSourceOut,60,460,Paultre et al.,47.86,41.405978174603185
DesignSafe RC columns combined,Random Forest,LeaveOneSourceOut,60,461,Paultre et al.,44.56,41.1834115873016
DesignSafe RC columns combined,Random Forest,LeaveOneSourceOut,60,462,Paultre et al.,45.34,41.31121986772487
DesignSafe RC columns combined,Random Forest,LeaveOneSourceOut,60,463,Paultre et al.,45.31,67.08213063492072
DesignSafe RC columns combined,Random Forest,LeaveOneSourceOut,60,464,Paultre et al.,47.32,67.27023587301595
DesignSafe RC columns combined,Random Forest,LeaveOneSourceOut,61,50,Petrovski,19.32,21.023310394420395
DesignSafe RC columns combined,Random Forest,LeaveOneSourceOut,61,51,Petrovski,20.9,22.021802180134685
DesignSafe RC columns combined,Random Forest,LeaveOneSourceOut,61,91,Petrovski,7.55,14.086194947089947
DesignSafe RC columns combined,Random Forest,LeaveOneSourceOut,61,92,Petrovski,8.31,15.077749470899471
DesignSafe RC columns combined,Random Forest,LeaveOneSourceOut,62,34,Potangaroa,165.0,134.06276854497355
DesignSafe RC columns combined,Random Forest,LeaveOneSourceOut,62,80,Potangaroa,154.47,127.58643033068782
DesignSafe RC columns combined,Random Forest,LeaveOneSourceOut,62,81,Potangaroa,175.54,130.8438391798942
DesignSafe RC columns combined,Random Forest,LeaveOneSourceOut,62,82,Potangaroa,182.48,149.40334100529108
DesignSafe RC columns combined,Random Forest,LeaveOneSourceOut,62,83,Potangaroa,210.65,164.2944464814815
DesignSafe RC columns combined,Random Forest,LeaveOneSourceOut,63,58,Priestley,94.05,129.31447276455026
DesignSafe RC columns combined,Random Forest,LeaveOneSourceOut,63,59,Priestley,132.04,131.41316796296292
DesignSafe RC columns combined,Random Forest,LeaveOneSourceOut,64,465,Pujol,25.52,41.602723095238055
DesignSafe RC columns combined,Random Forest,LeaveOneSourceOut,64,466,Pujol,25.52,41.602723095238055
DesignSafe RC columns combined,Random Forest,LeaveOneSourceOut,64,467,Pujol,26.08,44.669800317460286
DesignSafe RC columns combined,Random Forest,LeaveOneSourceOut,64,468,Pujol,26.08,44.669800317460286
DesignSafe RC columns combined,Random Forest,LeaveOneSourceOut,64,469,Pujol,25.52,41.970731031745984
DesignSafe RC columns combined,Random Forest,LeaveOneSourceOut,64,470,Pujol,25.52,41.970731031745984
DesignSafe RC columns combined,Random Forest,LeaveOneSourceOut,64,471,Pujol,25.65,44.1024064285714
DesignSafe RC columns combined,Random Forest,LeaveOneSourceOut,64,472,Pujol,25.65,44.1024064285714
DesignSafe RC columns combined,Random Forest,LeaveOneSourceOut,64,473,Pujol,29.38,43.520626507936484
DesignSafe RC columns combined,Random Forest,LeaveOneSourceOut,64,474,Pujol,29.38,43.520626507936484
DesignSafe RC columns combined,Random Forest,LeaveOneSourceOut,64,475,Pujol,26.03,43.259768412698385
DesignSafe RC columns combined,Random Forest,LeaveOneSourceOut,64,476,Pujol,26.03,43.259768412698385
DesignSafe RC columns combined,Random Forest,LeaveOneSourceOut,64,477,Pujol,26.47,43.61528619047616
DesignSafe RC columns combined,Random Forest,LeaveOneSourceOut,64,478,Pujol,26.47,43.61528619047616
DesignSafe RC columns combined,Random Forest,LeaveOneSourceOut,65,68,Ranf,48.31,59.76757824074072
DesignSafe RC columns combined,Random Forest,LeaveOneSourceOut,65,69,Ranf,59.87,61.57625129629628
DesignSafe RC columns combined,Random Forest,LeaveOneSourceOut,65,70,Ranf,62.06,61.52065351851849
DesignSafe RC columns combined,Random Forest,LeaveOneSourceOut,65,71,Ranf,59.99,60.86243990740738
DesignSafe RC columns combined,Random Forest,LeaveOneSourceOut,66,155,Roeder,26.59,44.2541757804233
DesignSafe RC columns combined,Random Forest,LeaveOneSourceOut,66,156,Roeder,27.21,44.2541757804233
DesignSafe RC columns combined,Random Forest,LeaveOneSourceOut,66,157,Roeder,30.69,44.22141625661378
DesignSafe RC columns combined,Random Forest,LeaveOneSourceOut,66,158,Roeder,38.28,64.58613671957677
DesignSafe RC columns combined,Random Forest,LeaveOneSourceOut,66,159,Roeder,41.29,64.17042445767203
DesignSafe RC columns combined,Random Forest,LeaveOneSourceOut,66,160,Roeder,40.83,64.17042445767203
DesignSafe RC columns combined,Random Forest,LeaveOneSourceOut,66,161,Roeder,39.92,64.17042445767203
DesignSafe RC columns combined,Random Forest,LeaveOneSourceOut,66,162,Roeder,44.59,64.17042445767203
DesignSafe RC columns combined,Random Forest,LeaveOneSourceOut,67,277,Saatcioglu,61.66,70.98755679894185
DesignSafe RC columns combined,Random Forest,LeaveOneSourceOut,68,408,Saatcioglu and Giria,43.76,41.555897498797485
DesignSafe RC columns combined,Random Forest,LeaveOneSourceOut,68,409,Saatcioglu and Giria,42.96,41.40878304112553
DesignSafe RC columns combined,Random Forest,LeaveOneSourceOut,68,410,Saatcioglu and Giria,36.93,39.170547115199604
DesignSafe RC columns combined,Random Forest,LeaveOneSourceOut,68,411,Saatcioglu and Giria,46.47,42.88683605820105
DesignSafe RC columns combined,Random Forest,LeaveOneSourceOut,68,412,Saatcioglu and Giria,53.35,42.667744325396825
DesignSafe RC columns combined,Random Forest,LeaveOneSourceOut,68,413,Saatcioglu and Giria,49.78,42.24021956349203
DesignSafe RC columns combined,Random Forest,LeaveOneSourceOut,68,414,Saatcioglu and Giria,48.44,43.346814404761886
DesignSafe RC columns combined,Random Forest,LeaveOneSourceOut,68,415,Saatcioglu and Giria,44.62,41.843676097883595
DesignSafe RC columns combined,Random Forest,LeaveOneSourceOut,68,416,Saatcioglu and Giria,49.31,43.659974960317435
DesignSafe RC columns combined,Random Forest,LeaveOneSourceOut,68,417,Saatcioglu and Giria,53.5,43.38048265873013
DesignSafe RC columns combined,Random Forest,LeaveOneSourceOut,69,357,Saatcioglu and Ozcebe,62.09,41.44105317460314
DesignSafe RC columns combined,Random Forest,LeaveOneSourceOut,69,358,Saatcioglu and Ozcebe,60.92,57.72021451058203
DesignSafe RC columns combined,Random Forest,LeaveOneSourceOut,69,359,Saatcioglu and Ozcebe,73.26,57.52519206349208
DesignSafe RC columns combined,Random Forest,LeaveOneSourceOut,69,360,Saatcioglu and Ozcebe,77.06,58.55751980158731
DesignSafe RC columns combined,Random Forest,LeaveOneSourceOut,69,361,Saatcioglu and Ozcebe,76.84,55.96565996031746
DesignSafe RC columns combined,Random Forest,LeaveOneSourceOut,70,140,Saatcioglu et al.,15.97,39.65993724867728
DesignSafe RC columns combined,Random Forest,LeaveOneSourceOut,70,141,Saatcioglu et al.,15.35,37.38038239417993
DesignSafe RC columns combined,Random Forest,LeaveOneSourceOut,70,142,Saatcioglu et al.,18.38,42.3547530423281
DesignSafe RC columns combined,Random Forest,LeaveOneSourceOut,70,143,Saatcioglu et al.,19.16,41.66109756613761
DesignSafe RC columns combined,Random Forest,LeaveOneSourceOut,70,144,Saatcioglu et al.,17.63,39.74983244708995
DesignSafe RC columns combined,Random Forest,LeaveOneSourceOut,70,145,Saatcioglu et al.,16.6,40.524904867724885
DesignSafe RC columns combined,Random Forest,LeaveOneSourceOut,70,146,Saatcioglu et al.,18.28,42.3547530423281
DesignSafe RC columns combined,Random Forest,LeaveOneSourceOut,70,147,Saatcioglu et al.,21.58,40.09478649470903
DesignSafe RC columns combined,Random Forest,LeaveOneSourceOut,71,338,Sakai et al.,92.71,57.36047123015878
DesignSafe RC columns combined,Random Forest,LeaveOneSourceOut,71,339,Sakai et al.,92.99,57.87391329365083
DesignSafe RC columns combined,Random Forest,LeaveOneSourceOut,71,340,Sakai et al.,96.29,56.388864603174625
DesignSafe RC columns combined,Random Forest,LeaveOneSourceOut,71,341,Sakai et al.,91.09,57.66381400793655
DesignSafe RC columns combined,Random Forest,LeaveOneSourceOut,71,342,Sakai et al.,91.18,57.62990662698416
DesignSafe RC columns combined,Random Forest,LeaveOneSourceOut,71,343,Sakai et al.,94.43,56.57591773809528
DesignSafe RC columns combined,Random Forest,LeaveOneSourceOut,71,344,Sakai et al.,91.06,48.85273400793651
DesignSafe RC columns combined,Random Forest,LeaveOneSourceOut,72,243,Sezen ,70.76,63.944689325396794
DesignSafe RC columns combined,Random Forest,LeaveOneSourceOut,72,244,Sezen ,80.73,85.73680500000002
DesignSafe RC columns combined,Random Forest,LeaveOneSourceOut,72,245,Sezen ,66.22,63.944689325396794
DesignSafe RC columns combined,Random Forest,LeaveOneSourceOut,73,299,Soesianawati et al.,44.87,57.35922203703702
DesignSafe RC columns combined,Random Forest,LeaveOneSourceOut,73,300,Soesianawati et al.,62.78,67.12547292328047
DesignSafe RC columns combined,Random Forest,LeaveOneSourceOut,73,301,Soesianawati et al.,62.27,66.69332748677253
DesignSafe RC columns combined,Random Forest,LeaveOneSourceOut,73,302,Soesianawati et al.,59.47,67.2687675396826
DesignSafe RC columns combined,Random Forest,LeaveOneSourceOut,74,137,Sritharan et al.,97.48,76.2620713492064
DesignSafe RC columns combined,Random Forest,LeaveOneSourceOut,74,138,Sritharan et al.,96.79,77.79458615079366
DesignSafe RC columns combined,Random Forest,LeaveOneSourceOut,74,139,Sritharan et al.,103.48,79.58092904761905
DesignSafe RC columns combined,Random Forest,LeaveOneSourceOut,75,98,Stone,14.41,19.264528611111103
DesignSafe RC columns combined,Random Forest,LeaveOneSourceOut,75,99,Stone,16.51,20.245603531746035
DesignSafe RC columns combined,Random Forest,LeaveOneSourceOut,75,100,Stone,7.17,13.690695873015882
DesignSafe RC columns combined,Random Forest,LeaveOneSourceOut,75,101,Stone,14.1,19.257853611111102
DesignSafe RC columns combined,Random Forest,LeaveOneSourceOut,75,102,Stone,17.21,20.253809642857146
DesignSafe RC columns combined,Random Forest,LeaveOneSourceOut,75,103,Stone,6.67,13.473078624338637
DesignSafe RC columns combined,Random Forest,LeaveOneSourceOut,76,394,Sugano,75.14,87.86063234126982
DesignSafe RC columns combined,Random Forest,LeaveOneSourceOut,76,395,Sugano,82.05,87.1763312301587
DesignSafe RC columns combined,Random Forest,LeaveOneSourceOut,76,396,Sugano,91.89,87.3816851190476
DesignSafe RC columns combined,Random Forest,LeaveOneSourceOut,76,397,Sugano,82.67,68.2682518253968
DesignSafe RC columns combined,Random Forest,LeaveOneSourceOut,76,398,Sugano,83.18,68.57562515873016
DesignSafe RC columns combined,Random Forest,LeaveOneSourceOut,77,484,Takemura and Kawashima,34.12,48.19935366402117
DesignSafe RC columns combined,Random Forest,LeaveOneSourceOut,77,485,Takemura and Kawashima,33.26,48.11391477513228
DesignSafe RC columns combined,Random Forest,LeaveOneSourceOut,77,486,Takemura and Kawashima,34.42,47.64685667989419
DesignSafe RC columns combined,Random Forest,LeaveOneSourceOut,77,487,Takemura and Kawashima,35.31,47.98540112433864
DesignSafe RC columns combined,Random Forest,LeaveOneSourceOut,77,488,Takemura and Kawashima,35.85,48.11891644179896
DesignSafe RC columns combined,Random Forest,LeaveOneSourceOut,77,489,Takemura and Kawashima,38.35,48.19935366402117
DesignSafe RC columns combined,Random Forest,LeaveOneSourceOut,78,310,Tanaka and Park,37.56,42.42463482804233
DesignSafe RC columns combined,Random Forest,LeaveOneSourceOut,78,311,Tanaka and Park,37.71,42.42463482804233
DesignSafe RC columns combined,Random Forest,LeaveOneSourceOut,78,312,Tanaka and Park,39.41,42.42463482804233
DesignSafe RC columns combined,Random Forest,LeaveOneSourceOut,78,313,Tanaka and Park,38.31,42.42463482804233
DesignSafe RC columns combined,Random Forest,LeaveOneSourceOut,78,314,Tanaka and Park,86.69,98.06429695767193
DesignSafe RC columns combined,Random Forest,LeaveOneSourceOut,78,315,Tanaka and Park,91.99,98.06429695767193
DesignSafe RC columns combined,Random Forest,LeaveOneSourceOut,78,316,Tanaka and Park,138.64,126.48316115079365
DesignSafe RC columns combined,Random Forest,LeaveOneSourceOut,78,317,Tanaka and Park,139.08,126.48316115079365
DesignSafe RC columns combined,Random Forest,LeaveOneSourceOut,79,442,Thomsen and Wallace,10.44,26.434593492063513
DesignSafe RC columns combined,Random Forest,LeaveOneSourceOut,79,443,Thomsen and Wallace,16.45,22.42475154761905
DesignSafe RC columns combined,Random Forest,LeaveOneSourceOut,79,444,Thomsen and Wallace,9.13,21.117074246031756
DesignSafe RC columns combined,Random Forest,LeaveOneSourceOut,79,445,Thomsen and Wallace,12.55,22.212071825396823
DesignSafe RC columns combined,Random Forest,LeaveOneSourceOut,79,446,Thomsen and Wallace,14.66,27.042885198412698
DesignSafe RC columns combined,Random Forest,LeaveOneSourceOut,79,447,Thomsen and Wallace,8.99,18.087287738095238
DesignSafe RC columns combined,Random Forest,LeaveOneSourceOut,79,448,Thomsen and Wallace,11.51,20.553564761904756
DesignSafe RC columns combined,Random Forest,LeaveOneSourceOut,79,449,Thomsen and Wallace,12.98,22.940894087301587
DesignSafe RC columns combined,Random Forest,LeaveOneSourceOut,79,450,Thomsen and Wallace,12.82,22.700225793650798
DesignSafe RC columns combined,Random Forest,LeaveOneSourceOut,79,451,Thomsen and Wallace,14.11,24.23685130952381
DesignSafe RC columns combined,Random Forest,LeaveOneSourceOut,79,452,Thomsen and Wallace,12.06,21.40320535714286
DesignSafe RC columns combined,Random Forest,LeaveOneSourceOut,80,179,Umehara,72.53,97.84393244709004
DesignSafe RC columns combined,Random Forest,LeaveOneSourceOut,80,180,Umehara,59.16,52.40744048941798
DesignSafe RC columns combined,Random Forest,LeaveOneSourceOut,81,261,Umemura & Endo ,15.75,19.18612527777778
DesignSafe RC columns combined,Random Forest,LeaveOneSourceOut,81,262,Umemura & Endo ,24.0,25.43808921957671
DesignSafe RC columns combined,Random Forest,LeaveOneSourceOut,81,263,Umemura & Endo ,18.67,22.344410952380937
DesignSafe RC columns combined,Random Forest,LeaveOneSourceOut,81,264,Umemura & Endo ,17.93,23.05827034391534
DesignSafe RC columns combined,Random Forest,LeaveOneSourceOut,81,265,Umemura & Endo ,11.3,20.959541984126993
DesignSafe RC columns combined,Random Forest,LeaveOneSourceOut,81,266,Umemura & Endo ,13.2,20.99036753968255
DesignSafe RC columns combined,Random Forest,LeaveOneSourceOut,81,267,Umemura & Endo ,15.34,21.020887592592587
DesignSafe RC columns combined,Random Forest,LeaveOneSourceOut,81,268,Umemura & Endo ,15.62,21.061274259259257
DesignSafe RC columns combined,Random Forest,LeaveOneSourceOut,82,186,Verma,141.1,65.01101060846558
DesignSafe RC columns combined,Random Forest,LeaveOneSourceOut,82,276,Verma,127.9,116.0819897354498
DesignSafe RC columns combined,Random Forest,LeaveOneSourceOut,83,60,Vu,63.66,112.45723253006257
DesignSafe RC columns combined,Random Forest,LeaveOneSourceOut,83,61,Vu,221.45,125.9177505988457
DesignSafe RC columns combined,Random Forest,LeaveOneSourceOut,83,62,Vu,89.52,108.73861542688785
DesignSafe RC columns combined,Random Forest,LeaveOneSourceOut,84,123,Vu et al.,139.38,114.76879166666669
DesignSafe RC columns combined,Random Forest,LeaveOneSourceOut,84,124,Vu et al.,124.0,99.17807380952378
DesignSafe RC columns combined,Random Forest,LeaveOneSourceOut,84,125,Vu et al.,249.3,148.73657060846557
DesignSafe RC columns combined,Random Forest,LeaveOneSourceOut,85,305,Watson and Park,65.65,67.76019494348247
DesignSafe RC columns combined,Random Forest,LeaveOneSourceOut,85,306,Watson and Park,66.32,67.49149309163063
DesignSafe RC columns combined,Random Forest,LeaveOneSourceOut,85,307,Watson and Park,66.44,99.84579555194811
DesignSafe RC columns combined,Random Forest,LeaveOneSourceOut,85,308,Watson and Park,66.4,80.37844772126024
DesignSafe RC columns combined,Random Forest,LeaveOneSourceOut,85,309,Watson and Park,69.58,104.63337581649834
DesignSafe RC columns combined,Random Forest,LeaveOneSourceOut,86,87,Watson_Park,47.72,40.78220715728714
DesignSafe RC columns combined,Random Forest,LeaveOneSourceOut,86,88,Watson_Park,46.41,42.012402792207766
DesignSafe RC columns combined,Random Forest,LeaveOneSourceOut,87,386,Wehbe et al.,82.82,122.18250634920645
DesignSafe RC columns combined,Random Forest,LeaveOneSourceOut,87,387,Wehbe et al.,89.98,133.9740951190477
DesignSafe RC columns combined,Random Forest,LeaveOneSourceOut,87,388,Wehbe et al.,85.41,122.36887543650805
DesignSafe RC columns combined,Random Forest,LeaveOneSourceOut,87,389,Wehbe et al.,96.87,133.0178411507937
DesignSafe RC columns combined,Random Forest,LeaveOneSourceOut,88,208,Wight,17.81,24.311597698412704
DesignSafe RC columns combined,Random Forest,LeaveOneSourceOut,88,222,Wight,22.2,25.193286944444438
DesignSafe RC columns combined,Random Forest,LeaveOneSourceOut,88,223,Wight,22.77,25.193286944444438
DesignSafe RC columns combined,Random Forest,LeaveOneSourceOut,88,224,Wight,23.51,25.294648928571416
DesignSafe RC columns combined,Random Forest,LeaveOneSourceOut,88,225,Wight,22.14,25.294648928571416
DesignSafe RC columns combined,Random Forest,LeaveOneSourceOut,88,226,Wight,21.18,24.912311388888888
DesignSafe RC columns combined,Random Forest,LeaveOneSourceOut,88,227,Wight,23.58,24.912311388888888
DesignSafe RC columns combined,Random Forest,LeaveOneSourceOut,88,228,Wight,19.76,23.95118746031746
DesignSafe RC columns combined,Random Forest,LeaveOneSourceOut,88,229,Wight,20.97,23.95118746031746
DesignSafe RC columns combined,Random Forest,LeaveOneSourceOut,88,230,Wight,22.11,24.390454960317467
DesignSafe RC columns combined,Random Forest,LeaveOneSourceOut,88,231,Wight,22.83,24.64563154761904
DesignSafe RC columns combined,Random Forest,LeaveOneSourceOut,88,232,Wight,22.34,24.64563154761904
DesignSafe RC columns combined,Random Forest,LeaveOneSourceOut,88,233,Wight,26.92,23.917073293650784
DesignSafe RC columns combined,Random Forest,LeaveOneSourceOut,88,234,Wight,27.08,23.917073293650784
DesignSafe RC columns combined,Random Forest,LeaveOneSourceOut,88,235,Wight,27.24,24.774828611111108
DesignSafe RC columns combined,Random Forest,LeaveOneSourceOut,88,236,Wight,27.21,24.774828611111108
DesignSafe RC columns combined,Random Forest,LeaveOneSourceOut,89,49,Wong,109.99,120.74307129629618
DesignSafe RC columns combined,Random Forest,LeaveOneSourceOut,90,89,Wong et al.,103.69,109.06445198412699
DesignSafe RC columns combined,Random Forest,LeaveOneSourceOut,90,90,Wong et al.,130.07,115.84399964285714
DesignSafe RC columns combined,Random Forest,LeaveOneSourceOut,91,29,Xiao,192.07,119.75256924603181
DesignSafe RC columns combined,Random Forest,LeaveOneSourceOut,91,241,Xiao,60.68,61.91546658730161
DesignSafe RC columns combined,Random Forest,LeaveOneSourceOut,91,242,Xiao,72.86,66.48734888888887
DesignSafe RC columns combined,Random Forest,LeaveOneSourceOut,92,390,Xiao and Martirossyan,72.86,54.34988448051947
DesignSafe RC columns combined,Random Forest,LeaveOneSourceOut,92,391,Xiao and Martirossyan,85.05,62.213295264550226
DesignSafe RC columns combined,Random Forest,LeaveOneSourceOut,92,392,Xiao and Martirossyan,61.92,59.81971790644541
DesignSafe RC columns combined,Random Forest,LeaveOneSourceOut,92,393,Xiao and Martirossyan,71.68,65.11225760221257
DesignSafe RC columns combined,Random Forest,LeaveOneSourceOut,93,30,Yalcin,126.45,123.21379719336221
DesignSafe RC columns combined,Random Forest,LeaveOneSourceOut,93,273,Yalcin,132.7,115.15188149230404
DesignSafe RC columns combined,Random Forest,LeaveOneSourceOut,94,33,Yarandi,95.23,121.94295997354493
DesignSafe RC columns combined,Random Forest,LeaveOneSourceOut,94,287,Yarandi,116.24,138.16480642857147
DesignSafe RC columns combined,Random Forest,LeaveOneSourceOut,94,288,Yarandi,128.5,136.07186576719582
DesignSafe RC columns combined,Random Forest,LeaveOneSourceOut,95,188,Yoshimura,21.74,25.371883280423287
DesignSafe RC columns combined,Random Forest,LeaveOneSourceOut,95,189,Yoshimura,21.52,24.237186507936517
DesignSafe RC columns combined,Random Forest,LeaveOneSourceOut,95,190,Yoshimura,36.91,32.291969841269854
DesignSafe RC columns combined,Random Forest,LeaveOneSourceOut,95,191,Yoshimura,53.28,55.59604253968254
DesignSafe RC columns combined,Random Forest,LeaveOneSourceOut,95,192,Yoshimura,51.55,54.28381210317459
DesignSafe RC columns combined,Random Forest,LeaveOneSourceOut,95,193,Yoshimura,58.67,62.31136734126976
DesignSafe RC columns combined,Random Forest,LeaveOneSourceOut,95,207,Yoshimura,88.08,94.34007195767195
DesignSafe RC columns combined,Random Forest,LeaveOneSourceOut,95,285,Yoshimura,48.94,53.43355837301589
DesignSafe RC columns combined,Random Forest,LeaveOneSourceOut,95,286,Yoshimura,47.59,52.09235460317459
DesignSafe RC columns combined,Random Forest,LeaveOneSourceOut,95,291,Yoshimura,46.29,30.917169126984117
DesignSafe RC columns combined,Random Forest,LeaveOneSourceOut,95,292,Yoshimura,45.21,30.917169126984117
DesignSafe RC columns combined,Random Forest,LeaveOneSourceOut,96,303,Zahn ,47.95,63.03542952380948
DesignSafe RC columns combined,Random Forest,LeaveOneSourceOut,96,304,Zahn ,60.44,71.46850793650789
DesignSafe RC columns combined,Random Forest,LeaveOneSourceOut,97,85,Zahn et al.,32.0,39.7345216991342
DesignSafe RC columns combined,Random Forest,LeaveOneSourceOut,97,86,Zahn et al.,39.37,43.265971865079344
DesignSafe RC columns combined,Random Forest,LeaveOneSourceOut,98,174,Zhou,18.64,28.78723211640213
DesignSafe RC columns combined,Random Forest,LeaveOneSourceOut,98,175,Zhou,20.53,28.78723211640213
DesignSafe RC columns combined,Random Forest,LeaveOneSourceOut,98,176,Zhou,25.84,30.527600687830684
DesignSafe RC columns combined,Random Forest,LeaveOneSourceOut,98,214,Zhou,8.26,26.02839187830689
DesignSafe RC columns combined,Random Forest,LeaveOneSourceOut,98,215,Zhou,15.22,36.39695801587302
DesignSafe RC columns combined,Random Forest,LeaveOneSourceOut,98,216,Zhou,15.15,39.786974960317465
DesignSafe RC columns combined,Random Forest,LeaveOneSourceOut,98,217,Zhou,12.71,28.60251019841269
DesignSafe RC columns combined,Random Forest,LeaveOneSourceOut,98,218,Zhou,12.34,28.60251019841269
DesignSafe RC columns combined,Random Forest,LeaveOneSourceOut,98,323,Zhou,16.23,36.39695801587302
DesignSafe RC columns combined,Gradient Boosting,RandomKFold,0,0,Ang_Beng_Ghee,65.01,71.06111201207413
DesignSafe RC columns combined,Gradient Boosting,RandomKFold,0,2,Ang_Beng_Ghee,63.09,71.26757427668946
DesignSafe RC columns combined,Gradient Boosting,RandomKFold,0,9,Arakawa,39.65,43.76765323234174
DesignSafe RC columns combined,Gradient Boosting,RandomKFold,0,11,Arakawa,44.01,44.8183363636741
DesignSafe RC columns combined,Gradient Boosting,RandomKFold,0,15,Arakawa,43.15,56.41444786778816
DesignSafe RC columns combined,Gradient Boosting,RandomKFold,0,18,Arakawa,55.43,44.97469308224079
DesignSafe RC columns combined,Gradient Boosting,RandomKFold,0,19,Arakawa,41.92,40.908901642033726
DesignSafe RC columns combined,Gradient Boosting,RandomKFold,0,30,Yalcin,126.45,150.8798591826964
DesignSafe RC columns combined,Gradient Boosting,RandomKFold,0,33,Yarandi,95.23,120.63742107429715
DesignSafe RC columns combined,Gradient Boosting,RandomKFold,0,39,Ang_Beng_Ghee,104.54,96.24759432603724
DesignSafe RC columns combined,Gradient Boosting,RandomKFold,0,55,Arakawa,57.15,41.44241947567372
DesignSafe RC columns combined,Gradient Boosting,RandomKFold,0,63,Hamilton,32.21,39.21224186499107
DesignSafe RC columns combined,Gradient Boosting,RandomKFold,0,68,Ranf,48.31,59.25707019348219
DesignSafe RC columns combined,Gradient Boosting,RandomKFold,0,69,Ranf,59.87,62.161708728741836
DesignSafe RC columns combined,Gradient Boosting,RandomKFold,0,70,Ranf,62.06,62.161708728741836
DesignSafe RC columns combined,Gradient Boosting,RandomKFold,0,72,Davey,44.01,40.00980978904408
DesignSafe RC columns combined,Gradient Boosting,RandomKFold,0,73,Davey,77.04,40.301587893624735
DesignSafe RC columns combined,Gradient Boosting,RandomKFold,0,75,Munro ,31.1,32.22379795417476
DesignSafe RC columns combined,Gradient Boosting,RandomKFold,0,76,Ng,8.23,11.039216444718557
DesignSafe RC columns combined,Gradient Boosting,RandomKFold,0,77,Ng,17.56,18.764567106002055
DesignSafe RC columns combined,Gradient Boosting,RandomKFold,0,78,Ang,31.31,39.025815378622305
DesignSafe RC columns combined,Gradient Boosting,RandomKFold,0,79,Ang,36.74,45.95102026959315
DesignSafe RC columns combined,Gradient Boosting,RandomKFold,0,82,Potangaroa,182.48,174.89756821748227
DesignSafe RC columns combined,Gradient Boosting,RandomKFold,0,84,Ang et al.,88.3,76.77050390653623
DesignSafe RC columns combined,Gradient Boosting,RandomKFold,0,86,Zahn et al.,39.37,45.291460182503414
DesignSafe RC columns combined,Gradient Boosting,RandomKFold,0,90,Wong et al.,130.07,106.38398526913838
DesignSafe RC columns combined,Gradient Boosting,RandomKFold,0,93,Lim,4.28,7.951640792120718
DesignSafe RC columns combined,Gradient Boosting,RandomKFold,0,101,Stone,14.1,17.34066291229696
DesignSafe RC columns combined,Gradient Boosting,RandomKFold,0,104,Kenchiku Siryo,27.96,10.783247319875857
DesignSafe RC columns combined,Gradient Boosting,RandomKFold,0,117,Kunnath,16.42,17.916295656583966
DesignSafe RC columns combined,Gradient Boosting,RandomKFold,0,124,Vu et al.,124.0,99.10420514398763
DesignSafe RC columns combined,Gradient Boosting,RandomKFold,0,126,Kowalsky ,42.04,44.5429282064019
DesignSafe RC columns combined,Gradient Boosting,RandomKFold,0,131,Lehman et al,22.82,39.18527162207608
DesignSafe RC columns combined,Gradient Boosting,RandomKFold,0,132,Lehman et al,40.46,76.87947320515562
DesignSafe RC columns combined,Gradient Boosting,RandomKFold,0,137,Sritharan et al.,97.48,89.41674303881487
DesignSafe RC columns combined,Gradient Boosting,RandomKFold,0,140,Saatcioglu et al.,15.97,18.141574631109098
DesignSafe RC columns combined,Gradient Boosting,RandomKFold,0,153,Henry,64.8,78.25460432700493
DesignSafe RC columns combined,Gradient Boosting,RandomKFold,0,155,Roeder,26.59,27.54361918863367
DesignSafe RC columns combined,Gradient Boosting,RandomKFold,0,173,Imai,105.95,93.44892479294329
DesignSafe RC columns combined,Gradient Boosting,RandomKFold,0,175,Zhou,20.53,19.457757905967597
DesignSafe RC columns combined,Gradient Boosting,RandomKFold,0,182,Aboutaha,101.19,89.13324790191503
DesignSafe RC columns combined,Gradient Boosting,RandomKFold,0,192,Yoshimura,51.55,55.3251493630285
DesignSafe RC columns combined,Gradient Boosting,RandomKFold,0,195,Ousalem,38.49,41.28052636549154
DesignSafe RC columns combined,Gradient Boosting,RandomKFold,0,203,Ousalem,76.45,66.37460349915203
DesignSafe RC columns combined,Gradient Boosting,RandomKFold,0,209,Lynn,59.8,62.549766036970375
DesignSafe RC columns combined,Gradient Boosting,RandomKFold,0,218,Zhou,12.34,13.3925587914207
DesignSafe RC columns combined,Gradient Boosting,RandomKFold,0,231,Wight,22.83,22.585629221875745
DesignSafe RC columns combined,Gradient Boosting,RandomKFold,0,237,Lynn,54.13,56.90527998307675
DesignSafe RC columns combined,Gradient Boosting,RandomKFold,0,245,Sezen ,66.22,66.6668931024312
DesignSafe RC columns combined,Gradient Boosting,RandomKFold,0,247,Iwasaki,35.97,35.13818111928389
DesignSafe RC columns combined,Gradient Boosting,RandomKFold,0,248,Iwasaki,35.39,37.606071046897355
DesignSafe RC columns combined,Gradient Boosting,RandomKFold,0,261,Umemura & Endo ,15.75,16.53932882606127
DesignSafe RC columns combined,Gradient Boosting,RandomKFold,0,265,Umemura & Endo ,11.3,19.79302057856448
DesignSafe RC columns combined,Gradient Boosting,RandomKFold,0,266,Umemura & Endo ,13.2,18.252207060358785
DesignSafe RC columns combined,Gradient Boosting,RandomKFold,0,268,Umemura & Endo ,15.62,18.252207060358785
DesignSafe RC columns combined,Gradient Boosting,RandomKFold,0,271,Kokusho & Fukuhara,24.42,19.375247557881494
DesignSafe RC columns combined,Gradient Boosting,RandomKFold,0,278,Esaki,27.5,24.520374064972668
DesignSafe RC columns combined,Gradient Boosting,RandomKFold,0,287,Yarandi,116.24,129.6180003086714
DesignSafe RC columns combined,Gradient Boosting,RandomKFold,0,289,Pandey,41.61,39.03905464216183
DesignSafe RC columns combined,Gradient Boosting,RandomKFold,0,302,Soesianawati et al.,59.47,66.99597249151799
DesignSafe RC columns combined,Gradient Boosting,RandomKFold,0,316,Tanaka and Park,138.64,129.76838941537818
DesignSafe RC columns combined,Gradient Boosting,RandomKFold,0,320,Ohno and Nishioka,27.21,30.051702895571374
DesignSafe RC columns combined,Gradient Boosting,RandomKFold,0,321,Ohno and Nishioka,24.44,30.051702895571374
DesignSafe RC columns combined,Gradient Boosting,RandomKFold,0,322,Ohno and Nishioka,24.76,30.051702895571374
DesignSafe RC columns combined,Gradient Boosting,RandomKFold,0,331,Mugurma et al.,54.88,51.47373775087627
DesignSafe RC columns combined,Gradient Boosting,RandomKFold,0,332,Mugurma et al.,54.43,65.22561945495917
DesignSafe RC columns combined,Gradient Boosting,RandomKFold,0,333,Mugurma et al.,55.45,65.06253275051102
DesignSafe RC columns combined,Gradient Boosting,RandomKFold,0,342,Sakai et al.,91.18,91.99201218542464
DesignSafe RC columns combined,Gradient Boosting,RandomKFold,0,351,Atalay and Penzein,17.73,20.14964771769754
DesignSafe RC columns combined,Gradient Boosting,RandomKFold,0,354,Atalay and Penzein,17.64,20.312734422145688
DesignSafe RC columns combined,Gradient Boosting,RandomKFold,0,360,Saatcioglu and Ozcebe,77.06,70.03109838474286
DesignSafe RC columns combined,Gradient Boosting,RandomKFold,0,369,Galeota et al. ,24.8,27.430789836586627
DesignSafe RC columns combined,Gradient Boosting,RandomKFold,0,383,Galeota et al. ,38.91,39.78580894340213
DesignSafe RC columns combined,Gradient Boosting,RandomKFold,0,384,Galeota et al. ,38.3,40.202051094336674
DesignSafe RC columns combined,Gradient Boosting,RandomKFold,0,386,Wehbe et al.,82.82,84.21774438885183
DesignSafe RC columns combined,Gradient Boosting,RandomKFold,0,405,Bayrak and Sheikh,44.19,43.88697553297206
DesignSafe RC columns combined,Gradient Boosting,RandomKFold,0,406,Bayrak and Sheikh,38.65,43.240617570835745
DesignSafe RC columns combined,Gradient Boosting,RandomKFold,0,407,Bayrak and Sheikh,40.01,43.88697553297206
DesignSafe RC columns combined,Gradient Boosting,RandomKFold,0,417,Saatcioglu and Giria,53.5,47.22801203319698
DesignSafe RC columns combined,Gradient Boosting,RandomKFold,0,424,Matamoros et al.,13.3,15.04029830862333
DesignSafe RC columns combined,Gradient Boosting,RandomKFold,0,428,Matamoros et al.,19.0,27.086788643365615
DesignSafe RC columns combined,Gradient Boosting,RandomKFold,0,432,Mo and Wang,68.63,61.504779361546376
DesignSafe RC columns combined,Gradient Boosting,RandomKFold,0,436,Mo and Wang,56.75,55.907781875903986
DesignSafe RC columns combined,Gradient Boosting,RandomKFold,0,437,Mo and Wang,63.5,59.48127039242023
DesignSafe RC columns combined,Gradient Boosting,RandomKFold,0,440,Aboutaha and Machado,87.31,85.18251877048273
DesignSafe RC columns combined,Gradient Boosting,RandomKFold,0,447,Thomsen and Wallace,8.99,11.92374273303866
DesignSafe RC columns combined,Gradient Boosting,RandomKFold,0,448,Thomsen and Wallace,11.51,12.62169490612625
DesignSafe RC columns combined,Gradient Boosting,RandomKFold,0,452,Thomsen and Wallace,12.06,13.933813997182003
DesignSafe RC columns combined,Gradient Boosting,RandomKFold,0,461,Paultre et al.,44.56,44.022747076583585
DesignSafe RC columns combined,Gradient Boosting,RandomKFold,0,467,Pujol,26.08,26.547663210704865
DesignSafe RC columns combined,Gradient Boosting,RandomKFold,0,475,Pujol,26.03,26.547663210704865
DesignSafe RC columns combined,Gradient Boosting,RandomKFold,0,480,Kono et al.,42.28,47.13830537630875
DesignSafe RC columns combined,Gradient Boosting,RandomKFold,0,482,Kono et al.,300.95,273.0381599887294
DesignSafe RC columns combined,Gradient Boosting,RandomKFold,0,483,Kono et al.,270.06,262.34701256522413
DesignSafe RC columns combined,Gradient Boosting,RandomKFold,0,487,Takemura and Kawashima,35.31,37.0645129583522
DesignSafe RC columns combined,Gradient Boosting,RandomKFold,0,488,Takemura and Kawashima,35.85,37.0645129583522
DesignSafe RC columns combined,Gradient Boosting,RandomKFold,0,490,Harries,42.7,46.00536249674282
DesignSafe RC columns combined,Gradient Boosting,RandomKFold,0,491,Melek,45.6,51.13267321358974
DesignSafe RC columns combined,Gradient Boosting,RandomKFold,0,492,Melek,52.5,54.270826486997706
DesignSafe RC columns combined,Gradient Boosting,RandomKFold,0,495,Melek,60.1,60.44475170972148
DesignSafe RC columns combined,Gradient Boosting,RandomKFold,1,3,Ang_Beng_Ghee,83.68,83.51942978128
DesignSafe RC columns combined,Gradient Boosting,RandomKFold,1,5,Ang_Beng_Ghee,98.34,77.63885746313217
DesignSafe RC columns combined,Gradient Boosting,RandomKFold,1,7,Ang_Beng_Ghee,60.8,72.35222871850257
DesignSafe RC columns combined,Gradient Boosting,RandomKFold,1,16,Arakawa,53.6,53.38074456682626
DesignSafe RC columns combined,Gradient Boosting,RandomKFold,1,17,Arakawa,62.74,53.38074456682626
DesignSafe RC columns combined,Gradient Boosting,RandomKFold,1,22,Arakawa,45.24,49.08781142741002
DesignSafe RC columns combined,Gradient Boosting,RandomKFold,1,23,Arakawa,39.58,48.41363122564077
DesignSafe RC columns combined,Gradient Boosting,RandomKFold,1,24,Arakawa,51.88,49.20859635924446
DesignSafe RC columns combined,Gradient Boosting,RandomKFold,1,25,McDaniel,91.15,81.03491890804852
DesignSafe RC columns combined,Gradient Boosting,RandomKFold,1,26,McDaniel,74.7,81.03491890804852
DesignSafe RC columns combined,Gradient Boosting,RandomKFold,1,29,Xiao,192.07,128.0933446662442
DesignSafe RC columns combined,Gradient Boosting,RandomKFold,1,31,Omar,17.84,22.181298784058978
DesignSafe RC columns combined,Gradient Boosting,RandomKFold,1,37,Ang_Beng_Ghee,62.09,65.88800948125316
DesignSafe RC columns combined,Gradient Boosting,RandomKFold,1,42,Ang_Beng_Ghee,118.44,79.0859658793908
DesignSafe RC columns combined,Gradient Boosting,RandomKFold,1,45,Ang_Beng_Ghee,51.78,63.918313422143704
DesignSafe RC columns combined,Gradient Boosting,RandomKFold,1,46,Ang_Beng_Ghee,73.12,71.80180609924143
DesignSafe RC columns combined,Gradient Boosting,RandomKFold,1,56,Arakawa,40.38,43.68877807958268
DesignSafe RC columns combined,Gradient Boosting,RandomKFold,1,57,Arakawa,47.7,72.71401035891917
DesignSafe RC columns combined,Gradient Boosting,RandomKFold,1,60,Vu,63.66,106.00883282991498
DesignSafe RC columns combined,Gradient Boosting,RandomKFold,1,66,Chai,124.2,130.25537748434635
DesignSafe RC columns combined,Gradient Boosting,RandomKFold,1,67,Iwasaki,91.37,101.7410302493381
DesignSafe RC columns combined,Gradient Boosting,RandomKFold,1,83,Potangaroa,210.65,190.56795595071517
DesignSafe RC columns combined,Gradient Boosting,RandomKFold,1,92,Petrovski,8.31,7.635827172610644
DesignSafe RC columns combined,Gradient Boosting,RandomKFold,1,94,Lim,9.3,16.530842784256816
DesignSafe RC columns combined,Gradient Boosting,RandomKFold,1,108,Arakawa,47.71,45.07716825646653
DesignSafe RC columns combined,Gradient Boosting,RandomKFold,1,109,Arakawa,34.67,36.44611142364369
DesignSafe RC columns combined,Gradient Boosting,RandomKFold,1,110,Arakawa,39.15,40.89974038802859
DesignSafe RC columns combined,Gradient Boosting,RandomKFold,1,113,Kunnath,16.97,17.32870111060569
DesignSafe RC columns combined,Gradient Boosting,RandomKFold,1,114,Kunnath,20.86,17.32870111060569
DesignSafe RC columns combined,Gradient Boosting,RandomKFold,1,116,Kunnath,17.75,16.996450594596094
DesignSafe RC columns combined,Gradient Boosting,RandomKFold,1,118,Kunnath,16.86,16.996450594596094
DesignSafe RC columns combined,Gradient Boosting,RandomKFold,1,141,Saatcioglu et al.,15.35,23.637849484250463
DesignSafe RC columns combined,Gradient Boosting,RandomKFold,1,144,Saatcioglu et al.,17.63,20.104786916473856
DesignSafe RC columns combined,Gradient Boosting,RandomKFold,1,145,Saatcioglu et al.,16.6,18.891484946265777
DesignSafe RC columns combined,Gradient Boosting,RandomKFold,1,148,Nelson et al.,69.32,61.197984495477854
DesignSafe RC columns combined,Gradient Boosting,RandomKFold,1,152,Henry,74.19,69.69272959149738
DesignSafe RC columns combined,Gradient Boosting,RandomKFold,1,154,Chai,55.74,50.850087417477276
DesignSafe RC columns combined,Gradient Boosting,RandomKFold,1,157,Roeder,30.69,31.38628340706087
DesignSafe RC columns combined,Gradient Boosting,RandomKFold,1,165,Kowalsky_Moyer,43.08,38.445391170282036
DesignSafe RC columns combined,Gradient Boosting,RandomKFold,1,168,Hamilton,15.81,21.021572000808693
DesignSafe RC columns combined,Gradient Boosting,RandomKFold,1,172,Nagasaka,19.67,24.45389387512942
DesignSafe RC columns combined,Gradient Boosting,RandomKFold,1,176,Zhou,25.84,17.315915348048737
DesignSafe RC columns combined,Gradient Boosting,RandomKFold,1,180,Umehara,59.16,55.95382230342891
DesignSafe RC columns combined,Gradient Boosting,RandomKFold,1,181,Bett,48.02,41.13087255524694
DesignSafe RC columns combined,Gradient Boosting,RandomKFold,1,185,Iwasaki,95.71,79.80973600923927
DesignSafe RC columns combined,Gradient Boosting,RandomKFold,1,193,Yoshimura,58.67,68.46163110176904
DesignSafe RC columns combined,Gradient Boosting,RandomKFold,1,199,Ousalem,55.03,57.55888996349799
DesignSafe RC columns combined,Gradient Boosting,RandomKFold,1,204,Nakamura et al.,61.03,49.744864624690074
DesignSafe RC columns combined,Gradient Boosting,RandomKFold,1,208,Wight,17.81,21.392022018668293
DesignSafe RC columns combined,Gradient Boosting,RandomKFold,1,211,Nagasaka,25.32,29.388050703659918
DesignSafe RC columns combined,Gradient Boosting,RandomKFold,1,220,Ono,30.73,41.70934899696122
DesignSafe RC columns combined,Gradient Boosting,RandomKFold,1,225,Wight,22.14,22.535579281349936
DesignSafe RC columns combined,Gradient Boosting,RandomKFold,1,227,Wight,23.58,22.656364213184375
DesignSafe RC columns combined,Gradient Boosting,RandomKFold,1,229,Wight,20.97,21.512806950502732
DesignSafe RC columns combined,Gradient Boosting,RandomKFold,1,234,Wight,27.08,26.742817472181997
DesignSafe RC columns combined,Gradient Boosting,RandomKFold,1,255,Ikeda,15.92,15.854304846675113
DesignSafe RC columns combined,Gradient Boosting,RandomKFold,1,262,Umemura & Endo ,24.0,21.547954881317807
DesignSafe RC columns combined,Gradient Boosting,RandomKFold,1,274,Elwood,18.14,12.467510747053609
DesignSafe RC columns combined,Gradient Boosting,RandomKFold,1,275,Elwood,19.92,15.49272626893236
DesignSafe RC columns combined,Gradient Boosting,RandomKFold,1,277,Saatcioglu,61.66,68.52523939389842
DesignSafe RC columns combined,Gradient Boosting,RandomKFold,1,280,Esaki,26.77,26.461350419949962
DesignSafe RC columns combined,Gradient Boosting,RandomKFold,1,291,Yoshimura,46.29,40.97873439024459
DesignSafe RC columns combined,Gradient Boosting,RandomKFold,1,294,Gill et al.,182.41,155.81575323785452
DesignSafe RC columns combined,Gradient Boosting,RandomKFold,1,311,Tanaka and Park,37.71,40.410755570285886
DesignSafe RC columns combined,Gradient Boosting,RandomKFold,1,312,Tanaka and Park,39.41,40.410755570285886
DesignSafe RC columns combined,Gradient Boosting,RandomKFold,1,317,Tanaka and Park,139.08,131.26564035725295
DesignSafe RC columns combined,Gradient Boosting,RandomKFold,1,323,Zhou,16.23,16.674426727704596
DesignSafe RC columns combined,Gradient Boosting,RandomKFold,1,325,Kanda et al.,17.99,17.150478471875893
DesignSafe RC columns combined,Gradient Boosting,RandomKFold,1,334,Mugurma et al.,57.25,51.34374884076099
DesignSafe RC columns combined,Gradient Boosting,RandomKFold,1,340,Sakai et al.,96.29,91.6215529747771
DesignSafe RC columns combined,Gradient Boosting,RandomKFold,1,346,Atalay and Penzein,13.76,12.488451830869153
DesignSafe RC columns combined,Gradient Boosting,RandomKFold,1,355,Azizinamini et al.,104.93,74.60708887711846
DesignSafe RC columns combined,Gradient Boosting,RandomKFold,1,356,Azizinamini et al. ,109.99,77.10416606037464
DesignSafe RC columns combined,Gradient Boosting,RandomKFold,1,367,Galeota et al. ,28.86,30.621557061961955
DesignSafe RC columns combined,Gradient Boosting,RandomKFold,1,371,Galeota et al. ,28.43,31.035158208219627
DesignSafe RC columns combined,Gradient Boosting,RandomKFold,1,373,Galeota et al. ,30.3,31.035158208219627
DesignSafe RC columns combined,Gradient Boosting,RandomKFold,1,375,Galeota et al. ,37.12,37.57902567898266
DesignSafe RC columns combined,Gradient Boosting,RandomKFold,1,377,Galeota et al. ,46.03,35.897459344262025
DesignSafe RC columns combined,Gradient Boosting,RandomKFold,1,388,Wehbe et al.,85.41,89.37274660696752
DesignSafe RC columns combined,Gradient Boosting,RandomKFold,1,392,Xiao and Martirossyan,61.92,62.34098979119575
DesignSafe RC columns combined,Gradient Boosting,RandomKFold,1,398,Sugano,83.18,89.21262701085249
DesignSafe RC columns combined,Gradient Boosting,RandomKFold,1,402,Bayrak and Sheikh,33.23,38.09850987146642
DesignSafe RC columns combined,Gradient Boosting,RandomKFold,1,403,Bayrak and Sheikh,33.19,38.83179205751191
DesignSafe RC columns combined,Gradient Boosting,RandomKFold,1,404,Bayrak and Sheikh,44.83,40.7969692734255
DesignSafe RC columns combined,Gradient Boosting,RandomKFold,1,408,Saatcioglu and Giria,43.76,37.690830052731144
DesignSafe RC columns combined,Gradient Boosting,RandomKFold,1,412,Saatcioglu and Giria,53.35,44.60011669320442
DesignSafe RC columns combined,Gradient Boosting,RandomKFold,1,415,Saatcioglu and Giria,44.62,42.36754643268935
DesignSafe RC columns combined,Gradient Boosting,RandomKFold,1,421,Matamoros et al.,21.2,15.935524682008985
DesignSafe RC columns combined,Gradient Boosting,RandomKFold,1,433,Mo and Wang,55.76,57.29648740639018
DesignSafe RC columns combined,Gradient Boosting,RandomKFold,1,434,Mo and Wang,64.21,60.257028284496
DesignSafe RC columns combined,Gradient Boosting,RandomKFold,1,441,Aboutaha and Machado,95.36,83.84349081088341
DesignSafe RC columns combined,Gradient Boosting,RandomKFold,1,442,Thomsen and Wallace,10.44,10.99554560974809
DesignSafe RC columns combined,Gradient Boosting,RandomKFold,1,446,Thomsen and Wallace,14.66,15.017834586047663
DesignSafe RC columns combined,Gradient Boosting,RandomKFold,1,449,Thomsen and Wallace,12.98,15.017834586047663
DesignSafe RC columns combined,Gradient Boosting,RandomKFold,1,450,Thomsen and Wallace,12.82,13.196152605803196
DesignSafe RC columns combined,Gradient Boosting,RandomKFold,1,463,Paultre et al.,45.31,43.103635695081586
DesignSafe RC columns combined,Gradient Boosting,RandomKFold,1,465,Pujol,25.52,26.82268669476102
DesignSafe RC columns combined,Gradient Boosting,RandomKFold,1,469,Pujol,25.52,26.701901762926582
DesignSafe RC columns combined,Gradient Boosting,RandomKFold,1,476,Pujol,26.03,27.063250139676846
DesignSafe RC columns combined,Gradient Boosting,RandomKFold,1,484,Takemura and Kawashima,34.12,36.33165879198579
DesignSafe RC columns combined,Gradient Boosting,RandomKFold,2,6,Ang_Beng_Ghee,109.4,104.3294453263434
DesignSafe RC columns combined,Gradient Boosting,RandomKFold,2,10,Arakawa,45.82,47.33050727697043
DesignSafe RC columns combined,Gradient Boosting,RandomKFold,2,36,Ang_Beng_Ghee,49.61,70.283798987977
DesignSafe RC columns combined,Gradient Boosting,RandomKFold,2,38,Ang_Beng_Ghee,74.39,70.66719738448514
DesignSafe RC columns combined,Gradient Boosting,RandomKFold,2,59,Priestley,132.04,116.43604827977865
DesignSafe RC columns combined,Gradient Boosting,RandomKFold,2,74,Davey,34.57,58.49789758850179
DesignSafe RC columns combined,Gradient Boosting,RandomKFold,2,81,Potangaroa,175.54,159.36835862976403
DesignSafe RC columns combined,Gradient Boosting,RandomKFold,2,89,Wong et al.,103.69,109.68928011372537
DesignSafe RC columns combined,Gradient Boosting,RandomKFold,2,96,Cheok et al.,290.76,70.54062134397618
DesignSafe RC columns combined,Gradient Boosting,RandomKFold,2,97,Cheok et al.,737.79,102.75262131855952
DesignSafe RC columns combined,Gradient Boosting,RandomKFold,2,103,Stone,6.67,7.286367015488403
DesignSafe RC columns combined,Gradient Boosting,RandomKFold,2,111,Kunnath,16.63,17.259614340821237
DesignSafe RC columns combined,Gradient Boosting,RandomKFold,2,112,Kunnath,16.93,17.259614340821237
DesignSafe RC columns combined,Gradient Boosting,RandomKFold,2,119,Kunnath,16.69,17.259614340821237
DesignSafe RC columns combined,Gradient Boosting,RandomKFold,2,122,Hose et al.,81.75,55.10000979095117
DesignSafe RC columns combined,Gradient Boosting,RandomKFold,2,123,Vu et al.,139.38,120.99405473299079
DesignSafe RC columns combined,Gradient Boosting,RandomKFold,2,125,Vu et al.,249.3,207.48387453717874
DesignSafe RC columns combined,Gradient Boosting,RandomKFold,2,129,Lehman et al,64.07,68.74421152087376
DesignSafe RC columns combined,Gradient Boosting,RandomKFold,2,139,Sritharan et al.,103.48,93.46682263720214
DesignSafe RC columns combined,Gradient Boosting,RandomKFold,2,143,Saatcioglu et al.,19.16,19.896988321146285
DesignSafe RC columns combined,Gradient Boosting,RandomKFold,2,146,Saatcioglu et al.,18.28,19.896988321146285
DesignSafe RC columns combined,Gradient Boosting,RandomKFold,2,147,Saatcioglu et al.,21.58,22.121426041043264
DesignSafe RC columns combined,Gradient Boosting,RandomKFold,2,150,Nelson et al.,61.89,60.411287650161206
DesignSafe RC columns combined,Gradient Boosting,RandomKFold,2,158,Roeder,38.28,46.9316923864421
DesignSafe RC columns combined,Gradient Boosting,RandomKFold,2,163,Kowalsky_Moyer,34.86,39.96899337331244
DesignSafe RC columns combined,Gradient Boosting,RandomKFold,2,167,Coffman,23.9,36.927025456683985
DesignSafe RC columns combined,Gradient Boosting,RandomKFold,2,177,Arakawa,29.35,21.3681092933116
DesignSafe RC columns combined,Gradient Boosting,RandomKFold,2,179,Umehara,72.53,103.1047174475961
DesignSafe RC columns combined,Gradient Boosting,RandomKFold,2,183,Aboutaha,144.49,104.93336195247862
DesignSafe RC columns combined,Gradient Boosting,RandomKFold,2,184,Iwasaki,88.33,89.27500856195468
DesignSafe RC columns combined,Gradient Boosting,RandomKFold,2,194,Ousalem,36.19,43.74494113938256
DesignSafe RC columns combined,Gradient Boosting,RandomKFold,2,196,Ousalem,52.85,49.679367491363756
DesignSafe RC columns combined,Gradient Boosting,RandomKFold,2,198,Ousalem,73.53,72.14346179210831
DesignSafe RC columns combined,Gradient Boosting,RandomKFold,2,202,Ousalem,66.47,58.77033967585353
DesignSafe RC columns combined,Gradient Boosting,RandomKFold,2,210,Pandey,41.99,38.88940318890052
DesignSafe RC columns combined,Gradient Boosting,RandomKFold,2,219,Ono,29.27,22.602927001915777
DesignSafe RC columns combined,Gradient Boosting,RandomKFold,2,222,Wight,22.2,23.260243303799587
DesignSafe RC columns combined,Gradient Boosting,RandomKFold,2,223,Wight,22.77,23.260243303799587
DesignSafe RC columns combined,Gradient Boosting,RandomKFold,2,228,Wight,19.76,21.45616689411226
DesignSafe RC columns combined,Gradient Boosting,RandomKFold,2,238,Lynn,68.79,74.16065565598032
DesignSafe RC columns combined,Gradient Boosting,RandomKFold,2,239,Lynn,52.5,59.969100946553226
DesignSafe RC columns combined,Gradient Boosting,RandomKFold,2,244,Sezen ,80.73,77.81848199038023
DesignSafe RC columns combined,Gradient Boosting,RandomKFold,2,246,Iwasaki,28.8,23.47369570207838
DesignSafe RC columns combined,Gradient Boosting,RandomKFold,2,249,Iwasaki,34.91,36.90298695366948
DesignSafe RC columns combined,Gradient Boosting,RandomKFold,2,250,Iwasaki,36.65,36.90298695366948
DesignSafe RC columns combined,Gradient Boosting,RandomKFold,2,253,Iwasaki,88.65,106.19262754083702
DesignSafe RC columns combined,Gradient Boosting,RandomKFold,2,272,Kokusho & Fukuhara,24.31,26.99255658787963
DesignSafe RC columns combined,Gradient Boosting,RandomKFold,2,281,Esaki,24.59,26.381291060542882
DesignSafe RC columns combined,Gradient Boosting,RandomKFold,2,284,Lynn,59.8,65.56767658607085
DesignSafe RC columns combined,Gradient Boosting,RandomKFold,2,286,Yoshimura,47.59,51.49219857377671
DesignSafe RC columns combined,Gradient Boosting,RandomKFold,2,290,Pandey,28.15,30.047025271636727
DesignSafe RC columns combined,Gradient Boosting,RandomKFold,2,296,Gill et al.,156.58,207.28426319806883
DesignSafe RC columns combined,Gradient Boosting,RandomKFold,2,297,Ang et al.,43.17,45.66209418805826
DesignSafe RC columns combined,Gradient Boosting,RandomKFold,2,298,Ang et al.,38.04,39.607154609149
DesignSafe RC columns combined,Gradient Boosting,RandomKFold,2,299,Soesianawati et al.,44.87,56.02137236369803
DesignSafe RC columns combined,Gradient Boosting,RandomKFold,2,301,Soesianawati et al.,62.27,64.2151159458252
DesignSafe RC columns combined,Gradient Boosting,RandomKFold,2,304,Zahn ,60.44,69.41716514467045
DesignSafe RC columns combined,Gradient Boosting,RandomKFold,2,305,Watson and Park,65.65,64.97209049299327
DesignSafe RC columns combined,Gradient Boosting,RandomKFold,2,307,Watson and Park,66.44,65.92577925758238
DesignSafe RC columns combined,Gradient Boosting,RandomKFold,2,314,Tanaka and Park,86.69,98.88696438577917
DesignSafe RC columns combined,Gradient Boosting,RandomKFold,2,318,Park and Paulay,88.81,105.5245221406041
DesignSafe RC columns combined,Gradient Boosting,RandomKFold,2,329,Kanda et al.,17.42,18.981176191934647
DesignSafe RC columns combined,Gradient Boosting,RandomKFold,2,335,Mugurma et al.,57.45,54.67964675211102
DesignSafe RC columns combined,Gradient Boosting,RandomKFold,2,338,Sakai et al.,92.71,91.50558127509123
DesignSafe RC columns combined,Gradient Boosting,RandomKFold,2,349,Atalay and Penzein,17.23,21.775468970302846
DesignSafe RC columns combined,Gradient Boosting,RandomKFold,2,352,Atalay and Penzein,17.53,19.70581817470004
DesignSafe RC columns combined,Gradient Boosting,RandomKFold,2,353,Atalay and Penzein,18.46,20.17543439972125
DesignSafe RC columns combined,Gradient Boosting,RandomKFold,2,358,Saatcioglu and Ozcebe,60.92,74.44791238700915
DesignSafe RC columns combined,Gradient Boosting,RandomKFold,2,362,Galeota et al. ,29.26,29.382064492546256
DesignSafe RC columns combined,Gradient Boosting,RandomKFold,2,364,Galeota et al. ,22.09,28.999742333256403
DesignSafe RC columns combined,Gradient Boosting,RandomKFold,2,365,Galeota et al. ,30.93,28.999742333256403
DesignSafe RC columns combined,Gradient Boosting,RandomKFold,2,374,Galeota et al. ,39.41,39.9030500865896
DesignSafe RC columns combined,Gradient Boosting,RandomKFold,2,378,Galeota et al. ,36.33,39.9030500865896
DesignSafe RC columns combined,Gradient Boosting,RandomKFold,2,380,Galeota et al. ,39.34,38.18763321682487
DesignSafe RC columns combined,Gradient Boosting,RandomKFold,2,382,Galeota et al. ,38.56,40.360096742391804
DesignSafe RC columns combined,Gradient Boosting,RandomKFold,2,390,Xiao and Martirossyan,72.86,57.72907870908552
DesignSafe RC columns combined,Gradient Boosting,RandomKFold,2,391,Xiao and Martirossyan,85.05,72.94579013373297
DesignSafe RC columns combined,Gradient Boosting,RandomKFold,2,393,Xiao and Martirossyan,71.68,72.57145273126044
DesignSafe RC columns combined,Gradient Boosting,RandomKFold,2,394,Sugano,75.14,93.85946817366353
DesignSafe RC columns combined,Gradient Boosting,RandomKFold,2,395,Sugano,82.05,92.38339611593373
DesignSafe RC columns combined,Gradient Boosting,RandomKFold,2,397,Sugano,82.67,89.43075100735035
DesignSafe RC columns combined,Gradient Boosting,RandomKFold,2,399,Nosho et al,14.78,19.185043634755647
DesignSafe RC columns combined,Gradient Boosting,RandomKFold,2,414,Saatcioglu and Giria,48.44,48.35233686219908
DesignSafe RC columns combined,Gradient Boosting,RandomKFold,2,416,Saatcioglu and Giria,49.31,51.43434382681511
DesignSafe RC columns combined,Gradient Boosting,RandomKFold,2,418,Matamoros et al.,15.8,14.203551765118345
DesignSafe RC columns combined,Gradient Boosting,RandomKFold,2,420,Matamoros et al.,21.5,17.94930382614701
DesignSafe RC columns combined,Gradient Boosting,RandomKFold,2,426,Matamoros et al.,16.3,16.775468333759523
DesignSafe RC columns combined,Gradient Boosting,RandomKFold,2,429,Matamoros et al.,19.0,23.137746068940285
DesignSafe RC columns combined,Gradient Boosting,RandomKFold,2,439,Aboutaha and Machado,58.03,75.74994664125197
DesignSafe RC columns combined,Gradient Boosting,RandomKFold,2,444,Thomsen and Wallace,9.13,9.819008053076123
DesignSafe RC columns combined,Gradient Boosting,RandomKFold,2,462,Paultre et al.,45.34,41.52390424342379
DesignSafe RC columns combined,Gradient Boosting,RandomKFold,2,464,Paultre et al.,47.32,43.163487433126235
DesignSafe RC columns combined,Gradient Boosting,RandomKFold,2,471,Pujol,25.65,26.92953637145635
DesignSafe RC columns combined,Gradient Boosting,RandomKFold,2,472,Pujol,25.65,26.92953637145635
DesignSafe RC columns combined,Gradient Boosting,RandomKFold,2,474,Pujol,29.38,27.924937243135354
DesignSafe RC columns combined,Gradient Boosting,RandomKFold,2,478,Pujol,26.47,26.954147938946058
DesignSafe RC columns combined,Gradient Boosting,RandomKFold,2,481,Kono et al.,278.53,296.54215566022646
DesignSafe RC columns combined,Gradient Boosting,RandomKFold,2,486,Takemura and Kawashima,34.42,35.65550252602656
DesignSafe RC columns combined,Gradient Boosting,RandomKFold,2,494,Melek,60.6,58.27852623298588
DesignSafe RC columns combined,Gradient Boosting,RandomKFold,3,4,Ang_Beng_Ghee,113.49,81.4744552353107
DesignSafe RC columns combined,Gradient Boosting,RandomKFold,3,8,Ang_Beng_Ghee,64.03,67.0797512773605
DesignSafe RC columns combined,Gradient Boosting,RandomKFold,3,12,Arakawa,50.65,48.762976020384144
DesignSafe RC columns combined,Gradient Boosting,RandomKFold,3,14,Arakawa,51.26,49.186276307369845
DesignSafe RC columns combined,Gradient Boosting,RandomKFold,3,27,McDaniel,74.7,85.43039471012764
DesignSafe RC columns combined,Gradient Boosting,RandomKFold,3,28,Hussein,102.1,99.6942794623152
DesignSafe RC columns combined,Gradient Boosting,RandomKFold,3,32,Omar,17.34,23.542204520601977
DesignSafe RC columns combined,Gradient Boosting,RandomKFold,3,35,Ang_Beng_Ghee,72.25,68.41951605053573
DesignSafe RC columns combined,Gradient Boosting,RandomKFold,3,40,Ang_Beng_Ghee,101.39,98.37499520892403
DesignSafe RC columns combined,Gradient Boosting,RandomKFold,3,41,Ang_Beng_Ghee,91.52,96.98022092306307
DesignSafe RC columns combined,Gradient Boosting,RandomKFold,3,44,Ang_Beng_Ghee,71.12,65.87490373674542
DesignSafe RC columns combined,Gradient Boosting,RandomKFold,3,47,Ang_Beng_Ghee,74.75,67.0797512773605
DesignSafe RC columns combined,Gradient Boosting,RandomKFold,3,51,Petrovski,20.9,21.367943467020794
DesignSafe RC columns combined,Gradient Boosting,RandomKFold,3,61,Vu,221.45,165.86050286845202
DesignSafe RC columns combined,Gradient Boosting,RandomKFold,3,62,Vu,89.52,107.78004584969801
DesignSafe RC columns combined,Gradient Boosting,RandomKFold,3,64,Hamilton,36.96,34.612913964013124
DesignSafe RC columns combined,Gradient Boosting,RandomKFold,3,65,Hamilton,39.24,35.903355850826365
DesignSafe RC columns combined,Gradient Boosting,RandomKFold,3,85,Zahn et al.,32.0,38.73850437297761
DesignSafe RC columns combined,Gradient Boosting,RandomKFold,3,95,Lim,9.67,15.618568796475248
DesignSafe RC columns combined,Gradient Boosting,RandomKFold,3,98,Stone,14.41,16.180445353963965
DesignSafe RC columns combined,Gradient Boosting,RandomKFold,3,100,Stone,7.17,8.419548697647986
DesignSafe RC columns combined,Gradient Boosting,RandomKFold,3,107,Arakawa,39.77,44.066777541317435
DesignSafe RC columns combined,Gradient Boosting,RandomKFold,3,115,Kunnath,17.26,16.981996181961886
DesignSafe RC columns combined,Gradient Boosting,RandomKFold,3,120,Kunnath,16.3,17.411683781085454
DesignSafe RC columns combined,Gradient Boosting,RandomKFold,3,127,Kowalsky ,39.28,42.5836270149197
DesignSafe RC columns combined,Gradient Boosting,RandomKFold,3,128,Kowalsky ,44.38,40.188548201888395
DesignSafe RC columns combined,Gradient Boosting,RandomKFold,3,133,Lehman et al,107.9,52.92088460357007
DesignSafe RC columns combined,Gradient Boosting,RandomKFold,3,135,Calderone et al.,45.63,52.75200070526466
DesignSafe RC columns combined,Gradient Boosting,RandomKFold,3,136,Calderone et al.,42.8,46.87405730480238
DesignSafe RC columns combined,Gradient Boosting,RandomKFold,3,138,Sritharan et al.,96.79,89.47449781493692
DesignSafe RC columns combined,Gradient Boosting,RandomKFold,3,142,Saatcioglu et al.,18.38,20.668297603871924
DesignSafe RC columns combined,Gradient Boosting,RandomKFold,3,156,Roeder,27.21,30.55516275933536
DesignSafe RC columns combined,Gradient Boosting,RandomKFold,3,159,Roeder,41.29,47.36348750878198
DesignSafe RC columns combined,Gradient Boosting,RandomKFold,3,162,Roeder,44.59,47.36348750878198
DesignSafe RC columns combined,Gradient Boosting,RandomKFold,3,164,Kowalsky_Moyer,35.8,39.6426276260629
DesignSafe RC columns combined,Gradient Boosting,RandomKFold,3,170,Hamilton,23.83,18.52865985914234
DesignSafe RC columns combined,Gradient Boosting,RandomKFold,3,171,Chai,48.5,60.89794945630939
DesignSafe RC columns combined,Gradient Boosting,RandomKFold,3,178,Arakawa,30.11,42.31508968036879
DesignSafe RC columns combined,Gradient Boosting,RandomKFold,3,186,Verma,141.1,75.69157365475398
DesignSafe RC columns combined,Gradient Boosting,RandomKFold,3,197,Ousalem,48.67,40.735465136398986
DesignSafe RC columns combined,Gradient Boosting,RandomKFold,3,200,Ousalem,56.4,58.19940539053646
DesignSafe RC columns combined,Gradient Boosting,RandomKFold,3,206,Nakamura et al.,65.62,56.082714788679965
DesignSafe RC columns combined,Gradient Boosting,RandomKFold,3,207,Yoshimura,88.08,97.00387567603434
DesignSafe RC columns combined,Gradient Boosting,RandomKFold,3,213,Ohue,24.86,27.698801174156067
DesignSafe RC columns combined,Gradient Boosting,RandomKFold,3,215,Zhou,15.22,23.2757233837047
DesignSafe RC columns combined,Gradient Boosting,RandomKFold,3,216,Zhou,15.15,25.608309269904144
DesignSafe RC columns combined,Gradient Boosting,RandomKFold,3,221,Amitsu,115.47,82.93872094766944
DesignSafe RC columns combined,Gradient Boosting,RandomKFold,3,224,Wight,23.51,23.352015627337394
DesignSafe RC columns combined,Gradient Boosting,RandomKFold,3,226,Wight,21.18,22.301797085146276
DesignSafe RC columns combined,Gradient Boosting,RandomKFold,3,230,Wight,22.11,22.73704376671234
DesignSafe RC columns combined,Gradient Boosting,RandomKFold,3,232,Wight,22.34,24.264094880914193
DesignSafe RC columns combined,Gradient Boosting,RandomKFold,3,233,Wight,26.92,24.209216708615592
DesignSafe RC columns combined,Gradient Boosting,RandomKFold,3,236,Wight,27.21,23.45018651156626
DesignSafe RC columns combined,Gradient Boosting,RandomKFold,3,240,Lynn,82.5,72.09552951871709
DesignSafe RC columns combined,Gradient Boosting,RandomKFold,3,242,Xiao,72.86,75.36916795544853
DesignSafe RC columns combined,Gradient Boosting,RandomKFold,3,254,Ikeda,16.8,15.444905403355882
DesignSafe RC columns combined,Gradient Boosting,RandomKFold,3,256,Ikeda,18.8,15.518706790379676
DesignSafe RC columns combined,Gradient Boosting,RandomKFold,3,258,Ikeda,13.02,15.15407587339744
DesignSafe RC columns combined,Gradient Boosting,RandomKFold,3,260,Ikeda,15.8,15.227877260421232
DesignSafe RC columns combined,Gradient Boosting,RandomKFold,3,267,Umemura & Endo ,15.34,15.010133833174383
DesignSafe RC columns combined,Gradient Boosting,RandomKFold,3,279,Esaki,24.54,27.122368977712025
DesignSafe RC columns combined,Gradient Boosting,RandomKFold,3,282,Lynn,73.73,72.2276907455798
DesignSafe RC columns combined,Gradient Boosting,RandomKFold,3,283,Lynn,80.03,73.08837717732536
DesignSafe RC columns combined,Gradient Boosting,RandomKFold,3,285,Yoshimura,48.94,50.86383168569566
DesignSafe RC columns combined,Gradient Boosting,RandomKFold,3,288,Yarandi,128.5,113.75565552819543
DesignSafe RC columns combined,Gradient Boosting,RandomKFold,3,292,Yoshimura,45.21,40.72630277381541
DesignSafe RC columns combined,Gradient Boosting,RandomKFold,3,300,Soesianawati et al.,62.78,62.35672068294365
DesignSafe RC columns combined,Gradient Boosting,RandomKFold,3,310,Tanaka and Park,37.56,38.61147356537126
DesignSafe RC columns combined,Gradient Boosting,RandomKFold,3,324,Kanda et al.,18.41,19.46051457895806
DesignSafe RC columns combined,Gradient Boosting,RandomKFold,3,326,Kanda et al.,18.41,18.391855928924294
DesignSafe RC columns combined,Gradient Boosting,RandomKFold,3,327,Kanda et al.,19.01,18.136550061340785
DesignSafe RC columns combined,Gradient Boosting,RandomKFold,3,336,Mugurma et al.,64.89,69.84373450188252
DesignSafe RC columns combined,Gradient Boosting,RandomKFold,3,337,Mugurma et al.,64.76,69.84373450188252
DesignSafe RC columns combined,Gradient Boosting,RandomKFold,3,341,Sakai et al.,91.09,91.27361139676371
DesignSafe RC columns combined,Gradient Boosting,RandomKFold,3,347,Atalay and Penzein,13.09,11.777973516459259
DesignSafe RC columns combined,Gradient Boosting,RandomKFold,3,357,Saatcioglu and Ozcebe,62.09,50.7667373477118
DesignSafe RC columns combined,Gradient Boosting,RandomKFold,3,361,Saatcioglu and Ozcebe,76.84,67.3189598357229
DesignSafe RC columns combined,Gradient Boosting,RandomKFold,3,368,Galeota et al. ,29.47,29.959315793526617
DesignSafe RC columns combined,Gradient Boosting,RandomKFold,3,370,Galeota et al. ,22.71,30.16972333212715
DesignSafe RC columns combined,Gradient Boosting,RandomKFold,3,376,Galeota et al. ,38.91,36.88362159598771
DesignSafe RC columns combined,Gradient Boosting,RandomKFold,3,379,Galeota et al. ,43.86,37.05220469875712
DesignSafe RC columns combined,Gradient Boosting,RandomKFold,3,381,Galeota et al. ,38.33,36.72347811242496
DesignSafe RC columns combined,Gradient Boosting,RandomKFold,3,396,Sugano,91.89,80.64627448613844
DesignSafe RC columns combined,Gradient Boosting,RandomKFold,3,400,Bayrak and Sheikh,33.11,38.539392810308705
DesignSafe RC columns combined,Gradient Boosting,RandomKFold,3,409,Saatcioglu and Giria,42.96,46.19355469830683
DesignSafe RC columns combined,Gradient Boosting,RandomKFold,3,410,Saatcioglu and Giria,36.93,38.60351386157424
DesignSafe RC columns combined,Gradient Boosting,RandomKFold,3,411,Saatcioglu and Giria,46.47,47.83820195164283
DesignSafe RC columns combined,Gradient Boosting,RandomKFold,3,422,Matamoros et al.,24.2,26.182547525046225
DesignSafe RC columns combined,Gradient Boosting,RandomKFold,3,423,Matamoros et al.,23.3,27.005474680348982
DesignSafe RC columns combined,Gradient Boosting,RandomKFold,3,425,Matamoros et al.,13.11,14.537931718714866
DesignSafe RC columns combined,Gradient Boosting,RandomKFold,3,427,Matamoros et al.,16.3,17.783923751282614
DesignSafe RC columns combined,Gradient Boosting,RandomKFold,3,430,Mo and Wang,56.2,56.64570136173215
DesignSafe RC columns combined,Gradient Boosting,RandomKFold,3,431,Mo and Wang,60.15,59.35302178951163
DesignSafe RC columns combined,Gradient Boosting,RandomKFold,3,451,Thomsen and Wallace,14.11,14.830632368485574
DesignSafe RC columns combined,Gradient Boosting,RandomKFold,3,456,Paultre & Legeron,25.16,32.25850834103165
DesignSafe RC columns combined,Gradient Boosting,RandomKFold,3,457,Paultre & Legeron,37.71,39.9095819662751
DesignSafe RC columns combined,Gradient Boosting,RandomKFold,3,460,Paultre et al.,47.86,41.96832195756006
DesignSafe RC columns combined,Gradient Boosting,RandomKFold,3,468,Pujol,26.08,26.36232355862497
DesignSafe RC columns combined,Gradient Boosting,RandomKFold,3,473,Pujol,29.38,28.51786335475575
DesignSafe RC columns combined,Gradient Boosting,RandomKFold,4,1,Ang_Beng_Ghee,88.04,85.70144323008124
DesignSafe RC columns combined,Gradient Boosting,RandomKFold,4,13,Arakawa,48.53,50.55217820279781
DesignSafe RC columns combined,Gradient Boosting,RandomKFold,4,20,Arakawa,38.47,41.801166613390066
DesignSafe RC columns combined,Gradient Boosting,RandomKFold,4,21,Arakawa,52.61,56.315485303447275
DesignSafe RC columns combined,Gradient Boosting,RandomKFold,4,34,Potangaroa,165.0,266.6330564907218
DesignSafe RC columns combined,Gradient Boosting,RandomKFold,4,43,Ang_Beng_Ghee,98.99,87.13088420924262
DesignSafe RC columns combined,Gradient Boosting,RandomKFold,4,48,Ang_Beng_Ghee,76.54,68.80940499605246
DesignSafe RC columns combined,Gradient Boosting,RandomKFold,4,49,Wong,109.99,110.83438646094152
DesignSafe RC columns combined,Gradient Boosting,RandomKFold,4,50,Petrovski,19.32,17.109910339169886
DesignSafe RC columns combined,Gradient Boosting,RandomKFold,4,52,Kenchiku_Kenkyu_Siryo,41.32,27.756173162470624
DesignSafe RC columns combined,Gradient Boosting,RandomKFold,4,53,Kenchiku_Kenkyu_Siryo,41.59,29.93976132086725
DesignSafe RC columns combined,Gradient Boosting,RandomKFold,4,54,Kenchiku_Kenkyu_Siryo,23.52,23.534139516238863
DesignSafe RC columns combined,Gradient Boosting,RandomKFold,4,58,Priestley,94.05,140.22897591664238
DesignSafe RC columns combined,Gradient Boosting,RandomKFold,4,71,Ranf,59.99,61.137672158524964
DesignSafe RC columns combined,Gradient Boosting,RandomKFold,4,80,Potangaroa,154.47,158.1571003588026
DesignSafe RC columns combined,Gradient Boosting,RandomKFold,4,87,Watson_Park,47.72,48.44715162602911
DesignSafe RC columns combined,Gradient Boosting,RandomKFold,4,88,Watson_Park,46.41,48.46768433148708
DesignSafe RC columns combined,Gradient Boosting,RandomKFold,4,91,Petrovski,7.55,4.942070874133531
DesignSafe RC columns combined,Gradient Boosting,RandomKFold,4,99,Stone,16.51,16.215389589719326
DesignSafe RC columns combined,Gradient Boosting,RandomKFold,4,102,Stone,17.21,16.875157984559966
DesignSafe RC columns combined,Gradient Boosting,RandomKFold,4,105,Kenchiku Siryo,23.08,25.5401040829123
DesignSafe RC columns combined,Gradient Boosting,RandomKFold,4,106,Kenchiku Siryo,33.25,29.091278071455253
DesignSafe RC columns combined,Gradient Boosting,RandomKFold,4,121,Kunnath,16.25,17.817843232114647
DesignSafe RC columns combined,Gradient Boosting,RandomKFold,4,130,Lehman et al,33.94,32.05078714525625
DesignSafe RC columns combined,Gradient Boosting,RandomKFold,4,134,Calderone et al.,124.76,87.5889758847015
DesignSafe RC columns combined,Gradient Boosting,RandomKFold,4,149,Nelson et al.,65.95,62.08141160003231
DesignSafe RC columns combined,Gradient Boosting,RandomKFold,4,151,Nelson et al.,59.64,61.727074664450384
DesignSafe RC columns combined,Gradient Boosting,RandomKFold,4,160,Roeder,40.83,49.71024447092757
DesignSafe RC columns combined,Gradient Boosting,RandomKFold,4,161,Roeder,39.92,49.71024447092757
DesignSafe RC columns combined,Gradient Boosting,RandomKFold,4,166,Kowalsky_Moyer,35.32,39.54814482832973
DesignSafe RC columns combined,Gradient Boosting,RandomKFold,4,169,Hamilton,16.96,20.743023683421505
DesignSafe RC columns combined,Gradient Boosting,RandomKFold,4,174,Zhou,18.64,23.58972287499667
DesignSafe RC columns combined,Gradient Boosting,RandomKFold,4,187,Pandey,30.56,30.073879393502757
DesignSafe RC columns combined,Gradient Boosting,RandomKFold,4,188,Yoshimura,21.74,33.77990374436914
DesignSafe RC columns combined,Gradient Boosting,RandomKFold,4,189,Yoshimura,21.52,32.100358093439844
DesignSafe RC columns combined,Gradient Boosting,RandomKFold,4,190,Yoshimura,36.91,82.05129845108534
DesignSafe RC columns combined,Gradient Boosting,RandomKFold,4,191,Yoshimura,53.28,56.96251489270227
DesignSafe RC columns combined,Gradient Boosting,RandomKFold,4,201,Ousalem,59.77,64.01930261778362
DesignSafe RC columns combined,Gradient Boosting,RandomKFold,4,205,Nakamura et al.,59.12,60.534827708801835
DesignSafe RC columns combined,Gradient Boosting,RandomKFold,4,212,Ohue,22.79,25.158834103155947
DesignSafe RC columns combined,Gradient Boosting,RandomKFold,4,214,Zhou,8.26,16.186742370141506
DesignSafe RC columns combined,Gradient Boosting,RandomKFold,4,217,Zhou,12.71,12.481208385435067
DesignSafe RC columns combined,Gradient Boosting,RandomKFold,4,235,Wight,27.24,22.743433940278642
DesignSafe RC columns combined,Gradient Boosting,RandomKFold,4,241,Xiao,60.68,56.866581456500924
DesignSafe RC columns combined,Gradient Boosting,RandomKFold,4,243,Sezen ,70.76,66.36162948245075
DesignSafe RC columns combined,Gradient Boosting,RandomKFold,4,251,Iwasaki,53.57,48.02804195840121
DesignSafe RC columns combined,Gradient Boosting,RandomKFold,4,252,Iwasaki,51.71,48.40563543165721
DesignSafe RC columns combined,Gradient Boosting,RandomKFold,4,257,Ikeda,18.14,19.339925426275038
DesignSafe RC columns combined,Gradient Boosting,RandomKFold,4,259,Ikeda,15.92,14.328854925170448
DesignSafe RC columns combined,Gradient Boosting,RandomKFold,4,263,Umemura & Endo ,18.67,19.581264916250632
DesignSafe RC columns combined,Gradient Boosting,RandomKFold,4,264,Umemura & Endo ,17.93,19.79855655907556
DesignSafe RC columns combined,Gradient Boosting,RandomKFold,4,269,Kokusho,16.93,5.811826730405445
DesignSafe RC columns combined,Gradient Boosting,RandomKFold,4,270,Kokusho,19.75,13.041290165860692
DesignSafe RC columns combined,Gradient Boosting,RandomKFold,4,273,Yalcin,132.7,98.88191141649908
DesignSafe RC columns combined,Gradient Boosting,RandomKFold,4,276,Verma,127.9,123.35310034765084
DesignSafe RC columns combined,Gradient Boosting,RandomKFold,4,293,Gill et al.,156.5,153.67883164882386
DesignSafe RC columns combined,Gradient Boosting,RandomKFold,4,295,Gill et al.,150.71,161.9978632910117
DesignSafe RC columns combined,Gradient Boosting,RandomKFold,4,303,Zahn ,47.95,53.51709842133526
DesignSafe RC columns combined,Gradient Boosting,RandomKFold,4,306,Watson and Park,66.32,61.76502535046607
DesignSafe RC columns combined,Gradient Boosting,RandomKFold,4,308,Watson and Park,66.4,74.25133356646644
DesignSafe RC columns combined,Gradient Boosting,RandomKFold,4,309,Watson and Park,69.58,100.0753444229093
DesignSafe RC columns combined,Gradient Boosting,RandomKFold,4,313,Tanaka and Park,38.31,40.18887584461784
DesignSafe RC columns combined,Gradient Boosting,RandomKFold,4,315,Tanaka and Park,91.99,94.19601818820708
DesignSafe RC columns combined,Gradient Boosting,RandomKFold,4,319,Arakawa,36.08,45.049318996766274
DesignSafe RC columns combined,Gradient Boosting,RandomKFold,4,328,Kanda et al.,18.34,17.734101773689567
DesignSafe RC columns combined,Gradient Boosting,RandomKFold,4,330,Mugurma et al.,54.53,53.204093196086646
DesignSafe RC columns combined,Gradient Boosting,RandomKFold,4,339,Sakai et al.,92.99,90.19022429884204
DesignSafe RC columns combined,Gradient Boosting,RandomKFold,4,343,Sakai et al.,94.43,88.66808470051299
DesignSafe RC columns combined,Gradient Boosting,RandomKFold,4,344,Sakai et al.,91.06,83.96079666811869
DesignSafe RC columns combined,Gradient Boosting,RandomKFold,4,345,Atalay and Penzein,13.87,11.3510397953056
DesignSafe RC columns combined,Gradient Boosting,RandomKFold,4,348,Atalay and Penzein,16.01,11.525224275122063
DesignSafe RC columns combined,Gradient Boosting,RandomKFold,4,350,Atalay and Penzein,16.84,18.576307474164373
DesignSafe RC columns combined,Gradient Boosting,RandomKFold,4,359,Saatcioglu and Ozcebe,73.26,71.24239118112958
DesignSafe RC columns combined,Gradient Boosting,RandomKFold,4,363,Galeota et al. ,27.68,29.48361192101281
DesignSafe RC columns combined,Gradient Boosting,RandomKFold,4,366,Galeota et al. ,31.75,27.505389791992698
DesignSafe RC columns combined,Gradient Boosting,RandomKFold,4,372,Galeota et al. ,29.59,27.573413820073977
DesignSafe RC columns combined,Gradient Boosting,RandomKFold,4,385,Galeota et al. ,39.76,38.50258117988709
DesignSafe RC columns combined,Gradient Boosting,RandomKFold,4,387,Wehbe et al.,89.98,102.19074166653867
DesignSafe RC columns combined,Gradient Boosting,RandomKFold,4,389,Wehbe et al.,96.87,102.19074166653867
DesignSafe RC columns combined,Gradient Boosting,RandomKFold,4,401,Bayrak and Sheikh,33.56,37.243636346038635
DesignSafe RC columns combined,Gradient Boosting,RandomKFold,4,413,Saatcioglu and Giria,49.78,42.229868073411474
DesignSafe RC columns combined,Gradient Boosting,RandomKFold,4,419,Matamoros et al.,15.3,15.554790064075922
DesignSafe RC columns combined,Gradient Boosting,RandomKFold,4,435,Mo and Wang,69.65,61.82329863203459
DesignSafe RC columns combined,Gradient Boosting,RandomKFold,4,438,Mo and Wang,68.05,61.82329863203459
DesignSafe RC columns combined,Gradient Boosting,RandomKFold,4,443,Thomsen and Wallace,16.45,15.203110119552308
DesignSafe RC columns combined,Gradient Boosting,RandomKFold,4,445,Thomsen and Wallace,12.55,10.291015436626848
DesignSafe RC columns combined,Gradient Boosting,RandomKFold,4,453,Paultre & Legeron,27.65,29.51735044640168
DesignSafe RC columns combined,Gradient Boosting,RandomKFold,4,454,Paultre & Legeron,35.92,37.605129475877426
DesignSafe RC columns combined,Gradient Boosting,RandomKFold,4,455,Paultre & Legeron,43.84,40.41443573515077
DesignSafe RC columns combined,Gradient Boosting,RandomKFold,4,458,Paultre & Legeron,41.59,43.82442089839184
DesignSafe RC columns combined,Gradient Boosting,RandomKFold,4,459,Paultre et al.,38.04,37.75592891404985
DesignSafe RC columns combined,Gradient Boosting,RandomKFold,4,466,Pujol,25.52,27.503180253494705
DesignSafe RC columns combined,Gradient Boosting,RandomKFold,4,470,Pujol,25.52,27.290327213887856
DesignSafe RC columns combined,Gradient Boosting,RandomKFold,4,477,Pujol,26.47,27.439468633416073
DesignSafe RC columns combined,Gradient Boosting,RandomKFold,4,479,Kono et al.,45.19,39.40745582565851
DesignSafe RC columns combined,Gradient Boosting,RandomKFold,4,485,Takemura and Kawashima,33.26,35.19510914776668
DesignSafe RC columns combined,Gradient Boosting,RandomKFold,4,489,Takemura and Kawashima,38.35,35.19510914776668
DesignSafe RC columns combined,Gradient Boosting,RandomKFold,4,493,Melek,64.1,56.816598438290285
DesignSafe RC columns combined,Gradient Boosting,RandomKFold,4,496,Melek,76.6,76.17218626774923
DesignSafe RC columns combined,Gradient Boosting,GroupKFold,0,9,Arakawa,39.65,49.05275302875926
DesignSafe RC columns combined,Gradient Boosting,GroupKFold,0,10,Arakawa,45.82,51.74738976794749
DesignSafe RC columns combined,Gradient Boosting,GroupKFold,0,11,Arakawa,44.01,52.193984297200885
DesignSafe RC columns combined,Gradient Boosting,GroupKFold,0,12,Arakawa,50.65,54.88862103638911
DesignSafe RC columns combined,Gradient Boosting,GroupKFold,0,13,Arakawa,48.53,55.66589624110188
DesignSafe RC columns combined,Gradient Boosting,GroupKFold,0,14,Arakawa,51.26,74.1125017215207
DesignSafe RC columns combined,Gradient Boosting,GroupKFold,0,15,Arakawa,43.15,67.07381402488592
DesignSafe RC columns combined,Gradient Boosting,GroupKFold,0,16,Arakawa,53.6,69.76845076407412
DesignSafe RC columns combined,Gradient Boosting,GroupKFold,0,17,Arakawa,62.74,70.5457259687869
DesignSafe RC columns combined,Gradient Boosting,GroupKFold,0,18,Arakawa,55.43,52.50608390236812
DesignSafe RC columns combined,Gradient Boosting,GroupKFold,0,19,Arakawa,41.92,47.48455336336687
DesignSafe RC columns combined,Gradient Boosting,GroupKFold,0,20,Arakawa,38.47,47.48455336336687
DesignSafe RC columns combined,Gradient Boosting,GroupKFold,0,21,Arakawa,52.61,67.38591363005312
DesignSafe RC columns combined,Gradient Boosting,GroupKFold,0,22,Arakawa,45.24,62.36438309105193
DesignSafe RC columns combined,Gradient Boosting,GroupKFold,0,23,Arakawa,39.58,61.21917185400507
DesignSafe RC columns combined,Gradient Boosting,GroupKFold,0,24,Arakawa,51.88,62.36438309105193
DesignSafe RC columns combined,Gradient Boosting,GroupKFold,0,25,McDaniel,91.15,115.77303124868436
DesignSafe RC columns combined,Gradient Boosting,GroupKFold,0,26,McDaniel,74.7,115.77303124868436
DesignSafe RC columns combined,Gradient Boosting,GroupKFold,0,27,McDaniel,74.7,115.77303124868436
DesignSafe RC columns combined,Gradient Boosting,GroupKFold,0,31,Omar,17.84,33.58818837885706
DesignSafe RC columns combined,Gradient Boosting,GroupKFold,0,32,Omar,17.34,28.101492949390018
DesignSafe RC columns combined,Gradient Boosting,GroupKFold,0,55,Arakawa,57.15,50.4684350115966
DesignSafe RC columns combined,Gradient Boosting,GroupKFold,0,56,Arakawa,40.38,44.34332209492525
DesignSafe RC columns combined,Gradient Boosting,GroupKFold,0,57,Arakawa,47.7,75.1607821867029
DesignSafe RC columns combined,Gradient Boosting,GroupKFold,0,68,Ranf,48.31,63.517987406518024
DesignSafe RC columns combined,Gradient Boosting,GroupKFold,0,69,Ranf,59.87,59.31663326515782
DesignSafe RC columns combined,Gradient Boosting,GroupKFold,0,70,Ranf,62.06,59.31663326515782
DesignSafe RC columns combined,Gradient Boosting,GroupKFold,0,71,Ranf,59.99,59.31663326515782
DesignSafe RC columns combined,Gradient Boosting,GroupKFold,0,75,Munro ,31.1,30.798620642581504
DesignSafe RC columns combined,Gradient Boosting,GroupKFold,0,87,Watson_Park,47.72,51.03872925818121
DesignSafe RC columns combined,Gradient Boosting,GroupKFold,0,88,Watson_Park,46.41,53.423455165494445
DesignSafe RC columns combined,Gradient Boosting,GroupKFold,0,107,Arakawa,39.77,46.008449138794575
DesignSafe RC columns combined,Gradient Boosting,GroupKFold,0,108,Arakawa,47.71,49.92695561194897
DesignSafe RC columns combined,Gradient Boosting,GroupKFold,0,109,Arakawa,34.67,29.22210341039243
DesignSafe RC columns combined,Gradient Boosting,GroupKFold,0,110,Arakawa,39.15,44.10193313807748
DesignSafe RC columns combined,Gradient Boosting,GroupKFold,0,111,Kunnath,16.63,19.768192703236018
DesignSafe RC columns combined,Gradient Boosting,GroupKFold,0,112,Kunnath,16.93,19.768192703236018
DesignSafe RC columns combined,Gradient Boosting,GroupKFold,0,113,Kunnath,16.97,21.14464106650082
DesignSafe RC columns combined,Gradient Boosting,GroupKFold,0,114,Kunnath,20.86,21.14464106650082
DesignSafe RC columns combined,Gradient Boosting,GroupKFold,0,115,Kunnath,17.26,21.14464106650082
DesignSafe RC columns combined,Gradient Boosting,GroupKFold,0,116,Kunnath,17.75,19.768192703236018
DesignSafe RC columns combined,Gradient Boosting,GroupKFold,0,117,Kunnath,16.42,19.768192703236018
DesignSafe RC columns combined,Gradient Boosting,GroupKFold,0,118,Kunnath,16.86,19.768192703236018
DesignSafe RC columns combined,Gradient Boosting,GroupKFold,0,119,Kunnath,16.69,19.768192703236018
DesignSafe RC columns combined,Gradient Boosting,GroupKFold,0,120,Kunnath,16.3,19.768192703236018
DesignSafe RC columns combined,Gradient Boosting,GroupKFold,0,121,Kunnath,16.25,19.768192703236018
DesignSafe RC columns combined,Gradient Boosting,GroupKFold,0,126,Kowalsky ,42.04,49.4312033627638
DesignSafe RC columns combined,Gradient Boosting,GroupKFold,0,127,Kowalsky ,39.28,49.449742144726336
DesignSafe RC columns combined,Gradient Boosting,GroupKFold,0,128,Kowalsky ,44.38,46.669000783556044
DesignSafe RC columns combined,Gradient Boosting,GroupKFold,0,134,Calderone et al.,124.76,99.68679473024903
DesignSafe RC columns combined,Gradient Boosting,GroupKFold,0,135,Calderone et al.,45.63,56.55612322508727
DesignSafe RC columns combined,Gradient Boosting,GroupKFold,0,136,Calderone et al.,42.8,48.68053865041551
DesignSafe RC columns combined,Gradient Boosting,GroupKFold,0,148,Nelson et al.,69.32,60.95316578394877
DesignSafe RC columns combined,Gradient Boosting,GroupKFold,0,149,Nelson et al.,65.95,59.80886802640191
DesignSafe RC columns combined,Gradient Boosting,GroupKFold,0,150,Nelson et al.,61.89,59.31663326515782
DesignSafe RC columns combined,Gradient Boosting,GroupKFold,0,151,Nelson et al.,59.64,59.31663326515782
DesignSafe RC columns combined,Gradient Boosting,GroupKFold,0,155,Roeder,26.59,43.36560471574598
DesignSafe RC columns combined,Gradient Boosting,GroupKFold,0,156,Roeder,27.21,43.36560471574598
DesignSafe RC columns combined,Gradient Boosting,GroupKFold,0,157,Roeder,30.69,43.36560471574598
DesignSafe RC columns combined,Gradient Boosting,GroupKFold,0,158,Roeder,38.28,62.453934588537344
DesignSafe RC columns combined,Gradient Boosting,GroupKFold,0,159,Roeder,41.29,63.23594807165683
DesignSafe RC columns combined,Gradient Boosting,GroupKFold,0,160,Roeder,40.83,63.23594807165683
DesignSafe RC columns combined,Gradient Boosting,GroupKFold,0,161,Roeder,39.92,63.23594807165683
DesignSafe RC columns combined,Gradient Boosting,GroupKFold,0,162,Roeder,44.59,63.23594807165683
DesignSafe RC columns combined,Gradient Boosting,GroupKFold,0,173,Imai,105.95,92.79701661723216
DesignSafe RC columns combined,Gradient Boosting,GroupKFold,0,177,Arakawa,29.35,24.983483569052694
DesignSafe RC columns combined,Gradient Boosting,GroupKFold,0,178,Arakawa,30.11,32.855799817450404
DesignSafe RC columns combined,Gradient Boosting,GroupKFold,0,181,Bett,48.02,47.51338622525492
DesignSafe RC columns combined,Gradient Boosting,GroupKFold,0,212,Ohue,22.79,23.676832346959312
DesignSafe RC columns combined,Gradient Boosting,GroupKFold,0,213,Ohue,24.86,26.096685109065003
DesignSafe RC columns combined,Gradient Boosting,GroupKFold,0,243,Sezen ,70.76,64.8060518075277
DesignSafe RC columns combined,Gradient Boosting,GroupKFold,0,244,Sezen ,80.73,90.38102831109254
DesignSafe RC columns combined,Gradient Boosting,GroupKFold,0,245,Sezen ,66.22,64.8060518075277
DesignSafe RC columns combined,Gradient Boosting,GroupKFold,0,277,Saatcioglu,61.66,59.27616405229578
DesignSafe RC columns combined,Gradient Boosting,GroupKFold,0,319,Arakawa,36.08,46.15335526298489
DesignSafe RC columns combined,Gradient Boosting,GroupKFold,0,330,Mugurma et al.,54.53,45.137015721462646
DesignSafe RC columns combined,Gradient Boosting,GroupKFold,0,331,Mugurma et al.,54.88,44.17077054585268
DesignSafe RC columns combined,Gradient Boosting,GroupKFold,0,332,Mugurma et al.,54.43,77.46533873896473
DesignSafe RC columns combined,Gradient Boosting,GroupKFold,0,333,Mugurma et al.,55.45,75.92441833413508
DesignSafe RC columns combined,Gradient Boosting,GroupKFold,0,334,Mugurma et al.,57.25,45.74531004535959
DesignSafe RC columns combined,Gradient Boosting,GroupKFold,0,335,Mugurma et al.,57.45,44.20438964052997
DesignSafe RC columns combined,Gradient Boosting,GroupKFold,0,336,Mugurma et al.,64.89,76.66962089655796
DesignSafe RC columns combined,Gradient Boosting,GroupKFold,0,337,Mugurma et al.,64.76,75.12870049172831
DesignSafe RC columns combined,Gradient Boosting,GroupKFold,0,357,Saatcioglu and Ozcebe,62.09,40.81832385526582
DesignSafe RC columns combined,Gradient Boosting,GroupKFold,0,358,Saatcioglu and Ozcebe,60.92,60.94769102022335
DesignSafe RC columns combined,Gradient Boosting,GroupKFold,0,359,Saatcioglu and Ozcebe,73.26,61.58197922120794
DesignSafe RC columns combined,Gradient Boosting,GroupKFold,0,360,Saatcioglu and Ozcebe,77.06,61.862256168277774
DesignSafe RC columns combined,Gradient Boosting,GroupKFold,0,361,Saatcioglu and Ozcebe,76.84,60.94616222125646
DesignSafe RC columns combined,Gradient Boosting,GroupKFold,0,459,Paultre et al.,38.04,38.770520143457055
DesignSafe RC columns combined,Gradient Boosting,GroupKFold,0,460,Paultre et al.,47.86,41.22016678762998
DesignSafe RC columns combined,Gradient Boosting,GroupKFold,0,461,Paultre et al.,44.56,40.22525512267022
DesignSafe RC columns combined,Gradient Boosting,GroupKFold,0,462,Paultre et al.,45.34,39.32083785546879
DesignSafe RC columns combined,Gradient Boosting,GroupKFold,0,463,Paultre et al.,45.31,39.22206960041334
DesignSafe RC columns combined,Gradient Boosting,GroupKFold,0,464,Paultre et al.,47.32,39.80789343665178
DesignSafe RC columns combined,Gradient Boosting,GroupKFold,0,484,Takemura and Kawashima,34.12,43.30040542639784
DesignSafe RC columns combined,Gradient Boosting,GroupKFold,0,485,Takemura and Kawashima,33.26,43.30040542639784
DesignSafe RC columns combined,Gradient Boosting,GroupKFold,0,486,Takemura and Kawashima,34.42,43.30040542639784
DesignSafe RC columns combined,Gradient Boosting,GroupKFold,0,487,Takemura and Kawashima,35.31,43.020128479328
DesignSafe RC columns combined,Gradient Boosting,GroupKFold,0,488,Takemura and Kawashima,35.85,43.30040542639784
DesignSafe RC columns combined,Gradient Boosting,GroupKFold,0,489,Takemura and Kawashima,38.35,43.30040542639784
DesignSafe RC columns combined,Gradient Boosting,GroupKFold,1,28,Hussein,102.1,112.69712600488099
DesignSafe RC columns combined,Gradient Boosting,GroupKFold,1,49,Wong,109.99,113.90410778309717
DesignSafe RC columns combined,Gradient Boosting,GroupKFold,1,50,Petrovski,19.32,20.789016010354537
DesignSafe RC columns combined,Gradient Boosting,GroupKFold,1,51,Petrovski,20.9,21.77583024340547
DesignSafe RC columns combined,Gradient Boosting,GroupKFold,1,58,Priestley,94.05,163.03254409381233
DesignSafe RC columns combined,Gradient Boosting,GroupKFold,1,59,Priestley,132.04,162.28704312414538
DesignSafe RC columns combined,Gradient Boosting,GroupKFold,1,84,Ang et al.,88.3,77.70733204021083
DesignSafe RC columns combined,Gradient Boosting,GroupKFold,1,91,Petrovski,7.55,9.90236259056644
DesignSafe RC columns combined,Gradient Boosting,GroupKFold,1,92,Petrovski,8.31,10.694329019992201
DesignSafe RC columns combined,Gradient Boosting,GroupKFold,1,93,Lim,4.28,34.66974879925523
DesignSafe RC columns combined,Gradient Boosting,GroupKFold,1,94,Lim,9.3,43.90175964536264
DesignSafe RC columns combined,Gradient Boosting,GroupKFold,1,95,Lim,9.67,42.63593315928796
DesignSafe RC columns combined,Gradient Boosting,GroupKFold,1,98,Stone,14.41,18.60115736644943
DesignSafe RC columns combined,Gradient Boosting,GroupKFold,1,99,Stone,16.51,19.763109084556433
DesignSafe RC columns combined,Gradient Boosting,GroupKFold,1,100,Stone,7.17,11.608157325583356
DesignSafe RC columns combined,Gradient Boosting,GroupKFold,1,101,Stone,14.1,18.60115736644943
DesignSafe RC columns combined,Gradient Boosting,GroupKFold,1,102,Stone,17.21,19.763109084556433
DesignSafe RC columns combined,Gradient Boosting,GroupKFold,1,103,Stone,6.67,11.608157325583356
DesignSafe RC columns combined,Gradient Boosting,GroupKFold,1,137,Sritharan et al.,97.48,69.38782713530891
DesignSafe RC columns combined,Gradient Boosting,GroupKFold,1,138,Sritharan et al.,96.79,70.51797964955848
DesignSafe RC columns combined,Gradient Boosting,GroupKFold,1,139,Sritharan et al.,103.48,71.39057982151277
DesignSafe RC columns combined,Gradient Boosting,GroupKFold,1,172,Nagasaka,19.67,27.230087713750564
DesignSafe RC columns combined,Gradient Boosting,GroupKFold,1,174,Zhou,18.64,36.25571951623458
DesignSafe RC columns combined,Gradient Boosting,GroupKFold,1,175,Zhou,20.53,36.25571951623458
DesignSafe RC columns combined,Gradient Boosting,GroupKFold,1,176,Zhou,25.84,36.25571951623458
DesignSafe RC columns combined,Gradient Boosting,GroupKFold,1,186,Verma,141.1,65.32841420872913
DesignSafe RC columns combined,Gradient Boosting,GroupKFold,1,204,Nakamura et al.,61.03,50.58723866770835
DesignSafe RC columns combined,Gradient Boosting,GroupKFold,1,205,Nakamura et al.,59.12,52.75333620478168
DesignSafe RC columns combined,Gradient Boosting,GroupKFold,1,206,Nakamura et al.,65.62,52.75333620478168
DesignSafe RC columns combined,Gradient Boosting,GroupKFold,1,211,Nagasaka,25.32,36.609727302572246
DesignSafe RC columns combined,Gradient Boosting,GroupKFold,1,214,Zhou,8.26,28.605816807561364
DesignSafe RC columns combined,Gradient Boosting,GroupKFold,1,215,Zhou,15.22,34.99989566222314
DesignSafe RC columns combined,Gradient Boosting,GroupKFold,1,216,Zhou,15.15,33.980472679837135
DesignSafe RC columns combined,Gradient Boosting,GroupKFold,1,217,Zhou,12.71,21.784094856379316
DesignSafe RC columns combined,Gradient Boosting,GroupKFold,1,218,Zhou,12.34,21.784094856379316
DesignSafe RC columns combined,Gradient Boosting,GroupKFold,1,221,Amitsu,115.47,91.04922625753372
DesignSafe RC columns combined,Gradient Boosting,GroupKFold,1,254,Ikeda,16.8,19.291816837318265
DesignSafe RC columns combined,Gradient Boosting,GroupKFold,1,255,Ikeda,15.92,19.291816837318265
DesignSafe RC columns combined,Gradient Boosting,GroupKFold,1,256,Ikeda,18.8,19.82550559731834
DesignSafe RC columns combined,Gradient Boosting,GroupKFold,1,257,Ikeda,18.14,22.75835133235755
DesignSafe RC columns combined,Gradient Boosting,GroupKFold,1,258,Ikeda,13.02,15.626181928702177
DesignSafe RC columns combined,Gradient Boosting,GroupKFold,1,259,Ikeda,15.92,16.159870688702252
DesignSafe RC columns combined,Gradient Boosting,GroupKFold,1,260,Ikeda,15.8,16.159870688702252
DesignSafe RC columns combined,Gradient Boosting,GroupKFold,1,261,Umemura & Endo ,15.75,14.976483736331904
DesignSafe RC columns combined,Gradient Boosting,GroupKFold,1,262,Umemura & Endo ,24.0,30.852153920586122
DesignSafe RC columns combined,Gradient Boosting,GroupKFold,1,263,Umemura & Endo ,18.67,22.279532480574144
DesignSafe RC columns combined,Gradient Boosting,GroupKFold,1,264,Umemura & Endo ,17.93,28.04381133067628
DesignSafe RC columns combined,Gradient Boosting,GroupKFold,1,265,Umemura & Endo ,11.3,25.279903298020066
DesignSafe RC columns combined,Gradient Boosting,GroupKFold,1,266,Umemura & Endo ,13.2,24.198545372234356
DesignSafe RC columns combined,Gradient Boosting,GroupKFold,1,267,Umemura & Endo ,15.34,24.65163935468339
DesignSafe RC columns combined,Gradient Boosting,GroupKFold,1,268,Umemura & Endo ,15.62,23.57028142889768
DesignSafe RC columns combined,Gradient Boosting,GroupKFold,1,276,Verma,127.9,127.75639614096023
DesignSafe RC columns combined,Gradient Boosting,GroupKFold,1,297,Ang et al.,43.17,45.311257687250134
DesignSafe RC columns combined,Gradient Boosting,GroupKFold,1,298,Ang et al.,38.04,45.761325245402446
DesignSafe RC columns combined,Gradient Boosting,GroupKFold,1,323,Zhou,16.23,34.99989566222314
DesignSafe RC columns combined,Gradient Boosting,GroupKFold,1,362,Galeota et al. ,29.26,31.68581533328517
DesignSafe RC columns combined,Gradient Boosting,GroupKFold,1,363,Galeota et al. ,27.68,31.68581533328517
DesignSafe RC columns combined,Gradient Boosting,GroupKFold,1,364,Galeota et al. ,22.09,28.541747602270142
DesignSafe RC columns combined,Gradient Boosting,GroupKFold,1,365,Galeota et al. ,30.93,28.541747602270142
DesignSafe RC columns combined,Gradient Boosting,GroupKFold,1,366,Galeota et al. ,31.75,28.541747602270142
DesignSafe RC columns combined,Gradient Boosting,GroupKFold,1,367,Galeota et al. ,28.86,31.68581533328517
DesignSafe RC columns combined,Gradient Boosting,GroupKFold,1,368,Galeota et al. ,29.47,31.68581533328517
DesignSafe RC columns combined,Gradient Boosting,GroupKFold,1,369,Galeota et al. ,24.8,28.541747602270142
DesignSafe RC columns combined,Gradient Boosting,GroupKFold,1,370,Galeota et al. ,22.71,29.340010438130125
DesignSafe RC columns combined,Gradient Boosting,GroupKFold,1,371,Galeota et al. ,28.43,32.48407816914513
DesignSafe RC columns combined,Gradient Boosting,GroupKFold,1,372,Galeota et al. ,29.59,29.340010438130125
DesignSafe RC columns combined,Gradient Boosting,GroupKFold,1,373,Galeota et al. ,30.3,32.48407816914513
DesignSafe RC columns combined,Gradient Boosting,GroupKFold,1,374,Galeota et al. ,39.41,72.39380862777534
DesignSafe RC columns combined,Gradient Boosting,GroupKFold,1,375,Galeota et al. ,37.12,70.7826630513346
DesignSafe RC columns combined,Gradient Boosting,GroupKFold,1,376,Galeota et al. ,38.91,70.7826630513346
DesignSafe RC columns combined,Gradient Boosting,GroupKFold,1,377,Galeota et al. ,46.03,72.39380862777534
DesignSafe RC columns combined,Gradient Boosting,GroupKFold,1,378,Galeota et al. ,36.33,72.39380862777534
DesignSafe RC columns combined,Gradient Boosting,GroupKFold,1,379,Galeota et al. ,43.86,72.39380862777534
DesignSafe RC columns combined,Gradient Boosting,GroupKFold,1,380,Galeota et al. ,39.34,70.7826630513346
DesignSafe RC columns combined,Gradient Boosting,GroupKFold,1,381,Galeota et al. ,38.33,70.7826630513346
DesignSafe RC columns combined,Gradient Boosting,GroupKFold,1,382,Galeota et al. ,38.56,73.19207146363529
DesignSafe RC columns combined,Gradient Boosting,GroupKFold,1,383,Galeota et al. ,38.91,73.19207146363529
DesignSafe RC columns combined,Gradient Boosting,GroupKFold,1,384,Galeota et al. ,38.3,71.58092588719454
DesignSafe RC columns combined,Gradient Boosting,GroupKFold,1,385,Galeota et al. ,39.76,71.58092588719454
DesignSafe RC columns combined,Gradient Boosting,GroupKFold,1,390,Xiao and Martirossyan,72.86,69.22857139410638
DesignSafe RC columns combined,Gradient Boosting,GroupKFold,1,391,Xiao and Martirossyan,85.05,87.60074506129779
DesignSafe RC columns combined,Gradient Boosting,GroupKFold,1,392,Xiao and Martirossyan,61.92,58.26078911280188
DesignSafe RC columns combined,Gradient Boosting,GroupKFold,1,393,Xiao and Martirossyan,71.68,80.58429790318785
DesignSafe RC columns combined,Gradient Boosting,GroupKFold,1,394,Sugano,75.14,87.33795290705818
DesignSafe RC columns combined,Gradient Boosting,GroupKFold,1,395,Sugano,82.05,87.33795290705818
DesignSafe RC columns combined,Gradient Boosting,GroupKFold,1,396,Sugano,91.89,87.70558712461376
DesignSafe RC columns combined,Gradient Boosting,GroupKFold,1,397,Sugano,82.67,92.5981926944107
DesignSafe RC columns combined,Gradient Boosting,GroupKFold,1,398,Sugano,83.18,92.96582691196627
DesignSafe RC columns combined,Gradient Boosting,GroupKFold,1,399,Nosho et al,14.78,14.574463150850395
DesignSafe RC columns combined,Gradient Boosting,GroupKFold,1,442,Thomsen and Wallace,10.44,25.80979074799474
DesignSafe RC columns combined,Gradient Boosting,GroupKFold,1,443,Thomsen and Wallace,16.45,32.66962598349579
DesignSafe RC columns combined,Gradient Boosting,GroupKFold,1,444,Thomsen and Wallace,9.13,20.536429098646806
DesignSafe RC columns combined,Gradient Boosting,GroupKFold,1,445,Thomsen and Wallace,12.55,21.755248919448828
DesignSafe RC columns combined,Gradient Boosting,GroupKFold,1,446,Thomsen and Wallace,14.66,32.66962598349579
DesignSafe RC columns combined,Gradient Boosting,GroupKFold,1,447,Thomsen and Wallace,8.99,20.536429098646806
DesignSafe RC columns combined,Gradient Boosting,GroupKFold,1,448,Thomsen and Wallace,11.51,21.755248919448828
DesignSafe RC columns combined,Gradient Boosting,GroupKFold,1,449,Thomsen and Wallace,12.98,32.66962598349579
DesignSafe RC columns combined,Gradient Boosting,GroupKFold,1,450,Thomsen and Wallace,12.82,31.31869469019274
DesignSafe RC columns combined,Gradient Boosting,GroupKFold,1,451,Thomsen and Wallace,14.11,31.16272716965409
DesignSafe RC columns combined,Gradient Boosting,GroupKFold,1,452,Thomsen and Wallace,12.06,31.16272716965409
DesignSafe RC columns combined,Gradient Boosting,GroupKFold,2,0,Ang_Beng_Ghee,65.01,55.54133098650807
DesignSafe RC columns combined,Gradient Boosting,GroupKFold,2,1,Ang_Beng_Ghee,88.04,60.521005902881626
DesignSafe RC columns combined,Gradient Boosting,GroupKFold,2,2,Ang_Beng_Ghee,63.09,54.28099529026552
DesignSafe RC columns combined,Gradient Boosting,GroupKFold,2,3,Ang_Beng_Ghee,83.68,59.58082360423514
DesignSafe RC columns combined,Gradient Boosting,GroupKFold,2,4,Ang_Beng_Ghee,113.49,64.34929154048251
DesignSafe RC columns combined,Gradient Boosting,GroupKFold,2,5,Ang_Beng_Ghee,98.34,68.57869941517654
DesignSafe RC columns combined,Gradient Boosting,GroupKFold,2,6,Ang_Beng_Ghee,109.4,92.47765831256604
DesignSafe RC columns combined,Gradient Boosting,GroupKFold,2,7,Ang_Beng_Ghee,60.8,54.28099529026552
DesignSafe RC columns combined,Gradient Boosting,GroupKFold,2,8,Ang_Beng_Ghee,64.03,55.54133098650807
DesignSafe RC columns combined,Gradient Boosting,GroupKFold,2,33,Yarandi,95.23,116.63779363675673
DesignSafe RC columns combined,Gradient Boosting,GroupKFold,2,34,Potangaroa,165.0,122.09759655983902
DesignSafe RC columns combined,Gradient Boosting,GroupKFold,2,35,Ang_Beng_Ghee,72.25,54.5786022382537
DesignSafe RC columns combined,Gradient Boosting,GroupKFold,2,36,Ang_Beng_Ghee,49.61,52.63286100239244
DesignSafe RC columns combined,Gradient Boosting,GroupKFold,2,37,Ang_Beng_Ghee,62.09,50.13124843991866
DesignSafe RC columns combined,Gradient Boosting,GroupKFold,2,38,Ang_Beng_Ghee,74.39,54.06841043623547
DesignSafe RC columns combined,Gradient Boosting,GroupKFold,2,39,Ang_Beng_Ghee,104.54,77.98901253465799
DesignSafe RC columns combined,Gradient Boosting,GroupKFold,2,40,Ang_Beng_Ghee,101.39,80.62440152635672
DesignSafe RC columns combined,Gradient Boosting,GroupKFold,2,41,Ang_Beng_Ghee,91.52,81.43220027636316
DesignSafe RC columns combined,Gradient Boosting,GroupKFold,2,42,Ang_Beng_Ghee,118.44,61.74895057002422
DesignSafe RC columns combined,Gradient Boosting,GroupKFold,2,43,Ang_Beng_Ghee,98.99,63.839099738464284
DesignSafe RC columns combined,Gradient Boosting,GroupKFold,2,44,Ang_Beng_Ghee,71.12,52.63286100239244
DesignSafe RC columns combined,Gradient Boosting,GroupKFold,2,45,Ang_Beng_Ghee,51.78,46.600943342636704
DesignSafe RC columns combined,Gradient Boosting,GroupKFold,2,46,Ang_Beng_Ghee,73.12,61.24011030215295
DesignSafe RC columns combined,Gradient Boosting,GroupKFold,2,47,Ang_Beng_Ghee,74.75,55.03113918448984
DesignSafe RC columns combined,Gradient Boosting,GroupKFold,2,48,Ang_Beng_Ghee,76.54,53.77080348824729
DesignSafe RC columns combined,Gradient Boosting,GroupKFold,2,63,Hamilton,32.21,37.279169969154815
DesignSafe RC columns combined,Gradient Boosting,GroupKFold,2,64,Hamilton,36.96,37.279169969154815
DesignSafe RC columns combined,Gradient Boosting,GroupKFold,2,65,Hamilton,39.24,39.103408705119776
DesignSafe RC columns combined,Gradient Boosting,GroupKFold,2,72,Davey,44.01,41.68810940449535
DesignSafe RC columns combined,Gradient Boosting,GroupKFold,2,73,Davey,77.04,41.68810940449535
DesignSafe RC columns combined,Gradient Boosting,GroupKFold,2,74,Davey,34.57,41.68810940449535
DesignSafe RC columns combined,Gradient Boosting,GroupKFold,2,80,Potangaroa,154.47,111.4831293063661
DesignSafe RC columns combined,Gradient Boosting,GroupKFold,2,81,Potangaroa,175.54,119.56080167783928
DesignSafe RC columns combined,Gradient Boosting,GroupKFold,2,82,Potangaroa,182.48,155.53535317371973
DesignSafe RC columns combined,Gradient Boosting,GroupKFold,2,83,Potangaroa,210.65,173.97286462191832
DesignSafe RC columns combined,Gradient Boosting,GroupKFold,2,85,Zahn et al.,32.0,34.43699456465866
DesignSafe RC columns combined,Gradient Boosting,GroupKFold,2,86,Zahn et al.,39.37,42.09535862548875
DesignSafe RC columns combined,Gradient Boosting,GroupKFold,2,89,Wong et al.,103.69,78.97626723848366
DesignSafe RC columns combined,Gradient Boosting,GroupKFold,2,90,Wong et al.,130.07,92.92833026759119
DesignSafe RC columns combined,Gradient Boosting,GroupKFold,2,123,Vu et al.,139.38,108.51536300748606
DesignSafe RC columns combined,Gradient Boosting,GroupKFold,2,124,Vu et al.,124.0,99.7237697950238
DesignSafe RC columns combined,Gradient Boosting,GroupKFold,2,125,Vu et al.,249.3,199.53965870410894
DesignSafe RC columns combined,Gradient Boosting,GroupKFold,2,152,Henry,74.19,69.78096519572223
DesignSafe RC columns combined,Gradient Boosting,GroupKFold,2,153,Henry,64.8,70.22875194590665
DesignSafe RC columns combined,Gradient Boosting,GroupKFold,2,163,Kowalsky_Moyer,34.86,53.53737916634408
DesignSafe RC columns combined,Gradient Boosting,GroupKFold,2,164,Kowalsky_Moyer,35.8,53.53737916634408
DesignSafe RC columns combined,Gradient Boosting,GroupKFold,2,165,Kowalsky_Moyer,43.08,53.53737916634408
DesignSafe RC columns combined,Gradient Boosting,GroupKFold,2,166,Kowalsky_Moyer,35.32,53.53737916634408
DesignSafe RC columns combined,Gradient Boosting,GroupKFold,2,167,Coffman,23.9,38.58611476554657
DesignSafe RC columns combined,Gradient Boosting,GroupKFold,2,168,Hamilton,15.81,27.67677860256305
DesignSafe RC columns combined,Gradient Boosting,GroupKFold,2,169,Hamilton,16.96,27.67677860256305
DesignSafe RC columns combined,Gradient Boosting,GroupKFold,2,170,Hamilton,23.83,27.67677860256305
DesignSafe RC columns combined,Gradient Boosting,GroupKFold,2,187,Pandey,30.56,30.65210475182396
DesignSafe RC columns combined,Gradient Boosting,GroupKFold,2,188,Yoshimura,21.74,26.538895157798205
DesignSafe RC columns combined,Gradient Boosting,GroupKFold,2,189,Yoshimura,21.52,25.972780120245147
DesignSafe RC columns combined,Gradient Boosting,GroupKFold,2,190,Yoshimura,36.91,60.42240066919572
DesignSafe RC columns combined,Gradient Boosting,GroupKFold,2,191,Yoshimura,53.28,52.25241490820964
DesignSafe RC columns combined,Gradient Boosting,GroupKFold,2,192,Yoshimura,51.55,51.6382381868867
DesignSafe RC columns combined,Gradient Boosting,GroupKFold,2,193,Yoshimura,58.67,65.29222701232327
DesignSafe RC columns combined,Gradient Boosting,GroupKFold,2,194,Ousalem,36.19,39.42459509854837
DesignSafe RC columns combined,Gradient Boosting,GroupKFold,2,195,Ousalem,38.49,38.523599424963045
DesignSafe RC columns combined,Gradient Boosting,GroupKFold,2,196,Ousalem,52.85,45.49868165624459
DesignSafe RC columns combined,Gradient Boosting,GroupKFold,2,197,Ousalem,48.67,41.02300045231932
DesignSafe RC columns combined,Gradient Boosting,GroupKFold,2,198,Ousalem,73.53,45.65448648281862
DesignSafe RC columns combined,Gradient Boosting,GroupKFold,2,199,Ousalem,55.03,50.825293788246654
DesignSafe RC columns combined,Gradient Boosting,GroupKFold,2,200,Ousalem,56.4,50.825293788246654
DesignSafe RC columns combined,Gradient Boosting,GroupKFold,2,201,Ousalem,59.77,50.36315438066395
DesignSafe RC columns combined,Gradient Boosting,GroupKFold,2,202,Ousalem,66.47,50.36315438066395
DesignSafe RC columns combined,Gradient Boosting,GroupKFold,2,203,Ousalem,76.45,45.65448648281862
DesignSafe RC columns combined,Gradient Boosting,GroupKFold,2,207,Yoshimura,88.08,88.51495698597407
DesignSafe RC columns combined,Gradient Boosting,GroupKFold,2,210,Pandey,41.99,39.11407429729569
DesignSafe RC columns combined,Gradient Boosting,GroupKFold,2,219,Ono,29.27,23.298336895671905
DesignSafe RC columns combined,Gradient Boosting,GroupKFold,2,220,Ono,30.73,33.52454629527865
DesignSafe RC columns combined,Gradient Boosting,GroupKFold,2,271,Kokusho & Fukuhara,24.42,24.012664121528413
DesignSafe RC columns combined,Gradient Boosting,GroupKFold,2,272,Kokusho & Fukuhara,24.31,22.77377595085572
DesignSafe RC columns combined,Gradient Boosting,GroupKFold,2,285,Yoshimura,48.94,44.274756012592626
DesignSafe RC columns combined,Gradient Boosting,GroupKFold,2,286,Yoshimura,47.59,44.274756012592626
DesignSafe RC columns combined,Gradient Boosting,GroupKFold,2,287,Yarandi,116.24,131.6035337085847
DesignSafe RC columns combined,Gradient Boosting,GroupKFold,2,288,Yarandi,128.5,140.02169926515003
DesignSafe RC columns combined,Gradient Boosting,GroupKFold,2,289,Pandey,41.61,37.79288756253821
DesignSafe RC columns combined,Gradient Boosting,GroupKFold,2,290,Pandey,28.15,31.047163979219395
DesignSafe RC columns combined,Gradient Boosting,GroupKFold,2,291,Yoshimura,46.29,40.04787720791787
DesignSafe RC columns combined,Gradient Boosting,GroupKFold,2,292,Yoshimura,45.21,40.04787720791787
DesignSafe RC columns combined,Gradient Boosting,GroupKFold,2,310,Tanaka and Park,37.56,42.85807553797913
DesignSafe RC columns combined,Gradient Boosting,GroupKFold,2,311,Tanaka and Park,37.71,42.85807553797913
DesignSafe RC columns combined,Gradient Boosting,GroupKFold,2,312,Tanaka and Park,39.41,42.85807553797913
DesignSafe RC columns combined,Gradient Boosting,GroupKFold,2,313,Tanaka and Park,38.31,42.85807553797913
DesignSafe RC columns combined,Gradient Boosting,GroupKFold,2,314,Tanaka and Park,86.69,134.65440432819761
DesignSafe RC columns combined,Gradient Boosting,GroupKFold,2,315,Tanaka and Park,91.99,134.65440432819761
DesignSafe RC columns combined,Gradient Boosting,GroupKFold,2,316,Tanaka and Park,138.64,156.8540735338879
DesignSafe RC columns combined,Gradient Boosting,GroupKFold,2,317,Tanaka and Park,139.08,156.8540735338879
DesignSafe RC columns combined,Gradient Boosting,GroupKFold,2,318,Park and Paulay,88.81,127.42705223196734
DesignSafe RC columns combined,Gradient Boosting,GroupKFold,2,338,Sakai et al.,92.71,65.13716842217437
DesignSafe RC columns combined,Gradient Boosting,GroupKFold,2,339,Sakai et al.,92.99,65.00752748454354
DesignSafe RC columns combined,Gradient Boosting,GroupKFold,2,340,Sakai et al.,96.29,65.13716842217437
DesignSafe RC columns combined,Gradient Boosting,GroupKFold,2,341,Sakai et al.,91.09,65.13716842217437
DesignSafe RC columns combined,Gradient Boosting,GroupKFold,2,342,Sakai et al.,91.18,69.15981055331147
DesignSafe RC columns combined,Gradient Boosting,GroupKFold,2,343,Sakai et al.,94.43,65.13716842217437
DesignSafe RC columns combined,Gradient Boosting,GroupKFold,2,344,Sakai et al.,91.06,66.41766472639401
DesignSafe RC columns combined,Gradient Boosting,GroupKFold,3,52,Kenchiku_Kenkyu_Siryo,41.32,29.221244426714307
DesignSafe RC columns combined,Gradient Boosting,GroupKFold,3,53,Kenchiku_Kenkyu_Siryo,41.59,26.959317572784787
DesignSafe RC columns combined,Gradient Boosting,GroupKFold,3,54,Kenchiku_Kenkyu_Siryo,23.52,17.78767601228251
DesignSafe RC columns combined,Gradient Boosting,GroupKFold,3,60,Vu,63.66,103.660406129522
DesignSafe RC columns combined,Gradient Boosting,GroupKFold,3,61,Vu,221.45,154.28437078833016
DesignSafe RC columns combined,Gradient Boosting,GroupKFold,3,62,Vu,89.52,106.5183399549346
DesignSafe RC columns combined,Gradient Boosting,GroupKFold,3,66,Chai,124.2,137.75350239306292
DesignSafe RC columns combined,Gradient Boosting,GroupKFold,3,67,Iwasaki,91.37,112.52803256772182
DesignSafe RC columns combined,Gradient Boosting,GroupKFold,3,122,Hose et al.,81.75,224.2305816174203
DesignSafe RC columns combined,Gradient Boosting,GroupKFold,3,129,Lehman et al,64.07,66.69351680235125
DesignSafe RC columns combined,Gradient Boosting,GroupKFold,3,130,Lehman et al,33.94,47.41700282722744
DesignSafe RC columns combined,Gradient Boosting,GroupKFold,3,131,Lehman et al,22.82,45.67701054920073
DesignSafe RC columns combined,Gradient Boosting,GroupKFold,3,132,Lehman et al,40.46,66.69351680235125
DesignSafe RC columns combined,Gradient Boosting,GroupKFold,3,133,Lehman et al,107.9,66.69351680235125
DesignSafe RC columns combined,Gradient Boosting,GroupKFold,3,140,Saatcioglu et al.,15.97,25.376950711204373
DesignSafe RC columns combined,Gradient Boosting,GroupKFold,3,141,Saatcioglu et al.,15.35,28.691407742624673
DesignSafe RC columns combined,Gradient Boosting,GroupKFold,3,142,Saatcioglu et al.,18.38,39.498298876277104
DesignSafe RC columns combined,Gradient Boosting,GroupKFold,3,143,Saatcioglu et al.,19.16,39.498298876277104
DesignSafe RC columns combined,Gradient Boosting,GroupKFold,3,144,Saatcioglu et al.,17.63,38.70828230281822
DesignSafe RC columns combined,Gradient Boosting,GroupKFold,3,145,Saatcioglu et al.,16.6,24.90227107546262
DesignSafe RC columns combined,Gradient Boosting,GroupKFold,3,146,Saatcioglu et al.,18.28,39.498298876277104
DesignSafe RC columns combined,Gradient Boosting,GroupKFold,3,147,Saatcioglu et al.,21.58,42.31148456224698
DesignSafe RC columns combined,Gradient Boosting,GroupKFold,3,154,Chai,55.74,95.23245667437307
DesignSafe RC columns combined,Gradient Boosting,GroupKFold,3,171,Chai,48.5,88.94735401927079
DesignSafe RC columns combined,Gradient Boosting,GroupKFold,3,179,Umehara,72.53,101.40635948546954
DesignSafe RC columns combined,Gradient Boosting,GroupKFold,3,180,Umehara,59.16,53.47951060876118
DesignSafe RC columns combined,Gradient Boosting,GroupKFold,3,182,Aboutaha,101.19,83.29409212989015
DesignSafe RC columns combined,Gradient Boosting,GroupKFold,3,183,Aboutaha,144.49,98.27870396315693
DesignSafe RC columns combined,Gradient Boosting,GroupKFold,3,184,Iwasaki,88.33,75.17518179330298
DesignSafe RC columns combined,Gradient Boosting,GroupKFold,3,185,Iwasaki,95.71,75.05284497627734
DesignSafe RC columns combined,Gradient Boosting,GroupKFold,3,208,Wight,17.81,21.92176216441668
DesignSafe RC columns combined,Gradient Boosting,GroupKFold,3,222,Wight,22.2,23.652318799666226
DesignSafe RC columns combined,Gradient Boosting,GroupKFold,3,223,Wight,22.77,23.652318799666226
DesignSafe RC columns combined,Gradient Boosting,GroupKFold,3,224,Wight,23.51,22.536905971851557
DesignSafe RC columns combined,Gradient Boosting,GroupKFold,3,225,Wight,22.14,22.536905971851557
DesignSafe RC columns combined,Gradient Boosting,GroupKFold,3,226,Wight,21.18,22.062978846184595
DesignSafe RC columns combined,Gradient Boosting,GroupKFold,3,227,Wight,23.58,22.062978846184595
DesignSafe RC columns combined,Gradient Boosting,GroupKFold,3,228,Wight,19.76,22.044098981442325
DesignSafe RC columns combined,Gradient Boosting,GroupKFold,3,229,Wight,20.97,22.044098981442325
DesignSafe RC columns combined,Gradient Boosting,GroupKFold,3,230,Wight,22.11,22.108893245106454
DesignSafe RC columns combined,Gradient Boosting,GroupKFold,3,231,Wight,22.83,23.85267255449486
DesignSafe RC columns combined,Gradient Boosting,GroupKFold,3,232,Wight,22.34,23.85267255449486
DesignSafe RC columns combined,Gradient Boosting,GroupKFold,3,233,Wight,26.92,23.85267255449486
DesignSafe RC columns combined,Gradient Boosting,GroupKFold,3,234,Wight,27.08,23.85267255449486
DesignSafe RC columns combined,Gradient Boosting,GroupKFold,3,235,Wight,27.24,22.25010992687437
DesignSafe RC columns combined,Gradient Boosting,GroupKFold,3,236,Wight,27.21,22.25010992687437
DesignSafe RC columns combined,Gradient Boosting,GroupKFold,3,246,Iwasaki,28.8,56.78129451131367
DesignSafe RC columns combined,Gradient Boosting,GroupKFold,3,247,Iwasaki,35.97,58.32538559781152
DesignSafe RC columns combined,Gradient Boosting,GroupKFold,3,248,Iwasaki,35.39,41.7996731670269
DesignSafe RC columns combined,Gradient Boosting,GroupKFold,3,249,Iwasaki,34.91,41.7996731670269
DesignSafe RC columns combined,Gradient Boosting,GroupKFold,3,250,Iwasaki,36.65,41.7996731670269
DesignSafe RC columns combined,Gradient Boosting,GroupKFold,3,251,Iwasaki,53.57,47.30638562540056
DesignSafe RC columns combined,Gradient Boosting,GroupKFold,3,252,Iwasaki,51.71,47.4287224424262
DesignSafe RC columns combined,Gradient Boosting,GroupKFold,3,253,Iwasaki,88.65,73.76121089509542
DesignSafe RC columns combined,Gradient Boosting,GroupKFold,3,269,Kokusho,16.93,12.056151708422561
DesignSafe RC columns combined,Gradient Boosting,GroupKFold,3,270,Kokusho,19.75,14.312266369411953
DesignSafe RC columns combined,Gradient Boosting,GroupKFold,3,274,Elwood,18.14,13.227361798537721
DesignSafe RC columns combined,Gradient Boosting,GroupKFold,3,275,Elwood,19.92,13.552849223038498
DesignSafe RC columns combined,Gradient Boosting,GroupKFold,3,278,Esaki,27.5,26.605479350812786
DesignSafe RC columns combined,Gradient Boosting,GroupKFold,3,279,Esaki,24.54,27.958083319257952
DesignSafe RC columns combined,Gradient Boosting,GroupKFold,3,280,Esaki,26.77,25.425705836893265
DesignSafe RC columns combined,Gradient Boosting,GroupKFold,3,281,Esaki,24.59,26.469735485060628
DesignSafe RC columns combined,Gradient Boosting,GroupKFold,3,303,Zahn ,47.95,54.40525156786315
DesignSafe RC columns combined,Gradient Boosting,GroupKFold,3,304,Zahn ,60.44,67.3077193835496
DesignSafe RC columns combined,Gradient Boosting,GroupKFold,3,324,Kanda et al.,18.41,18.446280884295135
DesignSafe RC columns combined,Gradient Boosting,GroupKFold,3,325,Kanda et al.,17.99,18.270772970612068
DesignSafe RC columns combined,Gradient Boosting,GroupKFold,3,326,Kanda et al.,18.41,18.270772970612068
DesignSafe RC columns combined,Gradient Boosting,GroupKFold,3,327,Kanda et al.,19.01,18.29322026045406
DesignSafe RC columns combined,Gradient Boosting,GroupKFold,3,328,Kanda et al.,18.34,18.270772970612068
DesignSafe RC columns combined,Gradient Boosting,GroupKFold,3,329,Kanda et al.,17.42,18.270772970612068
DesignSafe RC columns combined,Gradient Boosting,GroupKFold,3,345,Atalay and Penzein,13.87,16.54253846557539
DesignSafe RC columns combined,Gradient Boosting,GroupKFold,3,346,Atalay and Penzein,13.76,16.54253846557539
DesignSafe RC columns combined,Gradient Boosting,GroupKFold,3,347,Atalay and Penzein,13.09,16.54253846557539
DesignSafe RC columns combined,Gradient Boosting,GroupKFold,3,348,Atalay and Penzein,16.01,16.888335829099574
DesignSafe RC columns combined,Gradient Boosting,GroupKFold,3,349,Atalay and Penzein,17.23,25.65957010015953
DesignSafe RC columns combined,Gradient Boosting,GroupKFold,3,350,Atalay and Penzein,16.84,25.65957010015953
DesignSafe RC columns combined,Gradient Boosting,GroupKFold,3,351,Atalay and Penzein,17.73,23.554181548823028
DesignSafe RC columns combined,Gradient Boosting,GroupKFold,3,352,Atalay and Penzein,17.53,23.431844731797383
DesignSafe RC columns combined,Gradient Boosting,GroupKFold,3,353,Atalay and Penzein,18.46,23.087060101122617
DesignSafe RC columns combined,Gradient Boosting,GroupKFold,3,354,Atalay and Penzein,17.64,23.431844731797383
DesignSafe RC columns combined,Gradient Boosting,GroupKFold,3,355,Azizinamini et al.,104.93,79.84920775209812
DesignSafe RC columns combined,Gradient Boosting,GroupKFold,3,386,Wehbe et al.,82.82,88.67135510491822
DesignSafe RC columns combined,Gradient Boosting,GroupKFold,3,387,Wehbe et al.,89.98,108.70775305634837
DesignSafe RC columns combined,Gradient Boosting,GroupKFold,3,388,Wehbe et al.,85.41,91.7648028612123
DesignSafe RC columns combined,Gradient Boosting,GroupKFold,3,389,Wehbe et al.,96.87,108.74303568216192
DesignSafe RC columns combined,Gradient Boosting,GroupKFold,3,400,Bayrak and Sheikh,33.11,49.276593993865724
DesignSafe RC columns combined,Gradient Boosting,GroupKFold,3,401,Bayrak and Sheikh,33.56,46.96862547311519
DesignSafe RC columns combined,Gradient Boosting,GroupKFold,3,402,Bayrak and Sheikh,33.23,49.276593993865724
DesignSafe RC columns combined,Gradient Boosting,GroupKFold,3,403,Bayrak and Sheikh,33.19,49.276593993865724
DesignSafe RC columns combined,Gradient Boosting,GroupKFold,3,404,Bayrak and Sheikh,44.83,46.356916211791706
DesignSafe RC columns combined,Gradient Boosting,GroupKFold,3,405,Bayrak and Sheikh,44.19,46.356916211791706
DesignSafe RC columns combined,Gradient Boosting,GroupKFold,3,406,Bayrak and Sheikh,38.65,45.8665367615555
DesignSafe RC columns combined,Gradient Boosting,GroupKFold,3,407,Bayrak and Sheikh,40.01,46.5423704076475
DesignSafe RC columns combined,Gradient Boosting,GroupKFold,3,491,Melek,45.6,54.678388361372704
DesignSafe RC columns combined,Gradient Boosting,GroupKFold,3,492,Melek,52.5,53.759820372658886
DesignSafe RC columns combined,Gradient Boosting,GroupKFold,3,493,Melek,64.1,62.313637655667605
DesignSafe RC columns combined,Gradient Boosting,GroupKFold,3,494,Melek,60.6,58.74222203310354
DesignSafe RC columns combined,Gradient Boosting,GroupKFold,3,495,Melek,60.1,58.74222203310354
DesignSafe RC columns combined,Gradient Boosting,GroupKFold,3,496,Melek,76.6,81.61701255070517
DesignSafe RC columns combined,Gradient Boosting,GroupKFold,4,29,Xiao,192.07,122.65936001136967
DesignSafe RC columns combined,Gradient Boosting,GroupKFold,4,30,Yalcin,126.45,141.2062386711852
DesignSafe RC columns combined,Gradient Boosting,GroupKFold,4,76,Ng,8.23,11.725638316456575
DesignSafe RC columns combined,Gradient Boosting,GroupKFold,4,77,Ng,17.56,15.095300324834446
DesignSafe RC columns combined,Gradient Boosting,GroupKFold,4,78,Ang,31.31,37.200519491784966
DesignSafe RC columns combined,Gradient Boosting,GroupKFold,4,79,Ang,36.74,40.648442570550195
DesignSafe RC columns combined,Gradient Boosting,GroupKFold,4,96,Cheok et al.,290.76,71.58739481392593
DesignSafe RC columns combined,Gradient Boosting,GroupKFold,4,97,Cheok et al.,737.79,98.20837039678054
DesignSafe RC columns combined,Gradient Boosting,GroupKFold,4,104,Kenchiku Siryo,27.96,22.05351163814969
DesignSafe RC columns combined,Gradient Boosting,GroupKFold,4,105,Kenchiku Siryo,23.08,23.683282108946646
DesignSafe RC columns combined,Gradient Boosting,GroupKFold,4,106,Kenchiku Siryo,33.25,31.680588218208033
DesignSafe RC columns combined,Gradient Boosting,GroupKFold,4,209,Lynn,59.8,70.65120377070302
DesignSafe RC columns combined,Gradient Boosting,GroupKFold,4,237,Lynn,54.13,63.01543633479523
DesignSafe RC columns combined,Gradient Boosting,GroupKFold,4,238,Lynn,68.79,79.86886594535022
DesignSafe RC columns combined,Gradient Boosting,GroupKFold,4,239,Lynn,52.5,63.01543633479523
DesignSafe RC columns combined,Gradient Boosting,GroupKFold,4,240,Lynn,82.5,83.46287672843094
DesignSafe RC columns combined,Gradient Boosting,GroupKFold,4,241,Xiao,60.68,66.74437504134697
DesignSafe RC columns combined,Gradient Boosting,GroupKFold,4,242,Xiao,72.86,72.78186558473867
DesignSafe RC columns combined,Gradient Boosting,GroupKFold,4,273,Yalcin,132.7,121.93462631427964
DesignSafe RC columns combined,Gradient Boosting,GroupKFold,4,282,Lynn,73.73,83.21494711929356
DesignSafe RC columns combined,Gradient Boosting,GroupKFold,4,283,Lynn,80.03,83.46287672843094
DesignSafe RC columns combined,Gradient Boosting,GroupKFold,4,284,Lynn,59.8,70.65120377070302
DesignSafe RC columns combined,Gradient Boosting,GroupKFold,4,293,Gill et al.,156.5,136.10814478105138
DesignSafe RC columns combined,Gradient Boosting,GroupKFold,4,294,Gill et al.,182.41,148.5844235764844
DesignSafe RC columns combined,Gradient Boosting,GroupKFold,4,295,Gill et al.,150.71,142.6890452125363
DesignSafe RC columns combined,Gradient Boosting,GroupKFold,4,296,Gill et al.,156.58,194.00837518701022
DesignSafe RC columns combined,Gradient Boosting,GroupKFold,4,299,Soesianawati et al.,44.87,52.3347764256246
DesignSafe RC columns combined,Gradient Boosting,GroupKFold,4,300,Soesianawati et al.,62.78,61.693205329524154
DesignSafe RC columns combined,Gradient Boosting,GroupKFold,4,301,Soesianawati et al.,62.27,61.351023361614395
DesignSafe RC columns combined,Gradient Boosting,GroupKFold,4,302,Soesianawati et al.,59.47,59.76878737947847
DesignSafe RC columns combined,Gradient Boosting,GroupKFold,4,305,Watson and Park,65.65,61.00551947445305
DesignSafe RC columns combined,Gradient Boosting,GroupKFold,4,306,Watson and Park,66.32,57.34029702352998
DesignSafe RC columns combined,Gradient Boosting,GroupKFold,4,307,Watson and Park,66.44,77.54121321473681
DesignSafe RC columns combined,Gradient Boosting,GroupKFold,4,308,Watson and Park,66.4,61.89990526368408
DesignSafe RC columns combined,Gradient Boosting,GroupKFold,4,309,Watson and Park,69.58,78.48677438947709
DesignSafe RC columns combined,Gradient Boosting,GroupKFold,4,320,Ohno and Nishioka,27.21,27.251236363664688
DesignSafe RC columns combined,Gradient Boosting,GroupKFold,4,321,Ohno and Nishioka,24.44,27.251236363664688
DesignSafe RC columns combined,Gradient Boosting,GroupKFold,4,322,Ohno and Nishioka,24.76,27.251236363664688
DesignSafe RC columns combined,Gradient Boosting,GroupKFold,4,356,Azizinamini et al. ,109.99,86.54219919190163
DesignSafe RC columns combined,Gradient Boosting,GroupKFold,4,408,Saatcioglu and Giria,43.76,43.710816331354955
DesignSafe RC columns combined,Gradient Boosting,GroupKFold,4,409,Saatcioglu and Giria,42.96,44.91095638610142
DesignSafe RC columns combined,Gradient Boosting,GroupKFold,4,410,Saatcioglu and Giria,36.93,39.425463267056074
DesignSafe RC columns combined,Gradient Boosting,GroupKFold,4,411,Saatcioglu and Giria,46.47,43.87063405376545
DesignSafe RC columns combined,Gradient Boosting,GroupKFold,4,412,Saatcioglu and Giria,53.35,45.07077410851191
DesignSafe RC columns combined,Gradient Boosting,GroupKFold,4,413,Saatcioglu and Giria,49.78,45.23515805895947
DesignSafe RC columns combined,Gradient Boosting,GroupKFold,4,414,Saatcioglu and Giria,48.44,44.57745928433891
DesignSafe RC columns combined,Gradient Boosting,GroupKFold,4,415,Saatcioglu and Giria,44.62,43.32396595363689
DesignSafe RC columns combined,Gradient Boosting,GroupKFold,4,416,Saatcioglu and Giria,49.31,42.101028893158805
DesignSafe RC columns combined,Gradient Boosting,GroupKFold,4,417,Saatcioglu and Giria,53.5,42.59434371733181
DesignSafe RC columns combined,Gradient Boosting,GroupKFold,4,418,Matamoros et al.,15.8,15.220366742043014
DesignSafe RC columns combined,Gradient Boosting,GroupKFold,4,419,Matamoros et al.,15.3,15.220366742043014
DesignSafe RC columns combined,Gradient Boosting,GroupKFold,4,420,Matamoros et al.,21.5,17.7944466743855
DesignSafe RC columns combined,Gradient Boosting,GroupKFold,4,421,Matamoros et al.,21.2,17.7944466743855
DesignSafe RC columns combined,Gradient Boosting,GroupKFold,4,422,Matamoros et al.,24.2,23.682638567369455
DesignSafe RC columns combined,Gradient Boosting,GroupKFold,4,423,Matamoros et al.,23.3,23.682638567369455
DesignSafe RC columns combined,Gradient Boosting,GroupKFold,4,424,Matamoros et al.,13.3,14.625203742052655
DesignSafe RC columns combined,Gradient Boosting,GroupKFold,4,425,Matamoros et al.,13.11,14.625203742052655
DesignSafe RC columns combined,Gradient Boosting,GroupKFold,4,426,Matamoros et al.,16.3,18.389609674375865
DesignSafe RC columns combined,Gradient Boosting,GroupKFold,4,427,Matamoros et al.,16.3,18.389609674375865
DesignSafe RC columns combined,Gradient Boosting,GroupKFold,4,428,Matamoros et al.,19.0,23.46564083344815
DesignSafe RC columns combined,Gradient Boosting,GroupKFold,4,429,Matamoros et al.,19.0,23.46564083344815
DesignSafe RC columns combined,Gradient Boosting,GroupKFold,4,430,Mo and Wang,56.2,47.9902059040394
DesignSafe RC columns combined,Gradient Boosting,GroupKFold,4,431,Mo and Wang,60.15,48.97125917395621
DesignSafe RC columns combined,Gradient Boosting,GroupKFold,4,432,Mo and Wang,68.63,51.26088445926557
DesignSafe RC columns combined,Gradient Boosting,GroupKFold,4,433,Mo and Wang,55.76,47.9902059040394
DesignSafe RC columns combined,Gradient Boosting,GroupKFold,4,434,Mo and Wang,64.21,48.97125917395621
DesignSafe RC columns combined,Gradient Boosting,GroupKFold,4,435,Mo and Wang,69.65,51.26088445926557
DesignSafe RC columns combined,Gradient Boosting,GroupKFold,4,436,Mo and Wang,56.75,47.9902059040394
DesignSafe RC columns combined,Gradient Boosting,GroupKFold,4,437,Mo and Wang,63.5,48.97125917395621
DesignSafe RC columns combined,Gradient Boosting,GroupKFold,4,438,Mo and Wang,68.05,51.26088445926557
DesignSafe RC columns combined,Gradient Boosting,GroupKFold,4,439,Aboutaha and Machado,58.03,68.23849396964282
DesignSafe RC columns combined,Gradient Boosting,GroupKFold,4,440,Aboutaha and Machado,87.31,86.52907756472354
DesignSafe RC columns combined,Gradient Boosting,GroupKFold,4,441,Aboutaha and Machado,95.36,88.52221060703988
DesignSafe RC columns combined,Gradient Boosting,GroupKFold,4,453,Paultre & Legeron,27.65,35.47918344127422
DesignSafe RC columns combined,Gradient Boosting,GroupKFold,4,454,Paultre & Legeron,35.92,41.619455253386434
DesignSafe RC columns combined,Gradient Boosting,GroupKFold,4,455,Paultre & Legeron,43.84,44.17326211257706
DesignSafe RC columns combined,Gradient Boosting,GroupKFold,4,456,Paultre & Legeron,25.16,35.28764630909427
DesignSafe RC columns combined,Gradient Boosting,GroupKFold,4,457,Paultre & Legeron,37.71,40.721092890633024
DesignSafe RC columns combined,Gradient Boosting,GroupKFold,4,458,Paultre & Legeron,41.59,42.31229727970417
DesignSafe RC columns combined,Gradient Boosting,GroupKFold,4,465,Pujol,25.52,39.694240321896075
DesignSafe RC columns combined,Gradient Boosting,GroupKFold,4,466,Pujol,25.52,39.694240321896075
DesignSafe RC columns combined,Gradient Boosting,GroupKFold,4,467,Pujol,26.08,40.51539527705282
DesignSafe RC columns combined,Gradient Boosting,GroupKFold,4,468,Pujol,26.08,40.51539527705282
DesignSafe RC columns combined,Gradient Boosting,GroupKFold,4,469,Pujol,25.52,39.93220443508134
DesignSafe RC columns combined,Gradient Boosting,GroupKFold,4,470,Pujol,25.52,39.93220443508134
DesignSafe RC columns combined,Gradient Boosting,GroupKFold,4,471,Pujol,25.65,40.51539527705282
DesignSafe RC columns combined,Gradient Boosting,GroupKFold,4,472,Pujol,25.65,40.51539527705282
DesignSafe RC columns combined,Gradient Boosting,GroupKFold,4,473,Pujol,29.38,41.228944707280014
DesignSafe RC columns combined,Gradient Boosting,GroupKFold,4,474,Pujol,29.38,41.228944707280014
DesignSafe RC columns combined,Gradient Boosting,GroupKFold,4,475,Pujol,26.03,40.54935513218183
DesignSafe RC columns combined,Gradient Boosting,GroupKFold,4,476,Pujol,26.03,40.54935513218183
DesignSafe RC columns combined,Gradient Boosting,GroupKFold,4,477,Pujol,26.47,40.54935513218183
DesignSafe RC columns combined,Gradient Boosting,GroupKFold,4,478,Pujol,26.47,40.54935513218183
DesignSafe RC columns combined,Gradient Boosting,GroupKFold,4,479,Kono et al.,45.19,45.18837200742581
DesignSafe RC columns combined,Gradient Boosting,GroupKFold,4,480,Kono et al.,42.28,50.86836113859571
DesignSafe RC columns combined,Gradient Boosting,GroupKFold,4,481,Kono et al.,278.53,173.85020869475045
DesignSafe RC columns combined,Gradient Boosting,GroupKFold,4,482,Kono et al.,300.95,174.56346271650713
DesignSafe RC columns combined,Gradient Boosting,GroupKFold,4,483,Kono et al.,270.06,168.21776988307437
DesignSafe RC columns combined,Gradient Boosting,GroupKFold,4,490,Harries,42.7,48.980575903835486
DesignSafe RC columns combined,Gradient Boosting,LeaveOneSourceOut,0,182,Aboutaha,101.19,75.74629344178675
DesignSafe RC columns combined,Gradient Boosting,LeaveOneSourceOut,0,183,Aboutaha,144.49,104.10727596197175
DesignSafe RC columns combined,Gradient Boosting,LeaveOneSourceOut,1,439,Aboutaha and Machado,58.03,80.71627093183302
DesignSafe RC columns combined,Gradient Boosting,LeaveOneSourceOut,1,440,Aboutaha and Machado,87.31,102.44323588916583
DesignSafe RC columns combined,Gradient Boosting,LeaveOneSourceOut,1,441,Aboutaha and Machado,95.36,119.50110188057226
DesignSafe RC columns combined,Gradient Boosting,LeaveOneSourceOut,2,221,Amitsu,115.47,77.03235486975555
DesignSafe RC columns combined,Gradient Boosting,LeaveOneSourceOut,3,78,Ang,31.31,44.60030965211304
DesignSafe RC columns combined,Gradient Boosting,LeaveOneSourceOut,3,79,Ang,36.74,44.832621352666266
DesignSafe RC columns combined,Gradient Boosting,LeaveOneSourceOut,4,84,Ang et al.,88.3,73.56779864147938
DesignSafe RC columns combined,Gradient Boosting,LeaveOneSourceOut,4,297,Ang et al.,43.17,43.58882081264769
DesignSafe RC columns combined,Gradient Boosting,LeaveOneSourceOut,4,298,Ang et al.,38.04,41.321324678986244
DesignSafe RC columns combined,Gradient Boosting,LeaveOneSourceOut,5,0,Ang_Beng_Ghee,65.01,58.0375535868892
DesignSafe RC columns combined,Gradient Boosting,LeaveOneSourceOut,5,1,Ang_Beng_Ghee,88.04,62.16073401874025
DesignSafe RC columns combined,Gradient Boosting,LeaveOneSourceOut,5,2,Ang_Beng_Ghee,63.09,57.13967155680465
DesignSafe RC columns combined,Gradient Boosting,LeaveOneSourceOut,5,3,Ang_Beng_Ghee,83.68,61.54003795560096
DesignSafe RC columns combined,Gradient Boosting,LeaveOneSourceOut,5,4,Ang_Beng_Ghee,113.49,69.9229837670965
DesignSafe RC columns combined,Gradient Boosting,LeaveOneSourceOut,5,5,Ang_Beng_Ghee,98.34,70.28696031212935
DesignSafe RC columns combined,Gradient Boosting,LeaveOneSourceOut,5,6,Ang_Beng_Ghee,109.4,87.44966414845808
DesignSafe RC columns combined,Gradient Boosting,LeaveOneSourceOut,5,7,Ang_Beng_Ghee,60.8,58.41689740913087
DesignSafe RC columns combined,Gradient Boosting,LeaveOneSourceOut,5,8,Ang_Beng_Ghee,64.03,58.0375535868892
DesignSafe RC columns combined,Gradient Boosting,LeaveOneSourceOut,5,35,Ang_Beng_Ghee,72.25,59.40800427955603
DesignSafe RC columns combined,Gradient Boosting,LeaveOneSourceOut,5,36,Ang_Beng_Ghee,49.61,58.93535378658421
DesignSafe RC columns combined,Gradient Boosting,LeaveOneSourceOut,5,37,Ang_Beng_Ghee,62.09,54.37066985463354
DesignSafe RC columns combined,Gradient Boosting,LeaveOneSourceOut,5,38,Ang_Beng_Ghee,74.39,59.40800427955603
DesignSafe RC columns combined,Gradient Boosting,LeaveOneSourceOut,5,39,Ang_Beng_Ghee,104.54,81.30661739210207
DesignSafe RC columns combined,Gradient Boosting,LeaveOneSourceOut,5,40,Ang_Beng_Ghee,101.39,82.62942052332687
DesignSafe RC columns combined,Gradient Boosting,LeaveOneSourceOut,5,41,Ang_Beng_Ghee,91.52,83.62052739375203
DesignSafe RC columns combined,Gradient Boosting,LeaveOneSourceOut,5,42,Ang_Beng_Ghee,118.44,63.48333056039554
DesignSafe RC columns combined,Gradient Boosting,LeaveOneSourceOut,5,43,Ang_Beng_Ghee,98.99,72.96718220254931
DesignSafe RC columns combined,Gradient Boosting,LeaveOneSourceOut,5,44,Ang_Beng_Ghee,71.12,59.20027966339991
DesignSafe RC columns combined,Gradient Boosting,LeaveOneSourceOut,5,45,Ang_Beng_Ghee,51.78,50.919124196490024
DesignSafe RC columns combined,Gradient Boosting,LeaveOneSourceOut,5,46,Ang_Beng_Ghee,73.12,64.885649342174
DesignSafe RC columns combined,Gradient Boosting,LeaveOneSourceOut,5,47,Ang_Beng_Ghee,74.75,56.760327734562985
DesignSafe RC columns combined,Gradient Boosting,LeaveOneSourceOut,5,48,Ang_Beng_Ghee,76.54,58.41689740913087
DesignSafe RC columns combined,Gradient Boosting,LeaveOneSourceOut,6,9,Arakawa,39.65,50.68128999803133
DesignSafe RC columns combined,Gradient Boosting,LeaveOneSourceOut,6,10,Arakawa,45.82,54.05066192740387
DesignSafe RC columns combined,Gradient Boosting,LeaveOneSourceOut,6,11,Arakawa,44.01,54.79513576034099
DesignSafe RC columns combined,Gradient Boosting,LeaveOneSourceOut,6,12,Arakawa,50.65,57.066217135798475
DesignSafe RC columns combined,Gradient Boosting,LeaveOneSourceOut,6,13,Arakawa,48.53,57.066217135798475
DesignSafe RC columns combined,Gradient Boosting,LeaveOneSourceOut,6,14,Arakawa,51.26,77.50476507095031
DesignSafe RC columns combined,Gradient Boosting,LeaveOneSourceOut,6,15,Arakawa,43.15,69.16583653147678
DesignSafe RC columns combined,Gradient Boosting,LeaveOneSourceOut,6,16,Arakawa,53.6,71.4369179069343
DesignSafe RC columns combined,Gradient Boosting,LeaveOneSourceOut,6,17,Arakawa,62.74,71.4369179069343
DesignSafe RC columns combined,Gradient Boosting,LeaveOneSourceOut,6,18,Arakawa,55.43,55.31658108481498
DesignSafe RC columns combined,Gradient Boosting,LeaveOneSourceOut,6,19,Arakawa,41.92,48.81548269601349
DesignSafe RC columns combined,Gradient Boosting,LeaveOneSourceOut,6,20,Arakawa,38.47,48.18545053575317
DesignSafe RC columns combined,Gradient Boosting,LeaveOneSourceOut,6,21,Arakawa,52.61,69.68728185595079
DesignSafe RC columns combined,Gradient Boosting,LeaveOneSourceOut,6,22,Arakawa,45.24,63.186183467149355
DesignSafe RC columns combined,Gradient Boosting,LeaveOneSourceOut,6,23,Arakawa,39.58,61.11205281280498
DesignSafe RC columns combined,Gradient Boosting,LeaveOneSourceOut,6,24,Arakawa,51.88,63.152143332702025
DesignSafe RC columns combined,Gradient Boosting,LeaveOneSourceOut,6,55,Arakawa,57.15,46.832138545705064
DesignSafe RC columns combined,Gradient Boosting,LeaveOneSourceOut,6,56,Arakawa,40.38,45.79992748761889
DesignSafe RC columns combined,Gradient Boosting,LeaveOneSourceOut,6,57,Arakawa,47.7,76.34395132949957
DesignSafe RC columns combined,Gradient Boosting,LeaveOneSourceOut,6,107,Arakawa,39.77,47.549563538602385
DesignSafe RC columns combined,Gradient Boosting,LeaveOneSourceOut,6,108,Arakawa,47.71,50.56511874699699
DesignSafe RC columns combined,Gradient Boosting,LeaveOneSourceOut,6,109,Arakawa,34.67,33.18723111874246
DesignSafe RC columns combined,Gradient Boosting,LeaveOneSourceOut,6,110,Arakawa,39.15,47.557931889878326
DesignSafe RC columns combined,Gradient Boosting,LeaveOneSourceOut,6,177,Arakawa,29.35,25.21659140663011
DesignSafe RC columns combined,Gradient Boosting,LeaveOneSourceOut,6,178,Arakawa,30.11,35.161807502853186
DesignSafe RC columns combined,Gradient Boosting,LeaveOneSourceOut,6,319,Arakawa,36.08,36.65718441583752
DesignSafe RC columns combined,Gradient Boosting,LeaveOneSourceOut,7,345,Atalay and Penzein,13.87,14.831028884275627
DesignSafe RC columns combined,Gradient Boosting,LeaveOneSourceOut,7,346,Atalay and Penzein,13.76,14.831028884275627
DesignSafe RC columns combined,Gradient Boosting,LeaveOneSourceOut,7,347,Atalay and Penzein,13.09,14.831028884275627
DesignSafe RC columns combined,Gradient Boosting,LeaveOneSourceOut,7,348,Atalay and Penzein,16.01,14.831028884275627
DesignSafe RC columns combined,Gradient Boosting,LeaveOneSourceOut,7,349,Atalay and Penzein,17.23,20.702048085644314
DesignSafe RC columns combined,Gradient Boosting,LeaveOneSourceOut,7,350,Atalay and Penzein,16.84,20.702048085644314
DesignSafe RC columns combined,Gradient Boosting,LeaveOneSourceOut,7,351,Atalay and Penzein,17.73,22.609530267585466
DesignSafe RC columns combined,Gradient Boosting,LeaveOneSourceOut,7,352,Atalay and Penzein,17.53,22.609530267585466
DesignSafe RC columns combined,Gradient Boosting,LeaveOneSourceOut,7,353,Atalay and Penzein,18.46,22.609530267585466
DesignSafe RC columns combined,Gradient Boosting,LeaveOneSourceOut,7,354,Atalay and Penzein,17.64,22.609530267585466
DesignSafe RC columns combined,Gradient Boosting,LeaveOneSourceOut,8,355,Azizinamini et al.,104.93,79.23716336663209
DesignSafe RC columns combined,Gradient Boosting,LeaveOneSourceOut,9,356,Azizinamini et al. ,109.99,95.32519347349071
DesignSafe RC columns combined,Gradient Boosting,LeaveOneSourceOut,10,400,Bayrak and Sheikh,33.11,42.426761217139855
DesignSafe RC columns combined,Gradient Boosting,LeaveOneSourceOut,10,401,Bayrak and Sheikh,33.56,41.22545558042517
DesignSafe RC columns combined,Gradient Boosting,LeaveOneSourceOut,10,402,Bayrak and Sheikh,33.23,42.426761217139855
DesignSafe RC columns combined,Gradient Boosting,LeaveOneSourceOut,10,403,Bayrak and Sheikh,33.19,42.426761217139855
DesignSafe RC columns combined,Gradient Boosting,LeaveOneSourceOut,10,404,Bayrak and Sheikh,44.83,44.05504573234805
DesignSafe RC columns combined,Gradient Boosting,LeaveOneSourceOut,10,405,Bayrak and Sheikh,44.19,44.05504573234805
DesignSafe RC columns combined,Gradient Boosting,LeaveOneSourceOut,10,406,Bayrak and Sheikh,38.65,44.05504573234805
DesignSafe RC columns combined,Gradient Boosting,LeaveOneSourceOut,10,407,Bayrak and Sheikh,40.01,44.8779274561021
DesignSafe RC columns combined,Gradient Boosting,LeaveOneSourceOut,11,181,Bett,48.02,44.01439722358647
DesignSafe RC columns combined,Gradient Boosting,LeaveOneSourceOut,12,134,Calderone et al.,124.76,94.34046555853843
DesignSafe RC columns combined,Gradient Boosting,LeaveOneSourceOut,12,135,Calderone et al.,45.63,50.67901939717856
DesignSafe RC columns combined,Gradient Boosting,LeaveOneSourceOut,12,136,Calderone et al.,42.8,45.577436244977584
DesignSafe RC columns combined,Gradient Boosting,LeaveOneSourceOut,13,66,Chai,124.2,137.84982873308473
DesignSafe RC columns combined,Gradient Boosting,LeaveOneSourceOut,13,154,Chai,55.74,71.42466784243352
DesignSafe RC columns combined,Gradient Boosting,LeaveOneSourceOut,13,171,Chai,48.5,71.42466784243352
DesignSafe RC columns combined,Gradient Boosting,LeaveOneSourceOut,14,96,Cheok et al.,290.76,111.1438881421408
DesignSafe RC columns combined,Gradient Boosting,LeaveOneSourceOut,14,97,Cheok et al.,737.79,131.54179999169548
DesignSafe RC columns combined,Gradient Boosting,LeaveOneSourceOut,15,167,Coffman,23.9,35.45447841766963
DesignSafe RC columns combined,Gradient Boosting,LeaveOneSourceOut,16,72,Davey,44.01,44.48416206497703
DesignSafe RC columns combined,Gradient Boosting,LeaveOneSourceOut,16,73,Davey,77.04,44.48416206497703
DesignSafe RC columns combined,Gradient Boosting,LeaveOneSourceOut,16,74,Davey,34.57,44.48416206497703
DesignSafe RC columns combined,Gradient Boosting,LeaveOneSourceOut,17,274,Elwood,18.14,12.772177182857885
DesignSafe RC columns combined,Gradient Boosting,LeaveOneSourceOut,17,275,Elwood,19.92,16.442919704491718
DesignSafe RC columns combined,Gradient Boosting,LeaveOneSourceOut,18,278,Esaki,27.5,26.02086831585357
DesignSafe RC columns combined,Gradient Boosting,LeaveOneSourceOut,18,279,Esaki,24.54,26.74108287039484
DesignSafe RC columns combined,Gradient Boosting,LeaveOneSourceOut,18,280,Esaki,26.77,25.159159071131384
DesignSafe RC columns combined,Gradient Boosting,LeaveOneSourceOut,18,281,Esaki,24.59,26.74108287039484
DesignSafe RC columns combined,Gradient Boosting,LeaveOneSourceOut,19,362,Galeota et al. ,29.26,35.17176361886755
DesignSafe RC columns combined,Gradient Boosting,LeaveOneSourceOut,19,363,Galeota et al. ,27.68,35.17176361886755
DesignSafe RC columns combined,Gradient Boosting,LeaveOneSourceOut,19,364,Galeota et al. ,22.09,26.755890569800396
DesignSafe RC columns combined,Gradient Boosting,LeaveOneSourceOut,19,365,Galeota et al. ,30.93,26.755890569800396
DesignSafe RC columns combined,Gradient Boosting,LeaveOneSourceOut,19,366,Galeota et al. ,31.75,26.755890569800396
DesignSafe RC columns combined,Gradient Boosting,LeaveOneSourceOut,19,367,Galeota et al. ,28.86,35.17176361886755
DesignSafe RC columns combined,Gradient Boosting,LeaveOneSourceOut,19,368,Galeota et al. ,29.47,35.17176361886755
DesignSafe RC columns combined,Gradient Boosting,LeaveOneSourceOut,19,369,Galeota et al. ,24.8,26.755890569800396
DesignSafe RC columns combined,Gradient Boosting,LeaveOneSourceOut,19,370,Galeota et al. ,22.71,30.761947727085943
DesignSafe RC columns combined,Gradient Boosting,LeaveOneSourceOut,19,371,Galeota et al. ,28.43,38.637858453032344
DesignSafe RC columns combined,Gradient Boosting,LeaveOneSourceOut,19,372,Galeota et al. ,29.59,30.761947727085943
DesignSafe RC columns combined,Gradient Boosting,LeaveOneSourceOut,19,373,Galeota et al. ,30.3,38.637858453032344
DesignSafe RC columns combined,Gradient Boosting,LeaveOneSourceOut,19,374,Galeota et al. ,39.41,86.34993560680125
DesignSafe RC columns combined,Gradient Boosting,LeaveOneSourceOut,19,375,Galeota et al. ,37.12,92.09761782370397
DesignSafe RC columns combined,Gradient Boosting,LeaveOneSourceOut,19,376,Galeota et al. ,38.91,92.09761782370397
DesignSafe RC columns combined,Gradient Boosting,LeaveOneSourceOut,19,377,Galeota et al. ,46.03,86.34993560680125
DesignSafe RC columns combined,Gradient Boosting,LeaveOneSourceOut,19,378,Galeota et al. ,36.33,88.44405208111948
DesignSafe RC columns combined,Gradient Boosting,LeaveOneSourceOut,19,379,Galeota et al. ,43.86,88.44405208111948
DesignSafe RC columns combined,Gradient Boosting,LeaveOneSourceOut,19,380,Galeota et al. ,39.34,94.1917342980222
DesignSafe RC columns combined,Gradient Boosting,LeaveOneSourceOut,19,381,Galeota et al. ,38.33,94.1917342980222
DesignSafe RC columns combined,Gradient Boosting,LeaveOneSourceOut,19,382,Galeota et al. ,38.56,97.03075815219233
DesignSafe RC columns combined,Gradient Boosting,LeaveOneSourceOut,19,383,Galeota et al. ,38.91,97.03075815219233
DesignSafe RC columns combined,Gradient Boosting,LeaveOneSourceOut,19,384,Galeota et al. ,38.3,101.56847297814946
DesignSafe RC columns combined,Gradient Boosting,LeaveOneSourceOut,19,385,Galeota et al. ,39.76,101.56847297814946
DesignSafe RC columns combined,Gradient Boosting,LeaveOneSourceOut,20,293,Gill et al.,156.5,152.53821124017347
DesignSafe RC columns combined,Gradient Boosting,LeaveOneSourceOut,20,294,Gill et al.,182.41,163.9158336595577
DesignSafe RC columns combined,Gradient Boosting,LeaveOneSourceOut,20,295,Gill et al.,150.71,175.73192439784947
DesignSafe RC columns combined,Gradient Boosting,LeaveOneSourceOut,20,296,Gill et al.,156.58,216.60429814040273
DesignSafe RC columns combined,Gradient Boosting,LeaveOneSourceOut,21,63,Hamilton,32.21,46.10106180494835
DesignSafe RC columns combined,Gradient Boosting,LeaveOneSourceOut,21,64,Hamilton,36.96,46.10106180494835
DesignSafe RC columns combined,Gradient Boosting,LeaveOneSourceOut,21,65,Hamilton,39.24,47.14443374474798
DesignSafe RC columns combined,Gradient Boosting,LeaveOneSourceOut,21,168,Hamilton,15.81,30.468004949919294
DesignSafe RC columns combined,Gradient Boosting,LeaveOneSourceOut,21,169,Hamilton,16.96,30.468004949919294
DesignSafe RC columns combined,Gradient Boosting,LeaveOneSourceOut,21,170,Hamilton,23.83,30.468004949919294
DesignSafe RC columns combined,Gradient Boosting,LeaveOneSourceOut,22,490,Harries,42.7,46.11045212445061
DesignSafe RC columns combined,Gradient Boosting,LeaveOneSourceOut,23,152,Henry,74.19,70.83253505512249
DesignSafe RC columns combined,Gradient Boosting,LeaveOneSourceOut,23,153,Henry,64.8,72.65303955942993
DesignSafe RC columns combined,Gradient Boosting,LeaveOneSourceOut,24,122,Hose et al.,81.75,275.9706015298343
DesignSafe RC columns combined,Gradient Boosting,LeaveOneSourceOut,25,28,Hussein,102.1,123.00117288083918
DesignSafe RC columns combined,Gradient Boosting,LeaveOneSourceOut,26,254,Ikeda,16.8,17.548194711045387
DesignSafe RC columns combined,Gradient Boosting,LeaveOneSourceOut,26,255,Ikeda,15.92,17.548194711045387
DesignSafe RC columns combined,Gradient Boosting,LeaveOneSourceOut,26,256,Ikeda,18.8,18.038196572327454
DesignSafe RC columns combined,Gradient Boosting,LeaveOneSourceOut,26,257,Ikeda,18.14,23.50902111226214
DesignSafe RC columns combined,Gradient Boosting,LeaveOneSourceOut,26,258,Ikeda,13.02,16.45381020071705
DesignSafe RC columns combined,Gradient Boosting,LeaveOneSourceOut,26,259,Ikeda,15.92,16.943812061999118
DesignSafe RC columns combined,Gradient Boosting,LeaveOneSourceOut,26,260,Ikeda,15.8,16.943812061999118
DesignSafe RC columns combined,Gradient Boosting,LeaveOneSourceOut,27,173,Imai,105.95,90.13403562564719
DesignSafe RC columns combined,Gradient Boosting,LeaveOneSourceOut,28,67,Iwasaki,91.37,114.43787620015759
DesignSafe RC columns combined,Gradient Boosting,LeaveOneSourceOut,28,184,Iwasaki,88.33,89.17297702179317
DesignSafe RC columns combined,Gradient Boosting,LeaveOneSourceOut,28,185,Iwasaki,95.71,89.17297702179317
DesignSafe RC columns combined,Gradient Boosting,LeaveOneSourceOut,28,246,Iwasaki,28.8,35.56780142577292
DesignSafe RC columns combined,Gradient Boosting,LeaveOneSourceOut,28,247,Iwasaki,35.97,45.09949842733466
DesignSafe RC columns combined,Gradient Boosting,LeaveOneSourceOut,28,248,Iwasaki,35.39,48.91499030471437
DesignSafe RC columns combined,Gradient Boosting,LeaveOneSourceOut,28,249,Iwasaki,34.91,48.91499030471437
DesignSafe RC columns combined,Gradient Boosting,LeaveOneSourceOut,28,250,Iwasaki,36.65,48.91499030471437
DesignSafe RC columns combined,Gradient Boosting,LeaveOneSourceOut,28,251,Iwasaki,53.57,53.92280396316588
DesignSafe RC columns combined,Gradient Boosting,LeaveOneSourceOut,28,252,Iwasaki,51.71,53.92280396316588
DesignSafe RC columns combined,Gradient Boosting,LeaveOneSourceOut,28,253,Iwasaki,88.65,89.2351611854324
DesignSafe RC columns combined,Gradient Boosting,LeaveOneSourceOut,29,324,Kanda et al.,18.41,19.799598313245912
DesignSafe RC columns combined,Gradient Boosting,LeaveOneSourceOut,29,325,Kanda et al.,17.99,19.5424602598896
DesignSafe RC columns combined,Gradient Boosting,LeaveOneSourceOut,29,326,Kanda et al.,18.41,19.5424602598896
DesignSafe RC columns combined,Gradient Boosting,LeaveOneSourceOut,29,327,Kanda et al.,19.01,19.318595525828172
DesignSafe RC columns combined,Gradient Boosting,LeaveOneSourceOut,29,328,Kanda et al.,18.34,19.5424602598896
DesignSafe RC columns combined,Gradient Boosting,LeaveOneSourceOut,29,329,Kanda et al.,17.42,19.5424602598896
DesignSafe RC columns combined,Gradient Boosting,LeaveOneSourceOut,30,104,Kenchiku Siryo,27.96,13.157216947980213
DesignSafe RC columns combined,Gradient Boosting,LeaveOneSourceOut,30,105,Kenchiku Siryo,23.08,22.436565355299606
DesignSafe RC columns combined,Gradient Boosting,LeaveOneSourceOut,30,106,Kenchiku Siryo,33.25,33.86310024221989
DesignSafe RC columns combined,Gradient Boosting,LeaveOneSourceOut,31,52,Kenchiku_Kenkyu_Siryo,41.32,25.171418540133473
DesignSafe RC columns combined,Gradient Boosting,LeaveOneSourceOut,31,53,Kenchiku_Kenkyu_Siryo,41.59,23.76213490231646
DesignSafe RC columns combined,Gradient Boosting,LeaveOneSourceOut,31,54,Kenchiku_Kenkyu_Siryo,23.52,18.488819809525406
DesignSafe RC columns combined,Gradient Boosting,LeaveOneSourceOut,32,269,Kokusho,16.93,12.820284122933186
DesignSafe RC columns combined,Gradient Boosting,LeaveOneSourceOut,32,270,Kokusho,19.75,14.890952438190933
DesignSafe RC columns combined,Gradient Boosting,LeaveOneSourceOut,33,271,Kokusho & Fukuhara,24.42,25.797750274497073
DesignSafe RC columns combined,Gradient Boosting,LeaveOneSourceOut,33,272,Kokusho & Fukuhara,24.31,28.33557847287693
DesignSafe RC columns combined,Gradient Boosting,LeaveOneSourceOut,34,479,Kono et al.,45.19,51.84498173911076
DesignSafe RC columns combined,Gradient Boosting,LeaveOneSourceOut,34,480,Kono et al.,42.28,52.02197909309303
DesignSafe RC columns combined,Gradient Boosting,LeaveOneSourceOut,34,481,Kono et al.,278.53,196.3134584510035
DesignSafe RC columns combined,Gradient Boosting,LeaveOneSourceOut,34,482,Kono et al.,300.95,196.3134584510035
DesignSafe RC columns combined,Gradient Boosting,LeaveOneSourceOut,34,483,Kono et al.,270.06,192.15386509121745
DesignSafe RC columns combined,Gradient Boosting,LeaveOneSourceOut,35,126,Kowalsky ,42.04,51.46880310742633
DesignSafe RC columns combined,Gradient Boosting,LeaveOneSourceOut,35,127,Kowalsky ,39.28,55.05795448628591
DesignSafe RC columns combined,Gradient Boosting,LeaveOneSourceOut,35,128,Kowalsky ,44.38,51.46880310742633
DesignSafe RC columns combined,Gradient Boosting,LeaveOneSourceOut,36,163,Kowalsky_Moyer,34.86,59.64929417475675
DesignSafe RC columns combined,Gradient Boosting,LeaveOneSourceOut,36,164,Kowalsky_Moyer,35.8,59.64929417475675
DesignSafe RC columns combined,Gradient Boosting,LeaveOneSourceOut,36,165,Kowalsky_Moyer,43.08,59.64929417475675
DesignSafe RC columns combined,Gradient Boosting,LeaveOneSourceOut,36,166,Kowalsky_Moyer,35.32,59.64929417475675
DesignSafe RC columns combined,Gradient Boosting,LeaveOneSourceOut,37,111,Kunnath,16.63,23.49346316519965
DesignSafe RC columns combined,Gradient Boosting,LeaveOneSourceOut,37,112,Kunnath,16.93,23.49346316519965
DesignSafe RC columns combined,Gradient Boosting,LeaveOneSourceOut,37,113,Kunnath,16.97,22.67702781290779
DesignSafe RC columns combined,Gradient Boosting,LeaveOneSourceOut,37,114,Kunnath,20.86,22.67702781290779
DesignSafe RC columns combined,Gradient Boosting,LeaveOneSourceOut,37,115,Kunnath,17.26,22.67702781290779
DesignSafe RC columns combined,Gradient Boosting,LeaveOneSourceOut,37,116,Kunnath,17.75,22.67702781290779
DesignSafe RC columns combined,Gradient Boosting,LeaveOneSourceOut,37,117,Kunnath,16.42,22.67702781290779
DesignSafe RC columns combined,Gradient Boosting,LeaveOneSourceOut,37,118,Kunnath,16.86,22.67702781290779
DesignSafe RC columns combined,Gradient Boosting,LeaveOneSourceOut,37,119,Kunnath,16.69,23.49346316519965
DesignSafe RC columns combined,Gradient Boosting,LeaveOneSourceOut,37,120,Kunnath,16.3,23.49346316519965
DesignSafe RC columns combined,Gradient Boosting,LeaveOneSourceOut,37,121,Kunnath,16.25,23.49346316519965
DesignSafe RC columns combined,Gradient Boosting,LeaveOneSourceOut,38,129,Lehman et al,64.07,65.45288702266616
DesignSafe RC columns combined,Gradient Boosting,LeaveOneSourceOut,38,130,Lehman et al,33.94,44.88886850950202
DesignSafe RC columns combined,Gradient Boosting,LeaveOneSourceOut,38,131,Lehman et al,22.82,44.110506465307786
DesignSafe RC columns combined,Gradient Boosting,LeaveOneSourceOut,38,132,Lehman et al,40.46,65.45288702266616
DesignSafe RC columns combined,Gradient Boosting,LeaveOneSourceOut,38,133,Lehman et al,107.9,65.45288702266616
DesignSafe RC columns combined,Gradient Boosting,LeaveOneSourceOut,39,93,Lim,4.28,24.77152832861561
DesignSafe RC columns combined,Gradient Boosting,LeaveOneSourceOut,39,94,Lim,9.3,32.307374892649165
DesignSafe RC columns combined,Gradient Boosting,LeaveOneSourceOut,39,95,Lim,9.67,31.58369802151957
DesignSafe RC columns combined,Gradient Boosting,LeaveOneSourceOut,40,209,Lynn,59.8,70.92440126151563
DesignSafe RC columns combined,Gradient Boosting,LeaveOneSourceOut,40,237,Lynn,54.13,67.87451888228193
DesignSafe RC columns combined,Gradient Boosting,LeaveOneSourceOut,40,238,Lynn,68.79,73.50096662250249
DesignSafe RC columns combined,Gradient Boosting,LeaveOneSourceOut,40,239,Lynn,52.5,67.87451888228193
DesignSafe RC columns combined,Gradient Boosting,LeaveOneSourceOut,40,240,Lynn,82.5,74.17167437978975
DesignSafe RC columns combined,Gradient Boosting,LeaveOneSourceOut,40,282,Lynn,73.73,77.74051522768595
DesignSafe RC columns combined,Gradient Boosting,LeaveOneSourceOut,40,283,Lynn,80.03,76.0589923316093
DesignSafe RC columns combined,Gradient Boosting,LeaveOneSourceOut,40,284,Lynn,59.8,70.92440126151563
DesignSafe RC columns combined,Gradient Boosting,LeaveOneSourceOut,41,418,Matamoros et al.,15.8,12.707788613660759
DesignSafe RC columns combined,Gradient Boosting,LeaveOneSourceOut,41,419,Matamoros et al.,15.3,12.707788613660759
DesignSafe RC columns combined,Gradient Boosting,LeaveOneSourceOut,41,420,Matamoros et al.,21.5,15.687026056270529
DesignSafe RC columns combined,Gradient Boosting,LeaveOneSourceOut,41,421,Matamoros et al.,21.2,15.687026056270529
DesignSafe RC columns combined,Gradient Boosting,LeaveOneSourceOut,41,422,Matamoros et al.,24.2,28.640754423790398
DesignSafe RC columns combined,Gradient Boosting,LeaveOneSourceOut,41,423,Matamoros et al.,23.3,29.00567853518205
DesignSafe RC columns combined,Gradient Boosting,LeaveOneSourceOut,41,424,Matamoros et al.,13.3,12.918442637029562
DesignSafe RC columns combined,Gradient Boosting,LeaveOneSourceOut,41,425,Matamoros et al.,13.11,12.918442637029562
DesignSafe RC columns combined,Gradient Boosting,LeaveOneSourceOut,41,426,Matamoros et al.,16.3,14.515352818121661
DesignSafe RC columns combined,Gradient Boosting,LeaveOneSourceOut,41,427,Matamoros et al.,16.3,14.515352818121661
DesignSafe RC columns combined,Gradient Boosting,LeaveOneSourceOut,41,428,Matamoros et al.,19.0,27.116070523848546
DesignSafe RC columns combined,Gradient Boosting,LeaveOneSourceOut,41,429,Matamoros et al.,19.0,27.116070523848546
DesignSafe RC columns combined,Gradient Boosting,LeaveOneSourceOut,42,25,McDaniel,91.15,106.63810452699492
DesignSafe RC columns combined,Gradient Boosting,LeaveOneSourceOut,42,26,McDaniel,74.7,106.1762946066342
DesignSafe RC columns combined,Gradient Boosting,LeaveOneSourceOut,42,27,McDaniel,74.7,106.63810452699492
DesignSafe RC columns combined,Gradient Boosting,LeaveOneSourceOut,43,491,Melek,45.6,53.91714112211739
DesignSafe RC columns combined,Gradient Boosting,LeaveOneSourceOut,43,492,Melek,52.5,57.94682716391612
DesignSafe RC columns combined,Gradient Boosting,LeaveOneSourceOut,43,493,Melek,64.1,61.520107974006415
DesignSafe RC columns combined,Gradient Boosting,LeaveOneSourceOut,43,494,Melek,60.6,58.27233125756291
DesignSafe RC columns combined,Gradient Boosting,LeaveOneSourceOut,43,495,Melek,60.1,58.27233125756291
DesignSafe RC columns combined,Gradient Boosting,LeaveOneSourceOut,43,496,Melek,76.6,72.88355710885887
DesignSafe RC columns combined,Gradient Boosting,LeaveOneSourceOut,44,430,Mo and Wang,56.2,46.1540154933364
DesignSafe RC columns combined,Gradient Boosting,LeaveOneSourceOut,44,431,Mo and Wang,60.15,47.722163844177906
DesignSafe RC columns combined,Gradient Boosting,LeaveOneSourceOut,44,432,Mo and Wang,68.63,49.51543671678453
DesignSafe RC columns combined,Gradient Boosting,LeaveOneSourceOut,44,433,Mo and Wang,55.76,46.1540154933364
DesignSafe RC columns combined,Gradient Boosting,LeaveOneSourceOut,44,434,Mo and Wang,64.21,47.722163844177906
DesignSafe RC columns combined,Gradient Boosting,LeaveOneSourceOut,44,435,Mo and Wang,69.65,49.51543671678453
DesignSafe RC columns combined,Gradient Boosting,LeaveOneSourceOut,44,436,Mo and Wang,56.75,46.28524527788402
DesignSafe RC columns combined,Gradient Boosting,LeaveOneSourceOut,44,437,Mo and Wang,63.5,47.722163844177906
DesignSafe RC columns combined,Gradient Boosting,LeaveOneSourceOut,44,438,Mo and Wang,68.05,49.51543671678453
DesignSafe RC columns combined,Gradient Boosting,LeaveOneSourceOut,45,330,Mugurma et al.,54.53,39.897957122339264
DesignSafe RC columns combined,Gradient Boosting,LeaveOneSourceOut,45,331,Mugurma et al.,54.88,38.310413180989634
DesignSafe RC columns combined,Gradient Boosting,LeaveOneSourceOut,45,332,Mugurma et al.,54.43,67.57631178449813
DesignSafe RC columns combined,Gradient Boosting,LeaveOneSourceOut,45,333,Mugurma et al.,55.45,65.98876784314852
DesignSafe RC columns combined,Gradient Boosting,LeaveOneSourceOut,45,334,Mugurma et al.,57.25,41.05197813792487
DesignSafe RC columns combined,Gradient Boosting,LeaveOneSourceOut,45,335,Mugurma et al.,57.45,39.46443419657524
DesignSafe RC columns combined,Gradient Boosting,LeaveOneSourceOut,45,336,Mugurma et al.,64.89,65.47318963491229
DesignSafe RC columns combined,Gradient Boosting,LeaveOneSourceOut,45,337,Mugurma et al.,64.76,63.88564569356271
DesignSafe RC columns combined,Gradient Boosting,LeaveOneSourceOut,46,75,Munro ,31.1,36.472832992660386
DesignSafe RC columns combined,Gradient Boosting,LeaveOneSourceOut,47,172,Nagasaka,19.67,25.840624300837185
DesignSafe RC columns combined,Gradient Boosting,LeaveOneSourceOut,47,211,Nagasaka,25.32,30.77970528644586
DesignSafe RC columns combined,Gradient Boosting,LeaveOneSourceOut,48,204,Nakamura et al.,61.03,56.81315454814102
DesignSafe RC columns combined,Gradient Boosting,LeaveOneSourceOut,48,205,Nakamura et al.,59.12,51.86143667597405
DesignSafe RC columns combined,Gradient Boosting,LeaveOneSourceOut,48,206,Nakamura et al.,65.62,51.86143667597405
DesignSafe RC columns combined,Gradient Boosting,LeaveOneSourceOut,49,148,Nelson et al.,69.32,60.27848051265751
DesignSafe RC columns combined,Gradient Boosting,LeaveOneSourceOut,49,149,Nelson et al.,65.95,58.84034021696783
DesignSafe RC columns combined,Gradient Boosting,LeaveOneSourceOut,49,150,Nelson et al.,61.89,58.34826032635908
DesignSafe RC columns combined,Gradient Boosting,LeaveOneSourceOut,49,151,Nelson et al.,59.64,58.84034021696783
DesignSafe RC columns combined,Gradient Boosting,LeaveOneSourceOut,50,76,Ng,8.23,12.036685244024275
DesignSafe RC columns combined,Gradient Boosting,LeaveOneSourceOut,50,77,Ng,17.56,16.77120419009652
DesignSafe RC columns combined,Gradient Boosting,LeaveOneSourceOut,51,399,Nosho et al,14.78,15.979405601997207
DesignSafe RC columns combined,Gradient Boosting,LeaveOneSourceOut,52,320,Ohno and Nishioka,27.21,30.284293925690985
DesignSafe RC columns combined,Gradient Boosting,LeaveOneSourceOut,52,321,Ohno and Nishioka,24.44,30.284293925690985
DesignSafe RC columns combined,Gradient Boosting,LeaveOneSourceOut,52,322,Ohno and Nishioka,24.76,30.284293925690985
DesignSafe RC columns combined,Gradient Boosting,LeaveOneSourceOut,53,212,Ohue,22.79,22.061963681953394
DesignSafe RC columns combined,Gradient Boosting,LeaveOneSourceOut,53,213,Ohue,24.86,29.14421227310427
DesignSafe RC columns combined,Gradient Boosting,LeaveOneSourceOut,54,31,Omar,17.84,32.46669526482455
DesignSafe RC columns combined,Gradient Boosting,LeaveOneSourceOut,54,32,Omar,17.34,27.447807961346438
DesignSafe RC columns combined,Gradient Boosting,LeaveOneSourceOut,55,219,Ono,29.27,24.505013948130546
DesignSafe RC columns combined,Gradient Boosting,LeaveOneSourceOut,55,220,Ono,30.73,33.52751972663421
DesignSafe RC columns combined,Gradient Boosting,LeaveOneSourceOut,56,194,Ousalem,36.19,40.341771627982524
DesignSafe RC columns combined,Gradient Boosting,LeaveOneSourceOut,56,195,Ousalem,38.49,40.44241251998109
DesignSafe RC columns combined,Gradient Boosting,LeaveOneSourceOut,56,196,Ousalem,52.85,44.55502831431141
DesignSafe RC columns combined,Gradient Boosting,LeaveOneSourceOut,56,197,Ousalem,48.67,38.56914981109245
DesignSafe RC columns combined,Gradient Boosting,LeaveOneSourceOut,56,198,Ousalem,73.53,52.5412275362306
DesignSafe RC columns combined,Gradient Boosting,LeaveOneSourceOut,56,199,Ousalem,55.03,53.47525000393156
DesignSafe RC columns combined,Gradient Boosting,LeaveOneSourceOut,56,200,Ousalem,56.4,53.47525000393156
DesignSafe RC columns combined,Gradient Boosting,LeaveOneSourceOut,56,201,Ousalem,59.77,54.853203808497845
DesignSafe RC columns combined,Gradient Boosting,LeaveOneSourceOut,56,202,Ousalem,66.47,54.853203808497845
DesignSafe RC columns combined,Gradient Boosting,LeaveOneSourceOut,56,203,Ousalem,76.45,52.5412275362306
DesignSafe RC columns combined,Gradient Boosting,LeaveOneSourceOut,57,187,Pandey,30.56,26.678051233096365
DesignSafe RC columns combined,Gradient Boosting,LeaveOneSourceOut,57,210,Pandey,41.99,40.45595012763504
DesignSafe RC columns combined,Gradient Boosting,LeaveOneSourceOut,57,289,Pandey,41.61,41.1900852853861
DesignSafe RC columns combined,Gradient Boosting,LeaveOneSourceOut,57,290,Pandey,28.15,27.16659162004625
DesignSafe RC columns combined,Gradient Boosting,LeaveOneSourceOut,58,318,Park and Paulay,88.81,105.83999695401263
DesignSafe RC columns combined,Gradient Boosting,LeaveOneSourceOut,59,453,Paultre & Legeron,27.65,32.44840749415865
DesignSafe RC columns combined,Gradient Boosting,LeaveOneSourceOut,59,454,Paultre & Legeron,35.92,39.58247149346366
DesignSafe RC columns combined,Gradient Boosting,LeaveOneSourceOut,59,455,Paultre & Legeron,43.84,43.66284980969933
DesignSafe RC columns combined,Gradient Boosting,LeaveOneSourceOut,59,456,Paultre & Legeron,25.16,34.31188758450381
DesignSafe RC columns combined,Gradient Boosting,LeaveOneSourceOut,59,457,Paultre & Legeron,37.71,41.719025339020796
DesignSafe RC columns combined,Gradient Boosting,LeaveOneSourceOut,59,458,Paultre & Legeron,41.59,44.27272221092972
DesignSafe RC columns combined,Gradient Boosting,LeaveOneSourceOut,60,459,Paultre et al.,38.04,36.623299231422536
DesignSafe RC columns combined,Gradient Boosting,LeaveOneSourceOut,60,460,Paultre et al.,47.86,40.450980682655945
DesignSafe RC columns combined,Gradient Boosting,LeaveOneSourceOut,60,461,Paultre et al.,44.56,40.450980682655945
DesignSafe RC columns combined,Gradient Boosting,LeaveOneSourceOut,60,462,Paultre et al.,45.34,39.81960093301613
DesignSafe RC columns combined,Gradient Boosting,LeaveOneSourceOut,60,463,Paultre et al.,45.31,40.56555377750915
DesignSafe RC columns combined,Gradient Boosting,LeaveOneSourceOut,60,464,Paultre et al.,47.32,40.56555377750915
DesignSafe RC columns combined,Gradient Boosting,LeaveOneSourceOut,61,50,Petrovski,19.32,16.540070668649726
DesignSafe RC columns combined,Gradient Boosting,LeaveOneSourceOut,61,51,Petrovski,20.9,18.88384154793952
DesignSafe RC columns combined,Gradient Boosting,LeaveOneSourceOut,61,91,Petrovski,7.55,-0.6519681047692844
DesignSafe RC columns combined,Gradient Boosting,LeaveOneSourceOut,61,92,Petrovski,8.31,1.9823756740577865
DesignSafe RC columns combined,Gradient Boosting,LeaveOneSourceOut,62,34,Potangaroa,165.0,147.80410169464395
DesignSafe RC columns combined,Gradient Boosting,LeaveOneSourceOut,62,80,Potangaroa,154.47,130.2104125237002
DesignSafe RC columns combined,Gradient Boosting,LeaveOneSourceOut,62,81,Potangaroa,175.54,131.2238820392898
DesignSafe RC columns combined,Gradient Boosting,LeaveOneSourceOut,62,82,Potangaroa,182.48,157.75372773554432
DesignSafe RC columns combined,Gradient Boosting,LeaveOneSourceOut,62,83,Potangaroa,210.65,188.53490365142738
DesignSafe RC columns combined,Gradient Boosting,LeaveOneSourceOut,63,58,Priestley,94.05,162.4783371279081
DesignSafe RC columns combined,Gradient Boosting,LeaveOneSourceOut,63,59,Priestley,132.04,158.31957215486452
DesignSafe RC columns combined,Gradient Boosting,LeaveOneSourceOut,64,465,Pujol,25.52,41.654028395720445
DesignSafe RC columns combined,Gradient Boosting,LeaveOneSourceOut,64,466,Pujol,25.52,41.654028395720445
DesignSafe RC columns combined,Gradient Boosting,LeaveOneSourceOut,64,467,Pujol,26.08,42.676945197402944
DesignSafe RC columns combined,Gradient Boosting,LeaveOneSourceOut,64,468,Pujol,26.08,42.676945197402944
DesignSafe RC columns combined,Gradient Boosting,LeaveOneSourceOut,64,469,Pujol,25.52,41.654028395720445
DesignSafe RC columns combined,Gradient Boosting,LeaveOneSourceOut,64,470,Pujol,25.52,41.654028395720445
DesignSafe RC columns combined,Gradient Boosting,LeaveOneSourceOut,64,471,Pujol,25.65,42.676945197402944
DesignSafe RC columns combined,Gradient Boosting,LeaveOneSourceOut,64,472,Pujol,25.65,42.676945197402944
DesignSafe RC columns combined,Gradient Boosting,LeaveOneSourceOut,64,473,Pujol,29.38,42.73011662361883
DesignSafe RC columns combined,Gradient Boosting,LeaveOneSourceOut,64,474,Pujol,29.38,42.73011662361883
DesignSafe RC columns combined,Gradient Boosting,LeaveOneSourceOut,64,475,Pujol,26.03,42.49493484377739
DesignSafe RC columns combined,Gradient Boosting,LeaveOneSourceOut,64,476,Pujol,26.03,42.49493484377739
DesignSafe RC columns combined,Gradient Boosting,LeaveOneSourceOut,64,477,Pujol,26.47,42.49493484377739
DesignSafe RC columns combined,Gradient Boosting,LeaveOneSourceOut,64,478,Pujol,26.47,42.49493484377739
DesignSafe RC columns combined,Gradient Boosting,LeaveOneSourceOut,65,68,Ranf,48.31,61.01159900731518
DesignSafe RC columns combined,Gradient Boosting,LeaveOneSourceOut,65,69,Ranf,59.87,61.78969023191755
DesignSafe RC columns combined,Gradient Boosting,LeaveOneSourceOut,65,70,Ranf,62.06,61.78969023191755
DesignSafe RC columns combined,Gradient Boosting,LeaveOneSourceOut,65,71,Ranf,59.99,61.78969023191755
DesignSafe RC columns combined,Gradient Boosting,LeaveOneSourceOut,66,155,Roeder,26.59,41.14909387826953
DesignSafe RC columns combined,Gradient Boosting,LeaveOneSourceOut,66,156,Roeder,27.21,41.14909387826953
DesignSafe RC columns combined,Gradient Boosting,LeaveOneSourceOut,66,157,Roeder,30.69,41.14909387826953
DesignSafe RC columns combined,Gradient Boosting,LeaveOneSourceOut,66,158,Roeder,38.28,65.91659517019596
DesignSafe RC columns combined,Gradient Boosting,LeaveOneSourceOut,66,159,Roeder,41.29,66.57134617627467
DesignSafe RC columns combined,Gradient Boosting,LeaveOneSourceOut,66,160,Roeder,40.83,66.57134617627467
DesignSafe RC columns combined,Gradient Boosting,LeaveOneSourceOut,66,161,Roeder,39.92,66.57134617627467
DesignSafe RC columns combined,Gradient Boosting,LeaveOneSourceOut,66,162,Roeder,44.59,66.57134617627467
DesignSafe RC columns combined,Gradient Boosting,LeaveOneSourceOut,67,277,Saatcioglu,61.66,70.10304405647841
DesignSafe RC columns combined,Gradient Boosting,LeaveOneSourceOut,68,408,Saatcioglu and Giria,43.76,43.54712313729263
DesignSafe RC columns combined,Gradient Boosting,LeaveOneSourceOut,68,409,Saatcioglu and Giria,42.96,43.28028770272243
DesignSafe RC columns combined,Gradient Boosting,LeaveOneSourceOut,68,410,Saatcioglu and Giria,36.93,39.506263848568665
DesignSafe RC columns combined,Gradient Boosting,LeaveOneSourceOut,68,411,Saatcioglu and Giria,46.47,50.68452499698995
DesignSafe RC columns combined,Gradient Boosting,LeaveOneSourceOut,68,412,Saatcioglu and Giria,53.35,52.19549174363152
DesignSafe RC columns combined,Gradient Boosting,LeaveOneSourceOut,68,413,Saatcioglu and Giria,49.78,46.256642977247566
DesignSafe RC columns combined,Gradient Boosting,LeaveOneSourceOut,68,414,Saatcioglu and Giria,48.44,50.68452499698995
DesignSafe RC columns combined,Gradient Boosting,LeaveOneSourceOut,68,415,Saatcioglu and Giria,44.62,46.47845823533729
DesignSafe RC columns combined,Gradient Boosting,LeaveOneSourceOut,68,416,Saatcioglu and Giria,49.31,44.7585604915756
DesignSafe RC columns combined,Gradient Boosting,LeaveOneSourceOut,68,417,Saatcioglu and Giria,53.5,46.26952723821717
DesignSafe RC columns combined,Gradient Boosting,LeaveOneSourceOut,69,357,Saatcioglu and Ozcebe,62.09,39.60538544278541
DesignSafe RC columns combined,Gradient Boosting,LeaveOneSourceOut,69,358,Saatcioglu and Ozcebe,60.92,57.95669373269652
DesignSafe RC columns combined,Gradient Boosting,LeaveOneSourceOut,69,359,Saatcioglu and Ozcebe,73.26,59.847675728392
DesignSafe RC columns combined,Gradient Boosting,LeaveOneSourceOut,69,360,Saatcioglu and Ozcebe,77.06,59.60992682346909
DesignSafe RC columns combined,Gradient Boosting,LeaveOneSourceOut,69,361,Saatcioglu and Ozcebe,76.84,58.0043629628203
DesignSafe RC columns combined,Gradient Boosting,LeaveOneSourceOut,70,140,Saatcioglu et al.,15.97,29.910383203083406
DesignSafe RC columns combined,Gradient Boosting,LeaveOneSourceOut,70,141,Saatcioglu et al.,15.35,31.85117652176186
DesignSafe RC columns combined,Gradient Boosting,LeaveOneSourceOut,70,142,Saatcioglu et al.,18.38,36.75759478030026
DesignSafe RC columns combined,Gradient Boosting,LeaveOneSourceOut,70,143,Saatcioglu et al.,19.16,36.75759478030026
DesignSafe RC columns combined,Gradient Boosting,LeaveOneSourceOut,70,144,Saatcioglu et al.,17.63,35.586566642200594
DesignSafe RC columns combined,Gradient Boosting,LeaveOneSourceOut,70,145,Saatcioglu et al.,16.6,29.003710469435866
DesignSafe RC columns combined,Gradient Boosting,LeaveOneSourceOut,70,146,Saatcioglu et al.,18.28,36.75759478030026
DesignSafe RC columns combined,Gradient Boosting,LeaveOneSourceOut,70,147,Saatcioglu et al.,21.58,38.075433672434656
DesignSafe RC columns combined,Gradient Boosting,LeaveOneSourceOut,71,338,Sakai et al.,92.71,78.34960036860771
DesignSafe RC columns combined,Gradient Boosting,LeaveOneSourceOut,71,339,Sakai et al.,92.99,78.34960036860771
DesignSafe RC columns combined,Gradient Boosting,LeaveOneSourceOut,71,340,Sakai et al.,96.29,76.58562539654628
DesignSafe RC columns combined,Gradient Boosting,LeaveOneSourceOut,71,341,Sakai et al.,91.09,78.34960036860771
DesignSafe RC columns combined,Gradient Boosting,LeaveOneSourceOut,71,342,Sakai et al.,91.18,80.85573849233364
DesignSafe RC columns combined,Gradient Boosting,LeaveOneSourceOut,71,343,Sakai et al.,94.43,76.58562539654628
DesignSafe RC columns combined,Gradient Boosting,LeaveOneSourceOut,71,344,Sakai et al.,91.06,77.70221545581236
DesignSafe RC columns combined,Gradient Boosting,LeaveOneSourceOut,72,243,Sezen ,70.76,65.70136638124873
DesignSafe RC columns combined,Gradient Boosting,LeaveOneSourceOut,72,244,Sezen ,80.73,85.64130656403262
DesignSafe RC columns combined,Gradient Boosting,LeaveOneSourceOut,72,245,Sezen ,66.22,65.70136638124873
DesignSafe RC columns combined,Gradient Boosting,LeaveOneSourceOut,73,299,Soesianawati et al.,44.87,54.634230981581105
DesignSafe RC columns combined,Gradient Boosting,LeaveOneSourceOut,73,300,Soesianawati et al.,62.78,66.88397412464474
DesignSafe RC columns combined,Gradient Boosting,LeaveOneSourceOut,73,301,Soesianawati et al.,62.27,66.88397412464474
DesignSafe RC columns combined,Gradient Boosting,LeaveOneSourceOut,73,302,Soesianawati et al.,59.47,67.52347246919796
DesignSafe RC columns combined,Gradient Boosting,LeaveOneSourceOut,74,137,Sritharan et al.,97.48,71.03909524454086
DesignSafe RC columns combined,Gradient Boosting,LeaveOneSourceOut,74,138,Sritharan et al.,96.79,71.15872220170799
DesignSafe RC columns combined,Gradient Boosting,LeaveOneSourceOut,74,139,Sritharan et al.,103.48,71.80491726649534
DesignSafe RC columns combined,Gradient Boosting,LeaveOneSourceOut,75,98,Stone,14.41,17.064304063463766
DesignSafe RC columns combined,Gradient Boosting,LeaveOneSourceOut,75,99,Stone,16.51,17.373204215283813
DesignSafe RC columns combined,Gradient Boosting,LeaveOneSourceOut,75,100,Stone,7.17,7.491829031827219
DesignSafe RC columns combined,Gradient Boosting,LeaveOneSourceOut,75,101,Stone,14.1,17.064304063463766
DesignSafe RC columns combined,Gradient Boosting,LeaveOneSourceOut,75,102,Stone,17.21,17.373204215283813
DesignSafe RC columns combined,Gradient Boosting,LeaveOneSourceOut,75,103,Stone,6.67,7.491829031827219
DesignSafe RC columns combined,Gradient Boosting,LeaveOneSourceOut,76,394,Sugano,75.14,93.22350979560989
DesignSafe RC columns combined,Gradient Boosting,LeaveOneSourceOut,76,395,Sugano,82.05,93.22350979560989
DesignSafe RC columns combined,Gradient Boosting,LeaveOneSourceOut,76,396,Sugano,91.89,93.22350979560989
DesignSafe RC columns combined,Gradient Boosting,LeaveOneSourceOut,76,397,Sugano,82.67,97.07071430687186
DesignSafe RC columns combined,Gradient Boosting,LeaveOneSourceOut,76,398,Sugano,83.18,97.07071430687186
DesignSafe RC columns combined,Gradient Boosting,LeaveOneSourceOut,77,484,Takemura and Kawashima,34.12,38.518139518218604
DesignSafe RC columns combined,Gradient Boosting,LeaveOneSourceOut,77,485,Takemura and Kawashima,33.26,38.518139518218604
DesignSafe RC columns combined,Gradient Boosting,LeaveOneSourceOut,77,486,Takemura and Kawashima,34.42,38.518139518218604
DesignSafe RC columns combined,Gradient Boosting,LeaveOneSourceOut,77,487,Takemura and Kawashima,35.31,38.518139518218604
DesignSafe RC columns combined,Gradient Boosting,LeaveOneSourceOut,77,488,Takemura and Kawashima,35.85,38.518139518218604
DesignSafe RC columns combined,Gradient Boosting,LeaveOneSourceOut,77,489,Takemura and Kawashima,38.35,38.518139518218604
DesignSafe RC columns combined,Gradient Boosting,LeaveOneSourceOut,78,310,Tanaka and Park,37.56,45.12369785120128
DesignSafe RC columns combined,Gradient Boosting,LeaveOneSourceOut,78,311,Tanaka and Park,37.71,45.12369785120128
DesignSafe RC columns combined,Gradient Boosting,LeaveOneSourceOut,78,312,Tanaka and Park,39.41,45.12369785120128
DesignSafe RC columns combined,Gradient Boosting,LeaveOneSourceOut,78,313,Tanaka and Park,38.31,45.12369785120128
DesignSafe RC columns combined,Gradient Boosting,LeaveOneSourceOut,78,314,Tanaka and Park,86.69,138.29744178471142
DesignSafe RC columns combined,Gradient Boosting,LeaveOneSourceOut,78,315,Tanaka and Park,91.99,138.29744178471142
DesignSafe RC columns combined,Gradient Boosting,LeaveOneSourceOut,78,316,Tanaka and Park,138.64,200.6619603968007
DesignSafe RC columns combined,Gradient Boosting,LeaveOneSourceOut,78,317,Tanaka and Park,139.08,200.6619603968007
DesignSafe RC columns combined,Gradient Boosting,LeaveOneSourceOut,79,442,Thomsen and Wallace,10.44,20.034544649130897
DesignSafe RC columns combined,Gradient Boosting,LeaveOneSourceOut,79,443,Thomsen and Wallace,16.45,17.530400417628034
DesignSafe RC columns combined,Gradient Boosting,LeaveOneSourceOut,79,444,Thomsen and Wallace,9.13,14.04499519345708
DesignSafe RC columns combined,Gradient Boosting,LeaveOneSourceOut,79,445,Thomsen and Wallace,12.55,12.523328105810508
DesignSafe RC columns combined,Gradient Boosting,LeaveOneSourceOut,79,446,Thomsen and Wallace,14.66,18.174006219864342
DesignSafe RC columns combined,Gradient Boosting,LeaveOneSourceOut,79,447,Thomsen and Wallace,8.99,12.851010652031732
DesignSafe RC columns combined,Gradient Boosting,LeaveOneSourceOut,79,448,Thomsen and Wallace,11.51,12.523328105810508
DesignSafe RC columns combined,Gradient Boosting,LeaveOneSourceOut,79,449,Thomsen and Wallace,12.98,17.530400417628034
DesignSafe RC columns combined,Gradient Boosting,LeaveOneSourceOut,79,450,Thomsen and Wallace,12.82,17.530400417628034
DesignSafe RC columns combined,Gradient Boosting,LeaveOneSourceOut,79,451,Thomsen and Wallace,14.11,16.985051600541635
DesignSafe RC columns combined,Gradient Boosting,LeaveOneSourceOut,79,452,Thomsen and Wallace,12.06,15.902352854359757
DesignSafe RC columns combined,Gradient Boosting,LeaveOneSourceOut,80,179,Umehara,72.53,112.17046791102747
DesignSafe RC columns combined,Gradient Boosting,LeaveOneSourceOut,80,180,Umehara,59.16,54.919517662694595
DesignSafe RC columns combined,Gradient Boosting,LeaveOneSourceOut,81,261,Umemura & Endo ,15.75,15.93199490825491
DesignSafe RC columns combined,Gradient Boosting,LeaveOneSourceOut,81,262,Umemura & Endo ,24.0,31.05276677146312
DesignSafe RC columns combined,Gradient Boosting,LeaveOneSourceOut,81,263,Umemura & Endo ,18.67,20.42905988286782
DesignSafe RC columns combined,Gradient Boosting,LeaveOneSourceOut,81,264,Umemura & Endo ,17.93,24.124842595764765
DesignSafe RC columns combined,Gradient Boosting,LeaveOneSourceOut,81,265,Umemura & Endo ,11.3,25.173684347563025
DesignSafe RC columns combined,Gradient Boosting,LeaveOneSourceOut,81,266,Umemura & Endo ,13.2,20.87460129601784
DesignSafe RC columns combined,Gradient Boosting,LeaveOneSourceOut,81,267,Umemura & Endo ,15.34,23.43771837418237
DesignSafe RC columns combined,Gradient Boosting,LeaveOneSourceOut,81,268,Umemura & Endo ,15.62,20.525169773139115
DesignSafe RC columns combined,Gradient Boosting,LeaveOneSourceOut,82,186,Verma,141.1,71.14861158893582
DesignSafe RC columns combined,Gradient Boosting,LeaveOneSourceOut,82,276,Verma,127.9,121.92930037766217
DesignSafe RC columns combined,Gradient Boosting,LeaveOneSourceOut,83,60,Vu,63.66,104.83935296117919
DesignSafe RC columns combined,Gradient Boosting,LeaveOneSourceOut,83,61,Vu,221.45,177.03199110952934
DesignSafe RC columns combined,Gradient Boosting,LeaveOneSourceOut,83,62,Vu,89.52,122.18196000456643
DesignSafe RC columns combined,Gradient Boosting,LeaveOneSourceOut,84,123,Vu et al.,139.38,109.07288612207832
DesignSafe RC columns combined,Gradient Boosting,LeaveOneSourceOut,84,124,Vu et al.,124.0,94.78199279704538
DesignSafe RC columns combined,Gradient Boosting,LeaveOneSourceOut,84,125,Vu et al.,249.3,194.30958764215694
DesignSafe RC columns combined,Gradient Boosting,LeaveOneSourceOut,85,305,Watson and Park,65.65,58.41895141158546
DesignSafe RC columns combined,Gradient Boosting,LeaveOneSourceOut,85,306,Watson and Park,66.32,61.28794155683405
DesignSafe RC columns combined,Gradient Boosting,LeaveOneSourceOut,85,307,Watson and Park,66.44,77.38400946934516
DesignSafe RC columns combined,Gradient Boosting,LeaveOneSourceOut,85,308,Watson and Park,66.4,56.09942901296125
DesignSafe RC columns combined,Gradient Boosting,LeaveOneSourceOut,85,309,Watson and Park,69.58,127.69235519868998
DesignSafe RC columns combined,Gradient Boosting,LeaveOneSourceOut,86,87,Watson_Park,47.72,46.8064144311262
DesignSafe RC columns combined,Gradient Boosting,LeaveOneSourceOut,86,88,Watson_Park,46.41,49.25778843244364
DesignSafe RC columns combined,Gradient Boosting,LeaveOneSourceOut,87,386,Wehbe et al.,82.82,91.26455204154897
DesignSafe RC columns combined,Gradient Boosting,LeaveOneSourceOut,87,387,Wehbe et al.,89.98,96.15788505415924
DesignSafe RC columns combined,Gradient Boosting,LeaveOneSourceOut,87,388,Wehbe et al.,85.41,91.26455204154897
DesignSafe RC columns combined,Gradient Boosting,LeaveOneSourceOut,87,389,Wehbe et al.,96.87,96.51434612838288
DesignSafe RC columns combined,Gradient Boosting,LeaveOneSourceOut,88,208,Wight,17.81,24.775413849455273
DesignSafe RC columns combined,Gradient Boosting,LeaveOneSourceOut,88,222,Wight,22.2,24.89262847157961
DesignSafe RC columns combined,Gradient Boosting,LeaveOneSourceOut,88,223,Wight,22.77,24.89262847157961
DesignSafe RC columns combined,Gradient Boosting,LeaveOneSourceOut,88,224,Wight,23.51,25.05825639146367
DesignSafe RC columns combined,Gradient Boosting,LeaveOneSourceOut,88,225,Wight,22.14,25.05825639146367
DesignSafe RC columns combined,Gradient Boosting,LeaveOneSourceOut,88,226,Wight,21.18,24.89262847157961
DesignSafe RC columns combined,Gradient Boosting,LeaveOneSourceOut,88,227,Wight,23.58,24.89262847157961
DesignSafe RC columns combined,Gradient Boosting,LeaveOneSourceOut,88,228,Wight,19.76,24.775413849455273
DesignSafe RC columns combined,Gradient Boosting,LeaveOneSourceOut,88,229,Wight,20.97,24.775413849455273
DesignSafe RC columns combined,Gradient Boosting,LeaveOneSourceOut,88,230,Wight,22.11,25.013416340587177
DesignSafe RC columns combined,Gradient Boosting,LeaveOneSourceOut,88,231,Wight,22.83,25.60154899115331
DesignSafe RC columns combined,Gradient Boosting,LeaveOneSourceOut,88,232,Wight,22.34,25.60154899115331
DesignSafe RC columns combined,Gradient Boosting,LeaveOneSourceOut,88,233,Wight,26.92,25.717895974664224
DesignSafe RC columns combined,Gradient Boosting,LeaveOneSourceOut,88,234,Wight,27.08,25.717895974664224
DesignSafe RC columns combined,Gradient Boosting,LeaveOneSourceOut,88,235,Wight,27.24,25.17460337497458
DesignSafe RC columns combined,Gradient Boosting,LeaveOneSourceOut,88,236,Wight,27.21,25.17460337497458
DesignSafe RC columns combined,Gradient Boosting,LeaveOneSourceOut,89,49,Wong,109.99,112.9306975757585
DesignSafe RC columns combined,Gradient Boosting,LeaveOneSourceOut,90,89,Wong et al.,103.69,92.85469376738371
DesignSafe RC columns combined,Gradient Boosting,LeaveOneSourceOut,90,90,Wong et al.,130.07,103.49679117691392
DesignSafe RC columns combined,Gradient Boosting,LeaveOneSourceOut,91,29,Xiao,192.07,129.90869717882265
DesignSafe RC columns combined,Gradient Boosting,LeaveOneSourceOut,91,241,Xiao,60.68,62.48573811145371
DesignSafe RC columns combined,Gradient Boosting,LeaveOneSourceOut,91,242,Xiao,72.86,73.71045767685757
DesignSafe RC columns combined,Gradient Boosting,LeaveOneSourceOut,92,390,Xiao and Martirossyan,72.86,64.08158129310664
DesignSafe RC columns combined,Gradient Boosting,LeaveOneSourceOut,92,391,Xiao and Martirossyan,85.05,73.47225694603888
DesignSafe RC columns combined,Gradient Boosting,LeaveOneSourceOut,92,392,Xiao and Martirossyan,61.92,60.736056369581796
DesignSafe RC columns combined,Gradient Boosting,LeaveOneSourceOut,92,393,Xiao and Martirossyan,71.68,70.84000739761336
DesignSafe RC columns combined,Gradient Boosting,LeaveOneSourceOut,93,30,Yalcin,126.45,143.7194548346304
DesignSafe RC columns combined,Gradient Boosting,LeaveOneSourceOut,93,273,Yalcin,132.7,107.90604155329397
DesignSafe RC columns combined,Gradient Boosting,LeaveOneSourceOut,94,33,Yarandi,95.23,102.7135087128586
DesignSafe RC columns combined,Gradient Boosting,LeaveOneSourceOut,94,287,Yarandi,116.24,131.34849435097158
DesignSafe RC columns combined,Gradient Boosting,LeaveOneSourceOut,94,288,Yarandi,128.5,128.11802738243958
DesignSafe RC columns combined,Gradient Boosting,LeaveOneSourceOut,95,188,Yoshimura,21.74,34.31425073720983
DesignSafe RC columns combined,Gradient Boosting,LeaveOneSourceOut,95,189,Yoshimura,21.52,30.997791773250174
DesignSafe RC columns combined,Gradient Boosting,LeaveOneSourceOut,95,190,Yoshimura,36.91,53.2437841649571
DesignSafe RC columns combined,Gradient Boosting,LeaveOneSourceOut,95,191,Yoshimura,53.28,61.20912970143047
DesignSafe RC columns combined,Gradient Boosting,LeaveOneSourceOut,95,192,Yoshimura,51.55,61.079229183999296
DesignSafe RC columns combined,Gradient Boosting,LeaveOneSourceOut,95,193,Yoshimura,58.67,70.88186435895695
DesignSafe RC columns combined,Gradient Boosting,LeaveOneSourceOut,95,207,Yoshimura,88.08,88.38771045020002
DesignSafe RC columns combined,Gradient Boosting,LeaveOneSourceOut,95,285,Yoshimura,48.94,55.102441380503805
DesignSafe RC columns combined,Gradient Boosting,LeaveOneSourceOut,95,286,Yoshimura,47.59,54.97254086307263
DesignSafe RC columns combined,Gradient Boosting,LeaveOneSourceOut,95,291,Yoshimura,46.29,37.98672706567598
DesignSafe RC columns combined,Gradient Boosting,LeaveOneSourceOut,95,292,Yoshimura,45.21,37.98672706567598
DesignSafe RC columns combined,Gradient Boosting,LeaveOneSourceOut,96,303,Zahn ,47.95,68.0265232888624
DesignSafe RC columns combined,Gradient Boosting,LeaveOneSourceOut,96,304,Zahn ,60.44,82.38867918508831
DesignSafe RC columns combined,Gradient Boosting,LeaveOneSourceOut,97,85,Zahn et al.,32.0,41.616104851401225
DesignSafe RC columns combined,Gradient Boosting,LeaveOneSourceOut,97,86,Zahn et al.,39.37,42.843167447853986
DesignSafe RC columns combined,Gradient Boosting,LeaveOneSourceOut,98,174,Zhou,18.64,35.59821281999042
DesignSafe RC columns combined,Gradient Boosting,LeaveOneSourceOut,98,175,Zhou,20.53,35.59821281999042
DesignSafe RC columns combined,Gradient Boosting,LeaveOneSourceOut,98,176,Zhou,25.84,37.74402637030891
DesignSafe RC columns combined,Gradient Boosting,LeaveOneSourceOut,98,214,Zhou,8.26,29.221237523666417
DesignSafe RC columns combined,Gradient Boosting,LeaveOneSourceOut,98,215,Zhou,15.22,39.43412245300339
DesignSafe RC columns combined,Gradient Boosting,LeaveOneSourceOut,98,216,Zhou,15.15,41.579936003321876
DesignSafe RC columns combined,Gradient Boosting,LeaveOneSourceOut,98,217,Zhou,12.71,25.940090891078153
DesignSafe RC columns combined,Gradient Boosting,LeaveOneSourceOut,98,218,Zhou,12.34,25.940090891078153
DesignSafe RC columns combined,Gradient Boosting,LeaveOneSourceOut,98,323,Zhou,16.23,39.43412245300339
