Cross-section,Test Type and Configuration,Sustained Loading (% Ultimate),Width (mm),Depth (mm),Length (mm),Test Length (mm),Side Cover to Ctr of Tension Bar (mm),Bottom Cover to Ctr of Tension Bar (mm),Top Cover to Ctr of Compression Bar (mm),Reinforcement Design ,# Tensile Bars,"Diameter Tensile Bars, db,t (mm)","Tension Reinforcement Ratio, pten (%)",# Compression Bars,"Diameter Comp Bars, db,c (mm)",Longitudinal Bar Type,Tension Bar End Anchorage,Lsplice (mm),"fy Longitudinal Bars (Tensile), (MPa) ","fsu Long Bars, (MPa)","Comp Reinforcement Ratio, pcom (%)",# Stirrup Legs,Stirrup Bar Type,"Stirrup Spacing, s (mm) ","Stirrup Diameter, ds (mm)","fy,s Stirrup Bars",stirrup_volumetric_ratio,Cement Type,W/C Ratio,Max Aggregate Size (mm),Comp. Test Method,f'c (MPa) ,Corrosion Method,Cathode Type,"Corrosion Zone Length, Lc (mm)",corrosion_current_density,"Duration, (days)",Solution Concetration (% NaCl),Immersion Depth (mm),Wet/Dry Cyclic Ratio (days),mass_loss_tensile_bars,"Average Sample Length, (mm)","Corrosion Penetration Depth, Xaver (mm)","Shear Span, x (mm)",log_mmax_exp,source_group
S,SS_FPB_MONO,0.0,150.0,150.0,1000.0,900.0,75.0,35.0,15.0,T_C,1.0,12.0,0.503,2.0,10.0,D,S,0.0,450.0,650.0,0.698,2.0,P,50.0,6.0,275.0,0.754,OPC,0.45,,Cube,40.0,C,Control,0.0,0.0,0.0,0.0,0.0,missing,0.0,0.0,0.0,300.0,1.9530276168241774,Al-Sulaimani et al. (1990)
S,SS_FPB_MONO,0.0,150.0,150.0,1000.0,900.0,75.0,35.0,15.0,T_C,1.0,12.0,0.503,2.0,10.0,D,S,0.0,450.0,650.0,0.698,2.0,P,50.0,6.0,275.0,0.754,OPC,0.45,,Cube,40.0,C,Control,0.0,0.0,0.0,0.0,0.0,missing,0.0,0.0,0.0,300.0,1.9572739077056285,Al-Sulaimani et al. (1990)
S,SS_FPB_MONO,0.0,150.0,150.0,1000.0,900.0,75.0,35.0,15.0,T_C,1.0,12.0,0.503,2.0,10.0,D,S,0.0,450.0,650.0,0.698,2.0,P,50.0,6.0,275.0,0.754,OPC,0.45,,Cube,40.0,IC,Control,0.0,0.0,0.0,3.5,0.0,missing,0.0,0.0,0.0,300.0,1.9530276168241774,Al-Sulaimani et al. (1990)
S,SS_FPB_MONO,0.0,150.0,150.0,1000.0,900.0,75.0,35.0,15.0,T_C,1.0,12.0,0.503,2.0,10.0,D,S,0.0,444.07,642.51,0.698,2.0,P,50.0,6.0,275.0,0.754,OPC,0.45,,Cube,40.0,IC,External stainless steel plate,1000.0,2000.0,0.5,3.5,150.0,missing,0.72,1000.0,0.022,300.0,1.9600947840472698,Al-Sulaimani et al. (1990)
S,SS_FPB_MONO,0.0,150.0,150.0,1000.0,900.0,75.0,35.0,15.0,T_C,1.0,12.0,0.503,2.0,10.0,D,S,0.0,437.65,634.4,0.698,2.0,P,50.0,6.0,275.0,0.754,OPC,0.45,,Cube,40.0,IC,External stainless steel plate,1000.0,2000.0,0.8,3.5,150.0,missing,1.5,1000.0,0.045,300.0,1.9487632180377197,Al-Sulaimani et al. (1990)
S,SS_FPB_MONO,0.0,150.0,150.0,1000.0,900.0,75.0,35.0,15.0,T_C,1.0,12.0,0.503,2.0,10.0,D,S,0.0,435.59,631.8,0.698,2.0,P,50.0,6.0,275.0,0.754,OPC,0.45,,Cube,40.0,IC,External stainless steel plate,1000.0,2000.0,0.8,3.5,150.0,missing,1.75,1000.0,0.053,300.0,1.9344157696295783,Al-Sulaimani et al. (1990)
S,SS_FPB_MONO,0.0,150.0,150.0,1000.0,900.0,75.0,35.0,15.0,T_C,1.0,12.0,0.503,2.0,10.0,D,S,0.0,434.68,630.66,0.698,2.0,P,50.0,6.0,275.0,0.754,OPC,0.45,,Cube,40.0,IC,External stainless steel plate,1000.0,2000.0,1.0,3.5,150.0,missing,1.86,1000.0,0.056,300.0,1.9387416595767009,Al-Sulaimani et al. (1990)
S,SS_FPB_MONO,0.0,150.0,150.0,1000.0,900.0,75.0,35.0,15.0,T_C,1.0,12.0,0.503,2.0,10.0,D,S,0.0,433.86,629.62,0.698,2.0,P,50.0,6.0,275.0,0.754,OPC,0.45,,Cube,40.0,IC,External stainless steel plate,1000.0,2000.0,1.0,3.5,150.0,missing,1.96,1000.0,0.059,300.0,1.922787731634459,Al-Sulaimani et al. (1990)
S,SS_FPB_MONO,0.0,150.0,150.0,1000.0,900.0,75.0,35.0,15.0,T_C,1.0,12.0,0.503,2.0,10.0,D,S,0.0,427.35,621.4,0.698,2.0,P,50.0,6.0,275.0,0.754,OPC,0.45,,Cube,40.0,IC,External stainless steel plate,1000.0,2000.0,1.8,3.5,150.0,missing,2.75,1000.0,0.083,300.0,1.8870696490323797,Al-Sulaimani et al. (1990)
S,SS_FPB_MONO,0.0,150.0,150.0,1000.0,900.0,75.0,35.0,15.0,T_C,1.0,12.0,0.503,2.0,10.0,D,S,0.0,419.12,611.0,0.698,2.0,P,50.0,6.0,275.0,0.754,OPC,0.45,,Cube,40.0,IC,External stainless steel plate,1000.0,2000.0,2.3,3.5,150.0,missing,3.75,1000.0,0.113,300.0,1.843719208158766,Al-Sulaimani et al. (1990)
S,SS_FPB_MONO,0.0,150.0,150.0,1000.0,900.0,75.0,35.0,15.0,T_C,1.0,12.0,0.503,2.0,10.0,D,S,0.0,417.97,609.54,0.698,2.0,P,50.0,6.0,275.0,0.754,OPC,0.45,,Cube,40.0,IC,External stainless steel plate,1000.0,2000.0,2.3,3.5,150.0,missing,3.89,1000.0,0.117,300.0,1.8531680973566984,Al-Sulaimani et al. (1990)
S,SS_FPB_MONO,0.0,150.0,150.0,1000.0,900.0,75.0,35.0,15.0,T_C,1.0,12.0,0.503,2.0,10.0,D,S,0.0,416.24,607.36,0.698,2.0,P,50.0,6.0,275.0,0.754,OPC,0.45,,Cube,40.0,IC,External stainless steel plate,1000.0,2000.0,2.0,3.5,150.0,missing,4.1,1000.0,0.123,300.0,1.8453002361560848,Al-Sulaimani et al. (1990)
R,SS_FPB_MONO,0.0,150.0,200.0,2300.0,2000.0,31.0,31.0,25.0,T_C,2.0,10.0,0.524,2.0,8.0,D,S,0.0,575.0,655.0,0.335,2.0,P,170.0,6.0,626.0,0.222,PCT2,0.5,12.0,Cube,50.0,C,Control,0.0,0.0,0.0,0.0,0.0,missing,0.0,0.0,0.0,800.0,2.714694743820879,Rodriguez et al. (1997)
R,SS_FPB_MONO,0.0,150.0,200.0,2300.0,2000.0,31.0,31.0,25.0,T_C,2.0,10.0,0.524,2.0,8.0,D,S,0.0,575.0,655.0,0.335,2.0,P,170.0,6.0,626.0,0.222,PCT2,0.5,12.0,Cube,50.0,C,Control,0.0,0.0,0.0,0.0,0.0,missing,0.0,0.0,0.0,800.0,2.7536607123542622,Rodriguez et al. (1997)
R,SS_FPB_MONO,0.0,150.0,200.0,2300.0,2000.0,31.0,31.0,25.0,T_C,2.0,10.0,0.524,2.0,8.0,D,S,0.0,378.86,459.66,0.335,2.0,P,170.0,6.0,626.0,0.222,PCT2,0.5,12.0,Cube,34.0,IC,External stainless steel bars,2300.0,100.0,101.0,3.0,200.0,missing,18.64,400.0,0.466,800.0,2.312535423847214,Rodriguez et al. (1997)
R,SS_FPB_MONO,0.0,150.0,200.0,2300.0,2000.0,31.0,31.0,25.0,T_C,2.0,10.0,0.524,2.0,8.0,D,S,0.0,394.12,474.85,0.335,2.0,P,170.0,6.0,626.0,0.222,PCT2,0.5,12.0,Cube,34.0,IC,External stainless steel bars,2300.0,100.0,117.0,3.0,200.0,missing,17.19,400.0,0.43,800.0,2.3513752571634776,Rodriguez et al. (1997)
R,SS_FPB_MONO,0.0,150.0,200.0,2300.0,2000.0,31.0,31.0,25.0,T_C,2.0,10.0,0.524,2.0,8.0,D,S,0.0,428.93,509.52,0.335,2.0,P,170.0,6.0,626.0,0.222,PCT2,0.5,12.0,Cube,34.0,IC,External stainless steel bars,2300.0,100.0,160.0,3.0,200.0,missing,13.88,400.0,0.347,800.0,2.451005098112319,Rodriguez et al. (1997)
R,SS_FPB_MONO,0.0,150.0,200.0,2300.0,2000.0,31.0,31.0,25.0,T_C,2.0,10.0,0.524,2.0,8.0,D,S,0.0,297.38,378.5,0.335,2.0,P,170.0,6.0,626.0,0.222,PCT2,0.5,12.0,Cube,34.0,IC,External stainless steel bars,2300.0,100.0,190.0,3.0,200.0,missing,26.38,400.0,0.66,800.0,2.151762203259462,Rodriguez et al. (1997)
R,SS_FPB_MONO,0.0,150.0,200.0,2300.0,2000.0,32.0,32.0,25.0,T_C,4.0,12.0,1.508,2.0,8.0,D,S,0.0,585.0,673.0,0.335,2.0,P,170.0,6.0,626.0,0.222,PCT2,0.5,12.0,Cube,48.0,C,Control,0.0,0.0,0.0,0.0,0.0,missing,0.0,0.0,0.0,800.0,3.586292865338835,Rodriguez et al. (1997)
R,SS_FPB_MONO,0.0,150.0,200.0,2300.0,2000.0,32.0,32.0,25.0,T_C,4.0,12.0,1.508,2.0,8.0,D,S,0.0,585.0,673.0,0.335,2.0,P,170.0,6.0,626.0,0.222,PCT2,0.5,12.0,Cube,48.0,C,Control,0.0,0.0,0.0,0.0,0.0,missing,0.0,0.0,0.0,800.0,3.6454498961866,Rodriguez et al. (1997)
R,SS_FPB_MONO,0.0,150.0,200.0,2300.0,2000.0,32.0,32.0,25.0,T_C,4.0,12.0,1.508,2.0,8.0,D,S,0.0,473.85,561.2,0.335,2.0,P,170.0,6.0,626.0,0.222,PCT2,0.5,12.0,Cube,35.0,IC,External stainless steel bars,2300.0,100.0,175.0,3.0,200.0,missing,10.38,400.0,0.311,800.0,3.367295829986474,Rodriguez et al. (1997)
R,SS_FPB_MONO,0.0,150.0,200.0,2300.0,2000.0,32.0,32.0,25.0,T_C,4.0,12.0,1.508,4.0,8.0,D,S,0.0,585.0,673.0,0.67,2.0,P,85.0,6.0,626.0,0.444,PCT2,0.5,12.0,Cube,49.0,C,Control,0.0,0.0,0.0,0.0,0.0,missing,0.0,0.0,0.0,800.0,3.6402142821326553,Rodriguez et al. (1997)
R,SS_FPB_MONO,0.0,150.0,200.0,2300.0,2000.0,32.0,32.0,25.0,T_C,4.0,12.0,1.508,4.0,8.0,D,S,0.0,585.0,673.0,0.67,2.0,P,85.0,6.0,626.0,0.444,PCT2,0.5,12.0,Cube,49.0,C,Control,0.0,0.0,0.0,0.0,0.0,missing,0.0,0.0,0.0,800.0,3.6584202466292277,Rodriguez et al. (1997)
R,SS_FPB_MONO,0.0,150.0,200.0,2300.0,2000.0,32.0,32.0,25.0,T_C,4.0,12.0,1.508,4.0,8.0,D,S,0.0,480.62,568.01,0.67,2.0,P,85.0,6.0,626.0,0.444,PCT2,0.5,12.0,Cube,37.0,IC,External stainless steel bars,2300.0,100.0,111.0,3.0,200.0,missing,9.75,400.0,0.293,800.0,3.339321977944068,Rodriguez et al. (1997)
R,SS_FPB_MONO,0.0,150.0,200.0,2300.0,2000.0,32.0,32.0,25.0,T_C,4.0,12.0,1.508,4.0,8.0,D,S,0.0,420.56,507.6,0.67,2.0,P,85.0,6.0,626.0,0.444,PCT2,0.5,12.0,Cube,37.0,IC,External stainless steel bars,2300.0,100.0,128.0,3.0,200.0,missing,15.36,400.0,0.461,800.0,3.349904087274605,Rodriguez et al. (1997)
R,SS_FPB_MONO,0.0,150.0,200.0,2300.0,2000.0,32.0,32.0,25.0,T_C,4.0,12.0,1.508,4.0,8.0,D,S,0.0,440.37,527.52,0.67,2.0,P,85.0,6.0,626.0,0.444,PCT2,0.5,12.0,Cube,37.0,IC,External stainless steel bars,2300.0,100.0,190.0,3.0,200.0,missing,13.51,400.0,0.405,800.0,3.3141860046725258,Rodriguez et al. (1997)
R,SS_FPB_MONO,0.0,200.0,250.0,2400.0,2000.0,30.0,30.0,30.0,T_C,3.0,13.0,0.796,3.0,13.0,D,H-90,0.0,343.0,477.0,0.796,2.0,D,100.0,6.0,226.0,0.283,OPC,0.65,,Cylinder,39.2,C,Control,0.0,0.0,0.0,0.0,0.0,missing,0.0,0.0,0.0,750.0,3.5145260669691587,Lee et al. (1999)
R,SS_FPB_MONO,0.0,200.0,250.0,2400.0,2000.0,30.0,30.0,30.0,T_C,3.0,13.0,0.796,3.0,13.0,D,H-90,0.0,319.15,448.0,0.796,2.0,D,100.0,6.0,226.0,0.283,OPC,0.65,,Cylinder,39.2,IC,External copper plate,2400.0,1000.0,5.0,3.5,100.0,missing,3.8,500.0,0.124,750.0,3.4654233539614268,Lee et al. (1999)
R,SS_FPB_MONO,0.0,200.0,250.0,2400.0,2000.0,30.0,30.0,30.0,T_C,3.0,13.0,0.796,3.0,13.0,D,H-90,0.0,293.41,416.71,0.796,2.0,D,100.0,6.0,226.0,0.283,OPC,0.65,,Cylinder,39.2,IC,External copper plate,2400.0,1000.0,10.0,3.5,100.0,missing,7.9,500.0,0.257,750.0,3.388787361585474,Lee et al. (1999)
R,SS_FPB_MONO,0.0,200.0,250.0,2400.0,2000.0,30.0,30.0,30.0,T_C,3.0,13.0,0.796,3.0,13.0,D,H-90,0.0,184.19,283.91,0.796,2.0,D,100.0,6.0,226.0,0.283,OPC,0.65,,Cylinder,39.2,IC,External copper plate,2400.0,1000.0,25.0,3.5,100.0,missing,25.3,500.0,0.822,750.0,3.232778730037192,Lee et al. (1999)
R,SS_FPB_MONO,0.0,100.0,150.0,910.0,860.0,25.0,25.0,25.0,T_C,2.0,10.0,1.047,2.0,6.0,D,H-90,0.0,520.0,598.0,0.377,2.0,D,70.0,6.0,370.0,0.808,OPC,0.53,10.0,Cube,40.0,C,Control,0.0,0.0,0.0,0.0,0.0,missing,0.0,0.0,0.0,290.0,2.3045830956567186,Mangat and Elgarf (1999a)
R,SS_FPB_MONO,0.0,100.0,150.0,910.0,860.0,25.0,25.0,25.0,T_C,2.0,10.0,1.047,2.0,6.0,D,H-90,0.0,520.0,598.0,0.377,2.0,D,70.0,6.0,370.0,0.808,OPC,0.53,10.0,Cube,40.0,C,Control,0.0,0.0,0.0,0.0,0.0,missing,0.0,0.0,0.0,290.0,2.3045830956567186,Mangat and Elgarf (1999a)
R,SS_FPB_MONO,0.0,100.0,150.0,910.0,860.0,25.0,25.0,0.0,ST,2.0,10.0,1.047,0.0,0.0,D,H-90,0.0,520.0,598.0,0.0,0.0,missing,0.0,0.0,0.0,0.0,OPC,0.53,10.0,Cube,40.0,C,Control,0.0,0.0,0.0,0.0,0.0,missing,0.0,0.0,0.0,290.0,2.248128907197987,Mangat and Elgarf (1999a)
R,SS_FPB_MONO,0.0,100.0,150.0,910.0,860.0,25.0,25.0,0.0,ST,2.0,10.0,1.047,0.0,0.0,D,H-90,0.0,520.0,598.0,0.0,0.0,missing,0.0,0.0,0.0,0.0,OPC,0.53,10.0,Cube,40.0,C,Control,0.0,0.0,0.0,0.0,0.0,missing,0.0,0.0,0.0,290.0,2.248128907197987,Mangat and Elgarf (1999a)
R,SS_FPB_MONO,0.0,100.0,150.0,910.0,860.0,25.0,25.0,0.0,ST,2.0,10.0,1.047,0.0,0.0,D,H-90,0.0,520.0,598.0,0.0,0.0,missing,0.0,0.0,0.0,0.0,OPC,0.53,10.0,Cube,40.0,C,Control,0.0,0.0,0.0,0.0,0.0,missing,0.0,0.0,0.0,290.0,2.248128907197987,Mangat and Elgarf (1999a)
R,SS_FPB_MONO,0.0,100.0,150.0,910.0,860.0,25.0,25.0,0.0,ST,2.0,8.0,0.67,0.0,0.0,D,H-90,0.0,520.0,598.0,0.0,0.0,missing,0.0,0.0,0.0,0.0,OPC,0.53,10.0,Cube,40.0,C,Control,0.0,0.0,0.0,0.0,0.0,missing,0.0,0.0,0.0,290.0,1.9401794743463283,Mangat and Elgarf (1999a)
R,SS_FPB_MONO,0.0,100.0,150.0,910.0,860.0,25.0,25.0,0.0,ST,2.0,8.0,0.67,0.0,0.0,D,H-90,0.0,520.0,598.0,0.0,0.0,missing,0.0,0.0,0.0,0.0,OPC,0.53,10.0,Cube,40.0,C,Control,0.0,0.0,0.0,0.0,0.0,missing,0.0,0.0,0.0,290.0,1.9401794743463283,Mangat and Elgarf (1999a)
R,SS_FPB_MONO,0.0,100.0,150.0,910.0,860.0,25.0,25.0,25.0,T_C,2.0,10.0,1.047,2.0,6.0,D,H-90,0.0,496.21,574.08,0.377,2.0,D,70.0,6.0,370.0,0.808,OPC,0.53,10.0,Cube,40.0,IC,External galvanised steel tray,910.0,3000.0,1.3,3.5,50.0,missing,2.5,860.0,0.063,290.0,2.244955980157409,Mangat and Elgarf (1999a)
R,SS_FPB_MONO,0.0,100.0,150.0,910.0,860.0,25.0,25.0,25.0,T_C,2.0,10.0,1.047,2.0,6.0,D,H-90,0.0,496.21,574.08,0.377,2.0,D,70.0,6.0,370.0,0.808,OPC,0.53,10.0,Cube,40.0,IC,External galvanised steel tray,910.0,3000.0,1.3,3.5,50.0,missing,2.5,860.0,0.063,290.0,2.244955980157409,Mangat and Elgarf (1999a)
R,SS_FPB_MONO,0.0,100.0,150.0,910.0,860.0,25.0,25.0,25.0,T_C,2.0,10.0,1.047,2.0,6.0,D,H-90,0.0,472.42,550.16,0.377,2.0,D,70.0,6.0,370.0,0.808,OPC,0.53,10.0,Cube,40.0,IC,External galvanised steel tray,910.0,3000.0,2.7,3.5,50.0,missing,5.0,860.0,0.125,290.0,2.21046980408624,Mangat and Elgarf (1999a)
R,SS_FPB_MONO,0.0,100.0,150.0,910.0,860.0,25.0,25.0,25.0,T_C,2.0,10.0,1.047,2.0,6.0,D,H-90,0.0,472.42,550.16,0.377,2.0,D,70.0,6.0,370.0,0.808,OPC,0.53,10.0,Cube,40.0,IC,External galvanised steel tray,910.0,3000.0,2.7,3.5,50.0,missing,5.0,860.0,0.125,290.0,2.21046980408624,Mangat and Elgarf (1999a)
R,SS_FPB_MONO,0.0,100.0,150.0,910.0,860.0,25.0,25.0,25.0,T_C,2.0,10.0,1.047,2.0,6.0,D,H-90,0.0,448.63,526.24,0.377,2.0,D,70.0,6.0,370.0,0.808,OPC,0.53,10.0,Cube,40.0,IC,External galvanised steel tray,910.0,3000.0,4.0,3.5,50.0,missing,7.5,860.0,0.188,290.0,2.122261538862764,Mangat and Elgarf (1999a)
R,SS_FPB_MONO,0.0,100.0,150.0,910.0,860.0,25.0,25.0,25.0,T_C,2.0,10.0,1.047,2.0,6.0,D,H-90,0.0,448.63,526.24,0.377,2.0,D,70.0,6.0,370.0,0.808,OPC,0.53,10.0,Cube,40.0,IC,External galvanised steel tray,910.0,3000.0,4.0,3.5,50.0,missing,7.5,860.0,0.188,290.0,2.122261538862764,Mangat and Elgarf (1999a)
R,SS_FPB_MONO,0.0,100.0,150.0,910.0,860.0,25.0,25.0,25.0,T_C,2.0,10.0,1.047,2.0,6.0,D,H-90,0.0,424.84,502.32,0.377,2.0,D,70.0,6.0,370.0,0.808,OPC,0.53,10.0,Cube,40.0,IC,External galvanised steel tray,910.0,3000.0,5.3,3.5,50.0,missing,10.0,860.0,0.25,290.0,1.8779371654691073,Mangat and Elgarf (1999a)
R,SS_FPB_MONO,0.0,100.0,150.0,910.0,860.0,25.0,25.0,25.0,T_C,2.0,10.0,1.047,2.0,6.0,D,H-90,0.0,424.84,502.32,0.377,2.0,D,70.0,6.0,370.0,0.808,OPC,0.53,10.0,Cube,40.0,IC,External galvanised steel tray,910.0,3000.0,5.3,3.5,50.0,missing,10.0,860.0,0.25,290.0,1.8779371654691073,Mangat and Elgarf (1999a)
R,SS_FPB_MONO,0.0,100.0,150.0,910.0,860.0,25.0,25.0,0.0,ST,2.0,10.0,1.047,0.0,0.0,D,H-90,0.0,496.21,574.08,0.0,0.0,missing,0.0,0.0,0.0,0.0,OPC,0.53,10.0,Cube,40.0,IC,External galvanised steel tray,910.0,3000.0,1.3,3.5,50.0,missing,2.5,860.0,0.063,290.0,2.122261538862764,Mangat and Elgarf (1999a)
R,SS_FPB_MONO,0.0,100.0,150.0,910.0,860.0,25.0,25.0,0.0,ST,2.0,10.0,1.047,0.0,0.0,D,H-90,0.0,496.21,574.08,0.0,0.0,missing,0.0,0.0,0.0,0.0,OPC,0.53,10.0,Cube,40.0,IC,External galvanised steel tray,910.0,3000.0,1.3,3.5,50.0,missing,2.5,860.0,0.063,290.0,2.122261538862764,Mangat and Elgarf (1999a)
R,SS_FPB_MONO,0.0,100.0,150.0,910.0,860.0,25.0,25.0,0.0,ST,2.0,10.0,1.047,0.0,0.0,D,H-90,0.0,472.42,550.16,0.0,0.0,missing,0.0,0.0,0.0,0.0,OPC,0.53,10.0,Cube,40.0,IC,External galvanised steel tray,910.0,3000.0,2.7,3.5,50.0,missing,5.0,860.0,0.125,290.0,1.9154509415706047,Mangat and Elgarf (1999a)
R,SS_FPB_MONO,0.0,100.0,150.0,910.0,860.0,25.0,25.0,0.0,ST,2.0,10.0,1.047,0.0,0.0,D,H-90,0.0,472.42,550.16,0.0,0.0,missing,0.0,0.0,0.0,0.0,OPC,0.53,10.0,Cube,40.0,IC,External galvanised steel tray,910.0,3000.0,2.7,3.5,50.0,missing,5.0,860.0,0.125,290.0,1.9154509415706047,Mangat and Elgarf (1999a)
R,SS_FPB_MONO,0.0,100.0,150.0,910.0,860.0,25.0,25.0,0.0,ST,2.0,10.0,1.047,0.0,0.0,D,H-90,0.0,448.63,526.24,0.0,0.0,missing,0.0,0.0,0.0,0.0,OPC,0.53,10.0,Cube,40.0,IC,External galvanised steel tray,910.0,3000.0,4.0,3.5,50.0,missing,7.5,860.0,0.188,290.0,1.5602476682433286,Mangat and Elgarf (1999a)
R,SS_FPB_MONO,0.0,100.0,150.0,910.0,860.0,25.0,25.0,0.0,ST,2.0,10.0,1.047,0.0,0.0,D,H-90,0.0,448.63,526.24,0.0,0.0,missing,0.0,0.0,0.0,0.0,OPC,0.53,10.0,Cube,40.0,IC,External galvanised steel tray,910.0,3000.0,4.0,3.5,50.0,missing,7.5,860.0,0.188,290.0,1.5602476682433286,Mangat and Elgarf (1999a)
R,SS_FPB_MONO,0.0,100.0,150.0,910.0,860.0,25.0,25.0,0.0,ST,2.0,10.0,1.047,0.0,0.0,D,H-90,0.0,424.84,502.32,0.0,0.0,missing,0.0,0.0,0.0,0.0,OPC,0.53,10.0,Cube,40.0,IC,External galvanised steel tray,910.0,3000.0,5.3,3.5,50.0,missing,10.0,860.0,0.25,290.0,0.883767540168595,Mangat and Elgarf (1999a)
R,SS_FPB_MONO,0.0,100.0,150.0,910.0,860.0,25.0,25.0,0.0,ST,2.0,10.0,1.047,0.0,0.0,D,H-90,0.0,424.84,502.32,0.0,0.0,missing,0.0,0.0,0.0,0.0,OPC,0.53,10.0,Cube,40.0,IC,External galvanised steel tray,910.0,3000.0,5.3,3.5,50.0,missing,10.0,860.0,0.25,290.0,0.883767540168595,Mangat and Elgarf (1999a)
R,SS_FPB_MONO,0.0,100.0,150.0,910.0,860.0,25.0,25.0,0.0,ST,2.0,10.0,1.047,0.0,0.0,D,H-90,0.0,508.11,586.04,0.0,0.0,missing,0.0,0.0,0.0,0.0,OPC,0.53,10.0,Cube,40.0,IC,External galvanised steel tray,910.0,3000.0,0.7,3.5,50.0,missing,1.25,860.0,0.031,290.0,2.191653532286764,Mangat and Elgarf (1999a)
R,SS_FPB_MONO,0.0,100.0,150.0,910.0,860.0,25.0,25.0,0.0,ST,2.0,10.0,1.047,0.0,0.0,D,H-90,0.0,508.11,586.04,0.0,0.0,missing,0.0,0.0,0.0,0.0,OPC,0.53,10.0,Cube,40.0,IC,External galvanised steel tray,910.0,3000.0,0.7,3.5,50.0,missing,1.25,860.0,0.031,290.0,2.191653532286764,Mangat and Elgarf (1999a)
R,SS_FPB_MONO,0.0,100.0,150.0,910.0,860.0,25.0,25.0,0.0,ST,2.0,10.0,1.047,0.0,0.0,D,H-90,0.0,508.11,586.04,0.0,0.0,missing,0.0,0.0,0.0,0.0,OPC,0.53,10.0,Cube,40.0,IC,External galvanised steel tray,910.0,3000.0,0.7,3.5,50.0,missing,1.25,860.0,0.031,290.0,2.191653532286764,Mangat and Elgarf (1999a)
R,SS_FPB_MONO,0.0,100.0,150.0,910.0,860.0,25.0,25.0,0.0,ST,2.0,10.0,1.047,0.0,0.0,D,H-90,0.0,496.21,574.08,0.0,0.0,missing,0.0,0.0,0.0,0.0,OPC,0.53,10.0,Cube,40.0,IC,External galvanised steel tray,910.0,3000.0,1.3,3.5,50.0,missing,2.5,860.0,0.063,290.0,2.1150499691472033,Mangat and Elgarf (1999a)
R,SS_FPB_MONO,0.0,100.0,150.0,910.0,860.0,25.0,25.0,0.0,ST,2.0,10.0,1.047,0.0,0.0,D,H-90,0.0,496.21,574.08,0.0,0.0,missing,0.0,0.0,0.0,0.0,OPC,0.53,10.0,Cube,40.0,IC,External galvanised steel tray,910.0,3000.0,1.3,3.5,50.0,missing,2.5,860.0,0.063,290.0,2.1150499691472033,Mangat and Elgarf (1999a)
R,SS_FPB_MONO,0.0,100.0,150.0,910.0,860.0,25.0,25.0,0.0,ST,2.0,10.0,1.047,0.0,0.0,D,H-90,0.0,496.21,574.08,0.0,0.0,missing,0.0,0.0,0.0,0.0,OPC,0.53,10.0,Cube,40.0,IC,External galvanised steel tray,910.0,3000.0,1.3,3.5,50.0,missing,2.5,860.0,0.063,290.0,2.1150499691472033,Mangat and Elgarf (1999a)
R,SS_FPB_MONO,0.0,100.0,150.0,910.0,860.0,25.0,25.0,0.0,ST,2.0,10.0,1.047,0.0,0.0,D,H-90,0.0,484.32,562.12,0.0,0.0,missing,0.0,0.0,0.0,0.0,OPC,0.53,10.0,Cube,40.0,IC,External galvanised steel tray,910.0,3000.0,2.0,3.5,50.0,missing,3.75,860.0,0.094,290.0,2.018895041811802,Mangat and Elgarf (1999a)
R,SS_FPB_MONO,0.0,100.0,150.0,910.0,860.0,25.0,25.0,0.0,ST,2.0,10.0,1.047,0.0,0.0,D,H-90,0.0,484.32,562.12,0.0,0.0,missing,0.0,0.0,0.0,0.0,OPC,0.53,10.0,Cube,40.0,IC,External galvanised steel tray,910.0,3000.0,2.0,3.5,50.0,missing,3.75,860.0,0.094,290.0,2.018895041811802,Mangat and Elgarf (1999a)
R,SS_FPB_MONO,0.0,100.0,150.0,910.0,860.0,25.0,25.0,0.0,ST,2.0,10.0,1.047,0.0,0.0,D,H-90,0.0,484.32,562.12,0.0,0.0,missing,0.0,0.0,0.0,0.0,OPC,0.53,10.0,Cube,40.0,IC,External galvanised steel tray,910.0,3000.0,2.0,3.5,50.0,missing,3.75,860.0,0.094,290.0,2.018895041811802,Mangat and Elgarf (1999a)
R,SS_FPB_MONO,0.0,100.0,150.0,910.0,860.0,25.0,25.0,0.0,ST,2.0,10.0,1.047,0.0,0.0,D,H-90,0.0,472.42,550.16,0.0,0.0,missing,0.0,0.0,0.0,0.0,OPC,0.53,10.0,Cube,40.0,IC,External galvanised steel tray,910.0,3000.0,2.7,3.5,50.0,missing,5.0,860.0,0.125,290.0,1.891604804197771,Mangat and Elgarf (1999a)
R,SS_FPB_MONO,0.0,100.0,150.0,910.0,860.0,25.0,25.0,0.0,ST,2.0,10.0,1.047,0.0,0.0,D,H-90,0.0,472.42,550.16,0.0,0.0,missing,0.0,0.0,0.0,0.0,OPC,0.53,10.0,Cube,40.0,IC,External galvanised steel tray,910.0,3000.0,2.7,3.5,50.0,missing,5.0,860.0,0.125,290.0,1.891604804197771,Mangat and Elgarf (1999a)
R,SS_FPB_MONO,0.0,100.0,150.0,910.0,860.0,25.0,25.0,0.0,ST,2.0,10.0,1.047,0.0,0.0,D,H-90,0.0,472.42,550.16,0.0,0.0,missing,0.0,0.0,0.0,0.0,OPC,0.53,10.0,Cube,40.0,IC,External galvanised steel tray,910.0,3000.0,2.7,3.5,50.0,missing,5.0,860.0,0.125,290.0,1.891604804197771,Mangat and Elgarf (1999a)
R,SS_FPB_MONO,0.0,100.0,150.0,910.0,860.0,25.0,25.0,0.0,ST,2.0,10.0,1.047,0.0,0.0,D,H-90,0.0,448.63,526.24,0.0,0.0,missing,0.0,0.0,0.0,0.0,OPC,0.53,10.0,Cube,40.0,IC,External galvanised steel tray,910.0,3000.0,4.0,3.5,50.0,missing,7.5,860.0,0.188,290.0,1.506297153514587,Mangat and Elgarf (1999a)
R,SS_FPB_MONO,0.0,100.0,150.0,910.0,860.0,25.0,25.0,0.0,ST,2.0,10.0,1.047,0.0,0.0,D,H-90,0.0,448.63,526.24,0.0,0.0,missing,0.0,0.0,0.0,0.0,OPC,0.53,10.0,Cube,40.0,IC,External galvanised steel tray,910.0,3000.0,4.0,3.5,50.0,missing,7.5,860.0,0.188,290.0,1.506297153514587,Mangat and Elgarf (1999a)
R,SS_FPB_MONO,0.0,100.0,150.0,910.0,860.0,25.0,25.0,0.0,ST,2.0,10.0,1.047,0.0,0.0,D,H-90,0.0,448.63,526.24,0.0,0.0,missing,0.0,0.0,0.0,0.0,OPC,0.53,10.0,Cube,40.0,IC,External galvanised steel tray,910.0,3000.0,4.0,3.5,50.0,missing,7.5,860.0,0.188,290.0,1.506297153514587,Mangat and Elgarf (1999a)
R,SS_FPB_MONO,0.0,100.0,150.0,910.0,860.0,25.0,25.0,0.0,ST,2.0,10.0,1.047,0.0,0.0,D,H-90,0.0,424.84,502.32,0.0,0.0,missing,0.0,0.0,0.0,0.0,OPC,0.53,10.0,Cube,40.0,IC,External galvanised steel tray,910.0,3000.0,5.3,3.5,50.0,missing,10.0,860.0,0.25,290.0,0.7839015438284094,Mangat and Elgarf (1999a)
R,SS_FPB_MONO,0.0,100.0,150.0,910.0,860.0,25.0,25.0,0.0,ST,2.0,10.0,1.047,0.0,0.0,D,H-90,0.0,424.84,502.32,0.0,0.0,missing,0.0,0.0,0.0,0.0,OPC,0.53,10.0,Cube,40.0,IC,External galvanised steel tray,910.0,3000.0,5.3,3.5,50.0,missing,10.0,860.0,0.25,290.0,0.7839015438284094,Mangat and Elgarf (1999a)
R,SS_FPB_MONO,0.0,100.0,150.0,910.0,860.0,25.0,25.0,0.0,ST,2.0,10.0,1.047,0.0,0.0,D,H-90,0.0,424.84,502.32,0.0,0.0,missing,0.0,0.0,0.0,0.0,OPC,0.53,10.0,Cube,40.0,IC,External galvanised steel tray,910.0,3000.0,5.3,3.5,50.0,missing,10.0,860.0,0.25,290.0,0.7839015438284094,Mangat and Elgarf (1999a)
R,SS_FPB_MONO,0.0,100.0,150.0,910.0,860.0,25.0,25.0,0.0,ST,2.0,8.0,0.67,0.0,0.0,D,H-90,0.0,496.21,574.08,0.0,0.0,missing,0.0,0.0,0.0,0.0,OPC,0.53,10.0,Cube,40.0,IC,External galvanised steel tray,910.0,2000.0,1.3,3.5,50.0,missing,2.5,860.0,0.05,290.0,1.7850704810772584,Mangat and Elgarf (1999a)
R,SS_FPB_MONO,0.0,100.0,150.0,910.0,860.0,25.0,25.0,0.0,ST,2.0,8.0,0.67,0.0,0.0,D,H-90,0.0,496.21,574.08,0.0,0.0,missing,0.0,0.0,0.0,0.0,OPC,0.53,10.0,Cube,40.0,IC,External galvanised steel tray,910.0,2000.0,1.3,3.5,50.0,missing,2.5,860.0,0.05,290.0,1.7850704810772584,Mangat and Elgarf (1999a)
R,SS_FPB_MONO,0.0,100.0,150.0,910.0,860.0,25.0,25.0,0.0,ST,2.0,8.0,0.67,0.0,0.0,D,H-90,0.0,472.42,550.16,0.0,0.0,missing,0.0,0.0,0.0,0.0,OPC,0.53,10.0,Cube,40.0,IC,External galvanised steel tray,910.0,2000.0,2.7,3.5,50.0,missing,5.0,860.0,0.1,290.0,1.589235205116581,Mangat and Elgarf (1999a)
R,SS_FPB_MONO,0.0,100.0,150.0,910.0,860.0,25.0,25.0,0.0,ST,2.0,8.0,0.67,0.0,0.0,D,H-90,0.0,472.42,550.16,0.0,0.0,missing,0.0,0.0,0.0,0.0,OPC,0.53,10.0,Cube,40.0,IC,External galvanised steel tray,910.0,2000.0,2.7,3.5,50.0,missing,5.0,860.0,0.1,290.0,1.589235205116581,Mangat and Elgarf (1999a)
R,SS_FPB_MONO,0.0,100.0,150.0,910.0,860.0,25.0,25.0,0.0,ST,2.0,8.0,0.67,0.0,0.0,D,H-90,0.0,448.63,526.24,0.0,0.0,missing,0.0,0.0,0.0,0.0,OPC,0.53,10.0,Cube,40.0,IC,External galvanised steel tray,910.0,2000.0,4.0,3.5,50.0,missing,7.5,860.0,0.15,290.0,1.2584609896100056,Mangat and Elgarf (1999a)
R,SS_FPB_MONO,0.0,100.0,150.0,910.0,860.0,25.0,25.0,0.0,ST,2.0,8.0,0.67,0.0,0.0,D,H-90,0.0,448.63,526.24,0.0,0.0,missing,0.0,0.0,0.0,0.0,OPC,0.53,10.0,Cube,40.0,IC,External galvanised steel tray,910.0,2000.0,4.0,3.5,50.0,missing,7.5,860.0,0.15,290.0,1.2584609896100056,Mangat and Elgarf (1999a)
R,SS_FPB_MONO,0.0,100.0,150.0,910.0,860.0,25.0,25.0,0.0,ST,2.0,8.0,0.67,0.0,0.0,D,H-90,0.0,424.84,502.32,0.0,0.0,missing,0.0,0.0,0.0,0.0,OPC,0.53,10.0,Cube,40.0,IC,External galvanised steel tray,910.0,2000.0,5.3,3.5,50.0,missing,10.0,860.0,0.2,290.0,0.6043159668533296,Mangat and Elgarf (1999a)
R,SS_FPB_MONO,0.0,100.0,150.0,910.0,860.0,25.0,25.0,0.0,ST,2.0,8.0,0.67,0.0,0.0,D,H-90,0.0,424.84,502.32,0.0,0.0,missing,0.0,0.0,0.0,0.0,OPC,0.53,10.0,Cube,40.0,IC,External galvanised steel tray,910.0,2000.0,5.3,3.5,50.0,missing,10.0,860.0,0.2,290.0,0.6043159668533296,Mangat and Elgarf (1999a)
R,SS_FPB_MONO,0.0,100.0,150.0,910.0,860.0,25.0,25.0,0.0,ST,2.0,10.0,1.047,0.0,0.0,D,H-90,0.0,508.11,586.04,0.0,0.0,missing,0.0,0.0,0.0,0.0,OPC,0.53,10.0,Cube,40.0,IC,External galvanised steel tray,910.0,1000.0,2.0,3.5,50.0,missing,1.25,860.0,0.031,290.0,2.192770226986839,Mangat and Elgarf (1999a)
R,SS_FPB_MONO,0.0,100.0,150.0,910.0,860.0,25.0,25.0,0.0,ST,2.0,10.0,1.047,0.0,0.0,D,H-90,0.0,508.11,586.04,0.0,0.0,missing,0.0,0.0,0.0,0.0,OPC,0.53,10.0,Cube,40.0,IC,External galvanised steel tray,910.0,1000.0,2.0,3.5,50.0,missing,1.25,860.0,0.031,290.0,2.192770226986839,Mangat and Elgarf (1999a)
R,SS_FPB_MONO,0.0,100.0,150.0,910.0,860.0,25.0,25.0,0.0,ST,2.0,10.0,1.047,0.0,0.0,D,H-90,0.0,508.11,586.04,0.0,0.0,missing,0.0,0.0,0.0,0.0,OPC,0.53,10.0,Cube,40.0,IC,External galvanised steel tray,910.0,1000.0,2.0,3.5,50.0,missing,1.25,860.0,0.031,290.0,2.192770226986839,Mangat and Elgarf (1999a)
R,SS_FPB_MONO,0.0,100.0,150.0,910.0,860.0,25.0,25.0,0.0,ST,2.0,10.0,1.047,0.0,0.0,D,H-90,0.0,496.21,574.08,0.0,0.0,missing,0.0,0.0,0.0,0.0,OPC,0.53,10.0,Cube,40.0,IC,External galvanised steel tray,910.0,1000.0,4.0,3.5,50.0,missing,2.5,860.0,0.063,290.0,2.1174596088673567,Mangat and Elgarf (1999a)
R,SS_FPB_MONO,0.0,100.0,150.0,910.0,860.0,25.0,25.0,0.0,ST,2.0,10.0,1.047,0.0,0.0,D,H-90,0.0,496.21,574.08,0.0,0.0,missing,0.0,0.0,0.0,0.0,OPC,0.53,10.0,Cube,40.0,IC,External galvanised steel tray,910.0,1000.0,4.0,3.5,50.0,missing,2.5,860.0,0.063,290.0,2.1174596088673567,Mangat and Elgarf (1999a)
R,SS_FPB_MONO,0.0,100.0,150.0,910.0,860.0,25.0,25.0,0.0,ST,2.0,10.0,1.047,0.0,0.0,D,H-90,0.0,496.21,574.08,0.0,0.0,missing,0.0,0.0,0.0,0.0,OPC,0.53,10.0,Cube,40.0,IC,External galvanised steel tray,910.0,1000.0,4.0,3.5,50.0,missing,2.5,860.0,0.063,290.0,2.1174596088673567,Mangat and Elgarf (1999a)
R,SS_FPB_MONO,0.0,100.0,150.0,910.0,860.0,25.0,25.0,0.0,ST,2.0,10.0,1.047,0.0,0.0,D,H-90,0.0,484.32,562.12,0.0,0.0,missing,0.0,0.0,0.0,0.0,OPC,0.53,10.0,Cube,40.0,IC,External galvanised steel tray,910.0,1000.0,6.0,3.5,50.0,missing,3.75,860.0,0.094,290.0,2.020222182019865,Mangat and Elgarf (1999a)
R,SS_FPB_MONO,0.0,100.0,150.0,910.0,860.0,25.0,25.0,0.0,ST,2.0,10.0,1.047,0.0,0.0,D,H-90,0.0,484.32,562.12,0.0,0.0,missing,0.0,0.0,0.0,0.0,OPC,0.53,10.0,Cube,40.0,IC,External galvanised steel tray,910.0,1000.0,6.0,3.5,50.0,missing,3.75,860.0,0.094,290.0,2.020222182019865,Mangat and Elgarf (1999a)
R,SS_FPB_MONO,0.0,100.0,150.0,910.0,860.0,25.0,25.0,0.0,ST,2.0,10.0,1.047,0.0,0.0,D,H-90,0.0,484.32,562.12,0.0,0.0,missing,0.0,0.0,0.0,0.0,OPC,0.53,10.0,Cube,40.0,IC,External galvanised steel tray,910.0,1000.0,6.0,3.5,50.0,missing,3.75,860.0,0.094,290.0,2.020222182019865,Mangat and Elgarf (1999a)
R,SS_FPB_MONO,0.0,100.0,150.0,910.0,860.0,25.0,25.0,0.0,ST,2.0,10.0,1.047,0.0,0.0,D,H-90,0.0,472.42,550.16,0.0,0.0,missing,0.0,0.0,0.0,0.0,OPC,0.53,10.0,Cube,40.0,IC,External galvanised steel tray,910.0,1000.0,8.0,3.5,50.0,missing,5.0,860.0,0.125,290.0,1.9459101490553132,Mangat and Elgarf (1999a)
R,SS_FPB_MONO,0.0,100.0,150.0,910.0,860.0,25.0,25.0,0.0,ST,2.0,10.0,1.047,0.0,0.0,D,H-90,0.0,472.42,550.16,0.0,0.0,missing,0.0,0.0,0.0,0.0,OPC,0.53,10.0,Cube,40.0,IC,External galvanised steel tray,910.0,1000.0,8.0,3.5,50.0,missing,5.0,860.0,0.125,290.0,1.9459101490553132,Mangat and Elgarf (1999a)
R,SS_FPB_MONO,0.0,100.0,150.0,910.0,860.0,25.0,25.0,0.0,ST,2.0,10.0,1.047,0.0,0.0,D,H-90,0.0,472.42,550.16,0.0,0.0,missing,0.0,0.0,0.0,0.0,OPC,0.53,10.0,Cube,40.0,IC,External galvanised steel tray,910.0,1000.0,8.0,3.5,50.0,missing,5.0,860.0,0.125,290.0,1.9459101490553132,Mangat and Elgarf (1999a)
R,SS_FPB_MONO,0.0,100.0,150.0,910.0,860.0,25.0,25.0,0.0,ST,2.0,10.0,1.047,0.0,0.0,D,H-90,0.0,448.63,526.24,0.0,0.0,missing,0.0,0.0,0.0,0.0,OPC,0.53,10.0,Cube,40.0,IC,External galvanised steel tray,910.0,1000.0,12.0,3.5,50.0,missing,7.5,860.0,0.188,290.0,1.7119945007591924,Mangat and Elgarf (1999a)
R,SS_FPB_MONO,0.0,100.0,150.0,910.0,860.0,25.0,25.0,0.0,ST,2.0,10.0,1.047,0.0,0.0,D,H-90,0.0,448.63,526.24,0.0,0.0,missing,0.0,0.0,0.0,0.0,OPC,0.53,10.0,Cube,40.0,IC,External galvanised steel tray,910.0,1000.0,12.0,3.5,50.0,missing,7.5,860.0,0.188,290.0,1.7119945007591924,Mangat and Elgarf (1999a)
R,SS_FPB_MONO,0.0,100.0,150.0,910.0,860.0,25.0,25.0,0.0,ST,2.0,10.0,1.047,0.0,0.0,D,H-90,0.0,448.63,526.24,0.0,0.0,missing,0.0,0.0,0.0,0.0,OPC,0.53,10.0,Cube,40.0,IC,External galvanised steel tray,910.0,1000.0,12.0,3.5,50.0,missing,7.5,860.0,0.188,290.0,1.7119945007591924,Mangat and Elgarf (1999a)
R,SS_FPB_MONO,0.0,100.0,150.0,910.0,860.0,25.0,25.0,0.0,ST,2.0,10.0,1.047,0.0,0.0,D,H-90,0.0,424.84,502.32,0.0,0.0,missing,0.0,0.0,0.0,0.0,OPC,0.53,10.0,Cube,40.0,IC,External galvanised steel tray,910.0,1000.0,16.0,3.5,50.0,missing,10.0,860.0,0.25,290.0,1.3711807233098425,Mangat and Elgarf (1999a)
R,SS_FPB_MONO,0.0,100.0,150.0,910.0,860.0,25.0,25.0,0.0,ST,2.0,10.0,1.047,0.0,0.0,D,H-90,0.0,424.84,502.32,0.0,0.0,missing,0.0,0.0,0.0,0.0,OPC,0.53,10.0,Cube,40.0,IC,External galvanised steel tray,910.0,1000.0,16.0,3.5,50.0,missing,10.0,860.0,0.25,290.0,1.3711807233098425,Mangat and Elgarf (1999a)
R,SS_FPB_MONO,0.0,100.0,150.0,910.0,860.0,25.0,25.0,0.0,ST,2.0,10.0,1.047,0.0,0.0,D,H-90,0.0,424.84,502.32,0.0,0.0,missing,0.0,0.0,0.0,0.0,OPC,0.53,10.0,Cube,40.0,IC,External galvanised steel tray,910.0,1000.0,16.0,3.5,50.0,missing,10.0,860.0,0.25,290.0,1.3711807233098425,Mangat and Elgarf (1999a)
R,SS_FPB_MONO,0.0,100.0,150.0,910.0,860.0,25.0,25.0,0.0,ST,2.0,10.0,1.047,0.0,0.0,D,H-90,0.0,508.11,586.04,0.0,0.0,missing,0.0,0.0,0.0,0.0,OPC,0.53,10.0,Cube,40.0,IC,External galvanised steel tray,910.0,2000.0,1.0,3.5,50.0,missing,1.25,860.0,0.031,290.0,2.178155014615869,Mangat and Elgarf (1999a)
R,SS_FPB_MONO,0.0,100.0,150.0,910.0,860.0,25.0,25.0,0.0,ST,2.0,10.0,1.047,0.0,0.0,D,H-90,0.0,508.11,586.04,0.0,0.0,missing,0.0,0.0,0.0,0.0,OPC,0.53,10.0,Cube,40.0,IC,External galvanised steel tray,910.0,2000.0,1.0,3.5,50.0,missing,1.25,860.0,0.031,290.0,2.178155014615869,Mangat and Elgarf (1999a)
R,SS_FPB_MONO,0.0,100.0,150.0,910.0,860.0,25.0,25.0,0.0,ST,2.0,10.0,1.047,0.0,0.0,D,H-90,0.0,508.11,586.04,0.0,0.0,missing,0.0,0.0,0.0,0.0,OPC,0.53,10.0,Cube,40.0,IC,External galvanised steel tray,910.0,2000.0,1.0,3.5,50.0,missing,1.25,860.0,0.031,290.0,2.178155014615869,Mangat and Elgarf (1999a)
R,SS_FPB_MONO,0.0,100.0,150.0,910.0,860.0,25.0,25.0,0.0,ST,2.0,10.0,1.047,0.0,0.0,D,H-90,0.0,496.21,574.08,0.0,0.0,missing,0.0,0.0,0.0,0.0,OPC,0.53,10.0,Cube,40.0,IC,External galvanised steel tray,910.0,2000.0,2.0,3.5,50.0,missing,2.5,860.0,0.063,290.0,2.1102132003465894,Mangat and Elgarf (1999a)
R,SS_FPB_MONO,0.0,100.0,150.0,910.0,860.0,25.0,25.0,0.0,ST,2.0,10.0,1.047,0.0,0.0,D,H-90,0.0,496.21,574.08,0.0,0.0,missing,0.0,0.0,0.0,0.0,OPC,0.53,10.0,Cube,40.0,IC,External galvanised steel tray,910.0,2000.0,2.0,3.5,50.0,missing,2.5,860.0,0.063,290.0,2.1102132003465894,Mangat and Elgarf (1999a)
R,SS_FPB_MONO,0.0,100.0,150.0,910.0,860.0,25.0,25.0,0.0,ST,2.0,10.0,1.047,0.0,0.0,D,H-90,0.0,496.21,574.08,0.0,0.0,missing,0.0,0.0,0.0,0.0,OPC,0.53,10.0,Cube,40.0,IC,External galvanised steel tray,910.0,2000.0,2.0,3.5,50.0,missing,2.5,860.0,0.063,290.0,2.1102132003465894,Mangat and Elgarf (1999a)
R,SS_FPB_MONO,0.0,100.0,150.0,910.0,860.0,25.0,25.0,0.0,ST,2.0,10.0,1.047,0.0,0.0,D,H-90,0.0,484.32,562.12,0.0,0.0,missing,0.0,0.0,0.0,0.0,OPC,0.53,10.0,Cube,40.0,IC,External galvanised steel tray,910.0,2000.0,3.0,3.5,50.0,missing,3.75,860.0,0.094,290.0,2.0068708488450007,Mangat and Elgarf (1999a)
R,SS_FPB_MONO,0.0,100.0,150.0,910.0,860.0,25.0,25.0,0.0,ST,2.0,10.0,1.047,0.0,0.0,D,H-90,0.0,484.32,562.12,0.0,0.0,missing,0.0,0.0,0.0,0.0,OPC,0.53,10.0,Cube,40.0,IC,External galvanised steel tray,910.0,2000.0,3.0,3.5,50.0,missing,3.75,860.0,0.094,290.0,2.0068708488450007,Mangat and Elgarf (1999a)
R,SS_FPB_MONO,0.0,100.0,150.0,910.0,860.0,25.0,25.0,0.0,ST,2.0,10.0,1.047,0.0,0.0,D,H-90,0.0,484.32,562.12,0.0,0.0,missing,0.0,0.0,0.0,0.0,OPC,0.53,10.0,Cube,40.0,IC,External galvanised steel tray,910.0,2000.0,3.0,3.5,50.0,missing,3.75,860.0,0.094,290.0,2.0068708488450007,Mangat and Elgarf (1999a)
R,SS_FPB_MONO,0.0,100.0,150.0,910.0,860.0,25.0,25.0,0.0,ST,2.0,10.0,1.047,0.0,0.0,D,H-90,0.0,472.42,550.16,0.0,0.0,missing,0.0,0.0,0.0,0.0,OPC,0.53,10.0,Cube,40.0,IC,External galvanised steel tray,910.0,2000.0,4.0,3.5,50.0,missing,5.0,860.0,0.125,290.0,1.9065751436566365,Mangat and Elgarf (1999a)
R,SS_FPB_MONO,0.0,100.0,150.0,910.0,860.0,25.0,25.0,0.0,ST,2.0,10.0,1.047,0.0,0.0,D,H-90,0.0,472.42,550.16,0.0,0.0,missing,0.0,0.0,0.0,0.0,OPC,0.53,10.0,Cube,40.0,IC,External galvanised steel tray,910.0,2000.0,4.0,3.5,50.0,missing,5.0,860.0,0.125,290.0,1.9065751436566365,Mangat and Elgarf (1999a)
R,SS_FPB_MONO,0.0,100.0,150.0,910.0,860.0,25.0,25.0,0.0,ST,2.0,10.0,1.047,0.0,0.0,D,H-90,0.0,472.42,550.16,0.0,0.0,missing,0.0,0.0,0.0,0.0,OPC,0.53,10.0,Cube,40.0,IC,External galvanised steel tray,910.0,2000.0,4.0,3.5,50.0,missing,5.0,860.0,0.125,290.0,1.9065751436566365,Mangat and Elgarf (1999a)
R,SS_FPB_MONO,0.0,100.0,150.0,910.0,860.0,25.0,25.0,0.0,ST,2.0,10.0,1.047,0.0,0.0,D,H-90,0.0,448.63,526.24,0.0,0.0,missing,0.0,0.0,0.0,0.0,OPC,0.53,10.0,Cube,40.0,IC,External galvanised steel tray,910.0,2000.0,6.0,3.5,50.0,missing,7.5,860.0,0.188,290.0,1.5748464676644813,Mangat and Elgarf (1999a)
R,SS_FPB_MONO,0.0,100.0,150.0,910.0,860.0,25.0,25.0,0.0,ST,2.0,10.0,1.047,0.0,0.0,D,H-90,0.0,448.63,526.24,0.0,0.0,missing,0.0,0.0,0.0,0.0,OPC,0.53,10.0,Cube,40.0,IC,External galvanised steel tray,910.0,2000.0,6.0,3.5,50.0,missing,7.5,860.0,0.188,290.0,1.5748464676644813,Mangat and Elgarf (1999a)
R,SS_FPB_MONO,0.0,100.0,150.0,910.0,860.0,25.0,25.0,0.0,ST,2.0,10.0,1.047,0.0,0.0,D,H-90,0.0,448.63,526.24,0.0,0.0,missing,0.0,0.0,0.0,0.0,OPC,0.53,10.0,Cube,40.0,IC,External galvanised steel tray,910.0,2000.0,6.0,3.5,50.0,missing,7.5,860.0,0.188,290.0,1.5748464676644813,Mangat and Elgarf (1999a)
R,SS_FPB_MONO,0.0,100.0,150.0,910.0,860.0,25.0,25.0,0.0,ST,2.0,10.0,1.047,0.0,0.0,D,H-90,0.0,424.84,502.32,0.0,0.0,missing,0.0,0.0,0.0,0.0,OPC,0.53,10.0,Cube,40.0,IC,External galvanised steel tray,910.0,2000.0,8.0,3.5,50.0,missing,10.0,860.0,0.25,290.0,1.2837077723447896,Mangat and Elgarf (1999a)
R,SS_FPB_MONO,0.0,100.0,150.0,910.0,860.0,25.0,25.0,0.0,ST,2.0,10.0,1.047,0.0,0.0,D,H-90,0.0,424.84,502.32,0.0,0.0,missing,0.0,0.0,0.0,0.0,OPC,0.53,10.0,Cube,40.0,IC,External galvanised steel tray,910.0,2000.0,8.0,3.5,50.0,missing,10.0,860.0,0.25,290.0,1.2837077723447896,Mangat and Elgarf (1999a)
R,SS_FPB_MONO,0.0,100.0,150.0,910.0,860.0,25.0,25.0,0.0,ST,2.0,10.0,1.047,0.0,0.0,D,H-90,0.0,424.84,502.32,0.0,0.0,missing,0.0,0.0,0.0,0.0,OPC,0.53,10.0,Cube,40.0,IC,External galvanised steel tray,910.0,2000.0,8.0,3.5,50.0,missing,10.0,860.0,0.25,290.0,1.2837077723447896,Mangat and Elgarf (1999a)
R,SS_FPB_MONO,0.0,100.0,150.0,910.0,860.0,25.0,25.0,0.0,ST,2.0,10.0,1.047,0.0,0.0,D,H-90,0.0,508.11,586.04,0.0,0.0,missing,0.0,0.0,0.0,0.0,OPC,0.53,10.0,Cube,40.0,IC,External galvanised steel tray,910.0,4000.0,0.5,3.5,50.0,missing,1.25,860.0,0.031,290.0,2.1644717908644115,Mangat and Elgarf (1999a)
R,SS_FPB_MONO,0.0,100.0,150.0,910.0,860.0,25.0,25.0,0.0,ST,2.0,10.0,1.047,0.0,0.0,D,H-90,0.0,508.11,586.04,0.0,0.0,missing,0.0,0.0,0.0,0.0,OPC,0.53,10.0,Cube,40.0,IC,External galvanised steel tray,910.0,4000.0,0.5,3.5,50.0,missing,1.25,860.0,0.031,290.0,2.1644717908644115,Mangat and Elgarf (1999a)
R,SS_FPB_MONO,0.0,100.0,150.0,910.0,860.0,25.0,25.0,0.0,ST,2.0,10.0,1.047,0.0,0.0,D,H-90,0.0,508.11,586.04,0.0,0.0,missing,0.0,0.0,0.0,0.0,OPC,0.53,10.0,Cube,40.0,IC,External galvanised steel tray,910.0,4000.0,0.5,3.5,50.0,missing,1.25,860.0,0.031,290.0,2.1644717908644115,Mangat and Elgarf (1999a)
R,SS_FPB_MONO,0.0,100.0,150.0,910.0,860.0,25.0,25.0,0.0,ST,2.0,10.0,1.047,0.0,0.0,D,H-90,0.0,496.21,574.08,0.0,0.0,missing,0.0,0.0,0.0,0.0,OPC,0.53,10.0,Cube,40.0,IC,External galvanised steel tray,910.0,4000.0,1.0,3.5,50.0,missing,2.5,860.0,0.063,290.0,2.057962510002712,Mangat and Elgarf (1999a)
R,SS_FPB_MONO,0.0,100.0,150.0,910.0,860.0,25.0,25.0,0.0,ST,2.0,10.0,1.047,0.0,0.0,D,H-90,0.0,496.21,574.08,0.0,0.0,missing,0.0,0.0,0.0,0.0,OPC,0.53,10.0,Cube,40.0,IC,External galvanised steel tray,910.0,4000.0,1.0,3.5,50.0,missing,2.5,860.0,0.063,290.0,2.057962510002712,Mangat and Elgarf (1999a)
R,SS_FPB_MONO,0.0,100.0,150.0,910.0,860.0,25.0,25.0,0.0,ST,2.0,10.0,1.047,0.0,0.0,D,H-90,0.0,496.21,574.08,0.0,0.0,missing,0.0,0.0,0.0,0.0,OPC,0.53,10.0,Cube,40.0,IC,External galvanised steel tray,910.0,4000.0,1.0,3.5,50.0,missing,2.5,860.0,0.063,290.0,2.057962510002712,Mangat and Elgarf (1999a)
R,SS_FPB_MONO,0.0,100.0,150.0,910.0,860.0,25.0,25.0,0.0,ST,2.0,10.0,1.047,0.0,0.0,D,H-90,0.0,484.32,562.12,0.0,0.0,missing,0.0,0.0,0.0,0.0,OPC,0.53,10.0,Cube,40.0,IC,External galvanised steel tray,910.0,4000.0,1.5,3.5,50.0,missing,3.75,860.0,0.094,290.0,1.9530276168241774,Mangat and Elgarf (1999a)
R,SS_FPB_MONO,0.0,100.0,150.0,910.0,860.0,25.0,25.0,0.0,ST,2.0,10.0,1.047,0.0,0.0,D,H-90,0.0,484.32,562.12,0.0,0.0,missing,0.0,0.0,0.0,0.0,OPC,0.53,10.0,Cube,40.0,IC,External galvanised steel tray,910.0,4000.0,1.5,3.5,50.0,missing,3.75,860.0,0.094,290.0,1.9530276168241774,Mangat and Elgarf (1999a)
R,SS_FPB_MONO,0.0,100.0,150.0,910.0,860.0,25.0,25.0,0.0,ST,2.0,10.0,1.047,0.0,0.0,D,H-90,0.0,484.32,562.12,0.0,0.0,missing,0.0,0.0,0.0,0.0,OPC,0.53,10.0,Cube,40.0,IC,External galvanised steel tray,910.0,4000.0,1.5,3.5,50.0,missing,3.75,860.0,0.094,290.0,1.9530276168241774,Mangat and Elgarf (1999a)
R,SS_FPB_MONO,0.0,100.0,150.0,910.0,860.0,25.0,25.0,0.0,ST,2.0,10.0,1.047,0.0,0.0,D,H-90,0.0,472.42,550.16,0.0,0.0,missing,0.0,0.0,0.0,0.0,OPC,0.53,10.0,Cube,40.0,IC,External galvanised steel tray,910.0,4000.0,2.0,3.5,50.0,missing,5.0,860.0,0.125,290.0,1.7698546338400052,Mangat and Elgarf (1999a)
R,SS_FPB_MONO,0.0,100.0,150.0,910.0,860.0,25.0,25.0,0.0,ST,2.0,10.0,1.047,0.0,0.0,D,H-90,0.0,472.42,550.16,0.0,0.0,missing,0.0,0.0,0.0,0.0,OPC,0.53,10.0,Cube,40.0,IC,External galvanised steel tray,910.0,4000.0,2.0,3.5,50.0,missing,5.0,860.0,0.125,290.0,1.7698546338400052,Mangat and Elgarf (1999a)
R,SS_FPB_MONO,0.0,100.0,150.0,910.0,860.0,25.0,25.0,0.0,ST,2.0,10.0,1.047,0.0,0.0,D,H-90,0.0,472.42,550.16,0.0,0.0,missing,0.0,0.0,0.0,0.0,OPC,0.53,10.0,Cube,40.0,IC,External galvanised steel tray,910.0,4000.0,2.0,3.5,50.0,missing,5.0,860.0,0.125,290.0,1.7698546338400052,Mangat and Elgarf (1999a)
R,SS_FPB_MONO,0.0,100.0,150.0,910.0,860.0,25.0,25.0,0.0,ST,2.0,10.0,1.047,0.0,0.0,D,H-90,0.0,448.63,526.24,0.0,0.0,missing,0.0,0.0,0.0,0.0,OPC,0.53,10.0,Cube,40.0,IC,External galvanised steel tray,910.0,4000.0,3.0,3.5,50.0,missing,7.5,860.0,0.188,290.0,1.4085449700547104,Mangat and Elgarf (1999a)
R,SS_FPB_MONO,0.0,100.0,150.0,910.0,860.0,25.0,25.0,0.0,ST,2.0,10.0,1.047,0.0,0.0,D,H-90,0.0,448.63,526.24,0.0,0.0,missing,0.0,0.0,0.0,0.0,OPC,0.53,10.0,Cube,40.0,IC,External galvanised steel tray,910.0,4000.0,3.0,3.5,50.0,missing,7.5,860.0,0.188,290.0,1.4085449700547104,Mangat and Elgarf (1999a)
R,SS_FPB_MONO,0.0,100.0,150.0,910.0,860.0,25.0,25.0,0.0,ST,2.0,10.0,1.047,0.0,0.0,D,H-90,0.0,448.63,526.24,0.0,0.0,missing,0.0,0.0,0.0,0.0,OPC,0.53,10.0,Cube,40.0,IC,External galvanised steel tray,910.0,4000.0,3.0,3.5,50.0,missing,7.5,860.0,0.188,290.0,1.4085449700547104,Mangat and Elgarf (1999a)
R,SS_FPB_MONO,0.0,100.0,150.0,910.0,860.0,25.0,25.0,0.0,ST,2.0,10.0,1.047,0.0,0.0,D,H-90,0.0,424.84,502.32,0.0,0.0,missing,0.0,0.0,0.0,0.0,OPC,0.53,10.0,Cube,40.0,IC,External galvanised steel tray,910.0,4000.0,4.0,3.5,50.0,missing,10.0,860.0,0.25,290.0,0.7419373447293773,Mangat and Elgarf (1999a)
R,SS_FPB_MONO,0.0,100.0,150.0,910.0,860.0,25.0,25.0,0.0,ST,2.0,10.0,1.047,0.0,0.0,D,H-90,0.0,424.84,502.32,0.0,0.0,missing,0.0,0.0,0.0,0.0,OPC,0.53,10.0,Cube,40.0,IC,External galvanised steel tray,910.0,4000.0,4.0,3.5,50.0,missing,10.0,860.0,0.25,290.0,0.7419373447293773,Mangat and Elgarf (1999a)
R,SS_FPB_MONO,0.0,100.0,150.0,910.0,860.0,25.0,25.0,0.0,ST,2.0,10.0,1.047,0.0,0.0,D,H-90,0.0,424.84,502.32,0.0,0.0,missing,0.0,0.0,0.0,0.0,OPC,0.53,10.0,Cube,40.0,IC,External galvanised steel tray,910.0,4000.0,4.0,3.5,50.0,missing,10.0,860.0,0.25,290.0,0.7419373447293773,Mangat and Elgarf (1999a)
R,SS_FPB_MONO,0.0,100.0,150.0,910.0,860.0,25.0,25.0,0.0,ST,2.0,10.0,1.047,0.0,0.0,D,H-90,0.0,472.42,550.16,0.0,0.0,missing,0.0,0.0,0.0,0.0,OPC,0.53,10.0,Cube,40.0,IC,External galvanised steel tray,910.0,3000.0,2.7,3.5,50.0,missing,5.0,860.0,0.125,290.0,1.884034745337226,Mangat and Elgarf (1999a)
R,SS_FPB_MONO,0.0,100.0,150.0,910.0,860.0,25.0,25.0,0.0,ST,2.0,10.0,1.047,0.0,0.0,D,H-90,0.0,472.42,550.16,0.0,0.0,missing,0.0,0.0,0.0,0.0,OPC,0.53,10.0,Cube,40.0,IC,External galvanised steel tray,910.0,3000.0,2.7,3.5,50.0,missing,5.0,860.0,0.125,290.0,1.884034745337226,Mangat and Elgarf (1999a)
R,SS_FPB_MONO,0.0,100.0,150.0,910.0,860.0,25.0,25.0,0.0,ST,2.0,10.0,1.047,0.0,0.0,D,H-90,0.0,472.42,550.16,0.0,0.0,missing,0.0,0.0,0.0,0.0,OPC,0.53,10.0,Cube,40.0,IC,External galvanised steel tray,910.0,3000.0,2.7,3.5,50.0,missing,5.0,860.0,0.125,290.0,1.9198594718553708,Mangat and Elgarf (1999a)
R,SS_FPB_MONO,0.0,100.0,150.0,910.0,860.0,25.0,25.0,0.0,ST,2.0,10.0,1.047,0.0,0.0,D,H-90,0.0,472.42,550.16,0.0,0.0,missing,0.0,0.0,0.0,0.0,OPC,0.53,10.0,Cube,40.0,IC,External galvanised steel tray,910.0,3000.0,2.7,3.5,50.0,missing,5.0,860.0,0.125,290.0,1.9198594718553708,Mangat and Elgarf (1999a)
R,SS_FPB_MONO,0.0,100.0,150.0,910.0,860.0,25.0,25.0,0.0,ST,2.0,10.0,1.047,0.0,0.0,D,H-90,0.0,472.42,550.16,0.0,0.0,missing,0.0,0.0,0.0,0.0,OPC,0.53,10.0,Cube,40.0,IC,External galvanised steel tray,910.0,3000.0,2.7,3.5,50.0,missing,5.0,860.0,0.125,290.0,1.8961194845522977,Mangat and Elgarf (1999a)
R,SS_FPB_MONO,0.0,100.0,150.0,910.0,860.0,25.0,25.0,0.0,ST,2.0,10.0,1.047,0.0,0.0,D,H-90,0.0,472.42,550.16,0.0,0.0,missing,0.0,0.0,0.0,0.0,OPC,0.53,10.0,Cube,40.0,IC,External galvanised steel tray,910.0,3000.0,2.7,3.5,50.0,missing,5.0,860.0,0.125,290.0,1.8961194845522977,Mangat and Elgarf (1999a)
R,SS_FPB_MONO,0.0,100.0,150.0,910.0,860.0,25.0,25.0,0.0,ST,2.0,10.0,1.047,0.0,0.0,D,H-90,0.0,472.42,550.16,0.0,0.0,missing,0.0,0.0,0.0,0.0,OPC,0.53,10.0,Cube,40.0,IC,External galvanised steel tray,910.0,3000.0,2.7,3.5,50.0,missing,5.0,860.0,0.125,290.0,1.8718021769015913,Mangat and Elgarf (1999a)
R,SS_FPB_MONO,0.0,100.0,150.0,910.0,860.0,25.0,25.0,0.0,ST,2.0,10.0,1.047,0.0,0.0,D,H-90,0.0,472.42,550.16,0.0,0.0,missing,0.0,0.0,0.0,0.0,OPC,0.53,10.0,Cube,40.0,IC,External galvanised steel tray,910.0,3000.0,2.7,3.5,50.0,missing,5.0,860.0,0.125,290.0,1.8718021769015913,Mangat and Elgarf (1999a)
R,SS_TPB_MONO_SUST,50.0,150.0,280.0,3000.0,2860.0,26.0,22.0,19.0,T_C,2.0,12.0,0.539,2.0,6.0,D,S,0.0,550.0,605.0,0.135,2.0,P,220.0,6.0,550.0,0.171,OPC-HP,0.5,15.0,Cylinder,65.3,C,Control,0.0,0.0,0.0,3.5,280.0,missing,0.0,0.0,0.0,1430.0,3.653511310276145,Castel et al. (2000a)
R,SS_TPB_MONO_SUST,50.0,150.0,280.0,3000.0,2860.0,26.0,22.0,19.0,T_C,2.0,12.0,0.539,2.0,6.0,D,S,0.0,438.9,474.32,0.135,2.0,P,220.0,6.0,550.0,0.171,OPC-HP,0.5,15.0,Cylinder,63.4,EI,missing,3000.0,1.8,4748.0,3.5,280.0,7:7,20.0,300.0,0.6,1430.0,3.402196881995239,Castel et al. (2000a)
S,SS_FPB_MONO,0.0,150.0,150.0,1140.0,900.0,22.5,22.5,15.0,T_C,2.0,12.0,1.005,2.0,6.0,D,H-90,0.0,428.0,650.0,0.251,2.0,P,100.0,6.0,235.0,0.377,OPC,0.55,,Cube,22.1,C,Control,0.0,,,0.0,0.0,missing,0.0,0.0,0.0,300.0,2.322387720290225,Jin and Zhao (2001)
S,SS_FPB_MONO,0.0,150.0,150.0,1140.0,900.0,22.5,22.5,15.0,T_C,2.0,12.0,1.005,2.0,6.0,D,H-90,0.0,423.77,644.38,0.251,2.0,P,100.0,6.0,235.0,0.377,OPC,0.55,,Cube,22.1,IC,External stainless steel plate,1140.0,,,5.0,50.0,missing,0.54,1140.0,0.016,300.0,2.254444717666111,Jin and Zhao (2001)
S,SS_FPB_MONO,0.0,150.0,150.0,1140.0,900.0,22.5,22.5,15.0,T_C,2.0,12.0,1.005,2.0,6.0,D,H-90,0.0,410.69,627.02,0.251,2.0,P,100.0,6.0,235.0,0.377,OPC,0.55,,Cube,22.1,IC,External stainless steel plate,1140.0,,,5.0,50.0,missing,2.21,1140.0,0.066,300.0,2.286455711064162,Jin and Zhao (2001)
S,SS_FPB_MONO,0.0,150.0,150.0,1140.0,900.0,22.5,22.5,15.0,T_C,2.0,12.0,1.005,2.0,6.0,D,H-90,0.0,418.29,637.1,0.251,2.0,P,100.0,6.0,235.0,0.377,OPC,0.55,,Cube,22.1,IC,External stainless steel plate,1140.0,,,5.0,50.0,missing,1.24,1140.0,0.037,300.0,2.2321626286975,Jin and Zhao (2001)
S,SS_FPB_MONO,0.0,150.0,150.0,1140.0,900.0,22.5,22.5,15.0,T_C,2.0,12.0,1.005,2.0,6.0,D,H-90,0.0,418.29,637.1,0.251,2.0,P,100.0,6.0,235.0,0.377,OPC,0.55,,Cube,22.1,IC,External stainless steel plate,1140.0,,,5.0,50.0,missing,1.24,1140.0,0.037,300.0,2.329227023940467,Jin and Zhao (2001)
S,SS_FPB_MONO,0.0,150.0,150.0,1140.0,900.0,22.5,22.5,15.0,T_C,2.0,12.0,1.005,2.0,6.0,D,H-90,0.0,418.05,636.79,0.251,2.0,P,100.0,6.0,235.0,0.377,OPC,0.55,,Cube,22.1,IC,External stainless steel plate,1140.0,,,5.0,50.0,missing,1.27,1140.0,0.038,300.0,2.254444717666111,Jin and Zhao (2001)
S,SS_FPB_MONO,0.0,150.0,150.0,1140.0,900.0,22.5,22.5,15.0,T_C,2.0,12.0,1.005,2.0,6.0,D,H-90,0.0,411.16,627.64,0.251,2.0,P,100.0,6.0,235.0,0.377,OPC,0.55,,Cube,22.1,IC,External stainless steel plate,1140.0,,,5.0,50.0,missing,2.15,1140.0,0.065,300.0,2.187174241482718,Jin and Zhao (2001)
S,SS_FPB_MONO,0.0,150.0,150.0,1140.0,900.0,22.5,22.5,15.0,T_C,2.0,12.0,1.005,2.0,6.0,D,H-90,0.0,405.91,620.67,0.251,2.0,P,100.0,6.0,235.0,0.377,OPC,0.55,,Cube,22.1,IC,External stainless steel plate,1140.0,,,5.0,50.0,missing,2.82,1140.0,0.085,300.0,2.2049722641270453,Jin and Zhao (2001)
S,SS_FPB_MONO,0.0,150.0,150.0,1140.0,900.0,22.5,22.5,15.0,T_C,2.0,12.0,1.005,2.0,6.0,D,H-90,0.0,405.83,620.57,0.251,2.0,P,100.0,6.0,235.0,0.377,OPC,0.55,,Cube,22.1,IC,External stainless steel plate,1140.0,,,5.0,50.0,missing,2.83,1140.0,0.085,300.0,2.254444717666111,Jin and Zhao (2001)
S,SS_FPB_MONO,0.0,150.0,150.0,1140.0,900.0,22.5,22.5,15.0,T_C,2.0,12.0,1.005,2.0,6.0,D,H-90,0.0,405.44,620.05,0.251,2.0,P,100.0,6.0,235.0,0.377,OPC,0.55,,Cube,22.1,IC,External stainless steel plate,1140.0,,,5.0,50.0,missing,2.88,1140.0,0.086,300.0,2.162172939277301,Jin and Zhao (2001)
S,SS_FPB_MONO,0.0,150.0,150.0,1140.0,900.0,22.5,22.5,15.0,T_C,2.0,12.0,1.005,2.0,6.0,D,H-90,0.0,400.98,614.12,0.251,2.0,P,100.0,6.0,235.0,0.377,OPC,0.55,,Cube,22.1,IC,External stainless steel plate,1140.0,,,5.0,50.0,missing,3.45,1140.0,0.104,300.0,2.162172939277301,Jin and Zhao (2001)
S,SS_FPB_MONO,0.0,150.0,150.0,1140.0,900.0,22.5,22.5,15.0,T_C,2.0,12.0,1.005,2.0,6.0,D,H-90,0.0,395.57,606.94,0.251,2.0,P,100.0,6.0,235.0,0.377,OPC,0.55,,Cube,22.1,IC,External stainless steel plate,1140.0,,,5.0,50.0,missing,4.14,1140.0,0.124,300.0,2.1041341542702074,Jin and Zhao (2001)
S,SS_FPB_MONO,0.0,150.0,150.0,1140.0,900.0,22.5,22.5,15.0,T_C,2.0,12.0,1.005,2.0,6.0,D,H-90,0.0,387.27,595.92,0.251,2.0,P,100.0,6.0,235.0,0.377,OPC,0.55,,Cube,22.1,IC,External stainless steel plate,1140.0,,,5.0,50.0,missing,5.2,1140.0,0.156,300.0,2.162172939277301,Jin and Zhao (2001)
S,SS_FPB_MONO,0.0,150.0,150.0,1140.0,900.0,22.5,22.5,15.0,T_C,2.0,12.0,1.005,2.0,6.0,D,H-90,0.0,380.85,587.39,0.251,2.0,P,100.0,6.0,235.0,0.377,OPC,0.55,,Cube,22.1,IC,External stainless steel plate,1140.0,,,5.0,50.0,missing,6.02,1140.0,0.181,300.0,2.048982334195127,Jin and Zhao (2001)
S,SS_FPB_MONO,0.0,150.0,150.0,1140.0,900.0,22.5,22.5,15.0,T_C,2.0,12.0,1.005,2.0,6.0,D,S,0.0,428.0,650.0,0.251,2.0,P,100.0,6.0,235.0,0.377,OPC,0.55,,Cube,22.1,C,Control,0.0,,,0.0,0.0,missing,0.0,1140.0,0.0,300.0,2.2935443483418965,Jin and Zhao (2001)
S,SS_FPB_MONO,0.0,150.0,150.0,1140.0,900.0,22.5,22.5,15.0,T_C,2.0,12.0,1.005,2.0,6.0,D,S,0.0,390.01,599.56,0.251,2.0,P,100.0,6.0,235.0,0.377,OPC,0.55,,Cube,22.1,IC,External stainless steel plate,1140.0,,,5.0,50.0,missing,4.85,1140.0,0.146,300.0,2.1471001901536506,Jin and Zhao (2001)
S,SS_FPB_MONO,0.0,150.0,150.0,1140.0,900.0,22.5,22.5,15.0,T_C,2.0,12.0,1.005,2.0,6.0,D,S,0.0,384.3,591.97,0.251,2.0,P,100.0,6.0,235.0,0.377,OPC,0.55,,Cube,22.1,IC,External stainless steel plate,1140.0,,,5.0,50.0,missing,5.58,1140.0,0.167,300.0,2.1186622548331173,Jin and Zhao (2001)
R,SS_TPB_MONO,0.0,100.0,150.0,1500.0,1500.0,50.0,25.0,0.0,ST,1.0,10.0,0.524,0.0,0.0,D,S,0.0,415.0,664.0,0.0,0.0,missing,0.0,0.0,0.0,0.0,OPC,0.5,19.0,Cylinder,37.0,C,Control,0.0,0.0,0.0,0.0,0.0,missing,0.0,0.0,0.0,750.0,1.2267122912954254,Torres-Acosta et al. (2003)
R,SS_TPB_MONO,0.0,100.0,150.0,1500.0,1500.0,50.0,25.0,0.0,ST,1.0,10.0,0.524,0.0,0.0,D,S,0.0,415.0,664.0,0.0,0.0,missing,0.0,0.0,0.0,0.0,OPC,0.5,19.0,Cylinder,37.0,C,Control,0.0,0.0,0.0,0.0,0.0,missing,0.0,0.0,0.0,750.0,1.3987168811184478,Torres-Acosta et al. (2003)
R,SS_TPB_MONO,0.0,100.0,150.0,1500.0,1500.0,50.0,25.0,0.0,ST,1.0,10.0,0.524,0.0,0.0,D,S,0.0,310.27,517.5,0.0,0.0,missing,0.0,0.0,0.0,0.0,OPC,0.5,19.0,Cylinder,37.0,IC,Internal stainless steel rod,1000.0,200.0,80.0,3.5,150.0,missing,13.79,1000.0,0.345,750.0,1.2178757094949273,Torres-Acosta et al. (2003)
R,SS_TPB_MONO,0.0,100.0,150.0,1500.0,1500.0,50.0,25.0,0.0,ST,1.0,10.0,0.524,0.0,0.0,D,S,0.0,317.11,527.06,0.0,0.0,missing,0.0,0.0,0.0,0.0,OPC,0.5,19.0,Cylinder,37.0,IC,Internal stainless steel rod,250.0,200.0,80.0,3.5,150.0,missing,12.89,250.0,0.322,750.0,1.3428648031925547,Torres-Acosta et al. (2003)
R,SS_TPB_MONO,0.0,100.0,150.0,1500.0,1500.0,50.0,25.0,0.0,ST,1.0,10.0,0.524,0.0,0.0,D,S,0.0,311.64,519.41,0.0,0.0,missing,0.0,0.0,0.0,0.0,OPC,0.5,19.0,Cylinder,37.0,IC,Internal stainless steel rod,250.0,200.0,80.0,3.5,150.0,missing,13.61,250.0,0.34,750.0,1.269760544863939,Torres-Acosta et al. (2003)
R,SS_TPB_MONO,0.0,100.0,150.0,1500.0,1500.0,50.0,25.0,0.0,ST,1.0,10.0,0.524,0.0,0.0,D,S,0.0,217.69,387.99,0.0,0.0,missing,0.0,0.0,0.0,0.0,OPC,0.5,19.0,Cylinder,37.0,IC,Internal stainless steel rod,250.0,200.0,180.0,3.5,150.0,missing,25.98,250.0,0.65,750.0,1.2178757094949273,Torres-Acosta et al. (2003)
R,SS_TPB_MONO,0.0,100.0,150.0,1500.0,1500.0,50.0,25.0,0.0,ST,1.0,10.0,0.524,0.0,0.0,D,S,0.0,257.57,443.76,0.0,0.0,missing,0.0,0.0,0.0,0.0,OPC,0.5,19.0,Cylinder,37.0,IC,Internal stainless steel rod,25.0,200.0,80.0,3.5,150.0,missing,20.73,25.0,0.518,750.0,1.2809338454620642,Torres-Acosta et al. (2003)
R,SS_TPB_MONO,0.0,100.0,150.0,1500.0,1500.0,50.0,25.0,0.0,ST,1.0,10.0,0.524,0.0,0.0,D,S,0.0,282.1,478.08,0.0,0.0,missing,0.0,0.0,0.0,0.0,OPC,0.5,19.0,Cylinder,37.0,IC,Internal stainless steel rod,25.0,200.0,80.0,3.5,150.0,missing,17.5,25.0,0.438,750.0,1.2383742310432684,Torres-Acosta et al. (2003)
R,SS_TPB_MONO,0.0,100.0,150.0,1500.0,1500.0,50.0,25.0,0.0,ST,1.0,10.0,0.524,0.0,0.0,D,S,0.0,312.55,520.68,0.0,0.0,missing,0.0,0.0,0.0,0.0,OPC,0.5,19.0,Cylinder,37.0,IC,Internal stainless steel rod,1000.0,200.0,80.0,3.5,150.0,missing,13.49,1000.0,0.337,750.0,1.3428648031925547,Torres-Acosta et al. (2003)
R,SS_TPB_MONO,0.0,100.0,150.0,1500.0,1500.0,50.0,25.0,0.0,ST,1.0,10.0,0.524,0.0,0.0,D,S,0.0,232.43,408.6,0.0,0.0,missing,0.0,0.0,0.0,0.0,OPC,0.5,19.0,Cylinder,37.0,IC,Internal stainless steel rod,250.0,200.0,180.0,3.5,150.0,missing,24.04,250.0,0.601,750.0,1.0612565021243408,Torres-Acosta et al. (2003)
R,SS_TPB_MONO,0.0,100.0,150.0,1500.0,1500.0,50.0,25.0,0.0,ST,1.0,10.0,0.524,0.0,0.0,D,S,0.0,351.51,575.18,0.0,0.0,missing,0.0,0.0,0.0,0.0,OPC,0.5,19.0,Cylinder,37.0,IC,Internal stainless steel rod,250.0,200.0,40.0,3.5,150.0,missing,8.36,250.0,0.209,750.0,1.3029127521808397,Torres-Acosta et al. (2003)
R,SS_TPB_MONO,0.0,100.0,150.0,1500.0,1500.0,50.0,25.0,0.0,ST,1.0,10.0,0.524,0.0,0.0,D,S,0.0,353.03,577.31,0.0,0.0,missing,0.0,0.0,0.0,0.0,OPC,0.5,19.0,Cylinder,37.0,IC,Internal stainless steel rod,250.0,200.0,40.0,3.5,150.0,missing,8.16,250.0,0.204,750.0,1.269760544863939,Torres-Acosta et al. (2003)
R,SS_FPB_MONO,0.0,100.0,150.0,910.0,750.0,54.0,54.0,53.0,T_C,2.0,8.0,0.67,2.0,6.0,D,H-90,0.0,460.0,496.8,0.377,2.0,P,65.0,6.0,250.0,0.87,OPC,0.44,20.0,Cube,40.0,C,Control,0.0,0.0,0.0,0.0,0.0,missing,0.0,0.0,0.0,250.0,1.6448050562713916,O'Flaherty et al. (2004)
R,SS_FPB_MONO,0.0,100.0,150.0,910.0,750.0,54.0,54.0,53.0,T_C,2.0,8.0,0.67,2.0,6.0,D,H-90,0.0,460.0,496.8,0.377,2.0,P,65.0,6.0,250.0,0.87,OPC,0.44,20.0,Cube,40.0,C,Control,0.0,0.0,0.0,0.0,0.0,missing,0.0,0.0,0.0,250.0,1.6448050562713916,O'Flaherty et al. (2004)
R,SS_FPB_MONO,0.0,100.0,150.0,910.0,750.0,54.0,54.0,53.0,T_C,2.0,8.0,0.67,2.0,6.0,D,H-90,0.0,437.27,475.34,0.377,2.0,P,65.0,6.0,250.0,0.87,OPC,0.44,20.0,Cube,40.0,IC,Protected compression bars,750.0,1000.0,14.0,3.5,150.0,missing,2.7,750.0,0.054,250.0,1.6789639750827108,O'Flaherty et al. (2004)
R,SS_FPB_MONO,0.0,100.0,150.0,910.0,750.0,54.0,54.0,53.0,T_C,2.0,8.0,0.67,2.0,6.0,D,H-90,0.0,430.54,468.98,0.377,2.0,P,65.0,6.0,250.0,0.87,OPC,0.44,20.0,Cube,40.0,IC,Protected compression bars,750.0,1000.0,14.0,3.5,150.0,missing,3.5,750.0,0.07,250.0,1.589235205116581,O'Flaherty et al. (2004)
R,SS_FPB_MONO,0.0,100.0,150.0,910.0,750.0,54.0,54.0,53.0,T_C,2.0,8.0,0.67,2.0,6.0,D,H-90,0.0,415.38,454.67,0.377,2.0,P,65.0,6.0,250.0,0.87,OPC,0.44,20.0,Cube,40.0,IC,Protected compression bars,750.0,1000.0,14.0,3.5,150.0,missing,5.3,750.0,0.106,250.0,1.425515074273172,O'Flaherty et al. (2004)
R,SS_FPB_MONO,0.0,100.0,150.0,910.0,750.0,54.0,54.0,53.0,T_C,2.0,8.0,0.67,2.0,6.0,D,H-90,0.0,401.92,441.95,0.377,2.0,P,65.0,6.0,250.0,0.87,OPC,0.44,20.0,Cube,40.0,IC,Protected compression bars,750.0,1000.0,14.0,3.5,150.0,missing,6.9,750.0,0.138,250.0,1.4655675420143985,O'Flaherty et al. (2004)
R,SS_FPB_MONO,0.0,100.0,150.0,910.0,750.0,54.0,54.0,53.0,T_C,2.0,8.0,0.67,2.0,6.0,D,H-90,0.0,395.18,435.59,0.377,2.0,P,65.0,6.0,250.0,0.87,OPC,0.44,20.0,Cube,40.0,IC,Protected compression bars,750.0,1000.0,28.0,3.5,150.0,missing,7.7,750.0,0.154,250.0,1.4327007339340465,O'Flaherty et al. (2004)
R,SS_FPB_MONO,0.0,100.0,150.0,910.0,750.0,54.0,54.0,53.0,T_C,2.0,8.0,0.67,2.0,6.0,D,H-90,0.0,385.08,426.06,0.377,2.0,P,65.0,6.0,250.0,0.87,OPC,0.44,20.0,Cube,40.0,IC,Protected compression bars,750.0,1000.0,28.0,3.5,150.0,missing,8.9,750.0,0.178,250.0,1.1908875647772805,O'Flaherty et al. (2004)
R,SS_FPB_MONO,0.0,100.0,150.0,910.0,750.0,54.0,54.0,53.0,T_C,2.0,8.0,0.67,2.0,6.0,D,H-90,0.0,332.89,376.77,0.377,2.0,P,65.0,6.0,250.0,0.87,OPC,0.44,20.0,Cube,40.0,IC,Protected compression bars,750.0,1000.0,35.0,3.5,150.0,missing,15.1,750.0,0.302,250.0,0.7608058290337602,O'Flaherty et al. (2004)
R,SS_FPB_MONO,0.0,100.0,150.0,910.0,750.0,54.0,54.0,53.0,T_C,2.0,8.0,0.67,2.0,6.0,D,H-90,0.0,321.94,366.44,0.377,2.0,P,65.0,6.0,250.0,0.87,OPC,0.44,20.0,Cube,40.0,IC,Protected compression bars,750.0,1000.0,35.0,3.5,150.0,missing,16.4,750.0,0.328,250.0,0.23111172096338664,O'Flaherty et al. (2004)
R,SS_FPB_MONO,0.0,100.0,150.0,910.0,750.0,55.0,55.0,53.0,T_C,2.0,10.0,1.047,2.0,6.0,D,H-90,0.0,460.0,496.8,0.377,2.0,P,65.0,6.0,250.0,0.87,OPC,0.44,20.0,Cube,40.0,C,Control,0.0,0.0,0.0,0.0,0.0,missing,0.0,0.0,0.0,250.0,2.0541237336955462,O'Flaherty et al. (2004)
R,SS_FPB_MONO,0.0,100.0,150.0,910.0,750.0,55.0,55.0,53.0,T_C,2.0,10.0,1.047,2.0,6.0,D,H-90,0.0,460.0,496.8,0.377,2.0,P,65.0,6.0,250.0,0.87,OPC,0.44,20.0,Cube,40.0,C,Control,0.0,0.0,0.0,0.0,0.0,missing,0.0,0.0,0.0,250.0,2.0541237336955462,O'Flaherty et al. (2004)
R,SS_FPB_MONO,0.0,100.0,150.0,910.0,750.0,55.0,55.0,53.0,T_C,2.0,10.0,1.047,2.0,6.0,D,H-90,0.0,412.02,451.49,0.377,2.0,P,65.0,6.0,250.0,0.87,OPC,0.44,20.0,Cube,40.0,IC,Protected compression bars,750.0,1000.0,14.0,3.5,150.0,missing,5.7,750.0,0.143,250.0,2.064327903869788,O'Flaherty et al. (2004)
R,SS_FPB_MONO,0.0,100.0,150.0,910.0,750.0,55.0,55.0,53.0,T_C,2.0,10.0,1.047,2.0,6.0,D,H-90,0.0,408.65,448.31,0.377,2.0,P,65.0,6.0,250.0,0.87,OPC,0.44,20.0,Cube,40.0,IC,Protected compression bars,750.0,1000.0,14.0,3.5,150.0,missing,6.1,750.0,0.153,250.0,1.9286186519452522,O'Flaherty et al. (2004)
R,SS_FPB_MONO,0.0,100.0,150.0,910.0,750.0,55.0,55.0,53.0,T_C,2.0,10.0,1.047,2.0,6.0,D,H-90,0.0,395.18,435.59,0.377,2.0,P,65.0,6.0,250.0,0.87,OPC,0.44,20.0,Cube,40.0,IC,Protected compression bars,750.0,1000.0,28.0,3.5,150.0,missing,7.7,750.0,0.193,250.0,1.7850704810772584,O'Flaherty et al. (2004)
R,SS_FPB_MONO,0.0,100.0,150.0,910.0,750.0,55.0,55.0,53.0,T_C,2.0,10.0,1.047,2.0,6.0,D,H-90,0.0,380.03,421.29,0.377,2.0,P,65.0,6.0,250.0,0.87,OPC,0.44,20.0,Cube,40.0,IC,Protected compression bars,750.0,1000.0,28.0,3.5,150.0,missing,9.5,750.0,0.238,250.0,1.8389610707123492,O'Flaherty et al. (2004)
R,SS_FPB_MONO,0.0,100.0,150.0,910.0,750.0,55.0,55.0,53.0,T_C,2.0,10.0,1.047,2.0,6.0,D,H-90,0.0,374.14,415.72,0.377,2.0,P,65.0,6.0,250.0,0.87,OPC,0.44,20.0,Cube,40.0,IC,Protected compression bars,750.0,1000.0,35.0,3.5,150.0,missing,10.2,750.0,0.255,250.0,1.6770965609079151,O'Flaherty et al. (2004)
R,SS_FPB_MONO,0.0,100.0,150.0,910.0,750.0,55.0,55.0,53.0,T_C,2.0,10.0,1.047,2.0,6.0,D,H-90,0.0,338.78,382.34,0.377,2.0,P,65.0,6.0,250.0,0.87,OPC,0.44,20.0,Cube,40.0,IC,Protected compression bars,750.0,1000.0,35.0,3.5,150.0,missing,14.4,750.0,0.36,250.0,1.6074359097634274,O'Flaherty et al. (2004)
R,SS_FPB_MONO,0.0,100.0,150.0,910.0,750.0,56.0,56.0,53.0,T_C,2.0,12.0,1.508,2.0,6.0,D,H-90,0.0,460.0,496.8,0.377,2.0,P,65.0,6.0,250.0,0.87,OPC,0.44,20.0,Cube,40.0,C,Control,0.0,0.0,0.0,0.0,0.0,missing,0.0,0.0,0.0,250.0,2.2935443483418965,O'Flaherty et al. (2004)
R,SS_FPB_MONO,0.0,100.0,150.0,910.0,750.0,56.0,56.0,53.0,T_C,2.0,12.0,1.508,2.0,6.0,D,H-90,0.0,460.0,496.8,0.377,2.0,P,65.0,6.0,250.0,0.87,OPC,0.44,20.0,Cube,40.0,C,Control,0.0,0.0,0.0,0.0,0.0,missing,0.0,0.0,0.0,250.0,2.2935443483418965,O'Flaherty et al. (2004)
R,SS_FPB_MONO,0.0,100.0,150.0,910.0,750.0,56.0,56.0,53.0,T_C,2.0,12.0,1.508,2.0,6.0,D,H-90,0.0,449.06,486.47,0.377,2.0,P,65.0,6.0,250.0,0.87,OPC,0.44,20.0,Cube,40.0,IC,Protected compression bars,750.0,1000.0,14.0,3.5,150.0,missing,1.3,750.0,0.039,250.0,2.222459048514761,O'Flaherty et al. (2004)
R,SS_FPB_MONO,0.0,100.0,150.0,910.0,750.0,56.0,56.0,53.0,T_C,2.0,12.0,1.508,2.0,6.0,D,H-90,0.0,445.69,483.29,0.377,2.0,P,65.0,6.0,250.0,0.87,OPC,0.44,20.0,Cube,40.0,IC,Protected compression bars,750.0,1000.0,14.0,3.5,150.0,missing,1.7,750.0,0.051,250.0,2.180417459019838,O'Flaherty et al. (2004)
R,SS_FPB_MONO,0.0,100.0,150.0,910.0,750.0,56.0,56.0,53.0,T_C,2.0,12.0,1.508,2.0,6.0,D,H-90,0.0,438.96,476.93,0.377,2.0,P,65.0,6.0,250.0,0.87,OPC,0.44,20.0,Cube,40.0,IC,Protected compression bars,750.0,1000.0,28.0,3.5,150.0,missing,2.5,750.0,0.075,250.0,2.0731719286662407,O'Flaherty et al. (2004)
R,SS_FPB_MONO,0.0,100.0,150.0,910.0,750.0,56.0,56.0,53.0,T_C,2.0,12.0,1.508,2.0,6.0,D,H-90,0.0,433.9,472.16,0.377,2.0,P,65.0,6.0,250.0,0.87,OPC,0.44,20.0,Cube,40.0,IC,Protected compression bars,750.0,1000.0,28.0,3.5,150.0,missing,3.1,750.0,0.093,250.0,1.9685099809725544,O'Flaherty et al. (2004)
R,SS_FPB_MONO,0.0,100.0,150.0,910.0,750.0,56.0,56.0,53.0,T_C,2.0,12.0,1.508,2.0,6.0,D,H-90,0.0,424.64,463.42,0.377,2.0,P,65.0,6.0,250.0,0.87,OPC,0.44,20.0,Cube,40.0,IC,Protected compression bars,750.0,1000.0,35.0,3.5,150.0,missing,4.2,750.0,0.126,250.0,2.0425181875752383,O'Flaherty et al. (2004)
R,SS_FPB_MONO,0.0,100.0,150.0,910.0,750.0,56.0,56.0,53.0,T_C,2.0,12.0,1.508,2.0,6.0,D,H-90,0.0,410.33,449.9,0.377,2.0,P,65.0,6.0,250.0,0.87,OPC,0.44,20.0,Cube,40.0,IC,Protected compression bars,750.0,1000.0,35.0,3.5,150.0,missing,5.9,750.0,0.177,250.0,1.8468787684491346,O'Flaherty et al. (2004)
R,SS_FPB_MONO,0.0,152.0,254.0,3200.0,3000.0,40.5,40.5,37.0,T_C,2.0,15.0,0.915,2.0,8.0,D,S,0.0,450.0,585.0,0.26,2.0,P,333.3,8.0,340.0,0.198,OPC,0.55,13.0,Cylinder,40.0,C,Control,0.0,0.0,0.0,0.0,0.0,missing,0.0,0.0,0.0,1000.0,3.624340932976365,El Maaddawy et al. (2005)
R,SS_FPB_MONO,0.0,152.0,254.0,3200.0,3000.0,40.5,40.5,37.0,T_C,2.0,15.0,0.915,2.0,8.0,D,S,0.0,376.71,501.7,0.26,2.0,P,333.3,8.0,340.0,0.198,OPC,0.55,13.0,Cylinder,41.0,IC,Internal stainless steel tube,1400.0,325.0,50.0,3.5,254.0,missing,8.9,200.0,0.334,1000.0,3.558485990180341,El Maaddawy et al. (2005)
R,SS_FPB_MONO,0.0,152.0,254.0,3200.0,3000.0,40.5,40.5,37.0,T_C,2.0,15.0,0.915,2.0,8.0,D,S,0.0,333.06,452.09,0.26,2.0,P,333.3,8.0,340.0,0.198,OPC,0.55,13.0,Cylinder,41.0,IC,Internal stainless steel tube,1400.0,325.0,110.0,3.5,254.0,missing,14.2,200.0,0.533,1000.0,3.507956918233689,El Maaddawy et al. (2005)
R,SS_FPB_MONO,0.0,152.0,254.0,3200.0,3000.0,40.5,40.5,37.0,T_C,2.0,15.0,0.915,2.0,8.0,D,S,0.0,267.18,377.21,0.26,2.0,P,333.3,8.0,340.0,0.198,OPC,0.55,13.0,Cylinder,41.0,IC,Internal stainless steel tube,1400.0,325.0,210.0,3.5,254.0,missing,22.2,200.0,0.833,1000.0,3.4015306594522756,El Maaddawy et al. (2005)
R,SS_FPB_MONO,0.0,152.0,254.0,3200.0,3000.0,40.5,40.5,37.0,T_C,2.0,15.0,0.915,2.0,8.0,D,S,0.0,246.71,327.48,0.26,2.0,P,333.3,8.0,340.0,0.198,OPC,0.55,13.0,Cylinder,41.0,IC,Internal stainless steel tube,1400.0,325.0,310.0,3.5,254.0,missing,31.6,200.0,1.185,1000.0,3.2824138456721883,El Maaddawy et al. (2005)
R,SS_FPB_MONO_SUST,60.0,152.0,254.0,3200.0,3000.0,40.5,40.5,37.0,T_C,2.0,15.0,0.915,2.0,8.0,D,S,0.0,370.12,494.21,0.26,2.0,P,333.3,8.0,340.0,0.198,OPC,0.55,13.0,Cylinder,41.0,IC,Internal stainless steel tube,1400.0,325.0,50.0,3.5,254.0,missing,9.7,200.0,0.364,1000.0,3.497718948652777,El Maaddawy et al. (2005)
R,SS_FPB_MONO_SUST,60.0,152.0,254.0,3200.0,3000.0,40.5,40.5,37.0,T_C,2.0,15.0,0.915,2.0,8.0,D,S,0.0,323.18,440.86,0.26,2.0,P,333.3,8.0,340.0,0.198,OPC,0.55,13.0,Cylinder,41.0,IC,Internal stainless steel tube,1400.0,325.0,110.0,3.5,254.0,missing,15.4,200.0,0.578,1000.0,3.475067230228611,El Maaddawy et al. (2005)
R,SS_FPB_MONO_SUST,60.0,152.0,254.0,3200.0,3000.0,40.5,40.5,37.0,T_C,2.0,15.0,0.915,2.0,8.0,D,S,0.0,262.24,371.59,0.26,2.0,P,333.3,8.0,340.0,0.198,OPC,0.55,13.0,Cylinder,41.0,IC,Internal stainless steel tube,1400.0,325.0,210.0,3.5,254.0,missing,22.8,200.0,0.855,1000.0,3.4685444551217657,El Maaddawy et al. (2005)
R,SS_FPB_MONO_SUST,60.0,152.0,254.0,3200.0,3000.0,40.5,40.5,37.0,T_C,2.0,15.0,0.915,2.0,8.0,D,S,0.0,252.9,336.38,0.26,2.0,P,333.3,8.0,340.0,0.198,OPC,0.55,13.0,Cylinder,41.0,IC,Internal stainless steel tube,1400.0,325.0,310.0,3.5,254.0,missing,30.0,200.0,1.125,1000.0,3.34779660493504,El Maaddawy et al. (2005)
S,SS-FPB-MONO,0.0,150.0,150.0,1100.0,900.0,30.0,30.0,40.0,T_C,2.0,10.0,0.698,2.0,8.0,D,H-180,0.0,520.0,551.0,0.447,2.0,D,90.0,6.0,250.0,0.419,OPC,0.45,13.0,Cylinder,45.8,C,Control,0.0,0.0,0.0,0.0,0.0,missing,0.0,0.0,0.0,350.0,2.5376572151735295,Azad et al. (2007)
S,SS-FPB-MONO,0.0,150.0,150.0,1100.0,900.0,30.0,30.0,40.0,T_C,2.0,10.0,0.698,2.0,8.0,D,H-180,0.0,520.0,551.0,0.447,2.0,D,90.0,6.0,250.0,0.419,OPC,0.45,13.0,Cylinder,45.8,C,Control,0.0,0.0,0.0,0.0,0.0,missing,0.0,0.0,0.0,350.0,2.533696813957432,Azad et al. (2007)
S,SS-FPB-MONO,0.0,150.0,150.0,1100.0,900.0,30.0,30.0,40.0,T_C,2.0,10.0,0.698,2.0,8.0,D,H-180,0.0,468.61,503.39,0.447,2.0,D,90.0,6.0,250.0,0.419,OPC,0.45,13.0,Cylinder,38.9,IC,External stainless steel plate,1100.0,2000.0,4.0,5.0,25.0,missing,5.4,1100.0,0.135,350.0,2.468946630209271,Azad et al. (2007)
S,SS-FPB-MONO,0.0,150.0,150.0,1100.0,900.0,30.0,30.0,40.0,T_C,2.0,10.0,0.698,2.0,8.0,D,H-180,0.0,468.61,503.39,0.447,2.0,D,90.0,6.0,250.0,0.419,OPC,0.45,13.0,Cylinder,38.9,IC,External stainless steel plate,1100.0,2000.0,4.0,5.0,25.0,missing,5.4,1100.0,0.135,350.0,2.4159137783010487,Azad et al. (2007)
S,SS-FPB-MONO,0.0,150.0,150.0,1100.0,900.0,30.0,30.0,40.0,T_C,2.0,10.0,0.698,2.0,8.0,D,H-180,0.0,384.87,425.81,0.447,2.0,D,90.0,6.0,250.0,0.419,OPC,0.45,13.0,Cylinder,36.9,IC,External stainless steel plate,1100.0,3000.0,4.0,5.0,25.0,missing,14.2,1100.0,0.355,350.0,2.3174737054877963,Azad et al. (2007)
S,SS-FPB-MONO,0.0,150.0,150.0,1100.0,900.0,30.0,30.0,40.0,T_C,2.0,10.0,0.698,2.0,8.0,D,H-180,0.0,384.87,425.81,0.447,2.0,D,90.0,6.0,250.0,0.419,OPC,0.45,13.0,Cylinder,36.9,IC,External stainless steel plate,1100.0,3000.0,4.0,5.0,25.0,missing,14.2,1100.0,0.355,350.0,2.2027647577118348,Azad et al. (2007)
S,SS-FPB-MONO,0.0,150.0,150.0,1100.0,900.0,30.0,30.0,40.0,T_C,2.0,10.0,0.698,2.0,8.0,D,H-180,0.0,375.36,417.0,0.447,2.0,D,90.0,6.0,250.0,0.419,OPC,0.45,13.0,Cylinder,45.8,IC,External stainless steel plate,1100.0,2000.0,6.0,5.0,25.0,missing,15.2,1100.0,0.38,350.0,2.344686269012681,Azad et al. (2007)
S,SS-FPB-MONO,0.0,150.0,150.0,1100.0,900.0,30.0,30.0,40.0,T_C,2.0,10.0,0.698,2.0,8.0,D,H-180,0.0,375.36,417.0,0.447,2.0,D,90.0,6.0,250.0,0.419,OPC,0.45,13.0,Cylinder,45.8,IC,External stainless steel plate,1100.0,2000.0,6.0,5.0,25.0,missing,15.2,1100.0,0.38,350.0,2.1983350716202463,Azad et al. (2007)
S,SS-FPB-MONO,0.0,150.0,150.0,1100.0,900.0,30.0,30.0,40.0,T_C,2.0,10.0,0.698,2.0,8.0,D,H-180,0.0,316.36,362.34,0.447,2.0,D,90.0,6.0,250.0,0.419,OPC,0.45,13.0,Cylinder,46.5,IC,External stainless steel plate,1100.0,3000.0,6.0,5.0,25.0,missing,21.4,1100.0,0.535,350.0,2.1815467646169897,Azad et al. (2007)
S,SS-FPB-MONO,0.0,150.0,150.0,1100.0,900.0,30.0,30.0,40.0,T_C,2.0,10.0,0.698,2.0,8.0,D,H-180,0.0,316.36,362.34,0.447,2.0,D,90.0,6.0,250.0,0.419,OPC,0.45,13.0,Cylinder,46.5,IC,External stainless steel plate,1100.0,3000.0,6.0,5.0,25.0,missing,21.4,1100.0,0.535,350.0,2.248128907197987,Azad et al. (2007)
S,SS-FPB-MONO,0.0,150.0,150.0,1100.0,900.0,30.0,30.0,40.0,T_C,2.0,10.0,0.698,2.0,8.0,D,H-180,0.0,315.41,361.46,0.447,2.0,D,90.0,6.0,250.0,0.419,OPC,0.45,13.0,Cylinder,33.4,IC,External stainless steel plate,1100.0,2000.0,8.0,5.0,25.0,missing,21.5,1100.0,0.538,350.0,2.1713368063840917,Azad et al. (2007)
S,SS-FPB-MONO,0.0,150.0,150.0,1100.0,900.0,30.0,30.0,40.0,T_C,2.0,10.0,0.698,2.0,8.0,D,H-180,0.0,315.41,361.46,0.447,2.0,D,90.0,6.0,250.0,0.419,OPC,0.45,13.0,Cylinder,33.4,IC,External stainless steel plate,1100.0,2000.0,8.0,5.0,25.0,missing,21.5,1100.0,0.538,350.0,2.0554049638515948,Azad et al. (2007)
S,SS-FPB-MONO,0.0,150.0,150.0,1100.0,900.0,30.0,30.0,40.0,T_C,2.0,10.0,0.698,2.0,8.0,D,H-180,0.0,287.77,311.59,0.447,2.0,D,90.0,6.0,250.0,0.419,OPC,0.45,13.0,Cylinder,46.5,IC,External stainless steel plate,1100.0,3000.0,8.0,5.0,25.0,missing,31.0,1100.0,0.775,350.0,1.6937790608678513,Azad et al. (2007)
S,SS-FPB-MONO,0.0,150.0,150.0,1100.0,900.0,30.0,30.0,40.0,T_C,2.0,10.0,0.698,2.0,8.0,D,H-180,0.0,287.77,311.59,0.447,2.0,D,90.0,6.0,250.0,0.419,OPC,0.45,13.0,Cylinder,46.5,IC,External stainless steel plate,1100.0,3000.0,8.0,5.0,25.0,missing,31.0,1100.0,0.775,350.0,2.0095554142156695,Azad et al. (2007)
S,SS-FPB-MONO,0.0,150.0,150.0,1100.0,900.0,31.0,31.0,40.0,T_C,2.0,12.0,1.005,2.0,8.0,D,H-180,0.0,590.0,700.0,0.447,2.0,D,90.0,6.0,250.0,0.419,OPC,0.45,13.0,Cylinder,36.3,C,Control,0.0,0.0,0.0,0.0,0.0,missing,0.0,0.0,0.0,350.0,2.768204123921957,Azad et al. (2007)
S,SS-FPB-MONO,0.0,150.0,150.0,1100.0,900.0,31.0,31.0,40.0,T_C,2.0,12.0,1.005,2.0,8.0,D,H-180,0.0,590.0,700.0,0.447,2.0,D,90.0,6.0,250.0,0.419,OPC,0.45,13.0,Cylinder,36.3,C,Control,0.0,0.0,0.0,0.0,0.0,missing,0.0,0.0,0.0,350.0,2.6239436918052106,Azad et al. (2007)
S,SS-FPB-MONO,0.0,150.0,150.0,1100.0,900.0,31.0,31.0,40.0,T_C,2.0,12.0,1.005,2.0,8.0,D,H-180,0.0,530.62,638.4,0.447,2.0,D,90.0,6.0,250.0,0.419,OPC,0.45,13.0,Cylinder,39.9,IC,External stainless steel plate,1100.0,2000.0,4.0,5.0,25.0,missing,5.5,1100.0,0.165,350.0,2.516889695641051,Azad et al. (2007)
S,SS-FPB-MONO,0.0,150.0,150.0,1100.0,900.0,31.0,31.0,40.0,T_C,2.0,12.0,1.005,2.0,8.0,D,H-180,0.0,530.62,638.4,0.447,2.0,D,90.0,6.0,250.0,0.419,OPC,0.45,13.0,Cylinder,39.9,IC,External stainless steel plate,1100.0,2000.0,4.0,5.0,25.0,missing,5.5,1100.0,0.165,350.0,2.5733752977756086,Azad et al. (2007)
S,SS-FPB-MONO,0.0,150.0,150.0,1100.0,900.0,31.0,31.0,40.0,T_C,2.0,12.0,1.005,2.0,8.0,D,H-180,0.0,494.99,601.44,0.447,2.0,D,90.0,6.0,250.0,0.419,OPC,0.45,13.0,Cylinder,35.7,IC,External stainless steel plate,1100.0,3000.0,4.0,5.0,25.0,missing,8.8,1100.0,0.264,350.0,2.853015971352396,Azad et al. (2007)
S,SS-FPB-MONO,0.0,150.0,150.0,1100.0,900.0,31.0,31.0,40.0,T_C,2.0,12.0,1.005,2.0,8.0,D,H-180,0.0,494.99,601.44,0.447,2.0,D,90.0,6.0,250.0,0.419,OPC,0.45,13.0,Cylinder,35.7,IC,External stainless steel plate,1100.0,3000.0,4.0,5.0,25.0,missing,8.8,1100.0,0.264,350.0,2.4807312783775197,Azad et al. (2007)
S,SS-FPB-MONO,0.0,150.0,150.0,1100.0,900.0,31.0,31.0,40.0,T_C,2.0,12.0,1.005,2.0,8.0,D,H-180,0.0,372.98,474.88,0.447,2.0,D,90.0,6.0,250.0,0.419,OPC,0.45,13.0,Cylinder,44.5,IC,External stainless steel plate,1100.0,2000.0,6.0,5.0,25.0,missing,20.1,1100.0,0.603,350.0,2.403334996094189,Azad et al. (2007)
S,SS-FPB-MONO,0.0,150.0,150.0,1100.0,900.0,31.0,31.0,40.0,T_C,2.0,12.0,1.005,2.0,8.0,D,H-180,0.0,372.98,474.88,0.447,2.0,D,90.0,6.0,250.0,0.419,OPC,0.45,13.0,Cylinder,44.5,IC,External stainless steel plate,1100.0,2000.0,6.0,5.0,25.0,missing,20.1,1100.0,0.603,350.0,2.2793164660546914,Azad et al. (2007)
S,SS-FPB-MONO,0.0,150.0,150.0,1100.0,900.0,31.0,31.0,40.0,T_C,2.0,12.0,1.005,2.0,8.0,D,H-180,0.0,438.84,543.2,0.447,2.0,D,90.0,6.0,250.0,0.419,OPC,0.45,13.0,Cylinder,44.2,IC,External stainless steel plate,1100.0,3000.0,6.0,5.0,25.0,missing,14.0,1100.0,0.42,350.0,2.6973262377392344,Azad et al. (2007)
S,SS-FPB-MONO,0.0,150.0,150.0,1100.0,900.0,31.0,31.0,40.0,T_C,2.0,12.0,1.005,2.0,8.0,D,H-180,0.0,438.84,543.2,0.447,2.0,D,90.0,6.0,250.0,0.419,OPC,0.45,13.0,Cylinder,44.2,IC,External stainless steel plate,1100.0,3000.0,6.0,5.0,25.0,missing,14.0,1100.0,0.42,350.0,2.3532782073095637,Azad et al. (2007)
S,SS-FPB-MONO,0.0,150.0,150.0,1100.0,900.0,31.0,31.0,40.0,T_C,2.0,12.0,1.005,2.0,8.0,D,H-180,0.0,342.75,443.52,0.447,2.0,D,90.0,6.0,250.0,0.419,OPC,0.45,13.0,Cylinder,44.7,IC,External stainless steel plate,1100.0,2000.0,8.0,5.0,25.0,missing,22.9,1100.0,0.687,350.0,2.2648832258100344,Azad et al. (2007)
S,SS-FPB-MONO,0.0,150.0,150.0,1100.0,900.0,31.0,31.0,40.0,T_C,2.0,12.0,1.005,2.0,8.0,D,H-180,0.0,342.75,443.52,0.447,2.0,D,90.0,6.0,250.0,0.419,OPC,0.45,13.0,Cylinder,44.7,IC,External stainless steel plate,1100.0,2000.0,8.0,5.0,25.0,missing,22.9,1100.0,0.687,350.0,2.102913897864978,Azad et al. (2007)
S,SS-FPB-MONO,0.0,150.0,150.0,1100.0,900.0,31.0,31.0,40.0,T_C,2.0,12.0,1.005,2.0,8.0,D,H-180,0.0,314.68,414.4,0.447,2.0,D,90.0,6.0,250.0,0.419,OPC,0.45,13.0,Cylinder,37.7,IC,External stainless steel plate,1100.0,3000.0,8.0,5.0,25.0,missing,25.5,1100.0,0.765,350.0,1.9080599249242156,Azad et al. (2007)
S,SS-FPB-MONO,0.0,150.0,150.0,1100.0,900.0,31.0,31.0,40.0,T_C,2.0,12.0,1.005,2.0,8.0,D,H-180,0.0,314.68,414.4,0.447,2.0,D,90.0,6.0,250.0,0.419,OPC,0.45,13.0,Cylinder,37.7,IC,External stainless steel plate,1100.0,3000.0,8.0,5.0,25.0,missing,25.5,1100.0,0.765,350.0,2.125847914493992,Azad et al. (2007)
S,SS-FPB-MONO,0.0,150.0,150.0,1100.0,900.0,45.0,45.0,40.0,T_C,2.0,10.0,0.698,2.0,8.0,D,H-180,0.0,520.0,551.0,0.447,2.0,D,90.0,6.0,250.0,0.419,OPC,0.45,13.0,Cylinder,46.5,C,Control,0.0,0.0,0.0,0.0,0.0,missing,0.0,0.0,0.0,350.0,2.468099531471619,Azad et al. (2007)
S,SS-FPB-MONO,0.0,150.0,150.0,1100.0,900.0,45.0,45.0,40.0,T_C,2.0,10.0,0.698,2.0,8.0,D,H-180,0.0,520.0,551.0,0.447,2.0,D,90.0,6.0,250.0,0.419,OPC,0.45,13.0,Cylinder,46.5,C,Control,0.0,0.0,0.0,0.0,0.0,missing,0.0,0.0,0.0,350.0,2.5930133911138515,Azad et al. (2007)
S,SS-FPB-MONO,0.0,150.0,150.0,1100.0,900.0,45.0,45.0,40.0,T_C,2.0,10.0,0.698,2.0,8.0,D,H-180,0.0,443.87,480.47,0.447,2.0,D,90.0,6.0,250.0,0.419,OPC,0.45,13.0,Cylinder,40.2,IC,External stainless steel plate,1100.0,2000.0,4.0,5.0,40.0,missing,8.0,1100.0,0.2,350.0,2.3350522831315472,Azad et al. (2007)
S,SS-FPB-MONO,0.0,150.0,150.0,1100.0,900.0,45.0,45.0,40.0,T_C,2.0,10.0,0.698,2.0,8.0,D,H-180,0.0,443.87,480.47,0.447,2.0,D,90.0,6.0,250.0,0.419,OPC,0.45,13.0,Cylinder,40.2,IC,External stainless steel plate,1100.0,2000.0,4.0,5.0,40.0,missing,8.0,1100.0,0.2,350.0,2.448415541205585,Azad et al. (2007)
S,SS-FPB-MONO,0.0,150.0,150.0,1100.0,900.0,45.0,45.0,40.0,T_C,2.0,10.0,0.698,2.0,8.0,D,H-180,0.0,433.4,470.77,0.447,2.0,D,90.0,6.0,250.0,0.419,OPC,0.45,13.0,Cylinder,35.7,IC,External stainless steel plate,1100.0,3000.0,4.0,5.0,40.0,missing,9.1,1100.0,0.228,350.0,2.401525040848949,Azad et al. (2007)
S,SS-FPB-MONO,0.0,150.0,150.0,1100.0,900.0,45.0,45.0,40.0,T_C,2.0,10.0,0.698,2.0,8.0,D,H-180,0.0,433.4,470.77,0.447,2.0,D,90.0,6.0,250.0,0.419,OPC,0.45,13.0,Cylinder,35.7,IC,External stainless steel plate,1100.0,3000.0,4.0,5.0,40.0,missing,9.1,1100.0,0.228,350.0,2.3194422100604686,Azad et al. (2007)
S,SS-FPB-MONO,0.0,150.0,150.0,1100.0,900.0,45.0,45.0,40.0,T_C,2.0,10.0,0.698,2.0,8.0,D,H-180,0.0,423.89,461.96,0.447,2.0,D,90.0,6.0,250.0,0.419,OPC,0.45,13.0,Cylinder,33.4,IC,External stainless steel plate,1100.0,2000.0,6.0,5.0,40.0,missing,10.1,1100.0,0.253,350.0,2.2027647577118348,Azad et al. (2007)
S,SS-FPB-MONO,0.0,150.0,150.0,1100.0,900.0,45.0,45.0,40.0,T_C,2.0,10.0,0.698,2.0,8.0,D,H-180,0.0,423.89,461.96,0.447,2.0,D,90.0,6.0,250.0,0.419,OPC,0.45,13.0,Cylinder,33.4,IC,External stainless steel plate,1100.0,2000.0,6.0,5.0,40.0,missing,10.1,1100.0,0.253,350.0,2.3617969526258915,Azad et al. (2007)
S,SS-FPB-MONO,0.0,150.0,150.0,1100.0,900.0,45.0,45.0,40.0,T_C,2.0,10.0,0.698,2.0,8.0,D,H-180,0.0,352.52,395.84,0.447,2.0,D,90.0,6.0,250.0,0.419,OPC,0.45,13.0,Cylinder,44.2,IC,External stainless steel plate,1100.0,3000.0,6.0,5.0,40.0,missing,17.6,1100.0,0.44,350.0,2.2213750375685026,Azad et al. (2007)
S,SS-FPB-MONO,0.0,150.0,150.0,1100.0,900.0,45.0,45.0,40.0,T_C,2.0,10.0,0.698,2.0,8.0,D,H-180,0.0,352.52,395.84,0.447,2.0,D,90.0,6.0,250.0,0.419,OPC,0.45,13.0,Cylinder,44.2,IC,External stainless steel plate,1100.0,3000.0,6.0,5.0,40.0,missing,17.6,1100.0,0.44,350.0,2.315501318260592,Azad et al. (2007)
S,SS-FPB-MONO,0.0,150.0,150.0,1100.0,900.0,45.0,45.0,40.0,T_C,2.0,10.0,0.698,2.0,8.0,D,H-180,0.0,316.36,362.34,0.447,2.0,D,90.0,6.0,250.0,0.419,OPC,0.45,13.0,Cylinder,33.4,IC,External stainless steel plate,1100.0,2000.0,8.0,5.0,40.0,missing,21.4,1100.0,0.535,350.0,2.2126603854660587,Azad et al. (2007)
S,SS-FPB-MONO,0.0,150.0,150.0,1100.0,900.0,45.0,45.0,40.0,T_C,2.0,10.0,0.698,2.0,8.0,D,H-180,0.0,316.36,362.34,0.447,2.0,D,90.0,6.0,250.0,0.419,OPC,0.45,13.0,Cylinder,33.4,IC,External stainless steel plate,1100.0,2000.0,8.0,5.0,40.0,missing,21.4,1100.0,0.535,350.0,1.9712993830601329,Azad et al. (2007)
S,SS-FPB-MONO,0.0,150.0,150.0,1100.0,900.0,45.0,45.0,40.0,T_C,2.0,10.0,0.698,2.0,8.0,D,H-180,0.0,270.77,291.7,0.447,2.0,D,90.0,6.0,250.0,0.419,OPC,0.45,13.0,Cylinder,33.4,IC,External stainless steel plate,1100.0,3000.0,8.0,5.0,40.0,missing,34.8,1100.0,0.87,350.0,2.1090003439213802,Azad et al. (2007)
S,SS-FPB-MONO,0.0,150.0,150.0,1100.0,900.0,45.0,45.0,40.0,T_C,2.0,10.0,0.698,2.0,8.0,D,H-180,0.0,270.77,291.7,0.447,2.0,D,90.0,6.0,250.0,0.419,OPC,0.45,13.0,Cylinder,33.4,IC,External stainless steel plate,1100.0,3000.0,8.0,5.0,40.0,missing,34.8,1100.0,0.87,350.0,1.891604804197771,Azad et al. (2007)
S,SS-FPB-MONO,0.0,150.0,150.0,1100.0,900.0,46.0,46.0,40.0,T_C,2.0,12.0,1.005,2.0,8.0,D,H-180,0.0,590.0,700.0,0.447,2.0,D,90.0,6.0,250.0,0.419,OPC,0.45,13.0,Cylinder,46.1,C,Control,0.0,0.0,0.0,0.0,0.0,missing,0.0,0.0,0.0,350.0,2.590767040487478,Azad et al. (2007)
S,SS-FPB-MONO,0.0,150.0,150.0,1100.0,900.0,46.0,46.0,40.0,T_C,2.0,12.0,1.005,2.0,8.0,D,H-180,0.0,590.0,700.0,0.447,2.0,D,90.0,6.0,250.0,0.419,OPC,0.45,13.0,Cylinder,46.1,C,Control,0.0,0.0,0.0,0.0,0.0,missing,0.0,0.0,0.0,350.0,2.5376572151735295,Azad et al. (2007)
S,SS-FPB-MONO,0.0,150.0,150.0,1100.0,900.0,46.0,46.0,40.0,T_C,2.0,12.0,1.005,2.0,8.0,D,H-180,0.0,504.7,611.52,0.447,2.0,D,90.0,6.0,250.0,0.419,OPC,0.45,13.0,Cylinder,36.9,IC,External stainless steel plate,1100.0,2000.0,4.0,5.0,40.0,missing,7.9,1100.0,0.237,350.0,2.4664031782234406,Azad et al. (2007)
S,SS-FPB-MONO,0.0,150.0,150.0,1100.0,900.0,46.0,46.0,40.0,T_C,2.0,12.0,1.005,2.0,8.0,D,H-180,0.0,504.7,611.52,0.447,2.0,D,90.0,6.0,250.0,0.419,OPC,0.45,13.0,Cylinder,36.9,IC,External stainless steel plate,1100.0,2000.0,4.0,5.0,40.0,missing,7.9,1100.0,0.237,350.0,2.522523513359307,Azad et al. (2007)
S,SS-FPB-MONO,0.0,150.0,150.0,1100.0,900.0,46.0,46.0,40.0,T_C,2.0,12.0,1.005,2.0,8.0,D,H-180,0.0,472.31,577.92,0.447,2.0,D,90.0,6.0,250.0,0.419,OPC,0.45,13.0,Cylinder,46.5,IC,External stainless steel plate,1100.0,3000.0,4.0,5.0,40.0,missing,10.9,1100.0,0.327,350.0,2.4865719291070616,Azad et al. (2007)
S,SS-FPB-MONO,0.0,150.0,150.0,1100.0,900.0,46.0,46.0,40.0,T_C,2.0,12.0,1.005,2.0,8.0,D,H-180,0.0,472.31,577.92,0.447,2.0,D,90.0,6.0,250.0,0.419,OPC,0.45,13.0,Cylinder,46.5,IC,External stainless steel plate,1100.0,3000.0,4.0,5.0,40.0,missing,10.9,1100.0,0.327,350.0,2.392425796993835,Azad et al. (2007)
S,SS-FPB-MONO,0.0,150.0,150.0,1100.0,900.0,46.0,46.0,40.0,T_C,2.0,12.0,1.005,2.0,8.0,D,H-180,0.0,445.32,549.92,0.447,2.0,D,90.0,6.0,250.0,0.419,OPC,0.45,13.0,Cylinder,46.5,IC,External stainless steel plate,1100.0,2000.0,6.0,5.0,40.0,missing,13.4,1100.0,0.402,350.0,2.432735777459091,Azad et al. (2007)
S,SS-FPB-MONO,0.0,150.0,150.0,1100.0,900.0,46.0,46.0,40.0,T_C,2.0,12.0,1.005,2.0,8.0,D,H-180,0.0,445.32,549.92,0.447,2.0,D,90.0,6.0,250.0,0.419,OPC,0.45,13.0,Cylinder,46.5,IC,External stainless steel plate,1100.0,2000.0,6.0,5.0,40.0,missing,13.4,1100.0,0.402,350.0,2.3085671646715933,Azad et al. (2007)
S,SS-FPB-MONO,0.0,150.0,150.0,1100.0,900.0,46.0,46.0,40.0,T_C,2.0,12.0,1.005,2.0,8.0,D,H-180,0.0,389.18,491.68,0.447,2.0,D,90.0,6.0,250.0,0.419,OPC,0.45,13.0,Cylinder,40.9,IC,External stainless steel plate,1100.0,3000.0,6.0,5.0,40.0,missing,18.6,1100.0,0.558,350.0,2.1972245773362196,Azad et al. (2007)
S,SS-FPB-MONO,0.0,150.0,150.0,1100.0,900.0,46.0,46.0,40.0,T_C,2.0,12.0,1.005,2.0,8.0,D,H-180,0.0,389.18,491.68,0.447,2.0,D,90.0,6.0,250.0,0.419,OPC,0.45,13.0,Cylinder,40.9,IC,External stainless steel plate,1100.0,3000.0,6.0,5.0,40.0,missing,18.6,1100.0,0.558,350.0,2.589266665112243,Azad et al. (2007)
S,SS-FPB-MONO,0.0,150.0,150.0,1100.0,900.0,46.0,46.0,40.0,T_C,2.0,12.0,1.005,2.0,8.0,D,H-180,0.0,395.65,498.4,0.447,2.0,D,90.0,6.0,250.0,0.419,OPC,0.45,13.0,Cylinder,40.9,IC,External stainless steel plate,1100.0,2000.0,8.0,5.0,40.0,missing,18.0,1100.0,0.54,350.0,2.192770226986839,Azad et al. (2007)
S,SS-FPB-MONO,0.0,150.0,150.0,1100.0,900.0,46.0,46.0,40.0,T_C,2.0,12.0,1.005,2.0,8.0,D,H-180,0.0,395.65,498.4,0.447,2.0,D,90.0,6.0,250.0,0.419,OPC,0.45,13.0,Cylinder,40.9,IC,External stainless steel plate,1100.0,2000.0,8.0,5.0,40.0,missing,18.0,1100.0,0.54,350.0,2.0769384114617173,Azad et al. (2007)
S,SS-FPB-MONO,0.0,150.0,150.0,1100.0,900.0,46.0,46.0,40.0,T_C,2.0,12.0,1.005,2.0,8.0,D,H-180,0.0,366.5,468.16,0.447,2.0,D,90.0,6.0,250.0,0.419,OPC,0.45,13.0,Cylinder,37.7,IC,External stainless steel plate,1100.0,3000.0,8.0,5.0,40.0,missing,20.7,1100.0,0.621,350.0,2.0294631718735947,Azad et al. (2007)
S,SS-FPB-MONO,0.0,150.0,150.0,1100.0,900.0,46.0,46.0,40.0,T_C,2.0,12.0,1.005,2.0,8.0,D,H-180,0.0,366.5,468.16,0.447,2.0,D,90.0,6.0,250.0,0.419,OPC,0.45,13.0,Cylinder,37.7,IC,External stainless steel plate,1100.0,3000.0,8.0,5.0,40.0,missing,20.7,1100.0,0.621,350.0,2.1736147116970854,Azad et al. (2007)
R,SS_FPB_MONO,0.0,150.0,200.0,2100.0,1800.0,36.0,36.0,26.0,T_C,2.0,32.0,5.362,2.0,12.0,D,S,0.0,498.0,604.0,0.754,2.0,D,150.0,8.0,526.0,0.447,OPC,0.65,,Cylinder,48.5,C,Control,0.0,0.0,0.0,0.0,0.0,missing,0.0,0.0,0.0,750.0,4.212127597878484,Du et al. (2007)
R,SS_FPB_MONO,0.0,150.0,200.0,2100.0,1800.0,36.0,36.0,26.0,T_C,2.0,32.0,5.362,2.0,12.0,D,S,0.0,498.0,604.0,0.754,2.0,D,150.0,8.0,526.0,0.447,OPC,0.65,,Cylinder,37.2,C,Control,0.0,0.0,0.0,0.0,0.0,missing,0.0,0.0,0.0,750.0,4.0975062255596795,Du et al. (2007)
R,SS_FPB_MONO,0.0,150.0,200.0,2100.0,1800.0,36.0,36.0,26.0,T_C,2.0,32.0,5.362,2.0,12.0,D,S,0.0,476.13,580.81,0.754,2.0,D,150.0,8.0,526.0,0.447,OPC,0.65,,Cylinder,43.8,IC,External stainless steel plate,600.0,900.0,60.0,3.5,75.0,missing,2.4,600.0,0.192,750.0,4.183423245305645,Du et al. (2007)
R,SS_FPB_MONO,0.0,150.0,200.0,2100.0,1800.0,36.0,36.0,26.0,T_C,2.0,32.0,5.362,2.0,12.0,D,S,0.0,446.96,549.88,0.754,2.0,D,150.0,8.0,526.0,0.447,OPC,0.65,,Cylinder,37.6,IC,External stainless steel plate,600.0,250.0,60.0,3.5,75.0,missing,5.6,600.0,0.448,750.0,3.85946575468947,Du et al. (2007)
R,SS_FPB_MONO,0.0,150.0,200.0,2100.0,1800.0,28.0,28.0,26.0,T_C,4.0,16.0,2.681,2.0,12.0,D,S,0.0,529.0,627.0,0.754,2.0,D,150.0,8.0,526.0,0.447,OPC,0.65,,Cylinder,48.1,C,Control,0.0,0.0,0.0,0.0,0.0,missing,0.0,0.0,0.0,750.0,4.089834406744215,Du et al. (2007)
R,SS_FPB_MONO,0.0,150.0,200.0,2100.0,1800.0,28.0,28.0,26.0,T_C,4.0,16.0,2.681,2.0,12.0,D,S,0.0,496.09,592.89,0.754,2.0,D,150.0,8.0,526.0,0.447,OPC,0.65,,Cylinder,48.6,IC,External stainless steel plate,600.0,450.0,60.0,3.5,75.0,missing,3.4,600.0,0.136,750.0,4.039360253889341,Du et al. (2007)
R,SS_FPB_MONO,0.0,150.0,200.0,2100.0,1800.0,28.0,28.0,26.0,T_C,4.0,16.0,2.681,2.0,12.0,D,S,0.0,465.11,560.79,0.754,2.0,D,150.0,8.0,526.0,0.447,OPC,0.65,,Cylinder,48.6,IC,External stainless steel plate,600.0,450.0,90.0,3.5,75.0,missing,6.6,600.0,0.264,750.0,3.931041011263908,Du et al. (2007)
R,SS_FPB_MONO,0.0,150.0,200.0,2100.0,1800.0,28.0,28.0,26.0,T_C,4.0,16.0,2.681,2.0,12.0,D,S,0.0,429.29,523.67,0.754,2.0,D,150.0,8.0,526.0,0.447,OPC,0.65,,Cylinder,48.6,IC,External stainless steel plate,600.0,450.0,120.0,3.5,75.0,missing,10.3,600.0,0.412,750.0,3.891412051524022,Du et al. (2007)
R,SS_FPB_MONO,0.0,150.0,200.0,2100.0,1800.0,28.0,28.0,24.0,T_C,2.0,16.0,1.34,2.0,8.0,D,S,0.0,529.0,627.0,0.335,2.0,D,150.0,8.0,526.0,0.447,OPC,0.65,,Cylinder,35.7,C,Control,0.0,0.0,0.0,0.0,0.0,missing,0.0,0.0,0.0,750.0,3.4391352210025476,Du et al. (2007)
R,SS_FPB_MONO,0.0,150.0,200.0,2100.0,1800.0,28.0,28.0,24.0,T_C,2.0,16.0,1.34,2.0,8.0,D,S,0.0,443.81,538.72,0.335,2.0,D,150.0,8.0,526.0,0.447,OPC,0.65,,Cylinder,35.7,IC,External stainless steel plate,600.0,450.0,60.0,3.5,75.0,missing,8.8,600.0,0.352,750.0,3.3683297780365384,Du et al. (2007)
R,SS_FPB_MONO,0.0,150.0,200.0,2100.0,1800.0,26.0,26.0,24.0,T_C,2.0,12.0,0.754,2.0,8.0,D,S,0.0,489.0,595.0,0.335,2.0,D,150.0,8.0,526.0,0.447,OPC,0.65,,Cylinder,35.8,C,Control,0.0,0.0,0.0,0.0,0.0,missing,0.0,0.0,0.0,750.0,2.9801108926510342,Du et al. (2007)
R,SS_FPB_MONO,0.0,150.0,200.0,2100.0,1800.0,26.0,26.0,24.0,T_C,2.0,12.0,0.754,2.0,8.0,D,S,0.0,389.67,489.33,0.335,2.0,D,150.0,8.0,526.0,0.447,OPC,0.65,,Cylinder,44.5,IC,External stainless steel plate,600.0,350.0,60.0,3.5,75.0,missing,11.1,600.0,0.333,750.0,2.87976009730157,Du et al. (2007)
R,SS_FPB_MONO,0.0,150.0,200.0,2100.0,1800.0,26.0,26.0,26.0,T_C,2.0,12.0,0.754,2.0,12.0,D,S,0.0,489.0,595.0,0.754,2.0,D,150.0,8.0,526.0,0.447,OPC,0.65,,Cylinder,47.1,C,Control,0.0,0.0,0.0,0.0,0.0,missing,0.0,0.0,0.0,750.0,2.9801108926510342,Du et al. (2007)
R,SS_FPB_MONO,0.0,150.0,200.0,2100.0,1800.0,26.0,26.0,26.0,T_C,2.0,12.0,0.754,2.0,12.0,D,S,0.0,489.0,595.0,0.754,2.0,D,150.0,8.0,526.0,0.447,OPC,0.65,,Cylinder,34.4,C,Control,0.0,0.0,0.0,0.0,0.0,missing,0.0,0.0,0.0,750.0,2.9801108926510342,Du et al. (2007)
R,SS_FPB_MONO,0.0,150.0,200.0,2100.0,1800.0,26.0,26.0,26.0,T_C,2.0,12.0,0.754,2.0,12.0,D,S,0.0,397.72,497.9,0.754,2.0,D,150.0,8.0,526.0,0.447,OPC,0.65,,Cylinder,47.1,IC,External stainless steel plate,600.0,350.0,60.0,3.5,75.0,missing,10.2,600.0,0.306,750.0,2.775708849576025,Du et al. (2007)
R,SS_FPB_MONO,0.0,150.0,200.0,2100.0,1800.0,26.0,26.0,26.0,T_C,2.0,12.0,0.754,2.0,12.0,P,S,0.0,385.0,539.0,0.754,2.0,D,150.0,8.0,526.0,0.447,OPC,0.65,,Cylinder,35.2,C,Control,0.0,0.0,0.0,0.0,0.0,missing,0.0,0.0,0.0,750.0,2.643333886382519,Du et al. (2007)
R,SS_FPB_MONO,0.0,150.0,200.0,2100.0,1800.0,26.0,26.0,26.0,T_C,2.0,12.0,0.754,2.0,12.0,P,S,0.0,311.02,448.45,0.754,2.0,D,150.0,8.0,526.0,0.447,OPC,0.65,,Cylinder,35.2,IC,External stainless steel plate,600.0,350.0,60.0,3.5,75.0,missing,10.5,600.0,0.315,750.0,2.567254391136754,Du et al. (2007)
R,SS_TPB_MONO,0.0,100.0,150.0,1500.0,1500.0,50.0,25.0,0.0,ST,1.0,10.0,0.524,0.0,0.0,D,S,0.0,415.0,664.0,0.0,0.0,missing,0.0,0.0,0.0,0.0,OPC,0.5,13.0,Cylinder,27.0,C,Control,0.0,0.0,0.0,0.0,0.0,missing,0.0,0.0,0.0,750.0,1.4701758451005926,Torres-Acosta et al. (2007)
R,SS_TPB_MONO,0.0,100.0,150.0,1500.0,1500.0,50.0,25.0,0.0,ST,1.0,10.0,0.524,0.0,0.0,D,S,0.0,415.0,664.0,0.0,0.0,missing,0.0,0.0,0.0,0.0,OPC,0.5,13.0,Cylinder,27.0,C,Control,0.0,0.0,0.0,0.0,0.0,missing,0.0,0.0,0.0,750.0,1.5686159179138452,Torres-Acosta et al. (2007)
R,SS_TPB_MONO,0.0,100.0,150.0,1500.0,1500.0,50.0,25.0,0.0,ST,1.0,10.0,0.524,0.0,0.0,D,S,0.0,344.83,565.83,0.0,0.0,missing,0.0,0.0,0.0,0.0,OPC,0.5,13.0,Cylinder,27.0,IC,External steel plate,1500.0,80.0,40.0,3.5,1.0,missing,9.24,1500.0,0.231,750.0,1.085189268335969,Torres-Acosta et al. (2007)
R,SS_TPB_MONO,0.0,100.0,150.0,1500.0,1500.0,50.0,25.0,0.0,ST,1.0,10.0,0.524,0.0,0.0,D,S,0.0,294.25,495.08,0.0,0.0,missing,0.0,0.0,0.0,0.0,OPC,0.5,13.0,Cylinder,27.0,IC,External steel plate,1500.0,80.0,80.0,3.5,1.0,missing,15.9,1500.0,0.398,750.0,0.4762341789963717,Torres-Acosta et al. (2007)
R,SS_TPB_MONO,0.0,100.0,150.0,1500.0,1500.0,50.0,25.0,0.0,ST,1.0,10.0,0.524,0.0,0.0,D,S,0.0,288.93,487.64,0.0,0.0,missing,0.0,0.0,0.0,0.0,OPC,0.5,13.0,Cylinder,27.0,IC,External steel plate,1500.0,80.0,80.0,3.5,1.0,missing,16.6,1500.0,0.415,750.0,0.7608058290337602,Torres-Acosta et al. (2007)
R,SS_TPB_MONO,0.0,100.0,150.0,1500.0,1500.0,50.0,25.0,0.0,ST,1.0,10.0,0.524,0.0,0.0,D,S,0.0,332.98,549.26,0.0,0.0,missing,0.0,0.0,0.0,0.0,OPC,0.5,13.0,Cylinder,27.0,IC,External steel plate,1500.0,80.0,40.0,3.5,1.0,missing,10.8,1500.0,0.27,750.0,1.1939224684724346,Torres-Acosta et al. (2007)
R,SS_TPB_MONO,0.0,100.0,150.0,1500.0,1500.0,50.0,25.0,0.0,ST,1.0,10.0,0.524,0.0,0.0,D,S,0.0,340.57,559.88,0.0,0.0,missing,0.0,0.0,0.0,0.0,OPC,0.5,13.0,Cylinder,27.0,IC,External steel plate,1500.0,80.0,40.0,3.5,1.0,missing,9.8,1500.0,0.245,750.0,1.2383742310432684,Torres-Acosta et al. (2007)
R,SS_TPB_MONO,0.0,100.0,150.0,1500.0,1500.0,50.0,25.0,0.0,ST,1.0,10.0,0.524,0.0,0.0,D,S,0.0,269.19,460.02,0.0,0.0,missing,0.0,0.0,0.0,0.0,OPC,0.5,13.0,Cylinder,27.0,IC,External steel plate,1500.0,80.0,80.0,3.5,1.0,missing,19.2,1500.0,0.48,750.0,0.9669838461896731,Torres-Acosta et al. (2007)
R,SS_TPB_MONO,0.0,100.0,150.0,1500.0,1500.0,50.0,25.0,0.0,ST,1.0,10.0,0.524,0.0,0.0,D,S,0.0,282.1,478.08,0.0,0.0,missing,0.0,0.0,0.0,0.0,OPC,0.5,13.0,Cylinder,27.0,IC,External steel plate,1500.0,80.0,80.0,3.5,1.0,missing,17.5,1500.0,0.438,750.0,0.8919980393051105,Torres-Acosta et al. (2007)
R,SS_TPB_MONO,0.0,100.0,150.0,1500.0,1500.0,50.0,25.0,0.0,ST,1.0,10.0,0.524,0.0,0.0,D,S,0.0,236.44,387.48,0.0,0.0,missing,0.0,0.0,0.0,0.0,OPC,0.5,13.0,Cylinder,27.0,IC,External steel plate,1500.0,80.0,200.0,3.5,1.0,missing,29.1,1500.0,0.728,750.0,0.14842000511827322,Torres-Acosta et al. (2007)
R,SS_TPB_MONO,0.0,100.0,150.0,1500.0,1500.0,50.0,25.0,0.0,ST,1.0,10.0,0.524,0.0,0.0,D,S,0.0,415.0,664.0,0.0,0.0,missing,0.0,0.0,0.0,0.0,OPC,0.5,13.0,Cylinder,27.0,C,Control,0.0,0.0,0.0,0.0,0.0,missing,0.0,0.0,0.0,750.0,1.4701758451005926,Torres-Acosta et al. (2007)
R,SS_TPB_MONO,0.0,150.0,200.0,1250.0,1000.0,25.0,25.0,25.0,T_C,2.0,10.0,0.524,2.0,10.0,P,S,0.0,342.7,387.3,0.524,2.0,P,125.0,6.0,328.5,0.302,OPC,0.43,,Cube,43.2,C,Control,0.0,0.0,0.0,0.0,0.0,missing,0.0,0.0,0.0,500.0,2.3589654264301534,Cairns et al. (2008)
R,SS_TPB_MONO,0.0,150.0,200.0,1250.0,1000.0,25.0,25.0,25.0,T_C,2.0,10.0,0.524,2.0,10.0,P,S,0.0,288.77,334.01,0.524,2.0,P,125.0,6.0,328.5,0.302,OPC,0.43,,Cube,43.2,IC,External stainless steel bars,1250.0,60.0,130.0,3.0,75.0,missing,8.6,400.0,0.215,500.0,2.5610957881455465,Cairns et al. (2008)
R,SS_TPB_MONO,0.0,150.0,200.0,1250.0,1000.0,25.0,25.0,25.0,T_C,2.0,10.0,0.524,2.0,10.0,P,S,0.0,270.58,316.04,0.524,2.0,P,125.0,6.0,328.5,0.302,OPC,0.43,,Cube,43.2,IC,External stainless steel bars,1250.0,60.0,130.0,3.0,75.0,missing,11.5,400.0,0.288,500.0,2.5862591440482876,Cairns et al. (2008)
R,SS_TPB_MONO,0.0,150.0,200.0,2275.0,1875.0,28.0,28.0,24.0,T_C,3.0,16.0,2.011,2.0,8.0,P,S,0.0,261.0,387.3,0.335,2.0,P,125.0,6.0,328.5,0.302,OPC,0.43,,Cube,43.2,C,Control,0.0,0.0,0.0,0.0,0.0,missing,0.0,0.0,0.0,450.0,3.2433732964685884,Cairns et al. (2008)
R,SS_TPB_MONO,0.0,150.0,200.0,2275.0,1875.0,28.0,28.0,24.0,T_C,3.0,16.0,2.011,2.0,8.0,P,S,0.0,224.7,340.2,0.335,2.0,P,125.0,6.0,328.5,0.302,OPC,0.43,,Cube,43.2,IC,External stainless steel bars,2275.0,60.0,130.0,3.0,75.0,missing,7.6,400.0,0.304,450.0,3.3013770463799443,Cairns et al. (2008)
R,SS_TPB_MONO,0.0,150.0,200.0,2275.0,1425.0,28.0,28.0,24.0,T_C,3.0,16.0,2.011,2.0,8.0,P,S,0.0,261.0,387.3,0.335,2.0,P,125.0,6.0,328.5,0.302,OPC,0.43,,Cube,43.2,C,Control,0.0,0.0,0.0,0.0,0.0,missing,0.0,0.0,0.0,450.0,3.3683297780365384,Cairns et al. (2008)
R,SS_TPB_MONO,0.0,150.0,200.0,2275.0,1425.0,28.0,28.0,24.0,T_C,3.0,16.0,2.011,2.0,8.0,P,S,0.0,227.09,343.3,0.335,2.0,P,125.0,6.0,328.5,0.302,OPC,0.43,,Cube,43.2,IC,External stainless steel bars,2275.0,60.0,130.0,3.0,75.0,missing,7.1,400.0,0.284,450.0,3.4732079176384274,Cairns et al. (2008)
R,SS_TPB_MONO,0.0,150.0,200.0,2275.0,1425.0,28.0,28.0,24.0,T_C,3.0,16.0,2.011,2.0,8.0,P,S,0.0,224.7,340.2,0.335,2.0,P,125.0,6.0,328.5,0.302,OPC,0.43,,Cube,43.2,IC,External stainless steel bars,2275.0,60.0,130.0,3.0,75.0,missing,7.6,400.0,0.304,450.0,3.4732079176384274,Cairns et al. (2008)
R,SS_CONT_TPB_MONO,0.0,150.0,200.0,4250.0,2000.0,25.0,25.0,25.0,T_C,2.0,10.0,0.524,2.0,10.0,P,S,0.0,342.7,461.7,0.524,2.0,P,125.0,6.0,328.5,0.302,OPC,0.43,,Cube,43.2,C,Control,0.0,0.0,0.0,0.0,0.0,missing,0.0,0.0,0.0,900.0,3.267284964075888,Cairns et al. (2008)
R,SS_CONT_TPB_MONO,0.0,150.0,200.0,4250.0,2000.0,25.0,25.0,25.0,T_C,2.0,10.0,0.524,2.0,10.0,P,S,0.0,293.16,403.34,0.524,2.0,P,125.0,6.0,328.5,0.302,OPC,0.43,,Cube,43.2,IC,External stainless steel bars,750.0,60.0,130.0,3.0,75.0,missing,7.9,400.0,0.198,900.0,3.2969473602883563,Cairns et al. (2008)
R,SS_CONT_TPB_MONO,0.0,150.0,200.0,4250.0,2000.0,25.0,25.0,25.0,T_C,2.0,10.0,0.524,2.0,10.0,P,S,0.0,298.8,409.99,0.524,2.0,P,125.0,6.0,328.5,0.302,OPC,0.43,,Cube,43.2,IC,External stainless steel bars,750.0,60.0,130.0,3.0,75.0,missing,7.0,400.0,0.175,900.0,3.3456846717318967,Cairns et al. (2008)
R,SS_CONT_TPB_MONO,0.0,150.0,200.0,4250.0,2000.0,25.0,25.0,25.0,T_C,2.0,10.0,0.524,2.0,10.0,P,S,260.0,342.7,461.7,0.524,2.0,P,125.0,6.0,328.5,0.302,OPC,0.43,,Cube,43.2,C,Control,0.0,0.0,0.0,0.0,0.0,missing,0.0,0.0,0.0,900.0,3.367640598133313,Cairns et al. (2008)
R,SS_CONT_TPB_MONO,0.0,150.0,200.0,4250.0,2000.0,25.0,25.0,25.0,T_C,2.0,10.0,0.524,2.0,10.0,P,S,260.0,315.11,429.2,0.524,2.0,P,125.0,6.0,328.5,0.302,OPC,0.43,,Cube,43.2,IC,External stainless steel bars,750.0,60.0,65.0,3.0,75.0,missing,4.4,400.0,0.11,900.0,3.3565486299932736,Cairns et al. (2008)
R,SS_FPB_MONO,0.0,200.0,215.0,1100.0,900.0,48.0,48.0,29.0,T_C,2.0,16.0,0.935,2.0,8.0,D,H-180,0.0,593.0,700.0,0.234,2.0,P,80.0,8.0,250.0,0.628,OPC,0.45,13.0,Cylinder,28.0,C,Control,0.0,0.0,0.0,0.0,0.0,missing,0.0,0.0,0.0,350.0,3.4790839203192268,Azad et al. (2010)
R,SS_FPB_MONO,0.0,200.0,215.0,1100.0,900.0,48.0,48.0,29.0,T_C,2.0,16.0,0.935,2.0,8.0,D,H-180,0.0,593.0,700.0,0.234,2.0,P,80.0,8.0,250.0,0.628,OPC,0.45,13.0,Cylinder,28.0,C,Control,0.0,0.0,0.0,0.0,0.0,missing,0.0,0.0,0.0,350.0,3.4719664525503626,Azad et al. (2010)
R,SS_FPB_MONO,0.0,200.0,215.0,1100.0,900.0,48.0,48.0,29.0,T_C,2.0,16.0,0.935,2.0,8.0,D,H-180,0.0,555.02,660.8,0.234,2.0,P,80.0,8.0,250.0,0.628,OPC,0.45,13.0,Cylinder,28.0,IC,External stainless steel plate,1100.0,1770.0,6.0,5.0,120.0,missing,3.5,155.32,0.14,350.0,3.449987545831587,Azad et al. (2010)
R,SS_FPB_MONO,0.0,200.0,215.0,1100.0,900.0,48.0,48.0,29.0,T_C,2.0,16.0,0.935,2.0,8.0,D,H-180,0.0,527.89,632.8,0.234,2.0,P,80.0,8.0,250.0,0.628,OPC,0.45,13.0,Cylinder,28.0,IC,External stainless steel plate,1100.0,1770.0,10.0,5.0,120.0,missing,6.0,156.41,0.24,350.0,3.339676525013905,Azad et al. (2010)
R,SS_FPB_MONO,0.0,200.0,215.0,1100.0,900.0,48.0,48.0,29.0,T_C,2.0,16.0,0.935,2.0,8.0,D,H-180,0.0,548.18,653.74,0.234,2.0,P,80.0,8.0,250.0,0.628,OPC,0.45,13.0,Cylinder,28.0,IC,External stainless steel plate,1100.0,1770.0,4.0,5.0,120.0,missing,4.13,154.75,0.165,350.0,2.911263116927541,Azad et al. (2010)
R,SS_FPB_MONO,0.0,200.0,215.0,1100.0,900.0,48.0,48.0,29.0,T_C,2.0,16.0,0.935,2.0,8.0,D,H-180,0.0,421.0,522.48,0.234,2.0,P,80.0,8.0,250.0,0.628,OPC,0.45,13.0,Cylinder,28.0,IC,External stainless steel plate,1100.0,1770.0,14.0,5.0,120.0,missing,15.85,156.3,0.634,350.0,3.1130707659712242,Azad et al. (2010)
R,SS_FPB_MONO,0.0,200.0,215.0,1100.0,900.0,48.0,48.0,29.0,T_C,2.0,16.0,0.935,2.0,8.0,D,H-180,0.0,560.99,666.96,0.234,2.0,P,80.0,8.0,250.0,0.628,OPC,0.45,13.0,Cylinder,28.0,IC,External stainless steel plate,1100.0,1770.0,10.0,5.0,120.0,missing,2.95,156.46,0.118,350.0,3.440097530619712,Azad et al. (2010)
R,SS_FPB_MONO,0.0,200.0,215.0,1100.0,900.0,48.0,48.0,29.0,T_C,2.0,16.0,0.935,2.0,8.0,D,H-180,0.0,421.21,522.7,0.234,2.0,P,80.0,8.0,250.0,0.628,OPC,0.45,13.0,Cylinder,28.0,IC,External stainless steel plate,1100.0,1770.0,14.0,5.0,120.0,missing,15.83,156.25,0.633,350.0,2.848970892158587,Azad et al. (2010)
R,SS_FPB_MONO,0.0,200.0,265.0,1100.0,900.0,48.0,48.0,29.0,T_C,2.0,16.0,0.759,2.0,8.0,D,H-180,0.0,593.0,700.0,0.19,2.0,P,80.0,8.0,250.0,0.628,OPC,0.45,13.0,Cylinder,28.0,C,Control,0.0,0.0,0.0,0.0,0.0,missing,0.0,0.0,0.0,350.0,3.6425737012374246,Azad et al. (2010)
R,SS_FPB_MONO,0.0,200.0,265.0,1100.0,900.0,48.0,48.0,29.0,T_C,2.0,16.0,0.759,2.0,8.0,D,H-180,0.0,593.0,700.0,0.19,2.0,P,80.0,8.0,250.0,0.628,OPC,0.45,13.0,Cylinder,28.0,C,Control,0.0,0.0,0.0,0.0,0.0,missing,0.0,0.0,0.0,350.0,3.832979798087693,Azad et al. (2010)
R,SS_FPB_MONO,0.0,200.0,265.0,1100.0,900.0,48.0,48.0,29.0,T_C,2.0,16.0,0.759,2.0,8.0,D,H-180,0.0,464.73,567.62,0.19,2.0,P,80.0,8.0,250.0,0.628,OPC,0.45,13.0,Cylinder,28.0,IC,External stainless steel plate,1100.0,1780.0,10.0,5.0,120.0,missing,11.82,189.08,0.473,350.0,3.597860055726768,Azad et al. (2010)
R,SS_FPB_MONO,0.0,200.0,265.0,1100.0,900.0,48.0,48.0,29.0,T_C,2.0,16.0,0.759,2.0,8.0,D,H-180,0.0,486.0,589.57,0.19,2.0,P,80.0,8.0,250.0,0.628,OPC,0.45,13.0,Cylinder,28.0,IC,External stainless steel plate,1100.0,1780.0,8.0,5.0,120.0,missing,9.86,190.12,0.394,350.0,3.711618941083426,Azad et al. (2010)
R,SS_FPB_MONO,0.0,200.0,265.0,1100.0,900.0,48.0,48.0,29.0,T_C,2.0,16.0,0.759,2.0,8.0,D,H-180,0.0,389.64,490.11,0.19,2.0,P,80.0,8.0,250.0,0.628,OPC,0.45,13.0,Cylinder,28.0,IC,External stainless steel plate,1100.0,1780.0,15.0,5.0,120.0,missing,18.74,188.7,0.75,350.0,3.190064743014081,Azad et al. (2010)
R,SS_FPB_MONO,0.0,200.0,265.0,1100.0,900.0,48.0,48.0,29.0,T_C,2.0,16.0,0.759,2.0,8.0,D,H-180,0.0,402.77,503.66,0.19,2.0,P,80.0,8.0,250.0,0.628,OPC,0.45,13.0,Cylinder,28.0,IC,External stainless steel plate,1100.0,1780.0,15.0,5.0,120.0,missing,17.53,190.54,0.701,350.0,3.206398303357088,Azad et al. (2010)
R,SS_FPB_MONO,0.0,200.0,265.0,1100.0,900.0,48.0,48.0,29.0,T_C,2.0,16.0,0.759,2.0,8.0,D,H-180,0.0,315.95,414.06,0.19,2.0,P,80.0,8.0,250.0,0.628,OPC,0.45,13.0,Cylinder,28.0,IC,External stainless steel plate,1100.0,1780.0,20.0,5.0,120.0,missing,25.53,189.69,1.021,350.0,3.2902658209548736,Azad et al. (2010)
R,SS_FPB_MONO,0.0,200.0,265.0,1100.0,900.0,48.0,48.0,29.0,T_C,2.0,16.0,0.759,2.0,8.0,D,H-180,0.0,312.91,410.93,0.19,2.0,P,80.0,8.0,250.0,0.628,OPC,0.45,13.0,Cylinder,28.0,IC,External stainless steel plate,1100.0,1780.0,20.0,5.0,120.0,missing,25.81,189.85,1.032,350.0,3.0430928449138284,Azad et al. (2010)
R,SS_FPB_MONO,0.0,200.0,315.0,1100.0,900.0,48.0,48.0,29.0,T_C,2.0,16.0,0.638,2.0,8.0,D,H-180,0.0,593.0,700.0,0.16,2.0,P,80.0,8.0,250.0,0.628,OPC,0.45,13.0,Cylinder,28.0,C,Control,0.0,0.0,0.0,0.0,0.0,missing,0.0,0.0,0.0,350.0,4.06457240388843,Azad et al. (2010)
R,SS_FPB_MONO,0.0,200.0,315.0,1100.0,900.0,48.0,48.0,29.0,T_C,2.0,16.0,0.638,2.0,8.0,D,H-180,0.0,593.0,700.0,0.16,2.0,P,80.0,8.0,250.0,0.628,OPC,0.45,13.0,Cylinder,28.0,C,Control,0.0,0.0,0.0,0.0,0.0,missing,0.0,0.0,0.0,350.0,4.06457240388843,Azad et al. (2010)
R,SS_FPB_MONO,0.0,200.0,315.0,1100.0,900.0,48.0,48.0,29.0,T_C,2.0,16.0,0.638,2.0,8.0,D,H-180,0.0,448.24,550.59,0.16,2.0,P,80.0,8.0,250.0,0.628,OPC,0.45,13.0,Cylinder,28.0,IC,External stainless steel plate,1100.0,1860.0,10.0,5.0,120.0,missing,13.34,189.85,0.534,350.0,3.624874124138024,Azad et al. (2010)
R,SS_FPB_MONO,0.0,200.0,315.0,1100.0,900.0,48.0,48.0,29.0,T_C,2.0,16.0,0.638,2.0,8.0,D,H-180,0.0,399.29,500.08,0.16,2.0,P,80.0,8.0,250.0,0.628,OPC,0.45,13.0,Cylinder,28.0,IC,External stainless steel plate,1100.0,1860.0,15.0,5.0,120.0,missing,17.85,189.7,0.714,350.0,3.58407433974781,Azad et al. (2010)
R,SS_FPB_MONO,0.0,200.0,315.0,1100.0,900.0,48.0,48.0,29.0,T_C,2.0,16.0,0.638,2.0,8.0,D,H-180,0.0,527.67,632.58,0.16,2.0,P,80.0,8.0,250.0,0.628,OPC,0.45,13.0,Cylinder,28.0,IC,External stainless steel plate,1100.0,1860.0,5.0,5.0,120.0,missing,6.02,183.93,0.241,350.0,3.9577608971019997,Azad et al. (2010)
R,SS_FPB_MONO,0.0,200.0,315.0,1100.0,900.0,48.0,48.0,29.0,T_C,2.0,16.0,0.638,2.0,8.0,D,H-180,0.0,529.62,634.59,0.16,2.0,P,80.0,8.0,250.0,0.628,OPC,0.45,13.0,Cylinder,28.0,IC,External stainless steel plate,1100.0,1860.0,4.0,5.0,120.0,missing,5.84,185.41,0.234,350.0,4.013676659154646,Azad et al. (2010)
R,SS_FPB_MONO,0.0,200.0,315.0,1100.0,900.0,48.0,48.0,29.0,T_C,2.0,16.0,0.638,2.0,8.0,D,H-180,0.0,307.7,405.55,0.16,2.0,P,80.0,8.0,250.0,0.628,OPC,0.45,13.0,Cylinder,28.0,IC,External stainless steel plate,1100.0,1860.0,20.0,5.0,120.0,missing,26.29,188.45,1.052,350.0,3.5776685247779345,Azad et al. (2010)
R,SS_FPB_MONO,0.0,200.0,315.0,1100.0,900.0,48.0,48.0,29.0,T_C,2.0,16.0,0.638,2.0,8.0,D,H-180,0.0,542.76,648.14,0.16,2.0,P,80.0,8.0,250.0,0.628,OPC,0.45,13.0,Cylinder,28.0,IC,External stainless steel plate,1100.0,1860.0,3.0,5.0,120.0,missing,4.63,184.36,0.185,350.0,4.051958845725663,Azad et al. (2010)
R,SS_FPB_MONO,0.0,200.0,215.0,1100.0,900.0,49.0,49.0,29.0,T_C,2.0,18.0,1.184,2.0,8.0,D,H-180,0.0,575.0,690.0,0.234,2.0,P,80.0,8.0,250.0,0.628,OPC,0.45,13.0,Cylinder,28.0,C,Control,0.0,0.0,0.0,0.0,0.0,missing,0.0,0.0,0.0,350.0,3.6328380632303117,Azad et al. (2010)
R,SS_FPB_MONO,0.0,200.0,215.0,1100.0,900.0,49.0,49.0,29.0,T_C,2.0,18.0,1.184,2.0,8.0,D,H-180,0.0,575.0,690.0,0.234,2.0,P,80.0,8.0,250.0,0.628,OPC,0.45,13.0,Cylinder,28.0,C,Control,0.0,0.0,0.0,0.0,0.0,missing,0.0,0.0,0.0,350.0,3.7848712197676626,Azad et al. (2010)
R,SS_FPB_MONO,0.0,200.0,215.0,1100.0,900.0,49.0,49.0,29.0,T_C,2.0,18.0,1.184,2.0,8.0,D,H-180,0.0,519.44,631.71,0.234,2.0,P,80.0,8.0,250.0,0.628,OPC,0.45,13.0,Cylinder,28.0,IC,External stainless steel plate,1100.0,1740.0,6.0,5.0,120.0,missing,5.28,158.02,0.238,350.0,3.5201649007261984,Azad et al. (2010)
R,SS_FPB_MONO,0.0,200.0,215.0,1100.0,900.0,49.0,49.0,29.0,T_C,2.0,18.0,1.184,2.0,8.0,D,H-180,0.0,476.09,586.22,0.234,2.0,P,80.0,8.0,250.0,0.628,OPC,0.45,13.0,Cylinder,28.0,IC,External stainless steel plate,1100.0,1740.0,10.0,5.0,120.0,missing,9.4,158.15,0.423,350.0,3.1059310658520665,Azad et al. (2010)
R,SS_FPB_MONO,0.0,200.0,215.0,1100.0,900.0,49.0,49.0,29.0,T_C,2.0,18.0,1.184,2.0,8.0,D,H-180,0.0,456.41,565.58,0.234,2.0,P,80.0,8.0,250.0,0.628,OPC,0.45,13.0,Cylinder,28.0,IC,External stainless steel plate,1100.0,1740.0,12.0,5.0,120.0,missing,11.27,158.5,0.507,350.0,3.1144038032714896,Azad et al. (2010)
R,SS_FPB_MONO,0.0,200.0,215.0,1100.0,900.0,49.0,49.0,29.0,T_C,2.0,18.0,1.184,2.0,8.0,D,H-180,0.0,445.99,554.65,0.234,2.0,P,80.0,8.0,250.0,0.628,OPC,0.45,13.0,Cylinder,28.0,IC,External stainless steel plate,1100.0,1740.0,13.0,5.0,120.0,missing,12.26,188.65,0.552,350.0,3.1315734964654043,Azad et al. (2010)
R,SS_FPB_MONO,0.0,200.0,215.0,1100.0,900.0,49.0,49.0,29.0,T_C,2.0,18.0,1.184,2.0,8.0,D,H-180,0.0,363.6,468.21,0.234,2.0,P,80.0,8.0,250.0,0.628,OPC,0.45,13.0,Cylinder,28.0,IC,External stainless steel plate,1100.0,1740.0,20.0,5.0,120.0,missing,20.09,189.62,0.904,350.0,2.9381031607173544,Azad et al. (2010)
R,SS_FPB_MONO,0.0,200.0,215.0,1100.0,900.0,49.0,49.0,29.0,T_C,2.0,18.0,1.184,2.0,8.0,D,H-180,0.0,353.4,457.5,0.234,2.0,P,80.0,8.0,250.0,0.628,OPC,0.45,13.0,Cylinder,28.0,IC,External stainless steel plate,1100.0,1740.0,20.0,5.0,120.0,missing,21.06,190.25,0.948,350.0,2.7800607370784824,Azad et al. (2010)
R,SS_FPB_MONO,0.0,200.0,265.0,1100.0,900.0,49.0,49.0,29.0,T_C,2.0,18.0,0.96,2.0,8.0,D,H-180,0.0,575.0,690.0,0.19,2.0,P,80.0,8.0,250.0,0.628,OPC,0.45,13.0,Cylinder,28.0,C,Control,0.0,0.0,0.0,0.0,0.0,missing,0.0,0.0,0.0,350.0,4.06009812349351,Azad et al. (2010)
R,SS_FPB_MONO,0.0,200.0,265.0,1100.0,900.0,49.0,49.0,29.0,T_C,2.0,18.0,0.96,2.0,8.0,D,H-180,0.0,575.0,690.0,0.19,2.0,P,80.0,8.0,250.0,0.628,OPC,0.45,13.0,Cylinder,28.0,C,Control,0.0,0.0,0.0,0.0,0.0,missing,0.0,0.0,0.0,350.0,3.786913194385302,Azad et al. (2010)
R,SS_FPB_MONO,0.0,200.0,265.0,1100.0,900.0,49.0,49.0,29.0,T_C,2.0,18.0,0.96,2.0,8.0,D,H-180,0.0,479.25,589.54,0.19,2.0,P,80.0,8.0,250.0,0.628,OPC,0.45,13.0,Cylinder,28.0,IC,External stainless steel plate,1100.0,1750.0,10.0,5.0,120.0,missing,9.1,189.54,0.41,350.0,3.4423393249933305,Azad et al. (2010)
R,SS_FPB_MONO,0.0,200.0,265.0,1100.0,900.0,49.0,49.0,29.0,T_C,2.0,18.0,0.96,2.0,8.0,D,H-180,0.0,474.72,584.79,0.19,2.0,P,80.0,8.0,250.0,0.628,OPC,0.45,13.0,Cylinder,28.0,IC,External stainless steel plate,1100.0,1750.0,10.0,5.0,120.0,missing,9.53,188.97,0.429,350.0,3.6410013738694724,Azad et al. (2010)
R,SS_FPB_MONO,0.0,200.0,265.0,1100.0,900.0,49.0,49.0,29.0,T_C,2.0,18.0,0.96,2.0,8.0,D,H-180,0.0,474.72,584.79,0.19,2.0,P,80.0,8.0,250.0,0.628,OPC,0.45,13.0,Cylinder,28.0,IC,External stainless steel plate,1100.0,1750.0,15.0,5.0,120.0,missing,9.53,184.29,0.429,350.0,3.3975239762958465,Azad et al. (2010)
R,SS_FPB_MONO,0.0,200.0,265.0,1100.0,900.0,49.0,49.0,29.0,T_C,2.0,18.0,0.96,2.0,8.0,D,H-180,0.0,514.39,626.41,0.19,2.0,P,80.0,8.0,250.0,0.628,OPC,0.45,13.0,Cylinder,28.0,IC,External stainless steel plate,1100.0,1750.0,10.0,5.0,120.0,missing,5.76,184.77,0.259,350.0,3.7140597526442347,Azad et al. (2010)
R,SS_FPB_MONO,0.0,200.0,265.0,1100.0,900.0,49.0,49.0,29.0,T_C,2.0,18.0,0.96,2.0,8.0,D,H-180,0.0,425.79,533.45,0.19,2.0,P,80.0,8.0,250.0,0.628,OPC,0.45,13.0,Cylinder,28.0,IC,External stainless steel plate,1100.0,1750.0,20.0,5.0,120.0,missing,14.18,183.93,0.638,350.0,3.9495114498391377,Azad et al. (2010)
R,SS_FPB_MONO,0.0,200.0,265.0,1100.0,900.0,49.0,49.0,29.0,T_C,2.0,18.0,0.96,2.0,8.0,D,H-180,0.0,387.7,493.49,0.19,2.0,P,80.0,8.0,250.0,0.628,OPC,0.45,13.0,Cylinder,28.0,IC,External stainless steel plate,1100.0,1750.0,20.0,5.0,120.0,missing,17.8,185.2,0.801,350.0,3.2311995745570328,Azad et al. (2010)
R,SS_FPB_MONO,0.0,200.0,315.0,1100.0,900.0,49.0,49.0,29.0,T_C,2.0,18.0,0.808,2.0,8.0,D,H-180,0.0,575.0,690.0,0.16,2.0,P,80.0,8.0,250.0,0.628,OPC,0.45,13.0,Cylinder,28.0,C,Control,0.0,0.0,0.0,0.0,0.0,missing,0.0,0.0,0.0,350.0,4.155909917880256,Azad et al. (2010)
R,SS_FPB_MONO,0.0,200.0,315.0,1100.0,900.0,49.0,49.0,29.0,T_C,2.0,18.0,0.808,2.0,8.0,D,H-180,0.0,575.0,690.0,0.16,2.0,P,80.0,8.0,250.0,0.628,OPC,0.45,13.0,Cylinder,28.0,C,Control,0.0,0.0,0.0,0.0,0.0,missing,0.0,0.0,0.0,350.0,4.268577942166303,Azad et al. (2010)
R,SS_FPB_MONO,0.0,200.0,315.0,1100.0,900.0,49.0,49.0,29.0,T_C,2.0,18.0,0.808,2.0,8.0,D,H-180,0.0,515.34,627.4,0.16,2.0,P,80.0,8.0,250.0,0.628,OPC,0.45,13.0,Cylinder,28.0,IC,External stainless steel plate,1100.0,1820.0,6.0,5.0,120.0,missing,5.67,183.55,0.255,350.0,4.079569276639947,Azad et al. (2010)
R,SS_FPB_MONO,0.0,200.0,315.0,1100.0,900.0,49.0,49.0,29.0,T_C,2.0,18.0,0.808,2.0,8.0,D,H-180,0.0,560.37,674.65,0.16,2.0,P,80.0,8.0,250.0,0.628,OPC,0.45,13.0,Cylinder,28.0,IC,External stainless steel plate,1100.0,1820.0,2.0,5.0,120.0,missing,1.39,183.55,0.063,350.0,4.1893516658004355,Azad et al. (2010)
R,SS_FPB_MONO,0.0,200.0,315.0,1100.0,900.0,49.0,49.0,29.0,T_C,2.0,18.0,0.808,2.0,8.0,D,H-180,0.0,525.65,638.22,0.16,2.0,P,80.0,8.0,250.0,0.628,OPC,0.45,13.0,Cylinder,28.0,IC,External stainless steel plate,1100.0,1820.0,5.0,5.0,120.0,missing,4.69,183.9,0.211,350.0,4.053696163744291,Azad et al. (2010)
R,SS_FPB_MONO,0.0,200.0,315.0,1100.0,900.0,49.0,49.0,29.0,T_C,2.0,18.0,0.808,2.0,8.0,D,H-180,0.0,468.93,578.72,0.16,2.0,P,80.0,8.0,250.0,0.628,OPC,0.45,13.0,Cylinder,28.0,IC,External stainless steel plate,1100.0,1820.0,15.0,5.0,120.0,missing,10.08,187.4,0.454,350.0,3.6136169696133895,Azad et al. (2010)
R,SS_FPB_MONO,0.0,200.0,315.0,1100.0,900.0,49.0,49.0,29.0,T_C,2.0,18.0,0.808,2.0,8.0,D,H-180,0.0,539.54,652.8,0.16,2.0,P,80.0,8.0,250.0,0.628,OPC,0.45,13.0,Cylinder,28.0,IC,External stainless steel plate,1100.0,1820.0,4.0,5.0,120.0,missing,3.37,183.8,0.152,350.0,3.885679030088544,Azad et al. (2010)
R,SS_FPB_MONO,0.0,200.0,315.0,1100.0,900.0,49.0,49.0,29.0,T_C,2.0,18.0,0.808,2.0,8.0,D,H-180,0.0,364.34,468.98,0.16,2.0,P,80.0,8.0,250.0,0.628,OPC,0.45,13.0,Cylinder,28.0,IC,External stainless steel plate,1100.0,1820.0,20.0,5.0,120.0,missing,20.02,189.35,0.901,350.0,3.566429294357372,Azad et al. (2010)
R,SS_TPB_MONO,0.0,150.0,200.0,2200.0,2000.0,31.0,31.0,30.0,T_C,2.0,12.0,0.754,2.0,10.0,D,S,0.0,350.0,520.0,0.524,2.0,P,150.0,6.0,,0.251,OPC,0.55,15.0,Cylinder,28.6,C,Control,0.0,0.0,0.0,0.0,0.0,missing,0.0,0.0,0.0,1000.0,2.93651291389402,Gu et al. (2010)
R,SS_TPB_MONO,0.0,150.0,200.0,2200.0,2000.0,31.0,31.0,30.0,T_C,2.0,12.0,0.754,2.0,10.0,D,S,0.0,308.37,465.92,0.524,2.0,P,150.0,6.0,,0.251,OPC,0.55,15.0,Cylinder,28.6,IC,External copper plate,2200.0,1000.0,9.4,5.0,80.0,missing,6.5,400.0,0.195,1000.0,2.954910279033736,Gu et al. (2010)
R,SS_TPB_MONO,0.0,150.0,200.0,2200.0,2000.0,31.0,31.0,30.0,T_C,2.0,12.0,0.754,2.0,10.0,D,S,0.0,259.69,402.69,0.524,2.0,P,150.0,6.0,,0.251,OPC,0.55,15.0,Cylinder,28.6,IC,External copper plate,2200.0,1000.0,18.8,5.0,80.0,missing,14.1,400.0,0.423,1000.0,2.9258461460898246,Gu et al. (2010)
R,SS_TPB_MONO,0.0,150.0,200.0,2200.0,2000.0,31.0,31.0,30.0,T_C,2.0,12.0,0.754,2.0,10.0,D,S,0.0,189.18,286.65,0.524,2.0,P,150.0,6.0,,0.251,OPC,0.55,15.0,Cylinder,28.6,IC,External copper plate,2200.0,1000.0,28.2,5.0,80.0,missing,32.5,400.0,0.975,1000.0,2.72785282839839,Gu et al. (2010)
R,SS_TPB_MONO,0.0,150.0,200.0,2200.0,2000.0,33.0,33.0,30.0,T_C,2.0,16.0,1.34,2.0,10.0,D,S,0.0,350.0,520.0,0.524,2.0,P,150.0,6.0,,0.251,OPC,0.55,15.0,Cylinder,30.0,C,Control,0.0,0.0,0.0,0.0,0.0,missing,0.0,0.0,0.0,1000.0,3.5787855313168624,Gu et al. (2010)
R,SS_TPB_MONO,0.0,150.0,200.0,2200.0,2000.0,33.0,33.0,30.0,T_C,2.0,16.0,1.34,2.0,10.0,D,S,0.0,296.2,450.11,0.524,2.0,P,150.0,6.0,,0.251,OPC,0.55,15.0,Cylinder,30.0,IC,External copper plate,2200.0,1000.0,12.5,5.0,80.0,missing,8.4,400.0,0.336,1000.0,3.349904087274605,Gu et al. (2010)
R,SS_TPB_MONO,0.0,150.0,200.0,2200.0,2000.0,33.0,33.0,30.0,T_C,2.0,16.0,1.34,2.0,10.0,D,S,0.0,284.03,434.3,0.524,2.0,P,150.0,6.0,,0.251,OPC,0.55,15.0,Cylinder,30.0,IC,External copper plate,2200.0,1000.0,25.1,5.0,80.0,missing,10.3,400.0,0.412,1000.0,3.3690184832979204,Gu et al. (2010)
R,SS_TPB_MONO,0.0,150.0,200.0,2200.0,2000.0,33.0,33.0,30.0,T_C,2.0,16.0,1.34,2.0,10.0,D,S,0.0,215.5,345.28,0.524,2.0,P,150.0,6.0,,0.251,OPC,0.55,15.0,Cylinder,30.0,IC,External copper plate,2200.0,1000.0,37.6,5.0,80.0,missing,21.0,400.0,0.84,1000.0,3.214867803470662,Gu et al. (2010)
R,SS_TPB_MONO,0.0,150.0,200.0,2200.0,2000.0,32.0,32.0,30.0,T_C,2.0,14.0,1.026,2.0,10.0,D,S,0.0,380.0,580.0,0.524,2.0,P,150.0,6.0,,0.251,OPC,0.55,15.0,Cylinder,24.1,C,Control,0.0,0.0,0.0,0.0,0.0,missing,0.0,0.0,0.0,1000.0,3.5681232529781366,Gu et al. (2010)
R,SS_TPB_MONO,0.0,150.0,200.0,2200.0,2000.0,32.0,32.0,30.0,T_C,2.0,14.0,1.026,2.0,10.0,D,S,0.0,336.89,522.46,0.524,2.0,P,150.0,6.0,,0.251,OPC,0.55,15.0,Cylinder,24.1,IC,External copper plate,2200.0,200.0,54.5,5.0,80.0,missing,6.2,400.0,0.217,1000.0,3.475067230228611,Gu et al. (2010)
R,SS_TPB_MONO,0.0,150.0,200.0,2200.0,2000.0,32.0,32.0,30.0,T_C,2.0,14.0,1.026,2.0,10.0,D,S,0.0,277.08,442.66,0.524,2.0,P,150.0,6.0,,0.251,OPC,0.55,15.0,Cylinder,24.1,IC,External copper plate,2200.0,200.0,108.9,5.0,80.0,missing,14.8,400.0,0.518,1000.0,2.307572634505085,Gu et al. (2010)
R,SS_TPB_MONO,0.0,150.0,200.0,2200.0,2000.0,32.0,32.0,30.0,T_C,2.0,14.0,1.026,2.0,10.0,D,S,0.0,197.81,336.86,0.524,2.0,P,150.0,6.0,,0.251,OPC,0.55,15.0,Cylinder,24.1,IC,External copper plate,2200.0,200.0,163.3,5.0,80.0,missing,26.2,400.0,0.917,1000.0,3.139832617527748,Gu et al. (2010)
R,SS_TPB_MONO_SUST,30.0,164.0,175.0,2680.0,2000.0,31.0,31.0,30.0,T_C,2.0,12.0,0.788,2.0,10.0,D,S,0.0,332.91,463.34,0.547,2.0,P,150.0,6.0,,0.23,OPC,0.56,,Cylinder,25.6,N,missing,2680.0,,,3.5,175.0,1:1,3.4,400.0,0.102,1000.0,3.065724645374026,Gu et al. (2010)
R,SS_TPB_MONO_SUST,30.0,148.0,191.0,2685.0,2000.0,31.0,31.0,30.0,T_C,2.0,12.0,0.8,2.0,10.0,D,S,0.0,295.23,417.87,0.556,2.0,P,150.0,6.0,,0.255,OPC,0.63,,Cylinder,19.3,N,missing,2685.0,,,3.5,191.0,1:1,9.2,400.0,0.276,1000.0,3.0469005601283903,Gu et al. (2010)
R,SS_TPB_MONO_SUST,30.0,147.0,187.0,2638.0,2000.0,31.0,31.0,30.0,T_C,2.0,12.0,0.823,2.0,10.0,D,S,0.0,306.28,431.2,0.571,2.0,P,150.0,6.0,,0.256,OPC,0.61,,Cylinder,20.7,N,missing,2638.0,,,3.5,187.0,1:1,7.5,400.0,0.225,1000.0,3.1245651453969594,Gu et al. (2010)
R,SS_FPB_MONO,0.0,240.0,200.0,2100.0,1800.0,60.0,40.0,0.0,ST,3.0,16.0,1.257,0.0,0.0,D,S,0.0,369.0,523.0,0.0,0.0,missing,0.0,0.0,0.0,0.0,OPC,0.6,20.0,Cylinder,30.8,C,Control,0.0,0.0,0.0,0.0,0.0,missing,0.0,0.0,0.0,725.0,3.5380565643793527,Dong et al. (2011)
R,SS_FPB_MONO,0.0,240.0,200.0,2100.0,1800.0,60.0,40.0,0.0,ST,3.0,16.0,1.257,0.0,0.0,D,S,0.0,190.73,302.08,0.0,0.0,missing,0.0,0.0,0.0,0.0,OPC,0.6,20.0,Cylinder,36.2,IC,External copper plate,2100.0,1800.0,6.9,5.0,200.0,missing,26.4,420.0,1.056,725.0,2.8118094353930627,Dong et al. (2011)
R,SS_FPB_MONO,0.0,240.0,200.0,2100.0,1800.0,60.0,40.0,0.0,ST,3.0,16.0,1.257,0.0,0.0,D,S,0.0,369.0,523.0,0.0,2.0,D,80.0,6.0,438.0,0.295,OPC,0.6,20.0,Cylinder,27.0,C,Control,0.0,0.0,0.0,0.0,0.0,missing,0.0,0.0,0.0,725.0,3.4995332823830174,Dong et al. (2011)
R,SS_FPB_MONO,0.0,240.0,200.0,2100.0,1800.0,60.0,40.0,0.0,ST,3.0,16.0,1.257,0.0,0.0,D,S,0.0,344.02,492.04,0.0,2.0,D,80.0,6.0,370.2,0.295,OPC,0.6,20.0,Cylinder,29.6,IC,External copper plate,2100.0,500.0,4.3,5.0,200.0,missing,3.7,50.0,0.148,725.0,3.328985047548231,Dong et al. (2011)
R,SS_FPB_MONO,0.0,240.0,200.0,2100.0,1800.0,60.0,40.0,0.0,ST,3.0,16.0,1.257,0.0,0.0,D,S,0.0,269.06,399.15,0.0,2.0,D,80.0,6.0,191.2,0.295,OPC,0.6,20.0,Cylinder,26.5,IC,External copper plate,2100.0,500.0,8.5,5.0,200.0,missing,14.8,50.0,0.592,725.0,3.0440461338325417,Dong et al. (2011)
R,SS_FPB_MONO,0.0,240.0,200.0,2100.0,1800.0,60.0,40.0,0.0,ST,3.0,16.0,1.257,0.0,0.0,D,S,0.0,245.43,369.87,0.0,2.0,D,80.0,6.0,147.5,0.295,OPC,0.6,20.0,Cylinder,27.2,IC,External copper plate,2100.0,500.0,17.1,5.0,200.0,missing,18.3,50.0,0.732,725.0,3.022860940942244,Dong et al. (2011)
R,SS_FPB_MONO,0.0,240.0,200.0,2100.0,1800.0,60.0,40.0,0.0,ST,3.0,16.0,1.257,0.0,0.0,D,S,0.0,296.07,432.63,0.0,2.0,D,160.0,6.0,268.1,0.147,PCT3,0.6,20.0,Cylinder,33.5,IC,External copper plate,2100.0,900.0,5.3,5.0,200.0,missing,10.8,50.0,0.432,725.0,3.339321977944068,Dong et al. (2011)
R,SS_FPB_MONO,0.0,240.0,200.0,2100.0,1800.0,60.0,40.0,0.0,ST,3.0,16.0,1.257,0.0,0.0,D,S,0.0,369.0,523.0,0.0,2.0,D,240.0,6.0,438.0,0.098,OPC,0.6,20.0,Cylinder,32.4,C,Control,0.0,0.0,0.0,0.0,0.0,missing,0.0,0.0,0.0,725.0,3.5049566159530077,Dong et al. (2011)
R,SS_FPB_MONO,0.0,240.0,200.0,2100.0,1800.0,60.0,40.0,0.0,ST,3.0,16.0,1.257,0.0,0.0,D,S,0.0,297.42,434.3,0.0,2.0,D,240.0,6.0,261.0,0.098,PCT3,0.6,20.0,Cylinder,34.9,IC,External copper plate,2100.0,1000.0,4.3,5.0,200.0,missing,10.6,50.0,0.424,725.0,3.3120018028576843,Dong et al. (2011)
R,SS_FPB_MONO,0.0,240.0,200.0,2100.0,1800.0,60.0,40.0,0.0,ST,3.0,16.0,1.257,0.0,0.0,D,S,0.0,369.0,523.0,0.0,0.0,missing,0.0,0.0,0.0,0.0,OPC,0.6,20.0,Cylinder,30.3,C,Control,0.0,0.0,0.0,0.0,0.0,missing,0.0,0.0,0.0,725.0,3.5004392163118045,Dong et al. (2011)
R,SS_FPB_MONO,0.0,240.0,200.0,2100.0,1800.0,60.0,40.0,0.0,ST,3.0,16.0,1.257,0.0,0.0,D,S,0.0,225.17,344.76,0.0,0.0,missing,0.0,0.0,0.0,0.0,OPC,0.6,20.0,Cylinder,34.2,IC,External copper plate,2100.0,1500.0,5.7,5.0,200.0,missing,21.3,50.0,0.852,725.0,3.2136622578153133,Dong et al. (2011)
R,SS_TPB_MONO_SUST,80.0,150.0,280.0,3000.0,2860.0,56.0,56.0,52.0,T_C,2.0,16.0,0.957,2.0,8.0,D,S,0.0,548.59,620.9,0.239,2.0,D,220.0,8.0,550.0,0.305,OPC-HP,0.5,15.0,Cylinder,65.3,C,Control,0.0,0.0,0.0,0.0,0.0,missing,0.0,0.0,0.0,1430.0,3.9627161197436642,Khan et al. (2011)
R,SS_TPB_MONO_SUST,80.0,150.0,280.0,3000.0,2860.0,56.0,56.0,52.0,T_C,2.0,16.0,0.957,2.0,8.0,D,S,0.0,736.83,768.55,0.239,2.0,D,220.0,8.0,550.0,0.305,OPC-HP,0.5,15.0,Cylinder,63.3,EI,missing,3000.0,1.8,9496.0,3.5,200.0,7:7,38.53,300.0,1.541,1430.0,3.772071045000701,Khan et al. (2011)
R,SS_FPB_MONO,0.0,100.0,200.0,2100.0,1800.0,26.5,26.5,23.0,T_C,2.0,13.0,1.327,2.0,6.0,D,H-180,0.0,345.0,490.0,0.283,2.0,P,100.0,6.0,295.0,0.565,OPC,0.67,,Cylinder,21.7,C,Control,0.0,0.0,0.0,0.0,0.0,missing,0.0,0.0,0.0,700.0,2.911263116927541,Oyado et al. (2011)
R,SS_FPB_MONO,0.0,100.0,200.0,2100.0,1800.0,26.5,26.5,23.0,T_C,2.0,13.0,1.327,2.0,6.0,D,H-180,0.0,338.03,479.42,0.283,2.0,P,100.0,6.0,295.0,0.565,OPC,0.67,,Cylinder,23.2,EI,missing,2100.0,3.4,610.0,3.0,200.0,missing,2.0,250.0,0.065,700.0,2.8027541365715076,Oyado et al. (2011)
R,SS_FPB_MONO,0.0,100.0,200.0,2100.0,1800.0,26.5,26.5,23.0,T_C,2.0,13.0,1.327,2.0,6.0,D,H-180,0.0,331.06,468.83,0.283,2.0,P,100.0,6.0,295.0,0.565,OPC,0.67,,Cylinder,23.2,EI,missing,2100.0,6.8,610.0,3.0,200.0,missing,4.0,250.0,0.13,700.0,2.7700855920216627,Oyado et al. (2011)
R,SS_FPB_MONO,0.0,100.0,200.0,2100.0,1800.0,26.5,26.5,23.0,T_C,2.0,13.0,1.327,2.0,6.0,D,H-180,0.0,341.52,484.71,0.283,2.0,P,100.0,6.0,295.0,0.565,OPC,0.67,,Cylinder,23.2,EI,missing,2100.0,1.7,610.0,3.0,200.0,missing,1.0,250.0,0.033,700.0,2.8237570088141806,Oyado et al. (2011)
R,SS_FPB_MONO,0.0,100.0,200.0,2100.0,1800.0,26.5,26.5,23.0,T_C,2.0,13.0,1.327,2.0,6.0,D,H-180,0.0,338.03,479.42,0.283,2.0,P,100.0,6.0,295.0,0.565,OPC,0.67,,Cylinder,29.7,EI,missing,2100.0,3.4,610.0,3.0,200.0,missing,2.0,250.0,0.065,700.0,2.8524391037275145,Oyado et al. (2011)
R,SS_FPB_MONO,0.0,100.0,200.0,2100.0,1800.0,26.5,26.5,23.0,T_C,2.0,13.0,1.327,2.0,6.0,D,H-180,0.0,296.22,415.91,0.283,2.0,P,100.0,6.0,295.0,0.565,OPC,0.67,,Cylinder,27.6,EI,missing,2100.0,3.4,4384.0,3.0,200.0,missing,14.0,250.0,0.455,700.0,2.548663615590751,Oyado et al. (2011)
R,SS_FPB_MONO,0.0,100.0,200.0,2100.0,1800.0,26.5,26.5,23.0,T_C,2.0,13.0,1.327,2.0,6.0,D,H-180,0.0,299.7,421.2,0.283,2.0,P,100.0,6.0,295.0,0.565,OPC,0.67,,Cylinder,40.2,EI,missing,2100.0,3.2,4384.0,3.0,200.0,missing,13.0,250.0,0.423,700.0,2.65745841498615,Oyado et al. (2011)
R,SS_FPB_MONO,0.0,100.0,200.0,2100.0,1800.0,26.5,26.5,23.0,T_C,2.0,13.0,1.327,2.0,6.0,D,H-180,0.0,306.67,431.79,0.283,2.0,P,100.0,6.0,295.0,0.565,OPC,0.67,,Cylinder,36.8,EI,missing,2100.0,2.7,4384.0,3.0,200.0,missing,11.0,250.0,0.358,700.0,2.6837575085331657,Oyado et al. (2011)
R,SS_FPB_MONO,0.0,100.0,200.0,2100.0,1800.0,26.5,26.5,23.0,T_C,2.0,13.0,1.327,2.0,6.0,D,H-180,0.0,345.0,490.0,0.283,2.0,P,100.0,6.0,295.0,0.565,OPC,0.65,,Cylinder,29.8,C,Control,0.0,0.0,0.0,0.0,0.0,missing,0.0,0.0,0.0,700.0,2.8741294517947424,Oyado et al. (2011)
R,SS_FPB_MONO,0.0,100.0,200.0,2100.0,1800.0,26.5,26.5,23.0,T_C,2.0,13.0,1.327,2.0,6.0,D,H-180,0.0,212.42,325.36,0.283,2.0,P,100.0,6.0,295.0,0.565,OPC,0.65,,Cylinder,30.8,IC,External copper plate,2100.0,729.2,20.0,3.0,180.0,missing,21.0,250.0,0.683,700.0,2.714694743820879,Oyado et al. (2011)
R,SS_FPB_MONO,0.0,100.0,200.0,2100.0,1800.0,26.5,26.5,23.0,T_C,2.0,13.0,1.327,2.0,6.0,D,H-180,0.0,281.87,411.6,0.283,2.0,P,100.0,6.0,295.0,0.565,OPC,0.65,,Cylinder,42.3,IC,External copper plate,2100.0,580.8,33.0,3.0,180.0,missing,10.0,250.0,0.325,700.0,2.7093826463359885,Oyado et al. (2011)
R,SS_FPB_MONO,0.0,100.0,200.0,2100.0,1800.0,26.5,26.5,23.0,T_C,2.0,13.0,1.327,2.0,6.0,D,H-180,0.0,193.48,301.84,0.283,2.0,P,100.0,6.0,295.0,0.565,OPC,0.65,,Cylinder,34.3,IC,External copper plate,2100.0,1026.2,54.0,3.0,180.0,missing,24.0,250.0,0.78,700.0,2.5289235352047745,Oyado et al. (2011)
R,SS_FPB_MONO,0.0,100.0,200.0,2100.0,1800.0,26.5,26.5,23.0,T_C,2.0,13.0,1.327,2.0,6.0,D,H-180,0.0,152.35,216.58,0.283,2.0,P,100.0,6.0,295.0,0.565,OPC,0.65,,Cylinder,34.3,IC,External copper plate,2100.0,1026.2,54.0,3.0,180.0,missing,44.0,250.0,1.43,700.0,1.144222799920162,Oyado et al. (2011)
R,SS_FPB_MONO,0.0,150.0,200.0,1500.0,1200.0,46.0,46.0,43.0,T_C,2.0,16.0,1.34,2.0,10.0,D,H-90,0.0,425.47,652.99,0.524,2.0,P,100.0,8.0,463.9,0.67,OPC,0.53,16.0,Cube,25.9,C,Control,0.0,0.0,0.0,0.0,0.0,missing,0.0,0.0,0.0,350.0,3.121483478859551,Xia et al. (2012)
R,SS_FPB_MONO,0.0,150.0,200.0,1500.0,1200.0,46.0,46.0,43.0,T_C,2.0,16.0,1.34,2.0,10.0,D,H-90,0.0,374.86,585.08,0.524,2.0,P,100.0,8.0,463.9,0.67,OPC,0.53,16.0,Cube,25.9,IC,External stainless steel net,1000.0,2000.0,25.1,5.0,100.0,4:3,6.5,1000.0,0.26,350.0,3.1018924693823817,Xia et al. (2012)
R,SS_FPB_MONO,0.0,150.0,200.0,1500.0,1200.0,46.0,46.0,43.0,T_C,2.0,16.0,1.34,2.0,10.0,D,H-90,0.0,355.4,558.96,0.524,2.0,P,100.0,8.0,463.9,0.67,OPC,0.53,16.0,Cube,25.9,IC,External stainless steel net,1000.0,2000.0,31.4,5.0,100.0,4:3,9.0,1000.0,0.36,350.0,3.0740812399649675,Xia et al. (2012)
R,SS_FPB_MONO,0.0,150.0,200.0,1500.0,1200.0,46.0,46.0,43.0,T_C,2.0,16.0,1.34,2.0,10.0,D,H-90,0.0,344.65,544.54,0.524,2.0,P,100.0,8.0,463.9,0.67,OPC,0.53,16.0,Cube,25.9,IC,External stainless steel net,1000.0,2000.0,37.8,5.0,100.0,4:3,10.38,1000.0,0.415,350.0,3.027715319407042,Xia et al. (2012)
R,SS_FPB_MONO,0.0,150.0,200.0,1500.0,1200.0,46.0,46.0,43.0,T_C,2.0,16.0,1.34,2.0,10.0,D,H-90,0.0,316.93,507.35,0.524,2.0,P,100.0,8.0,463.9,0.67,OPC,0.53,16.0,Cube,25.9,IC,External stainless steel net,1000.0,2000.0,44.3,5.0,100.0,4:3,13.94,1000.0,0.558,350.0,3.0368742168851663,Xia et al. (2012)
R,SS_FPB_MONO,0.0,150.0,200.0,1500.0,1200.0,46.0,46.0,43.0,T_C,2.0,16.0,1.34,2.0,10.0,D,H-90,0.0,310.39,498.57,0.524,2.0,P,100.0,8.0,463.9,0.67,OPC,0.53,16.0,Cube,25.9,IC,External stainless steel net,1000.0,2000.0,50.7,5.0,100.0,4:3,14.78,1000.0,0.591,350.0,3.0619880693310564,Xia et al. (2012)
R,SS_FPB_MONO,0.0,150.0,200.0,1500.0,1200.0,46.0,46.0,43.0,T_C,2.0,16.0,1.34,2.0,10.0,D,H-90,0.0,295.13,478.09,0.524,2.0,P,100.0,8.0,463.9,0.67,OPC,0.53,16.0,Cube,25.9,IC,External stainless steel net,1000.0,2000.0,57.2,5.0,100.0,4:3,16.74,1000.0,0.67,350.0,2.995732273553991,Xia et al. (2012)
R,SS_FPB_MONO,0.0,150.0,200.0,1500.0,1200.0,46.0,46.0,43.0,T_C,2.0,16.0,1.34,2.0,10.0,D,H-90,0.0,271.15,445.91,0.524,2.0,P,100.0,8.0,463.9,0.67,OPC,0.53,16.0,Cube,25.9,IC,External stainless steel net,1000.0,2000.0,63.7,5.0,100.0,4:3,19.82,1000.0,0.793,350.0,3.0368742168851663,Xia et al. (2012)
R,SS_FPB_MONO,0.0,150.0,200.0,1500.0,1200.0,46.0,46.0,43.0,T_C,2.0,16.0,1.34,2.0,10.0,D,H-90,0.0,268.5,442.36,0.524,2.0,P,100.0,8.0,463.9,0.67,OPC,0.53,16.0,Cube,25.9,IC,External stainless steel net,1000.0,2000.0,71.3,5.0,100.0,4:3,20.16,1000.0,0.806,350.0,2.9559514035421466,Xia et al. (2012)
R,SS_FPB_MONO,0.0,150.0,200.0,1500.0,1200.0,46.0,46.0,43.0,T_C,2.0,16.0,1.34,2.0,10.0,D,H-90,0.0,245.61,411.64,0.524,2.0,P,100.0,8.0,463.9,0.67,OPC,0.53,16.0,Cube,25.9,IC,External stainless steel net,1000.0,2000.0,78.0,5.0,100.0,4:3,23.1,1000.0,0.924,350.0,2.9090844668283187,Xia et al. (2012)
R,SS_FPB_MONO,0.0,150.0,200.0,1500.0,1200.0,48.0,48.0,45.0,T_C,2.0,16.0,1.34,2.0,10.0,D,H-90,0.0,574.56,756.0,0.524,2.0,P,100.0,10.0,319.6,1.047,OPC,0.36,16.0,Cube,35.6,C,Control,0.0,0.0,0.0,0.0,0.0,missing,0.0,0.0,0.0,350.0,3.6506582412937387,Xia et al. (2012)
R,SS_FPB_MONO,0.0,150.0,200.0,1500.0,1200.0,48.0,48.0,45.0,T_C,2.0,16.0,1.34,2.0,10.0,D,H-90,0.0,513.37,685.6,0.524,2.0,P,100.0,10.0,319.6,1.047,OPC,0.36,16.0,Cube,35.6,IC,External stainless steel net,1000.0,2000.0,25.1,5.0,100.0,4:3,5.82,1000.0,0.233,350.0,3.6041382256588457,Xia et al. (2012)
R,SS_FPB_MONO,0.0,150.0,200.0,1500.0,1200.0,48.0,48.0,45.0,T_C,2.0,16.0,1.34,2.0,10.0,D,H-90,0.0,505.59,676.65,0.524,2.0,P,100.0,10.0,319.6,1.047,OPC,0.36,16.0,Cube,35.6,IC,External stainless steel net,1000.0,2000.0,31.4,5.0,100.0,4:3,6.56,1000.0,0.262,350.0,3.5553480614894135,Xia et al. (2012)
R,SS_FPB_MONO,0.0,150.0,200.0,1500.0,1200.0,48.0,48.0,45.0,T_C,2.0,16.0,1.34,2.0,10.0,D,H-90,0.0,489.18,657.78,0.524,2.0,P,100.0,10.0,319.6,1.047,OPC,0.36,16.0,Cube,35.6,IC,External stainless steel net,1000.0,2000.0,37.8,5.0,100.0,4:3,8.12,1000.0,0.325,350.0,3.5403794457954922,Xia et al. (2012)
R,SS_FPB_MONO,0.0,150.0,200.0,1500.0,1200.0,48.0,48.0,45.0,T_C,2.0,16.0,1.34,2.0,10.0,D,H-90,0.0,466.47,631.65,0.524,2.0,P,100.0,10.0,319.6,1.047,OPC,0.36,16.0,Cube,35.6,IC,External stainless steel net,1000.0,2000.0,44.3,5.0,100.0,4:3,10.28,1000.0,0.411,350.0,3.5564902660681907,Xia et al. (2012)
R,SS_FPB_MONO,0.0,150.0,200.0,1500.0,1200.0,48.0,48.0,45.0,T_C,2.0,16.0,1.34,2.0,10.0,D,H-90,0.0,435.77,596.33,0.524,2.0,P,100.0,10.0,319.6,1.047,OPC,0.36,16.0,Cube,35.6,IC,External stainless steel net,1000.0,2000.0,50.7,5.0,100.0,4:3,13.2,1000.0,0.528,350.0,3.5801800371905954,Xia et al. (2012)
R,SS_FPB_MONO,0.0,150.0,200.0,1500.0,1200.0,48.0,48.0,45.0,T_C,2.0,16.0,1.34,2.0,10.0,D,H-90,0.0,423.99,582.79,0.524,2.0,P,100.0,10.0,319.6,1.047,OPC,0.36,16.0,Cube,35.6,IC,External stainless steel net,1000.0,2000.0,57.2,5.0,100.0,4:3,14.32,1000.0,0.573,350.0,3.4989288701554906,Xia et al. (2012)
R,SS_FPB_MONO,0.0,150.0,200.0,1500.0,1200.0,48.0,48.0,45.0,T_C,2.0,16.0,1.34,2.0,10.0,D,H-90,0.0,392.66,546.74,0.524,2.0,P,100.0,10.0,319.6,1.047,OPC,0.36,16.0,Cube,35.6,IC,External stainless steel net,1000.0,2000.0,63.7,5.0,100.0,4:3,17.3,1000.0,0.692,350.0,3.537765824444175,Xia et al. (2012)
R,SS_FPB_MONO,0.0,150.0,200.0,1500.0,1200.0,48.0,48.0,45.0,T_C,2.0,16.0,1.34,2.0,10.0,D,H-90,0.0,384.67,537.55,0.524,2.0,P,100.0,10.0,319.6,1.047,OPC,0.36,16.0,Cube,35.6,IC,External stainless steel net,1000.0,2000.0,69.3,5.0,100.0,4:3,18.06,1000.0,0.722,350.0,3.5403794457954922,Xia et al. (2012)
R,SS_FPB_MONO,0.0,150.0,200.0,1500.0,1200.0,48.0,48.0,45.0,T_C,2.0,16.0,1.34,2.0,10.0,D,H-90,0.0,359.85,509.0,0.524,2.0,P,100.0,10.0,319.6,1.047,OPC,0.36,16.0,Cube,35.6,IC,External stainless steel net,1000.0,2000.0,75.8,5.0,100.0,4:3,20.42,1000.0,0.817,350.0,3.4697901731277674,Xia et al. (2012)
R,SS_TPB_MONO_SUST,80.0,150.0,280.0,3000.0,2860.0,56.0,56.0,52.0,T_C,2.0,16.0,0.957,2.0,8.0,D,S,0.0,564.65,622.3,0.239,2.0,D,220.0,8.0,550.0,0.305,OPC-HP,0.5,15.0,Cylinder,65.3,C,Control,0.0,0.0,0.0,0.0,0.0,missing,0.0,0.0,0.0,1430.0,3.9793077522337423,Dang and François (2013)
R,SS_TPB_MONO_SUST,80.0,150.0,280.0,3000.0,2860.0,56.0,56.0,52.0,T_C,2.0,16.0,0.957,2.0,8.0,D,S,0.0,619.81,703.44,0.239,2.0,D,220.0,8.0,353.8,0.305,OPC-HP,0.5,15.0,Cylinder,63.3,EI,missing,3000.0,1.8,9863.0,3.5,280.0,7:7,39.94,150.0,1.598,1430.0,3.629660094453965,Dang and François (2013)
R,SS_TPB_MONO_SUST,60.0,100.0,150.0,1300.0,1000.0,30.0,30.0,29.0,T_C,2.0,8.0,0.67,2.0,6.0,D,S,0.0,478.0,557.0,0.377,2.0,P,100.0,6.0,286.0,0.565,OPC,0.65,10.0,Cube,39.2,C,Control,0.0,0.0,0.0,0.0,0.0,missing,0.0,0.0,0.0,500.0,1.8562979903656263,Du et al. (2013)
R,SS_TPB_MONO_SUST,60.0,100.0,150.0,1300.0,1000.0,30.0,30.0,29.0,T_C,2.0,8.0,0.67,2.0,6.0,D,S,0.0,355.54,517.6,0.377,2.0,P,100.0,6.0,286.0,0.565,OPC,0.65,10.0,Cube,39.2,IC,External stainless steel plate,150.0,500.0,50.0,3.5,50.0,0.92:0.08,14.0,1300.0,0.28,500.0,1.3480731482996928,Du et al. (2013)
R,SS_TPB_MONO_SUST,60.0,100.0,150.0,1300.0,1000.0,30.0,30.0,29.0,T_C,2.0,8.0,0.67,2.0,6.0,D,S,0.0,311.8,505.4,0.377,2.0,P,100.0,6.0,286.0,0.565,OPC,0.65,10.0,Cube,39.2,IC,External stainless steel plate,500.0,500.0,55.0,3.5,50.0,0.92:0.08,19.0,1300.0,0.38,500.0,1.3217558399823195,Du et al. (2013)
R,SS_TPB_MONO_SUST,60.0,100.0,150.0,1300.0,1000.0,30.0,30.0,29.0,T_C,2.0,8.0,0.67,2.0,6.0,D,S,0.0,338.04,513.0,0.377,2.0,P,100.0,6.0,286.0,0.565,OPC,0.65,10.0,Cube,39.2,IC,External stainless steel plate,300.0,500.0,50.0,3.5,50.0,0.92:0.08,16.0,1300.0,0.32,500.0,1.3217558399823195,Du et al. (2013)
R,SS_TPB_MONO_SUST,60.0,100.0,150.0,1300.0,1000.0,30.0,30.0,29.0,T_C,2.0,8.0,0.67,2.0,6.0,D,S,0.0,241.82,482.3,0.377,2.0,P,100.0,6.0,286.0,0.565,OPC,0.65,10.0,Cube,39.2,IC,External stainless steel plate,650.0,500.0,60.0,3.5,50.0,0.92:0.08,27.0,1300.0,0.54,500.0,1.6054298910365616,Du et al. (2013)
R,SS_FPB_MONO,0.0,200.0,300.0,2400.0,2100.0,41.0,44.0,41.0,T_C,3.0,18.0,1.037,2.0,12.0,D,H-90,0.0,360.0,560.0,0.377,2.0,P,100.0,8.0,250.0,0.503,OPC,0.52,25.0,Cylinder,30.0,C,Control,0.0,0.0,0.0,0.0,0.0,missing,0.0,0.0,0.0,700.0,4.548599834499697,Ma et al. (2013)
R,SS_FPB_MONO,0.0,200.0,300.0,2400.0,2100.0,35.0,35.0,31.0,T_C,3.0,20.0,1.236,2.0,12.0,D,H-90,0.0,373.7,578.3,0.377,2.0,P,100.0,8.0,250.0,0.503,OPC,0.52,25.0,Cylinder,30.0,C,Control,0.0,0.0,0.0,0.0,0.0,missing,0.0,0.0,0.0,700.0,4.670489652108734,Ma et al. (2013)
R,SS_FPB_MONO,0.0,200.0,300.0,2400.0,2100.0,41.0,41.0,36.0,T_C,3.0,22.0,1.456,2.0,12.0,D,H-90,0.0,380.15,569.56,0.377,2.0,P,100.0,8.0,250.0,0.503,OPC,0.52,25.0,Cylinder,30.0,C,Control,0.0,0.0,0.0,0.0,0.0,missing,0.0,0.0,0.0,700.0,4.637153231841142,Ma et al. (2013)
R,SS_FPB_MONO,0.0,200.0,300.0,2400.0,2100.0,40.0,40.0,36.0,T_C,3.0,20.0,1.236,2.0,12.0,D,H-90,0.0,373.7,578.3,0.377,2.0,P,100.0,8.0,250.0,0.503,OPC,0.52,25.0,Cylinder,30.0,C,Control,0.0,0.0,0.0,0.0,0.0,missing,0.0,0.0,0.0,700.0,4.491441420659749,Ma et al. (2013)
R,SS_FPB_MONO,0.0,200.0,300.0,2400.0,2100.0,39.0,39.0,36.0,T_C,3.0,18.0,1.037,2.0,12.0,D,H-90,0.0,360.0,560.0,0.377,2.0,P,100.0,8.0,250.0,0.503,OPC,0.52,25.0,Cylinder,30.0,C,Control,0.0,0.0,0.0,0.0,0.0,missing,0.0,0.0,0.0,700.0,4.3208159036289855,Ma et al. (2013)
R,SS_FPB_MONO,0.0,200.0,300.0,2400.0,2100.0,45.0,45.0,41.0,T_C,3.0,20.0,1.236,2.0,12.0,D,H-90,0.0,373.7,578.3,0.377,2.0,P,100.0,8.0,250.0,0.503,OPC,0.52,25.0,Cylinder,30.0,C,Control,0.0,0.0,0.0,0.0,0.0,missing,0.0,0.0,0.0,700.0,4.529907701487544,Ma et al. (2013)
R,SS_FPB_MONO,0.0,200.0,300.0,2400.0,2100.0,36.0,36.0,31.0,T_C,3.0,22.0,1.456,2.0,12.0,D,H-90,0.0,380.15,569.56,0.377,2.0,P,100.0,8.0,250.0,0.503,OPC,0.52,25.0,Cylinder,30.0,C,Control,0.0,0.0,0.0,0.0,0.0,missing,0.0,0.0,0.0,700.0,4.409763389645481,Ma et al. (2013)
R,SS_FPB_MONO,0.0,200.0,300.0,2400.0,2100.0,40.0,40.0,36.0,T_C,3.0,20.0,1.236,2.0,12.0,D,H-90,0.0,373.7,578.3,0.377,2.0,P,100.0,8.0,250.0,0.503,OPC,0.52,25.0,Cylinder,30.0,C,Control,0.0,0.0,0.0,0.0,0.0,missing,0.0,0.0,0.0,700.0,4.653960350157523,Ma et al. (2013)
R,SS_FPB_MONO,0.0,200.0,300.0,2400.0,2100.0,34.0,34.0,31.0,T_C,3.0,18.0,1.037,2.0,12.0,D,H-90,0.0,343.99,538.23,0.377,2.0,P,100.0,8.0,250.0,0.503,OPC,0.52,25.0,Cylinder,30.0,IC,External stainless steel plate,2400.0,1800.0,2.0,5.0,300.0,missing,2.43,500.0,0.109,700.0,4.248495242049359,Ma et al. (2013)
R,SS_FPB_MONO,0.0,200.0,300.0,2400.0,2100.0,40.0,40.0,36.0,T_C,3.0,20.0,1.236,2.0,12.0,D,H-90,0.0,340.19,532.96,0.377,2.0,P,100.0,8.0,250.0,0.503,OPC,0.52,25.0,Cylinder,30.0,IC,External stainless steel plate,2400.0,1800.0,4.0,5.0,300.0,missing,4.9,500.0,0.245,700.0,4.297285406218791,Ma et al. (2013)
R,SS_FPB_MONO,0.0,200.0,300.0,2400.0,2100.0,46.0,46.0,41.0,T_C,3.0,22.0,1.456,2.0,12.0,D,H-90,0.0,380.15,569.56,0.377,2.0,P,100.0,8.0,250.0,0.503,OPC,0.52,25.0,Cylinder,30.0,C,Control,0.0,0.0,0.0,0.0,0.0,missing,0.0,0.0,0.0,700.0,4.366278277705742,Ma et al. (2013)
R,SS_FPB_MONO,0.0,200.0,300.0,2400.0,2100.0,35.0,35.0,31.0,T_C,3.0,20.0,1.236,2.0,12.0,D,H-90,0.0,344.91,539.35,0.377,2.0,P,100.0,8.0,250.0,0.503,OPC,0.52,25.0,Cylinder,30.0,IC,External stainless steel plate,2400.0,1800.0,4.0,5.0,300.0,missing,4.21,500.0,0.211,700.0,4.388257184424518,Ma et al. (2013)
R,SS_FPB_MONO,0.0,200.0,300.0,2400.0,2100.0,34.0,34.0,31.0,T_C,3.0,18.0,1.037,2.0,12.0,D,H-90,0.0,332.66,522.82,0.377,2.0,P,100.0,8.0,250.0,0.503,OPC,0.52,25.0,Cylinder,30.0,IC,External stainless steel plate,2400.0,1800.0,4.0,5.0,300.0,missing,4.15,500.0,0.187,700.0,4.114963849424837,Ma et al. (2013)
R,SS_FPB_MONO,0.0,200.0,300.0,2400.0,2100.0,40.0,40.0,36.0,T_C,3.0,20.0,1.236,2.0,12.0,D,H-90,0.0,373.7,578.3,0.377,2.0,P,100.0,8.0,250.0,0.503,OPC,0.52,25.0,Cylinder,30.0,C,Control,0.0,0.0,0.0,0.0,0.0,missing,0.0,0.0,0.0,700.0,4.45143608604605,Ma et al. (2013)
R,SS_FPB_MONO,0.0,200.0,300.0,2400.0,2100.0,46.0,46.0,41.0,T_C,3.0,22.0,1.456,2.0,12.0,D,H-90,0.0,350.31,530.47,0.377,2.0,P,100.0,8.0,250.0,0.503,OPC,0.52,25.0,Cylinder,30.0,IC,External stainless steel plate,2400.0,1800.0,4.0,5.0,300.0,missing,4.29,500.0,0.236,700.0,4.388257184424518,Ma et al. (2013)
R,SS_FPB_MONO,0.0,200.0,300.0,2400.0,2100.0,45.0,45.0,41.0,T_C,3.0,20.0,1.236,2.0,12.0,D,H-90,0.0,340.81,533.79,0.377,2.0,P,100.0,8.0,250.0,0.503,OPC,0.52,25.0,Cylinder,30.0,IC,External stainless steel plate,2400.0,1800.0,4.0,5.0,300.0,missing,4.81,500.0,0.241,700.0,4.388257184424518,Ma et al. (2013)
R,SS_FPB_MONO,0.0,200.0,300.0,2400.0,2100.0,44.0,44.0,41.0,T_C,3.0,18.0,1.037,2.0,12.0,D,H-90,0.0,319.68,505.16,0.377,2.0,P,100.0,8.0,250.0,0.503,OPC,0.52,25.0,Cylinder,30.0,IC,External stainless steel plate,2400.0,1800.0,6.0,5.0,300.0,missing,6.12,500.0,0.275,700.0,3.9740583963475986,Ma et al. (2013)
R,SS_FPB_MONO,0.0,200.0,300.0,2400.0,2100.0,35.0,35.0,31.0,T_C,3.0,20.0,1.236,2.0,12.0,D,H-90,0.0,305.65,486.23,0.377,2.0,P,100.0,8.0,250.0,0.503,OPC,0.52,25.0,Cylinder,30.0,IC,External stainless steel plate,2400.0,1800.0,8.0,5.0,300.0,missing,9.95,500.0,0.498,700.0,4.212868064406208,Ma et al. (2013)
R,SS_FPB_MONO,0.0,200.0,300.0,2400.0,2100.0,41.0,41.0,36.0,T_C,3.0,22.0,1.456,2.0,12.0,D,H-90,0.0,311.0,478.98,0.377,2.0,P,100.0,8.0,250.0,0.503,OPC,0.52,25.0,Cylinder,30.0,IC,External stainless steel plate,2400.0,1800.0,10.0,5.0,300.0,missing,9.94,500.0,0.547,700.0,4.311470041210748,Ma et al. (2013)
R,SS_FPB_MONO,0.0,200.0,300.0,2400.0,2100.0,40.0,40.0,36.0,T_C,3.0,20.0,1.236,2.0,12.0,D,H-90,0.0,342.58,536.2,0.377,2.0,P,100.0,8.0,250.0,0.503,OPC,0.52,25.0,Cylinder,30.0,IC,External stainless steel plate,2400.0,1800.0,4.0,5.0,300.0,missing,4.55,500.0,0.228,700.0,4.430816798843313,Ma et al. (2013)
R,SS_FPB_MONO,0.0,200.0,300.0,2400.0,2100.0,39.0,39.0,36.0,T_C,3.0,18.0,1.037,2.0,12.0,D,H-90,0.0,249.91,410.28,0.377,2.0,P,100.0,8.0,250.0,0.503,OPC,0.52,25.0,Cylinder,30.0,IC,External stainless steel plate,2400.0,1800.0,14.0,5.0,300.0,missing,16.71,500.0,0.752,700.0,3.980615796893758,Ma et al. (2013)
R,SS_FPB_MONO,0.0,200.0,300.0,2400.0,2100.0,45.0,45.0,41.0,T_C,3.0,20.0,1.236,2.0,12.0,D,H-90,0.0,299.91,478.46,0.377,2.0,P,100.0,8.0,250.0,0.503,OPC,0.52,25.0,Cylinder,30.0,IC,External stainless steel plate,2400.0,1800.0,8.0,5.0,300.0,missing,10.79,500.0,0.54,700.0,4.311470041210748,Ma et al. (2013)
R,SS_FPB_MONO,0.0,200.0,300.0,2400.0,2100.0,36.0,36.0,31.0,T_C,3.0,22.0,1.456,2.0,12.0,D,H-90,0.0,306.2,472.69,0.377,2.0,P,100.0,8.0,250.0,0.503,OPC,0.52,25.0,Cylinder,30.0,IC,External stainless steel plate,2400.0,1800.0,10.0,5.0,300.0,missing,10.63,500.0,0.585,700.0,4.357349646961441,Ma et al. (2013)
R,SS_FPB_MONO,0.0,200.0,300.0,2400.0,2100.0,40.0,40.0,36.0,T_C,3.0,20.0,1.236,2.0,12.0,D,H-90,0.0,285.96,459.59,0.377,2.0,P,100.0,8.0,250.0,0.503,OPC,0.52,25.0,Cylinder,30.0,IC,External stainless steel plate,2400.0,1800.0,10.0,5.0,300.0,missing,12.83,500.0,0.642,700.0,4.212868064406208,Ma et al. (2013)
R,SS_FPB_MONO,0.0,200.0,300.0,2400.0,2100.0,44.0,44.0,41.0,T_C,3.0,18.0,1.037,2.0,12.0,P,H-90,0.0,250.0,390.0,0.377,2.0,P,100.0,8.0,250.0,0.503,OPC,0.52,25.0,Cylinder,30.0,C,Control,0.0,0.0,0.0,0.0,0.0,missing,0.0,0.0,0.0,700.0,4.1034694699991014,Ma et al. (2013)
R,SS_FPB_MONO,0.0,200.0,300.0,2400.0,2100.0,35.0,35.0,31.0,T_C,3.0,20.0,1.236,2.0,12.0,P,H-90,0.0,258.25,393.39,0.377,2.0,P,100.0,8.0,250.0,0.503,OPC,0.52,25.0,Cylinder,30.0,C,Control,0.0,0.0,0.0,0.0,0.0,missing,0.0,0.0,0.0,700.0,4.1034694699991014,Ma et al. (2013)
R,SS_FPB_MONO,0.0,200.0,300.0,2400.0,2100.0,41.0,41.0,36.0,T_C,3.0,22.0,1.456,2.0,12.0,P,H-90,0.0,274.38,426.17,0.377,2.0,P,100.0,8.0,250.0,0.503,OPC,0.52,25.0,Cylinder,30.0,C,Control,0.0,0.0,0.0,0.0,0.0,missing,0.0,0.0,0.0,700.0,4.1034694699991014,Ma et al. (2013)
R,SS_FPB_MONO,0.0,200.0,300.0,2400.0,2100.0,40.0,40.0,36.0,T_C,3.0,20.0,1.236,2.0,12.0,P,H-90,0.0,258.25,393.39,0.377,2.0,P,100.0,8.0,250.0,0.503,OPC,0.52,25.0,Cylinder,30.0,C,Control,0.0,0.0,0.0,0.0,0.0,missing,0.0,0.0,0.0,700.0,4.1034694699991014,Ma et al. (2013)
R,SS_FPB_MONO,0.0,200.0,300.0,2400.0,2100.0,39.0,39.0,36.0,T_C,3.0,18.0,1.037,2.0,12.0,P,H-90,0.0,250.0,390.0,0.377,2.0,P,100.0,8.0,250.0,0.503,OPC,0.52,25.0,Cylinder,30.0,C,Control,0.0,0.0,0.0,0.0,0.0,missing,0.0,0.0,0.0,700.0,4.1034694699991014,Ma et al. (2013)
R,SS_FPB_MONO,0.0,200.0,300.0,2400.0,2100.0,45.0,45.0,41.0,T_C,3.0,20.0,1.236,2.0,12.0,P,H-90,0.0,253.0,386.4,0.377,2.0,P,100.0,8.0,250.0,0.503,OPC,0.52,25.0,Cylinder,30.0,IC,External stainless steel plate,2400.0,1800.0,2.0,5.0,300.0,missing,1.11,500.0,0.056,700.0,4.1034694699991014,Ma et al. (2013)
R,SS_FPB_MONO,0.0,200.0,300.0,2400.0,2100.0,36.0,36.0,31.0,T_C,3.0,22.0,1.456,2.0,12.0,P,H-90,0.0,257.11,402.71,0.377,2.0,P,100.0,8.0,250.0,0.503,OPC,0.52,25.0,Cylinder,30.0,IC,External stainless steel plate,2400.0,1800.0,4.0,5.0,300.0,missing,3.44,500.0,0.189,700.0,4.366278277705742,Ma et al. (2013)
R,SS_FPB_MONO,0.0,200.0,300.0,2400.0,2100.0,40.0,40.0,36.0,T_C,3.0,20.0,1.236,2.0,12.0,P,H-90,0.0,258.25,393.39,0.377,2.0,P,100.0,8.0,250.0,0.503,OPC,0.52,25.0,Cylinder,30.0,C,Control,0.0,0.0,0.0,0.0,0.0,missing,0.0,0.0,0.0,700.0,4.1034694699991014,Ma et al. (2013)
R,SS_FPB_MONO,0.0,200.0,300.0,2400.0,2100.0,34.0,34.0,31.0,T_C,3.0,18.0,1.037,2.0,12.0,P,H-90,0.0,234.81,369.28,0.377,2.0,P,100.0,8.0,250.0,0.503,OPC,0.52,25.0,Cylinder,30.0,IC,External stainless steel plate,2400.0,1800.0,4.0,5.0,300.0,missing,3.32,500.0,0.149,700.0,3.9930498440705193,Ma et al. (2013)
R,SS_FPB_MONO,0.0,200.0,300.0,2400.0,2100.0,40.0,40.0,36.0,T_C,3.0,20.0,1.236,2.0,12.0,P,H-90,0.0,240.1,369.22,0.377,2.0,P,100.0,8.0,250.0,0.503,OPC,0.52,25.0,Cylinder,30.0,IC,External stainless steel plate,2400.0,1800.0,4.0,5.0,300.0,missing,3.84,500.0,0.192,700.0,3.9930498440705193,Ma et al. (2013)
R,SS_FPB_MONO,0.0,200.0,300.0,2400.0,2100.0,46.0,46.0,41.0,T_C,3.0,22.0,1.456,2.0,12.0,P,H-90,0.0,252.24,396.1,0.377,2.0,P,100.0,8.0,250.0,0.503,OPC,0.52,25.0,Cylinder,30.0,IC,External stainless steel plate,2400.0,1800.0,4.0,5.0,300.0,missing,4.41,500.0,0.243,700.0,3.9930498440705193,Ma et al. (2013)
R,SS_FPB_MONO,0.0,200.0,300.0,2400.0,2100.0,35.0,35.0,31.0,T_C,3.0,20.0,1.236,2.0,12.0,P,H-90,0.0,246.34,377.53,0.377,2.0,P,100.0,8.0,250.0,0.503,OPC,0.52,25.0,Cylinder,30.0,IC,External stainless steel plate,2400.0,1800.0,2.0,5.0,300.0,missing,2.52,500.0,0.126,700.0,3.9930498440705193,Ma et al. (2013)
R,SS_FPB_MONO,0.0,200.0,300.0,2400.0,2100.0,34.0,34.0,31.0,T_C,3.0,18.0,1.037,2.0,12.0,P,H-90,0.0,230.37,363.23,0.377,2.0,P,100.0,8.0,250.0,0.503,OPC,0.52,25.0,Cylinder,30.0,IC,External stainless steel plate,2400.0,1800.0,4.0,5.0,300.0,missing,4.29,500.0,0.193,700.0,3.9930498440705193,Ma et al. (2013)
R,SS_FPB_MONO,0.0,200.0,300.0,2400.0,2100.0,40.0,40.0,36.0,T_C,3.0,20.0,1.236,2.0,12.0,P,H-90,0.0,225.55,349.83,0.377,2.0,P,100.0,8.0,250.0,0.503,OPC,0.52,25.0,Cylinder,30.0,IC,External stainless steel plate,2400.0,1800.0,6.0,5.0,300.0,missing,6.92,500.0,0.346,700.0,3.9207845110967185,Ma et al. (2013)
R,SS_FPB_MONO,0.0,200.0,300.0,2400.0,2100.0,46.0,46.0,41.0,T_C,3.0,22.0,1.456,2.0,12.0,P,H-90,0.0,234.51,372.03,0.377,2.0,P,100.0,8.0,250.0,0.503,OPC,0.52,25.0,Cylinder,30.0,IC,External stainless steel plate,2400.0,1800.0,8.0,5.0,300.0,missing,7.94,500.0,0.437,700.0,4.02535169073515,Ma et al. (2013)
R,SS_FPB_MONO,0.0,200.0,300.0,2400.0,2100.0,45.0,45.0,41.0,T_C,3.0,20.0,1.236,2.0,12.0,P,H-90,0.0,212.41,332.34,0.377,2.0,P,100.0,8.0,250.0,0.503,OPC,0.52,25.0,Cylinder,30.0,IC,External stainless steel plate,2400.0,1800.0,8.0,5.0,300.0,missing,9.7,500.0,0.485,700.0,3.817712325956905,Ma et al. (2013)
R,SS_FPB_MONO,0.0,200.0,300.0,2400.0,2100.0,44.0,44.0,41.0,T_C,3.0,18.0,1.037,2.0,12.0,P,H-90,0.0,233.85,367.97,0.377,2.0,P,100.0,8.0,250.0,0.503,OPC,0.52,25.0,Cylinder,30.0,IC,External stainless steel plate,2400.0,1800.0,4.0,5.0,300.0,missing,3.53,500.0,0.159,700.0,3.9930498440705193,Ma et al. (2013)
R,SS_FPB_MONO,0.0,200.0,300.0,2400.0,2100.0,35.0,35.0,31.0,T_C,3.0,20.0,1.236,2.0,12.0,P,H-90,0.0,213.73,334.1,0.377,2.0,P,100.0,8.0,250.0,0.503,OPC,0.52,25.0,Cylinder,30.0,IC,External stainless steel plate,2400.0,1800.0,8.0,5.0,300.0,missing,9.42,500.0,0.471,700.0,3.817712325956905,Ma et al. (2013)
R,SS_FPB_MONO,0.0,200.0,300.0,2400.0,2100.0,41.0,41.0,36.0,T_C,3.0,22.0,1.456,2.0,12.0,P,H-90,0.0,197.15,321.3,0.377,2.0,P,100.0,8.0,250.0,0.503,OPC,0.52,25.0,Cylinder,30.0,IC,External stainless steel plate,2400.0,1800.0,14.0,5.0,300.0,missing,15.38,500.0,0.846,700.0,3.6407390787860012,Ma et al. (2013)
R,SS_FPB_MONO,0.0,200.0,300.0,2400.0,2100.0,40.0,40.0,36.0,T_C,3.0,20.0,1.236,2.0,12.0,P,H-90,0.0,211.89,331.64,0.377,2.0,P,100.0,8.0,250.0,0.503,OPC,0.52,25.0,Cylinder,30.0,IC,External stainless steel plate,2400.0,1800.0,8.0,5.0,300.0,missing,9.81,500.0,0.491,700.0,3.7697679578472747,Ma et al. (2013)
R,SS_FPB_MONO,0.0,200.0,300.0,2400.0,2100.0,39.0,39.0,36.0,T_C,3.0,18.0,1.037,2.0,12.0,P,H-90,0.0,155.76,261.46,0.377,2.0,P,100.0,8.0,250.0,0.503,OPC,0.52,25.0,Cylinder,30.0,IC,External stainless steel plate,2400.0,1800.0,16.0,5.0,300.0,missing,20.6,500.0,0.927,700.0,3.6407390787860012,Ma et al. (2013)
R,SS_FPB_MONO,0.0,200.0,300.0,2400.0,2100.0,45.0,45.0,41.0,T_C,3.0,20.0,1.236,2.0,12.0,P,H-90,0.0,208.25,326.8,0.377,2.0,P,100.0,8.0,250.0,0.503,OPC,0.52,25.0,Cylinder,30.0,IC,External stainless steel plate,2400.0,1800.0,10.0,5.0,300.0,missing,10.58,500.0,0.529,700.0,3.7697679578472747,Ma et al. (2013)
R,SS_FPB_MONO,0.0,200.0,300.0,2400.0,2100.0,36.0,36.0,31.0,T_C,3.0,22.0,1.456,2.0,12.0,P,H-90,0.0,216.08,347.0,0.377,2.0,P,100.0,8.0,250.0,0.503,OPC,0.52,25.0,Cylinder,30.0,IC,External stainless steel plate,2400.0,1800.0,10.0,5.0,300.0,missing,11.61,500.0,0.639,700.0,3.817712325956905,Ma et al. (2013)
R,SS_FPB_MONO,0.0,200.0,300.0,2400.0,2100.0,40.0,40.0,36.0,T_C,3.0,20.0,1.236,2.0,12.0,P,H-90,0.0,196.15,310.68,0.377,2.0,P,100.0,8.0,250.0,0.503,OPC,0.52,25.0,Cylinder,30.0,IC,External stainless steel plate,2400.0,1800.0,10.0,5.0,300.0,missing,13.14,500.0,0.657,700.0,3.6407390787860012,Ma et al. (2013)
R,SS_TPB_MONO_SUST,80.0,150.0,280.0,1150.0,950.0,22.0,22.0,19.0,T_C,2.0,12.0,0.539,2.0,6.0,D,S,0.0,532.0,592.0,0.135,2.0,D,220.0,6.0,550.0,0.171,OPC_HP,0.5,15.0,Cylinder,65.3,C,Control,0.0,0.0,0.0,0.0,0.0,missing,0.0,0.0,0.0,475.0,3.472587377748828,Zhu et al. (2013)
R,SS_TPB_MONO_SUST,80.0,150.0,280.0,1150.0,950.0,22.0,22.0,19.0,T_C,2.0,12.0,0.539,2.0,6.0,D,S,0.0,539.0,601.0,0.135,2.0,D,220.0,6.0,550.0,0.171,OPC_HP,0.5,15.0,Cylinder,65.3,C,Control,0.0,0.0,0.0,0.0,0.0,missing,0.0,0.0,0.0,475.0,3.471345141564237,Zhu et al. (2013)
R,SS_TPB_MONO_SUST,80.0,150.0,280.0,1150.0,950.0,22.0,22.0,19.0,T_C,2.0,12.0,0.539,2.0,6.0,D,S,0.0,627.0,765.0,0.135,2.0,D,220.0,6.0,340.0,0.171,OPC_HP,0.5,15.0,Cylinder,63.4,EI,missing,1150.0,1.8,9496.0,3.5,280.0,7:7,54.42,211.0,1.633,475.0,3.2669037938787824,Zhu et al. (2013)
R,SS_TPB_MONO_SUST,80.0,150.0,280.0,1150.0,950.0,22.0,22.0,19.0,T_C,2.0,12.0,0.539,2.0,6.0,D,S,0.0,628.0,772.0,0.135,2.0,D,220.0,6.0,324.9,0.171,OPC_HP,0.5,15.0,Cylinder,63.4,EI,missing,1150.0,1.8,9496.0,3.5,280.0,7:7,36.8,201.0,1.104,475.0,2.9496883350525844,Zhu et al. (2013)
R,SS_FPB_MONO,0.0,200.0,300.0,2400.0,2100.0,40.0,40.0,36.0,T_C,3.0,20.0,1.236,2.0,12.0,D,H-90,0.0,373.71,578.28,0.377,2.0,P,100.0,8.0,250.0,0.503,OPC,0.53,20.0,Cube,34.6,C,Control,0.0,0.0,0.0,0.0,0.0,missing,0.0,0.0,0.0,700.0,4.405010471064257,Wang et al. (2014)
R,SS_FPB_MONO,0.0,200.0,300.0,2400.0,2100.0,40.0,40.0,36.0,T_C,3.0,20.0,1.236,2.0,12.0,D,H-90,0.0,340.2,532.94,0.377,2.0,P,100.0,8.0,250.0,0.503,OPC,0.53,20.0,Cube,34.6,IC,External stainless steel plate,2100.0,1800.0,5.0,5.0,300.0,missing,4.9,40.0,0.245,700.0,4.370712874773608,Wang et al. (2014)
R,SS_FPB_MONO,0.0,200.0,300.0,2400.0,2100.0,40.0,40.0,36.0,T_C,3.0,20.0,1.236,2.0,12.0,D,H-90,0.0,331.24,520.82,0.377,2.0,P,100.0,8.0,250.0,0.503,OPC,0.53,20.0,Cube,34.6,IC,External stainless steel plate,2100.0,1800.0,5.0,5.0,300.0,missing,6.21,40.0,0.311,700.0,4.2903224454635405,Wang et al. (2014)
R,SS_FPB_MONO,0.0,200.0,300.0,2400.0,2100.0,40.0,40.0,36.0,T_C,3.0,20.0,1.236,2.0,12.0,D,H-90,0.0,308.4,489.92,0.377,2.0,P,100.0,8.0,250.0,0.503,OPC,0.53,20.0,Cube,34.6,IC,External stainless steel plate,2100.0,1800.0,10.0,5.0,300.0,missing,9.55,40.0,0.478,700.0,4.207226719278773,Wang et al. (2014)
R,SS_FPB_MONO,0.0,200.0,300.0,2400.0,2100.0,40.0,40.0,36.0,T_C,3.0,20.0,1.236,2.0,12.0,D,H-90,0.0,285.97,459.57,0.377,2.0,P,100.0,8.0,250.0,0.503,OPC,0.53,20.0,Cube,34.6,IC,External stainless steel plate,2100.0,1800.0,10.0,5.0,300.0,missing,12.83,40.0,0.642,700.0,4.094011173320863,Wang et al. (2014)
R,SS_FPB_MONO,0.0,200.0,300.0,2400.0,2100.0,35.0,35.0,31.0,T_C,3.0,20.0,1.236,2.0,12.0,D,H-90,0.0,373.71,578.28,0.377,2.0,P,100.0,8.0,250.0,0.503,OPC,0.53,20.0,Cube,34.6,C,Control,0.0,0.0,0.0,0.0,0.0,missing,0.0,0.0,0.0,700.0,4.418479096676194,Wang et al. (2014)
R,SS_FPB_MONO,0.0,200.0,300.0,2400.0,2100.0,35.0,35.0,31.0,T_C,3.0,20.0,1.236,2.0,12.0,D,H-90,0.0,305.66,486.22,0.377,2.0,P,100.0,8.0,250.0,0.503,OPC,0.53,20.0,Cube,34.6,IC,External stainless steel plate,2100.0,1800.0,10.0,5.0,300.0,missing,9.95,40.0,0.498,700.0,4.145987795373939,Wang et al. (2014)
R,SS_FPB_MONO,0.0,200.0,300.0,2400.0,2100.0,45.0,45.0,41.0,T_C,3.0,20.0,1.236,2.0,12.0,D,H-90,0.0,373.71,578.28,0.377,2.0,P,100.0,8.0,250.0,0.503,OPC,0.53,20.0,Cube,34.6,C,Control,0.0,0.0,0.0,0.0,0.0,missing,0.0,0.0,0.0,700.0,4.312408567793012,Wang et al. (2014)
R,SS_FPB_MONO,0.0,200.0,300.0,2400.0,2100.0,45.0,45.0,41.0,T_C,3.0,20.0,1.236,2.0,12.0,D,H-90,0.0,299.92,478.45,0.377,2.0,P,100.0,8.0,250.0,0.503,OPC,0.53,20.0,Cube,34.6,IC,External stainless steel plate,2100.0,1800.0,10.0,5.0,300.0,missing,10.79,40.0,0.54,700.0,4.020159664032724,Wang et al. (2014)
R,SS_FPB_MONO,0.0,200.0,300.0,2400.0,2100.0,36.0,36.0,31.0,T_C,3.0,22.0,1.456,2.0,12.0,D,H-90,0.0,373.71,578.28,0.377,2.0,P,100.0,8.0,250.0,0.503,OPC,0.53,20.0,Cube,34.6,C,Control,0.0,0.0,0.0,0.0,0.0,missing,0.0,0.0,0.0,700.0,4.453300236649965,Wang et al. (2014)
R,SS_FPB_MONO,0.0,200.0,300.0,2400.0,2100.0,36.0,36.0,31.0,T_C,3.0,22.0,1.456,2.0,12.0,D,H-90,0.0,301.01,479.93,0.377,2.0,P,100.0,8.0,250.0,0.503,OPC,0.53,20.0,Cube,34.6,IC,External stainless steel plate,2100.0,1800.0,10.0,5.0,300.0,missing,10.63,40.0,0.585,700.0,4.27332721775054,Wang et al. (2014)
R,SS_FPB_MONO,0.0,200.0,300.0,2400.0,2100.0,40.0,40.0,36.0,T_C,3.0,20.0,1.236,2.0,12.0,P,H-90,0.0,258.25,393.39,0.377,2.0,P,100.0,8.0,250.0,0.503,OPC,0.53,20.0,Cube,39.8,C,Control,0.0,0.0,0.0,0.0,0.0,missing,0.0,0.0,0.0,700.0,4.100492292808335,Wang et al. (2014)
R,SS_FPB_MONO,0.0,200.0,300.0,2400.0,2100.0,40.0,40.0,36.0,T_C,3.0,20.0,1.236,2.0,12.0,P,H-90,0.0,239.72,368.72,0.377,2.0,P,100.0,8.0,250.0,0.503,OPC,0.53,20.0,Cube,39.8,IC,External stainless steel plate,2100.0,1800.0,5.0,5.0,300.0,missing,3.92,40.0,0.196,700.0,3.9900945408483017,Wang et al. (2014)
R,SS_FPB_MONO,0.0,200.0,300.0,2400.0,2100.0,40.0,40.0,36.0,T_C,3.0,20.0,1.236,2.0,12.0,P,H-90,0.0,225.22,349.39,0.377,2.0,P,100.0,8.0,250.0,0.503,OPC,0.53,20.0,Cube,39.8,IC,External stainless steel plate,2100.0,1800.0,5.0,5.0,300.0,missing,6.99,40.0,0.35,700.0,3.902578546600146,Wang et al. (2014)
R,SS_FPB_MONO,0.0,200.0,300.0,2400.0,2100.0,40.0,40.0,36.0,T_C,3.0,20.0,1.236,2.0,12.0,P,H-90,0.0,211.51,331.14,0.377,2.0,P,100.0,8.0,250.0,0.503,OPC,0.53,20.0,Cube,39.8,IC,External stainless steel plate,2100.0,1800.0,10.0,5.0,300.0,missing,9.89,40.0,0.495,700.0,3.766071949943842,Wang et al. (2014)
R,SS_FPB_MONO,0.0,200.0,300.0,2400.0,2100.0,40.0,40.0,36.0,T_C,3.0,20.0,1.236,2.0,12.0,P,H-90,0.0,196.15,310.68,0.377,2.0,P,100.0,8.0,250.0,0.503,OPC,0.53,20.0,Cube,39.8,IC,External stainless steel plate,2100.0,1800.0,10.0,5.0,300.0,missing,13.14,40.0,0.657,700.0,3.634159241913703,Wang et al. (2014)
R,SS_FPB_MONO,0.0,200.0,300.0,2400.0,2100.0,35.0,35.0,31.0,T_C,3.0,20.0,1.236,2.0,12.0,P,H-90,0.0,258.25,393.39,0.377,2.0,P,100.0,8.0,250.0,0.503,OPC,0.53,20.0,Cube,39.8,C,Control,0.0,0.0,0.0,0.0,0.0,missing,0.0,0.0,0.0,700.0,4.233961566558017,Wang et al. (2014)
R,SS_FPB_MONO,0.0,200.0,300.0,2400.0,2100.0,35.0,35.0,31.0,T_C,3.0,20.0,1.236,2.0,12.0,P,H-90,0.0,213.73,334.1,0.377,2.0,P,100.0,8.0,250.0,0.503,OPC,0.53,20.0,Cube,39.8,IC,External stainless steel plate,2100.0,1800.0,10.0,5.0,300.0,missing,9.42,40.0,0.471,700.0,3.9527809979003137,Wang et al. (2014)
R,SS_FPB_MONO,0.0,200.0,300.0,2400.0,2100.0,45.0,45.0,41.0,T_C,3.0,20.0,1.236,2.0,12.0,P,H-90,0.0,258.25,393.39,0.377,2.0,P,100.0,8.0,250.0,0.503,OPC,0.53,20.0,Cube,39.8,C,Control,0.0,0.0,0.0,0.0,0.0,missing,0.0,0.0,0.0,700.0,3.998017198595007,Wang et al. (2014)
R,SS_FPB_MONO,0.0,200.0,300.0,2400.0,2100.0,45.0,45.0,41.0,T_C,3.0,20.0,1.236,2.0,12.0,P,H-90,0.0,208.25,326.8,0.377,2.0,P,100.0,8.0,250.0,0.503,OPC,0.53,20.0,Cube,39.8,IC,External stainless steel plate,2100.0,1800.0,10.0,5.0,300.0,missing,10.58,40.0,0.529,700.0,3.6823582371236707,Wang et al. (2014)
R,SS_FPB_MONO,0.0,200.0,300.0,2400.0,2100.0,36.0,36.0,31.0,T_C,3.0,22.0,1.456,2.0,12.0,P,H-90,0.0,258.25,393.39,0.377,2.0,P,100.0,8.0,250.0,0.503,OPC,0.53,20.0,Cube,39.8,C,Control,0.0,0.0,0.0,0.0,0.0,missing,0.0,0.0,0.0,700.0,4.360292142527875,Wang et al. (2014)
R,SS_FPB_MONO,0.0,200.0,300.0,2400.0,2100.0,36.0,36.0,31.0,T_C,3.0,22.0,1.456,2.0,12.0,P,H-90,0.0,203.38,320.31,0.377,2.0,P,100.0,8.0,250.0,0.503,OPC,0.53,20.0,Cube,39.8,IC,External stainless steel plate,2100.0,1800.0,10.0,5.0,300.0,missing,11.61,40.0,0.639,700.0,4.124388683570477,Wang et al. (2014)
R,SS_TPB_MONO_SUST,80.0,150.0,280.0,3000.0,2860.0,22.0,22.0,19.0,T_C,2.0,12.0,0.539,2.0,6.0,D,S,0.0,545.61,603.51,0.135,2.0,D,220.0,6.0,550.0,0.171,OPC_HP,0.5,15.0,Cylinder,65.3,C,Control,0.0,0.0,0.0,0.0,0.0,missing,0.0,0.0,0.0,1430.0,3.560477739309412,Zhu and François (2014)
R,SS_TPB_MONO_SUST,80.0,150.0,280.0,3000.0,2860.0,22.0,22.0,19.0,T_C,2.0,12.0,0.539,2.0,6.0,D,S,0.0,622.81,742.11,0.135,2.0,D,220.0,6.0,278.9,0.171,OPC_HP,0.5,15.0,Cylinder,63.4,EI,missing,3000.0,1.8,9861.0,3.5,280.0,7:7,59.04,575.0,1.771,1430.0,3.2913825156549485,Zhu and François (2014)
R,SS_TPB_MONO_SUST,0.0,150.0,280.0,3000.0,2860.0,22.0,22.0,19.0,T_C,2.0,12.0,0.539,2.0,6.0,D,S,0.0,542.0,631.0,0.135,2.0,P,220.0,6.0,,0.171,OPC_HP,0.5,15.0,Cylinder,45.0,C,Control,0.0,0.0,0.0,0.0,0.0,missing,0.0,0.0,0.0,1400.0,3.565298392342582,Yu et al. (2015)
R,SS_TPB_MONO_SUST,40.0,150.0,280.0,3000.0,2860.0,22.0,22.0,19.0,T_C,2.0,12.0,0.539,2.0,6.0,D,S,0.0,477.24,550.38,0.135,2.0,P,220.0,6.0,,0.171,OPC_HP,0.5,15.0,Cylinder,45.0,EI,missing,3000.0,10.1,1080.0,3.5,280.0,2:14,11.83,425.0,0.355,1400.0,3.436564525499447,Yu et al. (2015)
R,SS_TPB_MONO_SUST,60.0,150.0,280.0,3000.0,2860.0,22.0,22.0,19.0,T_C,2.0,12.0,0.539,2.0,6.0,D,S,0.0,417.95,477.27,0.135,2.0,P,220.0,6.0,,0.171,OPC_HP,0.5,15.0,Cylinder,45.0,EI,missing,3000.0,10.1,810.0,3.5,280.0,2:14,12.3,425.0,0.369,1400.0,3.4339872044851463,Yu et al. (2015)
R,SS_TPB_MONO_SUST,80.0,150.0,280.0,1020.0,820.0,22.0,22.0,19.0,T_C,2.0,12.0,0.539,2.0,6.0,D,S,0.0,564.9,632.45,0.135,2.0,D,220.0,6.0,550.0,0.171,OPC_HP,0.5,15.0,Cylinder,65.3,C,Control,0.0,0.0,0.0,0.0,0.0,missing,0.0,0.0,0.0,410.0,3.708682081410116,Zhu et al. (2015)
R,SS_TPB_MONO_SUST,80.0,150.0,280.0,1020.0,820.0,22.0,22.0,19.0,T_C,2.0,12.0,0.539,2.0,6.0,D,S,0.0,564.9,632.45,0.135,2.0,D,220.0,6.0,550.0,0.171,OPC_HP,0.5,15.0,Cylinder,65.3,C,Control,0.0,0.0,0.0,0.0,0.0,missing,0.0,0.0,0.0,410.0,3.636269503841639,Zhu et al. (2015)
R,SS_TPB_MONO_SUST,80.0,150.0,280.0,1200.0,1000.0,22.0,22.0,19.0,T_C,2.0,12.0,0.539,2.0,6.0,D,S,0.0,701.34,739.73,0.135,2.0,D,220.0,6.0,550.0,0.171,OPC_HP,0.5,15.0,Cylinder,63.4,EI,missing,1200.0,1.8,10227.0,3.5,280.0,7:7,26.72,431.0,0.802,500.0,3.5567756134805992,Zhu et al. (2015)
R,SS_TPB_MONO_SUST,80.0,150.0,280.0,1040.0,840.0,22.0,22.0,19.0,T_C,2.0,12.0,0.539,2.0,6.0,D,S,0.0,701.34,739.73,0.135,2.0,D,220.0,6.0,550.0,0.171,OPC_HP,0.5,15.0,Cylinder,63.4,EI,missing,1040.0,1.8,10227.0,3.5,280.0,7:7,29.27,431.0,0.878,420.0,3.418054498728578,Zhu et al. (2015)
R,SS_FPB_MONO,0.0,150.0,250.0,2000.0,1800.0,41.0,41.0,35.0,T_C,2.0,22.0,2.027,2.0,10.0,D,S,0.0,383.7,572.6,0.419,2.0,P,600.0,8.0,335.0,0.112,OPC,0.42,20.0,Cylinder,45.4,C,Control,0.0,0.0,0.0,0.0,0.0,missing,0.0,0.0,0.0,600.0,4.174541104216377,Liu et al. (2016)
R,SS_FPB_MONO,0.0,150.0,250.0,2000.0,1800.0,41.0,41.0,35.0,T_C,2.0,22.0,2.027,2.0,10.0,D,S,0.0,383.7,572.6,0.419,2.0,P,600.0,8.0,335.0,0.112,OPC,0.42,20.0,Cylinder,45.4,C,Control,0.0,0.0,0.0,0.0,0.0,missing,0.0,0.0,0.0,600.0,4.152613470346076,Liu et al. (2016)
R,SS_FPB_MONO,0.0,150.0,250.0,2000.0,1800.0,41.0,41.0,35.0,T_C,2.0,22.0,2.027,2.0,10.0,D,S,0.0,372.11,557.48,0.419,2.0,P,600.0,8.0,335.0,0.112,OPC,0.42,20.0,Cylinder,45.4,IC,External stainless steel plate,2000.0,289.2,10.0,5.0,75.0,missing,1.65,200.0,0.091,600.0,4.152613470346076,Liu et al. (2016)
R,SS_FPB_MONO,0.0,150.0,250.0,2000.0,1800.0,41.0,41.0,35.0,T_C,2.0,22.0,2.027,2.0,10.0,D,S,0.0,372.11,557.48,0.419,2.0,P,600.0,8.0,335.0,0.112,OPC,0.42,20.0,Cylinder,45.4,IC,External stainless steel plate,2000.0,289.2,10.0,5.0,75.0,missing,1.65,200.0,0.091,600.0,4.179604406172924,Liu et al. (2016)
R,SS_FPB_MONO_SUST,50.0,150.0,250.0,2000.0,1800.0,41.0,41.0,35.0,T_C,2.0,22.0,2.027,2.0,10.0,D,S,0.0,363.34,546.03,0.419,2.0,P,600.0,8.0,335.0,0.112,OPC,0.42,20.0,Cylinder,45.4,IC,External stainless steel plate,2000.0,510.0,10.0,5.0,75.0,missing,2.9,200.0,0.16,600.0,4.090838422892813,Liu et al. (2016)
R,SS_FPB_MONO_SUST,50.0,150.0,250.0,2000.0,1800.0,41.0,41.0,35.0,T_C,2.0,22.0,2.027,2.0,10.0,D,S,0.0,362.56,545.02,0.419,2.0,P,600.0,8.0,335.0,0.112,OPC,0.42,20.0,Cylinder,45.4,IC,External stainless steel plate,2000.0,529.5,10.0,5.0,75.0,missing,3.01,200.0,0.166,600.0,4.080245637842599,Liu et al. (2016)
R,SS_FPB_MONO_SUST,65.0,150.0,250.0,2000.0,1800.0,41.0,41.0,35.0,T_C,2.0,22.0,2.027,2.0,10.0,D,S,0.0,353.16,532.75,0.419,2.0,P,600.0,8.0,335.0,0.112,OPC,0.42,20.0,Cylinder,45.4,IC,External stainless steel plate,2000.0,767.8,10.0,5.0,75.0,missing,4.35,200.0,0.239,600.0,4.015301354881648,Liu et al. (2016)
R,SS_FPB_MONO_SUST,65.0,150.0,250.0,2000.0,1800.0,41.0,41.0,35.0,T_C,2.0,22.0,2.027,2.0,10.0,D,S,0.0,351.68,530.82,0.419,2.0,P,600.0,8.0,335.0,0.112,OPC,0.42,20.0,Cylinder,45.4,IC,External stainless steel plate,2000.0,805.3,10.0,5.0,75.0,missing,4.56,200.0,0.251,600.0,4.051958845725663,Liu et al. (2016)
R,SS_FPB_MONO_SUST,80.0,150.0,250.0,2000.0,1800.0,41.0,41.0,35.0,T_C,2.0,22.0,2.027,2.0,10.0,D,S,0.0,331.11,503.98,0.419,2.0,P,600.0,8.0,335.0,0.112,OPC,0.42,20.0,Cylinder,45.4,IC,External stainless steel plate,2000.0,1332.9,10.0,5.0,75.0,missing,7.49,200.0,0.412,600.0,3.985087576285151,Liu et al. (2016)
R,SS_FPB_MONO_SUST,80.0,150.0,250.0,2000.0,1800.0,41.0,41.0,35.0,T_C,2.0,22.0,2.027,2.0,10.0,D,S,0.0,329.91,502.42,0.419,2.0,P,600.0,8.0,335.0,0.112,OPC,0.42,20.0,Cylinder,45.4,IC,External stainless steel plate,2000.0,1363.8,10.0,5.0,75.0,missing,7.66,200.0,0.421,600.0,3.9682142850778885,Liu et al. (2016)
R,SS_FPB_MONO_SUST,80.0,150.0,250.0,2000.0,1800.0,41.0,41.0,35.0,T_C,2.0,22.0,2.027,2.0,10.0,D,S,0.0,319.73,489.14,0.419,2.0,P,600.0,8.0,335.0,0.112,OPC,0.42,20.0,Cylinder,45.4,IC,External stainless steel plate,2000.0,1085.5,15.0,5.0,75.0,missing,9.11,200.0,0.501,600.0,3.930648469551311,Liu et al. (2016)
R,SS_FPB_MONO_SUST,80.0,150.0,250.0,2000.0,1800.0,41.0,41.0,35.0,T_C,2.0,22.0,2.027,2.0,10.0,D,S,0.0,315.17,483.18,0.419,2.0,P,600.0,8.0,335.0,0.112,OPC,0.42,20.0,Cylinder,45.4,IC,External stainless steel plate,2000.0,1165.0,15.0,5.0,75.0,missing,9.76,200.0,0.537,600.0,3.883623530906448,Liu et al. (2016)
R,SS_TPB_MONO,0.0,150.0,300.0,1800.0,1600.0,41.0,41.0,37.0,T_C,2.0,22.0,1.689,2.0,14.0,D,S,0.0,365.0,453.0,0.684,2.0,D,100.0,8.0,350.0,0.67,OPC,0.65,,Cylinder,18.0,C,Control,0.0,0.0,0.0,0.0,0.0,missing,0.0,0.0,0.0,800.0,4.0943445622221,Zhang et al. (2016)
R,SS_TPB_MONO,0.0,150.0,300.0,1800.0,1600.0,46.0,46.0,42.0,T_C,2.0,22.0,1.689,2.0,14.0,D,S,0.0,338.28,424.01,0.684,2.0,D,100.0,8.0,,0.67,OPC,0.62,,Cylinder,20.0,IC,missing,1800.0,2000.0,,3.5,300.0,missing,4.0,1800.0,0.22,800.0,4.053522567701846,Zhang et al. (2016)
R,SS_TPB_MONO,0.0,150.0,300.0,1800.0,1600.0,46.0,46.0,42.0,T_C,2.0,22.0,1.689,2.0,14.0,D,S,0.0,311.56,395.02,0.684,2.0,D,100.0,8.0,,0.67,OPC,0.56,,Cylinder,25.8,IC,missing,1800.0,2000.0,,3.5,300.0,missing,8.0,1800.0,0.44,800.0,4.00369019395397,Zhang et al. (2016)
R,SS_TPB_MONO,0.0,150.0,300.0,1800.0,1600.0,31.0,31.0,27.0,T_C,2.0,22.0,1.689,2.0,14.0,D,S,0.0,284.18,365.3,0.684,2.0,D,100.0,8.0,,0.67,OPC,0.62,,Cylinder,20.0,IC,missing,1800.0,2000.0,,3.5,300.0,missing,12.1,1800.0,0.666,800.0,3.8199077165203406,Zhang et al. (2016)
R,SS_TPB_MONO_SUST,80.0,150.0,280.0,3000.0,2860.0,22.0,22.0,19.0,T_C,2.0,12.0,0.539,2.0,6.0,D,S,0.0,564.9,632.45,0.135,2.0,D,220.0,6.0,550.0,0.171,OPC_HP,0.5,15.0,Cylinder,65.3,C,Control,0.0,0.0,0.0,0.0,0.0,missing,0.0,0.0,0.0,1430.0,3.590715205326705,Zhu and François (2016)
R,SS_TPB_MONO_SUST,80.0,150.0,280.0,3000.0,2860.0,22.0,22.0,19.0,T_C,2.0,12.0,0.539,2.0,6.0,D,S,0.0,701.34,739.73,0.135,2.0,D,220.0,6.0,550.0,0.171,OPC_HP,0.5,15.0,Cylinder,63.4,EI,missing,3000.0,1.8,10227.0,3.5,280.0,7:7,28.9,431.0,0.867,1430.0,3.093312601892855,Zhu and François (2016)
R,SS_FPB_MONO,0.0,150.0,300.0,2400.0,2100.0,36.5,36.5,33.0,T_C,3.0,13.0,0.885,2.0,6.0,D,S,0.0,394.4,540.7,0.126,2.0,P,100.0,6.0,,0.377,OPC,0.68,20.0,Cylinder,30.0,C,Control,0.0,0.0,0.0,0.0,0.0,missing,0.0,0.0,0.0,700.0,3.66612246699132,Dasar et al. (2017)
R,SS_FPB_MONO_SUST,30.0,150.0,300.0,2400.0,2100.0,36.5,36.5,33.0,T_C,3.0,13.0,0.885,2.0,6.0,D,S,0.0,311.7,485.75,0.126,2.0,P,100.0,6.0,,0.377,OPC,0.68,20.0,Cylinder,30.0,N,missing,2100.0,2.3,14610.0,3.5,300.0,1:1,29.44,600.0,0.957,700.0,3.529297384289471,Dasar et al. (2017)
R,SS_FPB_MONO_SUST_PREC,30.0,150.0,300.0,2400.0,2100.0,36.5,36.5,33.0,T_C,3.0,13.0,0.885,2.0,6.0,D,S,0.0,185.95,280.35,0.126,2.0,P,100.0,6.0,,0.377,OPC,0.68,20.0,Cylinder,30.0,N,missing,2100.0,4.9,14610.0,3.5,300.0,1:1,56.97,600.0,1.852,700.0,3.0726933146901194,Dasar et al. (2017)
R,SS_FPB_MONO,0.0,250.0,180.0,1200.0,1000.0,28.0,28.0,24.0,UT_C,3.0,16.0,1.34,2.0,8.0,D,H-90,0.0,380.5,522.7,0.223,0.0,missing,0.0,0.0,0.0,0.0,OPC,0.65,25.0,Cylinder,35.4,C,Control,0.0,0.0,0.0,0.0,0.0,missing,0.0,0.0,0.0,300.0,3.4255647381104497,Dong et al. (2017)
R,SS_FPB_MONO,0.0,250.0,180.0,1200.0,1000.0,28.0,28.0,24.0,UT_C,3.0,16.0,1.34,2.0,8.0,D,H-90,0.0,365.74,504.97,0.223,0.0,missing,0.0,0.0,0.0,0.0,OPC,0.65,25.0,Cylinder,35.4,IC,External stainless steel net,400.0,100.0,98.0,5.0,1.0,4:10,2.12,80.0,0.085,300.0,3.4187098067467865,Dong et al. (2017)
R,SS_FPB_MONO_SUST,30.0,250.0,180.0,1200.0,1000.0,28.0,28.0,24.0,UT_C,3.0,16.0,1.34,2.0,8.0,D,H-90,0.0,358.91,496.77,0.223,0.0,missing,0.0,0.0,0.0,0.0,OPC,0.65,25.0,Cylinder,35.4,IC,External stainless steel net,400.0,100.0,98.0,5.0,1.0,4:10,3.1,80.0,0.124,300.0,3.4041928906419536,Dong et al. (2017)
R,SS_FPB_MONO_SUST,60.0,250.0,180.0,1200.0,1000.0,28.0,28.0,24.0,UT_C,3.0,16.0,1.34,2.0,8.0,D,H-90,0.0,366.5,505.89,0.223,0.0,missing,0.0,0.0,0.0,0.0,OPC,0.65,25.0,Cylinder,35.4,IC,External stainless steel net,400.0,100.0,98.0,5.0,1.0,4:10,2.01,80.0,0.08,300.0,3.4151002868311466,Dong et al. (2017)
R,SS_FPB_MONO,0.0,80.0,140.0,1460.0,1260.0,26.5,26.5,0.0,ST,1.0,13.0,1.185,0.0,0.0,D,H-180,0.0,268.53,405.12,0.0,2.0,D,280.0,6.0,386.0,0.252,OPC,0.5,20.0,Cylinder,40.0,IC,External copper plate,1460.0,1000.0,25.0,3.0,20.0,missing,16.63,0.0,0.54,490.0,1.4327007339340465,Lim et al. (2017)
R,SS_FPB_MONO,0.0,80.0,140.0,1460.0,1260.0,26.5,26.5,0.0,ST,1.0,13.0,1.185,0.0,0.0,D,H-180,0.0,289.16,430.91,0.0,2.0,D,280.0,6.0,386.0,0.252,OPC,0.4,20.0,Cylinder,40.0,IC,External copper plate,1460.0,1000.0,25.0,3.0,20.0,missing,13.71,60.0,0.446,490.0,1.5390154481375546,Lim et al. (2017)
R,SS_FPB_MONO,0.0,80.0,140.0,1460.0,1260.0,26.5,26.5,0.0,ST,1.0,13.0,1.185,0.0,0.0,D,H-180,0.0,240.34,369.88,0.0,2.0,D,280.0,6.0,386.0,0.252,OPC,0.65,20.0,Cylinder,40.0,IC,External copper plate,1460.0,1000.0,25.0,3.0,20.0,missing,20.62,60.0,0.67,490.0,1.4036429994545037,Lim et al. (2017)
R,SS_FPB_MONO,0.0,80.0,140.0,1460.0,1260.0,26.5,26.5,0.0,ST,1.0,13.0,1.185,0.0,0.0,D,H-180,0.0,213.08,335.79,0.0,0.0,missing,0.0,6.0,386.0,0.0,OPC,0.5,20.0,Cylinder,40.0,IC,External copper plate,1460.0,1000.0,25.0,3.0,20.0,missing,24.48,60.0,0.796,490.0,1.2029723039923526,Lim et al. (2017)
R,SS_FPB_MONO,0.0,120.0,200.0,1700.0,1500.0,32.5,37.5,35.5,T_C,2.0,12.0,0.942,2.0,8.0,D,H-180,0.0,385.0,630.0,0.419,2.0,P,500.0,6.5,329.0,0.111,OPC,0.5,20.0,Cylinder,34.2,C,Control,0.0,0.0,0.0,0.0,0.0,missing,0.0,0.0,0.0,500.0,2.642622395779755,Li et al. (2018)
R,SS_FPB_MONO,0.0,120.0,200.0,1700.0,1500.0,32.5,37.5,35.5,T_C,2.0,12.0,0.942,2.0,8.0,D,S,0.0,371.05,610.04,0.419,2.0,P,500.0,6.5,329.0,0.111,OPC,0.53,20.0,Cube,34.2,IC,External stainless steel plate,1700.0,1000.0,5.0,5.0,200.0,1:1,1.98,100.0,0.059,500.0,2.612273245708441,Li et al. (2018)
R,SS_FPB_MONO,0.0,120.0,200.0,1700.0,1500.0,32.5,37.5,35.5,T_C,2.0,12.0,0.942,2.0,8.0,D,S,0.0,352.45,583.43,0.419,2.0,P,500.0,6.5,329.0,0.111,OPC,0.53,20.0,Cube,34.2,IC,External stainless steel plate,1700.0,1000.0,10.0,5.0,200.0,1:1,4.62,100.0,0.139,500.0,2.559550192783766,Li et al. (2018)
R,SS_FPB_MONO,0.0,120.0,200.0,1700.0,1500.0,32.5,37.5,35.5,T_C,2.0,12.0,0.942,2.0,8.0,D,S,0.0,323.14,541.5,0.419,2.0,P,500.0,6.5,329.0,0.111,OPC,0.53,20.0,Cube,34.2,IC,External stainless steel plate,1700.0,1000.0,20.0,5.0,200.0,1:1,8.78,100.0,0.263,500.0,2.468099531471619,Li et al. (2018)
R,SS_FPB_MONO_SUST,15.0,120.0,200.0,1700.0,1500.0,32.5,37.5,35.5,T_C,2.0,12.0,0.942,2.0,8.0,D,S,0.0,366.82,603.99,0.419,2.0,P,500.0,6.5,329.0,0.111,OPC,0.53,20.0,Cube,34.2,IC,External stainless steel plate,1700.0,1000.0,5.0,5.0,200.0,1:1,2.58,100.0,0.077,500.0,2.498151876538021,Li et al. (2018)
R,SS_FPB_MONO_SUST,15.0,120.0,200.0,1700.0,1500.0,32.5,37.5,35.5,T_C,2.0,12.0,0.942,2.0,8.0,D,S,0.0,344.7,572.34,0.419,2.0,P,500.0,6.5,329.0,0.111,OPC,0.53,20.0,Cube,34.2,IC,External stainless steel plate,1700.0,1000.0,10.0,5.0,200.0,1:1,5.72,100.0,0.172,500.0,2.4344901638739844,Li et al. (2018)
R,SS_FPB_MONO_SUST,15.0,120.0,200.0,1700.0,1500.0,32.5,37.5,35.5,T_C,2.0,12.0,0.942,2.0,8.0,D,S,0.0,313.56,527.79,0.419,2.0,P,500.0,6.5,329.0,0.111,OPC,0.53,20.0,Cube,34.2,IC,External stainless steel plate,1700.0,1000.0,20.0,5.0,200.0,1:1,10.14,100.0,0.304,500.0,2.3841650799864684,Li et al. (2018)
R,SS_FPB_MONO_SUST,30.0,120.0,200.0,1700.0,1500.0,32.5,37.5,35.5,T_C,2.0,12.0,0.942,2.0,8.0,D,S,0.0,364.07,600.06,0.419,2.0,P,500.0,6.5,329.0,0.111,OPC,0.53,20.0,Cube,34.2,IC,External stainless steel plate,1700.0,1000.0,5.0,5.0,200.0,1:1,2.97,100.0,0.089,500.0,2.4672517145492794,Li et al. (2018)
R,SS_FPB_MONO_SUST,30.0,120.0,200.0,1700.0,1500.0,32.5,37.5,35.5,T_C,2.0,12.0,0.942,2.0,8.0,D,S,0.0,341.04,567.1,0.419,2.0,P,500.0,6.5,329.0,0.111,OPC,0.53,20.0,Cube,34.2,IC,External stainless steel plate,1700.0,1000.0,10.0,5.0,200.0,1:1,6.24,100.0,0.187,500.0,2.3896797998449792,Li et al. (2018)
R,SS_FPB_MONO_SUST,30.0,120.0,200.0,1700.0,1500.0,32.5,37.5,35.5,T_C,2.0,12.0,0.942,2.0,8.0,D,S,0.0,306.79,518.11,0.419,2.0,P,500.0,6.5,329.0,0.111,OPC,0.53,20.0,Cube,34.2,IC,External stainless steel plate,1700.0,1000.0,20.0,5.0,200.0,1:1,11.1,100.0,0.333,500.0,2.244955980157409,Li et al. (2018)
R,SS_FPB_MONO_SUST,60.0,120.0,200.0,1700.0,1500.0,32.5,37.5,35.5,T_C,2.0,12.0,0.942,2.0,8.0,D,S,0.0,363.02,598.55,0.419,2.0,P,500.0,6.5,329.0,0.111,OPC,0.53,20.0,Cube,34.2,IC,External stainless steel plate,1700.0,1000.0,5.0,5.0,200.0,1:1,3.12,100.0,0.094,500.0,2.435366204227864,Li et al. (2018)
R,SS_FPB_MONO_SUST,60.0,120.0,200.0,1700.0,1500.0,32.5,37.5,35.5,T_C,2.0,12.0,0.942,2.0,8.0,D,S,0.0,338.29,563.17,0.419,2.0,P,500.0,6.5,329.0,0.111,OPC,0.53,20.0,Cube,34.2,IC,External stainless steel plate,1700.0,1000.0,10.0,5.0,200.0,1:1,6.63,100.0,0.199,500.0,2.2617630984737906,Li et al. (2018)
R,SS_FPB_MONO_SUST,60.0,120.0,200.0,1700.0,1500.0,32.5,37.5,35.5,T_C,2.0,12.0,0.942,2.0,8.0,D,S,0.0,308.42,520.43,0.419,2.0,P,500.0,6.5,329.0,0.111,OPC,0.53,20.0,Cube,34.2,IC,External stainless steel plate,1700.0,1000.0,20.0,5.0,200.0,1:1,10.87,100.0,0.326,500.0,1.308332819650179,Li et al. (2018)
R,SS_FPB_MONO,0.0,100.0,150.0,1150.0,900.0,25.0,25.0,0.0,ST,2.0,10.0,1.047,0.0,0.0,P,H-90,0.0,250.0,375.0,0.0,0.0,missing,0.0,0.0,0.0,0.0,OPC,0.5,10.0,Cube,33.0,C,Control,0.0,0.0,0.0,0.0,0.0,missing,0.0,0.0,0.0,350.0,2.2915241456346207,Nguyen and Lambert (2018)
R,SS_FPB_MONO,0.0,100.0,150.0,1150.0,900.0,25.0,25.0,0.0,ST,2.0,10.0,1.047,0.0,0.0,P,H-90,0.0,247.32,371.49,0.0,0.0,missing,0.0,0.0,0.0,0.0,OPC,0.5,10.0,Cube,33.0,IC,External stainless steel plate,1150.0,250.0,3.1,3.5,50.0,missing,0.59,1130.0,0.015,350.0,2.262804222982201,Nguyen and Lambert (2018)
R,SS_FPB_MONO,0.0,100.0,150.0,1150.0,900.0,25.0,25.0,0.0,ST,2.0,10.0,1.047,0.0,0.0,P,H-90,0.0,247.44,371.64,0.0,0.0,missing,0.0,0.0,0.0,0.0,OPC,0.5,10.0,Cube,33.0,IC,External stainless steel plate,1150.0,500.0,1.6,3.5,50.0,missing,0.56,1130.0,0.014,350.0,2.2512917986064953,Nguyen and Lambert (2018)
R,SS_FPB_MONO,0.0,100.0,150.0,1150.0,900.0,25.0,25.0,0.0,ST,2.0,10.0,1.047,0.0,0.0,P,H-90,0.0,247.78,372.09,0.0,0.0,missing,0.0,0.0,0.0,0.0,OPC,0.5,10.0,Cube,33.0,IC,External stainless steel plate,1150.0,1000.0,0.8,3.5,50.0,missing,0.49,1130.0,0.012,350.0,2.2235418856535927,Nguyen and Lambert (2018)
R,SS_FPB_MONO,0.0,100.0,150.0,1150.0,900.0,25.0,25.0,0.0,ST,2.0,10.0,1.047,0.0,0.0,P,H-90,0.0,247.74,372.03,0.0,0.0,missing,0.0,0.0,0.0,0.0,OPC,0.5,10.0,Cube,33.0,IC,External stainless steel plate,1150.0,2500.0,0.3,3.5,50.0,missing,0.5,1130.0,0.012,350.0,2.28949985344539,Nguyen and Lambert (2018)
R,SS_FPB_MONO,0.0,100.0,150.0,1150.0,900.0,25.0,25.0,0.0,ST,2.0,10.0,1.047,0.0,0.0,P,H-90,0.0,250.0,375.0,0.0,0.0,missing,0.0,0.0,0.0,0.0,OPC,0.5,10.0,Cube,33.0,C,Control,0.0,0.0,0.0,0.0,0.0,missing,0.0,0.0,0.0,350.0,2.2731562823032334,Nguyen and Lambert (2018)
R,SS_FPB_MONO,0.0,100.0,150.0,1150.0,900.0,25.0,25.0,0.0,ST,2.0,10.0,1.047,0.0,0.0,P,H-90,0.0,245.22,368.73,0.0,0.0,missing,0.0,0.0,0.0,0.0,OPC,0.5,10.0,Cube,33.0,IC,External stainless steel plate,1150.0,250.0,6.3,3.5,50.0,missing,1.05,1130.0,0.026,350.0,2.231089091288976,Nguyen and Lambert (2018)
R,SS_FPB_MONO,0.0,100.0,150.0,1150.0,900.0,25.0,25.0,0.0,ST,2.0,10.0,1.047,0.0,0.0,P,H-90,0.0,244.9,368.31,0.0,0.0,missing,0.0,0.0,0.0,0.0,OPC,0.5,10.0,Cube,33.0,IC,External stainless steel plate,1150.0,500.0,3.1,3.5,50.0,missing,1.12,1130.0,0.028,350.0,2.2364452904895007,Nguyen and Lambert (2018)
R,SS_FPB_MONO,0.0,100.0,150.0,1150.0,900.0,25.0,25.0,0.0,ST,2.0,10.0,1.047,0.0,0.0,P,H-90,0.0,244.72,368.07,0.0,0.0,missing,0.0,0.0,0.0,0.0,OPC,0.5,10.0,Cube,33.0,IC,External stainless steel plate,1150.0,1000.0,1.6,3.5,50.0,missing,1.16,1130.0,0.029,350.0,2.1972245773362196,Nguyen and Lambert (2018)
R,SS_FPB_MONO,0.0,100.0,150.0,1150.0,900.0,25.0,25.0,0.0,ST,2.0,10.0,1.047,0.0,0.0,P,H-90,0.0,245.29,368.82,0.0,0.0,missing,0.0,0.0,0.0,0.0,OPC,0.5,10.0,Cube,33.0,IC,External stainless steel plate,1150.0,2500.0,0.6,3.5,50.0,missing,1.03,1130.0,0.026,350.0,2.2364452904895007,Nguyen and Lambert (2018)
R,SS_FPB_MONO,0.0,100.0,150.0,1150.0,900.0,25.0,25.0,0.0,ST,2.0,10.0,1.047,0.0,0.0,P,H-90,0.0,250.0,375.0,0.0,0.0,missing,0.0,0.0,0.0,0.0,OPC,0.5,10.0,Cube,33.0,C,Control,0.0,0.0,0.0,0.0,0.0,missing,0.0,0.0,0.0,350.0,2.2679936482244267,Nguyen and Lambert (2018)
R,SS_FPB_MONO,0.0,100.0,150.0,1150.0,900.0,25.0,25.0,0.0,ST,2.0,10.0,1.047,0.0,0.0,P,H-90,0.0,239.07,360.66,0.0,0.0,missing,0.0,0.0,0.0,0.0,OPC,0.5,10.0,Cube,33.0,IC,External stainless steel plate,1150.0,250.0,15.7,3.5,50.0,missing,2.39,1130.0,0.06,350.0,2.194999882314108,Nguyen and Lambert (2018)
R,SS_FPB_MONO,0.0,100.0,150.0,1150.0,900.0,25.0,25.0,0.0,ST,2.0,10.0,1.047,0.0,0.0,P,H-90,0.0,239.43,361.14,0.0,0.0,missing,0.0,0.0,0.0,0.0,OPC,0.5,10.0,Cube,33.0,IC,External stainless steel plate,1150.0,500.0,7.8,3.5,50.0,missing,2.31,1130.0,0.058,350.0,2.2082744135228043,Nguyen and Lambert (2018)
R,SS_FPB_MONO,0.0,100.0,150.0,1150.0,900.0,25.0,25.0,0.0,ST,2.0,10.0,1.047,0.0,0.0,P,H-90,0.0,238.47,359.88,0.0,0.0,missing,0.0,0.0,0.0,0.0,OPC,0.5,10.0,Cube,33.0,IC,External stainless steel plate,1150.0,1000.0,3.9,3.5,50.0,missing,2.52,1130.0,0.063,350.0,2.1972245773362196,Nguyen and Lambert (2018)
R,SS_FPB_MONO,0.0,100.0,150.0,1150.0,900.0,25.0,25.0,0.0,ST,2.0,10.0,1.047,0.0,0.0,P,H-90,0.0,239.8,361.62,0.0,0.0,missing,0.0,0.0,0.0,0.0,OPC,0.5,10.0,Cube,33.0,IC,External stainless steel plate,1150.0,2500.0,1.6,3.5,50.0,missing,2.23,1130.0,0.056,350.0,2.2289385528257473,Nguyen and Lambert (2018)
R,SS_FPB_MONO,0.0,100.0,150.0,1150.0,900.0,25.0,25.0,0.0,ST,2.0,10.0,1.047,0.0,0.0,P,H-90,0.0,250.0,375.0,0.0,0.0,missing,0.0,0.0,0.0,0.0,OPC,0.5,10.0,Cube,33.0,C,Control,0.0,0.0,0.0,0.0,0.0,missing,0.0,0.0,0.0,350.0,2.2648832258100344,Nguyen and Lambert (2018)
R,SS_FPB_MONO,0.0,100.0,150.0,1150.0,900.0,25.0,25.0,0.0,ST,2.0,10.0,1.047,0.0,0.0,P,H-90,0.0,231.56,350.82,0.0,0.0,missing,0.0,0.0,0.0,0.0,OPC,0.5,10.0,Cube,33.0,IC,External stainless steel plate,1150.0,250.0,31.3,3.5,50.0,missing,4.03,1130.0,0.101,350.0,2.1114245875328868,Nguyen and Lambert (2018)
R,SS_FPB_MONO,0.0,100.0,150.0,1150.0,900.0,25.0,25.0,0.0,ST,2.0,10.0,1.047,0.0,0.0,P,H-90,0.0,232.84,352.5,0.0,0.0,missing,0.0,0.0,0.0,0.0,OPC,0.5,10.0,Cube,33.0,IC,External stainless steel plate,1150.0,500.0,15.7,3.5,50.0,missing,3.75,1130.0,0.094,350.0,2.020222182019865,Nguyen and Lambert (2018)
R,SS_FPB_MONO,0.0,100.0,150.0,1150.0,900.0,25.0,25.0,0.0,ST,2.0,10.0,1.047,0.0,0.0,P,H-90,0.0,225.16,342.42,0.0,0.0,missing,0.0,0.0,0.0,0.0,OPC,0.5,10.0,Cube,33.0,IC,External stainless steel plate,1150.0,1000.0,7.8,3.5,50.0,missing,5.43,1130.0,0.136,350.0,2.061786606441115,Nguyen and Lambert (2018)
R,SS_FPB_MONO,0.0,100.0,150.0,1150.0,900.0,25.0,25.0,0.0,ST,2.0,10.0,1.047,0.0,0.0,P,H-90,0.0,230.21,349.05,0.0,0.0,missing,0.0,0.0,0.0,0.0,OPC,0.5,10.0,Cube,33.0,IC,External stainless steel plate,1150.0,2500.0,3.1,3.5,50.0,missing,4.33,1130.0,0.108,350.0,2.1138429683971682,Nguyen and Lambert (2018)
R,SS_FPB_MONO,0.0,230.0,300.0,1500.0,1300.0,31.0,31.0,31.0,T_C,2.0,12.0,0.328,2.0,12.0,D,S,0.0,369.0,490.77,0.328,2.0,D,200.0,8.0,369.0,0.219,OPC,0.5,,Cylinder,25.0,C,Control,0.0,0.0,0.0,0.0,0.0,missing,0.0,0.0,0.0,433.0,3.8366526984033693,Yadav et al. (2018)
R,SS_FPB_MONO,0.0,230.0,300.0,1500.0,1300.0,31.0,31.0,31.0,T_C,2.0,12.0,0.328,2.0,12.0,D,S,0.0,335.0,408.7,0.328,2.0,D,200.0,8.0,335.0,0.219,OPC,0.5,,Cylinder,25.0,IC,External stainless steel mesh,1000.0,375.0,25.0,3.5,300.0,missing,10.52,1500.0,0.316,433.0,3.7909846770510898,Yadav et al. (2018)
R,SS_FPB_MONO,0.0,230.0,300.0,1500.0,1300.0,31.0,31.0,31.0,T_C,2.0,12.0,0.328,2.0,12.0,D,S,0.0,323.0,361.76,0.328,2.0,D,200.0,8.0,323.0,0.219,OPC,0.5,,Cylinder,25.0,IC,External stainless steel mesh,1000.0,470.0,40.0,3.5,300.0,missing,20.74,1500.0,0.622,433.0,3.711618941083426,Yadav et al. (2018)
R,SS_FPB_MONO,0.0,230.0,300.0,1500.0,1300.0,31.0,31.0,31.0,T_C,2.0,12.0,0.328,2.0,12.0,D,S,0.0,300.0,360.0,0.328,2.0,D,200.0,8.0,300.0,0.219,OPC,0.5,,Cylinder,25.0,IC,External stainless steel mesh,1000.0,470.0,60.0,3.5,300.0,missing,30.3,1500.0,0.909,433.0,3.575710756008298,Yadav et al. (2018)
R,SS_FPB_MONO,0.0,230.0,300.0,1500.0,1300.0,31.0,31.0,31.0,T_C,2.0,12.0,0.328,2.0,12.0,D,S,0.0,445.0,582.95,0.328,2.0,D,200.0,8.0,445.0,0.219,OPC,0.5,,Cylinder,25.0,C,Control,0.0,,0.0,0.0,0.0,missing,0.0,0.0,0.0,433.0,3.8588331769140267,Yadav et al. (2018)
R,SS_FPB_MONO,0.0,230.0,300.0,1500.0,1300.0,31.0,31.0,31.0,T_C,2.0,12.0,0.328,2.0,12.0,D,S,0.0,425.0,531.25,0.328,2.0,D,200.0,8.0,425.0,0.219,OPC,0.5,,Cylinder,25.0,IC,External stainless steel mesh,1000.0,375.0,25.0,3.5,300.0,missing,10.89,1500.0,0.327,433.0,3.773220602547687,Yadav et al. (2018)
R,SS_FPB_MONO,0.0,230.0,300.0,1500.0,1300.0,31.0,31.0,31.0,T_C,2.0,12.0,0.328,2.0,12.0,D,S,0.0,360.0,414.0,0.328,2.0,D,200.0,8.0,360.0,0.219,OPC,0.5,,Cylinder,25.0,IC,External stainless steel mesh,1000.0,470.0,40.0,3.5,300.0,missing,20.17,1500.0,0.605,433.0,3.6901286735143684,Yadav et al. (2018)
R,SS_FPB_MONO,0.0,230.0,300.0,1500.0,1300.0,31.0,31.0,31.0,T_C,2.0,12.0,0.328,2.0,12.0,D,S,0.0,340.0,387.6,0.328,2.0,D,200.0,8.0,340.0,0.219,OPC,0.5,,Cylinder,25.0,IC,External stainless steel mesh,1000.0,470.0,60.0,3.5,300.0,missing,30.15,1500.0,0.905,433.0,3.6184569898173904,Yadav et al. (2018)
R,SS_FPB_MONO,0.0,230.0,300.0,1500.0,1300.0,31.0,31.0,31.0,T_C,2.0,12.0,0.328,2.0,12.0,D,S,0.0,369.0,490.77,0.328,2.0,D,200.0,8.0,369.0,0.219,OPC,0.46,,Cylinder,30.4,C,Control,0.0,,0.0,0.0,0.0,missing,0.0,0.0,0.0,433.0,3.8975183192252643,Yadav et al. (2018)
R,SS_FPB_MONO,0.0,230.0,300.0,1500.0,1300.0,31.0,31.0,31.0,T_C,2.0,12.0,0.328,2.0,12.0,D,S,0.0,335.0,408.7,0.328,2.0,D,200.0,8.0,335.0,0.219,OPC,0.46,,Cylinder,30.4,IC,External stainless steel mesh,1000.0,375.0,25.0,3.5,300.0,missing,10.01,1500.0,0.3,433.0,3.7918872041881655,Yadav et al. (2018)
R,SS_FPB_MONO,0.0,230.0,300.0,1500.0,1300.0,31.0,31.0,31.0,T_C,2.0,12.0,0.328,2.0,12.0,D,S,0.0,323.0,361.76,0.328,2.0,D,200.0,8.0,323.0,0.219,OPC,0.46,,Cylinder,30.4,IC,External stainless steel mesh,1000.0,470.0,40.0,3.5,300.0,missing,20.46,1500.0,0.614,433.0,3.730501128804756,Yadav et al. (2018)
R,SS_FPB_MONO,0.0,230.0,300.0,1500.0,1300.0,31.0,31.0,31.0,T_C,2.0,12.0,0.328,2.0,12.0,D,S,0.0,300.0,360.0,0.328,2.0,D,200.0,8.0,300.0,0.219,OPC,0.46,,Cylinder,30.4,IC,External stainless steel mesh,1000.0,470.0,60.0,3.5,300.0,missing,30.5,1500.0,0.915,433.0,3.662792119350618,Yadav et al. (2018)
R,SS_FPB_MONO,0.0,230.0,300.0,1500.0,1300.0,31.0,31.0,31.0,T_C,2.0,12.0,0.328,2.0,12.0,D,S,0.0,445.0,582.95,0.328,2.0,D,200.0,8.0,445.0,0.219,OPC,0.46,,Cylinder,30.4,C,Control,0.0,,0.0,0.0,0.0,missing,0.0,0.0,0.0,433.0,3.934957976710642,Yadav et al. (2018)
R,SS_FPB_MONO,0.0,230.0,300.0,1500.0,1300.0,31.0,31.0,31.0,T_C,2.0,12.0,0.328,2.0,12.0,D,S,0.0,425.0,531.25,0.328,2.0,D,200.0,8.0,425.0,0.219,OPC,0.46,,Cylinder,30.4,IC,External stainless steel mesh,1000.0,375.0,25.0,3.5,300.0,missing,10.45,1500.0,0.314,433.0,3.8588331769140267,Yadav et al. (2018)
R,SS_FPB_MONO,0.0,230.0,300.0,1500.0,1300.0,31.0,31.0,31.0,T_C,2.0,12.0,0.328,2.0,12.0,D,S,0.0,360.0,414.0,0.328,2.0,D,200.0,8.0,360.0,0.219,OPC,0.46,,Cylinder,30.4,IC,External stainless steel mesh,1000.0,470.0,40.0,3.5,300.0,missing,20.3,1500.0,0.609,433.0,3.802654468372781,Yadav et al. (2018)
R,SS_FPB_MONO,0.0,230.0,300.0,1500.0,1300.0,31.0,31.0,31.0,T_C,2.0,12.0,0.328,2.0,12.0,D,S,0.0,340.0,387.6,0.328,2.0,D,200.0,8.0,340.0,0.219,OPC,0.46,,Cylinder,30.4,IC,External stainless steel mesh,1000.0,470.0,60.0,3.5,300.0,missing,30.1,1500.0,0.903,433.0,3.7428940424201746,Yadav et al. (2018)
R,SS_FPB_MONO,0.0,100.0,160.0,1400.0,1200.0,27.0,27.0,25.0,UT_C,2.0,12.0,1.414,2.0,8.0,D,S,0.0,335.0,490.0,0.628,2.0,P,400.0,6.0,235.0,0.141,OPC,0.53,20.0,Cube,45.9,C,Control,0.0,0.0,0.0,0.0,0.0,missing,0.0,0.0,0.0,400.0,2.5079719227189963,Ye et al. (2018)
R,SS_FPB_MONO_SUST,0.0,100.0,160.0,1400.0,1200.0,27.0,27.0,25.0,UT_C,2.0,12.0,1.414,2.0,8.0,D,S,0.0,327.73,478.62,0.628,2.0,P,400.0,6.0,235.0,0.141,OPC,0.53,20.0,Cube,45.9,EI,missing,1400.0,1.4,1461.0,3.5,160.0,missing,2.15,110.0,0.065,400.0,2.488234439880675,Ye et al. (2018)
R,SS_FPB_MONO_SUST,0.0,100.0,160.0,1400.0,1200.0,27.0,27.0,25.0,UT_C,2.0,12.0,1.414,2.0,8.0,D,S,0.0,324.95,474.28,0.628,2.0,P,400.0,6.0,235.0,0.141,OPC,0.53,20.0,Cube,45.9,EI,missing,1400.0,2.0,1461.0,3.5,160.0,missing,2.97,110.0,0.089,400.0,2.4782176616372036,Ye et al. (2018)
R,SS_FPB_MONO_SUST,0.0,100.0,160.0,1400.0,1200.0,27.0,27.0,25.0,UT_C,2.0,12.0,1.414,2.0,8.0,D,S,0.0,318.25,463.8,0.628,2.0,P,400.0,6.0,235.0,0.141,OPC,0.53,20.0,Cube,45.9,EI,missing,1400.0,3.3,1461.0,3.5,160.0,missing,4.95,110.0,0.149,400.0,2.4807312783775197,Ye et al. (2018)
R,SS_FPB_MONO_SUST,0.0,100.0,160.0,1400.0,1200.0,27.0,27.0,25.0,UT_C,2.0,12.0,1.414,2.0,8.0,D,S,0.0,311.76,453.64,0.628,2.0,P,400.0,6.0,235.0,0.141,OPC,0.53,20.0,Cube,45.9,EI,missing,1400.0,4.6,1461.0,3.5,160.0,missing,6.87,110.0,0.206,400.0,2.4612967841488667,Ye et al. (2018)
R,SS_FPB_MONO_SUST,30.0,100.0,160.0,1400.0,1200.0,27.0,27.0,25.0,UT_C,2.0,12.0,1.414,2.0,8.0,D,S,0.0,326.37,476.51,0.628,2.0,P,400.0,6.0,235.0,0.141,OPC,0.53,20.0,Cube,45.9,EI,missing,1400.0,1.7,1461.0,3.5,160.0,missing,2.55,110.0,0.077,400.0,2.510411940196362,Ye et al. (2018)
R,SS_FPB_MONO_SUST,30.0,100.0,160.0,1400.0,1200.0,27.0,27.0,25.0,UT_C,2.0,12.0,1.414,2.0,8.0,D,S,0.0,323.6,472.17,0.628,2.0,P,400.0,6.0,235.0,0.141,OPC,0.53,20.0,Cube,45.9,EI,missing,1400.0,2.2,1461.0,3.5,160.0,missing,3.37,110.0,0.101,400.0,2.4714836294558595,Ye et al. (2018)
R,SS_FPB_MONO_SUST,30.0,100.0,160.0,1400.0,1200.0,27.0,27.0,25.0,UT_C,2.0,12.0,1.414,2.0,8.0,D,S,0.0,317.85,463.17,0.628,2.0,P,400.0,6.0,235.0,0.141,OPC,0.53,20.0,Cube,45.9,EI,missing,1400.0,3.3,1461.0,3.5,160.0,missing,5.07,110.0,0.152,400.0,2.424802725718295,Ye et al. (2018)
R,SS_FPB_MONO_SUST,30.0,100.0,160.0,1400.0,1200.0,27.0,27.0,25.0,UT_C,2.0,12.0,1.414,2.0,8.0,D,S,0.0,311.38,453.06,0.628,2.0,P,400.0,6.0,235.0,0.141,OPC,0.53,20.0,Cube,45.9,EI,missing,1400.0,4.6,1461.0,3.5,160.0,missing,6.98,110.0,0.209,400.0,2.3933394562625097,Ye et al. (2018)
R,SS_FPB_MONO_SUST,60.0,100.0,160.0,1400.0,1200.0,27.0,27.0,25.0,UT_C,2.0,12.0,1.414,2.0,8.0,D,S,0.0,324.44,473.49,0.628,2.0,P,400.0,6.0,235.0,0.141,OPC,0.53,20.0,Cube,45.9,EI,missing,1400.0,2.0,1461.0,3.5,160.0,missing,3.12,110.0,0.094,400.0,2.4553061800117097,Ye et al. (2018)
R,SS_FPB_MONO_SUST,60.0,100.0,160.0,1400.0,1200.0,27.0,27.0,25.0,UT_C,2.0,12.0,1.414,2.0,8.0,D,S,0.0,322.75,470.84,0.628,2.0,P,400.0,6.0,235.0,0.141,OPC,0.53,20.0,Cube,45.9,EI,missing,1400.0,2.4,1461.0,3.5,160.0,missing,3.62,110.0,0.109,400.0,2.412335956953165,Ye et al. (2018)
R,SS_FPB_MONO_SUST,60.0,100.0,160.0,1400.0,1200.0,27.0,27.0,25.0,UT_C,2.0,12.0,1.414,2.0,8.0,D,S,0.0,317.98,463.38,0.628,2.0,P,400.0,6.0,235.0,0.141,OPC,0.53,20.0,Cube,45.9,EI,missing,1400.0,3.3,1461.0,3.5,160.0,missing,5.03,110.0,0.151,400.0,2.33214389523559,Ye et al. (2018)
R,SS_FPB_MONO_SUST,60.0,100.0,160.0,1400.0,1200.0,27.0,27.0,25.0,UT_C,2.0,12.0,1.414,2.0,8.0,D,S,0.0,310.84,452.22,0.628,2.0,P,400.0,6.0,235.0,0.141,OPC,0.53,20.0,Cube,45.9,EI,missing,1400.0,1.2,1461.0,3.5,160.0,missing,7.14,110.0,0.214,400.0,2.2512917986064953,Ye et al. (2018)
R,SS_FPB_MONO,0.0,100.0,160.0,1400.0,1200.0,27.0,27.0,25.0,UT_C,2.0,12.0,1.414,2.0,8.0,D,S,0.0,311.03,459.35,0.628,2.0,P,400.0,6.0,235.0,0.141,OPC,0.53,20.0,Cube,45.9,IC,External stainless steel bar,1400.0,190.0,20.0,3.5,160.0,missing,3.91,110.0,0.117,400.0,2.479894107964456,Ye et al. (2018)
R,SS_FPB_MONO,0.0,100.0,160.0,1400.0,1200.0,27.0,27.0,25.0,UT_C,2.0,12.0,1.414,2.0,8.0,D,S,0.0,291.04,433.79,0.628,2.0,P,400.0,6.0,235.0,0.141,OPC,0.53,20.0,Cube,45.9,IC,External stainless steel bar,1400.0,190.0,35.0,3.5,160.0,missing,7.17,110.0,0.215,400.0,2.468099531471619,Ye et al. (2018)
R,SS_FPB_MONO_SUST,30.0,100.0,160.0,1400.0,1200.0,27.0,27.0,25.0,UT_C,2.0,12.0,1.414,2.0,8.0,D,S,0.0,316.49,466.32,0.628,2.0,P,400.0,6.0,235.0,0.141,OPC,0.53,20.0,Cube,45.9,IC,External stainless steel bar,1400.0,190.0,20.0,3.5,160.0,missing,3.02,110.0,0.091,400.0,2.4731713935695794,Ye et al. (2018)
R,SS_FPB_MONO_SUST,30.0,100.0,160.0,1400.0,1200.0,27.0,27.0,25.0,UT_C,2.0,12.0,1.414,2.0,8.0,D,S,0.0,294.17,437.79,0.628,2.0,P,400.0,6.0,235.0,0.141,OPC,0.53,20.0,Cube,45.9,IC,External stainless steel bar,1400.0,190.0,35.0,3.5,160.0,missing,6.66,110.0,0.2,400.0,2.4344901638739844,Ye et al. (2018)
R,SS_FPB_MONO_SUST,60.0,100.0,160.0,1400.0,1200.0,27.0,27.0,25.0,UT_C,2.0,12.0,1.414,2.0,8.0,D,S,0.0,314.16,463.34,0.628,2.0,P,400.0,6.0,235.0,0.141,OPC,0.53,20.0,Cube,45.9,IC,External stainless steel bar,1400.0,190.0,20.0,3.5,160.0,missing,3.4,110.0,0.102,400.0,2.453587966530573,Ye et al. (2018)
R,SS_FPB_MONO_SUST,60.0,100.0,160.0,1400.0,1200.0,27.0,27.0,25.0,UT_C,2.0,12.0,1.414,2.0,8.0,D,S,0.0,291.04,433.79,0.628,2.0,P,400.0,6.0,235.0,0.141,OPC,0.53,20.0,Cube,45.9,IC,External stainless steel bar,1400.0,190.0,35.0,3.5,160.0,missing,7.17,110.0,0.215,400.0,2.336986519711378,Ye et al. (2018)
R,SS_FPB_MONO,0.0,100.0,200.0,1850.0,1600.0,32.0,32.0,29.0,UT_C,2.0,14.0,1.539,2.0,8.0,D,H-90,0.0,335.0,,0.503,2.0,P,100.0,8.0,,1.005,OPC,0.38,22.0,Cylinder,20.1,C,Control,0.0,0.0,0.0,0.0,0.0,missing,0.0,0.0,0.0,620.0,2.714694743820879,Zhou et al. (2018)
R,SS_FPB_MONO,0.0,100.0,200.0,1850.0,1600.0,32.0,32.0,29.0,UT_C,2.0,14.0,1.539,2.0,8.0,D,H-90,0.0,321.73,,0.503,2.0,P,100.0,8.0,,1.005,OPC,0.38,22.0,Cylinder,20.1,IC,External carbon rod,500.0,2400.0,0.5,5.0,200.0,missing,2.17,500.0,0.076,620.0,2.580974118534234,Zhou et al. (2018)
R,SS_FPB_MONO,0.0,100.0,200.0,1850.0,1600.0,32.0,32.0,29.0,UT_C,2.0,14.0,1.539,2.0,8.0,D,H-90,0.0,308.35,,0.503,2.0,P,100.0,8.0,,1.005,OPC,0.38,22.0,Cylinder,20.1,IC,External carbon rod,500.0,2400.0,1.0,5.0,200.0,missing,4.35,500.0,0.152,620.0,2.517696472610991,Zhou et al. (2018)
R,SS_FPB_MONO,0.0,100.0,200.0,1850.0,1600.0,32.0,32.0,29.0,UT_C,2.0,14.0,1.539,2.0,8.0,D,H-90,0.0,295.08,,0.503,2.0,P,100.0,8.0,,1.005,OPC,0.38,22.0,Cylinder,20.1,IC,External carbon rod,500.0,2400.0,1.5,5.0,200.0,missing,6.51,500.0,0.228,620.0,2.502255288122613,Zhou et al. (2018)
R,SS_FPB_MONO,0.0,100.0,200.0,1850.0,1600.0,32.0,32.0,29.0,UT_C,2.0,14.0,1.539,2.0,8.0,D,H-90,0.0,281.8,,0.503,2.0,P,100.0,8.0,,1.005,OPC,0.38,22.0,Cylinder,20.1,IC,External carbon rod,500.0,2400.0,2.0,5.0,200.0,missing,8.68,500.0,0.304,620.0,2.4765384001174837,Zhou et al. (2018)
R,SS_FPB_MONO,0.0,100.0,200.0,1850.0,1600.0,32.0,32.0,29.0,UT_C,2.0,14.0,1.539,2.0,8.0,D,H-90,0.0,255.15,,0.503,2.0,P,100.0,8.0,,1.005,OPC,0.38,22.0,Cylinder,20.1,IC,External carbon rod,500.0,2400.0,3.0,5.0,200.0,missing,13.02,500.0,0.456,620.0,2.4069451083182885,Zhou et al. (2018)
R,SS_FPB_MONO,0.0,100.0,200.0,1850.0,1600.0,32.0,32.0,29.0,UT_C,2.0,14.0,1.539,2.0,8.0,D,H-90,0.0,236.81,,0.503,2.0,P,100.0,8.0,,1.005,OPC,0.38,22.0,Cylinder,20.1,IC,External carbon rod,500.0,2400.0,4.0,5.0,200.0,missing,16.02,500.0,0.561,620.0,2.303584593327129,Zhou et al. (2018)
R,SS_FPB_MONO,0.0,100.0,200.0,1850.0,1600.0,32.0,32.0,29.0,UT_C,2.0,14.0,1.539,2.0,8.0,D,H-90,0.0,212.19,,0.503,2.0,P,100.0,8.0,,1.005,OPC,0.38,22.0,Cylinder,20.1,IC,External carbon rod,500.0,2400.0,5.0,5.0,200.0,missing,20.03,500.0,0.701,620.0,2.150598735996164,Zhou et al. (2018)
R,SS_FPB_MONO,0.0,100.0,200.0,1850.0,1600.0,32.0,32.0,29.0,UT_C,2.0,14.0,1.539,2.0,8.0,D,H-90,0.0,175.4,,0.503,2.0,P,100.0,8.0,,1.005,OPC,0.38,22.0,Cylinder,20.1,IC,External carbon rod,500.0,2400.0,6.5,5.0,200.0,missing,26.03,500.0,0.911,620.0,2.028148247292285,Zhou et al. (2018)
R,SS_FPB_MONO,0.0,100.0,200.0,1850.0,1600.0,32.0,32.0,29.0,T_C,2.0,14.0,1.539,2.0,8.0,D,H-90,0.0,176.6,,0.503,2.0,P,100.0,8.0,,1.005,OPC,0.38,22.0,Cylinder,20.1,IC,External carbon rod,500.0,2400.0,21.0,5.0,200.0,missing,34.05,500.0,1.192,620.0,1.9726911717329554,Zhou et al. (2018)
R,SS_FPB_MONO,0.0,120.0,250.0,2150.0,1900.0,40.0,40.0,37.0,T_C,2.0,14.0,1.026,2.0,8.0,D,S,0.0,450.0,587.0,0.335,2.0,P,500.0,8.0,450.0,0.168,OPC/UHTCC,0.5,25.0,Cube,35.7,C,Control,0.0,0.0,0.0,0.0,0.0,missing,0.0,0.0,0.0,750.0,3.535145354171894,Hou et al. (2019)
R,SS_FPB_MONO_SUST,33.0,120.0,250.0,2150.0,1900.0,40.0,40.0,37.0,T_C,2.0,14.0,1.026,2.0,8.0,D,S,0.0,394.66,523.89,0.335,2.0,P,500.0,8.0,450.0,0.168,OPC/UHTCC,0.5,25.0,Cube,35.7,IC,missing,450.0,200.0,31.0,3.5,60.0,missing,6.72,450.0,0.235,750.0,3.537765824444175,Hou et al. (2019)
R,SS_FPB_MONO_SUST,33.0,120.0,250.0,2150.0,1900.0,40.0,40.0,37.0,T_C,2.0,14.0,1.026,2.0,8.0,D,S,0.0,359.17,483.41,0.335,2.0,P,500.0,8.0,450.0,0.168,OPC/UHTCC,0.5,25.0,Cube,35.7,IC,missing,450.0,200.0,62.0,3.5,60.0,1:2,11.03,450.0,0.386,750.0,3.3867603338643857,Hou et al. (2019)
R,SS_FPB_MONO_SUST,33.0,120.0,250.0,2150.0,1900.0,40.0,40.0,37.0,T_C,2.0,14.0,1.026,2.0,8.0,D,S,0.0,340.47,462.09,0.335,2.0,P,500.0,8.0,450.0,0.168,OPC/UHTCC,0.5,25.0,Cube,35.7,IC,missing,450.0,200.0,93.0,3.5,60.0,1:2,13.3,450.0,0.466,750.0,3.1834558796369405,Hou et al. (2019)
R,SS_FPB_MONO,0.0,120.0,250.0,2150.0,1900.0,40.0,40.0,37.0,T_C,2.0,14.0,1.026,2.0,8.0,D,S,0.0,450.0,587.0,0.335,2.0,P,500.0,8.0,450.0,0.168,OPC/UHTCC,0.5,25.0,Cube,35.7,C,Control,0.0,0.0,0.0,0.0,0.0,1:2,0.0,0.0,0.0,750.0,3.597860055726768,Hou et al. (2019)
R,SS_FPB_MONO_SUST,33.0,120.0,250.0,2150.0,1900.0,40.0,40.0,37.0,T_C,2.0,14.0,1.026,2.0,8.0,D,S,0.0,379.26,506.32,0.335,2.0,P,500.0,8.0,450.0,0.168,OPC/UHTCC,0.5,25.0,Cube,35.7,IC,missing,450.0,200.0,62.0,3.5,60.0,missing,8.59,450.0,0.301,750.0,3.3669509429335642,Hou et al. (2019)
R,SS_FPB_MONO,0.0,120.0,250.0,2150.0,1900.0,40.0,40.0,37.0,T_C,2.0,14.0,1.026,2.0,8.0,D,S,0.0,396.31,525.76,0.335,2.0,P,500.0,8.0,450.0,0.168,OPC/UHTCC,0.5,25.0,Cube,35.7,IC,missing,450.0,200.0,31.0,3.5,60.0,1:2,6.52,450.0,0.228,750.0,3.494384096388273,Hou et al. (2019)
R,SS_FPB_MONO_SUST,9.0,120.0,250.0,2150.0,1900.0,40.0,40.0,37.0,T_C,2.0,14.0,1.026,2.0,8.0,D,S,0.0,363.12,487.91,0.335,2.0,P,500.0,8.0,450.0,0.168,OPC/UHTCC,0.5,25.0,Cube,35.7,IC,missing,450.0,200.0,62.0,3.5,60.0,1:2,10.55,450.0,0.369,750.0,3.4461707473048864,Hou et al. (2019)
R,SS_FPB_MONO_SUST,22.0,120.0,250.0,2150.0,1900.0,40.0,40.0,37.0,T_C,2.0,14.0,1.026,2.0,8.0,D,S,0.0,365.01,490.07,0.335,2.0,P,500.0,8.0,450.0,0.168,OPC/UHTCC,0.5,25.0,Cube,35.7,IC,missing,450.0,200.0,62.0,3.5,60.0,1:2,10.32,450.0,0.361,750.0,3.5251833614431467,Hou et al. (2019)
R,SS_FPB_MONO_SUST,33.0,120.0,250.0,2150.0,1900.0,40.0,40.0,37.0,T_C,2.0,14.0,1.026,2.0,8.0,D,S,0.0,354.64,478.24,0.335,2.0,P,500.0,8.0,450.0,0.168,OPC/UHTCC,0.5,25.0,Cube,35.7,IC,missing,450.0,200.0,62.0,3.5,60.0,1:2,11.58,450.0,0.405,750.0,3.4490347110763153,Hou et al. (2019)
R,SS_FPB_MONO_SUST,33.0,120.0,250.0,2150.0,1900.0,40.0,40.0,37.0,T_C,2.0,14.0,1.026,2.0,8.0,D,S,0.0,315.6,433.72,0.335,2.0,P,500.0,8.0,450.0,0.168,OPC/UHTCC,0.5,25.0,Cube,35.7,IC,missing,450.0,200.0,93.0,3.5,60.0,1:2,16.32,450.0,0.571,750.0,3.080532875246456,Hou et al. (2019)
R,SS_FPB_MONO_SUST,42.0,120.0,250.0,2150.0,1900.0,40.0,40.0,37.0,T_C,2.0,14.0,1.026,2.0,8.0,D,S,0.0,354.47,478.05,0.335,2.0,P,500.0,8.0,450.0,0.168,OPC/UHTCC,0.5,25.0,Cube,35.7,IC,missing,450.0,200.0,62.0,3.5,60.0,1:2,11.6,450.0,0.406,750.0,3.1654750481410856,Hou et al. (2019)
R,SS_FPB_MONO,0.0,100.0,200.0,1500.0,1200.0,26.0,26.0,24.0,T_C,2.0,12.0,1.131,2.0,8.0,D,H-90,0.0,555.0,656.0,0.503,2.0,P,100.0,8.0,,1.005,OPC,0.56,20.0,Cube,45.8,C,Control,0.0,0.0,0.0,0.0,0.0,1:2,0.0,0.0,0.0,400.0,2.9967317738870745,Hu et al. 2019)
R,SS_FPB_MONO,0.0,100.0,200.0,1500.0,1200.0,26.0,26.0,24.0,T_C,2.0,12.0,1.131,2.0,8.0,D,H-90,0.0,517.42,617.16,0.503,2.0,P,100.0,8.0,,1.005,OPC,0.56,20.0,Cube,45.8,IC,missing,1380.0,400.0,11.7,5.0,100.0,missing,3.7,400.0,0.111,400.0,2.9601050959108397,Hu et al. 2019)
R,SS_FPB_MONO,0.0,100.0,200.0,1500.0,1200.0,26.0,26.0,24.0,T_C,2.0,12.0,1.131,2.0,8.0,D,H-90,0.0,440.72,570.98,0.503,2.0,P,100.0,8.0,,1.005,OPC,0.56,20.0,Cube,45.8,IC,missing,1380.0,400.0,23.3,5.0,100.0,missing,8.1,400.0,0.243,400.0,2.913437030827161,Hu et al. 2019)
R,SS_FPB_MONO,0.0,100.0,200.0,1500.0,1200.0,26.0,26.0,24.0,T_C,2.0,12.0,1.131,2.0,8.0,D,H-90,0.0,334.26,517.45,0.503,2.0,P,100.0,8.0,,1.005,OPC,0.56,20.0,Cube,45.8,IC,missing,1380.0,400.0,35.0,5.0,100.0,missing,13.2,400.0,0.396,400.0,2.8553201198372458,Hu et al. 2019)
R,SS_FPB_MONO,0.0,150.0,250.0,2200.0,1800.0,30.0,30.0,30.0,T_C,2.0,13.0,0.708,2.0,10.0,D,H-180,0.0,460.0,495.0,0.419,2.0,D,100.0,10.0,460.0,1.047,OPC,0.57,,Cylinder,24.4,C,Control,0.0,0.0,0.0,0.0,0.0,missing,0.0,0.0,0.0,600.0,3.1978564576441255,Jung et al. (2019)
R,SS_FPB_MONO,0.0,150.0,250.0,2200.0,1800.0,30.0,30.0,30.0,T_C,2.0,13.0,0.708,2.0,10.0,D,H_180,0.0,,,0.419,2.0,D,100.0,10.0,,1.047,OPC,0.57,,Cylinder,24.4,IC,External stainless steel plate,2200.0,,,5.0,230.0,missing,,,0.0,600.0,3.1642084235258925,Jung et al. (2019)
R,SS_FPB_MONO,0.0,150.0,250.0,2200.0,1800.0,30.0,30.0,30.0,T_C,2.0,13.0,0.708,2.0,10.0,D,H-180,0.0,,,0.419,2.0,D,100.0,10.0,,1.047,OPC,0.57,,Cylinder,24.4,IC,External stainless steel plate,2200.0,,,5.0,230.0,missing,,,0.0,600.0,3.1450139762697455,Jung et al. (2019)
R,SS_FPB_MONO,0.0,150.0,250.0,2200.0,1800.0,30.0,30.0,30.0,T_C,2.0,13.0,0.708,2.0,10.0,D,H-180,0.0,,,0.419,2.0,D,100.0,10.0,,1.047,OPC,0.57,,Cylinder,24.4,IC,External stainless steel plate,2200.0,,,5.0,230.0,missing,,,0.0,600.0,3.1867657709499673,Jung et al. (2019)
R,SS_FPB_MONO,0.0,150.0,250.0,2200.0,1800.0,30.0,30.0,30.0,T_C,2.0,13.0,0.708,2.0,10.0,D,H_180,0.0,,,0.419,2.0,D,100.0,10.0,,1.047,OPC,0.57,,Cylinder,24.4,IC,External stainless steel plate,2200.0,,,5.0,230.0,missing,,,0.0,600.0,3.1578511230304263,Jung et al. (2019)
R,SS_FPB_MONO,0.0,150.0,250.0,2200.0,1800.0,30.0,30.0,30.0,T_C,2.0,13.0,0.708,2.0,10.0,D,H-180,0.0,,,0.419,2.0,D,100.0,10.0,,1.047,OPC,0.57,,Cylinder,24.4,IC,External stainless steel plate,2200.0,,,5.0,230.0,missing,,,0.0,600.0,3.0726933146901194,Jung et al. (2019)
R,SS_FPB_MONO,0.0,150.0,250.0,2200.0,1800.0,30.0,30.0,30.0,T_C,2.0,13.0,0.708,2.0,10.0,D,H-180,0.0,,,0.419,2.0,D,100.0,10.0,,1.047,OPC,0.57,,Cylinder,24.4,IC,External stainless steel plate,2200.0,,,5.0,230.0,missing,,,0.0,600.0,3.1041381473977774,Jung et al. (2019)
R,SS_FPB_MONO,0.0,150.0,250.0,2200.0,1800.0,30.0,30.0,30.0,T_C,2.0,13.0,0.708,2.0,10.0,D,H-180,0.0,,,0.419,2.0,D,100.0,10.0,,1.047,OPC,0.57,,Cylinder,24.4,IC,External stainless steel plate,2200.0,,,5.0,230.0,missing,,,0.0,600.0,3.1424266527047946,Jung et al. (2019)
R,SS_FPB_MONO,0.0,125.0,250.0,2440.0,2232.0,31.8,51.8,51.8,T_C,2.0,11.0,0.608,2.0,11.0,D,H-90,0.0,505.6,660.0,0.608,2.0,W,100.0,6.3,530.0,0.499,OPC,0.49,,Cylinder,35.0,C,Control,0.0,0.0,0.0,0.0,0.0,missing,0.0,0.0,0.0,741.0,3.109953417644014,Njeem et al. (2019)
R,SS_FPB_MONO,0.0,125.0,250.0,2440.0,2232.0,31.8,51.8,51.8,T_C,2.0,11.0,0.608,2.0,11.0,D,H-90,0.0,284.15,379.5,0.608,2.0,W,100.0,6.3,530.0,0.499,OPC,0.49,,Cylinder,47.0,IC,External stainless steel plates,750.0,,,3.0,110.0,missing,30.0,375.0,0.825,741.0,2.9601050959108397,Njeem et al. (2019)
R,SS_FPB_MONO,0.0,100.0,150.0,910.0,750.0,24.0,30.0,23.0,T_C,2.0,8.0,0.67,2.0,6.0,D,H-90,0.0,460.0,496.8,0.377,2.0,P,85.0,6.0,250.0,0.665,OPC,0.44,20.0,Cylinder,44.8,C,Control,0.0,0.0,0.0,0.0,0.0,missing,0.0,0.0,0.0,250.0,1.9726911717329554,O'Flaherty and Browne (2019)
R,SS_FPB_MONO,0.0,100.0,150.0,910.0,750.0,24.0,30.0,23.0,T_C,2.0,8.0,0.67,2.0,6.0,D,H-90,0.0,448.21,485.67,0.377,2.0,P,85.0,6.0,250.0,0.665,OPC,0.44,20.0,Cylinder,44.8,IC,Protected compression bars,910.0,1000.0,10.0,3.5,75.0,missing,1.4,750.0,0.028,250.0,1.922787731634459,O'Flaherty and Browne (2019)
R,SS_FPB_MONO,0.0,100.0,150.0,910.0,750.0,24.0,30.0,23.0,T_C,2.0,8.0,0.67,2.0,6.0,D,H-90,0.0,440.64,478.52,0.377,2.0,P,85.0,6.0,250.0,0.665,OPC,0.44,20.0,Cylinder,44.8,IC,Protected compression bars,910.0,1000.0,10.0,3.5,75.0,missing,2.3,750.0,0.046,250.0,1.7029282555214393,O'Flaherty and Browne (2019)
R,SS_FPB_MONO,0.0,100.0,150.0,910.0,750.0,24.0,30.0,23.0,T_C,2.0,8.0,0.67,2.0,6.0,D,H-90,0.0,388.45,429.24,0.377,2.0,P,85.0,6.0,250.0,0.665,OPC,0.44,20.0,Cylinder,44.8,IC,Protected compression bars,910.0,1000.0,24.0,3.5,75.0,missing,8.5,750.0,0.17,250.0,1.6486586255873816,O'Flaherty and Browne (2019)
R,SS_FPB_MONO,0.0,100.0,150.0,910.0,750.0,24.0,30.0,23.0,T_C,2.0,8.0,0.67,2.0,6.0,D,H-90,0.0,375.82,417.31,0.377,2.0,P,85.0,6.0,250.0,0.665,OPC,0.44,20.0,Cylinder,44.8,IC,Protected compression bars,910.0,1000.0,24.0,3.5,75.0,missing,10.0,750.0,0.2,250.0,1.4883995840570443,O'Flaherty and Browne (2019)
R,SS_FPB_MONO,0.0,100.0,150.0,910.0,750.0,24.0,30.0,23.0,T_C,2.0,8.0,0.67,2.0,6.0,D,H-90,0.0,329.52,373.59,0.377,2.0,P,85.0,6.0,250.0,0.665,OPC,0.44,20.0,Cylinder,44.8,IC,Protected compression bars,910.0,1000.0,31.0,3.5,75.0,missing,15.5,750.0,0.31,250.0,0.8878912573524571,O'Flaherty and Browne (2019)
R,SS_FPB_MONO,0.0,100.0,150.0,910.0,750.0,24.0,30.0,23.0,T_C,2.0,8.0,0.67,2.0,6.0,D,H-90,0.0,304.27,349.75,0.377,2.0,P,85.0,6.0,250.0,0.665,OPC,0.44,20.0,Cylinder,44.8,IC,Protected compression bars,910.0,1000.0,31.0,3.5,75.0,missing,18.5,750.0,0.37,250.0,0.9555114450274363,O'Flaherty and Browne (2019)
R,SS_FPB_MONO,0.0,100.0,150.0,910.0,750.0,24.0,40.0,23.0,T_C,2.0,8.0,0.67,2.0,6.0,D,H-90,0.0,460.0,496.8,0.377,2.0,P,85.0,6.0,250.0,0.665,OPC,0.44,20.0,Cylinder,42.0,C,Control,0.0,0.0,0.0,0.0,0.0,missing,0.0,0.0,0.0,250.0,1.937301774518713,O'Flaherty and Browne (2019)
R,SS_FPB_MONO,0.0,100.0,150.0,910.0,750.0,24.0,40.0,23.0,T_C,2.0,8.0,0.67,2.0,6.0,D,H-90,0.0,453.27,490.44,0.377,2.0,P,85.0,6.0,250.0,0.665,OPC,0.44,20.0,Cylinder,42.0,IC,Protected compression bars,910.0,1000.0,10.0,3.5,75.0,missing,0.8,750.0,0.016,250.0,1.965712776351493,O'Flaherty and Browne (2019)
R,SS_FPB_MONO,0.0,100.0,150.0,910.0,750.0,24.0,40.0,23.0,T_C,2.0,8.0,0.67,2.0,6.0,D,H-90,0.0,452.42,489.65,0.377,2.0,P,85.0,6.0,250.0,0.665,OPC,0.44,20.0,Cylinder,42.0,IC,Protected compression bars,910.0,1000.0,10.0,3.5,75.0,missing,0.9,750.0,0.018,250.0,1.8764069432883397,O'Flaherty and Browne (2019)
R,SS_FPB_MONO,0.0,100.0,150.0,910.0,750.0,24.0,40.0,23.0,T_C,2.0,8.0,0.67,2.0,6.0,D,H-90,0.0,448.21,485.67,0.377,2.0,P,85.0,6.0,250.0,0.665,OPC,0.44,20.0,Cylinder,42.0,IC,Protected compression bars,910.0,1000.0,10.0,3.5,75.0,missing,1.4,750.0,0.028,250.0,1.7316555451583497,O'Flaherty and Browne (2019)
R,SS_FPB_MONO,0.0,100.0,150.0,910.0,750.0,24.0,40.0,23.0,T_C,2.0,8.0,0.67,2.0,6.0,D,H-90,0.0,421.28,460.24,0.377,2.0,P,85.0,6.0,250.0,0.665,OPC,0.44,20.0,Cylinder,42.0,IC,Protected compression bars,910.0,1000.0,14.0,3.5,75.0,missing,4.6,750.0,0.092,250.0,1.7209792871670078,O'Flaherty and Browne (2019)
R,SS_FPB_MONO,0.0,100.0,150.0,910.0,750.0,24.0,40.0,23.0,T_C,2.0,8.0,0.67,2.0,6.0,D,H-90,0.0,388.45,429.24,0.377,2.0,P,85.0,6.0,250.0,0.665,OPC,0.44,20.0,Cylinder,42.0,IC,Protected compression bars,910.0,1000.0,24.0,3.5,75.0,missing,8.5,750.0,0.17,250.0,1.4770487243883548,O'Flaherty and Browne (2019)
R,SS_FPB_MONO,0.0,100.0,150.0,910.0,750.0,24.0,40.0,23.0,T_C,2.0,8.0,0.67,2.0,6.0,D,H-90,0.0,379.19,420.49,0.377,2.0,P,85.0,6.0,250.0,0.665,OPC,0.44,20.0,Cylinder,42.0,IC,Protected compression bars,910.0,1000.0,24.0,3.5,75.0,missing,9.6,750.0,0.192,250.0,1.4586150226995167,O'Flaherty and Browne (2019)
R,SS_FPB_MONO,0.0,100.0,150.0,910.0,750.0,24.0,40.0,23.0,T_C,2.0,8.0,0.67,2.0,6.0,D,H-90,0.0,333.73,377.57,0.377,2.0,P,85.0,6.0,250.0,0.665,OPC,0.44,20.0,Cylinder,42.0,IC,Protected compression bars,910.0,1000.0,31.0,3.5,75.0,missing,15.0,750.0,0.3,250.0,1.1184149159642893,O'Flaherty and Browne (2019)
R,SS_FPB_MONO,0.0,100.0,150.0,910.0,750.0,24.0,40.0,23.0,T_C,2.0,8.0,0.67,2.0,6.0,D,H-90,0.0,310.16,355.31,0.377,2.0,P,85.0,6.0,250.0,0.665,OPC,0.44,20.0,Cylinder,42.0,IC,Protected compression bars,910.0,1000.0,31.0,3.5,75.0,missing,17.8,750.0,0.356,250.0,0.959350221334602,O'Flaherty and Browne (2019)
R,SS_FPB_MONO,0.0,100.0,150.0,910.0,750.0,24.0,60.0,23.0,T_C,2.0,8.0,0.67,2.0,6.0,D,H-90,0.0,460.0,496.8,0.377,2.0,P,85.0,6.0,250.0,0.665,OPC,0.44,20.0,Cylinder,41.8,C,Control,0.0,0.0,0.0,0.0,0.0,missing,0.0,0.0,0.0,250.0,1.6448050562713916,O'Flaherty and Browne (2019)
R,SS_FPB_MONO,0.0,100.0,150.0,910.0,750.0,24.0,60.0,23.0,T_C,2.0,8.0,0.67,2.0,6.0,D,H-90,0.0,395.18,435.59,0.377,2.0,P,85.0,6.0,250.0,0.665,OPC,0.44,20.0,Cylinder,41.8,IC,Protected compression bars,910.0,1000.0,24.0,3.5,75.0,missing,7.7,750.0,0.154,250.0,1.4445632692438664,O'Flaherty and Browne (2019)
R,SS_FPB_MONO,0.0,100.0,150.0,910.0,750.0,24.0,60.0,23.0,T_C,2.0,8.0,0.67,2.0,6.0,D,H-90,0.0,415.38,454.67,0.377,2.0,P,85.0,6.0,250.0,0.665,OPC,0.44,20.0,Cylinder,41.8,IC,Protected compression bars,910.0,1000.0,14.0,3.5,75.0,missing,5.3,750.0,0.106,250.0,1.423108334242607,O'Flaherty and Browne (2019)
R,SS_FPB_MONO,0.0,100.0,150.0,910.0,750.0,24.0,60.0,23.0,T_C,2.0,8.0,0.67,2.0,6.0,D,H-90,0.0,437.27,475.34,0.377,2.0,P,85.0,6.0,250.0,0.665,OPC,0.44,20.0,Cylinder,41.8,IC,Protected compression bars,910.0,1000.0,10.0,3.5,75.0,missing,2.7,750.0,0.054,250.0,1.6789639750827108,O'Flaherty and Browne (2019)
R,SS_FPB_MONO,0.0,100.0,150.0,910.0,750.0,24.0,60.0,23.0,T_C,2.0,8.0,0.67,2.0,6.0,D,H-90,0.0,430.54,468.98,0.377,2.0,P,85.0,6.0,250.0,0.665,OPC,0.44,20.0,Cylinder,41.8,IC,Protected compression bars,910.0,1000.0,10.0,3.5,75.0,missing,3.5,750.0,0.07,250.0,1.589235205116581,O'Flaherty and Browne (2019)
R,SS_FPB_MONO,0.0,100.0,150.0,910.0,750.0,24.0,60.0,23.0,T_C,2.0,8.0,0.67,2.0,6.0,D,H-90,0.0,401.92,441.95,0.377,2.0,P,85.0,6.0,250.0,0.665,OPC,0.44,20.0,Cylinder,41.8,IC,Protected compression bars,910.0,1000.0,14.0,3.5,75.0,missing,6.9,750.0,0.138,250.0,1.4655675420143985,O'Flaherty and Browne (2019)
R,SS_FPB_MONO,0.0,100.0,150.0,910.0,750.0,24.0,60.0,23.0,T_C,2.0,8.0,0.67,2.0,6.0,D,H-90,0.0,332.89,376.77,0.377,2.0,P,85.0,6.0,250.0,0.665,OPC,0.44,20.0,Cylinder,41.8,IC,Protected compression bars,910.0,1000.0,31.0,3.5,75.0,missing,15.1,750.0,0.302,250.0,0.7561219797213337,O'Flaherty and Browne (2019)
R,SS_FPB_MONO,0.0,100.0,150.0,910.0,750.0,24.0,60.0,23.0,T_C,2.0,8.0,0.67,2.0,6.0,D,H-90,0.0,385.08,426.06,0.377,2.0,P,85.0,6.0,250.0,0.665,OPC,0.44,20.0,Cylinder,41.8,IC,Protected compression bars,910.0,1000.0,24.0,3.5,75.0,missing,8.9,750.0,0.178,250.0,1.1878434223960523,O'Flaherty and Browne (2019)
R,SS_FPB_MONO,0.0,100.0,150.0,910.0,750.0,24.0,60.0,23.0,T_C,2.0,8.0,0.67,2.0,6.0,D,H-90,0.0,321.94,366.44,0.377,2.0,P,85.0,6.0,250.0,0.665,OPC,0.44,20.0,Cylinder,41.8,IC,Protected compression bars,910.0,1000.0,31.0,3.5,75.0,missing,16.4,750.0,0.328,250.0,0.22314355131420976,O'Flaherty and Browne (2019)
R,SS_FPB_MONO,0.0,100.0,150.0,910.0,750.0,25.0,31.0,23.0,T_C,2.0,10.0,1.047,2.0,6.0,D,H-90,0.0,460.0,496.8,0.377,2.0,P,80.0,6.0,250.0,0.707,OPC,0.44,20.0,Cylinder,39.3,C,Control,0.0,0.0,0.0,0.0,0.0,missing,0.0,0.0,0.0,250.0,2.3850863145057892,O'Flaherty and Browne (2019)
R,SS_FPB_MONO,0.0,100.0,150.0,910.0,750.0,25.0,31.0,23.0,T_C,2.0,10.0,1.047,2.0,6.0,D,H-90,0.0,424.64,463.42,0.377,2.0,P,80.0,6.0,250.0,0.707,OPC,0.44,20.0,Cylinder,39.3,IC,Protected compression bars,910.0,1000.0,14.0,3.5,75.0,missing,4.2,750.0,0.105,250.0,2.3832429960115,O'Flaherty and Browne (2019)
R,SS_FPB_MONO,0.0,100.0,150.0,910.0,750.0,25.0,31.0,23.0,T_C,2.0,10.0,1.047,2.0,6.0,D,H-90,0.0,422.12,461.03,0.377,2.0,P,80.0,6.0,250.0,0.707,OPC,0.44,20.0,Cylinder,39.3,IC,Protected compression bars,910.0,1000.0,14.0,3.5,75.0,missing,4.5,750.0,0.113,250.0,2.330200260027019,O'Flaherty and Browne (2019)
R,SS_FPB_MONO,0.0,100.0,150.0,910.0,750.0,25.0,31.0,23.0,T_C,2.0,10.0,1.047,2.0,6.0,D,H-90,0.0,438.11,476.13,0.377,2.0,P,80.0,6.0,250.0,0.707,OPC,0.44,20.0,Cylinder,39.3,IC,Protected compression bars,910.0,1000.0,10.0,3.5,75.0,missing,2.6,750.0,0.065,250.0,2.145931282948669,O'Flaherty and Browne (2019)
R,SS_FPB_MONO,0.0,100.0,150.0,910.0,750.0,25.0,31.0,23.0,T_C,2.0,10.0,1.047,2.0,6.0,D,H-90,0.0,426.33,465.0,0.377,2.0,P,80.0,6.0,250.0,0.707,OPC,0.44,20.0,Cylinder,39.3,IC,Protected compression bars,910.0,1000.0,14.0,3.5,75.0,missing,4.0,750.0,0.1,250.0,2.0955609235597192,O'Flaherty and Browne (2019)
R,SS_FPB_MONO,0.0,100.0,150.0,910.0,750.0,25.0,31.0,23.0,T_C,2.0,10.0,1.047,2.0,6.0,D,H-90,0.0,405.28,445.13,0.377,2.0,P,80.0,6.0,250.0,0.707,OPC,0.44,20.0,Cylinder,39.3,IC,Protected compression bars,910.0,1000.0,14.0,3.5,75.0,missing,6.5,750.0,0.163,250.0,2.0781907597781832,O'Flaherty and Browne (2019)
R,SS_FPB_MONO,0.0,100.0,150.0,910.0,750.0,25.0,31.0,23.0,T_C,2.0,10.0,1.047,2.0,6.0,D,H-90,0.0,396.87,437.18,0.377,2.0,P,80.0,6.0,250.0,0.707,OPC,0.44,20.0,Cylinder,39.3,IC,Protected compression bars,910.0,1000.0,24.0,3.5,75.0,missing,7.5,750.0,0.188,250.0,2.057962510002712,O'Flaherty and Browne (2019)
R,SS_FPB_MONO,0.0,100.0,150.0,910.0,750.0,25.0,41.0,23.0,T_C,2.0,10.0,1.047,2.0,6.0,D,H-90,0.0,460.0,496.8,0.377,2.0,P,80.0,6.0,250.0,0.707,OPC,0.44,20.0,Cylinder,47.8,C,Control,0.0,0.0,0.0,0.0,0.0,missing,0.0,0.0,0.0,250.0,2.2502386126218363,O'Flaherty and Browne (2019)
R,SS_FPB_MONO,0.0,100.0,150.0,910.0,750.0,25.0,41.0,23.0,T_C,2.0,10.0,1.047,2.0,6.0,D,H-90,0.0,438.96,476.93,0.377,2.0,P,80.0,6.0,250.0,0.707,OPC,0.44,20.0,Cylinder,47.8,IC,Protected compression bars,910.0,1000.0,10.0,3.5,75.0,missing,2.5,750.0,0.063,250.0,2.162172939277301,O'Flaherty and Browne (2019)
R,SS_FPB_MONO,0.0,100.0,150.0,910.0,750.0,25.0,41.0,23.0,T_C,2.0,10.0,1.047,2.0,6.0,D,H-90,0.0,432.22,470.57,0.377,2.0,P,80.0,6.0,250.0,0.707,OPC,0.44,20.0,Cylinder,47.8,IC,Protected compression bars,910.0,1000.0,10.0,3.5,75.0,missing,3.3,750.0,0.083,250.0,2.1815467646169897,O'Flaherty and Browne (2019)
R,SS_FPB_MONO,0.0,100.0,150.0,910.0,750.0,25.0,41.0,23.0,T_C,2.0,10.0,1.047,2.0,6.0,D,H-90,0.0,403.6,443.54,0.377,2.0,P,80.0,6.0,250.0,0.707,OPC,0.44,20.0,Cylinder,47.8,IC,Protected compression bars,910.0,1000.0,14.0,3.5,75.0,missing,6.7,750.0,0.168,250.0,1.9754689512968577,O'Flaherty and Browne (2019)
R,SS_FPB_MONO,0.0,100.0,150.0,910.0,750.0,25.0,41.0,23.0,T_C,2.0,10.0,1.047,2.0,6.0,D,H-90,0.0,390.13,430.82,0.377,2.0,P,80.0,6.0,250.0,0.707,OPC,0.44,20.0,Cylinder,47.8,IC,Protected compression bars,910.0,1000.0,24.0,3.5,75.0,missing,8.3,750.0,0.208,250.0,1.9300710850255671,O'Flaherty and Browne (2019)
R,SS_FPB_MONO,0.0,100.0,150.0,910.0,750.0,25.0,41.0,23.0,T_C,2.0,10.0,1.047,2.0,6.0,D,H-90,0.0,382.55,423.67,0.377,2.0,P,80.0,6.0,250.0,0.707,OPC,0.44,20.0,Cylinder,47.8,IC,Protected compression bars,910.0,1000.0,24.0,3.5,75.0,missing,9.2,750.0,0.23,250.0,1.9139771019523042,O'Flaherty and Browne (2019)
R,SS_FPB_MONO,0.0,100.0,150.0,910.0,750.0,25.0,41.0,23.0,T_C,2.0,10.0,1.047,2.0,6.0,D,H-90,0.0,440.64,478.52,0.377,2.0,P,80.0,6.0,250.0,0.707,OPC,0.44,20.0,Cylinder,47.8,IC,Protected compression bars,910.0,1000.0,10.0,3.5,75.0,missing,2.3,750.0,0.058,250.0,2.175887439948088,O'Flaherty and Browne (2019)
R,SS_FPB_MONO,0.0,80.0,120.0,1200.0,1100.0,23.0,23.0,22.0,T_C,2.0,8.0,1.047,2.0,6.0,D,H-180,0.0,334.0,437.4,0.589,2.0,P,150.0,4.0,,0.209,PCB40,0.6,,Cubic,25.0,C,Control,0.0,0.0,0.0,0.0,0.0,missing,0.0,0.0,0.0,400.0,1.7083778602890038,Tan et al. (2019)
R,SS_FPB_MONO,0.0,80.0,120.0,1200.0,1100.0,23.0,23.0,22.0,T_C,2.0,8.0,1.047,2.0,6.0,D,H-180,0.0,288.16,384.91,0.589,2.0,P,150.0,4.0,,0.209,PCB40,0.6,,Cubic,25.0,IC,External copper bar,1200.0,125.0,,3.5,120.0,missing,7.5,1200.0,0.15,400.0,1.7749523509116738,Tan et al. (2019)
R,SS_FPB_MONO,0.0,80.0,120.0,1200.0,1100.0,23.0,23.0,22.0,T_C,2.0,8.0,1.047,2.0,6.0,D,H-180,0.0,267.99,361.82,0.589,2.0,P,150.0,4.0,,0.209,PCB40,0.6,,Cubic,25.0,IC,External copper bar,1200.0,125.0,14.0,3.5,120.0,missing,10.8,1200.0,0.216,400.0,1.601405740736836,Tan et al. (2019)
R,SS_FPB_MONO,0.0,80.0,120.0,1200.0,1100.0,24.0,24.0,22.0,T_C,2.0,10.0,1.636,2.0,6.0,D,H-180,0.0,334.0,437.4,0.589,2.0,P,150.0,4.0,,0.209,PCB40,0.6,,Cubic,25.0,C,Control,0.0,0.0,0.0,0.0,0.0,missing,0.0,0.0,0.0,400.0,1.9851308622085946,Tan et al. (2019)
R,SS_FPB_MONO,0.0,80.0,120.0,1200.0,1100.0,24.0,24.0,22.0,T_C,2.0,10.0,1.636,2.0,6.0,D,H-180,0.0,283.27,379.31,0.589,2.0,P,150.0,4.0,,0.209,PCB40,0.6,,Cubic,25.0,IC,External copper bar,1200.0,125.0,,3.5,120.0,missing,8.3,1200.0,0.208,400.0,1.9906103279732201,Tan et al. (2019)
R,SS_FPB_MONO,0.0,80.0,120.0,1200.0,1100.0,24.0,24.0,22.0,T_C,2.0,10.0,1.636,2.0,6.0,D,H-180,0.0,247.82,338.72,0.589,2.0,P,150.0,4.0,,0.209,PCB40,0.6,,Cubic,25.0,IC,External copper bar,1200.0,125.0,14.0,3.5,120.0,missing,14.1,1200.0,0.353,400.0,1.7647307968401356,Tan et al. (2019)
R,SS_FPB_MONO,0.0,100.0,170.0,1500.0,1450.0,32.0,32.0,31.0,T_C,2.0,12.0,1.331,2.0,10.0,D,S,0.0,385.0,630.0,0.924,2.0,P,150.0,6.0,329.0,0.377,OPC,0.53,20.0,Cube,42.5,C,Control,0.0,0.0,0.0,0.0,0.0,missing,0.0,0.0,0.0,475.0,2.5603232890727545,Shen et al. (2019)
R,SS_FPB_MONO,0.0,100.0,170.0,1500.0,1450.0,32.0,32.0,31.0,T_C,2.0,12.0,1.331,2.0,10.0,D,S,0.0,320.39,537.57,0.924,2.0,P,150.0,6.0,329.0,0.377,OPC,0.53,20.0,Cube,42.5,IC,Internal stainless steel belt,1500.0,200.0,43.3,5.0,170.0,4:3,9.17,1500.0,0.275,475.0,2.517696472610991,Shen et al. (2019)
R,SS_FPB_MONO_SUST,30.0,100.0,170.0,1500.0,1450.0,32.0,32.0,31.0,T_C,2.0,12.0,1.331,2.0,10.0,D,S,0.0,320.39,537.57,0.924,2.0,P,150.0,6.0,329.0,0.377,OPC,0.53,20.0,Cube,42.5,IC,Internal stainless steel belt,1500.0,200.0,43.3,5.0,170.0,4:3,9.17,1500.0,0.275,475.0,2.423031246069913,Shen et al. (2019)
R,SS_FPB_MONO_SUST,50.0,100.0,170.0,1500.0,1450.0,32.0,32.0,31.0,T_C,2.0,12.0,1.331,2.0,10.0,D,S,0.0,320.39,537.57,0.924,2.0,P,150.0,6.0,329.0,0.377,OPC,0.53,20.0,Cube,42.5,IC,Internal stainless steel belt,1500.0,200.0,43.3,5.0,170.0,4:3,9.17,1500.0,0.275,475.0,2.377692565480851,Shen et al. (2019)
R,SS_FPB_MONO,0.0,80.0,140.0,1460.0,1260.0,40.0,26.5,0.0,ST,1.0,13.0,1.185,0.0,0.0,D,H-180,0.0,274.04,401.88,0.0,2.0,P,100.0,6.0,,0.707,OPC,0.5,20.0,Cylinder,50.7,IC,External copper net,1460.0,50.0,,3.0,50.0,missing,11.24,100.0,0.365,490.0,1.851599469584072,Zhang et al. (2019)
R,SS_FPB_MONO,0.0,80.0,140.0,1460.0,1260.0,40.0,26.5,0.0,ST,1.0,13.0,1.185,0.0,0.0,D,H-180,0.0,276.81,405.33,0.0,2.0,P,100.0,6.0,,0.707,OPC,0.5,20.0,Cylinder,48.3,IC,External copper net,1460.0,100.0,,3.0,50.0,missing,10.8,100.0,0.351,490.0,1.7715567619105355,Zhang et al. (2019)
R,SS_FPB_MONO,0.0,80.0,140.0,1460.0,1260.0,40.0,26.5,0.0,ST,1.0,13.0,1.185,0.0,0.0,D,H-180,0.0,261.22,385.96,0.0,2.0,P,100.0,6.0,,0.707,OPC,0.5,20.0,Cylinder,49.0,IC,External copper net,1460.0,200.0,,3.0,50.0,missing,13.27,100.0,0.431,490.0,1.7457155307266483,Zhang et al. (2019)
R,SS_FPB_MONO,0.0,80.0,140.0,1460.0,1260.0,40.0,26.5,0.0,ST,1.0,13.0,1.185,0.0,0.0,D,H-180,0.0,257.75,381.65,0.0,2.0,P,100.0,6.0,,0.707,OPC,0.5,20.0,Cylinder,30.2,IC,External copper net,1460.0,500.0,,3.0,50.0,missing,13.82,100.0,0.449,490.0,1.6845453849209058,Zhang et al. (2019)
R,SS_FPB_MONO,0.0,80.0,140.0,1460.0,1260.0,40.0,16.5,0.0,ST,1.0,13.0,1.185,0.0,0.0,D,H-180,0.0,249.16,370.99,0.0,2.0,P,100.0,6.0,,0.707,OPC,0.5,20.0,Cylinder,50.1,IC,External copper net,1460.0,100.0,,3.0,50.0,missing,15.18,100.0,0.493,490.0,1.7833912195575383,Zhang et al. (2019)
R,SS_FPB_MONO,0.0,80.0,140.0,1460.0,1260.0,40.0,19.5,0.0,ST,1.0,19.0,2.532,0.0,0.0,D,H-180,0.0,263.24,388.47,0.0,2.0,P,100.0,6.0,,0.707,OPC,0.5,20.0,Cylinder,47.0,IC,External copper net,1460.0,100.0,,3.0,50.0,missing,12.95,100.0,0.615,490.0,2.532902848056256,Zhang et al. (2019)
R,SS_FPB_MONO,0.0,80.0,140.0,1460.0,1260.0,40.0,29.5,0.0,ST,1.0,19.0,2.532,0.0,0.0,D,H-180,0.0,266.46,392.47,0.0,2.0,P,100.0,6.0,,0.707,OPC,0.5,20.0,Cylinder,47.0,IC,External copper net,1460.0,100.0,,3.0,50.0,missing,12.44,100.0,0.591,490.0,2.413231613081109,Zhang et al. (2019)
R,SS_FPB_MONO,0.0,80.0,140.0,1460.0,1260.0,40.0,26.5,0.0,ST,1.0,13.0,1.185,0.0,0.0,D,H-180,0.0,269.93,396.78,0.0,2.0,P,100.0,6.0,,0.707,OPC,0.71,20.0,Cylinder,38.6,IC,External copper net,1460.0,100.0,,3.0,50.0,missing,11.89,100.0,0.386,490.0,1.7544036826842861,Zhang et al. (2019)
R,SS_FPB_MONO,0.0,200.0,350.0,2000.0,1200.0,41.5,41.5,35.0,T_M_C,3.0,13.0,0.569,2.0,10.0,D,S,0.0,463.0,,0.224,2.0,P,140.0,6.0,352.0,0.202,OPC,0.52,,Cylinder,31.0,C,Control,0.0,0.0,0.0,0.0,0.0,missing,0.0,0.0,0.0,400.0,3.996364153861897,Biswas et al. (2020)
R,SS_FPB_MONO,0.0,200.0,350.0,2000.0,1200.0,41.5,41.5,35.0,T_M_C,3.0,13.0,0.569,2.0,10.0,D,S,0.0,369.8,,0.224,2.0,P,140.0,6.0,,0.202,OPC,0.52,,Cylinder,31.0,IC,External stainless steel plate,900.0,850.0,,5.0,62.5,missing,11.0,100.0,0.358,400.0,3.9627161197436642,Biswas et al. (2020)
R,SS_FPB_MONO,0.0,200.0,350.0,2000.0,1200.0,41.5,41.5,35.0,T_M_C,3.0,13.0,0.569,2.0,10.0,D,S,0.0,318.96,,0.224,2.0,P,140.0,6.0,,0.202,OPC,0.52,,Cylinder,31.0,IC,External stainless steel plate,900.0,850.0,,5.0,62.5,missing,17.0,100.0,0.553,400.0,3.8958936234982624,Biswas et al. (2020)
R,SS_FPB_MONO,0.0,200.0,350.0,2000.0,1200.0,41.5,41.5,35.0,T_M_C,3.0,13.0,0.569,2.0,10.0,D,S,0.0,318.96,,0.224,2.0,P,140.0,6.0,,0.202,OPC,0.52,,Cylinder,31.0,IC,External stainless steel plate,900.0,850.0,,5.0,62.5,missing,17.0,100.0,0.553,400.0,3.899950424193877,Biswas et al. (2020)
R,SS_FPB_MONO,0.0,200.0,350.0,2000.0,1200.0,41.5,41.5,35.0,T_M_C,3.0,13.0,0.569,2.0,10.0,D,S,0.0,276.13,,0.224,2.0,P,140.0,6.0,,0.202,OPC,0.52,,Cylinder,31.0,IC,External stainless steel plate,900.0,850.0,,5.0,62.5,missing,26.0,100.0,0.845,400.0,3.7376696182833684,Biswas et al. (2020)
R,SS_FPB_MONO,0.0,200.0,350.0,2000.0,1200.0,41.5,41.5,35.0,T_M_C,3.0,13.0,0.569,2.0,10.0,D,S,0.0,268.17,,0.224,2.0,P,140.0,6.0,,0.202,OPC,0.52,,Cylinder,31.0,IC,External stainless steel plate,900.0,850.0,,5.0,62.5,missing,28.0,100.0,0.91,400.0,3.6000482404073204,Biswas et al. (2020)
R,SS_FPB_MONO,0.0,200.0,350.0,2000.0,1200.0,41.5,41.5,35.0,T_M_C,3.0,13.0,0.569,2.0,10.0,D,S,0.0,228.35,,0.224,2.0,P,140.0,6.0,,0.202,OPC,0.52,,Cylinder,31.0,IC,External stainless steel plate,900.0,850.0,,5.0,62.5,missing,38.0,100.0,1.235,400.0,2.8903717578961645,Biswas et al. (2020)
R,SS_TPB_MONO,0.0,250.0,400.0,2500.0,2300.0,25.0,25.0,25.0,T_C,4.0,12.0,0.452,2.0,12.0,D,H-90,0.0,489.0,599.0,0.226,2.0,D,150.0,10.0,571.0,0.419,OPC,0.43,,Cube,44.0,C,Control,0.0,0.0,0.0,0.0,0.0,missing,0.0,0.0,0.0,1150.0,4.65224459337402,Yalciner et al. (2020)
R,SS_TPB_MONO,0.0,250.0,400.0,2500.0,2300.0,25.0,25.0,25.0,T_C,4.0,12.0,0.452,2.0,12.0,D,H-90,0.0,419.29,524.34,0.226,2.0,D,150.0,10.0,538.9,0.419,OPC,0.43,,Cube,44.0,IC,External copper plate,2500.0,92.6,77.4,3.5,380.0,missing,7.79,2500.0,0.234,1150.0,4.557134736949535,Yalciner et al. (2020)
R,SS_TPB_MONO,0.0,250.0,400.0,2500.0,2300.0,25.0,25.0,25.0,T_C,4.0,12.0,0.452,2.0,12.0,D,H-90,0.0,406.31,510.44,0.226,2.0,D,150.0,10.0,470.7,0.419,OPC,0.43,,Cube,44.0,IC,External copper plate,2500.0,57.2,150.1,3.5,380.0,missing,9.24,2500.0,0.277,1150.0,4.361951470242831,Yalciner et al. (2020)
R,SS_TPB_MONO,0.0,250.0,400.0,2500.0,2300.0,25.0,25.0,25.0,T_C,4.0,12.0,0.452,2.0,12.0,D,H-90,0.0,345.91,445.75,0.226,2.0,D,150.0,10.0,478.7,0.419,OPC,0.43,,Cube,44.0,IC,External copper plate,2500.0,82.5,178.8,3.5,380.0,missing,15.99,2500.0,0.48,1150.0,4.212720014957422,Yalciner et al. (2020)
R,SS_TPB_MONO,0.0,250.0,400.0,2500.0,2300.0,25.0,25.0,25.0,T_C,4.0,16.0,0.804,2.0,12.0,D,H-90,0.0,411.0,491.0,0.226,2.0,D,130.0,10.0,571.0,0.483,OPC,0.52,,Cube,30.0,C,Control,0.0,0.0,0.0,0.0,0.0,missing,0.0,0.0,0.0,1150.0,5.084938485288739,Yalciner et al. (2020)
R,SS_TPB_MONO,0.0,250.0,400.0,2500.0,2300.0,25.0,25.0,25.0,T_C,4.0,16.0,0.804,2.0,12.0,D,H-90,0.0,379.26,457.85,0.226,2.0,D,130.0,10.0,529.1,0.483,OPC,0.52,,Cube,30.0,IC,External copper plate,2500.0,38.5,130.1,3.5,380.0,missing,4.22,2500.0,0.169,1150.0,4.8779416457041185,Yalciner et al. (2020)
R,SS_TPB_MONO,0.0,250.0,400.0,2500.0,2300.0,25.0,25.0,25.0,T_C,4.0,16.0,0.804,2.0,12.0,D,H-90,0.0,358.43,436.09,0.226,2.0,D,130.0,10.0,527.1,0.483,OPC,0.52,,Cube,30.0,IC,External copper plate,2500.0,45.9,179.5,3.5,380.0,missing,6.99,2500.0,0.28,1150.0,4.855228269843183,Yalciner et al. (2020)
R,SS_TPB_MONO,0.0,250.0,400.0,2500.0,2300.0,25.0,25.0,25.0,T_C,4.0,16.0,0.804,2.0,12.0,D,H-90,0.0,350.0,427.29,0.226,2.0,D,130.0,10.0,497.5,0.483,OPC,0.52,,Cube,30.0,IC,External copper plate,2500.0,45.9,208.5,3.5,380.0,missing,8.11,2500.0,0.324,1150.0,4.664853188149265,Yalciner et al. (2020)
R,SS_FPB_MONO,0.0,80.0,120.0,550.0,450.0,31.0,31.0,0.0,ST,1.0,10.0,0.818,0.0,0.0,D,S,0.0,390.0,520.0,0.0,2.0,P,50.0,6.0,335.0,1.414,OPC,0.7,0.0,Cylinder,30.0,C,Control,0.0,0.0,0.0,0.0,0.0,missing,0.0,0.0,0.0,175.0,1.1019400787607843,Hansapinyo et al. (2021)
R,SS_FPB_MONO,0.0,80.0,120.0,550.0,450.0,31.0,31.0,0.0,ST,1.0,10.0,0.818,0.0,0.0,D,S,0.0,155.45,205.14,0.0,2.0,P,50.0,6.0,,1.414,OPC,0.7,0.0,Cylinder,30.0,IC,External stainless steel plate,300.0,,,3.0,1.0,missing,49.0,100.0,1.225,175.0,-0.4155154439616658,Hansapinyo et al. (2021)
R,SS_FPB_MONO,0.0,80.0,120.0,550.0,450.0,31.0,31.0,0.0,ST,1.0,10.0,0.818,0.0,0.0,D,S,0.0,115.21,145.86,0.0,2.0,P,50.0,6.0,,1.414,OPC,0.7,0.0,Cylinder,30.0,IC,External stainless steel plate,300.0,,,3.0,1.0,missing,61.0,100.0,1.525,175.0,-0.7765287894989963,Hansapinyo et al. (2021)
R,SS_FPB_MONO,0.0,80.0,120.0,550.0,450.0,31.0,31.0,0.0,ST,1.0,10.0,0.818,0.0,0.0,D,S,0.0,195.7,264.42,0.0,2.0,P,50.0,6.0,,1.414,OPC,0.7,0.0,Cylinder,30.0,IC,External stainless steel plate,300.0,,,3.0,1.0,missing,37.0,100.0,0.925,175.0,0.9669838461896731,Hansapinyo et al. (2021)
R,SS_FPB_MONO,0.0,80.0,120.0,550.0,450.0,31.0,31.0,0.0,ST,1.0,10.0,0.818,0.0,0.0,D,S,0.0,105.14,131.04,0.0,2.0,P,50.0,6.0,,1.414,OPC,0.7,0.0,Cylinder,30.0,IC,External stainless steel plate,300.0,,,3.0,1.0,missing,64.0,100.0,1.6,175.0,-1.5606477482646683,Hansapinyo et al. (2021)
R,SS_FPB_MONO,0.0,80.0,120.0,550.0,450.0,31.0,31.0,0.0,ST,1.0,10.0,0.818,0.0,0.0,D,S,0.0,182.29,244.66,0.0,2.0,P,50.0,6.0,,1.414,OPC,0.7,0.0,Cylinder,30.0,IC,External stainless steel plate,300.0,,,3.0,1.0,missing,41.0,100.0,1.025,175.0,-0.12783337150988489,Hansapinyo et al. (2021)
R,SS_FPB_MONO,0.0,80.0,120.0,550.0,450.0,31.0,31.0,0.0,ST,1.0,10.0,0.818,0.0,0.0,D,S,0.0,340.04,461.76,0.0,2.0,P,50.0,6.0,,1.414,OPC,0.7,0.0,Cylinder,30.0,IC,External stainless steel plate,300.0,,,3.0,1.0,missing,7.0,100.0,0.175,175.0,1.0715836162801904,Hansapinyo et al. (2021)
R,SS_FPB_MONO,0.0,80.0,120.0,550.0,450.0,31.0,31.0,0.0,ST,1.0,10.0,0.818,0.0,0.0,D,S,0.0,340.04,461.76,0.0,2.0,P,50.0,6.0,,1.414,OPC,0.7,0.0,Cylinder,30.0,IC,External stainless steel plate,300.0,,,3.0,1.0,missing,7.0,100.0,0.175,175.0,1.1019400787607843,Hansapinyo et al. (2021)
R,SS_FPB_MONO,0.0,80.0,120.0,550.0,450.0,31.0,31.0,0.0,ST,1.0,10.0,0.818,0.0,0.0,D,S,0.0,205.76,279.24,0.0,2.0,P,50.0,6.0,,1.414,OPC,0.7,0.0,Cylinder,30.0,IC,External stainless steel plate,300.0,,,3.0,1.0,missing,34.0,100.0,0.85,175.0,-0.08338160893905101,Hansapinyo et al. (2021)
R,SS_FPB_MONO,0.0,80.0,120.0,550.0,450.0,31.0,31.0,0.0,ST,1.0,10.0,0.818,0.0,0.0,D,S,0.0,182.29,244.66,0.0,2.0,P,50.0,6.0,,1.414,OPC,0.7,0.0,Cylinder,30.0,IC,External stainless steel plate,300.0,,,3.0,1.0,missing,41.0,100.0,1.025,175.0,0.47000362924573563,Hansapinyo et al. (2021)
R,SS_FPB_MONO,0.0,80.0,120.0,550.0,450.0,31.0,31.0,0.0,ST,1.0,10.0,0.818,0.0,0.0,D,S,0.0,202.41,274.3,0.0,2.0,P,50.0,6.0,,1.414,OPC,0.7,0.0,Cylinder,30.0,IC,External stainless steel plate,300.0,,,3.0,1.0,missing,35.0,100.0,0.875,175.0,0.5766133643039938,Hansapinyo et al. (2021)
R,SS_FPB_MONO,0.0,80.0,120.0,550.0,450.0,31.0,31.0,0.0,ST,1.0,10.0,0.818,0.0,0.0,D,S,0.0,197.3,295.36,0.0,2.0,P,50.0,6.0,,1.414,OPC,0.7,0.0,Cylinder,30.0,IC,External stainless steel plate,300.0,,,3.0,1.0,missing,27.0,100.0,0.675,175.0,0.959350221334602,Hansapinyo et al. (2021)
R,SS_FPB_MONO,0.0,80.0,120.0,550.0,450.0,31.0,31.0,0.0,ST,1.0,10.0,0.818,0.0,0.0,D,S,0.0,290.08,403.52,0.0,2.0,P,50.0,6.0,,1.414,OPC,0.7,0.0,Cylinder,30.0,IC,External stainless steel plate,300.0,,,3.0,1.0,missing,14.0,100.0,0.35,175.0,1.091923300517313,Hansapinyo et al. (2021)
R,SS_FPB_MONO,0.0,80.0,120.0,550.0,450.0,31.0,31.0,0.0,ST,1.0,10.0,0.818,0.0,0.0,D,S,0.0,261.53,370.24,0.0,2.0,P,50.0,6.0,,1.414,OPC,0.7,0.0,Cylinder,30.0,IC,External stainless steel plate,300.0,,,3.0,1.0,missing,18.0,100.0,0.45,175.0,1.0224509277025455,Hansapinyo et al. (2021)
R,SS_FPB_MONO,0.0,80.0,120.0,550.0,450.0,31.0,31.0,0.0,ST,1.0,10.0,0.818,0.0,0.0,D,S,0.0,222.53,303.94,0.0,2.0,P,50.0,6.0,,1.414,OPC,0.7,0.0,Cylinder,30.0,IC,External stainless steel plate,300.0,,,3.0,1.0,missing,29.0,100.0,0.725,175.0,0.9001613499442714,Hansapinyo et al. (2021)
R,SS_FPB_MONO,0.0,80.0,120.0,550.0,450.0,31.0,31.0,0.0,ST,1.0,10.0,0.818,0.0,0.0,D,S,0.0,297.22,411.84,0.0,2.0,P,50.0,6.0,,1.414,OPC,0.7,0.0,Cylinder,30.0,IC,External stainless steel plate,300.0,,,3.0,1.0,missing,13.0,100.0,0.325,175.0,1.0296194171811581,Hansapinyo et al. (2021)
R,SS_FPB_MONO,0.0,80.0,120.0,550.0,450.0,31.0,31.0,0.0,ST,1.0,10.0,0.818,0.0,0.0,D,S,0.0,304.36,420.16,0.0,2.0,P,50.0,6.0,,1.414,OPC,0.7,0.0,Cylinder,30.0,IC,External stainless steel plate,300.0,,,3.0,1.0,missing,12.0,100.0,0.3,175.0,1.0224509277025455,Hansapinyo et al. (2021)
R,SS_FPB_MONO,0.0,80.0,120.0,550.0,450.0,31.0,31.0,0.0,ST,1.0,10.0,0.818,0.0,0.0,D,S,0.0,325.77,445.12,0.0,2.0,P,50.0,6.0,,1.414,OPC,0.7,0.0,Cylinder,30.0,IC,External stainless steel plate,300.0,,,3.0,1.0,missing,9.0,100.0,0.225,175.0,1.1184149159642893,Hansapinyo et al. (2021)
R,SS_FPB_MONO,0.0,80.0,120.0,550.0,450.0,28.0,28.0,0.0,ST,1.0,10.0,0.818,0.0,0.0,D,S,0.0,390.0,520.0,0.0,2.0,P,25.0,3.0,280.0,0.707,OPC,0.7,0.0,Cylinder,30.0,C,Control,0.0,0.0,0.0,0.0,1.0,missing,0.0,0.0,0.0,175.0,1.2267122912954254,Hansapinyo et al. (2021)
R,SS_FPB_MONO,0.0,80.0,120.0,550.0,450.0,28.0,28.0,0.0,ST,1.0,10.0,0.818,0.0,0.0,D,S,0.0,332.9,453.44,0.0,2.0,P,25.0,3.0,,0.707,OPC,0.7,0.0,Cylinder,30.0,IC,External stainless steel plate,300.0,,,3.0,1.0,missing,8.0,100.0,0.2,175.0,1.1817271953786161,Hansapinyo et al. (2021)
R,SS_FPB_MONO,0.0,80.0,120.0,550.0,450.0,28.0,28.0,0.0,ST,1.0,10.0,0.818,0.0,0.0,D,S,0.0,347.18,470.08,0.0,2.0,P,25.0,3.0,,0.707,OPC,0.7,0.0,Cylinder,30.0,IC,External stainless steel plate,300.0,,,3.0,1.0,missing,6.0,100.0,0.15,175.0,1.199964782928397,Hansapinyo et al. (2021)
R,SS_FPB_MONO,0.0,80.0,120.0,550.0,450.0,28.0,28.0,0.0,ST,1.0,10.0,0.818,0.0,0.0,D,S,0.0,325.77,445.12,0.0,2.0,P,25.0,3.0,,0.707,OPC,0.7,0.0,Cylinder,30.0,IC,External stainless steel plate,300.0,,,3.0,1.0,missing,9.0,100.0,0.225,175.0,1.1052568313867783,Hansapinyo et al. (2021)
R,SS_FPB_MONO,0.0,80.0,120.0,550.0,450.0,28.0,28.0,0.0,ST,1.0,10.0,0.818,0.0,0.0,D,S,0.0,340.04,461.76,0.0,2.0,P,25.0,3.0,,0.707,OPC,0.7,0.0,Cylinder,30.0,IC,External stainless steel plate,300.0,,,3.0,1.0,missing,7.0,100.0,0.175,175.0,1.1631508098056809,Hansapinyo et al. (2021)
R,SS_FPB_MONO,0.0,80.0,120.0,550.0,450.0,28.0,28.0,0.0,ST,1.0,10.0,0.818,0.0,0.0,D,S,0.0,340.04,461.76,0.0,2.0,P,25.0,3.0,,0.707,OPC,0.7,0.0,Cylinder,30.0,IC,External stainless steel plate,300.0,,,3.0,1.0,missing,7.0,100.0,0.175,175.0,1.1378330018213911,Hansapinyo et al. (2021)
R,SS_FPB_MONO,0.0,80.0,120.0,550.0,450.0,28.0,28.0,0.0,ST,1.0,10.0,0.818,0.0,0.0,D,S,0.0,282.95,395.2,0.0,2.0,P,25.0,3.0,,0.707,OPC,0.7,0.0,Cylinder,30.0,IC,External stainless steel plate,300.0,,,3.0,1.0,missing,15.0,100.0,0.375,175.0,1.0188473201992472,Hansapinyo et al. (2021)
R,SS_FPB_MONO,0.0,80.0,120.0,550.0,450.0,28.0,28.0,0.0,ST,1.0,10.0,0.818,0.0,0.0,D,S,0.0,311.49,428.48,0.0,2.0,P,25.0,3.0,,0.707,OPC,0.7,0.0,Cylinder,30.0,IC,External stainless steel plate,300.0,,,3.0,1.0,missing,11.0,100.0,0.275,175.0,1.0885619528146082,Hansapinyo et al. (2021)
R,SS_FPB_MONO,0.0,80.0,120.0,550.0,450.0,28.0,28.0,0.0,ST,1.0,10.0,0.818,0.0,0.0,D,S,0.0,325.77,445.12,0.0,2.0,P,25.0,3.0,,0.707,OPC,0.7,0.0,Cylinder,30.0,IC,External stainless steel plate,300.0,,,3.0,1.0,missing,9.0,100.0,0.225,175.0,1.0715836162801904,Hansapinyo et al. (2021)
R,SS_FPB_MONO,0.0,80.0,120.0,550.0,450.0,28.0,28.0,0.0,ST,1.0,10.0,0.818,0.0,0.0,D,S,0.0,261.53,370.24,0.0,2.0,P,25.0,3.0,,0.707,OPC,0.7,0.0,Cylinder,30.0,IC,External stainless steel plate,300.0,,,3.0,1.0,missing,18.0,100.0,0.45,175.0,1.0784095813505903,Hansapinyo et al. (2021)
R,SS_FPB_MONO,0.0,80.0,120.0,550.0,450.0,28.0,28.0,0.0,ST,1.0,10.0,0.818,0.0,0.0,D,S,0.0,232.99,336.96,0.0,2.0,P,25.0,3.0,,0.707,OPC,0.7,0.0,Cylinder,30.0,IC,External stainless steel plate,300.0,,,3.0,1.0,missing,22.0,100.0,0.55,175.0,1.0784095813505903,Hansapinyo et al. (2021)
R,SS_FPB_MONO,0.0,80.0,120.0,550.0,450.0,28.0,28.0,0.0,ST,1.0,10.0,0.818,0.0,0.0,D,S,0.0,218.71,320.32,0.0,2.0,P,25.0,3.0,,0.707,OPC,0.7,0.0,Cylinder,30.0,IC,External stainless steel plate,300.0,,,3.0,1.0,missing,24.0,100.0,0.6,175.0,0.9242589015233319,Hansapinyo et al. (2021)
R,SS_FPB_MONO,0.0,80.0,120.0,550.0,450.0,28.0,28.0,0.0,ST,1.0,10.0,0.818,0.0,0.0,D,S,0.0,390.0,520.0,0.0,2.0,P,25.0,3.0,280.0,0.707,OPC,0.7,0.0,Cylinder,30.0,C,Control,0.0,0.0,0.0,0.0,1.0,missing,0.0,0.0,0.0,175.0,1.1085626195212777,Hansapinyo et al. (2021)
R,SS_FPB_MONO,0.0,80.0,120.0,550.0,450.0,28.0,28.0,0.0,ST,1.0,10.0,0.818,0.0,0.0,D,S,0.0,390.0,520.0,0.0,2.0,P,25.0,3.0,280.0,0.707,OPC,0.7,0.0,Cylinder,30.0,C,Control,0.0,0.0,0.0,0.0,1.0,missing,0.0,0.0,0.0,175.0,1.085189268335969,Hansapinyo et al. (2021)
R,SS_FPB_MONO,0.0,80.0,120.0,550.0,450.0,28.0,28.0,0.0,ST,1.0,10.0,0.818,0.0,0.0,D,S,0.0,304.36,420.16,0.0,2.0,P,25.0,3.0,,0.707,OPC,0.7,0.0,Cylinder,30.0,IC,External stainless steel plate,300.0,,,3.0,1.0,missing,12.0,100.0,0.3,175.0,1.0473189942805592,Hansapinyo et al. (2021)
R,SS_FPB_MONO,0.0,80.0,120.0,550.0,450.0,28.0,28.0,0.0,ST,1.0,10.0,0.818,0.0,0.0,D,S,0.0,318.63,436.8,0.0,2.0,P,25.0,3.0,,0.707,OPC,0.7,0.0,Cylinder,30.0,IC,External stainless steel plate,300.0,,,3.0,1.0,missing,10.0,100.0,0.25,175.0,1.0612565021243408,Hansapinyo et al. (2021)
R,SS_FPB_MONO,0.0,80.0,120.0,550.0,450.0,28.0,28.0,0.0,ST,1.0,10.0,0.818,0.0,0.0,D,S,0.0,290.08,403.52,0.0,2.0,P,25.0,3.0,,0.707,OPC,0.7,0.0,Cylinder,30.0,IC,External stainless steel plate,300.0,,,3.0,1.0,missing,14.0,100.0,0.35,175.0,1.1184149159642893,Hansapinyo et al. (2021)
R,SS_FPB_MONO,0.0,80.0,120.0,550.0,450.0,28.0,28.0,0.0,ST,1.0,10.0,0.818,0.0,0.0,D,S,0.0,332.9,453.44,0.0,2.0,P,25.0,3.0,,0.707,OPC,0.7,0.0,Cylinder,30.0,IC,External stainless steel plate,300.0,,,3.0,1.0,missing,8.0,100.0,0.2,175.0,1.085189268335969,Hansapinyo et al. (2021)
R,SS_FPB_MONO,0.0,80.0,120.0,550.0,450.0,28.0,28.0,0.0,ST,1.0,10.0,0.818,0.0,0.0,D,S,0.0,318.63,436.8,0.0,2.0,P,25.0,3.0,,0.707,OPC,0.7,0.0,Cylinder,30.0,IC,External stainless steel plate,300.0,,,3.0,1.0,missing,10.0,100.0,0.25,175.0,1.000631880307906,Hansapinyo et al. (2021)
R,SS_FPB_MONO,0.0,80.0,120.0,550.0,450.0,28.0,28.0,0.0,ST,1.0,10.0,0.818,0.0,0.0,D,S,0.0,304.36,420.16,0.0,2.0,P,25.0,3.0,,0.707,OPC,0.7,0.0,Cylinder,30.0,IC,External stainless steel plate,300.0,,,3.0,1.0,missing,12.0,100.0,0.3,175.0,1.0116009116784799,Hansapinyo et al. (2021)
R,SS_FPB_MONO,0.0,80.0,120.0,550.0,450.0,28.0,28.0,0.0,ST,1.0,10.0,0.818,0.0,0.0,D,S,0.0,275.81,386.88,0.0,2.0,P,25.0,3.0,,0.707,OPC,0.7,0.0,Cylinder,30.0,IC,External stainless steel plate,300.0,,,3.0,1.0,missing,16.0,100.0,0.4,175.0,0.9631743177730056,Hansapinyo et al. (2021)
R,SS_FPB_MONO,0.0,80.0,120.0,550.0,450.0,28.0,28.0,0.0,ST,1.0,10.0,0.818,0.0,0.0,D,S,0.0,247.26,353.6,0.0,2.0,P,25.0,3.0,,0.707,OPC,0.7,0.0,Cylinder,30.0,IC,External stainless steel plate,300.0,,,3.0,1.0,missing,20.0,100.0,0.5,175.0,0.9122827104766164,Hansapinyo et al. (2021)
R,SS_FPB_MONO,0.0,80.0,120.0,550.0,450.0,28.0,28.0,0.0,ST,1.0,10.0,0.818,0.0,0.0,D,S,0.0,247.26,353.6,0.0,2.0,P,25.0,3.0,,0.707,OPC,0.7,0.0,Cylinder,30.0,IC,External stainless steel plate,300.0,,,3.0,1.0,missing,20.0,100.0,0.5,175.0,0.883767540168595,Hansapinyo et al. (2021)
R,SS_FPB_MONO,0.0,80.0,120.0,550.0,450.0,28.0,28.0,0.0,ST,1.0,10.0,0.818,0.0,0.0,D,S,0.0,218.71,320.32,0.0,2.0,P,25.0,3.0,,0.707,OPC,0.7,0.0,Cylinder,30.0,IC,External stainless steel plate,300.0,,,3.0,1.0,missing,24.0,100.0,0.6,175.0,0.8241754429663494,Hansapinyo et al. (2021)
R,SS_FPB_MONO,0.0,80.0,120.0,550.0,450.0,28.0,28.0,0.0,ST,1.0,10.0,0.818,0.0,0.0,D,S,0.0,275.81,386.88,0.0,2.0,P,25.0,3.0,,0.707,OPC,0.7,0.0,Cylinder,30.0,IC,External stainless steel plate,300.0,,,3.0,1.0,missing,16.0,100.0,0.4,175.0,1.0438040521731147,Hansapinyo et al. (2021)
R,SS_FPB_MONO,0.0,80.0,120.0,550.0,450.0,28.0,28.0,0.0,ST,1.0,10.0,0.818,0.0,0.0,D,S,0.0,261.53,370.24,0.0,2.0,P,25.0,3.0,,0.707,OPC,0.7,0.0,Cylinder,30.0,IC,External stainless steel plate,300.0,,,3.0,1.0,missing,18.0,100.0,0.45,175.0,0.9242589015233319,Hansapinyo et al. (2021)
R,SS_TPB_MONO,0.0,150.0,200.0,1800.0,1600.0,37.0,37.0,0.0,ST,1.0,14.0,0.513,0.0,0.0,D,S,0.0,584.0,626.0,0.0,0.0,missing,0.0,0.0,0.0,0.0,OPC,0.46,14.0,Cube,46.0,C,Control,0.0,0.0,0.0,0.0,0.0,missing,0.0,0.0,0.0,800.0,2.772588722239781,Nasser et al. (2021)
R,SS_TPB_MONO,0.0,150.0,200.0,1800.0,1600.0,37.0,37.0,0.0,ST,1.0,14.0,0.513,0.0,0.0,D,S,0.0,584.0,626.0,0.0,0.0,missing,0.0,0.0,0.0,0.0,OPC,0.46,14.0,Cube,51.0,C,Control,0.0,0.0,0.0,0.0,0.0,missing,0.0,0.0,0.0,800.0,2.739548868161581,Nasser et al. (2021)
R,SS_TPB_MONO,0.0,150.0,200.0,1800.0,1600.0,37.0,37.0,0.0,ST,1.0,14.0,0.513,0.0,0.0,D,S,0.0,584.0,626.0,0.0,0.0,missing,0.0,0.0,0.0,0.0,OPC,0.46,14.0,Cube,51.0,C,Control,0.0,0.0,0.0,0.0,0.0,missing,0.0,0.0,0.0,800.0,2.7265447837383743,Nasser et al. (2021)
R,SS_TPB_MONO,0.0,150.0,200.0,1800.0,1600.0,37.0,37.0,0.0,ST,1.0,14.0,0.513,0.0,0.0,D,S,0.0,487.82,535.86,0.0,0.0,missing,0.0,0.0,0.0,0.0,OPC,0.46,14.0,Cube,53.0,IC,External stainless steel plate,1500.0,100.0,55.0,5.0,1.0,missing,9.0,200.0,0.315,800.0,2.644044871126298,Nasser et al. (2021)
R,SS_TPB_MONO,0.0,150.0,200.0,1800.0,1600.0,37.0,37.0,0.0,ST,1.0,14.0,0.513,0.0,0.0,D,S,0.0,483.86,532.15,0.0,0.0,missing,0.0,0.0,0.0,0.0,OPC,0.46,14.0,Cube,53.0,IC,External stainless steel plate,1500.0,100.0,55.0,5.0,1.0,missing,9.37,200.0,0.328,800.0,2.695977619867941,Nasser et al. (2021)
R,SS_TPB_MONO,0.0,150.0,200.0,1800.0,1600.0,37.0,37.0,0.0,ST,1.0,14.0,0.513,0.0,0.0,D,S,0.0,379.02,433.89,0.0,0.0,missing,0.0,0.0,0.0,0.0,OPC,0.46,14.0,Cube,61.0,IC,External stainless steel plate,1500.0,100.0,140.0,5.0,1.0,missing,19.18,200.0,0.671,800.0,2.5241273629412815,Nasser et al. (2021)
R,SS_TPB_MONO,0.0,150.0,200.0,1800.0,1600.0,37.0,37.0,0.0,ST,1.0,14.0,0.513,0.0,0.0,D,S,0.0,369.4,424.88,0.0,0.0,missing,0.0,0.0,0.0,0.0,OPC,0.46,14.0,Cube,61.0,IC,External stainless steel plate,1500.0,100.0,140.0,5.0,1.0,missing,20.08,200.0,0.703,800.0,2.4840729690394228,Nasser et al. (2021)
R,SS_TPB_MONO,0.0,150.0,200.0,1800.0,1600.0,37.0,37.0,0.0,ST,1.0,14.0,0.513,0.0,0.0,D,S,0.0,322.38,380.81,0.0,0.0,missing,0.0,0.0,0.0,0.0,OPC,0.46,14.0,Cube,57.5,IC,External stainless steel plate,1500.0,100.0,180.0,5.0,1.0,missing,24.48,200.0,0.857,800.0,2.4397349311412793,Nasser et al. (2021)
R,SS_TPB_MONO,0.0,150.0,200.0,1800.0,1600.0,37.0,37.0,0.0,ST,1.0,14.0,0.513,0.0,0.0,D,S,0.0,394.41,448.32,0.0,0.0,missing,0.0,0.0,0.0,0.0,OPC,0.46,14.0,Cube,57.5,IC,External stainless steel plate,1500.0,100.0,180.0,5.0,1.0,missing,17.74,200.0,0.621,800.0,2.498973906999436,Nasser et al. (2021)
R,SS_TPB_MONO,0.0,150.0,200.0,1800.0,1600.0,37.0,37.0,0.0,ST,1.0,14.0,0.513,0.0,0.0,P,S,0.0,220.0,330.0,0.0,0.0,missing,0.0,0.0,0.0,0.0,OPC,0.46,14.0,Cube,54.0,C,Control,0.0,0.0,0.0,0.0,0.0,missing,0.0,0.0,0.0,800.0,2.3085671646715933,Nasser et al. (2021)
R,SS_TPB_MONO,0.0,150.0,200.0,1800.0,1600.0,37.0,37.0,0.0,ST,1.0,14.0,0.513,0.0,0.0,P,S,0.0,220.0,330.0,0.0,0.0,missing,0.0,0.0,0.0,0.0,OPC,0.46,14.0,Cube,54.0,C,Control,0.0,0.0,0.0,0.0,0.0,missing,0.0,0.0,0.0,800.0,2.25758772706331,Nasser et al. (2021)
R,SS_TPB_MONO,0.0,150.0,200.0,1800.0,1600.0,37.0,37.0,0.0,ST,1.0,14.0,0.513,0.0,0.0,P,S,0.0,168.63,262.63,0.0,0.0,missing,0.0,0.0,0.0,0.0,OPC,0.46,14.0,Cube,59.0,IC,External stainless steel plate,1500.0,100.0,55.0,5.0,1.0,missing,12.76,200.0,0.447,800.0,2.0881534822818573,Nasser et al. (2021)
R,SS_TPB_MONO,0.0,150.0,200.0,1800.0,1600.0,37.0,37.0,0.0,ST,1.0,14.0,0.513,0.0,0.0,P,S,0.0,176.92,273.5,0.0,0.0,missing,0.0,0.0,0.0,0.0,OPC,0.46,14.0,Cube,59.0,IC,External stainless steel plate,1500.0,100.0,55.0,5.0,1.0,missing,10.7,200.0,0.375,800.0,2.089391872533004,Nasser et al. (2021)
R,SS_TPB_MONO,0.0,150.0,200.0,1800.0,1600.0,37.0,37.0,0.0,ST,1.0,14.0,0.513,0.0,0.0,P,S,0.0,151.56,240.24,0.0,0.0,missing,0.0,0.0,0.0,0.0,OPC,0.46,14.0,Cube,54.5,IC,External stainless steel plate,1500.0,100.0,120.0,5.0,1.0,missing,17.0,200.0,0.595,800.0,2.1587147225743437,Nasser et al. (2021)
R,SS_TPB_MONO,0.0,150.0,200.0,1800.0,1600.0,37.0,37.0,0.0,ST,1.0,14.0,0.513,0.0,0.0,P,S,0.0,148.58,236.33,0.0,0.0,missing,0.0,0.0,0.0,0.0,OPC,0.46,14.0,Cube,54.5,IC,External stainless steel plate,1500.0,100.0,120.0,5.0,1.0,missing,17.74,200.0,0.621,800.0,1.9933388426264242,Nasser et al. (2021)
R,SS_TPB_MONO,0.0,150.0,200.0,1800.0,1600.0,37.0,37.0,0.0,ST,1.0,14.0,0.513,0.0,0.0,P,S,0.0,117.94,196.15,0.0,0.0,missing,0.0,0.0,0.0,0.0,OPC,0.46,14.0,Cube,51.5,IC,External stainless steel plate,1500.0,100.0,175.0,5.0,1.0,missing,25.35,200.0,0.887,800.0,2.017566137961748,Nasser et al. (2021)
R,SS_TPB_MONO,0.0,150.0,200.0,1800.0,1600.0,37.0,37.0,0.0,ST,1.0,14.0,0.513,0.0,0.0,P,S,0.0,124.7,191.51,0.0,0.0,missing,0.0,0.0,0.0,0.0,OPC,0.46,14.0,Cube,51.5,IC,External stainless steel plate,1500.0,100.0,175.0,5.0,1.0,missing,29.44,200.0,1.03,800.0,2.0515563381903004,Nasser et al. (2021)
R,SS_FPB_MONO_SUST,30.0,240.0,500.0,6100.0,6000.0,40.0,40.0,32.5,T_C,2.0,25.0,0.818,2.0,10.0,D,S,0.0,299.98,474.5,0.131,2.0,P,150.0,8.0,,0.279,OPC,0.58,,Cylinder,24.2,N,missing,6100.0,,18262.0,3.5,500.0,1:1,,250.0,0.0,1700.0,4.852108385868018,Huang et al. (2022)
R,SS_FPB_MONO_SUST,30.0,240.0,500.0,6100.0,6000.0,40.0,40.0,32.5,T_C,2.0,25.0,0.818,2.0,10.0,D,S,0.0,281.15,451.91,0.131,2.0,P,150.0,8.0,,0.279,OPC,0.61,,Cylinder,20.7,N,missing,6100.0,,18262.0,3.5,500.0,1:1,,250.0,0.0,1700.0,4.782730425680335,Huang et al. (2022)
R,SS_FPB_MONO_SUST,30.0,240.0,500.0,6100.0,6000.0,40.0,40.0,32.5,T_C,2.0,25.0,0.818,2.0,10.0,D,S,0.0,300.79,501.04,0.131,2.0,P,150.0,8.0,,0.279,OPC,0.59,,Cylinder,22.7,N,missing,6100.0,,18262.0,3.5,500.0,1:1,,250.0,0.0,1700.0,4.850153503906757,Huang et al. (2022)
R,SS_FPB_MONO_SUST,30.0,240.0,500.0,6100.0,6000.0,40.0,40.0,32.5,T_C,2.0,25.0,0.818,2.0,10.0,D,S,0.0,261.32,431.49,0.131,2.0,P,150.0,8.0,,0.279,OPC,0.62,,Cylinder,20.1,N,missing,6100.0,,18262.0,3.5,500.0,1:1,,250.0,0.0,1700.0,4.852108385868018,Huang et al. (2022)
R,SS_FPB_MONO_SUST,30.0,240.0,500.0,6100.0,6000.0,40.0,40.0,32.5,T_C,2.0,25.0,0.818,2.0,10.0,D,S,0.0,289.66,468.44,0.131,2.0,P,150.0,8.0,,0.279,OPC,0.58,,Cylinder,23.7,N,missing,6100.0,,18262.0,3.5,500.0,1:1,,250.0,0.0,1700.0,4.850153503906757,Huang et al. (2022)
R,SS_FPB_MONO_SUST,30.0,240.0,500.0,6100.0,6000.0,40.0,40.0,32.5,T_C,2.0,25.0,0.818,2.0,10.0,D,S,0.0,300.79,493.74,0.131,2.0,P,150.0,8.0,,0.279,OPC,0.63,,Cylinder,19.7,N,missing,6100.0,,18262.0,3.5,500.0,1:1,,250.0,0.0,1700.0,4.852108385868018,Huang et al. (2022)
R,SS_FPB_MONO,0.0,150.0,200.0,1800.0,1600.0,35.0,35.0,34.0,T_C,2.0,14.0,1.026,2.0,12.0,D,S,0.0,584.0,626.0,0.754,2.0,P,100.0,8.0,,0.67,OPC,0.46,14.0,Cube,67.4,C,Control,0.0,0.0,0.0,0.0,0.0,missing,0.0,0.0,0.0,500.0,3.490428515390098,Nasser et al. (2022)
R,SS_FPB_MONO,0.0,150.0,200.0,1800.0,1600.0,35.0,35.0,34.0,T_C,2.0,14.0,1.026,2.0,12.0,D,S,0.0,584.0,626.0,0.754,2.0,P,100.0,8.0,,0.67,OPC,0.46,14.0,Cube,67.4,C,Control,0.0,0.0,0.0,0.0,0.0,missing,0.0,0.0,0.0,500.0,3.5004392163118045,Nasser et al. (2022)
R,SS_FPB_MONO,0.0,150.0,200.0,1800.0,1600.0,35.0,35.0,34.0,T_C,2.0,14.0,1.026,2.0,12.0,D,S,0.0,489.95,537.86,0.754,2.0,P,100.0,8.0,,0.67,OPC,0.46,14.0,Cube,67.4,IC,External stainless steel plate,1400.0,100.0,,5.0,1.0,missing,8.8,200.0,0.308,500.0,3.414442608412176,Nasser et al. (2022)
R,SS_FPB_MONO,0.0,150.0,200.0,1800.0,1600.0,35.0,35.0,34.0,T_C,2.0,14.0,1.026,2.0,12.0,D,S,0.0,489.95,537.86,0.754,2.0,P,100.0,8.0,,0.67,OPC,0.46,14.0,Cube,67.4,IC,External stainless steel plate,1400.0,100.0,,5.0,1.0,missing,8.8,200.0,0.308,500.0,3.4187098067467865,Nasser et al. (2022)
R,SS_FPB_MONO,0.0,150.0,200.0,1800.0,1600.0,35.0,35.0,34.0,T_C,2.0,14.0,1.026,2.0,12.0,D,S,0.0,449.34,499.8,0.754,2.0,P,100.0,8.0,,0.67,OPC,0.46,14.0,Cube,67.4,IC,External stainless steel plate,1400.0,100.0,,5.0,1.0,missing,12.6,200.0,0.441,500.0,3.4339872044851463,Nasser et al. (2022)
R,SS_FPB_MONO,0.0,150.0,200.0,1800.0,1600.0,35.0,35.0,34.0,T_C,2.0,14.0,1.026,2.0,12.0,D,S,0.0,405.52,458.73,0.754,2.0,P,100.0,8.0,,0.67,OPC,0.46,14.0,Cube,67.4,IC,External stainless steel plate,1400.0,100.0,,5.0,1.0,missing,16.7,200.0,0.585,500.0,3.395514598526657,Nasser et al. (2022)
R,SS_FPB_MONO,0.0,150.0,200.0,1800.0,1600.0,35.0,35.0,34.0,T_C,2.0,14.0,1.026,2.0,12.0,D,S,0.0,378.27,433.19,0.754,2.0,P,100.0,8.0,,0.67,OPC,0.46,14.0,Cube,67.4,IC,External stainless steel plate,1400.0,100.0,,5.0,1.0,missing,19.25,200.0,0.674,500.0,3.3648791189880436,Nasser et al. (2022)
R,SS_FPB_MONO,0.0,150.0,200.0,1800.0,1600.0,35.0,35.0,34.0,T_C,2.0,14.0,1.026,2.0,12.0,D,S,0.0,264.99,327.02,0.754,2.0,P,100.0,8.0,,0.67,OPC,0.46,14.0,Cube,67.4,IC,External stainless steel plate,1400.0,100.0,,5.0,1.0,missing,29.85,200.0,1.045,500.0,3.1135153092103742,Nasser et al. (2022)
S,SS_FPB_MONO,0.0,100.0,100.0,500.0,400.0,20.0,20.0,0.0,ST,2.0,10.0,1.571,0.0,0.0,P,S,0.0,240.0,,0.0,0.0,missing,0.0,0.0,0.0,0.0,OPC,0.44,,Cylinder,38.6,C,Control,0.0,0.0,0.0,0.0,0.0,missing,0.0,0.0,0.0,100.0,1.0296194171811581,Tran et al. (2022)
S,SS_FPB_MONO,0.0,100.0,100.0,500.0,400.0,20.0,20.0,0.0,ST,2.0,10.0,1.571,0.0,0.0,P,S,0.0,240.0,,0.0,0.0,missing,0.0,0.0,0.0,0.0,OPC,0.44,,Cylinder,38.6,C,Control,0.0,0.0,0.0,0.0,0.0,missing,0.0,0.0,0.0,100.0,1.0188473201992472,Tran et al. (2022)
S,SS_FPB_MONO,0.0,100.0,100.0,500.0,400.0,20.0,20.0,0.0,ST,2.0,10.0,1.571,0.0,0.0,P,S,0.0,128.88,,0.0,0.0,missing,0.0,0.0,0.0,0.0,OPC,0.44,,Cylinder,38.6,IC,External copper plate,500.0,300.0,30.0,3.0,100.0,missing,25.3,500.0,0.633,100.0,0.6931471805599453,Tran et al. (2022)
S,SS_FPB_MONO,0.0,100.0,100.0,500.0,400.0,20.0,20.0,0.0,ST,2.0,10.0,1.571,0.0,0.0,P,S,0.0,129.32,,0.0,0.0,missing,0.0,0.0,0.0,0.0,OPC,0.44,,Cylinder,38.6,IC,External copper plate,500.0,300.0,30.0,3.0,100.0,missing,25.2,500.0,0.63,100.0,0.7929925155296614,Tran et al. (2022)
S,SS_FPB_MONO_SUST,20.0,100.0,100.0,500.0,400.0,20.0,20.0,0.0,ST,2.0,10.0,1.571,0.0,0.0,P,S,0.0,127.13,,0.0,0.0,missing,0.0,0.0,0.0,0.0,OPC,0.44,,Cylinder,38.6,IC,External copper plate,500.0,300.0,30.0,3.0,100.0,missing,25.7,500.0,0.643,100.0,0.7030975114131134,Tran et al. (2022)
S,SS_FPB_MONO_SUST,20.0,100.0,100.0,500.0,400.0,20.0,20.0,0.0,ST,2.0,10.0,1.571,0.0,0.0,P,S,0.0,127.56,,0.0,0.0,missing,0.0,0.0,0.0,0.0,OPC,0.44,,Cylinder,38.6,IC,External copper plate,500.0,300.0,30.0,3.0,100.0,missing,25.6,500.0,0.64,100.0,0.6418538861723947,Tran et al. (2022)
S,SS_FPB_MONO_SUST,40.0,100.0,100.0,500.0,400.0,20.0,20.0,0.0,ST,2.0,10.0,1.571,0.0,0.0,P,S,0.0,128.0,,0.0,0.0,missing,0.0,0.0,0.0,0.0,OPC,0.44,,Cylinder,38.6,IC,External copper plate,500.0,300.0,30.0,3.0,100.0,missing,25.5,500.0,0.638,100.0,0.5538851132264376,Tran et al. (2022)
S,SS_FPB_MONO_SUST,40.0,100.0,100.0,500.0,400.0,20.0,20.0,0.0,ST,2.0,10.0,1.571,0.0,0.0,P,S,0.0,123.17,,0.0,0.0,missing,0.0,0.0,0.0,0.0,OPC,0.44,,Cylinder,38.6,IC,External copper plate,500.0,300.0,30.0,3.0,100.0,missing,26.6,500.0,0.665,100.0,0.5247285289349821,Tran et al. (2022)
S,SS_FPB_MONO_SUST,60.0,100.0,100.0,500.0,400.0,20.0,20.0,0.0,ST,2.0,10.0,1.571,0.0,0.0,P,S,0.0,120.1,,0.0,0.0,missing,0.0,0.0,0.0,0.0,OPC,0.44,,Cylinder,38.6,IC,External copper plate,500.0,300.0,30.0,3.0,100.0,missing,27.3,500.0,0.683,100.0,0.25464221837358075,Tran et al. (2022)
S,SS_FPB_MONO_SUST,60.0,100.0,100.0,500.0,400.0,20.0,20.0,0.0,ST,2.0,10.0,1.571,0.0,0.0,P,S,0.0,137.56,,0.0,0.0,missing,0.0,0.0,0.0,0.0,OPC,0.44,,Cylinder,38.6,IC,External copper plate,500.0,300.0,30.0,3.0,100.0,missing,28.7,500.0,0.718,100.0,0.4824261492442928,Tran et al. (2022)
S,SS_FPB_MONO_SUST,80.0,100.0,100.0,500.0,400.0,20.0,20.0,0.0,ST,2.0,10.0,1.571,0.0,0.0,P,S,0.0,132.82,,0.0,0.0,missing,0.0,0.0,0.0,0.0,OPC,0.44,,Cylinder,38.6,IC,External copper plate,500.0,300.0,30.0,3.0,100.0,missing,31.0,500.0,0.775,100.0,0.44468582126144574,Tran et al. (2022)
S,SS_FPB_MONO_SUST,80.0,100.0,100.0,500.0,400.0,20.0,20.0,0.0,ST,2.0,10.0,1.571,0.0,0.0,P,S,0.0,135.71,,0.0,0.0,missing,0.0,0.0,0.0,0.0,OPC,0.44,,Cylinder,38.6,IC,External copper plate,500.0,300.0,30.0,3.0,100.0,missing,29.6,500.0,0.74,100.0,0.23901690047049992,Tran et al. (2022)
R,SS_FPB_MONO,0.0,150.0,200.0,2100.0,1800.0,34.0,34.0,32.0,T_C,2.0,12.0,0.754,2.0,8.0,D,S,0.0,507.0,627.7,0.335,2.0,P,150.0,8.0,271.9,0.447,OPC,0.55,,Cylinder,33.2,C,Control,0.0,0.0,0.0,0.0,0.0,missing,0.0,0.0,0.0,600.0,3.0081547935525483,Van Nguyen et al. (2022)
R,SS_FPB_MONO,0.0,150.0,200.0,2100.0,1800.0,34.0,34.0,32.0,T_C,2.0,12.0,0.754,2.0,8.0,D,S,0.0,469.7,587.33,0.335,2.0,P,150.0,8.0,271.9,0.447,OPC,0.55,,Cylinder,33.2,IC,External stainless steel plate,2100.0,1000.0,,3.5,100.0,missing,4.02,100.0,0.121,600.0,2.876948737564024,Van Nguyen et al. (2022)
R,SS_FPB_MONO,0.0,150.0,200.0,2100.0,1800.0,34.0,34.0,32.0,T_C,2.0,12.0,0.754,2.0,8.0,D,S,0.0,456.53,573.06,0.335,2.0,P,150.0,8.0,271.9,0.447,OPC,0.55,,Cylinder,37.0,IC,External stainless steel plate,2100.0,1000.0,,3.5,100.0,missing,5.44,100.0,0.163,600.0,2.810606789427302,Van Nguyen et al. (2022)
R,SS_FPB_MONO,0.0,150.0,200.0,2100.0,1800.0,34.0,34.0,32.0,T_C,2.0,12.0,0.754,2.0,8.0,D,S,0.0,427.77,541.93,0.335,2.0,P,150.0,8.0,271.9,0.447,OPC,0.55,,Cylinder,37.0,IC,External stainless steel plate,2100.0,1000.0,,3.5,100.0,missing,8.54,100.0,0.256,600.0,2.750470916986162,Van Nguyen et al. (2022)
R,SS_FPB_MONO,0.0,150.0,200.0,2100.0,1800.0,34.0,34.0,32.0,T_C,2.0,12.0,0.754,2.0,8.0,D,S,0.0,480.09,598.57,0.335,2.0,P,150.0,8.0,271.9,0.447,OPC,0.55,,Cylinder,39.4,IC,External stainless steel plate,2100.0,1000.0,,3.5,100.0,missing,2.9,100.0,0.087,600.0,2.691243082785829,Van Nguyen et al. (2022)
R,SS_FPB_MONO,0.0,150.0,200.0,2100.0,1800.0,34.0,34.0,32.0,T_C,2.0,12.0,0.754,2.0,8.0,D,S,0.0,463.39,580.5,0.335,2.0,P,150.0,8.0,271.9,0.447,OPC,0.55,,Cylinder,39.2,IC,External stainless steel plate,2100.0,1000.0,,3.5,100.0,missing,4.7,100.0,0.141,600.0,2.5680215564985067,Van Nguyen et al. (2022)
R,SS_FPB_MONO,0.0,150.0,200.0,2100.0,1800.0,34.0,34.0,32.0,T_C,2.0,12.0,0.754,2.0,8.0,D,S,0.0,426.28,540.32,0.335,2.0,P,150.0,8.0,271.9,0.447,OPC,0.55,,Cylinder,39.2,IC,External stainless steel plate,2100.0,1000.0,,3.5,100.0,missing,8.7,100.0,0.261,600.0,2.6304489550786583,Van Nguyen et al. (2022)
R,SS_FPB_MONO,0.0,150.0,200.0,2100.0,1800.0,34.0,34.0,32.0,T_C,2.0,12.0,0.754,2.0,8.0,D,S,0.0,487.7,606.81,0.335,2.0,P,150.0,8.0,265.4,0.447,OPC,0.55,,Cylinder,34.0,IC,External stainless steel plate,2100.0,1000.0,,3.5,100.0,missing,2.08,100.0,0.062,600.0,2.784393767689544,Van Nguyen et al. (2022)
R,SS_FPB_MONO,0.0,150.0,200.0,2100.0,1800.0,34.0,34.0,32.0,T_C,2.0,12.0,0.754,2.0,8.0,D,S,0.0,470.82,588.53,0.335,2.0,P,150.0,8.0,253.9,0.447,OPC,0.55,,Cylinder,38.1,IC,External stainless steel plate,2100.0,1000.0,,3.5,100.0,missing,3.9,100.0,0.117,600.0,2.756205242989257,Van Nguyen et al. (2022)
