model,validation,fold,sample_index,source_group,observed,predicted
Ridge,RandomKFold,1,23,random_fold,3.339321977944068,3.345030003992065
Ridge,RandomKFold,1,30,random_fold,2.3045830956567186,2.41880483936645
Ridge,RandomKFold,1,31,random_fold,2.3045830956567186,2.41880483936645
Ridge,RandomKFold,1,33,random_fold,2.248128907197987,2.1864724658519794
Ridge,RandomKFold,1,39,random_fold,2.21046980408624,2.0076497907819917
Ridge,RandomKFold,1,49,random_fold,1.5602476682433286,1.686724770525508
Ridge,RandomKFold,1,63,random_fold,1.891604804197771,1.7753174172675215
Ridge,RandomKFold,1,65,random_fold,1.506297153514587,1.686724770525508
Ridge,RandomKFold,1,66,random_fold,1.506297153514587,1.686724770525508
Ridge,RandomKFold,1,67,random_fold,1.506297153514587,1.686724770525508
Ridge,RandomKFold,1,78,random_fold,0.6043159668533296,1.4648173684651664
Ridge,RandomKFold,1,86,random_fold,2.020222182019865,1.906424087604176
Ridge,RandomKFold,1,96,random_fold,1.3711807233098425,1.6838183736945336
Ridge,RandomKFold,1,109,random_fold,1.5748464676644813,1.7299326288365502
Ridge,RandomKFold,1,120,random_fold,2.057962510002712,1.8214959464589318
Ridge,RandomKFold,1,137,random_fold,1.8961194845522977,1.7753174172675215
Ridge,RandomKFold,1,139,random_fold,1.8718021769015913,1.7753174172675215
Ridge,RandomKFold,1,155,random_fold,2.162172939277301,2.1689137233569014
Ridge,RandomKFold,1,168,random_fold,1.3428648031925547,1.3205944433744152
Ridge,RandomKFold,1,174,random_fold,1.6789639750827108,1.6757111810095235
Ridge,RandomKFold,1,192,random_fold,2.222459048514761,1.978777294805354
Ridge,RandomKFold,1,196,random_fold,2.0425181875752383,1.8883265092666868
Ridge,RandomKFold,1,199,random_fold,3.558485990180341,3.76309694275959
Ridge,RandomKFold,1,208,random_fold,2.533696813957432,2.6547191326181014
Ridge,RandomKFold,1,209,random_fold,2.468946630209271,2.6887811857131663
Ridge,RandomKFold,1,210,random_fold,2.4159137783010487,2.6887811857131663
Ridge,RandomKFold,1,218,random_fold,2.0554049638515948,2.1164982674034603
Ridge,RandomKFold,1,227,random_fold,2.403334996094189,2.3787140470229207
Ridge,RandomKFold,1,231,random_fold,2.2648832258100344,2.2881590074751417
Ridge,RandomKFold,1,235,random_fold,2.468099531471619,2.4836655799995375
Ridge,RandomKFold,1,292,random_fold,2.5610957881455465,2.6382391338513806
Ridge,RandomKFold,1,300,random_fold,3.2969473602883563,3.4263571317916894
Ridge,RandomKFold,1,323,random_fold,3.58407433974781,3.569721969014881
Ridge,RandomKFold,1,327,random_fold,4.051958845725663,3.8935284907747003
Ridge,RandomKFold,1,328,random_fold,3.6328380632303117,3.5468666872853243
Ridge,RandomKFold,1,332,random_fold,3.1144038032714896,3.4080800899678056
Ridge,RandomKFold,1,335,random_fold,2.7800607370784824,3.2101073155946533
Ridge,RandomKFold,1,368,random_fold,2.8118094353930627,2.990105274234181
Ridge,RandomKFold,1,375,random_fold,3.3120018028576843,3.381461761927925
Ridge,RandomKFold,1,381,random_fold,2.8027541365715076,2.8489839939802932
Ridge,RandomKFold,1,388,random_fold,2.8741294517947424,2.7170193010800383
Ridge,RandomKFold,1,394,random_fold,3.1018924693823817,3.260945308174508
Ridge,RandomKFold,1,395,random_fold,3.0740812399649675,3.2057498577104475
Ridge,RandomKFold,1,424,random_fold,4.3208159036289855,4.265600700706038
Ridge,RandomKFold,1,440,random_fold,3.980615796893758,3.7876646635096796
Ridge,RandomKFold,1,446,random_fold,4.1034694699991014,4.364135454964558
Ridge,RandomKFold,1,451,random_fold,4.1034694699991014,4.211997176130439
Ridge,RandomKFold,1,512,random_fold,3.9682142850778885,3.932488574109735
Ridge,RandomKFold,1,522,random_fold,3.529297384289471,2.849634825956736
Ridge,RandomKFold,1,528,random_fold,1.4327007339340465,1.7320091373362891
Ridge,RandomKFold,1,529,random_fold,1.5390154481375546,1.958953918098648
Ridge,RandomKFold,1,536,random_fold,2.498151876538021,2.4360870904426504
Ridge,RandomKFold,1,548,random_fold,2.2235418856535927,2.1169896014660075
Ridge,RandomKFold,1,559,random_fold,2.2289385528257473,1.9961754661778754
Ridge,RandomKFold,1,568,random_fold,3.575710756008298,3.399406217301551
Ridge,RandomKFold,1,596,random_fold,2.4731713935695794,2.320282748284374
Ridge,RandomKFold,1,597,random_fold,2.4344901638739844,2.2136168546044375
Ridge,RandomKFold,1,598,random_fold,2.453587966530573,2.2858385940037307
Ridge,RandomKFold,1,599,random_fold,2.336986519711378,2.175440625598211
Ridge,RandomKFold,1,603,random_fold,2.502255288122613,2.5239223408546
Ridge,RandomKFold,1,606,random_fold,2.303584593327129,2.2593615628500534
Ridge,RandomKFold,1,643,random_fold,1.937301774518713,2.120583012736547
Ridge,RandomKFold,1,659,random_fold,1.1878434223960523,1.3647129379440368
Ridge,RandomKFold,1,660,random_fold,0.22314355131420976,1.0718364913208631
Ridge,RandomKFold,1,662,random_fold,2.3832429960115,1.9779342089673588
Ridge,RandomKFold,1,670,random_fold,2.1815467646169897,1.9078900207701197
Ridge,RandomKFold,1,671,random_fold,1.9754689512968577,1.7884124460543172
Ridge,RandomKFold,1,698,random_fold,3.6000482404073204,3.495921790292959
Ridge,RandomKFold,1,705,random_fold,4.8779416457041185,4.91682162683543
Ridge,RandomKFold,1,706,random_fold,4.855228269843183,4.855594853393356
Ridge,RandomKFold,1,711,random_fold,0.9669838461896731,0.209180679603568
Ridge,RandomKFold,1,717,random_fold,0.47000362924573563,0.08241177740784167
Ridge,RandomKFold,1,724,random_fold,1.0224509277025455,1.0129810096296936
Ridge,RandomKFold,1,727,random_fold,1.1817271953786161,1.2090744527985018
Ridge,RandomKFold,1,752,random_fold,2.772588722239781,2.6338473819248103
Ridge,RandomKFold,1,758,random_fold,2.4840729690394228,2.3218717724544216
Ridge,RandomKFold,1,759,random_fold,2.4397349311412793,2.198746748827464
Ridge,RandomKFold,1,790,random_fold,0.5247285289349821,0.49528646998454473
Ridge,RandomKFold,1,798,random_fold,2.750470916986162,2.7576871567740637
Ridge,RandomKFold,1,799,random_fold,2.691243082785829,2.932737870774535
Ridge,RandomKFold,1,800,random_fold,2.5680215564985067,2.8764848565058414
Ridge,RandomKFold,2,2,random_fold,1.9530276168241774,2.149575838774003
Ridge,RandomKFold,2,7,random_fold,1.922787731634459,1.8740177559223188
Ridge,RandomKFold,2,10,random_fold,1.8531680973566984,1.8173375991897984
Ridge,RandomKFold,2,29,random_fold,3.232778730037192,3.2412157953628817
Ridge,RandomKFold,2,54,random_fold,2.191653532286764,1.8990875538958418
Ridge,RandomKFold,2,72,random_fold,1.7850704810772584,1.7398387274461569
Ridge,RandomKFold,2,76,random_fold,1.2584609896100056,1.5414125555077918
Ridge,RandomKFold,2,77,random_fold,0.6043159668533296,1.442198895990379
Ridge,RandomKFold,2,81,random_fold,2.192770226986839,1.9680507995287075
Ridge,RandomKFold,2,84,random_fold,2.1174596088673567,1.9246459833301577
Ridge,RandomKFold,2,97,random_fold,2.178155014615869,1.9335651618746637
Ridge,RandomKFold,2,101,random_fold,2.1102132003465894,1.8901488747115103
Ridge,RandomKFold,2,110,random_fold,1.5748464676644813,1.7138483415797165
Ridge,RandomKFold,2,118,random_fold,2.057962510002712,1.8211890703680254
Ridge,RandomKFold,2,198,random_fold,3.624340932976365,3.4623455381090946
Ridge,RandomKFold,2,211,random_fold,2.3174737054877963,2.320249979873434
Ridge,RandomKFold,2,212,random_fold,2.2027647577118348,2.320249979873434
Ridge,RandomKFold,2,213,random_fold,2.344686269012681,2.325676110710366
Ridge,RandomKFold,2,215,random_fold,2.1815467646169897,2.071492470094516
Ridge,RandomKFold,2,239,random_fold,2.401525040848949,2.3079498732794916
Ridge,RandomKFold,2,250,random_fold,2.5376572151735295,2.6080665636847327
Ridge,RandomKFold,2,254,random_fold,2.392425796993835,2.447127446037618
Ridge,RandomKFold,2,259,random_fold,2.192770226986839,2.254278437447277
Ridge,RandomKFold,2,281,random_fold,1.5686159179138452,1.7312222318810109
Ridge,RandomKFold,2,309,random_fold,3.1130707659712242,3.1010549434869934
Ridge,RandomKFold,2,316,random_fold,3.190064743014081,3.315937407745726
Ridge,RandomKFold,2,326,random_fold,3.5776685247779345,3.4130770413544376
Ridge,RandomKFold,2,329,random_fold,3.7848712197676626,3.5120488599859767
Ridge,RandomKFold,2,334,random_fold,2.9381031607173544,3.236280577504061
Ridge,RandomKFold,2,338,random_fold,3.4423393249933305,3.7201655179715387
Ridge,RandomKFold,2,344,random_fold,4.155909917880256,4.074019358464998
Ridge,RandomKFold,2,351,random_fold,3.566429294357372,3.79687370387959
Ridge,RandomKFold,2,356,random_fold,3.5787855313168624,3.1079473398622492
Ridge,RandomKFold,2,363,random_fold,3.139832617527748,2.6200170725170233
Ridge,RandomKFold,2,367,random_fold,3.5380565643793527,3.4394051470294515
Ridge,RandomKFold,2,382,random_fold,2.7700855920216627,2.7632604787721795
Ridge,RandomKFold,2,393,random_fold,3.121483478859551,2.8146404778064538
Ridge,RandomKFold,2,396,random_fold,3.027715319407042,3.14015568791017
Ridge,RandomKFold,2,411,random_fold,3.5403794457954922,3.3593408426524953
Ridge,RandomKFold,2,417,random_fold,1.3217558399823195,1.451679404196424
Ridge,RandomKFold,2,420,random_fold,4.548599834499697,4.194446145511428
Ridge,RandomKFold,2,425,random_fold,4.529907701487544,4.3538048800780444
Ridge,RandomKFold,2,447,random_fold,4.1034694699991014,4.198713033887082
Ridge,RandomKFold,2,462,random_fold,3.6407390787860012,4.095457037591615
Ridge,RandomKFold,2,481,random_fold,4.453300236649965,4.619632830140162
Ridge,RandomKFold,2,482,random_fold,4.27332721775054,4.370524068849541
Ridge,RandomKFold,2,483,random_fold,4.100492292808335,4.239648345261686
Ridge,RandomKFold,2,485,random_fold,3.902578546600146,3.989533949628876
Ridge,RandomKFold,2,494,random_fold,3.560477739309412,3.7127347494297394
Ridge,RandomKFold,2,506,random_fold,4.179604406172924,4.22150731389009
Ridge,RandomKFold,2,513,random_fold,3.930648469551311,3.9548746996333337
Ridge,RandomKFold,2,517,random_fold,4.00369019395397,4.196105537024151
Ridge,RandomKFold,2,518,random_fold,3.8199077165203406,4.2082685209127995
Ridge,RandomKFold,2,525,random_fold,3.4187098067467865,3.646166413043005
Ridge,RandomKFold,2,534,random_fold,2.559550192783766,2.5329505080922927
Ridge,RandomKFold,2,547,random_fold,2.2512917986064953,2.127655305927364
Ridge,RandomKFold,2,552,random_fold,2.2364452904895007,2.1097455808207495
Ridge,RandomKFold,2,578,random_fold,3.8588331769140267,3.9497826525912894
Ridge,RandomKFold,2,585,random_fold,2.4612967841488667,2.4069193474998842
Ridge,RandomKFold,2,611,random_fold,3.537765824444175,3.443320887242632
Ridge,RandomKFold,2,622,random_fold,2.9967317738870745,2.827534552313323
Ridge,RandomKFold,2,625,random_fold,2.8553201198372458,2.6288499204779554
Ridge,RandomKFold,2,631,random_fold,3.0726933146901194,3.060299629381668
Ridge,RandomKFold,2,648,random_fold,1.4770487243883548,1.5710420628537332
Ridge,RandomKFold,2,649,random_fold,1.4586150226995167,1.5278738295892573
Ridge,RandomKFold,2,658,random_fold,0.7561219797213337,1.090993167332957
Ridge,RandomKFold,2,666,random_fold,2.0781907597781832,1.916216607141573
Ridge,RandomKFold,2,668,random_fold,2.2502386126218363,2.210296907625985
Ridge,RandomKFold,2,690,random_fold,2.532902848056256,2.401011326805135
Ridge,RandomKFold,2,709,random_fold,-0.4155154439616658,-0.09706102601517363
Ridge,RandomKFold,2,725,random_fold,1.1184149159642893,1.1727863467246513
Ridge,RandomKFold,2,732,random_fold,1.0188473201992472,0.9889397209907453
Ridge,RandomKFold,2,739,random_fold,1.085189268335969,1.3143640660245057
Ridge,RandomKFold,2,740,random_fold,1.0473189942805592,1.089599823665849
Ridge,RandomKFold,2,741,random_fold,1.0612565021243408,1.1567035749980634
Ridge,RandomKFold,2,748,random_fold,0.883767540168595,0.8211669156298624
Ridge,RandomKFold,2,754,random_fold,2.7265447837383743,2.6221368024586043
Ridge,RandomKFold,2,768,random_fold,2.0515563381903004,1.8325411815005679
Ridge,RandomKFold,2,784,random_fold,1.0188473201992472,1.3815940517379899
Ridge,RandomKFold,2,791,random_fold,0.25464221837358075,0.5146612456894428
Ridge,RandomKFold,2,794,random_fold,0.23901690047049992,0.44467521436783164
Ridge,RandomKFold,3,6,random_fold,1.9387416595767009,1.8700446761009974
Ridge,RandomKFold,3,28,random_fold,3.388787361585474,3.79234025159248
Ridge,RandomKFold,3,44,random_fold,1.8779371654691073,1.8332007202070746
Ridge,RandomKFold,3,55,random_fold,2.191653532286764,1.9203197382459236
Ridge,RandomKFold,3,60,random_fold,2.018895041811802,1.8282880655844262
Ridge,RandomKFold,3,69,random_fold,0.7839015438284094,1.596937033682067
Ridge,RandomKFold,3,70,random_fold,0.7839015438284094,1.596937033682067
Ridge,RandomKFold,3,73,random_fold,1.589235205116581,1.633811229358087
Ridge,RandomKFold,3,79,random_fold,2.192770226986839,1.980003169256436
Ridge,RandomKFold,3,82,random_fold,2.1174596088673567,1.9344252951261294
Ridge,RandomKFold,3,90,random_fold,1.9459101490553132,1.8415872959204624
Ridge,RandomKFold,3,131,random_fold,0.7419373447293773,1.5670858922686812
Ridge,RandomKFold,3,133,random_fold,1.884034745337226,1.7818458593214612
Ridge,RandomKFold,3,135,random_fold,1.9198594718553708,1.7818458593214612
Ridge,RandomKFold,3,136,random_fold,1.9198594718553708,1.7818458593214612
Ridge,RandomKFold,3,140,random_fold,1.8718021769015913,1.7818458593214612
Ridge,RandomKFold,3,145,random_fold,2.286455711064162,2.273899944141695
Ridge,RandomKFold,3,148,random_fold,2.254444717666111,2.3033576952766035
Ridge,RandomKFold,3,158,random_fold,2.1471001901536506,2.3175613626141933
Ridge,RandomKFold,3,164,random_fold,1.269760544863939,1.314916263618184
Ridge,RandomKFold,3,165,random_fold,1.2178757094949273,0.8822776121594309
Ridge,RandomKFold,3,181,random_fold,0.23111172096338664,1.165653862457804
Ridge,RandomKFold,3,193,random_fold,2.180417459019838,2.0604055226314832
Ridge,RandomKFold,3,204,random_fold,3.475067230228611,3.3716896548469144
Ridge,RandomKFold,3,220,random_fold,2.0095554142156695,1.7213743475021448
Ridge,RandomKFold,3,234,random_fold,2.125847914493992,2.153093438189172
Ridge,RandomKFold,3,244,random_fold,2.315501318260592,1.9550991845333359
Ridge,RandomKFold,3,247,random_fold,2.1090003439213802,1.3872887769144975
Ridge,RandomKFold,3,265,random_fold,4.183423245305645,4.66015281296883
Ridge,RandomKFold,3,266,random_fold,3.85946575468947,4.715117785014879
Ridge,RandomKFold,3,285,random_fold,1.1939224684724346,1.0843366047127554
Ridge,RandomKFold,3,290,random_fold,1.4701758451005926,1.7722560993861487
Ridge,RandomKFold,3,291,random_fold,2.3589654264301534,2.6809696859052488
Ridge,RandomKFold,3,294,random_fold,3.2433732964685884,3.2538431509279517
Ridge,RandomKFold,3,296,random_fold,3.3683297780365384,3.4510331135433687
Ridge,RandomKFold,3,299,random_fold,3.267284964075888,3.3959175421106043
Ridge,RandomKFold,3,306,random_fold,3.449987545831587,3.418507479910776
Ridge,RandomKFold,3,311,random_fold,2.848970892158587,3.107724519207477
Ridge,RandomKFold,3,314,random_fold,3.597860055726768,3.4718267125507416
Ridge,RandomKFold,3,319,random_fold,3.0430928449138284,3.118894086233695
Ridge,RandomKFold,3,331,random_fold,3.1059310658520665,3.4456329146459113
Ridge,RandomKFold,3,342,random_fold,3.9495114498391377,3.610334826935498
Ridge,RandomKFold,3,350,random_fold,3.885679030088544,4.097102834043321
Ridge,RandomKFold,3,352,random_fold,2.93651291389402,2.9144941156832465
Ridge,RandomKFold,3,357,random_fold,3.349904087274605,3.320885109214571
Ridge,RandomKFold,3,362,random_fold,2.307572634505085,3.0143458878701423
Ridge,RandomKFold,3,380,random_fold,2.911263116927541,2.7139637790360287
Ridge,RandomKFold,3,383,random_fold,2.8237570088141806,2.848111563888609
Ridge,RandomKFold,3,404,random_fold,3.6041382256588457,3.6424416659741468
Ridge,RandomKFold,3,409,random_fold,3.4989288701554906,3.4324145739849827
Ridge,RandomKFold,3,423,random_fold,4.491441420659749,4.3995495364273305
Ridge,RandomKFold,3,429,random_fold,4.297285406218791,4.156450367441582
Ridge,RandomKFold,3,442,random_fold,4.357349646961441,4.316265834092322
Ridge,RandomKFold,3,443,random_fold,4.212868064406208,4.049333849529327
Ridge,RandomKFold,3,444,random_fold,4.1034694699991014,3.995834548546773
Ridge,RandomKFold,3,477,random_fold,4.418479096676194,4.484853253336647
Ridge,RandomKFold,3,486,random_fold,3.766071949943842,3.937935796467983
Ridge,RandomKFold,3,507,random_fold,4.090838422892813,4.057015530027176
Ridge,RandomKFold,3,523,random_fold,3.0726933146901194,2.290722853147165
Ridge,RandomKFold,3,527,random_fold,3.4151002868311466,3.407055156910256
Ridge,RandomKFold,3,535,random_fold,2.468099531471619,2.3801326717438434
Ridge,RandomKFold,3,537,random_fold,2.4344901638739844,2.363403737430364
Ridge,RandomKFold,3,557,random_fold,2.2082744135228043,2.075840170221408
Ridge,RandomKFold,3,558,random_fold,2.1972245773362196,2.0536700963387324
Ridge,RandomKFold,3,567,random_fold,3.711618941083426,3.6348776331160932
Ridge,RandomKFold,3,572,random_fold,3.6184569898173904,3.3872341956930834
Ridge,RandomKFold,3,579,random_fold,3.802654468372781,3.6806218696042103
Ridge,RandomKFold,3,589,random_fold,2.3933394562625097,2.3856256890194407
Ridge,RandomKFold,3,605,random_fold,2.4069451083182885,2.3340712764895386
Ridge,RandomKFold,3,610,random_fold,3.535145354171894,3.4692981036174917
Ridge,RandomKFold,3,628,random_fold,3.1450139762697455,3.019867456098477
Ridge,RandomKFold,3,635,random_fold,2.9601050959108397,2.1337679010198363
Ridge,RandomKFold,3,693,random_fold,3.996364153861897,4.062893459223339
Ridge,RandomKFold,3,695,random_fold,3.8958936234982624,3.8270023084592744
Ridge,RandomKFold,3,719,random_fold,0.959350221334602,0.5230713818428212
Ridge,RandomKFold,3,723,random_fold,1.0296194171811581,1.0147744175415192
Ridge,RandomKFold,3,734,random_fold,1.0715836162801904,1.1900606550138986
Ridge,RandomKFold,3,742,random_fold,1.1184149159642893,1.0144486952553298
Ridge,RandomKFold,3,761,random_fold,2.3085671646715933,2.2478465229860283
Ridge,RandomKFold,3,765,random_fold,2.1587147225743437,2.1035182383750852
Ridge,RandomKFold,3,781,random_fold,3.3648791189880436,3.1554733206398042
Ridge,RandomKFold,4,11,random_fold,1.8453002361560848,1.7885266240074646
Ridge,RandomKFold,4,18,random_fold,3.586292865338835,3.719925044587611
Ridge,RandomKFold,4,24,random_fold,3.349904087274605,3.1282466595361385
Ridge,RandomKFold,4,41,random_fold,2.122261538862764,1.8813672383039723
Ridge,RandomKFold,4,42,random_fold,2.122261538862764,1.8813672383039723
Ridge,RandomKFold,4,43,random_fold,1.8779371654691073,1.7889124175429987
Ridge,RandomKFold,4,51,random_fold,0.883767540168595,1.5926361638594835
Ridge,RandomKFold,4,56,random_fold,2.1150499691472033,1.8691101477679528
Ridge,RandomKFold,4,61,random_fold,2.018895041811802,1.8228878193838587
Ridge,RandomKFold,4,74,random_fold,1.589235205116581,1.6481389050011948
Ridge,RandomKFold,4,83,random_fold,2.1174596088673567,1.9378539044862726
Ridge,RandomKFold,4,89,random_fold,1.9459101490553132,1.8454490891876203
Ridge,RandomKFold,4,92,random_fold,1.7119945007591924,1.7539329002092598
Ridge,RandomKFold,4,104,random_fold,2.0068708488450007,1.8572532155534582
Ridge,RandomKFold,4,108,random_fold,1.9065751436566365,1.811028131393219
Ridge,RandomKFold,4,114,random_fold,1.2837077723447896,1.627033044949804
Ridge,RandomKFold,4,132,random_fold,0.7419373447293773,1.5582652115274038
Ridge,RandomKFold,4,163,random_fold,1.3428648031925547,1.3660945789274936
Ridge,RandomKFold,4,167,random_fold,1.2383742310432684,1.2114590877626068
Ridge,RandomKFold,4,176,random_fold,1.425515074273172,1.6218119423835782
Ridge,RandomKFold,4,177,random_fold,1.4655675420143985,1.5563065572287003
Ridge,RandomKFold,4,178,random_fold,1.4327007339340465,1.5238048402950444
Ridge,RandomKFold,4,182,random_fold,2.0541237336955462,2.209059496964552
Ridge,RandomKFold,4,223,random_fold,2.516889695641051,2.855611690014111
Ridge,RandomKFold,4,248,random_fold,1.891604804197771,1.402846024515209
Ridge,RandomKFold,4,257,random_fold,2.1972245773362196,2.185642314512557
Ridge,RandomKFold,4,260,random_fold,2.0769384114617173,2.2397168978277278
Ridge,RandomKFold,4,264,random_fold,4.0975062255596795,4.234262427351679
Ridge,RandomKFold,4,275,random_fold,2.9801108926510342,3.074550168012004
Ridge,RandomKFold,4,286,random_fold,1.2383742310432684,1.1175260860600091
Ridge,RandomKFold,4,302,random_fold,3.367640598133313,3.1512006233682106
Ridge,RandomKFold,4,333,random_fold,3.1315734964654043,3.360736657179114
Ridge,RandomKFold,4,336,random_fold,4.06009812349351,3.7914349451171754
Ridge,RandomKFold,4,346,random_fold,4.079569276639947,4.058221838064675
Ridge,RandomKFold,4,355,random_fold,2.72785282839839,2.1371041936891597
Ridge,RandomKFold,4,360,random_fold,3.5681232529781366,2.942560742397596
Ridge,RandomKFold,4,365,random_fold,3.0469005601283903,2.8610869776120587
Ridge,RandomKFold,4,377,random_fold,3.2136622578153133,3.1210988049435713
Ridge,RandomKFold,4,412,random_fold,3.4697901731277674,3.2880087920989842
Ridge,RandomKFold,4,426,random_fold,4.409763389645481,4.612054447680299
Ridge,RandomKFold,4,428,random_fold,4.248495242049359,4.03797443744032
Ridge,RandomKFold,4,432,random_fold,4.114963849424837,4.009591792616561
Ridge,RandomKFold,4,433,random_fold,4.45143608604605,4.420911635934003
Ridge,RandomKFold,4,434,random_fold,4.388257184424518,4.2876055956729315
Ridge,RandomKFold,4,439,random_fold,4.430816798843313,4.143924610214352
Ridge,RandomKFold,4,445,random_fold,4.1034694699991014,4.253472996766534
Ridge,RandomKFold,4,448,random_fold,4.1034694699991014,4.0626487431464025
Ridge,RandomKFold,4,450,random_fold,4.366278277705742,4.1565024174458856
Ridge,RandomKFold,4,464,random_fold,3.6407390787860012,3.5091562538157643
Ridge,RandomKFold,4,473,random_fold,4.370712874773608,4.1722655050838116
Ridge,RandomKFold,4,490,random_fold,3.998017198595007,4.230537325927019
Ridge,RandomKFold,4,495,random_fold,3.2913825156549485,2.5981695254998227
Ridge,RandomKFold,4,497,random_fold,3.436564525499447,3.443321473217451
Ridge,RandomKFold,4,499,random_fold,3.708682081410116,3.5227056327069075
Ridge,RandomKFold,4,521,random_fold,3.66612246699132,3.717076463069999
Ridge,RandomKFold,4,531,random_fold,1.2029723039923526,1.2980147744054793
Ridge,RandomKFold,4,533,random_fold,2.612273245708441,2.598555353483831
Ridge,RandomKFold,4,538,random_fold,2.3841650799864684,2.2160858501613414
Ridge,RandomKFold,4,542,random_fold,2.435366204227864,2.3775496857193605
Ridge,RandomKFold,4,549,random_fold,2.28949985344539,2.0754598051078994
Ridge,RandomKFold,4,571,random_fold,3.6901286735143684,3.6714065071683537
Ridge,RandomKFold,4,587,random_fold,2.4714836294558595,2.4876673226740458
Ridge,RandomKFold,4,594,random_fold,2.479894107964456,2.5763539645688436
Ridge,RandomKFold,4,616,random_fold,3.494384096388273,3.6376001769962327
Ridge,RandomKFold,4,617,random_fold,3.4461707473048864,3.3992228580910853
Ridge,RandomKFold,4,630,random_fold,3.1578511230304263,3.096996852066004
Ridge,RandomKFold,4,644,random_fold,1.965712776351493,1.8769291191393631
Ridge,RandomKFold,4,650,random_fold,1.1184149159642893,1.2958817533269376
Ridge,RandomKFold,4,651,random_fold,0.959350221334602,1.1812348613979633
Ridge,RandomKFold,4,656,random_fold,1.589235205116581,1.5190273974298196
Ridge,RandomKFold,4,692,random_fold,1.7544036826842861,1.5624145480228098
Ridge,RandomKFold,4,696,random_fold,3.899950424193877,3.8208624998912186
Ridge,RandomKFold,4,707,random_fold,4.664853188149265,4.890344682446117
Ridge,RandomKFold,4,714,random_fold,1.0715836162801904,1.2783730935252595
Ridge,RandomKFold,4,737,random_fold,0.9242589015233319,0.6515591774937013
Ridge,RandomKFold,4,738,random_fold,1.1085626195212777,1.2785623664724626
Ridge,RandomKFold,4,753,random_fold,2.739548868161581,2.6276074782515693
Ridge,RandomKFold,4,764,random_fold,2.089391872533004,2.271288647558105
Ridge,RandomKFold,4,771,random_fold,4.850153503906757,4.980105797510808
Ridge,RandomKFold,4,780,random_fold,3.395514598526657,3.2529835969583374
Ridge,RandomKFold,4,802,random_fold,2.784393767689544,2.922381522727855
Ridge,RandomKFold,5,0,random_fold,1.9530276168241774,1.9142016159428226
Ridge,RandomKFold,5,3,random_fold,1.9600947840472698,1.892661723487505
Ridge,RandomKFold,5,9,random_fold,1.843719208158766,1.8037429971706604
Ridge,RandomKFold,5,15,random_fold,2.3513752571634776,2.3289800947413672
Ridge,RandomKFold,5,22,random_fold,3.6584202466292277,3.5856311188971155
Ridge,RandomKFold,5,46,random_fold,2.122261538862764,1.8564333071169958
Ridge,RandomKFold,5,68,random_fold,0.7839015438284094,1.5933659083082152
Ridge,RandomKFold,5,75,random_fold,1.2584609896100056,1.5524975076355834
Ridge,RandomKFold,5,88,random_fold,1.9459101490553132,1.851208475740806
Ridge,RandomKFold,5,93,random_fold,1.7119945007591924,1.7641299836492887
Ridge,RandomKFold,5,116,random_fold,2.1644717908644115,1.8582289734611712
Ridge,RandomKFold,5,117,random_fold,2.1644717908644115,1.8582289734611712
Ridge,RandomKFold,5,125,random_fold,1.7698546338400052,1.7271126713867375
Ridge,RandomKFold,5,144,random_fold,2.254444717666111,2.3161215419831955
Ridge,RandomKFold,5,153,random_fold,2.162172939277301,2.232246556396203
Ridge,RandomKFold,5,184,random_fold,2.064327903869788,1.7129651660774157
Ridge,RandomKFold,5,188,random_fold,1.6770965609079151,1.557576274761875
Ridge,RandomKFold,5,203,random_fold,3.497718948652777,3.506243920450334
Ridge,RandomKFold,5,221,random_fold,2.768204123921957,2.7875358061956748
Ridge,RandomKFold,5,228,random_fold,2.2793164660546914,2.394512329727495
Ridge,RandomKFold,5,236,random_fold,2.5930133911138515,2.449885881052677
Ridge,RandomKFold,5,237,random_fold,2.3350522831315472,2.376594206473983
Ridge,RandomKFold,5,238,random_fold,2.448415541205585,2.376594206473983
Ridge,RandomKFold,5,249,random_fold,2.590767040487478,2.6042237949335845
Ridge,RandomKFold,5,256,random_fold,2.3085671646715933,2.3979523179482367
Ridge,RandomKFold,5,268,random_fold,4.039360253889341,4.038496280648036
Ridge,RandomKFold,5,271,random_fold,3.4391352210025476,3.204136076338149
Ridge,RandomKFold,5,274,random_fold,2.87976009730157,2.7336868053498486
Ridge,RandomKFold,5,277,random_fold,2.775708849576025,2.9137781183208986
Ridge,RandomKFold,5,278,random_fold,2.643333886382519,2.833905298681392
Ridge,RandomKFold,5,284,random_fold,0.7608058290337602,0.9691954455611302
Ridge,RandomKFold,5,289,random_fold,0.14842000511827322,0.5866194772931026
Ridge,RandomKFold,5,307,random_fold,3.339676525013905,3.328011442196104
Ridge,RandomKFold,5,310,random_fold,3.440097530619712,3.397811244810534
Ridge,RandomKFold,5,318,random_fold,3.2902658209548736,3.1600705742383806
Ridge,RandomKFold,5,324,random_fold,3.9577608971019997,3.8780662417043166
Ridge,RandomKFold,5,340,random_fold,3.3975239762958465,3.705134720373768
Ridge,RandomKFold,5,349,random_fold,3.6136169696133895,3.9716400713483937
Ridge,RandomKFold,5,361,random_fold,3.475067230228611,3.1397894535335156
Ridge,RandomKFold,5,369,random_fold,3.4995332823830174,3.120117714634143
Ridge,RandomKFold,5,398,random_fold,3.0619880693310564,3.059939103881634
Ridge,RandomKFold,5,405,random_fold,3.5553480614894135,3.617047296759483
Ridge,RandomKFold,5,422,random_fold,4.637153231841142,4.564073126369219
Ridge,RandomKFold,5,436,random_fold,3.9740583963475986,3.9331824211305566
Ridge,RandomKFold,5,453,random_fold,3.9930498440705193,3.9831725619414193
Ridge,RandomKFold,5,457,random_fold,3.9207845110967185,3.951608052125076
Ridge,RandomKFold,5,465,random_fold,3.7697679578472747,3.87719129733404
Ridge,RandomKFold,5,467,random_fold,3.6407390787860012,3.8878469195215892
Ridge,RandomKFold,5,493,random_fold,4.124388683570477,4.14976079175862
Ridge,RandomKFold,5,500,random_fold,3.636269503841639,3.507216649769691
Ridge,RandomKFold,5,514,random_fold,3.883623530906448,3.9533757723724383
Ridge,RandomKFold,5,516,random_fold,4.053522567701846,4.039933787023304
Ridge,RandomKFold,5,530,random_fold,1.4036429994545037,1.2954251375260426
Ridge,RandomKFold,5,532,random_fold,2.642622395779755,2.8879002163045207
Ridge,RandomKFold,5,543,random_fold,2.2617630984737906,2.298603136535288
Ridge,RandomKFold,5,554,random_fold,2.2364452904895007,2.0404188847913143
Ridge,RandomKFold,5,569,random_fold,3.8588331769140267,3.662623323021619
Ridge,RandomKFold,5,570,random_fold,3.773220602547687,3.864737645648879
Ridge,RandomKFold,5,580,random_fold,3.7428940424201746,3.46547270605151
Ridge,RandomKFold,5,581,random_fold,2.5079719227189963,2.4497589522916057
Ridge,RandomKFold,5,583,random_fold,2.4782176616372036,2.5259340284319816
Ridge,RandomKFold,5,588,random_fold,2.424802725718295,2.4378965393057213
Ridge,RandomKFold,5,613,random_fold,3.1834558796369405,3.3016579689147183
Ridge,RandomKFold,5,624,random_fold,2.913437030827161,2.837906520867712
Ridge,RandomKFold,5,629,random_fold,3.1867657709499673,3.02006994669257
Ridge,RandomKFold,5,633,random_fold,3.1424266527047946,3.02006994669257
Ridge,RandomKFold,5,641,random_fold,0.8878912573524571,1.415621648519374
Ridge,RandomKFold,5,652,random_fold,1.6448050562713916,1.8780374954337704
Ridge,RandomKFold,5,653,random_fold,1.4445632692438664,1.354519927542945
Ridge,RandomKFold,5,664,random_fold,2.145931282948669,2.047582669145176
Ridge,RandomKFold,5,669,random_fold,2.162172939277301,1.938940757562599
Ridge,RandomKFold,5,675,random_fold,1.7083778602890038,1.9871305092470908
Ridge,RandomKFold,5,678,random_fold,1.9851308622085946,2.0843267128608143
Ridge,RandomKFold,5,685,random_fold,1.851599469584072,1.82954174950041
Ridge,RandomKFold,5,694,random_fold,3.9627161197436642,4.010468957714877
Ridge,RandomKFold,5,704,random_fold,5.084938485288739,5.009917535354067
Ridge,RandomKFold,5,730,random_fold,1.1631508098056809,1.2433795936383194
Ridge,RandomKFold,5,783,random_fold,1.0296194171811581,1.3210276441018056
Ridge,RandomKFold,5,788,random_fold,0.6418538861723947,0.5682305421021407
Ridge,RandomKFold,5,795,random_fold,3.0081547935525483,3.015892126907458
Ridge,RandomKFold,6,12,random_fold,2.714694743820879,2.930749646283198
Ridge,RandomKFold,6,17,random_fold,2.151762203259462,1.9809618615368816
Ridge,RandomKFold,6,19,random_fold,3.6454498961866,3.745484820188906
Ridge,RandomKFold,6,25,random_fold,3.3141860046725258,3.1875178625282268
Ridge,RandomKFold,6,38,random_fold,2.244955980157409,2.08652566157119
Ridge,RandomKFold,6,50,random_fold,1.5602476682433286,1.6750944851394551
Ridge,RandomKFold,6,57,random_fold,2.1150499691472033,1.8575627175601372
Ridge,RandomKFold,6,59,random_fold,2.018895041811802,1.8117200304818941
Ridge,RandomKFold,6,100,random_fold,2.1102132003465894,1.8922793290914917
Ridge,RandomKFold,6,107,random_fold,1.9065751436566365,1.80059274311867
Ridge,RandomKFold,6,113,random_fold,1.2837077723447896,1.6181421757984762
Ridge,RandomKFold,6,124,random_fold,1.7698546338400052,1.731151366932659
Ridge,RandomKFold,6,126,random_fold,1.7698546338400052,1.731151366932659
Ridge,RandomKFold,6,127,random_fold,1.4085449700547104,1.6403737970464496
Ridge,RandomKFold,6,141,random_fold,3.653511310276145,3.4525964579779895
Ridge,RandomKFold,6,142,random_fold,3.402196881995239,3.294256825811647
Ridge,RandomKFold,6,149,random_fold,2.187174241482718,2.275461678551904
Ridge,RandomKFold,6,154,random_fold,2.1041341542702074,2.2149534252068634
Ridge,RandomKFold,6,169,random_fold,1.0612565021243408,0.9754963874812626
Ridge,RandomKFold,6,172,random_fold,1.6448050562713916,2.164123030893936
Ridge,RandomKFold,6,173,random_fold,1.6448050562713916,2.164123030893936
Ridge,RandomKFold,6,175,random_fold,1.589235205116581,1.7124805037580448
Ridge,RandomKFold,6,179,random_fold,1.1908875647772805,1.4937790792451686
Ridge,RandomKFold,6,185,random_fold,1.9286186519452522,1.7566810352805469
Ridge,RandomKFold,6,195,random_fold,1.9685099809725544,1.9901823380013264
Ridge,RandomKFold,6,222,random_fold,2.6239436918052106,2.796297419624918
Ridge,RandomKFold,6,245,random_fold,2.2126603854660587,1.8902554844362327
Ridge,RandomKFold,6,261,random_fold,2.0294631718735947,2.1195095006740936
Ridge,RandomKFold,6,263,random_fold,4.212127597878484,4.1824707898759925
Ridge,RandomKFold,6,272,random_fold,3.3683297780365384,3.180040097978413
Ridge,RandomKFold,6,280,random_fold,1.4701758451005926,1.7712191239985766
Ridge,RandomKFold,6,287,random_fold,0.9669838461896731,0.7872639243366493
Ridge,RandomKFold,6,298,random_fold,3.4732079176384274,3.447984805757504
Ridge,RandomKFold,6,304,random_fold,3.4790839203192268,3.3824872885536585
Ridge,RandomKFold,6,305,random_fold,3.4719664525503626,3.3824872885536585
Ridge,RandomKFold,6,312,random_fold,3.6425737012374246,3.6570997737729503
Ridge,RandomKFold,6,320,random_fold,4.06457240388843,3.9289676805267346
Ridge,RandomKFold,6,321,random_fold,4.06457240388843,3.9289676805267346
Ridge,RandomKFold,6,341,random_fold,3.7140597526442347,3.7570644807561466
Ridge,RandomKFold,6,353,random_fold,2.954910279033736,2.9188603919287193
Ridge,RandomKFold,6,354,random_fold,2.9258461460898246,2.696148642961304
Ridge,RandomKFold,6,359,random_fold,3.214867803470662,2.9487057615701793
Ridge,RandomKFold,6,370,random_fold,3.328985047548231,3.26881352791812
Ridge,RandomKFold,6,371,random_fold,3.0440461338325417,3.202958478684505
Ridge,RandomKFold,6,390,random_fold,2.7093826463359885,2.4780529065020107
Ridge,RandomKFold,6,399,random_fold,2.995732273553991,3.0052234698548292
Ridge,RandomKFold,6,407,random_fold,3.5564902660681907,3.533623297939355
Ridge,RandomKFold,6,408,random_fold,3.5801800371905954,3.467040989056784
Ridge,RandomKFold,6,416,random_fold,1.3480731482996928,1.7498898069829327
Ridge,RandomKFold,6,430,random_fold,4.366278277705742,4.545305839488993
Ridge,RandomKFold,6,431,random_fold,4.388257184424518,4.198433491129844
Ridge,RandomKFold,6,449,random_fold,4.1034694699991014,3.95532310503427
Ridge,RandomKFold,6,456,random_fold,3.9930498440705193,3.8154314241683744
Ridge,RandomKFold,6,478,random_fold,4.145987795373939,4.170058912904057
Ridge,RandomKFold,6,479,random_fold,4.312408567793012,4.436412345596577
Ridge,RandomKFold,6,487,random_fold,3.634159241913703,3.901634728148936
Ridge,RandomKFold,6,501,random_fold,3.5567756134805992,3.4281474352528
Ridge,RandomKFold,6,526,random_fold,3.4041928906419536,3.4022984109389385
Ridge,RandomKFold,6,544,random_fold,1.308332819650179,2.2746520027944026
Ridge,RandomKFold,6,551,random_fold,2.231089091288976,2.132734723466
Ridge,RandomKFold,6,586,random_fold,2.510411940196362,2.5104430991115114
Ridge,RandomKFold,6,602,random_fold,2.517696472610991,2.578409877621422
Ridge,RandomKFold,6,618,random_fold,3.5251833614431467,3.354032177729108
Ridge,RandomKFold,6,638,random_fold,1.7029282555214393,1.9135484422572815
Ridge,RandomKFold,6,657,random_fold,1.4655675420143985,1.360461264567642
Ridge,RandomKFold,6,667,random_fold,2.057962510002712,1.8584700669782621
Ridge,RandomKFold,6,672,random_fold,1.9300710850255671,1.7096385295849927
Ridge,RandomKFold,6,676,random_fold,1.7749523509116738,1.7833276232002646
Ridge,RandomKFold,6,680,random_fold,1.7647307968401356,1.691480539424349
Ridge,RandomKFold,6,718,random_fold,0.5766133643039938,0.2912606691214026
Ridge,RandomKFold,6,722,random_fold,0.9001613499442714,0.48334031105190656
Ridge,RandomKFold,6,743,random_fold,1.085189268335969,1.2052375072901145
Ridge,RandomKFold,6,749,random_fold,0.8241754429663494,0.6513321539092793
Ridge,RandomKFold,6,750,random_fold,1.0438040521731147,0.9282895130695159
Ridge,RandomKFold,6,755,random_fold,2.644044871126298,2.6599044942249432
Ridge,RandomKFold,6,774,random_fold,4.852108385868018,4.925857430314277
Ridge,RandomKFold,6,787,random_fold,0.7030975114131134,0.4976172089889861
Ridge,RandomKFold,6,793,random_fold,0.44468582126144574,0.3393090280971043
Ridge,RandomKFold,6,796,random_fold,2.876948737564024,2.8944219132271214
Ridge,RandomKFold,6,803,random_fold,2.756205242989257,2.915168716709621
Ridge,RandomKFold,7,5,random_fold,1.9344157696295783,1.864848430680353
Ridge,RandomKFold,7,8,random_fold,1.8870696490323797,1.8363647358677806
Ridge,RandomKFold,7,16,random_fold,2.451005098112319,2.4633281039064205
Ridge,RandomKFold,7,26,random_fold,3.5145260669691587,3.800933466937461
Ridge,RandomKFold,7,37,random_fold,2.244955980157409,2.0565891573368598
Ridge,RandomKFold,7,45,random_fold,2.122261538862764,1.8379405212170372
Ridge,RandomKFold,7,48,random_fold,1.9154509415706047,1.7515984670502471
Ridge,RandomKFold,7,53,random_fold,2.191653532286764,1.8803534421763397
Ridge,RandomKFold,7,94,random_fold,1.3711807233098425,1.6748267488702857
Ridge,RandomKFold,7,103,random_fold,2.0068708488450007,1.8422972928225287
Ridge,RandomKFold,7,111,random_fold,1.5748464676644813,1.7135545171076547
Ridge,RandomKFold,7,115,random_fold,2.1644717908644115,1.8328416313011515
Ridge,RandomKFold,7,119,random_fold,2.057962510002712,1.7904274904007274
Ridge,RandomKFold,7,151,random_fold,2.254444717666111,2.241840464501876
Ridge,RandomKFold,7,152,random_fold,2.162172939277301,2.2400602970685033
Ridge,RandomKFold,7,157,random_fold,2.2935443483418965,2.212005880255705
Ridge,RandomKFold,7,162,random_fold,1.2178757094949273,1.356122141077056
Ridge,RandomKFold,7,171,random_fold,1.269760544863939,1.5423515783402837
Ridge,RandomKFold,7,180,random_fold,0.7608058290337602,1.2418262346643578
Ridge,RandomKFold,7,190,random_fold,2.2935443483418965,2.3437266336223583
Ridge,RandomKFold,7,194,random_fold,2.0731719286662407,1.9797036888015809
Ridge,RandomKFold,7,207,random_fold,2.5376572151735295,2.6321829312977836
Ridge,RandomKFold,7,225,random_fold,2.853015971352396,2.6860771421026417
Ridge,RandomKFold,7,226,random_fold,2.4807312783775197,2.6860771421026417
Ridge,RandomKFold,7,229,random_fold,2.6973262377392344,2.5179276767003644
Ridge,RandomKFold,7,255,random_fold,2.432735777459091,2.377655592162164
Ridge,RandomKFold,7,283,random_fold,0.4762341789963717,0.9789483178169633
Ridge,RandomKFold,7,301,random_fold,3.3456846717318967,3.450180975388736
Ridge,RandomKFold,7,322,random_fold,3.624874124138024,3.701099310294174
Ridge,RandomKFold,7,364,random_fold,3.065724645374026,3.1463070413416188
Ridge,RandomKFold,7,374,random_fold,3.5049566159530077,3.177083227512581
Ridge,RandomKFold,7,403,random_fold,3.6506582412937387,3.255410843590507
Ridge,RandomKFold,7,419,random_fold,1.6054298910365616,0.9457952701086669
Ridge,RandomKFold,7,421,random_fold,4.670489652108734,4.4390942087109755
Ridge,RandomKFold,7,437,random_fold,4.212868064406208,4.123860970203724
Ridge,RandomKFold,7,468,random_fold,3.472587377748828,3.5014035352796387
Ridge,RandomKFold,7,469,random_fold,3.471345141564237,3.5049587539806204
Ridge,RandomKFold,7,470,random_fold,3.2669037938787824,2.7399211355410373
Ridge,RandomKFold,7,480,random_fold,4.020159664032724,4.060001069900903
Ridge,RandomKFold,7,503,random_fold,4.174541104216377,4.073737680771725
Ridge,RandomKFold,7,511,random_fold,3.985087576285151,3.947756705771911
Ridge,RandomKFold,7,515,random_fold,4.0943445622221,4.107874729328121
Ridge,RandomKFold,7,519,random_fold,3.590715205326705,3.7301999395760124
Ridge,RandomKFold,7,539,random_fold,2.4672517145492794,2.4208388483248537
Ridge,RandomKFold,7,541,random_fold,2.244955980157409,2.2000305189964653
Ridge,RandomKFold,7,545,random_fold,2.2915241456346207,1.9632263038332316
Ridge,RandomKFold,7,575,random_fold,3.730501128804756,3.711873988609705
Ridge,RandomKFold,7,576,random_fold,3.662792119350618,3.4589368462351286
Ridge,RandomKFold,7,584,random_fold,2.4807312783775197,2.4638810720872013
Ridge,RandomKFold,7,593,random_fold,2.2512917986064953,2.3613948516003647
Ridge,RandomKFold,7,595,random_fold,2.468099531471619,2.4536859891500127
Ridge,RandomKFold,7,601,random_fold,2.580974118534234,2.652491469804172
Ridge,RandomKFold,7,608,random_fold,2.028148247292285,1.9841438677503525
Ridge,RandomKFold,7,615,random_fold,3.3669509429335642,3.4402681329344467
Ridge,RandomKFold,7,621,random_fold,3.1654750481410856,3.3548303487972584
Ridge,RandomKFold,7,623,random_fold,2.9601050959108397,3.0414143691358864
Ridge,RandomKFold,7,634,random_fold,3.109953417644014,3.2685162442368503
Ridge,RandomKFold,7,655,random_fold,1.6789639750827108,1.526879750973886
Ridge,RandomKFold,7,673,random_fold,1.9139771019523042,1.6919998465419854
Ridge,RandomKFold,7,677,random_fold,1.601405740736836,1.7020216396891437
Ridge,RandomKFold,7,688,random_fold,1.6845453849209058,1.7610402162913197
Ridge,RandomKFold,7,697,random_fold,3.7376696182833684,3.5490573373034637
Ridge,RandomKFold,7,703,random_fold,4.212720014957422,4.414834422275328
Ridge,RandomKFold,7,712,random_fold,-1.5606477482646683,-0.4522505469780924
Ridge,RandomKFold,7,713,random_fold,-0.12783337150988489,0.22327961390529172
Ridge,RandomKFold,7,729,random_fold,1.1052568313867783,1.1866552390974088
Ridge,RandomKFold,7,735,random_fold,1.0784095813505903,0.8973572520101278
Ridge,RandomKFold,7,745,random_fold,1.0116009116784799,1.090226728924798
Ridge,RandomKFold,7,757,random_fold,2.5241273629412815,2.380652256120653
Ridge,RandomKFold,7,760,random_fold,2.498973906999436,2.424065463675134
Ridge,RandomKFold,7,762,random_fold,2.25758772706331,2.2045442751878834
Ridge,RandomKFold,7,766,random_fold,1.9933388426264242,2.095260120499741
Ridge,RandomKFold,7,770,random_fold,4.782730425680335,5.036788998444532
Ridge,RandomKFold,7,772,random_fold,4.852108385868018,5.013171752704703
Ridge,RandomKFold,7,773,random_fold,4.850153503906757,5.068983513714224
Ridge,RandomKFold,7,775,random_fold,3.490428515390098,3.42383006289518
Ridge,RandomKFold,7,776,random_fold,3.5004392163118045,3.42383006289518
Ridge,RandomKFold,7,777,random_fold,3.414442608412176,3.4703281635306666
Ridge,RandomKFold,7,778,random_fold,3.4187098067467865,3.4703281635306666
Ridge,RandomKFold,7,789,random_fold,0.5538851132264376,0.5314442552949914
Ridge,RandomKFold,8,36,random_fold,1.9401794743463283,2.050547708508764
Ridge,RandomKFold,8,112,random_fold,1.2837077723447896,1.625783843089535
Ridge,RandomKFold,8,122,random_fold,1.9530276168241774,1.774427479802821
Ridge,RandomKFold,8,123,random_fold,1.9530276168241774,1.774427479802821
Ridge,RandomKFold,8,129,random_fold,1.4085449700547104,1.6375810548470484
Ridge,RandomKFold,8,143,random_fold,2.322387720290225,2.031893785895246
Ridge,RandomKFold,8,146,random_fold,2.2321626286975,2.2892114607293146
Ridge,RandomKFold,8,147,random_fold,2.329227023940467,2.2892114607293146
Ridge,RandomKFold,8,150,random_fold,2.2049722641270453,2.242358105638306
Ridge,RandomKFold,8,183,random_fold,2.0541237336955462,2.221152097167685
Ridge,RandomKFold,8,186,random_fold,1.7850704810772584,1.667067617516032
Ridge,RandomKFold,8,197,random_fold,1.8468787684491346,1.8713118247618152
Ridge,RandomKFold,8,202,random_fold,3.2824138456721883,3.2031205547889385
Ridge,RandomKFold,8,219,random_fold,1.6937790608678513,1.7680560396844645
Ridge,RandomKFold,8,224,random_fold,2.5733752977756086,2.8767346855712064
Ridge,RandomKFold,8,232,random_fold,2.102913897864978,2.305225260589021
Ridge,RandomKFold,8,233,random_fold,1.9080599249242156,2.1845210738299814
Ridge,RandomKFold,8,246,random_fold,1.9712993830601329,1.8900683644771918
Ridge,RandomKFold,8,253,random_fold,2.4865719291070616,2.429068059373005
Ridge,RandomKFold,8,258,random_fold,2.589266665112243,2.1808634579489037
Ridge,RandomKFold,8,262,random_fold,2.1736147116970854,2.1142101660489376
Ridge,RandomKFold,8,267,random_fold,4.089834406744215,3.9367199700250946
Ridge,RandomKFold,8,279,random_fold,2.567254391136754,2.707632532802349
Ridge,RandomKFold,8,282,random_fold,1.085189268335969,1.1583964312442632
Ridge,RandomKFold,8,293,random_fold,2.5862591440482876,2.5679471784451433
Ridge,RandomKFold,8,297,random_fold,3.4732079176384274,3.4492895325553334
Ridge,RandomKFold,8,303,random_fold,3.3565486299932736,3.5627855014253758
Ridge,RandomKFold,8,317,random_fold,3.206398303357088,3.330265801554437
Ridge,RandomKFold,8,325,random_fold,4.013676659154646,3.870828837835842
Ridge,RandomKFold,8,347,random_fold,4.1893516658004355,4.115005190623926
Ridge,RandomKFold,8,348,random_fold,4.053696163744291,4.053712400574361
Ridge,RandomKFold,8,358,random_fold,3.3690184832979204,3.188404342020486
Ridge,RandomKFold,8,373,random_fold,3.339321977944068,3.2795400817804414
Ridge,RandomKFold,8,376,random_fold,3.5004392163118045,3.477934674448959
Ridge,RandomKFold,8,384,random_fold,2.8524391037275145,2.7890688584712975
Ridge,RandomKFold,8,386,random_fold,2.65745841498615,2.5893708296990385
Ridge,RandomKFold,8,400,random_fold,3.0368742168851663,2.9213956287046567
Ridge,RandomKFold,8,402,random_fold,2.9090844668283187,2.8539001638958297
Ridge,RandomKFold,8,410,random_fold,3.537765824444175,3.367213807895851
Ridge,RandomKFold,8,414,random_fold,3.629660094453965,3.7655600173153516
Ridge,RandomKFold,8,415,random_fold,1.8562979903656263,2.306191515268182
Ridge,RandomKFold,8,438,random_fold,4.311470041210748,4.286946907989371
Ridge,RandomKFold,8,441,random_fold,4.311470041210748,4.040316645832068
Ridge,RandomKFold,8,452,random_fold,3.9930498440705193,3.842817700577667
Ridge,RandomKFold,8,463,random_fold,3.7697679578472747,3.90407740978534
Ridge,RandomKFold,8,472,random_fold,4.405010471064257,4.449047416945696
Ridge,RandomKFold,8,488,random_fold,4.233961566558017,4.287164861283331
Ridge,RandomKFold,8,496,random_fold,3.565298392342582,4.037677587616426
Ridge,RandomKFold,8,505,random_fold,4.152613470346076,4.227092548133652
Ridge,RandomKFold,8,509,random_fold,4.015301354881648,4.014669495112015
Ridge,RandomKFold,8,550,random_fold,2.2731562823032334,1.962858571125785
Ridge,RandomKFold,8,582,random_fold,2.488234439880675,2.5759825528249256
Ridge,RandomKFold,8,590,random_fold,2.4553061800117097,2.4365902555103833
Ridge,RandomKFold,8,591,random_fold,2.412335956953165,2.4230222251540843
Ridge,RandomKFold,8,604,random_fold,2.4765384001174837,2.4774360504787794
Ridge,RandomKFold,8,607,random_fold,2.150598735996164,2.174674204515911
Ridge,RandomKFold,8,609,random_fold,1.9726911717329554,2.1887375362705495
Ridge,RandomKFold,8,620,random_fold,3.080532875246456,3.22458125949026
Ridge,RandomKFold,8,626,random_fold,3.1978564576441255,3.39602055638455
Ridge,RandomKFold,8,627,random_fold,3.1642084235258925,3.1073081985674036
Ridge,RandomKFold,8,632,random_fold,3.1041381473977774,3.0468586647946774
Ridge,RandomKFold,8,636,random_fold,1.9726911717329554,2.2322937779190597
Ridge,RandomKFold,8,637,random_fold,1.922787731634459,1.9753992155652305
Ridge,RandomKFold,8,639,random_fold,1.6486586255873816,1.6873221418646809
Ridge,RandomKFold,8,640,random_fold,1.4883995840570443,1.626396009142396
Ridge,RandomKFold,8,665,random_fold,2.0955609235597192,2.017934408441599
Ridge,RandomKFold,8,679,random_fold,1.9906103279732201,1.8849257374970865
Ridge,RandomKFold,8,687,random_fold,1.7457155307266483,1.7641665380532046
Ridge,RandomKFold,8,715,random_fold,1.1019400787607843,1.2764551922926888
Ridge,RandomKFold,8,716,random_fold,-0.08338160893905101,0.38778561926481947
Ridge,RandomKFold,8,721,random_fold,1.0224509277025455,0.8959917812864415
Ridge,RandomKFold,8,728,random_fold,1.199964782928397,1.282820384679875
Ridge,RandomKFold,8,731,random_fold,1.1378330018213911,1.2482301273150613
Ridge,RandomKFold,8,733,random_fold,1.0885619528146082,1.1098789045247077
Ridge,RandomKFold,8,736,random_fold,1.0784095813505903,0.7294253001873614
Ridge,RandomKFold,8,746,random_fold,0.9631743177730056,0.9369472310384415
Ridge,RandomKFold,8,763,random_fold,2.0881534822818573,2.193812670593768
Ridge,RandomKFold,8,767,random_fold,2.017566137961748,1.9097627602480842
Ridge,RandomKFold,8,779,random_fold,3.4339872044851463,3.3758066437193914
Ridge,RandomKFold,8,785,random_fold,0.6931471805599453,0.6819776659811401
Ridge,RandomKFold,9,4,random_fold,1.9487632180377197,1.87456592554396
Ridge,RandomKFold,9,14,random_fold,2.312535423847214,2.2515921727940644
Ridge,RandomKFold,9,27,random_fold,3.4654233539614268,3.8705836282655426
Ridge,RandomKFold,9,32,random_fold,2.248128907197987,2.206328896435971
Ridge,RandomKFold,9,35,random_fold,1.9401794743463283,2.066083419821146
Ridge,RandomKFold,9,40,random_fold,2.21046980408624,1.9827216773195595
Ridge,RandomKFold,9,47,random_fold,1.9154509415706047,1.770693195222811
Ridge,RandomKFold,9,52,random_fold,0.883767540168595,1.5936507421847725
Ridge,RandomKFold,9,62,random_fold,1.891604804197771,1.770693195222811
Ridge,RandomKFold,9,64,random_fold,1.891604804197771,1.770693195222811
Ridge,RandomKFold,9,85,random_fold,2.020222182019865,1.883988620169116
Ridge,RandomKFold,9,95,random_fold,1.3711807233098425,1.6625879802716739
Ridge,RandomKFold,9,98,random_fold,2.178155014615869,1.9376811123013205
Ridge,RandomKFold,9,128,random_fold,1.4085449700547104,1.648152247886952
Ridge,RandomKFold,9,134,random_fold,1.884034745337226,1.770693195222811
Ridge,RandomKFold,9,138,random_fold,1.8961194845522977,1.770693195222811
Ridge,RandomKFold,9,156,random_fold,2.048982334195127,2.1644816713546176
Ridge,RandomKFold,9,159,random_fold,2.1186622548331173,2.301720651965432
Ridge,RandomKFold,9,170,random_fold,1.3029127521808397,1.5329427567520233
Ridge,RandomKFold,9,187,random_fold,1.8389610707123492,1.589559540065754
Ridge,RandomKFold,9,200,random_fold,3.507956918233689,3.556019307014094
Ridge,RandomKFold,9,206,random_fold,3.34779660493504,3.035174120057087
Ridge,RandomKFold,9,216,random_fold,2.248128907197987,2.068585851387705
Ridge,RandomKFold,9,217,random_fold,2.1713368063840917,2.093275271482394
Ridge,RandomKFold,9,230,random_fold,2.3532782073095637,2.545868589149281
Ridge,RandomKFold,9,240,random_fold,2.3194422100604686,2.2962807971311
Ridge,RandomKFold,9,242,random_fold,2.3617969526258915,2.2939338773158355
Ridge,RandomKFold,9,251,random_fold,2.4664031782234406,2.5691911808113677
Ridge,RandomKFold,9,269,random_fold,3.931041011263908,3.976005840079665
Ridge,RandomKFold,9,288,random_fold,0.8919980393051105,0.8658543661022804
Ridge,RandomKFold,9,295,random_fold,3.3013770463799443,3.23481768442827
Ridge,RandomKFold,9,337,random_fold,3.786913194385302,3.8015689838167637
Ridge,RandomKFold,9,378,random_fold,3.9627161197436642,3.7758376327381846
Ridge,RandomKFold,9,379,random_fold,3.772071045000701,3.8398728179755777
Ridge,RandomKFold,9,391,random_fold,2.5289235352047745,2.1419612718097722
Ridge,RandomKFold,9,392,random_fold,1.144222799920162,1.6750741958766278
Ridge,RandomKFold,9,397,random_fold,3.0368742168851663,3.0878581455497844
Ridge,RandomKFold,9,406,random_fold,3.5403794457954922,3.5999051669687616
Ridge,RandomKFold,9,418,random_fold,1.3217558399823195,1.6343105072926105
Ridge,RandomKFold,9,455,random_fold,3.9930498440705193,4.032610223783251
Ridge,RandomKFold,9,460,random_fold,3.9930498440705193,3.7652833992243204
Ridge,RandomKFold,9,461,random_fold,3.817712325956905,3.9491686829041917
Ridge,RandomKFold,9,471,random_fold,2.9496883350525844,3.436717052852352
Ridge,RandomKFold,9,489,random_fold,3.9527809979003137,3.9797044517396998
Ridge,RandomKFold,9,492,random_fold,4.360292142527875,4.428874822973793
Ridge,RandomKFold,9,498,random_fold,3.4339872044851463,3.421248110854686
Ridge,RandomKFold,9,502,random_fold,3.418054498728578,3.5344323025705426
Ridge,RandomKFold,9,520,random_fold,3.093312601892855,3.5981629630039675
Ridge,RandomKFold,9,524,random_fold,3.4255647381104497,3.2351928884951455
Ridge,RandomKFold,9,540,random_fold,2.3896797998449792,2.3358438194089977
Ridge,RandomKFold,9,546,random_fold,2.262804222982201,2.121110692814911
Ridge,RandomKFold,9,553,random_fold,2.1972245773362196,2.0772966602347775
Ridge,RandomKFold,9,556,random_fold,2.194999882314108,2.0650301508359026
Ridge,RandomKFold,9,563,random_fold,2.061786606441115,1.9441029600937811
Ridge,RandomKFold,9,573,random_fold,3.8975183192252643,3.6897824168792424
Ridge,RandomKFold,9,574,random_fold,3.7918872041881655,3.978494278008032
Ridge,RandomKFold,9,577,random_fold,3.934957976710642,3.679937201405335
Ridge,RandomKFold,9,592,random_fold,2.33214389523559,2.41072361476577
Ridge,RandomKFold,9,612,random_fold,3.3867603338643857,3.324983548248995
Ridge,RandomKFold,9,619,random_fold,3.4490347110763153,3.3102475852734474
Ridge,RandomKFold,9,642,random_fold,0.9555114450274363,1.3070473083839453
Ridge,RandomKFold,9,645,random_fold,1.8764069432883397,1.859811079014021
Ridge,RandomKFold,9,647,random_fold,1.7209792871670078,1.7172020842685396
Ridge,RandomKFold,9,654,random_fold,1.423108334242607,1.4417291722225913
Ridge,RandomKFold,9,674,random_fold,2.175887439948088,1.9458815895552153
Ridge,RandomKFold,9,682,random_fold,2.517696472610991,2.8022487134338294
Ridge,RandomKFold,9,683,random_fold,2.423031246069913,2.6526671368070667
Ridge,RandomKFold,9,684,random_fold,2.377692565480851,2.6330750635528295
Ridge,RandomKFold,9,689,random_fold,1.7833912195575383,1.8397919479843439
Ridge,RandomKFold,9,691,random_fold,2.413231613081109,2.2819551145504784
Ridge,RandomKFold,9,701,random_fold,4.557134736949535,4.594426237729004
Ridge,RandomKFold,9,708,random_fold,1.1019400787607843,1.2221678556765119
Ridge,RandomKFold,9,710,random_fold,-0.7765287894989963,-0.440298491986717
Ridge,RandomKFold,9,720,random_fold,1.091923300517313,0.9936238251825129
Ridge,RandomKFold,9,726,random_fold,1.2267122912954254,1.2942867958089637
Ridge,RandomKFold,9,744,random_fold,1.000631880307906,1.1538766931560565
Ridge,RandomKFold,9,756,random_fold,2.695977619867941,2.6406274561953818
Ridge,RandomKFold,9,782,random_fold,3.1135153092103742,2.855405393327286
Ridge,RandomKFold,9,792,random_fold,0.4824261492442928,0.43583493992772127
Ridge,RandomKFold,9,801,random_fold,2.6304489550786583,2.72585810235905
Ridge,RandomKFold,10,1,random_fold,1.9572739077056285,1.9064904657891186
Ridge,RandomKFold,10,13,random_fold,2.7536607123542622,2.944644110419174
Ridge,RandomKFold,10,20,random_fold,3.367295829986474,3.442638902263596
Ridge,RandomKFold,10,21,random_fold,3.6402142821326553,3.618318004823621
Ridge,RandomKFold,10,34,random_fold,2.248128907197987,2.1636373048624575
Ridge,RandomKFold,10,58,random_fold,2.1150499691472033,1.8561284804022278
Ridge,RandomKFold,10,71,random_fold,1.7850704810772584,1.7362563978874226
Ridge,RandomKFold,10,80,random_fold,2.192770226986839,1.9479206729408851
Ridge,RandomKFold,10,87,random_fold,2.020222182019865,1.8573941261575864
Ridge,RandomKFold,10,91,random_fold,1.7119945007591924,1.7211600892151542
Ridge,RandomKFold,10,99,random_fold,2.178155014615869,1.924443539880764
Ridge,RandomKFold,10,102,random_fold,2.1102132003465894,1.8796006376081305
Ridge,RandomKFold,10,105,random_fold,2.0068708488450007,1.8338838207360098
Ridge,RandomKFold,10,106,random_fold,1.9065751436566365,1.7881597443961486
Ridge,RandomKFold,10,121,random_fold,1.9530276168241774,1.7869378477061315
Ridge,RandomKFold,10,130,random_fold,0.7419373447293773,1.5591716935577147
Ridge,RandomKFold,10,160,random_fold,1.2267122912954254,1.8323889890486704
Ridge,RandomKFold,10,161,random_fold,1.3987168811184478,1.8323889890486704
Ridge,RandomKFold,10,166,random_fold,1.2809338454620642,1.0778961793070223
Ridge,RandomKFold,10,189,random_fold,1.6074359097634274,1.4131182761744576
Ridge,RandomKFold,10,191,random_fold,2.2935443483418965,2.300224131780883
Ridge,RandomKFold,10,201,random_fold,3.4015306594522756,3.3396233054138893
Ridge,RandomKFold,10,205,random_fold,3.4685444551217657,3.161207571299134
Ridge,RandomKFold,10,214,random_fold,2.1983350716202463,2.321183458117531
Ridge,RandomKFold,10,241,random_fold,2.2027647577118348,2.2895648576962264
Ridge,RandomKFold,10,243,random_fold,2.2213750375685026,2.0112441929967195
Ridge,RandomKFold,10,252,random_fold,2.522523513359307,2.5854853122306576
Ridge,RandomKFold,10,270,random_fold,3.891412051524022,3.8995018601245715
Ridge,RandomKFold,10,273,random_fold,2.9801108926510342,2.9515468535088694
Ridge,RandomKFold,10,276,random_fold,2.9801108926510342,3.057450566767644
Ridge,RandomKFold,10,308,random_fold,2.911263116927541,3.395887770105087
Ridge,RandomKFold,10,313,random_fold,3.832979798087693,3.654136788458282
Ridge,RandomKFold,10,315,random_fold,3.711618941083426,3.526746469758607
Ridge,RandomKFold,10,330,random_fold,3.5201649007261984,3.5104956748560774
Ridge,RandomKFold,10,339,random_fold,3.6410013738694724,3.7004414302073334
Ridge,RandomKFold,10,343,random_fold,3.2311995745570328,3.538166932493831
Ridge,RandomKFold,10,345,random_fold,4.268577942166303,4.0421323558320665
Ridge,RandomKFold,10,366,random_fold,3.1245651453969594,2.8973016312588094
Ridge,RandomKFold,10,372,random_fold,3.022860940942244,3.165321641129181
Ridge,RandomKFold,10,385,random_fold,2.548663615590751,2.554934985596457
Ridge,RandomKFold,10,387,random_fold,2.6837575085331657,2.646678788929852
Ridge,RandomKFold,10,389,random_fold,2.714694743820879,2.129695342061319
Ridge,RandomKFold,10,401,random_fold,2.9559514035421466,2.931948461792394
Ridge,RandomKFold,10,413,random_fold,3.9793077522337423,3.8479208471740804
Ridge,RandomKFold,10,427,random_fold,4.653960350157523,4.413343998590188
Ridge,RandomKFold,10,435,random_fold,4.388257184424518,4.147988066389702
Ridge,RandomKFold,10,454,random_fold,3.9930498440705193,4.105441781435759
Ridge,RandomKFold,10,458,random_fold,4.02535169073515,4.082164261491308
Ridge,RandomKFold,10,459,random_fold,3.817712325956905,3.8842538962481363
Ridge,RandomKFold,10,466,random_fold,3.817712325956905,4.130145809050248
Ridge,RandomKFold,10,474,random_fold,4.2903224454635405,4.172656253461537
Ridge,RandomKFold,10,475,random_fold,4.207226719278773,4.131243051592109
Ridge,RandomKFold,10,476,random_fold,4.094011173320863,4.090491880507072
Ridge,RandomKFold,10,484,random_fold,3.9900945408483017,3.9971712211440815
Ridge,RandomKFold,10,491,random_fold,3.6823582371236707,3.8897614642048532
Ridge,RandomKFold,10,504,random_fold,4.152613470346076,4.063653636907582
Ridge,RandomKFold,10,508,random_fold,4.080245637842599,4.027018321134264
Ridge,RandomKFold,10,510,random_fold,4.051958845725663,3.988547496075961
Ridge,RandomKFold,10,555,random_fold,2.2679936482244267,1.9286715850378835
Ridge,RandomKFold,10,560,random_fold,2.2648832258100344,1.9286715850378835
Ridge,RandomKFold,10,561,random_fold,2.1114245875328868,1.9884085168195107
Ridge,RandomKFold,10,562,random_fold,2.020222182019865,1.991424200227781
Ridge,RandomKFold,10,564,random_fold,2.1138429683971682,1.9249386696880897
Ridge,RandomKFold,10,565,random_fold,3.8366526984033693,3.7559491958082
Ridge,RandomKFold,10,566,random_fold,3.7909846770510898,3.9234784241641862
Ridge,RandomKFold,10,600,random_fold,2.714694743820879,2.6882081967733065
Ridge,RandomKFold,10,614,random_fold,3.597860055726768,3.4759947382389376
Ridge,RandomKFold,10,646,random_fold,1.7316555451583497,1.837461884995108
Ridge,RandomKFold,10,661,random_fold,2.3850863145057892,2.315536986969275
Ridge,RandomKFold,10,663,random_fold,2.330200260027019,1.9740307550949758
Ridge,RandomKFold,10,681,random_fold,2.5603232890727545,2.6343135592438536
Ridge,RandomKFold,10,686,random_fold,1.7715567619105355,1.8527762628481754
Ridge,RandomKFold,10,699,random_fold,2.8903717578961645,3.34811823938524
Ridge,RandomKFold,10,700,random_fold,4.65224459337402,4.966637723413459
Ridge,RandomKFold,10,702,random_fold,4.361951470242831,4.675567507817119
Ridge,RandomKFold,10,747,random_fold,0.9122827104766164,0.788137261339428
Ridge,RandomKFold,10,751,random_fold,0.9242589015233319,0.8573793518657624
Ridge,RandomKFold,10,769,random_fold,4.852108385868018,4.990944070462287
Ridge,RandomKFold,10,786,random_fold,0.7929925155296614,0.6801431165649066
Ridge,RandomKFold,10,797,random_fold,2.810606789427302,2.845515878204553
Ridge,GroupKFold_Source,1,30,Mangat and Elgarf (1999a),2.3045830956567186,2.32711385737478
Ridge,GroupKFold_Source,1,31,Mangat and Elgarf (1999a),2.3045830956567186,2.32711385737478
Ridge,GroupKFold_Source,1,32,Mangat and Elgarf (1999a),2.248128907197987,2.3231361982680916
Ridge,GroupKFold_Source,1,33,Mangat and Elgarf (1999a),2.248128907197987,2.3231361982680916
Ridge,GroupKFold_Source,1,34,Mangat and Elgarf (1999a),2.248128907197987,2.3231361982680916
Ridge,GroupKFold_Source,1,35,Mangat and Elgarf (1999a),1.9401794743463283,2.1843611896539596
Ridge,GroupKFold_Source,1,36,Mangat and Elgarf (1999a),1.9401794743463283,2.1843611896539596
Ridge,GroupKFold_Source,1,37,Mangat and Elgarf (1999a),2.244955980157409,2.443140024196974
Ridge,GroupKFold_Source,1,38,Mangat and Elgarf (1999a),2.244955980157409,2.443140024196974
Ridge,GroupKFold_Source,1,39,Mangat and Elgarf (1999a),2.21046980408624,2.3644721708230207
Ridge,GroupKFold_Source,1,40,Mangat and Elgarf (1999a),2.21046980408624,2.3644721708230207
Ridge,GroupKFold_Source,1,41,Mangat and Elgarf (1999a),2.122261538862764,2.2863944491515737
Ridge,GroupKFold_Source,1,42,Mangat and Elgarf (1999a),2.122261538862764,2.2863944491515737
Ridge,GroupKFold_Source,1,43,Mangat and Elgarf (1999a),1.8779371654691073,2.2077252161901915
Ridge,GroupKFold_Source,1,44,Mangat and Elgarf (1999a),1.8779371654691073,2.2077252161901915
Ridge,GroupKFold_Source,1,45,Mangat and Elgarf (1999a),2.122261538862764,2.439162365090286
Ridge,GroupKFold_Source,1,46,Mangat and Elgarf (1999a),2.122261538862764,2.439162365090286
Ridge,GroupKFold_Source,1,47,Mangat and Elgarf (1999a),1.9154509415706047,2.3604945117163325
Ridge,GroupKFold_Source,1,48,Mangat and Elgarf (1999a),1.9154509415706047,2.3604945117163325
Ridge,GroupKFold_Source,1,49,Mangat and Elgarf (1999a),1.5602476682433286,2.2824167900448855
Ridge,GroupKFold_Source,1,50,Mangat and Elgarf (1999a),1.5602476682433286,2.2824167900448855
Ridge,GroupKFold_Source,1,51,Mangat and Elgarf (1999a),0.883767540168595,2.2037475570835037
Ridge,GroupKFold_Source,1,52,Mangat and Elgarf (1999a),0.883767540168595,2.2037475570835037
Ridge,GroupKFold_Source,1,53,Mangat and Elgarf (1999a),2.191653532286764,2.4779110968594455
Ridge,GroupKFold_Source,1,54,Mangat and Elgarf (1999a),2.191653532286764,2.4779110968594455
Ridge,GroupKFold_Source,1,55,Mangat and Elgarf (1999a),2.191653532286764,2.4779110968594455
Ridge,GroupKFold_Source,1,56,Mangat and Elgarf (1999a),2.1150499691472033,2.439162365090286
Ridge,GroupKFold_Source,1,57,Mangat and Elgarf (1999a),2.1150499691472033,2.439162365090286
Ridge,GroupKFold_Source,1,58,Mangat and Elgarf (1999a),2.1150499691472033,2.439162365090286
Ridge,GroupKFold_Source,1,59,Mangat and Elgarf (1999a),2.018895041811802,2.3998333751879986
Ridge,GroupKFold_Source,1,60,Mangat and Elgarf (1999a),2.018895041811802,2.3998333751879986
Ridge,GroupKFold_Source,1,61,Mangat and Elgarf (1999a),2.018895041811802,2.3998333751879986
Ridge,GroupKFold_Source,1,62,Mangat and Elgarf (1999a),1.891604804197771,2.3604945117163325
Ridge,GroupKFold_Source,1,63,Mangat and Elgarf (1999a),1.891604804197771,2.3604945117163325
Ridge,GroupKFold_Source,1,64,Mangat and Elgarf (1999a),1.891604804197771,2.3604945117163325
Ridge,GroupKFold_Source,1,65,Mangat and Elgarf (1999a),1.506297153514587,2.2824167900448855
Ridge,GroupKFold_Source,1,66,Mangat and Elgarf (1999a),1.506297153514587,2.2824167900448855
Ridge,GroupKFold_Source,1,67,Mangat and Elgarf (1999a),1.506297153514587,2.2824167900448855
Ridge,GroupKFold_Source,1,68,Mangat and Elgarf (1999a),0.7839015438284094,2.2037475570835037
Ridge,GroupKFold_Source,1,69,Mangat and Elgarf (1999a),0.7839015438284094,2.2037475570835037
Ridge,GroupKFold_Source,1,70,Mangat and Elgarf (1999a),0.7839015438284094,2.2037475570835037
Ridge,GroupKFold_Source,1,71,Mangat and Elgarf (1999a),1.7850704810772584,2.3063583129496372
Ridge,GroupKFold_Source,1,72,Mangat and Elgarf (1999a),1.7850704810772584,2.3063583129496372
Ridge,GroupKFold_Source,1,73,Mangat and Elgarf (1999a),1.589235205116581,2.2205923240964642
Ridge,GroupKFold_Source,1,74,Mangat and Elgarf (1999a),1.589235205116581,2.2205923240964642
Ridge,GroupKFold_Source,1,75,Mangat and Elgarf (1999a),1.2584609896100056,2.134824955655863
Ridge,GroupKFold_Source,1,76,Mangat and Elgarf (1999a),1.2584609896100056,2.134824955655863
Ridge,GroupKFold_Source,1,77,Mangat and Elgarf (1999a),0.6043159668533296,2.0490575872152617
Ridge,GroupKFold_Source,1,78,Mangat and Elgarf (1999a),0.6043159668533296,2.0490575872152617
Ridge,GroupKFold_Source,1,79,Mangat and Elgarf (1999a),2.192770226986839,2.50525023798129
Ridge,GroupKFold_Source,1,80,Mangat and Elgarf (1999a),2.192770226986839,2.50525023798129
Ridge,GroupKFold_Source,1,81,Mangat and Elgarf (1999a),2.192770226986839,2.50525023798129
Ridge,GroupKFold_Source,1,82,Mangat and Elgarf (1999a),2.1174596088673567,2.4665208204361284
Ridge,GroupKFold_Source,1,83,Mangat and Elgarf (1999a),2.1174596088673567,2.4665208204361284
Ridge,GroupKFold_Source,1,84,Mangat and Elgarf (1999a),2.1174596088673567,2.4665208204361284
Ridge,GroupKFold_Source,1,85,Mangat and Elgarf (1999a),2.020222182019865,2.4272097651704105
Ridge,GroupKFold_Source,1,86,Mangat and Elgarf (1999a),2.020222182019865,2.4272097651704105
Ridge,GroupKFold_Source,1,87,Mangat and Elgarf (1999a),2.020222182019865,2.4272097651704105
Ridge,GroupKFold_Source,1,88,Mangat and Elgarf (1999a),1.9459101490553132,2.387888836335314
Ridge,GroupKFold_Source,1,89,Mangat and Elgarf (1999a),1.9459101490553132,2.387888836335314
Ridge,GroupKFold_Source,1,90,Mangat and Elgarf (1999a),1.9459101490553132,2.387888836335314
Ridge,GroupKFold_Source,1,91,Mangat and Elgarf (1999a),1.7119945007591924,2.3098483635244347
Ridge,GroupKFold_Source,1,92,Mangat and Elgarf (1999a),1.7119945007591924,2.3098483635244347
Ridge,GroupKFold_Source,1,93,Mangat and Elgarf (1999a),1.7119945007591924,2.3098483635244347
Ridge,GroupKFold_Source,1,94,Mangat and Elgarf (1999a),1.3711807233098425,2.23121637942362
Ridge,GroupKFold_Source,1,95,Mangat and Elgarf (1999a),1.3711807233098425,2.23121637942362
Ridge,GroupKFold_Source,1,96,Mangat and Elgarf (1999a),1.3711807233098425,2.23121637942362
Ridge,GroupKFold_Source,1,97,Mangat and Elgarf (1999a),2.178155014615869,2.4915758388643683
Ridge,GroupKFold_Source,1,98,Mangat and Elgarf (1999a),2.178155014615869,2.4915758388643683
Ridge,GroupKFold_Source,1,99,Mangat and Elgarf (1999a),2.178155014615869,2.4915758388643683
Ridge,GroupKFold_Source,1,100,Mangat and Elgarf (1999a),2.1102132003465894,2.4528326254449224
Ridge,GroupKFold_Source,1,101,Mangat and Elgarf (1999a),2.1102132003465894,2.4528326254449224
Ridge,GroupKFold_Source,1,102,Mangat and Elgarf (1999a),2.1102132003465894,2.4528326254449224
Ridge,GroupKFold_Source,1,103,Mangat and Elgarf (1999a),2.0068708488450007,2.4135077743049203
Ridge,GroupKFold_Source,1,104,Mangat and Elgarf (1999a),2.0068708488450007,2.4135077743049203
Ridge,GroupKFold_Source,1,105,Mangat and Elgarf (1999a),2.0068708488450007,2.4135077743049203
Ridge,GroupKFold_Source,1,106,Mangat and Elgarf (1999a),1.9065751436566365,2.3741730495955395
Ridge,GroupKFold_Source,1,107,Mangat and Elgarf (1999a),1.9065751436566365,2.3741730495955395
Ridge,GroupKFold_Source,1,108,Mangat and Elgarf (1999a),1.9065751436566365,2.3741730495955395
Ridge,GroupKFold_Source,1,109,Mangat and Elgarf (1999a),1.5748464676644813,2.2961049850360915
Ridge,GroupKFold_Source,1,110,Mangat and Elgarf (1999a),1.5748464676644813,2.2961049850360915
Ridge,GroupKFold_Source,1,111,Mangat and Elgarf (1999a),1.5748464676644813,2.2961049850360915
Ridge,GroupKFold_Source,1,112,Mangat and Elgarf (1999a),1.2837077723447896,2.217445409186708
Ridge,GroupKFold_Source,1,113,Mangat and Elgarf (1999a),1.2837077723447896,2.217445409186708
Ridge,GroupKFold_Source,1,114,Mangat and Elgarf (1999a),1.2837077723447896,2.217445409186708
Ridge,GroupKFold_Source,1,115,Mangat and Elgarf (1999a),2.1644717908644115,2.4642477344419516
Ridge,GroupKFold_Source,1,116,Mangat and Elgarf (1999a),2.1644717908644115,2.4642477344419516
Ridge,GroupKFold_Source,1,117,Mangat and Elgarf (1999a),2.1644717908644115,2.4642477344419516
Ridge,GroupKFold_Source,1,118,Mangat and Elgarf (1999a),2.057962510002712,2.4254976230853633
Ridge,GroupKFold_Source,1,119,Mangat and Elgarf (1999a),2.057962510002712,2.4254976230853633
Ridge,GroupKFold_Source,1,120,Mangat and Elgarf (1999a),2.057962510002712,2.4254976230853633
Ridge,GroupKFold_Source,1,121,Mangat and Elgarf (1999a),1.9530276168241774,2.386165874008219
Ridge,GroupKFold_Source,1,122,Mangat and Elgarf (1999a),1.9530276168241774,2.386165874008219
Ridge,GroupKFold_Source,1,123,Mangat and Elgarf (1999a),1.9530276168241774,2.386165874008219
Ridge,GroupKFold_Source,1,124,Mangat and Elgarf (1999a),1.7698546338400052,2.346824251361696
Ridge,GroupKFold_Source,1,125,Mangat and Elgarf (1999a),1.7698546338400052,2.346824251361696
Ridge,GroupKFold_Source,1,126,Mangat and Elgarf (1999a),1.7698546338400052,2.346824251361696
Ridge,GroupKFold_Source,1,127,Mangat and Elgarf (1999a),1.4085449700547104,2.268742390927964
Ridge,GroupKFold_Source,1,128,Mangat and Elgarf (1999a),1.4085449700547104,2.268742390927964
Ridge,GroupKFold_Source,1,129,Mangat and Elgarf (1999a),1.4085449700547104,2.268742390927964
Ridge,GroupKFold_Source,1,130,Mangat and Elgarf (1999a),0.7419373447293773,2.1900690192042966
Ridge,GroupKFold_Source,1,131,Mangat and Elgarf (1999a),0.7419373447293773,2.1900690192042966
Ridge,GroupKFold_Source,1,132,Mangat and Elgarf (1999a),0.7419373447293773,2.1900690192042966
Ridge,GroupKFold_Source,1,133,Mangat and Elgarf (1999a),1.884034745337226,2.3604945117163325
Ridge,GroupKFold_Source,1,134,Mangat and Elgarf (1999a),1.884034745337226,2.3604945117163325
Ridge,GroupKFold_Source,1,135,Mangat and Elgarf (1999a),1.9198594718553708,2.3604945117163325
Ridge,GroupKFold_Source,1,136,Mangat and Elgarf (1999a),1.9198594718553708,2.3604945117163325
Ridge,GroupKFold_Source,1,137,Mangat and Elgarf (1999a),1.8961194845522977,2.3604945117163325
Ridge,GroupKFold_Source,1,138,Mangat and Elgarf (1999a),1.8961194845522977,2.3604945117163325
Ridge,GroupKFold_Source,1,139,Mangat and Elgarf (1999a),1.8718021769015913,2.3604945117163325
Ridge,GroupKFold_Source,1,140,Mangat and Elgarf (1999a),1.8718021769015913,2.3604945117163325
Ridge,GroupKFold_Source,2,26,Lee et al. (1999),3.5145260669691587,4.00383856262214
Ridge,GroupKFold_Source,2,27,Lee et al. (1999),3.4654233539614268,4.086624565624543
Ridge,GroupKFold_Source,2,28,Lee et al. (1999),3.388787361585474,3.9675856573010786
Ridge,GroupKFold_Source,2,29,Lee et al. (1999),3.232778730037192,3.462927357813016
Ridge,GroupKFold_Source,2,207,Azad et al. (2007),2.5376572151735295,2.3533206180540622
Ridge,GroupKFold_Source,2,208,Azad et al. (2007),2.533696813957432,2.3533206180540622
Ridge,GroupKFold_Source,2,209,Azad et al. (2007),2.468946630209271,2.341321255550325
Ridge,GroupKFold_Source,2,210,Azad et al. (2007),2.4159137783010487,2.341321255550325
Ridge,GroupKFold_Source,2,211,Azad et al. (2007),2.3174737054877963,1.9365938470815858
Ridge,GroupKFold_Source,2,212,Azad et al. (2007),2.2027647577118348,1.9365938470815858
Ridge,GroupKFold_Source,2,213,Azad et al. (2007),2.344686269012681,1.9535331219743703
Ridge,GroupKFold_Source,2,214,Azad et al. (2007),2.1983350716202463,1.9535331219743703
Ridge,GroupKFold_Source,2,215,Azad et al. (2007),2.1815467646169897,1.6538673784556015
Ridge,GroupKFold_Source,2,216,Azad et al. (2007),2.248128907197987,1.6538673784556015
Ridge,GroupKFold_Source,2,217,Azad et al. (2007),2.1713368063840917,1.6967494975457946
Ridge,GroupKFold_Source,2,218,Azad et al. (2007),2.0554049638515948,1.6967494975457946
Ridge,GroupKFold_Source,2,219,Azad et al. (2007),1.6937790608678513,1.322185849163938
Ridge,GroupKFold_Source,2,220,Azad et al. (2007),2.0095554142156695,1.322185849163938
Ridge,GroupKFold_Source,2,221,Azad et al. (2007),2.768204123921957,2.563254462096634
Ridge,GroupKFold_Source,2,222,Azad et al. (2007),2.6239436918052106,2.563254462096634
Ridge,GroupKFold_Source,2,223,Azad et al. (2007),2.516889695641051,2.574840278460577
Ridge,GroupKFold_Source,2,224,Azad et al. (2007),2.5733752977756086,2.574840278460577
Ridge,GroupKFold_Source,2,225,Azad et al. (2007),2.853015971352396,2.402097975554513
Ridge,GroupKFold_Source,2,226,Azad et al. (2007),2.4807312783775197,2.402097975554513
Ridge,GroupKFold_Source,2,227,Azad et al. (2007),2.403334996094189,2.0542057096238118
Ridge,GroupKFold_Source,2,228,Azad et al. (2007),2.2793164660546914,2.0542057096238118
Ridge,GroupKFold_Source,2,229,Azad et al. (2007),2.6973262377392344,2.219972089735251
Ridge,GroupKFold_Source,2,230,Azad et al. (2007),2.3532782073095637,2.219972089735251
Ridge,GroupKFold_Source,2,231,Azad et al. (2007),2.2648832258100344,1.9540611738022733
Ridge,GroupKFold_Source,2,232,Azad et al. (2007),2.102913897864978,1.9540611738022733
Ridge,GroupKFold_Source,2,233,Azad et al. (2007),1.9080599249242156,1.8050485234358646
Ridge,GroupKFold_Source,2,234,Azad et al. (2007),2.125847914493992,1.8050485234358646
Ridge,GroupKFold_Source,2,235,Azad et al. (2007),2.468099531471619,2.12477457522469
Ridge,GroupKFold_Source,2,236,Azad et al. (2007),2.5930133911138515,2.12477457522469
Ridge,GroupKFold_Source,2,237,Azad et al. (2007),2.3350522831315472,1.9906044042342264
Ridge,GroupKFold_Source,2,238,Azad et al. (2007),2.448415541205585,1.9906044042342264
Ridge,GroupKFold_Source,2,239,Azad et al. (2007),2.401525040848949,1.8925581078843015
Ridge,GroupKFold_Source,2,240,Azad et al. (2007),2.3194422100604686,1.8925581078843015
Ridge,GroupKFold_Source,2,241,Azad et al. (2007),2.2027647577118348,1.9041339501219192
Ridge,GroupKFold_Source,2,242,Azad et al. (2007),2.3617969526258915,1.9041339501219192
Ridge,GroupKFold_Source,2,243,Azad et al. (2007),2.2213750375685026,1.5568586569383092
Ridge,GroupKFold_Source,2,244,Azad et al. (2007),2.315501318260592,1.5568586569383092
Ridge,GroupKFold_Source,2,245,Azad et al. (2007),2.2126603854660587,1.4526065763424216
Ridge,GroupKFold_Source,2,246,Azad et al. (2007),1.9712993830601329,1.4526065763424216
Ridge,GroupKFold_Source,2,247,Azad et al. (2007),2.1090003439213802,0.9332877738032923
Ridge,GroupKFold_Source,2,248,Azad et al. (2007),1.891604804197771,0.9332877738032923
Ridge,GroupKFold_Source,2,249,Azad et al. (2007),2.590767040487478,2.3390662082995846
Ridge,GroupKFold_Source,2,250,Azad et al. (2007),2.5376572151735295,2.3390662082995846
Ridge,GroupKFold_Source,2,251,Azad et al. (2007),2.4664031782234406,2.2398769099874354
Ridge,GroupKFold_Source,2,252,Azad et al. (2007),2.522523513359307,2.2398769099874354
Ridge,GroupKFold_Source,2,253,Azad et al. (2007),2.4865719291070616,2.0844876269043935
Ridge,GroupKFold_Source,2,254,Azad et al. (2007),2.392425796993835,2.0844876269043935
Ridge,GroupKFold_Source,2,255,Azad et al. (2007),2.432735777459091,2.0475399801500194
Ridge,GroupKFold_Source,2,256,Azad et al. (2007),2.3085671646715933,2.0475399801500194
Ridge,GroupKFold_Source,2,257,Azad et al. (2007),2.1972245773362196,1.8060854139716787
Ridge,GroupKFold_Source,2,258,Azad et al. (2007),2.589266665112243,1.8060854139716787
Ridge,GroupKFold_Source,2,259,Azad et al. (2007),2.192770226986839,1.8801509248946187
Ridge,GroupKFold_Source,2,260,Azad et al. (2007),2.0769384114617173,1.8801509248946187
Ridge,GroupKFold_Source,2,261,Azad et al. (2007),2.0294631718735947,1.7293765090785782
Ridge,GroupKFold_Source,2,262,Azad et al. (2007),2.1736147116970854,1.7293765090785782
Ridge,GroupKFold_Source,2,280,Torres-Acosta et al. (2007),1.4701758451005926,1.9080169051872269
Ridge,GroupKFold_Source,2,281,Torres-Acosta et al. (2007),1.5686159179138452,1.9080169051872269
Ridge,GroupKFold_Source,2,282,Torres-Acosta et al. (2007),1.085189268335969,1.9406078649724412
Ridge,GroupKFold_Source,2,283,Torres-Acosta et al. (2007),0.4762341789963717,1.681281777235355
Ridge,GroupKFold_Source,2,284,Torres-Acosta et al. (2007),0.7608058290337602,1.653327113490953
Ridge,GroupKFold_Source,2,285,Torres-Acosta et al. (2007),1.1939224684724346,1.879568020497135
Ridge,GroupKFold_Source,2,286,Torres-Acosta et al. (2007),1.2383742310432684,1.918691507253832
Ridge,GroupKFold_Source,2,287,Torres-Acosta et al. (2007),0.9669838461896731,1.5515998079564435
Ridge,GroupKFold_Source,2,288,Torres-Acosta et al. (2007),0.8919980393051105,1.6186779584575426
Ridge,GroupKFold_Source,2,289,Torres-Acosta et al. (2007),0.14842000511827322,1.2043799129999748
Ridge,GroupKFold_Source,2,290,Torres-Acosta et al. (2007),1.4701758451005926,1.9080169051872269
Ridge,GroupKFold_Source,2,378,Khan et al. (2011),3.9627161197436642,3.8559377946179145
Ridge,GroupKFold_Source,2,379,Khan et al. (2011),3.772071045000701,3.873781621323754
Ridge,GroupKFold_Source,2,415,Du et al. (2013),1.8562979903656263,2.334067808623084
Ridge,GroupKFold_Source,2,416,Du et al. (2013),1.3480731482996928,1.9545459575738018
Ridge,GroupKFold_Source,2,417,Du et al. (2013),1.3217558399823195,1.7166762106196072
Ridge,GroupKFold_Source,2,418,Du et al. (2013),1.3217558399823195,1.8588171380085254
Ridge,GroupKFold_Source,2,419,Du et al. (2013),1.6054298910365616,1.3605014584435937
Ridge,GroupKFold_Source,3,160,Torres-Acosta et al. (2003),1.2267122912954254,1.7814325113456628
Ridge,GroupKFold_Source,3,161,Torres-Acosta et al. (2003),1.3987168811184478,1.7814325113456628
Ridge,GroupKFold_Source,3,162,Torres-Acosta et al. (2003),1.2178757094949273,1.3736858609589655
Ridge,GroupKFold_Source,3,163,Torres-Acosta et al. (2003),1.3428648031925547,1.3968793860663007
Ridge,GroupKFold_Source,3,164,Torres-Acosta et al. (2003),1.269760544863939,1.3714984121813518
Ridge,GroupKFold_Source,3,165,Torres-Acosta et al. (2003),1.2178757094949273,0.9388074761645882
Ridge,GroupKFold_Source,3,166,Torres-Acosta et al. (2003),1.2809338454620642,1.1181087964402674
Ridge,GroupKFold_Source,3,167,Torres-Acosta et al. (2003),1.2383742310432684,1.2326504179546427
Ridge,GroupKFold_Source,3,168,Torres-Acosta et al. (2003),1.3428648031925547,1.3838046343097743
Ridge,GroupKFold_Source,3,169,Torres-Acosta et al. (2003),1.0612565021243408,1.006737627177444
Ridge,GroupKFold_Source,3,170,Torres-Acosta et al. (2003),1.3029127521808397,1.5557236786893465
Ridge,GroupKFold_Source,3,171,Torres-Acosta et al. (2003),1.269760544863939,1.5627731085814955
Ridge,GroupKFold_Source,3,198,El Maaddawy et al. (2005),3.624340932976365,3.400378109557822
Ridge,GroupKFold_Source,3,199,El Maaddawy et al. (2005),3.558485990180341,3.036697293109019
Ridge,GroupKFold_Source,3,200,El Maaddawy et al. (2005),3.507956918233689,2.9071989276248864
Ridge,GroupKFold_Source,3,201,El Maaddawy et al. (2005),3.4015306594522756,2.711639307182424
Ridge,GroupKFold_Source,3,202,El Maaddawy et al. (2005),3.2824138456721883,2.528854963857354
Ridge,GroupKFold_Source,3,203,El Maaddawy et al. (2005),3.497718948652777,2.810373873107204
Ridge,GroupKFold_Source,3,204,El Maaddawy et al. (2005),3.475067230228611,2.670967844752367
Ridge,GroupKFold_Source,3,205,El Maaddawy et al. (2005),3.4685444551217657,2.4898152639124485
Ridge,GroupKFold_Source,3,206,El Maaddawy et al. (2005),3.34779660493504,2.3565081917347346
Ridge,GroupKFold_Source,3,420,Ma et al. (2013),4.548599834499697,4.115514513631146
Ridge,GroupKFold_Source,3,421,Ma et al. (2013),4.670489652108734,4.374957453591616
Ridge,GroupKFold_Source,3,422,Ma et al. (2013),4.637153231841142,4.481520617301074
Ridge,GroupKFold_Source,3,423,Ma et al. (2013),4.491441420659749,4.325600771792923
Ridge,GroupKFold_Source,3,424,Ma et al. (2013),4.3208159036289855,4.167715205619054
Ridge,GroupKFold_Source,3,425,Ma et al. (2013),4.529907701487544,4.276244089994228
Ridge,GroupKFold_Source,3,426,Ma et al. (2013),4.409763389645481,4.530877299099768
Ridge,GroupKFold_Source,3,427,Ma et al. (2013),4.653960350157523,4.325600771792923
Ridge,GroupKFold_Source,3,428,Ma et al. (2013),4.248495242049359,3.9415930821547223
Ridge,GroupKFold_Source,3,429,Ma et al. (2013),4.297285406218791,4.03190580732812
Ridge,GroupKFold_Source,3,430,Ma et al. (2013),4.366278277705742,4.4321639355023805
Ridge,GroupKFold_Source,3,431,Ma et al. (2013),4.388257184424518,4.0899164507035195
Ridge,GroupKFold_Source,3,432,Ma et al. (2013),4.114963849424837,3.9141687659070894
Ridge,GroupKFold_Source,3,433,Ma et al. (2013),4.45143608604605,4.325600771792923
Ridge,GroupKFold_Source,3,434,Ma et al. (2013),4.388257184424518,4.164788059867435
Ridge,GroupKFold_Source,3,435,Ma et al. (2013),4.388257184424518,3.9840830350688567
Ridge,GroupKFold_Source,3,436,Ma et al. (2013),3.9740583963475986,3.782807661051578
Ridge,GroupKFold_Source,3,437,Ma et al. (2013),4.212868064406208,4.021849621644295
Ridge,GroupKFold_Source,3,438,Ma et al. (2013),4.311470041210748,4.17248583197693
Ridge,GroupKFold_Source,3,439,Ma et al. (2013),4.430816798843313,4.036518006894614
Ridge,GroupKFold_Source,3,440,Ma et al. (2013),3.980615796893758,3.6602053184276993
Ridge,GroupKFold_Source,3,441,Ma et al. (2013),4.311470041210748,3.9131642267101543
Ridge,GroupKFold_Source,3,442,Ma et al. (2013),4.357349646961441,4.216754650798306
Ridge,GroupKFold_Source,3,443,Ma et al. (2013),4.212868064406208,3.9383458729916097
Ridge,GroupKFold_Source,3,444,Ma et al. (2013),4.1034694699991014,3.9735749269667
Ridge,GroupKFold_Source,3,445,Ma et al. (2013),4.1034694699991014,4.228767403871874
Ridge,GroupKFold_Source,3,446,Ma et al. (2013),4.1034694699991014,4.3335767549723645
Ridge,GroupKFold_Source,3,447,Ma et al. (2013),4.1034694699991014,4.17941072207318
Ridge,GroupKFold_Source,3,448,Ma et al. (2013),4.1034694699991014,4.0229316087653935
Ridge,GroupKFold_Source,3,449,Ma et al. (2013),4.1034694699991014,3.8832638260890358
Ridge,GroupKFold_Source,3,450,Ma et al. (2013),4.366278277705742,4.126290899401308
Ridge,GroupKFold_Source,3,451,Ma et al. (2013),4.1034694699991014,4.17941072207318
Ridge,GroupKFold_Source,3,452,Ma et al. (2013),3.9930498440705193,3.786655603753136
Ridge,GroupKFold_Source,3,453,Ma et al. (2013),3.9930498440705193,3.9034592517428597
Ridge,GroupKFold_Source,3,454,Ma et al. (2013),3.9930498440705193,4.022263862336379
Ridge,GroupKFold_Source,3,455,Ma et al. (2013),3.9930498440705193,3.9666680606370637
Ridge,GroupKFold_Source,3,456,Ma et al. (2013),3.9930498440705193,3.772434925978901
Ridge,GroupKFold_Source,3,457,Ma et al. (2013),3.9207845110967185,3.871077176679067
Ridge,GroupKFold_Source,3,458,Ma et al. (2013),4.02535169073515,4.000717147955325
Ridge,GroupKFold_Source,3,459,Ma et al. (2013),3.817712325956905,3.79248703864211
Ridge,GroupKFold_Source,3,460,Ma et al. (2013),3.9930498440705193,3.685300792572829
Ridge,GroupKFold_Source,3,461,Ma et al. (2013),3.817712325956905,3.8941470095425226
Ridge,GroupKFold_Source,3,462,Ma et al. (2013),3.6407390787860012,4.0047117649582695
Ridge,GroupKFold_Source,3,463,Ma et al. (2013),3.7697679578472747,3.841146687278229
Ridge,GroupKFold_Source,3,464,Ma et al. (2013),3.6407390787860012,3.478979914962481
Ridge,GroupKFold_Source,3,465,Ma et al. (2013),3.7697679578472747,3.7832699775473544
Ridge,GroupKFold_Source,3,466,Ma et al. (2013),3.817712325956905,4.077258003828029
Ridge,GroupKFold_Source,3,467,Ma et al. (2013),3.6407390787860012,3.8056619064348745
Ridge,GroupKFold_Source,3,496,Yu et al. (2015),3.565298392342582,4.062885826570878
Ridge,GroupKFold_Source,3,497,Yu et al. (2015),3.436564525499447,3.577494553070501
Ridge,GroupKFold_Source,3,498,Yu et al. (2015),3.4339872044851463,3.470886132379462
Ridge,GroupKFold_Source,3,622,Hu et al. 2019),2.9967317738870745,2.886376605707018
Ridge,GroupKFold_Source,3,623,Hu et al. 2019),2.9601050959108397,2.9684113788155138
Ridge,GroupKFold_Source,3,624,Hu et al. 2019),2.913437030827161,2.789035256647825
Ridge,GroupKFold_Source,3,625,Hu et al. 2019),2.8553201198372458,2.5629639949201
Ridge,GroupKFold_Source,3,634,Njeem et al. (2019),3.109953417644014,2.6465756105870626
Ridge,GroupKFold_Source,3,635,Njeem et al. (2019),2.9601050959108397,1.6950092482333787
Ridge,GroupKFold_Source,4,141,Castel et al. (2000a),3.653511310276145,3.7303277464512714
Ridge,GroupKFold_Source,4,142,Castel et al. (2000a),3.402196881995239,3.462812280891221
Ridge,GroupKFold_Source,4,304,Azad et al. (2010),3.4790839203192268,3.775829590588976
Ridge,GroupKFold_Source,4,305,Azad et al. (2010),3.4719664525503626,3.775829590588976
Ridge,GroupKFold_Source,4,306,Azad et al. (2010),3.449987545831587,3.8100464618785126
Ridge,GroupKFold_Source,4,307,Azad et al. (2010),3.339676525013905,3.7542971853934195
Ridge,GroupKFold_Source,4,308,Azad et al. (2010),2.911263116927541,3.795651780491671
Ridge,GroupKFold_Source,4,309,Azad et al. (2010),3.1130707659712242,3.533970831607798
Ridge,GroupKFold_Source,4,310,Azad et al. (2010),3.440097530619712,3.8225499624542865
Ridge,GroupKFold_Source,4,311,Azad et al. (2010),2.848970892158587,3.5342105393377423
Ridge,GroupKFold_Source,4,312,Azad et al. (2010),3.6425737012374246,4.060457160729447
Ridge,GroupKFold_Source,4,313,Azad et al. (2010),3.832979798087693,4.060457160729447
Ridge,GroupKFold_Source,4,314,Azad et al. (2010),3.597860055726768,3.9116377940115235
Ridge,GroupKFold_Source,4,315,Azad et al. (2010),3.711618941083426,3.9549571924975258
Ridge,GroupKFold_Source,4,316,Azad et al. (2010),3.190064743014081,3.757071161004223
Ridge,GroupKFold_Source,4,317,Azad et al. (2010),3.206398303357088,3.7837275874519065
Ridge,GroupKFold_Source,4,318,Azad et al. (2010),3.2902658209548736,3.604742567078846
Ridge,GroupKFold_Source,4,319,Azad et al. (2010),3.0430928449138284,3.598292077277901
Ridge,GroupKFold_Source,4,320,Azad et al. (2010),4.06457240388843,4.3429745106875295
Ridge,GroupKFold_Source,4,321,Azad et al. (2010),4.06457240388843,4.3429745106875295
Ridge,GroupKFold_Source,4,322,Azad et al. (2010),3.624874124138024,4.157322951385326
Ridge,GroupKFold_Source,4,323,Azad et al. (2010),3.58407433974781,4.0560977778306215
Ridge,GroupKFold_Source,4,324,Azad et al. (2010),3.9577608971019997,4.320235317128992
Ridge,GroupKFold_Source,4,325,Azad et al. (2010),4.013676659154646,4.324580064535542
Ridge,GroupKFold_Source,4,326,Azad et al. (2010),3.5776685247779345,3.867629657573495
Ridge,GroupKFold_Source,4,327,Azad et al. (2010),4.051958845725663,4.350945777454716
Ridge,GroupKFold_Source,4,328,Azad et al. (2010),3.6328380632303117,3.897740135274107
Ridge,GroupKFold_Source,4,329,Azad et al. (2010),3.7848712197676626,3.897740135274107
Ridge,GroupKFold_Source,4,330,Azad et al. (2010),3.5201649007261984,3.9213218492513926
Ridge,GroupKFold_Source,4,331,Azad et al. (2010),3.1059310658520665,3.850202763715887
Ridge,GroupKFold_Source,4,332,Azad et al. (2010),3.1144038032714896,3.817981422924662
Ridge,GroupKFold_Source,4,333,Azad et al. (2010),3.1315734964654043,3.8043191299513595
Ridge,GroupKFold_Source,4,334,Azad et al. (2010),2.9381031607173544,3.669615480040786
Ridge,GroupKFold_Source,4,335,Azad et al. (2010),2.7800607370784824,3.6533537043264
Ridge,GroupKFold_Source,4,336,Azad et al. (2010),4.06009812349351,4.186087656129193
Ridge,GroupKFold_Source,4,337,Azad et al. (2010),3.786913194385302,4.186087656129193
Ridge,GroupKFold_Source,4,338,Azad et al. (2010),3.4423393249933305,4.146826375682256
Ridge,GroupKFold_Source,4,339,Azad et al. (2010),3.6410013738694724,4.1390292861139
Ridge,GroupKFold_Source,4,340,Azad et al. (2010),3.3975239762958465,4.138688410994235
Ridge,GroupKFold_Source,4,341,Azad et al. (2010),3.7140597526442347,4.203087929790746
Ridge,GroupKFold_Source,4,342,Azad et al. (2010),3.9495114498391377,4.058578965908893
Ridge,GroupKFold_Source,4,343,Azad et al. (2010),3.2311995745570328,3.996570692543929
Ridge,GroupKFold_Source,4,344,Azad et al. (2010),4.155909917880256,4.471007474257132
Ridge,GroupKFold_Source,4,345,Azad et al. (2010),4.268577942166303,4.471007474257132
Ridge,GroupKFold_Source,4,346,Azad et al. (2010),4.079569276639947,4.4866936338969525
Ridge,GroupKFold_Source,4,347,Azad et al. (2010),4.1893516658004355,4.560772270420202
Ridge,GroupKFold_Source,4,348,Azad et al. (2010),4.053696163744291,4.503649563888798
Ridge,GroupKFold_Source,4,349,Azad et al. (2010),3.6136169696133895,4.411986330177792
Ridge,GroupKFold_Source,4,350,Azad et al. (2010),3.885679030088544,4.526705018991106
Ridge,GroupKFold_Source,4,351,Azad et al. (2010),3.566429294357372,4.241114327875845
Ridge,GroupKFold_Source,4,524,Dong et al. (2017),3.4255647381104497,3.361217328709538
Ridge,GroupKFold_Source,4,525,Dong et al. (2017),3.4187098067467865,3.7994333690621014
Ridge,GroupKFold_Source,4,526,Dong et al. (2017),3.4041928906419536,3.6651645306936733
Ridge,GroupKFold_Source,4,527,Dong et al. (2017),3.4151002868311466,3.650856821855754
Ridge,GroupKFold_Source,4,681,Shen et al. (2019),2.5603232890727545,2.4422813363902662
Ridge,GroupKFold_Source,4,682,Shen et al. (2019),2.517696472610991,2.50870413184349
Ridge,GroupKFold_Source,4,683,Shen et al. (2019),2.423031246069913,2.3940867730976585
Ridge,GroupKFold_Source,4,684,Shen et al. (2019),2.377692565480851,2.3703915167940486
Ridge,GroupKFold_Source,4,700,Yalciner et al. (2020),4.65224459337402,5.407125775061122
Ridge,GroupKFold_Source,4,701,Yalciner et al. (2020),4.557134736949535,5.237100162981337
Ridge,GroupKFold_Source,4,702,Yalciner et al. (2020),4.361951470242831,5.234980248112169
Ridge,GroupKFold_Source,4,703,Yalciner et al. (2020),4.212720014957422,5.02048270690347
Ridge,GroupKFold_Source,4,704,Yalciner et al. (2020),5.084938485288739,5.493645747587428
Ridge,GroupKFold_Source,4,705,Yalciner et al. (2020),4.8779416457041185,5.488748274411783
Ridge,GroupKFold_Source,4,706,Yalciner et al. (2020),4.855228269843183,5.4344369138023145
Ridge,GroupKFold_Source,4,707,Yalciner et al. (2020),4.664853188149265,5.429016952881774
Ridge,GroupKFold_Source,4,783,Tran et al. (2022),1.0296194171811581,1.1257567597814615
Ridge,GroupKFold_Source,4,784,Tran et al. (2022),1.0188473201992472,1.1257567597814615
Ridge,GroupKFold_Source,4,785,Tran et al. (2022),0.6931471805599453,0.5482460569059429
Ridge,GroupKFold_Source,4,786,Tran et al. (2022),0.7929925155296614,0.5511832602215936
Ridge,GroupKFold_Source,4,787,Tran et al. (2022),0.7030975114131134,0.43175331340670065
Ridge,GroupKFold_Source,4,788,Tran et al. (2022),0.6418538861723947,0.43468257033190305
Ridge,GroupKFold_Source,4,789,Tran et al. (2022),0.5538851132264376,0.41491559036047443
Ridge,GroupKFold_Source,4,790,Tran et al. (2022),0.5247285289349821,0.3766678621795805
Ridge,GroupKFold_Source,4,791,Tran et al. (2022),0.25464221837358075,0.32944691000727166
Ridge,GroupKFold_Source,4,792,Tran et al. (2022),0.4824261492442928,0.3001579267111838
Ridge,GroupKFold_Source,4,793,Tran et al. (2022),0.44468582126144574,0.2012892760103906
Ridge,GroupKFold_Source,4,794,Tran et al. (2022),0.23901690047049992,0.24674916386864165
Ridge,GroupKFold_Source,5,413,Dang and François (2013),3.9793077522337423,3.838069577213335
Ridge,GroupKFold_Source,5,414,Dang and François (2013),3.629660094453965,3.727104554517514
Ridge,GroupKFold_Source,5,468,Zhu et al. (2013),3.472587377748828,3.452080335827908
Ridge,GroupKFold_Source,5,469,Zhu et al. (2013),3.471345141564237,3.4563857436538967
Ridge,GroupKFold_Source,5,470,Zhu et al. (2013),3.2669037938787824,2.681944000823276
Ridge,GroupKFold_Source,5,471,Zhu et al. (2013),2.9496883350525844,3.1375863053727904
Ridge,GroupKFold_Source,5,532,Li et al. (2018),2.642622395779755,2.7246221997665128
Ridge,GroupKFold_Source,5,533,Li et al. (2018),2.612273245708441,2.8360231817377413
Ridge,GroupKFold_Source,5,534,Li et al. (2018),2.559550192783766,2.7587654500622376
Ridge,GroupKFold_Source,5,535,Li et al. (2018),2.468099531471619,2.635742710281808
Ridge,GroupKFold_Source,5,536,Li et al. (2018),2.498151876538021,2.7486444953991525
Ridge,GroupKFold_Source,5,537,Li et al. (2018),2.4344901638739844,2.6566183286200413
Ridge,GroupKFold_Source,5,538,Li et al. (2018),2.3841650799864684,2.526048963850135
Ridge,GroupKFold_Source,5,539,Li et al. (2018),2.4672517145492794,2.7215426549589887
Ridge,GroupKFold_Source,5,540,Li et al. (2018),2.3896797998449792,2.6250840984461536
Ridge,GroupKFold_Source,5,541,Li et al. (2018),2.244955980157409,2.482038897676651
Ridge,GroupKFold_Source,5,542,Li et al. (2018),2.435366204227864,2.6858954388694816
Ridge,GroupKFold_Source,5,543,Li et al. (2018),2.2617630984737906,2.5822052607808663
Ridge,GroupKFold_Source,5,544,Li et al. (2018),1.308332819650179,2.4572221258796056
Ridge,GroupKFold_Source,5,708,Hansapinyo et al. (2021),1.1019400787607843,1.8594499219810339
Ridge,GroupKFold_Source,5,709,Hansapinyo et al. (2021),-0.4155154439616658,0.557014511290987
Ridge,GroupKFold_Source,5,710,Hansapinyo et al. (2021),-0.7765287894989963,0.18857653990068357
Ridge,GroupKFold_Source,5,711,Hansapinyo et al. (2021),0.9669838461896731,0.9254622941429409
Ridge,GroupKFold_Source,5,712,Hansapinyo et al. (2021),-1.5606477482646683,0.09645723559145791
Ridge,GroupKFold_Source,5,713,Hansapinyo et al. (2021),-0.12783337150988489,0.8026529075000557
Ridge,GroupKFold_Source,5,714,Hansapinyo et al. (2021),1.0715836162801904,1.875480676179219
Ridge,GroupKFold_Source,5,715,Hansapinyo et al. (2021),1.1019400787607843,1.875480676179219
Ridge,GroupKFold_Source,5,716,Hansapinyo et al. (2021),-0.08338160893905101,1.0175717869905165
Ridge,GroupKFold_Source,5,717,Hansapinyo et al. (2021),0.47000362924573563,0.8026529075000557
Ridge,GroupKFold_Source,5,718,Hansapinyo et al. (2021),0.5766133643039938,0.9868718931952076
Ridge,GroupKFold_Source,5,719,Hansapinyo et al. (2021),0.959350221334602,1.2064188782079364
Ridge,GroupKFold_Source,5,720,Hansapinyo et al. (2021),1.091923300517313,1.6413080657431052
Ridge,GroupKFold_Source,5,721,Hansapinyo et al. (2021),1.0224509277025455,1.5074937438565186
Ridge,GroupKFold_Source,5,722,Hansapinyo et al. (2021),0.9001613499442714,1.1710908788903596
Ridge,GroupKFold_Source,5,723,Hansapinyo et al. (2021),1.0296194171811581,1.6747640990801642
Ridge,GroupKFold_Source,5,724,Hansapinyo et al. (2021),1.0224509277025455,1.7082201324172233
Ridge,GroupKFold_Source,5,725,Hansapinyo et al. (2021),1.1184149159642893,1.8085784209667506
Ridge,GroupKFold_Source,5,726,Hansapinyo et al. (2021),1.2267122912954254,1.7836654624092247
Ridge,GroupKFold_Source,5,727,Hansapinyo et al. (2021),1.1817271953786161,1.7389026321502206
Ridge,GroupKFold_Source,5,728,Hansapinyo et al. (2021),1.199964782928397,1.8058146988243386
Ridge,GroupKFold_Source,5,729,Hansapinyo et al. (2021),1.1052568313867783,1.7054564102748109
Ridge,GroupKFold_Source,5,730,Hansapinyo et al. (2021),1.1631508098056809,1.7723586654872796
Ridge,GroupKFold_Source,5,731,Hansapinyo et al. (2021),1.1378330018213911,1.7723586654872796
Ridge,GroupKFold_Source,5,732,Hansapinyo et al. (2021),1.0188473201992472,1.504739833175756
Ridge,GroupKFold_Source,5,733,Hansapinyo et al. (2021),1.0885619528146082,1.6385443436006928
Ridge,GroupKFold_Source,5,734,Hansapinyo et al. (2021),1.0715836162801904,1.7054564102748109
Ridge,GroupKFold_Source,5,735,Hansapinyo et al. (2021),1.0784095813505903,1.4043717331645789
Ridge,GroupKFold_Source,5,736,Hansapinyo et al. (2021),1.0784095813505903,1.270567222739642
Ridge,GroupKFold_Source,5,737,Hansapinyo et al. (2021),0.9242589015233319,1.203655156065524
Ridge,GroupKFold_Source,5,738,Hansapinyo et al. (2021),1.1085626195212777,1.7836654624092247
Ridge,GroupKFold_Source,5,739,Hansapinyo et al. (2021),1.085189268335969,1.7836654624092247
Ridge,GroupKFold_Source,5,740,Hansapinyo et al. (2021),1.0473189942805592,1.6050981217252835
Ridge,GroupKFold_Source,5,741,Hansapinyo et al. (2021),1.0612565021243408,1.6720003769377518
Ridge,GroupKFold_Source,5,742,Hansapinyo et al. (2021),1.1184149159642893,1.5381860550511652
Ridge,GroupKFold_Source,5,743,Hansapinyo et al. (2021),1.085189268335969,1.7389026321502206
Ridge,GroupKFold_Source,5,744,Hansapinyo et al. (2021),1.000631880307906,1.6720003769377518
Ridge,GroupKFold_Source,5,745,Hansapinyo et al. (2021),1.0116009116784799,1.6050981217252835
Ridge,GroupKFold_Source,5,746,Hansapinyo et al. (2021),0.9631743177730056,1.471283799838697
Ridge,GroupKFold_Source,5,747,Hansapinyo et al. (2021),0.9122827104766164,1.3374694779521104
Ridge,GroupKFold_Source,5,748,Hansapinyo et al. (2021),0.883767540168595,1.3374694779521104
Ridge,GroupKFold_Source,5,749,Hansapinyo et al. (2021),0.8241754429663494,1.203655156065524
Ridge,GroupKFold_Source,5,750,Hansapinyo et al. (2021),1.0438040521731147,1.471283799838697
Ridge,GroupKFold_Source,5,751,Hansapinyo et al. (2021),0.9242589015233319,1.4043717331645789
Ridge,GroupKFold_Source,5,769,Huang et al. (2022),4.852108385868018,6.642774612073436
Ridge,GroupKFold_Source,5,770,Huang et al. (2022),4.782730425680335,6.604037415961078
Ridge,GroupKFold_Source,5,771,Huang et al. (2022),4.850153503906757,6.627273678549792
Ridge,GroupKFold_Source,5,772,Huang et al. (2022),4.852108385868018,6.58122658636573
Ridge,GroupKFold_Source,5,773,Huang et al. (2022),4.850153503906757,6.634613676051405
Ridge,GroupKFold_Source,5,774,Huang et al. (2022),4.852108385868018,6.592963079651272
Ridge,GroupKFold_Source,5,795,Van Nguyen et al. (2022),3.0081547935525483,3.1690736462636035
Ridge,GroupKFold_Source,5,796,Van Nguyen et al. (2022),2.876948737564024,3.16199392639827
Ridge,GroupKFold_Source,5,797,Van Nguyen et al. (2022),2.810606789427302,3.114711008063066
Ridge,GroupKFold_Source,5,798,Van Nguyen et al. (2022),2.750470916986162,3.016307881886175
Ridge,GroupKFold_Source,5,799,Van Nguyen et al. (2022),2.691243082785829,3.1943181418924538
Ridge,GroupKFold_Source,5,800,Van Nguyen et al. (2022),2.5680215564985067,3.1372742476058963
Ridge,GroupKFold_Source,5,801,Van Nguyen et al. (2022),2.6304489550786583,3.010305645695464
Ridge,GroupKFold_Source,5,802,Van Nguyen et al. (2022),2.784393767689544,3.2260391451994033
Ridge,GroupKFold_Source,5,803,Van Nguyen et al. (2022),2.756205242989257,3.172550396565967
Ridge,GroupKFold_Source,6,352,Gu et al. (2010),2.93651291389402,2.5904268268115858
Ridge,GroupKFold_Source,6,353,Gu et al. (2010),2.954910279033736,2.406067709029924
Ridge,GroupKFold_Source,6,354,Gu et al. (2010),2.9258461460898246,2.183462518173957
Ridge,GroupKFold_Source,6,355,Gu et al. (2010),2.72785282839839,1.6771175546128299
Ridge,GroupKFold_Source,6,356,Gu et al. (2010),3.5787855313168624,2.867405689915001
Ridge,GroupKFold_Source,6,357,Gu et al. (2010),3.349904087274605,2.6842010079974914
Ridge,GroupKFold_Source,6,358,Gu et al. (2010),3.3690184832979204,2.641427906801753
Ridge,GroupKFold_Source,6,359,Gu et al. (2010),3.214867803470662,2.4003823871927743
Ridge,GroupKFold_Source,6,360,Gu et al. (2010),3.5681232529781366,2.7289532253484765
Ridge,GroupKFold_Source,6,361,Gu et al. (2010),3.475067230228611,2.5977573153696545
Ridge,GroupKFold_Source,6,362,Gu et al. (2010),2.307572634505085,2.3719488438400593
Ridge,GroupKFold_Source,6,363,Gu et al. (2010),3.139832617527748,2.072579842503557
Ridge,GroupKFold_Source,6,364,Gu et al. (2010),3.065724645374026,2.102667937163345
Ridge,GroupKFold_Source,6,365,Gu et al. (2010),3.0469005601283903,1.901262769329584
Ridge,GroupKFold_Source,6,366,Gu et al. (2010),3.1245651453969594,1.9437112545555353
Ridge,GroupKFold_Source,6,367,Dong et al. (2011),3.5380565643793527,3.1400943377380264
Ridge,GroupKFold_Source,6,368,Dong et al. (2011),2.8118094353930627,2.4595205686132107
Ridge,GroupKFold_Source,6,369,Dong et al. (2011),3.4995332823830174,2.854174679031627
Ridge,GroupKFold_Source,6,370,Dong et al. (2011),3.328985047548231,2.7267095992087644
Ridge,GroupKFold_Source,6,371,Dong et al. (2011),3.0440461338325417,2.555741259094284
Ridge,GroupKFold_Source,6,372,Dong et al. (2011),3.022860940942244,2.5021027099050883
Ridge,GroupKFold_Source,6,373,Dong et al. (2011),3.339321977944068,2.728224581355022
Ridge,GroupKFold_Source,6,374,Dong et al. (2011),3.5049566159530077,2.9130466317706083
Ridge,GroupKFold_Source,6,375,Dong et al. (2011),3.3120018028576843,2.764896007113895
Ridge,GroupKFold_Source,6,376,Dong et al. (2011),3.5004392163118045,3.1380103959399963
Ridge,GroupKFold_Source,6,377,Dong et al. (2011),3.2136622578153133,2.5472736921476433
Ridge,GroupKFold_Source,6,521,Dasar et al. (2017),3.66612246699132,3.686291682247144
Ridge,GroupKFold_Source,6,522,Dasar et al. (2017),3.529297384289471,2.388536202313465
Ridge,GroupKFold_Source,6,523,Dasar et al. (2017),3.0726933146901194,1.655640416246651
Ridge,GroupKFold_Source,6,636,O'Flaherty and Browne (2019),1.9726911717329554,2.324348713650649
Ridge,GroupKFold_Source,6,637,O'Flaherty and Browne (2019),1.922787731634459,2.1056457373411663
Ridge,GroupKFold_Source,6,638,O'Flaherty and Browne (2019),1.7029282555214393,2.071897838883983
Ridge,GroupKFold_Source,6,639,O'Flaherty and Browne (2019),1.6486586255873816,1.8394243310102063
Ridge,GroupKFold_Source,6,640,O'Flaherty and Browne (2019),1.4883995840570443,1.7831687321280598
Ridge,GroupKFold_Source,6,641,O'Flaherty and Browne (2019),0.8878912573524571,1.5769249157925214
Ridge,GroupKFold_Source,6,642,O'Flaherty and Browne (2019),0.9555114450274363,1.4644202400898487
Ridge,GroupKFold_Source,6,643,O'Flaherty and Browne (2019),1.937301774518713,2.345517743478857
Ridge,GroupKFold_Source,6,644,O'Flaherty and Browne (2019),1.965712776351493,2.149322771622848
Ridge,GroupKFold_Source,6,645,O'Flaherty and Browne (2019),1.8764069432883397,2.1455665321205872
Ridge,GroupKFold_Source,6,646,O'Flaherty and Browne (2019),1.7316555451583497,2.126814767169375
Ridge,GroupKFold_Source,6,647,O'Flaherty and Browne (2019),1.7209792871670078,2.0068237722595232
Ridge,GroupKFold_Source,6,648,O'Flaherty and Browne (2019),1.4770487243883548,1.8605933608384149
Ridge,GroupKFold_Source,6,649,O'Flaherty and Browne (2019),1.4586150226995167,1.8193407215523703
Ridge,GroupKFold_Source,6,650,O'Flaherty and Browne (2019),1.1184149159642893,1.6168457105719418
Ridge,GroupKFold_Source,6,651,O'Flaherty and Browne (2019),0.959350221334602,1.51183925363651
Ridge,GroupKFold_Source,6,652,O'Flaherty and Browne (2019),1.6448050562713916,2.410362374554001
Ridge,GroupKFold_Source,6,653,O'Flaherty and Browne (2019),1.4445632692438664,1.9554370850156317
Ridge,GroupKFold_Source,6,654,O'Flaherty and Browne (2019),1.423108334242607,2.0454115935260835
Ridge,GroupKFold_Source,6,655,O'Flaherty and Browne (2019),1.6789639750827108,2.1429085401912333
Ridge,GroupKFold_Source,6,656,O'Flaherty and Browne (2019),1.589235205116581,2.11290975111767
Ridge,GroupKFold_Source,6,657,O'Flaherty and Browne (2019),1.4655675420143985,1.985414015378957
Ridge,GroupKFold_Source,6,658,O'Flaherty and Browne (2019),0.7561219797213337,1.6779415362919752
Ridge,GroupKFold_Source,6,659,O'Flaherty and Browne (2019),1.1878434223960523,1.9104350323174564
Ridge,GroupKFold_Source,6,660,O'Flaherty and Browne (2019),0.22314355131420976,1.6291835481200492
Ridge,GroupKFold_Source,6,661,O'Flaherty and Browne (2019),2.3850863145057892,2.43274033483189
Ridge,GroupKFold_Source,6,662,O'Flaherty and Browne (2019),2.3832429960115,2.1232430639422297
Ridge,GroupKFold_Source,6,663,O'Flaherty and Browne (2019),2.330200260027019,2.113348807739076
Ridge,GroupKFold_Source,6,664,O'Flaherty and Browne (2019),2.145931282948669,2.177826625142208
Ridge,GroupKFold_Source,6,665,O'Flaherty and Browne (2019),2.0955609235597192,2.130072180882768
Ridge,GroupKFold_Source,6,666,O'Flaherty and Browne (2019),2.0781907597781832,2.045103459330642
Ridge,GroupKFold_Source,6,667,O'Flaherty and Browne (2019),2.057962510002712,2.0110169040739434
Ridge,GroupKFold_Source,6,668,O'Flaherty and Browne (2019),2.2502386126218363,2.5010064492955824
Ridge,GroupKFold_Source,6,669,O'Flaherty and Browne (2019),2.162172939277301,2.249848675079651
Ridge,GroupKFold_Source,6,670,O'Flaherty and Browne (2019),2.1815467646169897,2.222547683668821
Ridge,GroupKFold_Source,6,671,O'Flaherty and Browne (2019),1.9754689512968577,2.106547891000947
Ridge,GroupKFold_Source,6,672,O'Flaherty and Browne (2019),1.9300710850255671,2.051982027126806
Ridge,GroupKFold_Source,6,673,O'Flaherty and Browne (2019),1.9139771019523042,2.0209319263323557
Ridge,GroupKFold_Source,6,674,O'Flaherty and Browne (2019),2.175887439948088,2.256670357873038
Ridge,GroupKFold_Source,6,775,Nasser et al. (2022),3.490428515390098,3.425541918154047
Ridge,GroupKFold_Source,6,776,Nasser et al. (2022),3.5004392163118045,3.425541918154047
Ridge,GroupKFold_Source,6,777,Nasser et al. (2022),3.414442608412176,3.3522173975758474
Ridge,GroupKFold_Source,6,778,Nasser et al. (2022),3.4187098067467865,3.3522173975758474
Ridge,GroupKFold_Source,6,779,Nasser et al. (2022),3.4339872044851463,3.242344827706315
Ridge,GroupKFold_Source,6,780,Nasser et al. (2022),3.395514598526657,3.1241335690510854
Ridge,GroupKFold_Source,6,781,Nasser et al. (2022),3.3648791189880436,3.050235257905564
Ridge,GroupKFold_Source,6,782,Nasser et al. (2022),3.1135153092103742,2.7437490709148253
Ridge,GroupKFold_Source,7,172,O'Flaherty et al. (2004),1.6448050562713916,2.465996736796662
Ridge,GroupKFold_Source,7,173,O'Flaherty et al. (2004),1.6448050562713916,2.465996736796662
Ridge,GroupKFold_Source,7,174,O'Flaherty et al. (2004),1.6789639750827108,2.063340315120742
Ridge,GroupKFold_Source,7,175,O'Flaherty et al. (2004),1.589235205116581,2.0329194639707002
Ridge,GroupKFold_Source,7,176,O'Flaherty et al. (2004),1.425515074273172,1.964446926118573
Ridge,GroupKFold_Source,7,177,O'Flaherty et al. (2004),1.4655675420143985,1.9036052238184895
Ridge,GroupKFold_Source,7,178,O'Flaherty et al. (2004),1.4327007339340465,1.8735298559359852
Ridge,GroupKFold_Source,7,179,O'Flaherty et al. (2004),1.1908875647772805,1.8278834552690844
Ridge,GroupKFold_Source,7,180,O'Flaherty et al. (2004),0.7608058290337602,1.592254336145763
Ridge,GroupKFold_Source,7,181,O'Flaherty et al. (2004),0.23111172096338664,1.5427964192788262
Ridge,GroupKFold_Source,7,182,O'Flaherty et al. (2004),2.0541237336955462,2.6900083867018854
Ridge,GroupKFold_Source,7,183,O'Flaherty et al. (2004),2.0541237336955462,2.6900083867018854
Ridge,GroupKFold_Source,7,184,O'Flaherty et al. (2004),2.064327903869788,2.1923418700454427
Ridge,GroupKFold_Source,7,185,O'Flaherty et al. (2004),1.9286186519452522,2.1784404270465414
Ridge,GroupKFold_Source,7,186,O'Flaherty et al. (2004),1.7850704810772584,2.1232094214779402
Ridge,GroupKFold_Source,7,187,O'Flaherty et al. (2004),1.8389610707123492,2.0606670872005126
Ridge,GroupKFold_Source,7,188,O'Flaherty et al. (2004),1.6770965609079151,2.03620543129536
Ridge,GroupKFold_Source,7,189,O'Flaherty et al. (2004),1.6074359097634274,1.890269080604258
Ridge,GroupKFold_Source,7,190,O'Flaherty et al. (2004),2.2935443483418965,2.958464409336202
Ridge,GroupKFold_Source,7,191,O'Flaherty et al. (2004),2.2935443483418965,2.958464409336202
Ridge,GroupKFold_Source,7,192,O'Flaherty et al. (2004),2.222459048514761,2.6176187510264324
Ridge,GroupKFold_Source,7,193,O'Flaherty et al. (2004),2.180417459019838,2.6050336113935173
Ridge,GroupKFold_Source,7,194,O'Flaherty et al. (2004),2.0731719286662407,2.580238098554691
Ridge,GroupKFold_Source,7,195,O'Flaherty et al. (2004),1.9685099809725544,2.561353068315452
Ridge,GroupKFold_Source,7,196,O'Flaherty et al. (2004),2.0425181875752383,2.526931076357385
Ridge,GroupKFold_Source,7,197,O'Flaherty et al. (2004),1.8468787684491346,2.4734664364681485
Ridge,GroupKFold_Source,7,263,Du et al. (2007),4.212127597878484,5.691287046106826
Ridge,GroupKFold_Source,7,264,Du et al. (2007),4.0975062255596795,5.709866705972831
Ridge,GroupKFold_Source,7,265,Du et al. (2007),4.183423245305645,5.909119380090164
Ridge,GroupKFold_Source,7,266,Du et al. (2007),3.85946575468947,5.953150608348368
Ridge,GroupKFold_Source,7,267,Du et al. (2007),4.089834406744215,4.276347682785046
Ridge,GroupKFold_Source,7,268,Du et al. (2007),4.039360253889341,4.4155543436743265
Ridge,GroupKFold_Source,7,269,Du et al. (2007),3.931041011263908,4.336016760728433
Ridge,GroupKFold_Source,7,270,Du et al. (2007),3.891412051524022,4.243935181909137
Ridge,GroupKFold_Source,7,271,Du et al. (2007),3.4391352210025476,3.2611589268646597
Ridge,GroupKFold_Source,7,272,Du et al. (2007),3.3683297780365384,3.2656649334019683
Ridge,GroupKFold_Source,7,273,Du et al. (2007),2.9801108926510342,2.868263718120261
Ridge,GroupKFold_Source,7,274,Du et al. (2007),2.87976009730157,2.7394864727726516
Ridge,GroupKFold_Source,7,275,Du et al. (2007),2.9801108926510342,3.0039323388911248
Ridge,GroupKFold_Source,7,276,Du et al. (2007),2.9801108926510342,3.0248139035192905
Ridge,GroupKFold_Source,7,277,Du et al. (2007),2.775708849576025,2.917356699445259
Ridge,GroupKFold_Source,7,278,Du et al. (2007),2.643333886382519,2.7538191965236587
Ridge,GroupKFold_Source,7,279,Du et al. (2007),2.567254391136754,2.679863178282324
Ridge,GroupKFold_Source,7,291,Cairns et al. (2008),2.3589654264301534,2.7040921811309553
Ridge,GroupKFold_Source,7,292,Cairns et al. (2008),2.5610957881455465,2.7261392449412356
Ridge,GroupKFold_Source,7,293,Cairns et al. (2008),2.5862591440482876,2.6308549624115485
Ridge,GroupKFold_Source,7,294,Cairns et al. (2008),3.2433732964685884,3.4267557808999536
Ridge,GroupKFold_Source,7,295,Cairns et al. (2008),3.3013770463799443,3.443232908720575
Ridge,GroupKFold_Source,7,296,Cairns et al. (2008),3.3683297780365384,3.738417578070029
Ridge,GroupKFold_Source,7,297,Cairns et al. (2008),3.4732079176384274,3.7653497199079826
Ridge,GroupKFold_Source,7,298,Cairns et al. (2008),3.4732079176384274,3.75489470589065
Ridge,GroupKFold_Source,7,299,Cairns et al. (2008),3.267284964075888,4.1667636572577
Ridge,GroupKFold_Source,7,300,Cairns et al. (2008),3.2969473602883563,4.283072787470857
Ridge,GroupKFold_Source,7,301,Cairns et al. (2008),3.3456846717318967,4.311571890688297
Ridge,GroupKFold_Source,7,302,Cairns et al. (2008),3.367640598133313,4.1667636572577
Ridge,GroupKFold_Source,7,303,Cairns et al. (2008),3.3565486299932736,4.393206558288862
Ridge,GroupKFold_Source,7,499,Zhu et al. (2015),3.708682081410116,3.3459296930856923
Ridge,GroupKFold_Source,7,500,Zhu et al. (2015),3.636269503841639,3.3459296930856923
Ridge,GroupKFold_Source,7,501,Zhu et al. (2015),3.5567756134805992,3.4546142211450213
Ridge,GroupKFold_Source,7,502,Zhu et al. (2015),3.418054498728578,3.3806589021462945
Ridge,GroupKFold_Source,7,600,Zhou et al. (2018),2.714694743820879,2.992464105237491
Ridge,GroupKFold_Source,7,601,Zhou et al. (2018),2.580974118534234,3.043480447817744
Ridge,GroupKFold_Source,7,602,Zhou et al. (2018),2.517696472610991,2.9756580873117717
Ridge,GroupKFold_Source,7,603,Zhou et al. (2018),2.502255288122613,2.90889829167215
Ridge,GroupKFold_Source,7,604,Zhou et al. (2018),2.4765384001174837,2.841673100708152
Ridge,GroupKFold_Source,7,605,Zhou et al. (2018),2.4069451083182885,2.7070909445625584
Ridge,GroupKFold_Source,7,606,Zhou et al. (2018),2.303584593327129,2.614143813856703
Ridge,GroupKFold_Source,7,607,Zhou et al. (2018),2.150598735996164,2.4895109517742413
Ridge,GroupKFold_Source,7,608,Zhou et al. (2018),2.028148247292285,2.3034427713837777
Ridge,GroupKFold_Source,7,609,Zhou et al. (2018),1.9726911717329554,2.4792861351336857
Ridge,GroupKFold_Source,7,675,Tan et al. (2019),1.7083778602890038,2.1297515605878536
Ridge,GroupKFold_Source,7,676,Tan et al. (2019),1.7749523509116738,2.0008687990555885
Ridge,GroupKFold_Source,7,677,Tan et al. (2019),1.601405740736836,1.8842261207254736
Ridge,GroupKFold_Source,7,678,Tan et al. (2019),1.9851308622085946,2.465932341666502
Ridge,GroupKFold_Source,7,679,Tan et al. (2019),1.9906103279732201,2.336372110790958
Ridge,GroupKFold_Source,7,680,Tan et al. (2019),1.7647307968401356,2.1503181613745173
Ridge,GroupKFold_Source,8,0,Al-Sulaimani et al. (1990),1.9530276168241774,1.9039345149787845
Ridge,GroupKFold_Source,8,1,Al-Sulaimani et al. (1990),1.9572739077056285,1.9039345149787845
Ridge,GroupKFold_Source,8,2,Al-Sulaimani et al. (1990),1.9530276168241774,2.1848020616416766
Ridge,GroupKFold_Source,8,3,Al-Sulaimani et al. (1990),1.9600947840472698,1.854247523877994
Ridge,GroupKFold_Source,8,4,Al-Sulaimani et al. (1990),1.9487632180377197,1.829890955477657
Ridge,GroupKFold_Source,8,5,Al-Sulaimani et al. (1990),1.9344157696295783,1.822692034042635
Ridge,GroupKFold_Source,8,6,Al-Sulaimani et al. (1990),1.9387416595767009,1.819017207700474
Ridge,GroupKFold_Source,8,7,Al-Sulaimani et al. (1990),1.922787731634459,1.8159468477915508
Ridge,GroupKFold_Source,8,8,Al-Sulaimani et al. (1990),1.8870696490323797,1.791968870615043
Ridge,GroupKFold_Source,8,9,Al-Sulaimani et al. (1990),1.843719208158766,1.7612456988547205
Ridge,GroupKFold_Source,8,10,Al-Sulaimani et al. (1990),1.8531680973566984,1.7567519856173228
Ridge,GroupKFold_Source,8,11,Al-Sulaimani et al. (1990),1.8453002361560848,1.7499970005315972
Ridge,GroupKFold_Source,8,12,Rodriguez et al. (1997),2.714694743820879,3.0000945945432917
Ridge,GroupKFold_Source,8,13,Rodriguez et al. (1997),2.7536607123542622,3.0000945945432917
Ridge,GroupKFold_Source,8,14,Rodriguez et al. (1997),2.312535423847214,2.2049118243304804
Ridge,GroupKFold_Source,8,15,Rodriguez et al. (1997),2.3513752571634776,2.260306489993396
Ridge,GroupKFold_Source,8,16,Rodriguez et al. (1997),2.451005098112319,2.386064563104614
Ridge,GroupKFold_Source,8,17,Rodriguez et al. (1997),2.151762203259462,1.9144281096019513
Ridge,GroupKFold_Source,8,18,Rodriguez et al. (1997),3.586292865338835,3.8123319444379327
Ridge,GroupKFold_Source,8,19,Rodriguez et al. (1997),3.6454498961866,3.8123319444379327
Ridge,GroupKFold_Source,8,20,Rodriguez et al. (1997),3.367295829986474,3.382548345711019
Ridge,GroupKFold_Source,8,21,Rodriguez et al. (1997),3.6402142821326553,3.4246127752535074
Ridge,GroupKFold_Source,8,22,Rodriguez et al. (1997),3.6584202466292277,3.4246127752535074
Ridge,GroupKFold_Source,8,23,Rodriguez et al. (1997),3.339321977944068,3.0160161155385063
Ridge,GroupKFold_Source,8,24,Rodriguez et al. (1997),3.349904087274605,2.830798700188284
Ridge,GroupKFold_Source,8,25,Rodriguez et al. (1997),3.3141860046725258,2.8926238719496906
Ridge,GroupKFold_Source,8,143,Jin and Zhao (2001),2.322387720290225,2.2289670124655707
Ridge,GroupKFold_Source,8,144,Jin and Zhao (2001),2.254444717666111,2.519048349809196
Ridge,GroupKFold_Source,8,145,Jin and Zhao (2001),2.286455711064162,2.468274209837332
Ridge,GroupKFold_Source,8,146,Jin and Zhao (2001),2.2321626286975,2.4978103834964065
Ridge,GroupKFold_Source,8,147,Jin and Zhao (2001),2.329227023940467,2.4978103834964065
Ridge,GroupKFold_Source,8,148,Jin and Zhao (2001),2.254444717666111,2.496991775457137
Ridge,GroupKFold_Source,8,149,Jin and Zhao (2001),2.187174241482718,2.4708751730923533
Ridge,GroupKFold_Source,8,150,Jin and Zhao (2001),2.2049722641270453,2.4504460243169226
Ridge,GroupKFold_Source,8,151,Jin and Zhao (2001),2.254444717666111,2.4498474288517387
Ridge,GroupKFold_Source,8,152,Jin and Zhao (2001),2.162172939277301,2.447845061061901
Ridge,GroupKFold_Source,8,153,Jin and Zhao (2001),2.162172939277301,2.4314304383680554
Ridge,GroupKFold_Source,8,154,Jin and Zhao (2001),2.1041341542702074,2.409807739340146
Ridge,GroupKFold_Source,8,155,Jin and Zhao (2001),2.162172939277301,2.377838963244974
Ridge,GroupKFold_Source,8,156,Jin and Zhao (2001),2.048982334195127,2.353349786456818
Ridge,GroupKFold_Source,8,157,Jin and Zhao (2001),2.2935443483418965,2.42721514372501
Ridge,GroupKFold_Source,8,158,Jin and Zhao (2001),2.1471001901536506,2.5148043929072137
Ridge,GroupKFold_Source,8,159,Jin and Zhao (2001),2.1186622548331173,2.491784071378672
Ridge,GroupKFold_Source,8,472,Wang et al. (2014),4.405010471064257,4.5754419734087985
Ridge,GroupKFold_Source,8,473,Wang et al. (2014),4.370712874773608,4.241213019952602
Ridge,GroupKFold_Source,8,474,Wang et al. (2014),4.2903224454635405,4.22818187064476
Ridge,GroupKFold_Source,8,475,Wang et al. (2014),4.207226719278773,4.193818311180497
Ridge,GroupKFold_Source,8,476,Wang et al. (2014),4.094011173320863,4.159977393001816
Ridge,GroupKFold_Source,8,477,Wang et al. (2014),4.418479096676194,4.6154192273665835
Ridge,GroupKFold_Source,8,478,Wang et al. (2014),4.145987795373939,4.229663642850009
Ridge,GroupKFold_Source,8,479,Wang et al. (2014),4.312408567793012,4.5354647194510145
Ridge,GroupKFold_Source,8,480,Wang et al. (2014),4.020159664032724,4.1410458048317444
Ridge,GroupKFold_Source,8,481,Wang et al. (2014),4.453300236649965,4.765895065432931
Ridge,GroupKFold_Source,8,482,Wang et al. (2014),4.27332721775054,4.424720542382683
Ridge,GroupKFold_Source,8,483,Wang et al. (2014),4.100492292808335,4.395691413536042
Ridge,GroupKFold_Source,8,484,Wang et al. (2014),3.9900945408483017,4.075454470925315
Ridge,GroupKFold_Source,8,485,Wang et al. (2014),3.902578546600146,4.047320259748618
Ridge,GroupKFold_Source,8,486,Wang et al. (2014),3.766071949943842,4.0203659841411366
Ridge,GroupKFold_Source,8,487,Wang et al. (2014),3.634159241913703,3.9895692797105227
Ridge,GroupKFold_Source,8,488,Wang et al. (2014),4.233961566558017,4.435668667493827
Ridge,GroupKFold_Source,8,489,Wang et al. (2014),3.9527809979003137,4.064238061339591
Ridge,GroupKFold_Source,8,490,Wang et al. (2014),3.998017198595007,4.355714159578258
Ridge,GroupKFold_Source,8,491,Wang et al. (2014),3.6823582371236707,3.9734665640432296
Ridge,GroupKFold_Source,8,492,Wang et al. (2014),4.360292142527875,4.586144505560174
Ridge,GroupKFold_Source,8,493,Wang et al. (2014),4.124388683570477,4.251243022602622
Ridge,GroupKFold_Source,8,494,Zhu and François (2014),3.560477739309412,3.779436902843311
Ridge,GroupKFold_Source,8,495,Zhu and François (2014),3.2913825156549485,2.8020041000353673
Ridge,GroupKFold_Source,8,519,Zhu and François (2016),3.590715205326705,3.7877866592178426
Ridge,GroupKFold_Source,8,520,Zhu and François (2016),3.093312601892855,3.453041644562997
Ridge,GroupKFold_Source,8,626,Jung et al. (2019),3.1978564576441255,3.3482222780894033
Ridge,GroupKFold_Source,8,627,Jung et al. (2019),3.1642084235258925,2.879943053727003
Ridge,GroupKFold_Source,8,628,Jung et al. (2019),3.1450139762697455,2.8734321501959643
Ridge,GroupKFold_Source,8,629,Jung et al. (2019),3.1867657709499673,2.8734321501959643
Ridge,GroupKFold_Source,8,630,Jung et al. (2019),3.1578511230304263,2.879943053727003
Ridge,GroupKFold_Source,8,631,Jung et al. (2019),3.0726933146901194,2.8734321501959643
Ridge,GroupKFold_Source,8,632,Jung et al. (2019),3.1041381473977774,2.8734321501959643
Ridge,GroupKFold_Source,8,633,Jung et al. (2019),3.1424266527047946,2.8734321501959643
Ridge,GroupKFold_Source,9,380,Oyado et al. (2011),2.911263116927541,2.5978487766969875
Ridge,GroupKFold_Source,9,381,Oyado et al. (2011),2.8027541365715076,2.8880860804928954
Ridge,GroupKFold_Source,9,382,Oyado et al. (2011),2.7700855920216627,2.838517457338889
Ridge,GroupKFold_Source,9,383,Oyado et al. (2011),2.8237570088141806,2.9132836938190594
Ridge,GroupKFold_Source,9,384,Oyado et al. (2011),2.8524391037275145,2.877209734381398
Ridge,GroupKFold_Source,9,385,Oyado et al. (2011),2.548663615590751,2.622255305181773
Ridge,GroupKFold_Source,9,386,Oyado et al. (2011),2.65745841498615,2.626307132571205
Ridge,GroupKFold_Source,9,387,Oyado et al. (2011),2.6837575085331657,2.681467988949074
Ridge,GroupKFold_Source,9,388,Oyado et al. (2011),2.8741294517947424,2.6091549156511644
Ridge,GroupKFold_Source,9,389,Oyado et al. (2011),2.714694743820879,2.0426502612365693
Ridge,GroupKFold_Source,9,390,Oyado et al. (2011),2.7093826463359885,2.32343471148346
Ridge,GroupKFold_Source,9,391,Oyado et al. (2011),2.5289235352047745,1.9462607001805043
Ridge,GroupKFold_Source,9,392,Oyado et al. (2011),1.144222799920162,1.475824461551644
Ridge,GroupKFold_Source,9,393,Xia et al. (2012),3.121483478859551,2.80254293639006
Ridge,GroupKFold_Source,9,394,Xia et al. (2012),3.1018924693823817,2.7893218002090183
Ridge,GroupKFold_Source,9,395,Xia et al. (2012),3.0740812399649675,2.736378405791193
Ridge,GroupKFold_Source,9,396,Xia et al. (2012),3.027715319407042,2.7070124951790544
Ridge,GroupKFold_Source,9,397,Xia et al. (2012),3.0368742168851663,2.6320678844650267
Ridge,GroupKFold_Source,9,398,Xia et al. (2012),3.0619880693310564,2.6138370963771362
Ridge,GroupKFold_Source,9,399,Xia et al. (2012),2.995732273553991,2.5728276150234803
Ridge,GroupKFold_Source,9,400,Xia et al. (2012),3.0368742168851663,2.5074203613622066
Ridge,GroupKFold_Source,9,401,Xia et al. (2012),2.9559514035421466,2.499797559863864
Ridge,GroupKFold_Source,9,402,Xia et al. (2012),2.9090844668283187,2.437847897124099
Ridge,GroupKFold_Source,9,403,Xia et al. (2012),3.6506582412937387,3.2197192607725875
Ridge,GroupKFold_Source,9,404,Xia et al. (2012),3.6041382256588457,3.206688017680393
Ridge,GroupKFold_Source,9,405,Xia et al. (2012),3.5553480614894135,3.1887439343758692
Ridge,GroupKFold_Source,9,406,Xia et al. (2012),3.5403794457954922,3.152345180979915
Ridge,GroupKFold_Source,9,407,Xia et al. (2012),3.5564902660681907,3.1009426115040934
Ridge,GroupKFold_Source,9,408,Xia et al. (2012),3.5801800371905954,3.032027653733109
Ridge,GroupKFold_Source,9,409,Xia et al. (2012),3.4989288701554906,3.0057256418840956
Ridge,GroupKFold_Source,9,410,Xia et al. (2012),3.537765824444175,2.9350706256925845
Ridge,GroupKFold_Source,9,411,Xia et al. (2012),3.5403794457954922,2.916806998027142
Ridge,GroupKFold_Source,9,412,Xia et al. (2012),3.4697901731277674,2.861469258782437
Ridge,GroupKFold_Source,9,515,Zhang et al. (2016),4.0943445622221,4.232482097397022
Ridge,GroupKFold_Source,9,516,Zhang et al. (2016),4.053522567701846,4.413891909469554
Ridge,GroupKFold_Source,9,517,Zhang et al. (2016),4.00369019395397,4.441128324865629
Ridge,GroupKFold_Source,9,518,Zhang et al. (2016),3.8199077165203406,4.4503341182250455
Ridge,GroupKFold_Source,9,581,Ye et al. (2018),2.5079719227189963,2.487310706957769
Ridge,GroupKFold_Source,9,582,Ye et al. (2018),2.488234439880675,2.8339522183032595
Ridge,GroupKFold_Source,9,583,Ye et al. (2018),2.4782176616372036,2.8116060155140903
Ridge,GroupKFold_Source,9,584,Ye et al. (2018),2.4807312783775197,2.759326434687986
Ridge,GroupKFold_Source,9,585,Ye et al. (2018),2.4612967841488667,2.7076809040558962
Ridge,GroupKFold_Source,9,586,Ye et al. (2018),2.510411940196362,2.7887612314252723
Ridge,GroupKFold_Source,9,587,Ye et al. (2018),2.4714836294558595,2.766430640988342
Ridge,GroupKFold_Source,9,588,Ye et al. (2018),2.424802725718295,2.7211320674227286
Ridge,GroupKFold_Source,9,589,Ye et al. (2018),2.3933394562625097,2.669980090349682
Ridge,GroupKFold_Source,9,590,Ye et al. (2018),2.4553061800117097,2.7389745966899066
Ridge,GroupKFold_Source,9,591,Ye et al. (2018),2.412335956953165,2.7256519334436686
Ridge,GroupKFold_Source,9,592,Ye et al. (2018),2.33214389523559,2.6878348894713593
Ridge,GroupKFold_Source,9,593,Ye et al. (2018),2.2512917986064953,2.6314749008513316
Ridge,GroupKFold_Source,9,594,Ye et al. (2018),2.479894107964456,2.398676493566709
Ridge,GroupKFold_Source,9,595,Ye et al. (2018),2.468099531471619,2.3055966185957804
Ridge,GroupKFold_Source,9,596,Ye et al. (2018),2.4731713935695794,2.314078778752756
Ridge,GroupKFold_Source,9,597,Ye et al. (2018),2.4344901638739844,2.2097840752138254
Ridge,GroupKFold_Source,9,598,Ye et al. (2018),2.453587966530573,2.2683508434492654
Ridge,GroupKFold_Source,9,599,Ye et al. (2018),2.336986519711378,2.160409641739158
Ridge,GroupKFold_Source,9,610,Hou et al. (2019),3.535145354171894,3.414441791494961
Ridge,GroupKFold_Source,9,611,Hou et al. (2019),3.537765824444175,3.6018046598453908
Ridge,GroupKFold_Source,9,612,Hou et al. (2019),3.3867603338643857,3.558725228448495
Ridge,GroupKFold_Source,9,613,Hou et al. (2019),3.1834558796369405,3.4996365529646662
Ridge,GroupKFold_Source,9,614,Hou et al. (2019),3.597860055726768,3.4845398663824643
Ridge,GroupKFold_Source,9,615,Hou et al. (2019),3.3669509429335642,3.553271445337224
Ridge,GroupKFold_Source,9,616,Hou et al. (2019),3.494384096388273,3.791303525583117
Ridge,GroupKFold_Source,9,617,Hou et al. (2019),3.4461707473048864,3.598832431505145
Ridge,GroupKFold_Source,9,618,Hou et al. (2019),3.5251833614431467,3.5899731061777977
Ridge,GroupKFold_Source,9,619,Hou et al. (2019),3.4490347110763153,3.544025702843062
Ridge,GroupKFold_Source,9,620,Hou et al. (2019),3.080532875246456,3.4194621953636846
Ridge,GroupKFold_Source,9,621,Hou et al. (2019),3.1654750481410856,3.533380307561275
Ridge,GroupKFold_Source,9,685,Zhang et al. (2019),1.851599469584072,1.4098764703122888
Ridge,GroupKFold_Source,9,686,Zhang et al. (2019),1.7715567619105355,1.424267371207304
Ridge,GroupKFold_Source,9,687,Zhang et al. (2019),1.7457155307266483,1.3532224142491445
Ridge,GroupKFold_Source,9,688,Zhang et al. (2019),1.6845453849209058,1.359988814017409
Ridge,GroupKFold_Source,9,689,Zhang et al. (2019),1.7833912195575383,1.4129572010019977
Ridge,GroupKFold_Source,9,690,Zhang et al. (2019),2.532902848056256,1.978737050389241
Ridge,GroupKFold_Source,9,691,Zhang et al. (2019),2.413231613081109,1.8768434250208303
Ridge,GroupKFold_Source,9,692,Zhang et al. (2019),1.7544036826842861,1.149866266679818
Ridge,GroupKFold_Source,10,503,Liu et al. (2016),4.174541104216377,3.961314986393883
Ridge,GroupKFold_Source,10,504,Liu et al. (2016),4.152613470346076,3.961314986393883
Ridge,GroupKFold_Source,10,505,Liu et al. (2016),4.152613470346076,4.043853751316016
Ridge,GroupKFold_Source,10,506,Liu et al. (2016),4.179604406172924,4.043853751316016
Ridge,GroupKFold_Source,10,507,Liu et al. (2016),4.090838422892813,3.8895690725659486
Ridge,GroupKFold_Source,10,508,Liu et al. (2016),4.080245637842599,3.8878222430501346
Ridge,GroupKFold_Source,10,509,Liu et al. (2016),4.015301354881648,3.8458223567475924
Ridge,GroupKFold_Source,10,510,Liu et al. (2016),4.051958845725663,3.842931791395241
Ridge,GroupKFold_Source,10,511,Liu et al. (2016),3.985087576285151,3.7766385975543417
Ridge,GroupKFold_Source,10,512,Liu et al. (2016),3.9682142850778885,3.773705194437283
Ridge,GroupKFold_Source,10,513,Liu et al. (2016),3.930648469551311,3.766546941129255
Ridge,GroupKFold_Source,10,514,Liu et al. (2016),3.883623530906448,3.757732220220175
Ridge,GroupKFold_Source,10,528,Lim et al. (2017),1.4327007339340465,1.6592765393943518
Ridge,GroupKFold_Source,10,529,Lim et al. (2017),1.5390154481375546,1.7847278557259085
Ridge,GroupKFold_Source,10,530,Lim et al. (2017),1.4036429994545037,1.4828033156715026
Ridge,GroupKFold_Source,10,531,Lim et al. (2017),1.2029723039923526,1.141581457210335
Ridge,GroupKFold_Source,10,545,Nguyen and Lambert (2018),2.2915241456346207,1.4316627229338144
Ridge,GroupKFold_Source,10,546,Nguyen and Lambert (2018),2.262804222982201,1.4947394171806565
Ridge,GroupKFold_Source,10,547,Nguyen and Lambert (2018),2.2512917986064953,1.488457831524441
Ridge,GroupKFold_Source,10,548,Nguyen and Lambert (2018),2.2235418856535927,1.476471255967712
Ridge,GroupKFold_Source,10,549,Nguyen and Lambert (2018),2.28949985344539,1.433895833155524
Ridge,GroupKFold_Source,10,550,Nguyen and Lambert (2018),2.2731562823032334,1.4316627229338144
Ridge,GroupKFold_Source,10,551,Nguyen and Lambert (2018),2.231089091288976,1.4798041512114135
Ridge,GroupKFold_Source,10,552,Nguyen and Lambert (2018),2.2364452904895007,1.4707921054035116
Ridge,GroupKFold_Source,10,553,Nguyen and Lambert (2018),2.1972245773362196,1.4555142713991451
Ridge,GroupKFold_Source,10,554,Nguyen and Lambert (2018),2.2364452904895007,1.4177264797303326
Ridge,GroupKFold_Source,10,555,Nguyen and Lambert (2018),2.2679936482244267,1.4316627229338144
Ridge,GroupKFold_Source,10,556,Nguyen and Lambert (2018),2.194999882314108,1.4378313408794294
Ridge,GroupKFold_Source,10,557,Nguyen and Lambert (2018),2.2082744135228043,1.433360035981012
Ridge,GroupKFold_Source,10,558,Nguyen and Lambert (2018),2.1972245773362196,1.4125143607591726
Ridge,GroupKFold_Source,10,559,Nguyen and Lambert (2018),2.2289385528257473,1.3798192443224802
Ridge,GroupKFold_Source,10,560,Nguyen and Lambert (2018),2.2648832258100344,1.4316627229338144
Ridge,GroupKFold_Source,10,561,Nguyen and Lambert (2018),2.1114245875328868,1.3859771842831174
Ridge,GroupKFold_Source,10,562,Nguyen and Lambert (2018),2.020222182019865,1.3878507111997405
Ridge,GroupKFold_Source,10,563,Nguyen and Lambert (2018),2.061786606441115,1.3207911796659655
Ridge,GroupKFold_Source,10,564,Nguyen and Lambert (2018),2.1138429683971682,1.3131004386986749
Ridge,GroupKFold_Source,10,565,Yadav et al. (2018),3.8366526984033693,3.51963585488443
Ridge,GroupKFold_Source,10,566,Yadav et al. (2018),3.7909846770510898,3.2644933341420534
Ridge,GroupKFold_Source,10,567,Yadav et al. (2018),3.711618941083426,3.0325829199783056
Ridge,GroupKFold_Source,10,568,Yadav et al. (2018),3.575710756008298,2.805442547867341
Ridge,GroupKFold_Source,10,569,Yadav et al. (2018),3.8588331769140267,3.54217398387807
Ridge,GroupKFold_Source,10,570,Yadav et al. (2018),3.773220602547687,3.3149136135292765
Ridge,GroupKFold_Source,10,571,Yadav et al. (2018),3.6901286735143684,3.0690629775671896
Ridge,GroupKFold_Source,10,572,Yadav et al. (2018),3.6184569898173904,2.8377770640195594
Ridge,GroupKFold_Source,10,573,Yadav et al. (2018),3.8975183192252643,3.5260889297239877
Ridge,GroupKFold_Source,10,574,Yadav et al. (2018),3.7918872041881655,3.3095989789619527
Ridge,GroupKFold_Source,10,575,Yadav et al. (2018),3.730501128804756,3.0735364921041186
Ridge,GroupKFold_Source,10,576,Yadav et al. (2018),3.662792119350618,2.8355595244859315
Ridge,GroupKFold_Source,10,577,Yadav et al. (2018),3.934957976710642,3.5766719553791053
Ridge,GroupKFold_Source,10,578,Yadav et al. (2018),3.8588331769140267,3.359210877666368
Ridge,GroupKFold_Source,10,579,Yadav et al. (2018),3.802654468372781,3.1007938543419744
Ridge,GroupKFold_Source,10,580,Yadav et al. (2018),3.7428940424201746,2.8729675245045128
Ridge,GroupKFold_Source,10,693,Biswas et al. (2020),3.996364153861897,4.2914799028170645
Ridge,GroupKFold_Source,10,694,Biswas et al. (2020),3.9627161197436642,4.195542505677823
Ridge,GroupKFold_Source,10,695,Biswas et al. (2020),3.8958936234982624,4.006908648950246
Ridge,GroupKFold_Source,10,696,Biswas et al. (2020),3.899950424193877,4.006908648950246
Ridge,GroupKFold_Source,10,697,Biswas et al. (2020),3.7376696182833684,3.7691148563395047
Ridge,GroupKFold_Source,10,698,Biswas et al. (2020),3.6000482404073204,3.7184842958586595
Ridge,GroupKFold_Source,10,699,Biswas et al. (2020),2.8903717578961645,3.46530423664784
Ridge,GroupKFold_Source,10,752,Nasser et al. (2021),2.772588722239781,2.441611746103648
Ridge,GroupKFold_Source,10,753,Nasser et al. (2021),2.739548868161581,2.458238247597038
Ridge,GroupKFold_Source,10,754,Nasser et al. (2021),2.7265447837383743,2.458238247597038
Ridge,GroupKFold_Source,10,755,Nasser et al. (2021),2.644044871126298,2.3968401705369775
Ridge,GroupKFold_Source,10,756,Nasser et al. (2021),2.695977619867941,2.38522786967873
Ridge,GroupKFold_Source,10,757,Nasser et al. (2021),2.5241273629412815,2.1025693304376087
Ridge,GroupKFold_Source,10,758,Nasser et al. (2021),2.4840729690394228,2.0746435420714975
Ridge,GroupKFold_Source,10,759,Nasser et al. (2021),2.4397349311412793,1.9244200870556964
Ridge,GroupKFold_Source,10,760,Nasser et al. (2021),2.498973906999436,2.136467619281439
Ridge,GroupKFold_Source,10,761,Nasser et al. (2021),2.3085671646715933,1.8006088911232916
Ridge,GroupKFold_Source,10,762,Nasser et al. (2021),2.25758772706331,1.8006088911232916
Ridge,GroupKFold_Source,10,763,Nasser et al. (2021),2.0881534822818573,1.7411561212366815
Ridge,GroupKFold_Source,10,764,Nasser et al. (2021),2.089391872533004,1.788310467137853
Ridge,GroupKFold_Source,10,765,Nasser et al. (2021),2.1587147225743437,1.6287984594394083
Ridge,GroupKFold_Source,10,766,Nasser et al. (2021),1.9933388426264242,1.6119667363004198
Ridge,GroupKFold_Source,10,767,Nasser et al. (2021),2.017566137961748,1.42764451874869
Ridge,GroupKFold_Source,10,768,Nasser et al. (2021),2.0515563381903004,1.3640668866617964
Ridge,LeaveOneSourceOut,1,0,Al-Sulaimani et al. (1990),1.9530276168241774,1.584412166453295
Ridge,LeaveOneSourceOut,1,1,Al-Sulaimani et al. (1990),1.9572739077056285,1.584412166453295
Ridge,LeaveOneSourceOut,1,2,Al-Sulaimani et al. (1990),1.9530276168241774,1.8312708673837876
Ridge,LeaveOneSourceOut,1,3,Al-Sulaimani et al. (1990),1.9600947840472698,1.542010227897134
Ridge,LeaveOneSourceOut,1,4,Al-Sulaimani et al. (1990),1.9487632180377197,1.5179705985529055
Ridge,LeaveOneSourceOut,1,5,Al-Sulaimani et al. (1990),1.9344157696295783,1.5107905599556763
Ridge,LeaveOneSourceOut,1,6,Al-Sulaimani et al. (1990),1.9387416595767009,1.507193251448657
Ridge,LeaveOneSourceOut,1,7,Al-Sulaimani et al. (1990),1.922787731634459,1.5041564341673586
Ridge,LeaveOneSourceOut,1,8,Al-Sulaimani et al. (1990),1.8870696490323797,1.4804025238967125
Ridge,LeaveOneSourceOut,1,9,Al-Sulaimani et al. (1990),1.843719208158766,1.4500161401377378
Ridge,LeaveOneSourceOut,1,10,Al-Sulaimani et al. (1990),1.8531680973566984,1.4455954929986976
Ridge,LeaveOneSourceOut,1,11,Al-Sulaimani et al. (1990),1.8453002361560848,1.438954740187369
Ridge,LeaveOneSourceOut,2,207,Azad et al. (2007),2.5376572151735295,2.2867122938872266
Ridge,LeaveOneSourceOut,2,208,Azad et al. (2007),2.533696813957432,2.2867122938872266
Ridge,LeaveOneSourceOut,2,209,Azad et al. (2007),2.468946630209271,2.271272727326715
Ridge,LeaveOneSourceOut,2,210,Azad et al. (2007),2.4159137783010487,2.271272727326715
Ridge,LeaveOneSourceOut,2,211,Azad et al. (2007),2.3174737054877963,1.86973641622424
Ridge,LeaveOneSourceOut,2,212,Azad et al. (2007),2.2027647577118348,1.86973641622424
Ridge,LeaveOneSourceOut,2,213,Azad et al. (2007),2.344686269012681,1.8799849992233963
Ridge,LeaveOneSourceOut,2,214,Azad et al. (2007),2.1983350716202463,1.8799849992233963
Ridge,LeaveOneSourceOut,2,215,Azad et al. (2007),2.1815467646169897,1.5810414301066378
Ridge,LeaveOneSourceOut,2,216,Azad et al. (2007),2.248128907197987,1.5810414301066378
Ridge,LeaveOneSourceOut,2,217,Azad et al. (2007),2.1713368063840917,1.6335489183899572
Ridge,LeaveOneSourceOut,2,218,Azad et al. (2007),2.0554049638515948,1.6335489183899572
Ridge,LeaveOneSourceOut,2,219,Azad et al. (2007),1.6937790608678513,1.2536619646505667
Ridge,LeaveOneSourceOut,2,220,Azad et al. (2007),2.0095554142156695,1.2536619646505667
Ridge,LeaveOneSourceOut,2,221,Azad et al. (2007),2.768204123921957,2.492372623844772
Ridge,LeaveOneSourceOut,2,222,Azad et al. (2007),2.6239436918052106,2.492372623844772
Ridge,LeaveOneSourceOut,2,223,Azad et al. (2007),2.516889695641051,2.492977071717968
Ridge,LeaveOneSourceOut,2,224,Azad et al. (2007),2.5733752977756086,2.492977071717968
Ridge,LeaveOneSourceOut,2,225,Azad et al. (2007),2.853015971352396,2.3243208743984454
Ridge,LeaveOneSourceOut,2,226,Azad et al. (2007),2.4807312783775197,2.3243208743984454
Ridge,LeaveOneSourceOut,2,227,Azad et al. (2007),2.403334996094189,1.9722171715889902
Ridge,LeaveOneSourceOut,2,228,Azad et al. (2007),2.2793164660546914,1.9722171715889902
Ridge,LeaveOneSourceOut,2,229,Azad et al. (2007),2.6973262377392344,2.1370032678408477
Ridge,LeaveOneSourceOut,2,230,Azad et al. (2007),2.3532782073095637,2.1370032678408477
Ridge,LeaveOneSourceOut,2,231,Azad et al. (2007),2.2648832258100344,1.8725566041224821
Ridge,LeaveOneSourceOut,2,232,Azad et al. (2007),2.102913897864978,1.8725566041224821
Ridge,LeaveOneSourceOut,2,233,Azad et al. (2007),1.9080599249242156,1.7295696931015907
Ridge,LeaveOneSourceOut,2,234,Azad et al. (2007),2.125847914493992,1.7295696931015907
Ridge,LeaveOneSourceOut,2,235,Azad et al. (2007),2.468099531471619,2.025801839602325
Ridge,LeaveOneSourceOut,2,236,Azad et al. (2007),2.5930133911138515,2.025801839602325
Ridge,LeaveOneSourceOut,2,237,Azad et al. (2007),2.3350522831315472,1.8901497902253346
Ridge,LeaveOneSourceOut,2,238,Azad et al. (2007),2.448415541205585,1.8901497902253346
Ridge,LeaveOneSourceOut,2,239,Azad et al. (2007),2.401525040848949,1.7958293154804605
Ridge,LeaveOneSourceOut,2,240,Azad et al. (2007),2.3194422100604686,1.7958293154804605
Ridge,LeaveOneSourceOut,2,241,Azad et al. (2007),2.2027647577118348,1.8091100185159539
Ridge,LeaveOneSourceOut,2,242,Azad et al. (2007),2.3617969526258915,1.8091100185159539
Ridge,LeaveOneSourceOut,2,243,Azad et al. (2007),2.2213750375685026,1.4552297503322391
Ridge,LeaveOneSourceOut,2,244,Azad et al. (2007),2.315501318260592,1.4552297503322391
Ridge,LeaveOneSourceOut,2,245,Azad et al. (2007),2.2126603854660587,1.359533697921208
Ridge,LeaveOneSourceOut,2,246,Azad et al. (2007),1.9712993830601329,1.359533697921208
Ridge,LeaveOneSourceOut,2,247,Azad et al. (2007),2.1090003439213802,0.8455442268708935
Ridge,LeaveOneSourceOut,2,248,Azad et al. (2007),1.891604804197771,0.8455442268708935
Ridge,LeaveOneSourceOut,2,249,Azad et al. (2007),2.590767040487478,2.228998572030347
Ridge,LeaveOneSourceOut,2,250,Azad et al. (2007),2.5376572151735295,2.228998572030347
Ridge,LeaveOneSourceOut,2,251,Azad et al. (2007),2.4664031782234406,2.130931930060853
Ridge,LeaveOneSourceOut,2,252,Azad et al. (2007),2.522523513359307,2.130931930060853
Ridge,LeaveOneSourceOut,2,253,Azad et al. (2007),2.4865719291070616,1.9692159803920783
Ridge,LeaveOneSourceOut,2,254,Azad et al. (2007),2.392425796993835,1.9692159803920783
Ridge,LeaveOneSourceOut,2,255,Azad et al. (2007),2.432735777459091,1.9326484277626994
Ridge,LeaveOneSourceOut,2,256,Azad et al. (2007),2.3085671646715933,1.9326484277626994
Ridge,LeaveOneSourceOut,2,257,Azad et al. (2007),2.1972245773362196,1.6967631328346238
Ridge,LeaveOneSourceOut,2,258,Azad et al. (2007),2.589266665112243,1.6967631328346238
Ridge,LeaveOneSourceOut,2,259,Azad et al. (2007),2.192770226986839,1.7705005491418875
Ridge,LeaveOneSourceOut,2,260,Azad et al. (2007),2.0769384114617173,1.7705005491418875
Ridge,LeaveOneSourceOut,2,261,Azad et al. (2007),2.0294631718735947,1.6229261322101607
Ridge,LeaveOneSourceOut,2,262,Azad et al. (2007),2.1736147116970854,1.6229261322101607
Ridge,LeaveOneSourceOut,3,304,Azad et al. (2010),3.4790839203192268,3.746042238545262
Ridge,LeaveOneSourceOut,3,305,Azad et al. (2010),3.4719664525503626,3.746042238545262
Ridge,LeaveOneSourceOut,3,306,Azad et al. (2010),3.449987545831587,3.813529500766588
Ridge,LeaveOneSourceOut,3,307,Azad et al. (2010),3.339676525013905,3.75796973942855
Ridge,LeaveOneSourceOut,3,308,Azad et al. (2010),2.911263116927541,3.7992205796693908
Ridge,LeaveOneSourceOut,3,309,Azad et al. (2010),3.1130707659712242,3.5385859437021674
Ridge,LeaveOneSourceOut,3,310,Azad et al. (2010),3.440097530619712,3.8259353196382118
Ridge,LeaveOneSourceOut,3,311,Azad et al. (2010),2.848970892158587,3.5388305645291642
Ridge,LeaveOneSourceOut,3,312,Azad et al. (2010),3.6425737012374246,3.9833636407615245
Ridge,LeaveOneSourceOut,3,313,Azad et al. (2010),3.832979798087693,3.9833636407615245
Ridge,LeaveOneSourceOut,3,314,Azad et al. (2010),3.597860055726768,3.866765991255469
Ridge,LeaveOneSourceOut,3,315,Azad et al. (2010),3.711618941083426,3.9098462605834525
Ridge,LeaveOneSourceOut,3,316,Azad et al. (2010),3.190064743014081,3.712884481467589
Ridge,LeaveOneSourceOut,3,317,Azad et al. (2010),3.206398303357088,3.739335519938185
Ridge,LeaveOneSourceOut,3,318,Azad et al. (2010),3.2902658209548736,3.561167183507282
Ridge,LeaveOneSourceOut,3,319,Azad et al. (2010),3.0430928449138284,3.5547377919054397
Ridge,LeaveOneSourceOut,3,320,Azad et al. (2010),4.06457240388843,4.21559386463096
Ridge,LeaveOneSourceOut,3,321,Azad et al. (2010),4.06457240388843,4.21559386463096
Ridge,LeaveOneSourceOut,3,322,Azad et al. (2010),3.624874124138024,4.062834012088805
Ridge,LeaveOneSourceOut,3,323,Azad et al. (2010),3.58407433974781,3.962068420832029
Ridge,LeaveOneSourceOut,3,324,Azad et al. (2010),3.9577608971019997,4.225380549092007
Ridge,LeaveOneSourceOut,3,325,Azad et al. (2010),4.013676659154646,4.2296162943671956
Ridge,LeaveOneSourceOut,3,326,Azad et al. (2010),3.5776685247779345,3.7744727400329854
Ridge,LeaveOneSourceOut,3,327,Azad et al. (2010),4.051958845725663,4.25593537584596
Ridge,LeaveOneSourceOut,3,328,Azad et al. (2010),3.6328380632303117,3.8858699113629536
Ridge,LeaveOneSourceOut,3,329,Azad et al. (2010),3.7848712197676626,3.8858699113629536
Ridge,LeaveOneSourceOut,3,330,Azad et al. (2010),3.5201649007261984,3.941976520022852
Ridge,LeaveOneSourceOut,3,331,Azad et al. (2010),3.1059310658520665,3.870842342356367
Ridge,LeaveOneSourceOut,3,332,Azad et al. (2010),3.1144038032714896,3.838598206223292
Ridge,LeaveOneSourceOut,3,333,Azad et al. (2010),3.1315734964654043,3.823217404900786
Ridge,LeaveOneSourceOut,3,334,Azad et al. (2010),2.9381031607173544,3.6884339533427655
Ridge,LeaveOneSourceOut,3,335,Azad et al. (2010),2.7800607370784824,3.6721216900541824
Ridge,LeaveOneSourceOut,3,336,Azad et al. (2010),4.06009812349351,4.130605417403158
Ridge,LeaveOneSourceOut,3,337,Azad et al. (2010),3.786913194385302,4.130605417403158
Ridge,LeaveOneSourceOut,3,338,Azad et al. (2010),3.4423393249933305,4.12214226000853
Ridge,LeaveOneSourceOut,3,339,Azad et al. (2010),3.6410013738694724,4.114380771242636
Ridge,LeaveOneSourceOut,3,340,Azad et al. (2010),3.3975239762958465,4.114327457436194
Ridge,LeaveOneSourceOut,3,341,Azad et al. (2010),3.7140597526442347,4.178714408438167
Ridge,LeaveOneSourceOut,3,342,Azad et al. (2010),3.9495114498391377,4.034228114414683
Ridge,LeaveOneSourceOut,3,343,Azad et al. (2010),3.2311995745570328,3.9721167745255808
Ridge,LeaveOneSourceOut,3,344,Azad et al. (2010),4.155909917880256,4.36762391665889
Ridge,LeaveOneSourceOut,3,345,Azad et al. (2010),4.268577942166303,4.36762391665889
Ridge,LeaveOneSourceOut,3,346,Azad et al. (2010),4.079569276639947,4.414973302190651
Ridge,LeaveOneSourceOut,3,347,Azad et al. (2010),4.1893516658004355,4.489057045429549
Ridge,LeaveOneSourceOut,3,348,Azad et al. (2010),4.053696163744291,4.431910976111238
Ridge,LeaveOneSourceOut,3,349,Azad et al. (2010),3.6136169696133895,4.3400428994077735
Ridge,LeaveOneSourceOut,3,350,Azad et al. (2010),3.885679030088544,4.454970711533905
Ridge,LeaveOneSourceOut,3,351,Azad et al. (2010),3.566429294357372,4.16900827751512
Ridge,LeaveOneSourceOut,4,693,Biswas et al. (2020),3.996364153861897,4.23508311892911
Ridge,LeaveOneSourceOut,4,694,Biswas et al. (2020),3.9627161197436642,4.179626968126458
Ridge,LeaveOneSourceOut,4,695,Biswas et al. (2020),3.8958936234982624,3.9962712016819215
Ridge,LeaveOneSourceOut,4,696,Biswas et al. (2020),3.899950424193877,3.9962712016819215
Ridge,LeaveOneSourceOut,4,697,Biswas et al. (2020),3.7376696182833684,3.7505872235651188
Ridge,LeaveOneSourceOut,4,698,Biswas et al. (2020),3.6000482404073204,3.6974734137968537
Ridge,LeaveOneSourceOut,4,699,Biswas et al. (2020),2.8903717578961645,3.431886550165365
Ridge,LeaveOneSourceOut,5,291,Cairns et al. (2008),2.3589654264301534,2.7383385752827967
Ridge,LeaveOneSourceOut,5,292,Cairns et al. (2008),2.5610957881455465,2.796538099229177
Ridge,LeaveOneSourceOut,5,293,Cairns et al. (2008),2.5862591440482876,2.698111423958376
Ridge,LeaveOneSourceOut,5,294,Cairns et al. (2008),3.2433732964685884,3.37727008757403
Ridge,LeaveOneSourceOut,5,295,Cairns et al. (2008),3.3013770463799443,3.495121708770527
Ridge,LeaveOneSourceOut,5,296,Cairns et al. (2008),3.3683297780365384,3.674089113585847
Ridge,LeaveOneSourceOut,5,297,Cairns et al. (2008),3.4732079176384274,3.8017600448122377
Ridge,LeaveOneSourceOut,5,298,Cairns et al. (2008),3.4732079176384274,3.7919407347823437
Ridge,LeaveOneSourceOut,5,299,Cairns et al. (2008),3.267284964075888,4.285507554224676
Ridge,LeaveOneSourceOut,5,300,Cairns et al. (2008),3.2969473602883563,4.411745953874992
Ridge,LeaveOneSourceOut,5,301,Cairns et al. (2008),3.3456846717318967,4.441687939778272
Ridge,LeaveOneSourceOut,5,302,Cairns et al. (2008),3.367640598133313,4.285507554224676
Ridge,LeaveOneSourceOut,5,303,Cairns et al. (2008),3.3565486299932736,4.52811210766158
Ridge,LeaveOneSourceOut,6,141,Castel et al. (2000a),3.653511310276145,3.5231702674457814
Ridge,LeaveOneSourceOut,6,142,Castel et al. (2000a),3.402196881995239,3.3909950803571043
Ridge,LeaveOneSourceOut,7,413,Dang and François (2013),3.9793077522337423,3.865569791107206
Ridge,LeaveOneSourceOut,7,414,Dang and François (2013),3.629660094453965,3.766248013633299
Ridge,LeaveOneSourceOut,8,521,Dasar et al. (2017),3.66612246699132,3.641346725506473
Ridge,LeaveOneSourceOut,8,522,Dasar et al. (2017),3.529297384289471,2.629505077730112
Ridge,LeaveOneSourceOut,8,523,Dasar et al. (2017),3.0726933146901194,1.937346676117342
Ridge,LeaveOneSourceOut,9,367,Dong et al. (2011),3.5380565643793527,3.223530794411727
Ridge,LeaveOneSourceOut,9,368,Dong et al. (2011),2.8118094353930627,2.8070010890466532
Ridge,LeaveOneSourceOut,9,369,Dong et al. (2011),3.4995332823830174,2.8171874195139646
Ridge,LeaveOneSourceOut,9,370,Dong et al. (2011),3.328985047548231,2.953117815719097
Ridge,LeaveOneSourceOut,9,371,Dong et al. (2011),3.0440461338325417,2.874520600817063
Ridge,LeaveOneSourceOut,9,372,Dong et al. (2011),3.022860940942244,2.8402699462649075
Ridge,LeaveOneSourceOut,9,373,Dong et al. (2011),3.339321977944068,3.034677769051509
Ridge,LeaveOneSourceOut,9,374,Dong et al. (2011),3.5049566159530077,2.8645512254047447
Ridge,LeaveOneSourceOut,9,375,Dong et al. (2011),3.3120018028576843,3.0695528255003683
Ridge,LeaveOneSourceOut,9,376,Dong et al. (2011),3.5004392163118045,3.2231306642395072
Ridge,LeaveOneSourceOut,9,377,Dong et al. (2011),3.2136622578153133,2.901521826200942
Ridge,LeaveOneSourceOut,10,524,Dong et al. (2017),3.4255647381104497,3.3001619044203574
Ridge,LeaveOneSourceOut,10,525,Dong et al. (2017),3.4187098067467865,3.8549536713242207
Ridge,LeaveOneSourceOut,10,526,Dong et al. (2017),3.4041928906419536,3.6928132010703694
Ridge,LeaveOneSourceOut,10,527,Dong et al. (2017),3.4151002868311466,3.6859690317485363
Ridge,LeaveOneSourceOut,11,263,Du et al. (2007),4.212127597878484,5.64488827220751
Ridge,LeaveOneSourceOut,11,264,Du et al. (2007),4.0975062255596795,5.642339171469404
Ridge,LeaveOneSourceOut,11,265,Du et al. (2007),4.183423245305645,5.859246036498433
Ridge,LeaveOneSourceOut,11,266,Du et al. (2007),3.85946575468947,5.90468383112519
Ridge,LeaveOneSourceOut,11,267,Du et al. (2007),4.089834406744215,4.414124883438906
Ridge,LeaveOneSourceOut,11,268,Du et al. (2007),4.039360253889341,4.550123123973911
Ridge,LeaveOneSourceOut,11,269,Du et al. (2007),3.931041011263908,4.471188544630206
Ridge,LeaveOneSourceOut,11,270,Du et al. (2007),3.891412051524022,4.379843861335246
Ridge,LeaveOneSourceOut,11,271,Du et al. (2007),3.4391352210025476,3.4169967960183243
Ridge,LeaveOneSourceOut,11,272,Du et al. (2007),3.3683297780365384,3.4188252442152116
Ridge,LeaveOneSourceOut,11,273,Du et al. (2007),2.9801108926510342,3.0127925551692094
Ridge,LeaveOneSourceOut,11,274,Du et al. (2007),2.87976009730157,2.8879030747550516
Ridge,LeaveOneSourceOut,11,275,Du et al. (2007),2.9801108926510342,3.2246290496062704
Ridge,LeaveOneSourceOut,11,276,Du et al. (2007),2.9801108926510342,3.221764131077603
Ridge,LeaveOneSourceOut,11,277,Du et al. (2007),2.775708849576025,3.1262632947695623
Ridge,LeaveOneSourceOut,11,278,Du et al. (2007),2.643333886382519,3.002293457141636
Ridge,LeaveOneSourceOut,11,279,Du et al. (2007),2.567254391136754,2.9159351162914406
Ridge,LeaveOneSourceOut,12,415,Du et al. (2013),1.8562979903656263,2.3970495910390954
Ridge,LeaveOneSourceOut,12,416,Du et al. (2013),1.3480731482996928,2.0600013071478402
Ridge,LeaveOneSourceOut,12,417,Du et al. (2013),1.3217558399823195,1.82189988001362
Ridge,LeaveOneSourceOut,12,418,Du et al. (2013),1.3217558399823195,1.963841159916491
Ridge,LeaveOneSourceOut,12,419,Du et al. (2013),1.6054298910365616,1.4740966624850893
Ridge,LeaveOneSourceOut,13,198,El Maaddawy et al. (2005),3.624340932976365,3.348174467048029
Ridge,LeaveOneSourceOut,13,199,El Maaddawy et al. (2005),3.558485990180341,3.0348956420809223
Ridge,LeaveOneSourceOut,13,200,El Maaddawy et al. (2005),3.507956918233689,2.9022406885171548
Ridge,LeaveOneSourceOut,13,201,El Maaddawy et al. (2005),3.4015306594522756,2.701941190612594
Ridge,LeaveOneSourceOut,13,202,El Maaddawy et al. (2005),3.2824138456721883,2.504595391713248
Ridge,LeaveOneSourceOut,13,203,El Maaddawy et al. (2005),3.497718948652777,2.8118777133226156
Ridge,LeaveOneSourceOut,13,204,El Maaddawy et al. (2005),3.475067230228611,2.6690929743382146
Ridge,LeaveOneSourceOut,13,205,El Maaddawy et al. (2005),3.4685444551217657,2.483605348966164
Ridge,LeaveOneSourceOut,13,206,El Maaddawy et al. (2005),3.34779660493504,2.3378191061905853
Ridge,LeaveOneSourceOut,14,352,Gu et al. (2010),2.93651291389402,2.537205332751075
Ridge,LeaveOneSourceOut,14,353,Gu et al. (2010),2.954910279033736,2.4315281320527493
Ridge,LeaveOneSourceOut,14,354,Gu et al. (2010),2.9258461460898246,2.2102071284187783
Ridge,LeaveOneSourceOut,14,355,Gu et al. (2010),2.72785282839839,1.7117813031317803
Ridge,LeaveOneSourceOut,14,356,Gu et al. (2010),3.5787855313168624,2.817129158251244
Ridge,LeaveOneSourceOut,14,357,Gu et al. (2010),3.349904087274605,2.7342431830113707
Ridge,LeaveOneSourceOut,14,358,Gu et al. (2010),3.3690184832979204,2.696696630677198
Ridge,LeaveOneSourceOut,14,359,Gu et al. (2010),3.214867803470662,2.484597995823396
Ridge,LeaveOneSourceOut,14,360,Gu et al. (2010),3.5681232529781366,2.675150649174297
Ridge,LeaveOneSourceOut,14,361,Gu et al. (2010),3.475067230228611,2.637881440037721
Ridge,LeaveOneSourceOut,14,362,Gu et al. (2010),2.307572634505085,2.424941983652724
Ridge,LeaveOneSourceOut,14,363,Gu et al. (2010),3.139832617527748,2.1424900113855605
Ridge,LeaveOneSourceOut,14,364,Gu et al. (2010),3.065724645374026,2.550797812966581
Ridge,LeaveOneSourceOut,14,365,Gu et al. (2010),3.0469005601283903,2.3473306317381013
Ridge,LeaveOneSourceOut,14,366,Gu et al. (2010),3.1245651453969594,2.384469825178813
Ridge,LeaveOneSourceOut,15,708,Hansapinyo et al. (2021),1.1019400787607843,1.7993941730848815
Ridge,LeaveOneSourceOut,15,709,Hansapinyo et al. (2021),-0.4155154439616658,0.5240076609669746
Ridge,LeaveOneSourceOut,15,710,Hansapinyo et al. (2021),-0.7765287894989963,0.1770509434049643
Ridge,LeaveOneSourceOut,15,711,Hansapinyo et al. (2021),0.9669838461896731,0.8709751906874443
Ridge,LeaveOneSourceOut,15,712,Hansapinyo et al. (2021),-1.5606477482646683,0.09030095185600384
Ridge,LeaveOneSourceOut,15,713,Hansapinyo et al. (2021),-0.12783337150988489,0.7553265555529265
Ridge,LeaveOneSourceOut,15,714,Hansapinyo et al. (2021),1.0715836162801904,1.7716710117491445
Ridge,LeaveOneSourceOut,15,715,Hansapinyo et al. (2021),1.1019400787607843,1.7716710117491445
Ridge,LeaveOneSourceOut,15,716,Hansapinyo et al. (2021),-0.08338160893905101,0.9577143700779471
Ridge,LeaveOneSourceOut,15,717,Hansapinyo et al. (2021),0.47000362924573563,0.7553265555529265
Ridge,LeaveOneSourceOut,15,718,Hansapinyo et al. (2021),0.5766133643039938,0.9288049143339325
Ridge,LeaveOneSourceOut,15,719,Hansapinyo et al. (2021),0.959350221334602,1.130833846929544
Ridge,LeaveOneSourceOut,15,720,Hansapinyo et al. (2021),1.091923300517313,1.5473769228464385
Ridge,LeaveOneSourceOut,15,721,Hansapinyo et al. (2021),1.0224509277025455,1.4192073274508266
Ridge,LeaveOneSourceOut,15,722,Hansapinyo et al. (2021),0.9001613499442714,1.1022832731149375
Ridge,LeaveOneSourceOut,15,723,Hansapinyo et al. (2021),1.0296194171811581,1.5794220247349562
Ridge,LeaveOneSourceOut,15,724,Hansapinyo et al. (2021),1.0224509277025455,1.611467126623474
Ridge,LeaveOneSourceOut,15,725,Hansapinyo et al. (2021),1.1184149159642893,1.707591620130568
Ridge,LeaveOneSourceOut,15,726,Hansapinyo et al. (2021),1.2267122912954254,1.7211290537578818
Ridge,LeaveOneSourceOut,15,727,Hansapinyo et al. (2021),1.1817271953786161,1.627997240310203
Ridge,LeaveOneSourceOut,15,728,Hansapinyo et al. (2021),1.199964782928397,1.6920874440872382
Ridge,LeaveOneSourceOut,15,729,Hansapinyo et al. (2021),1.1052568313867783,1.5959629505801438
Ridge,LeaveOneSourceOut,15,730,Hansapinyo et al. (2021),1.1631508098056809,1.6600423421987205
Ridge,LeaveOneSourceOut,15,731,Hansapinyo et al. (2021),1.1378330018213911,1.6600423421987205
Ridge,LeaveOneSourceOut,15,732,Hansapinyo et al. (2021),1.0188473201992472,1.4037139635659555
Ridge,LeaveOneSourceOut,15,733,Hansapinyo et al. (2021),1.0885619528146082,1.5318727468031088
Ridge,LeaveOneSourceOut,15,734,Hansapinyo et al. (2021),1.0715836162801904,1.5959629505801438
Ridge,LeaveOneSourceOut,15,735,Hansapinyo et al. (2021),1.0784095813505903,1.3075786579004027
Ridge,LeaveOneSourceOut,15,736,Hansapinyo et al. (2021),1.0784095813505903,1.1794198746632492
Ridge,LeaveOneSourceOut,15,737,Hansapinyo et al. (2021),0.9242589015233319,1.1153296708862144
Ridge,LeaveOneSourceOut,15,738,Hansapinyo et al. (2021),1.1085626195212777,1.7211290537578818
Ridge,LeaveOneSourceOut,15,739,Hansapinyo et al. (2021),1.085189268335969,1.7211290537578818
Ridge,LeaveOneSourceOut,15,740,Hansapinyo et al. (2021),1.0473189942805592,1.4998384570730499
Ridge,LeaveOneSourceOut,15,741,Hansapinyo et al. (2021),1.0612565021243408,1.5639178486916263
Ridge,LeaveOneSourceOut,15,742,Hansapinyo et al. (2021),1.1184149159642893,1.4357482532960144
Ridge,LeaveOneSourceOut,15,743,Hansapinyo et al. (2021),1.085189268335969,1.627997240310203
Ridge,LeaveOneSourceOut,15,744,Hansapinyo et al. (2021),1.000631880307906,1.5639178486916263
Ridge,LeaveOneSourceOut,15,745,Hansapinyo et al. (2021),1.0116009116784799,1.4998384570730499
Ridge,LeaveOneSourceOut,15,746,Hansapinyo et al. (2021),0.9631743177730056,1.3716688616774377
Ridge,LeaveOneSourceOut,15,747,Hansapinyo et al. (2021),0.9122827104766164,1.243499266281826
Ridge,LeaveOneSourceOut,15,748,Hansapinyo et al. (2021),0.883767540168595,1.243499266281826
Ridge,LeaveOneSourceOut,15,749,Hansapinyo et al. (2021),0.8241754429663494,1.1153296708862144
Ridge,LeaveOneSourceOut,15,750,Hansapinyo et al. (2021),1.0438040521731147,1.3716688616774377
Ridge,LeaveOneSourceOut,15,751,Hansapinyo et al. (2021),0.9242589015233319,1.3075786579004027
Ridge,LeaveOneSourceOut,16,610,Hou et al. (2019),3.535145354171894,3.4148687786077527
Ridge,LeaveOneSourceOut,16,611,Hou et al. (2019),3.537765824444175,3.3964990950072544
Ridge,LeaveOneSourceOut,16,612,Hou et al. (2019),3.3867603338643857,3.3277790206830815
Ridge,LeaveOneSourceOut,16,613,Hou et al. (2019),3.1834558796369405,3.2690282038339236
Ridge,LeaveOneSourceOut,16,614,Hou et al. (2019),3.597860055726768,3.4588543568636667
Ridge,LeaveOneSourceOut,16,615,Hou et al. (2019),3.3669509429335642,3.3482701760218445
Ridge,LeaveOneSourceOut,16,616,Hou et al. (2019),3.494384096388273,3.5925988356344565
Ridge,LeaveOneSourceOut,16,617,Hou et al. (2019),3.4461707473048864,3.359491546257956
Ridge,LeaveOneSourceOut,16,618,Hou et al. (2019),3.5251833614431467,3.355141094111591
Ridge,LeaveOneSourceOut,16,619,Hou et al. (2019),3.4490347110763153,3.3131101122155915
Ridge,LeaveOneSourceOut,16,620,Hou et al. (2019),3.080532875246456,3.189051131767796
Ridge,LeaveOneSourceOut,16,621,Hou et al. (2019),3.1654750481410856,3.3056100089154103
Ridge,LeaveOneSourceOut,17,622,Hu et al. 2019),2.9967317738870745,2.8448567461400835
Ridge,LeaveOneSourceOut,17,623,Hu et al. 2019),2.9601050959108397,2.936696916613047
Ridge,LeaveOneSourceOut,17,624,Hu et al. 2019),2.913437030827161,2.7671252435502036
Ridge,LeaveOneSourceOut,17,625,Hu et al. 2019),2.8553201198372458,2.554141472841757
Ridge,LeaveOneSourceOut,18,769,Huang et al. (2022),4.852108385868018,6.458468751274869
Ridge,LeaveOneSourceOut,18,770,Huang et al. (2022),4.782730425680335,6.410205516930351
Ridge,LeaveOneSourceOut,18,771,Huang et al. (2022),4.850153503906757,6.438159253901089
Ridge,LeaveOneSourceOut,18,772,Huang et al. (2022),4.852108385868018,6.386436821274342
Ridge,LeaveOneSourceOut,18,773,Huang et al. (2022),4.850153503906757,6.4524886006293
Ridge,LeaveOneSourceOut,18,774,Huang et al. (2022),4.852108385868018,6.38542430113783
Ridge,LeaveOneSourceOut,19,143,Jin and Zhao (2001),2.322387720290225,2.203306834238797
Ridge,LeaveOneSourceOut,19,144,Jin and Zhao (2001),2.254444717666111,2.5283943671339113
Ridge,LeaveOneSourceOut,19,145,Jin and Zhao (2001),2.286455711064162,2.478153471389452
Ridge,LeaveOneSourceOut,19,146,Jin and Zhao (2001),2.2321626286975,2.507375050218629
Ridge,LeaveOneSourceOut,19,147,Jin and Zhao (2001),2.329227023940467,2.507375050218629
Ridge,LeaveOneSourceOut,19,148,Jin and Zhao (2001),2.254444717666111,2.5065545834326906
Ridge,LeaveOneSourceOut,19,149,Jin and Zhao (2001),2.187174241482718,2.4806452760095814
Ridge,LeaveOneSourceOut,19,150,Jin and Zhao (2001),2.2049722641270453,2.4604365396262655
Ridge,LeaveOneSourceOut,19,151,Jin and Zhao (2001),2.254444717666111,2.4598750811149155
Ridge,LeaveOneSourceOut,19,152,Jin and Zhao (2001),2.162172939277301,2.4579447350061363
Ridge,LeaveOneSourceOut,19,153,Jin and Zhao (2001),2.162172939277301,2.441606577094351
Ridge,LeaveOneSourceOut,19,154,Jin and Zhao (2001),2.1041341542702074,2.4202780751342217
Ridge,LeaveOneSourceOut,19,155,Jin and Zhao (2001),2.162172939277301,2.388618019901061
Ridge,LeaveOneSourceOut,19,156,Jin and Zhao (2001),2.048982334195127,2.3643397597958566
Ridge,LeaveOneSourceOut,19,157,Jin and Zhao (2001),2.2935443483418965,2.4370132584182853
Ridge,LeaveOneSourceOut,19,158,Jin and Zhao (2001),2.1471001901536506,2.537847046989652
Ridge,LeaveOneSourceOut,19,159,Jin and Zhao (2001),2.1186622548331173,2.515156392240179
Ridge,LeaveOneSourceOut,20,626,Jung et al. (2019),3.1978564576441255,3.320342290411135
Ridge,LeaveOneSourceOut,20,627,Jung et al. (2019),3.1642084235258925,2.9313080846471427
Ridge,LeaveOneSourceOut,20,628,Jung et al. (2019),3.1450139762697455,2.922089742297026
Ridge,LeaveOneSourceOut,20,629,Jung et al. (2019),3.1867657709499673,2.922089742297026
Ridge,LeaveOneSourceOut,20,630,Jung et al. (2019),3.1578511230304263,2.9313080846471427
Ridge,LeaveOneSourceOut,20,631,Jung et al. (2019),3.0726933146901194,2.922089742297026
Ridge,LeaveOneSourceOut,20,632,Jung et al. (2019),3.1041381473977774,2.922089742297026
Ridge,LeaveOneSourceOut,20,633,Jung et al. (2019),3.1424266527047946,2.922089742297026
Ridge,LeaveOneSourceOut,21,378,Khan et al. (2011),3.9627161197436642,3.8311633803363017
Ridge,LeaveOneSourceOut,21,379,Khan et al. (2011),3.772071045000701,3.7763401965399614
Ridge,LeaveOneSourceOut,22,26,Lee et al. (1999),3.5145260669691587,4.096557335870541
Ridge,LeaveOneSourceOut,22,27,Lee et al. (1999),3.4654233539614268,4.173467242758135
Ridge,LeaveOneSourceOut,22,28,Lee et al. (1999),3.388787361585474,4.061969815750124
Ridge,LeaveOneSourceOut,22,29,Lee et al. (1999),3.232778730037192,3.5891968336776996
Ridge,LeaveOneSourceOut,23,532,Li et al. (2018),2.642622395779755,2.9084268083174267
Ridge,LeaveOneSourceOut,23,533,Li et al. (2018),2.612273245708441,3.0008414186036405
Ridge,LeaveOneSourceOut,23,534,Li et al. (2018),2.559550192783766,2.9237893854557067
Ridge,LeaveOneSourceOut,23,535,Li et al. (2018),2.468099531471619,2.8006392244665044
Ridge,LeaveOneSourceOut,23,536,Li et al. (2018),2.498151876538021,2.8455619934764327
Ridge,LeaveOneSourceOut,23,537,Li et al. (2018),2.4344901638739844,2.7537818961703
Ridge,LeaveOneSourceOut,23,538,Li et al. (2018),2.3841650799864684,2.623143461559421
Ridge,LeaveOneSourceOut,23,539,Li et al. (2018),2.4672517145492794,2.8305893143037903
Ridge,LeaveOneSourceOut,23,540,Li et al. (2018),2.3896797998449792,2.7342189281706784
Ridge,LeaveOneSourceOut,23,541,Li et al. (2018),2.244955980157409,2.5912901826893426
Ridge,LeaveOneSourceOut,23,542,Li et al. (2018),2.435366204227864,2.819129633402826
Ridge,LeaveOneSourceOut,23,543,Li et al. (2018),2.2617630984737906,2.7155104724163355
Ridge,LeaveOneSourceOut,23,544,Li et al. (2018),1.308332819650179,2.5905178407494596
Ridge,LeaveOneSourceOut,24,528,Lim et al. (2017),1.4327007339340465,1.7450386286949526
Ridge,LeaveOneSourceOut,24,529,Lim et al. (2017),1.5390154481375546,1.9514388302674837
Ridge,LeaveOneSourceOut,24,530,Lim et al. (2017),1.4036429994545037,1.4554744327706917
Ridge,LeaveOneSourceOut,24,531,Lim et al. (2017),1.2029723039923526,1.2221511415640507
Ridge,LeaveOneSourceOut,25,503,Liu et al. (2016),4.174541104216377,4.047870617761799
Ridge,LeaveOneSourceOut,25,504,Liu et al. (2016),4.152613470346076,4.047870617761799
Ridge,LeaveOneSourceOut,25,505,Liu et al. (2016),4.152613470346076,4.174381869330139
Ridge,LeaveOneSourceOut,25,506,Liu et al. (2016),4.179604406172924,4.174381869330139
Ridge,LeaveOneSourceOut,25,507,Liu et al. (2016),4.090838422892813,3.9927988212738956
Ridge,LeaveOneSourceOut,25,508,Liu et al. (2016),4.080245637842599,3.991148601489619
Ridge,LeaveOneSourceOut,25,509,Liu et al. (2016),4.015301354881648,3.955196494360227
Ridge,LeaveOneSourceOut,25,510,Liu et al. (2016),4.051958845725663,3.9525094172863
Ridge,LeaveOneSourceOut,25,511,Liu et al. (2016),3.985087576285151,3.8936135861222247
Ridge,LeaveOneSourceOut,25,512,Liu et al. (2016),3.9682142850778885,3.890809006575774
Ridge,LeaveOneSourceOut,25,513,Liu et al. (2016),3.930648469551311,3.8888924476763567
Ridge,LeaveOneSourceOut,25,514,Liu et al. (2016),3.883623530906448,3.880910095855059
Ridge,LeaveOneSourceOut,26,420,Ma et al. (2013),4.548599834499697,4.086813426201628
Ridge,LeaveOneSourceOut,26,421,Ma et al. (2013),4.670489652108734,4.32928229630118
Ridge,LeaveOneSourceOut,26,422,Ma et al. (2013),4.637153231841142,4.448393807380766
Ridge,LeaveOneSourceOut,26,423,Ma et al. (2013),4.491441420659749,4.287842222091094
Ridge,LeaveOneSourceOut,26,424,Ma et al. (2013),4.3208159036289855,4.129120978966357
Ridge,LeaveOneSourceOut,26,425,Ma et al. (2013),4.529907701487544,4.2464021478810094
Ridge,LeaveOneSourceOut,26,426,Ma et al. (2013),4.409763389645481,4.489833881590852
Ridge,LeaveOneSourceOut,26,427,Ma et al. (2013),4.653960350157523,4.287842222091094
Ridge,LeaveOneSourceOut,26,428,Ma et al. (2013),4.248495242049359,3.8824366728147672
Ridge,LeaveOneSourceOut,26,429,Ma et al. (2013),4.297285406218791,3.9863569903595417
Ridge,LeaveOneSourceOut,26,430,Ma et al. (2013),4.366278277705742,4.40695373317068
Ridge,LeaveOneSourceOut,26,431,Ma et al. (2013),4.388257184424518,4.035155197614483
Ridge,LeaveOneSourceOut,26,432,Ma et al. (2013),4.114963849424837,3.8580979457323705
Ridge,LeaveOneSourceOut,26,433,Ma et al. (2013),4.45143608604605,4.287842222091094
Ridge,LeaveOneSourceOut,26,434,Ma et al. (2013),4.388257184424518,4.130720565575868
Ridge,LeaveOneSourceOut,26,435,Ma et al. (2013),4.388257184424518,3.946289610407651
Ridge,LeaveOneSourceOut,26,436,Ma et al. (2013),3.9740583963475986,3.7460895200402815
Ridge,LeaveOneSourceOut,26,437,Ma et al. (2013),4.212868064406208,3.9778792470478033
Ridge,LeaveOneSourceOut,26,438,Ma et al. (2013),4.311470041210748,4.141214552137938
Ridge,LeaveOneSourceOut,26,439,Ma et al. (2013),4.430816798843313,3.9903148946349534
Ridge,LeaveOneSourceOut,26,440,Ma et al. (2013),3.980615796893758,3.6345648035393805
Ridge,LeaveOneSourceOut,26,441,Ma et al. (2013),4.311470041210748,3.8866125538918896
Ridge,LeaveOneSourceOut,26,442,Ma et al. (2013),4.357349646961441,4.178883474875104
Ridge,LeaveOneSourceOut,26,443,Ma et al. (2013),4.212868064406208,3.9077053574769516
Ridge,LeaveOneSourceOut,26,444,Ma et al. (2013),4.1034694699991014,3.9617075743551005
Ridge,LeaveOneSourceOut,26,445,Ma et al. (2013),4.1034694699991014,4.20402716936548
Ridge,LeaveOneSourceOut,26,446,Ma et al. (2013),4.1034694699991014,4.314418941619758
Ridge,LeaveOneSourceOut,26,447,Ma et al. (2013),4.1034694699991014,4.162587095155394
Ridge,LeaveOneSourceOut,26,448,Ma et al. (2013),4.1034694699991014,4.003147648565186
Ridge,LeaveOneSourceOut,26,449,Ma et al. (2013),4.1034694699991014,3.859192872938775
Ridge,LeaveOneSourceOut,26,450,Ma et al. (2013),4.366278277705742,4.088332249566177
Ridge,LeaveOneSourceOut,26,451,Ma et al. (2013),4.1034694699991014,4.162587095155394
Ridge,LeaveOneSourceOut,26,452,Ma et al. (2013),3.9930498440705193,3.7472510729751924
Ridge,LeaveOneSourceOut,26,453,Ma et al. (2013),3.9930498440705193,3.8759816068901207
Ridge,LeaveOneSourceOut,26,454,Ma et al. (2013),3.9930498440705193,4.00188236075372
Ridge,LeaveOneSourceOut,26,455,Ma et al. (2013),3.9930498440705193,3.929100287726647
Ridge,LeaveOneSourceOut,26,456,Ma et al. (2013),3.9930498440705193,3.7345940820718546
Ridge,LeaveOneSourceOut,26,457,Ma et al. (2013),3.9207845110967185,3.8487007133040843
Ridge,LeaveOneSourceOut,26,458,Ma et al. (2013),4.02535169073515,3.986606268099368
Ridge,LeaveOneSourceOut,26,459,Ma et al. (2013),3.817712325956905,3.782625682321134
Ridge,LeaveOneSourceOut,26,460,Ma et al. (2013),3.9930498440705193,3.662075090343448
Ridge,LeaveOneSourceOut,26,461,Ma et al. (2013),3.817712325956905,3.867986862242452
Ridge,LeaveOneSourceOut,26,462,Ma et al. (2013),3.6407390787860012,3.995928891461427
Ridge,LeaveOneSourceOut,26,463,Ma et al. (2013),3.7697679578472747,3.8235603479956524
Ridge,LeaveOneSourceOut,26,464,Ma et al. (2013),3.6407390787860012,3.4751575741917335
Ridge,LeaveOneSourceOut,26,465,Ma et al. (2013),3.7697679578472747,3.774850703723211
Ridge,LeaveOneSourceOut,26,466,Ma et al. (2013),3.817712325956905,4.053861803997664
Ridge,LeaveOneSourceOut,26,467,Ma et al. (2013),3.6407390787860012,3.7935827831810247
Ridge,LeaveOneSourceOut,27,30,Mangat and Elgarf (1999a),2.3045830956567186,2.32711385737478
Ridge,LeaveOneSourceOut,27,31,Mangat and Elgarf (1999a),2.3045830956567186,2.32711385737478
Ridge,LeaveOneSourceOut,27,32,Mangat and Elgarf (1999a),2.248128907197987,2.3231361982680916
Ridge,LeaveOneSourceOut,27,33,Mangat and Elgarf (1999a),2.248128907197987,2.3231361982680916
Ridge,LeaveOneSourceOut,27,34,Mangat and Elgarf (1999a),2.248128907197987,2.3231361982680916
Ridge,LeaveOneSourceOut,27,35,Mangat and Elgarf (1999a),1.9401794743463283,2.1843611896539596
Ridge,LeaveOneSourceOut,27,36,Mangat and Elgarf (1999a),1.9401794743463283,2.1843611896539596
Ridge,LeaveOneSourceOut,27,37,Mangat and Elgarf (1999a),2.244955980157409,2.443140024196974
Ridge,LeaveOneSourceOut,27,38,Mangat and Elgarf (1999a),2.244955980157409,2.443140024196974
Ridge,LeaveOneSourceOut,27,39,Mangat and Elgarf (1999a),2.21046980408624,2.3644721708230207
Ridge,LeaveOneSourceOut,27,40,Mangat and Elgarf (1999a),2.21046980408624,2.3644721708230207
Ridge,LeaveOneSourceOut,27,41,Mangat and Elgarf (1999a),2.122261538862764,2.2863944491515737
Ridge,LeaveOneSourceOut,27,42,Mangat and Elgarf (1999a),2.122261538862764,2.2863944491515737
Ridge,LeaveOneSourceOut,27,43,Mangat and Elgarf (1999a),1.8779371654691073,2.2077252161901915
Ridge,LeaveOneSourceOut,27,44,Mangat and Elgarf (1999a),1.8779371654691073,2.2077252161901915
Ridge,LeaveOneSourceOut,27,45,Mangat and Elgarf (1999a),2.122261538862764,2.439162365090286
Ridge,LeaveOneSourceOut,27,46,Mangat and Elgarf (1999a),2.122261538862764,2.439162365090286
Ridge,LeaveOneSourceOut,27,47,Mangat and Elgarf (1999a),1.9154509415706047,2.3604945117163325
Ridge,LeaveOneSourceOut,27,48,Mangat and Elgarf (1999a),1.9154509415706047,2.3604945117163325
Ridge,LeaveOneSourceOut,27,49,Mangat and Elgarf (1999a),1.5602476682433286,2.2824167900448855
Ridge,LeaveOneSourceOut,27,50,Mangat and Elgarf (1999a),1.5602476682433286,2.2824167900448855
Ridge,LeaveOneSourceOut,27,51,Mangat and Elgarf (1999a),0.883767540168595,2.2037475570835037
Ridge,LeaveOneSourceOut,27,52,Mangat and Elgarf (1999a),0.883767540168595,2.2037475570835037
Ridge,LeaveOneSourceOut,27,53,Mangat and Elgarf (1999a),2.191653532286764,2.4779110968594455
Ridge,LeaveOneSourceOut,27,54,Mangat and Elgarf (1999a),2.191653532286764,2.4779110968594455
Ridge,LeaveOneSourceOut,27,55,Mangat and Elgarf (1999a),2.191653532286764,2.4779110968594455
Ridge,LeaveOneSourceOut,27,56,Mangat and Elgarf (1999a),2.1150499691472033,2.439162365090286
Ridge,LeaveOneSourceOut,27,57,Mangat and Elgarf (1999a),2.1150499691472033,2.439162365090286
Ridge,LeaveOneSourceOut,27,58,Mangat and Elgarf (1999a),2.1150499691472033,2.439162365090286
Ridge,LeaveOneSourceOut,27,59,Mangat and Elgarf (1999a),2.018895041811802,2.3998333751879986
Ridge,LeaveOneSourceOut,27,60,Mangat and Elgarf (1999a),2.018895041811802,2.3998333751879986
Ridge,LeaveOneSourceOut,27,61,Mangat and Elgarf (1999a),2.018895041811802,2.3998333751879986
Ridge,LeaveOneSourceOut,27,62,Mangat and Elgarf (1999a),1.891604804197771,2.3604945117163325
Ridge,LeaveOneSourceOut,27,63,Mangat and Elgarf (1999a),1.891604804197771,2.3604945117163325
Ridge,LeaveOneSourceOut,27,64,Mangat and Elgarf (1999a),1.891604804197771,2.3604945117163325
Ridge,LeaveOneSourceOut,27,65,Mangat and Elgarf (1999a),1.506297153514587,2.2824167900448855
Ridge,LeaveOneSourceOut,27,66,Mangat and Elgarf (1999a),1.506297153514587,2.2824167900448855
Ridge,LeaveOneSourceOut,27,67,Mangat and Elgarf (1999a),1.506297153514587,2.2824167900448855
Ridge,LeaveOneSourceOut,27,68,Mangat and Elgarf (1999a),0.7839015438284094,2.2037475570835037
Ridge,LeaveOneSourceOut,27,69,Mangat and Elgarf (1999a),0.7839015438284094,2.2037475570835037
Ridge,LeaveOneSourceOut,27,70,Mangat and Elgarf (1999a),0.7839015438284094,2.2037475570835037
Ridge,LeaveOneSourceOut,27,71,Mangat and Elgarf (1999a),1.7850704810772584,2.3063583129496372
Ridge,LeaveOneSourceOut,27,72,Mangat and Elgarf (1999a),1.7850704810772584,2.3063583129496372
Ridge,LeaveOneSourceOut,27,73,Mangat and Elgarf (1999a),1.589235205116581,2.2205923240964642
Ridge,LeaveOneSourceOut,27,74,Mangat and Elgarf (1999a),1.589235205116581,2.2205923240964642
Ridge,LeaveOneSourceOut,27,75,Mangat and Elgarf (1999a),1.2584609896100056,2.134824955655863
Ridge,LeaveOneSourceOut,27,76,Mangat and Elgarf (1999a),1.2584609896100056,2.134824955655863
Ridge,LeaveOneSourceOut,27,77,Mangat and Elgarf (1999a),0.6043159668533296,2.0490575872152617
Ridge,LeaveOneSourceOut,27,78,Mangat and Elgarf (1999a),0.6043159668533296,2.0490575872152617
Ridge,LeaveOneSourceOut,27,79,Mangat and Elgarf (1999a),2.192770226986839,2.50525023798129
Ridge,LeaveOneSourceOut,27,80,Mangat and Elgarf (1999a),2.192770226986839,2.50525023798129
Ridge,LeaveOneSourceOut,27,81,Mangat and Elgarf (1999a),2.192770226986839,2.50525023798129
Ridge,LeaveOneSourceOut,27,82,Mangat and Elgarf (1999a),2.1174596088673567,2.4665208204361284
Ridge,LeaveOneSourceOut,27,83,Mangat and Elgarf (1999a),2.1174596088673567,2.4665208204361284
Ridge,LeaveOneSourceOut,27,84,Mangat and Elgarf (1999a),2.1174596088673567,2.4665208204361284
Ridge,LeaveOneSourceOut,27,85,Mangat and Elgarf (1999a),2.020222182019865,2.4272097651704105
Ridge,LeaveOneSourceOut,27,86,Mangat and Elgarf (1999a),2.020222182019865,2.4272097651704105
Ridge,LeaveOneSourceOut,27,87,Mangat and Elgarf (1999a),2.020222182019865,2.4272097651704105
Ridge,LeaveOneSourceOut,27,88,Mangat and Elgarf (1999a),1.9459101490553132,2.387888836335314
Ridge,LeaveOneSourceOut,27,89,Mangat and Elgarf (1999a),1.9459101490553132,2.387888836335314
Ridge,LeaveOneSourceOut,27,90,Mangat and Elgarf (1999a),1.9459101490553132,2.387888836335314
Ridge,LeaveOneSourceOut,27,91,Mangat and Elgarf (1999a),1.7119945007591924,2.3098483635244347
Ridge,LeaveOneSourceOut,27,92,Mangat and Elgarf (1999a),1.7119945007591924,2.3098483635244347
Ridge,LeaveOneSourceOut,27,93,Mangat and Elgarf (1999a),1.7119945007591924,2.3098483635244347
Ridge,LeaveOneSourceOut,27,94,Mangat and Elgarf (1999a),1.3711807233098425,2.23121637942362
Ridge,LeaveOneSourceOut,27,95,Mangat and Elgarf (1999a),1.3711807233098425,2.23121637942362
Ridge,LeaveOneSourceOut,27,96,Mangat and Elgarf (1999a),1.3711807233098425,2.23121637942362
Ridge,LeaveOneSourceOut,27,97,Mangat and Elgarf (1999a),2.178155014615869,2.4915758388643683
Ridge,LeaveOneSourceOut,27,98,Mangat and Elgarf (1999a),2.178155014615869,2.4915758388643683
Ridge,LeaveOneSourceOut,27,99,Mangat and Elgarf (1999a),2.178155014615869,2.4915758388643683
Ridge,LeaveOneSourceOut,27,100,Mangat and Elgarf (1999a),2.1102132003465894,2.4528326254449224
Ridge,LeaveOneSourceOut,27,101,Mangat and Elgarf (1999a),2.1102132003465894,2.4528326254449224
Ridge,LeaveOneSourceOut,27,102,Mangat and Elgarf (1999a),2.1102132003465894,2.4528326254449224
Ridge,LeaveOneSourceOut,27,103,Mangat and Elgarf (1999a),2.0068708488450007,2.4135077743049203
Ridge,LeaveOneSourceOut,27,104,Mangat and Elgarf (1999a),2.0068708488450007,2.4135077743049203
Ridge,LeaveOneSourceOut,27,105,Mangat and Elgarf (1999a),2.0068708488450007,2.4135077743049203
Ridge,LeaveOneSourceOut,27,106,Mangat and Elgarf (1999a),1.9065751436566365,2.3741730495955395
Ridge,LeaveOneSourceOut,27,107,Mangat and Elgarf (1999a),1.9065751436566365,2.3741730495955395
Ridge,LeaveOneSourceOut,27,108,Mangat and Elgarf (1999a),1.9065751436566365,2.3741730495955395
Ridge,LeaveOneSourceOut,27,109,Mangat and Elgarf (1999a),1.5748464676644813,2.2961049850360915
Ridge,LeaveOneSourceOut,27,110,Mangat and Elgarf (1999a),1.5748464676644813,2.2961049850360915
Ridge,LeaveOneSourceOut,27,111,Mangat and Elgarf (1999a),1.5748464676644813,2.2961049850360915
Ridge,LeaveOneSourceOut,27,112,Mangat and Elgarf (1999a),1.2837077723447896,2.217445409186708
Ridge,LeaveOneSourceOut,27,113,Mangat and Elgarf (1999a),1.2837077723447896,2.217445409186708
Ridge,LeaveOneSourceOut,27,114,Mangat and Elgarf (1999a),1.2837077723447896,2.217445409186708
Ridge,LeaveOneSourceOut,27,115,Mangat and Elgarf (1999a),2.1644717908644115,2.4642477344419516
Ridge,LeaveOneSourceOut,27,116,Mangat and Elgarf (1999a),2.1644717908644115,2.4642477344419516
Ridge,LeaveOneSourceOut,27,117,Mangat and Elgarf (1999a),2.1644717908644115,2.4642477344419516
Ridge,LeaveOneSourceOut,27,118,Mangat and Elgarf (1999a),2.057962510002712,2.4254976230853633
Ridge,LeaveOneSourceOut,27,119,Mangat and Elgarf (1999a),2.057962510002712,2.4254976230853633
Ridge,LeaveOneSourceOut,27,120,Mangat and Elgarf (1999a),2.057962510002712,2.4254976230853633
Ridge,LeaveOneSourceOut,27,121,Mangat and Elgarf (1999a),1.9530276168241774,2.386165874008219
Ridge,LeaveOneSourceOut,27,122,Mangat and Elgarf (1999a),1.9530276168241774,2.386165874008219
Ridge,LeaveOneSourceOut,27,123,Mangat and Elgarf (1999a),1.9530276168241774,2.386165874008219
Ridge,LeaveOneSourceOut,27,124,Mangat and Elgarf (1999a),1.7698546338400052,2.346824251361696
Ridge,LeaveOneSourceOut,27,125,Mangat and Elgarf (1999a),1.7698546338400052,2.346824251361696
Ridge,LeaveOneSourceOut,27,126,Mangat and Elgarf (1999a),1.7698546338400052,2.346824251361696
Ridge,LeaveOneSourceOut,27,127,Mangat and Elgarf (1999a),1.4085449700547104,2.268742390927964
Ridge,LeaveOneSourceOut,27,128,Mangat and Elgarf (1999a),1.4085449700547104,2.268742390927964
Ridge,LeaveOneSourceOut,27,129,Mangat and Elgarf (1999a),1.4085449700547104,2.268742390927964
Ridge,LeaveOneSourceOut,27,130,Mangat and Elgarf (1999a),0.7419373447293773,2.1900690192042966
Ridge,LeaveOneSourceOut,27,131,Mangat and Elgarf (1999a),0.7419373447293773,2.1900690192042966
Ridge,LeaveOneSourceOut,27,132,Mangat and Elgarf (1999a),0.7419373447293773,2.1900690192042966
Ridge,LeaveOneSourceOut,27,133,Mangat and Elgarf (1999a),1.884034745337226,2.3604945117163325
Ridge,LeaveOneSourceOut,27,134,Mangat and Elgarf (1999a),1.884034745337226,2.3604945117163325
Ridge,LeaveOneSourceOut,27,135,Mangat and Elgarf (1999a),1.9198594718553708,2.3604945117163325
Ridge,LeaveOneSourceOut,27,136,Mangat and Elgarf (1999a),1.9198594718553708,2.3604945117163325
Ridge,LeaveOneSourceOut,27,137,Mangat and Elgarf (1999a),1.8961194845522977,2.3604945117163325
Ridge,LeaveOneSourceOut,27,138,Mangat and Elgarf (1999a),1.8961194845522977,2.3604945117163325
Ridge,LeaveOneSourceOut,27,139,Mangat and Elgarf (1999a),1.8718021769015913,2.3604945117163325
Ridge,LeaveOneSourceOut,27,140,Mangat and Elgarf (1999a),1.8718021769015913,2.3604945117163325
Ridge,LeaveOneSourceOut,28,752,Nasser et al. (2021),2.772588722239781,2.3600781928098775
Ridge,LeaveOneSourceOut,28,753,Nasser et al. (2021),2.739548868161581,2.3565118931760565
Ridge,LeaveOneSourceOut,28,754,Nasser et al. (2021),2.7265447837383743,2.3565118931760565
Ridge,LeaveOneSourceOut,28,755,Nasser et al. (2021),2.644044871126298,2.353977663386675
Ridge,LeaveOneSourceOut,28,756,Nasser et al. (2021),2.695977619867941,2.343552732442639
Ridge,LeaveOneSourceOut,28,757,Nasser et al. (2021),2.5241273629412815,2.0621607746295583
Ridge,LeaveOneSourceOut,28,758,Nasser et al. (2021),2.4840729690394228,2.0371253407529224
Ridge,LeaveOneSourceOut,28,759,Nasser et al. (2021),2.4397349311412793,1.9161484604014123
Ridge,LeaveOneSourceOut,28,760,Nasser et al. (2021),2.498973906999436,2.10666953738539
Ridge,LeaveOneSourceOut,28,761,Nasser et al. (2021),2.3085671646715933,2.0021127759938073
Ridge,LeaveOneSourceOut,28,762,Nasser et al. (2021),2.25758772706331,2.0021127759938073
Ridge,LeaveOneSourceOut,28,763,Nasser et al. (2021),2.0881534822818573,1.9388974010469757
Ridge,LeaveOneSourceOut,28,764,Nasser et al. (2021),2.089391872533004,1.9895745075637685
Ridge,LeaveOneSourceOut,28,765,Nasser et al. (2021),2.1587147225743437,1.839189311814214
Ridge,LeaveOneSourceOut,28,766,Nasser et al. (2021),1.9933388426264242,1.8210980791873252
Ridge,LeaveOneSourceOut,28,767,Nasser et al. (2021),2.017566137961748,1.6373517132225461
Ridge,LeaveOneSourceOut,28,768,Nasser et al. (2021),2.0515563381903004,1.5496696112408976
Ridge,LeaveOneSourceOut,29,775,Nasser et al. (2022),3.490428515390098,3.3478117464357346
Ridge,LeaveOneSourceOut,29,776,Nasser et al. (2022),3.5004392163118045,3.3478117464357346
Ridge,LeaveOneSourceOut,29,777,Nasser et al. (2022),3.414442608412176,3.3551219023053154
Ridge,LeaveOneSourceOut,29,778,Nasser et al. (2022),3.4187098067467865,3.3551219023053154
Ridge,LeaveOneSourceOut,29,779,Nasser et al. (2022),3.4339872044851463,3.245392221684698
Ridge,LeaveOneSourceOut,29,780,Nasser et al. (2022),3.395514598526657,3.1274053448705583
Ridge,LeaveOneSourceOut,29,781,Nasser et al. (2022),3.3648791189880436,3.053568192136016
Ridge,LeaveOneSourceOut,29,782,Nasser et al. (2022),3.1135153092103742,2.747481233644567
Ridge,LeaveOneSourceOut,30,545,Nguyen and Lambert (2018),2.2915241456346207,1.5349365478592834
Ridge,LeaveOneSourceOut,30,546,Nguyen and Lambert (2018),2.262804222982201,1.609907791263736
Ridge,LeaveOneSourceOut,30,547,Nguyen and Lambert (2018),2.2512917986064953,1.6014079830723484
Ridge,LeaveOneSourceOut,30,548,Nguyen and Lambert (2018),2.2235418856535927,1.5849594589061862
Ridge,LeaveOneSourceOut,30,549,Nguyen and Lambert (2018),2.28949985344539,1.529164580357543
Ridge,LeaveOneSourceOut,30,550,Nguyen and Lambert (2018),2.2731562823032334,1.5349365478592834
Ridge,LeaveOneSourceOut,30,551,Nguyen and Lambert (2018),2.231089091288976,1.5952389897321912
Ridge,LeaveOneSourceOut,30,552,Nguyen and Lambert (2018),2.2364452904895007,1.5840851168678174
Ridge,LeaveOneSourceOut,30,553,Nguyen and Lambert (2018),2.1972245773362196,1.5644304753449265
Ridge,LeaveOneSourceOut,30,554,Nguyen and Lambert (2018),2.2364452904895007,1.5133578866307809
Ridge,LeaveOneSourceOut,30,555,Nguyen and Lambert (2018),2.2679936482244267,1.5349365478592834
Ridge,LeaveOneSourceOut,30,556,Nguyen and Lambert (2018),2.194999882314108,1.5541049721923696
Ridge,LeaveOneSourceOut,30,557,Nguyen and Lambert (2018),2.2082744135228043,1.5474054248143905
Ridge,LeaveOneSourceOut,30,558,Nguyen and Lambert (2018),2.1972245773362196,1.5222913497522517
Ridge,LeaveOneSourceOut,30,559,Nguyen and Lambert (2018),2.2289385528257473,1.476206930460646
Ridge,LeaveOneSourceOut,30,560,Nguyen and Lambert (2018),2.2648832258100344,1.5349365478592834
Ridge,LeaveOneSourceOut,30,561,Nguyen and Lambert (2018),2.1114245875328868,1.5032398643020297
Ridge,LeaveOneSourceOut,30,562,Nguyen and Lambert (2018),2.020222182019865,1.5027825455229993
Ridge,LeaveOneSourceOut,30,563,Nguyen and Lambert (2018),2.061786606441115,1.4324041685083717
Ridge,LeaveOneSourceOut,30,564,Nguyen and Lambert (2018),2.1138429683971682,1.410792007029861
Ridge,LeaveOneSourceOut,31,634,Njeem et al. (2019),3.109953417644014,2.8318412280136482
Ridge,LeaveOneSourceOut,31,635,Njeem et al. (2019),2.9601050959108397,1.9640554056705564
Ridge,LeaveOneSourceOut,32,636,O'Flaherty and Browne (2019),1.9726911717329554,2.3900817420258322
Ridge,LeaveOneSourceOut,32,637,O'Flaherty and Browne (2019),1.922787731634459,2.1065593487283616
Ridge,LeaveOneSourceOut,32,638,O'Flaherty and Browne (2019),1.7029282555214393,2.0734404079126914
Ridge,LeaveOneSourceOut,32,639,O'Flaherty and Browne (2019),1.6486586255873816,1.8455232137390996
Ridge,LeaveOneSourceOut,32,640,O'Flaherty and Browne (2019),1.4883995840570443,1.7903190812193417
Ridge,LeaveOneSourceOut,32,641,O'Flaherty and Browne (2019),0.8878912573524571,1.5880338822528706
Ridge,LeaveOneSourceOut,32,642,O'Flaherty and Browne (2019),0.9555114450274363,1.477627406865321
Ridge,LeaveOneSourceOut,32,643,O'Flaherty and Browne (2019),1.937301774518713,2.378478169368121
Ridge,LeaveOneSourceOut,32,644,O'Flaherty and Browne (2019),1.965712776351493,2.1170436014930036
Ridge,LeaveOneSourceOut,32,645,O'Flaherty and Browne (2019),1.8764069432883397,2.113356275671148
Ridge,LeaveOneSourceOut,32,646,O'Flaherty and Browne (2019),1.7316555451583497,2.094955776070651
Ridge,LeaveOneSourceOut,32,647,O'Flaherty and Browne (2019),1.7209792871670078,1.9772651351404167
Ridge,LeaveOneSourceOut,32,648,O'Flaherty and Browne (2019),1.4770487243883548,1.833919641081389
Ridge,LeaveOneSourceOut,32,649,O'Flaherty and Browne (2019),1.4586150226995167,1.7934383731470345
Ridge,LeaveOneSourceOut,32,650,O'Flaherty and Browne (2019),1.1184149159642893,1.5948308091956573
Ridge,LeaveOneSourceOut,32,651,O'Flaherty and Browne (2019),0.959350221334602,1.4917848712748267
Ridge,LeaveOneSourceOut,32,652,O'Flaherty and Browne (2019),1.6448050562713916,2.3602586501195617
Ridge,LeaveOneSourceOut,32,653,O'Flaherty and Browne (2019),1.4445632692438664,1.845141427633405
Ridge,LeaveOneSourceOut,32,654,O'Flaherty and Browne (2019),1.423108334242607,1.9332801554544097
Ridge,LeaveOneSourceOut,32,655,O'Flaherty and Browne (2019),1.6789639750827108,2.028894451421018
Ridge,LeaveOneSourceOut,32,656,O'Flaherty and Browne (2019),1.589235205116581,1.999455779338707
Ridge,LeaveOneSourceOut,32,657,O'Flaherty and Browne (2019),1.4655675420143985,1.8744028112897886
Ridge,LeaveOneSourceOut,32,658,O'Flaherty and Browne (2019),0.7561219797213337,1.5729336549320034
Ridge,LeaveOneSourceOut,32,659,O'Flaherty and Browne (2019),1.1878434223960523,1.8009772572474256
Ridge,LeaveOneSourceOut,32,660,O'Flaherty and Browne (2019),0.22314355131420976,1.5250847924424344
Ridge,LeaveOneSourceOut,32,661,O'Flaherty and Browne (2019),2.3850863145057892,2.506154374930919
Ridge,LeaveOneSourceOut,32,662,O'Flaherty and Browne (2019),2.3832429960115,2.134608127303282
Ridge,LeaveOneSourceOut,32,663,O'Flaherty and Browne (2019),2.330200260027019,2.1249964913114634
Ridge,LeaveOneSourceOut,32,664,O'Flaherty and Browne (2019),2.145931282948669,2.1877258129819768
Ridge,LeaveOneSourceOut,32,665,O'Flaherty and Browne (2019),2.0955609235597192,2.141263770472632
Ridge,LeaveOneSourceOut,32,666,O'Flaherty and Browne (2019),2.0781907597781832,2.0585087393315913
Ridge,LeaveOneSourceOut,32,667,O'Flaherty and Browne (2019),2.057962510002712,2.025456265944573
Ridge,LeaveOneSourceOut,32,668,O'Flaherty and Browne (2019),2.2502386126218363,2.5049878716353446
Ridge,LeaveOneSourceOut,32,669,O'Flaherty and Browne (2019),2.162172939277301,2.1902440017899925
Ridge,LeaveOneSourceOut,32,670,O'Flaherty and Browne (2019),2.1815467646169897,2.163646078162645
Ridge,LeaveOneSourceOut,32,671,O'Flaherty and Browne (2019),1.9754689512968577,2.0506962836734273
Ridge,LeaveOneSourceOut,32,672,O'Flaherty and Browne (2019),1.9300710850255671,1.9976918390216516
Ridge,LeaveOneSourceOut,32,673,O'Flaherty and Browne (2019),1.9139771019523042,1.9674136466609446
Ridge,LeaveOneSourceOut,32,674,O'Flaherty and Browne (2019),2.175887439948088,2.1968899541525815
Ridge,LeaveOneSourceOut,33,172,O'Flaherty et al. (2004),1.6448050562713916,2.5208447194337213
Ridge,LeaveOneSourceOut,33,173,O'Flaherty et al. (2004),1.6448050562713916,2.5208447194337213
Ridge,LeaveOneSourceOut,33,174,O'Flaherty et al. (2004),1.6789639750827108,2.0948010716197043
Ridge,LeaveOneSourceOut,33,175,O'Flaherty et al. (2004),1.589235205116581,2.064332877869105
Ridge,LeaveOneSourceOut,33,176,O'Flaherty et al. (2004),1.425515074273172,1.9957606076594203
Ridge,LeaveOneSourceOut,33,177,O'Flaherty et al. (2004),1.4655675420143985,1.934824220158221
Ridge,LeaveOneSourceOut,33,178,O'Flaherty et al. (2004),1.4327007339340465,1.9046334112298833
Ridge,LeaveOneSourceOut,33,179,O'Flaherty et al. (2004),1.1908875647772805,1.8589200750783053
Ridge,LeaveOneSourceOut,33,180,O'Flaherty et al. (2004),0.7608058290337602,1.6229006692109769
Ridge,LeaveOneSourceOut,33,181,O'Flaherty et al. (2004),0.23111172096338664,1.5733722238578762
Ridge,LeaveOneSourceOut,33,182,O'Flaherty et al. (2004),2.0541237336955462,2.6468785037346296
Ridge,LeaveOneSourceOut,33,183,O'Flaherty et al. (2004),2.0541237336955462,2.6468785037346296
Ridge,LeaveOneSourceOut,33,184,O'Flaherty et al. (2004),2.064327903869788,2.127340222548084
Ridge,LeaveOneSourceOut,33,185,O'Flaherty et al. (2004),1.9286186519452522,2.1135334717796366
Ridge,LeaveOneSourceOut,33,186,O'Flaherty et al. (2004),1.7850704810772584,2.0586053784090623
Ridge,LeaveOneSourceOut,33,187,O'Flaherty et al. (2004),1.8389610707123492,1.9964854793063243
Ridge,LeaveOneSourceOut,33,188,O'Flaherty et al. (2004),1.6770965609079151,1.9721204612442156
Ridge,LeaveOneSourceOut,33,189,O'Flaherty et al. (2004),1.6074359097634274,1.8271708199712688
Ridge,LeaveOneSourceOut,33,190,O'Flaherty et al. (2004),2.2935443483418965,2.768247990862795
Ridge,LeaveOneSourceOut,33,191,O'Flaherty et al. (2004),2.2935443483418965,2.768247990862795
Ridge,LeaveOneSourceOut,33,192,O'Flaherty et al. (2004),2.222459048514761,2.404849862789014
Ridge,LeaveOneSourceOut,33,193,O'Flaherty et al. (2004),2.180417459019838,2.3924758393476573
Ridge,LeaveOneSourceOut,33,194,O'Flaherty et al. (2004),2.0731719286662407,2.3680267021681605
Ridge,LeaveOneSourceOut,33,195,O'Flaherty et al. (2004),1.9685099809725544,2.349460285785886
Ridge,LeaveOneSourceOut,33,196,O'Flaherty et al. (2004),2.0425181875752383,2.3155810346311623
Ridge,LeaveOneSourceOut,33,197,O'Flaherty et al. (2004),1.8468787684491346,2.263007720208712
Ridge,LeaveOneSourceOut,34,380,Oyado et al. (2011),2.911263116927541,2.5715327478665677
Ridge,LeaveOneSourceOut,34,381,Oyado et al. (2011),2.8027541365715076,2.6465893459384673
Ridge,LeaveOneSourceOut,34,382,Oyado et al. (2011),2.7700855920216627,2.597225844412502
Ridge,LeaveOneSourceOut,34,383,Oyado et al. (2011),2.8237570088141806,2.671690391335378
Ridge,LeaveOneSourceOut,34,384,Oyado et al. (2011),2.8524391037275145,2.642004776116757
Ridge,LeaveOneSourceOut,34,385,Oyado et al. (2011),2.548663615590751,2.410281140418927
Ridge,LeaveOneSourceOut,34,386,Oyado et al. (2011),2.65745841498615,2.4264320158896844
Ridge,LeaveOneSourceOut,34,387,Oyado et al. (2011),2.6837575085331657,2.478091476752576
Ridge,LeaveOneSourceOut,34,388,Oyado et al. (2011),2.8741294517947424,2.591442168937693
Ridge,LeaveOneSourceOut,34,389,Oyado et al. (2011),2.714694743820879,2.024347821739442
Ridge,LeaveOneSourceOut,34,390,Oyado et al. (2011),2.7093826463359885,2.3173436951648894
Ridge,LeaveOneSourceOut,34,391,Oyado et al. (2011),2.5289235352047745,1.9308202944649486
Ridge,LeaveOneSourceOut,34,392,Oyado et al. (2011),1.144222799920162,1.4628089782648903
Ridge,LeaveOneSourceOut,35,12,Rodriguez et al. (1997),2.714694743820879,2.9206009114675786
Ridge,LeaveOneSourceOut,35,13,Rodriguez et al. (1997),2.7536607123542622,2.9206009114675786
Ridge,LeaveOneSourceOut,35,14,Rodriguez et al. (1997),2.312535423847214,2.1859823633983013
Ridge,LeaveOneSourceOut,35,15,Rodriguez et al. (1997),2.3513752571634776,2.2402919540772044
Ridge,LeaveOneSourceOut,35,16,Rodriguez et al. (1997),2.451005098112319,2.3636246661299665
Ridge,LeaveOneSourceOut,35,17,Rodriguez et al. (1997),2.151762203259462,1.9003590397316483
Ridge,LeaveOneSourceOut,35,18,Rodriguez et al. (1997),3.586292865338835,3.7167001815095
Ridge,LeaveOneSourceOut,35,19,Rodriguez et al. (1997),3.6454498961866,3.7167001815095
Ridge,LeaveOneSourceOut,35,20,Rodriguez et al. (1997),3.367295829986474,3.3379047296767674
Ridge,LeaveOneSourceOut,35,21,Rodriguez et al. (1997),3.6402142821326553,3.298632252026773
Ridge,LeaveOneSourceOut,35,22,Rodriguez et al. (1997),3.6584202466292277,3.298632252026773
Ridge,LeaveOneSourceOut,35,23,Rodriguez et al. (1997),3.339321977944068,2.941627100665515
Ridge,LeaveOneSourceOut,35,24,Rodriguez et al. (1997),3.349904087274605,2.757377279843714
Ridge,LeaveOneSourceOut,35,25,Rodriguez et al. (1997),3.3141860046725258,2.818650616989685
Ridge,LeaveOneSourceOut,36,681,Shen et al. (2019),2.5603232890727545,2.6771491480798235
Ridge,LeaveOneSourceOut,36,682,Shen et al. (2019),2.517696472610991,2.8117067204829054
Ridge,LeaveOneSourceOut,36,683,Shen et al. (2019),2.423031246069913,2.6733423129514287
Ridge,LeaveOneSourceOut,36,684,Shen et al. (2019),2.377692565480851,2.6541979823014854
Ridge,LeaveOneSourceOut,37,675,Tan et al. (2019),1.7083778602890038,2.116462763822497
Ridge,LeaveOneSourceOut,37,676,Tan et al. (2019),1.7749523509116738,2.012705045167097
Ridge,LeaveOneSourceOut,37,677,Tan et al. (2019),1.601405740736836,1.8883517569714847
Ridge,LeaveOneSourceOut,37,678,Tan et al. (2019),1.9851308622085946,2.2156383891100555
Ridge,LeaveOneSourceOut,37,679,Tan et al. (2019),1.9906103279732201,2.117370946424807
Ridge,LeaveOneSourceOut,37,680,Tan et al. (2019),1.7647307968401356,1.9233671794659315
Ridge,LeaveOneSourceOut,38,160,Torres-Acosta et al. (2003),1.2267122912954254,1.856584441404673
Ridge,LeaveOneSourceOut,38,161,Torres-Acosta et al. (2003),1.3987168811184478,1.856584441404673
Ridge,LeaveOneSourceOut,38,162,Torres-Acosta et al. (2003),1.2178757094949273,1.518238998657204
Ridge,LeaveOneSourceOut,38,163,Torres-Acosta et al. (2003),1.3428648031925547,1.550325402901201
Ridge,LeaveOneSourceOut,38,164,Torres-Acosta et al. (2003),1.269760544863939,1.5250919155463565
Ridge,LeaveOneSourceOut,38,165,Torres-Acosta et al. (2003),1.2178757094949273,1.0937002714162234
Ridge,LeaveOneSourceOut,38,166,Torres-Acosta et al. (2003),1.2809338454620642,1.2758715947180312
Ridge,LeaveOneSourceOut,38,167,Torres-Acosta et al. (2003),1.2383742310432684,1.3897197379363175
Ridge,LeaveOneSourceOut,38,168,Torres-Acosta et al. (2003),1.3428648031925547,1.5283174181845558
Ridge,LeaveOneSourceOut,38,169,Torres-Acosta et al. (2003),1.0612565021243408,1.1612550947874865
Ridge,LeaveOneSourceOut,38,170,Torres-Acosta et al. (2003),1.3029127521808397,1.7087099566606943
Ridge,LeaveOneSourceOut,38,171,Torres-Acosta et al. (2003),1.269760544863939,1.7157193857949165
Ridge,LeaveOneSourceOut,39,280,Torres-Acosta et al. (2007),1.4701758451005926,1.9200561584738065
Ridge,LeaveOneSourceOut,39,281,Torres-Acosta et al. (2007),1.5686159179138452,1.9200561584738065
Ridge,LeaveOneSourceOut,39,282,Torres-Acosta et al. (2007),1.085189268335969,1.9877764407592247
Ridge,LeaveOneSourceOut,39,283,Torres-Acosta et al. (2007),0.4762341789963717,1.7625612204713539
Ridge,LeaveOneSourceOut,39,284,Torres-Acosta et al. (2007),0.7608058290337602,1.7383803375777673
Ridge,LeaveOneSourceOut,39,285,Torres-Acosta et al. (2007),1.1939224684724346,1.9348264609750763
Ridge,LeaveOneSourceOut,39,286,Torres-Acosta et al. (2007),1.2383742310432684,1.9687641013411648
Ridge,LeaveOneSourceOut,39,287,Torres-Acosta et al. (2007),0.9669838461896731,1.6501383399340948
Ridge,LeaveOneSourceOut,39,288,Torres-Acosta et al. (2007),0.8919980393051105,1.7082568631937696
Ridge,LeaveOneSourceOut,39,289,Torres-Acosta et al. (2007),0.14842000511827322,1.3465618206063206
Ridge,LeaveOneSourceOut,39,290,Torres-Acosta et al. (2007),1.4701758451005926,1.9200561584738067
Ridge,LeaveOneSourceOut,40,783,Tran et al. (2022),1.0296194171811581,1.4608827300178306
Ridge,LeaveOneSourceOut,40,784,Tran et al. (2022),1.0188473201992472,1.4608827300178306
Ridge,LeaveOneSourceOut,40,785,Tran et al. (2022),0.6931471805599453,0.8627436777666777
Ridge,LeaveOneSourceOut,40,786,Tran et al. (2022),0.7929925155296614,0.8656725972014041
Ridge,LeaveOneSourceOut,40,787,Tran et al. (2022),0.7030975114131134,0.7066153218154854
Ridge,LeaveOneSourceOut,40,788,Tran et al. (2022),0.6418538861723947,0.7095367786883979
Ridge,LeaveOneSourceOut,40,789,Tran et al. (2022),0.5538851132264376,0.6992610259120029
Ridge,LeaveOneSourceOut,40,790,Tran et al. (2022),0.5247285289349821,0.6619588912213152
Ridge,LeaveOneSourceOut,40,791,Tran et al. (2022),0.25464221837358075,0.6248649232152488
Ridge,LeaveOneSourceOut,40,792,Tran et al. (2022),0.4824261492442928,0.5955465580844446
Ridge,LeaveOneSourceOut,40,793,Tran et al. (2022),0.44468582126144574,0.5079600496110226
Ridge,LeaveOneSourceOut,40,794,Tran et al. (2022),0.23901690047049992,0.5524647280329953
Ridge,LeaveOneSourceOut,41,795,Van Nguyen et al. (2022),3.0081547935525483,3.0978558737154085
Ridge,LeaveOneSourceOut,41,796,Van Nguyen et al. (2022),2.876948737564024,3.0136737765783366
Ridge,LeaveOneSourceOut,41,797,Van Nguyen et al. (2022),2.810606789427302,2.970807255976272
Ridge,LeaveOneSourceOut,41,798,Van Nguyen et al. (2022),2.750470916986162,2.8723915563458102
Ridge,LeaveOneSourceOut,41,799,Van Nguyen et al. (2022),2.691243082785829,3.0533121303919484
Ridge,LeaveOneSourceOut,41,800,Van Nguyen et al. (2022),2.5680215564985067,2.9960234277105915
Ridge,LeaveOneSourceOut,41,801,Van Nguyen et al. (2022),2.6304489550786583,2.869037850174288
Ridge,LeaveOneSourceOut,41,802,Van Nguyen et al. (2022),2.784393767689544,3.0810062891981356
Ridge,LeaveOneSourceOut,41,803,Van Nguyen et al. (2022),2.756205242989257,3.0367982915941765
Ridge,LeaveOneSourceOut,42,472,Wang et al. (2014),4.405010471064257,4.527470662249829
Ridge,LeaveOneSourceOut,42,473,Wang et al. (2014),4.370712874773608,4.255027925127261
Ridge,LeaveOneSourceOut,42,474,Wang et al. (2014),4.2903224454635405,4.2392642460905305
Ridge,LeaveOneSourceOut,42,475,Wang et al. (2014),4.207226719278773,4.1980737143770375
Ridge,LeaveOneSourceOut,42,476,Wang et al. (2014),4.094011173320863,4.157552132564513
Ridge,LeaveOneSourceOut,42,477,Wang et al. (2014),4.418479096676194,4.56848788305938
Ridge,LeaveOneSourceOut,42,478,Wang et al. (2014),4.145987795373939,4.234145246954867
Ridge,LeaveOneSourceOut,42,479,Wang et al. (2014),4.312408567793012,4.486453441440279
Ridge,LeaveOneSourceOut,42,480,Wang et al. (2014),4.020159664032724,4.141736212988519
Ridge,LeaveOneSourceOut,42,481,Wang et al. (2014),4.453300236649965,4.720643849996629
Ridge,LeaveOneSourceOut,42,482,Wang et al. (2014),4.27332721775054,4.422625756441571
Ridge,LeaveOneSourceOut,42,483,Wang et al. (2014),4.100492292808335,4.340310071296809
Ridge,LeaveOneSourceOut,42,484,Wang et al. (2014),3.9900945408483017,4.084081040673018
Ridge,LeaveOneSourceOut,42,485,Wang et al. (2014),3.902578546600146,4.0498026799977165
Ridge,LeaveOneSourceOut,42,486,Wang et al. (2014),3.766071949943842,4.01708446397997
Ridge,LeaveOneSourceOut,42,487,Wang et al. (2014),3.634159241913703,3.9799189454304362
Ridge,LeaveOneSourceOut,42,488,Wang et al. (2014),4.233961566558017,4.381327292106359
Ridge,LeaveOneSourceOut,42,489,Wang et al. (2014),3.9527809979003137,4.0629921199750445
Ridge,LeaveOneSourceOut,42,490,Wang et al. (2014),3.998017198595007,4.299292850487259
Ridge,LeaveOneSourceOut,42,491,Wang et al. (2014),3.6823582371236707,3.9678443493686966
Ridge,LeaveOneSourceOut,42,492,Wang et al. (2014),4.360292142527875,4.533483259043608
Ridge,LeaveOneSourceOut,42,493,Wang et al. (2014),4.124388683570477,4.239756565082528
Ridge,LeaveOneSourceOut,43,393,Xia et al. (2012),3.121483478859551,2.795748890794889
Ridge,LeaveOneSourceOut,43,394,Xia et al. (2012),3.1018924693823817,2.7732327954944087
Ridge,LeaveOneSourceOut,43,395,Xia et al. (2012),3.0740812399649675,2.7184976286868148
Ridge,LeaveOneSourceOut,43,396,Xia et al. (2012),3.027715319407042,2.6881606727473475
Ridge,LeaveOneSourceOut,43,397,Xia et al. (2012),3.0368742168851663,2.6106488231567018
Ridge,LeaveOneSourceOut,43,398,Xia et al. (2012),3.0619880693310564,2.5918431799554336
Ridge,LeaveOneSourceOut,43,399,Xia et al. (2012),2.995732273553991,2.549430655312314
Ridge,LeaveOneSourceOut,43,400,Xia et al. (2012),3.0368742168851663,2.4818130087721024
Ridge,LeaveOneSourceOut,43,401,Xia et al. (2012),2.9559514035421466,2.4739872572131762
Ridge,LeaveOneSourceOut,43,402,Xia et al. (2012),2.9090844668283187,2.409923354320786
Ridge,LeaveOneSourceOut,43,403,Xia et al. (2012),3.6506582412937387,3.1619465011015677
Ridge,LeaveOneSourceOut,43,404,Xia et al. (2012),3.6041382256588457,3.1420358807925126
Ridge,LeaveOneSourceOut,43,405,Xia et al. (2012),3.5553480614894135,3.1238346242569763
Ridge,LeaveOneSourceOut,43,406,Xia et al. (2012),3.5403794457954922,3.0868415472639197
Ridge,LeaveOneSourceOut,43,407,Xia et al. (2012),3.5564902660681907,3.034614627557253
Ridge,LeaveOneSourceOut,43,408,Xia et al. (2012),3.5801800371905954,2.964566150469067
Ridge,LeaveOneSourceOut,43,409,Xia et al. (2012),3.4989288701554906,2.937850223248752
Ridge,LeaveOneSourceOut,43,410,Xia et al. (2012),3.537765824444175,2.86604165963561
Ridge,LeaveOneSourceOut,43,411,Xia et al. (2012),3.5403794457954922,2.8475075757223136
Ridge,LeaveOneSourceOut,43,412,Xia et al. (2012),3.4697901731277674,2.7912566463366275
Ridge,LeaveOneSourceOut,44,565,Yadav et al. (2018),3.8366526984033693,3.4947088012149576
Ridge,LeaveOneSourceOut,44,566,Yadav et al. (2018),3.7909846770510898,3.1845978417109877
Ridge,LeaveOneSourceOut,44,567,Yadav et al. (2018),3.711618941083426,2.919862740424769
Ridge,LeaveOneSourceOut,44,568,Yadav et al. (2018),3.575710756008298,2.6689884785545863
Ridge,LeaveOneSourceOut,44,569,Yadav et al. (2018),3.8588331769140267,3.450099144876634
Ridge,LeaveOneSourceOut,44,570,Yadav et al. (2018),3.773220602547687,3.163375202507748
Ridge,LeaveOneSourceOut,44,571,Yadav et al. (2018),3.6901286735143684,2.9298461803413245
Ridge,LeaveOneSourceOut,44,572,Yadav et al. (2018),3.6184569898173904,2.672222575336816
Ridge,LeaveOneSourceOut,44,573,Yadav et al. (2018),3.8975183192252643,3.507525816362362
Ridge,LeaveOneSourceOut,44,574,Yadav et al. (2018),3.7918872041881655,3.2467957029247763
Ridge,LeaveOneSourceOut,44,575,Yadav et al. (2018),3.730501128804756,2.9769281532720226
Ridge,LeaveOneSourceOut,44,576,Yadav et al. (2018),3.662792119350618,2.7131890019159837
Ridge,LeaveOneSourceOut,44,577,Yadav et al. (2018),3.934957976710642,3.499526880425469
Ridge,LeaveOneSourceOut,44,578,Yadav et al. (2018),3.8588331769140267,3.224462594986949
Ridge,LeaveOneSourceOut,44,579,Yadav et al. (2018),3.802654468372781,2.975956123027327
Ridge,LeaveOneSourceOut,44,580,Yadav et al. (2018),3.7428940424201746,2.722557638637501
Ridge,LeaveOneSourceOut,45,700,Yalciner et al. (2020),4.65224459337402,5.368684825422919
Ridge,LeaveOneSourceOut,45,701,Yalciner et al. (2020),4.557134736949535,5.374123467777743
Ridge,LeaveOneSourceOut,45,702,Yalciner et al. (2020),4.361951470242831,5.371306936440034
Ridge,LeaveOneSourceOut,45,703,Yalciner et al. (2020),4.212720014957422,5.1559861014503525
Ridge,LeaveOneSourceOut,45,704,Yalciner et al. (2020),5.084938485288739,5.4529029379597365
Ridge,LeaveOneSourceOut,45,705,Yalciner et al. (2020),4.8779416457041185,5.617707893809282
Ridge,LeaveOneSourceOut,45,706,Yalciner et al. (2020),4.855228269843183,5.5589204288931295
Ridge,LeaveOneSourceOut,45,707,Yalciner et al. (2020),4.664853188149265,5.551692113707491
Ridge,LeaveOneSourceOut,46,581,Ye et al. (2018),2.5079719227189963,2.4541313441056607
Ridge,LeaveOneSourceOut,46,582,Ye et al. (2018),2.488234439880675,2.6187535445217556
Ridge,LeaveOneSourceOut,46,583,Ye et al. (2018),2.4782176616372036,2.595928991739882
Ridge,LeaveOneSourceOut,46,584,Ye et al. (2018),2.4807312783775197,2.54256075709774
Ridge,LeaveOneSourceOut,46,585,Ye et al. (2018),2.4612967841488667,2.489817712938309
Ridge,LeaveOneSourceOut,46,586,Ye et al. (2018),2.510411940196362,2.5786717696550943
Ridge,LeaveOneSourceOut,46,587,Ye et al. (2018),2.4714836294558595,2.555860046178898
Ridge,LeaveOneSourceOut,46,588,Ye et al. (2018),2.424802725718295,2.509607925074857
Ridge,LeaveOneSourceOut,46,589,Ye et al. (2018),2.3933394562625097,2.4573775639623214
Ridge,LeaveOneSourceOut,46,590,Ye et al. (2018),2.4553061800117097,2.533891668705379
Ridge,LeaveOneSourceOut,46,591,Ye et al. (2018),2.412335956953165,2.520287333790757
Ridge,LeaveOneSourceOut,46,592,Ye et al. (2018),2.33214389523559,2.481670653229583
Ridge,LeaveOneSourceOut,46,593,Ye et al. (2018),2.2512917986064953,2.4241254824685674
Ridge,LeaveOneSourceOut,46,594,Ye et al. (2018),2.479894107964456,2.3817885136745947
Ridge,LeaveOneSourceOut,46,595,Ye et al. (2018),2.468099531471619,2.2874127057557727
Ridge,LeaveOneSourceOut,46,596,Ye et al. (2018),2.4731713935695794,2.271433872532275
Ridge,LeaveOneSourceOut,46,597,Ye et al. (2018),2.4344901638739844,2.1656731791313457
Ridge,LeaveOneSourceOut,46,598,Ye et al. (2018),2.453587966530573,2.230862863248545
Ridge,LeaveOneSourceOut,46,599,Ye et al. (2018),2.336986519711378,2.1214054082009373
Ridge,LeaveOneSourceOut,47,496,Yu et al. (2015),3.565298392342582,4.020472479758547
Ridge,LeaveOneSourceOut,47,497,Yu et al. (2015),3.436564525499447,3.592893251075624
Ridge,LeaveOneSourceOut,47,498,Yu et al. (2015),3.4339872044851463,3.5049562064468205
Ridge,LeaveOneSourceOut,48,515,Zhang et al. (2016),4.0943445622221,4.168834237678291
Ridge,LeaveOneSourceOut,48,516,Zhang et al. (2016),4.053522567701846,4.242779551803177
Ridge,LeaveOneSourceOut,48,517,Zhang et al. (2016),4.00369019395397,4.280041308216464
Ridge,LeaveOneSourceOut,48,518,Zhang et al. (2016),3.8199077165203406,4.2938983852291885
Ridge,LeaveOneSourceOut,49,685,Zhang et al. (2019),1.851599469584072,1.5337413451773398
Ridge,LeaveOneSourceOut,49,686,Zhang et al. (2019),1.7715567619105355,1.5441195142813366
Ridge,LeaveOneSourceOut,49,687,Zhang et al. (2019),1.7457155307266483,1.4735319826984044
Ridge,LeaveOneSourceOut,49,688,Zhang et al. (2019),1.6845453849209058,1.448153034330934
Ridge,LeaveOneSourceOut,49,689,Zhang et al. (2019),1.7833912195575383,1.5448751731815036
Ridge,LeaveOneSourceOut,49,690,Zhang et al. (2019),2.532902848056256,2.113738351312402
Ridge,LeaveOneSourceOut,49,691,Zhang et al. (2019),2.413231613081109,2.001841842598963
Ridge,LeaveOneSourceOut,49,692,Zhang et al. (2019),1.7544036826842861,1.2675713750252682
Ridge,LeaveOneSourceOut,50,600,Zhou et al. (2018),2.714694743820879,2.720599507179745
Ridge,LeaveOneSourceOut,50,601,Zhou et al. (2018),2.580974118534234,2.787860466902542
Ridge,LeaveOneSourceOut,50,602,Zhou et al. (2018),2.517696472610991,2.7295794663019373
Ridge,LeaveOneSourceOut,50,603,Zhou et al. (2018),2.502255288122613,2.672419482317853
Ridge,LeaveOneSourceOut,50,604,Zhou et al. (2018),2.4765384001174837,2.6147384528509
Ridge,LeaveOneSourceOut,50,605,Zhou et al. (2018),2.4069451083182885,2.4992974682662106
Ridge,LeaveOneSourceOut,50,606,Zhou et al. (2018),2.303584593327129,2.4195164667587155
Ridge,LeaveOneSourceOut,50,607,Zhou et al. (2018),2.150598735996164,2.312478469517366
Ridge,LeaveOneSourceOut,50,608,Zhou et al. (2018),2.028148247292285,2.152812660839065
Ridge,LeaveOneSourceOut,50,609,Zhou et al. (2018),1.9726911717329554,2.285721453503014
Ridge,LeaveOneSourceOut,51,494,Zhu and François (2014),3.560477739309412,3.6663079605615883
Ridge,LeaveOneSourceOut,51,495,Zhu and François (2014),3.2913825156549485,2.6612668349593793
Ridge,LeaveOneSourceOut,52,519,Zhu and François (2016),3.590715205326705,3.7673009686615133
Ridge,LeaveOneSourceOut,52,520,Zhu and François (2016),3.093312601892855,3.547250307937931
Ridge,LeaveOneSourceOut,53,468,Zhu et al. (2013),3.472587377748828,3.5271757960530365
Ridge,LeaveOneSourceOut,53,469,Zhu et al. (2013),3.471345141564237,3.5306168189945915
Ridge,LeaveOneSourceOut,53,470,Zhu et al. (2013),3.2669037938787824,2.783578394407916
Ridge,LeaveOneSourceOut,53,471,Zhu et al. (2013),2.9496883350525844,3.257535517121556
Ridge,LeaveOneSourceOut,54,499,Zhu et al. (2015),3.708682081410116,3.432585271185766
Ridge,LeaveOneSourceOut,54,500,Zhu et al. (2015),3.636269503841639,3.432585271185766
Ridge,LeaveOneSourceOut,54,501,Zhu et al. (2015),3.5567756134805992,3.3726834597635835
Ridge,LeaveOneSourceOut,54,502,Zhu et al. (2015),3.418054498728578,3.298261638041855
RandomForest,RandomKFold,1,23,random_fold,3.339321977944068,3.359063641418557
RandomForest,RandomKFold,1,30,random_fold,2.3045830956567186,2.2328713484616567
RandomForest,RandomKFold,1,31,random_fold,2.3045830956567186,2.2328713484616567
RandomForest,RandomKFold,1,33,random_fold,2.248128907197987,2.2383444654078515
RandomForest,RandomKFold,1,39,random_fold,2.21046980408624,2.067348688864882
RandomForest,RandomKFold,1,49,random_fold,1.5602476682433286,1.5283556771031745
RandomForest,RandomKFold,1,63,random_fold,1.891604804197771,1.8994655171361141
RandomForest,RandomKFold,1,65,random_fold,1.506297153514587,1.5283556771031745
RandomForest,RandomKFold,1,66,random_fold,1.506297153514587,1.5283556771031745
RandomForest,RandomKFold,1,67,random_fold,1.506297153514587,1.5283556771031745
RandomForest,RandomKFold,1,78,random_fold,0.6043159668533296,1.004803270832322
RandomForest,RandomKFold,1,86,random_fold,2.020222182019865,2.0120761084748633
RandomForest,RandomKFold,1,96,random_fold,1.3711807233098425,1.3137865951458587
RandomForest,RandomKFold,1,109,random_fold,1.5748464676644813,1.59962285229296
RandomForest,RandomKFold,1,120,random_fold,2.057962510002712,2.0852562096650704
RandomForest,RandomKFold,1,137,random_fold,1.8961194845522977,1.8994655171361141
RandomForest,RandomKFold,1,139,random_fold,1.8718021769015913,1.8994655171361141
RandomForest,RandomKFold,1,155,random_fold,2.162172939277301,2.117622054266822
RandomForest,RandomKFold,1,168,random_fold,1.3428648031925547,1.168912773513382
RandomForest,RandomKFold,1,174,random_fold,1.6789639750827108,1.6389599651567759
RandomForest,RandomKFold,1,192,random_fold,2.222459048514761,2.1948081559967973
RandomForest,RandomKFold,1,196,random_fold,2.0425181875752383,2.0396446619759923
RandomForest,RandomKFold,1,199,random_fold,3.558485990180341,3.48030974479664
RandomForest,RandomKFold,1,208,random_fold,2.533696813957432,2.543061343683489
RandomForest,RandomKFold,1,209,random_fold,2.468946630209271,2.4874173908686803
RandomForest,RandomKFold,1,210,random_fold,2.4159137783010487,2.4874173908686803
RandomForest,RandomKFold,1,218,random_fold,2.0554049638515948,2.1262816419744253
RandomForest,RandomKFold,1,227,random_fold,2.403334996094189,2.2836226817267793
RandomForest,RandomKFold,1,231,random_fold,2.2648832258100344,2.0818283118577403
RandomForest,RandomKFold,1,235,random_fold,2.468099531471619,2.556175607711516
RandomForest,RandomKFold,1,292,random_fold,2.5610957881455465,2.6625185387060353
RandomForest,RandomKFold,1,300,random_fold,3.2969473602883563,3.152537086098319
RandomForest,RandomKFold,1,323,random_fold,3.58407433974781,3.6174062355294163
RandomForest,RandomKFold,1,327,random_fold,4.051958845725663,3.9855448919586376
RandomForest,RandomKFold,1,328,random_fold,3.6328380632303117,3.6756743959529246
RandomForest,RandomKFold,1,332,random_fold,3.1144038032714896,3.2423479075115496
RandomForest,RandomKFold,1,335,random_fold,2.7800607370784824,3.0589562295376265
RandomForest,RandomKFold,1,368,random_fold,2.8118094353930627,3.170651893725179
RandomForest,RandomKFold,1,375,random_fold,3.3120018028576843,3.290004660603036
RandomForest,RandomKFold,1,381,random_fold,2.8027541365715076,2.811442134170032
RandomForest,RandomKFold,1,388,random_fold,2.8741294517947424,2.87822382338616
RandomForest,RandomKFold,1,394,random_fold,3.1018924693823817,3.2039574850885697
RandomForest,RandomKFold,1,395,random_fold,3.0740812399649675,3.1707556493341955
RandomForest,RandomKFold,1,424,random_fold,4.3208159036289855,4.405783250328807
RandomForest,RandomKFold,1,440,random_fold,3.980615796893758,3.729194305788794
RandomForest,RandomKFold,1,446,random_fold,4.1034694699991014,4.224183031148526
RandomForest,RandomKFold,1,451,random_fold,4.1034694699991014,4.116136783912057
RandomForest,RandomKFold,1,512,random_fold,3.9682142850778885,3.9441339584190573
RandomForest,RandomKFold,1,522,random_fold,3.529297384289471,3.6074632147987673
RandomForest,RandomKFold,1,528,random_fold,1.4327007339340465,1.6465705854953547
RandomForest,RandomKFold,1,529,random_fold,1.5390154481375546,1.6668840377322036
RandomForest,RandomKFold,1,536,random_fold,2.498151876538021,2.475798693991967
RandomForest,RandomKFold,1,548,random_fold,2.2235418856535927,2.272195441051275
RandomForest,RandomKFold,1,559,random_fold,2.2289385528257473,2.197319684838019
RandomForest,RandomKFold,1,568,random_fold,3.575710756008298,3.62946686145942
RandomForest,RandomKFold,1,596,random_fold,2.4731713935695794,2.452757997013088
RandomForest,RandomKFold,1,597,random_fold,2.4344901638739844,2.3355996908911765
RandomForest,RandomKFold,1,598,random_fold,2.453587966530573,2.3979417131382634
RandomForest,RandomKFold,1,599,random_fold,2.336986519711378,2.2864278386661545
RandomForest,RandomKFold,1,603,random_fold,2.502255288122613,2.4907114717161902
RandomForest,RandomKFold,1,606,random_fold,2.303584593327129,2.3567976838677196
RandomForest,RandomKFold,1,643,random_fold,1.937301774518713,1.8912895595939416
RandomForest,RandomKFold,1,659,random_fold,1.1878434223960523,1.4029828553613
RandomForest,RandomKFold,1,660,random_fold,0.22314355131420976,0.7573823450532478
RandomForest,RandomKFold,1,662,random_fold,2.3832429960115,2.1634739077639167
RandomForest,RandomKFold,1,670,random_fold,2.1815467646169897,2.140059387711035
RandomForest,RandomKFold,1,671,random_fold,1.9754689512968577,2.0234345817631825
RandomForest,RandomKFold,1,698,random_fold,3.6000482404073204,3.703406697972022
RandomForest,RandomKFold,1,705,random_fold,4.8779416457041185,4.65706546332553
RandomForest,RandomKFold,1,706,random_fold,4.855228269843183,4.644898533871157
RandomForest,RandomKFold,1,711,random_fold,0.9669838461896731,0.16602747001641993
RandomForest,RandomKFold,1,717,random_fold,0.47000362924573563,-0.20809133147723577
RandomForest,RandomKFold,1,724,random_fold,1.0224509277025455,1.0474796384049188
RandomForest,RandomKFold,1,727,random_fold,1.1817271953786161,1.1038924735693811
RandomForest,RandomKFold,1,752,random_fold,2.772588722239781,2.738362218946461
RandomForest,RandomKFold,1,758,random_fold,2.4840729690394228,2.5057234107532973
RandomForest,RandomKFold,1,759,random_fold,2.4397349311412793,2.418309340410268
RandomForest,RandomKFold,1,790,random_fold,0.5247285289349821,0.5285415500627131
RandomForest,RandomKFold,1,798,random_fold,2.750470916986162,2.7306681937967627
RandomForest,RandomKFold,1,799,random_fold,2.691243082785829,2.804715745119877
RandomForest,RandomKFold,1,800,random_fold,2.5680215564985067,2.795191503991281
RandomForest,RandomKFold,2,2,random_fold,1.9530276168241774,1.9614431806301138
RandomForest,RandomKFold,2,7,random_fold,1.922787731634459,1.9281627368139238
RandomForest,RandomKFold,2,10,random_fold,1.8531680973566984,1.7973117567102848
RandomForest,RandomKFold,2,29,random_fold,3.232778730037192,3.18086464886309
RandomForest,RandomKFold,2,54,random_fold,2.191653532286764,2.18386812182125
RandomForest,RandomKFold,2,72,random_fold,1.7850704810772584,1.7866138173091746
RandomForest,RandomKFold,2,76,random_fold,1.2584609896100056,1.4562065271759774
RandomForest,RandomKFold,2,77,random_fold,0.6043159668533296,1.0256877410753058
RandomForest,RandomKFold,2,81,random_fold,2.192770226986839,2.1890441090068653
RandomForest,RandomKFold,2,84,random_fold,2.1174596088673567,2.1166500390564322
RandomForest,RandomKFold,2,97,random_fold,2.178155014615869,2.18351559418579
RandomForest,RandomKFold,2,101,random_fold,2.1102132003465894,2.1147589682157673
RandomForest,RandomKFold,2,110,random_fold,1.5748464676644813,1.5806468512531613
RandomForest,RandomKFold,2,118,random_fold,2.057962510002712,2.0859953351559923
RandomForest,RandomKFold,2,198,random_fold,3.624340932976365,3.569853292154798
RandomForest,RandomKFold,2,211,random_fold,2.3174737054877963,2.278583257354045
RandomForest,RandomKFold,2,212,random_fold,2.2027647577118348,2.278583257354045
RandomForest,RandomKFold,2,213,random_fold,2.344686269012681,2.2426475965258965
RandomForest,RandomKFold,2,215,random_fold,2.1815467646169897,2.1914462868270483
RandomForest,RandomKFold,2,239,random_fold,2.401525040848949,2.348329381640475
RandomForest,RandomKFold,2,250,random_fold,2.5376572151735295,2.585471488015546
RandomForest,RandomKFold,2,254,random_fold,2.392425796993835,2.4731307025395797
RandomForest,RandomKFold,2,259,random_fold,2.192770226986839,2.201161010949352
RandomForest,RandomKFold,2,281,random_fold,1.5686159179138452,1.436990765546117
RandomForest,RandomKFold,2,309,random_fold,3.1130707659712242,2.9807735016818517
RandomForest,RandomKFold,2,316,random_fold,3.190064743014081,3.3015154952251047
RandomForest,RandomKFold,2,326,random_fold,3.5776685247779345,3.483842573827311
RandomForest,RandomKFold,2,329,random_fold,3.7848712197676626,3.569278153586492
RandomForest,RandomKFold,2,334,random_fold,2.9381031607173544,2.9809855479257554
RandomForest,RandomKFold,2,338,random_fold,3.4423393249933305,3.6386084877591283
RandomForest,RandomKFold,2,344,random_fold,4.155909917880256,4.160861685060647
RandomForest,RandomKFold,2,351,random_fold,3.566429294357372,3.5906155243146176
RandomForest,RandomKFold,2,356,random_fold,3.5787855313168624,3.389340728396365
RandomForest,RandomKFold,2,363,random_fold,3.139832617527748,2.6619216172088613
RandomForest,RandomKFold,2,367,random_fold,3.5380565643793527,3.4716376037772467
RandomForest,RandomKFold,2,382,random_fold,2.7700855920216627,2.7989067683054594
RandomForest,RandomKFold,2,393,random_fold,3.121483478859551,3.3549612165265823
RandomForest,RandomKFold,2,396,random_fold,3.027715319407042,3.1279764725851242
RandomForest,RandomKFold,2,411,random_fold,3.5403794457954922,3.4044827401899234
RandomForest,RandomKFold,2,417,random_fold,1.3217558399823195,1.2991351811853313
RandomForest,RandomKFold,2,420,random_fold,4.548599834499697,4.2775428564072175
RandomForest,RandomKFold,2,425,random_fold,4.529907701487544,4.495398572986305
RandomForest,RandomKFold,2,447,random_fold,4.1034694699991014,4.1290620051039095
RandomForest,RandomKFold,2,462,random_fold,3.6407390787860012,3.7338131799409524
RandomForest,RandomKFold,2,481,random_fold,4.453300236649965,4.416334478446334
RandomForest,RandomKFold,2,482,random_fold,4.27332721775054,4.191562925962511
RandomForest,RandomKFold,2,483,random_fold,4.100492292808335,4.152188787986046
RandomForest,RandomKFold,2,485,random_fold,3.902578546600146,3.941416805424836
RandomForest,RandomKFold,2,494,random_fold,3.560477739309412,3.5682714654047603
RandomForest,RandomKFold,2,506,random_fold,4.179604406172924,4.1312166406823225
RandomForest,RandomKFold,2,513,random_fold,3.930648469551311,3.906605460639384
RandomForest,RandomKFold,2,517,random_fold,4.00369019395397,4.037223796993285
RandomForest,RandomKFold,2,518,random_fold,3.8199077165203406,3.977229749395688
RandomForest,RandomKFold,2,525,random_fold,3.4187098067467865,3.400317846075692
RandomForest,RandomKFold,2,534,random_fold,2.559550192783766,2.4603892329274815
RandomForest,RandomKFold,2,547,random_fold,2.2512917986064953,2.2487637205322124
RandomForest,RandomKFold,2,552,random_fold,2.2364452904895007,2.217883704575829
RandomForest,RandomKFold,2,578,random_fold,3.8588331769140267,3.822363062666033
RandomForest,RandomKFold,2,585,random_fold,2.4612967841488667,2.3979855665750116
RandomForest,RandomKFold,2,611,random_fold,3.537765824444175,3.4403760944744177
RandomForest,RandomKFold,2,622,random_fold,2.9967317738870745,2.9812917131806866
RandomForest,RandomKFold,2,625,random_fold,2.8553201198372458,2.6931616098230093
RandomForest,RandomKFold,2,631,random_fold,3.0726933146901194,3.1488240699082093
RandomForest,RandomKFold,2,648,random_fold,1.4770487243883548,1.4326526251407607
RandomForest,RandomKFold,2,649,random_fold,1.4586150226995167,1.2956237549426908
RandomForest,RandomKFold,2,658,random_fold,0.7561219797213337,0.7198948503945968
RandomForest,RandomKFold,2,666,random_fold,2.0781907597781832,2.042952954373516
RandomForest,RandomKFold,2,668,random_fold,2.2502386126218363,2.217796271693484
RandomForest,RandomKFold,2,690,random_fold,2.532902848056256,1.920514942805253
RandomForest,RandomKFold,2,709,random_fold,-0.4155154439616658,-0.05284062015090346
RandomForest,RandomKFold,2,725,random_fold,1.1184149159642893,1.0849654267910473
RandomForest,RandomKFold,2,732,random_fold,1.0188473201992472,1.0653807668987325
RandomForest,RandomKFold,2,739,random_fold,1.085189268335969,1.170488860230101
RandomForest,RandomKFold,2,740,random_fold,1.0473189942805592,1.0360655344749785
RandomForest,RandomKFold,2,741,random_fold,1.0612565021243408,1.0532834524776964
RandomForest,RandomKFold,2,748,random_fold,0.883767540168595,0.9728969105832096
RandomForest,RandomKFold,2,754,random_fold,2.7265447837383743,2.747886620736432
RandomForest,RandomKFold,2,768,random_fold,2.0515563381903004,1.908627049910309
RandomForest,RandomKFold,2,784,random_fold,1.0188473201992472,1.1358062444276942
RandomForest,RandomKFold,2,791,random_fold,0.25464221837358075,0.4261268802232049
RandomForest,RandomKFold,2,794,random_fold,0.23901690047049992,0.45352848581563343
RandomForest,RandomKFold,3,6,random_fold,1.9387416595767009,1.9199849038960415
RandomForest,RandomKFold,3,28,random_fold,3.388787361585474,3.3393223172652324
RandomForest,RandomKFold,3,44,random_fold,1.8779371654691073,1.8285111986769202
RandomForest,RandomKFold,3,55,random_fold,2.191653532286764,2.1837193738744105
RandomForest,RandomKFold,3,60,random_fold,2.018895041811802,2.0028524814299926
RandomForest,RandomKFold,3,69,random_fold,0.7839015438284094,0.8800896393720297
RandomForest,RandomKFold,3,70,random_fold,0.7839015438284094,0.8800896393720297
RandomForest,RandomKFold,3,73,random_fold,1.589235205116581,1.5660280856471576
RandomForest,RandomKFold,3,79,random_fold,2.192770226986839,2.188986855445392
RandomForest,RandomKFold,3,82,random_fold,2.1174596088673567,2.108660003379777
RandomForest,RandomKFold,3,90,random_fold,1.9459101490553132,1.946673344388595
RandomForest,RandomKFold,3,131,random_fold,0.7419373447293773,0.8235263369466059
RandomForest,RandomKFold,3,133,random_fold,1.884034745337226,1.8930732016933407
RandomForest,RandomKFold,3,135,random_fold,1.9198594718553708,1.8930732016933407
RandomForest,RandomKFold,3,136,random_fold,1.9198594718553708,1.8930732016933407
RandomForest,RandomKFold,3,140,random_fold,1.8718021769015913,1.8930732016933407
RandomForest,RandomKFold,3,145,random_fold,2.286455711064162,2.2049799694302172
RandomForest,RandomKFold,3,148,random_fold,2.254444717666111,2.243375154160313
RandomForest,RandomKFold,3,158,random_fold,2.1471001901536506,2.1342149773726753
RandomForest,RandomKFold,3,164,random_fold,1.269760544863939,1.305254818196509
RandomForest,RandomKFold,3,165,random_fold,1.2178757094949273,0.9274123147595732
RandomForest,RandomKFold,3,181,random_fold,0.23111172096338664,0.7036396643630619
RandomForest,RandomKFold,3,193,random_fold,2.180417459019838,2.1927988262639873
RandomForest,RandomKFold,3,204,random_fold,3.475067230228611,3.422691773395737
RandomForest,RandomKFold,3,220,random_fold,2.0095554142156695,1.899719897776474
RandomForest,RandomKFold,3,234,random_fold,2.125847914493992,1.9357711347462538
RandomForest,RandomKFold,3,244,random_fold,2.315501318260592,2.232736679777856
RandomForest,RandomKFold,3,247,random_fold,2.1090003439213802,1.8883343096025
RandomForest,RandomKFold,3,265,random_fold,4.183423245305645,3.893479161656698
RandomForest,RandomKFold,3,266,random_fold,3.85946575468947,3.8501096041239733
RandomForest,RandomKFold,3,285,random_fold,1.1939224684724346,1.0312256280507135
RandomForest,RandomKFold,3,290,random_fold,1.4701758451005926,1.4753186568860273
RandomForest,RandomKFold,3,291,random_fold,2.3589654264301534,2.8691430288722692
RandomForest,RandomKFold,3,294,random_fold,3.2433732964685884,3.440118838062211
RandomForest,RandomKFold,3,296,random_fold,3.3683297780365384,3.455004962729132
RandomForest,RandomKFold,3,299,random_fold,3.267284964075888,3.294481020556577
RandomForest,RandomKFold,3,306,random_fold,3.449987545831587,3.2922661776868796
RandomForest,RandomKFold,3,311,random_fold,2.848970892158587,3.1201181480608606
RandomForest,RandomKFold,3,314,random_fold,3.597860055726768,3.44032174027331
RandomForest,RandomKFold,3,319,random_fold,3.0430928449138284,3.2202905118285416
RandomForest,RandomKFold,3,331,random_fold,3.1059310658520665,3.344406959815862
RandomForest,RandomKFold,3,342,random_fold,3.9495114498391377,3.331792005672359
RandomForest,RandomKFold,3,350,random_fold,3.885679030088544,4.105305219113585
RandomForest,RandomKFold,3,352,random_fold,2.93651291389402,3.0869359977152286
RandomForest,RandomKFold,3,357,random_fold,3.349904087274605,3.346524693198991
RandomForest,RandomKFold,3,362,random_fold,2.307572634505085,3.1905145755338604
RandomForest,RandomKFold,3,380,random_fold,2.911263116927541,2.8382629401627244
RandomForest,RandomKFold,3,383,random_fold,2.8237570088141806,2.808693306775746
RandomForest,RandomKFold,3,404,random_fold,3.6041382256588457,3.5711594257109143
RandomForest,RandomKFold,3,409,random_fold,3.4989288701554906,3.50831147073376
RandomForest,RandomKFold,3,423,random_fold,4.491441420659749,4.565864207413975
RandomForest,RandomKFold,3,429,random_fold,4.297285406218791,4.373370457816584
RandomForest,RandomKFold,3,442,random_fold,4.357349646961441,4.123240072995593
RandomForest,RandomKFold,3,443,random_fold,4.212868064406208,4.003258443574976
RandomForest,RandomKFold,3,444,random_fold,4.1034694699991014,4.067837452727949
RandomForest,RandomKFold,3,477,random_fold,4.418479096676194,4.405419025836777
RandomForest,RandomKFold,3,486,random_fold,3.766071949943842,3.8720942707318735
RandomForest,RandomKFold,3,507,random_fold,4.090838422892813,4.0895460755405955
RandomForest,RandomKFold,3,523,random_fold,3.0726933146901194,3.3713697683596537
RandomForest,RandomKFold,3,527,random_fold,3.4151002868311466,3.4152937937657386
RandomForest,RandomKFold,3,535,random_fold,2.468099531471619,2.4142275767672046
RandomForest,RandomKFold,3,537,random_fold,2.4344901638739844,2.41718459222736
RandomForest,RandomKFold,3,557,random_fold,2.2082744135228043,2.1942394347620673
RandomForest,RandomKFold,3,558,random_fold,2.1972245773362196,2.1430011061466994
RandomForest,RandomKFold,3,567,random_fold,3.711618941083426,3.7124718661936646
RandomForest,RandomKFold,3,572,random_fold,3.6184569898173904,3.6531113975875478
RandomForest,RandomKFold,3,579,random_fold,3.802654468372781,3.737947351913765
RandomForest,RandomKFold,3,589,random_fold,2.3933394562625097,2.416619348481815
RandomForest,RandomKFold,3,605,random_fold,2.4069451083182885,2.3452870133662866
RandomForest,RandomKFold,3,610,random_fold,3.535145354171894,3.538942635975603
RandomForest,RandomKFold,3,628,random_fold,3.1450139762697455,3.1349319855321274
RandomForest,RandomKFold,3,635,random_fold,2.9601050959108397,3.170363618569105
RandomForest,RandomKFold,3,693,random_fold,3.996364153861897,3.8890729757189697
RandomForest,RandomKFold,3,695,random_fold,3.8958936234982624,3.8267947562241393
RandomForest,RandomKFold,3,719,random_fold,0.959350221334602,0.5802546481302525
RandomForest,RandomKFold,3,723,random_fold,1.0296194171811581,1.0449981613667407
RandomForest,RandomKFold,3,734,random_fold,1.0715836162801904,1.121396918905136
RandomForest,RandomKFold,3,742,random_fold,1.1184149159642893,1.0380746251080064
RandomForest,RandomKFold,3,761,random_fold,2.3085671646715933,2.3376943432956745
RandomForest,RandomKFold,3,765,random_fold,2.1587147225743437,2.021458957659324
RandomForest,RandomKFold,3,781,random_fold,3.3648791189880436,3.2985736738052864
RandomForest,RandomKFold,4,11,random_fold,1.8453002361560848,1.5970812840108848
RandomForest,RandomKFold,4,18,random_fold,3.586292865338835,3.3076328049466697
RandomForest,RandomKFold,4,24,random_fold,3.349904087274605,3.1710738843999504
RandomForest,RandomKFold,4,41,random_fold,2.122261538862764,1.6747957770799633
RandomForest,RandomKFold,4,42,random_fold,2.122261538862764,1.6747957770799633
RandomForest,RandomKFold,4,43,random_fold,1.8779371654691073,1.3334223244818715
RandomForest,RandomKFold,4,51,random_fold,0.883767540168595,0.8928056296252985
RandomForest,RandomKFold,4,56,random_fold,2.1150499691472033,2.1233422859644056
RandomForest,RandomKFold,4,61,random_fold,2.018895041811802,2.002711800690289
RandomForest,RandomKFold,4,74,random_fold,1.589235205116581,1.5943258782181648
RandomForest,RandomKFold,4,83,random_fold,2.1174596088673567,2.115085285502384
RandomForest,RandomKFold,4,89,random_fold,1.9459101490553132,1.9396920829392514
RandomForest,RandomKFold,4,92,random_fold,1.7119945007591924,1.6473660067775437
RandomForest,RandomKFold,4,104,random_fold,2.0068708488450007,2.0089422228346274
RandomForest,RandomKFold,4,108,random_fold,1.9065751436566365,1.9118612724233417
RandomForest,RandomKFold,4,114,random_fold,1.2837077723447896,1.2766968639015863
RandomForest,RandomKFold,4,132,random_fold,0.7419373447293773,0.8227241166929699
RandomForest,RandomKFold,4,163,random_fold,1.3428648031925547,1.288265075296277
RandomForest,RandomKFold,4,167,random_fold,1.2383742310432684,1.1740956240725993
RandomForest,RandomKFold,4,176,random_fold,1.425515074273172,1.4126010510837472
RandomForest,RandomKFold,4,177,random_fold,1.4655675420143985,1.3900631678262438
RandomForest,RandomKFold,4,178,random_fold,1.4327007339340465,1.3733186968058468
RandomForest,RandomKFold,4,182,random_fold,2.0541237336955462,2.2100101954771527
RandomForest,RandomKFold,4,223,random_fold,2.516889695641051,2.5714322564624505
RandomForest,RandomKFold,4,248,random_fold,1.891604804197771,2.002124420551995
RandomForest,RandomKFold,4,257,random_fold,2.1972245773362196,2.4235469462492305
RandomForest,RandomKFold,4,260,random_fold,2.0769384114617173,2.300843782451387
RandomForest,RandomKFold,4,264,random_fold,4.0975062255596795,3.940343715471647
RandomForest,RandomKFold,4,275,random_fold,2.9801108926510342,2.9355341536556914
RandomForest,RandomKFold,4,286,random_fold,1.2383742310432684,1.0626896257484526
RandomForest,RandomKFold,4,302,random_fold,3.367640598133313,3.226703442665613
RandomForest,RandomKFold,4,333,random_fold,3.1315734964654043,3.207744230060634
RandomForest,RandomKFold,4,336,random_fold,4.06009812349351,3.8216479647896504
RandomForest,RandomKFold,4,346,random_fold,4.079569276639947,3.9850650337951468
RandomForest,RandomKFold,4,355,random_fold,2.72785282839839,2.7195885351709754
RandomForest,RandomKFold,4,360,random_fold,3.5681232529781366,3.1538131306902324
RandomForest,RandomKFold,4,365,random_fold,3.0469005601283903,3.036307100087443
RandomForest,RandomKFold,4,377,random_fold,3.2136622578153133,3.104546238729244
RandomForest,RandomKFold,4,412,random_fold,3.4697901731277674,3.333291617910193
RandomForest,RandomKFold,4,426,random_fold,4.409763389645481,4.473370678985923
RandomForest,RandomKFold,4,428,random_fold,4.248495242049359,4.251085774711069
RandomForest,RandomKFold,4,432,random_fold,4.114963849424837,4.200619822851136
RandomForest,RandomKFold,4,433,random_fold,4.45143608604605,4.576083265694979
RandomForest,RandomKFold,4,434,random_fold,4.388257184424518,4.2773873835751
RandomForest,RandomKFold,4,439,random_fold,4.430816798843313,4.331138955191563
RandomForest,RandomKFold,4,445,random_fold,4.1034694699991014,4.180942855329431
RandomForest,RandomKFold,4,448,random_fold,4.1034694699991014,4.110488797678105
RandomForest,RandomKFold,4,450,random_fold,4.366278277705742,4.098688570766834
RandomForest,RandomKFold,4,464,random_fold,3.6407390787860012,3.6393840166178077
RandomForest,RandomKFold,4,473,random_fold,4.370712874773608,4.281935926681861
RandomForest,RandomKFold,4,490,random_fold,3.998017198595007,4.1438801045056985
RandomForest,RandomKFold,4,495,random_fold,3.2913825156549485,3.213840503766869
RandomForest,RandomKFold,4,497,random_fold,3.436564525499447,3.432758323398184
RandomForest,RandomKFold,4,499,random_fold,3.708682081410116,3.585309269826591
RandomForest,RandomKFold,4,521,random_fold,3.66612246699132,4.08380703083322
RandomForest,RandomKFold,4,531,random_fold,1.2029723039923526,1.5168207367200521
RandomForest,RandomKFold,4,533,random_fold,2.612273245708441,2.528831634984467
RandomForest,RandomKFold,4,538,random_fold,2.3841650799864684,2.21273609485231
RandomForest,RandomKFold,4,542,random_fold,2.435366204227864,2.3236400069737373
RandomForest,RandomKFold,4,549,random_fold,2.28949985344539,2.24009762262548
RandomForest,RandomKFold,4,571,random_fold,3.6901286735143684,3.7595958427598326
RandomForest,RandomKFold,4,587,random_fold,2.4714836294558595,2.4594437515221923
RandomForest,RandomKFold,4,594,random_fold,2.479894107964456,2.4509079350127645
RandomForest,RandomKFold,4,616,random_fold,3.494384096388273,3.498593460508622
RandomForest,RandomKFold,4,617,random_fold,3.4461707473048864,3.434469467709894
RandomForest,RandomKFold,4,630,random_fold,3.1578511230304263,3.137878365098922
RandomForest,RandomKFold,4,644,random_fold,1.965712776351493,1.8305887412966106
RandomForest,RandomKFold,4,650,random_fold,1.1184149159642893,0.7792181803308639
RandomForest,RandomKFold,4,651,random_fold,0.959350221334602,0.6062626584149261
RandomForest,RandomKFold,4,656,random_fold,1.589235205116581,1.647568765284558
RandomForest,RandomKFold,4,692,random_fold,1.7544036826842861,1.833658313079351
RandomForest,RandomKFold,4,696,random_fold,3.899950424193877,3.8401606934413826
RandomForest,RandomKFold,4,707,random_fold,4.664853188149265,4.58691749701572
RandomForest,RandomKFold,4,714,random_fold,1.0715836162801904,1.131498716047943
RandomForest,RandomKFold,4,737,random_fold,0.9242589015233319,0.8699147975929982
RandomForest,RandomKFold,4,738,random_fold,1.1085626195212777,1.1535845852223803
RandomForest,RandomKFold,4,753,random_fold,2.739548868161581,2.7540309283411633
RandomForest,RandomKFold,4,764,random_fold,2.089391872533004,2.0941866126318542
RandomForest,RandomKFold,4,771,random_fold,4.850153503906757,4.822869590548171
RandomForest,RandomKFold,4,780,random_fold,3.395514598526657,3.2445369561009283
RandomForest,RandomKFold,4,802,random_fold,2.784393767689544,2.8533359377259813
RandomForest,RandomKFold,5,0,random_fold,1.9530276168241774,1.9480871984315076
RandomForest,RandomKFold,5,3,random_fold,1.9600947840472698,1.9456385890974497
RandomForest,RandomKFold,5,9,random_fold,1.843719208158766,1.7971419099800674
RandomForest,RandomKFold,5,15,random_fold,2.3513752571634776,2.475651337814674
RandomForest,RandomKFold,5,22,random_fold,3.6584202466292277,3.552258159062123
RandomForest,RandomKFold,5,46,random_fold,2.122261538862764,2.1228847910829147
RandomForest,RandomKFold,5,68,random_fold,0.7839015438284094,0.8871782681225417
RandomForest,RandomKFold,5,75,random_fold,1.2584609896100056,1.4290841358526654
RandomForest,RandomKFold,5,88,random_fold,1.9459101490553132,1.933627713104534
RandomForest,RandomKFold,5,93,random_fold,1.7119945007591924,1.654455671861607
RandomForest,RandomKFold,5,116,random_fold,2.1644717908644115,2.1717898278428853
RandomForest,RandomKFold,5,117,random_fold,2.1644717908644115,2.1717898278428853
RandomForest,RandomKFold,5,125,random_fold,1.7698546338400052,1.8411865306287958
RandomForest,RandomKFold,5,144,random_fold,2.254444717666111,2.290981582344127
RandomForest,RandomKFold,5,153,random_fold,2.162172939277301,2.1703412862280573
RandomForest,RandomKFold,5,184,random_fold,2.064327903869788,2.015365201525932
RandomForest,RandomKFold,5,188,random_fold,1.6770965609079151,1.7812663898507366
RandomForest,RandomKFold,5,203,random_fold,3.497718948652777,3.500077579647393
RandomForest,RandomKFold,5,221,random_fold,2.768204123921957,2.601225897726275
RandomForest,RandomKFold,5,228,random_fold,2.2793164660546914,2.3517530539269793
RandomForest,RandomKFold,5,236,random_fold,2.5930133911138515,2.494012385627679
RandomForest,RandomKFold,5,237,random_fold,2.3350522831315472,2.3952426873054353
RandomForest,RandomKFold,5,238,random_fold,2.448415541205585,2.3952426873054353
RandomForest,RandomKFold,5,249,random_fold,2.590767040487478,2.535504279376869
RandomForest,RandomKFold,5,256,random_fold,2.3085671646715933,2.433364377654032
RandomForest,RandomKFold,5,268,random_fold,4.039360253889341,4.049585805892
RandomForest,RandomKFold,5,271,random_fold,3.4391352210025476,3.5066525333766076
RandomForest,RandomKFold,5,274,random_fold,2.87976009730157,2.769277122943697
RandomForest,RandomKFold,5,277,random_fold,2.775708849576025,2.9064420598257494
RandomForest,RandomKFold,5,278,random_fold,2.643333886382519,2.9655230316437318
RandomForest,RandomKFold,5,284,random_fold,0.7608058290337602,0.7848314889154426
RandomForest,RandomKFold,5,289,random_fold,0.14842000511827322,0.8887210240322915
RandomForest,RandomKFold,5,307,random_fold,3.339676525013905,3.232658811916958
RandomForest,RandomKFold,5,310,random_fold,3.440097530619712,3.3257704237615773
RandomForest,RandomKFold,5,318,random_fold,3.2902658209548736,3.1639255470474272
RandomForest,RandomKFold,5,324,random_fold,3.9577608971019997,3.995391890326461
RandomForest,RandomKFold,5,340,random_fold,3.3975239762958465,3.691998889186426
RandomForest,RandomKFold,5,349,random_fold,3.6136169696133895,3.863311307085615
RandomForest,RandomKFold,5,361,random_fold,3.475067230228611,3.016499958513763
RandomForest,RandomKFold,5,369,random_fold,3.4995332823830174,3.2609333886274605
RandomForest,RandomKFold,5,398,random_fold,3.0619880693310564,3.0317116088762925
RandomForest,RandomKFold,5,405,random_fold,3.5553480614894135,3.5847744689245666
RandomForest,RandomKFold,5,422,random_fold,4.637153231841142,4.411283848731208
RandomForest,RandomKFold,5,436,random_fold,3.9740583963475986,4.205020446335933
RandomForest,RandomKFold,5,453,random_fold,3.9930498440705193,4.002065068985169
RandomForest,RandomKFold,5,457,random_fold,3.9207845110967185,3.9295029549480507
RandomForest,RandomKFold,5,465,random_fold,3.7697679578472747,3.7512408851966375
RandomForest,RandomKFold,5,467,random_fold,3.6407390787860012,3.7183885400792787
RandomForest,RandomKFold,5,493,random_fold,4.124388683570477,3.7493879857587604
RandomForest,RandomKFold,5,500,random_fold,3.636269503841639,3.6206106865970584
RandomForest,RandomKFold,5,514,random_fold,3.883623530906448,3.9337021204382383
RandomForest,RandomKFold,5,516,random_fold,4.053522567701846,4.075607008088464
RandomForest,RandomKFold,5,530,random_fold,1.4036429994545037,1.5535739555353667
RandomForest,RandomKFold,5,532,random_fold,2.642622395779755,2.7118167880512587
RandomForest,RandomKFold,5,543,random_fold,2.2617630984737906,2.3433467320802728
RandomForest,RandomKFold,5,554,random_fold,2.2364452904895007,2.2322801376740484
RandomForest,RandomKFold,5,569,random_fold,3.8588331769140267,3.9240665243752693
RandomForest,RandomKFold,5,570,random_fold,3.773220602547687,3.8501458455104993
RandomForest,RandomKFold,5,580,random_fold,3.7428940424201746,3.63341706862055
RandomForest,RandomKFold,5,581,random_fold,2.5079719227189963,2.492738553551562
RandomForest,RandomKFold,5,583,random_fold,2.4782176616372036,2.4769611367521693
RandomForest,RandomKFold,5,588,random_fold,2.424802725718295,2.4204927217799925
RandomForest,RandomKFold,5,613,random_fold,3.1834558796369405,3.2567747219015604
RandomForest,RandomKFold,5,624,random_fold,2.913437030827161,2.8774800688738797
RandomForest,RandomKFold,5,629,random_fold,3.1867657709499673,3.1204759539778775
RandomForest,RandomKFold,5,633,random_fold,3.1424266527047946,3.1204759539778775
RandomForest,RandomKFold,5,641,random_fold,0.8878912573524571,0.8351020103360399
RandomForest,RandomKFold,5,652,random_fold,1.6448050562713916,1.7878754418822702
RandomForest,RandomKFold,5,653,random_fold,1.4445632692438664,1.44515489091513
RandomForest,RandomKFold,5,664,random_fold,2.145931282948669,2.2199386879808247
RandomForest,RandomKFold,5,669,random_fold,2.162172939277301,2.1849616988322187
RandomForest,RandomKFold,5,675,random_fold,1.7083778602890038,2.1105400911951517
RandomForest,RandomKFold,5,678,random_fold,1.9851308622085946,2.144659661943819
RandomForest,RandomKFold,5,685,random_fold,1.851599469584072,1.8287728178409868
RandomForest,RandomKFold,5,694,random_fold,3.9627161197436642,3.893577234175961
RandomForest,RandomKFold,5,704,random_fold,5.084938485288739,4.648523451489667
RandomForest,RandomKFold,5,730,random_fold,1.1631508098056809,1.1288994496819453
RandomForest,RandomKFold,5,783,random_fold,1.0296194171811581,1.031870384164472
RandomForest,RandomKFold,5,788,random_fold,0.6418538861723947,0.6420281575005938
RandomForest,RandomKFold,5,795,random_fold,3.0081547935525483,2.9037899432539698
RandomForest,RandomKFold,6,12,random_fold,2.714694743820879,2.9542154017973337
RandomForest,RandomKFold,6,17,random_fold,2.151762203259462,2.4593090472165913
RandomForest,RandomKFold,6,19,random_fold,3.6454498961866,3.3357903303554384
RandomForest,RandomKFold,6,25,random_fold,3.3141860046725258,3.305290146580517
RandomForest,RandomKFold,6,38,random_fold,2.244955980157409,2.170402459368902
RandomForest,RandomKFold,6,50,random_fold,1.5602476682433286,1.518790227464852
RandomForest,RandomKFold,6,57,random_fold,2.1150499691472033,2.1223621379905113
RandomForest,RandomKFold,6,59,random_fold,2.018895041811802,2.0043160317981545
RandomForest,RandomKFold,6,100,random_fold,2.1102132003465894,2.1154187131966204
RandomForest,RandomKFold,6,107,random_fold,1.9065751436566365,1.9079121273829787
RandomForest,RandomKFold,6,113,random_fold,1.2837077723447896,1.2618826922197388
RandomForest,RandomKFold,6,124,random_fold,1.7698546338400052,1.8912753495642887
RandomForest,RandomKFold,6,126,random_fold,1.7698546338400052,1.8912753495642887
RandomForest,RandomKFold,6,127,random_fold,1.4085449700547104,1.44583825087577
RandomForest,RandomKFold,6,141,random_fold,3.653511310276145,3.531510048301809
RandomForest,RandomKFold,6,142,random_fold,3.402196881995239,3.250104686742975
RandomForest,RandomKFold,6,149,random_fold,2.187174241482718,2.2517895338631946
RandomForest,RandomKFold,6,154,random_fold,2.1041341542702074,2.1731971630687754
RandomForest,RandomKFold,6,169,random_fold,1.0612565021243408,1.216560759876811
RandomForest,RandomKFold,6,172,random_fold,1.6448050562713916,1.7915335048720948
RandomForest,RandomKFold,6,173,random_fold,1.6448050562713916,1.7915335048720948
RandomForest,RandomKFold,6,175,random_fold,1.589235205116581,1.6511409789340414
RandomForest,RandomKFold,6,179,random_fold,1.1908875647772805,1.3296121444021005
RandomForest,RandomKFold,6,185,random_fold,1.9286186519452522,1.9907731933077122
RandomForest,RandomKFold,6,195,random_fold,1.9685099809725544,2.118074721819637
RandomForest,RandomKFold,6,222,random_fold,2.6239436918052106,2.6575625641616463
RandomForest,RandomKFold,6,245,random_fold,2.2126603854660587,2.0591723147664287
RandomForest,RandomKFold,6,261,random_fold,2.0294631718735947,2.2069956414865977
RandomForest,RandomKFold,6,263,random_fold,4.212127597878484,4.09347799965742
RandomForest,RandomKFold,6,272,random_fold,3.3683297780365384,3.4379717350680252
RandomForest,RandomKFold,6,280,random_fold,1.4701758451005926,1.4697264437322264
RandomForest,RandomKFold,6,287,random_fold,0.9669838461896731,0.779180385341933
RandomForest,RandomKFold,6,298,random_fold,3.4732079176384274,3.350905877389766
RandomForest,RandomKFold,6,304,random_fold,3.4790839203192268,3.6090272838790187
RandomForest,RandomKFold,6,305,random_fold,3.4719664525503626,3.6090272838790187
RandomForest,RandomKFold,6,312,random_fold,3.6425737012374246,3.825135736480183
RandomForest,RandomKFold,6,320,random_fold,4.06457240388843,4.101554188904322
RandomForest,RandomKFold,6,321,random_fold,4.06457240388843,4.101554188904322
RandomForest,RandomKFold,6,341,random_fold,3.7140597526442347,3.6645766461928777
RandomForest,RandomKFold,6,353,random_fold,2.954910279033736,2.9501994682389605
RandomForest,RandomKFold,6,354,random_fold,2.9258461460898246,2.7343624530332846
RandomForest,RandomKFold,6,359,random_fold,3.214867803470662,3.1521935834362615
RandomForest,RandomKFold,6,370,random_fold,3.328985047548231,3.3696865688620545
RandomForest,RandomKFold,6,371,random_fold,3.0440461338325417,3.109922228194978
RandomForest,RandomKFold,6,390,random_fold,2.7093826463359885,2.6569392491360473
RandomForest,RandomKFold,6,399,random_fold,2.995732273553991,3.026652233378346
RandomForest,RandomKFold,6,407,random_fold,3.5564902660681907,3.519782196543974
RandomForest,RandomKFold,6,408,random_fold,3.5801800371905954,3.501573176223273
RandomForest,RandomKFold,6,416,random_fold,1.3480731482996928,1.3646573428396827
RandomForest,RandomKFold,6,430,random_fold,4.366278277705742,4.5035090029883325
RandomForest,RandomKFold,6,431,random_fold,4.388257184424518,4.345702530628136
RandomForest,RandomKFold,6,449,random_fold,4.1034694699991014,4.037301201605014
RandomForest,RandomKFold,6,456,random_fold,3.9930498440705193,3.996117129672016
RandomForest,RandomKFold,6,478,random_fold,4.145987795373939,4.163377162708966
RandomForest,RandomKFold,6,479,random_fold,4.312408567793012,4.457736473371537
RandomForest,RandomKFold,6,487,random_fold,3.634159241913703,3.7622949106989934
RandomForest,RandomKFold,6,501,random_fold,3.5567756134805992,3.253768332182545
RandomForest,RandomKFold,6,526,random_fold,3.4041928906419536,3.3995855547941916
RandomForest,RandomKFold,6,544,random_fold,1.308332819650179,2.3230127261824802
RandomForest,RandomKFold,6,551,random_fold,2.231089091288976,2.2396063058617193
RandomForest,RandomKFold,6,586,random_fold,2.510411940196362,2.468730752077602
RandomForest,RandomKFold,6,602,random_fold,2.517696472610991,2.529428904793614
RandomForest,RandomKFold,6,618,random_fold,3.5251833614431467,3.3986296435163603
RandomForest,RandomKFold,6,638,random_fold,1.7029282555214393,1.7770985537421373
RandomForest,RandomKFold,6,657,random_fold,1.4655675420143985,1.426140453946541
RandomForest,RandomKFold,6,667,random_fold,2.057962510002712,1.93653918944901
RandomForest,RandomKFold,6,672,random_fold,1.9300710850255671,1.909118713300992
RandomForest,RandomKFold,6,676,random_fold,1.7749523509116738,1.862043663622835
RandomForest,RandomKFold,6,680,random_fold,1.7647307968401356,1.7640245764152482
RandomForest,RandomKFold,6,718,random_fold,0.5766133643039938,0.4214271475296667
RandomForest,RandomKFold,6,722,random_fold,0.9001613499442714,0.5963237970585982
RandomForest,RandomKFold,6,743,random_fold,1.085189268335969,1.1416335064877676
RandomForest,RandomKFold,6,749,random_fold,0.8241754429663494,0.9378484670336718
RandomForest,RandomKFold,6,750,random_fold,1.0438040521731147,1.002665187040813
RandomForest,RandomKFold,6,755,random_fold,2.644044871126298,2.6616821750571957
RandomForest,RandomKFold,6,774,random_fold,4.852108385868018,4.832181038285902
RandomForest,RandomKFold,6,787,random_fold,0.7030975114131134,0.6182192195720994
RandomForest,RandomKFold,6,793,random_fold,0.44468582126144574,0.27890414819043524
RandomForest,RandomKFold,6,796,random_fold,2.876948737564024,2.767891566762646
RandomForest,RandomKFold,6,803,random_fold,2.756205242989257,2.744702465363217
RandomForest,RandomKFold,7,5,random_fold,1.9344157696295783,1.9257874709366243
RandomForest,RandomKFold,7,8,random_fold,1.8870696490323797,1.8362409548705436
RandomForest,RandomKFold,7,16,random_fold,2.451005098112319,2.6081183942475756
RandomForest,RandomKFold,7,26,random_fold,3.5145260669691587,3.4767355837085274
RandomForest,RandomKFold,7,37,random_fold,2.244955980157409,2.158872285362147
RandomForest,RandomKFold,7,45,random_fold,2.122261538862764,2.1216296354589668
RandomForest,RandomKFold,7,48,random_fold,1.9154509415706047,1.8987533122715672
RandomForest,RandomKFold,7,53,random_fold,2.191653532286764,2.1817292438555054
RandomForest,RandomKFold,7,94,random_fold,1.3711807233098425,1.3145131220748838
RandomForest,RandomKFold,7,103,random_fold,2.0068708488450007,2.0099510976040644
RandomForest,RandomKFold,7,111,random_fold,1.5748464676644813,1.573359135316027
RandomForest,RandomKFold,7,115,random_fold,2.1644717908644115,2.168113886950789
RandomForest,RandomKFold,7,119,random_fold,2.057962510002712,2.08934571721068
RandomForest,RandomKFold,7,151,random_fold,2.254444717666111,2.1946191035482254
RandomForest,RandomKFold,7,152,random_fold,2.162172939277301,2.1931716877109775
RandomForest,RandomKFold,7,157,random_fold,2.2935443483418965,2.2846683154544114
RandomForest,RandomKFold,7,162,random_fold,1.2178757094949273,1.2501866969194775
RandomForest,RandomKFold,7,171,random_fold,1.269760544863939,1.3285822800960414
RandomForest,RandomKFold,7,180,random_fold,0.7608058290337602,0.5803250549210475
RandomForest,RandomKFold,7,190,random_fold,2.2935443483418965,2.1846885372964704
RandomForest,RandomKFold,7,194,random_fold,2.0731719286662407,2.1252172389352086
RandomForest,RandomKFold,7,207,random_fold,2.5376572151735295,2.529844331893368
RandomForest,RandomKFold,7,225,random_fold,2.853015971352396,2.466848156073441
RandomForest,RandomKFold,7,226,random_fold,2.4807312783775197,2.466848156073441
RandomForest,RandomKFold,7,229,random_fold,2.6973262377392344,2.3621678916922115
RandomForest,RandomKFold,7,255,random_fold,2.432735777459091,2.342137418407713
RandomForest,RandomKFold,7,283,random_fold,0.4762341789963717,0.8744882902563903
RandomForest,RandomKFold,7,301,random_fold,3.3456846717318967,3.183430141882495
RandomForest,RandomKFold,7,322,random_fold,3.624874124138024,3.7940125458105407
RandomForest,RandomKFold,7,364,random_fold,3.065724645374026,2.4167189070738124
RandomForest,RandomKFold,7,374,random_fold,3.5049566159530077,3.497040846536637
RandomForest,RandomKFold,7,403,random_fold,3.6506582412937387,3.568922509323633
RandomForest,RandomKFold,7,419,random_fold,1.6054298910365616,1.0841381810949857
RandomForest,RandomKFold,7,421,random_fold,4.670489652108734,4.490771799593055
RandomForest,RandomKFold,7,437,random_fold,4.212868064406208,4.204379426400098
RandomForest,RandomKFold,7,468,random_fold,3.472587377748828,3.575844762132318
RandomForest,RandomKFold,7,469,random_fold,3.471345141564237,3.5762821718627213
RandomForest,RandomKFold,7,470,random_fold,3.2669037938787824,3.170472856866086
RandomForest,RandomKFold,7,480,random_fold,4.020159664032724,4.165308911106813
RandomForest,RandomKFold,7,503,random_fold,4.174541104216377,4.147846148282119
RandomForest,RandomKFold,7,511,random_fold,3.985087576285151,3.9380749288312806
RandomForest,RandomKFold,7,515,random_fold,4.0943445622221,4.140816215524607
RandomForest,RandomKFold,7,519,random_fold,3.590715205326705,3.606412145836639
RandomForest,RandomKFold,7,539,random_fold,2.4672517145492794,2.457278589942013
RandomForest,RandomKFold,7,541,random_fold,2.244955980157409,2.112782140779783
RandomForest,RandomKFold,7,545,random_fold,2.2915241456346207,2.2531923763835797
RandomForest,RandomKFold,7,575,random_fold,3.730501128804756,3.753356271534307
RandomForest,RandomKFold,7,576,random_fold,3.662792119350618,3.595695555659984
RandomForest,RandomKFold,7,584,random_fold,2.4807312783775197,2.42589648955718
RandomForest,RandomKFold,7,593,random_fold,2.2512917986064953,2.337165574305186
RandomForest,RandomKFold,7,595,random_fold,2.468099531471619,2.3039871594868924
RandomForest,RandomKFold,7,601,random_fold,2.580974118534234,2.5606209335831727
RandomForest,RandomKFold,7,608,random_fold,2.028148247292285,2.0136534938779533
RandomForest,RandomKFold,7,615,random_fold,3.3669509429335642,3.476953084029322
RandomForest,RandomKFold,7,621,random_fold,3.1654750481410856,3.400979737277596
RandomForest,RandomKFold,7,623,random_fold,2.9601050959108397,2.920450074152231
RandomForest,RandomKFold,7,634,random_fold,3.109953417644014,3.468421981456118
RandomForest,RandomKFold,7,655,random_fold,1.6789639750827108,1.651761019238249
RandomForest,RandomKFold,7,673,random_fold,1.9139771019523042,1.9018780188426063
RandomForest,RandomKFold,7,677,random_fold,1.601405740736836,1.8068412508788096
RandomForest,RandomKFold,7,688,random_fold,1.6845453849209058,1.8352159628860059
RandomForest,RandomKFold,7,697,random_fold,3.7376696182833684,3.6515710934749825
RandomForest,RandomKFold,7,703,random_fold,4.212720014957422,4.2416880759067
RandomForest,RandomKFold,7,712,random_fold,-1.5606477482646683,-0.1723408901369676
RandomForest,RandomKFold,7,713,random_fold,-0.12783337150988489,0.4304490827712898
RandomForest,RandomKFold,7,729,random_fold,1.1052568313867783,1.1022552290861118
RandomForest,RandomKFold,7,735,random_fold,1.0784095813505903,0.9634509858189506
RandomForest,RandomKFold,7,745,random_fold,1.0116009116784799,1.0518153507666348
RandomForest,RandomKFold,7,757,random_fold,2.5241273629412815,2.5872302307130823
RandomForest,RandomKFold,7,760,random_fold,2.498973906999436,2.557929167868648
RandomForest,RandomKFold,7,762,random_fold,2.25758772706331,2.3534345660532354
RandomForest,RandomKFold,7,766,random_fold,1.9933388426264242,2.0702841888973054
RandomForest,RandomKFold,7,770,random_fold,4.782730425680335,4.777690442675092
RandomForest,RandomKFold,7,772,random_fold,4.852108385868018,4.7725655756824334
RandomForest,RandomKFold,7,773,random_fold,4.850153503906757,4.78321365743484
RandomForest,RandomKFold,7,775,random_fold,3.490428515390098,3.386171298704393
RandomForest,RandomKFold,7,776,random_fold,3.5004392163118045,3.386171298704393
RandomForest,RandomKFold,7,777,random_fold,3.414442608412176,3.3396780761663916
RandomForest,RandomKFold,7,778,random_fold,3.4187098067467865,3.3396780761663916
RandomForest,RandomKFold,7,789,random_fold,0.5538851132264376,0.624594223464603
RandomForest,RandomKFold,8,36,random_fold,1.9401794743463283,1.8720137322968942
RandomForest,RandomKFold,8,112,random_fold,1.2837077723447896,1.262545013871399
RandomForest,RandomKFold,8,122,random_fold,1.9530276168241774,1.9779209707847107
RandomForest,RandomKFold,8,123,random_fold,1.9530276168241774,1.9779209707847107
RandomForest,RandomKFold,8,129,random_fold,1.4085449700547104,1.4514415600228636
RandomForest,RandomKFold,8,143,random_fold,2.322387720290225,2.274104332467228
RandomForest,RandomKFold,8,146,random_fold,2.2321626286975,2.2401537874909025
RandomForest,RandomKFold,8,147,random_fold,2.329227023940467,2.2401537874909025
RandomForest,RandomKFold,8,150,random_fold,2.2049722641270453,2.2166214025788222
RandomForest,RandomKFold,8,183,random_fold,2.0541237336955462,2.208965083854052
RandomForest,RandomKFold,8,186,random_fold,1.7850704810772584,1.9455577345108601
RandomForest,RandomKFold,8,197,random_fold,1.8468787684491346,1.997074783141046
RandomForest,RandomKFold,8,202,random_fold,3.2824138456721883,3.3413952324633827
RandomForest,RandomKFold,8,219,random_fold,1.6937790608678513,2.0468462514792694
RandomForest,RandomKFold,8,224,random_fold,2.5733752977756086,2.5397216326158336
RandomForest,RandomKFold,8,232,random_fold,2.102913897864978,2.1970076586431153
RandomForest,RandomKFold,8,233,random_fold,1.9080599249242156,2.106455430262445
RandomForest,RandomKFold,8,246,random_fold,1.9712993830601329,2.1708839326108462
RandomForest,RandomKFold,8,253,random_fold,2.4865719291070616,2.4059642687679657
RandomForest,RandomKFold,8,258,random_fold,2.589266665112243,2.211888834820283
RandomForest,RandomKFold,8,262,random_fold,2.1736147116970854,2.116376274013669
RandomForest,RandomKFold,8,267,random_fold,4.089834406744215,4.089572428657313
RandomForest,RandomKFold,8,279,random_fold,2.567254391136754,2.764399961223824
RandomForest,RandomKFold,8,282,random_fold,1.085189268335969,1.1590420027687838
RandomForest,RandomKFold,8,293,random_fold,2.5862591440482876,2.616772813659714
RandomForest,RandomKFold,8,297,random_fold,3.4732079176384274,3.3904074449432096
RandomForest,RandomKFold,8,303,random_fold,3.3565486299932736,3.2607264733464194
RandomForest,RandomKFold,8,317,random_fold,3.206398303357088,3.3247628035343655
RandomForest,RandomKFold,8,325,random_fold,4.013676659154646,3.960451172591366
RandomForest,RandomKFold,8,347,random_fold,4.1893516658004355,4.115039047664301
RandomForest,RandomKFold,8,348,random_fold,4.053696163744291,4.023199317404207
RandomForest,RandomKFold,8,358,random_fold,3.3690184832979204,3.287992443113318
RandomForest,RandomKFold,8,373,random_fold,3.339321977944068,3.2677416301397675
RandomForest,RandomKFold,8,376,random_fold,3.5004392163118045,3.497107087549704
RandomForest,RandomKFold,8,384,random_fold,2.8524391037275145,2.7867555426507766
RandomForest,RandomKFold,8,386,random_fold,2.65745841498615,2.6223131227926495
RandomForest,RandomKFold,8,400,random_fold,3.0368742168851663,2.9919747438469693
RandomForest,RandomKFold,8,402,random_fold,2.9090844668283187,2.966345241498193
RandomForest,RandomKFold,8,410,random_fold,3.537765824444175,3.4311500239535855
RandomForest,RandomKFold,8,414,random_fold,3.629660094453965,3.72894461782281
RandomForest,RandomKFold,8,415,random_fold,1.8562979903656263,1.8311009822323983
RandomForest,RandomKFold,8,438,random_fold,4.311470041210748,4.133703523617718
RandomForest,RandomKFold,8,441,random_fold,4.311470041210748,4.056485085523543
RandomForest,RandomKFold,8,452,random_fold,3.9930498440705193,4.017352676281621
RandomForest,RandomKFold,8,463,random_fold,3.7697679578472747,3.8104740677962323
RandomForest,RandomKFold,8,472,random_fold,4.405010471064257,4.427844638883897
RandomForest,RandomKFold,8,488,random_fold,4.233961566558017,4.146939762150548
RandomForest,RandomKFold,8,496,random_fold,3.565298392342582,3.565268885767928
RandomForest,RandomKFold,8,505,random_fold,4.152613470346076,4.140600183578775
RandomForest,RandomKFold,8,509,random_fold,4.015301354881648,4.062529480664131
RandomForest,RandomKFold,8,550,random_fold,2.2731562823032334,2.2700095712580417
RandomForest,RandomKFold,8,582,random_fold,2.488234439880675,2.4902572359076163
RandomForest,RandomKFold,8,590,random_fold,2.4553061800117097,2.417574748547277
RandomForest,RandomKFold,8,591,random_fold,2.412335956953165,2.413537071686989
RandomForest,RandomKFold,8,604,random_fold,2.4765384001174837,2.478740920345022
RandomForest,RandomKFold,8,607,random_fold,2.150598735996164,2.3269328360711774
RandomForest,RandomKFold,8,609,random_fold,1.9726911717329554,2.0348196993420946
RandomForest,RandomKFold,8,620,random_fold,3.080532875246456,3.242819140403099
RandomForest,RandomKFold,8,626,random_fold,3.1978564576441255,3.2992732208691185
RandomForest,RandomKFold,8,627,random_fold,3.1642084235258925,3.1398215940816407
RandomForest,RandomKFold,8,632,random_fold,3.1041381473977774,3.14143667375561
RandomForest,RandomKFold,8,636,random_fold,1.9726911717329554,1.8729862048577488
RandomForest,RandomKFold,8,637,random_fold,1.922787731634459,1.786789568976723
RandomForest,RandomKFold,8,639,random_fold,1.6486586255873816,1.3981442950314038
RandomForest,RandomKFold,8,640,random_fold,1.4883995840570443,1.1860525633884853
RandomForest,RandomKFold,8,665,random_fold,2.0955609235597192,2.26678457846965
RandomForest,RandomKFold,8,679,random_fold,1.9906103279732201,1.7684772815435799
RandomForest,RandomKFold,8,687,random_fold,1.7457155307266483,1.8376636275788136
RandomForest,RandomKFold,8,715,random_fold,1.1019400787607843,1.1182010262819968
RandomForest,RandomKFold,8,716,random_fold,-0.08338160893905101,0.7346265389662318
RandomForest,RandomKFold,8,721,random_fold,1.0224509277025455,0.9842819996524829
RandomForest,RandomKFold,8,728,random_fold,1.199964782928397,1.1359590430321314
RandomForest,RandomKFold,8,731,random_fold,1.1378330018213911,1.1356415694373574
RandomForest,RandomKFold,8,733,random_fold,1.0885619528146082,1.03405481579236
RandomForest,RandomKFold,8,736,random_fold,1.0784095813505903,0.8974527878981291
RandomForest,RandomKFold,8,746,random_fold,0.9631743177730056,1.0409525524796395
RandomForest,RandomKFold,8,763,random_fold,2.0881534822818573,2.0571012663056707
RandomForest,RandomKFold,8,767,random_fold,2.017566137961748,1.9252527051920396
RandomForest,RandomKFold,8,779,random_fold,3.4339872044851463,3.357803984970283
RandomForest,RandomKFold,8,785,random_fold,0.6931471805599453,0.7148981006687628
RandomForest,RandomKFold,9,4,random_fold,1.9487632180377197,1.9288681185605754
RandomForest,RandomKFold,9,14,random_fold,2.312535423847214,2.477157844568701
RandomForest,RandomKFold,9,27,random_fold,3.4654233539614268,3.3554155199031364
RandomForest,RandomKFold,9,32,random_fold,2.248128907197987,2.2464495822252704
RandomForest,RandomKFold,9,35,random_fold,1.9401794743463283,1.8824212028287381
RandomForest,RandomKFold,9,40,random_fold,2.21046980408624,2.079851815666396
RandomForest,RandomKFold,9,47,random_fold,1.9154509415706047,1.896749394505609
RandomForest,RandomKFold,9,52,random_fold,0.883767540168595,0.8427159283173526
RandomForest,RandomKFold,9,62,random_fold,1.891604804197771,1.896749394505609
RandomForest,RandomKFold,9,64,random_fold,1.891604804197771,1.896749394505609
RandomForest,RandomKFold,9,85,random_fold,2.020222182019865,2.0149230264998312
RandomForest,RandomKFold,9,95,random_fold,1.3711807233098425,1.3227138533504708
RandomForest,RandomKFold,9,98,random_fold,2.178155014615869,2.183485129097683
RandomForest,RandomKFold,9,128,random_fold,1.4085449700547104,1.4311214016412463
RandomForest,RandomKFold,9,134,random_fold,1.884034745337226,1.896749394505609
RandomForest,RandomKFold,9,138,random_fold,1.8961194845522977,1.896749394505609
RandomForest,RandomKFold,9,156,random_fold,2.048982334195127,2.1010699194448206
RandomForest,RandomKFold,9,159,random_fold,2.1186622548331173,2.128694163392835
RandomForest,RandomKFold,9,170,random_fold,1.3029127521808397,1.3153595756766
RandomForest,RandomKFold,9,187,random_fold,1.8389610707123492,1.7694934865722791
RandomForest,RandomKFold,9,200,random_fold,3.507956918233689,3.4326298228971517
RandomForest,RandomKFold,9,206,random_fold,3.34779660493504,3.3386526704869364
RandomForest,RandomKFold,9,216,random_fold,2.248128907197987,2.1723800442080483
RandomForest,RandomKFold,9,217,random_fold,2.1713368063840917,2.0491635982752783
RandomForest,RandomKFold,9,230,random_fold,2.3532782073095637,2.5214731112635014
RandomForest,RandomKFold,9,240,random_fold,2.3194422100604686,2.383023427341121
RandomForest,RandomKFold,9,242,random_fold,2.3617969526258915,2.2930684471925176
RandomForest,RandomKFold,9,251,random_fold,2.4664031782234406,2.5219633399794965
RandomForest,RandomKFold,9,269,random_fold,3.931041011263908,3.9781302571628405
RandomForest,RandomKFold,9,288,random_fold,0.8919980393051105,0.802911724806803
RandomForest,RandomKFold,9,295,random_fold,3.3013770463799443,3.40889165843437
RandomForest,RandomKFold,9,337,random_fold,3.786913194385302,3.936879385332477
RandomForest,RandomKFold,9,378,random_fold,3.9627161197436642,3.8743542245930342
RandomForest,RandomKFold,9,379,random_fold,3.772071045000701,3.5609868032870953
RandomForest,RandomKFold,9,391,random_fold,2.5289235352047745,2.4956699827515405
RandomForest,RandomKFold,9,392,random_fold,1.144222799920162,2.4582237837206136
RandomForest,RandomKFold,9,397,random_fold,3.0368742168851663,3.0692483612341754
RandomForest,RandomKFold,9,406,random_fold,3.5403794457954922,3.5407706800430065
RandomForest,RandomKFold,9,418,random_fold,1.3217558399823195,1.3402418457978373
RandomForest,RandomKFold,9,455,random_fold,3.9930498440705193,4.070969718322365
RandomForest,RandomKFold,9,460,random_fold,3.9930498440705193,4.0062151240661255
RandomForest,RandomKFold,9,461,random_fold,3.817712325956905,3.8645281455143405
RandomForest,RandomKFold,9,471,random_fold,2.9496883350525844,3.361819761024628
RandomForest,RandomKFold,9,489,random_fold,3.9527809979003137,3.881885288679241
RandomForest,RandomKFold,9,492,random_fold,4.360292142527875,4.16789117043304
RandomForest,RandomKFold,9,498,random_fold,3.4339872044851463,3.409877543351196
RandomForest,RandomKFold,9,502,random_fold,3.418054498728578,3.49295539974558
RandomForest,RandomKFold,9,520,random_fold,3.093312601892855,3.4459812557306395
RandomForest,RandomKFold,9,524,random_fold,3.4255647381104497,3.4412955896920354
RandomForest,RandomKFold,9,540,random_fold,2.3896797998449792,2.393098483982744
RandomForest,RandomKFold,9,546,random_fold,2.262804222982201,2.2441867942635128
RandomForest,RandomKFold,9,553,random_fold,2.1972245773362196,2.2317548105163385
RandomForest,RandomKFold,9,556,random_fold,2.194999882314108,2.171751306639842
RandomForest,RandomKFold,9,563,random_fold,2.061786606441115,2.004268297642275
RandomForest,RandomKFold,9,573,random_fold,3.8975183192252643,3.867261686453761
RandomForest,RandomKFold,9,574,random_fold,3.7918872041881655,3.8347034817641066
RandomForest,RandomKFold,9,577,random_fold,3.934957976710642,3.897903639156069
RandomForest,RandomKFold,9,592,random_fold,2.33214389523559,2.4195074255631885
RandomForest,RandomKFold,9,612,random_fold,3.3867603338643857,3.367941814118277
RandomForest,RandomKFold,9,619,random_fold,3.4490347110763153,3.2709082608465
RandomForest,RandomKFold,9,642,random_fold,0.9555114450274363,0.7306562987401342
RandomForest,RandomKFold,9,645,random_fold,1.8764069432883397,1.8810815426826908
RandomForest,RandomKFold,9,647,random_fold,1.7209792871670078,1.6214633731579884
RandomForest,RandomKFold,9,654,random_fold,1.423108334242607,1.4552970310900102
RandomForest,RandomKFold,9,674,random_fold,2.175887439948088,2.188428064873391
RandomForest,RandomKFold,9,682,random_fold,2.517696472610991,2.5100765424329823
RandomForest,RandomKFold,9,683,random_fold,2.423031246069913,2.5009250837653174
RandomForest,RandomKFold,9,684,random_fold,2.377692565480851,2.4904212989554253
RandomForest,RandomKFold,9,689,random_fold,1.7833912195575383,1.8561769213932375
RandomForest,RandomKFold,9,691,random_fold,2.413231613081109,1.976484584670513
RandomForest,RandomKFold,9,701,random_fold,4.557134736949535,4.5004445069351275
RandomForest,RandomKFold,9,708,random_fold,1.1019400787607843,1.125093940197529
RandomForest,RandomKFold,9,710,random_fold,-0.7765287894989963,-0.4690175216896805
RandomForest,RandomKFold,9,720,random_fold,1.091923300517313,1.0459277259181226
RandomForest,RandomKFold,9,726,random_fold,1.2267122912954254,1.1345799381937518
RandomForest,RandomKFold,9,744,random_fold,1.000631880307906,1.079940565520367
RandomForest,RandomKFold,9,756,random_fold,2.695977619867941,2.6008970636442674
RandomForest,RandomKFold,9,782,random_fold,3.1135153092103742,3.026964345497489
RandomForest,RandomKFold,9,792,random_fold,0.4824261492442928,0.34205500324577526
RandomForest,RandomKFold,9,801,random_fold,2.6304489550786583,2.7072734952371538
RandomForest,RandomKFold,10,1,random_fold,1.9572739077056285,1.9512585232444892
RandomForest,RandomKFold,10,13,random_fold,2.7536607123542622,2.956994673094659
RandomForest,RandomKFold,10,20,random_fold,3.367295829986474,2.9192488959031913
RandomForest,RandomKFold,10,21,random_fold,3.6402142821326553,3.5470243674029924
RandomForest,RandomKFold,10,34,random_fold,2.248128907197987,2.2519643234450273
RandomForest,RandomKFold,10,58,random_fold,2.1150499691472033,2.1203585438655637
RandomForest,RandomKFold,10,71,random_fold,1.7850704810772584,1.7891386520898473
RandomForest,RandomKFold,10,80,random_fold,2.192770226986839,2.1892390981906606
RandomForest,RandomKFold,10,87,random_fold,2.020222182019865,2.0147231921201443
RandomForest,RandomKFold,10,91,random_fold,1.7119945007591924,1.6571441313741606
RandomForest,RandomKFold,10,99,random_fold,2.178155014615869,2.1837189785424633
RandomForest,RandomKFold,10,102,random_fold,2.1102132003465894,2.115596671790445
RandomForest,RandomKFold,10,105,random_fold,2.0068708488450007,2.00963540107683
RandomForest,RandomKFold,10,106,random_fold,1.9065751436566365,1.9094101306105355
RandomForest,RandomKFold,10,121,random_fold,1.9530276168241774,1.961870075886442
RandomForest,RandomKFold,10,130,random_fold,0.7419373447293773,0.8042871947147416
RandomForest,RandomKFold,10,160,random_fold,1.2267122912954254,1.5898071054270906
RandomForest,RandomKFold,10,161,random_fold,1.3987168811184478,1.5898071054270906
RandomForest,RandomKFold,10,166,random_fold,1.2809338454620642,1.1841474215583285
RandomForest,RandomKFold,10,189,random_fold,1.6074359097634274,1.7151933730291304
RandomForest,RandomKFold,10,191,random_fold,2.2935443483418965,2.188211616081737
RandomForest,RandomKFold,10,201,random_fold,3.4015306594522756,3.344349909305289
RandomForest,RandomKFold,10,205,random_fold,3.4685444551217657,3.335551928774743
RandomForest,RandomKFold,10,214,random_fold,2.1983350716202463,2.306565828776098
RandomForest,RandomKFold,10,241,random_fold,2.2027647577118348,2.3634945716554876
RandomForest,RandomKFold,10,243,random_fold,2.2213750375685026,2.301153750432727
RandomForest,RandomKFold,10,252,random_fold,2.522523513359307,2.514903108996827
RandomForest,RandomKFold,10,270,random_fold,3.891412051524022,3.921926028835076
RandomForest,RandomKFold,10,273,random_fold,2.9801108926510342,2.9294392309393085
RandomForest,RandomKFold,10,276,random_fold,2.9801108926510342,2.9092049588887847
RandomForest,RandomKFold,10,308,random_fold,2.911263116927541,3.4068368240528857
RandomForest,RandomKFold,10,313,random_fold,3.832979798087693,3.6482144631058455
RandomForest,RandomKFold,10,315,random_fold,3.711618941083426,3.484121866620038
RandomForest,RandomKFold,10,330,random_fold,3.5201649007261984,3.4392658188622587
RandomForest,RandomKFold,10,339,random_fold,3.6410013738694724,3.512973616102549
RandomForest,RandomKFold,10,343,random_fold,3.2311995745570328,3.3219743465407263
RandomForest,RandomKFold,10,345,random_fold,4.268577942166303,4.115074514965122
RandomForest,RandomKFold,10,366,random_fold,3.1245651453969594,3.027450510882886
RandomForest,RandomKFold,10,372,random_fold,3.022860940942244,3.0920767694672437
RandomForest,RandomKFold,10,385,random_fold,2.548663615590751,2.5908143333929106
RandomForest,RandomKFold,10,387,random_fold,2.6837575085331657,2.6040770342707993
RandomForest,RandomKFold,10,389,random_fold,2.714694743820879,2.4696493687750416
RandomForest,RandomKFold,10,401,random_fold,2.9559514035421466,2.9969504482022042
RandomForest,RandomKFold,10,413,random_fold,3.9793077522337423,3.844718597194613
RandomForest,RandomKFold,10,427,random_fold,4.653960350157523,4.516779974950688
RandomForest,RandomKFold,10,435,random_fold,4.388257184424518,4.340263684043437
RandomForest,RandomKFold,10,454,random_fold,3.9930498440705193,4.156373088841194
RandomForest,RandomKFold,10,458,random_fold,4.02535169073515,3.9718930433859954
RandomForest,RandomKFold,10,459,random_fold,3.817712325956905,3.809289335379922
RandomForest,RandomKFold,10,466,random_fold,3.817712325956905,3.9840792932133064
RandomForest,RandomKFold,10,474,random_fold,4.2903224454635405,4.155768532471691
RandomForest,RandomKFold,10,475,random_fold,4.207226719278773,4.111331351811604
RandomForest,RandomKFold,10,476,random_fold,4.094011173320863,4.052290664215603
RandomForest,RandomKFold,10,484,random_fold,3.9900945408483017,3.9974938158369318
RandomForest,RandomKFold,10,491,random_fold,3.6823582371236707,3.850181568559294
RandomForest,RandomKFold,10,504,random_fold,4.152613470346076,4.149670092818549
RandomForest,RandomKFold,10,508,random_fold,4.080245637842599,4.097392937762528
RandomForest,RandomKFold,10,510,random_fold,4.051958845725663,4.004408439419091
RandomForest,RandomKFold,10,555,random_fold,2.2679936482244267,2.2639796345348047
RandomForest,RandomKFold,10,560,random_fold,2.2648832258100344,2.2639796345348047
RandomForest,RandomKFold,10,561,random_fold,2.1114245875328868,2.0352923798820086
RandomForest,RandomKFold,10,562,random_fold,2.020222182019865,2.044226363905323
RandomForest,RandomKFold,10,564,random_fold,2.1138429683971682,2.0422349957946984
RandomForest,RandomKFold,10,565,random_fold,3.8366526984033693,3.903135207396258
RandomForest,RandomKFold,10,566,random_fold,3.7909846770510898,3.790626267602811
RandomForest,RandomKFold,10,600,random_fold,2.714694743820879,2.7155968416668124
RandomForest,RandomKFold,10,614,random_fold,3.597860055726768,3.51538814469786
RandomForest,RandomKFold,10,646,random_fold,1.7316555451583497,1.8882717167603733
RandomForest,RandomKFold,10,661,random_fold,2.3850863145057892,2.1988226890014198
RandomForest,RandomKFold,10,663,random_fold,2.330200260027019,2.2096072670902522
RandomForest,RandomKFold,10,681,random_fold,2.5603232890727545,2.5680030659296134
RandomForest,RandomKFold,10,686,random_fold,1.7715567619105355,1.8557997050296795
RandomForest,RandomKFold,10,699,random_fold,2.8903717578961645,3.630225391850835
RandomForest,RandomKFold,10,700,random_fold,4.65224459337402,4.643552275293187
RandomForest,RandomKFold,10,702,random_fold,4.361951470242831,4.479094621605021
RandomForest,RandomKFold,10,747,random_fold,0.9122827104766164,0.9756426455356024
RandomForest,RandomKFold,10,751,random_fold,0.9242589015233319,1.0312675826061675
RandomForest,RandomKFold,10,769,random_fold,4.852108385868018,4.832874078334638
RandomForest,RandomKFold,10,786,random_fold,0.7929925155296614,0.6663230573709606
RandomForest,RandomKFold,10,797,random_fold,2.810606789427302,2.7043631423540284
RandomForest,GroupKFold_Source,1,30,Mangat and Elgarf (1999a),2.3045830956567186,2.265413426039715
RandomForest,GroupKFold_Source,1,31,Mangat and Elgarf (1999a),2.3045830956567186,2.265413426039715
RandomForest,GroupKFold_Source,1,32,Mangat and Elgarf (1999a),2.248128907197987,2.309824290238608
RandomForest,GroupKFold_Source,1,33,Mangat and Elgarf (1999a),2.248128907197987,2.309824290238608
RandomForest,GroupKFold_Source,1,34,Mangat and Elgarf (1999a),2.248128907197987,2.309824290238608
RandomForest,GroupKFold_Source,1,35,Mangat and Elgarf (1999a),1.9401794743463283,1.9142671228657957
RandomForest,GroupKFold_Source,1,36,Mangat and Elgarf (1999a),1.9401794743463283,1.9142671228657957
RandomForest,GroupKFold_Source,1,37,Mangat and Elgarf (1999a),2.244955980157409,2.238808237755868
RandomForest,GroupKFold_Source,1,38,Mangat and Elgarf (1999a),2.244955980157409,2.238808237755868
RandomForest,GroupKFold_Source,1,39,Mangat and Elgarf (1999a),2.21046980408624,2.1944738260436822
RandomForest,GroupKFold_Source,1,40,Mangat and Elgarf (1999a),2.21046980408624,2.1944738260436822
RandomForest,GroupKFold_Source,1,41,Mangat and Elgarf (1999a),2.122261538862764,2.111031612256036
RandomForest,GroupKFold_Source,1,42,Mangat and Elgarf (1999a),2.122261538862764,2.111031612256036
RandomForest,GroupKFold_Source,1,43,Mangat and Elgarf (1999a),1.8779371654691073,2.085217488665215
RandomForest,GroupKFold_Source,1,44,Mangat and Elgarf (1999a),1.8779371654691073,2.085217488665215
RandomForest,GroupKFold_Source,1,45,Mangat and Elgarf (1999a),2.122261538862764,2.2728460501862506
RandomForest,GroupKFold_Source,1,46,Mangat and Elgarf (1999a),2.122261538862764,2.2728460501862506
RandomForest,GroupKFold_Source,1,47,Mangat and Elgarf (1999a),1.9154509415706047,2.2233501656871106
RandomForest,GroupKFold_Source,1,48,Mangat and Elgarf (1999a),1.9154509415706047,2.2233501656871106
RandomForest,GroupKFold_Source,1,49,Mangat and Elgarf (1999a),1.5602476682433286,2.145044291164545
RandomForest,GroupKFold_Source,1,50,Mangat and Elgarf (1999a),1.5602476682433286,2.145044291164545
RandomForest,GroupKFold_Source,1,51,Mangat and Elgarf (1999a),0.883767540168595,2.1176814584181387
RandomForest,GroupKFold_Source,1,52,Mangat and Elgarf (1999a),0.883767540168595,2.1176814584181387
RandomForest,GroupKFold_Source,1,53,Mangat and Elgarf (1999a),2.191653532286764,2.3006689759145327
RandomForest,GroupKFold_Source,1,54,Mangat and Elgarf (1999a),2.191653532286764,2.3006689759145327
RandomForest,GroupKFold_Source,1,55,Mangat and Elgarf (1999a),2.191653532286764,2.3006689759145327
RandomForest,GroupKFold_Source,1,56,Mangat and Elgarf (1999a),2.1150499691472033,2.2728460501862506
RandomForest,GroupKFold_Source,1,57,Mangat and Elgarf (1999a),2.1150499691472033,2.2728460501862506
RandomForest,GroupKFold_Source,1,58,Mangat and Elgarf (1999a),2.1150499691472033,2.2728460501862506
RandomForest,GroupKFold_Source,1,59,Mangat and Elgarf (1999a),2.018895041811802,2.246510013957256
RandomForest,GroupKFold_Source,1,60,Mangat and Elgarf (1999a),2.018895041811802,2.246510013957256
RandomForest,GroupKFold_Source,1,61,Mangat and Elgarf (1999a),2.018895041811802,2.246510013957256
RandomForest,GroupKFold_Source,1,62,Mangat and Elgarf (1999a),1.891604804197771,2.2233501656871106
RandomForest,GroupKFold_Source,1,63,Mangat and Elgarf (1999a),1.891604804197771,2.2233501656871106
RandomForest,GroupKFold_Source,1,64,Mangat and Elgarf (1999a),1.891604804197771,2.2233501656871106
RandomForest,GroupKFold_Source,1,65,Mangat and Elgarf (1999a),1.506297153514587,2.145044291164545
RandomForest,GroupKFold_Source,1,66,Mangat and Elgarf (1999a),1.506297153514587,2.145044291164545
RandomForest,GroupKFold_Source,1,67,Mangat and Elgarf (1999a),1.506297153514587,2.145044291164545
RandomForest,GroupKFold_Source,1,68,Mangat and Elgarf (1999a),0.7839015438284094,2.1176814584181387
RandomForest,GroupKFold_Source,1,69,Mangat and Elgarf (1999a),0.7839015438284094,2.1176814584181387
RandomForest,GroupKFold_Source,1,70,Mangat and Elgarf (1999a),0.7839015438284094,2.1176814584181387
RandomForest,GroupKFold_Source,1,71,Mangat and Elgarf (1999a),1.7850704810772584,1.890787228378769
RandomForest,GroupKFold_Source,1,72,Mangat and Elgarf (1999a),1.7850704810772584,1.890787228378769
RandomForest,GroupKFold_Source,1,73,Mangat and Elgarf (1999a),1.589235205116581,1.857552519770171
RandomForest,GroupKFold_Source,1,74,Mangat and Elgarf (1999a),1.589235205116581,1.857552519770171
RandomForest,GroupKFold_Source,1,75,Mangat and Elgarf (1999a),1.2584609896100056,1.8542711220532135
RandomForest,GroupKFold_Source,1,76,Mangat and Elgarf (1999a),1.2584609896100056,1.8542711220532135
RandomForest,GroupKFold_Source,1,77,Mangat and Elgarf (1999a),0.6043159668533296,1.7786966989557254
RandomForest,GroupKFold_Source,1,78,Mangat and Elgarf (1999a),0.6043159668533296,1.7786966989557254
RandomForest,GroupKFold_Source,1,79,Mangat and Elgarf (1999a),2.192770226986839,2.298934295640441
RandomForest,GroupKFold_Source,1,80,Mangat and Elgarf (1999a),2.192770226986839,2.298934295640441
RandomForest,GroupKFold_Source,1,81,Mangat and Elgarf (1999a),2.192770226986839,2.298934295640441
RandomForest,GroupKFold_Source,1,82,Mangat and Elgarf (1999a),2.1174596088673567,2.270845637479108
RandomForest,GroupKFold_Source,1,83,Mangat and Elgarf (1999a),2.1174596088673567,2.270845637479108
RandomForest,GroupKFold_Source,1,84,Mangat and Elgarf (1999a),2.1174596088673567,2.270845637479108
RandomForest,GroupKFold_Source,1,85,Mangat and Elgarf (1999a),2.020222182019865,2.243617526686931
RandomForest,GroupKFold_Source,1,86,Mangat and Elgarf (1999a),2.020222182019865,2.243617526686931
RandomForest,GroupKFold_Source,1,87,Mangat and Elgarf (1999a),2.020222182019865,2.243617526686931
RandomForest,GroupKFold_Source,1,88,Mangat and Elgarf (1999a),1.9459101490553132,2.1957046197449985
RandomForest,GroupKFold_Source,1,89,Mangat and Elgarf (1999a),1.9459101490553132,2.1957046197449985
RandomForest,GroupKFold_Source,1,90,Mangat and Elgarf (1999a),1.9459101490553132,2.1957046197449985
RandomForest,GroupKFold_Source,1,91,Mangat and Elgarf (1999a),1.7119945007591924,2.0866637711869624
RandomForest,GroupKFold_Source,1,92,Mangat and Elgarf (1999a),1.7119945007591924,2.0866637711869624
RandomForest,GroupKFold_Source,1,93,Mangat and Elgarf (1999a),1.7119945007591924,2.0866637711869624
RandomForest,GroupKFold_Source,1,94,Mangat and Elgarf (1999a),1.3711807233098425,2.0575223506302662
RandomForest,GroupKFold_Source,1,95,Mangat and Elgarf (1999a),1.3711807233098425,2.0575223506302662
RandomForest,GroupKFold_Source,1,96,Mangat and Elgarf (1999a),1.3711807233098425,2.0575223506302662
RandomForest,GroupKFold_Source,1,97,Mangat and Elgarf (1999a),2.178155014615869,2.299219978896081
RandomForest,GroupKFold_Source,1,98,Mangat and Elgarf (1999a),2.178155014615869,2.299219978896081
RandomForest,GroupKFold_Source,1,99,Mangat and Elgarf (1999a),2.178155014615869,2.299219978896081
RandomForest,GroupKFold_Source,1,100,Mangat and Elgarf (1999a),2.1102132003465894,2.2714222603895995
RandomForest,GroupKFold_Source,1,101,Mangat and Elgarf (1999a),2.1102132003465894,2.2714222603895995
RandomForest,GroupKFold_Source,1,102,Mangat and Elgarf (1999a),2.1102132003465894,2.2714222603895995
RandomForest,GroupKFold_Source,1,103,Mangat and Elgarf (1999a),2.0068708488450007,2.244353906469972
RandomForest,GroupKFold_Source,1,104,Mangat and Elgarf (1999a),2.0068708488450007,2.244353906469972
RandomForest,GroupKFold_Source,1,105,Mangat and Elgarf (1999a),2.0068708488450007,2.244353906469972
RandomForest,GroupKFold_Source,1,106,Mangat and Elgarf (1999a),1.9065751436566365,2.222184891369337
RandomForest,GroupKFold_Source,1,107,Mangat and Elgarf (1999a),1.9065751436566365,2.222184891369337
RandomForest,GroupKFold_Source,1,108,Mangat and Elgarf (1999a),1.9065751436566365,2.222184891369337
RandomForest,GroupKFold_Source,1,109,Mangat and Elgarf (1999a),1.5748464676644813,2.141991487270363
RandomForest,GroupKFold_Source,1,110,Mangat and Elgarf (1999a),1.5748464676644813,2.141991487270363
RandomForest,GroupKFold_Source,1,111,Mangat and Elgarf (1999a),1.5748464676644813,2.141991487270363
RandomForest,GroupKFold_Source,1,112,Mangat and Elgarf (1999a),1.2837077723447896,2.0673749207140655
RandomForest,GroupKFold_Source,1,113,Mangat and Elgarf (1999a),1.2837077723447896,2.0673749207140655
RandomForest,GroupKFold_Source,1,114,Mangat and Elgarf (1999a),1.2837077723447896,2.0673749207140655
RandomForest,GroupKFold_Source,1,115,Mangat and Elgarf (1999a),2.1644717908644115,2.301427685821665
RandomForest,GroupKFold_Source,1,116,Mangat and Elgarf (1999a),2.1644717908644115,2.301427685821665
RandomForest,GroupKFold_Source,1,117,Mangat and Elgarf (1999a),2.1644717908644115,2.301427685821665
RandomForest,GroupKFold_Source,1,118,Mangat and Elgarf (1999a),2.057962510002712,2.2728460501862506
RandomForest,GroupKFold_Source,1,119,Mangat and Elgarf (1999a),2.057962510002712,2.2728460501862506
RandomForest,GroupKFold_Source,1,120,Mangat and Elgarf (1999a),2.057962510002712,2.2728460501862506
RandomForest,GroupKFold_Source,1,121,Mangat and Elgarf (1999a),1.9530276168241774,2.246510013957256
RandomForest,GroupKFold_Source,1,122,Mangat and Elgarf (1999a),1.9530276168241774,2.246510013957256
RandomForest,GroupKFold_Source,1,123,Mangat and Elgarf (1999a),1.9530276168241774,2.246510013957256
RandomForest,GroupKFold_Source,1,124,Mangat and Elgarf (1999a),1.7698546338400052,2.2235818717270712
RandomForest,GroupKFold_Source,1,125,Mangat and Elgarf (1999a),1.7698546338400052,2.2235818717270712
RandomForest,GroupKFold_Source,1,126,Mangat and Elgarf (1999a),1.7698546338400052,2.2235818717270712
RandomForest,GroupKFold_Source,1,127,Mangat and Elgarf (1999a),1.4085449700547104,2.145044291164545
RandomForest,GroupKFold_Source,1,128,Mangat and Elgarf (1999a),1.4085449700547104,2.145044291164545
RandomForest,GroupKFold_Source,1,129,Mangat and Elgarf (1999a),1.4085449700547104,2.145044291164545
RandomForest,GroupKFold_Source,1,130,Mangat and Elgarf (1999a),0.7419373447293773,2.118277084432042
RandomForest,GroupKFold_Source,1,131,Mangat and Elgarf (1999a),0.7419373447293773,2.118277084432042
RandomForest,GroupKFold_Source,1,132,Mangat and Elgarf (1999a),0.7419373447293773,2.118277084432042
RandomForest,GroupKFold_Source,1,133,Mangat and Elgarf (1999a),1.884034745337226,2.2233501656871106
RandomForest,GroupKFold_Source,1,134,Mangat and Elgarf (1999a),1.884034745337226,2.2233501656871106
RandomForest,GroupKFold_Source,1,135,Mangat and Elgarf (1999a),1.9198594718553708,2.2233501656871106
RandomForest,GroupKFold_Source,1,136,Mangat and Elgarf (1999a),1.9198594718553708,2.2233501656871106
RandomForest,GroupKFold_Source,1,137,Mangat and Elgarf (1999a),1.8961194845522977,2.2233501656871106
RandomForest,GroupKFold_Source,1,138,Mangat and Elgarf (1999a),1.8961194845522977,2.2233501656871106
RandomForest,GroupKFold_Source,1,139,Mangat and Elgarf (1999a),1.8718021769015913,2.2233501656871106
RandomForest,GroupKFold_Source,1,140,Mangat and Elgarf (1999a),1.8718021769015913,2.2233501656871106
RandomForest,GroupKFold_Source,2,26,Lee et al. (1999),3.5145260669691587,3.3140178473422246
RandomForest,GroupKFold_Source,2,27,Lee et al. (1999),3.4654233539614268,3.2489045405304795
RandomForest,GroupKFold_Source,2,28,Lee et al. (1999),3.388787361585474,3.221996602186643
RandomForest,GroupKFold_Source,2,29,Lee et al. (1999),3.232778730037192,3.0726305962658484
RandomForest,GroupKFold_Source,2,207,Azad et al. (2007),2.5376572151735295,1.939340130675912
RandomForest,GroupKFold_Source,2,208,Azad et al. (2007),2.533696813957432,1.939340130675912
RandomForest,GroupKFold_Source,2,209,Azad et al. (2007),2.468946630209271,1.6288127235948162
RandomForest,GroupKFold_Source,2,210,Azad et al. (2007),2.4159137783010487,1.6288127235948162
RandomForest,GroupKFold_Source,2,211,Azad et al. (2007),2.3174737054877963,1.3067398100890735
RandomForest,GroupKFold_Source,2,212,Azad et al. (2007),2.2027647577118348,1.3067398100890735
RandomForest,GroupKFold_Source,2,213,Azad et al. (2007),2.344686269012681,1.28882869334709
RandomForest,GroupKFold_Source,2,214,Azad et al. (2007),2.1983350716202463,1.28882869334709
RandomForest,GroupKFold_Source,2,215,Azad et al. (2007),2.1815467646169897,1.179524560107628
RandomForest,GroupKFold_Source,2,216,Azad et al. (2007),2.248128907197987,1.179524560107628
RandomForest,GroupKFold_Source,2,217,Azad et al. (2007),2.1713368063840917,1.2034375922192155
RandomForest,GroupKFold_Source,2,218,Azad et al. (2007),2.0554049638515948,1.2034375922192155
RandomForest,GroupKFold_Source,2,219,Azad et al. (2007),1.6937790608678513,1.0816488179091495
RandomForest,GroupKFold_Source,2,220,Azad et al. (2007),2.0095554142156695,1.0816488179091495
RandomForest,GroupKFold_Source,2,221,Azad et al. (2007),2.768204123921957,2.2907611031652815
RandomForest,GroupKFold_Source,2,222,Azad et al. (2007),2.6239436918052106,2.2907611031652815
RandomForest,GroupKFold_Source,2,223,Azad et al. (2007),2.516889695641051,2.1815782282161247
RandomForest,GroupKFold_Source,2,224,Azad et al. (2007),2.5733752977756086,2.1815782282161247
RandomForest,GroupKFold_Source,2,225,Azad et al. (2007),2.853015971352396,1.8325806444743242
RandomForest,GroupKFold_Source,2,226,Azad et al. (2007),2.4807312783775197,1.8325806444743242
RandomForest,GroupKFold_Source,2,227,Azad et al. (2007),2.403334996094189,1.3542646852803362
RandomForest,GroupKFold_Source,2,228,Azad et al. (2007),2.2793164660546914,1.3542646852803362
RandomForest,GroupKFold_Source,2,229,Azad et al. (2007),2.6973262377392344,1.4556812134087334
RandomForest,GroupKFold_Source,2,230,Azad et al. (2007),2.3532782073095637,1.4556812134087334
RandomForest,GroupKFold_Source,2,231,Azad et al. (2007),2.2648832258100344,1.4165301247551538
RandomForest,GroupKFold_Source,2,232,Azad et al. (2007),2.102913897864978,1.4165301247551538
RandomForest,GroupKFold_Source,2,233,Azad et al. (2007),1.9080599249242156,1.3293006915350132
RandomForest,GroupKFold_Source,2,234,Azad et al. (2007),2.125847914493992,1.3293006915350132
RandomForest,GroupKFold_Source,2,235,Azad et al. (2007),2.468099531471619,1.9168712125036362
RandomForest,GroupKFold_Source,2,236,Azad et al. (2007),2.5930133911138515,1.9168712125036362
RandomForest,GroupKFold_Source,2,237,Azad et al. (2007),2.3350522831315472,1.4423063279214137
RandomForest,GroupKFold_Source,2,238,Azad et al. (2007),2.448415541205585,1.4423063279214137
RandomForest,GroupKFold_Source,2,239,Azad et al. (2007),2.401525040848949,1.4027567843186675
RandomForest,GroupKFold_Source,2,240,Azad et al. (2007),2.3194422100604686,1.4027567843186675
RandomForest,GroupKFold_Source,2,241,Azad et al. (2007),2.2027647577118348,1.3526136753737419
RandomForest,GroupKFold_Source,2,242,Azad et al. (2007),2.3617969526258915,1.3526136753737419
RandomForest,GroupKFold_Source,2,243,Azad et al. (2007),2.2213750375685026,1.216632208076299
RandomForest,GroupKFold_Source,2,244,Azad et al. (2007),2.315501318260592,1.216632208076299
RandomForest,GroupKFold_Source,2,245,Azad et al. (2007),2.2126603854660587,1.1595318627566442
RandomForest,GroupKFold_Source,2,246,Azad et al. (2007),1.9712993830601329,1.1595318627566442
RandomForest,GroupKFold_Source,2,247,Azad et al. (2007),2.1090003439213802,1.016326012375973
RandomForest,GroupKFold_Source,2,248,Azad et al. (2007),1.891604804197771,1.016326012375973
RandomForest,GroupKFold_Source,2,249,Azad et al. (2007),2.590767040487478,2.272626213001377
RandomForest,GroupKFold_Source,2,250,Azad et al. (2007),2.5376572151735295,2.272626213001377
RandomForest,GroupKFold_Source,2,251,Azad et al. (2007),2.4664031782234406,1.9033839171345965
RandomForest,GroupKFold_Source,2,252,Azad et al. (2007),2.522523513359307,1.9033839171345965
RandomForest,GroupKFold_Source,2,253,Azad et al. (2007),2.4865719291070616,1.4732092806916843
RandomForest,GroupKFold_Source,2,254,Azad et al. (2007),2.392425796993835,1.4732092806916843
RandomForest,GroupKFold_Source,2,255,Azad et al. (2007),2.432735777459091,1.490670445824498
RandomForest,GroupKFold_Source,2,256,Azad et al. (2007),2.3085671646715933,1.490670445824498
RandomForest,GroupKFold_Source,2,257,Azad et al. (2007),2.1972245773362196,1.309041808699084
RandomForest,GroupKFold_Source,2,258,Azad et al. (2007),2.589266665112243,1.309041808699084
RandomForest,GroupKFold_Source,2,259,Azad et al. (2007),2.192770226986839,1.4112089660797051
RandomForest,GroupKFold_Source,2,260,Azad et al. (2007),2.0769384114617173,1.4112089660797051
RandomForest,GroupKFold_Source,2,261,Azad et al. (2007),2.0294631718735947,1.391367397405716
RandomForest,GroupKFold_Source,2,262,Azad et al. (2007),2.1736147116970854,1.391367397405716
RandomForest,GroupKFold_Source,2,280,Torres-Acosta et al. (2007),1.4701758451005926,1.403832350601794
RandomForest,GroupKFold_Source,2,281,Torres-Acosta et al. (2007),1.5686159179138452,1.403832350601794
RandomForest,GroupKFold_Source,2,282,Torres-Acosta et al. (2007),1.085189268335969,1.2986775145516054
RandomForest,GroupKFold_Source,2,283,Torres-Acosta et al. (2007),0.4762341789963717,1.2306351029473648
RandomForest,GroupKFold_Source,2,284,Torres-Acosta et al. (2007),0.7608058290337602,1.227668829725693
RandomForest,GroupKFold_Source,2,285,Torres-Acosta et al. (2007),1.1939224684724346,1.3271839034997754
RandomForest,GroupKFold_Source,2,286,Torres-Acosta et al. (2007),1.2383742310432684,1.3174054903274415
RandomForest,GroupKFold_Source,2,287,Torres-Acosta et al. (2007),0.9669838461896731,1.2239717754258554
RandomForest,GroupKFold_Source,2,288,Torres-Acosta et al. (2007),0.8919980393051105,1.2265301819352918
RandomForest,GroupKFold_Source,2,289,Torres-Acosta et al. (2007),0.14842000511827322,1.0693701125017143
RandomForest,GroupKFold_Source,2,290,Torres-Acosta et al. (2007),1.4701758451005926,1.403832350601794
RandomForest,GroupKFold_Source,2,378,Khan et al. (2011),3.9627161197436642,3.8116064513249848
RandomForest,GroupKFold_Source,2,379,Khan et al. (2011),3.772071045000701,3.516672162647168
RandomForest,GroupKFold_Source,2,415,Du et al. (2013),1.8562979903656263,1.886952795951155
RandomForest,GroupKFold_Source,2,416,Du et al. (2013),1.3480731482996928,1.448976191275232
RandomForest,GroupKFold_Source,2,417,Du et al. (2013),1.3217558399823195,1.3619604492049107
RandomForest,GroupKFold_Source,2,418,Du et al. (2013),1.3217558399823195,1.3750044262075445
RandomForest,GroupKFold_Source,2,419,Du et al. (2013),1.6054298910365616,1.3347704530223932
RandomForest,GroupKFold_Source,3,160,Torres-Acosta et al. (2003),1.2267122912954254,1.58252909886385
RandomForest,GroupKFold_Source,3,161,Torres-Acosta et al. (2003),1.3987168811184478,1.58252909886385
RandomForest,GroupKFold_Source,3,162,Torres-Acosta et al. (2003),1.2178757094949273,0.8263345576451396
RandomForest,GroupKFold_Source,3,163,Torres-Acosta et al. (2003),1.3428648031925547,0.9202734024682439
RandomForest,GroupKFold_Source,3,164,Torres-Acosta et al. (2003),1.269760544863939,0.8481848275847764
RandomForest,GroupKFold_Source,3,165,Torres-Acosta et al. (2003),1.2178757094949273,0.5727116997007372
RandomForest,GroupKFold_Source,3,166,Torres-Acosta et al. (2003),1.2809338454620642,0.8135146861899356
RandomForest,GroupKFold_Source,3,167,Torres-Acosta et al. (2003),1.2383742310432684,0.8135260574127302
RandomForest,GroupKFold_Source,3,168,Torres-Acosta et al. (2003),1.3428648031925547,0.8294673240824483
RandomForest,GroupKFold_Source,3,169,Torres-Acosta et al. (2003),1.0612565021243408,0.676523711115805
RandomForest,GroupKFold_Source,3,170,Torres-Acosta et al. (2003),1.3029127521808397,1.2846649071504688
RandomForest,GroupKFold_Source,3,171,Torres-Acosta et al. (2003),1.269760544863939,1.2901759530493127
RandomForest,GroupKFold_Source,3,198,El Maaddawy et al. (2005),3.624340932976365,3.592987539746187
RandomForest,GroupKFold_Source,3,199,El Maaddawy et al. (2005),3.558485990180341,3.3652258539333118
RandomForest,GroupKFold_Source,3,200,El Maaddawy et al. (2005),3.507956918233689,3.225175423070722
RandomForest,GroupKFold_Source,3,201,El Maaddawy et al. (2005),3.4015306594522756,3.19830452114759
RandomForest,GroupKFold_Source,3,202,El Maaddawy et al. (2005),3.2824138456721883,3.164414657806502
RandomForest,GroupKFold_Source,3,203,El Maaddawy et al. (2005),3.497718948652777,3.367689992728463
RandomForest,GroupKFold_Source,3,204,El Maaddawy et al. (2005),3.475067230228611,3.2163348885610317
RandomForest,GroupKFold_Source,3,205,El Maaddawy et al. (2005),3.4685444551217657,3.196414542644653
RandomForest,GroupKFold_Source,3,206,El Maaddawy et al. (2005),3.34779660493504,3.177715858461086
RandomForest,GroupKFold_Source,3,420,Ma et al. (2013),4.548599834499697,4.065083938227158
RandomForest,GroupKFold_Source,3,421,Ma et al. (2013),4.670489652108734,4.361525518012216
RandomForest,GroupKFold_Source,3,422,Ma et al. (2013),4.637153231841142,4.249548476493766
RandomForest,GroupKFold_Source,3,423,Ma et al. (2013),4.491441420659749,4.328188070235716
RandomForest,GroupKFold_Source,3,424,Ma et al. (2013),4.3208159036289855,4.110649270128717
RandomForest,GroupKFold_Source,3,425,Ma et al. (2013),4.529907701487544,4.250401112292615
RandomForest,GroupKFold_Source,3,426,Ma et al. (2013),4.409763389645481,4.345098178079332
RandomForest,GroupKFold_Source,3,427,Ma et al. (2013),4.653960350157523,4.328188070235716
RandomForest,GroupKFold_Source,3,428,Ma et al. (2013),4.248495242049359,4.037915116265404
RandomForest,GroupKFold_Source,3,429,Ma et al. (2013),4.297285406218791,4.227400852279754
RandomForest,GroupKFold_Source,3,430,Ma et al. (2013),4.366278277705742,4.226238963796636
RandomForest,GroupKFold_Source,3,431,Ma et al. (2013),4.388257184424518,4.246309821125497
RandomForest,GroupKFold_Source,3,432,Ma et al. (2013),4.114963849424837,4.006027875198666
RandomForest,GroupKFold_Source,3,433,Ma et al. (2013),4.45143608604605,4.328188070235716
RandomForest,GroupKFold_Source,3,434,Ma et al. (2013),4.388257184424518,4.120509361085069
RandomForest,GroupKFold_Source,3,435,Ma et al. (2013),4.388257184424518,4.129445978080985
RandomForest,GroupKFold_Source,3,436,Ma et al. (2013),3.9740583963475986,3.904860228091128
RandomForest,GroupKFold_Source,3,437,Ma et al. (2013),4.212868064406208,4.095322077898355
RandomForest,GroupKFold_Source,3,438,Ma et al. (2013),4.311470041210748,4.035190299199396
RandomForest,GroupKFold_Source,3,439,Ma et al. (2013),4.430816798843313,4.221915502320398
RandomForest,GroupKFold_Source,3,440,Ma et al. (2013),3.980615796893758,3.645961156334812
RandomForest,GroupKFold_Source,3,441,Ma et al. (2013),4.311470041210748,3.977952130370622
RandomForest,GroupKFold_Source,3,442,Ma et al. (2013),4.357349646961441,4.109553189793385
RandomForest,GroupKFold_Source,3,443,Ma et al. (2013),4.212868064406208,4.019871578421624
RandomForest,GroupKFold_Source,3,444,Ma et al. (2013),4.1034694699991014,3.961764312440583
RandomForest,GroupKFold_Source,3,445,Ma et al. (2013),4.1034694699991014,4.229673863933104
RandomForest,GroupKFold_Source,3,446,Ma et al. (2013),4.1034694699991014,4.120964947685292
RandomForest,GroupKFold_Source,3,447,Ma et al. (2013),4.1034694699991014,4.159278376634277
RandomForest,GroupKFold_Source,3,448,Ma et al. (2013),4.1034694699991014,3.997487333054355
RandomForest,GroupKFold_Source,3,449,Ma et al. (2013),4.1034694699991014,4.0763178937808116
RandomForest,GroupKFold_Source,3,450,Ma et al. (2013),4.366278277705742,4.173370022996982
RandomForest,GroupKFold_Source,3,451,Ma et al. (2013),4.1034694699991014,4.159278376634277
RandomForest,GroupKFold_Source,3,452,Ma et al. (2013),3.9930498440705193,3.9107498360034323
RandomForest,GroupKFold_Source,3,453,Ma et al. (2013),3.9930498440705193,4.039315979235641
RandomForest,GroupKFold_Source,3,454,Ma et al. (2013),3.9930498440705193,4.0556961827812215
RandomForest,GroupKFold_Source,3,455,Ma et al. (2013),3.9930498440705193,4.1254511971422545
RandomForest,GroupKFold_Source,3,456,Ma et al. (2013),3.9930498440705193,3.896835686573037
RandomForest,GroupKFold_Source,3,457,Ma et al. (2013),3.9207845110967185,3.9502108261015874
RandomForest,GroupKFold_Source,3,458,Ma et al. (2013),4.02535169073515,3.9552010899360357
RandomForest,GroupKFold_Source,3,459,Ma et al. (2013),3.817712325956905,3.8459178297407695
RandomForest,GroupKFold_Source,3,460,Ma et al. (2013),3.9930498440705193,3.8589961674141926
RandomForest,GroupKFold_Source,3,461,Ma et al. (2013),3.817712325956905,3.948721434585192
RandomForest,GroupKFold_Source,3,462,Ma et al. (2013),3.6407390787860012,3.7538182771325728
RandomForest,GroupKFold_Source,3,463,Ma et al. (2013),3.7697679578472747,3.8649402977033787
RandomForest,GroupKFold_Source,3,464,Ma et al. (2013),3.6407390787860012,3.5682439293391015
RandomForest,GroupKFold_Source,3,465,Ma et al. (2013),3.7697679578472747,3.8088573665500016
RandomForest,GroupKFold_Source,3,466,Ma et al. (2013),3.817712325956905,3.970196259106477
RandomForest,GroupKFold_Source,3,467,Ma et al. (2013),3.6407390787860012,3.7687261947526487
RandomForest,GroupKFold_Source,3,496,Yu et al. (2015),3.565298392342582,3.5779315512725836
RandomForest,GroupKFold_Source,3,497,Yu et al. (2015),3.436564525499447,3.3557797395088396
RandomForest,GroupKFold_Source,3,498,Yu et al. (2015),3.4339872044851463,3.3351515432198604
RandomForest,GroupKFold_Source,3,622,Hu et al. 2019),2.9967317738870745,2.8738730394984238
RandomForest,GroupKFold_Source,3,623,Hu et al. 2019),2.9601050959108397,2.7511461950360703
RandomForest,GroupKFold_Source,3,624,Hu et al. 2019),2.913437030827161,2.70890730439846
RandomForest,GroupKFold_Source,3,625,Hu et al. 2019),2.8553201198372458,2.5687769820523783
RandomForest,GroupKFold_Source,3,634,Njeem et al. (2019),3.109953417644014,3.66340761633182
RandomForest,GroupKFold_Source,3,635,Njeem et al. (2019),2.9601050959108397,3.255513475122146
RandomForest,GroupKFold_Source,4,141,Castel et al. (2000a),3.653511310276145,3.580436505668574
RandomForest,GroupKFold_Source,4,142,Castel et al. (2000a),3.402196881995239,3.3815100440996315
RandomForest,GroupKFold_Source,4,304,Azad et al. (2010),3.4790839203192268,3.2942241009736
RandomForest,GroupKFold_Source,4,305,Azad et al. (2010),3.4719664525503626,3.2942241009736
RandomForest,GroupKFold_Source,4,306,Azad et al. (2010),3.449987545831587,3.2419613408695103
RandomForest,GroupKFold_Source,4,307,Azad et al. (2010),3.339676525013905,3.231793703635403
RandomForest,GroupKFold_Source,4,308,Azad et al. (2010),2.911263116927541,3.2406568047837485
RandomForest,GroupKFold_Source,4,309,Azad et al. (2010),3.1130707659712242,3.1301950460198196
RandomForest,GroupKFold_Source,4,310,Azad et al. (2010),3.440097530619712,3.2470134677125606
RandomForest,GroupKFold_Source,4,311,Azad et al. (2010),2.848970892158587,3.1301950460198196
RandomForest,GroupKFold_Source,4,312,Azad et al. (2010),3.6425737012374246,3.6789559812490014
RandomForest,GroupKFold_Source,4,313,Azad et al. (2010),3.832979798087693,3.6789559812490014
RandomForest,GroupKFold_Source,4,314,Azad et al. (2010),3.597860055726768,3.615092323845722
RandomForest,GroupKFold_Source,4,315,Azad et al. (2010),3.711618941083426,3.625231145932417
RandomForest,GroupKFold_Source,4,316,Azad et al. (2010),3.190064743014081,3.5619742710819033
RandomForest,GroupKFold_Source,4,317,Azad et al. (2010),3.206398303357088,3.5816269246452896
RandomForest,GroupKFold_Source,4,318,Azad et al. (2010),3.2902658209548736,3.4618578892786926
RandomForest,GroupKFold_Source,4,319,Azad et al. (2010),3.0430928449138284,3.441993640095538
RandomForest,GroupKFold_Source,4,320,Azad et al. (2010),4.06457240388843,3.7918237944241953
RandomForest,GroupKFold_Source,4,321,Azad et al. (2010),4.06457240388843,3.7918237944241953
RandomForest,GroupKFold_Source,4,322,Azad et al. (2010),3.624874124138024,3.7386691371247682
RandomForest,GroupKFold_Source,4,323,Azad et al. (2010),3.58407433974781,3.698414256084509
RandomForest,GroupKFold_Source,4,324,Azad et al. (2010),3.9577608971019997,3.7538524040176986
RandomForest,GroupKFold_Source,4,325,Azad et al. (2010),4.013676659154646,3.7546390681553956
RandomForest,GroupKFold_Source,4,326,Azad et al. (2010),3.5776685247779345,3.51176357108217
RandomForest,GroupKFold_Source,4,327,Azad et al. (2010),4.051958845725663,3.7556083260212776
RandomForest,GroupKFold_Source,4,328,Azad et al. (2010),3.6328380632303117,4.318390664940776
RandomForest,GroupKFold_Source,4,329,Azad et al. (2010),3.7848712197676626,4.318390664940776
RandomForest,GroupKFold_Source,4,330,Azad et al. (2010),3.5201649007261984,4.2486333871226964
RandomForest,GroupKFold_Source,4,331,Azad et al. (2010),3.1059310658520665,4.224089359675366
RandomForest,GroupKFold_Source,4,332,Azad et al. (2010),3.1144038032714896,4.1895471492896865
RandomForest,GroupKFold_Source,4,333,Azad et al. (2010),3.1315734964654043,4.133242646220899
RandomForest,GroupKFold_Source,4,334,Azad et al. (2010),2.9381031607173544,4.066716936429327
RandomForest,GroupKFold_Source,4,335,Azad et al. (2010),2.7800607370784824,4.0535108948093965
RandomForest,GroupKFold_Source,4,336,Azad et al. (2010),4.06009812349351,4.426902703322957
RandomForest,GroupKFold_Source,4,337,Azad et al. (2010),3.786913194385302,4.426902703322957
RandomForest,GroupKFold_Source,4,338,Azad et al. (2010),3.4423393249933305,4.327932601416479
RandomForest,GroupKFold_Source,4,339,Azad et al. (2010),3.6410013738694724,4.328032749065417
RandomForest,GroupKFold_Source,4,340,Azad et al. (2010),3.3975239762958465,4.317189560518704
RandomForest,GroupKFold_Source,4,341,Azad et al. (2010),3.7140597526442347,4.340492808246863
RandomForest,GroupKFold_Source,4,342,Azad et al. (2010),3.9495114498391377,4.219326731029907
RandomForest,GroupKFold_Source,4,343,Azad et al. (2010),3.2311995745570328,4.179405795985713
RandomForest,GroupKFold_Source,4,344,Azad et al. (2010),4.155909917880256,4.507912305908491
RandomForest,GroupKFold_Source,4,345,Azad et al. (2010),4.268577942166303,4.507912305908491
RandomForest,GroupKFold_Source,4,346,Azad et al. (2010),4.079569276639947,4.420905459799124
RandomForest,GroupKFold_Source,4,347,Azad et al. (2010),4.1893516658004355,4.465977072437131
RandomForest,GroupKFold_Source,4,348,Azad et al. (2010),4.053696163744291,4.454821767771924
RandomForest,GroupKFold_Source,4,349,Azad et al. (2010),3.6136169696133895,4.395517431735663
RandomForest,GroupKFold_Source,4,350,Azad et al. (2010),3.885679030088544,4.456329590813527
RandomForest,GroupKFold_Source,4,351,Azad et al. (2010),3.566429294357372,4.248838101766388
RandomForest,GroupKFold_Source,4,524,Dong et al. (2017),3.4255647381104497,3.3616081597711744
RandomForest,GroupKFold_Source,4,525,Dong et al. (2017),3.4187098067467865,3.321954368463836
RandomForest,GroupKFold_Source,4,526,Dong et al. (2017),3.4041928906419536,3.302102448468495
RandomForest,GroupKFold_Source,4,527,Dong et al. (2017),3.4151002868311466,3.2879553166896778
RandomForest,GroupKFold_Source,4,681,Shen et al. (2019),2.5603232890727545,2.8650854913204107
RandomForest,GroupKFold_Source,4,682,Shen et al. (2019),2.517696472610991,2.679531619449169
RandomForest,GroupKFold_Source,4,683,Shen et al. (2019),2.423031246069913,2.670301880372958
RandomForest,GroupKFold_Source,4,684,Shen et al. (2019),2.377692565480851,2.650001212983879
RandomForest,GroupKFold_Source,4,700,Yalciner et al. (2020),4.65224459337402,3.7038901848730226
RandomForest,GroupKFold_Source,4,701,Yalciner et al. (2020),4.557134736949535,3.5391289712784677
RandomForest,GroupKFold_Source,4,702,Yalciner et al. (2020),4.361951470242831,3.528559102260614
RandomForest,GroupKFold_Source,4,703,Yalciner et al. (2020),4.212720014957422,3.472629851825923
RandomForest,GroupKFold_Source,4,704,Yalciner et al. (2020),5.084938485288739,3.661081542057598
RandomForest,GroupKFold_Source,4,705,Yalciner et al. (2020),4.8779416457041185,3.5593013362091055
RandomForest,GroupKFold_Source,4,706,Yalciner et al. (2020),4.855228269843183,3.5429856865825715
RandomForest,GroupKFold_Source,4,707,Yalciner et al. (2020),4.664853188149265,3.534073343756994
RandomForest,GroupKFold_Source,4,783,Tran et al. (2022),1.0296194171811581,1.8916874713456595
RandomForest,GroupKFold_Source,4,784,Tran et al. (2022),1.0188473201992472,1.8916874713456595
RandomForest,GroupKFold_Source,4,785,Tran et al. (2022),0.6931471805599453,1.275401367734855
RandomForest,GroupKFold_Source,4,786,Tran et al. (2022),0.7929925155296614,1.275401367734855
RandomForest,GroupKFold_Source,4,787,Tran et al. (2022),0.7030975114131134,1.276543466566642
RandomForest,GroupKFold_Source,4,788,Tran et al. (2022),0.6418538861723947,1.276543466566642
RandomForest,GroupKFold_Source,4,789,Tran et al. (2022),0.5538851132264376,1.276543466566642
RandomForest,GroupKFold_Source,4,790,Tran et al. (2022),0.5247285289349821,1.2762787259450732
RandomForest,GroupKFold_Source,4,791,Tran et al. (2022),0.25464221837358075,1.275623988186737
RandomForest,GroupKFold_Source,4,792,Tran et al. (2022),0.4824261492442928,1.2637360177824142
RandomForest,GroupKFold_Source,4,793,Tran et al. (2022),0.44468582126144574,1.1893124359439555
RandomForest,GroupKFold_Source,4,794,Tran et al. (2022),0.23901690047049992,1.2246036226373314
RandomForest,GroupKFold_Source,5,413,Dang and François (2013),3.9793077522337423,3.844971300486747
RandomForest,GroupKFold_Source,5,414,Dang and François (2013),3.629660094453965,3.610106149715621
RandomForest,GroupKFold_Source,5,468,Zhu et al. (2013),3.472587377748828,3.5999240124404133
RandomForest,GroupKFold_Source,5,469,Zhu et al. (2013),3.471345141564237,3.611594238355254
RandomForest,GroupKFold_Source,5,470,Zhu et al. (2013),3.2669037938787824,3.3945160259076346
RandomForest,GroupKFold_Source,5,471,Zhu et al. (2013),2.9496883350525844,3.399938215336636
RandomForest,GroupKFold_Source,5,532,Li et al. (2018),2.642622395779755,3.2428533655370693
RandomForest,GroupKFold_Source,5,533,Li et al. (2018),2.612273245708441,3.181311043074057
RandomForest,GroupKFold_Source,5,534,Li et al. (2018),2.559550192783766,3.1551702261648136
RandomForest,GroupKFold_Source,5,535,Li et al. (2018),2.468099531471619,3.081877011831207
RandomForest,GroupKFold_Source,5,536,Li et al. (2018),2.498151876538021,3.1783995246730945
RandomForest,GroupKFold_Source,5,537,Li et al. (2018),2.4344901638739844,3.1439607296988417
RandomForest,GroupKFold_Source,5,538,Li et al. (2018),2.3841650799864684,3.052598785788643
RandomForest,GroupKFold_Source,5,539,Li et al. (2018),2.4672517145492794,3.1749233557162193
RandomForest,GroupKFold_Source,5,540,Li et al. (2018),2.3896797998449792,3.137167768250967
RandomForest,GroupKFold_Source,5,541,Li et al. (2018),2.244955980157409,3.017966961895552
RandomForest,GroupKFold_Source,5,542,Li et al. (2018),2.435366204227864,3.173581935858066
RandomForest,GroupKFold_Source,5,543,Li et al. (2018),2.2617630984737906,3.1331851294702893
RandomForest,GroupKFold_Source,5,544,Li et al. (2018),1.308332819650179,3.0236661665349436
RandomForest,GroupKFold_Source,5,708,Hansapinyo et al. (2021),1.1019400787607843,1.5543704870049853
RandomForest,GroupKFold_Source,5,709,Hansapinyo et al. (2021),-0.4155154439616658,0.8990902576696941
RandomForest,GroupKFold_Source,5,710,Hansapinyo et al. (2021),-0.7765287894989963,0.9118891793042008
RandomForest,GroupKFold_Source,5,711,Hansapinyo et al. (2021),0.9669838461896731,0.9080482347670455
RandomForest,GroupKFold_Source,5,712,Hansapinyo et al. (2021),-1.5606477482646683,0.9118891793042008
RandomForest,GroupKFold_Source,5,713,Hansapinyo et al. (2021),-0.12783337150988489,0.9050947824651552
RandomForest,GroupKFold_Source,5,714,Hansapinyo et al. (2021),1.0715836162801904,1.5091168214237998
RandomForest,GroupKFold_Source,5,715,Hansapinyo et al. (2021),1.1019400787607843,1.5091168214237998
RandomForest,GroupKFold_Source,5,716,Hansapinyo et al. (2021),-0.08338160893905101,0.9080482347670455
RandomForest,GroupKFold_Source,5,717,Hansapinyo et al. (2021),0.47000362924573563,0.9050947824651552
RandomForest,GroupKFold_Source,5,718,Hansapinyo et al. (2021),0.5766133643039938,0.9080482347670455
RandomForest,GroupKFold_Source,5,719,Hansapinyo et al. (2021),0.959350221334602,0.9563012281373069
RandomForest,GroupKFold_Source,5,720,Hansapinyo et al. (2021),1.091923300517313,1.3282607383860066
RandomForest,GroupKFold_Source,5,721,Hansapinyo et al. (2021),1.0224509277025455,1.1709947817369344
RandomForest,GroupKFold_Source,5,722,Hansapinyo et al. (2021),0.9001613499442714,0.9275076415391915
RandomForest,GroupKFold_Source,5,723,Hansapinyo et al. (2021),1.0296194171811581,1.338491643536375
RandomForest,GroupKFold_Source,5,724,Hansapinyo et al. (2021),1.0224509277025455,1.3522448576617319
RandomForest,GroupKFold_Source,5,725,Hansapinyo et al. (2021),1.1184149159642893,1.4470827568577826
RandomForest,GroupKFold_Source,5,726,Hansapinyo et al. (2021),1.2267122912954254,1.5548686735457562
RandomForest,GroupKFold_Source,5,727,Hansapinyo et al. (2021),1.1817271953786161,1.4777647613430422
RandomForest,GroupKFold_Source,5,728,Hansapinyo et al. (2021),1.199964782928397,1.5139590871453572
RandomForest,GroupKFold_Source,5,729,Hansapinyo et al. (2021),1.1052568313867783,1.4440663429827427
RandomForest,GroupKFold_Source,5,730,Hansapinyo et al. (2021),1.1631508098056809,1.509425214931925
RandomForest,GroupKFold_Source,5,731,Hansapinyo et al. (2021),1.1378330018213911,1.509425214931925
RandomForest,GroupKFold_Source,5,732,Hansapinyo et al. (2021),1.0188473201992472,1.239406463339671
RandomForest,GroupKFold_Source,5,733,Hansapinyo et al. (2021),1.0885619528146082,1.3340382160442814
RandomForest,GroupKFold_Source,5,734,Hansapinyo et al. (2021),1.0715836162801904,1.4440663429827427
RandomForest,GroupKFold_Source,5,735,Hansapinyo et al. (2021),1.0784095813505903,1.165241316349607
RandomForest,GroupKFold_Source,5,736,Hansapinyo et al. (2021),1.0784095813505903,1.1536240724558144
RandomForest,GroupKFold_Source,5,737,Hansapinyo et al. (2021),0.9242589015233319,1.1334197481411727
RandomForest,GroupKFold_Source,5,738,Hansapinyo et al. (2021),1.1085626195212777,1.5548686735457562
RandomForest,GroupKFold_Source,5,739,Hansapinyo et al. (2021),1.085189268335969,1.5548686735457562
RandomForest,GroupKFold_Source,5,740,Hansapinyo et al. (2021),1.0473189942805592,1.3329152592764872
RandomForest,GroupKFold_Source,5,741,Hansapinyo et al. (2021),1.0612565021243408,1.3498438186715314
RandomForest,GroupKFold_Source,5,742,Hansapinyo et al. (2021),1.1184149159642893,1.3080275767183343
RandomForest,GroupKFold_Source,5,743,Hansapinyo et al. (2021),1.085189268335969,1.4777647613430422
RandomForest,GroupKFold_Source,5,744,Hansapinyo et al. (2021),1.000631880307906,1.3498438186715314
RandomForest,GroupKFold_Source,5,745,Hansapinyo et al. (2021),1.0116009116784799,1.3329152592764872
RandomForest,GroupKFold_Source,5,746,Hansapinyo et al. (2021),0.9631743177730056,1.1597418226180065
RandomForest,GroupKFold_Source,5,747,Hansapinyo et al. (2021),0.9122827104766164,1.1620079504663863
RandomForest,GroupKFold_Source,5,748,Hansapinyo et al. (2021),0.883767540168595,1.1620079504663863
RandomForest,GroupKFold_Source,5,749,Hansapinyo et al. (2021),0.8241754429663494,1.1334197481411727
RandomForest,GroupKFold_Source,5,750,Hansapinyo et al. (2021),1.0438040521731147,1.1597418226180065
RandomForest,GroupKFold_Source,5,751,Hansapinyo et al. (2021),0.9242589015233319,1.165241316349607
RandomForest,GroupKFold_Source,5,769,Huang et al. (2022),4.852108385868018,3.9940289044353205
RandomForest,GroupKFold_Source,5,770,Huang et al. (2022),4.782730425680335,3.992459815589646
RandomForest,GroupKFold_Source,5,771,Huang et al. (2022),4.850153503906757,3.9941132543287976
RandomForest,GroupKFold_Source,5,772,Huang et al. (2022),4.852108385868018,3.9904777480796394
RandomForest,GroupKFold_Source,5,773,Huang et al. (2022),4.850153503906757,3.9925292773172725
RandomForest,GroupKFold_Source,5,774,Huang et al. (2022),4.852108385868018,3.9957898275263073
RandomForest,GroupKFold_Source,5,795,Van Nguyen et al. (2022),3.0081547935525483,3.105168734195866
RandomForest,GroupKFold_Source,5,796,Van Nguyen et al. (2022),2.876948737564024,3.059416639725653
RandomForest,GroupKFold_Source,5,797,Van Nguyen et al. (2022),2.810606789427302,3.0592513326964488
RandomForest,GroupKFold_Source,5,798,Van Nguyen et al. (2022),2.750470916986162,3.0243448207964607
RandomForest,GroupKFold_Source,5,799,Van Nguyen et al. (2022),2.691243082785829,3.07159324756057
RandomForest,GroupKFold_Source,5,800,Van Nguyen et al. (2022),2.5680215564985067,3.063547721038218
RandomForest,GroupKFold_Source,5,801,Van Nguyen et al. (2022),2.6304489550786583,3.024029554233182
RandomForest,GroupKFold_Source,5,802,Van Nguyen et al. (2022),2.784393767689544,3.0690482867379227
RandomForest,GroupKFold_Source,5,803,Van Nguyen et al. (2022),2.756205242989257,3.069186528389516
RandomForest,GroupKFold_Source,6,352,Gu et al. (2010),2.93651291389402,2.950340272291025
RandomForest,GroupKFold_Source,6,353,Gu et al. (2010),2.954910279033736,2.78988337896382
RandomForest,GroupKFold_Source,6,354,Gu et al. (2010),2.9258461460898246,2.6198832753021106
RandomForest,GroupKFold_Source,6,355,Gu et al. (2010),2.72785282839839,2.3414471098106007
RandomForest,GroupKFold_Source,6,356,Gu et al. (2010),3.5787855313168624,3.2269693714444876
RandomForest,GroupKFold_Source,6,357,Gu et al. (2010),3.349904087274605,3.1905576911335998
RandomForest,GroupKFold_Source,6,358,Gu et al. (2010),3.3690184832979204,3.1683682702948026
RandomForest,GroupKFold_Source,6,359,Gu et al. (2010),3.214867803470662,3.037715513099271
RandomForest,GroupKFold_Source,6,360,Gu et al. (2010),3.5681232529781366,2.978752571346669
RandomForest,GroupKFold_Source,6,361,Gu et al. (2010),3.475067230228611,2.879669145322215
RandomForest,GroupKFold_Source,6,362,Gu et al. (2010),2.307572634505085,2.6546830263286436
RandomForest,GroupKFold_Source,6,363,Gu et al. (2010),3.139832617527748,2.4536203555763705
RandomForest,GroupKFold_Source,6,364,Gu et al. (2010),3.065724645374026,2.3425422452965967
RandomForest,GroupKFold_Source,6,365,Gu et al. (2010),3.0469005601283903,2.797948932210025
RandomForest,GroupKFold_Source,6,366,Gu et al. (2010),3.1245651453969594,2.8227229488835364
RandomForest,GroupKFold_Source,6,367,Dong et al. (2011),3.5380565643793527,3.2591032228350656
RandomForest,GroupKFold_Source,6,368,Dong et al. (2011),2.8118094353930627,3.2145334641717915
RandomForest,GroupKFold_Source,6,369,Dong et al. (2011),3.4995332823830174,3.258891562291051
RandomForest,GroupKFold_Source,6,370,Dong et al. (2011),3.328985047548231,3.2106584705270844
RandomForest,GroupKFold_Source,6,371,Dong et al. (2011),3.0440461338325417,3.0679287675728752
RandomForest,GroupKFold_Source,6,372,Dong et al. (2011),3.022860940942244,3.056355826624857
RandomForest,GroupKFold_Source,6,373,Dong et al. (2011),3.339321977944068,3.3369315951024228
RandomForest,GroupKFold_Source,6,374,Dong et al. (2011),3.5049566159530077,3.409955981617109
RandomForest,GroupKFold_Source,6,375,Dong et al. (2011),3.3120018028576843,3.3099079554091286
RandomForest,GroupKFold_Source,6,376,Dong et al. (2011),3.5004392163118045,3.244461478675221
RandomForest,GroupKFold_Source,6,377,Dong et al. (2011),3.2136622578153133,3.242361669332162
RandomForest,GroupKFold_Source,6,521,Dasar et al. (2017),3.66612246699132,4.18562896516702
RandomForest,GroupKFold_Source,6,522,Dasar et al. (2017),3.529297384289471,3.6936009273728363
RandomForest,GroupKFold_Source,6,523,Dasar et al. (2017),3.0726933146901194,3.4694610268509067
RandomForest,GroupKFold_Source,6,636,O'Flaherty and Browne (2019),1.9726911717329554,1.733966615055941
RandomForest,GroupKFold_Source,6,637,O'Flaherty and Browne (2019),1.922787731634459,1.6926214315176222
RandomForest,GroupKFold_Source,6,638,O'Flaherty and Browne (2019),1.7029282555214393,1.6909504987141883
RandomForest,GroupKFold_Source,6,639,O'Flaherty and Browne (2019),1.6486586255873816,1.1991102469742296
RandomForest,GroupKFold_Source,6,640,O'Flaherty and Browne (2019),1.4883995840570443,1.1029589780241922
RandomForest,GroupKFold_Source,6,641,O'Flaherty and Browne (2019),0.8878912573524571,0.8152384782036415
RandomForest,GroupKFold_Source,6,642,O'Flaherty and Browne (2019),0.9555114450274363,0.8160222444854467
RandomForest,GroupKFold_Source,6,643,O'Flaherty and Browne (2019),1.937301774518713,1.7317146685706457
RandomForest,GroupKFold_Source,6,644,O'Flaherty and Browne (2019),1.965712776351493,1.690653468941685
RandomForest,GroupKFold_Source,6,645,O'Flaherty and Browne (2019),1.8764069432883397,1.690653468941685
RandomForest,GroupKFold_Source,6,646,O'Flaherty and Browne (2019),1.7316555451583497,1.6903618943367589
RandomForest,GroupKFold_Source,6,647,O'Flaherty and Browne (2019),1.7209792871670078,1.602875572903252
RandomForest,GroupKFold_Source,6,648,O'Flaherty and Browne (2019),1.4770487243883548,1.2001829192770392
RandomForest,GroupKFold_Source,6,649,O'Flaherty and Browne (2019),1.4586150226995167,1.1423886989422107
RandomForest,GroupKFold_Source,6,650,O'Flaherty and Browne (2019),1.1184149159642893,0.8227323322507016
RandomForest,GroupKFold_Source,6,651,O'Flaherty and Browne (2019),0.959350221334602,0.8165410051606589
RandomForest,GroupKFold_Source,6,652,O'Flaherty and Browne (2019),1.6448050562713916,1.7316707204195472
RandomForest,GroupKFold_Source,6,653,O'Flaherty and Browne (2019),1.4445632692438664,1.2772503726936824
RandomForest,GroupKFold_Source,6,654,O'Flaherty and Browne (2019),1.423108334242607,1.4968921483121884
RandomForest,GroupKFold_Source,6,655,O'Flaherty and Browne (2019),1.6789639750827108,1.682855460637063
RandomForest,GroupKFold_Source,6,656,O'Flaherty and Browne (2019),1.589235205116581,1.6607840313552489
RandomForest,GroupKFold_Source,6,657,O'Flaherty and Browne (2019),1.4655675420143985,1.4233973485905635
RandomForest,GroupKFold_Source,6,658,O'Flaherty and Browne (2019),0.7561219797213337,0.8317788552021647
RandomForest,GroupKFold_Source,6,659,O'Flaherty and Browne (2019),1.1878434223960523,1.179413408380737
RandomForest,GroupKFold_Source,6,660,O'Flaherty and Browne (2019),0.22314355131420976,0.82143016686475
RandomForest,GroupKFold_Source,6,661,O'Flaherty and Browne (2019),2.3850863145057892,2.168203773132557
RandomForest,GroupKFold_Source,6,662,O'Flaherty and Browne (2019),2.3832429960115,2.0964160378598913
RandomForest,GroupKFold_Source,6,663,O'Flaherty and Browne (2019),2.330200260027019,2.096538367962674
RandomForest,GroupKFold_Source,6,664,O'Flaherty and Browne (2019),2.145931282948669,2.129087427139388
RandomForest,GroupKFold_Source,6,665,O'Flaherty and Browne (2019),2.0955609235597192,2.0976611019042717
RandomForest,GroupKFold_Source,6,666,O'Flaherty and Browne (2019),2.0781907597781832,2.029376481213411
RandomForest,GroupKFold_Source,6,667,O'Flaherty and Browne (2019),2.057962510002712,1.8457361518859141
RandomForest,GroupKFold_Source,6,668,O'Flaherty and Browne (2019),2.2502386126218363,2.182590062130418
RandomForest,GroupKFold_Source,6,669,O'Flaherty and Browne (2019),2.162172939277301,2.1477968969024888
RandomForest,GroupKFold_Source,6,670,O'Flaherty and Browne (2019),2.1815467646169897,2.125006317332948
RandomForest,GroupKFold_Source,6,671,O'Flaherty and Browne (2019),1.9754689512968577,2.0258684463168413
RandomForest,GroupKFold_Source,6,672,O'Flaherty and Browne (2019),1.9300710850255671,1.8447056195431661
RandomForest,GroupKFold_Source,6,673,O'Flaherty and Browne (2019),1.9139771019523042,1.823520327584571
RandomForest,GroupKFold_Source,6,674,O'Flaherty and Browne (2019),2.175887439948088,2.15255766504692
RandomForest,GroupKFold_Source,6,775,Nasser et al. (2022),3.490428515390098,2.8127604653026004
RandomForest,GroupKFold_Source,6,776,Nasser et al. (2022),3.5004392163118045,2.8127604653026004
RandomForest,GroupKFold_Source,6,777,Nasser et al. (2022),3.414442608412176,2.745382050237023
RandomForest,GroupKFold_Source,6,778,Nasser et al. (2022),3.4187098067467865,2.745382050237023
RandomForest,GroupKFold_Source,6,779,Nasser et al. (2022),3.4339872044851463,2.641537548372504
RandomForest,GroupKFold_Source,6,780,Nasser et al. (2022),3.395514598526657,2.584862463660651
RandomForest,GroupKFold_Source,6,781,Nasser et al. (2022),3.3648791189880436,2.566928607725884
RandomForest,GroupKFold_Source,6,782,Nasser et al. (2022),3.1135153092103742,2.358269591936478
RandomForest,GroupKFold_Source,7,172,O'Flaherty et al. (2004),1.6448050562713916,1.817863684432864
RandomForest,GroupKFold_Source,7,173,O'Flaherty et al. (2004),1.6448050562713916,1.817863684432864
RandomForest,GroupKFold_Source,7,174,O'Flaherty et al. (2004),1.6789639750827108,1.6987922447047608
RandomForest,GroupKFold_Source,7,175,O'Flaherty et al. (2004),1.589235205116581,1.6791548483285295
RandomForest,GroupKFold_Source,7,176,O'Flaherty et al. (2004),1.425515074273172,1.5085872962142268
RandomForest,GroupKFold_Source,7,177,O'Flaherty et al. (2004),1.4655675420143985,1.5120443293434962
RandomForest,GroupKFold_Source,7,178,O'Flaherty et al. (2004),1.4327007339340465,1.5162672878361665
RandomForest,GroupKFold_Source,7,179,O'Flaherty et al. (2004),1.1908875647772805,1.4399600709524485
RandomForest,GroupKFold_Source,7,180,O'Flaherty et al. (2004),0.7608058290337602,0.9646510843722554
RandomForest,GroupKFold_Source,7,181,O'Flaherty et al. (2004),0.23111172096338664,0.9143405879516089
RandomForest,GroupKFold_Source,7,182,O'Flaherty et al. (2004),2.0541237336955462,2.3408031082779397
RandomForest,GroupKFold_Source,7,183,O'Flaherty et al. (2004),2.0541237336955462,2.3408031082779397
RandomForest,GroupKFold_Source,7,184,O'Flaherty et al. (2004),2.064327903869788,2.183531101525131
RandomForest,GroupKFold_Source,7,185,O'Flaherty et al. (2004),1.9286186519452522,2.1522786905792
RandomForest,GroupKFold_Source,7,186,O'Flaherty et al. (2004),1.7850704810772584,2.08239733654197
RandomForest,GroupKFold_Source,7,187,O'Flaherty et al. (2004),1.8389610707123492,2.015704550575718
RandomForest,GroupKFold_Source,7,188,O'Flaherty et al. (2004),1.6770965609079151,2.002640524465573
RandomForest,GroupKFold_Source,7,189,O'Flaherty et al. (2004),1.6074359097634274,1.9811309947228155
RandomForest,GroupKFold_Source,7,190,O'Flaherty et al. (2004),2.2935443483418965,2.3504826583966474
RandomForest,GroupKFold_Source,7,191,O'Flaherty et al. (2004),2.2935443483418965,2.3504826583966474
RandomForest,GroupKFold_Source,7,192,O'Flaherty et al. (2004),2.222459048514761,2.2552221484544552
RandomForest,GroupKFold_Source,7,193,O'Flaherty et al. (2004),2.180417459019838,2.2512018174661126
RandomForest,GroupKFold_Source,7,194,O'Flaherty et al. (2004),2.0731719286662407,2.2347360733434574
RandomForest,GroupKFold_Source,7,195,O'Flaherty et al. (2004),1.9685099809725544,2.2316839278976306
RandomForest,GroupKFold_Source,7,196,O'Flaherty et al. (2004),2.0425181875752383,2.2725094457704644
RandomForest,GroupKFold_Source,7,197,O'Flaherty et al. (2004),1.8468787684491346,2.187439335859899
RandomForest,GroupKFold_Source,7,263,Du et al. (2007),4.212127597878484,3.488206564639665
RandomForest,GroupKFold_Source,7,264,Du et al. (2007),4.0975062255596795,3.448990964257819
RandomForest,GroupKFold_Source,7,265,Du et al. (2007),4.183423245305645,3.4305164656911584
RandomForest,GroupKFold_Source,7,266,Du et al. (2007),3.85946575468947,3.388537051582023
RandomForest,GroupKFold_Source,7,267,Du et al. (2007),4.089834406744215,3.4625100524484687
RandomForest,GroupKFold_Source,7,268,Du et al. (2007),4.039360253889341,3.4117383182988936
RandomForest,GroupKFold_Source,7,269,Du et al. (2007),3.931041011263908,3.3856591064020587
RandomForest,GroupKFold_Source,7,270,Du et al. (2007),3.891412051524022,3.375985805764018
RandomForest,GroupKFold_Source,7,271,Du et al. (2007),3.4391352210025476,3.366282859004774
RandomForest,GroupKFold_Source,7,272,Du et al. (2007),3.3683297780365384,3.293347604954746
RandomForest,GroupKFold_Source,7,273,Du et al. (2007),2.9801108926510342,2.928204092192907
RandomForest,GroupKFold_Source,7,274,Du et al. (2007),2.87976009730157,2.7737251271031824
RandomForest,GroupKFold_Source,7,275,Du et al. (2007),2.9801108926510342,2.988242529773349
RandomForest,GroupKFold_Source,7,276,Du et al. (2007),2.9801108926510342,2.9978322496714283
RandomForest,GroupKFold_Source,7,277,Du et al. (2007),2.775708849576025,2.872028169374766
RandomForest,GroupKFold_Source,7,278,Du et al. (2007),2.643333886382519,2.9519396522886674
RandomForest,GroupKFold_Source,7,279,Du et al. (2007),2.567254391136754,2.8191449119503194
RandomForest,GroupKFold_Source,7,291,Cairns et al. (2008),2.3589654264301534,2.698375127335001
RandomForest,GroupKFold_Source,7,292,Cairns et al. (2008),2.5610957881455465,2.518383553495877
RandomForest,GroupKFold_Source,7,293,Cairns et al. (2008),2.5862591440482876,2.501452253617485
RandomForest,GroupKFold_Source,7,294,Cairns et al. (2008),3.2433732964685884,3.2787847826269987
RandomForest,GroupKFold_Source,7,295,Cairns et al. (2008),3.3013770463799443,3.16380391869193
RandomForest,GroupKFold_Source,7,296,Cairns et al. (2008),3.3683297780365384,3.2780452267044535
RandomForest,GroupKFold_Source,7,297,Cairns et al. (2008),3.4732079176384274,3.15223189519065
RandomForest,GroupKFold_Source,7,298,Cairns et al. (2008),3.4732079176384274,3.151787151579099
RandomForest,GroupKFold_Source,7,299,Cairns et al. (2008),3.267284964075888,2.7101658201560976
RandomForest,GroupKFold_Source,7,300,Cairns et al. (2008),3.2969473602883563,2.5484338599612304
RandomForest,GroupKFold_Source,7,301,Cairns et al. (2008),3.3456846717318967,2.5489266269771322
RandomForest,GroupKFold_Source,7,302,Cairns et al. (2008),3.367640598133313,2.7101658201560976
RandomForest,GroupKFold_Source,7,303,Cairns et al. (2008),3.3565486299932736,2.6177369574462106
RandomForest,GroupKFold_Source,7,499,Zhu et al. (2015),3.708682081410116,3.528044382595384
RandomForest,GroupKFold_Source,7,500,Zhu et al. (2015),3.636269503841639,3.528044382595384
RandomForest,GroupKFold_Source,7,501,Zhu et al. (2015),3.5567756134805992,3.1606414291920553
RandomForest,GroupKFold_Source,7,502,Zhu et al. (2015),3.418054498728578,3.1715729057862077
RandomForest,GroupKFold_Source,7,600,Zhou et al. (2018),2.714694743820879,3.1138158749532074
RandomForest,GroupKFold_Source,7,601,Zhou et al. (2018),2.580974118534234,3.041125362650183
RandomForest,GroupKFold_Source,7,602,Zhou et al. (2018),2.517696472610991,3.013417130452171
RandomForest,GroupKFold_Source,7,603,Zhou et al. (2018),2.502255288122613,3.0028893306429736
RandomForest,GroupKFold_Source,7,604,Zhou et al. (2018),2.4765384001174837,2.9848903756539693
RandomForest,GroupKFold_Source,7,605,Zhou et al. (2018),2.4069451083182885,2.927483294511179
RandomForest,GroupKFold_Source,7,606,Zhou et al. (2018),2.303584593327129,2.9044326652818384
RandomForest,GroupKFold_Source,7,607,Zhou et al. (2018),2.150598735996164,2.89442589478343
RandomForest,GroupKFold_Source,7,608,Zhou et al. (2018),2.028148247292285,2.8123878229597157
RandomForest,GroupKFold_Source,7,609,Zhou et al. (2018),1.9726911717329554,2.7784569410898667
RandomForest,GroupKFold_Source,7,675,Tan et al. (2019),1.7083778602890038,2.034362248151809
RandomForest,GroupKFold_Source,7,676,Tan et al. (2019),1.7749523509116738,1.8847019946615189
RandomForest,GroupKFold_Source,7,677,Tan et al. (2019),1.601405740736836,1.827909949576193
RandomForest,GroupKFold_Source,7,678,Tan et al. (2019),1.9851308622085946,2.0655365706054902
RandomForest,GroupKFold_Source,7,679,Tan et al. (2019),1.9906103279732201,1.9202972397766094
RandomForest,GroupKFold_Source,7,680,Tan et al. (2019),1.7647307968401356,1.8651732624949602
RandomForest,GroupKFold_Source,8,0,Al-Sulaimani et al. (1990),1.9530276168241774,1.8027591191093977
RandomForest,GroupKFold_Source,8,1,Al-Sulaimani et al. (1990),1.9572739077056285,1.8027591191093977
RandomForest,GroupKFold_Source,8,2,Al-Sulaimani et al. (1990),1.9530276168241774,1.799939948080663
RandomForest,GroupKFold_Source,8,3,Al-Sulaimani et al. (1990),1.9600947840472698,1.78032367371204
RandomForest,GroupKFold_Source,8,4,Al-Sulaimani et al. (1990),1.9487632180377197,1.7367419901117829
RandomForest,GroupKFold_Source,8,5,Al-Sulaimani et al. (1990),1.9344157696295783,1.7224281551603862
RandomForest,GroupKFold_Source,8,6,Al-Sulaimani et al. (1990),1.9387416595767009,1.7192582126955072
RandomForest,GroupKFold_Source,8,7,Al-Sulaimani et al. (1990),1.922787731634459,1.6945730808891186
RandomForest,GroupKFold_Source,8,8,Al-Sulaimani et al. (1990),1.8870696490323797,1.658687522864852
RandomForest,GroupKFold_Source,8,9,Al-Sulaimani et al. (1990),1.843719208158766,1.5940866561232074
RandomForest,GroupKFold_Source,8,10,Al-Sulaimani et al. (1990),1.8531680973566984,1.5472716948127156
RandomForest,GroupKFold_Source,8,11,Al-Sulaimani et al. (1990),1.8453002361560848,1.547803657792483
RandomForest,GroupKFold_Source,8,12,Rodriguez et al. (1997),2.714694743820879,2.837969557699431
RandomForest,GroupKFold_Source,8,13,Rodriguez et al. (1997),2.7536607123542622,2.837969557699431
RandomForest,GroupKFold_Source,8,14,Rodriguez et al. (1997),2.312535423847214,2.647660867581814
RandomForest,GroupKFold_Source,8,15,Rodriguez et al. (1997),2.3513752571634776,2.667995526260561
RandomForest,GroupKFold_Source,8,16,Rodriguez et al. (1997),2.451005098112319,2.68483745661279
RandomForest,GroupKFold_Source,8,17,Rodriguez et al. (1997),2.151762203259462,2.5175513943813415
RandomForest,GroupKFold_Source,8,18,Rodriguez et al. (1997),3.586292865338835,2.8409087646328044
RandomForest,GroupKFold_Source,8,19,Rodriguez et al. (1997),3.6454498961866,2.8409087646328044
RandomForest,GroupKFold_Source,8,20,Rodriguez et al. (1997),3.367295829986474,2.743630835137913
RandomForest,GroupKFold_Source,8,21,Rodriguez et al. (1997),3.6402142821326553,3.056298429664628
RandomForest,GroupKFold_Source,8,22,Rodriguez et al. (1997),3.6584202466292277,3.056298429664628
RandomForest,GroupKFold_Source,8,23,Rodriguez et al. (1997),3.339321977944068,2.957549870744411
RandomForest,GroupKFold_Source,8,24,Rodriguez et al. (1997),3.349904087274605,2.8818068533849055
RandomForest,GroupKFold_Source,8,25,Rodriguez et al. (1997),3.3141860046725258,2.922482056975377
RandomForest,GroupKFold_Source,8,143,Jin and Zhao (2001),2.322387720290225,2.190065274856133
RandomForest,GroupKFold_Source,8,144,Jin and Zhao (2001),2.254444717666111,2.184125318987986
RandomForest,GroupKFold_Source,8,145,Jin and Zhao (2001),2.286455711064162,2.158576336242122
RandomForest,GroupKFold_Source,8,146,Jin and Zhao (2001),2.2321626286975,2.162357230303751
RandomForest,GroupKFold_Source,8,147,Jin and Zhao (2001),2.329227023940467,2.162357230303751
RandomForest,GroupKFold_Source,8,148,Jin and Zhao (2001),2.254444717666111,2.162357230303751
RandomForest,GroupKFold_Source,8,149,Jin and Zhao (2001),2.187174241482718,2.158576336242122
RandomForest,GroupKFold_Source,8,150,Jin and Zhao (2001),2.2049722641270453,2.146816707404262
RandomForest,GroupKFold_Source,8,151,Jin and Zhao (2001),2.254444717666111,2.146816707404262
RandomForest,GroupKFold_Source,8,152,Jin and Zhao (2001),2.162172939277301,2.1489360230107253
RandomForest,GroupKFold_Source,8,153,Jin and Zhao (2001),2.162172939277301,2.155861722708992
RandomForest,GroupKFold_Source,8,154,Jin and Zhao (2001),2.1041341542702074,2.1422996267391925
RandomForest,GroupKFold_Source,8,155,Jin and Zhao (2001),2.162172939277301,2.0698629654827743
RandomForest,GroupKFold_Source,8,156,Jin and Zhao (2001),2.048982334195127,2.0050076314353174
RandomForest,GroupKFold_Source,8,157,Jin and Zhao (2001),2.2935443483418965,2.1684595843569197
RandomForest,GroupKFold_Source,8,158,Jin and Zhao (2001),2.1471001901536506,2.0700943500081195
RandomForest,GroupKFold_Source,8,159,Jin and Zhao (2001),2.1186622548331173,2.0472034165239594
RandomForest,GroupKFold_Source,8,472,Wang et al. (2014),4.405010471064257,4.513349424463231
RandomForest,GroupKFold_Source,8,473,Wang et al. (2014),4.370712874773608,4.281779983512152
RandomForest,GroupKFold_Source,8,474,Wang et al. (2014),4.2903224454635405,4.158284591447253
RandomForest,GroupKFold_Source,8,475,Wang et al. (2014),4.207226719278773,4.148616812030196
RandomForest,GroupKFold_Source,8,476,Wang et al. (2014),4.094011173320863,4.112720132109568
RandomForest,GroupKFold_Source,8,477,Wang et al. (2014),4.418479096676194,4.490542987281717
RandomForest,GroupKFold_Source,8,478,Wang et al. (2014),4.145987795373939,4.17649761167256
RandomForest,GroupKFold_Source,8,479,Wang et al. (2014),4.312408567793012,4.495651385575454
RandomForest,GroupKFold_Source,8,480,Wang et al. (2014),4.020159664032724,4.190851376434949
RandomForest,GroupKFold_Source,8,481,Wang et al. (2014),4.453300236649965,4.482161221843639
RandomForest,GroupKFold_Source,8,482,Wang et al. (2014),4.27332721775054,4.206118399174013
RandomForest,GroupKFold_Source,8,483,Wang et al. (2014),4.100492292808335,4.106467680593504
RandomForest,GroupKFold_Source,8,484,Wang et al. (2014),3.9900945408483017,4.004561729836009
RandomForest,GroupKFold_Source,8,485,Wang et al. (2014),3.902578546600146,3.9313581502639723
RandomForest,GroupKFold_Source,8,486,Wang et al. (2014),3.766071949943842,3.8013451097466593
RandomForest,GroupKFold_Source,8,487,Wang et al. (2014),3.634159241913703,3.718258834703373
RandomForest,GroupKFold_Source,8,488,Wang et al. (2014),4.233961566558017,4.113056828667268
RandomForest,GroupKFold_Source,8,489,Wang et al. (2014),3.9527809979003137,3.821048342398798
RandomForest,GroupKFold_Source,8,490,Wang et al. (2014),3.998017198595007,4.103919590675274
RandomForest,GroupKFold_Source,8,491,Wang et al. (2014),3.6823582371236707,3.7860185796288057
RandomForest,GroupKFold_Source,8,492,Wang et al. (2014),4.360292142527875,4.123381282234707
RandomForest,GroupKFold_Source,8,493,Wang et al. (2014),4.124388683570477,3.7776774883569844
RandomForest,GroupKFold_Source,8,494,Zhu and François (2014),3.560477739309412,3.5816364618914394
RandomForest,GroupKFold_Source,8,495,Zhu and François (2014),3.2913825156549485,3.335174898452461
RandomForest,GroupKFold_Source,8,519,Zhu and François (2016),3.590715205326705,3.6261163224781456
RandomForest,GroupKFold_Source,8,520,Zhu and François (2016),3.093312601892855,3.4696594758534647
RandomForest,GroupKFold_Source,8,626,Jung et al. (2019),3.1978564576441255,3.537011874588037
RandomForest,GroupKFold_Source,8,627,Jung et al. (2019),3.1642084235258925,3.5117492999864774
RandomForest,GroupKFold_Source,8,628,Jung et al. (2019),3.1450139762697455,3.512292435832319
RandomForest,GroupKFold_Source,8,629,Jung et al. (2019),3.1867657709499673,3.512292435832319
RandomForest,GroupKFold_Source,8,630,Jung et al. (2019),3.1578511230304263,3.5117492999864774
RandomForest,GroupKFold_Source,8,631,Jung et al. (2019),3.0726933146901194,3.512292435832319
RandomForest,GroupKFold_Source,8,632,Jung et al. (2019),3.1041381473977774,3.512292435832319
RandomForest,GroupKFold_Source,8,633,Jung et al. (2019),3.1424266527047946,3.512292435832319
RandomForest,GroupKFold_Source,9,380,Oyado et al. (2011),2.911263116927541,2.873840559437444
RandomForest,GroupKFold_Source,9,381,Oyado et al. (2011),2.8027541365715076,2.813326218395224
RandomForest,GroupKFold_Source,9,382,Oyado et al. (2011),2.7700855920216627,2.798752084075797
RandomForest,GroupKFold_Source,9,383,Oyado et al. (2011),2.8237570088141806,2.8212896874263693
RandomForest,GroupKFold_Source,9,384,Oyado et al. (2011),2.8524391037275145,2.8179490860704304
RandomForest,GroupKFold_Source,9,385,Oyado et al. (2011),2.548663615590751,2.555249798043922
RandomForest,GroupKFold_Source,9,386,Oyado et al. (2011),2.65745841498615,2.5909076338870007
RandomForest,GroupKFold_Source,9,387,Oyado et al. (2011),2.6837575085331657,2.5871144522121376
RandomForest,GroupKFold_Source,9,388,Oyado et al. (2011),2.8741294517947424,2.882517423279987
RandomForest,GroupKFold_Source,9,389,Oyado et al. (2011),2.714694743820879,2.458929021042723
RandomForest,GroupKFold_Source,9,390,Oyado et al. (2011),2.7093826463359885,2.564308773126058
RandomForest,GroupKFold_Source,9,391,Oyado et al. (2011),2.5289235352047745,2.4273320598278145
RandomForest,GroupKFold_Source,9,392,Oyado et al. (2011),1.144222799920162,2.382274653097767
RandomForest,GroupKFold_Source,9,393,Xia et al. (2012),3.121483478859551,3.495931574249649
RandomForest,GroupKFold_Source,9,394,Xia et al. (2012),3.1018924693823817,3.3060019471111626
RandomForest,GroupKFold_Source,9,395,Xia et al. (2012),3.0740812399649675,3.276185854126818
RandomForest,GroupKFold_Source,9,396,Xia et al. (2012),3.027715319407042,3.2516255747519076
RandomForest,GroupKFold_Source,9,397,Xia et al. (2012),3.0368742168851663,3.069355308848271
RandomForest,GroupKFold_Source,9,398,Xia et al. (2012),3.0619880693310564,3.0386520762859877
RandomForest,GroupKFold_Source,9,399,Xia et al. (2012),2.995732273553991,3.018198383721638
RandomForest,GroupKFold_Source,9,400,Xia et al. (2012),3.0368742168851663,3.012569793982648
RandomForest,GroupKFold_Source,9,401,Xia et al. (2012),2.9559514035421466,3.013336681837803
RandomForest,GroupKFold_Source,9,402,Xia et al. (2012),2.9090844668283187,2.944685878240439
RandomForest,GroupKFold_Source,9,403,Xia et al. (2012),3.6506582412937387,3.4851769612775714
RandomForest,GroupKFold_Source,9,404,Xia et al. (2012),3.6041382256588457,3.3013773615989632
RandomForest,GroupKFold_Source,9,405,Xia et al. (2012),3.5553480614894135,3.2906029692487175
RandomForest,GroupKFold_Source,9,406,Xia et al. (2012),3.5403794457954922,3.273972948151716
RandomForest,GroupKFold_Source,9,407,Xia et al. (2012),3.5564902660681907,3.2407256001983127
RandomForest,GroupKFold_Source,9,408,Xia et al. (2012),3.5801800371905954,3.0948915464101265
RandomForest,GroupKFold_Source,9,409,Xia et al. (2012),3.4989288701554906,3.0823893861638134
RandomForest,GroupKFold_Source,9,410,Xia et al. (2012),3.537765824444175,3.0369250505890983
RandomForest,GroupKFold_Source,9,411,Xia et al. (2012),3.5403794457954922,3.0329345631730478
RandomForest,GroupKFold_Source,9,412,Xia et al. (2012),3.4697901731277674,3.0277992689394297
RandomForest,GroupKFold_Source,9,515,Zhang et al. (2016),4.0943445622221,4.302146091402851
RandomForest,GroupKFold_Source,9,516,Zhang et al. (2016),4.053522567701846,4.243654529859882
RandomForest,GroupKFold_Source,9,517,Zhang et al. (2016),4.00369019395397,4.141861113495438
RandomForest,GroupKFold_Source,9,518,Zhang et al. (2016),3.8199077165203406,3.9899084613945255
RandomForest,GroupKFold_Source,9,581,Ye et al. (2018),2.5079719227189963,2.214475756628971
RandomForest,GroupKFold_Source,9,582,Ye et al. (2018),2.488234439880675,2.16627463383607
RandomForest,GroupKFold_Source,9,583,Ye et al. (2018),2.4782176616372036,2.1502359883359627
RandomForest,GroupKFold_Source,9,584,Ye et al. (2018),2.4807312783775197,2.0876819008275485
RandomForest,GroupKFold_Source,9,585,Ye et al. (2018),2.4612967841488667,1.9175005243116188
RandomForest,GroupKFold_Source,9,586,Ye et al. (2018),2.510411940196362,2.157278971510021
RandomForest,GroupKFold_Source,9,587,Ye et al. (2018),2.4714836294558595,2.136864092309769
RandomForest,GroupKFold_Source,9,588,Ye et al. (2018),2.424802725718295,2.083989798452419
RandomForest,GroupKFold_Source,9,589,Ye et al. (2018),2.3933394562625097,1.911249924404922
RandomForest,GroupKFold_Source,9,590,Ye et al. (2018),2.4553061800117097,2.143910092651816
RandomForest,GroupKFold_Source,9,591,Ye et al. (2018),2.412335956953165,2.1406829329306167
RandomForest,GroupKFold_Source,9,592,Ye et al. (2018),2.33214389523559,2.086746497602051
RandomForest,GroupKFold_Source,9,593,Ye et al. (2018),2.2512917986064953,1.9044308028664856
RandomForest,GroupKFold_Source,9,594,Ye et al. (2018),2.479894107964456,2.118981578879868
RandomForest,GroupKFold_Source,9,595,Ye et al. (2018),2.468099531471619,1.8793374829917475
RandomForest,GroupKFold_Source,9,596,Ye et al. (2018),2.4731713935695794,2.136309405817869
RandomForest,GroupKFold_Source,9,597,Ye et al. (2018),2.4344901638739844,1.8994070929737812
RandomForest,GroupKFold_Source,9,598,Ye et al. (2018),2.453587966530573,2.130581680685108
RandomForest,GroupKFold_Source,9,599,Ye et al. (2018),2.336986519711378,1.879156875891041
RandomForest,GroupKFold_Source,9,610,Hou et al. (2019),3.535145354171894,3.6162875748070844
RandomForest,GroupKFold_Source,9,611,Hou et al. (2019),3.537765824444175,3.54378909679263
RandomForest,GroupKFold_Source,9,612,Hou et al. (2019),3.3867603338643857,3.4814311391859087
RandomForest,GroupKFold_Source,9,613,Hou et al. (2019),3.1834558796369405,3.440360785474782
RandomForest,GroupKFold_Source,9,614,Hou et al. (2019),3.597860055726768,3.616550797936017
RandomForest,GroupKFold_Source,9,615,Hou et al. (2019),3.3669509429335642,3.5142850162153185
RandomForest,GroupKFold_Source,9,616,Hou et al. (2019),3.494384096388273,3.5557026199291983
RandomForest,GroupKFold_Source,9,617,Hou et al. (2019),3.4461707473048864,3.4863277245514253
RandomForest,GroupKFold_Source,9,618,Hou et al. (2019),3.5251833614431467,3.491098072679876
RandomForest,GroupKFold_Source,9,619,Hou et al. (2019),3.4490347110763153,3.4736789414531284
RandomForest,GroupKFold_Source,9,620,Hou et al. (2019),3.080532875246456,3.38710634772138
RandomForest,GroupKFold_Source,9,621,Hou et al. (2019),3.1654750481410856,3.4720481850804124
RandomForest,GroupKFold_Source,9,685,Zhang et al. (2019),1.851599469584072,1.8470660566145063
RandomForest,GroupKFold_Source,9,686,Zhang et al. (2019),1.7715567619105355,1.8488385152188138
RandomForest,GroupKFold_Source,9,687,Zhang et al. (2019),1.7457155307266483,1.846204947310418
RandomForest,GroupKFold_Source,9,688,Zhang et al. (2019),1.6845453849209058,1.8422030511108334
RandomForest,GroupKFold_Source,9,689,Zhang et al. (2019),1.7833912195575383,1.8270807933023414
RandomForest,GroupKFold_Source,9,690,Zhang et al. (2019),2.532902848056256,1.8532451877839362
RandomForest,GroupKFold_Source,9,691,Zhang et al. (2019),2.413231613081109,1.8601766266705626
RandomForest,GroupKFold_Source,9,692,Zhang et al. (2019),1.7544036826842861,1.8428953672108783
RandomForest,GroupKFold_Source,10,503,Liu et al. (2016),4.174541104216377,3.595232900687257
RandomForest,GroupKFold_Source,10,504,Liu et al. (2016),4.152613470346076,3.595232900687257
RandomForest,GroupKFold_Source,10,505,Liu et al. (2016),4.152613470346076,3.503038588978532
RandomForest,GroupKFold_Source,10,506,Liu et al. (2016),4.179604406172924,3.503038588978532
RandomForest,GroupKFold_Source,10,507,Liu et al. (2016),4.090838422892813,3.473288178159417
RandomForest,GroupKFold_Source,10,508,Liu et al. (2016),4.080245637842599,3.4689770507524473
RandomForest,GroupKFold_Source,10,509,Liu et al. (2016),4.015301354881648,3.4458305419198982
RandomForest,GroupKFold_Source,10,510,Liu et al. (2016),4.051958845725663,3.4445032969062135
RandomForest,GroupKFold_Source,10,511,Liu et al. (2016),3.985087576285151,3.3983035622266637
RandomForest,GroupKFold_Source,10,512,Liu et al. (2016),3.9682142850778885,3.395360813685587
RandomForest,GroupKFold_Source,10,513,Liu et al. (2016),3.930648469551311,3.3815566093976277
RandomForest,GroupKFold_Source,10,514,Liu et al. (2016),3.883623530906448,3.3764892598667244
RandomForest,GroupKFold_Source,10,528,Lim et al. (2017),1.4327007339340465,1.8579647066512586
RandomForest,GroupKFold_Source,10,529,Lim et al. (2017),1.5390154481375546,1.8770930894052922
RandomForest,GroupKFold_Source,10,530,Lim et al. (2017),1.4036429994545037,1.8006434625707548
RandomForest,GroupKFold_Source,10,531,Lim et al. (2017),1.2029723039923526,1.5363142684443456
RandomForest,GroupKFold_Source,10,545,Nguyen and Lambert (2018),2.2915241456346207,1.9217660547503441
RandomForest,GroupKFold_Source,10,546,Nguyen and Lambert (2018),2.262804222982201,1.9453976398660826
RandomForest,GroupKFold_Source,10,547,Nguyen and Lambert (2018),2.2512917986064953,1.9199477085054153
RandomForest,GroupKFold_Source,10,548,Nguyen and Lambert (2018),2.2235418856535927,1.9156305030800116
RandomForest,GroupKFold_Source,10,549,Nguyen and Lambert (2018),2.28949985344539,1.8818364743685234
RandomForest,GroupKFold_Source,10,550,Nguyen and Lambert (2018),2.2731562823032334,1.9217660547503441
RandomForest,GroupKFold_Source,10,551,Nguyen and Lambert (2018),2.231089091288976,1.9558776003445553
RandomForest,GroupKFold_Source,10,552,Nguyen and Lambert (2018),2.2364452904895007,1.9422108213850475
RandomForest,GroupKFold_Source,10,553,Nguyen and Lambert (2018),2.1972245773362196,1.9188016700774393
RandomForest,GroupKFold_Source,10,554,Nguyen and Lambert (2018),2.2364452904895007,1.8816869100106421
RandomForest,GroupKFold_Source,10,555,Nguyen and Lambert (2018),2.2679936482244267,1.9217660547503441
RandomForest,GroupKFold_Source,10,556,Nguyen and Lambert (2018),2.194999882314108,1.926342046670711
RandomForest,GroupKFold_Source,10,557,Nguyen and Lambert (2018),2.2082744135228043,1.9366488396075037
RandomForest,GroupKFold_Source,10,558,Nguyen and Lambert (2018),2.1972245773362196,1.9165260793611423
RandomForest,GroupKFold_Source,10,559,Nguyen and Lambert (2018),2.2289385528257473,1.8711171342858564
RandomForest,GroupKFold_Source,10,560,Nguyen and Lambert (2018),2.2648832258100344,1.9217660547503441
RandomForest,GroupKFold_Source,10,561,Nguyen and Lambert (2018),2.1114245875328868,1.8952731501803826
RandomForest,GroupKFold_Source,10,562,Nguyen and Lambert (2018),2.020222182019865,1.8938545994742455
RandomForest,GroupKFold_Source,10,563,Nguyen and Lambert (2018),2.061786606441115,1.8567996841346048
RandomForest,GroupKFold_Source,10,564,Nguyen and Lambert (2018),2.1138429683971682,1.8553271826679314
RandomForest,GroupKFold_Source,10,565,Yadav et al. (2018),3.8366526984033693,4.281411937751161
RandomForest,GroupKFold_Source,10,566,Yadav et al. (2018),3.7909846770510898,4.110124061157041
RandomForest,GroupKFold_Source,10,567,Yadav et al. (2018),3.711618941083426,3.927366838105292
RandomForest,GroupKFold_Source,10,568,Yadav et al. (2018),3.575710756008298,3.8263489963775332
RandomForest,GroupKFold_Source,10,569,Yadav et al. (2018),3.8588331769140267,4.314274514585947
RandomForest,GroupKFold_Source,10,570,Yadav et al. (2018),3.773220602547687,4.1548904121881325
RandomForest,GroupKFold_Source,10,571,Yadav et al. (2018),3.6901286735143684,3.9605499739033543
RandomForest,GroupKFold_Source,10,572,Yadav et al. (2018),3.6184569898173904,3.8459668029762786
RandomForest,GroupKFold_Source,10,573,Yadav et al. (2018),3.8975183192252643,4.2705542975133
RandomForest,GroupKFold_Source,10,574,Yadav et al. (2018),3.7918872041881655,4.114973078001323
RandomForest,GroupKFold_Source,10,575,Yadav et al. (2018),3.730501128804756,3.920282478007414
RandomForest,GroupKFold_Source,10,576,Yadav et al. (2018),3.662792119350618,3.8181718004268785
RandomForest,GroupKFold_Source,10,577,Yadav et al. (2018),3.934957976710642,4.306523368546119
RandomForest,GroupKFold_Source,10,578,Yadav et al. (2018),3.8588331769140267,4.146907072768096
RandomForest,GroupKFold_Source,10,579,Yadav et al. (2018),3.802654468372781,3.9534861286073597
RandomForest,GroupKFold_Source,10,580,Yadav et al. (2018),3.7428940424201746,3.8390605673507814
RandomForest,GroupKFold_Source,10,693,Biswas et al. (2020),3.996364153861897,4.17917551030183
RandomForest,GroupKFold_Source,10,694,Biswas et al. (2020),3.9627161197436642,4.112403231223731
RandomForest,GroupKFold_Source,10,695,Biswas et al. (2020),3.8958936234982624,3.964088666512069
RandomForest,GroupKFold_Source,10,696,Biswas et al. (2020),3.899950424193877,3.964088666512069
RandomForest,GroupKFold_Source,10,697,Biswas et al. (2020),3.7376696182833684,3.8616458316387905
RandomForest,GroupKFold_Source,10,698,Biswas et al. (2020),3.6000482404073204,3.8569367005903494
RandomForest,GroupKFold_Source,10,699,Biswas et al. (2020),2.8903717578961645,3.8319475903575686
RandomForest,GroupKFold_Source,10,752,Nasser et al. (2021),2.772588722239781,3.14952617823647
RandomForest,GroupKFold_Source,10,753,Nasser et al. (2021),2.739548868161581,3.1578396725719733
RandomForest,GroupKFold_Source,10,754,Nasser et al. (2021),2.7265447837383743,3.1578396725719733
RandomForest,GroupKFold_Source,10,755,Nasser et al. (2021),2.644044871126298,3.0257436300213443
RandomForest,GroupKFold_Source,10,756,Nasser et al. (2021),2.695977619867941,3.023817447666995
RandomForest,GroupKFold_Source,10,757,Nasser et al. (2021),2.5241273629412815,2.9597450638046
RandomForest,GroupKFold_Source,10,758,Nasser et al. (2021),2.4840729690394228,2.9563151135409975
RandomForest,GroupKFold_Source,10,759,Nasser et al. (2021),2.4397349311412793,2.869624051648374
RandomForest,GroupKFold_Source,10,760,Nasser et al. (2021),2.498973906999436,2.969332265243773
RandomForest,GroupKFold_Source,10,761,Nasser et al. (2021),2.3085671646715933,2.9276191680333756
RandomForest,GroupKFold_Source,10,762,Nasser et al. (2021),2.25758772706331,2.9276191680333756
RandomForest,GroupKFold_Source,10,763,Nasser et al. (2021),2.0881534822818573,2.825179804082644
RandomForest,GroupKFold_Source,10,764,Nasser et al. (2021),2.089391872533004,2.8436933188730618
RandomForest,GroupKFold_Source,10,765,Nasser et al. (2021),2.1587147225743437,2.774449622715811
RandomForest,GroupKFold_Source,10,766,Nasser et al. (2021),1.9933388426264242,2.7732014669246663
RandomForest,GroupKFold_Source,10,767,Nasser et al. (2021),2.017566137961748,2.7596685588874754
RandomForest,GroupKFold_Source,10,768,Nasser et al. (2021),2.0515563381903004,2.754677524095426
RandomForest,LeaveOneSourceOut,1,0,Al-Sulaimani et al. (1990),1.9530276168241774,1.7544170571818312
RandomForest,LeaveOneSourceOut,1,1,Al-Sulaimani et al. (1990),1.9572739077056285,1.7544170571818312
RandomForest,LeaveOneSourceOut,1,2,Al-Sulaimani et al. (1990),1.9530276168241774,1.7515223841420908
RandomForest,LeaveOneSourceOut,1,3,Al-Sulaimani et al. (1990),1.9600947840472698,1.7342931440177134
RandomForest,LeaveOneSourceOut,1,4,Al-Sulaimani et al. (1990),1.9487632180377197,1.6910473436798479
RandomForest,LeaveOneSourceOut,1,5,Al-Sulaimani et al. (1990),1.9344157696295783,1.6676246425155032
RandomForest,LeaveOneSourceOut,1,6,Al-Sulaimani et al. (1990),1.9387416595767009,1.6591773990632135
RandomForest,LeaveOneSourceOut,1,7,Al-Sulaimani et al. (1990),1.922787731634459,1.630140184715712
RandomForest,LeaveOneSourceOut,1,8,Al-Sulaimani et al. (1990),1.8870696490323797,1.6035204127438865
RandomForest,LeaveOneSourceOut,1,9,Al-Sulaimani et al. (1990),1.843719208158766,1.5306404321243925
RandomForest,LeaveOneSourceOut,1,10,Al-Sulaimani et al. (1990),1.8531680973566984,1.4753828536990456
RandomForest,LeaveOneSourceOut,1,11,Al-Sulaimani et al. (1990),1.8453002361560848,1.475302242796531
RandomForest,LeaveOneSourceOut,2,207,Azad et al. (2007),2.5376572151735295,1.9114809565794164
RandomForest,LeaveOneSourceOut,2,208,Azad et al. (2007),2.533696813957432,1.9114809565794164
RandomForest,LeaveOneSourceOut,2,209,Azad et al. (2007),2.468946630209271,1.5812807848853792
RandomForest,LeaveOneSourceOut,2,210,Azad et al. (2007),2.4159137783010487,1.5812807848853792
RandomForest,LeaveOneSourceOut,2,211,Azad et al. (2007),2.3174737054877963,1.3656725404689205
RandomForest,LeaveOneSourceOut,2,212,Azad et al. (2007),2.2027647577118348,1.3656725404689205
RandomForest,LeaveOneSourceOut,2,213,Azad et al. (2007),2.344686269012681,1.269365356183389
RandomForest,LeaveOneSourceOut,2,214,Azad et al. (2007),2.1983350716202463,1.269365356183389
RandomForest,LeaveOneSourceOut,2,215,Azad et al. (2007),2.1815467646169897,1.1625410564215126
RandomForest,LeaveOneSourceOut,2,216,Azad et al. (2007),2.248128907197987,1.1625410564215126
RandomForest,LeaveOneSourceOut,2,217,Azad et al. (2007),2.1713368063840917,1.091084395466255
RandomForest,LeaveOneSourceOut,2,218,Azad et al. (2007),2.0554049638515948,1.091084395466255
RandomForest,LeaveOneSourceOut,2,219,Azad et al. (2007),1.6937790608678513,0.7075047418888389
RandomForest,LeaveOneSourceOut,2,220,Azad et al. (2007),2.0095554142156695,0.7075047418888389
RandomForest,LeaveOneSourceOut,2,221,Azad et al. (2007),2.768204123921957,2.299587743798531
RandomForest,LeaveOneSourceOut,2,222,Azad et al. (2007),2.6239436918052106,2.299587743798531
RandomForest,LeaveOneSourceOut,2,223,Azad et al. (2007),2.516889695641051,2.1787122989671617
RandomForest,LeaveOneSourceOut,2,224,Azad et al. (2007),2.5733752977756086,2.1787122989671617
RandomForest,LeaveOneSourceOut,2,225,Azad et al. (2007),2.853015971352396,1.9241963924060543
RandomForest,LeaveOneSourceOut,2,226,Azad et al. (2007),2.4807312783775197,1.9241963924060543
RandomForest,LeaveOneSourceOut,2,227,Azad et al. (2007),2.403334996094189,1.3363392481828749
RandomForest,LeaveOneSourceOut,2,228,Azad et al. (2007),2.2793164660546914,1.3363392481828749
RandomForest,LeaveOneSourceOut,2,229,Azad et al. (2007),2.6973262377392344,1.5181266510016032
RandomForest,LeaveOneSourceOut,2,230,Azad et al. (2007),2.3532782073095637,1.5181266510016032
RandomForest,LeaveOneSourceOut,2,231,Azad et al. (2007),2.2648832258100344,1.3427645346085264
RandomForest,LeaveOneSourceOut,2,232,Azad et al. (2007),2.102913897864978,1.3427645346085264
RandomForest,LeaveOneSourceOut,2,233,Azad et al. (2007),1.9080599249242156,1.1812667270023802
RandomForest,LeaveOneSourceOut,2,234,Azad et al. (2007),2.125847914493992,1.1812667270023802
RandomForest,LeaveOneSourceOut,2,235,Azad et al. (2007),2.468099531471619,1.8961403088173217
RandomForest,LeaveOneSourceOut,2,236,Azad et al. (2007),2.5930133911138515,1.8961403088173217
RandomForest,LeaveOneSourceOut,2,237,Azad et al. (2007),2.3350522831315472,1.4435795485510705
RandomForest,LeaveOneSourceOut,2,238,Azad et al. (2007),2.448415541205585,1.4435795485510705
RandomForest,LeaveOneSourceOut,2,239,Azad et al. (2007),2.401525040848949,1.412211180857117
RandomForest,LeaveOneSourceOut,2,240,Azad et al. (2007),2.3194422100604686,1.412211180857117
RandomForest,LeaveOneSourceOut,2,241,Azad et al. (2007),2.2027647577118348,1.398994155129271
RandomForest,LeaveOneSourceOut,2,242,Azad et al. (2007),2.3617969526258915,1.398994155129271
RandomForest,LeaveOneSourceOut,2,243,Azad et al. (2007),2.2213750375685026,1.195475103708167
RandomForest,LeaveOneSourceOut,2,244,Azad et al. (2007),2.315501318260592,1.195475103708167
RandomForest,LeaveOneSourceOut,2,245,Azad et al. (2007),2.2126603854660587,1.0730092880389615
RandomForest,LeaveOneSourceOut,2,246,Azad et al. (2007),1.9712993830601329,1.0730092880389615
RandomForest,LeaveOneSourceOut,2,247,Azad et al. (2007),2.1090003439213802,0.64700025160249
RandomForest,LeaveOneSourceOut,2,248,Azad et al. (2007),1.891604804197771,0.64700025160249
RandomForest,LeaveOneSourceOut,2,249,Azad et al. (2007),2.590767040487478,2.283908355855726
RandomForest,LeaveOneSourceOut,2,250,Azad et al. (2007),2.5376572151735295,2.283908355855726
RandomForest,LeaveOneSourceOut,2,251,Azad et al. (2007),2.4664031782234406,1.9747794250667512
RandomForest,LeaveOneSourceOut,2,252,Azad et al. (2007),2.522523513359307,1.9747794250667512
RandomForest,LeaveOneSourceOut,2,253,Azad et al. (2007),2.4865719291070616,1.5345099770148332
RandomForest,LeaveOneSourceOut,2,254,Azad et al. (2007),2.392425796993835,1.5345099770148332
RandomForest,LeaveOneSourceOut,2,255,Azad et al. (2007),2.432735777459091,1.5397161825048025
RandomForest,LeaveOneSourceOut,2,256,Azad et al. (2007),2.3085671646715933,1.5397161825048025
RandomForest,LeaveOneSourceOut,2,257,Azad et al. (2007),2.1972245773362196,1.2481475681686753
RandomForest,LeaveOneSourceOut,2,258,Azad et al. (2007),2.589266665112243,1.2481475681686753
RandomForest,LeaveOneSourceOut,2,259,Azad et al. (2007),2.192770226986839,1.2962493076313253
RandomForest,LeaveOneSourceOut,2,260,Azad et al. (2007),2.0769384114617173,1.2962493076313253
RandomForest,LeaveOneSourceOut,2,261,Azad et al. (2007),2.0294631718735947,1.325390774146618
RandomForest,LeaveOneSourceOut,2,262,Azad et al. (2007),2.1736147116970854,1.325390774146618
RandomForest,LeaveOneSourceOut,3,304,Azad et al. (2010),3.4790839203192268,3.3668144717836235
RandomForest,LeaveOneSourceOut,3,305,Azad et al. (2010),3.4719664525503626,3.3668144717836235
RandomForest,LeaveOneSourceOut,3,306,Azad et al. (2010),3.449987545831587,3.32899257511109
RandomForest,LeaveOneSourceOut,3,307,Azad et al. (2010),3.339676525013905,3.3182658317528215
RandomForest,LeaveOneSourceOut,3,308,Azad et al. (2010),2.911263116927541,3.3279686199631593
RandomForest,LeaveOneSourceOut,3,309,Azad et al. (2010),3.1130707659712242,3.2258433561384776
RandomForest,LeaveOneSourceOut,3,310,Azad et al. (2010),3.440097530619712,3.3303362561689918
RandomForest,LeaveOneSourceOut,3,311,Azad et al. (2010),2.848970892158587,3.2258433561384776
RandomForest,LeaveOneSourceOut,3,312,Azad et al. (2010),3.6425737012374246,3.9902652569156634
RandomForest,LeaveOneSourceOut,3,313,Azad et al. (2010),3.832979798087693,3.9902652569156634
RandomForest,LeaveOneSourceOut,3,314,Azad et al. (2010),3.597860055726768,3.897803543095717
RandomForest,LeaveOneSourceOut,3,315,Azad et al. (2010),3.711618941083426,3.9200784933377317
RandomForest,LeaveOneSourceOut,3,316,Azad et al. (2010),3.190064743014081,3.8289933388701707
RandomForest,LeaveOneSourceOut,3,317,Azad et al. (2010),3.206398303357088,3.8357428449730278
RandomForest,LeaveOneSourceOut,3,318,Azad et al. (2010),3.2902658209548736,3.747536374859721
RandomForest,LeaveOneSourceOut,3,319,Azad et al. (2010),3.0430928449138284,3.7421319383687415
RandomForest,LeaveOneSourceOut,3,320,Azad et al. (2010),4.06457240388843,4.39246728338454
RandomForest,LeaveOneSourceOut,3,321,Azad et al. (2010),4.06457240388843,4.39246728338454
RandomForest,LeaveOneSourceOut,3,322,Azad et al. (2010),3.624874124138024,4.229836684350332
RandomForest,LeaveOneSourceOut,3,323,Azad et al. (2010),3.58407433974781,4.146474160579634
RandomForest,LeaveOneSourceOut,3,324,Azad et al. (2010),3.9577608971019997,4.36977052618132
RandomForest,LeaveOneSourceOut,3,325,Azad et al. (2010),4.013676659154646,4.372273796264537
RandomForest,LeaveOneSourceOut,3,326,Azad et al. (2010),3.5776685247779345,3.988550914695107
RandomForest,LeaveOneSourceOut,3,327,Azad et al. (2010),4.051958845725663,4.377646629344326
RandomForest,LeaveOneSourceOut,3,328,Azad et al. (2010),3.6328380632303117,3.514018493609706
RandomForest,LeaveOneSourceOut,3,329,Azad et al. (2010),3.7848712197676626,3.514018493609706
RandomForest,LeaveOneSourceOut,3,330,Azad et al. (2010),3.5201649007261984,3.4646774560553397
RandomForest,LeaveOneSourceOut,3,331,Azad et al. (2010),3.1059310658520665,3.4362325409708814
RandomForest,LeaveOneSourceOut,3,332,Azad et al. (2010),3.1144038032714896,3.4160012985549493
RandomForest,LeaveOneSourceOut,3,333,Azad et al. (2010),3.1315734964654043,3.3999845267398583
RandomForest,LeaveOneSourceOut,3,334,Azad et al. (2010),2.9381031607173544,3.3074329247675696
RandomForest,LeaveOneSourceOut,3,335,Azad et al. (2010),2.7800607370784824,3.278103937678869
RandomForest,LeaveOneSourceOut,3,336,Azad et al. (2010),4.06009812349351,3.9949458496988166
RandomForest,LeaveOneSourceOut,3,337,Azad et al. (2010),3.786913194385302,3.9949458496988166
RandomForest,LeaveOneSourceOut,3,338,Azad et al. (2010),3.4423393249933305,3.9156003953298435
RandomForest,LeaveOneSourceOut,3,339,Azad et al. (2010),3.6410013738694724,3.914194432118938
RandomForest,LeaveOneSourceOut,3,340,Azad et al. (2010),3.3975239762958465,3.9054186254906313
RandomForest,LeaveOneSourceOut,3,341,Azad et al. (2010),3.7140597526442347,3.937506691243279
RandomForest,LeaveOneSourceOut,3,342,Azad et al. (2010),3.9495114498391377,3.8390096941398286
RandomForest,LeaveOneSourceOut,3,343,Azad et al. (2010),3.2311995745570328,3.795675671021561
RandomForest,LeaveOneSourceOut,3,344,Azad et al. (2010),4.155909917880256,4.457074421724723
RandomForest,LeaveOneSourceOut,3,345,Azad et al. (2010),4.268577942166303,4.457074421724723
RandomForest,LeaveOneSourceOut,3,346,Azad et al. (2010),4.079569276639947,4.422537753282989
RandomForest,LeaveOneSourceOut,3,347,Azad et al. (2010),4.1893516658004355,4.444479265204098
RandomForest,LeaveOneSourceOut,3,348,Azad et al. (2010),4.053696163744291,4.4402314069370705
RandomForest,LeaveOneSourceOut,3,349,Azad et al. (2010),3.6136169696133895,4.366342352143529
RandomForest,LeaveOneSourceOut,3,350,Azad et al. (2010),3.885679030088544,4.442697811913345
RandomForest,LeaveOneSourceOut,3,351,Azad et al. (2010),3.566429294357372,4.150003647254392
RandomForest,LeaveOneSourceOut,4,693,Biswas et al. (2020),3.996364153861897,3.9061325998873837
RandomForest,LeaveOneSourceOut,4,694,Biswas et al. (2020),3.9627161197436642,3.8175839812947077
RandomForest,LeaveOneSourceOut,4,695,Biswas et al. (2020),3.8958936234982624,3.738591369983221
RandomForest,LeaveOneSourceOut,4,696,Biswas et al. (2020),3.899950424193877,3.738591369983221
RandomForest,LeaveOneSourceOut,4,697,Biswas et al. (2020),3.7376696182833684,3.682252953672681
RandomForest,LeaveOneSourceOut,4,698,Biswas et al. (2020),3.6000482404073204,3.6792200834201703
RandomForest,LeaveOneSourceOut,4,699,Biswas et al. (2020),2.8903717578961645,3.6316902901002273
RandomForest,LeaveOneSourceOut,5,291,Cairns et al. (2008),2.3589654264301534,2.8304491436822192
RandomForest,LeaveOneSourceOut,5,292,Cairns et al. (2008),2.5610957881455465,2.6691150435941715
RandomForest,LeaveOneSourceOut,5,293,Cairns et al. (2008),2.5862591440482876,2.653945288451914
RandomForest,LeaveOneSourceOut,5,294,Cairns et al. (2008),3.2433732964685884,3.807109378060487
RandomForest,LeaveOneSourceOut,5,295,Cairns et al. (2008),3.3013770463799443,3.677966971216069
RandomForest,LeaveOneSourceOut,5,296,Cairns et al. (2008),3.3683297780365384,3.806566222839955
RandomForest,LeaveOneSourceOut,5,297,Cairns et al. (2008),3.4732079176384274,3.680008262832942
RandomForest,LeaveOneSourceOut,5,298,Cairns et al. (2008),3.4732079176384274,3.677966971216069
RandomForest,LeaveOneSourceOut,5,299,Cairns et al. (2008),3.267284964075888,2.848828431353419
RandomForest,LeaveOneSourceOut,5,300,Cairns et al. (2008),3.2969473602883563,2.720759826617447
RandomForest,LeaveOneSourceOut,5,301,Cairns et al. (2008),3.3456846717318967,2.7262748613064813
RandomForest,LeaveOneSourceOut,5,302,Cairns et al. (2008),3.367640598133313,2.848828431353419
RandomForest,LeaveOneSourceOut,5,303,Cairns et al. (2008),3.3565486299932736,2.769753719535611
RandomForest,LeaveOneSourceOut,6,141,Castel et al. (2000a),3.653511310276145,3.5404394879290577
RandomForest,LeaveOneSourceOut,6,142,Castel et al. (2000a),3.402196881995239,3.3016181890514367
RandomForest,LeaveOneSourceOut,7,413,Dang and François (2013),3.9793077522337423,3.8863116197483873
RandomForest,LeaveOneSourceOut,7,414,Dang and François (2013),3.629660094453965,3.671529838771976
RandomForest,LeaveOneSourceOut,8,521,Dasar et al. (2017),3.66612246699132,4.187503056523464
RandomForest,LeaveOneSourceOut,8,522,Dasar et al. (2017),3.529297384289471,3.695110963079033
RandomForest,LeaveOneSourceOut,8,523,Dasar et al. (2017),3.0726933146901194,3.4579394853827647
RandomForest,LeaveOneSourceOut,9,367,Dong et al. (2011),3.5380565643793527,3.409687055517599
RandomForest,LeaveOneSourceOut,9,368,Dong et al. (2011),2.8118094353930627,3.100047819857673
RandomForest,LeaveOneSourceOut,9,369,Dong et al. (2011),3.4995332823830174,3.288388928944093
RandomForest,LeaveOneSourceOut,9,370,Dong et al. (2011),3.328985047548231,3.3336707559600125
RandomForest,LeaveOneSourceOut,9,371,Dong et al. (2011),3.0440461338325417,3.040456001112074
RandomForest,LeaveOneSourceOut,9,372,Dong et al. (2011),3.022860940942244,3.0296586930124554
RandomForest,LeaveOneSourceOut,9,373,Dong et al. (2011),3.339321977944068,3.252058056298287
RandomForest,LeaveOneSourceOut,9,374,Dong et al. (2011),3.5049566159530077,3.412087260111811
RandomForest,LeaveOneSourceOut,9,375,Dong et al. (2011),3.3120018028576843,3.223070542448175
RandomForest,LeaveOneSourceOut,9,376,Dong et al. (2011),3.5004392163118045,3.409687055517599
RandomForest,LeaveOneSourceOut,9,377,Dong et al. (2011),3.2136622578153133,3.142344487953354
RandomForest,LeaveOneSourceOut,10,524,Dong et al. (2017),3.4255647381104497,3.3197674139711086
RandomForest,LeaveOneSourceOut,10,525,Dong et al. (2017),3.4187098067467865,3.286703173624202
RandomForest,LeaveOneSourceOut,10,526,Dong et al. (2017),3.4041928906419536,3.2702465282200817
RandomForest,LeaveOneSourceOut,10,527,Dong et al. (2017),3.4151002868311466,3.2874575238355455
RandomForest,LeaveOneSourceOut,11,263,Du et al. (2007),4.212127597878484,3.4911566498104856
RandomForest,LeaveOneSourceOut,11,264,Du et al. (2007),4.0975062255596795,3.4527112082775355
RandomForest,LeaveOneSourceOut,11,265,Du et al. (2007),4.183423245305645,3.409653698600727
RandomForest,LeaveOneSourceOut,11,266,Du et al. (2007),3.85946575468947,3.3843950086686947
RandomForest,LeaveOneSourceOut,11,267,Du et al. (2007),4.089834406744215,3.4866655460104865
RandomForest,LeaveOneSourceOut,11,268,Du et al. (2007),4.039360253889341,3.453290794875638
RandomForest,LeaveOneSourceOut,11,269,Du et al. (2007),3.931041011263908,3.42420248179175
RandomForest,LeaveOneSourceOut,11,270,Du et al. (2007),3.891412051524022,3.412381407126411
RandomForest,LeaveOneSourceOut,11,271,Du et al. (2007),3.4391352210025476,3.41101309075513
RandomForest,LeaveOneSourceOut,11,272,Du et al. (2007),3.3683297780365384,3.3449042091176016
RandomForest,LeaveOneSourceOut,11,273,Du et al. (2007),2.9801108926510342,2.9198085074654045
RandomForest,LeaveOneSourceOut,11,274,Du et al. (2007),2.87976009730157,2.7376321684260736
RandomForest,LeaveOneSourceOut,11,275,Du et al. (2007),2.9801108926510342,3.1650418742237143
RandomForest,LeaveOneSourceOut,11,276,Du et al. (2007),2.9801108926510342,3.1795007047630146
RandomForest,LeaveOneSourceOut,11,277,Du et al. (2007),2.775708849576025,3.036464769909928
RandomForest,LeaveOneSourceOut,11,278,Du et al. (2007),2.643333886382519,3.1166366446917984
RandomForest,LeaveOneSourceOut,11,279,Du et al. (2007),2.567254391136754,2.9706238740294477
RandomForest,LeaveOneSourceOut,12,415,Du et al. (2013),1.8562979903656263,1.9092084180205462
RandomForest,LeaveOneSourceOut,12,416,Du et al. (2013),1.3480731482996928,1.0158137405536174
RandomForest,LeaveOneSourceOut,12,417,Du et al. (2013),1.3217558399823195,0.8866450997114239
RandomForest,LeaveOneSourceOut,12,418,Du et al. (2013),1.3217558399823195,0.9021236911007511
RandomForest,LeaveOneSourceOut,12,419,Du et al. (2013),1.6054298910365616,0.8970001829957718
RandomForest,LeaveOneSourceOut,13,198,El Maaddawy et al. (2005),3.624340932976365,3.7058137502690593
RandomForest,LeaveOneSourceOut,13,199,El Maaddawy et al. (2005),3.558485990180341,3.475212928069841
RandomForest,LeaveOneSourceOut,13,200,El Maaddawy et al. (2005),3.507956918233689,3.3811247914171476
RandomForest,LeaveOneSourceOut,13,201,El Maaddawy et al. (2005),3.4015306594522756,3.2813754627627487
RandomForest,LeaveOneSourceOut,13,202,El Maaddawy et al. (2005),3.2824138456721883,3.2396810161048784
RandomForest,LeaveOneSourceOut,13,203,El Maaddawy et al. (2005),3.497718948652777,3.4574890469598403
RandomForest,LeaveOneSourceOut,13,204,El Maaddawy et al. (2005),3.475067230228611,3.3514838716371305
RandomForest,LeaveOneSourceOut,13,205,El Maaddawy et al. (2005),3.4685444551217657,3.2787173040641626
RandomForest,LeaveOneSourceOut,13,206,El Maaddawy et al. (2005),3.34779660493504,3.2442184286247397
RandomForest,LeaveOneSourceOut,14,352,Gu et al. (2010),2.93651291389402,2.976574521786075
RandomForest,LeaveOneSourceOut,14,353,Gu et al. (2010),2.954910279033736,2.855543176958657
RandomForest,LeaveOneSourceOut,14,354,Gu et al. (2010),2.9258461460898246,2.7459963536835383
RandomForest,LeaveOneSourceOut,14,355,Gu et al. (2010),2.72785282839839,2.541111248099758
RandomForest,LeaveOneSourceOut,14,356,Gu et al. (2010),3.5787855313168624,3.385290277370853
RandomForest,LeaveOneSourceOut,14,357,Gu et al. (2010),3.349904087274605,3.3226219841852433
RandomForest,LeaveOneSourceOut,14,358,Gu et al. (2010),3.3690184832979204,3.303815564608241
RandomForest,LeaveOneSourceOut,14,359,Gu et al. (2010),3.214867803470662,3.141292562601058
RandomForest,LeaveOneSourceOut,14,360,Gu et al. (2010),3.5681232529781366,3.0434599308920256
RandomForest,LeaveOneSourceOut,14,361,Gu et al. (2010),3.475067230228611,2.9702535020257046
RandomForest,LeaveOneSourceOut,14,362,Gu et al. (2010),2.307572634505085,2.7971527493993302
RandomForest,LeaveOneSourceOut,14,363,Gu et al. (2010),3.139832617527748,2.6380939818307865
RandomForest,LeaveOneSourceOut,14,364,Gu et al. (2010),3.065724645374026,2.4172201107612192
RandomForest,LeaveOneSourceOut,14,365,Gu et al. (2010),3.0469005601283903,2.852799827164945
RandomForest,LeaveOneSourceOut,14,366,Gu et al. (2010),3.1245651453969594,2.867921469755947
RandomForest,LeaveOneSourceOut,15,708,Hansapinyo et al. (2021),1.1019400787607843,1.562562253563015
RandomForest,LeaveOneSourceOut,15,709,Hansapinyo et al. (2021),-0.4155154439616658,0.9701637659689547
RandomForest,LeaveOneSourceOut,15,710,Hansapinyo et al. (2021),-0.7765287894989963,0.979893814142374
RandomForest,LeaveOneSourceOut,15,711,Hansapinyo et al. (2021),0.9669838461896731,0.9758442938304757
RandomForest,LeaveOneSourceOut,15,712,Hansapinyo et al. (2021),-1.5606477482646683,0.979893814142374
RandomForest,LeaveOneSourceOut,15,713,Hansapinyo et al. (2021),-0.12783337150988489,0.9732723374168308
RandomForest,LeaveOneSourceOut,15,714,Hansapinyo et al. (2021),1.0715836162801904,1.5018163519709748
RandomForest,LeaveOneSourceOut,15,715,Hansapinyo et al. (2021),1.1019400787607843,1.5018163519709748
RandomForest,LeaveOneSourceOut,15,716,Hansapinyo et al. (2021),-0.08338160893905101,0.9758442938304757
RandomForest,LeaveOneSourceOut,15,717,Hansapinyo et al. (2021),0.47000362924573563,0.9732723374168308
RandomForest,LeaveOneSourceOut,15,718,Hansapinyo et al. (2021),0.5766133643039938,0.9758442938304757
RandomForest,LeaveOneSourceOut,15,719,Hansapinyo et al. (2021),0.959350221334602,1.0140712910687486
RandomForest,LeaveOneSourceOut,15,720,Hansapinyo et al. (2021),1.091923300517313,1.3708558488020661
RandomForest,LeaveOneSourceOut,15,721,Hansapinyo et al. (2021),1.0224509277025455,1.1957829375768254
RandomForest,LeaveOneSourceOut,15,722,Hansapinyo et al. (2021),0.9001613499442714,0.9981660983547317
RandomForest,LeaveOneSourceOut,15,723,Hansapinyo et al. (2021),1.0296194171811581,1.379320816857592
RandomForest,LeaveOneSourceOut,15,724,Hansapinyo et al. (2021),1.0224509277025455,1.3975899412611972
RandomForest,LeaveOneSourceOut,15,725,Hansapinyo et al. (2021),1.1184149159642893,1.472331456673745
RandomForest,LeaveOneSourceOut,15,726,Hansapinyo et al. (2021),1.2267122912954254,1.5605399339727781
RandomForest,LeaveOneSourceOut,15,727,Hansapinyo et al. (2021),1.1817271953786161,1.496122145729245
RandomForest,LeaveOneSourceOut,15,728,Hansapinyo et al. (2021),1.199964782928397,1.4990727067696392
RandomForest,LeaveOneSourceOut,15,729,Hansapinyo et al. (2021),1.1052568313867783,1.4633263305386721
RandomForest,LeaveOneSourceOut,15,730,Hansapinyo et al. (2021),1.1631508098056809,1.4974817942802672
RandomForest,LeaveOneSourceOut,15,731,Hansapinyo et al. (2021),1.1378330018213911,1.4974817942802672
RandomForest,LeaveOneSourceOut,15,732,Hansapinyo et al. (2021),1.0188473201992472,1.2650729054763288
RandomForest,LeaveOneSourceOut,15,733,Hansapinyo et al. (2021),1.0885619528146082,1.3757843501689946
RandomForest,LeaveOneSourceOut,15,734,Hansapinyo et al. (2021),1.0715836162801904,1.4633263305386721
RandomForest,LeaveOneSourceOut,15,735,Hansapinyo et al. (2021),1.0784095813505903,1.1882394718223444
RandomForest,LeaveOneSourceOut,15,736,Hansapinyo et al. (2021),1.0784095813505903,1.1902719559058803
RandomForest,LeaveOneSourceOut,15,737,Hansapinyo et al. (2021),0.9242589015233319,1.1656218408573793
RandomForest,LeaveOneSourceOut,15,738,Hansapinyo et al. (2021),1.1085626195212777,1.5605399339727781
RandomForest,LeaveOneSourceOut,15,739,Hansapinyo et al. (2021),1.085189268335969,1.5605399339727781
RandomForest,LeaveOneSourceOut,15,740,Hansapinyo et al. (2021),1.0473189942805592,1.3764274991427012
RandomForest,LeaveOneSourceOut,15,741,Hansapinyo et al. (2021),1.0612565021243408,1.385719591822649
RandomForest,LeaveOneSourceOut,15,742,Hansapinyo et al. (2021),1.1184149159642893,1.3501380070223132
RandomForest,LeaveOneSourceOut,15,743,Hansapinyo et al. (2021),1.085189268335969,1.496122145729245
RandomForest,LeaveOneSourceOut,15,744,Hansapinyo et al. (2021),1.000631880307906,1.385719591822649
RandomForest,LeaveOneSourceOut,15,745,Hansapinyo et al. (2021),1.0116009116784799,1.3764274991427012
RandomForest,LeaveOneSourceOut,15,746,Hansapinyo et al. (2021),0.9631743177730056,1.199971028905378
RandomForest,LeaveOneSourceOut,15,747,Hansapinyo et al. (2021),0.9122827104766164,1.1903886887376125
RandomForest,LeaveOneSourceOut,15,748,Hansapinyo et al. (2021),0.883767540168595,1.1903886887376125
RandomForest,LeaveOneSourceOut,15,749,Hansapinyo et al. (2021),0.8241754429663494,1.1656218408573793
RandomForest,LeaveOneSourceOut,15,750,Hansapinyo et al. (2021),1.0438040521731147,1.199971028905378
RandomForest,LeaveOneSourceOut,15,751,Hansapinyo et al. (2021),0.9242589015233319,1.1882394718223444
RandomForest,LeaveOneSourceOut,16,610,Hou et al. (2019),3.535145354171894,3.531356474812157
RandomForest,LeaveOneSourceOut,16,611,Hou et al. (2019),3.537765824444175,3.425478840506849
RandomForest,LeaveOneSourceOut,16,612,Hou et al. (2019),3.3867603338643857,3.3764912155316713
RandomForest,LeaveOneSourceOut,16,613,Hou et al. (2019),3.1834558796369405,3.35948929465132
RandomForest,LeaveOneSourceOut,16,614,Hou et al. (2019),3.597860055726768,3.53029489948563
RandomForest,LeaveOneSourceOut,16,615,Hou et al. (2019),3.3669509429335642,3.4096967886700122
RandomForest,LeaveOneSourceOut,16,616,Hou et al. (2019),3.494384096388273,3.4446408608790464
RandomForest,LeaveOneSourceOut,16,617,Hou et al. (2019),3.4461707473048864,3.3782761552851364
RandomForest,LeaveOneSourceOut,16,618,Hou et al. (2019),3.5251833614431467,3.3853935383407867
RandomForest,LeaveOneSourceOut,16,619,Hou et al. (2019),3.4490347110763153,3.3730377922171972
RandomForest,LeaveOneSourceOut,16,620,Hou et al. (2019),3.080532875246456,3.331466630514833
RandomForest,LeaveOneSourceOut,16,621,Hou et al. (2019),3.1654750481410856,3.369554635349824
RandomForest,LeaveOneSourceOut,17,622,Hu et al. 2019),2.9967317738870745,2.9277633102648704
RandomForest,LeaveOneSourceOut,17,623,Hu et al. 2019),2.9601050959108397,2.8091063850761304
RandomForest,LeaveOneSourceOut,17,624,Hu et al. 2019),2.913437030827161,2.7576084363319806
RandomForest,LeaveOneSourceOut,17,625,Hu et al. 2019),2.8553201198372458,2.6325792000604182
RandomForest,LeaveOneSourceOut,18,769,Huang et al. (2022),4.852108385868018,4.02723724086288
RandomForest,LeaveOneSourceOut,18,770,Huang et al. (2022),4.782730425680335,4.025085009493997
RandomForest,LeaveOneSourceOut,18,771,Huang et al. (2022),4.850153503906757,4.029240674021227
RandomForest,LeaveOneSourceOut,18,772,Huang et al. (2022),4.852108385868018,4.02210036932634
RandomForest,LeaveOneSourceOut,18,773,Huang et al. (2022),4.850153503906757,4.026812713411783
RandomForest,LeaveOneSourceOut,18,774,Huang et al. (2022),4.852108385868018,4.030144651278692
RandomForest,LeaveOneSourceOut,19,143,Jin and Zhao (2001),2.322387720290225,2.195497383200097
RandomForest,LeaveOneSourceOut,19,144,Jin and Zhao (2001),2.254444717666111,2.1928393228644674
RandomForest,LeaveOneSourceOut,19,145,Jin and Zhao (2001),2.286455711064162,2.1672886137785823
RandomForest,LeaveOneSourceOut,19,146,Jin and Zhao (2001),2.2321626286975,2.1741889849005096
RandomForest,LeaveOneSourceOut,19,147,Jin and Zhao (2001),2.329227023940467,2.1741889849005096
RandomForest,LeaveOneSourceOut,19,148,Jin and Zhao (2001),2.254444717666111,2.1741889849005096
RandomForest,LeaveOneSourceOut,19,149,Jin and Zhao (2001),2.187174241482718,2.1672886137785823
RandomForest,LeaveOneSourceOut,19,150,Jin and Zhao (2001),2.2049722641270453,2.158675805084223
RandomForest,LeaveOneSourceOut,19,151,Jin and Zhao (2001),2.254444717666111,2.158675805084223
RandomForest,LeaveOneSourceOut,19,152,Jin and Zhao (2001),2.162172939277301,2.1587892742925145
RandomForest,LeaveOneSourceOut,19,153,Jin and Zhao (2001),2.162172939277301,2.162557566756407
RandomForest,LeaveOneSourceOut,19,154,Jin and Zhao (2001),2.1041341542702074,2.146945116412128
RandomForest,LeaveOneSourceOut,19,155,Jin and Zhao (2001),2.162172939277301,2.0756726394023115
RandomForest,LeaveOneSourceOut,19,156,Jin and Zhao (2001),2.048982334195127,2.01540013861503
RandomForest,LeaveOneSourceOut,19,157,Jin and Zhao (2001),2.2935443483418965,2.1857936580018604
RandomForest,LeaveOneSourceOut,19,158,Jin and Zhao (2001),2.1471001901536506,2.0875099023876635
RandomForest,LeaveOneSourceOut,19,159,Jin and Zhao (2001),2.1186622548331173,2.0633696565615764
RandomForest,LeaveOneSourceOut,20,626,Jung et al. (2019),3.1978564576441255,3.498617244950326
RandomForest,LeaveOneSourceOut,20,627,Jung et al. (2019),3.1642084235258925,3.471224999900547
RandomForest,LeaveOneSourceOut,20,628,Jung et al. (2019),3.1450139762697455,3.4713633712427376
RandomForest,LeaveOneSourceOut,20,629,Jung et al. (2019),3.1867657709499673,3.4713633712427376
RandomForest,LeaveOneSourceOut,20,630,Jung et al. (2019),3.1578511230304263,3.471224999900547
RandomForest,LeaveOneSourceOut,20,631,Jung et al. (2019),3.0726933146901194,3.4713633712427376
RandomForest,LeaveOneSourceOut,20,632,Jung et al. (2019),3.1041381473977774,3.4713633712427376
RandomForest,LeaveOneSourceOut,20,633,Jung et al. (2019),3.1424266527047946,3.4713633712427376
RandomForest,LeaveOneSourceOut,21,378,Khan et al. (2011),3.9627161197436642,3.8352211260635127
RandomForest,LeaveOneSourceOut,21,379,Khan et al. (2011),3.772071045000701,3.5082927448176786
RandomForest,LeaveOneSourceOut,22,26,Lee et al. (1999),3.5145260669691587,3.3754571503200284
RandomForest,LeaveOneSourceOut,22,27,Lee et al. (1999),3.4654233539614268,3.3119470988885586
RandomForest,LeaveOneSourceOut,22,28,Lee et al. (1999),3.388787361585474,3.2758402997093787
RandomForest,LeaveOneSourceOut,22,29,Lee et al. (1999),3.232778730037192,3.1611696099901514
RandomForest,LeaveOneSourceOut,23,532,Li et al. (2018),2.642622395779755,3.098632234631949
RandomForest,LeaveOneSourceOut,23,533,Li et al. (2018),2.612273245708441,2.9870291923748598
RandomForest,LeaveOneSourceOut,23,534,Li et al. (2018),2.559550192783766,2.9597116575704403
RandomForest,LeaveOneSourceOut,23,535,Li et al. (2018),2.468099531471619,2.9078447692057368
RandomForest,LeaveOneSourceOut,23,536,Li et al. (2018),2.498151876538021,2.9845047822396733
RandomForest,LeaveOneSourceOut,23,537,Li et al. (2018),2.4344901638739844,2.96209286119405
RandomForest,LeaveOneSourceOut,23,538,Li et al. (2018),2.3841650799864684,2.8981418445156137
RandomForest,LeaveOneSourceOut,23,539,Li et al. (2018),2.4672517145492794,2.9823929711931503
RandomForest,LeaveOneSourceOut,23,540,Li et al. (2018),2.3896797998449792,2.955857833586535
RandomForest,LeaveOneSourceOut,23,541,Li et al. (2018),2.244955980157409,2.88647208656636
RandomForest,LeaveOneSourceOut,23,542,Li et al. (2018),2.435366204227864,2.9814708330465423
RandomForest,LeaveOneSourceOut,23,543,Li et al. (2018),2.2617630984737906,2.9523051658544266
RandomForest,LeaveOneSourceOut,23,544,Li et al. (2018),1.308332819650179,2.889198046641734
RandomForest,LeaveOneSourceOut,24,528,Lim et al. (2017),1.4327007339340465,1.9100258262841006
RandomForest,LeaveOneSourceOut,24,529,Lim et al. (2017),1.5390154481375546,1.9000006087200356
RandomForest,LeaveOneSourceOut,24,530,Lim et al. (2017),1.4036429994545037,1.8947246410548928
RandomForest,LeaveOneSourceOut,24,531,Lim et al. (2017),1.2029723039923526,1.8029707438869615
RandomForest,LeaveOneSourceOut,25,503,Liu et al. (2016),4.174541104216377,3.5675595758186467
RandomForest,LeaveOneSourceOut,25,504,Liu et al. (2016),4.152613470346076,3.5675595758186467
RandomForest,LeaveOneSourceOut,25,505,Liu et al. (2016),4.152613470346076,3.4793113800770437
RandomForest,LeaveOneSourceOut,25,506,Liu et al. (2016),4.179604406172924,3.4793113800770437
RandomForest,LeaveOneSourceOut,25,507,Liu et al. (2016),4.090838422892813,3.4262163502212424
RandomForest,LeaveOneSourceOut,25,508,Liu et al. (2016),4.080245637842599,3.4256314803446055
RandomForest,LeaveOneSourceOut,25,509,Liu et al. (2016),4.015301354881648,3.4039726531654453
RandomForest,LeaveOneSourceOut,25,510,Liu et al. (2016),4.051958845725663,3.4021221612847357
RandomForest,LeaveOneSourceOut,25,511,Liu et al. (2016),3.985087576285151,3.3473506207350647
RandomForest,LeaveOneSourceOut,25,512,Liu et al. (2016),3.9682142850778885,3.342832169404437
RandomForest,LeaveOneSourceOut,25,513,Liu et al. (2016),3.930648469551311,3.3203360126507633
RandomForest,LeaveOneSourceOut,25,514,Liu et al. (2016),3.883623530906448,3.317033624082142
RandomForest,LeaveOneSourceOut,26,420,Ma et al. (2013),4.548599834499697,4.062192897912445
RandomForest,LeaveOneSourceOut,26,421,Ma et al. (2013),4.670489652108734,4.344683670378143
RandomForest,LeaveOneSourceOut,26,422,Ma et al. (2013),4.637153231841142,4.238174311888205
RandomForest,LeaveOneSourceOut,26,423,Ma et al. (2013),4.491441420659749,4.317103645415378
RandomForest,LeaveOneSourceOut,26,424,Ma et al. (2013),4.3208159036289855,4.116898973109899
RandomForest,LeaveOneSourceOut,26,425,Ma et al. (2013),4.529907701487544,4.232468717559714
RandomForest,LeaveOneSourceOut,26,426,Ma et al. (2013),4.409763389645481,4.33236440484253
RandomForest,LeaveOneSourceOut,26,427,Ma et al. (2013),4.653960350157523,4.317103645415378
RandomForest,LeaveOneSourceOut,26,428,Ma et al. (2013),4.248495242049359,4.055996826127533
RandomForest,LeaveOneSourceOut,26,429,Ma et al. (2013),4.297285406218791,4.217781148241434
RandomForest,LeaveOneSourceOut,26,430,Ma et al. (2013),4.366278277705742,4.2088927021460645
RandomForest,LeaveOneSourceOut,26,431,Ma et al. (2013),4.388257184424518,4.234968749303323
RandomForest,LeaveOneSourceOut,26,432,Ma et al. (2013),4.114963849424837,4.027387227469773
RandomForest,LeaveOneSourceOut,26,433,Ma et al. (2013),4.45143608604605,4.317103645415378
RandomForest,LeaveOneSourceOut,26,434,Ma et al. (2013),4.388257184424518,4.121166864619708
RandomForest,LeaveOneSourceOut,26,435,Ma et al. (2013),4.388257184424518,4.131106925048218
RandomForest,LeaveOneSourceOut,26,436,Ma et al. (2013),3.9740583963475986,3.927638474842055
RandomForest,LeaveOneSourceOut,26,437,Ma et al. (2013),4.212868064406208,4.092682133034664
RandomForest,LeaveOneSourceOut,26,438,Ma et al. (2013),4.311470041210748,4.037648006013059
RandomForest,LeaveOneSourceOut,26,439,Ma et al. (2013),4.430816798843313,4.216206338544289
RandomForest,LeaveOneSourceOut,26,440,Ma et al. (2013),3.980615796893758,3.6682715359109856
RandomForest,LeaveOneSourceOut,26,441,Ma et al. (2013),4.311470041210748,3.9747301007528812
RandomForest,LeaveOneSourceOut,26,442,Ma et al. (2013),4.357349646961441,4.099547128297936
RandomForest,LeaveOneSourceOut,26,443,Ma et al. (2013),4.212868064406208,4.013444514793717
RandomForest,LeaveOneSourceOut,26,444,Ma et al. (2013),4.1034694699991014,3.970279933602899
RandomForest,LeaveOneSourceOut,26,445,Ma et al. (2013),4.1034694699991014,4.2275382672332915
RandomForest,LeaveOneSourceOut,26,446,Ma et al. (2013),4.1034694699991014,4.123588223918261
RandomForest,LeaveOneSourceOut,26,447,Ma et al. (2013),4.1034694699991014,4.157770564752381
RandomForest,LeaveOneSourceOut,26,448,Ma et al. (2013),4.1034694699991014,4.011828495825634
RandomForest,LeaveOneSourceOut,26,449,Ma et al. (2013),4.1034694699991014,4.067357739858386
RandomForest,LeaveOneSourceOut,26,450,Ma et al. (2013),4.366278277705742,4.172313422212902
RandomForest,LeaveOneSourceOut,26,451,Ma et al. (2013),4.1034694699991014,4.157770564752381
RandomForest,LeaveOneSourceOut,26,452,Ma et al. (2013),3.9930498440705193,3.946030073520795
RandomForest,LeaveOneSourceOut,26,453,Ma et al. (2013),3.9930498440705193,4.041520243392412
RandomForest,LeaveOneSourceOut,26,454,Ma et al. (2013),3.9930498440705193,4.057942289895213
RandomForest,LeaveOneSourceOut,26,455,Ma et al. (2013),3.9930498440705193,4.125942376219661
RandomForest,LeaveOneSourceOut,26,456,Ma et al. (2013),3.9930498440705193,3.9367241480594983
RandomForest,LeaveOneSourceOut,26,457,Ma et al. (2013),3.9207845110967185,3.9669648788198866
RandomForest,LeaveOneSourceOut,26,458,Ma et al. (2013),4.02535169073515,3.9619554869654734
RandomForest,LeaveOneSourceOut,26,459,Ma et al. (2013),3.817712325956905,3.8623205866667396
RandomForest,LeaveOneSourceOut,26,460,Ma et al. (2013),3.9930498440705193,3.8918188014799693
RandomForest,LeaveOneSourceOut,26,461,Ma et al. (2013),3.817712325956905,3.9635249302765434
RandomForest,LeaveOneSourceOut,26,462,Ma et al. (2013),3.6407390787860012,3.7630319871355185
RandomForest,LeaveOneSourceOut,26,463,Ma et al. (2013),3.7697679578472747,3.8780639001422235
RandomForest,LeaveOneSourceOut,26,464,Ma et al. (2013),3.6407390787860012,3.5875400045530688
RandomForest,LeaveOneSourceOut,26,465,Ma et al. (2013),3.7697679578472747,3.8148683754527233
RandomForest,LeaveOneSourceOut,26,466,Ma et al. (2013),3.817712325956905,3.9785414819868627
RandomForest,LeaveOneSourceOut,26,467,Ma et al. (2013),3.6407390787860012,3.780790194551304
RandomForest,LeaveOneSourceOut,27,30,Mangat and Elgarf (1999a),2.3045830956567186,2.2654134260397125
RandomForest,LeaveOneSourceOut,27,31,Mangat and Elgarf (1999a),2.3045830956567186,2.2654134260397125
RandomForest,LeaveOneSourceOut,27,32,Mangat and Elgarf (1999a),2.248128907197987,2.309824290238607
RandomForest,LeaveOneSourceOut,27,33,Mangat and Elgarf (1999a),2.248128907197987,2.309824290238607
RandomForest,LeaveOneSourceOut,27,34,Mangat and Elgarf (1999a),2.248128907197987,2.309824290238607
RandomForest,LeaveOneSourceOut,27,35,Mangat and Elgarf (1999a),1.9401794743463283,1.914267122865795
RandomForest,LeaveOneSourceOut,27,36,Mangat and Elgarf (1999a),1.9401794743463283,1.914267122865795
RandomForest,LeaveOneSourceOut,27,37,Mangat and Elgarf (1999a),2.244955980157409,2.238808237755866
RandomForest,LeaveOneSourceOut,27,38,Mangat and Elgarf (1999a),2.244955980157409,2.238808237755866
RandomForest,LeaveOneSourceOut,27,39,Mangat and Elgarf (1999a),2.21046980408624,2.1944738260436822
RandomForest,LeaveOneSourceOut,27,40,Mangat and Elgarf (1999a),2.21046980408624,2.1944738260436822
RandomForest,LeaveOneSourceOut,27,41,Mangat and Elgarf (1999a),2.122261538862764,2.1110316122560357
RandomForest,LeaveOneSourceOut,27,42,Mangat and Elgarf (1999a),2.122261538862764,2.1110316122560357
RandomForest,LeaveOneSourceOut,27,43,Mangat and Elgarf (1999a),1.8779371654691073,2.085217488665215
RandomForest,LeaveOneSourceOut,27,44,Mangat and Elgarf (1999a),1.8779371654691073,2.085217488665215
RandomForest,LeaveOneSourceOut,27,45,Mangat and Elgarf (1999a),2.122261538862764,2.272846050186249
RandomForest,LeaveOneSourceOut,27,46,Mangat and Elgarf (1999a),2.122261538862764,2.272846050186249
RandomForest,LeaveOneSourceOut,27,47,Mangat and Elgarf (1999a),1.9154509415706047,2.2233501656871106
RandomForest,LeaveOneSourceOut,27,48,Mangat and Elgarf (1999a),1.9154509415706047,2.2233501656871106
RandomForest,LeaveOneSourceOut,27,49,Mangat and Elgarf (1999a),1.5602476682433286,2.145044291164544
RandomForest,LeaveOneSourceOut,27,50,Mangat and Elgarf (1999a),1.5602476682433286,2.145044291164544
RandomForest,LeaveOneSourceOut,27,51,Mangat and Elgarf (1999a),0.883767540168595,2.117681458418138
RandomForest,LeaveOneSourceOut,27,52,Mangat and Elgarf (1999a),0.883767540168595,2.117681458418138
RandomForest,LeaveOneSourceOut,27,53,Mangat and Elgarf (1999a),2.191653532286764,2.300668975914531
RandomForest,LeaveOneSourceOut,27,54,Mangat and Elgarf (1999a),2.191653532286764,2.300668975914531
RandomForest,LeaveOneSourceOut,27,55,Mangat and Elgarf (1999a),2.191653532286764,2.300668975914531
RandomForest,LeaveOneSourceOut,27,56,Mangat and Elgarf (1999a),2.1150499691472033,2.272846050186249
RandomForest,LeaveOneSourceOut,27,57,Mangat and Elgarf (1999a),2.1150499691472033,2.272846050186249
RandomForest,LeaveOneSourceOut,27,58,Mangat and Elgarf (1999a),2.1150499691472033,2.272846050186249
RandomForest,LeaveOneSourceOut,27,59,Mangat and Elgarf (1999a),2.018895041811802,2.2465100139572556
RandomForest,LeaveOneSourceOut,27,60,Mangat and Elgarf (1999a),2.018895041811802,2.2465100139572556
RandomForest,LeaveOneSourceOut,27,61,Mangat and Elgarf (1999a),2.018895041811802,2.2465100139572556
RandomForest,LeaveOneSourceOut,27,62,Mangat and Elgarf (1999a),1.891604804197771,2.2233501656871106
RandomForest,LeaveOneSourceOut,27,63,Mangat and Elgarf (1999a),1.891604804197771,2.2233501656871106
RandomForest,LeaveOneSourceOut,27,64,Mangat and Elgarf (1999a),1.891604804197771,2.2233501656871106
RandomForest,LeaveOneSourceOut,27,65,Mangat and Elgarf (1999a),1.506297153514587,2.145044291164544
RandomForest,LeaveOneSourceOut,27,66,Mangat and Elgarf (1999a),1.506297153514587,2.145044291164544
RandomForest,LeaveOneSourceOut,27,67,Mangat and Elgarf (1999a),1.506297153514587,2.145044291164544
RandomForest,LeaveOneSourceOut,27,68,Mangat and Elgarf (1999a),0.7839015438284094,2.117681458418138
RandomForest,LeaveOneSourceOut,27,69,Mangat and Elgarf (1999a),0.7839015438284094,2.117681458418138
RandomForest,LeaveOneSourceOut,27,70,Mangat and Elgarf (1999a),0.7839015438284094,2.117681458418138
RandomForest,LeaveOneSourceOut,27,71,Mangat and Elgarf (1999a),1.7850704810772584,1.8907872283787688
RandomForest,LeaveOneSourceOut,27,72,Mangat and Elgarf (1999a),1.7850704810772584,1.8907872283787688
RandomForest,LeaveOneSourceOut,27,73,Mangat and Elgarf (1999a),1.589235205116581,1.8575525197701703
RandomForest,LeaveOneSourceOut,27,74,Mangat and Elgarf (1999a),1.589235205116581,1.8575525197701703
RandomForest,LeaveOneSourceOut,27,75,Mangat and Elgarf (1999a),1.2584609896100056,1.8542711220532133
RandomForest,LeaveOneSourceOut,27,76,Mangat and Elgarf (1999a),1.2584609896100056,1.8542711220532133
RandomForest,LeaveOneSourceOut,27,77,Mangat and Elgarf (1999a),0.6043159668533296,1.7786966989557254
RandomForest,LeaveOneSourceOut,27,78,Mangat and Elgarf (1999a),0.6043159668533296,1.7786966989557254
RandomForest,LeaveOneSourceOut,27,79,Mangat and Elgarf (1999a),2.192770226986839,2.2989342956404393
RandomForest,LeaveOneSourceOut,27,80,Mangat and Elgarf (1999a),2.192770226986839,2.2989342956404393
RandomForest,LeaveOneSourceOut,27,81,Mangat and Elgarf (1999a),2.192770226986839,2.2989342956404393
RandomForest,LeaveOneSourceOut,27,82,Mangat and Elgarf (1999a),2.1174596088673567,2.2708456374791064
RandomForest,LeaveOneSourceOut,27,83,Mangat and Elgarf (1999a),2.1174596088673567,2.2708456374791064
RandomForest,LeaveOneSourceOut,27,84,Mangat and Elgarf (1999a),2.1174596088673567,2.2708456374791064
RandomForest,LeaveOneSourceOut,27,85,Mangat and Elgarf (1999a),2.020222182019865,2.2436175266869305
RandomForest,LeaveOneSourceOut,27,86,Mangat and Elgarf (1999a),2.020222182019865,2.2436175266869305
RandomForest,LeaveOneSourceOut,27,87,Mangat and Elgarf (1999a),2.020222182019865,2.2436175266869305
RandomForest,LeaveOneSourceOut,27,88,Mangat and Elgarf (1999a),1.9459101490553132,2.195704619744999
RandomForest,LeaveOneSourceOut,27,89,Mangat and Elgarf (1999a),1.9459101490553132,2.195704619744999
RandomForest,LeaveOneSourceOut,27,90,Mangat and Elgarf (1999a),1.9459101490553132,2.195704619744999
RandomForest,LeaveOneSourceOut,27,91,Mangat and Elgarf (1999a),1.7119945007591924,2.086663771186963
RandomForest,LeaveOneSourceOut,27,92,Mangat and Elgarf (1999a),1.7119945007591924,2.086663771186963
RandomForest,LeaveOneSourceOut,27,93,Mangat and Elgarf (1999a),1.7119945007591924,2.086663771186963
RandomForest,LeaveOneSourceOut,27,94,Mangat and Elgarf (1999a),1.3711807233098425,2.0575223506302676
RandomForest,LeaveOneSourceOut,27,95,Mangat and Elgarf (1999a),1.3711807233098425,2.0575223506302676
RandomForest,LeaveOneSourceOut,27,96,Mangat and Elgarf (1999a),1.3711807233098425,2.0575223506302676
RandomForest,LeaveOneSourceOut,27,97,Mangat and Elgarf (1999a),2.178155014615869,2.299219978896079
RandomForest,LeaveOneSourceOut,27,98,Mangat and Elgarf (1999a),2.178155014615869,2.299219978896079
RandomForest,LeaveOneSourceOut,27,99,Mangat and Elgarf (1999a),2.178155014615869,2.299219978896079
RandomForest,LeaveOneSourceOut,27,100,Mangat and Elgarf (1999a),2.1102132003465894,2.2714222603895977
RandomForest,LeaveOneSourceOut,27,101,Mangat and Elgarf (1999a),2.1102132003465894,2.2714222603895977
RandomForest,LeaveOneSourceOut,27,102,Mangat and Elgarf (1999a),2.1102132003465894,2.2714222603895977
RandomForest,LeaveOneSourceOut,27,103,Mangat and Elgarf (1999a),2.0068708488450007,2.2443539064699713
RandomForest,LeaveOneSourceOut,27,104,Mangat and Elgarf (1999a),2.0068708488450007,2.2443539064699713
RandomForest,LeaveOneSourceOut,27,105,Mangat and Elgarf (1999a),2.0068708488450007,2.2443539064699713
RandomForest,LeaveOneSourceOut,27,106,Mangat and Elgarf (1999a),1.9065751436566365,2.2221848913693365
RandomForest,LeaveOneSourceOut,27,107,Mangat and Elgarf (1999a),1.9065751436566365,2.2221848913693365
RandomForest,LeaveOneSourceOut,27,108,Mangat and Elgarf (1999a),1.9065751436566365,2.2221848913693365
RandomForest,LeaveOneSourceOut,27,109,Mangat and Elgarf (1999a),1.5748464676644813,2.1419914872703627
RandomForest,LeaveOneSourceOut,27,110,Mangat and Elgarf (1999a),1.5748464676644813,2.1419914872703627
RandomForest,LeaveOneSourceOut,27,111,Mangat and Elgarf (1999a),1.5748464676644813,2.1419914872703627
RandomForest,LeaveOneSourceOut,27,112,Mangat and Elgarf (1999a),1.2837077723447896,2.0673749207140655
RandomForest,LeaveOneSourceOut,27,113,Mangat and Elgarf (1999a),1.2837077723447896,2.0673749207140655
RandomForest,LeaveOneSourceOut,27,114,Mangat and Elgarf (1999a),1.2837077723447896,2.0673749207140655
RandomForest,LeaveOneSourceOut,27,115,Mangat and Elgarf (1999a),2.1644717908644115,2.301427685821663
RandomForest,LeaveOneSourceOut,27,116,Mangat and Elgarf (1999a),2.1644717908644115,2.301427685821663
RandomForest,LeaveOneSourceOut,27,117,Mangat and Elgarf (1999a),2.1644717908644115,2.301427685821663
RandomForest,LeaveOneSourceOut,27,118,Mangat and Elgarf (1999a),2.057962510002712,2.272846050186249
RandomForest,LeaveOneSourceOut,27,119,Mangat and Elgarf (1999a),2.057962510002712,2.272846050186249
RandomForest,LeaveOneSourceOut,27,120,Mangat and Elgarf (1999a),2.057962510002712,2.272846050186249
RandomForest,LeaveOneSourceOut,27,121,Mangat and Elgarf (1999a),1.9530276168241774,2.2465100139572556
RandomForest,LeaveOneSourceOut,27,122,Mangat and Elgarf (1999a),1.9530276168241774,2.2465100139572556
RandomForest,LeaveOneSourceOut,27,123,Mangat and Elgarf (1999a),1.9530276168241774,2.2465100139572556
RandomForest,LeaveOneSourceOut,27,124,Mangat and Elgarf (1999a),1.7698546338400052,2.223581871727071
RandomForest,LeaveOneSourceOut,27,125,Mangat and Elgarf (1999a),1.7698546338400052,2.223581871727071
RandomForest,LeaveOneSourceOut,27,126,Mangat and Elgarf (1999a),1.7698546338400052,2.223581871727071
RandomForest,LeaveOneSourceOut,27,127,Mangat and Elgarf (1999a),1.4085449700547104,2.145044291164544
RandomForest,LeaveOneSourceOut,27,128,Mangat and Elgarf (1999a),1.4085449700547104,2.145044291164544
RandomForest,LeaveOneSourceOut,27,129,Mangat and Elgarf (1999a),1.4085449700547104,2.145044291164544
RandomForest,LeaveOneSourceOut,27,130,Mangat and Elgarf (1999a),0.7419373447293773,2.1182770844320413
RandomForest,LeaveOneSourceOut,27,131,Mangat and Elgarf (1999a),0.7419373447293773,2.1182770844320413
RandomForest,LeaveOneSourceOut,27,132,Mangat and Elgarf (1999a),0.7419373447293773,2.1182770844320413
RandomForest,LeaveOneSourceOut,27,133,Mangat and Elgarf (1999a),1.884034745337226,2.2233501656871106
RandomForest,LeaveOneSourceOut,27,134,Mangat and Elgarf (1999a),1.884034745337226,2.2233501656871106
RandomForest,LeaveOneSourceOut,27,135,Mangat and Elgarf (1999a),1.9198594718553708,2.2233501656871106
RandomForest,LeaveOneSourceOut,27,136,Mangat and Elgarf (1999a),1.9198594718553708,2.2233501656871106
RandomForest,LeaveOneSourceOut,27,137,Mangat and Elgarf (1999a),1.8961194845522977,2.2233501656871106
RandomForest,LeaveOneSourceOut,27,138,Mangat and Elgarf (1999a),1.8961194845522977,2.2233501656871106
RandomForest,LeaveOneSourceOut,27,139,Mangat and Elgarf (1999a),1.8718021769015913,2.2233501656871106
RandomForest,LeaveOneSourceOut,27,140,Mangat and Elgarf (1999a),1.8718021769015913,2.2233501656871106
RandomForest,LeaveOneSourceOut,28,752,Nasser et al. (2021),2.772588722239781,3.099593126734672
RandomForest,LeaveOneSourceOut,28,753,Nasser et al. (2021),2.739548868161581,3.110931676833024
RandomForest,LeaveOneSourceOut,28,754,Nasser et al. (2021),2.7265447837383743,3.110931676833024
RandomForest,LeaveOneSourceOut,28,755,Nasser et al. (2021),2.644044871126298,2.9751821748689626
RandomForest,LeaveOneSourceOut,28,756,Nasser et al. (2021),2.695977619867941,2.9636978232568127
RandomForest,LeaveOneSourceOut,28,757,Nasser et al. (2021),2.5241273629412815,2.8955337054768733
RandomForest,LeaveOneSourceOut,28,758,Nasser et al. (2021),2.4840729690394228,2.8933974740237844
RandomForest,LeaveOneSourceOut,28,759,Nasser et al. (2021),2.4397349311412793,2.830703749953746
RandomForest,LeaveOneSourceOut,28,760,Nasser et al. (2021),2.498973906999436,2.901566509481545
RandomForest,LeaveOneSourceOut,28,761,Nasser et al. (2021),2.3085671646715933,2.9040225924461427
RandomForest,LeaveOneSourceOut,28,762,Nasser et al. (2021),2.25758772706331,2.9040225924461427
RandomForest,LeaveOneSourceOut,28,763,Nasser et al. (2021),2.0881534822818573,2.8030689587010635
RandomForest,LeaveOneSourceOut,28,764,Nasser et al. (2021),2.089391872533004,2.8137954862362307
RandomForest,LeaveOneSourceOut,28,765,Nasser et al. (2021),2.1587147225743437,2.75500458649372
RandomForest,LeaveOneSourceOut,28,766,Nasser et al. (2021),1.9933388426264242,2.754107694852926
RandomForest,LeaveOneSourceOut,28,767,Nasser et al. (2021),2.017566137961748,2.74820071595631
RandomForest,LeaveOneSourceOut,28,768,Nasser et al. (2021),2.0515563381903004,2.744068912078347
RandomForest,LeaveOneSourceOut,29,775,Nasser et al. (2022),3.490428515390098,2.8363998786973132
RandomForest,LeaveOneSourceOut,29,776,Nasser et al. (2022),3.5004392163118045,2.8363998786973132
RandomForest,LeaveOneSourceOut,29,777,Nasser et al. (2022),3.414442608412176,2.755150736567372
RandomForest,LeaveOneSourceOut,29,778,Nasser et al. (2022),3.4187098067467865,2.755150736567372
RandomForest,LeaveOneSourceOut,29,779,Nasser et al. (2022),3.4339872044851463,2.687567803198509
RandomForest,LeaveOneSourceOut,29,780,Nasser et al. (2022),3.395514598526657,2.62867821592733
RandomForest,LeaveOneSourceOut,29,781,Nasser et al. (2022),3.3648791189880436,2.6025163288981505
RandomForest,LeaveOneSourceOut,29,782,Nasser et al. (2022),3.1135153092103742,2.4401788942435556
RandomForest,LeaveOneSourceOut,30,545,Nguyen and Lambert (2018),2.2915241456346207,1.8759191846152992
RandomForest,LeaveOneSourceOut,30,546,Nguyen and Lambert (2018),2.262804222982201,1.897335825206532
RandomForest,LeaveOneSourceOut,30,547,Nguyen and Lambert (2018),2.2512917986064953,1.8709821782989449
RandomForest,LeaveOneSourceOut,30,548,Nguyen and Lambert (2018),2.2235418856535927,1.851211395374485
RandomForest,LeaveOneSourceOut,30,549,Nguyen and Lambert (2018),2.28949985344539,1.7815052818024502
RandomForest,LeaveOneSourceOut,30,550,Nguyen and Lambert (2018),2.2731562823032334,1.8759191846152992
RandomForest,LeaveOneSourceOut,30,551,Nguyen and Lambert (2018),2.231089091288976,1.9204916717871627
RandomForest,LeaveOneSourceOut,30,552,Nguyen and Lambert (2018),2.2364452904895007,1.8888425954569992
RandomForest,LeaveOneSourceOut,30,553,Nguyen and Lambert (2018),2.1972245773362196,1.8564452978658306
RandomForest,LeaveOneSourceOut,30,554,Nguyen and Lambert (2018),2.2364452904895007,1.7841659234026557
RandomForest,LeaveOneSourceOut,30,555,Nguyen and Lambert (2018),2.2679936482244267,1.8759191846152992
RandomForest,LeaveOneSourceOut,30,556,Nguyen and Lambert (2018),2.194999882314108,1.8940278897837954
RandomForest,LeaveOneSourceOut,30,557,Nguyen and Lambert (2018),2.2082744135228043,1.9019925767464627
RandomForest,LeaveOneSourceOut,30,558,Nguyen and Lambert (2018),2.1972245773362196,1.8558982698304114
RandomForest,LeaveOneSourceOut,30,559,Nguyen and Lambert (2018),2.2289385528257473,1.7738901941245486
RandomForest,LeaveOneSourceOut,30,560,Nguyen and Lambert (2018),2.2648832258100344,1.8759191846152992
RandomForest,LeaveOneSourceOut,30,561,Nguyen and Lambert (2018),2.1114245875328868,1.8565576284367904
RandomForest,LeaveOneSourceOut,30,562,Nguyen and Lambert (2018),2.020222182019865,1.8511236719573114
RandomForest,LeaveOneSourceOut,30,563,Nguyen and Lambert (2018),2.061786606441115,1.812497948831068
RandomForest,LeaveOneSourceOut,30,564,Nguyen and Lambert (2018),2.1138429683971682,1.744826878681368
RandomForest,LeaveOneSourceOut,31,634,Njeem et al. (2019),3.109953417644014,3.555008564986471
RandomForest,LeaveOneSourceOut,31,635,Njeem et al. (2019),2.9601050959108397,3.2279239981072267
RandomForest,LeaveOneSourceOut,32,636,O'Flaherty and Browne (2019),1.9726911717329554,1.7467486217711148
RandomForest,LeaveOneSourceOut,32,637,O'Flaherty and Browne (2019),1.922787731634459,1.706188047744154
RandomForest,LeaveOneSourceOut,32,638,O'Flaherty and Browne (2019),1.7029282555214393,1.7033082359175822
RandomForest,LeaveOneSourceOut,32,639,O'Flaherty and Browne (2019),1.6486586255873816,1.2218104279447213
RandomForest,LeaveOneSourceOut,32,640,O'Flaherty and Browne (2019),1.4883995840570443,1.1492505028161986
RandomForest,LeaveOneSourceOut,32,641,O'Flaherty and Browne (2019),0.8878912573524571,0.8537709807906444
RandomForest,LeaveOneSourceOut,32,642,O'Flaherty and Browne (2019),0.9555114450274363,0.8433577464504313
RandomForest,LeaveOneSourceOut,32,643,O'Flaherty and Browne (2019),1.937301774518713,1.7475516408459713
RandomForest,LeaveOneSourceOut,32,644,O'Flaherty and Browne (2019),1.965712776351493,1.7085138512622047
RandomForest,LeaveOneSourceOut,32,645,O'Flaherty and Browne (2019),1.8764069432883397,1.7085138512622047
RandomForest,LeaveOneSourceOut,32,646,O'Flaherty and Browne (2019),1.7316555451583497,1.7068176987119366
RandomForest,LeaveOneSourceOut,32,647,O'Flaherty and Browne (2019),1.7209792871670078,1.6216133978551568
RandomForest,LeaveOneSourceOut,32,648,O'Flaherty and Browne (2019),1.4770487243883548,1.2226690709813979
RandomForest,LeaveOneSourceOut,32,649,O'Flaherty and Browne (2019),1.4586150226995167,1.1760563840464056
RandomForest,LeaveOneSourceOut,32,650,O'Flaherty and Browne (2019),1.1184149159642893,0.8595493904579329
RandomForest,LeaveOneSourceOut,32,651,O'Flaherty and Browne (2019),0.959350221334602,0.8437736675518316
RandomForest,LeaveOneSourceOut,32,652,O'Flaherty and Browne (2019),1.6448050562713916,1.748081010933451
RandomForest,LeaveOneSourceOut,32,653,O'Flaherty and Browne (2019),1.4445632692438664,1.3007946905538896
RandomForest,LeaveOneSourceOut,32,654,O'Flaherty and Browne (2019),1.423108334242607,1.511537085282209
RandomForest,LeaveOneSourceOut,32,655,O'Flaherty and Browne (2019),1.6789639750827108,1.699419945179399
RandomForest,LeaveOneSourceOut,32,656,O'Flaherty and Browne (2019),1.589235205116581,1.6764647481342845
RandomForest,LeaveOneSourceOut,32,657,O'Flaherty and Browne (2019),1.4655675420143985,1.4439676388536458
RandomForest,LeaveOneSourceOut,32,658,O'Flaherty and Browne (2019),0.7561219797213337,0.8661514190998784
RandomForest,LeaveOneSourceOut,32,659,O'Flaherty and Browne (2019),1.1878434223960523,1.2044802927655864
RandomForest,LeaveOneSourceOut,32,660,O'Flaherty and Browne (2019),0.22314355131420976,0.8508290511327192
RandomForest,LeaveOneSourceOut,32,661,O'Flaherty and Browne (2019),2.3850863145057892,2.1739154859267336
RandomForest,LeaveOneSourceOut,32,662,O'Flaherty and Browne (2019),2.3832429960115,2.1049554033644253
RandomForest,LeaveOneSourceOut,32,663,O'Flaherty and Browne (2019),2.330200260027019,2.1033017960882665
RandomForest,LeaveOneSourceOut,32,664,O'Flaherty and Browne (2019),2.145931282948669,2.133352327145304
RandomForest,LeaveOneSourceOut,32,665,O'Flaherty and Browne (2019),2.0955609235597192,2.105399736935058
RandomForest,LeaveOneSourceOut,32,666,O'Flaherty and Browne (2019),2.0781907597781832,2.043951520844508
RandomForest,LeaveOneSourceOut,32,667,O'Flaherty and Browne (2019),2.057962510002712,1.8566525794703235
RandomForest,LeaveOneSourceOut,32,668,O'Flaherty and Browne (2019),2.2502386126218363,2.1879860789654466
RandomForest,LeaveOneSourceOut,32,669,O'Flaherty and Browne (2019),2.162172939277301,2.149740757766331
RandomForest,LeaveOneSourceOut,32,670,O'Flaherty and Browne (2019),2.1815467646169897,2.1318006651328045
RandomForest,LeaveOneSourceOut,32,671,O'Flaherty and Browne (2019),1.9754689512968577,2.0420494877691646
RandomForest,LeaveOneSourceOut,32,672,O'Flaherty and Browne (2019),1.9300710850255671,1.8648067610780539
RandomForest,LeaveOneSourceOut,32,673,O'Flaherty and Browne (2019),1.9139771019523042,1.8482688344742209
RandomForest,LeaveOneSourceOut,32,674,O'Flaherty and Browne (2019),2.175887439948088,2.1515153343239652
RandomForest,LeaveOneSourceOut,33,172,O'Flaherty et al. (2004),1.6448050562713916,1.8415500096755992
RandomForest,LeaveOneSourceOut,33,173,O'Flaherty et al. (2004),1.6448050562713916,1.8415500096755992
RandomForest,LeaveOneSourceOut,33,174,O'Flaherty et al. (2004),1.6789639750827108,1.7176618935866144
RandomForest,LeaveOneSourceOut,33,175,O'Flaherty et al. (2004),1.589235205116581,1.6970846957848658
RandomForest,LeaveOneSourceOut,33,176,O'Flaherty et al. (2004),1.425515074273172,1.5291292266374228
RandomForest,LeaveOneSourceOut,33,177,O'Flaherty et al. (2004),1.4655675420143985,1.5268223329662498
RandomForest,LeaveOneSourceOut,33,178,O'Flaherty et al. (2004),1.4327007339340465,1.533066341303693
RandomForest,LeaveOneSourceOut,33,179,O'Flaherty et al. (2004),1.1908875647772805,1.4521182800991672
RandomForest,LeaveOneSourceOut,33,180,O'Flaherty et al. (2004),0.7608058290337602,0.9585262906502978
RandomForest,LeaveOneSourceOut,33,181,O'Flaherty et al. (2004),0.23111172096338664,0.9066474874207159
RandomForest,LeaveOneSourceOut,33,182,O'Flaherty et al. (2004),2.0541237336955462,2.344797824158366
RandomForest,LeaveOneSourceOut,33,183,O'Flaherty et al. (2004),2.0541237336955462,2.344797824158366
RandomForest,LeaveOneSourceOut,33,184,O'Flaherty et al. (2004),2.064327903869788,2.1975195921444053
RandomForest,LeaveOneSourceOut,33,185,O'Flaherty et al. (2004),1.9286186519452522,2.164094399422502
RandomForest,LeaveOneSourceOut,33,186,O'Flaherty et al. (2004),1.7850704810772584,2.101077449450944
RandomForest,LeaveOneSourceOut,33,187,O'Flaherty et al. (2004),1.8389610707123492,2.0393104424242496
RandomForest,LeaveOneSourceOut,33,188,O'Flaherty et al. (2004),1.6770965609079151,2.0254884054012487
RandomForest,LeaveOneSourceOut,33,189,O'Flaherty et al. (2004),1.6074359097634274,1.9934293212628504
RandomForest,LeaveOneSourceOut,33,190,O'Flaherty et al. (2004),2.2935443483418965,2.3551682237281857
RandomForest,LeaveOneSourceOut,33,191,O'Flaherty et al. (2004),2.2935443483418965,2.3551682237281857
RandomForest,LeaveOneSourceOut,33,192,O'Flaherty et al. (2004),2.222459048514761,2.2776314999713536
RandomForest,LeaveOneSourceOut,33,193,O'Flaherty et al. (2004),2.180417459019838,2.2722723635072852
RandomForest,LeaveOneSourceOut,33,194,O'Flaherty et al. (2004),2.0731719286662407,2.2527840699672343
RandomForest,LeaveOneSourceOut,33,195,O'Flaherty et al. (2004),1.9685099809725544,2.245959715443086
RandomForest,LeaveOneSourceOut,33,196,O'Flaherty et al. (2004),2.0425181875752383,2.2796909363569795
RandomForest,LeaveOneSourceOut,33,197,O'Flaherty et al. (2004),1.8468787684491346,2.193650761576866
RandomForest,LeaveOneSourceOut,34,380,Oyado et al. (2011),2.911263116927541,2.890555341091148
RandomForest,LeaveOneSourceOut,34,381,Oyado et al. (2011),2.8027541365715076,2.812139499695123
RandomForest,LeaveOneSourceOut,34,382,Oyado et al. (2011),2.7700855920216627,2.7863283050670975
RandomForest,LeaveOneSourceOut,34,383,Oyado et al. (2011),2.8237570088141806,2.8165417690032406
RandomForest,LeaveOneSourceOut,34,384,Oyado et al. (2011),2.8524391037275145,2.8267618098326066
RandomForest,LeaveOneSourceOut,34,385,Oyado et al. (2011),2.548663615590751,2.569494266256033
RandomForest,LeaveOneSourceOut,34,386,Oyado et al. (2011),2.65745841498615,2.6681113906465974
RandomForest,LeaveOneSourceOut,34,387,Oyado et al. (2011),2.6837575085331657,2.6901740954676003
RandomForest,LeaveOneSourceOut,34,388,Oyado et al. (2011),2.8741294517947424,2.9300611272077552
RandomForest,LeaveOneSourceOut,34,389,Oyado et al. (2011),2.714694743820879,2.4977655152836427
RandomForest,LeaveOneSourceOut,34,390,Oyado et al. (2011),2.7093826463359885,2.6361533039615392
RandomForest,LeaveOneSourceOut,34,391,Oyado et al. (2011),2.5289235352047745,2.4799746822932756
RandomForest,LeaveOneSourceOut,34,392,Oyado et al. (2011),1.144222799920162,2.449421387072063
RandomForest,LeaveOneSourceOut,35,12,Rodriguez et al. (1997),2.714694743820879,2.9518615495838496
RandomForest,LeaveOneSourceOut,35,13,Rodriguez et al. (1997),2.7536607123542622,2.9518615495838496
RandomForest,LeaveOneSourceOut,35,14,Rodriguez et al. (1997),2.312535423847214,2.7441890954651824
RandomForest,LeaveOneSourceOut,35,15,Rodriguez et al. (1997),2.3513752571634776,2.764393218224133
RandomForest,LeaveOneSourceOut,35,16,Rodriguez et al. (1997),2.451005098112319,2.783865296278788
RandomForest,LeaveOneSourceOut,35,17,Rodriguez et al. (1997),2.151762203259462,2.6072848389172094
RandomForest,LeaveOneSourceOut,35,18,Rodriguez et al. (1997),3.586292865338835,2.952165194508785
RandomForest,LeaveOneSourceOut,35,19,Rodriguez et al. (1997),3.6454498961866,2.952165194508785
RandomForest,LeaveOneSourceOut,35,20,Rodriguez et al. (1997),3.367295829986474,2.8230312396134027
RandomForest,LeaveOneSourceOut,35,21,Rodriguez et al. (1997),3.6402142821326553,3.140276202588647
RandomForest,LeaveOneSourceOut,35,22,Rodriguez et al. (1997),3.6584202466292277,3.140276202588647
RandomForest,LeaveOneSourceOut,35,23,Rodriguez et al. (1997),3.339321977944068,3.0267710190773287
RandomForest,LeaveOneSourceOut,35,24,Rodriguez et al. (1997),3.349904087274605,2.95835624360312
RandomForest,LeaveOneSourceOut,35,25,Rodriguez et al. (1997),3.3141860046725258,2.9942717164120993
RandomForest,LeaveOneSourceOut,36,681,Shen et al. (2019),2.5603232890727545,2.891952480559033
RandomForest,LeaveOneSourceOut,36,682,Shen et al. (2019),2.517696472610991,2.7308256797044868
RandomForest,LeaveOneSourceOut,36,683,Shen et al. (2019),2.423031246069913,2.715303071859698
RandomForest,LeaveOneSourceOut,36,684,Shen et al. (2019),2.377692565480851,2.6859802815946607
RandomForest,LeaveOneSourceOut,37,675,Tan et al. (2019),1.7083778602890038,2.0611273417356566
RandomForest,LeaveOneSourceOut,37,676,Tan et al. (2019),1.7749523509116738,1.9095509677141786
RandomForest,LeaveOneSourceOut,37,677,Tan et al. (2019),1.601405740736836,1.8472440724991852
RandomForest,LeaveOneSourceOut,37,678,Tan et al. (2019),1.9851308622085946,2.0676029633884094
RandomForest,LeaveOneSourceOut,37,679,Tan et al. (2019),1.9906103279732201,1.9059172024705424
RandomForest,LeaveOneSourceOut,37,680,Tan et al. (2019),1.7647307968401356,1.842925855675268
RandomForest,LeaveOneSourceOut,38,160,Torres-Acosta et al. (2003),1.2267122912954254,1.5837216691253004
RandomForest,LeaveOneSourceOut,38,161,Torres-Acosta et al. (2003),1.3987168811184478,1.5837216691253004
RandomForest,LeaveOneSourceOut,38,162,Torres-Acosta et al. (2003),1.2178757094949273,0.8078921777418736
RandomForest,LeaveOneSourceOut,38,163,Torres-Acosta et al. (2003),1.3428648031925547,0.9041495624048678
RandomForest,LeaveOneSourceOut,38,164,Torres-Acosta et al. (2003),1.269760544863939,0.8394534340194866
RandomForest,LeaveOneSourceOut,38,165,Torres-Acosta et al. (2003),1.2178757094949273,0.5895411905969858
RandomForest,LeaveOneSourceOut,38,166,Torres-Acosta et al. (2003),1.2809338454620642,0.8292455843418102
RandomForest,LeaveOneSourceOut,38,167,Torres-Acosta et al. (2003),1.2383742310432684,0.8211587042156983
RandomForest,LeaveOneSourceOut,38,168,Torres-Acosta et al. (2003),1.3428648031925547,0.8133081046449431
RandomForest,LeaveOneSourceOut,38,169,Torres-Acosta et al. (2003),1.0612565021243408,0.7065147376866043
RandomForest,LeaveOneSourceOut,38,170,Torres-Acosta et al. (2003),1.3029127521808397,1.2909621384277692
RandomForest,LeaveOneSourceOut,38,171,Torres-Acosta et al. (2003),1.269760544863939,1.2971729627836572
RandomForest,LeaveOneSourceOut,39,280,Torres-Acosta et al. (2007),1.4701758451005926,1.5169485239461291
RandomForest,LeaveOneSourceOut,39,281,Torres-Acosta et al. (2007),1.5686159179138452,1.5169485239461291
RandomForest,LeaveOneSourceOut,39,282,Torres-Acosta et al. (2007),1.085189268335969,1.3569656429652184
RandomForest,LeaveOneSourceOut,39,283,Torres-Acosta et al. (2007),0.4762341789963717,1.2945688561891373
RandomForest,LeaveOneSourceOut,39,284,Torres-Acosta et al. (2007),0.7608058290337602,1.2988274845070236
RandomForest,LeaveOneSourceOut,39,285,Torres-Acosta et al. (2007),1.1939224684724346,1.3567799537750123
RandomForest,LeaveOneSourceOut,39,286,Torres-Acosta et al. (2007),1.2383742310432684,1.35893137468304
RandomForest,LeaveOneSourceOut,39,287,Torres-Acosta et al. (2007),0.9669838461896731,1.303144535349378
RandomForest,LeaveOneSourceOut,39,288,Torres-Acosta et al. (2007),0.8919980393051105,1.2971406681757773
RandomForest,LeaveOneSourceOut,39,289,Torres-Acosta et al. (2007),0.14842000511827322,1.1728698363083858
RandomForest,LeaveOneSourceOut,39,290,Torres-Acosta et al. (2007),1.4701758451005926,1.5169485239461291
RandomForest,LeaveOneSourceOut,40,783,Tran et al. (2022),1.0296194171811581,1.919115988401478
RandomForest,LeaveOneSourceOut,40,784,Tran et al. (2022),1.0188473201992472,1.919115988401478
RandomForest,LeaveOneSourceOut,40,785,Tran et al. (2022),0.6931471805599453,1.289736442748582
RandomForest,LeaveOneSourceOut,40,786,Tran et al. (2022),0.7929925155296614,1.289736442748582
RandomForest,LeaveOneSourceOut,40,787,Tran et al. (2022),0.7030975114131134,1.2879465986178784
RandomForest,LeaveOneSourceOut,40,788,Tran et al. (2022),0.6418538861723947,1.2879465986178784
RandomForest,LeaveOneSourceOut,40,789,Tran et al. (2022),0.5538851132264376,1.2879465986178784
RandomForest,LeaveOneSourceOut,40,790,Tran et al. (2022),0.5247285289349821,1.287767093240051
RandomForest,LeaveOneSourceOut,40,791,Tran et al. (2022),0.25464221837358075,1.2844239567954217
RandomForest,LeaveOneSourceOut,40,792,Tran et al. (2022),0.4824261492442928,1.2749805213984062
RandomForest,LeaveOneSourceOut,40,793,Tran et al. (2022),0.44468582126144574,1.2079237250968882
RandomForest,LeaveOneSourceOut,40,794,Tran et al. (2022),0.23901690047049992,1.2320352910464503
RandomForest,LeaveOneSourceOut,41,795,Van Nguyen et al. (2022),3.0081547935525483,2.9712392806248245
RandomForest,LeaveOneSourceOut,41,796,Van Nguyen et al. (2022),2.876948737564024,2.9117186507987554
RandomForest,LeaveOneSourceOut,41,797,Van Nguyen et al. (2022),2.810606789427302,2.9092540345418194
RandomForest,LeaveOneSourceOut,41,798,Van Nguyen et al. (2022),2.750470916986162,2.8446624745671443
RandomForest,LeaveOneSourceOut,41,799,Van Nguyen et al. (2022),2.691243082785829,2.921692902852955
RandomForest,LeaveOneSourceOut,41,800,Van Nguyen et al. (2022),2.5680215564985067,2.915440323848058
RandomForest,LeaveOneSourceOut,41,801,Van Nguyen et al. (2022),2.6304489550786583,2.8441898394249674
RandomForest,LeaveOneSourceOut,41,802,Van Nguyen et al. (2022),2.784393767689544,2.919434378466989
RandomForest,LeaveOneSourceOut,41,803,Van Nguyen et al. (2022),2.756205242989257,2.9209054440146973
RandomForest,LeaveOneSourceOut,42,472,Wang et al. (2014),4.405010471064257,4.493660449645843
RandomForest,LeaveOneSourceOut,42,473,Wang et al. (2014),4.370712874773608,4.27868329452648
RandomForest,LeaveOneSourceOut,42,474,Wang et al. (2014),4.2903224454635405,4.151860956377865
RandomForest,LeaveOneSourceOut,42,475,Wang et al. (2014),4.207226719278773,4.13578800000166
RandomForest,LeaveOneSourceOut,42,476,Wang et al. (2014),4.094011173320863,4.095473725200976
RandomForest,LeaveOneSourceOut,42,477,Wang et al. (2014),4.418479096676194,4.458205074745354
RandomForest,LeaveOneSourceOut,42,478,Wang et al. (2014),4.145987795373939,4.150473180346651
RandomForest,LeaveOneSourceOut,42,479,Wang et al. (2014),4.312408567793012,4.47866043310873
RandomForest,LeaveOneSourceOut,42,480,Wang et al. (2014),4.020159664032724,4.1615181955844065
RandomForest,LeaveOneSourceOut,42,481,Wang et al. (2014),4.453300236649965,4.447737515992089
RandomForest,LeaveOneSourceOut,42,482,Wang et al. (2014),4.27332721775054,4.174842684028025
RandomForest,LeaveOneSourceOut,42,483,Wang et al. (2014),4.100492292808335,4.099240378653117
RandomForest,LeaveOneSourceOut,42,484,Wang et al. (2014),3.9900945408483017,3.9994761889122024
RandomForest,LeaveOneSourceOut,42,485,Wang et al. (2014),3.902578546600146,3.915823551006208
RandomForest,LeaveOneSourceOut,42,486,Wang et al. (2014),3.766071949943842,3.8087536208440427
RandomForest,LeaveOneSourceOut,42,487,Wang et al. (2014),3.634159241913703,3.7207976491972627
RandomForest,LeaveOneSourceOut,42,488,Wang et al. (2014),4.233961566558017,4.094528530132642
RandomForest,LeaveOneSourceOut,42,489,Wang et al. (2014),3.9527809979003137,3.821683927916043
RandomForest,LeaveOneSourceOut,42,490,Wang et al. (2014),3.998017198595007,4.095306269029368
RandomForest,LeaveOneSourceOut,42,491,Wang et al. (2014),3.6823582371236707,3.7934157212565793
RandomForest,LeaveOneSourceOut,42,492,Wang et al. (2014),4.360292142527875,4.107142418976441
RandomForest,LeaveOneSourceOut,42,493,Wang et al. (2014),4.124388683570477,3.7914214721463764
RandomForest,LeaveOneSourceOut,43,393,Xia et al. (2012),3.121483478859551,3.4999712334952386
RandomForest,LeaveOneSourceOut,43,394,Xia et al. (2012),3.1018924693823817,3.3505787831703158
RandomForest,LeaveOneSourceOut,43,395,Xia et al. (2012),3.0740812399649675,3.3341205331905477
RandomForest,LeaveOneSourceOut,43,396,Xia et al. (2012),3.027715319407042,3.302500606850469
RandomForest,LeaveOneSourceOut,43,397,Xia et al. (2012),3.0368742168851663,3.110135785907637
RandomForest,LeaveOneSourceOut,43,398,Xia et al. (2012),3.0619880693310564,3.084905230799778
RandomForest,LeaveOneSourceOut,43,399,Xia et al. (2012),2.995732273553991,3.065393354326836
RandomForest,LeaveOneSourceOut,43,400,Xia et al. (2012),3.0368742168851663,3.0598140139550187
RandomForest,LeaveOneSourceOut,43,401,Xia et al. (2012),2.9559514035421466,3.0603650833387754
RandomForest,LeaveOneSourceOut,43,402,Xia et al. (2012),2.9090844668283187,2.987008433814586
RandomForest,LeaveOneSourceOut,43,403,Xia et al. (2012),3.6506582412937387,3.5252912007439487
RandomForest,LeaveOneSourceOut,43,404,Xia et al. (2012),3.6041382256588457,3.3803809811920438
RandomForest,LeaveOneSourceOut,43,405,Xia et al. (2012),3.5553480614894135,3.3687749542921464
RandomForest,LeaveOneSourceOut,43,406,Xia et al. (2012),3.5403794457954922,3.3493039361645858
RandomForest,LeaveOneSourceOut,43,407,Xia et al. (2012),3.5564902660681907,3.3181396795742364
RandomForest,LeaveOneSourceOut,43,408,Xia et al. (2012),3.5801800371905954,3.160894593367691
RandomForest,LeaveOneSourceOut,43,409,Xia et al. (2012),3.4989288701554906,3.1467976406311995
RandomForest,LeaveOneSourceOut,43,410,Xia et al. (2012),3.537765824444175,3.1116179564583
RandomForest,LeaveOneSourceOut,43,411,Xia et al. (2012),3.5403794457954922,3.1078894941265016
RandomForest,LeaveOneSourceOut,43,412,Xia et al. (2012),3.4697901731277674,3.098219121603824
RandomForest,LeaveOneSourceOut,44,565,Yadav et al. (2018),3.8366526984033693,4.133394486509975
RandomForest,LeaveOneSourceOut,44,566,Yadav et al. (2018),3.7909846770510898,4.018694910112801
RandomForest,LeaveOneSourceOut,44,567,Yadav et al. (2018),3.711618941083426,3.859959735537916
RandomForest,LeaveOneSourceOut,44,568,Yadav et al. (2018),3.575710756008298,3.6598688409748346
RandomForest,LeaveOneSourceOut,44,569,Yadav et al. (2018),3.8588331769140267,4.16014247371311
RandomForest,LeaveOneSourceOut,44,570,Yadav et al. (2018),3.773220602547687,4.0365784502518425
RandomForest,LeaveOneSourceOut,44,571,Yadav et al. (2018),3.6901286735143684,3.880161571874275
RandomForest,LeaveOneSourceOut,44,572,Yadav et al. (2018),3.6184569898173904,3.6688053468563053
RandomForest,LeaveOneSourceOut,44,573,Yadav et al. (2018),3.8975183192252643,4.128505169182725
RandomForest,LeaveOneSourceOut,44,574,Yadav et al. (2018),3.7918872041881655,4.032166602964491
RandomForest,LeaveOneSourceOut,44,575,Yadav et al. (2018),3.730501128804756,3.865039168586842
RandomForest,LeaveOneSourceOut,44,576,Yadav et al. (2018),3.662792119350618,3.6677043936394083
RandomForest,LeaveOneSourceOut,44,577,Yadav et al. (2018),3.934957976710642,4.158980540727081
RandomForest,LeaveOneSourceOut,44,578,Yadav et al. (2018),3.8588331769140267,4.0392345157722715
RandomForest,LeaveOneSourceOut,44,579,Yadav et al. (2018),3.802654468372781,3.878786954429906
RandomForest,LeaveOneSourceOut,44,580,Yadav et al. (2018),3.7428940424201746,3.6757323141461837
RandomForest,LeaveOneSourceOut,45,700,Yalciner et al. (2020),4.65224459337402,3.9235729503545937
RandomForest,LeaveOneSourceOut,45,701,Yalciner et al. (2020),4.557134736949535,3.7757407237534704
RandomForest,LeaveOneSourceOut,45,702,Yalciner et al. (2020),4.361951470242831,3.763250907433597
RandomForest,LeaveOneSourceOut,45,703,Yalciner et al. (2020),4.212720014957422,3.6928525040564186
RandomForest,LeaveOneSourceOut,45,704,Yalciner et al. (2020),5.084938485288739,3.8757257514346835
RandomForest,LeaveOneSourceOut,45,705,Yalciner et al. (2020),4.8779416457041185,3.791551668748051
RandomForest,LeaveOneSourceOut,45,706,Yalciner et al. (2020),4.855228269843183,3.7750581999248647
RandomForest,LeaveOneSourceOut,45,707,Yalciner et al. (2020),4.664853188149265,3.758722431738546
RandomForest,LeaveOneSourceOut,46,581,Ye et al. (2018),2.5079719227189963,2.242974536854414
RandomForest,LeaveOneSourceOut,46,582,Ye et al. (2018),2.488234439880675,2.1702615254022217
RandomForest,LeaveOneSourceOut,46,583,Ye et al. (2018),2.4782176616372036,2.1522335645581427
RandomForest,LeaveOneSourceOut,46,584,Ye et al. (2018),2.4807312783775197,2.0902007671886045
RandomForest,LeaveOneSourceOut,46,585,Ye et al. (2018),2.4612967841488667,1.930300518743873
RandomForest,LeaveOneSourceOut,46,586,Ye et al. (2018),2.510411940196362,2.1628660025059565
RandomForest,LeaveOneSourceOut,46,587,Ye et al. (2018),2.4714836294558595,2.1415680882295303
RandomForest,LeaveOneSourceOut,46,588,Ye et al. (2018),2.424802725718295,2.0843311098747517
RandomForest,LeaveOneSourceOut,46,589,Ye et al. (2018),2.3933394562625097,1.9277109125086695
RandomForest,LeaveOneSourceOut,46,590,Ye et al. (2018),2.4553061800117097,2.144144821791495
RandomForest,LeaveOneSourceOut,46,591,Ye et al. (2018),2.412335956953165,2.1444767826360676
RandomForest,LeaveOneSourceOut,46,592,Ye et al. (2018),2.33214389523559,2.0882282450985654
RandomForest,LeaveOneSourceOut,46,593,Ye et al. (2018),2.2512917986064953,1.9255690395729739
RandomForest,LeaveOneSourceOut,46,594,Ye et al. (2018),2.479894107964456,2.120577221382641
RandomForest,LeaveOneSourceOut,46,595,Ye et al. (2018),2.468099531471619,1.9005797298913325
RandomForest,LeaveOneSourceOut,46,596,Ye et al. (2018),2.4731713935695794,2.1297988912155215
RandomForest,LeaveOneSourceOut,46,597,Ye et al. (2018),2.4344901638739844,1.9118141068622967
RandomForest,LeaveOneSourceOut,46,598,Ye et al. (2018),2.453587966530573,2.1257650537681214
RandomForest,LeaveOneSourceOut,46,599,Ye et al. (2018),2.336986519711378,1.9027924355842833
RandomForest,LeaveOneSourceOut,47,496,Yu et al. (2015),3.565298392342582,3.5599914388951683
RandomForest,LeaveOneSourceOut,47,497,Yu et al. (2015),3.436564525499447,3.375632371944682
RandomForest,LeaveOneSourceOut,47,498,Yu et al. (2015),3.4339872044851463,3.3556828689346814
RandomForest,LeaveOneSourceOut,48,515,Zhang et al. (2016),4.0943445622221,4.273313314991531
RandomForest,LeaveOneSourceOut,48,516,Zhang et al. (2016),4.053522567701846,4.221797640811843
RandomForest,LeaveOneSourceOut,48,517,Zhang et al. (2016),4.00369019395397,4.116032102124372
RandomForest,LeaveOneSourceOut,48,518,Zhang et al. (2016),3.8199077165203406,3.9519081512349996
RandomForest,LeaveOneSourceOut,49,685,Zhang et al. (2019),1.851599469584072,1.512256710671
RandomForest,LeaveOneSourceOut,49,686,Zhang et al. (2019),1.7715567619105355,1.525236187496082
RandomForest,LeaveOneSourceOut,49,687,Zhang et al. (2019),1.7457155307266483,1.5032421089387036
RandomForest,LeaveOneSourceOut,49,688,Zhang et al. (2019),1.6845453849209058,1.496932098918623
RandomForest,LeaveOneSourceOut,49,689,Zhang et al. (2019),1.7833912195575383,1.4785557706766432
RandomForest,LeaveOneSourceOut,49,690,Zhang et al. (2019),2.532902848056256,1.5202289589859173
RandomForest,LeaveOneSourceOut,49,691,Zhang et al. (2019),2.413231613081109,1.5208135534644427
RandomForest,LeaveOneSourceOut,49,692,Zhang et al. (2019),1.7544036826842861,1.5044947348434827
RandomForest,LeaveOneSourceOut,50,600,Zhou et al. (2018),2.714694743820879,3.168420852649725
RandomForest,LeaveOneSourceOut,50,601,Zhou et al. (2018),2.580974118534234,3.0930761065035735
RandomForest,LeaveOneSourceOut,50,602,Zhou et al. (2018),2.517696472610991,3.0783325329221447
RandomForest,LeaveOneSourceOut,50,603,Zhou et al. (2018),2.502255288122613,3.0597177808840588
RandomForest,LeaveOneSourceOut,50,604,Zhou et al. (2018),2.4765384001174837,3.0054768040419435
RandomForest,LeaveOneSourceOut,50,605,Zhou et al. (2018),2.4069451083182885,2.9705146686184283
RandomForest,LeaveOneSourceOut,50,606,Zhou et al. (2018),2.303584593327129,2.9539243937092583
RandomForest,LeaveOneSourceOut,50,607,Zhou et al. (2018),2.150598735996164,2.9410691665064777
RandomForest,LeaveOneSourceOut,50,608,Zhou et al. (2018),2.028148247292285,2.855021158756583
RandomForest,LeaveOneSourceOut,50,609,Zhou et al. (2018),1.9726911717329554,2.83996095319542
RandomForest,LeaveOneSourceOut,51,494,Zhu and François (2014),3.560477739309412,3.5683081327996775
RandomForest,LeaveOneSourceOut,51,495,Zhu and François (2014),3.2913825156549485,3.206989136476717
RandomForest,LeaveOneSourceOut,52,519,Zhu and François (2016),3.590715205326705,3.6185169230375274
RandomForest,LeaveOneSourceOut,52,520,Zhu and François (2016),3.093312601892855,3.4162433575847198
RandomForest,LeaveOneSourceOut,53,468,Zhu et al. (2013),3.472587377748828,3.6175278605849015
RandomForest,LeaveOneSourceOut,53,469,Zhu et al. (2013),3.471345141564237,3.61775570463446
RandomForest,LeaveOneSourceOut,53,470,Zhu et al. (2013),3.2669037938787824,3.390819759731624
RandomForest,LeaveOneSourceOut,53,471,Zhu et al. (2013),2.9496883350525844,3.3967401093615415
RandomForest,LeaveOneSourceOut,54,499,Zhu et al. (2015),3.708682081410116,3.500507277379867
RandomForest,LeaveOneSourceOut,54,500,Zhu et al. (2015),3.636269503841639,3.500507277379867
RandomForest,LeaveOneSourceOut,54,501,Zhu et al. (2015),3.5567756134805992,3.1519089461237613
RandomForest,LeaveOneSourceOut,54,502,Zhu et al. (2015),3.418054498728578,3.160268984160465
GradientBoosting,RandomKFold,1,23,random_fold,3.339321977944068,3.3675709865113093
GradientBoosting,RandomKFold,1,30,random_fold,2.3045830956567186,2.2448047509133082
GradientBoosting,RandomKFold,1,31,random_fold,2.3045830956567186,2.2448047509133082
GradientBoosting,RandomKFold,1,33,random_fold,2.248128907197987,2.1737282859240787
GradientBoosting,RandomKFold,1,39,random_fold,2.21046980408624,2.063935471488971
GradientBoosting,RandomKFold,1,49,random_fold,1.5602476682433286,1.608551993143487
GradientBoosting,RandomKFold,1,63,random_fold,1.891604804197771,1.9044605826738912
GradientBoosting,RandomKFold,1,65,random_fold,1.506297153514587,1.608551993143487
GradientBoosting,RandomKFold,1,66,random_fold,1.506297153514587,1.608551993143487
GradientBoosting,RandomKFold,1,67,random_fold,1.506297153514587,1.608551993143487
GradientBoosting,RandomKFold,1,78,random_fold,0.6043159668533296,0.8766665946957772
GradientBoosting,RandomKFold,1,86,random_fold,2.020222182019865,2.013842719710128
GradientBoosting,RandomKFold,1,96,random_fold,1.3711807233098425,1.262824964521593
GradientBoosting,RandomKFold,1,109,random_fold,1.5748464676644813,1.6407306858377255
GradientBoosting,RandomKFold,1,120,random_fold,2.057962510002712,2.0723497600688514
GradientBoosting,RandomKFold,1,137,random_fold,1.8961194845522977,1.9044605826738912
GradientBoosting,RandomKFold,1,139,random_fold,1.8718021769015913,1.9044605826738912
GradientBoosting,RandomKFold,1,155,random_fold,2.162172939277301,2.16718495098315
GradientBoosting,RandomKFold,1,168,random_fold,1.3428648031925547,1.172351385631748
GradientBoosting,RandomKFold,1,174,random_fold,1.6789639750827108,1.6643868181530332
GradientBoosting,RandomKFold,1,192,random_fold,2.222459048514761,2.1887977263322616
GradientBoosting,RandomKFold,1,196,random_fold,2.0425181875752383,2.056850674263108
GradientBoosting,RandomKFold,1,199,random_fold,3.558485990180341,3.5784582683011577
GradientBoosting,RandomKFold,1,208,random_fold,2.533696813957432,2.4580878840209093
GradientBoosting,RandomKFold,1,209,random_fold,2.468946630209271,2.325868310969033
GradientBoosting,RandomKFold,1,210,random_fold,2.4159137783010487,2.325868310969033
GradientBoosting,RandomKFold,1,218,random_fold,2.0554049638515948,2.1309766203268636
GradientBoosting,RandomKFold,1,227,random_fold,2.403334996094189,2.2732528756695003
GradientBoosting,RandomKFold,1,231,random_fold,2.2648832258100344,2.2426525027921276
GradientBoosting,RandomKFold,1,235,random_fold,2.468099531471619,2.4580878840209093
GradientBoosting,RandomKFold,1,292,random_fold,2.5610957881455465,2.7813541421655166
GradientBoosting,RandomKFold,1,300,random_fold,3.2969473602883563,3.2356267783066865
GradientBoosting,RandomKFold,1,323,random_fold,3.58407433974781,3.4815395916861935
GradientBoosting,RandomKFold,1,327,random_fold,4.051958845725663,3.9133179029070906
GradientBoosting,RandomKFold,1,328,random_fold,3.6328380632303117,3.6668863892082437
GradientBoosting,RandomKFold,1,332,random_fold,3.1144038032714896,3.3062114881056734
GradientBoosting,RandomKFold,1,335,random_fold,2.7800607370784824,3.1072735761834362
GradientBoosting,RandomKFold,1,368,random_fold,2.8118094353930627,2.9942448037641434
GradientBoosting,RandomKFold,1,375,random_fold,3.3120018028576843,3.1041444040890993
GradientBoosting,RandomKFold,1,381,random_fold,2.8027541365715076,2.740948846473803
GradientBoosting,RandomKFold,1,388,random_fold,2.8741294517947424,2.8226823965612917
GradientBoosting,RandomKFold,1,394,random_fold,3.1018924693823817,3.267864930715952
GradientBoosting,RandomKFold,1,395,random_fold,3.0740812399649675,3.2162980193838706
GradientBoosting,RandomKFold,1,424,random_fold,4.3208159036289855,4.357323955471472
GradientBoosting,RandomKFold,1,440,random_fold,3.980615796893758,3.7455825811821524
GradientBoosting,RandomKFold,1,446,random_fold,4.1034694699991014,4.335349993561119
GradientBoosting,RandomKFold,1,451,random_fold,4.1034694699991014,4.21294626269961
GradientBoosting,RandomKFold,1,512,random_fold,3.9682142850778885,3.890892118629444
GradientBoosting,RandomKFold,1,522,random_fold,3.529297384289471,3.4841376568284277
GradientBoosting,RandomKFold,1,528,random_fold,1.4327007339340465,1.7846587921332888
GradientBoosting,RandomKFold,1,529,random_fold,1.5390154481375546,1.9106618975702183
GradientBoosting,RandomKFold,1,536,random_fold,2.498151876538021,2.49204222767514
GradientBoosting,RandomKFold,1,548,random_fold,2.2235418856535927,2.150741966940115
GradientBoosting,RandomKFold,1,559,random_fold,2.2289385528257473,2.1276850853975
GradientBoosting,RandomKFold,1,568,random_fold,3.575710756008298,3.551142329042389
GradientBoosting,RandomKFold,1,596,random_fold,2.4731713935695794,2.4804043504477393
GradientBoosting,RandomKFold,1,597,random_fold,2.4344901638739844,2.432864145799824
GradientBoosting,RandomKFold,1,598,random_fold,2.453587966530573,2.443363748922709
GradientBoosting,RandomKFold,1,599,random_fold,2.336986519711378,2.368223090881829
GradientBoosting,RandomKFold,1,603,random_fold,2.502255288122613,2.590189839620692
GradientBoosting,RandomKFold,1,606,random_fold,2.303584593327129,2.367219283902562
GradientBoosting,RandomKFold,1,643,random_fold,1.937301774518713,1.8071556890043168
GradientBoosting,RandomKFold,1,659,random_fold,1.1878434223960523,1.4912004613306193
GradientBoosting,RandomKFold,1,660,random_fold,0.22314355131420976,0.8043758602164459
GradientBoosting,RandomKFold,1,662,random_fold,2.3832429960115,2.1184903881885204
GradientBoosting,RandomKFold,1,670,random_fold,2.1815467646169897,2.1337152515889453
GradientBoosting,RandomKFold,1,671,random_fold,1.9754689512968577,2.0409923025698853
GradientBoosting,RandomKFold,1,698,random_fold,3.6000482404073204,3.5732054421935042
GradientBoosting,RandomKFold,1,705,random_fold,4.8779416457041185,4.6847252468173
GradientBoosting,RandomKFold,1,706,random_fold,4.855228269843183,4.632932568520714
GradientBoosting,RandomKFold,1,711,random_fold,0.9669838461896731,0.2528966622235786
GradientBoosting,RandomKFold,1,717,random_fold,0.47000362924573563,-0.1245000717101654
GradientBoosting,RandomKFold,1,724,random_fold,1.0224509277025455,0.9624782320922526
GradientBoosting,RandomKFold,1,727,random_fold,1.1817271953786161,1.176421958405956
GradientBoosting,RandomKFold,1,752,random_fold,2.772588722239781,2.7446486285945366
GradientBoosting,RandomKFold,1,758,random_fold,2.4840729690394228,2.4936441943584895
GradientBoosting,RandomKFold,1,759,random_fold,2.4397349311412793,2.440453213317899
GradientBoosting,RandomKFold,1,790,random_fold,0.5247285289349821,0.6341591772513957
GradientBoosting,RandomKFold,1,798,random_fold,2.750470916986162,2.7816520367162423
GradientBoosting,RandomKFold,1,799,random_fold,2.691243082785829,2.8536168898688805
GradientBoosting,RandomKFold,1,800,random_fold,2.5680215564985067,2.8536168898688805
GradientBoosting,RandomKFold,2,2,random_fold,1.9530276168241774,1.9652200979684606
GradientBoosting,RandomKFold,2,7,random_fold,1.922787731634459,1.9437213986516646
GradientBoosting,RandomKFold,2,10,random_fold,1.8531680973566984,1.9420522768342967
GradientBoosting,RandomKFold,2,29,random_fold,3.232778730037192,3.0996508314598645
GradientBoosting,RandomKFold,2,54,random_fold,2.191653532286764,2.144546069392085
GradientBoosting,RandomKFold,2,72,random_fold,1.7850704810772584,1.75726210033612
GradientBoosting,RandomKFold,2,76,random_fold,1.2584609896100056,1.2772425715930826
GradientBoosting,RandomKFold,2,77,random_fold,0.6043159668533296,0.9211449379460696
GradientBoosting,RandomKFold,2,81,random_fold,2.192770226986839,2.1532693561367173
GradientBoosting,RandomKFold,2,84,random_fold,2.1174596088673567,2.1181828080201
GradientBoosting,RandomKFold,2,97,random_fold,2.178155014615869,2.147922251438536
GradientBoosting,RandomKFold,2,101,random_fold,2.1102132003465894,2.112835703321919
GradientBoosting,RandomKFold,2,110,random_fold,1.5748464676644813,1.6279648179540755
GradientBoosting,RandomKFold,2,118,random_fold,2.057962510002712,2.071739768174937
GradientBoosting,RandomKFold,2,198,random_fold,3.624340932976365,3.8811020410611263
GradientBoosting,RandomKFold,2,211,random_fold,2.3174737054877963,2.12797063220488
GradientBoosting,RandomKFold,2,212,random_fold,2.2027647577118348,2.12797063220488
GradientBoosting,RandomKFold,2,213,random_fold,2.344686269012681,2.154464023767127
GradientBoosting,RandomKFold,2,215,random_fold,2.1815467646169897,2.10168877629715
GradientBoosting,RandomKFold,2,239,random_fold,2.401525040848949,2.30593780584883
GradientBoosting,RandomKFold,2,250,random_fold,2.5376572151735295,2.705284947494803
GradientBoosting,RandomKFold,2,254,random_fold,2.392425796993835,2.389523947797048
GradientBoosting,RandomKFold,2,259,random_fold,2.192770226986839,2.2394805952262113
GradientBoosting,RandomKFold,2,281,random_fold,1.5686159179138452,1.5217154588346373
GradientBoosting,RandomKFold,2,309,random_fold,3.1130707659712242,2.9757299245218496
GradientBoosting,RandomKFold,2,316,random_fold,3.190064743014081,3.3086117271607303
GradientBoosting,RandomKFold,2,326,random_fold,3.5776685247779345,3.491266014212346
GradientBoosting,RandomKFold,2,329,random_fold,3.7848712197676626,3.593005284030507
GradientBoosting,RandomKFold,2,334,random_fold,2.9381031607173544,3.0753041408594144
GradientBoosting,RandomKFold,2,338,random_fold,3.4423393249933305,3.5663928079257476
GradientBoosting,RandomKFold,2,344,random_fold,4.155909917880256,4.125325554734243
GradientBoosting,RandomKFold,2,351,random_fold,3.566429294357372,3.5983722944729877
GradientBoosting,RandomKFold,2,356,random_fold,3.5787855313168624,3.585782175440681
GradientBoosting,RandomKFold,2,363,random_fold,3.139832617527748,2.7728957781878636
GradientBoosting,RandomKFold,2,367,random_fold,3.5380565643793527,3.4533218034447404
GradientBoosting,RandomKFold,2,382,random_fold,2.7700855920216627,2.726746192844001
GradientBoosting,RandomKFold,2,393,random_fold,3.121483478859551,3.4425584603114174
GradientBoosting,RandomKFold,2,396,random_fold,3.027715319407042,3.173776271699995
GradientBoosting,RandomKFold,2,411,random_fold,3.5403794457954922,3.3694965879036873
GradientBoosting,RandomKFold,2,417,random_fold,1.3217558399823195,1.3386877496121248
GradientBoosting,RandomKFold,2,420,random_fold,4.548599834499697,4.375724943729687
GradientBoosting,RandomKFold,2,425,random_fold,4.529907701487544,4.4420941343127245
GradientBoosting,RandomKFold,2,447,random_fold,4.1034694699991014,4.183111613779969
GradientBoosting,RandomKFold,2,462,random_fold,3.6407390787860012,3.7692077664726815
GradientBoosting,RandomKFold,2,481,random_fold,4.453300236649965,4.420763723487908
GradientBoosting,RandomKFold,2,482,random_fold,4.27332721775054,4.137681319265905
GradientBoosting,RandomKFold,2,483,random_fold,4.100492292808335,4.178008592389518
GradientBoosting,RandomKFold,2,485,random_fold,3.902578546600146,3.9699544054648155
GradientBoosting,RandomKFold,2,494,random_fold,3.560477739309412,3.600171368931176
GradientBoosting,RandomKFold,2,506,random_fold,4.179604406172924,4.1144195385019025
GradientBoosting,RandomKFold,2,513,random_fold,3.930648469551311,3.8657533011300145
GradientBoosting,RandomKFold,2,517,random_fold,4.00369019395397,4.055666503971969
GradientBoosting,RandomKFold,2,518,random_fold,3.8199077165203406,3.9169997942022876
GradientBoosting,RandomKFold,2,525,random_fold,3.4187098067467865,3.4315653800030286
GradientBoosting,RandomKFold,2,534,random_fold,2.559550192783766,2.444075701941836
GradientBoosting,RandomKFold,2,547,random_fold,2.2512917986064953,2.1649601998801233
GradientBoosting,RandomKFold,2,552,random_fold,2.2364452904895007,2.1649601998801233
GradientBoosting,RandomKFold,2,578,random_fold,3.8588331769140267,3.781442005549402
GradientBoosting,RandomKFold,2,585,random_fold,2.4612967841488667,2.456882639419953
GradientBoosting,RandomKFold,2,611,random_fold,3.537765824444175,3.3716656284140685
GradientBoosting,RandomKFold,2,622,random_fold,2.9967317738870745,2.996210106403271
GradientBoosting,RandomKFold,2,625,random_fold,2.8553201198372458,2.6853934315849437
GradientBoosting,RandomKFold,2,631,random_fold,3.0726933146901194,3.2250020978077827
GradientBoosting,RandomKFold,2,648,random_fold,1.4770487243883548,1.4999041167543983
GradientBoosting,RandomKFold,2,649,random_fold,1.4586150226995167,1.306495020750732
GradientBoosting,RandomKFold,2,658,random_fold,0.7561219797213337,0.5464653706984862
GradientBoosting,RandomKFold,2,666,random_fold,2.0781907597781832,2.0115055851717316
GradientBoosting,RandomKFold,2,668,random_fold,2.2502386126218363,2.2355959861128403
GradientBoosting,RandomKFold,2,690,random_fold,2.532902848056256,2.1326755606933308
GradientBoosting,RandomKFold,2,709,random_fold,-0.4155154439616658,-0.23892919460374276
GradientBoosting,RandomKFold,2,725,random_fold,1.1184149159642893,1.1640917088990321
GradientBoosting,RandomKFold,2,732,random_fold,1.0188473201992472,0.8966470197641537
GradientBoosting,RandomKFold,2,739,random_fold,1.085189268335969,1.271122350958279
GradientBoosting,RandomKFold,2,740,random_fold,1.0473189942805592,0.9617863454459407
GradientBoosting,RandomKFold,2,741,random_fold,1.0612565021243408,0.9617863454459407
GradientBoosting,RandomKFold,2,748,random_fold,0.883767540168595,0.8966470197641537
GradientBoosting,RandomKFold,2,754,random_fold,2.7265447837383743,2.7480837487143437
GradientBoosting,RandomKFold,2,768,random_fold,2.0515563381903004,1.897802035327673
GradientBoosting,RandomKFold,2,784,random_fold,1.0188473201992472,1.4896151092451877
GradientBoosting,RandomKFold,2,791,random_fold,0.25464221837358075,0.6153921782268758
GradientBoosting,RandomKFold,2,794,random_fold,0.23901690047049992,0.3760666482326023
GradientBoosting,RandomKFold,3,6,random_fold,1.9387416595767009,1.9416306605959224
GradientBoosting,RandomKFold,3,28,random_fold,3.388787361585474,3.4363013852214883
GradientBoosting,RandomKFold,3,44,random_fold,1.8779371654691073,1.5584033363427825
GradientBoosting,RandomKFold,3,55,random_fold,2.191653532286764,2.157454604711917
GradientBoosting,RandomKFold,3,60,random_fold,2.018895041811802,2.023669200905377
GradientBoosting,RandomKFold,3,69,random_fold,0.7839015438284094,1.2009306225219172
GradientBoosting,RandomKFold,3,70,random_fold,0.7839015438284094,1.2009306225219172
GradientBoosting,RandomKFold,3,73,random_fold,1.589235205116581,1.578042325816472
GradientBoosting,RandomKFold,3,79,random_fold,2.192770226986839,2.165970857746385
GradientBoosting,RandomKFold,3,82,random_fold,2.1174596088673567,2.1078705482752302
GradientBoosting,RandomKFold,3,90,random_fold,1.9459101490553132,1.9251935755012481
GradientBoosting,RandomKFold,3,131,random_fold,0.7419373447293773,0.9483862068892462
GradientBoosting,RandomKFold,3,133,random_fold,1.884034745337226,1.91667732246678
GradientBoosting,RandomKFold,3,135,random_fold,1.9198594718553708,1.91667732246678
GradientBoosting,RandomKFold,3,136,random_fold,1.9198594718553708,1.91667732246678
GradientBoosting,RandomKFold,3,140,random_fold,1.8718021769015913,1.91667732246678
GradientBoosting,RandomKFold,3,145,random_fold,2.286455711064162,2.22108326330617
GradientBoosting,RandomKFold,3,148,random_fold,2.254444717666111,2.242004954679557
GradientBoosting,RandomKFold,3,158,random_fold,2.1471001901536506,2.156835344295544
GradientBoosting,RandomKFold,3,164,random_fold,1.269760544863939,1.2019016471715074
GradientBoosting,RandomKFold,3,165,random_fold,1.2178757094949273,1.0198893805777243
GradientBoosting,RandomKFold,3,181,random_fold,0.23111172096338664,0.972581712919836
GradientBoosting,RandomKFold,3,193,random_fold,2.180417459019838,2.121750911306572
GradientBoosting,RandomKFold,3,204,random_fold,3.475067230228611,3.4236743376766623
GradientBoosting,RandomKFold,3,220,random_fold,2.0095554142156695,1.8649434300052945
GradientBoosting,RandomKFold,3,234,random_fold,2.125847914493992,2.158907375512345
GradientBoosting,RandomKFold,3,244,random_fold,2.315501318260592,2.17539996201893
GradientBoosting,RandomKFold,3,247,random_fold,2.1090003439213802,1.9251727015328137
GradientBoosting,RandomKFold,3,265,random_fold,4.183423245305645,4.022145061893296
GradientBoosting,RandomKFold,3,266,random_fold,3.85946575468947,3.9634668443372165
GradientBoosting,RandomKFold,3,285,random_fold,1.1939224684724346,0.9574496232367391
GradientBoosting,RandomKFold,3,290,random_fold,1.4701758451005926,1.5222621022190748
GradientBoosting,RandomKFold,3,291,random_fold,2.3589654264301534,2.890993318540611
GradientBoosting,RandomKFold,3,294,random_fold,3.2433732964685884,3.4829674611026977
GradientBoosting,RandomKFold,3,296,random_fold,3.3683297780365384,3.4829674611026977
GradientBoosting,RandomKFold,3,299,random_fold,3.267284964075888,3.2702921938097846
GradientBoosting,RandomKFold,3,306,random_fold,3.449987545831587,3.3036896353828595
GradientBoosting,RandomKFold,3,311,random_fold,2.848970892158587,3.0170790727802275
GradientBoosting,RandomKFold,3,314,random_fold,3.597860055726768,3.423553023132162
GradientBoosting,RandomKFold,3,319,random_fold,3.0430928449138284,3.294819140397452
GradientBoosting,RandomKFold,3,331,random_fold,3.1059310658520665,3.282010307617038
GradientBoosting,RandomKFold,3,342,random_fold,3.9495114498391377,3.3885363008303955
GradientBoosting,RandomKFold,3,350,random_fold,3.885679030088544,4.001327058636593
GradientBoosting,RandomKFold,3,352,random_fold,2.93651291389402,3.0199566712456005
GradientBoosting,RandomKFold,3,357,random_fold,3.349904087274605,3.4419398921649553
GradientBoosting,RandomKFold,3,362,random_fold,2.307572634505085,3.1586608110829113
GradientBoosting,RandomKFold,3,380,random_fold,2.911263116927541,2.7727737089606723
GradientBoosting,RandomKFold,3,383,random_fold,2.8237570088141806,2.7373737337256943
GradientBoosting,RandomKFold,3,404,random_fold,3.6041382256588457,3.5630919681451236
GradientBoosting,RandomKFold,3,409,random_fold,3.4989288701554906,3.3795755520219215
GradientBoosting,RandomKFold,3,423,random_fold,4.491441420659749,4.441410681539587
GradientBoosting,RandomKFold,3,429,random_fold,4.297285406218791,4.3036552018681835
GradientBoosting,RandomKFold,3,442,random_fold,4.357349646961441,4.13049539898942
GradientBoosting,RandomKFold,3,443,random_fold,4.212868064406208,4.0273467290804845
GradientBoosting,RandomKFold,3,444,random_fold,4.1034694699991014,4.170206776559669
GradientBoosting,RandomKFold,3,477,random_fold,4.418479096676194,4.376890429522304
GradientBoosting,RandomKFold,3,486,random_fold,3.766071949943842,3.8858408343104727
GradientBoosting,RandomKFold,3,507,random_fold,4.090838422892813,4.060181400994468
GradientBoosting,RandomKFold,3,523,random_fold,3.0726933146901194,3.2311972737142445
GradientBoosting,RandomKFold,3,527,random_fold,3.4151002868311466,3.3865767282511317
GradientBoosting,RandomKFold,3,535,random_fold,2.468099531471619,2.39931448173866
GradientBoosting,RandomKFold,3,537,random_fold,2.4344901638739844,2.4284201458202332
GradientBoosting,RandomKFold,3,557,random_fold,2.2082744135228043,2.1415052121652693
GradientBoosting,RandomKFold,3,558,random_fold,2.1972245773362196,2.113972536381906
GradientBoosting,RandomKFold,3,567,random_fold,3.711618941083426,3.602628881658843
GradientBoosting,RandomKFold,3,572,random_fold,3.6184569898173904,3.642797378584493
GradientBoosting,RandomKFold,3,579,random_fold,3.802654468372781,3.6630031258097797
GradientBoosting,RandomKFold,3,589,random_fold,2.3933394562625097,2.443087145394301
GradientBoosting,RandomKFold,3,605,random_fold,2.4069451083182885,2.4771242803819686
GradientBoosting,RandomKFold,3,610,random_fold,3.535145354171894,3.484884190995677
GradientBoosting,RandomKFold,3,628,random_fold,3.1450139762697455,3.2010547513887313
GradientBoosting,RandomKFold,3,635,random_fold,2.9601050959108397,2.7198568007355637
GradientBoosting,RandomKFold,3,693,random_fold,3.996364153861897,3.8926863186488956
GradientBoosting,RandomKFold,3,695,random_fold,3.8958936234982624,3.6818521920326033
GradientBoosting,RandomKFold,3,719,random_fold,0.959350221334602,0.7969028315330456
GradientBoosting,RandomKFold,3,723,random_fold,1.0296194171811581,0.9940740851267398
GradientBoosting,RandomKFold,3,734,random_fold,1.0715836162801904,1.1189592509998088
GradientBoosting,RandomKFold,3,742,random_fold,1.1184149159642893,0.9940740851267398
GradientBoosting,RandomKFold,3,761,random_fold,2.3085671646715933,2.398348577729521
GradientBoosting,RandomKFold,3,765,random_fold,2.1587147225743437,2.063497414854998
GradientBoosting,RandomKFold,3,781,random_fold,3.3648791189880436,3.200493902092209
GradientBoosting,RandomKFold,4,11,random_fold,1.8453002361560848,1.9324506477652088
GradientBoosting,RandomKFold,4,18,random_fold,3.586292865338835,3.4952252196804836
GradientBoosting,RandomKFold,4,24,random_fold,3.349904087274605,3.066144763655369
GradientBoosting,RandomKFold,4,41,random_fold,2.122261538862764,1.8259399029254515
GradientBoosting,RandomKFold,4,42,random_fold,2.122261538862764,1.8259399029254515
GradientBoosting,RandomKFold,4,43,random_fold,1.8779371654691073,1.5080189258908623
GradientBoosting,RandomKFold,4,51,random_fold,0.883767540168595,1.1942185561789518
GradientBoosting,RandomKFold,4,56,random_fold,2.1150499691472033,2.1000740032677663
GradientBoosting,RandomKFold,4,61,random_fold,2.018895041811802,2.0070510106997643
GradientBoosting,RandomKFold,4,74,random_fold,1.589235205116581,1.5819444424415006
GradientBoosting,RandomKFold,4,83,random_fold,2.1174596088673567,2.1090680725595217
GradientBoosting,RandomKFold,4,89,random_fold,1.9459101490553132,1.91683054736298
GradientBoosting,RandomKFold,4,92,random_fold,1.7119945007591924,1.6057823504483884
GradientBoosting,RandomKFold,4,104,random_fold,2.0068708488450007,2.0070510106997643
GradientBoosting,RandomKFold,4,108,random_fold,1.9065751436566365,1.9078364780712238
GradientBoosting,RandomKFold,4,114,random_fold,1.2837077723447896,1.2637232233276992
GradientBoosting,RandomKFold,4,132,random_fold,0.7419373447293773,0.9330564222334091
GradientBoosting,RandomKFold,4,163,random_fold,1.3428648031925547,1.174146116476208
GradientBoosting,RandomKFold,4,167,random_fold,1.2383742310432684,1.1188896691910921
GradientBoosting,RandomKFold,4,176,random_fold,1.425515074273172,1.6161334176408388
GradientBoosting,RandomKFold,4,177,random_fold,1.4655675420143985,1.3733923940073645
GradientBoosting,RandomKFold,4,178,random_fold,1.4327007339340465,1.3209264724670668
GradientBoosting,RandomKFold,4,182,random_fold,2.0541237336955462,2.153330899710142
GradientBoosting,RandomKFold,4,223,random_fold,2.516889695641051,2.5361579591808496
GradientBoosting,RandomKFold,4,248,random_fold,1.891604804197771,1.9987254623940887
GradientBoosting,RandomKFold,4,257,random_fold,2.1972245773362196,2.261029811680905
GradientBoosting,RandomKFold,4,260,random_fold,2.0769384114617173,2.261029811680905
GradientBoosting,RandomKFold,4,264,random_fold,4.0975062255596795,4.039737825869201
GradientBoosting,RandomKFold,4,275,random_fold,2.9801108926510342,3.0804570318162976
GradientBoosting,RandomKFold,4,286,random_fold,1.2383742310432684,1.1188497442305607
GradientBoosting,RandomKFold,4,302,random_fold,3.367640598133313,3.2131441395926505
GradientBoosting,RandomKFold,4,333,random_fold,3.1315734964654043,3.3472558952325526
GradientBoosting,RandomKFold,4,336,random_fold,4.06009812349351,3.824399601416417
GradientBoosting,RandomKFold,4,346,random_fold,4.079569276639947,3.978144575059299
GradientBoosting,RandomKFold,4,355,random_fold,2.72785282839839,2.616265095004974
GradientBoosting,RandomKFold,4,360,random_fold,3.5681232529781366,3.0494026370422245
GradientBoosting,RandomKFold,4,365,random_fold,3.0469005601283903,2.8867360995816584
GradientBoosting,RandomKFold,4,377,random_fold,3.2136622578153133,3.005896043354262
GradientBoosting,RandomKFold,4,412,random_fold,3.4697901731277674,3.3288070701497356
GradientBoosting,RandomKFold,4,426,random_fold,4.409763389645481,4.472646006824447
GradientBoosting,RandomKFold,4,428,random_fold,4.248495242049359,4.225263620666692
GradientBoosting,RandomKFold,4,432,random_fold,4.114963849424837,4.198106052700606
GradientBoosting,RandomKFold,4,433,random_fold,4.45143608604605,4.465960869900563
GradientBoosting,RandomKFold,4,434,random_fold,4.388257184424518,4.305796455832838
GradientBoosting,RandomKFold,4,439,random_fold,4.430816798843313,4.29994293887498
GradientBoosting,RandomKFold,4,445,random_fold,4.1034694699991014,4.247175262356054
GradientBoosting,RandomKFold,4,448,random_fold,4.1034694699991014,4.183578504041192
GradientBoosting,RandomKFold,4,450,random_fold,4.366278277705742,4.100640287111238
GradientBoosting,RandomKFold,4,464,random_fold,3.6407390787860012,3.6618919477025185
GradientBoosting,RandomKFold,4,473,random_fold,4.370712874773608,4.245611513325942
GradientBoosting,RandomKFold,4,490,random_fold,3.998017198595007,4.224692196653414
GradientBoosting,RandomKFold,4,495,random_fold,3.2913825156549485,3.321407408669585
GradientBoosting,RandomKFold,4,497,random_fold,3.436564525499447,3.444027174234965
GradientBoosting,RandomKFold,4,499,random_fold,3.708682081410116,3.479715946391151
GradientBoosting,RandomKFold,4,521,random_fold,3.66612246699132,3.8986951824465192
GradientBoosting,RandomKFold,4,531,random_fold,1.2029723039923526,1.4224683717631392
GradientBoosting,RandomKFold,4,533,random_fold,2.612273245708441,2.5038270517247985
GradientBoosting,RandomKFold,4,538,random_fold,2.3841650799864684,2.318981420967471
GradientBoosting,RandomKFold,4,542,random_fold,2.435366204227864,2.414714829269811
GradientBoosting,RandomKFold,4,549,random_fold,2.28949985344539,2.1270811955491853
GradientBoosting,RandomKFold,4,571,random_fold,3.6901286735143684,3.6708979811842126
GradientBoosting,RandomKFold,4,587,random_fold,2.4714836294558595,2.4653384038131643
GradientBoosting,RandomKFold,4,594,random_fold,2.479894107964456,2.4653384038131643
GradientBoosting,RandomKFold,4,616,random_fold,3.494384096388273,3.3481351939360904
GradientBoosting,RandomKFold,4,617,random_fold,3.4461707473048864,3.3601607551250474
GradientBoosting,RandomKFold,4,630,random_fold,3.1578511230304263,3.1953129876408255
GradientBoosting,RandomKFold,4,644,random_fold,1.965712776351493,1.7903524458782416
GradientBoosting,RandomKFold,4,650,random_fold,1.1184149159642893,1.1433118231359967
GradientBoosting,RandomKFold,4,651,random_fold,0.959350221334602,0.9596181467379775
GradientBoosting,RandomKFold,4,656,random_fold,1.589235205116581,1.653059950392803
GradientBoosting,RandomKFold,4,692,random_fold,1.7544036826842861,1.8459761410632702
GradientBoosting,RandomKFold,4,696,random_fold,3.899950424193877,3.707384934344725
GradientBoosting,RandomKFold,4,707,random_fold,4.664853188149265,4.705248932903536
GradientBoosting,RandomKFold,4,714,random_fold,1.0715836162801904,1.1738210664381235
GradientBoosting,RandomKFold,4,737,random_fold,0.9242589015233319,0.89824785336712
GradientBoosting,RandomKFold,4,738,random_fold,1.1085626195212777,1.2569224869897315
GradientBoosting,RandomKFold,4,753,random_fold,2.739548868161581,2.6833855488585163
GradientBoosting,RandomKFold,4,764,random_fold,2.089391872533004,2.0990903131894743
GradientBoosting,RandomKFold,4,771,random_fold,4.850153503906757,4.81079998879871
GradientBoosting,RandomKFold,4,780,random_fold,3.395514598526657,3.1774098306786267
GradientBoosting,RandomKFold,4,802,random_fold,2.784393767689544,2.883076336358028
GradientBoosting,RandomKFold,5,0,random_fold,1.9530276168241774,1.9752443232707537
GradientBoosting,RandomKFold,5,3,random_fold,1.9600947840472698,1.9691396533547316
GradientBoosting,RandomKFold,5,9,random_fold,1.843719208158766,1.942604692551852
GradientBoosting,RandomKFold,5,15,random_fold,2.3513752571634776,2.557879049223192
GradientBoosting,RandomKFold,5,22,random_fold,3.6584202466292277,3.531706649928577
GradientBoosting,RandomKFold,5,46,random_fold,2.122261538862764,2.1247417895959524
GradientBoosting,RandomKFold,5,68,random_fold,0.7839015438284094,1.1902016993026656
GradientBoosting,RandomKFold,5,75,random_fold,1.2584609896100056,1.2581442455086627
GradientBoosting,RandomKFold,5,88,random_fold,1.9459101490553132,1.9184458920664718
GradientBoosting,RandomKFold,5,93,random_fold,1.7119945007591924,1.6383863095968083
GradientBoosting,RandomKFold,5,116,random_fold,2.1644717908644115,2.1197316898288756
GradientBoosting,RandomKFold,5,117,random_fold,2.1644717908644115,2.1197316898288756
GradientBoosting,RandomKFold,5,125,random_fold,1.7698546338400052,1.8107981937474849
GradientBoosting,RandomKFold,5,144,random_fold,2.254444717666111,2.2460751445110123
GradientBoosting,RandomKFold,5,153,random_fold,2.162172939277301,2.2240281681233296
GradientBoosting,RandomKFold,5,184,random_fold,2.064327903869788,1.9413794019849118
GradientBoosting,RandomKFold,5,188,random_fold,1.6770965609079151,1.3491121571540206
GradientBoosting,RandomKFold,5,203,random_fold,3.497718948652777,3.528572168903819
GradientBoosting,RandomKFold,5,221,random_fold,2.768204123921957,2.6364099922044346
GradientBoosting,RandomKFold,5,228,random_fold,2.2793164660546914,2.297541111687875
GradientBoosting,RandomKFold,5,236,random_fold,2.5930133911138515,2.5174763767183417
GradientBoosting,RandomKFold,5,237,random_fold,2.3350522831315472,2.2590619534623393
GradientBoosting,RandomKFold,5,238,random_fold,2.448415541205585,2.2590619534623393
GradientBoosting,RandomKFold,5,249,random_fold,2.590767040487478,2.6515487024619264
GradientBoosting,RandomKFold,5,256,random_fold,2.3085671646715933,2.4034961204031555
GradientBoosting,RandomKFold,5,268,random_fold,4.039360253889341,4.0311099887189
GradientBoosting,RandomKFold,5,271,random_fold,3.4391352210025476,3.628728490917057
GradientBoosting,RandomKFold,5,274,random_fold,2.87976009730157,2.961141643969869
GradientBoosting,RandomKFold,5,277,random_fold,2.775708849576025,3.0375121251810167
GradientBoosting,RandomKFold,5,278,random_fold,2.643333886382519,3.027193307173801
GradientBoosting,RandomKFold,5,284,random_fold,0.7608058290337602,0.9741871425805311
GradientBoosting,RandomKFold,5,289,random_fold,0.14842000511827322,0.949191374254511
GradientBoosting,RandomKFold,5,307,random_fold,3.339676525013905,3.335239669701863
GradientBoosting,RandomKFold,5,310,random_fold,3.440097530619712,3.344472337939735
GradientBoosting,RandomKFold,5,318,random_fold,3.2902658209548736,3.2151697237545633
GradientBoosting,RandomKFold,5,324,random_fold,3.9577608971019997,3.9466773188426107
GradientBoosting,RandomKFold,5,340,random_fold,3.3975239762958465,3.6191883558766578
GradientBoosting,RandomKFold,5,349,random_fold,3.6136169696133895,3.8425619487005522
GradientBoosting,RandomKFold,5,361,random_fold,3.475067230228611,2.9882883781679275
GradientBoosting,RandomKFold,5,369,random_fold,3.4995332823830174,3.466486282930022
GradientBoosting,RandomKFold,5,398,random_fold,3.0619880693310564,3.0507202914905958
GradientBoosting,RandomKFold,5,405,random_fold,3.5553480614894135,3.5781062672512554
GradientBoosting,RandomKFold,5,422,random_fold,4.637153231841142,4.429777704053962
GradientBoosting,RandomKFold,5,436,random_fold,3.9740583963475986,4.21317161064963
GradientBoosting,RandomKFold,5,453,random_fold,3.9930498440705193,4.082534024452238
GradientBoosting,RandomKFold,5,457,random_fold,3.9207845110967185,4.029322315340833
GradientBoosting,RandomKFold,5,465,random_fold,3.7697679578472747,3.8717045119794684
GradientBoosting,RandomKFold,5,467,random_fold,3.6407390787860012,3.8150378548916986
GradientBoosting,RandomKFold,5,493,random_fold,4.124388683570477,3.7885134592001184
GradientBoosting,RandomKFold,5,500,random_fold,3.636269503841639,3.490320463729604
GradientBoosting,RandomKFold,5,514,random_fold,3.883623530906448,3.9427398055035834
GradientBoosting,RandomKFold,5,516,random_fold,4.053522567701846,4.06444399404492
GradientBoosting,RandomKFold,5,530,random_fold,1.4036429994545037,1.7688374385102226
GradientBoosting,RandomKFold,5,532,random_fold,2.642622395779755,2.6909661865941406
GradientBoosting,RandomKFold,5,543,random_fold,2.2617630984737906,2.4127955333598194
GradientBoosting,RandomKFold,5,554,random_fold,2.2364452904895007,2.1561653832056433
GradientBoosting,RandomKFold,5,569,random_fold,3.8588331769140267,3.8323944178452005
GradientBoosting,RandomKFold,5,570,random_fold,3.773220602547687,3.802132550883674
GradientBoosting,RandomKFold,5,580,random_fold,3.7428940424201746,3.6601262440080684
GradientBoosting,RandomKFold,5,581,random_fold,2.5079719227189963,2.5358764921904196
GradientBoosting,RandomKFold,5,583,random_fold,2.4782176616372036,2.4776052355753833
GradientBoosting,RandomKFold,5,588,random_fold,2.424802725718295,2.4636047270792543
GradientBoosting,RandomKFold,5,613,random_fold,3.1834558796369405,3.320513604692145
GradientBoosting,RandomKFold,5,624,random_fold,2.913437030827161,2.6965447944528464
GradientBoosting,RandomKFold,5,629,random_fold,3.1867657709499673,3.190260614846666
GradientBoosting,RandomKFold,5,633,random_fold,3.1424266527047946,3.190260614846666
GradientBoosting,RandomKFold,5,641,random_fold,0.8878912573524571,1.1294518759709193
GradientBoosting,RandomKFold,5,652,random_fold,1.6448050562713916,1.79986290332563
GradientBoosting,RandomKFold,5,653,random_fold,1.4445632692438664,1.344799811976611
GradientBoosting,RandomKFold,5,664,random_fold,2.145931282948669,2.1428127030535054
GradientBoosting,RandomKFold,5,669,random_fold,2.162172939277301,2.1780858958675653
GradientBoosting,RandomKFold,5,675,random_fold,1.7083778602890038,2.179109970941003
GradientBoosting,RandomKFold,5,678,random_fold,1.9851308622085946,2.208075705805249
GradientBoosting,RandomKFold,5,685,random_fold,1.851599469584072,1.897593207114242
GradientBoosting,RandomKFold,5,694,random_fold,3.9627161197436642,3.7491725590694833
GradientBoosting,RandomKFold,5,704,random_fold,5.084938485288739,4.773922752364783
GradientBoosting,RandomKFold,5,730,random_fold,1.1631508098056809,1.1911831025642525
GradientBoosting,RandomKFold,5,783,random_fold,1.0296194171811581,1.3664876886130854
GradientBoosting,RandomKFold,5,788,random_fold,0.6418538861723947,0.6070965057330194
GradientBoosting,RandomKFold,5,795,random_fold,3.0081547935525483,3.021584524878331
GradientBoosting,RandomKFold,6,12,random_fold,2.714694743820879,2.8885292686323223
GradientBoosting,RandomKFold,6,17,random_fold,2.151762203259462,2.5476678348104436
GradientBoosting,RandomKFold,6,19,random_fold,3.6454498961866,3.527469631656168
GradientBoosting,RandomKFold,6,25,random_fold,3.3141860046725258,3.2755038197788027
GradientBoosting,RandomKFold,6,38,random_fold,2.244955980157409,2.218608668243845
GradientBoosting,RandomKFold,6,50,random_fold,1.5602476682433286,1.5697232732985953
GradientBoosting,RandomKFold,6,57,random_fold,2.1150499691472033,2.1009644896462927
GradientBoosting,RandomKFold,6,59,random_fold,2.018895041811802,2.0100510810742014
GradientBoosting,RandomKFold,6,100,random_fold,2.1102132003465894,2.1009644896462927
GradientBoosting,RandomKFold,6,107,random_fold,1.9065751436566365,1.9109637177764738
GradientBoosting,RandomKFold,6,113,random_fold,1.2837077723447896,1.2108235009526973
GradientBoosting,RandomKFold,6,124,random_fold,1.7698546338400052,1.8240853989510555
GradientBoosting,RandomKFold,6,126,random_fold,1.7698546338400052,1.8240853989510555
GradientBoosting,RandomKFold,6,127,random_fold,1.4085449700547104,1.482844954473177
GradientBoosting,RandomKFold,6,141,random_fold,3.653511310276145,3.5662042769954123
GradientBoosting,RandomKFold,6,142,random_fold,3.402196881995239,3.3468164108505007
GradientBoosting,RandomKFold,6,149,random_fold,2.187174241482718,2.2600191049312905
GradientBoosting,RandomKFold,6,154,random_fold,2.1041341542702074,2.242283707140392
GradientBoosting,RandomKFold,6,169,random_fold,1.0612565021243408,1.1064131442094216
GradientBoosting,RandomKFold,6,172,random_fold,1.6448050562713916,1.7657701762977045
GradientBoosting,RandomKFold,6,173,random_fold,1.6448050562713916,1.7657701762977045
GradientBoosting,RandomKFold,6,175,random_fold,1.589235205116581,1.7091575180971437
GradientBoosting,RandomKFold,6,179,random_fold,1.1908875647772805,1.3259140730534864
GradientBoosting,RandomKFold,6,185,random_fold,1.9286186519452522,1.9355872663542377
GradientBoosting,RandomKFold,6,195,random_fold,1.9685099809725544,2.132186888203756
GradientBoosting,RandomKFold,6,222,random_fold,2.6239436918052106,2.633563982924482
GradientBoosting,RandomKFold,6,245,random_fold,2.2126603854660587,2.1316676375041195
GradientBoosting,RandomKFold,6,261,random_fold,2.0294631718735947,2.2642991692097274
GradientBoosting,RandomKFold,6,263,random_fold,4.212127597878484,4.058115089441728
GradientBoosting,RandomKFold,6,272,random_fold,3.3683297780365384,3.4235904812699056
GradientBoosting,RandomKFold,6,280,random_fold,1.4701758451005926,1.508473149663302
GradientBoosting,RandomKFold,6,287,random_fold,0.9669838461896731,0.8400571040543955
GradientBoosting,RandomKFold,6,298,random_fold,3.4732079176384274,3.327321370979939
GradientBoosting,RandomKFold,6,304,random_fold,3.4790839203192268,3.4787626408471373
GradientBoosting,RandomKFold,6,305,random_fold,3.4719664525503626,3.4787626408471373
GradientBoosting,RandomKFold,6,312,random_fold,3.6425737012374246,3.8182937906424406
GradientBoosting,RandomKFold,6,320,random_fold,4.06457240388843,4.168845783563018
GradientBoosting,RandomKFold,6,321,random_fold,4.06457240388843,4.168845783563018
GradientBoosting,RandomKFold,6,341,random_fold,3.7140597526442347,3.6889601792043116
GradientBoosting,RandomKFold,6,353,random_fold,2.954910279033736,2.8603894578160016
GradientBoosting,RandomKFold,6,354,random_fold,2.9258461460898246,2.7790355049392503
GradientBoosting,RandomKFold,6,359,random_fold,3.214867803470662,3.1778300292903454
GradientBoosting,RandomKFold,6,370,random_fold,3.328985047548231,3.467845273830216
GradientBoosting,RandomKFold,6,371,random_fold,3.0440461338325417,3.1693372303497416
GradientBoosting,RandomKFold,6,390,random_fold,2.7093826463359885,2.6536643425411395
GradientBoosting,RandomKFold,6,399,random_fold,2.995732273553991,3.0308437346098995
GradientBoosting,RandomKFold,6,407,random_fold,3.5564902660681907,3.409598212920024
GradientBoosting,RandomKFold,6,408,random_fold,3.5801800371905954,3.4596590280752113
GradientBoosting,RandomKFold,6,416,random_fold,1.3480731482996928,1.5039145092195931
GradientBoosting,RandomKFold,6,430,random_fold,4.366278277705742,4.461740163936331
GradientBoosting,RandomKFold,6,431,random_fold,4.388257184424518,4.317758918299281
GradientBoosting,RandomKFold,6,449,random_fold,4.1034694699991014,4.130140344066361
GradientBoosting,RandomKFold,6,456,random_fold,3.9930498440705193,4.030867018481792
GradientBoosting,RandomKFold,6,478,random_fold,4.145987795373939,4.0961314763108
GradientBoosting,RandomKFold,6,479,random_fold,4.312408567793012,4.427149038767914
GradientBoosting,RandomKFold,6,487,random_fold,3.634159241913703,3.689956144170698
GradientBoosting,RandomKFold,6,501,random_fold,3.5567756134805992,3.2787233118495616
GradientBoosting,RandomKFold,6,526,random_fold,3.4041928906419536,3.3742323056519457
GradientBoosting,RandomKFold,6,544,random_fold,1.308332819650179,2.4422568530721454
GradientBoosting,RandomKFold,6,551,random_fold,2.231089091288976,2.169424007206443
GradientBoosting,RandomKFold,6,586,random_fold,2.510411940196362,2.4695875753426337
GradientBoosting,RandomKFold,6,602,random_fold,2.517696472610991,2.643441036238975
GradientBoosting,RandomKFold,6,618,random_fold,3.5251833614431467,3.340834718985757
GradientBoosting,RandomKFold,6,638,random_fold,1.7029282555214393,1.8425177781017197
GradientBoosting,RandomKFold,6,657,random_fold,1.4655675420143985,1.3897835765396709
GradientBoosting,RandomKFold,6,667,random_fold,2.057962510002712,1.8667039604042164
GradientBoosting,RandomKFold,6,672,random_fold,1.9300710850255671,1.8788387886037616
GradientBoosting,RandomKFold,6,676,random_fold,1.7749523509116738,1.9245230014653179
GradientBoosting,RandomKFold,6,680,random_fold,1.7647307968401356,1.7932257559416844
GradientBoosting,RandomKFold,6,718,random_fold,0.5766133643039938,0.44969998904866765
GradientBoosting,RandomKFold,6,722,random_fold,0.9001613499442714,0.545276132862442
GradientBoosting,RandomKFold,6,743,random_fold,1.085189268335969,1.2089774539521652
GradientBoosting,RandomKFold,6,749,random_fold,0.8241754429663494,0.8701824877248074
GradientBoosting,RandomKFold,6,750,random_fold,1.0438040521731147,0.8701824877248074
GradientBoosting,RandomKFold,6,755,random_fold,2.644044871126298,2.567547178671562
GradientBoosting,RandomKFold,6,774,random_fold,4.852108385868018,4.80456037375697
GradientBoosting,RandomKFold,6,787,random_fold,0.7030975114131134,0.6270670960189505
GradientBoosting,RandomKFold,6,793,random_fold,0.44468582126144574,0.2740165854678116
GradientBoosting,RandomKFold,6,796,random_fold,2.876948737564024,2.8212314233013953
GradientBoosting,RandomKFold,6,803,random_fold,2.756205242989257,2.8122973991825613
GradientBoosting,RandomKFold,7,5,random_fold,1.9344157696295783,1.9186475845380944
GradientBoosting,RandomKFold,7,8,random_fold,1.8870696490323797,1.912791325827814
GradientBoosting,RandomKFold,7,16,random_fold,2.451005098112319,2.6296664808718573
GradientBoosting,RandomKFold,7,26,random_fold,3.5145260669691587,3.579540583950758
GradientBoosting,RandomKFold,7,37,random_fold,2.244955980157409,2.257856281173709
GradientBoosting,RandomKFold,7,45,random_fold,2.122261538862764,2.1141375260456123
GradientBoosting,RandomKFold,7,48,random_fold,1.9154509415706047,1.9066412285781735
GradientBoosting,RandomKFold,7,53,random_fold,2.191653532286764,2.1585237251773166
GradientBoosting,RandomKFold,7,94,random_fold,1.3711807233098425,1.2473234603482677
GradientBoosting,RandomKFold,7,103,random_fold,2.0068708488450007,2.0179254628466192
GradientBoosting,RandomKFold,7,111,random_fold,1.5748464676644813,1.6105767162993971
GradientBoosting,RandomKFold,7,115,random_fold,2.1644717908644115,2.111330472788218
GradientBoosting,RandomKFold,7,119,random_fold,2.057962510002712,2.066944273656514
GradientBoosting,RandomKFold,7,151,random_fold,2.254444717666111,2.2095178073399375
GradientBoosting,RandomKFold,7,152,random_fold,2.162172939277301,2.2095178073399375
GradientBoosting,RandomKFold,7,157,random_fold,2.2935443483418965,2.24166009481722
GradientBoosting,RandomKFold,7,162,random_fold,1.2178757094949273,1.2104513188527024
GradientBoosting,RandomKFold,7,171,random_fold,1.269760544863939,1.3223490570232304
GradientBoosting,RandomKFold,7,180,random_fold,0.7608058290337602,0.9332966845642106
GradientBoosting,RandomKFold,7,190,random_fold,2.2935443483418965,2.1482692386815216
GradientBoosting,RandomKFold,7,194,random_fold,2.0731719286662407,2.112506990987081
GradientBoosting,RandomKFold,7,207,random_fold,2.5376572151735295,2.5179290882597956
GradientBoosting,RandomKFold,7,225,random_fold,2.853015971352396,2.447640810687799
GradientBoosting,RandomKFold,7,226,random_fold,2.4807312783775197,2.447640810687799
GradientBoosting,RandomKFold,7,229,random_fold,2.6973262377392344,2.3340577251504158
GradientBoosting,RandomKFold,7,255,random_fold,2.432735777459091,2.3414778687370585
GradientBoosting,RandomKFold,7,283,random_fold,0.4762341789963717,0.9641759118774859
GradientBoosting,RandomKFold,7,301,random_fold,3.3456846717318967,3.198169162171022
GradientBoosting,RandomKFold,7,322,random_fold,3.624874124138024,3.7552923212584437
GradientBoosting,RandomKFold,7,364,random_fold,3.065724645374026,2.72835846899472
GradientBoosting,RandomKFold,7,374,random_fold,3.5049566159530077,3.4705849734651504
GradientBoosting,RandomKFold,7,403,random_fold,3.6506582412937387,3.6088108345463144
GradientBoosting,RandomKFold,7,419,random_fold,1.6054298910365616,1.2706388677367717
GradientBoosting,RandomKFold,7,421,random_fold,4.670489652108734,4.428848961538318
GradientBoosting,RandomKFold,7,437,random_fold,4.212868064406208,4.140302676763214
GradientBoosting,RandomKFold,7,468,random_fold,3.472587377748828,3.5215767390731156
GradientBoosting,RandomKFold,7,469,random_fold,3.471345141564237,3.5215767390731156
GradientBoosting,RandomKFold,7,470,random_fold,3.2669037938787824,3.0745636525647124
GradientBoosting,RandomKFold,7,480,random_fold,4.020159664032724,4.092642838297357
GradientBoosting,RandomKFold,7,503,random_fold,4.174541104216377,4.138146158762467
GradientBoosting,RandomKFold,7,511,random_fold,3.985087576285151,3.9892473910371375
GradientBoosting,RandomKFold,7,515,random_fold,4.0943445622221,4.205774714462514
GradientBoosting,RandomKFold,7,519,random_fold,3.590715205326705,3.608491591508073
GradientBoosting,RandomKFold,7,539,random_fold,2.4672517145492794,2.4928827463102317
GradientBoosting,RandomKFold,7,541,random_fold,2.244955980157409,2.3023965677829827
GradientBoosting,RandomKFold,7,545,random_fold,2.2915241456346207,2.1500283956354735
GradientBoosting,RandomKFold,7,575,random_fold,3.730501128804756,3.670003582895453
GradientBoosting,RandomKFold,7,576,random_fold,3.662792119350618,3.5218072765698936
GradientBoosting,RandomKFold,7,584,random_fold,2.4807312783775197,2.4259772602943945
GradientBoosting,RandomKFold,7,593,random_fold,2.2512917986064953,2.401614786357337
GradientBoosting,RandomKFold,7,595,random_fold,2.468099531471619,2.4011802018975583
GradientBoosting,RandomKFold,7,601,random_fold,2.580974118534234,2.6766637172389403
GradientBoosting,RandomKFold,7,608,random_fold,2.028148247292285,2.059539682942119
GradientBoosting,RandomKFold,7,615,random_fold,3.3669509429335642,3.379626673037739
GradientBoosting,RandomKFold,7,621,random_fold,3.1654750481410856,3.35537022625821
GradientBoosting,RandomKFold,7,623,random_fold,2.9601050959108397,2.9250570892725842
GradientBoosting,RandomKFold,7,634,random_fold,3.109953417644014,3.344789593558194
GradientBoosting,RandomKFold,7,655,random_fold,1.6789639750827108,1.6642712491816296
GradientBoosting,RandomKFold,7,673,random_fold,1.9139771019523042,1.8079979137884226
GradientBoosting,RandomKFold,7,677,random_fold,1.601405740736836,1.650729539543954
GradientBoosting,RandomKFold,7,688,random_fold,1.6845453849209058,1.8478634429937293
GradientBoosting,RandomKFold,7,697,random_fold,3.7376696182833684,3.5418013914813993
GradientBoosting,RandomKFold,7,703,random_fold,4.212720014957422,4.202620369094253
GradientBoosting,RandomKFold,7,712,random_fold,-1.5606477482646683,-0.6161714062539799
GradientBoosting,RandomKFold,7,713,random_fold,-0.12783337150988489,0.4940217307476465
GradientBoosting,RandomKFold,7,729,random_fold,1.1052568313867783,1.1560071908716671
GradientBoosting,RandomKFold,7,735,random_fold,1.0784095813505903,0.8877683185015902
GradientBoosting,RandomKFold,7,745,random_fold,1.0116009116784799,0.978434217475837
GradientBoosting,RandomKFold,7,757,random_fold,2.5241273629412815,2.482218736784609
GradientBoosting,RandomKFold,7,760,random_fold,2.498973906999436,2.49350028011797
GradientBoosting,RandomKFold,7,762,random_fold,2.25758772706331,2.540819926956739
GradientBoosting,RandomKFold,7,766,random_fold,1.9933388426264242,2.0915525443833918
GradientBoosting,RandomKFold,7,770,random_fold,4.782730425680335,4.785742369390637
GradientBoosting,RandomKFold,7,772,random_fold,4.852108385868018,4.7778556115727
GradientBoosting,RandomKFold,7,773,random_fold,4.850153503906757,4.818882551591676
GradientBoosting,RandomKFold,7,775,random_fold,3.490428515390098,3.3884368477194107
GradientBoosting,RandomKFold,7,776,random_fold,3.5004392163118045,3.3884368477194107
GradientBoosting,RandomKFold,7,777,random_fold,3.414442608412176,3.359067960857386
GradientBoosting,RandomKFold,7,778,random_fold,3.4187098067467865,3.359067960857386
GradientBoosting,RandomKFold,7,789,random_fold,0.5538851132264376,0.6393950433496562
GradientBoosting,RandomKFold,8,36,random_fold,1.9401794743463283,1.7574820909036226
GradientBoosting,RandomKFold,8,112,random_fold,1.2837077723447896,1.2575744973726375
GradientBoosting,RandomKFold,8,122,random_fold,1.9530276168241774,1.9196859913144013
GradientBoosting,RandomKFold,8,123,random_fold,1.9530276168241774,1.9196859913144013
GradientBoosting,RandomKFold,8,129,random_fold,1.4085449700547104,1.492006713675296
GradientBoosting,RandomKFold,8,143,random_fold,2.322387720290225,2.2632787651539625
GradientBoosting,RandomKFold,8,146,random_fold,2.2321626286975,2.239734359068422
GradientBoosting,RandomKFold,8,147,random_fold,2.329227023940467,2.239734359068422
GradientBoosting,RandomKFold,8,150,random_fold,2.2049722641270453,2.2156562378560336
GradientBoosting,RandomKFold,8,183,random_fold,2.0541237336955462,2.1787795323628196
GradientBoosting,RandomKFold,8,186,random_fold,1.7850704810772584,1.7350888739209867
GradientBoosting,RandomKFold,8,197,random_fold,1.8468787684491346,1.9654410458086402
GradientBoosting,RandomKFold,8,202,random_fold,3.2824138456721883,3.2230626667848603
GradientBoosting,RandomKFold,8,219,random_fold,1.6937790608678513,2.075792987762364
GradientBoosting,RandomKFold,8,224,random_fold,2.5733752977756086,2.5426459228288656
GradientBoosting,RandomKFold,8,232,random_fold,2.102913897864978,2.3102613638496816
GradientBoosting,RandomKFold,8,233,random_fold,1.9080599249242156,2.259015963811708
GradientBoosting,RandomKFold,8,246,random_fold,1.9712993830601329,2.159894991971494
GradientBoosting,RandomKFold,8,253,random_fold,2.4865719291070616,2.3437368645064867
GradientBoosting,RandomKFold,8,258,random_fold,2.589266665112243,2.2557141792990807
GradientBoosting,RandomKFold,8,262,random_fold,2.1736147116970854,2.2557141792990807
GradientBoosting,RandomKFold,8,267,random_fold,4.089834406744215,4.059266129535561
GradientBoosting,RandomKFold,8,279,random_fold,2.567254391136754,2.8162839327862845
GradientBoosting,RandomKFold,8,282,random_fold,1.085189268335969,1.2125432920805301
GradientBoosting,RandomKFold,8,293,random_fold,2.5862591440482876,2.6550390021031176
GradientBoosting,RandomKFold,8,297,random_fold,3.4732079176384274,3.3299193036720465
GradientBoosting,RandomKFold,8,303,random_fold,3.3565486299932736,3.2487784713418186
GradientBoosting,RandomKFold,8,317,random_fold,3.206398303357088,3.303907431529198
GradientBoosting,RandomKFold,8,325,random_fold,4.013676659154646,3.9456761707908865
GradientBoosting,RandomKFold,8,347,random_fold,4.1893516658004355,3.9633007338281825
GradientBoosting,RandomKFold,8,348,random_fold,4.053696163744291,3.9492467471422423
GradientBoosting,RandomKFold,8,358,random_fold,3.3690184832979204,3.412099107990633
GradientBoosting,RandomKFold,8,373,random_fold,3.339321977944068,3.2780951452093876
GradientBoosting,RandomKFold,8,376,random_fold,3.5004392163118045,3.3748654623470835
GradientBoosting,RandomKFold,8,384,random_fold,2.8524391037275145,2.759450192934671
GradientBoosting,RandomKFold,8,386,random_fold,2.65745841498615,2.580090677211668
GradientBoosting,RandomKFold,8,400,random_fold,3.0368742168851663,3.012583299051078
GradientBoosting,RandomKFold,8,402,random_fold,2.9090844668283187,3.043675997886124
GradientBoosting,RandomKFold,8,410,random_fold,3.537765824444175,3.3852240408598977
GradientBoosting,RandomKFold,8,414,random_fold,3.629660094453965,3.590225221346536
GradientBoosting,RandomKFold,8,415,random_fold,1.8562979903656263,1.7192176507953412
GradientBoosting,RandomKFold,8,438,random_fold,4.311470041210748,4.16768356434549
GradientBoosting,RandomKFold,8,441,random_fold,4.311470041210748,4.138591965258442
GradientBoosting,RandomKFold,8,452,random_fold,3.9930498440705193,4.007736551755989
GradientBoosting,RandomKFold,8,463,random_fold,3.7697679578472747,3.8787413067973966
GradientBoosting,RandomKFold,8,472,random_fold,4.405010471064257,4.399883578654412
GradientBoosting,RandomKFold,8,488,random_fold,4.233961566558017,4.158982539866252
GradientBoosting,RandomKFold,8,496,random_fold,3.565298392342582,3.5972724734918633
GradientBoosting,RandomKFold,8,505,random_fold,4.152613470346076,4.110055748208944
GradientBoosting,RandomKFold,8,509,random_fold,4.015301354881648,4.060853735288033
GradientBoosting,RandomKFold,8,550,random_fold,2.2731562823032334,2.1739417084448616
GradientBoosting,RandomKFold,8,582,random_fold,2.488234439880675,2.482739547450082
GradientBoosting,RandomKFold,8,590,random_fold,2.4553061800117097,2.439046791182682
GradientBoosting,RandomKFold,8,591,random_fold,2.412335956953165,2.4335375345291728
GradientBoosting,RandomKFold,8,604,random_fold,2.4765384001174837,2.5336304821847455
GradientBoosting,RandomKFold,8,607,random_fold,2.150598735996164,2.2514734978013933
GradientBoosting,RandomKFold,8,609,random_fold,1.9726911717329554,1.9501690429643954
GradientBoosting,RandomKFold,8,620,random_fold,3.080532875246456,3.0890367122373252
GradientBoosting,RandomKFold,8,626,random_fold,3.1978564576441255,3.2850704569462774
GradientBoosting,RandomKFold,8,627,random_fold,3.1642084235258925,3.232449327089264
GradientBoosting,RandomKFold,8,632,random_fold,3.1041381473977774,3.232449327089264
GradientBoosting,RandomKFold,8,636,random_fold,1.9726911717329554,1.7709743230389636
GradientBoosting,RandomKFold,8,637,random_fold,1.922787731634459,1.769041910497853
GradientBoosting,RandomKFold,8,639,random_fold,1.6486586255873816,1.4659811581107007
GradientBoosting,RandomKFold,8,640,random_fold,1.4883995840570443,1.1676826847727533
GradientBoosting,RandomKFold,8,665,random_fold,2.0955609235597192,2.1638799760748517
GradientBoosting,RandomKFold,8,679,random_fold,1.9906103279732201,1.849172859590761
GradientBoosting,RandomKFold,8,687,random_fold,1.7457155307266483,1.8740325109680187
GradientBoosting,RandomKFold,8,715,random_fold,1.1019400787607843,1.2125509847104183
GradientBoosting,RandomKFold,8,716,random_fold,-0.08338160893905101,0.7329061506513528
GradientBoosting,RandomKFold,8,721,random_fold,1.0224509277025455,0.8915945353202229
GradientBoosting,RandomKFold,8,728,random_fold,1.199964782928397,1.271429051651976
GradientBoosting,RandomKFold,8,731,random_fold,1.1378330018213911,1.2125509847104183
GradientBoosting,RandomKFold,8,733,random_fold,1.0885619528146082,0.970973397090257
GradientBoosting,RandomKFold,8,736,random_fold,1.0784095813505903,0.8867954019236521
GradientBoosting,RandomKFold,8,746,random_fold,0.9631743177730056,0.8915945353202229
GradientBoosting,RandomKFold,8,763,random_fold,2.0881534822818573,2.166752120157714
GradientBoosting,RandomKFold,8,767,random_fold,2.017566137961748,2.0739935734454376
GradientBoosting,RandomKFold,8,779,random_fold,3.4339872044851463,3.300549464625241
GradientBoosting,RandomKFold,8,785,random_fold,0.6931471805599453,0.5506191863869285
GradientBoosting,RandomKFold,9,4,random_fold,1.9487632180377197,1.9324579344609454
GradientBoosting,RandomKFold,9,14,random_fold,2.312535423847214,2.61640097696291
GradientBoosting,RandomKFold,9,27,random_fold,3.4654233539614268,3.4710140728796013
GradientBoosting,RandomKFold,9,32,random_fold,2.248128907197987,2.173195692090737
GradientBoosting,RandomKFold,9,35,random_fold,1.9401794743463283,1.7702435952977118
GradientBoosting,RandomKFold,9,40,random_fold,2.21046980408624,2.144306275874429
GradientBoosting,RandomKFold,9,47,random_fold,1.9154509415706047,1.892303737849766
GradientBoosting,RandomKFold,9,52,random_fold,0.883767540168595,1.1913808575665266
GradientBoosting,RandomKFold,9,62,random_fold,1.891604804197771,1.892303737849766
GradientBoosting,RandomKFold,9,64,random_fold,1.891604804197771,1.892303737849766
GradientBoosting,RandomKFold,9,85,random_fold,2.020222182019865,2.0158238898950787
GradientBoosting,RandomKFold,9,95,random_fold,1.3711807233098425,1.2417945492321445
GradientBoosting,RandomKFold,9,98,random_fold,2.178155014615869,2.1354126266397038
GradientBoosting,RandomKFold,9,128,random_fold,1.4085449700547104,1.4805039041270243
GradientBoosting,RandomKFold,9,134,random_fold,1.884034745337226,1.892303737849766
GradientBoosting,RandomKFold,9,138,random_fold,1.8961194845522977,1.892303737849766
GradientBoosting,RandomKFold,9,156,random_fold,2.048982334195127,2.180793729662037
GradientBoosting,RandomKFold,9,159,random_fold,2.1186622548331173,2.180793729662037
GradientBoosting,RandomKFold,9,170,random_fold,1.3029127521808397,1.2835720343843011
GradientBoosting,RandomKFold,9,187,random_fold,1.8389610707123492,1.5349968001808274
GradientBoosting,RandomKFold,9,200,random_fold,3.507956918233689,3.522001571705146
GradientBoosting,RandomKFold,9,206,random_fold,3.34779660493504,3.2799703768073685
GradientBoosting,RandomKFold,9,216,random_fold,2.248128907197987,2.116828109594393
GradientBoosting,RandomKFold,9,217,random_fold,2.1713368063840917,2.123979498210846
GradientBoosting,RandomKFold,9,230,random_fold,2.3532782073095637,2.336518569795778
GradientBoosting,RandomKFold,9,240,random_fold,2.3194422100604686,2.2794402895511596
GradientBoosting,RandomKFold,9,242,random_fold,2.3617969526258915,2.2191522745256007
GradientBoosting,RandomKFold,9,251,random_fold,2.4664031782234406,2.5209700911856863
GradientBoosting,RandomKFold,9,269,random_fold,3.931041011263908,3.9010199176235667
GradientBoosting,RandomKFold,9,288,random_fold,0.8919980393051105,0.8121745654825042
GradientBoosting,RandomKFold,9,295,random_fold,3.3013770463799443,3.3678810625033155
GradientBoosting,RandomKFold,9,337,random_fold,3.786913194385302,3.9113478143950435
GradientBoosting,RandomKFold,9,378,random_fold,3.9627161197436642,4.007944491943112
GradientBoosting,RandomKFold,9,379,random_fold,3.772071045000701,3.6092325257234608
GradientBoosting,RandomKFold,9,391,random_fold,2.5289235352047745,2.488361239727518
GradientBoosting,RandomKFold,9,392,random_fold,1.144222799920162,2.0255437194952832
GradientBoosting,RandomKFold,9,397,random_fold,3.0368742168851663,3.097356440338616
GradientBoosting,RandomKFold,9,406,random_fold,3.5403794457954922,3.568612874266103
GradientBoosting,RandomKFold,9,418,random_fold,1.3217558399823195,1.213325537146943
GradientBoosting,RandomKFold,9,455,random_fold,3.9930498440705193,4.046146463633603
GradientBoosting,RandomKFold,9,460,random_fold,3.9930498440705193,4.022130779745878
GradientBoosting,RandomKFold,9,461,random_fold,3.817712325956905,3.90258817117201
GradientBoosting,RandomKFold,9,471,random_fold,2.9496883350525844,3.4341781427281073
GradientBoosting,RandomKFold,9,489,random_fold,3.9527809979003137,3.888579975625371
GradientBoosting,RandomKFold,9,492,random_fold,4.360292142527875,4.171481042153142
GradientBoosting,RandomKFold,9,498,random_fold,3.4339872044851463,3.5097687429798903
GradientBoosting,RandomKFold,9,502,random_fold,3.418054498728578,3.4025082365704074
GradientBoosting,RandomKFold,9,520,random_fold,3.093312601892855,3.401323469384923
GradientBoosting,RandomKFold,9,524,random_fold,3.4255647381104497,3.4294790434833993
GradientBoosting,RandomKFold,9,540,random_fold,2.3896797998449792,2.471389179635023
GradientBoosting,RandomKFold,9,546,random_fold,2.262804222982201,2.1632885663745487
GradientBoosting,RandomKFold,9,553,random_fold,2.1972245773362196,2.1340715796815535
GradientBoosting,RandomKFold,9,556,random_fold,2.194999882314108,2.1632885663745487
GradientBoosting,RandomKFold,9,563,random_fold,2.061786606441115,1.978066100285698
GradientBoosting,RandomKFold,9,573,random_fold,3.8975183192252643,3.7828847739646227
GradientBoosting,RandomKFold,9,574,random_fold,3.7918872041881655,3.7894138497358547
GradientBoosting,RandomKFold,9,577,random_fold,3.934957976710642,3.7943304507462714
GradientBoosting,RandomKFold,9,592,random_fold,2.33214389523559,2.4183123327631937
GradientBoosting,RandomKFold,9,612,random_fold,3.3867603338643857,3.331075850493544
GradientBoosting,RandomKFold,9,619,random_fold,3.4490347110763153,3.2721277960483417
GradientBoosting,RandomKFold,9,642,random_fold,0.9555114450274363,0.9867537773107768
GradientBoosting,RandomKFold,9,645,random_fold,1.8764069432883397,1.804787702798577
GradientBoosting,RandomKFold,9,647,random_fold,1.7209792871670078,1.7650422560536791
GradientBoosting,RandomKFold,9,654,random_fold,1.423108334242607,1.6025448627623342
GradientBoosting,RandomKFold,9,674,random_fold,2.175887439948088,2.200534448831243
GradientBoosting,RandomKFold,9,682,random_fold,2.517696472610991,2.526198865252421
GradientBoosting,RandomKFold,9,683,random_fold,2.423031246069913,2.526198865252421
GradientBoosting,RandomKFold,9,684,random_fold,2.377692565480851,2.509016046603828
GradientBoosting,RandomKFold,9,689,random_fold,1.7833912195575383,1.9008098398307445
GradientBoosting,RandomKFold,9,691,random_fold,2.413231613081109,2.0635108332160543
GradientBoosting,RandomKFold,9,701,random_fold,4.557134736949535,4.516446084666469
GradientBoosting,RandomKFold,9,708,random_fold,1.1019400787607843,1.2684231835575028
GradientBoosting,RandomKFold,9,710,random_fold,-0.7765287894989963,-0.9659561213690344
GradientBoosting,RandomKFold,9,720,random_fold,1.091923300517313,0.9563885037157571
GradientBoosting,RandomKFold,9,726,random_fold,1.2267122912954254,1.2684231835575028
GradientBoosting,RandomKFold,9,744,random_fold,1.000631880307906,0.9563885037157571
GradientBoosting,RandomKFold,9,756,random_fold,2.695977619867941,2.599229030431636
GradientBoosting,RandomKFold,9,782,random_fold,3.1135153092103742,2.952289707413392
GradientBoosting,RandomKFold,9,792,random_fold,0.4824261492442928,0.48402220515143296
GradientBoosting,RandomKFold,9,801,random_fold,2.6304489550786583,2.7841209726188203
GradientBoosting,RandomKFold,10,1,random_fold,1.9572739077056285,1.9745474399156409
GradientBoosting,RandomKFold,10,13,random_fold,2.7536607123542622,2.8860987870528323
GradientBoosting,RandomKFold,10,20,random_fold,3.367295829986474,3.2651520023022025
GradientBoosting,RandomKFold,10,21,random_fold,3.6402142821326553,3.5464666152153224
GradientBoosting,RandomKFold,10,34,random_fold,2.248128907197987,2.1730968336973375
GradientBoosting,RandomKFold,10,58,random_fold,2.1150499691472033,2.1022131435439064
GradientBoosting,RandomKFold,10,71,random_fold,1.7850704810772584,1.7507196866933203
GradientBoosting,RandomKFold,10,80,random_fold,2.192770226986839,2.1730968336973375
GradientBoosting,RandomKFold,10,87,random_fold,2.020222182019865,2.0177167546824966
GradientBoosting,RandomKFold,10,91,random_fold,1.7119945007591924,1.6219914701980929
GradientBoosting,RandomKFold,10,99,random_fold,2.178155014615869,2.1506906795935445
GradientBoosting,RandomKFold,10,102,random_fold,2.1102132003465894,2.1022131435439064
GradientBoosting,RandomKFold,10,105,random_fold,2.0068708488450007,1.995310600578704
GradientBoosting,RandomKFold,10,106,random_fold,1.9065751436566365,1.9010425159956625
GradientBoosting,RandomKFold,10,121,random_fold,1.9530276168241774,1.9252134405451442
GradientBoosting,RandomKFold,10,130,random_fold,0.7419373447293773,0.9944863596444721
GradientBoosting,RandomKFold,10,160,random_fold,1.2267122912954254,1.6823273870859081
GradientBoosting,RandomKFold,10,161,random_fold,1.3987168811184478,1.6823273870859081
GradientBoosting,RandomKFold,10,166,random_fold,1.2809338454620642,1.069245510091362
GradientBoosting,RandomKFold,10,189,random_fold,1.6074359097634274,1.3542630716366206
GradientBoosting,RandomKFold,10,191,random_fold,2.2935443483418965,2.1531137144491628
GradientBoosting,RandomKFold,10,201,random_fold,3.4015306594522756,3.3021148206440687
GradientBoosting,RandomKFold,10,205,random_fold,3.4685444551217657,3.2660634788481486
GradientBoosting,RandomKFold,10,214,random_fold,2.1983350716202463,2.231842805314604
GradientBoosting,RandomKFold,10,241,random_fold,2.2027647577118348,2.2343987671721517
GradientBoosting,RandomKFold,10,243,random_fold,2.2213750375685026,2.2254574987200506
GradientBoosting,RandomKFold,10,252,random_fold,2.522523513359307,2.494197978285178
GradientBoosting,RandomKFold,10,270,random_fold,3.891412051524022,3.7804679248334643
GradientBoosting,RandomKFold,10,273,random_fold,2.9801108926510342,2.9154364772044943
GradientBoosting,RandomKFold,10,276,random_fold,2.9801108926510342,2.992460006652075
GradientBoosting,RandomKFold,10,308,random_fold,2.911263116927541,3.3576510245322098
GradientBoosting,RandomKFold,10,313,random_fold,3.832979798087693,3.748345491334774
GradientBoosting,RandomKFold,10,315,random_fold,3.711618941083426,3.4485143959610354
GradientBoosting,RandomKFold,10,330,random_fold,3.5201649007261984,3.478457028675063
GradientBoosting,RandomKFold,10,339,random_fold,3.6410013738694724,3.513885161108176
GradientBoosting,RandomKFold,10,343,random_fold,3.2311995745570328,3.348419149068564
GradientBoosting,RandomKFold,10,345,random_fold,4.268577942166303,4.099999167892304
GradientBoosting,RandomKFold,10,366,random_fold,3.1245651453969594,3.0065395580815664
GradientBoosting,RandomKFold,10,372,random_fold,3.022860940942244,3.0867274062113474
GradientBoosting,RandomKFold,10,385,random_fold,2.548663615590751,2.5461903339006158
GradientBoosting,RandomKFold,10,387,random_fold,2.6837575085331657,2.6209724213935597
GradientBoosting,RandomKFold,10,389,random_fold,2.714694743820879,2.246196878202357
GradientBoosting,RandomKFold,10,401,random_fold,2.9559514035421466,3.0133871675064463
GradientBoosting,RandomKFold,10,413,random_fold,3.9793077522337423,3.996367653428288
GradientBoosting,RandomKFold,10,427,random_fold,4.653960350157523,4.437918240127777
GradientBoosting,RandomKFold,10,435,random_fold,4.388257184424518,4.308549643115086
GradientBoosting,RandomKFold,10,454,random_fold,3.9930498440705193,4.148064381346864
GradientBoosting,RandomKFold,10,458,random_fold,4.02535169073515,4.041156223681646
GradientBoosting,RandomKFold,10,459,random_fold,3.817712325956905,3.8921756771760982
GradientBoosting,RandomKFold,10,466,random_fold,3.817712325956905,4.015901394179086
GradientBoosting,RandomKFold,10,474,random_fold,4.2903224454635405,4.240849332195796
GradientBoosting,RandomKFold,10,475,random_fold,4.207226719278773,4.083070447978817
GradientBoosting,RandomKFold,10,476,random_fold,4.094011173320863,4.0540576594663955
GradientBoosting,RandomKFold,10,484,random_fold,3.9900945408483017,4.009119750387588
GradientBoosting,RandomKFold,10,491,random_fold,3.6823582371236707,3.8499435701862863
GradientBoosting,RandomKFold,10,504,random_fold,4.152613470346076,4.130059504708037
GradientBoosting,RandomKFold,10,508,random_fold,4.080245637842599,4.059001914883956
GradientBoosting,RandomKFold,10,510,random_fold,4.051958845725663,4.059001914883956
GradientBoosting,RandomKFold,10,555,random_fold,2.2679936482244267,2.1789594906330176
GradientBoosting,RandomKFold,10,560,random_fold,2.2648832258100344,2.1789594906330176
GradientBoosting,RandomKFold,10,561,random_fold,2.1114245875328868,1.9840078978638025
GradientBoosting,RandomKFold,10,562,random_fold,2.020222182019865,2.031918104894942
GradientBoosting,RandomKFold,10,564,random_fold,2.1138429683971682,1.945835516669065
GradientBoosting,RandomKFold,10,565,random_fold,3.8366526984033693,3.81196658158345
GradientBoosting,RandomKFold,10,566,random_fold,3.7909846770510898,3.720813028934222
GradientBoosting,RandomKFold,10,600,random_fold,2.714694743820879,2.747152171636291
GradientBoosting,RandomKFold,10,614,random_fold,3.597860055726768,3.4483035873156607
GradientBoosting,RandomKFold,10,646,random_fold,1.7316555451583497,1.8135745271924388
GradientBoosting,RandomKFold,10,661,random_fold,2.3850863145057892,2.1769923814403955
GradientBoosting,RandomKFold,10,663,random_fold,2.330200260027019,2.1073954192320987
GradientBoosting,RandomKFold,10,681,random_fold,2.5603232890727545,2.6123301583075773
GradientBoosting,RandomKFold,10,686,random_fold,1.7715567619105355,1.9309148533875473
GradientBoosting,RandomKFold,10,699,random_fold,2.8903717578961645,3.7164242391434574
GradientBoosting,RandomKFold,10,700,random_fold,4.65224459337402,4.722391852915573
GradientBoosting,RandomKFold,10,702,random_fold,4.361951470242831,4.387223012214644
GradientBoosting,RandomKFold,10,747,random_fold,0.9122827104766164,0.8615168200000118
GradientBoosting,RandomKFold,10,751,random_fold,0.9242589015233319,0.8615168200000118
GradientBoosting,RandomKFold,10,769,random_fold,4.852108385868018,4.812195418349818
GradientBoosting,RandomKFold,10,786,random_fold,0.7929925155296614,0.616112612669147
GradientBoosting,RandomKFold,10,797,random_fold,2.810606789427302,2.83657824120484
GradientBoosting,GroupKFold_Source,1,30,Mangat and Elgarf (1999a),2.3045830956567186,2.369731016278032
GradientBoosting,GroupKFold_Source,1,31,Mangat and Elgarf (1999a),2.3045830956567186,2.369731016278032
GradientBoosting,GroupKFold_Source,1,32,Mangat and Elgarf (1999a),2.248128907197987,2.375758867170852
GradientBoosting,GroupKFold_Source,1,33,Mangat and Elgarf (1999a),2.248128907197987,2.375758867170852
GradientBoosting,GroupKFold_Source,1,34,Mangat and Elgarf (1999a),2.248128907197987,2.375758867170852
GradientBoosting,GroupKFold_Source,1,35,Mangat and Elgarf (1999a),1.9401794743463283,1.8219604670785199
GradientBoosting,GroupKFold_Source,1,36,Mangat and Elgarf (1999a),1.9401794743463283,1.8219604670785199
GradientBoosting,GroupKFold_Source,1,37,Mangat and Elgarf (1999a),2.244955980157409,2.3516454949322334
GradientBoosting,GroupKFold_Source,1,38,Mangat and Elgarf (1999a),2.244955980157409,2.3516454949322334
GradientBoosting,GroupKFold_Source,1,39,Mangat and Elgarf (1999a),2.21046980408624,2.2828267475617254
GradientBoosting,GroupKFold_Source,1,40,Mangat and Elgarf (1999a),2.21046980408624,2.2828267475617254
GradientBoosting,GroupKFold_Source,1,41,Mangat and Elgarf (1999a),2.122261538862764,2.1847460091515334
GradientBoosting,GroupKFold_Source,1,42,Mangat and Elgarf (1999a),2.122261538862764,2.1847460091515334
GradientBoosting,GroupKFold_Source,1,43,Mangat and Elgarf (1999a),1.8779371654691073,2.098401093683694
GradientBoosting,GroupKFold_Source,1,44,Mangat and Elgarf (1999a),1.8779371654691073,2.098401093683694
GradientBoosting,GroupKFold_Source,1,45,Mangat and Elgarf (1999a),2.122261538862764,2.357673345825053
GradientBoosting,GroupKFold_Source,1,46,Mangat and Elgarf (1999a),2.122261538862764,2.357673345825053
GradientBoosting,GroupKFold_Source,1,47,Mangat and Elgarf (1999a),1.9154509415706047,2.288854598454545
GradientBoosting,GroupKFold_Source,1,48,Mangat and Elgarf (1999a),1.9154509415706047,2.288854598454545
GradientBoosting,GroupKFold_Source,1,49,Mangat and Elgarf (1999a),1.5602476682433286,2.190773860044353
GradientBoosting,GroupKFold_Source,1,50,Mangat and Elgarf (1999a),1.5602476682433286,2.190773860044353
GradientBoosting,GroupKFold_Source,1,51,Mangat and Elgarf (1999a),0.883767540168595,2.104428944576514
GradientBoosting,GroupKFold_Source,1,52,Mangat and Elgarf (1999a),0.883767540168595,2.104428944576514
GradientBoosting,GroupKFold_Source,1,53,Mangat and Elgarf (1999a),2.191653532286764,2.373765609144942
GradientBoosting,GroupKFold_Source,1,54,Mangat and Elgarf (1999a),2.191653532286764,2.373765609144942
GradientBoosting,GroupKFold_Source,1,55,Mangat and Elgarf (1999a),2.191653532286764,2.373765609144942
GradientBoosting,GroupKFold_Source,1,56,Mangat and Elgarf (1999a),2.1150499691472033,2.357673345825053
GradientBoosting,GroupKFold_Source,1,57,Mangat and Elgarf (1999a),2.1150499691472033,2.357673345825053
GradientBoosting,GroupKFold_Source,1,58,Mangat and Elgarf (1999a),2.1150499691472033,2.357673345825053
GradientBoosting,GroupKFold_Source,1,59,Mangat and Elgarf (1999a),2.018895041811802,2.3265753628517283
GradientBoosting,GroupKFold_Source,1,60,Mangat and Elgarf (1999a),2.018895041811802,2.3265753628517283
GradientBoosting,GroupKFold_Source,1,61,Mangat and Elgarf (1999a),2.018895041811802,2.3265753628517283
GradientBoosting,GroupKFold_Source,1,62,Mangat and Elgarf (1999a),1.891604804197771,2.288854598454545
GradientBoosting,GroupKFold_Source,1,63,Mangat and Elgarf (1999a),1.891604804197771,2.288854598454545
GradientBoosting,GroupKFold_Source,1,64,Mangat and Elgarf (1999a),1.891604804197771,2.288854598454545
GradientBoosting,GroupKFold_Source,1,65,Mangat and Elgarf (1999a),1.506297153514587,2.190773860044353
GradientBoosting,GroupKFold_Source,1,66,Mangat and Elgarf (1999a),1.506297153514587,2.190773860044353
GradientBoosting,GroupKFold_Source,1,67,Mangat and Elgarf (1999a),1.506297153514587,2.190773860044353
GradientBoosting,GroupKFold_Source,1,68,Mangat and Elgarf (1999a),0.7839015438284094,2.104428944576514
GradientBoosting,GroupKFold_Source,1,69,Mangat and Elgarf (1999a),0.7839015438284094,2.104428944576514
GradientBoosting,GroupKFold_Source,1,70,Mangat and Elgarf (1999a),0.7839015438284094,2.104428944576514
GradientBoosting,GroupKFold_Source,1,71,Mangat and Elgarf (1999a),1.7850704810772584,1.8105988932675328
GradientBoosting,GroupKFold_Source,1,72,Mangat and Elgarf (1999a),1.7850704810772584,1.8105988932675328
GradientBoosting,GroupKFold_Source,1,73,Mangat and Elgarf (1999a),1.589235205116581,1.7601168045747773
GradientBoosting,GroupKFold_Source,1,74,Mangat and Elgarf (1999a),1.589235205116581,1.7601168045747773
GradientBoosting,GroupKFold_Source,1,75,Mangat and Elgarf (1999a),1.2584609896100056,1.6859533888186593
GradientBoosting,GroupKFold_Source,1,76,Mangat and Elgarf (1999a),1.2584609896100056,1.6859533888186593
GradientBoosting,GroupKFold_Source,1,77,Mangat and Elgarf (1999a),0.6043159668533296,1.5904317793792233
GradientBoosting,GroupKFold_Source,1,78,Mangat and Elgarf (1999a),0.6043159668533296,1.5904317793792233
GradientBoosting,GroupKFold_Source,1,79,Mangat and Elgarf (1999a),2.192770226986839,2.373765609144942
GradientBoosting,GroupKFold_Source,1,80,Mangat and Elgarf (1999a),2.192770226986839,2.373765609144942
GradientBoosting,GroupKFold_Source,1,81,Mangat and Elgarf (1999a),2.192770226986839,2.373765609144942
GradientBoosting,GroupKFold_Source,1,82,Mangat and Elgarf (1999a),2.1174596088673567,2.357673345825053
GradientBoosting,GroupKFold_Source,1,83,Mangat and Elgarf (1999a),2.1174596088673567,2.357673345825053
GradientBoosting,GroupKFold_Source,1,84,Mangat and Elgarf (1999a),2.1174596088673567,2.357673345825053
GradientBoosting,GroupKFold_Source,1,85,Mangat and Elgarf (1999a),2.020222182019865,2.3265753628517283
GradientBoosting,GroupKFold_Source,1,86,Mangat and Elgarf (1999a),2.020222182019865,2.3265753628517283
GradientBoosting,GroupKFold_Source,1,87,Mangat and Elgarf (1999a),2.020222182019865,2.3265753628517283
GradientBoosting,GroupKFold_Source,1,88,Mangat and Elgarf (1999a),1.9459101490553132,2.288854598454545
GradientBoosting,GroupKFold_Source,1,89,Mangat and Elgarf (1999a),1.9459101490553132,2.288854598454545
GradientBoosting,GroupKFold_Source,1,90,Mangat and Elgarf (1999a),1.9459101490553132,2.288854598454545
GradientBoosting,GroupKFold_Source,1,91,Mangat and Elgarf (1999a),1.7119945007591924,2.190773860044353
GradientBoosting,GroupKFold_Source,1,92,Mangat and Elgarf (1999a),1.7119945007591924,2.190773860044353
GradientBoosting,GroupKFold_Source,1,93,Mangat and Elgarf (1999a),1.7119945007591924,2.190773860044353
GradientBoosting,GroupKFold_Source,1,94,Mangat and Elgarf (1999a),1.3711807233098425,2.104428944576514
GradientBoosting,GroupKFold_Source,1,95,Mangat and Elgarf (1999a),1.3711807233098425,2.104428944576514
GradientBoosting,GroupKFold_Source,1,96,Mangat and Elgarf (1999a),1.3711807233098425,2.104428944576514
GradientBoosting,GroupKFold_Source,1,97,Mangat and Elgarf (1999a),2.178155014615869,2.373765609144942
GradientBoosting,GroupKFold_Source,1,98,Mangat and Elgarf (1999a),2.178155014615869,2.373765609144942
GradientBoosting,GroupKFold_Source,1,99,Mangat and Elgarf (1999a),2.178155014615869,2.373765609144942
GradientBoosting,GroupKFold_Source,1,100,Mangat and Elgarf (1999a),2.1102132003465894,2.357673345825053
GradientBoosting,GroupKFold_Source,1,101,Mangat and Elgarf (1999a),2.1102132003465894,2.357673345825053
GradientBoosting,GroupKFold_Source,1,102,Mangat and Elgarf (1999a),2.1102132003465894,2.357673345825053
GradientBoosting,GroupKFold_Source,1,103,Mangat and Elgarf (1999a),2.0068708488450007,2.3265753628517283
GradientBoosting,GroupKFold_Source,1,104,Mangat and Elgarf (1999a),2.0068708488450007,2.3265753628517283
GradientBoosting,GroupKFold_Source,1,105,Mangat and Elgarf (1999a),2.0068708488450007,2.3265753628517283
GradientBoosting,GroupKFold_Source,1,106,Mangat and Elgarf (1999a),1.9065751436566365,2.288854598454545
GradientBoosting,GroupKFold_Source,1,107,Mangat and Elgarf (1999a),1.9065751436566365,2.288854598454545
GradientBoosting,GroupKFold_Source,1,108,Mangat and Elgarf (1999a),1.9065751436566365,2.288854598454545
GradientBoosting,GroupKFold_Source,1,109,Mangat and Elgarf (1999a),1.5748464676644813,2.190773860044353
GradientBoosting,GroupKFold_Source,1,110,Mangat and Elgarf (1999a),1.5748464676644813,2.190773860044353
GradientBoosting,GroupKFold_Source,1,111,Mangat and Elgarf (1999a),1.5748464676644813,2.190773860044353
GradientBoosting,GroupKFold_Source,1,112,Mangat and Elgarf (1999a),1.2837077723447896,2.104428944576514
GradientBoosting,GroupKFold_Source,1,113,Mangat and Elgarf (1999a),1.2837077723447896,2.104428944576514
GradientBoosting,GroupKFold_Source,1,114,Mangat and Elgarf (1999a),1.2837077723447896,2.104428944576514
GradientBoosting,GroupKFold_Source,1,115,Mangat and Elgarf (1999a),2.1644717908644115,2.373765609144942
GradientBoosting,GroupKFold_Source,1,116,Mangat and Elgarf (1999a),2.1644717908644115,2.373765609144942
GradientBoosting,GroupKFold_Source,1,117,Mangat and Elgarf (1999a),2.1644717908644115,2.373765609144942
GradientBoosting,GroupKFold_Source,1,118,Mangat and Elgarf (1999a),2.057962510002712,2.357673345825053
GradientBoosting,GroupKFold_Source,1,119,Mangat and Elgarf (1999a),2.057962510002712,2.357673345825053
GradientBoosting,GroupKFold_Source,1,120,Mangat and Elgarf (1999a),2.057962510002712,2.357673345825053
GradientBoosting,GroupKFold_Source,1,121,Mangat and Elgarf (1999a),1.9530276168241774,2.3265753628517283
GradientBoosting,GroupKFold_Source,1,122,Mangat and Elgarf (1999a),1.9530276168241774,2.3265753628517283
GradientBoosting,GroupKFold_Source,1,123,Mangat and Elgarf (1999a),1.9530276168241774,2.3265753628517283
GradientBoosting,GroupKFold_Source,1,124,Mangat and Elgarf (1999a),1.7698546338400052,2.288854598454545
GradientBoosting,GroupKFold_Source,1,125,Mangat and Elgarf (1999a),1.7698546338400052,2.288854598454545
GradientBoosting,GroupKFold_Source,1,126,Mangat and Elgarf (1999a),1.7698546338400052,2.288854598454545
GradientBoosting,GroupKFold_Source,1,127,Mangat and Elgarf (1999a),1.4085449700547104,2.190773860044353
GradientBoosting,GroupKFold_Source,1,128,Mangat and Elgarf (1999a),1.4085449700547104,2.190773860044353
GradientBoosting,GroupKFold_Source,1,129,Mangat and Elgarf (1999a),1.4085449700547104,2.190773860044353
GradientBoosting,GroupKFold_Source,1,130,Mangat and Elgarf (1999a),0.7419373447293773,2.104428944576514
GradientBoosting,GroupKFold_Source,1,131,Mangat and Elgarf (1999a),0.7419373447293773,2.104428944576514
GradientBoosting,GroupKFold_Source,1,132,Mangat and Elgarf (1999a),0.7419373447293773,2.104428944576514
GradientBoosting,GroupKFold_Source,1,133,Mangat and Elgarf (1999a),1.884034745337226,2.288854598454545
GradientBoosting,GroupKFold_Source,1,134,Mangat and Elgarf (1999a),1.884034745337226,2.288854598454545
GradientBoosting,GroupKFold_Source,1,135,Mangat and Elgarf (1999a),1.9198594718553708,2.288854598454545
GradientBoosting,GroupKFold_Source,1,136,Mangat and Elgarf (1999a),1.9198594718553708,2.288854598454545
GradientBoosting,GroupKFold_Source,1,137,Mangat and Elgarf (1999a),1.8961194845522977,2.288854598454545
GradientBoosting,GroupKFold_Source,1,138,Mangat and Elgarf (1999a),1.8961194845522977,2.288854598454545
GradientBoosting,GroupKFold_Source,1,139,Mangat and Elgarf (1999a),1.8718021769015913,2.288854598454545
GradientBoosting,GroupKFold_Source,1,140,Mangat and Elgarf (1999a),1.8718021769015913,2.288854598454545
GradientBoosting,GroupKFold_Source,2,26,Lee et al. (1999),3.5145260669691587,3.6441255069969323
GradientBoosting,GroupKFold_Source,2,27,Lee et al. (1999),3.4654233539614268,3.5124467243601503
GradientBoosting,GroupKFold_Source,2,28,Lee et al. (1999),3.388787361585474,3.439863427251499
GradientBoosting,GroupKFold_Source,2,29,Lee et al. (1999),3.232778730037192,2.9972779170144115
GradientBoosting,GroupKFold_Source,2,207,Azad et al. (2007),2.5376572151735295,2.192296173295456
GradientBoosting,GroupKFold_Source,2,208,Azad et al. (2007),2.533696813957432,2.192296173295456
GradientBoosting,GroupKFold_Source,2,209,Azad et al. (2007),2.468946630209271,2.0340307176845616
GradientBoosting,GroupKFold_Source,2,210,Azad et al. (2007),2.4159137783010487,2.0340307176845616
GradientBoosting,GroupKFold_Source,2,211,Azad et al. (2007),2.3174737054877963,1.6104640917989577
GradientBoosting,GroupKFold_Source,2,212,Azad et al. (2007),2.2027647577118348,1.6104640917989577
GradientBoosting,GroupKFold_Source,2,213,Azad et al. (2007),2.344686269012681,1.5350737936926202
GradientBoosting,GroupKFold_Source,2,214,Azad et al. (2007),2.1983350716202463,1.5350737936926202
GradientBoosting,GroupKFold_Source,2,215,Azad et al. (2007),2.1815467646169897,1.5271230671485498
GradientBoosting,GroupKFold_Source,2,216,Azad et al. (2007),2.248128907197987,1.5271230671485498
GradientBoosting,GroupKFold_Source,2,217,Azad et al. (2007),2.1713368063840917,1.4938439727542436
GradientBoosting,GroupKFold_Source,2,218,Azad et al. (2007),2.0554049638515948,1.4938439727542436
GradientBoosting,GroupKFold_Source,2,219,Azad et al. (2007),1.6937790608678513,1.4034074515738586
GradientBoosting,GroupKFold_Source,2,220,Azad et al. (2007),2.0095554142156695,1.4034074515738586
GradientBoosting,GroupKFold_Source,2,221,Azad et al. (2007),2.768204123921957,2.46061031117326
GradientBoosting,GroupKFold_Source,2,222,Azad et al. (2007),2.6239436918052106,2.46061031117326
GradientBoosting,GroupKFold_Source,2,223,Azad et al. (2007),2.516889695641051,2.350137990610525
GradientBoosting,GroupKFold_Source,2,224,Azad et al. (2007),2.5733752977756086,2.350137990610525
GradientBoosting,GroupKFold_Source,2,225,Azad et al. (2007),2.853015971352396,2.068992927490255
GradientBoosting,GroupKFold_Source,2,226,Azad et al. (2007),2.4807312783775197,2.068992927490255
GradientBoosting,GroupKFold_Source,2,227,Azad et al. (2007),2.403334996094189,1.6684374394075097
GradientBoosting,GroupKFold_Source,2,228,Azad et al. (2007),2.2793164660546914,1.6684374394075097
GradientBoosting,GroupKFold_Source,2,229,Azad et al. (2007),2.6973262377392344,1.8701438173243627
GradientBoosting,GroupKFold_Source,2,230,Azad et al. (2007),2.3532782073095637,1.8701438173243627
GradientBoosting,GroupKFold_Source,2,231,Azad et al. (2007),2.2648832258100344,1.6684374394075097
GradientBoosting,GroupKFold_Source,2,232,Azad et al. (2007),2.102913897864978,1.6684374394075097
GradientBoosting,GroupKFold_Source,2,233,Azad et al. (2007),1.9080599249242156,1.655023063326636
GradientBoosting,GroupKFold_Source,2,234,Azad et al. (2007),2.125847914493992,1.655023063326636
GradientBoosting,GroupKFold_Source,2,235,Azad et al. (2007),2.468099531471619,2.18909790785742
GradientBoosting,GroupKFold_Source,2,236,Azad et al. (2007),2.5930133911138515,2.18909790785742
GradientBoosting,GroupKFold_Source,2,237,Azad et al. (2007),2.3350522831315472,1.7938582962233736
GradientBoosting,GroupKFold_Source,2,238,Azad et al. (2007),2.448415541205585,1.7938582962233736
GradientBoosting,GroupKFold_Source,2,239,Azad et al. (2007),2.401525040848949,1.7335600204588657
GradientBoosting,GroupKFold_Source,2,240,Azad et al. (2007),2.3194422100604686,1.7335600204588657
GradientBoosting,GroupKFold_Source,2,241,Azad et al. (2007),2.2027647577118348,1.6766093979927499
GradientBoosting,GroupKFold_Source,2,242,Azad et al. (2007),2.3617969526258915,1.6766093979927499
GradientBoosting,GroupKFold_Source,2,243,Azad et al. (2007),2.2213750375685026,1.4888125594448371
GradientBoosting,GroupKFold_Source,2,244,Azad et al. (2007),2.315501318260592,1.4888125594448371
GradientBoosting,GroupKFold_Source,2,245,Azad et al. (2007),2.2126603854660587,1.4358818620850677
GradientBoosting,GroupKFold_Source,2,246,Azad et al. (2007),1.9712993830601329,1.4358818620850677
GradientBoosting,GroupKFold_Source,2,247,Azad et al. (2007),2.1090003439213802,1.302546984137322
GradientBoosting,GroupKFold_Source,2,248,Azad et al. (2007),1.891604804197771,1.302546984137322
GradientBoosting,GroupKFold_Source,2,249,Azad et al. (2007),2.590767040487478,2.4750641759119083
GradientBoosting,GroupKFold_Source,2,250,Azad et al. (2007),2.5376572151735295,2.4750641759119083
GradientBoosting,GroupKFold_Source,2,251,Azad et al. (2007),2.4664031782234406,2.082910454581004
GradientBoosting,GroupKFold_Source,2,252,Azad et al. (2007),2.522523513359307,2.082910454581004
GradientBoosting,GroupKFold_Source,2,253,Azad et al. (2007),2.4865719291070616,1.9071555624702434
GradientBoosting,GroupKFold_Source,2,254,Azad et al. (2007),2.392425796993835,1.9071555624702434
GradientBoosting,GroupKFold_Source,2,255,Azad et al. (2007),2.432735777459091,1.8917118766768997
GradientBoosting,GroupKFold_Source,2,256,Azad et al. (2007),2.3085671646715933,1.8917118766768997
GradientBoosting,GroupKFold_Source,2,257,Azad et al. (2007),2.1972245773362196,1.6460947211924923
GradientBoosting,GroupKFold_Source,2,258,Azad et al. (2007),2.589266665112243,1.6460947211924923
GradientBoosting,GroupKFold_Source,2,259,Azad et al. (2007),2.192770226986839,1.6544160646245678
GradientBoosting,GroupKFold_Source,2,260,Azad et al. (2007),2.0769384114617173,1.6544160646245678
GradientBoosting,GroupKFold_Source,2,261,Azad et al. (2007),2.0294631718735947,1.6460947211924923
GradientBoosting,GroupKFold_Source,2,262,Azad et al. (2007),2.1736147116970854,1.6460947211924923
GradientBoosting,GroupKFold_Source,2,280,Torres-Acosta et al. (2007),1.4701758451005926,1.52511187284435
GradientBoosting,GroupKFold_Source,2,281,Torres-Acosta et al. (2007),1.5686159179138452,1.52511187284435
GradientBoosting,GroupKFold_Source,2,282,Torres-Acosta et al. (2007),1.085189268335969,1.3022217242494636
GradientBoosting,GroupKFold_Source,2,283,Torres-Acosta et al. (2007),0.4762341789963717,0.9871439910576837
GradientBoosting,GroupKFold_Source,2,284,Torres-Acosta et al. (2007),0.7608058290337602,0.9871439910576837
GradientBoosting,GroupKFold_Source,2,285,Torres-Acosta et al. (2007),1.1939224684724346,1.1987191636984462
GradientBoosting,GroupKFold_Source,2,286,Torres-Acosta et al. (2007),1.2383742310432684,1.2494781442745573
GradientBoosting,GroupKFold_Source,2,287,Torres-Acosta et al. (2007),0.9669838461896731,0.9871439910576837
GradientBoosting,GroupKFold_Source,2,288,Torres-Acosta et al. (2007),0.8919980393051105,0.9871439910576837
GradientBoosting,GroupKFold_Source,2,289,Torres-Acosta et al. (2007),0.14842000511827322,0.9850569002678123
GradientBoosting,GroupKFold_Source,2,290,Torres-Acosta et al. (2007),1.4701758451005926,1.52511187284435
GradientBoosting,GroupKFold_Source,2,378,Khan et al. (2011),3.9627161197436642,3.973705710343627
GradientBoosting,GroupKFold_Source,2,379,Khan et al. (2011),3.772071045000701,3.39260379594777
GradientBoosting,GroupKFold_Source,2,415,Du et al. (2013),1.8562979903656263,1.7740902636212543
GradientBoosting,GroupKFold_Source,2,416,Du et al. (2013),1.3480731482996928,1.3321113616863407
GradientBoosting,GroupKFold_Source,2,417,Du et al. (2013),1.3217558399823195,1.1243064132805523
GradientBoosting,GroupKFold_Source,2,418,Du et al. (2013),1.3217558399823195,1.1053023088697116
GradientBoosting,GroupKFold_Source,2,419,Du et al. (2013),1.6054298910365616,1.131598338444864
GradientBoosting,GroupKFold_Source,3,160,Torres-Acosta et al. (2003),1.2267122912954254,1.6503285988836158
GradientBoosting,GroupKFold_Source,3,161,Torres-Acosta et al. (2003),1.3987168811184478,1.6503285988836158
GradientBoosting,GroupKFold_Source,3,162,Torres-Acosta et al. (2003),1.2178757094949273,0.9471671476421436
GradientBoosting,GroupKFold_Source,3,163,Torres-Acosta et al. (2003),1.3428648031925547,0.9471671476421436
GradientBoosting,GroupKFold_Source,3,164,Torres-Acosta et al. (2003),1.269760544863939,0.9471671476421436
GradientBoosting,GroupKFold_Source,3,165,Torres-Acosta et al. (2003),1.2178757094949273,0.8645558466827116
GradientBoosting,GroupKFold_Source,3,166,Torres-Acosta et al. (2003),1.2809338454620642,0.8453122610731534
GradientBoosting,GroupKFold_Source,3,167,Torres-Acosta et al. (2003),1.2383742310432684,0.8556094166571367
GradientBoosting,GroupKFold_Source,3,168,Torres-Acosta et al. (2003),1.3428648031925547,0.9471671476421436
GradientBoosting,GroupKFold_Source,3,169,Torres-Acosta et al. (2003),1.0612565021243408,0.8742250954372265
GradientBoosting,GroupKFold_Source,3,170,Torres-Acosta et al. (2003),1.3029127521808397,1.335979603124902
GradientBoosting,GroupKFold_Source,3,171,Torres-Acosta et al. (2003),1.269760544863939,1.335979603124902
GradientBoosting,GroupKFold_Source,3,198,El Maaddawy et al. (2005),3.624340932976365,3.601960447079741
GradientBoosting,GroupKFold_Source,3,199,El Maaddawy et al. (2005),3.558485990180341,3.499403690527567
GradientBoosting,GroupKFold_Source,3,200,El Maaddawy et al. (2005),3.507956918233689,3.4140929686129553
GradientBoosting,GroupKFold_Source,3,201,El Maaddawy et al. (2005),3.4015306594522756,3.3564930141984197
GradientBoosting,GroupKFold_Source,3,202,El Maaddawy et al. (2005),3.2824138456721883,3.1261357765826197
GradientBoosting,GroupKFold_Source,3,203,El Maaddawy et al. (2005),3.497718948652777,3.448245288797876
GradientBoosting,GroupKFold_Source,3,204,El Maaddawy et al. (2005),3.475067230228611,3.3446903203251983
GradientBoosting,GroupKFold_Source,3,205,El Maaddawy et al. (2005),3.4685444551217657,3.3053346124687284
GradientBoosting,GroupKFold_Source,3,206,El Maaddawy et al. (2005),3.34779660493504,3.179159404629921
GradientBoosting,GroupKFold_Source,3,420,Ma et al. (2013),4.548599834499697,4.272471800469131
GradientBoosting,GroupKFold_Source,3,421,Ma et al. (2013),4.670489652108734,4.408287913308616
GradientBoosting,GroupKFold_Source,3,422,Ma et al. (2013),4.637153231841142,4.414430491043101
GradientBoosting,GroupKFold_Source,3,423,Ma et al. (2013),4.491441420659749,4.408287913308616
GradientBoosting,GroupKFold_Source,3,424,Ma et al. (2013),4.3208159036289855,4.279655455134725
GradientBoosting,GroupKFold_Source,3,425,Ma et al. (2013),4.529907701487544,4.401104258643023
GradientBoosting,GroupKFold_Source,3,426,Ma et al. (2013),4.409763389645481,4.414430491043101
GradientBoosting,GroupKFold_Source,3,427,Ma et al. (2013),4.653960350157523,4.408287913308616
GradientBoosting,GroupKFold_Source,3,428,Ma et al. (2013),4.248495242049359,4.152373211039861
GradientBoosting,GroupKFold_Source,3,429,Ma et al. (2013),4.297285406218791,4.240643520776365
GradientBoosting,GroupKFold_Source,3,430,Ma et al. (2013),4.366278277705742,4.399479948621751
GradientBoosting,GroupKFold_Source,3,431,Ma et al. (2013),4.388257184424518,4.240643520776365
GradientBoosting,GroupKFold_Source,3,432,Ma et al. (2013),4.114963849424837,4.133960459641963
GradientBoosting,GroupKFold_Source,3,433,Ma et al. (2013),4.45143608604605,4.408287913308616
GradientBoosting,GroupKFold_Source,3,434,Ma et al. (2013),4.388257184424518,4.2391320141590585
GradientBoosting,GroupKFold_Source,3,435,Ma et al. (2013),4.388257184424518,4.233459866110771
GradientBoosting,GroupKFold_Source,3,436,Ma et al. (2013),3.9740583963475986,4.12677680497637
GradientBoosting,GroupKFold_Source,3,437,Ma et al. (2013),4.212868064406208,4.082628370504155
GradientBoosting,GroupKFold_Source,3,438,Ma et al. (2013),4.311470041210748,4.096067406308198
GradientBoosting,GroupKFold_Source,3,439,Ma et al. (2013),4.430816798843313,4.240643520776365
GradientBoosting,GroupKFold_Source,3,440,Ma et al. (2013),3.980615796893758,3.5794140450491896
GradientBoosting,GroupKFold_Source,3,441,Ma et al. (2013),4.311470041210748,4.066059468619828
GradientBoosting,GroupKFold_Source,3,442,Ma et al. (2013),4.357349646961441,4.086682159089465
GradientBoosting,GroupKFold_Source,3,443,Ma et al. (2013),4.212868064406208,4.061024823972876
GradientBoosting,GroupKFold_Source,3,444,Ma et al. (2013),4.1034694699991014,4.02083602997681
GradientBoosting,GroupKFold_Source,3,445,Ma et al. (2013),4.1034694699991014,4.237870357827049
GradientBoosting,GroupKFold_Source,3,446,Ma et al. (2013),4.1034694699991014,4.381799594701253
GradientBoosting,GroupKFold_Source,3,447,Ma et al. (2013),4.1034694699991014,4.198535621217257
GradientBoosting,GroupKFold_Source,3,448,Ma et al. (2013),4.1034694699991014,4.039534181095008
GradientBoosting,GroupKFold_Source,3,449,Ma et al. (2013),4.1034694699991014,4.10349949049936
GradientBoosting,GroupKFold_Source,3,450,Ma et al. (2013),4.366278277705742,4.21056700524441
GradientBoosting,GroupKFold_Source,3,451,Ma et al. (2013),4.1034694699991014,4.198535621217257
GradientBoosting,GroupKFold_Source,3,452,Ma et al. (2013),3.9930498440705193,3.889717483427297
GradientBoosting,GroupKFold_Source,3,453,Ma et al. (2013),3.9930498440705193,4.017673279560614
GradientBoosting,GroupKFold_Source,3,454,Ma et al. (2013),3.9930498440705193,4.118987264456055
GradientBoosting,GroupKFold_Source,3,455,Ma et al. (2013),3.9930498440705193,4.057008016170407
GradientBoosting,GroupKFold_Source,3,456,Ma et al. (2013),3.9930498440705193,3.889717483427297
GradientBoosting,GroupKFold_Source,3,457,Ma et al. (2013),3.9207845110967185,3.9918933142560102
GradientBoosting,GroupKFold_Source,3,458,Ma et al. (2013),4.02535169073515,4.110163577850808
GradientBoosting,GroupKFold_Source,3,459,Ma et al. (2013),3.817712325956905,3.9116807608305537
GradientBoosting,GroupKFold_Source,3,460,Ma et al. (2013),3.9930498440705193,3.831684595699307
GradientBoosting,GroupKFold_Source,3,461,Ma et al. (2013),3.817712325956905,3.969713648558544
GradientBoosting,GroupKFold_Source,3,462,Ma et al. (2013),3.6407390787860012,3.7642703338944705
GradientBoosting,GroupKFold_Source,3,463,Ma et al. (2013),3.7697679578472747,3.8436316220862885
GradientBoosting,GroupKFold_Source,3,464,Ma et al. (2013),3.6407390787860012,3.437270364784107
GradientBoosting,GroupKFold_Source,3,465,Ma et al. (2013),3.7697679578472747,3.8249334709680904
GradientBoosting,GroupKFold_Source,3,466,Ma et al. (2013),3.817712325956905,4.015483361852289
GradientBoosting,GroupKFold_Source,3,467,Ma et al. (2013),3.6407390787860012,3.7148451461769527
GradientBoosting,GroupKFold_Source,3,496,Yu et al. (2015),3.565298392342582,3.620566882351733
GradientBoosting,GroupKFold_Source,3,497,Yu et al. (2015),3.436564525499447,3.469315141809732
GradientBoosting,GroupKFold_Source,3,498,Yu et al. (2015),3.4339872044851463,3.460331605591987
GradientBoosting,GroupKFold_Source,3,622,Hu et al. 2019),2.9967317738870745,2.911560649913889
GradientBoosting,GroupKFold_Source,3,623,Hu et al. 2019),2.9601050959108397,2.8746186009720254
GradientBoosting,GroupKFold_Source,3,624,Hu et al. 2019),2.913437030827161,2.688735106247133
GradientBoosting,GroupKFold_Source,3,625,Hu et al. 2019),2.8553201198372458,2.617650484767164
GradientBoosting,GroupKFold_Source,3,634,Njeem et al. (2019),3.109953417644014,3.191594049780803
GradientBoosting,GroupKFold_Source,3,635,Njeem et al. (2019),2.9601050959108397,2.7446792043980395
GradientBoosting,GroupKFold_Source,4,141,Castel et al. (2000a),3.653511310276145,3.6167237044178724
GradientBoosting,GroupKFold_Source,4,142,Castel et al. (2000a),3.402196881995239,3.322106296768373
GradientBoosting,GroupKFold_Source,4,304,Azad et al. (2010),3.4790839203192268,3.2369939542002633
GradientBoosting,GroupKFold_Source,4,305,Azad et al. (2010),3.4719664525503626,3.2369939542002633
GradientBoosting,GroupKFold_Source,4,306,Azad et al. (2010),3.449987545831587,3.1912538415174434
GradientBoosting,GroupKFold_Source,4,307,Azad et al. (2010),3.339676525013905,3.1912538415174434
GradientBoosting,GroupKFold_Source,4,308,Azad et al. (2010),2.911263116927541,3.1912538415174434
GradientBoosting,GroupKFold_Source,4,309,Azad et al. (2010),3.1130707659712242,2.9819280391451937
GradientBoosting,GroupKFold_Source,4,310,Azad et al. (2010),3.440097530619712,3.1912538415174434
GradientBoosting,GroupKFold_Source,4,311,Azad et al. (2010),2.848970892158587,2.9819280391451937
GradientBoosting,GroupKFold_Source,4,312,Azad et al. (2010),3.6425737012374246,3.559328678952259
GradientBoosting,GroupKFold_Source,4,313,Azad et al. (2010),3.832979798087693,3.559328678952259
GradientBoosting,GroupKFold_Source,4,314,Azad et al. (2010),3.597860055726768,3.4245485635960176
GradientBoosting,GroupKFold_Source,4,315,Azad et al. (2010),3.711618941083426,3.417827253197712
GradientBoosting,GroupKFold_Source,4,316,Azad et al. (2010),3.190064743014081,3.3172841361686287
GradientBoosting,GroupKFold_Source,4,317,Azad et al. (2010),3.206398303357088,3.3172841361686287
GradientBoosting,GroupKFold_Source,4,318,Azad et al. (2010),3.2902658209548736,3.2715839758546177
GradientBoosting,GroupKFold_Source,4,319,Azad et al. (2010),3.0430928449138284,3.2715839758546177
GradientBoosting,GroupKFold_Source,4,320,Azad et al. (2010),4.06457240388843,3.812957368892421
GradientBoosting,GroupKFold_Source,4,321,Azad et al. (2010),4.06457240388843,3.812957368892421
GradientBoosting,GroupKFold_Source,4,322,Azad et al. (2010),3.624874124138024,3.673408817489989
GradientBoosting,GroupKFold_Source,4,323,Azad et al. (2010),3.58407433974781,3.5094766054589965
GradientBoosting,GroupKFold_Source,4,324,Azad et al. (2010),3.9577608971019997,3.7781019868077137
GradientBoosting,GroupKFold_Source,4,325,Azad et al. (2010),4.013676659154646,3.7781019868077137
GradientBoosting,GroupKFold_Source,4,326,Azad et al. (2010),3.5776685247779345,3.4488044026133107
GradientBoosting,GroupKFold_Source,4,327,Azad et al. (2010),4.051958845725663,3.7781019868077137
GradientBoosting,GroupKFold_Source,4,328,Azad et al. (2010),3.6328380632303117,3.9677037305915697
GradientBoosting,GroupKFold_Source,4,329,Azad et al. (2010),3.7848712197676626,3.9677037305915697
GradientBoosting,GroupKFold_Source,4,330,Azad et al. (2010),3.5201649007261984,3.8903311226177006
GradientBoosting,GroupKFold_Source,4,331,Azad et al. (2010),3.1059310658520665,3.780555611452425
GradientBoosting,GroupKFold_Source,4,332,Azad et al. (2010),3.1144038032714896,3.7532569124270534
GradientBoosting,GroupKFold_Source,4,333,Azad et al. (2010),3.1315734964654043,3.748488476380863
GradientBoosting,GroupKFold_Source,4,334,Azad et al. (2010),2.9381031607173544,3.6256533710044008
GradientBoosting,GroupKFold_Source,4,335,Azad et al. (2010),2.7800607370784824,3.607022091885353
GradientBoosting,GroupKFold_Source,4,336,Azad et al. (2010),4.06009812349351,3.9668999963975757
GradientBoosting,GroupKFold_Source,4,337,Azad et al. (2010),3.786913194385302,3.9668999963975757
GradientBoosting,GroupKFold_Source,4,338,Azad et al. (2010),3.4423393249933305,3.779751877258431
GradientBoosting,GroupKFold_Source,4,339,Azad et al. (2010),3.6410013738694724,3.779751877258431
GradientBoosting,GroupKFold_Source,4,340,Azad et al. (2010),3.3975239762958465,3.779751877258431
GradientBoosting,GroupKFold_Source,4,341,Azad et al. (2010),3.7140597526442347,3.826071249644869
GradientBoosting,GroupKFold_Source,4,342,Azad et al. (2010),3.9495114498391377,3.763597313344224
GradientBoosting,GroupKFold_Source,4,343,Azad et al. (2010),3.2311995745570328,3.662020223026922
GradientBoosting,GroupKFold_Source,4,344,Azad et al. (2010),4.155909917880256,4.1864089578537005
GradientBoosting,GroupKFold_Source,4,345,Azad et al. (2010),4.268577942166303,4.1864089578537005
GradientBoosting,GroupKFold_Source,4,346,Azad et al. (2010),4.079569276639947,4.119921080477946
GradientBoosting,GroupKFold_Source,4,347,Azad et al. (2010),4.1893516658004355,4.130231242336498
GradientBoosting,GroupKFold_Source,4,348,Azad et al. (2010),4.053696163744291,4.119921080477946
GradientBoosting,GroupKFold_Source,4,349,Azad et al. (2010),3.6136169696133895,4.008688809219362
GradientBoosting,GroupKFold_Source,4,350,Azad et al. (2010),3.885679030088544,4.119921080477946
GradientBoosting,GroupKFold_Source,4,351,Azad et al. (2010),3.566429294357372,3.8449370035739845
GradientBoosting,GroupKFold_Source,4,524,Dong et al. (2017),3.4255647381104497,3.260485756297376
GradientBoosting,GroupKFold_Source,4,525,Dong et al. (2017),3.4187098067467865,3.1824590204705796
GradientBoosting,GroupKFold_Source,4,526,Dong et al. (2017),3.4041928906419536,3.1480844652362094
GradientBoosting,GroupKFold_Source,4,527,Dong et al. (2017),3.4151002868311466,3.1657631727603808
GradientBoosting,GroupKFold_Source,4,681,Shen et al. (2019),2.5603232890727545,2.9239192429544083
GradientBoosting,GroupKFold_Source,4,682,Shen et al. (2019),2.517696472610991,2.7787084869039544
GradientBoosting,GroupKFold_Source,4,683,Shen et al. (2019),2.423031246069913,2.7787084869039544
GradientBoosting,GroupKFold_Source,4,684,Shen et al. (2019),2.377692565480851,2.765324387379583
GradientBoosting,GroupKFold_Source,4,700,Yalciner et al. (2020),4.65224459337402,4.054658414445479
GradientBoosting,GroupKFold_Source,4,701,Yalciner et al. (2020),4.557134736949535,3.851438510629997
GradientBoosting,GroupKFold_Source,4,702,Yalciner et al. (2020),4.361951470242831,3.826956536445589
GradientBoosting,GroupKFold_Source,4,703,Yalciner et al. (2020),4.212720014957422,3.6103271140619113
GradientBoosting,GroupKFold_Source,4,704,Yalciner et al. (2020),5.084938485288739,4.136630988791015
GradientBoosting,GroupKFold_Source,4,705,Yalciner et al. (2020),4.8779416457041185,3.989899960223087
GradientBoosting,GroupKFold_Source,4,706,Yalciner et al. (2020),4.855228269843183,3.874658011212274
GradientBoosting,GroupKFold_Source,4,707,Yalciner et al. (2020),4.664853188149265,3.860950964519219
GradientBoosting,GroupKFold_Source,4,783,Tran et al. (2022),1.0296194171811581,1.779082553613775
GradientBoosting,GroupKFold_Source,4,784,Tran et al. (2022),1.0188473201992472,1.779082553613775
GradientBoosting,GroupKFold_Source,4,785,Tran et al. (2022),0.6931471805599453,0.7303129687943829
GradientBoosting,GroupKFold_Source,4,786,Tran et al. (2022),0.7929925155296614,0.7303129687943829
GradientBoosting,GroupKFold_Source,4,787,Tran et al. (2022),0.7030975114131134,0.7303129687943829
GradientBoosting,GroupKFold_Source,4,788,Tran et al. (2022),0.6418538861723947,0.7303129687943829
GradientBoosting,GroupKFold_Source,4,789,Tran et al. (2022),0.5538851132264376,0.7169288692700118
GradientBoosting,GroupKFold_Source,4,790,Tran et al. (2022),0.5247285289349821,0.7169288692700118
GradientBoosting,GroupKFold_Source,4,791,Tran et al. (2022),0.25464221837358075,0.7136171210841844
GradientBoosting,GroupKFold_Source,4,792,Tran et al. (2022),0.4824261492442928,0.7136171210841844
GradientBoosting,GroupKFold_Source,4,793,Tran et al. (2022),0.44468582126144574,0.28962534170332804
GradientBoosting,GroupKFold_Source,4,794,Tran et al. (2022),0.23901690047049992,0.5747518225217318
GradientBoosting,GroupKFold_Source,5,413,Dang and François (2013),3.9793077522337423,3.969716563500226
GradientBoosting,GroupKFold_Source,5,414,Dang and François (2013),3.629660094453965,3.6287000552691615
GradientBoosting,GroupKFold_Source,5,468,Zhu et al. (2013),3.472587377748828,3.5878025558339326
GradientBoosting,GroupKFold_Source,5,469,Zhu et al. (2013),3.471345141564237,3.5878025558339326
GradientBoosting,GroupKFold_Source,5,470,Zhu et al. (2013),3.2669037938787824,3.3450821066986522
GradientBoosting,GroupKFold_Source,5,471,Zhu et al. (2013),2.9496883350525844,3.3450821066986522
GradientBoosting,GroupKFold_Source,5,532,Li et al. (2018),2.642622395779755,3.0360758941215473
GradientBoosting,GroupKFold_Source,5,533,Li et al. (2018),2.612273245708441,3.031717304065738
GradientBoosting,GroupKFold_Source,5,534,Li et al. (2018),2.559550192783766,3.0105252085548977
GradientBoosting,GroupKFold_Source,5,535,Li et al. (2018),2.468099531471619,3.0105252085548977
GradientBoosting,GroupKFold_Source,5,536,Li et al. (2018),2.498151876538021,3.014389947731991
GradientBoosting,GroupKFold_Source,5,537,Li et al. (2018),2.4344901638739844,3.0105252085548977
GradientBoosting,GroupKFold_Source,5,538,Li et al. (2018),2.3841650799864684,3.0064724183546367
GradientBoosting,GroupKFold_Source,5,539,Li et al. (2018),2.4672517145492794,3.014389947731991
GradientBoosting,GroupKFold_Source,5,540,Li et al. (2018),2.3896797998449792,3.0105252085548977
GradientBoosting,GroupKFold_Source,5,541,Li et al. (2018),2.244955980157409,2.983050271760258
GradientBoosting,GroupKFold_Source,5,542,Li et al. (2018),2.435366204227864,3.014389947731991
GradientBoosting,GroupKFold_Source,5,543,Li et al. (2018),2.2617630984737906,3.0105252085548977
GradientBoosting,GroupKFold_Source,5,544,Li et al. (2018),1.308332819650179,2.983050271760258
GradientBoosting,GroupKFold_Source,5,708,Hansapinyo et al. (2021),1.1019400787607843,1.5773602656066925
GradientBoosting,GroupKFold_Source,5,709,Hansapinyo et al. (2021),-0.4155154439616658,0.36774536090702814
GradientBoosting,GroupKFold_Source,5,710,Hansapinyo et al. (2021),-0.7765287894989963,0.36774536090702814
GradientBoosting,GroupKFold_Source,5,711,Hansapinyo et al. (2021),0.9669838461896731,0.5907237601693707
GradientBoosting,GroupKFold_Source,5,712,Hansapinyo et al. (2021),-1.5606477482646683,0.36774536090702814
GradientBoosting,GroupKFold_Source,5,713,Hansapinyo et al. (2021),-0.12783337150988489,0.5182650041326133
GradientBoosting,GroupKFold_Source,5,714,Hansapinyo et al. (2021),1.0715836162801904,1.3897845065498804
GradientBoosting,GroupKFold_Source,5,715,Hansapinyo et al. (2021),1.1019400787607843,1.3897845065498804
GradientBoosting,GroupKFold_Source,5,716,Hansapinyo et al. (2021),-0.08338160893905101,0.6510660249041688
GradientBoosting,GroupKFold_Source,5,717,Hansapinyo et al. (2021),0.47000362924573563,0.5182650041326133
GradientBoosting,GroupKFold_Source,5,718,Hansapinyo et al. (2021),0.5766133643039938,0.6510660249041688
GradientBoosting,GroupKFold_Source,5,719,Hansapinyo et al. (2021),0.959350221334602,0.9488532420347784
GradientBoosting,GroupKFold_Source,5,720,Hansapinyo et al. (2021),1.091923300517313,0.9986563061461788
GradientBoosting,GroupKFold_Source,5,721,Hansapinyo et al. (2021),1.0224509277025455,0.9973041656397756
GradientBoosting,GroupKFold_Source,5,722,Hansapinyo et al. (2021),0.9001613499442714,0.6880063091727248
GradientBoosting,GroupKFold_Source,5,723,Hansapinyo et al. (2021),1.0296194171811581,0.9986563061461788
GradientBoosting,GroupKFold_Source,5,724,Hansapinyo et al. (2021),1.0224509277025455,0.9986563061461788
GradientBoosting,GroupKFold_Source,5,725,Hansapinyo et al. (2021),1.1184149159642893,1.194763623213125
GradientBoosting,GroupKFold_Source,5,726,Hansapinyo et al. (2021),1.2267122912954254,1.5885540637744722
GradientBoosting,GroupKFold_Source,5,727,Hansapinyo et al. (2021),1.1817271953786161,1.2855164452579246
GradientBoosting,GroupKFold_Source,5,728,Hansapinyo et al. (2021),1.199964782928397,1.558661206273593
GradientBoosting,GroupKFold_Source,5,729,Hansapinyo et al. (2021),1.1052568313867783,1.2059574213809046
GradientBoosting,GroupKFold_Source,5,730,Hansapinyo et al. (2021),1.1631508098056809,1.40097830471766
GradientBoosting,GroupKFold_Source,5,731,Hansapinyo et al. (2021),1.1378330018213911,1.40097830471766
GradientBoosting,GroupKFold_Source,5,732,Hansapinyo et al. (2021),1.0188473201992472,0.9885730540645807
GradientBoosting,GroupKFold_Source,5,733,Hansapinyo et al. (2021),1.0885619528146082,1.0098501043139585
GradientBoosting,GroupKFold_Source,5,734,Hansapinyo et al. (2021),1.0715836162801904,1.2059574213809046
GradientBoosting,GroupKFold_Source,5,735,Hansapinyo et al. (2021),1.0784095813505903,1.0084979638075553
GradientBoosting,GroupKFold_Source,5,736,Hansapinyo et al. (2021),1.0784095813505903,1.0084979638075553
GradientBoosting,GroupKFold_Source,5,737,Hansapinyo et al. (2021),0.9242589015233319,1.0255238102640098
GradientBoosting,GroupKFold_Source,5,738,Hansapinyo et al. (2021),1.1085626195212777,1.5885540637744722
GradientBoosting,GroupKFold_Source,5,739,Hansapinyo et al. (2021),1.085189268335969,1.5885540637744722
GradientBoosting,GroupKFold_Source,5,740,Hansapinyo et al. (2021),1.0473189942805592,1.0098501043139585
GradientBoosting,GroupKFold_Source,5,741,Hansapinyo et al. (2021),1.0612565021243408,1.0098501043139585
GradientBoosting,GroupKFold_Source,5,742,Hansapinyo et al. (2021),1.1184149159642893,1.0098501043139585
GradientBoosting,GroupKFold_Source,5,743,Hansapinyo et al. (2021),1.085189268335969,1.2855164452579246
GradientBoosting,GroupKFold_Source,5,744,Hansapinyo et al. (2021),1.000631880307906,1.0098501043139585
GradientBoosting,GroupKFold_Source,5,745,Hansapinyo et al. (2021),1.0116009116784799,1.0098501043139585
GradientBoosting,GroupKFold_Source,5,746,Hansapinyo et al. (2021),0.9631743177730056,0.9795708514073587
GradientBoosting,GroupKFold_Source,5,747,Hansapinyo et al. (2021),0.9122827104766164,1.0084979638075553
GradientBoosting,GroupKFold_Source,5,748,Hansapinyo et al. (2021),0.883767540168595,1.0084979638075553
GradientBoosting,GroupKFold_Source,5,749,Hansapinyo et al. (2021),0.8241754429663494,1.0255238102640098
GradientBoosting,GroupKFold_Source,5,750,Hansapinyo et al. (2021),1.0438040521731147,0.9795708514073587
GradientBoosting,GroupKFold_Source,5,751,Hansapinyo et al. (2021),0.9242589015233319,1.0084979638075553
GradientBoosting,GroupKFold_Source,5,769,Huang et al. (2022),4.852108385868018,4.128422106893795
GradientBoosting,GroupKFold_Source,5,770,Huang et al. (2022),4.782730425680335,4.128422106893795
GradientBoosting,GroupKFold_Source,5,771,Huang et al. (2022),4.850153503906757,4.128422106893795
GradientBoosting,GroupKFold_Source,5,772,Huang et al. (2022),4.852108385868018,4.088675805448129
GradientBoosting,GroupKFold_Source,5,773,Huang et al. (2022),4.850153503906757,4.128422106893795
GradientBoosting,GroupKFold_Source,5,774,Huang et al. (2022),4.852108385868018,4.128422106893795
GradientBoosting,GroupKFold_Source,5,795,Van Nguyen et al. (2022),3.0081547935525483,3.098063871201336
GradientBoosting,GroupKFold_Source,5,796,Van Nguyen et al. (2022),2.876948737564024,3.0378302373870927
GradientBoosting,GroupKFold_Source,5,797,Van Nguyen et al. (2022),2.810606789427302,3.0101637424467835
GradientBoosting,GroupKFold_Source,5,798,Van Nguyen et al. (2022),2.750470916986162,2.999279466340797
GradientBoosting,GroupKFold_Source,5,799,Van Nguyen et al. (2022),2.691243082785829,3.03411522294007
GradientBoosting,GroupKFold_Source,5,800,Van Nguyen et al. (2022),2.5680215564985067,3.03411522294007
GradientBoosting,GroupKFold_Source,5,801,Van Nguyen et al. (2022),2.6304489550786583,2.999279466340797
GradientBoosting,GroupKFold_Source,5,802,Van Nguyen et al. (2022),2.784393767689544,3.0380544756919177
GradientBoosting,GroupKFold_Source,5,803,Van Nguyen et al. (2022),2.756205242989257,3.03411522294007
GradientBoosting,GroupKFold_Source,6,352,Gu et al. (2010),2.93651291389402,2.781704014370375
GradientBoosting,GroupKFold_Source,6,353,Gu et al. (2010),2.954910279033736,2.724665550157068
GradientBoosting,GroupKFold_Source,6,354,Gu et al. (2010),2.9258461460898246,2.6869756227377932
GradientBoosting,GroupKFold_Source,6,355,Gu et al. (2010),2.72785282839839,2.4280275406563776
GradientBoosting,GroupKFold_Source,6,356,Gu et al. (2010),3.5787855313168624,3.472395779531093
GradientBoosting,GroupKFold_Source,6,357,Gu et al. (2010),3.349904087274605,3.3702231362164046
GradientBoosting,GroupKFold_Source,6,358,Gu et al. (2010),3.3690184832979204,3.3702231362164046
GradientBoosting,GroupKFold_Source,6,359,Gu et al. (2010),3.214867803470662,3.2172048943209424
GradientBoosting,GroupKFold_Source,6,360,Gu et al. (2010),3.5681232529781366,2.8314876336540387
GradientBoosting,GroupKFold_Source,6,361,Gu et al. (2010),3.475067230228611,2.7788986745892794
GradientBoosting,GroupKFold_Source,6,362,Gu et al. (2010),2.307572634505085,2.7161576640195375
GradientBoosting,GroupKFold_Source,6,363,Gu et al. (2010),3.139832617527748,2.5330304823280168
GradientBoosting,GroupKFold_Source,6,364,Gu et al. (2010),3.065724645374026,2.4531114794543347
GradientBoosting,GroupKFold_Source,6,365,Gu et al. (2010),3.0469005601283903,2.624587515464671
GradientBoosting,GroupKFold_Source,6,366,Gu et al. (2010),3.1245651453969594,2.647402403379734
GradientBoosting,GroupKFold_Source,6,367,Dong et al. (2011),3.5380565643793527,3.356764864614356
GradientBoosting,GroupKFold_Source,6,368,Dong et al. (2011),2.8118094353930627,2.767717591795594
GradientBoosting,GroupKFold_Source,6,369,Dong et al. (2011),3.4995332823830174,3.4227352618774334
GradientBoosting,GroupKFold_Source,6,370,Dong et al. (2011),3.328985047548231,3.42540942102752
GradientBoosting,GroupKFold_Source,6,371,Dong et al. (2011),3.0440461338325417,3.1809725367719275
GradientBoosting,GroupKFold_Source,6,372,Dong et al. (2011),3.022860940942244,3.142391139117364
GradientBoosting,GroupKFold_Source,6,373,Dong et al. (2011),3.339321977944068,3.274188767513861
GradientBoosting,GroupKFold_Source,6,374,Dong et al. (2011),3.5049566159530077,3.474809906333114
GradientBoosting,GroupKFold_Source,6,375,Dong et al. (2011),3.3120018028576843,3.255011109244301
GradientBoosting,GroupKFold_Source,6,376,Dong et al. (2011),3.5004392163118045,3.356764864614356
GradientBoosting,GroupKFold_Source,6,377,Dong et al. (2011),3.2136622578153133,2.9685355617572404
GradientBoosting,GroupKFold_Source,6,521,Dasar et al. (2017),3.66612246699132,4.039246830710007
GradientBoosting,GroupKFold_Source,6,522,Dasar et al. (2017),3.529297384289471,3.4735809868449383
GradientBoosting,GroupKFold_Source,6,523,Dasar et al. (2017),3.0726933146901194,2.958727042407543
GradientBoosting,GroupKFold_Source,6,636,O'Flaherty and Browne (2019),1.9726911717329554,1.8435247436536546
GradientBoosting,GroupKFold_Source,6,637,O'Flaherty and Browne (2019),1.922787731634459,1.8456885352834507
GradientBoosting,GroupKFold_Source,6,638,O'Flaherty and Browne (2019),1.7029282555214393,1.8456885352834507
GradientBoosting,GroupKFold_Source,6,639,O'Flaherty and Browne (2019),1.6486586255873816,1.6524653260946054
GradientBoosting,GroupKFold_Source,6,640,O'Flaherty and Browne (2019),1.4883995840570443,1.473907226274716
GradientBoosting,GroupKFold_Source,6,641,O'Flaherty and Browne (2019),0.8878912573524571,1.1822540482665782
GradientBoosting,GroupKFold_Source,6,642,O'Flaherty and Browne (2019),0.9555114450274363,1.0953978425322413
GradientBoosting,GroupKFold_Source,6,643,O'Flaherty and Browne (2019),1.937301774518713,1.8435247436536546
GradientBoosting,GroupKFold_Source,6,644,O'Flaherty and Browne (2019),1.965712776351493,1.8456885352834507
GradientBoosting,GroupKFold_Source,6,645,O'Flaherty and Browne (2019),1.8764069432883397,1.8456885352834507
GradientBoosting,GroupKFold_Source,6,646,O'Flaherty and Browne (2019),1.7316555451583497,1.8456885352834507
GradientBoosting,GroupKFold_Source,6,647,O'Flaherty and Browne (2019),1.7209792871670078,1.751165484402645
GradientBoosting,GroupKFold_Source,6,648,O'Flaherty and Browne (2019),1.4770487243883548,1.6524653260946054
GradientBoosting,GroupKFold_Source,6,649,O'Flaherty and Browne (2019),1.4586150226995167,1.5062151890288553
GradientBoosting,GroupKFold_Source,6,650,O'Flaherty and Browne (2019),1.1184149159642893,1.3655858841343802
GradientBoosting,GroupKFold_Source,6,651,O'Flaherty and Browne (2019),0.959350221334602,1.0953978425322413
GradientBoosting,GroupKFold_Source,6,652,O'Flaherty and Browne (2019),1.6448050562713916,1.8435247436536546
GradientBoosting,GroupKFold_Source,6,653,O'Flaherty and Browne (2019),1.4445632692438664,1.6701820199137887
GradientBoosting,GroupKFold_Source,6,654,O'Flaherty and Browne (2019),1.423108334242607,1.725820425365165
GradientBoosting,GroupKFold_Source,6,655,O'Flaherty and Browne (2019),1.6789639750827108,1.8338682873142513
GradientBoosting,GroupKFold_Source,6,656,O'Flaherty and Browne (2019),1.589235205116581,1.8076944999705118
GradientBoosting,GroupKFold_Source,6,657,O'Flaherty and Browne (2019),1.4655675420143985,1.698530859948587
GradientBoosting,GroupKFold_Source,6,658,O'Flaherty and Browne (2019),0.7561219797213337,1.3378651122459853
GradientBoosting,GroupKFold_Source,6,659,O'Flaherty and Browne (2019),1.1878434223960523,1.6297904655623094
GradientBoosting,GroupKFold_Source,6,660,O'Flaherty and Browne (2019),0.22314355131420976,1.133680588883627
GradientBoosting,GroupKFold_Source,6,661,O'Flaherty and Browne (2019),2.3850863145057892,2.2340920718847253
GradientBoosting,GroupKFold_Source,6,662,O'Flaherty and Browne (2019),2.3832429960115,2.1223147838120817
GradientBoosting,GroupKFold_Source,6,663,O'Flaherty and Browne (2019),2.330200260027019,2.109539292973035
GradientBoosting,GroupKFold_Source,6,664,O'Flaherty and Browne (2019),2.145931282948669,2.1922420958846414
GradientBoosting,GroupKFold_Source,6,665,O'Flaherty and Browne (2019),2.0955609235597192,2.1402798709339477
GradientBoosting,GroupKFold_Source,6,666,O'Flaherty and Browne (2019),2.0781907597781832,2.056904668518977
GradientBoosting,GroupKFold_Source,6,667,O'Flaherty and Browne (2019),2.057962510002712,1.9973967709729268
GradientBoosting,GroupKFold_Source,6,668,O'Flaherty and Browne (2019),2.2502386126218363,2.256070341608581
GradientBoosting,GroupKFold_Source,6,669,O'Flaherty and Browne (2019),2.162172939277301,2.2230731114992626
GradientBoosting,GroupKFold_Source,6,670,O'Flaherty and Browne (2019),2.1815467646169897,2.1932655956651477
GradientBoosting,GroupKFold_Source,6,671,O'Flaherty and Browne (2019),1.9754689512968577,2.0841019556432223
GradientBoosting,GroupKFold_Source,6,672,O'Flaherty and Browne (2019),1.9300710850255671,2.0245940580971715
GradientBoosting,GroupKFold_Source,6,673,O'Flaherty and Browne (2019),1.9139771019523042,1.9804677630541794
GradientBoosting,GroupKFold_Source,6,674,O'Flaherty and Browne (2019),2.175887439948088,2.251524900149328
GradientBoosting,GroupKFold_Source,6,775,Nasser et al. (2022),3.490428515390098,3.0686522136454393
GradientBoosting,GroupKFold_Source,6,776,Nasser et al. (2022),3.5004392163118045,3.0686522136454393
GradientBoosting,GroupKFold_Source,6,777,Nasser et al. (2022),3.414442608412176,3.006430517978593
GradientBoosting,GroupKFold_Source,6,778,Nasser et al. (2022),3.4187098067467865,3.006430517978593
GradientBoosting,GroupKFold_Source,6,779,Nasser et al. (2022),3.4339872044851463,2.9141447854277374
GradientBoosting,GroupKFold_Source,6,780,Nasser et al. (2022),3.395514598526657,2.7481167831846776
GradientBoosting,GroupKFold_Source,6,781,Nasser et al. (2022),3.3648791189880436,2.7433288741928235
GradientBoosting,GroupKFold_Source,6,782,Nasser et al. (2022),3.1135153092103742,2.5151096451899093
GradientBoosting,GroupKFold_Source,7,172,O'Flaherty et al. (2004),1.6448050562713916,1.9303145550035221
GradientBoosting,GroupKFold_Source,7,173,O'Flaherty et al. (2004),1.6448050562713916,1.9303145550035221
GradientBoosting,GroupKFold_Source,7,174,O'Flaherty et al. (2004),1.6789639750827108,1.896884389370033
GradientBoosting,GroupKFold_Source,7,175,O'Flaherty et al. (2004),1.589235205116581,1.8941309985291654
GradientBoosting,GroupKFold_Source,7,176,O'Flaherty et al. (2004),1.425515074273172,1.8293841926942225
GradientBoosting,GroupKFold_Source,7,177,O'Flaherty et al. (2004),1.4655675420143985,1.7683618202035212
GradientBoosting,GroupKFold_Source,7,178,O'Flaherty et al. (2004),1.4327007339340465,1.6707503928290353
GradientBoosting,GroupKFold_Source,7,179,O'Flaherty et al. (2004),1.1908875647772805,1.6707503928290353
GradientBoosting,GroupKFold_Source,7,180,O'Flaherty et al. (2004),0.7608058290337602,1.300738799241796
GradientBoosting,GroupKFold_Source,7,181,O'Flaherty et al. (2004),0.23111172096338664,1.227460359143297
GradientBoosting,GroupKFold_Source,7,182,O'Flaherty et al. (2004),2.0541237336955462,2.308592434905211
GradientBoosting,GroupKFold_Source,7,183,O'Flaherty et al. (2004),2.0541237336955462,2.308592434905211
GradientBoosting,GroupKFold_Source,7,184,O'Flaherty et al. (2004),2.064327903869788,2.180209264301938
GradientBoosting,GroupKFold_Source,7,185,O'Flaherty et al. (2004),1.9286186519452522,2.180209264301938
GradientBoosting,GroupKFold_Source,7,186,O'Flaherty et al. (2004),1.7850704810772584,2.0215754644367503
GradientBoosting,GroupKFold_Source,7,187,O'Flaherty et al. (2004),1.8389610707123492,1.7954476403434412
GradientBoosting,GroupKFold_Source,7,188,O'Flaherty et al. (2004),1.6770965609079151,1.7088104043073344
GradientBoosting,GroupKFold_Source,7,189,O'Flaherty et al. (2004),1.6074359097634274,1.7036788804402752
GradientBoosting,GroupKFold_Source,7,190,O'Flaherty et al. (2004),2.2935443483418965,2.321515317176383
GradientBoosting,GroupKFold_Source,7,191,O'Flaherty et al. (2004),2.2935443483418965,2.321515317176383
GradientBoosting,GroupKFold_Source,7,192,O'Flaherty et al. (2004),2.222459048514761,2.2827986270336
GradientBoosting,GroupKFold_Source,7,193,O'Flaherty et al. (2004),2.180417459019838,2.2735978429002377
GradientBoosting,GroupKFold_Source,7,194,O'Flaherty et al. (2004),2.0731719286662407,2.246145034606265
GradientBoosting,GroupKFold_Source,7,195,O'Flaherty et al. (2004),1.9685099809725544,2.238528080489331
GradientBoosting,GroupKFold_Source,7,196,O'Flaherty et al. (2004),2.0425181875752383,2.2322723519818872
GradientBoosting,GroupKFold_Source,7,197,O'Flaherty et al. (2004),1.8468787684491346,2.17102788381352
GradientBoosting,GroupKFold_Source,7,263,Du et al. (2007),4.212127597878484,3.810742262008991
GradientBoosting,GroupKFold_Source,7,264,Du et al. (2007),4.0975062255596795,3.7981357554079027
GradientBoosting,GroupKFold_Source,7,265,Du et al. (2007),4.183423245305645,3.780324269061339
GradientBoosting,GroupKFold_Source,7,266,Du et al. (2007),3.85946575468947,3.673801211162675
GradientBoosting,GroupKFold_Source,7,267,Du et al. (2007),4.089834406744215,3.8191981668126016
GradientBoosting,GroupKFold_Source,7,268,Du et al. (2007),4.039360253889341,3.7365022165596047
GradientBoosting,GroupKFold_Source,7,269,Du et al. (2007),3.931041011263908,3.7055243410740686
GradientBoosting,GroupKFold_Source,7,270,Du et al. (2007),3.891412051524022,3.589283547517581
GradientBoosting,GroupKFold_Source,7,271,Du et al. (2007),3.4391352210025476,3.5560430230517124
GradientBoosting,GroupKFold_Source,7,272,Du et al. (2007),3.3683297780365384,3.351218964453617
GradientBoosting,GroupKFold_Source,7,273,Du et al. (2007),2.9801108926510342,2.979916041643858
GradientBoosting,GroupKFold_Source,7,274,Du et al. (2007),2.87976009730157,2.8945240073097773
GradientBoosting,GroupKFold_Source,7,275,Du et al. (2007),2.9801108926510342,3.0866917617538765
GradientBoosting,GroupKFold_Source,7,276,Du et al. (2007),2.9801108926510342,3.0740852551527884
GradientBoosting,GroupKFold_Source,7,277,Du et al. (2007),2.775708849576025,2.988693220818708
GradientBoosting,GroupKFold_Source,7,278,Du et al. (2007),2.643333886382519,3.0284710632677383
GradientBoosting,GroupKFold_Source,7,279,Du et al. (2007),2.567254391136754,2.944912401696795
GradientBoosting,GroupKFold_Source,7,291,Cairns et al. (2008),2.3589654264301534,2.715308168327818
GradientBoosting,GroupKFold_Source,7,292,Cairns et al. (2008),2.5610957881455465,2.639380799494043
GradientBoosting,GroupKFold_Source,7,293,Cairns et al. (2008),2.5862591440482876,2.57780906828555
GradientBoosting,GroupKFold_Source,7,294,Cairns et al. (2008),3.2433732964685884,3.5485395879722854
GradientBoosting,GroupKFold_Source,7,295,Cairns et al. (2008),3.3013770463799443,3.4031405285999567
GradientBoosting,GroupKFold_Source,7,296,Cairns et al. (2008),3.3683297780365384,3.4690433223888353
GradientBoosting,GroupKFold_Source,7,297,Cairns et al. (2008),3.4732079176384274,3.3236442630165066
GradientBoosting,GroupKFold_Source,7,298,Cairns et al. (2008),3.4732079176384274,3.3236442630165066
GradientBoosting,GroupKFold_Source,7,299,Cairns et al. (2008),3.267284964075888,2.7542059224854145
GradientBoosting,GroupKFold_Source,7,300,Cairns et al. (2008),3.2969473602883563,2.6782785536516394
GradientBoosting,GroupKFold_Source,7,301,Cairns et al. (2008),3.3456846717318967,2.6782785536516394
GradientBoosting,GroupKFold_Source,7,302,Cairns et al. (2008),3.367640598133313,2.7542059224854145
GradientBoosting,GroupKFold_Source,7,303,Cairns et al. (2008),3.3565486299932736,2.6892656152026237
GradientBoosting,GroupKFold_Source,7,499,Zhu et al. (2015),3.708682081410116,3.434145107223094
GradientBoosting,GroupKFold_Source,7,500,Zhu et al. (2015),3.636269503841639,3.434145107223094
GradientBoosting,GroupKFold_Source,7,501,Zhu et al. (2015),3.5567756134805992,3.193593912393538
GradientBoosting,GroupKFold_Source,7,502,Zhu et al. (2015),3.418054498728578,3.193593912393538
GradientBoosting,GroupKFold_Source,7,600,Zhou et al. (2018),2.714694743820879,3.126340090388707
GradientBoosting,GroupKFold_Source,7,601,Zhou et al. (2018),2.580974118534234,3.086602878542891
GradientBoosting,GroupKFold_Source,7,602,Zhou et al. (2018),2.517696472610991,3.049319819201282
GradientBoosting,GroupKFold_Source,7,603,Zhou et al. (2018),2.502255288122613,2.999539836574605
GradientBoosting,GroupKFold_Source,7,604,Zhou et al. (2018),2.4765384001174837,2.996078600312328
GradientBoosting,GroupKFold_Source,7,605,Zhou et al. (2018),2.4069451083182885,2.952738907496143
GradientBoosting,GroupKFold_Source,7,606,Zhou et al. (2018),2.303584593327129,2.761908137102898
GradientBoosting,GroupKFold_Source,7,607,Zhou et al. (2018),2.150598735996164,2.718007978514125
GradientBoosting,GroupKFold_Source,7,608,Zhou et al. (2018),2.028148247292285,2.6797995037303504
GradientBoosting,GroupKFold_Source,7,609,Zhou et al. (2018),1.9726911717329554,2.5099902340603695
GradientBoosting,GroupKFold_Source,7,675,Tan et al. (2019),1.7083778602890038,2.0228795238463984
GradientBoosting,GroupKFold_Source,7,676,Tan et al. (2019),1.7749523509116738,1.7884143183817425
GradientBoosting,GroupKFold_Source,7,677,Tan et al. (2019),1.601405740736836,1.6250954629003127
GradientBoosting,GroupKFold_Source,7,678,Tan et al. (2019),1.9851308622085946,2.033404137243314
GradientBoosting,GroupKFold_Source,7,679,Tan et al. (2019),1.9906103279732201,1.798938931778658
GradientBoosting,GroupKFold_Source,7,680,Tan et al. (2019),1.7647307968401356,1.6860233441567718
GradientBoosting,GroupKFold_Source,8,0,Al-Sulaimani et al. (1990),1.9530276168241774,2.0550349242631962
GradientBoosting,GroupKFold_Source,8,1,Al-Sulaimani et al. (1990),1.9572739077056285,2.0550349242631962
GradientBoosting,GroupKFold_Source,8,2,Al-Sulaimani et al. (1990),1.9530276168241774,2.0550349242631962
GradientBoosting,GroupKFold_Source,8,3,Al-Sulaimani et al. (1990),1.9600947840472698,2.0502521326044474
GradientBoosting,GroupKFold_Source,8,4,Al-Sulaimani et al. (1990),1.9487632180377197,2.05250907943759
GradientBoosting,GroupKFold_Source,8,5,Al-Sulaimani et al. (1990),1.9344157696295783,2.05250907943759
GradientBoosting,GroupKFold_Source,8,6,Al-Sulaimani et al. (1990),1.9387416595767009,2.050099329316269
GradientBoosting,GroupKFold_Source,8,7,Al-Sulaimani et al. (1990),1.922787731634459,2.050099329316269
GradientBoosting,GroupKFold_Source,8,8,Al-Sulaimani et al. (1990),1.8870696490323797,2.0262466407203283
GradientBoosting,GroupKFold_Source,8,9,Al-Sulaimani et al. (1990),1.843719208158766,2.0391527382010652
GradientBoosting,GroupKFold_Source,8,10,Al-Sulaimani et al. (1990),1.8531680973566984,2.0391527382010652
GradientBoosting,GroupKFold_Source,8,11,Al-Sulaimani et al. (1990),1.8453002361560848,2.0391527382010652
GradientBoosting,GroupKFold_Source,8,12,Rodriguez et al. (1997),2.714694743820879,2.955479604854414
GradientBoosting,GroupKFold_Source,8,13,Rodriguez et al. (1997),2.7536607123542622,2.955479604854414
GradientBoosting,GroupKFold_Source,8,14,Rodriguez et al. (1997),2.312535423847214,2.841510591823499
GradientBoosting,GroupKFold_Source,8,15,Rodriguez et al. (1997),2.3513752571634776,2.8768526658526947
GradientBoosting,GroupKFold_Source,8,16,Rodriguez et al. (1997),2.451005098112319,2.911762458829873
GradientBoosting,GroupKFold_Source,8,17,Rodriguez et al. (1997),2.151762203259462,2.7299622049010264
GradientBoosting,GroupKFold_Source,8,18,Rodriguez et al. (1997),3.586292865338835,3.1168591638053287
GradientBoosting,GroupKFold_Source,8,19,Rodriguez et al. (1997),3.6454498961866,3.1168591638053287
GradientBoosting,GroupKFold_Source,8,20,Rodriguez et al. (1997),3.367295829986474,3.0750711246328932
GradientBoosting,GroupKFold_Source,8,21,Rodriguez et al. (1997),3.6402142821326553,3.1199876771653
GradientBoosting,GroupKFold_Source,8,22,Rodriguez et al. (1997),3.6584202466292277,3.1199876771653
GradientBoosting,GroupKFold_Source,8,23,Rodriguez et al. (1997),3.339321977944068,3.04741080228287
GradientBoosting,GroupKFold_Source,8,24,Rodriguez et al. (1997),3.349904087274605,2.9488609843770845
GradientBoosting,GroupKFold_Source,8,25,Rodriguez et al. (1997),3.3141860046725258,3.042015903938945
GradientBoosting,GroupKFold_Source,8,143,Jin and Zhao (2001),2.322387720290225,2.5319061342366393
GradientBoosting,GroupKFold_Source,8,144,Jin and Zhao (2001),2.254444717666111,2.5360283537875397
GradientBoosting,GroupKFold_Source,8,145,Jin and Zhao (2001),2.286455711064162,2.5357517919126593
GradientBoosting,GroupKFold_Source,8,146,Jin and Zhao (2001),2.2321626286975,2.5684309301330672
GradientBoosting,GroupKFold_Source,8,147,Jin and Zhao (2001),2.329227023940467,2.5684309301330672
GradientBoosting,GroupKFold_Source,8,148,Jin and Zhao (2001),2.254444717666111,2.5684309301330672
GradientBoosting,GroupKFold_Source,8,149,Jin and Zhao (2001),2.187174241482718,2.5357517919126593
GradientBoosting,GroupKFold_Source,8,150,Jin and Zhao (2001),2.2049722641270453,2.5209502943706994
GradientBoosting,GroupKFold_Source,8,151,Jin and Zhao (2001),2.254444717666111,2.5209502943706994
GradientBoosting,GroupKFold_Source,8,152,Jin and Zhao (2001),2.162172939277301,2.5209502943706994
GradientBoosting,GroupKFold_Source,8,153,Jin and Zhao (2001),2.162172939277301,2.5209502943706994
GradientBoosting,GroupKFold_Source,8,154,Jin and Zhao (2001),2.1041341542702074,2.5164044270539927
GradientBoosting,GroupKFold_Source,8,155,Jin and Zhao (2001),2.162172939277301,2.460042460783244
GradientBoosting,GroupKFold_Source,8,156,Jin and Zhao (2001),2.048982334195127,2.460042460783244
GradientBoosting,GroupKFold_Source,8,157,Jin and Zhao (2001),2.2935443483418965,2.3181044955422903
GradientBoosting,GroupKFold_Source,8,158,Jin and Zhao (2001),2.1471001901536506,2.246240822088895
GradientBoosting,GroupKFold_Source,8,159,Jin and Zhao (2001),2.1186622548331173,2.246240822088895
GradientBoosting,GroupKFold_Source,8,472,Wang et al. (2014),4.405010471064257,4.380478446817191
GradientBoosting,GroupKFold_Source,8,473,Wang et al. (2014),4.370712874773608,4.286925666690648
GradientBoosting,GroupKFold_Source,8,474,Wang et al. (2014),4.2903224454635405,4.286925666690648
GradientBoosting,GroupKFold_Source,8,475,Wang et al. (2014),4.207226719278773,4.140808266500189
GradientBoosting,GroupKFold_Source,8,476,Wang et al. (2014),4.094011173320863,4.065692716850746
GradientBoosting,GroupKFold_Source,8,477,Wang et al. (2014),4.418479096676194,4.404976826457762
GradientBoosting,GroupKFold_Source,8,478,Wang et al. (2014),4.145987795373939,4.1520402763446
GradientBoosting,GroupKFold_Source,8,479,Wang et al. (2014),4.312408567793012,4.380478446817191
GradientBoosting,GroupKFold_Source,8,480,Wang et al. (2014),4.020159664032724,4.140808266500189
GradientBoosting,GroupKFold_Source,8,481,Wang et al. (2014),4.453300236649965,4.404976826457762
GradientBoosting,GroupKFold_Source,8,482,Wang et al. (2014),4.27332721775054,4.1520402763446
GradientBoosting,GroupKFold_Source,8,483,Wang et al. (2014),4.100492292808335,4.133543626161243
GradientBoosting,GroupKFold_Source,8,484,Wang et al. (2014),3.9900945408483017,4.024159679426228
GradientBoosting,GroupKFold_Source,8,485,Wang et al. (2014),3.902578546600146,3.980432646660249
GradientBoosting,GroupKFold_Source,8,486,Wang et al. (2014),3.766071949943842,3.8091315158086734
GradientBoosting,GroupKFold_Source,8,487,Wang et al. (2014),3.634159241913703,3.732812395324264
GradientBoosting,GroupKFold_Source,8,488,Wang et al. (2014),4.233961566558017,4.12580499115713
GradientBoosting,GroupKFold_Source,8,489,Wang et al. (2014),3.9527809979003137,3.788126511008402
GradientBoosting,GroupKFold_Source,8,490,Wang et al. (2014),3.998017198595007,4.133543626161243
GradientBoosting,GroupKFold_Source,8,491,Wang et al. (2014),3.6823582371236707,3.8091315158086734
GradientBoosting,GroupKFold_Source,8,492,Wang et al. (2014),4.360292142527875,4.12580499115713
GradientBoosting,GroupKFold_Source,8,493,Wang et al. (2014),4.124388683570477,3.7423153725220355
GradientBoosting,GroupKFold_Source,8,494,Zhu and François (2014),3.560477739309412,3.637557870388559
GradientBoosting,GroupKFold_Source,8,495,Zhu and François (2014),3.2913825156549485,3.212384336322713
GradientBoosting,GroupKFold_Source,8,519,Zhu and François (2016),3.590715205326705,3.637557870388559
GradientBoosting,GroupKFold_Source,8,520,Zhu and François (2016),3.093312601892855,3.447081389782749
GradientBoosting,GroupKFold_Source,8,626,Jung et al. (2019),3.1978564576441255,3.645000220662779
GradientBoosting,GroupKFold_Source,8,627,Jung et al. (2019),3.1642084235258925,3.6586066505231236
GradientBoosting,GroupKFold_Source,8,628,Jung et al. (2019),3.1450139762697455,3.6586066505231236
GradientBoosting,GroupKFold_Source,8,629,Jung et al. (2019),3.1867657709499673,3.6586066505231236
GradientBoosting,GroupKFold_Source,8,630,Jung et al. (2019),3.1578511230304263,3.6586066505231236
GradientBoosting,GroupKFold_Source,8,631,Jung et al. (2019),3.0726933146901194,3.6586066505231236
GradientBoosting,GroupKFold_Source,8,632,Jung et al. (2019),3.1041381473977774,3.6586066505231236
GradientBoosting,GroupKFold_Source,8,633,Jung et al. (2019),3.1424266527047946,3.6586066505231236
GradientBoosting,GroupKFold_Source,9,380,Oyado et al. (2011),2.911263116927541,2.699554164097803
GradientBoosting,GroupKFold_Source,9,381,Oyado et al. (2011),2.8027541365715076,2.6445206092081897
GradientBoosting,GroupKFold_Source,9,382,Oyado et al. (2011),2.7700855920216627,2.638158035822207
GradientBoosting,GroupKFold_Source,9,383,Oyado et al. (2011),2.8237570088141806,2.6445206092081897
GradientBoosting,GroupKFold_Source,9,384,Oyado et al. (2011),2.8524391037275145,2.6975516585404806
GradientBoosting,GroupKFold_Source,9,385,Oyado et al. (2011),2.548663615590751,2.277220103168385
GradientBoosting,GroupKFold_Source,9,386,Oyado et al. (2011),2.65745841498615,2.3099584483943305
GradientBoosting,GroupKFold_Source,9,387,Oyado et al. (2011),2.6837575085331657,2.3064112475801113
GradientBoosting,GroupKFold_Source,9,388,Oyado et al. (2011),2.8741294517947424,2.7150732393053283
GradientBoosting,GroupKFold_Source,9,389,Oyado et al. (2011),2.714694743820879,2.2395540529595133
GradientBoosting,GroupKFold_Source,9,390,Oyado et al. (2011),2.7093826463359885,2.3473018984793446
GradientBoosting,GroupKFold_Source,9,391,Oyado et al. (2011),2.5289235352047745,2.235606455416269
GradientBoosting,GroupKFold_Source,9,392,Oyado et al. (2011),1.144222799920162,1.7559726291300133
GradientBoosting,GroupKFold_Source,9,393,Xia et al. (2012),3.121483478859551,3.6669721834236744
GradientBoosting,GroupKFold_Source,9,394,Xia et al. (2012),3.1018924693823817,3.5332211343609004
GradientBoosting,GroupKFold_Source,9,395,Xia et al. (2012),3.0740812399649675,3.4766593991940944
GradientBoosting,GroupKFold_Source,9,396,Xia et al. (2012),3.027715319407042,3.4766593991940944
GradientBoosting,GroupKFold_Source,9,397,Xia et al. (2012),3.0368742168851663,3.439105761362045
GradientBoosting,GroupKFold_Source,9,398,Xia et al. (2012),3.0619880693310564,3.2794837228209817
GradientBoosting,GroupKFold_Source,9,399,Xia et al. (2012),2.995732273553991,3.334477293024945
GradientBoosting,GroupKFold_Source,9,400,Xia et al. (2012),3.0368742168851663,3.303320746276514
GradientBoosting,GroupKFold_Source,9,401,Xia et al. (2012),2.9559514035421466,3.2658087721517486
GradientBoosting,GroupKFold_Source,9,402,Xia et al. (2012),2.9090844668283187,3.2744683031859356
GradientBoosting,GroupKFold_Source,9,403,Xia et al. (2012),3.6506582412937387,3.756421488121284
GradientBoosting,GroupKFold_Source,9,404,Xia et al. (2012),3.6041382256588457,3.594863033789249
GradientBoosting,GroupKFold_Source,9,405,Xia et al. (2012),3.5553480614894135,3.594863033789249
GradientBoosting,GroupKFold_Source,9,406,Xia et al. (2012),3.5403794457954922,3.5834534614378044
GradientBoosting,GroupKFold_Source,9,407,Xia et al. (2012),3.5564902660681907,3.504932921062283
GradientBoosting,GroupKFold_Source,9,408,Xia et al. (2012),3.5801800371905954,3.463349247678061
GradientBoosting,GroupKFold_Source,9,409,Xia et al. (2012),3.4989288701554906,3.421884020181578
GradientBoosting,GroupKFold_Source,9,410,Xia et al. (2012),3.537765824444175,3.3683978494260045
GradientBoosting,GroupKFold_Source,9,411,Xia et al. (2012),3.5403794457954922,3.3683978494260045
GradientBoosting,GroupKFold_Source,9,412,Xia et al. (2012),3.4697901731277674,3.3683978494260045
GradientBoosting,GroupKFold_Source,9,515,Zhang et al. (2016),4.0943445622221,4.335815914962626
GradientBoosting,GroupKFold_Source,9,516,Zhang et al. (2016),4.053522567701846,4.269879400601545
GradientBoosting,GroupKFold_Source,9,517,Zhang et al. (2016),4.00369019395397,4.100659996709089
GradientBoosting,GroupKFold_Source,9,518,Zhang et al. (2016),3.8199077165203406,3.9360088439963667
GradientBoosting,GroupKFold_Source,9,581,Ye et al. (2018),2.5079719227189963,2.536573568246378
GradientBoosting,GroupKFold_Source,9,582,Ye et al. (2018),2.488234439880675,2.469762423331174
GradientBoosting,GroupKFold_Source,9,583,Ye et al. (2018),2.4782176616372036,2.4633998499451915
GradientBoosting,GroupKFold_Source,9,584,Ye et al. (2018),2.4807312783775197,2.4301023606380356
GradientBoosting,GroupKFold_Source,9,585,Ye et al. (2018),2.4612967841488667,2.377237770778744
GradientBoosting,GroupKFold_Source,9,586,Ye et al. (2018),2.510411940196362,2.4633998499451915
GradientBoosting,GroupKFold_Source,9,587,Ye et al. (2018),2.4714836294558595,2.4633998499451915
GradientBoosting,GroupKFold_Source,9,588,Ye et al. (2018),2.424802725718295,2.4301023606380356
GradientBoosting,GroupKFold_Source,9,589,Ye et al. (2018),2.3933394562625097,2.364111622959875
GradientBoosting,GroupKFold_Source,9,590,Ye et al. (2018),2.4553061800117097,2.4561919529021536
GradientBoosting,GroupKFold_Source,9,591,Ye et al. (2018),2.412335956953165,2.4561919529021536
GradientBoosting,GroupKFold_Source,9,592,Ye et al. (2018),2.33214389523559,2.422894463594998
GradientBoosting,GroupKFold_Source,9,593,Ye et al. (2018),2.2512917986064953,2.3569037259168373
GradientBoosting,GroupKFold_Source,9,594,Ye et al. (2018),2.479894107964456,2.425726088158899
GradientBoosting,GroupKFold_Source,9,595,Ye et al. (2018),2.468099531471619,2.3945594638083927
GradientBoosting,GroupKFold_Source,9,596,Ye et al. (2018),2.4731713935695794,2.4633998499451915
GradientBoosting,GroupKFold_Source,9,597,Ye et al. (2018),2.4344901638739844,2.364111622959875
GradientBoosting,GroupKFold_Source,9,598,Ye et al. (2018),2.453587966530573,2.41721657922089
GradientBoosting,GroupKFold_Source,9,599,Ye et al. (2018),2.336986519711378,2.372923807051515
GradientBoosting,GroupKFold_Source,9,610,Hou et al. (2019),3.535145354171894,3.075828534168737
GradientBoosting,GroupKFold_Source,9,611,Hou et al. (2019),3.537765824444175,2.9710329536280424
GradientBoosting,GroupKFold_Source,9,612,Hou et al. (2019),3.3867603338643857,2.6761415468509044
GradientBoosting,GroupKFold_Source,9,613,Hou et al. (2019),3.1834558796369405,2.6761415468509044
GradientBoosting,GroupKFold_Source,9,614,Hou et al. (2019),3.597860055726768,3.075828534168737
GradientBoosting,GroupKFold_Source,9,615,Hou et al. (2019),3.3669509429335642,2.9710329536280424
GradientBoosting,GroupKFold_Source,9,616,Hou et al. (2019),3.494384096388273,2.9893421198451366
GradientBoosting,GroupKFold_Source,9,617,Hou et al. (2019),3.4461707473048864,2.6761415468509044
GradientBoosting,GroupKFold_Source,9,618,Hou et al. (2019),3.5251833614431467,2.7112555928313573
GradientBoosting,GroupKFold_Source,9,619,Hou et al. (2019),3.4490347110763153,2.6761415468509044
GradientBoosting,GroupKFold_Source,9,620,Hou et al. (2019),3.080532875246456,2.6321657120344253
GradientBoosting,GroupKFold_Source,9,621,Hou et al. (2019),3.1654750481410856,2.6689336498078666
GradientBoosting,GroupKFold_Source,9,685,Zhang et al. (2019),1.851599469584072,1.6187260559902181
GradientBoosting,GroupKFold_Source,9,686,Zhang et al. (2019),1.7715567619105355,1.6187260559902181
GradientBoosting,GroupKFold_Source,9,687,Zhang et al. (2019),1.7457155307266483,1.6187260559902181
GradientBoosting,GroupKFold_Source,9,688,Zhang et al. (2019),1.6845453849209058,1.5664788605329356
GradientBoosting,GroupKFold_Source,9,689,Zhang et al. (2019),1.7833912195575383,1.605594716166663
GradientBoosting,GroupKFold_Source,9,690,Zhang et al. (2019),2.532902848056256,1.6364950790775803
GradientBoosting,GroupKFold_Source,9,691,Zhang et al. (2019),2.413231613081109,1.6364950790775803
GradientBoosting,GroupKFold_Source,9,692,Zhang et al. (2019),1.7544036826842861,1.5527638118768365
GradientBoosting,GroupKFold_Source,10,503,Liu et al. (2016),4.174541104216377,3.7564831122209643
GradientBoosting,GroupKFold_Source,10,504,Liu et al. (2016),4.152613470346076,3.7564831122209643
GradientBoosting,GroupKFold_Source,10,505,Liu et al. (2016),4.152613470346076,3.656625510059146
GradientBoosting,GroupKFold_Source,10,506,Liu et al. (2016),4.179604406172924,3.656625510059146
GradientBoosting,GroupKFold_Source,10,507,Liu et al. (2016),4.090838422892813,3.597841806190899
GradientBoosting,GroupKFold_Source,10,508,Liu et al. (2016),4.080245637842599,3.597841806190899
GradientBoosting,GroupKFold_Source,10,509,Liu et al. (2016),4.015301354881648,3.5827523913593513
GradientBoosting,GroupKFold_Source,10,510,Liu et al. (2016),4.051958845725663,3.5827523913593513
GradientBoosting,GroupKFold_Source,10,511,Liu et al. (2016),3.985087576285151,3.4865769405426423
GradientBoosting,GroupKFold_Source,10,512,Liu et al. (2016),3.9682142850778885,3.4865769405426423
GradientBoosting,GroupKFold_Source,10,513,Liu et al. (2016),3.930648469551311,3.428340465736668
GradientBoosting,GroupKFold_Source,10,514,Liu et al. (2016),3.883623530906448,3.428340465736668
GradientBoosting,GroupKFold_Source,10,528,Lim et al. (2017),1.4327007339340465,1.9114526890063512
GradientBoosting,GroupKFold_Source,10,529,Lim et al. (2017),1.5390154481375546,1.920931787452909
GradientBoosting,GroupKFold_Source,10,530,Lim et al. (2017),1.4036429994545037,1.8771721611997558
GradientBoosting,GroupKFold_Source,10,531,Lim et al. (2017),1.2029723039923526,1.4343778739734572
GradientBoosting,GroupKFold_Source,10,545,Nguyen and Lambert (2018),2.2915241456346207,1.6036426724234034
GradientBoosting,GroupKFold_Source,10,546,Nguyen and Lambert (2018),2.262804222982201,1.6023240987535292
GradientBoosting,GroupKFold_Source,10,547,Nguyen and Lambert (2018),2.2512917986064953,1.6023240987535292
GradientBoosting,GroupKFold_Source,10,548,Nguyen and Lambert (2018),2.2235418856535927,1.5982402355762593
GradientBoosting,GroupKFold_Source,10,549,Nguyen and Lambert (2018),2.28949985344539,1.5652134697260007
GradientBoosting,GroupKFold_Source,10,550,Nguyen and Lambert (2018),2.2731562823032334,1.6036426724234034
GradientBoosting,GroupKFold_Source,10,551,Nguyen and Lambert (2018),2.231089091288976,1.6023240987535292
GradientBoosting,GroupKFold_Source,10,552,Nguyen and Lambert (2018),2.2364452904895007,1.6023240987535292
GradientBoosting,GroupKFold_Source,10,553,Nguyen and Lambert (2018),2.1972245773362196,1.5982402355762593
GradientBoosting,GroupKFold_Source,10,554,Nguyen and Lambert (2018),2.2364452904895007,1.5652134697260007
GradientBoosting,GroupKFold_Source,10,555,Nguyen and Lambert (2018),2.2679936482244267,1.6036426724234034
GradientBoosting,GroupKFold_Source,10,556,Nguyen and Lambert (2018),2.194999882314108,1.6023240987535292
GradientBoosting,GroupKFold_Source,10,557,Nguyen and Lambert (2018),2.2082744135228043,1.6023240987535292
GradientBoosting,GroupKFold_Source,10,558,Nguyen and Lambert (2018),2.1972245773362196,1.5982402355762593
GradientBoosting,GroupKFold_Source,10,559,Nguyen and Lambert (2018),2.2289385528257473,1.5652134697260007
GradientBoosting,GroupKFold_Source,10,560,Nguyen and Lambert (2018),2.2648832258100344,1.6036426724234034
GradientBoosting,GroupKFold_Source,10,561,Nguyen and Lambert (2018),2.1114245875328868,1.5106465655155359
GradientBoosting,GroupKFold_Source,10,562,Nguyen and Lambert (2018),2.020222182019865,1.5106465655155359
GradientBoosting,GroupKFold_Source,10,563,Nguyen and Lambert (2018),2.061786606441115,1.4870362602030678
GradientBoosting,GroupKFold_Source,10,564,Nguyen and Lambert (2018),2.1138429683971682,1.4735359364880074
GradientBoosting,GroupKFold_Source,10,565,Yadav et al. (2018),3.8366526984033693,3.8035815085216935
GradientBoosting,GroupKFold_Source,10,566,Yadav et al. (2018),3.7909846770510898,3.7022465917822434
GradientBoosting,GroupKFold_Source,10,567,Yadav et al. (2018),3.711618941083426,3.427990447773892
GradientBoosting,GroupKFold_Source,10,568,Yadav et al. (2018),3.575710756008298,3.256731683883882
GradientBoosting,GroupKFold_Source,10,569,Yadav et al. (2018),3.8588331769140267,3.8108506229679993
GradientBoosting,GroupKFold_Source,10,570,Yadav et al. (2018),3.773220602547687,3.733920517576533
GradientBoosting,GroupKFold_Source,10,571,Yadav et al. (2018),3.6901286735143684,3.5799877875780397
GradientBoosting,GroupKFold_Source,10,572,Yadav et al. (2018),3.6184569898173904,3.335207478681403
GradientBoosting,GroupKFold_Source,10,573,Yadav et al. (2018),3.8975183192252643,3.8072368918111614
GradientBoosting,GroupKFold_Source,10,574,Yadav et al. (2018),3.7918872041881655,3.709985838248981
GradientBoosting,GroupKFold_Source,10,575,Yadav et al. (2018),3.730501128804756,3.464474516531466
GradientBoosting,GroupKFold_Source,10,576,Yadav et al. (2018),3.662792119350618,3.293215752641456
GradientBoosting,GroupKFold_Source,10,577,Yadav et al. (2018),3.934957976710642,3.818589869434737
GradientBoosting,GroupKFold_Source,10,578,Yadav et al. (2018),3.8588331769140267,3.7512767149649235
GradientBoosting,GroupKFold_Source,10,579,Yadav et al. (2018),3.802654468372781,3.6164718563356137
GradientBoosting,GroupKFold_Source,10,580,Yadav et al. (2018),3.7428940424201746,3.371691547438977
GradientBoosting,GroupKFold_Source,10,693,Biswas et al. (2020),3.996364153861897,3.8020469815110802
GradientBoosting,GroupKFold_Source,10,694,Biswas et al. (2020),3.9627161197436642,3.6760353109205623
GradientBoosting,GroupKFold_Source,10,695,Biswas et al. (2020),3.8958936234982624,3.639071918229229
GradientBoosting,GroupKFold_Source,10,696,Biswas et al. (2020),3.899950424193877,3.639071918229229
GradientBoosting,GroupKFold_Source,10,697,Biswas et al. (2020),3.7376696182833684,3.5692319866981057
GradientBoosting,GroupKFold_Source,10,698,Biswas et al. (2020),3.6000482404073204,3.5236194307816953
GradientBoosting,GroupKFold_Source,10,699,Biswas et al. (2020),2.8903717578961645,3.507701093851936
GradientBoosting,GroupKFold_Source,10,752,Nasser et al. (2021),2.772588722239781,3.225364103177638
GradientBoosting,GroupKFold_Source,10,753,Nasser et al. (2021),2.739548868161581,3.225364103177638
GradientBoosting,GroupKFold_Source,10,754,Nasser et al. (2021),2.7265447837383743,3.225364103177638
GradientBoosting,GroupKFold_Source,10,755,Nasser et al. (2021),2.644044871126298,3.0632768643870683
GradientBoosting,GroupKFold_Source,10,756,Nasser et al. (2021),2.695977619867941,3.0632768643870683
GradientBoosting,GroupKFold_Source,10,757,Nasser et al. (2021),2.5241273629412815,2.8833711279763605
GradientBoosting,GroupKFold_Source,10,758,Nasser et al. (2021),2.4840729690394228,2.8833711279763605
GradientBoosting,GroupKFold_Source,10,759,Nasser et al. (2021),2.4397349311412793,2.8157297686587426
GradientBoosting,GroupKFold_Source,10,760,Nasser et al. (2021),2.498973906999436,2.8833711279763605
GradientBoosting,GroupKFold_Source,10,761,Nasser et al. (2021),2.3085671646715933,2.926182601742658
GradientBoosting,GroupKFold_Source,10,762,Nasser et al. (2021),2.25758772706331,2.926182601742658
GradientBoosting,GroupKFold_Source,10,763,Nasser et al. (2021),2.0881534822818573,2.700353819775784
GradientBoosting,GroupKFold_Source,10,764,Nasser et al. (2021),2.089391872533004,2.700353819775784
GradientBoosting,GroupKFold_Source,10,765,Nasser et al. (2021),2.1587147225743437,2.6090230432155144
GradientBoosting,GroupKFold_Source,10,766,Nasser et al. (2021),1.9933388426264242,2.6090230432155144
GradientBoosting,GroupKFold_Source,10,767,Nasser et al. (2021),2.017566137961748,2.699648521575886
GradientBoosting,GroupKFold_Source,10,768,Nasser et al. (2021),2.0515563381903004,2.4718917367151088
GradientBoosting,LeaveOneSourceOut,1,0,Al-Sulaimani et al. (1990),1.9530276168241774,2.1139790248157055
GradientBoosting,LeaveOneSourceOut,1,1,Al-Sulaimani et al. (1990),1.9572739077056285,2.1139790248157055
GradientBoosting,LeaveOneSourceOut,1,2,Al-Sulaimani et al. (1990),1.9530276168241774,2.1139790248157055
GradientBoosting,LeaveOneSourceOut,1,3,Al-Sulaimani et al. (1990),1.9600947840472698,2.0841429224243533
GradientBoosting,LeaveOneSourceOut,1,4,Al-Sulaimani et al. (1990),1.9487632180377197,2.0793448116361546
GradientBoosting,LeaveOneSourceOut,1,5,Al-Sulaimani et al. (1990),1.9344157696295783,2.0793448116361546
GradientBoosting,LeaveOneSourceOut,1,6,Al-Sulaimani et al. (1990),1.9387416595767009,2.0793448116361546
GradientBoosting,LeaveOneSourceOut,1,7,Al-Sulaimani et al. (1990),1.922787731634459,2.0793448116361546
GradientBoosting,LeaveOneSourceOut,1,8,Al-Sulaimani et al. (1990),1.8870696490323797,2.107023139334419
GradientBoosting,LeaveOneSourceOut,1,9,Al-Sulaimani et al. (1990),1.843719208158766,2.105159824301007
GradientBoosting,LeaveOneSourceOut,1,10,Al-Sulaimani et al. (1990),1.8531680973566984,2.105159824301007
GradientBoosting,LeaveOneSourceOut,1,11,Al-Sulaimani et al. (1990),1.8453002361560848,2.105159824301007
GradientBoosting,LeaveOneSourceOut,2,207,Azad et al. (2007),2.5376572151735295,2.116643685225661
GradientBoosting,LeaveOneSourceOut,2,208,Azad et al. (2007),2.533696813957432,2.116643685225661
GradientBoosting,LeaveOneSourceOut,2,209,Azad et al. (2007),2.468946630209271,1.9906777423459578
GradientBoosting,LeaveOneSourceOut,2,210,Azad et al. (2007),2.4159137783010487,1.9906777423459578
GradientBoosting,LeaveOneSourceOut,2,211,Azad et al. (2007),2.3174737054877963,1.5478228940068048
GradientBoosting,LeaveOneSourceOut,2,212,Azad et al. (2007),2.2027647577118348,1.5478228940068048
GradientBoosting,LeaveOneSourceOut,2,213,Azad et al. (2007),2.344686269012681,1.5115399215432979
GradientBoosting,LeaveOneSourceOut,2,214,Azad et al. (2007),2.1983350716202463,1.5115399215432979
GradientBoosting,LeaveOneSourceOut,2,215,Azad et al. (2007),2.1815467646169897,1.44630368687315
GradientBoosting,LeaveOneSourceOut,2,216,Azad et al. (2007),2.248128907197987,1.44630368687315
GradientBoosting,LeaveOneSourceOut,2,217,Azad et al. (2007),2.1713368063840917,1.4451611401852724
GradientBoosting,LeaveOneSourceOut,2,218,Azad et al. (2007),2.0554049638515948,1.4451611401852724
GradientBoosting,LeaveOneSourceOut,2,219,Azad et al. (2007),1.6937790608678513,1.2440088777889042
GradientBoosting,LeaveOneSourceOut,2,220,Azad et al. (2007),2.0095554142156695,1.2440088777889042
GradientBoosting,LeaveOneSourceOut,2,221,Azad et al. (2007),2.768204123921957,2.43772873645321
GradientBoosting,LeaveOneSourceOut,2,222,Azad et al. (2007),2.6239436918052106,2.43772873645321
GradientBoosting,LeaveOneSourceOut,2,223,Azad et al. (2007),2.516889695641051,2.3552929031921157
GradientBoosting,LeaveOneSourceOut,2,224,Azad et al. (2007),2.5733752977756086,2.3552929031921157
GradientBoosting,LeaveOneSourceOut,2,225,Azad et al. (2007),2.853015971352396,2.0104488042895614
GradientBoosting,LeaveOneSourceOut,2,226,Azad et al. (2007),2.4807312783775197,2.0104488042895614
GradientBoosting,LeaveOneSourceOut,2,227,Azad et al. (2007),2.403334996094189,1.7081666634233175
GradientBoosting,LeaveOneSourceOut,2,228,Azad et al. (2007),2.2793164660546914,1.7081666634233175
GradientBoosting,LeaveOneSourceOut,2,229,Azad et al. (2007),2.6973262377392344,1.8103462419636176
GradientBoosting,LeaveOneSourceOut,2,230,Azad et al. (2007),2.3532782073095637,1.8103462419636176
GradientBoosting,LeaveOneSourceOut,2,231,Azad et al. (2007),2.2648832258100344,1.6973853706742386
GradientBoosting,LeaveOneSourceOut,2,232,Azad et al. (2007),2.102913897864978,1.6973853706742386
GradientBoosting,LeaveOneSourceOut,2,233,Azad et al. (2007),1.9080599249242156,1.7236429235140365
GradientBoosting,LeaveOneSourceOut,2,234,Azad et al. (2007),2.125847914493992,1.7236429235140365
GradientBoosting,LeaveOneSourceOut,2,235,Azad et al. (2007),2.468099531471619,2.111367948435269
GradientBoosting,LeaveOneSourceOut,2,236,Azad et al. (2007),2.5930133911138515,2.111367948435269
GradientBoosting,LeaveOneSourceOut,2,237,Azad et al. (2007),2.3350522831315472,1.7814489761380465
GradientBoosting,LeaveOneSourceOut,2,238,Azad et al. (2007),2.448415541205585,1.7814489761380465
GradientBoosting,LeaveOneSourceOut,2,239,Azad et al. (2007),2.401525040848949,1.7246381483259345
GradientBoosting,LeaveOneSourceOut,2,240,Azad et al. (2007),2.3194422100604686,1.7246381483259345
GradientBoosting,LeaveOneSourceOut,2,241,Azad et al. (2007),2.2027647577118348,1.5583476736925184
GradientBoosting,LeaveOneSourceOut,2,242,Azad et al. (2007),2.3617969526258915,1.5583476736925184
GradientBoosting,LeaveOneSourceOut,2,243,Azad et al. (2007),2.2213750375685026,1.4832598905279568
GradientBoosting,LeaveOneSourceOut,2,244,Azad et al. (2007),2.315501318260592,1.4832598905279568
GradientBoosting,LeaveOneSourceOut,2,245,Azad et al. (2007),2.2126603854660587,1.426043326682077
GradientBoosting,LeaveOneSourceOut,2,246,Azad et al. (2007),1.9712993830601329,1.426043326682077
GradientBoosting,LeaveOneSourceOut,2,247,Azad et al. (2007),2.1090003439213802,1.2622998145190243
GradientBoosting,LeaveOneSourceOut,2,248,Azad et al. (2007),1.891604804197771,1.2622998145190243
GradientBoosting,LeaveOneSourceOut,2,249,Azad et al. (2007),2.590767040487478,2.432160913411719
GradientBoosting,LeaveOneSourceOut,2,250,Azad et al. (2007),2.5376572151735295,2.432160913411719
GradientBoosting,LeaveOneSourceOut,2,251,Azad et al. (2007),2.4664031782234406,2.148334344027671
GradientBoosting,LeaveOneSourceOut,2,252,Azad et al. (2007),2.522523513359307,2.148334344027671
GradientBoosting,LeaveOneSourceOut,2,253,Azad et al. (2007),2.4865719291070616,1.8020256607979477
GradientBoosting,LeaveOneSourceOut,2,254,Azad et al. (2007),2.392425796993835,1.8020256607979477
GradientBoosting,LeaveOneSourceOut,2,255,Azad et al. (2007),2.432735777459091,1.8287096765310251
GradientBoosting,LeaveOneSourceOut,2,256,Azad et al. (2007),2.3085671646715933,1.8287096765310251
GradientBoosting,LeaveOneSourceOut,2,257,Azad et al. (2007),2.1972245773362196,1.7380958915738733
GradientBoosting,LeaveOneSourceOut,2,258,Azad et al. (2007),2.589266665112243,1.7380958915738733
GradientBoosting,LeaveOneSourceOut,2,259,Azad et al. (2007),2.192770226986839,1.7062215366756548
GradientBoosting,LeaveOneSourceOut,2,260,Azad et al. (2007),2.0769384114617173,1.7062215366756548
GradientBoosting,LeaveOneSourceOut,2,261,Azad et al. (2007),2.0294631718735947,1.7380958915738733
GradientBoosting,LeaveOneSourceOut,2,262,Azad et al. (2007),2.1736147116970854,1.7380958915738733
GradientBoosting,LeaveOneSourceOut,3,304,Azad et al. (2010),3.4790839203192268,3.4625386119650043
GradientBoosting,LeaveOneSourceOut,3,305,Azad et al. (2010),3.4719664525503626,3.4625386119650043
GradientBoosting,LeaveOneSourceOut,3,306,Azad et al. (2010),3.449987545831587,3.3902181163111296
GradientBoosting,LeaveOneSourceOut,3,307,Azad et al. (2010),3.339676525013905,3.3983006626757404
GradientBoosting,LeaveOneSourceOut,3,308,Azad et al. (2010),2.911263116927541,3.3902181163111296
GradientBoosting,LeaveOneSourceOut,3,309,Azad et al. (2010),3.1130707659712242,3.1825280666087754
GradientBoosting,LeaveOneSourceOut,3,310,Azad et al. (2010),3.440097530619712,3.3902181163111296
GradientBoosting,LeaveOneSourceOut,3,311,Azad et al. (2010),2.848970892158587,3.1825280666087754
GradientBoosting,LeaveOneSourceOut,3,312,Azad et al. (2010),3.6425737012374246,3.9043254309195117
GradientBoosting,LeaveOneSourceOut,3,313,Azad et al. (2010),3.832979798087693,3.9043254309195117
GradientBoosting,LeaveOneSourceOut,3,314,Azad et al. (2010),3.597860055726768,3.7789871839873377
GradientBoosting,LeaveOneSourceOut,3,315,Azad et al. (2010),3.711618941083426,3.783002385993999
GradientBoosting,LeaveOneSourceOut,3,316,Azad et al. (2010),3.190064743014081,3.681600247146455
GradientBoosting,LeaveOneSourceOut,3,317,Azad et al. (2010),3.206398303357088,3.681600247146455
GradientBoosting,LeaveOneSourceOut,3,318,Azad et al. (2010),3.2902658209548736,3.5990513269109847
GradientBoosting,LeaveOneSourceOut,3,319,Azad et al. (2010),3.0430928449138284,3.5990513269109847
GradientBoosting,LeaveOneSourceOut,3,320,Azad et al. (2010),4.06457240388843,4.108212689792171
GradientBoosting,LeaveOneSourceOut,3,321,Azad et al. (2010),4.06457240388843,4.108212689792171
GradientBoosting,LeaveOneSourceOut,3,322,Azad et al. (2010),3.624874124138024,3.9426183466002627
GradientBoosting,LeaveOneSourceOut,3,323,Azad et al. (2010),3.58407433974781,3.8468849450190032
GradientBoosting,LeaveOneSourceOut,3,324,Azad et al. (2010),3.9577608971019997,4.054725786610869
GradientBoosting,LeaveOneSourceOut,3,325,Azad et al. (2010),4.013676659154646,4.054725786610869
GradientBoosting,LeaveOneSourceOut,3,326,Azad et al. (2010),3.5776685247779345,3.756517638125302
GradientBoosting,LeaveOneSourceOut,3,327,Azad et al. (2010),4.051958845725663,4.046643240246259
GradientBoosting,LeaveOneSourceOut,3,328,Azad et al. (2010),3.6328380632303117,3.550281334237322
GradientBoosting,LeaveOneSourceOut,3,329,Azad et al. (2010),3.7848712197676626,3.550281334237322
GradientBoosting,LeaveOneSourceOut,3,330,Azad et al. (2010),3.5201649007261984,3.460342272959342
GradientBoosting,LeaveOneSourceOut,3,331,Azad et al. (2010),3.1059310658520665,3.3790670372344005
GradientBoosting,LeaveOneSourceOut,3,332,Azad et al. (2010),3.1144038032714896,3.3434410643391823
GradientBoosting,LeaveOneSourceOut,3,333,Azad et al. (2010),3.1315734964654043,3.341787529079559
GradientBoosting,LeaveOneSourceOut,3,334,Azad et al. (2010),2.9381031607173544,3.2129241842408742
GradientBoosting,LeaveOneSourceOut,3,335,Azad et al. (2010),2.7800607370784824,3.1653066914250902
GradientBoosting,LeaveOneSourceOut,3,336,Azad et al. (2010),4.06009812349351,3.9357908750828394
GradientBoosting,LeaveOneSourceOut,3,337,Azad et al. (2010),3.786913194385302,3.9357908750828394
GradientBoosting,LeaveOneSourceOut,3,338,Azad et al. (2010),3.4423393249933305,3.803716784049364
GradientBoosting,LeaveOneSourceOut,3,339,Azad et al. (2010),3.6410013738694724,3.803716784049364
GradientBoosting,LeaveOneSourceOut,3,340,Azad et al. (2010),3.3975239762958465,3.803716784049364
GradientBoosting,LeaveOneSourceOut,3,341,Azad et al. (2010),3.7140597526442347,3.8715529257935755
GradientBoosting,LeaveOneSourceOut,3,342,Azad et al. (2010),3.9495114498391377,3.7897652131240527
GradientBoosting,LeaveOneSourceOut,3,343,Azad et al. (2010),3.2311995745570328,3.70231464520182
GradientBoosting,LeaveOneSourceOut,3,344,Azad et al. (2010),4.155909917880256,4.110561652968607
GradientBoosting,LeaveOneSourceOut,3,345,Azad et al. (2010),4.268577942166303,4.110561652968607
GradientBoosting,LeaveOneSourceOut,3,346,Azad et al. (2010),4.079569276639947,4.0463237036793425
GradientBoosting,LeaveOneSourceOut,3,347,Azad et al. (2010),4.1893516658004355,4.050908768664776
GradientBoosting,LeaveOneSourceOut,3,348,Azad et al. (2010),4.053696163744291,4.0463237036793425
GradientBoosting,LeaveOneSourceOut,3,349,Azad et al. (2010),3.6136169696133895,3.9358697989283606
GradientBoosting,LeaveOneSourceOut,3,350,Azad et al. (2010),3.885679030088544,4.038241157314732
GradientBoosting,LeaveOneSourceOut,3,351,Azad et al. (2010),3.566429294357372,3.8285311909408595
GradientBoosting,LeaveOneSourceOut,4,693,Biswas et al. (2020),3.996364153861897,3.7497721956931187
GradientBoosting,LeaveOneSourceOut,4,694,Biswas et al. (2020),3.9627161197436642,3.597898492472263
GradientBoosting,LeaveOneSourceOut,4,695,Biswas et al. (2020),3.8958936234982624,3.540384161017627
GradientBoosting,LeaveOneSourceOut,4,696,Biswas et al. (2020),3.899950424193877,3.540384161017627
GradientBoosting,LeaveOneSourceOut,4,697,Biswas et al. (2020),3.7376696182833684,3.4732962177488567
GradientBoosting,LeaveOneSourceOut,4,698,Biswas et al. (2020),3.6000482404073204,3.4732962177488567
GradientBoosting,LeaveOneSourceOut,4,699,Biswas et al. (2020),2.8903717578961645,3.526709497227712
GradientBoosting,LeaveOneSourceOut,5,291,Cairns et al. (2008),2.3589654264301534,2.7560731108042327
GradientBoosting,LeaveOneSourceOut,5,292,Cairns et al. (2008),2.5610957881455465,2.5728539720476307
GradientBoosting,LeaveOneSourceOut,5,293,Cairns et al. (2008),2.5862591440482876,2.567842960674034
GradientBoosting,LeaveOneSourceOut,5,294,Cairns et al. (2008),3.2433732964685884,3.5299508376251656
GradientBoosting,LeaveOneSourceOut,5,295,Cairns et al. (2008),3.3013770463799443,3.4474532129629467
GradientBoosting,LeaveOneSourceOut,5,296,Cairns et al. (2008),3.3683297780365384,3.5199901685337083
GradientBoosting,LeaveOneSourceOut,5,297,Cairns et al. (2008),3.4732079176384274,3.4374925438714894
GradientBoosting,LeaveOneSourceOut,5,298,Cairns et al. (2008),3.4732079176384274,3.4374925438714894
GradientBoosting,LeaveOneSourceOut,5,299,Cairns et al. (2008),3.267284964075888,2.795926196404396
GradientBoosting,LeaveOneSourceOut,5,300,Cairns et al. (2008),3.2969473602883563,2.6261374617155133
GradientBoosting,LeaveOneSourceOut,5,301,Cairns et al. (2008),3.3456846717318967,2.6261374617155133
GradientBoosting,LeaveOneSourceOut,5,302,Cairns et al. (2008),3.367640598133313,2.795926196404396
GradientBoosting,LeaveOneSourceOut,5,303,Cairns et al. (2008),3.3565486299932736,2.6736904009931775
GradientBoosting,LeaveOneSourceOut,6,141,Castel et al. (2000a),3.653511310276145,3.5699897785272863
GradientBoosting,LeaveOneSourceOut,6,142,Castel et al. (2000a),3.402196881995239,3.3754733662917777
GradientBoosting,LeaveOneSourceOut,7,413,Dang and François (2013),3.9793077522337423,4.006149971511512
GradientBoosting,LeaveOneSourceOut,7,414,Dang and François (2013),3.629660094453965,3.648450677238677
GradientBoosting,LeaveOneSourceOut,8,521,Dasar et al. (2017),3.66612246699132,4.003612639715162
GradientBoosting,LeaveOneSourceOut,8,522,Dasar et al. (2017),3.529297384289471,3.5775516455888554
GradientBoosting,LeaveOneSourceOut,8,523,Dasar et al. (2017),3.0726933146901194,3.0928504941044452
GradientBoosting,LeaveOneSourceOut,9,367,Dong et al. (2011),3.5380565643793527,3.2804668926491725
GradientBoosting,LeaveOneSourceOut,9,368,Dong et al. (2011),2.8118094353930627,2.8992026723248383
GradientBoosting,LeaveOneSourceOut,9,369,Dong et al. (2011),3.4995332823830174,3.317753132406283
GradientBoosting,LeaveOneSourceOut,9,370,Dong et al. (2011),3.328985047548231,3.315033103017739
GradientBoosting,LeaveOneSourceOut,9,371,Dong et al. (2011),3.0440461338325417,3.1291135743254612
GradientBoosting,LeaveOneSourceOut,9,372,Dong et al. (2011),3.022860940942244,3.099533137551937
GradientBoosting,LeaveOneSourceOut,9,373,Dong et al. (2011),3.339321977944068,3.2157180568710007
GradientBoosting,LeaveOneSourceOut,9,374,Dong et al. (2011),3.5049566159530077,3.2967032461247676
GradientBoosting,LeaveOneSourceOut,9,375,Dong et al. (2011),3.3120018028576843,3.0806193868385763
GradientBoosting,LeaveOneSourceOut,9,376,Dong et al. (2011),3.5004392163118045,3.2804668926491725
GradientBoosting,LeaveOneSourceOut,9,377,Dong et al. (2011),3.2136622578153133,2.9487343729039757
GradientBoosting,LeaveOneSourceOut,10,524,Dong et al. (2017),3.4255647381104497,3.3496615412256547
GradientBoosting,LeaveOneSourceOut,10,525,Dong et al. (2017),3.4187098067467865,3.296640824042156
GradientBoosting,LeaveOneSourceOut,10,526,Dong et al. (2017),3.4041928906419536,3.239594393847083
GradientBoosting,LeaveOneSourceOut,10,527,Dong et al. (2017),3.4151002868311466,3.2832391637382807
GradientBoosting,LeaveOneSourceOut,11,263,Du et al. (2007),4.212127597878484,3.90375449886668
GradientBoosting,LeaveOneSourceOut,11,264,Du et al. (2007),4.0975062255596795,3.8823736631393495
GradientBoosting,LeaveOneSourceOut,11,265,Du et al. (2007),4.183423245305645,3.829648352493026
GradientBoosting,LeaveOneSourceOut,11,266,Du et al. (2007),3.85946575468947,3.799399120906795
GradientBoosting,LeaveOneSourceOut,11,267,Du et al. (2007),4.089834406744215,3.9383570154161034
GradientBoosting,LeaveOneSourceOut,11,268,Du et al. (2007),4.039360253889341,3.893471941329229
GradientBoosting,LeaveOneSourceOut,11,269,Du et al. (2007),3.931041011263908,3.8443394562805353
GradientBoosting,LeaveOneSourceOut,11,270,Du et al. (2007),3.891412051524022,3.7924386267583694
GradientBoosting,LeaveOneSourceOut,11,271,Du et al. (2007),3.4391352210025476,3.6061222838431437
GradientBoosting,LeaveOneSourceOut,11,272,Du et al. (2007),3.3683297780365384,3.4454760622379896
GradientBoosting,LeaveOneSourceOut,11,273,Du et al. (2007),2.9801108926510342,3.0000265678896336
GradientBoosting,LeaveOneSourceOut,11,274,Du et al. (2007),2.87976009730157,2.86891844405576
GradientBoosting,LeaveOneSourceOut,11,275,Du et al. (2007),2.9801108926510342,3.054826926271303
GradientBoosting,LeaveOneSourceOut,11,276,Du et al. (2007),2.9801108926510342,3.0334460905439724
GradientBoosting,LeaveOneSourceOut,11,277,Du et al. (2007),2.775708849576025,2.959626756424178
GradientBoosting,LeaveOneSourceOut,11,278,Du et al. (2007),2.643333886382519,2.950485320510455
GradientBoosting,LeaveOneSourceOut,11,279,Du et al. (2007),2.567254391136754,2.8563074293566926
GradientBoosting,LeaveOneSourceOut,12,415,Du et al. (2013),1.8562979903656263,1.8157253217851446
GradientBoosting,LeaveOneSourceOut,12,416,Du et al. (2013),1.3480731482996928,1.4979213524582238
GradientBoosting,LeaveOneSourceOut,12,417,Du et al. (2013),1.3217558399823195,1.238067146192425
GradientBoosting,LeaveOneSourceOut,12,418,Du et al. (2013),1.3217558399823195,1.1792513412251173
GradientBoosting,LeaveOneSourceOut,12,419,Du et al. (2013),1.6054298910365616,1.194518513558362
GradientBoosting,LeaveOneSourceOut,13,198,El Maaddawy et al. (2005),3.624340932976365,3.933296048370308
GradientBoosting,LeaveOneSourceOut,13,199,El Maaddawy et al. (2005),3.558485990180341,3.7256862366680883
GradientBoosting,LeaveOneSourceOut,13,200,El Maaddawy et al. (2005),3.507956918233689,3.6536807909882087
GradientBoosting,LeaveOneSourceOut,13,201,El Maaddawy et al. (2005),3.4015306594522756,3.448872383785895
GradientBoosting,LeaveOneSourceOut,13,202,El Maaddawy et al. (2005),3.2824138456721883,3.2473114642132495
GradientBoosting,LeaveOneSourceOut,13,203,El Maaddawy et al. (2005),3.497718948652777,3.641583189870919
GradientBoosting,LeaveOneSourceOut,13,204,El Maaddawy et al. (2005),3.475067230228611,3.547996380888978
GradientBoosting,LeaveOneSourceOut,13,205,El Maaddawy et al. (2005),3.4685444551217657,3.3714701395246727
GradientBoosting,LeaveOneSourceOut,13,206,El Maaddawy et al. (2005),3.34779660493504,3.2897265515744767
GradientBoosting,LeaveOneSourceOut,14,352,Gu et al. (2010),2.93651291389402,2.8455074851926234
GradientBoosting,LeaveOneSourceOut,14,353,Gu et al. (2010),2.954910279033736,2.82364800680446
GradientBoosting,LeaveOneSourceOut,14,354,Gu et al. (2010),2.9258461460898246,2.797879131819605
GradientBoosting,LeaveOneSourceOut,14,355,Gu et al. (2010),2.72785282839839,2.528392504432754
GradientBoosting,LeaveOneSourceOut,14,356,Gu et al. (2010),3.5787855313168624,3.533066109385849
GradientBoosting,LeaveOneSourceOut,14,357,Gu et al. (2010),3.349904087274605,3.45834860372012
GradientBoosting,LeaveOneSourceOut,14,358,Gu et al. (2010),3.3690184832979204,3.3984082974340377
GradientBoosting,LeaveOneSourceOut,14,359,Gu et al. (2010),3.214867803470662,3.278181630333456
GradientBoosting,LeaveOneSourceOut,14,360,Gu et al. (2010),3.5681232529781366,3.0258644937969223
GradientBoosting,LeaveOneSourceOut,14,361,Gu et al. (2010),3.475067230228611,2.9838764225595678
GradientBoosting,LeaveOneSourceOut,14,362,Gu et al. (2010),2.307572634505085,2.9285994764618546
GradientBoosting,LeaveOneSourceOut,14,363,Gu et al. (2010),3.139832617527748,2.7998916405748786
GradientBoosting,LeaveOneSourceOut,14,364,Gu et al. (2010),3.065724645374026,2.543994985367593
GradientBoosting,LeaveOneSourceOut,14,365,Gu et al. (2010),3.0469005601283903,2.8216710254197195
GradientBoosting,LeaveOneSourceOut,14,366,Gu et al. (2010),3.1245651453969594,2.8216710254197195
GradientBoosting,LeaveOneSourceOut,15,708,Hansapinyo et al. (2021),1.1019400787607843,1.52818253406582
GradientBoosting,LeaveOneSourceOut,15,709,Hansapinyo et al. (2021),-0.4155154439616658,0.6826745985770609
GradientBoosting,LeaveOneSourceOut,15,710,Hansapinyo et al. (2021),-0.7765287894989963,0.5567947207886559
GradientBoosting,LeaveOneSourceOut,15,711,Hansapinyo et al. (2021),0.9669838461896731,0.9309411891597128
GradientBoosting,LeaveOneSourceOut,15,712,Hansapinyo et al. (2021),-1.5606477482646683,0.5750372717903957
GradientBoosting,LeaveOneSourceOut,15,713,Hansapinyo et al. (2021),-0.12783337150988489,0.7842602104380308
GradientBoosting,LeaveOneSourceOut,15,714,Hansapinyo et al. (2021),1.0715836162801904,1.5967579942937629
GradientBoosting,LeaveOneSourceOut,15,715,Hansapinyo et al. (2021),1.1019400787607843,1.5967579942937629
GradientBoosting,LeaveOneSourceOut,15,716,Hansapinyo et al. (2021),-0.08338160893905101,0.9556172967200336
GradientBoosting,LeaveOneSourceOut,15,717,Hansapinyo et al. (2021),0.47000362924573563,0.7842602104380308
GradientBoosting,LeaveOneSourceOut,15,718,Hansapinyo et al. (2021),0.5766133643039938,0.9556172967200336
GradientBoosting,LeaveOneSourceOut,15,719,Hansapinyo et al. (2021),0.959350221334602,0.9936186785400207
GradientBoosting,LeaveOneSourceOut,15,720,Hansapinyo et al. (2021),1.091923300517313,1.0299784122966877
GradientBoosting,LeaveOneSourceOut,15,721,Hansapinyo et al. (2021),1.0224509277025455,1.0535566808755972
GradientBoosting,LeaveOneSourceOut,15,722,Hansapinyo et al. (2021),0.9001613499442714,0.9746877962136098
GradientBoosting,LeaveOneSourceOut,15,723,Hansapinyo et al. (2021),1.0296194171811581,1.0017594377458088
GradientBoosting,LeaveOneSourceOut,15,724,Hansapinyo et al. (2021),1.0224509277025455,1.017472407524793
GradientBoosting,LeaveOneSourceOut,15,725,Hansapinyo et al. (2021),1.1184149159642893,1.2850150948073296
GradientBoosting,LeaveOneSourceOut,15,726,Hansapinyo et al. (2021),1.2267122912954254,1.52818253406582
GradientBoosting,LeaveOneSourceOut,15,727,Hansapinyo et al. (2021),1.1817271953786161,1.3645741186843496
GradientBoosting,LeaveOneSourceOut,15,728,Hansapinyo et al. (2021),1.199964782928397,1.6801427340138217
GradientBoosting,LeaveOneSourceOut,15,729,Hansapinyo et al. (2021),1.1052568313867783,1.2850150948073296
GradientBoosting,LeaveOneSourceOut,15,730,Hansapinyo et al. (2021),1.1631508098056809,1.5967579942937629
GradientBoosting,LeaveOneSourceOut,15,731,Hansapinyo et al. (2021),1.1378330018213911,1.5967579942937629
GradientBoosting,LeaveOneSourceOut,15,732,Hansapinyo et al. (2021),1.0188473201992472,1.0212700908176229
GradientBoosting,LeaveOneSourceOut,15,733,Hansapinyo et al. (2021),1.0885619528146082,1.017472407524793
GradientBoosting,LeaveOneSourceOut,15,734,Hansapinyo et al. (2021),1.0715836162801904,1.2850150948073296
GradientBoosting,LeaveOneSourceOut,15,735,Hansapinyo et al. (2021),1.0784095813505903,1.0535566808755972
GradientBoosting,LeaveOneSourceOut,15,736,Hansapinyo et al. (2021),1.0784095813505903,1.0535566808755972
GradientBoosting,LeaveOneSourceOut,15,737,Hansapinyo et al. (2021),0.9242589015233319,1.0535566808755972
GradientBoosting,LeaveOneSourceOut,15,738,Hansapinyo et al. (2021),1.1085626195212777,1.52818253406582
GradientBoosting,LeaveOneSourceOut,15,739,Hansapinyo et al. (2021),1.085189268335969,1.52818253406582
GradientBoosting,LeaveOneSourceOut,15,740,Hansapinyo et al. (2021),1.0473189942805592,1.017472407524793
GradientBoosting,LeaveOneSourceOut,15,741,Hansapinyo et al. (2021),1.0612565021243408,1.017472407524793
GradientBoosting,LeaveOneSourceOut,15,742,Hansapinyo et al. (2021),1.1184149159642893,1.0299784122966877
GradientBoosting,LeaveOneSourceOut,15,743,Hansapinyo et al. (2021),1.085189268335969,1.3645741186843496
GradientBoosting,LeaveOneSourceOut,15,744,Hansapinyo et al. (2021),1.000631880307906,1.017472407524793
GradientBoosting,LeaveOneSourceOut,15,745,Hansapinyo et al. (2021),1.0116009116784799,1.017472407524793
GradientBoosting,LeaveOneSourceOut,15,746,Hansapinyo et al. (2021),0.9631743177730056,1.0212700908176229
GradientBoosting,LeaveOneSourceOut,15,747,Hansapinyo et al. (2021),0.9122827104766164,1.0535566808755972
GradientBoosting,LeaveOneSourceOut,15,748,Hansapinyo et al. (2021),0.883767540168595,1.0535566808755972
GradientBoosting,LeaveOneSourceOut,15,749,Hansapinyo et al. (2021),0.8241754429663494,1.0535566808755972
GradientBoosting,LeaveOneSourceOut,15,750,Hansapinyo et al. (2021),1.0438040521731147,1.0212700908176229
GradientBoosting,LeaveOneSourceOut,15,751,Hansapinyo et al. (2021),0.9242589015233319,1.0535566808755972
GradientBoosting,LeaveOneSourceOut,16,610,Hou et al. (2019),3.535145354171894,3.233219007395516
GradientBoosting,LeaveOneSourceOut,16,611,Hou et al. (2019),3.537765824444175,3.141451906967275
GradientBoosting,LeaveOneSourceOut,16,612,Hou et al. (2019),3.3867603338643857,2.9854681872756412
GradientBoosting,LeaveOneSourceOut,16,613,Hou et al. (2019),3.1834558796369405,2.90644874495505
GradientBoosting,LeaveOneSourceOut,16,614,Hou et al. (2019),3.597860055726768,3.233219007395516
GradientBoosting,LeaveOneSourceOut,16,615,Hou et al. (2019),3.3669509429335642,3.119765112197711
GradientBoosting,LeaveOneSourceOut,16,616,Hou et al. (2019),3.494384096388273,3.141451906967275
GradientBoosting,LeaveOneSourceOut,16,617,Hou et al. (2019),3.4461707473048864,2.9854681872756412
GradientBoosting,LeaveOneSourceOut,16,618,Hou et al. (2019),3.5251833614431467,2.9854681872756412
GradientBoosting,LeaveOneSourceOut,16,619,Hou et al. (2019),3.4490347110763153,2.9854681872756412
GradientBoosting,LeaveOneSourceOut,16,620,Hou et al. (2019),3.080532875246456,2.798577549669037
GradientBoosting,LeaveOneSourceOut,16,621,Hou et al. (2019),3.1654750481410856,2.9789040568392546
GradientBoosting,LeaveOneSourceOut,17,622,Hu et al. 2019),2.9967317738870745,2.926231074377472
GradientBoosting,LeaveOneSourceOut,17,623,Hu et al. 2019),2.9601050959108397,2.8809194530543816
GradientBoosting,LeaveOneSourceOut,17,624,Hu et al. 2019),2.913437030827161,2.760871936593622
GradientBoosting,LeaveOneSourceOut,17,625,Hu et al. 2019),2.8553201198372458,2.6131336405051204
GradientBoosting,LeaveOneSourceOut,18,769,Huang et al. (2022),4.852108385868018,4.1994810219842424
GradientBoosting,LeaveOneSourceOut,18,770,Huang et al. (2022),4.782730425680335,4.165626958343979
GradientBoosting,LeaveOneSourceOut,18,771,Huang et al. (2022),4.850153503906757,4.1994810219842424
GradientBoosting,LeaveOneSourceOut,18,772,Huang et al. (2022),4.852108385868018,4.142702276311005
GradientBoosting,LeaveOneSourceOut,18,773,Huang et al. (2022),4.850153503906757,4.176317947632105
GradientBoosting,LeaveOneSourceOut,18,774,Huang et al. (2022),4.852108385868018,4.1994810219842424
GradientBoosting,LeaveOneSourceOut,19,143,Jin and Zhao (2001),2.322387720290225,2.3363238897303535
GradientBoosting,LeaveOneSourceOut,19,144,Jin and Zhao (2001),2.254444717666111,2.333254036664844
GradientBoosting,LeaveOneSourceOut,19,145,Jin and Zhao (2001),2.286455711064162,2.3421856876413356
GradientBoosting,LeaveOneSourceOut,19,146,Jin and Zhao (2001),2.2321626286975,2.3421856876413356
GradientBoosting,LeaveOneSourceOut,19,147,Jin and Zhao (2001),2.329227023940467,2.3421856876413356
GradientBoosting,LeaveOneSourceOut,19,148,Jin and Zhao (2001),2.254444717666111,2.3421856876413356
GradientBoosting,LeaveOneSourceOut,19,149,Jin and Zhao (2001),2.187174241482718,2.3421856876413356
GradientBoosting,LeaveOneSourceOut,19,150,Jin and Zhao (2001),2.2049722641270453,2.3022362217385104
GradientBoosting,LeaveOneSourceOut,19,151,Jin and Zhao (2001),2.254444717666111,2.3022362217385104
GradientBoosting,LeaveOneSourceOut,19,152,Jin and Zhao (2001),2.162172939277301,2.3022362217385104
GradientBoosting,LeaveOneSourceOut,19,153,Jin and Zhao (2001),2.162172939277301,2.3022362217385104
GradientBoosting,LeaveOneSourceOut,19,154,Jin and Zhao (2001),2.1041341542702074,2.3022362217385104
GradientBoosting,LeaveOneSourceOut,19,155,Jin and Zhao (2001),2.162172939277301,2.206281702256375
GradientBoosting,LeaveOneSourceOut,19,156,Jin and Zhao (2001),2.048982334195127,2.189600821024035
GradientBoosting,LeaveOneSourceOut,19,157,Jin and Zhao (2001),2.2935443483418965,2.281392392093668
GradientBoosting,LeaveOneSourceOut,19,158,Jin and Zhao (2001),2.1471001901536506,2.1777412605247335
GradientBoosting,LeaveOneSourceOut,19,159,Jin and Zhao (2001),2.1186622548331173,2.1777412605247335
GradientBoosting,LeaveOneSourceOut,20,626,Jung et al. (2019),3.1978564576441255,3.54901527214733
GradientBoosting,LeaveOneSourceOut,20,627,Jung et al. (2019),3.1642084235258925,3.542571869958011
GradientBoosting,LeaveOneSourceOut,20,628,Jung et al. (2019),3.1450139762697455,3.542571869958011
GradientBoosting,LeaveOneSourceOut,20,629,Jung et al. (2019),3.1867657709499673,3.542571869958011
GradientBoosting,LeaveOneSourceOut,20,630,Jung et al. (2019),3.1578511230304263,3.542571869958011
GradientBoosting,LeaveOneSourceOut,20,631,Jung et al. (2019),3.0726933146901194,3.542571869958011
GradientBoosting,LeaveOneSourceOut,20,632,Jung et al. (2019),3.1041381473977774,3.542571869958011
GradientBoosting,LeaveOneSourceOut,20,633,Jung et al. (2019),3.1424266527047946,3.542571869958011
GradientBoosting,LeaveOneSourceOut,21,378,Khan et al. (2011),3.9627161197436642,3.9973148036754123
GradientBoosting,LeaveOneSourceOut,21,379,Khan et al. (2011),3.772071045000701,3.5066861540904886
GradientBoosting,LeaveOneSourceOut,22,26,Lee et al. (1999),3.5145260669691587,3.651445785751358
GradientBoosting,LeaveOneSourceOut,22,27,Lee et al. (1999),3.4654233539614268,3.5807835832926243
GradientBoosting,LeaveOneSourceOut,22,28,Lee et al. (1999),3.388787361585474,3.538531758955097
GradientBoosting,LeaveOneSourceOut,22,29,Lee et al. (1999),3.232778730037192,3.116995825808485
GradientBoosting,LeaveOneSourceOut,23,532,Li et al. (2018),2.642622395779755,3.0878653498841984
GradientBoosting,LeaveOneSourceOut,23,533,Li et al. (2018),2.612273245708441,3.0175486598051817
GradientBoosting,LeaveOneSourceOut,23,534,Li et al. (2018),2.559550192783766,2.998613667627981
GradientBoosting,LeaveOneSourceOut,23,535,Li et al. (2018),2.468099531471619,3.0043771209534795
GradientBoosting,LeaveOneSourceOut,23,536,Li et al. (2018),2.498151876538021,2.998613667627981
GradientBoosting,LeaveOneSourceOut,23,537,Li et al. (2018),2.4344901638739844,2.998613667627981
GradientBoosting,LeaveOneSourceOut,23,538,Li et al. (2018),2.3841650799864684,3.0043771209534795
GradientBoosting,LeaveOneSourceOut,23,539,Li et al. (2018),2.4672517145492794,2.998613667627981
GradientBoosting,LeaveOneSourceOut,23,540,Li et al. (2018),2.3896797998449792,3.0116830441332447
GradientBoosting,LeaveOneSourceOut,23,541,Li et al. (2018),2.244955980157409,3.0084171847486676
GradientBoosting,LeaveOneSourceOut,23,542,Li et al. (2018),2.435366204227864,2.998613667627981
GradientBoosting,LeaveOneSourceOut,23,543,Li et al. (2018),2.2617630984737906,3.0116830441332447
GradientBoosting,LeaveOneSourceOut,23,544,Li et al. (2018),1.308332819650179,3.0084171847486676
GradientBoosting,LeaveOneSourceOut,24,528,Lim et al. (2017),1.4327007339340465,2.002196136115344
GradientBoosting,LeaveOneSourceOut,24,529,Lim et al. (2017),1.5390154481375546,2.0802589512388434
GradientBoosting,LeaveOneSourceOut,24,530,Lim et al. (2017),1.4036429994545037,1.9851163105599565
GradientBoosting,LeaveOneSourceOut,24,531,Lim et al. (2017),1.2029723039923526,1.538859800143915
GradientBoosting,LeaveOneSourceOut,25,503,Liu et al. (2016),4.174541104216377,3.7006589836820365
GradientBoosting,LeaveOneSourceOut,25,504,Liu et al. (2016),4.152613470346076,3.7006589836820365
GradientBoosting,LeaveOneSourceOut,25,505,Liu et al. (2016),4.152613470346076,3.6294058624846945
GradientBoosting,LeaveOneSourceOut,25,506,Liu et al. (2016),4.179604406172924,3.6294058624846945
GradientBoosting,LeaveOneSourceOut,25,507,Liu et al. (2016),4.090838422892813,3.577589700995414
GradientBoosting,LeaveOneSourceOut,25,508,Liu et al. (2016),4.080245637842599,3.577589700995414
GradientBoosting,LeaveOneSourceOut,25,509,Liu et al. (2016),4.015301354881648,3.5330292121425573
GradientBoosting,LeaveOneSourceOut,25,510,Liu et al. (2016),4.051958845725663,3.5330292121425573
GradientBoosting,LeaveOneSourceOut,25,511,Liu et al. (2016),3.985087576285151,3.5025189522498654
GradientBoosting,LeaveOneSourceOut,25,512,Liu et al. (2016),3.9682142850778885,3.5025189522498654
GradientBoosting,LeaveOneSourceOut,25,513,Liu et al. (2016),3.930648469551311,3.363605303159105
GradientBoosting,LeaveOneSourceOut,25,514,Liu et al. (2016),3.883623530906448,3.363605303159105
GradientBoosting,LeaveOneSourceOut,26,420,Ma et al. (2013),4.548599834499697,4.178634975679825
GradientBoosting,LeaveOneSourceOut,26,421,Ma et al. (2013),4.670489652108734,4.380404258018826
GradientBoosting,LeaveOneSourceOut,26,422,Ma et al. (2013),4.637153231841142,4.377817075152131
GradientBoosting,LeaveOneSourceOut,26,423,Ma et al. (2013),4.491441420659749,4.372169932666266
GradientBoosting,LeaveOneSourceOut,26,424,Ma et al. (2013),4.3208159036289855,4.178634975679825
GradientBoosting,LeaveOneSourceOut,26,425,Ma et al. (2013),4.529907701487544,4.372169932666266
GradientBoosting,LeaveOneSourceOut,26,426,Ma et al. (2013),4.409763389645481,4.386051400504691
GradientBoosting,LeaveOneSourceOut,26,427,Ma et al. (2013),4.653960350157523,4.372169932666266
GradientBoosting,LeaveOneSourceOut,26,428,Ma et al. (2013),4.248495242049359,4.083807886079049
GradientBoosting,LeaveOneSourceOut,26,429,Ma et al. (2013),4.297285406218791,4.253787506471165
GradientBoosting,LeaveOneSourceOut,26,430,Ma et al. (2013),4.366278277705742,4.3734743999008
GradientBoosting,LeaveOneSourceOut,26,431,Ma et al. (2013),4.388257184424518,4.262021831823725
GradientBoosting,LeaveOneSourceOut,26,432,Ma et al. (2013),4.114963849424837,4.068486874837285
GradientBoosting,LeaveOneSourceOut,26,433,Ma et al. (2013),4.45143608604605,4.372169932666266
GradientBoosting,LeaveOneSourceOut,26,434,Ma et al. (2013),4.388257184424518,4.266791247571236
GradientBoosting,LeaveOneSourceOut,26,435,Ma et al. (2013),4.388257184424518,4.253787506471165
GradientBoosting,LeaveOneSourceOut,26,436,Ma et al. (2013),3.9740583963475986,4.047339718169214
GradientBoosting,LeaveOneSourceOut,26,437,Ma et al. (2013),4.212868064406208,4.094217932229296
GradientBoosting,LeaveOneSourceOut,26,438,Ma et al. (2013),4.311470041210748,4.103330023228137
GradientBoosting,LeaveOneSourceOut,26,439,Ma et al. (2013),4.430816798843313,4.253787506471165
GradientBoosting,LeaveOneSourceOut,26,440,Ma et al. (2013),3.980615796893758,3.616400768649577
GradientBoosting,LeaveOneSourceOut,26,441,Ma et al. (2013),4.311470041210748,4.081995736847334
GradientBoosting,LeaveOneSourceOut,26,442,Ma et al. (2013),4.357349646961441,4.107576478551295
GradientBoosting,LeaveOneSourceOut,26,443,Ma et al. (2013),4.212868064406208,4.038349676138926
GradientBoosting,LeaveOneSourceOut,26,444,Ma et al. (2013),4.1034694699991014,4.003677526976068
GradientBoosting,LeaveOneSourceOut,26,445,Ma et al. (2013),4.1034694699991014,4.207151774371256
GradientBoosting,LeaveOneSourceOut,26,446,Ma et al. (2013),4.1034694699991014,4.306302721821174
GradientBoosting,LeaveOneSourceOut,26,447,Ma et al. (2013),4.1034694699991014,4.183376392874579
GradientBoosting,LeaveOneSourceOut,26,448,Ma et al. (2013),4.1034694699991014,4.003677526976068
GradientBoosting,LeaveOneSourceOut,26,449,Ma et al. (2013),4.1034694699991014,4.072679566525903
GradientBoosting,LeaveOneSourceOut,26,450,Ma et al. (2013),4.366278277705742,4.164573647857403
GradientBoosting,LeaveOneSourceOut,26,451,Ma et al. (2013),4.1034694699991014,4.183376392874579
GradientBoosting,LeaveOneSourceOut,26,452,Ma et al. (2013),3.9930498440705193,3.8589268407934405
GradientBoosting,LeaveOneSourceOut,26,453,Ma et al. (2013),3.9930498440705193,4.0003444008769975
GradientBoosting,LeaveOneSourceOut,26,454,Ma et al. (2013),3.9930498440705193,4.121949666791119
GradientBoosting,LeaveOneSourceOut,26,455,Ma et al. (2013),3.9930498440705193,4.024119782373673
GradientBoosting,LeaveOneSourceOut,26,456,Ma et al. (2013),3.9930498440705193,3.8589268407934405
GradientBoosting,LeaveOneSourceOut,26,457,Ma et al. (2013),3.9207845110967185,3.9762622367494953
GradientBoosting,LeaveOneSourceOut,26,458,Ma et al. (2013),4.02535169073515,4.081012124106504
GradientBoosting,LeaveOneSourceOut,26,459,Ma et al. (2013),3.817712325956905,3.940399804641208
GradientBoosting,LeaveOneSourceOut,26,460,Ma et al. (2013),3.9930498440705193,3.835151459296763
GradientBoosting,LeaveOneSourceOut,26,461,Ma et al. (2013),3.817712325956905,3.9641751861378856
GradientBoosting,LeaveOneSourceOut,26,462,Ma et al. (2013),3.6407390787860012,3.756532392135903
GradientBoosting,LeaveOneSourceOut,26,463,Ma et al. (2013),3.7697679578472747,3.85091192372062
GradientBoosting,LeaveOneSourceOut,26,464,Ma et al. (2013),3.6407390787860012,3.404067107749702
GradientBoosting,LeaveOneSourceOut,26,465,Ma et al. (2013),3.7697679578472747,3.846924053691218
GradientBoosting,LeaveOneSourceOut,26,466,Ma et al. (2013),3.817712325956905,3.9797919977962395
GradientBoosting,LeaveOneSourceOut,26,467,Ma et al. (2013),3.6407390787860012,3.7046990647410247
GradientBoosting,LeaveOneSourceOut,27,30,Mangat and Elgarf (1999a),2.3045830956567186,2.369731016278032
GradientBoosting,LeaveOneSourceOut,27,31,Mangat and Elgarf (1999a),2.3045830956567186,2.369731016278032
GradientBoosting,LeaveOneSourceOut,27,32,Mangat and Elgarf (1999a),2.248128907197987,2.375758867170852
GradientBoosting,LeaveOneSourceOut,27,33,Mangat and Elgarf (1999a),2.248128907197987,2.375758867170852
GradientBoosting,LeaveOneSourceOut,27,34,Mangat and Elgarf (1999a),2.248128907197987,2.375758867170852
GradientBoosting,LeaveOneSourceOut,27,35,Mangat and Elgarf (1999a),1.9401794743463283,1.8219604670785199
GradientBoosting,LeaveOneSourceOut,27,36,Mangat and Elgarf (1999a),1.9401794743463283,1.8219604670785199
GradientBoosting,LeaveOneSourceOut,27,37,Mangat and Elgarf (1999a),2.244955980157409,2.3516454949322334
GradientBoosting,LeaveOneSourceOut,27,38,Mangat and Elgarf (1999a),2.244955980157409,2.3516454949322334
GradientBoosting,LeaveOneSourceOut,27,39,Mangat and Elgarf (1999a),2.21046980408624,2.2828267475617254
GradientBoosting,LeaveOneSourceOut,27,40,Mangat and Elgarf (1999a),2.21046980408624,2.2828267475617254
GradientBoosting,LeaveOneSourceOut,27,41,Mangat and Elgarf (1999a),2.122261538862764,2.1847460091515334
GradientBoosting,LeaveOneSourceOut,27,42,Mangat and Elgarf (1999a),2.122261538862764,2.1847460091515334
GradientBoosting,LeaveOneSourceOut,27,43,Mangat and Elgarf (1999a),1.8779371654691073,2.098401093683694
GradientBoosting,LeaveOneSourceOut,27,44,Mangat and Elgarf (1999a),1.8779371654691073,2.098401093683694
GradientBoosting,LeaveOneSourceOut,27,45,Mangat and Elgarf (1999a),2.122261538862764,2.357673345825053
GradientBoosting,LeaveOneSourceOut,27,46,Mangat and Elgarf (1999a),2.122261538862764,2.357673345825053
GradientBoosting,LeaveOneSourceOut,27,47,Mangat and Elgarf (1999a),1.9154509415706047,2.288854598454545
GradientBoosting,LeaveOneSourceOut,27,48,Mangat and Elgarf (1999a),1.9154509415706047,2.288854598454545
GradientBoosting,LeaveOneSourceOut,27,49,Mangat and Elgarf (1999a),1.5602476682433286,2.190773860044353
GradientBoosting,LeaveOneSourceOut,27,50,Mangat and Elgarf (1999a),1.5602476682433286,2.190773860044353
GradientBoosting,LeaveOneSourceOut,27,51,Mangat and Elgarf (1999a),0.883767540168595,2.104428944576514
GradientBoosting,LeaveOneSourceOut,27,52,Mangat and Elgarf (1999a),0.883767540168595,2.104428944576514
GradientBoosting,LeaveOneSourceOut,27,53,Mangat and Elgarf (1999a),2.191653532286764,2.373765609144942
GradientBoosting,LeaveOneSourceOut,27,54,Mangat and Elgarf (1999a),2.191653532286764,2.373765609144942
GradientBoosting,LeaveOneSourceOut,27,55,Mangat and Elgarf (1999a),2.191653532286764,2.373765609144942
GradientBoosting,LeaveOneSourceOut,27,56,Mangat and Elgarf (1999a),2.1150499691472033,2.357673345825053
GradientBoosting,LeaveOneSourceOut,27,57,Mangat and Elgarf (1999a),2.1150499691472033,2.357673345825053
GradientBoosting,LeaveOneSourceOut,27,58,Mangat and Elgarf (1999a),2.1150499691472033,2.357673345825053
GradientBoosting,LeaveOneSourceOut,27,59,Mangat and Elgarf (1999a),2.018895041811802,2.3265753628517283
GradientBoosting,LeaveOneSourceOut,27,60,Mangat and Elgarf (1999a),2.018895041811802,2.3265753628517283
GradientBoosting,LeaveOneSourceOut,27,61,Mangat and Elgarf (1999a),2.018895041811802,2.3265753628517283
GradientBoosting,LeaveOneSourceOut,27,62,Mangat and Elgarf (1999a),1.891604804197771,2.288854598454545
GradientBoosting,LeaveOneSourceOut,27,63,Mangat and Elgarf (1999a),1.891604804197771,2.288854598454545
GradientBoosting,LeaveOneSourceOut,27,64,Mangat and Elgarf (1999a),1.891604804197771,2.288854598454545
GradientBoosting,LeaveOneSourceOut,27,65,Mangat and Elgarf (1999a),1.506297153514587,2.190773860044353
GradientBoosting,LeaveOneSourceOut,27,66,Mangat and Elgarf (1999a),1.506297153514587,2.190773860044353
GradientBoosting,LeaveOneSourceOut,27,67,Mangat and Elgarf (1999a),1.506297153514587,2.190773860044353
GradientBoosting,LeaveOneSourceOut,27,68,Mangat and Elgarf (1999a),0.7839015438284094,2.104428944576514
GradientBoosting,LeaveOneSourceOut,27,69,Mangat and Elgarf (1999a),0.7839015438284094,2.104428944576514
GradientBoosting,LeaveOneSourceOut,27,70,Mangat and Elgarf (1999a),0.7839015438284094,2.104428944576514
GradientBoosting,LeaveOneSourceOut,27,71,Mangat and Elgarf (1999a),1.7850704810772584,1.8105988932675328
GradientBoosting,LeaveOneSourceOut,27,72,Mangat and Elgarf (1999a),1.7850704810772584,1.8105988932675328
GradientBoosting,LeaveOneSourceOut,27,73,Mangat and Elgarf (1999a),1.589235205116581,1.7601168045747773
GradientBoosting,LeaveOneSourceOut,27,74,Mangat and Elgarf (1999a),1.589235205116581,1.7601168045747773
GradientBoosting,LeaveOneSourceOut,27,75,Mangat and Elgarf (1999a),1.2584609896100056,1.6859533888186593
GradientBoosting,LeaveOneSourceOut,27,76,Mangat and Elgarf (1999a),1.2584609896100056,1.6859533888186593
GradientBoosting,LeaveOneSourceOut,27,77,Mangat and Elgarf (1999a),0.6043159668533296,1.5904317793792233
GradientBoosting,LeaveOneSourceOut,27,78,Mangat and Elgarf (1999a),0.6043159668533296,1.5904317793792233
GradientBoosting,LeaveOneSourceOut,27,79,Mangat and Elgarf (1999a),2.192770226986839,2.373765609144942
GradientBoosting,LeaveOneSourceOut,27,80,Mangat and Elgarf (1999a),2.192770226986839,2.373765609144942
GradientBoosting,LeaveOneSourceOut,27,81,Mangat and Elgarf (1999a),2.192770226986839,2.373765609144942
GradientBoosting,LeaveOneSourceOut,27,82,Mangat and Elgarf (1999a),2.1174596088673567,2.357673345825053
GradientBoosting,LeaveOneSourceOut,27,83,Mangat and Elgarf (1999a),2.1174596088673567,2.357673345825053
GradientBoosting,LeaveOneSourceOut,27,84,Mangat and Elgarf (1999a),2.1174596088673567,2.357673345825053
GradientBoosting,LeaveOneSourceOut,27,85,Mangat and Elgarf (1999a),2.020222182019865,2.3265753628517283
GradientBoosting,LeaveOneSourceOut,27,86,Mangat and Elgarf (1999a),2.020222182019865,2.3265753628517283
GradientBoosting,LeaveOneSourceOut,27,87,Mangat and Elgarf (1999a),2.020222182019865,2.3265753628517283
GradientBoosting,LeaveOneSourceOut,27,88,Mangat and Elgarf (1999a),1.9459101490553132,2.288854598454545
GradientBoosting,LeaveOneSourceOut,27,89,Mangat and Elgarf (1999a),1.9459101490553132,2.288854598454545
GradientBoosting,LeaveOneSourceOut,27,90,Mangat and Elgarf (1999a),1.9459101490553132,2.288854598454545
GradientBoosting,LeaveOneSourceOut,27,91,Mangat and Elgarf (1999a),1.7119945007591924,2.190773860044353
GradientBoosting,LeaveOneSourceOut,27,92,Mangat and Elgarf (1999a),1.7119945007591924,2.190773860044353
GradientBoosting,LeaveOneSourceOut,27,93,Mangat and Elgarf (1999a),1.7119945007591924,2.190773860044353
GradientBoosting,LeaveOneSourceOut,27,94,Mangat and Elgarf (1999a),1.3711807233098425,2.104428944576514
GradientBoosting,LeaveOneSourceOut,27,95,Mangat and Elgarf (1999a),1.3711807233098425,2.104428944576514
GradientBoosting,LeaveOneSourceOut,27,96,Mangat and Elgarf (1999a),1.3711807233098425,2.104428944576514
GradientBoosting,LeaveOneSourceOut,27,97,Mangat and Elgarf (1999a),2.178155014615869,2.373765609144942
GradientBoosting,LeaveOneSourceOut,27,98,Mangat and Elgarf (1999a),2.178155014615869,2.373765609144942
GradientBoosting,LeaveOneSourceOut,27,99,Mangat and Elgarf (1999a),2.178155014615869,2.373765609144942
GradientBoosting,LeaveOneSourceOut,27,100,Mangat and Elgarf (1999a),2.1102132003465894,2.357673345825053
GradientBoosting,LeaveOneSourceOut,27,101,Mangat and Elgarf (1999a),2.1102132003465894,2.357673345825053
GradientBoosting,LeaveOneSourceOut,27,102,Mangat and Elgarf (1999a),2.1102132003465894,2.357673345825053
GradientBoosting,LeaveOneSourceOut,27,103,Mangat and Elgarf (1999a),2.0068708488450007,2.3265753628517283
GradientBoosting,LeaveOneSourceOut,27,104,Mangat and Elgarf (1999a),2.0068708488450007,2.3265753628517283
GradientBoosting,LeaveOneSourceOut,27,105,Mangat and Elgarf (1999a),2.0068708488450007,2.3265753628517283
GradientBoosting,LeaveOneSourceOut,27,106,Mangat and Elgarf (1999a),1.9065751436566365,2.288854598454545
GradientBoosting,LeaveOneSourceOut,27,107,Mangat and Elgarf (1999a),1.9065751436566365,2.288854598454545
GradientBoosting,LeaveOneSourceOut,27,108,Mangat and Elgarf (1999a),1.9065751436566365,2.288854598454545
GradientBoosting,LeaveOneSourceOut,27,109,Mangat and Elgarf (1999a),1.5748464676644813,2.190773860044353
GradientBoosting,LeaveOneSourceOut,27,110,Mangat and Elgarf (1999a),1.5748464676644813,2.190773860044353
GradientBoosting,LeaveOneSourceOut,27,111,Mangat and Elgarf (1999a),1.5748464676644813,2.190773860044353
GradientBoosting,LeaveOneSourceOut,27,112,Mangat and Elgarf (1999a),1.2837077723447896,2.104428944576514
GradientBoosting,LeaveOneSourceOut,27,113,Mangat and Elgarf (1999a),1.2837077723447896,2.104428944576514
GradientBoosting,LeaveOneSourceOut,27,114,Mangat and Elgarf (1999a),1.2837077723447896,2.104428944576514
GradientBoosting,LeaveOneSourceOut,27,115,Mangat and Elgarf (1999a),2.1644717908644115,2.373765609144942
GradientBoosting,LeaveOneSourceOut,27,116,Mangat and Elgarf (1999a),2.1644717908644115,2.373765609144942
GradientBoosting,LeaveOneSourceOut,27,117,Mangat and Elgarf (1999a),2.1644717908644115,2.373765609144942
GradientBoosting,LeaveOneSourceOut,27,118,Mangat and Elgarf (1999a),2.057962510002712,2.357673345825053
GradientBoosting,LeaveOneSourceOut,27,119,Mangat and Elgarf (1999a),2.057962510002712,2.357673345825053
GradientBoosting,LeaveOneSourceOut,27,120,Mangat and Elgarf (1999a),2.057962510002712,2.357673345825053
GradientBoosting,LeaveOneSourceOut,27,121,Mangat and Elgarf (1999a),1.9530276168241774,2.3265753628517283
GradientBoosting,LeaveOneSourceOut,27,122,Mangat and Elgarf (1999a),1.9530276168241774,2.3265753628517283
GradientBoosting,LeaveOneSourceOut,27,123,Mangat and Elgarf (1999a),1.9530276168241774,2.3265753628517283
GradientBoosting,LeaveOneSourceOut,27,124,Mangat and Elgarf (1999a),1.7698546338400052,2.288854598454545
GradientBoosting,LeaveOneSourceOut,27,125,Mangat and Elgarf (1999a),1.7698546338400052,2.288854598454545
GradientBoosting,LeaveOneSourceOut,27,126,Mangat and Elgarf (1999a),1.7698546338400052,2.288854598454545
GradientBoosting,LeaveOneSourceOut,27,127,Mangat and Elgarf (1999a),1.4085449700547104,2.190773860044353
GradientBoosting,LeaveOneSourceOut,27,128,Mangat and Elgarf (1999a),1.4085449700547104,2.190773860044353
GradientBoosting,LeaveOneSourceOut,27,129,Mangat and Elgarf (1999a),1.4085449700547104,2.190773860044353
GradientBoosting,LeaveOneSourceOut,27,130,Mangat and Elgarf (1999a),0.7419373447293773,2.104428944576514
GradientBoosting,LeaveOneSourceOut,27,131,Mangat and Elgarf (1999a),0.7419373447293773,2.104428944576514
GradientBoosting,LeaveOneSourceOut,27,132,Mangat and Elgarf (1999a),0.7419373447293773,2.104428944576514
GradientBoosting,LeaveOneSourceOut,27,133,Mangat and Elgarf (1999a),1.884034745337226,2.288854598454545
GradientBoosting,LeaveOneSourceOut,27,134,Mangat and Elgarf (1999a),1.884034745337226,2.288854598454545
GradientBoosting,LeaveOneSourceOut,27,135,Mangat and Elgarf (1999a),1.9198594718553708,2.288854598454545
GradientBoosting,LeaveOneSourceOut,27,136,Mangat and Elgarf (1999a),1.9198594718553708,2.288854598454545
GradientBoosting,LeaveOneSourceOut,27,137,Mangat and Elgarf (1999a),1.8961194845522977,2.288854598454545
GradientBoosting,LeaveOneSourceOut,27,138,Mangat and Elgarf (1999a),1.8961194845522977,2.288854598454545
GradientBoosting,LeaveOneSourceOut,27,139,Mangat and Elgarf (1999a),1.8718021769015913,2.288854598454545
GradientBoosting,LeaveOneSourceOut,27,140,Mangat and Elgarf (1999a),1.8718021769015913,2.288854598454545
GradientBoosting,LeaveOneSourceOut,28,752,Nasser et al. (2021),2.772588722239781,3.0998892918884633
GradientBoosting,LeaveOneSourceOut,28,753,Nasser et al. (2021),2.739548868161581,3.0998892918884633
GradientBoosting,LeaveOneSourceOut,28,754,Nasser et al. (2021),2.7265447837383743,3.0998892918884633
GradientBoosting,LeaveOneSourceOut,28,755,Nasser et al. (2021),2.644044871126298,3.1053885115549154
GradientBoosting,LeaveOneSourceOut,28,756,Nasser et al. (2021),2.695977619867941,3.1053885115549154
GradientBoosting,LeaveOneSourceOut,28,757,Nasser et al. (2021),2.5241273629412815,2.948713174650759
GradientBoosting,LeaveOneSourceOut,28,758,Nasser et al. (2021),2.4840729690394228,2.948713174650759
GradientBoosting,LeaveOneSourceOut,28,759,Nasser et al. (2021),2.4397349311412793,2.887276026774176
GradientBoosting,LeaveOneSourceOut,28,760,Nasser et al. (2021),2.498973906999436,2.95133863894343
GradientBoosting,LeaveOneSourceOut,28,761,Nasser et al. (2021),2.3085671646715933,2.9465949406135126
GradientBoosting,LeaveOneSourceOut,28,762,Nasser et al. (2021),2.25758772706331,2.9465949406135126
GradientBoosting,LeaveOneSourceOut,28,763,Nasser et al. (2021),2.0881534822818573,2.879616745374302
GradientBoosting,LeaveOneSourceOut,28,764,Nasser et al. (2021),2.089391872533004,2.8131354767597236
GradientBoosting,LeaveOneSourceOut,28,765,Nasser et al. (2021),2.1587147225743437,2.747502036399133
GradientBoosting,LeaveOneSourceOut,28,766,Nasser et al. (2021),1.9933388426264242,2.747502036399133
GradientBoosting,LeaveOneSourceOut,28,767,Nasser et al. (2021),2.017566137961748,2.684912267245098
GradientBoosting,LeaveOneSourceOut,28,768,Nasser et al. (2021),2.0515563381903004,2.620560517932411
GradientBoosting,LeaveOneSourceOut,29,775,Nasser et al. (2022),3.490428515390098,3.157862841907757
GradientBoosting,LeaveOneSourceOut,29,776,Nasser et al. (2022),3.5004392163118045,3.157862841907757
GradientBoosting,LeaveOneSourceOut,29,777,Nasser et al. (2022),3.414442608412176,3.098672687787833
GradientBoosting,LeaveOneSourceOut,29,778,Nasser et al. (2022),3.4187098067467865,3.098672687787833
GradientBoosting,LeaveOneSourceOut,29,779,Nasser et al. (2022),3.4339872044851463,2.9773760953306625
GradientBoosting,LeaveOneSourceOut,29,780,Nasser et al. (2022),3.395514598526657,2.9053668342715224
GradientBoosting,LeaveOneSourceOut,29,781,Nasser et al. (2022),3.3648791189880436,2.9053668342715224
GradientBoosting,LeaveOneSourceOut,29,782,Nasser et al. (2022),3.1135153092103742,2.632110481791192
GradientBoosting,LeaveOneSourceOut,30,545,Nguyen and Lambert (2018),2.2915241456346207,1.5292766706958505
GradientBoosting,LeaveOneSourceOut,30,546,Nguyen and Lambert (2018),2.262804222982201,1.5258658707597927
GradientBoosting,LeaveOneSourceOut,30,547,Nguyen and Lambert (2018),2.2512917986064953,1.5258658707597927
GradientBoosting,LeaveOneSourceOut,30,548,Nguyen and Lambert (2018),2.2235418856535927,1.5248187971252254
GradientBoosting,LeaveOneSourceOut,30,549,Nguyen and Lambert (2018),2.28949985344539,1.4217147725743073
GradientBoosting,LeaveOneSourceOut,30,550,Nguyen and Lambert (2018),2.2731562823032334,1.5292766706958505
GradientBoosting,LeaveOneSourceOut,30,551,Nguyen and Lambert (2018),2.231089091288976,1.5258658707597927
GradientBoosting,LeaveOneSourceOut,30,552,Nguyen and Lambert (2018),2.2364452904895007,1.5258658707597927
GradientBoosting,LeaveOneSourceOut,30,553,Nguyen and Lambert (2018),2.1972245773362196,1.5248187971252254
GradientBoosting,LeaveOneSourceOut,30,554,Nguyen and Lambert (2018),2.2364452904895007,1.4217147725743073
GradientBoosting,LeaveOneSourceOut,30,555,Nguyen and Lambert (2018),2.2679936482244267,1.5292766706958505
GradientBoosting,LeaveOneSourceOut,30,556,Nguyen and Lambert (2018),2.194999882314108,1.5258658707597927
GradientBoosting,LeaveOneSourceOut,30,557,Nguyen and Lambert (2018),2.2082744135228043,1.5258658707597927
GradientBoosting,LeaveOneSourceOut,30,558,Nguyen and Lambert (2018),2.1972245773362196,1.5248187971252254
GradientBoosting,LeaveOneSourceOut,30,559,Nguyen and Lambert (2018),2.2289385528257473,1.4217147725743073
GradientBoosting,LeaveOneSourceOut,30,560,Nguyen and Lambert (2018),2.2648832258100344,1.5292766706958505
GradientBoosting,LeaveOneSourceOut,30,561,Nguyen and Lambert (2018),2.1114245875328868,1.5258658707597927
GradientBoosting,LeaveOneSourceOut,30,562,Nguyen and Lambert (2018),2.020222182019865,1.5258658707597927
GradientBoosting,LeaveOneSourceOut,30,563,Nguyen and Lambert (2018),2.061786606441115,1.5019064040520553
GradientBoosting,LeaveOneSourceOut,30,564,Nguyen and Lambert (2018),2.1138429683971682,1.4217147725743073
GradientBoosting,LeaveOneSourceOut,31,634,Njeem et al. (2019),3.109953417644014,3.2776763600166436
GradientBoosting,LeaveOneSourceOut,31,635,Njeem et al. (2019),2.9601050959108397,2.6164247423896274
GradientBoosting,LeaveOneSourceOut,32,636,O'Flaherty and Browne (2019),1.9726911717329554,1.7783660401782175
GradientBoosting,LeaveOneSourceOut,32,637,O'Flaherty and Browne (2019),1.922787731634459,1.771178661598594
GradientBoosting,LeaveOneSourceOut,32,638,O'Flaherty and Browne (2019),1.7029282555214393,1.771178661598594
GradientBoosting,LeaveOneSourceOut,32,639,O'Flaherty and Browne (2019),1.6486586255873816,1.5111201643865246
GradientBoosting,LeaveOneSourceOut,32,640,O'Flaherty and Browne (2019),1.4883995840570443,1.429091012621095
GradientBoosting,LeaveOneSourceOut,32,641,O'Flaherty and Browne (2019),0.8878912573524571,1.333920577037324
GradientBoosting,LeaveOneSourceOut,32,642,O'Flaherty and Browne (2019),0.9555114450274363,1.149999258463786
GradientBoosting,LeaveOneSourceOut,32,643,O'Flaherty and Browne (2019),1.937301774518713,1.774412985657234
GradientBoosting,LeaveOneSourceOut,32,644,O'Flaherty and Browne (2019),1.965712776351493,1.7672256070776104
GradientBoosting,LeaveOneSourceOut,32,645,O'Flaherty and Browne (2019),1.8764069432883397,1.7672256070776104
GradientBoosting,LeaveOneSourceOut,32,646,O'Flaherty and Browne (2019),1.7316555451583497,1.7672256070776104
GradientBoosting,LeaveOneSourceOut,32,647,O'Flaherty and Browne (2019),1.7209792871670078,1.699049359975364
GradientBoosting,LeaveOneSourceOut,32,648,O'Flaherty and Browne (2019),1.4770487243883548,1.507167109865541
GradientBoosting,LeaveOneSourceOut,32,649,O'Flaherty and Browne (2019),1.4586150226995167,1.4734650001212732
GradientBoosting,LeaveOneSourceOut,32,650,O'Flaherty and Browne (2019),1.1184149159642893,1.358178051881576
GradientBoosting,LeaveOneSourceOut,32,651,O'Flaherty and Browne (2019),0.959350221334602,1.1460462039428023
GradientBoosting,LeaveOneSourceOut,32,652,O'Flaherty and Browne (2019),1.6448050562713916,1.774412985657234
GradientBoosting,LeaveOneSourceOut,32,653,O'Flaherty and Browne (2019),1.4445632692438664,1.568138550834642
GradientBoosting,LeaveOneSourceOut,32,654,O'Flaherty and Browne (2019),1.423108334242607,1.6521691968282544
GradientBoosting,LeaveOneSourceOut,32,655,O'Flaherty and Browne (2019),1.6789639750827108,1.7506146226157973
GradientBoosting,LeaveOneSourceOut,32,656,O'Flaherty and Browne (2019),1.589235205116581,1.708136309234321
GradientBoosting,LeaveOneSourceOut,32,657,O'Flaherty and Browne (2019),1.4655675420143985,1.631265479465986
GradientBoosting,LeaveOneSourceOut,32,658,O'Flaherty and Browne (2019),0.7561219797213337,1.3299675225163403
GradientBoosting,LeaveOneSourceOut,32,659,O'Flaherty and Browne (2019),1.1878434223960523,1.507167109865541
GradientBoosting,LeaveOneSourceOut,32,660,O'Flaherty and Browne (2019),0.22314355131420976,1.1460462039428023
GradientBoosting,LeaveOneSourceOut,32,661,O'Flaherty and Browne (2019),2.3850863145057892,2.216720280889778
GradientBoosting,LeaveOneSourceOut,32,662,O'Flaherty and Browne (2019),2.3832429960115,2.1288487571909536
GradientBoosting,LeaveOneSourceOut,32,663,O'Flaherty and Browne (2019),2.330200260027019,2.1288487571909536
GradientBoosting,LeaveOneSourceOut,32,664,O'Flaherty and Browne (2019),2.145931282948669,2.1659701656510837
GradientBoosting,LeaveOneSourceOut,32,665,O'Flaherty and Browne (2019),2.0955609235597192,2.1379357064499107
GradientBoosting,LeaveOneSourceOut,32,666,O'Flaherty and Browne (2019),2.0781907597781832,2.064033282968841
GradientBoosting,LeaveOneSourceOut,32,667,O'Flaherty and Browne (2019),2.057962510002712,1.9459662370479942
GradientBoosting,LeaveOneSourceOut,32,668,O'Flaherty and Browne (2019),2.2502386126218363,2.2451914344536497
GradientBoosting,LeaveOneSourceOut,32,669,O'Flaherty and Browne (2019),2.162172939277301,2.194441319214955
GradientBoosting,LeaveOneSourceOut,32,670,O'Flaherty and Browne (2019),2.1815467646169897,2.1664068600137822
GradientBoosting,LeaveOneSourceOut,32,671,O'Flaherty and Browne (2019),1.9754689512968577,2.089536030245447
GradientBoosting,LeaveOneSourceOut,32,672,O'Flaherty and Browne (2019),1.9300710850255671,1.9744373906118657
GradientBoosting,LeaveOneSourceOut,32,673,O'Flaherty and Browne (2019),1.9139771019523042,1.9780236982943442
GradientBoosting,LeaveOneSourceOut,32,674,O'Flaherty and Browne (2019),2.175887439948088,2.2268946560703604
GradientBoosting,LeaveOneSourceOut,33,172,O'Flaherty et al. (2004),1.6448050562713916,1.949691087519037
GradientBoosting,LeaveOneSourceOut,33,173,O'Flaherty et al. (2004),1.6448050562713916,1.949691087519037
GradientBoosting,LeaveOneSourceOut,33,174,O'Flaherty et al. (2004),1.6789639750827108,1.9075001853794382
GradientBoosting,LeaveOneSourceOut,33,175,O'Flaherty et al. (2004),1.589235205116581,1.9092070853708178
GradientBoosting,LeaveOneSourceOut,33,176,O'Flaherty et al. (2004),1.425515074273172,1.8526379065760257
GradientBoosting,LeaveOneSourceOut,33,177,O'Flaherty et al. (2004),1.4655675420143985,1.7788065172127312
GradientBoosting,LeaveOneSourceOut,33,178,O'Flaherty et al. (2004),1.4327007339340465,1.712269397549961
GradientBoosting,LeaveOneSourceOut,33,179,O'Flaherty et al. (2004),1.1908875647772805,1.6885484199800547
GradientBoosting,LeaveOneSourceOut,33,180,O'Flaherty et al. (2004),0.7608058290337602,1.2111497586370081
GradientBoosting,LeaveOneSourceOut,33,181,O'Flaherty et al. (2004),0.23111172096338664,1.1981689664813318
GradientBoosting,LeaveOneSourceOut,33,182,O'Flaherty et al. (2004),2.0541237336955462,2.311660221195708
GradientBoosting,LeaveOneSourceOut,33,183,O'Flaherty et al. (2004),2.0541237336955462,2.311660221195708
GradientBoosting,LeaveOneSourceOut,33,184,O'Flaherty et al. (2004),2.064327903869788,2.1807501533348463
GradientBoosting,LeaveOneSourceOut,33,185,O'Flaherty et al. (2004),1.9286186519452522,2.1807501533348463
GradientBoosting,LeaveOneSourceOut,33,186,O'Flaherty et al. (2004),1.7850704810772584,2.040381644308782
GradientBoosting,LeaveOneSourceOut,33,187,O'Flaherty et al. (2004),1.8389610707123492,1.727634335370185
GradientBoosting,LeaveOneSourceOut,33,188,O'Flaherty et al. (2004),1.6770965609079151,1.6665004630428353
GradientBoosting,LeaveOneSourceOut,33,189,O'Flaherty et al. (2004),1.6074359097634274,1.6665004630428353
GradientBoosting,LeaveOneSourceOut,33,190,O'Flaherty et al. (2004),2.2935443483418965,2.3358758403491353
GradientBoosting,LeaveOneSourceOut,33,191,O'Flaherty et al. (2004),2.2935443483418965,2.3358758403491353
GradientBoosting,LeaveOneSourceOut,33,192,O'Flaherty et al. (2004),2.222459048514761,2.2340788469566175
GradientBoosting,LeaveOneSourceOut,33,193,O'Flaherty et al. (2004),2.180417459019838,2.2340788469566175
GradientBoosting,LeaveOneSourceOut,33,194,O'Flaherty et al. (2004),2.0731719286662407,2.2340788469566175
GradientBoosting,LeaveOneSourceOut,33,195,O'Flaherty et al. (2004),1.9685099809725544,2.2340788469566175
GradientBoosting,LeaveOneSourceOut,33,196,O'Flaherty et al. (2004),2.0425181875752383,2.206779170781786
GradientBoosting,LeaveOneSourceOut,33,197,O'Flaherty et al. (2004),1.8468787684491346,2.171549942466732
GradientBoosting,LeaveOneSourceOut,34,380,Oyado et al. (2011),2.911263116927541,2.8305715573430983
GradientBoosting,LeaveOneSourceOut,34,381,Oyado et al. (2011),2.8027541365715076,2.7524837914315823
GradientBoosting,LeaveOneSourceOut,34,382,Oyado et al. (2011),2.7700855920216627,2.7353720701936517
GradientBoosting,LeaveOneSourceOut,34,383,Oyado et al. (2011),2.8237570088141806,2.7524837914315823
GradientBoosting,LeaveOneSourceOut,34,384,Oyado et al. (2011),2.8524391037275145,2.8846190173582573
GradientBoosting,LeaveOneSourceOut,34,385,Oyado et al. (2011),2.548663615590751,2.6138708000907993
GradientBoosting,LeaveOneSourceOut,34,386,Oyado et al. (2011),2.65745841498615,2.6241956696556317
GradientBoosting,LeaveOneSourceOut,34,387,Oyado et al. (2011),2.6837575085331657,2.6492212225919394
GradientBoosting,LeaveOneSourceOut,34,388,Oyado et al. (2011),2.8741294517947424,2.8910823316745518
GradientBoosting,LeaveOneSourceOut,34,389,Oyado et al. (2011),2.714694743820879,2.327286167945706
GradientBoosting,LeaveOneSourceOut,34,390,Oyado et al. (2011),2.7093826463359885,2.6415124950137354
GradientBoosting,LeaveOneSourceOut,34,391,Oyado et al. (2011),2.5289235352047745,2.31908053553264
GradientBoosting,LeaveOneSourceOut,34,392,Oyado et al. (2011),1.144222799920162,1.8138091730214192
GradientBoosting,LeaveOneSourceOut,35,12,Rodriguez et al. (1997),2.714694743820879,3.1077753649449456
GradientBoosting,LeaveOneSourceOut,35,13,Rodriguez et al. (1997),2.7536607123542622,3.1077753649449456
GradientBoosting,LeaveOneSourceOut,35,14,Rodriguez et al. (1997),2.312535423847214,2.922966350239883
GradientBoosting,LeaveOneSourceOut,35,15,Rodriguez et al. (1997),2.3513752571634776,2.922966350239883
GradientBoosting,LeaveOneSourceOut,35,16,Rodriguez et al. (1997),2.451005098112319,2.9381911638689933
GradientBoosting,LeaveOneSourceOut,35,17,Rodriguez et al. (1997),2.151762203259462,2.809052485897173
GradientBoosting,LeaveOneSourceOut,35,18,Rodriguez et al. (1997),3.586292865338835,3.2587032613262155
GradientBoosting,LeaveOneSourceOut,35,19,Rodriguez et al. (1997),3.6454498961866,3.2587032613262155
GradientBoosting,LeaveOneSourceOut,35,20,Rodriguez et al. (1997),3.367295829986474,3.1203349158019122
GradientBoosting,LeaveOneSourceOut,35,21,Rodriguez et al. (1997),3.6402142821326553,3.228866592399173
GradientBoosting,LeaveOneSourceOut,35,22,Rodriguez et al. (1997),3.6584202466292277,3.228866592399173
GradientBoosting,LeaveOneSourceOut,35,23,Rodriguez et al. (1997),3.339321977944068,3.09851141957315
GradientBoosting,LeaveOneSourceOut,35,24,Rodriguez et al. (1997),3.349904087274605,2.998432659897928
GradientBoosting,LeaveOneSourceOut,35,25,Rodriguez et al. (1997),3.3141860046725258,3.0555454976111425
GradientBoosting,LeaveOneSourceOut,36,681,Shen et al. (2019),2.5603232890727545,3.011040017154276
GradientBoosting,LeaveOneSourceOut,36,682,Shen et al. (2019),2.517696472610991,2.856429048770194
GradientBoosting,LeaveOneSourceOut,36,683,Shen et al. (2019),2.423031246069913,2.856429048770194
GradientBoosting,LeaveOneSourceOut,36,684,Shen et al. (2019),2.377692565480851,2.8390236048403383
GradientBoosting,LeaveOneSourceOut,37,675,Tan et al. (2019),1.7083778602890038,2.04836723465694
GradientBoosting,LeaveOneSourceOut,37,676,Tan et al. (2019),1.7749523509116738,1.836376080622916
GradientBoosting,LeaveOneSourceOut,37,677,Tan et al. (2019),1.601405740736836,1.5030314542136103
GradientBoosting,LeaveOneSourceOut,37,678,Tan et al. (2019),1.9851308622085946,2.080626990161964
GradientBoosting,LeaveOneSourceOut,37,679,Tan et al. (2019),1.9906103279732201,1.8758805713398239
GradientBoosting,LeaveOneSourceOut,37,680,Tan et al. (2019),1.7647307968401356,1.7116190781251381
GradientBoosting,LeaveOneSourceOut,38,160,Torres-Acosta et al. (2003),1.2267122912954254,1.6649726640029066
GradientBoosting,LeaveOneSourceOut,38,161,Torres-Acosta et al. (2003),1.3987168811184478,1.6649726640029066
GradientBoosting,LeaveOneSourceOut,38,162,Torres-Acosta et al. (2003),1.2178757094949273,0.9520579163335098
GradientBoosting,LeaveOneSourceOut,38,163,Torres-Acosta et al. (2003),1.3428648031925547,0.9543928402842333
GradientBoosting,LeaveOneSourceOut,38,164,Torres-Acosta et al. (2003),1.269760544863939,0.9520579163335098
GradientBoosting,LeaveOneSourceOut,38,165,Torres-Acosta et al. (2003),1.2178757094949273,0.7958649807448182
GradientBoosting,LeaveOneSourceOut,38,166,Torres-Acosta et al. (2003),1.2809338454620642,0.8593585570721086
GradientBoosting,LeaveOneSourceOut,38,167,Torres-Acosta et al. (2003),1.2383742310432684,0.8593585570721086
GradientBoosting,LeaveOneSourceOut,38,168,Torres-Acosta et al. (2003),1.3428648031925547,0.986887466810938
GradientBoosting,LeaveOneSourceOut,38,169,Torres-Acosta et al. (2003),1.0612565021243408,0.8549588838981355
GradientBoosting,LeaveOneSourceOut,38,170,Torres-Acosta et al. (2003),1.3029127521808397,1.3703620824202078
GradientBoosting,LeaveOneSourceOut,38,171,Torres-Acosta et al. (2003),1.269760544863939,1.3703620824202078
GradientBoosting,LeaveOneSourceOut,39,280,Torres-Acosta et al. (2007),1.4701758451005926,1.5342858871991942
GradientBoosting,LeaveOneSourceOut,39,281,Torres-Acosta et al. (2007),1.5686159179138452,1.5342858871991942
GradientBoosting,LeaveOneSourceOut,39,282,Torres-Acosta et al. (2007),1.085189268335969,1.3518325163566616
GradientBoosting,LeaveOneSourceOut,39,283,Torres-Acosta et al. (2007),0.4762341789963717,1.1621306775153788
GradientBoosting,LeaveOneSourceOut,39,284,Torres-Acosta et al. (2007),0.7608058290337602,1.1621306775153788
GradientBoosting,LeaveOneSourceOut,39,285,Torres-Acosta et al. (2007),1.1939224684724346,1.2081786090501319
GradientBoosting,LeaveOneSourceOut,39,286,Torres-Acosta et al. (2007),1.2383742310432684,1.1893775004231888
GradientBoosting,LeaveOneSourceOut,39,287,Torres-Acosta et al. (2007),0.9669838461896731,1.1571922874234182
GradientBoosting,LeaveOneSourceOut,39,288,Torres-Acosta et al. (2007),0.8919980393051105,1.1571922874234182
GradientBoosting,LeaveOneSourceOut,39,289,Torres-Acosta et al. (2007),0.14842000511827322,1.151841902164355
GradientBoosting,LeaveOneSourceOut,39,290,Torres-Acosta et al. (2007),1.4701758451005926,1.5342858871991942
GradientBoosting,LeaveOneSourceOut,40,783,Tran et al. (2022),1.0296194171811581,1.9080487431923099
GradientBoosting,LeaveOneSourceOut,40,784,Tran et al. (2022),1.0188473201992472,1.9080487431923099
GradientBoosting,LeaveOneSourceOut,40,785,Tran et al. (2022),0.6931471805599453,0.8930211438886219
GradientBoosting,LeaveOneSourceOut,40,786,Tran et al. (2022),0.7929925155296614,0.8930211438886219
GradientBoosting,LeaveOneSourceOut,40,787,Tran et al. (2022),0.7030975114131134,0.8930211438886219
GradientBoosting,LeaveOneSourceOut,40,788,Tran et al. (2022),0.6418538861723947,0.8930211438886219
GradientBoosting,LeaveOneSourceOut,40,789,Tran et al. (2022),0.5538851132264376,0.8812320809007099
GradientBoosting,LeaveOneSourceOut,40,790,Tran et al. (2022),0.5247285289349821,0.8812320809007099
GradientBoosting,LeaveOneSourceOut,40,791,Tran et al. (2022),0.25464221837358075,0.81808884214763
GradientBoosting,LeaveOneSourceOut,40,792,Tran et al. (2022),0.4824261492442928,0.8102299240719669
GradientBoosting,LeaveOneSourceOut,40,793,Tran et al. (2022),0.44468582126144574,0.5974879304281151
GradientBoosting,LeaveOneSourceOut,40,794,Tran et al. (2022),0.23901690047049992,0.7098273831276032
GradientBoosting,LeaveOneSourceOut,41,795,Van Nguyen et al. (2022),3.0081547935525483,3.118302899532581
GradientBoosting,LeaveOneSourceOut,41,796,Van Nguyen et al. (2022),2.876948737564024,3.0270376999259034
GradientBoosting,LeaveOneSourceOut,41,797,Van Nguyen et al. (2022),2.810606789427302,3.031561576933642
GradientBoosting,LeaveOneSourceOut,41,798,Van Nguyen et al. (2022),2.750470916986162,2.977173493573854
GradientBoosting,LeaveOneSourceOut,41,799,Van Nguyen et al. (2022),2.691243082785829,3.031561576933642
GradientBoosting,LeaveOneSourceOut,41,800,Van Nguyen et al. (2022),2.5680215564985067,3.031561576933642
GradientBoosting,LeaveOneSourceOut,41,801,Van Nguyen et al. (2022),2.6304489550786583,2.977173493573854
GradientBoosting,LeaveOneSourceOut,41,802,Van Nguyen et al. (2022),2.784393767689544,3.0320733344962547
GradientBoosting,LeaveOneSourceOut,41,803,Van Nguyen et al. (2022),2.756205242989257,3.031561576933642
GradientBoosting,LeaveOneSourceOut,42,472,Wang et al. (2014),4.405010471064257,4.438994309498764
GradientBoosting,LeaveOneSourceOut,42,473,Wang et al. (2014),4.370712874773608,4.315989323824904
GradientBoosting,LeaveOneSourceOut,42,474,Wang et al. (2014),4.2903224454635405,4.326257814063443
GradientBoosting,LeaveOneSourceOut,42,475,Wang et al. (2014),4.207226719278773,4.159249012077399
GradientBoosting,LeaveOneSourceOut,42,476,Wang et al. (2014),4.094011173320863,4.09370880031448
GradientBoosting,LeaveOneSourceOut,42,477,Wang et al. (2014),4.418479096676194,4.438994309498764
GradientBoosting,LeaveOneSourceOut,42,478,Wang et al. (2014),4.145987795373939,4.159249012077399
GradientBoosting,LeaveOneSourceOut,42,479,Wang et al. (2014),4.312408567793012,4.438994309498764
GradientBoosting,LeaveOneSourceOut,42,480,Wang et al. (2014),4.020159664032724,4.170431165342732
GradientBoosting,LeaveOneSourceOut,42,481,Wang et al. (2014),4.453300236649965,4.438994309498764
GradientBoosting,LeaveOneSourceOut,42,482,Wang et al. (2014),4.27332721775054,4.170431165342732
GradientBoosting,LeaveOneSourceOut,42,483,Wang et al. (2014),4.100492292808335,4.16940040522147
GradientBoosting,LeaveOneSourceOut,42,484,Wang et al. (2014),3.9900945408483017,3.9869377984504126
GradientBoosting,LeaveOneSourceOut,42,485,Wang et al. (2014),3.902578546600146,3.9869377984504126
GradientBoosting,LeaveOneSourceOut,42,486,Wang et al. (2014),3.766071949943842,3.847295779124492
GradientBoosting,LeaveOneSourceOut,42,487,Wang et al. (2014),3.634159241913703,3.663165520088149
GradientBoosting,LeaveOneSourceOut,42,488,Wang et al. (2014),4.233961566558017,4.16940040522147
GradientBoosting,LeaveOneSourceOut,42,489,Wang et al. (2014),3.9527809979003137,3.847295779124492
GradientBoosting,LeaveOneSourceOut,42,490,Wang et al. (2014),3.998017198595007,4.16940040522147
GradientBoosting,LeaveOneSourceOut,42,491,Wang et al. (2014),3.6823582371236707,3.847295779124492
GradientBoosting,LeaveOneSourceOut,42,492,Wang et al. (2014),4.360292142527875,4.175884274388806
GradientBoosting,LeaveOneSourceOut,42,493,Wang et al. (2014),4.124388683570477,3.7949335649855365
GradientBoosting,LeaveOneSourceOut,43,393,Xia et al. (2012),3.121483478859551,3.5677007845531263
GradientBoosting,LeaveOneSourceOut,43,394,Xia et al. (2012),3.1018924693823817,3.40310406805119
GradientBoosting,LeaveOneSourceOut,43,395,Xia et al. (2012),3.0740812399649675,3.40310406805119
GradientBoosting,LeaveOneSourceOut,43,396,Xia et al. (2012),3.027715319407042,3.382960042638993
GradientBoosting,LeaveOneSourceOut,43,397,Xia et al. (2012),3.0368742168851663,3.2987640266603133
GradientBoosting,LeaveOneSourceOut,43,398,Xia et al. (2012),3.0619880693310564,3.252926176117285
GradientBoosting,LeaveOneSourceOut,43,399,Xia et al. (2012),2.995732273553991,3.2274917085437362
GradientBoosting,LeaveOneSourceOut,43,400,Xia et al. (2012),3.0368742168851663,3.2274917085437362
GradientBoosting,LeaveOneSourceOut,43,401,Xia et al. (2012),2.9559514035421466,3.2274917085437362
GradientBoosting,LeaveOneSourceOut,43,402,Xia et al. (2012),2.9090844668283187,3.2398936720300386
GradientBoosting,LeaveOneSourceOut,43,403,Xia et al. (2012),3.6506582412937387,3.7348605336719154
GradientBoosting,LeaveOneSourceOut,43,404,Xia et al. (2012),3.6041382256588457,3.570013638581242
GradientBoosting,LeaveOneSourceOut,43,405,Xia et al. (2012),3.5553480614894135,3.570013638581242
GradientBoosting,LeaveOneSourceOut,43,406,Xia et al. (2012),3.5403794457954922,3.514153292678364
GradientBoosting,LeaveOneSourceOut,43,407,Xia et al. (2012),3.5564902660681907,3.4739645186000145
GradientBoosting,LeaveOneSourceOut,43,408,Xia et al. (2012),3.5801800371905954,3.3857077056216704
GradientBoosting,LeaveOneSourceOut,43,409,Xia et al. (2012),3.4989288701554906,3.337443216409701
GradientBoosting,LeaveOneSourceOut,43,410,Xia et al. (2012),3.537765824444175,3.2856615157334907
GradientBoosting,LeaveOneSourceOut,43,411,Xia et al. (2012),3.5403794457954922,3.2856615157334907
GradientBoosting,LeaveOneSourceOut,43,412,Xia et al. (2012),3.4697901731277674,3.2704797246321755
GradientBoosting,LeaveOneSourceOut,44,565,Yadav et al. (2018),3.8366526984033693,3.5599096463589155
GradientBoosting,LeaveOneSourceOut,44,566,Yadav et al. (2018),3.7909846770510898,3.488406237021734
GradientBoosting,LeaveOneSourceOut,44,567,Yadav et al. (2018),3.711618941083426,3.2927199624339503
GradientBoosting,LeaveOneSourceOut,44,568,Yadav et al. (2018),3.575710756008298,3.191325065490503
GradientBoosting,LeaveOneSourceOut,44,569,Yadav et al. (2018),3.8588331769140267,3.5899873032322778
GradientBoosting,LeaveOneSourceOut,44,570,Yadav et al. (2018),3.773220602547687,3.54099025824851
GradientBoosting,LeaveOneSourceOut,44,571,Yadav et al. (2018),3.6901286735143684,3.322661734889908
GradientBoosting,LeaveOneSourceOut,44,572,Yadav et al. (2018),3.6184569898173904,3.2076878641537445
GradientBoosting,LeaveOneSourceOut,44,573,Yadav et al. (2018),3.8975183192252643,3.644124672285905
GradientBoosting,LeaveOneSourceOut,44,574,Yadav et al. (2018),3.7918872041881655,3.6006362758510493
GradientBoosting,LeaveOneSourceOut,44,575,Yadav et al. (2018),3.730501128804756,3.4470475226463004
GradientBoosting,LeaveOneSourceOut,44,576,Yadav et al. (2018),3.662792119350618,3.3456526257028534
GradientBoosting,LeaveOneSourceOut,44,577,Yadav et al. (2018),3.934957976710642,3.6849796060378996
GradientBoosting,LeaveOneSourceOut,44,578,Yadav et al. (2018),3.8588331769140267,3.653220297077825
GradientBoosting,LeaveOneSourceOut,44,579,Yadav et al. (2018),3.802654468372781,3.4769892951022583
GradientBoosting,LeaveOneSourceOut,44,580,Yadav et al. (2018),3.7428940424201746,3.3620154243660947
GradientBoosting,LeaveOneSourceOut,45,700,Yalciner et al. (2020),4.65224459337402,4.0258401274889195
GradientBoosting,LeaveOneSourceOut,45,701,Yalciner et al. (2020),4.557134736949535,4.001955900653525
GradientBoosting,LeaveOneSourceOut,45,702,Yalciner et al. (2020),4.361951470242831,3.9452835467540557
GradientBoosting,LeaveOneSourceOut,45,703,Yalciner et al. (2020),4.212720014957422,3.762958533739714
GradientBoosting,LeaveOneSourceOut,45,704,Yalciner et al. (2020),5.084938485288739,4.15304336200007
GradientBoosting,LeaveOneSourceOut,45,705,Yalciner et al. (2020),4.8779416457041185,4.1097997614935124
GradientBoosting,LeaveOneSourceOut,45,706,Yalciner et al. (2020),4.855228269843183,4.037051553266796
GradientBoosting,LeaveOneSourceOut,45,707,Yalciner et al. (2020),4.664853188149265,3.9707406512110626
GradientBoosting,LeaveOneSourceOut,46,581,Ye et al. (2018),2.5079719227189963,2.1759202816660115
GradientBoosting,LeaveOneSourceOut,46,582,Ye et al. (2018),2.488234439880675,2.067411667633978
GradientBoosting,LeaveOneSourceOut,46,583,Ye et al. (2018),2.4782176616372036,2.054957059526806
GradientBoosting,LeaveOneSourceOut,46,584,Ye et al. (2018),2.4807312783775197,2.0295340304357845
GradientBoosting,LeaveOneSourceOut,46,585,Ye et al. (2018),2.4612967841488667,1.9760683591176127
GradientBoosting,LeaveOneSourceOut,46,586,Ye et al. (2018),2.510411940196362,2.054957059526806
GradientBoosting,LeaveOneSourceOut,46,587,Ye et al. (2018),2.4714836294558595,2.054957059526806
GradientBoosting,LeaveOneSourceOut,46,588,Ye et al. (2018),2.424802725718295,2.0295340304357845
GradientBoosting,LeaveOneSourceOut,46,589,Ye et al. (2018),2.3933394562625097,1.9760683591176127
GradientBoosting,LeaveOneSourceOut,46,590,Ye et al. (2018),2.4553061800117097,2.0471479319700405
GradientBoosting,LeaveOneSourceOut,46,591,Ye et al. (2018),2.412335956953165,2.0471479319700405
GradientBoosting,LeaveOneSourceOut,46,592,Ye et al. (2018),2.33214389523559,2.021724902879019
GradientBoosting,LeaveOneSourceOut,46,593,Ye et al. (2018),2.2512917986064953,1.9682592315608474
GradientBoosting,LeaveOneSourceOut,46,594,Ye et al. (2018),2.479894107964456,2.036142412238661
GradientBoosting,LeaveOneSourceOut,46,595,Ye et al. (2018),2.468099531471619,1.9543247732592857
GradientBoosting,LeaveOneSourceOut,46,596,Ye et al. (2018),2.4731713935695794,2.036142412238661
GradientBoosting,LeaveOneSourceOut,46,597,Ye et al. (2018),2.4344901638739844,1.9790951730815574
GradientBoosting,LeaveOneSourceOut,46,598,Ye et al. (2018),2.453587966530573,2.0283332846818953
GradientBoosting,LeaveOneSourceOut,46,599,Ye et al. (2018),2.336986519711378,1.9465156457025203
GradientBoosting,LeaveOneSourceOut,47,496,Yu et al. (2015),3.565298392342582,3.577385508913349
GradientBoosting,LeaveOneSourceOut,47,497,Yu et al. (2015),3.436564525499447,3.463674656302426
GradientBoosting,LeaveOneSourceOut,47,498,Yu et al. (2015),3.4339872044851463,3.457287258021013
GradientBoosting,LeaveOneSourceOut,48,515,Zhang et al. (2016),4.0943445622221,4.214129513888691
GradientBoosting,LeaveOneSourceOut,48,516,Zhang et al. (2016),4.053522567701846,4.10633190478095
GradientBoosting,LeaveOneSourceOut,48,517,Zhang et al. (2016),4.00369019395397,3.949264889100857
GradientBoosting,LeaveOneSourceOut,48,518,Zhang et al. (2016),3.8199077165203406,3.7871099621839677
GradientBoosting,LeaveOneSourceOut,49,685,Zhang et al. (2019),1.851599469584072,1.5836150795548785
GradientBoosting,LeaveOneSourceOut,49,686,Zhang et al. (2019),1.7715567619105355,1.5836150795548785
GradientBoosting,LeaveOneSourceOut,49,687,Zhang et al. (2019),1.7457155307266483,1.5836150795548785
GradientBoosting,LeaveOneSourceOut,49,688,Zhang et al. (2019),1.6845453849209058,1.5584231601225829
GradientBoosting,LeaveOneSourceOut,49,689,Zhang et al. (2019),1.7833912195575383,1.4705356702598595
GradientBoosting,LeaveOneSourceOut,49,690,Zhang et al. (2019),2.532902848056256,1.518081952207727
GradientBoosting,LeaveOneSourceOut,49,691,Zhang et al. (2019),2.413231613081109,1.5833053639551338
GradientBoosting,LeaveOneSourceOut,49,692,Zhang et al. (2019),1.7544036826842861,1.5301058981532307
GradientBoosting,LeaveOneSourceOut,50,600,Zhou et al. (2018),2.714694743820879,3.257123668645429
GradientBoosting,LeaveOneSourceOut,50,601,Zhou et al. (2018),2.580974118534234,3.1995767107408946
GradientBoosting,LeaveOneSourceOut,50,602,Zhou et al. (2018),2.517696472610991,3.184684455724786
GradientBoosting,LeaveOneSourceOut,50,603,Zhou et al. (2018),2.502255288122613,3.1703923641277263
GradientBoosting,LeaveOneSourceOut,50,604,Zhou et al. (2018),2.4765384001174837,3.1965060349373213
GradientBoosting,LeaveOneSourceOut,50,605,Zhou et al. (2018),2.4069451083182885,3.117054323884893
GradientBoosting,LeaveOneSourceOut,50,606,Zhou et al. (2018),2.303584593327129,2.9383327706246023
GradientBoosting,LeaveOneSourceOut,50,607,Zhou et al. (2018),2.150598735996164,2.948561664302667
GradientBoosting,LeaveOneSourceOut,50,608,Zhou et al. (2018),2.028148247292285,2.8785459188200875
GradientBoosting,LeaveOneSourceOut,50,609,Zhou et al. (2018),1.9726911717329554,2.4409401593342577
GradientBoosting,LeaveOneSourceOut,51,494,Zhu and François (2014),3.560477739309412,3.6121631173491613
GradientBoosting,LeaveOneSourceOut,51,495,Zhu and François (2014),3.2913825156549485,3.248731894624028
GradientBoosting,LeaveOneSourceOut,52,519,Zhu and François (2016),3.590715205326705,3.653244578395596
GradientBoosting,LeaveOneSourceOut,52,520,Zhu and François (2016),3.093312601892855,3.4628579142886826
GradientBoosting,LeaveOneSourceOut,53,468,Zhu et al. (2013),3.472587377748828,3.5870565806863093
GradientBoosting,LeaveOneSourceOut,53,469,Zhu et al. (2013),3.471345141564237,3.5870565806863093
GradientBoosting,LeaveOneSourceOut,53,470,Zhu et al. (2013),3.2669037938787824,3.272910267416088
GradientBoosting,LeaveOneSourceOut,53,471,Zhu et al. (2013),2.9496883350525844,3.347078951999117
GradientBoosting,LeaveOneSourceOut,54,499,Zhu et al. (2015),3.708682081410116,3.426580534445091
GradientBoosting,LeaveOneSourceOut,54,500,Zhu et al. (2015),3.636269503841639,3.426580534445091
GradientBoosting,LeaveOneSourceOut,54,501,Zhu et al. (2015),3.5567756134805992,3.1623342750819785
GradientBoosting,LeaveOneSourceOut,54,502,Zhu et al. (2015),3.418054498728578,3.1568885354470013
