reproduction_priority,priority_reason,topic_bucket,doi_clean,title,year,venue,cited_by,is_oa,oa_url,first_author,has_data_hint
completed,case_3_nguyen_concrete,concrete strength,10.1016/j.conbuildmat.2020.120950,Efficient machine learning models for prediction of concrete strengths,2020,Construction and Building Materials,480,True,https://figshare.com/articles/journal_contribution/Efficient_machine_learning_models_for_prediction_of_concrete_strengths/13185386,Hoang X. Nguyen,True
completed,case_2_rahman_sfrc,concrete strength,10.1016/j.engstruct.2020.111743,Data-driven shear strength prediction of steel fiber reinforced concrete beams using machine learning approach,2021,Engineering Structures,317,False,,Jesika Rahman,False
completed,case_s1_stub_cfst,concrete strength,10.1038/s41598-024-53352-1,Prediction of the axial compression capacity of stub CFST columns using machine learning techniques,2024,Scientific Reports,20,True,https://www.nature.com/articles/s41598-024-53352-1.pdf,Khaled Megahed,False
high,repository/data hint in OA URL or metadata,CFST/composite column,10.1016/j.engstruct.2021.112109,Strength prediction of concrete-filled steel tubular columns using Categorical Gradient Boosting algorithm,2021,Engineering Structures,130,True,https://figshare.com/articles/journal_contribution/Strength_prediction_of_concrete-filled_steel_tubular_columns_using_Categorical_Gradient_Boosting_algorithm/14376713,Seunghye Lee,True
high,repository/data hint in OA URL or metadata,beam-column joint,10.1016/j.engstruct.2019.05.048,Load-carrying capacity and mode failure simulation of beam-column joint connection: Application of self-tuning machine learning model,2019,Engineering Structures,94,True,https://figshare.com/articles/journal_contribution/Load-carrying_capacity_and_mode_failure_simulation_of_beam-column_joint_connection_application_of_self-tuning_machine_learning_model/20756125,Afrah Abdulelah Hamzah Alwanas,True
high,repository/data hint in OA URL or metadata,concrete strength,10.1016/j.istruc.2023.104968,Machine learning-based prediction of shear strength of steel reinforced concrete columns subjected to axial compressive load and seismic lateral load,2023,Structures,36,True,https://figshare.com/articles/journal_contribution/Machine_learning-based_prediction_of_shear_strength_of_steel_reinforced_concrete_columns_subjected_to_axial_compressive_load_and_seismic_lateral_load/27576789,Siyuan Wang,True
high,repository/data hint in OA URL or metadata,concrete strength,10.1002/suco.202400541,Numerical and machine learning models for concentrically and eccentrically loaded <scp>CFST</scp> columns confined with <scp>FRP</scp> wraps,2024,Structural Concrete,27,True,https://onlinelibrary.wiley.com/doi/pdfdirect/10.1002/suco.202400541,Chi Xu,True
high,repository/data hint in OA URL or metadata,concrete strength,10.1007/s13369-024-08794-0,Development of a Machine Learning (ML)-Based Computational Model to Estimate the Engineering Properties of Portland Cement Concrete (PCC),2024,Arabian Journal for Science and Engineering,10,True,https://link.springer.com/content/pdf/10.1007/s13369-024-08794-0.pdf,Rodrigo Polo-Mendoza,True
medium,open full text but no repository hint,pile/geotechnical,10.1155/2021/4832864,Influence of Data Splitting on Performance of Machine Learning Models in Prediction of Shear Strength of Soil,2021,Mathematical Problems in Engineering,600,True,https://downloads.hindawi.com/journals/mpe/2021/4832864.pdf,Quang Hung Nguyen,False
medium,open full text but no repository hint,pile/geotechnical,10.1016/j.gsf.2014.10.003,Multivariate adaptive regression splines and neural network models for prediction of pile drivability,2014,Geoscience Frontiers,470,True,https://ars.els-cdn.com/content/image/1-s2.0-S1674987114001364-fx1_lrg.jpg,Wengang Zhang,False
medium,highly cited with quantitative metrics; data status unknown,shear wall,10.1061/(asce)st.1943-541x.0003115,Interpretable XGBoost-SHAP Machine-Learning Model for Shear Strength Prediction of Squat RC Walls,2021,Journal of Structural Engineering,407,False,,De‐Cheng Feng,False
medium,highly cited with quantitative metrics; data status unknown,beam-column joint,10.1016/j.engstruct.2018.01.008,Classification of failure mode and prediction of shear strength for reinforced concrete beam-column joints using machine learning techniques,2018,Engineering Structures,341,False,,Sujith Mangalathu,False
medium,highly cited with quantitative metrics; data status unknown,seismic/fragility,10.1016/j.compstruc.2019.03.004,On the application of machine learning techniques to derive seismic fragility curves,2019,Computers & Structures,305,False,,Jalal Kiani,False
medium,open full text but no repository hint,pile/geotechnical,10.3390/app9081621,Random Forests and Cubist Algorithms for Predicting Shear Strengths of Rockfill Materials,2019,Applied Sciences,234,True,https://www.mdpi.com/2076-3417/9/8/1621/pdf?version=1555591500,Jian Zhou,False
medium,open full text but no repository hint,concrete strength,10.1155/2020/8850535,Applications of Gene Expression Programming for Estimating Compressive Strength of High‐Strength Concrete,2020,Advances in Civil Engineering,212,True,https://downloads.hindawi.com/journals/ace/2020/8850535.pdf,Fahid Aslam,False
medium,open full text but no repository hint,concrete strength,10.3390/ma14154222,Comparative Study of Supervised Machine Learning Algorithms for Predicting the Compressive Strength of Concrete at High Temperature,2021,Materials,205,True,https://www.mdpi.com/1996-1944/14/15/4222/pdf?version=1627539723,Ayaz Ahmad,False
medium,open full text but no repository hint,seismic/fragility,10.1007/s43452-023-00631-9,Machine learning-based seismic response and performance assessment of reinforced concrete buildings,2023,Archives of Civil and Mechanical Engineering,194,True,https://link.springer.com/content/pdf/10.1007/s43452-023-00631-9.pdf,Farzin Kazemi,False
medium,highly cited with quantitative metrics; data status unknown,concrete strength,10.1016/j.conbuildmat.2019.08.042,A comparison of machine learning methods for predicting the compressive strength of field-placed concrete,2019,Construction and Building Materials,190,False,,M.A. DeRousseau,False
medium,open full text but no repository hint,concrete strength,10.3390/ma13214757,Predicting Ultra-High-Performance Concrete Compressive Strength Using Tabular Generative Adversarial Networks,2020,Materials,165,True,https://www.mdpi.com/1996-1944/13/21/4757/pdf?version=1603536486,Afshin Marani,False
medium,open full text but no repository hint,concrete strength,10.3390/ma15217432,Prediction of Ecofriendly Concrete Compressive Strength Using Gradient Boosting Regression Tree Combined with GridSearchCV Hyperparameter-Optimization Techniques,2022,Materials,163,True,https://www.mdpi.com/1996-1944/15/21/7432/pdf?version=1666607446,Zaineb M. Alhakeem,False
medium,open full text but no repository hint,concrete strength,10.3390/polym13193389,Prediction of Geopolymer Concrete Compressive Strength Using Novel Machine Learning Algorithms,2021,Polymers,147,True,https://www.mdpi.com/2073-4360/13/19/3389/pdf?version=1633757886,Ayaz Ahmad,False
medium,highly cited with quantitative metrics; data status unknown,other structural ML,10.1016/j.compstruct.2019.111698,Prediction of shear strength and behavior of RC beams strengthened with externally bonded FRP sheets using machine learning techniques,2019,Composite Structures,144,False,,Omar R. Abuodeh,False
medium,open full text but no repository hint,concrete strength,10.1155/2018/5481705,Comparison of Machine Learning Techniques for the Prediction of Compressive Strength of Concrete,2018,Advances in Civil Engineering,143,True,http://downloads.hindawi.com/journals/ace/2018/5481705.pdf,Palika Chopra,False
medium,open full text but no repository hint,concrete strength,10.3390/su14042404,Compressive Strength Prediction of Lightweight Concrete: Machine Learning Models,2022,Sustainability,137,True,https://www.mdpi.com/2071-1050/14/4/2404/pdf?version=1645269814,Aman Kumar,False
medium,open full text but no repository hint,concrete strength,10.1016/j.resconrec.2022.106812,Modeling the mechanical properties of recycled aggregate concrete using hybrid machine learning algorithms,2022,Resources Conservation and Recycling,134,True,https://ars.els-cdn.com/content/image/1-s2.0-S0921344922006449-ga1_lrg.jpg,Yiming Peng,False
medium,open full text but no repository hint,concrete strength,10.3390/polym14081583,"Forecasting the Mechanical Properties of Plastic Concrete Employing Experimental Data Using Machine Learning Algorithms: DT, MLPNN, SVM, and RF",2022,Polymers,126,True,https://www.mdpi.com/2073-4360/14/8/1583/pdf?version=1650505673,Afnan Nafees,False
medium,open full text but no repository hint,concrete strength,10.1155/2016/2861380,Estimating Compressive Strength of High Performance Concrete with Gaussian Process Regression Model,2016,Advances in Civil Engineering,126,True,https://downloads.hindawi.com/journals/ace/2016/2861380.pdf,Nhat‐Duc Hoang,False
medium,open full text but no repository hint,concrete strength,10.3390/ma14174934,A Comparative Study for the Prediction of the Compressive Strength of Self-Compacting Concrete Modified with Fly Ash,2021,Materials,124,True,https://www.mdpi.com/1996-1944/14/17/4934/pdf?version=1630382054,Furqan Farooq,False
medium,open full text but no repository hint,pile/geotechnical,10.3390/su12062218,A Novel Hybrid Soft Computing Model Using Random Forest and Particle Swarm Optimization for Estimation of Undrained Shear Strength of Soil,2020,Sustainability,120,True,https://www.mdpi.com/2071-1050/12/6/2218/pdf?version=1584113527,Binh Thai Pham,False
medium,open full text but no repository hint,fiber/SFRC shear,10.1111/mice.13164,Chained machine learning model for predicting load capacity and ductility of steel fiber–reinforced concrete beams,2024,Computer-Aided Civil and Infrastructure Engineering,117,True,https://onlinelibrary.wiley.com/doi/pdfdirect/10.1111/mice.13164,Torkan Shafighfard,False
medium,open full text but no repository hint,concrete strength,10.1515/rams-2023-0347,Exploring temperature-resilient recycled aggregate concrete with waste rubber: An experimental and multi-objective optimization analysis,2023,REVIEWS ON ADVANCED MATERIALS SCIENCE,117,True,https://www.degruyter.com/document/doi/10.1515/rams-2023-0347/pdf,Yunchao Tang,False
medium,open full text but no repository hint,other structural ML,10.1111/mice.12476,Convolutional neural network-based wind-induced response estimation model for tall buildings,2019,Computer-Aided Civil and Infrastructure Engineering,115,True,https://onlinelibrary.wiley.com/doi/pdfdirect/10.1111/mice.12476,Byung Kwan Oh,False
medium,highly cited with quantitative metrics; data status unknown,pile/geotechnical,10.1016/j.jobe.2020.102118,A machine learning-based time-dependent shear strength model for corroded reinforced concrete beams,2020,Journal of Building Engineering,114,False,,Bo Fu,False
medium,highly cited with quantitative metrics; data status unknown,shear wall,10.1016/j.jobe.2022.104145,"Prediction of failure modes, strength, and deformation capacity of RC shear walls through machine learning",2022,Journal of Building Engineering,113,False,,Haoyou Zhang,False
medium,open full text but no repository hint,concrete strength,10.3390/ma13173902,A Novel Feature Selection Approach Based on Tree Models for Evaluating the Punching Shear Capacity of Steel Fiber-Reinforced Concrete Flat Slabs,2020,Materials,113,True,https://www.mdpi.com/1996-1944/13/17/3902/pdf,Shasha Lu,False
medium,open full text but no repository hint,concrete strength,10.1038/s41598-022-12890-2,Predicting compressive strength of high-performance concrete with high volume ground granulated blast-furnace slag replacement using boosting machine learning algorithms,2022,Scientific Reports,112,True,https://www.nature.com/articles/s41598-022-12890-2.pdf,Vimal Rathakrishnan,False
medium,open full text but no repository hint,pile/geotechnical,10.1139/cgj-2020-0751,Bayesian neural network-based uncertainty modelling: application to soil compressibility and undrained shear strength prediction,2021,Canadian Geotechnical Journal,111,True,https://utoronto.scholaris.ca/bitstreams/bc9cb698-ca07-4121-ac04-b38f3cf08477/download,Pin Zhang,False
medium,highly cited with quantitative metrics; data status unknown,beam-column joint,10.1061/(asce)st.1943-541x.0002852,Data-Driven Approach to Predict the Plastic Hinge Length of Reinforced Concrete Columns and Its Application,2020,Journal of Structural Engineering,108,False,,De‐Cheng Feng,False
medium,open full text but no repository hint,concrete strength,10.3390/ma15103523,Compressive Strength Evaluation of Ultra-High-Strength Concrete by Machine Learning,2022,Materials,107,True,https://www.mdpi.com/1996-1944/15/10/3523/pdf?version=1652443167,Zhongjie Shen,False
medium,open full text but no repository hint,concrete strength,10.1016/j.conbuildmat.2020.120457,Intelligent mixture design of steel fibre reinforced concrete using a support vector regression and firefly algorithm based multi-objective optimization model,2020,Construction and Building Materials,105,True,https://research-repository.uwa.edu.au/en/publications/a6cd21c8-bfe1-4a95-aa00-22c2fb175664,Yimiao Huang,False
medium,open full text but no repository hint,concrete strength,10.1007/s00603-022-03046-9,Closed-Form Equation for Estimating Unconfined Compressive Strength of Granite from Three Non-destructive Tests Using Soft Computing Models,2022,Rock Mechanics and Rock Engineering,104,True,https://link.springer.com/content/pdf/10.1007/s00603-022-03046-9.pdf,Athanasia D. Skentou,False
medium,open full text but no repository hint,concrete strength,10.3390/ma15082823,Machine Learning Prediction Models to Evaluate the Strength of Recycled Aggregate Concrete,2022,Materials,103,True,https://www.mdpi.com/1996-1944/15/8/2823/pdf?version=1649757314,Xiongzhou Yuan,False
medium,open full text but no repository hint,concrete strength,10.3390/ma13051072,Investigation and Optimization of the C-ANN Structure in Predicting the Compressive Strength of Foamed Concrete,2020,Materials,102,True,https://www.mdpi.com/1996-1944/13/5/1072/pdf?version=1583896591,Dong Van Dao,False
medium,open full text but no repository hint,other structural ML,10.1007/s11831-024-10143-1,Machine-Learning Methods for Estimating Performance of Structural Concrete Members Reinforced with Fiber-Reinforced Polymers,2024,Archives of Computational Methods in Engineering,101,True,https://link.springer.com/content/pdf/10.1007/s11831-024-10143-1.pdf,Farzin Kazemi,False
medium,open full text but no repository hint,concrete strength,10.1371/journal.pone.0265846,Soft computing models to predict the compressive strength of GGBS/FA- geopolymer concrete,2022,PLoS ONE,101,True,https://journals.plos.org/plosone/article/file?id=10.1371/journal.pone.0265846&type=printable,Hemn Unis Ahmed,False
medium,highly cited with quantitative metrics; data status unknown,CFST/composite column,10.1016/j.jobe.2022.104289,Strength prediction of circular CFST columns through advanced machine learning methods,2022,Journal of Building Engineering,101,False,,Chao Hou,False
medium,open full text but no repository hint,concrete strength,10.25073/jaec.202151.308,Assessment of Longstanding Effects of Fly Ash and Silica Fume on the Compressive Strength of Concrete Using Extreme Learning Machine and Artificial Neural Network,2021,Journal of Advanced Engineering and Computation,100,True,https://jaec.vn/index.php/JAEC/article/download/308/152,Mahdi Shariati,False
medium,open full text but no repository hint,concrete strength,10.3390/buildings12020132,Data-Driven Compressive Strength Prediction of Fly Ash Concrete Using Ensemble Learner Algorithms,2022,Buildings,96,True,https://www.mdpi.com/2075-5309/12/2/132/pdf?version=1645523477,Mohammad Sadegh Barkhordari,False
medium,open full text but no repository hint,other structural ML,10.1016/j.istruc.2022.11.140,Shear strength prediction of reinforced concrete beams using machine learning,2022,Structures,95,True,https://www.sciencedirect.com/science/article/pii/S2352012422011791,M.S. Sandeep,False
medium,open full text but no repository hint,pile/geotechnical,10.1016/j.engappai.2024.108573,Predicting the hydraulic response of critical transport infrastructures during extreme flood events,2024,Engineering Applications of Artificial Intelligence,90,True,https://ars.els-cdn.com/content/image/1-s2.0-S0952197624007310-ga1_lrg.jpg,Seyed Mehran Ahmadi,False
medium,open full text but no repository hint,concrete strength,10.1038/s41598-024-66957-3,Machine learning and interactive GUI for concrete compressive strength prediction,2024,Scientific Reports,88,True,https://doi.org/10.1038/s41598-024-66957-3,Mohamed Kamel Elshaarawy,False
medium,open full text but no repository hint,concrete strength,10.1155/2021/6671448,Prediction Compressive Strength of Concrete Containing GGBFS using Random Forest Model,2021,Advances in Civil Engineering,88,True,https://downloads.hindawi.com/journals/ace/2021/6671448.pdf,Hai‐Van Thi,False
medium,open full text but no repository hint,fiber/SFRC shear,10.1016/j.engstruct.2020.111470,Shear capacity prediction of slender reinforced concrete structures with steel fibers using machine learning,2020,Engineering Structures,87,True,https://www.sciencedirect.com/science/article/pii/S0141029620340712,Oladimeji B. Olalusi,False
medium,open full text but no repository hint,concrete strength,10.3390/ma14227034,Computation of High-Performance Concrete Compressive Strength Using Standalone and Ensembled Machine Learning Techniques,2021,Materials,85,True,https://www.mdpi.com/1996-1944/14/22/7034/pdf?version=1637554075,Yue Xu,False
medium,open full text but no repository hint,concrete strength,10.3390/buildings12030302,Compressive Strength Prediction of High-Strength Concrete Using Long Short-Term Memory and Machine Learning Algorithms,2022,Buildings,84,True,https://www.mdpi.com/2075-5309/12/3/302/pdf?version=1646386941,Hong‐Gen Chen,False
medium,open full text but no repository hint,concrete strength,10.1038/s41598-023-30606-y,Comparison of various machine learning algorithms used for compressive strength prediction of steel fiber-reinforced concrete,2023,Scientific Reports,83,True,https://www.nature.com/articles/s41598-023-30606-y.pdf,Seyed Soroush Pakzad,False
medium,open full text but no repository hint,CFST/composite column,10.1016/j.engstruct.2022.115392,Machine learning (ML) based models for predicting the ultimate strength of rectangular concrete-filled steel tube (CFST) columns under eccentric loading,2022,Engineering Structures,83,True,http://hdl.handle.net/10397/96744,Chen Wang,False
medium,open full text but no repository hint,concrete strength,10.3390/ma15093166,Prediction of Compressive Strength of Sustainable Foam Concrete Using Individual and Ensemble Machine Learning Approaches,2022,Materials,78,True,https://www.mdpi.com/1996-1944/15/9/3166/pdf?version=1651061095,Haji Sami Ullah,False
medium,open full text but no repository hint,concrete strength,10.1016/j.clet.2023.100604,Compressive strength of concrete containing furnace blast slag; optimized machine learning-based models,2023,Cleaner Engineering and Technology,75,True,https://doi.org/10.1016/j.clet.2023.100604,Mahdi Kioumarsi,False
medium,open full text but no repository hint,concrete strength,10.1007/s43452-024-01067-5,Active learning on stacked machine learning techniques for predicting compressive strength of alkali-activated ultra-high-performance concrete,2024,Archives of Civil and Mechanical Engineering,74,True,https://link.springer.com/content/pdf/10.1007/s43452-024-01067-5.pdf,Farzin Kazemi,False
medium,open full text but no repository hint,fiber/SFRC shear,10.3390/ma16134578,Interpretable Predictive Modelling of Basalt Fiber Reinforced Concrete Splitting Tensile Strength Using Ensemble Machine Learning Methods and SHAP Approach,2023,Materials,74,True,https://www.mdpi.com/1996-1944/16/13/4578/pdf?version=1687677604,Celal Çakıroğlu,False
medium,open full text but no repository hint,concrete strength,10.1038/s41598-023-47169-7,Unboxing machine learning models for concrete strength prediction using XAI,2023,Scientific Reports,74,True,https://www.nature.com/articles/s41598-023-47169-7.pdf,Sara Elhishi,False
medium,open full text but no repository hint,concrete strength,10.3390/polym14061074,Application of Soft Computing Techniques to Predict the Strength of Geopolymer Composites,2022,Polymers,73,True,https://www.mdpi.com/2073-4360/14/6/1074/pdf?version=1646723809,Qichen Wang,False
medium,open full text but no repository hint,seismic/fragility,10.1002/eqe.3907,Seismic damage prediction of RC buildings using machine learning,2023,Earthquake Engineering & Structural Dynamics,72,True,https://onlinelibrary.wiley.com/doi/pdfdirect/10.1002/eqe.3907,Sanjeev Bhatta,False
medium,open full text but no repository hint,other structural ML,10.3390/s20041059,A Data-Driven Damage Identification Framework Based on Transmissibility Function Datasets and One-Dimensional Convolutional Neural Networks: Verification on a Structural Health Monitoring Benchmark Structure,2020,Sensors,71,True,https://www.mdpi.com/1424-8220/20/4/1059/pdf?version=1581815943,Tongwei Liu,False
medium,open full text but no repository hint,concrete strength,10.3390/app11041949,Application of Artificial Intelligence to Determined Unconfined Compressive Strength of Cement-Stabilized Soil in Vietnam,2021,Applied Sciences,70,True,https://www.mdpi.com/2076-3417/11/4/1949/pdf?version=1614249415,Huong Thi Thanh Ngo,False
medium,open full text but no repository hint,concrete strength,10.3390/ma16114200,Estimating Compressive Strength of Concrete Using Neural Electromagnetic Field Optimization,2023,Materials,69,True,https://www.mdpi.com/1996-1944/16/11/4200/pdf?version=1685974787,Mohammad Reza Akbarzadeh,False
medium,open full text but no repository hint,pile/geotechnical,10.1016/j.jrmge.2021.08.001,Analysis of ground surface settlement in anisotropic clays using extreme gradient boosting and random forest regression models,2021,Journal of Rock Mechanics and Geotechnical Engineering,68,True,https://doi.org/10.1016/j.jrmge.2021.08.001,Runhong Zhang,False
medium,open full text but no repository hint,seismic/fragility,10.3390/app10207153,A Machine Learning Framework for Assessing Seismic Hazard Safety of Reinforced Concrete Buildings,2020,Applied Sciences,68,True,https://www.mdpi.com/2076-3417/10/20/7153/pdf?version=1603183560,Ehsan Harirchian,False
medium,open full text but no repository hint,other structural ML,10.3390/su15031866,Smart and Automated Infrastructure Management: A Deep Learning Approach for Crack Detection in Bridge Images,2023,Sustainability,66,True,https://www.mdpi.com/2071-1050/15/3/1866/pdf?version=1675155699,Hina Inam,False
medium,open full text but no repository hint,shear wall,10.3390/app9122562,Developing a Library of Shear Walls Database and the Neural Network Based Predictive Meta-Model,2019,Applied Sciences,66,True,https://www.mdpi.com/2076-3417/9/12/2562/pdf,Mohammad Javad Moradi,False
medium,open full text but no repository hint,concrete strength,10.3390/ma15155435,"Application of Machine Learning Techniques for Predicting Compressive, Splitting Tensile, and Flexural Strengths of Concrete with Metakaolin",2022,Materials,64,True,https://www.mdpi.com/1996-1944/15/15/5435/pdf?version=1659875338,Hammad Ahmed Shah,False
medium,open full text but no repository hint,concrete strength,10.3389/feart.2023.1112105,Prediction of compressive strength of recycled aggregate concrete using machine learning and Bayesian optimization methods,2023,Frontiers in Earth Science,63,True,https://www.frontiersin.org/articles/10.3389/feart.2023.1112105/pdf,Xinyi Zhang,False
medium,open full text but no repository hint,CFST/composite column,10.1515/rams-2022-0274,An experimental investigation and machine learning-based prediction for seismic performance of steel tubular column filled with recycled aggregate concrete,2022,REVIEWS ON ADVANCED MATERIALS SCIENCE,63,True,https://www.degruyter.com/document/doi/10.1515/rams-2022-0274/pdf,Yunchao Tang,False
medium,open full text but no repository hint,concrete strength,10.1016/j.rineng.2023.101341,Nonlinear finite element and analytical modelling of reinforced concrete filled steel tube columns under axial compression loading,2023,Results in Engineering,62,True,https://doi.org/10.1016/j.rineng.2023.101341,Haytham F. Isleem,False
medium,open full text but no repository hint,concrete strength,10.3390/ma15103478,Prediction of Mechanical Properties of Fly-Ash/Slag-Based Geopolymer Concrete Using Ensemble and Non-Ensemble Machine-Learning Techniques,2022,Materials,62,True,https://www.mdpi.com/1996-1944/15/10/3478/pdf?version=1652357186,Muhammad Nasir Amin,False
medium,open full text but no repository hint,concrete strength,10.3390/ma15124193,Predicting the Compressive Strength of the Cement-Fly Ash–Slag Ternary Concrete Using the Firefly Algorithm (FA) and Random Forest (RF) Hybrid Machine-Learning Method,2022,Materials,62,True,https://www.mdpi.com/1996-1944/15/12/4193/pdf?version=1655118933,Jiandong Huang,False
medium,open full text but no repository hint,seismic/fragility,10.3390/app11167540,A Synthesized Study Based on Machine Learning Approaches for Rapid Classifying Earthquake Damage Grades to RC Buildings,2021,Applied Sciences,60,True,https://www.mdpi.com/2076-3417/11/16/7540/pdf?version=1629196609,Ehsan Harirchian,False
medium,open full text but no repository hint,concrete strength,10.3390/app9194053,"Prediction of Concrete Strength with P-, S-, R-Wave Velocities by Support Vector Machine (SVM) and Artificial Neural Network (ANN)",2019,Applied Sciences,60,True,https://www.mdpi.com/2076-3417/9/19/4053/pdf?version=1569590595,Jong Yil Park,False
medium,open full text but no repository hint,concrete strength,10.3390/buildings12122160,Development of the New Prediction Models for the Compressive Strength of Nanomodified Concrete Using Novel Machine Learning Techniques,2022,Buildings,59,True,https://www.mdpi.com/2075-5309/12/12/2160/pdf?version=1670407266,Sohaib Nazar,False
medium,open full text but no repository hint,concrete strength,10.1155/2022/5802217,High-Performance Concrete Strength Prediction Based on Machine Learning,2022,Computational Intelligence and Neuroscience,58,True,https://downloads.hindawi.com/journals/cin/2022/5802217.pdf,Yanning Liu,False
medium,open full text but no repository hint,concrete strength,10.3390/su152115338,Machine-Learning-Based Comprehensive Properties Prediction and Mixture Design Optimization of Ultra-High-Performance Concrete,2023,Sustainability,57,True,https://www.mdpi.com/2071-1050/15/21/15338/pdf?version=1698388912,Chang Sun,False
medium,open full text but no repository hint,concrete strength,10.3390/buildings12050613,Prediction of Compaction and Strength Properties of Amended Soil Using Machine Learning,2022,Buildings,57,True,https://www.mdpi.com/2075-5309/12/5/613/pdf?version=1652266583,Woubishet Zewdu Taffese,False
medium,open full text but no repository hint,structural deterioration,10.1186/s43251-020-00006-7,Fracture acoustic emission signals identification of stay cables in bridge engineering application using deep transfer learning and wavelet analysis,2020,Advances in Bridge Engineering,57,True,https://aben.springeropen.com/track/pdf/10.1186/s43251-020-00006-7,Haohui Xin,False
medium,open full text but no repository hint,seismic/fragility,10.1016/j.strusafe.2020.101972,Efficient methodology for seismic fragility curves estimation by active learning on Support Vector Machines,2020,Structural Safety,57,True,https://www.sciencedirect.com/science/article/am/pii/S0167473020300515?via%3Dihub,Rémi Sainct,False
medium,open full text but no repository hint,pile/geotechnical,10.1007/s10706-022-02117-6,"Bearing Capacity of Ring Foundations on Anisotropic and Heterogenous Clays: FEA, NGI-ADP, and MARS",2022,Geotechnical and Geological Engineering,55,True,https://link.springer.com/content/pdf/10.1007/s10706-022-02117-6.pdf,Van Qui Lai,False
medium,open full text but no repository hint,concrete strength,10.3390/polym14102128,Compressive Strength Estimation of Geopolymer Composites through Novel Computational Approaches,2022,Polymers,54,True,https://www.mdpi.com/2073-4360/14/10/2128/pdf?version=1653379303,Muhammad Nasir Amin,False
medium,open full text but no repository hint,concrete strength,10.3390/ma15155336,Predicting the Compressive Strength of Concrete Containing Binary Supplementary Cementitious Material Using Machine Learning Approach,2022,Materials,54,True,https://www.mdpi.com/1996-1944/15/15/5336/pdf?version=1659512177,Nozar Moradi,False
medium,open full text but no repository hint,concrete strength,10.1590/s1679-78252014001100002,Prediction of combined effects of fibers and nanosilica on the mechanical properties of self-compacting concrete using artificial neural network,2014,Latin American Journal of Solids and Structures,54,True,https://www.scielo.br/j/lajss/a/4Tq7WyYdhg66nH5p777HZdf/?lang=en&format=pdf,Hamid Reza Tavakoli,False
medium,open full text but no repository hint,concrete strength,10.3390/buildings14030591,Prediction of Compressive Strength of Geopolymer Concrete Landscape Design: Application of the Novel Hybrid RF–GWO–XGBoost Algorithm,2024,Buildings,53,True,https://www.mdpi.com/2075-5309/14/3/591/pdf?version=1708615986,Jun Zhang,False
medium,open full text but no repository hint,concrete strength,10.1016/j.jmrt.2023.08.106,Use of calcium carbonate nanoparticles in production of nano-engineered foamed concrete,2023,Journal of Materials Research and Technology,53,True,https://doi.org/10.1016/j.jmrt.2023.08.106,Md Azree Othuman Mydin,False
medium,open full text but no repository hint,concrete strength,10.3390/ma15010317,Development of Prediction Model to Predict the Compressive Strength of Eco-Friendly Concrete Using Multivariate Polynomial Regression Combined with Stepwise Method,2022,Materials,53,True,https://www.mdpi.com/1996-1944/15/1/317/pdf?version=1641122010,Hamza Imran,False
medium,open full text but no repository hint,pile/geotechnical,10.1155/2020/8845768,Backpropagation Neural Network-Based Machine Learning Model for Prediction of Soil Friction Angle,2020,Mathematical Problems in Engineering,53,True,https://downloads.hindawi.com/journals/mpe/2020/8845768.pdf,Thuy‐Anh Nguyen,False
medium,open full text but no repository hint,concrete strength,10.3390/polym14153065,Compressive Strength Estimation of Steel-Fiber-Reinforced Concrete and Raw Material Interactions Using Advanced Algorithms,2022,Polymers,52,True,https://www.mdpi.com/2073-4360/14/15/3065/pdf?version=1659092061,Kaffayatullah Khan,False
medium,open full text but no repository hint,concrete strength,10.1002/msd2.70017,Explainable Artificial Intelligence (XAI) for Material Design and Engineering Applications: A Quantitative Computational Framework,2025,International journal of mechanical system dynamics,50,True,https://onlinelibrary.wiley.com/doi/pdfdirect/10.1002/msd2.70017,Bokai Liu,False
medium,open full text but no repository hint,structural deterioration,10.3390/s22249920,A Novel CNN-LSTM Hybrid Model for Prediction of Electro-Mechanical Impedance Signal Based Bond Strength Monitoring,2022,Sensors,50,True,https://www.mdpi.com/1424-8220/22/24/9920/pdf?version=1671187205,Lukesh Parida,False
medium,open full text but no repository hint,pile/geotechnical,10.3390/ma13204552,Machine Learning-Based Evaluation of Shear Capacity of Recycled Aggregate Concrete Beams,2020,Materials,49,True,https://www.mdpi.com/1996-1944/13/20/4552/pdf?version=1602675581,Yong Yu,False
medium,open full text but no repository hint,concrete strength,10.1038/s41598-024-77396-5,Compressive behavior of elliptical concrete-filled steel tubular short columns using numerical investigation and machine learning techniques,2024,Scientific Reports,48,True,https://www.nature.com/articles/s41598-024-77396-5.pdf,Hazem Samih Mohamed,False
medium,open full text but no repository hint,fiber/SFRC shear,10.3390/s23083887,Structural Health Monitoring of Composite Pipelines Utilizing Fiber Optic Sensors and an AI-Based Algorithm—A Comprehensive Numerical Study,2023,Sensors,48,True,https://www.mdpi.com/1424-8220/23/8/3887/pdf?version=1681208214,Wael A. Altabey,False
medium,open full text but no repository hint,concrete strength,10.3390/ma15113762,Comparative Study of Experimental and Modeling of Fly Ash-Based Concrete,2022,Materials,48,True,https://www.mdpi.com/1996-1944/15/11/3762/pdf?version=1653398675,Kaffayatullah Khan,False
medium,open full text but no repository hint,concrete strength,10.1155/2021/6629466,"Estimating the Compressive Strength of Cement‐Based Materials with Mining Waste Using Support Vector Machine, Decision Tree, and Random Forest Models",2021,Advances in Civil Engineering,48,True,https://downloads.hindawi.com/journals/ace/2021/6629466.pdf,Hongxia Ma,False
medium,open full text but no repository hint,CFST/composite column,10.3390/molecules25153486,A Novel Hybrid Model Based on a Feedforward Neural Network and One Step Secant Algorithm for Prediction of Load-Bearing Capacity of Rectangular Concrete-Filled Steel Tube Columns,2020,Molecules,48,True,https://www.mdpi.com/1420-3049/25/15/3486/pdf?version=1596189834,Quang Hung Nguyen,False
medium,open full text but no repository hint,other structural ML,10.3390/polym14091824,A Machine Learning Model for Torsion Strength of Externally Bonded FRP-Reinforced Concrete Beams,2022,Polymers,47,True,https://www.mdpi.com/2073-4360/14/9/1824/pdf?version=1651911106,Ahmed Farouk Deifalla,False
medium,open full text but no repository hint,concrete strength,10.1515/ntrev-2022-0069,Compressive strength and anti-chloride ion penetration assessment of geopolymer mortar merging PVA fiber and nano-SiO <sub>2</sub> using RBF–BP composite neural network,2022,Nanotechnology Reviews,46,True,https://www.degruyter.com/document/doi/10.1515/ntrev-2022-0069/pdf,Xuemei Zhang,False
medium,open full text but no repository hint,concrete strength,10.3390/su14020845,Prediction of FRCM–Concrete Bond Strength with Machine Learning Approach,2022,Sustainability,46,True,https://www.mdpi.com/2071-1050/14/2/845/pdf?version=1641997259,Aman Kumar,False
medium,open full text but no repository hint,concrete strength,10.3390/ma15155207,Use of Artificial Intelligence for Predicting Parameters of Sustainable Concrete and Raw Ingredient Effects and Interactions,2022,Materials,46,True,https://www.mdpi.com/1996-1944/15/15/5207/pdf?version=1658929415,Muhammad Nasir Amin,False
medium,open full text but no repository hint,concrete strength,10.3390/app13158889,XGBoost Prediction Model Optimized with Bayesian for the Compressive Strength of Eco-Friendly Concrete Containing Ground Granulated Blast Furnace Slag and Recycled Coarse Aggregate,2023,Applied Sciences,45,True,https://www.mdpi.com/2076-3417/13/15/8889/pdf?version=1690966245,Salwa R. Al-Taai,False
medium,open full text but no repository hint,concrete strength,10.3390/ma14237134,Forecasting Strength of CFRP Confined Concrete Using Multi Expression Programming,2021,Materials,45,True,https://www.mdpi.com/1996-1944/14/23/7134/pdf?version=1637716784,Israr Ilyas,False
medium,open full text but no repository hint,CFST/composite column,10.1155/2020/1236021,Vision‐Based Three‐Dimensional Reconstruction and Monitoring of Large‐Scale Steel Tubular Structures,2020,Advances in Civil Engineering,45,True,https://downloads.hindawi.com/journals/ace/2020/1236021.pdf,Yunchao Tang,False
medium,open full text but no repository hint,pile/geotechnical,10.1038/s41598-025-08526-w,Data-driven assessment of corrosion in reinforced concrete structures embedded in clay dominated soils,2025,Scientific Reports,44,True,https://www.nature.com/articles/s41598-025-08526-w.pdf,Shahbaz Ahmad,False
medium,open full text but no repository hint,seismic/fragility,10.3390/buildings13051258,Computer-Vision and Machine-Learning-Based Seismic Damage Assessment of Reinforced Concrete Structures,2023,Buildings,44,True,https://www.mdpi.com/2075-5309/13/5/1258/pdf?version=1683795639,Yang Xu,False
medium,open full text but no repository hint,concrete strength,10.3390/su14169901,Application of Machine Learning and Multivariate Statistics to Predict Uniaxial Compressive Strength and Static Young’s Modulus Using Physical Properties under Different Thermal Conditions,2022,Sustainability,44,True,https://www.mdpi.com/2071-1050/14/16/9901/pdf?version=1660285913,Naseer Muhammad Khan,False
medium,open full text but no repository hint,concrete strength,10.1016/j.rineng.2024.101837,Forecasting the strength of graphene nanoparticles-reinforced cementitious composites using ensemble learning algorithms,2024,Results in Engineering,43,True,https://ars.els-cdn.com/content/image/1-s2.0-S2590123024000902-ga1_lrg.jpg,Majid Khan,False
medium,open full text but no repository hint,other structural ML,10.1007/s40430-023-04525-y,Structural health monitoring of beam model based on swarm intelligence-based algorithms and neural networks employing FRF,2023,Journal of the Brazilian Society of Mechanical Sciences and Engineering,42,True,https://link.springer.com/content/pdf/10.1007/s40430-023-04525-y.pdf,Fatima Achouri,False
medium,open full text but no repository hint,concrete strength,10.3390/buildings12050550,Shear Strength Prediction of Slender Steel Fiber Reinforced Concrete Beams Using a Gradient Boosting Regression Tree Method,2022,Buildings,42,True,https://www.mdpi.com/2075-5309/12/5/550/pdf?version=1650953900,Amjed Shatnawi,False
medium,open full text but no repository hint,seismic/fragility,10.1007/s10518-020-00960-7,Seismic vulnerability of above-ground storage tanks with unanchored support conditions for Na-tech risks based on Gaussian process regression,2020,Bulletin of Earthquake Engineering,42,True,https://link.springer.com/content/pdf/10.1007/s10518-020-00960-7.pdf,Hoang Nam Phan,False
medium,open full text but no repository hint,other structural ML,10.3390/s24020386,A Deep Learning Approach for Autonomous Compression Damage Identification in Fiber-Reinforced Concrete Using Piezoelectric Lead Zirconate Titanate Transducers,2024,Sensors,41,True,https://www.mdpi.com/1424-8220/24/2/386/pdf?version=1704771564,George M. Sapidis,False
medium,open full text but no repository hint,concrete strength,10.1038/s41598-024-66123-9,Data-driven prediction on critical mechanical properties of engineered cementitious composites based on machine learning,2024,Scientific Reports,41,True,https://www.nature.com/articles/s41598-024-66123-9.pdf,Shuangquan Qing,False
medium,open full text but no repository hint,other structural ML,10.1007/s10999-023-09675-4,Prediction of shear behavior of glass FRP bars-reinforced ultra-highperformance concrete I-shaped beams using machine learning,2023,International Journal of Mechanics and Materials in Design,41,True,https://link.springer.com/content/pdf/10.1007/s10999-023-09675-4.pdf,Asif Ahmed,False
medium,open full text but no repository hint,concrete strength,10.3390/ma15207344,Evaluating the Strength and Impact of Raw Ingredients of Cement Mortar Incorporating Waste Glass Powder Using Machine Learning and SHapley Additive ExPlanations (SHAP) Methods,2022,Materials,41,True,https://www.mdpi.com/1996-1944/15/20/7344/pdf?version=1666360595,Hassan Ali Alkadhim,False
medium,open full text but no repository hint,concrete strength,10.1186/s40069-024-00707-7,High-Strength Self-Compacting Concrete Production Incorporating Supplementary Cementitious Materials: Experimental Evaluations and Machine Learning Modelling,2024,International Journal of Concrete Structures and Materials,40,True,https://link.springer.com/content/pdf/10.1186/s40069-024-00707-7.pdf,Md. Habibur Rahman Sobuz,False
medium,open full text but no repository hint,other structural ML,10.1016/j.soildyn.2022.107739,Fusing damage-sensitive features and domain adaptation towards robust damage classification in real buildings,2023,Soil Dynamics and Earthquake Engineering,40,True,https://doi.org/10.1016/j.soildyn.2022.107739,Panagiotis Martakis,False
medium,open full text but no repository hint,seismic/fragility,10.3390/app12083845,Structural Damage Prediction of a Reinforced Concrete Frame under Single and Multiple Seismic Events Using Machine Learning Algorithms,2022,Applied Sciences,40,True,https://www.mdpi.com/2076-3417/12/8/3845/pdf?version=1649741149,Petros C. Lazaridis,False
medium,open full text but no repository hint,concrete strength,10.3390/buildings12070914,Predicting Compressive Strength of Blast Furnace Slag and Fly Ash Based Sustainable Concrete Using Machine Learning Techniques: An Application of Advanced Decision-Making Approaches,2022,Buildings,40,True,https://www.mdpi.com/2075-5309/12/7/914/pdf?version=1656468646,Syyed Adnan Raheel Shah,False
medium,open full text but no repository hint,concrete strength,10.1016/j.mtcomm.2022.104461,"FAI: Fast, accurate, and intelligent approach and prediction tool for flexural capacity of FRP-RC beams based on super-learner machine learning model",2022,Materials Today Communications,40,True,https://ars.els-cdn.com/content/image/1-s2.0-S2352492822013022-ga1_lrg.jpg,Tadesse G. Wakjira,False
medium,open full text but no repository hint,other structural ML,10.3311/ppci.18901,Shear Strength Prediction of FRP-reinforced Concrete Beams Using an Extreme Gradient Boosting Framework,2021,Periodica Polytechnica Civil Engineering,40,True,https://pp.bme.hu/ci/article/download/18901/9180,A. Kaveh,False
medium,open full text but no repository hint,concrete strength,10.1038/s41598-025-88923-3,Analyzing the influence of manufactured sand and fly ash on concrete strength through experimental and machine learning methods,2025,Scientific Reports,39,True,https://www.nature.com/articles/s41598-025-88923-3.pdf,S Sathvik,False
medium,open full text but no repository hint,concrete strength,10.1038/s41598-024-54513-y,Estimation of compressive strength of waste concrete utilizing fly ash/slag in concrete with interpretable approaches: optimization and graphical user interface (GUI),2024,Scientific Reports,39,True,https://www.nature.com/articles/s41598-024-54513-y.pdf,Yakubu Aminu Dodo,False
medium,open full text but no repository hint,other structural ML,10.1002/stc.2552,Detection method of unlearned pattern using support vector machine in damage classification based on deep neural network,2020,Structural Control and Health Monitoring,39,True,https://onlinelibrary.wiley.com/doi/pdfdirect/10.1002/stc.2552,Masayuki Kohiyama,False
medium,open full text but no repository hint,concrete strength,10.1590/1679-78255297,Application of Support Vector Machine and Finite Element Method to predict the mechanical properties of concrete,2019,Latin American Journal of Solids and Structures,39,True,http://www.scielo.br/pdf/lajss/v16n7/1679-7825-lajss-16-07-e205.pdf,Aldemon Lage Bonifácio,False
medium,open full text but no repository hint,concrete strength,10.1016/j.heliyon.2023.e22036,Comparative analysis of various machine learning algorithms to predict 28-day compressive strength of Self-compacting concrete,2023,Heliyon,38,True,http://www.cell.com/article/S2405844023092447/pdf,Waleed Bin Inqiad,False
medium,open full text but no repository hint,pile/geotechnical,10.1016/j.heliyon.2023.e23375,Intelligent prediction modeling for flexural capacity of FRP-strengthened reinforced concrete beams using machine learning algorithms,2023,Heliyon,38,True,http://www.cell.com/article/S2405844023105834/pdf,Majid Khan,False
medium,open full text but no repository hint,pile/geotechnical,10.3390/buildings12081166,Machine Learning-Based Model for Predicting the Shear Strength of Slender Reinforced Concrete Beams without Stirrups,2022,Buildings,38,True,https://www.mdpi.com/2075-5309/12/8/1166/pdf?version=1659594985,Odey Alshboul,False
medium,open full text but no repository hint,concrete strength,10.3390/su141912876,Computing Models to Predict the Compressive Strength of Engineered Cementitious Composites (ECC) at Various Mix Proportions,2022,Sustainability,38,True,https://www.mdpi.com/2071-1050/14/19/12876/pdf?version=1665462468,Kawan Ghafor,False
medium,open full text but no repository hint,concrete strength,10.1038/s41598-021-94480-2,Application of artificial neural networks and multiple linear regression on local bond stress equation of UHPC and reinforcing steel bars,2021,Scientific Reports,37,True,https://www.nature.com/articles/s41598-021-94480-2.pdf,Ahad Amini Pishro,False
medium,open full text but no repository hint,seismic/fragility,10.1016/j.rineng.2024.101750,Utilizing advanced machine learning approaches to assess the seismic fragility of non-engineered masonry structures,2024,Results in Engineering,36,True,https://doi.org/10.1016/j.rineng.2024.101750,Ehsan Harirchian,False
medium,open full text but no repository hint,concrete strength,10.1016/j.heliyon.2023.e23666,Parametric investigation of rectangular CFRP-confined concrete columns reinforced by inner elliptical steel tubes using finite element and machine learning models,2023,Heliyon,36,True,https://doi.org/10.1016/j.heliyon.2023.e23666,Haytham F. Isleem,False
medium,open full text but no repository hint,concrete strength,10.1038/s41598-023-42270-3,An efficient machine learning approach for predicting concrete chloride resistance using a comprehensive dataset,2023,Scientific Reports,36,True,https://www.nature.com/articles/s41598-023-42270-3.pdf,Maedeh Hosseinzadeh,False
medium,open full text but no repository hint,concrete strength,10.3390/polym14112270,Estimating Flexural Strength of FRP Reinforced Beam Using Artificial Neural Network and Random Forest Prediction Models,2022,Polymers,36,True,https://www.mdpi.com/2073-4360/14/11/2270/pdf?version=1654166342,Kaffayatullah Khan,False
medium,open full text but no repository hint,concrete strength,10.3390/ma16020583,Ensemble Machine-Learning-Based Prediction Models for the Compressive Strength of Recycled Powder Mortar,2023,Materials,35,True,https://www.mdpi.com/1996-1944/16/2/583/pdf?version=1674004609,Zhengyu Fei,False
medium,open full text but no repository hint,concrete strength,10.3390/ma16124366,Hybrid BO-XGBoost and BO-RF Models for the Strength Prediction of Self-Compacting Mortars with Parametric Analysis,2023,Materials,35,True,https://www.mdpi.com/1996-1944/16/12/4366/pdf?version=1686734431,Asif Ahmed,False
medium,open full text but no repository hint,other structural ML,10.1080/19942060.2023.2244558,Estimation and interpretation of equilibrium scour depth around circular bridge piers by using optimized XGBoost and SHAP,2023,Engineering Applications of Computational Fluid Mechanics,35,True,https://www.tandfonline.com/doi/pdf/10.1080/19942060.2023.2244558?download=true,Nasrin Eini,False
medium,open full text but no repository hint,concrete strength,10.3390/ma15249029,Analysis of Unconfined Compressive Strength of Rammed Earth Mixes Based on Artificial Neural Network and Statistical Analysis,2022,Materials,35,True,https://www.mdpi.com/1996-1944/15/24/9029/pdf?version=1671531928,Yassir Mubarak Hussein Mustafa,False
medium,open full text but no repository hint,beam-column joint,10.3390/polym14214717,Investigating the Bond Strength of FRP Laminates with Concrete Using LIGHT GBM and SHAPASH Analysis,2022,Polymers,35,True,https://www.mdpi.com/2073-4360/14/21/4717/pdf?version=1667791966,Muhammad Nasir Amin,False
medium,open full text but no repository hint,concrete strength,10.1016/j.heliyon.2024.e25997,"Hybrid nonlinear regression model versus MARS, MEP, and ANN to evaluate the effect of the size and content of waste tire rubber on the compressive strength of concrete",2024,Heliyon,34,True,https://doi.org/10.1016/j.heliyon.2024.e25997,Dilshad Kakasor Ismael Jaf,False
medium,open full text but no repository hint,other structural ML,10.3390/app14010398,Advances in Machine Learning Techniques Used in Fatigue Life Prediction of Welded Structures,2023,Applied Sciences,34,True,https://www.mdpi.com/2076-3417/14/1/398/pdf?version=1704038908,Sadiq Gbagba,False
medium,open full text but no repository hint,concrete strength,10.3390/su15010641,Machine Learning-Based Predictive Modeling of Sustainable Lightweight Aggregate Concrete,2022,Sustainability,33,True,https://www.mdpi.com/2071-1050/15/1/641/pdf?version=1672385457,Fazal Hussain,False
medium,open full text but no repository hint,shear wall,10.1186/s40069-022-00522-y,Failure Mode Detection of Reinforced Concrete Shear Walls Using Ensemble Deep Neural Networks,2022,International Journal of Concrete Structures and Materials,33,True,https://ijcsm.springeropen.com/counter/pdf/10.1186/s40069-022-00522-y,Mohammad Sadegh Barkhordari,False
medium,open full text but no repository hint,concrete strength,10.3390/buildings14020396,Towards Designing Durable Sculptural Elements: Ensemble Learning in Predicting Compressive Strength of Fiber-Reinforced Nano-Silica Modified Concrete,2024,Buildings,32,True,https://www.mdpi.com/2075-5309/14/2/396/pdf?version=1706781755,Ranran Wang,False
medium,open full text but no repository hint,seismic/fragility,10.3390/app11178258,Multiple-Input Convolutional Neural Network Model for Large-Scale Seismic Damage Assessment of Reinforced Concrete Frame Buildings,2021,Applied Sciences,32,True,https://www.mdpi.com/2076-3417/11/17/8258/pdf,Xiong Chen,False
medium,open full text but no repository hint,concrete strength,10.1038/s41598-024-57896-0,Forecasting the strength of preplaced aggregate concrete using interpretable machine learning approaches,2024,Scientific Reports,31,True,https://www.nature.com/articles/s41598-024-57896-0.pdf,Muhammad Faisal Javed,False
medium,open full text but no repository hint,concrete strength,10.1186/s40069-023-00653-w,Comparative Analysis of Gradient-Boosting Ensembles for Estimation of Compressive Strength of Quaternary Blend Concrete,2024,International Journal of Concrete Structures and Materials,30,True,https://ijcsm.springeropen.com/counter/pdf/10.1186/s40069-023-00653-w,Ismail B. Mustapha,False
medium,open full text but no repository hint,concrete strength,10.1007/s44268-025-00048-8,Prediction of mechanical properties of eco-friendly concrete using machine learning algorithms and partial dependence plot analysis,2025,Smart Construction and Sustainable Cities,29,True,https://link.springer.com/content/pdf/10.1007/s44268-025-00048-8.pdf,Tonmoy Roy,False
medium,open full text but no repository hint,concrete strength,10.1038/s41598-025-10342-1,Machine learning approaches for forecasting compressive strength of high-strength concrete,2025,Scientific Reports,29,True,https://www.nature.com/articles/s41598-025-10342-1.pdf,M.M. Shaaban,False
medium,open full text but no repository hint,concrete strength,10.1038/s41598-023-48044-1,Application of machine learning models in the capacity prediction of RCFST columns,2023,Scientific Reports,29,True,https://www.nature.com/articles/s41598-023-48044-1.pdf,Khaled Megahed,False
medium,open full text but no repository hint,fiber/SFRC shear,10.1038/s41598-023-27613-4,Machine learning models development for shear strength prediction of reinforced concrete beam: a comparative study,2023,Scientific Reports,29,True,https://www.nature.com/articles/s41598-023-27613-4.pdf,Zaher Mundher Yaseen‬‬‬‬‬‬‬‬‬‬‬‬‬‬‬‬,False
medium,open full text but no repository hint,concrete strength,10.1371/journal.pone.0279293,Research on prediction of compressive strength of fly ash and slag mixed concrete based on machine learning,2022,PLoS ONE,29,True,https://journals.plos.org/plosone/article/file?id=10.1371/journal.pone.0279293&type=printable,Meng Wang,False
medium,open full text but no repository hint,seismic/fragility,10.1016/j.istruc.2022.05.008,Artificial neural network for technical feasibility prediction of seismic retrofitting in existing RC structures,2022,Structures,29,True,https://ris.utwente.nl/ws/files/284839334/1_s2.0_S2352012422003708_main.pdf,Roberto Falcone,False
medium,open full text but no repository hint,fiber/SFRC shear,10.3390/ma14247669,A Predictive Mimicker of Fracture Behavior in Fiber Reinforced Concrete Using Machine Learning,2021,Materials,29,True,https://www.mdpi.com/1996-1944/14/24/7669/pdf?version=1639317930,Sikandar Ali Khokhar,False
medium,open full text but no repository hint,other structural ML,10.5194/isprs-archives-xlii-2-w11-187-2019,POINT CLOUD SEGMENTATION USING IMAGE PROCESSING TECHNIQUES FOR STRUCTURAL ANALYSIS,2019,"The international archives of the photogrammetry, remote sensing and spatial information sciences/International archives of the photogrammetry, remote sensing and spatial information sciences",29,True,https://www.int-arch-photogramm-remote-sens-spatial-inf-sci.net/XLII-2-W11/187/2019/isprs-archives-XLII-2-W11-187-2019.pdf,Vincenzo Barrile,False
medium,open full text but no repository hint,concrete strength,10.3390/buildings13092278,ICA-LightGBM Algorithm for Predicting Compressive Strength of Geo-Polymer Concrete,2023,Buildings,28,True,https://www.mdpi.com/2075-5309/13/9/2278/pdf?version=1694081393,Qiang Wang,False
medium,open full text but no repository hint,concrete strength,10.1155/2022/5433474,Compressive Strength Prediction Using Coupled Deep Learning Model with Extreme Gradient Boosting Algorithm: Environmentally Friendly Concrete Incorporating Recycled Aggregate,2022,Complexity,28,True,https://downloads.hindawi.com/journals/complexity/2022/5433474.pdf,Mayadah W. Falah,False
medium,open full text but no repository hint,other structural ML,10.1155/2022/9415863,Extreme Gradient Boosting Algorithm for Predicting Shear Strengths of Rockfill Materials,2022,Complexity,27,True,https://downloads.hindawi.com/journals/complexity/2022/9415863.pdf,Mahmood Ahmad,False
medium,open full text but no repository hint,pile/geotechnical,10.3390/ma15144993,Optimal Dimensioning of Retaining Walls Using Explainable Ensemble Learning Algorithms,2022,Materials,27,True,https://www.mdpi.com/1996-1944/15/14/4993/pdf?version=1658191117,Gebrai̇l Bekdaş,False
medium,open full text but no repository hint,concrete strength,10.1038/s41598-025-90648-2,Advanced predictive machine and deep learning models for round-ended CFST column,2025,Scientific Reports,26,True,https://www.nature.com/articles/s41598-025-90648-2.pdf,Feng Shen,False
medium,open full text but no repository hint,other structural ML,10.3390/app11136084,Auto-Regressive Integrated Moving-Average Machine Learning for Damage Identification of Steel Frames,2021,Applied Sciences,26,True,https://www.mdpi.com/2076-3417/11/13/6084/pdf?version=1625451191,Yuqing Gao,False
medium,open full text but no repository hint,concrete strength,10.1038/s41598-025-89530-y,Assessment of compressive strength of eco-concrete reinforced using machine learning tools,2025,Scientific Reports,25,True,https://www.nature.com/articles/s41598-025-89530-y.pdf,Houcine Bentegri,False
medium,open full text but no repository hint,concrete strength,10.1007/s42452-024-05888-0,Enhancing rock fragmentation assessment in mine blasting through machine learning algorithms: a practical approach,2024,Discover Applied Sciences,25,True,https://link.springer.com/content/pdf/10.1007/s42452-024-05888-0.pdf,Angesom Gebretsadik,False
medium,open full text but no repository hint,concrete strength,10.1016/j.jobe.2023.106523,Multitarget regression models for predicting compressive strength and chloride resistance of concrete,2023,Journal of Building Engineering,25,True,https://doi.org/10.1016/j.jobe.2023.106523,Woubishet Zewdu Taffese,False
medium,open full text but no repository hint,concrete strength,10.1038/s41598-025-97258-y,Predicting axial load capacity in elliptical fiber reinforced polymer concrete steel double skin columns using machine learning,2025,Scientific Reports,24,True,https://www.nature.com/articles/s41598-025-97258-y.pdf,F. T. S. Yu,False
medium,open full text but no repository hint,concrete strength,10.1007/s41062-025-01983-2,Concrete compressive strength classification using hybrid machine learning models and interactive GUI,2025,Innovative Infrastructure Solutions,24,True,https://link.springer.com/content/pdf/10.1007/s41062-025-01983-2.pdf,Mostafa M. Alsaadawi,False
medium,open full text but no repository hint,pile/geotechnical,10.1038/s41598-024-64386-w,Prediction and reliability analysis of shear strength of RC deep beams,2024,Scientific Reports,24,True,https://www.nature.com/articles/s41598-024-64386-w.pdf,Khaled Megahed,False
medium,open full text but no repository hint,concrete strength,10.1038/s41598-024-79502-z,Predicting the compressive strength of high-performance concrete using an interpretable machine learning model,2024,Scientific Reports,24,True,https://www.nature.com/articles/s41598-024-79502-z.pdf,Yushuai Zhang,False
medium,open full text but no repository hint,other structural ML,10.3390/app13074117,Machine Learning Models for Ecofriendly Optimum Design of Reinforced Concrete Columns,2023,Applied Sciences,24,True,https://www.mdpi.com/2076-3417/13/7/4117/pdf?version=1679641283,Yaren Aydın,False
medium,open full text but no repository hint,concrete strength,10.1016/j.cscm.2023.e02581,Prediction of compressive strength of two-stage (preplaced aggregate) concrete using gene expression programming and random forest,2023,Case Studies in Construction Materials,24,True,https://doi.org/10.1016/j.cscm.2023.e02581,Hisham Jahangir Qureshi,False
medium,open full text but no repository hint,concrete strength,10.1038/s41598-024-52046-y,Ensemble learning based compressive strength prediction of concrete structures through real-time non-destructive testing,2024,Scientific Reports,23,True,https://www.nature.com/articles/s41598-024-52046-y.pdf,Harish Chandra Arora,False
medium,open full text but no repository hint,concrete strength,10.3390/app14114819,Novel Insights in Soil Mechanics: Integrating Experimental Investigation with Machine Learning for Unconfined Compression Parameter Prediction of Expansive Soil,2024,Applied Sciences,23,True,https://www.mdpi.com/2076-3417/14/11/4819/pdf?version=1717380493,Ammar Alnmr,False
medium,open full text but no repository hint,concrete strength,10.3390/buildings13051337,The Study of the Effects of Supplementary Cementitious Materials (SCMs) on Concrete Compressive Strength at High Temperatures Using Artificial Neural Network Model,2023,Buildings,23,True,https://www.mdpi.com/2075-5309/13/5/1337/pdf?version=1684570162,Sanaz Ramzi,False
medium,open full text but no repository hint,concrete strength,10.3390/buildings12040456,Prediction of Bond-Slip Behavior of Circular/Squared Concrete-Filled Steel Tubes,2022,Buildings,23,True,https://www.mdpi.com/2075-5309/12/4/456/pdf?version=1650270671,Rabab Allouzi,False
medium,open full text but no repository hint,concrete strength,10.1590/s1983-41952022000500003,Comparison of machine learning techniques to predict the compressive strength of concrete and considerations on model generalization,2022,Revista IBRACON de Estruturas e Materiais,23,True,https://www.scielo.br/j/riem/a/5cnprbFfctmjGpnLnBkVtDS/?lang=en&format=pdf,Rafael Christian Fonseca da Paixão,False
medium,open full text but no repository hint,shear wall,10.5829/ije.2021.34.07a.04,Straightforward Prediction for Responses of the Concrete Shear Wall Buildings Subject to Ground Motions Using Machine Learning Algorithms,2021,International Journal of Engineering,23,True,https://www.ije.ir/article_132523_7c8e37d04aefc42f4b4a0cfedd707d06.pdf,Mohammad Sadegh Barkhordari,False
medium,open full text but no repository hint,concrete strength,10.1007/s41939-025-00737-y,Optimizing high-strength concrete compressive strength with explainable machine learning,2025,Multiscale and Multidisciplinary Modeling Experiments and Design,22,True,https://link.springer.com/content/pdf/10.1007/s41939-025-00737-y.pdf,Sanjog Chhetri Sapkota,False
medium,open full text but no repository hint,concrete strength,10.1038/s41598-025-00943-1,Optimizing sustainable blended concrete mixes using deep learning and multi-objective optimization,2025,Scientific Reports,22,True,https://www.nature.com/articles/s41598-025-00943-1.pdf,Rupesh Kumar Tipu,False
medium,open full text but no repository hint,concrete strength,10.3390/app14093601,Effect of Data Augmentation Using Deep Learning on Predictive Models for Geopolymer Compressive Strength,2024,Applied Sciences,22,True,https://www.mdpi.com/2076-3417/14/9/3601/pdf?version=1713966236,Ho Anh Thu Nguyen,False
medium,open full text but no repository hint,concrete strength,10.3390/ma16227178,"Robust Machine Learning Framework for Modeling the Compressive Strength of SFRC: Database Compilation, Predictive Analysis, and Empirical Verification",2023,Materials,22,True,https://www.mdpi.com/1996-1944/16/22/7178/pdf?version=1700058909,Yassir M. Abbas,False
medium,open full text but no repository hint,concrete strength,10.3390/ma16114034,Metaheuristic Optimization of Random Forest for Predicting Punch Shear Strength of FRP-Reinforced Concrete Beams,2023,Materials,22,True,https://www.mdpi.com/1996-1944/16/11/4034/pdf?version=1685271099,Peixi Yang,False
medium,open full text but no repository hint,concrete strength,10.3390/su15118835,Appraisal of Different Artificial Intelligence Techniques for the Prediction of Marble Strength,2023,Sustainability,22,True,https://www.mdpi.com/2071-1050/15/11/8835/pdf?version=1685525823,Muhammad Saqib Jan,False
medium,open full text but no repository hint,concrete strength,10.3390/buildings12091406,Automatic Modeling for Concrete Compressive Strength Prediction Using Auto-Sklearn,2022,Buildings,22,True,https://www.mdpi.com/2075-5309/12/9/1406/pdf?version=1662551039,Mengnan Shi,False
medium,open full text but no repository hint,CFST/composite column,10.1016/j.istruc.2024.107543,Machine learning-based probabilistic predictions for Concrete Filled Steel Tube (CFST) column axial capacity,2024,Structures,21,True,https://doi.org/10.1016/j.istruc.2024.107543,Dade Lai,False
medium,open full text but no repository hint,concrete strength,10.1007/s00521-024-10128-y,Predicting grout’s uniaxial compressive strength (UCS) for fully grouted rock bolting system by applying ensemble machine learning techniques,2024,Neural Computing and Applications,21,True,https://link.springer.com/content/pdf/10.1007/s00521-024-10128-y.pdf,Shahab Hosseini,False
medium,open full text but no repository hint,concrete strength,10.3390/biomimetics9090544,Explainable Ensemble Learning and Multilayer Perceptron Modeling for Compressive Strength Prediction of Ultra-High-Performance Concrete,2024,Biomimetics,21,True,https://www.mdpi.com/2313-7673/9/9/544/pdf,Yaren Aydın,False
medium,open full text but no repository hint,concrete strength,10.1617/s11527-024-02465-0,Report of RILEM TC 281-CCC: insights into factors affecting the carbonation rate of concrete with SCMs revealed from data mining and machine learning approaches,2024,Materials and Structures,21,True,https://link.springer.com/content/pdf/10.1617/s11527-024-02465-0.pdf,Anya Vollpracht,False
medium,open full text but no repository hint,pile/geotechnical,10.3390/buildings13020564,Predicting the Influence of Soil–Structure Interaction on Seismic Responses of Reinforced Concrete Frame Buildings Using Convolutional Neural Network,2023,Buildings,21,True,https://www.mdpi.com/2075-5309/13/2/564/pdf?version=1677123948,Jishuai Wang,False
medium,open full text but no repository hint,other structural ML,10.3390/ma15196624,Optimization and Predictive Modeling of Reinforced Concrete Circular Columns,2022,Materials,21,True,https://www.mdpi.com/1996-1944/15/19/6624/pdf?version=1663944255,Gebrai̇l Bekdaş,False
medium,open full text but no repository hint,concrete strength,10.1155/2023/5076429,Accuracy Prediction of Compressive Strength of Concrete Incorporating Recycled Aggregate Using Ensemble Learning Algorithms: Multinational Dataset,2023,Advances in Civil Engineering,20,True,https://downloads.hindawi.com/journals/ace/2023/5076429.pdf,Menghay Phoeuk,False
medium,open full text but no repository hint,concrete strength,10.3390/app132111991,Explainable Data-Driven Ensemble Learning Models for the Mechanical Properties Prediction of Concrete Confined by Aramid Fiber-Reinforced Polymer Wraps Using Generative Adversarial Networks,2023,Applied Sciences,20,True,https://www.mdpi.com/2076-3417/13/21/11991/pdf?version=1698940925,Celal Çakıroğlu,False
medium,open full text but no repository hint,concrete strength,10.3390/su141811769,Flexural Strength of Concrete Beams Made of Recycled Aggregates: An Experimental and Soft Computing-Based Study,2022,Sustainability,20,True,https://www.mdpi.com/2071-1050/14/18/11769/pdf?version=1663820091,Ehsan Momeni,False
medium,open full text but no repository hint,concrete strength,10.3390/ma15207045,Prediction of the Compressive Strength of Waste-Based Concretes Using Artificial Neural Network,2022,Materials,20,True,https://www.mdpi.com/1996-1944/15/20/7045/pdf?version=1665633960,Mouhamadou Amar,False
medium,open full text but no repository hint,pile/geotechnical,10.1007/s10346-021-01676-8,Automatic classification of landslide kinematics using acoustic emission measurements and machine learning,2021,Landslides,20,True,https://link.springer.com/content/pdf/10.1007/s10346-021-01676-8.pdf,Lizheng Deng,False
medium,open full text but no repository hint,seismic/fragility,10.1109/access.2021.3065837,A Data-Driven Building’s Seismic Response Estimation Method Using a Deep Convolutional Neural Network,2021,IEEE Access,20,True,https://ieeexplore.ieee.org/ielx7/6287639/9312710/09377668.pdf,Jinke Li,False
medium,open full text but no repository hint,concrete strength,10.1038/s41598-025-89263-y,Advanced and hybrid machine learning techniques for predicting compressive strength in palm oil fuel ash-modified concrete with SHAP analysis,2025,Scientific Reports,19,True,https://www.nature.com/articles/s41598-025-89263-y.pdf,Tariq Ali,False
medium,open full text but no repository hint,pile/geotechnical,10.1016/j.istruc.2025.108519,An efficient prediction of punching shear strength in reinforced concrete slabs through boosting methods and metaheuristic algorithms,2025,Structures,19,True,https://doi.org/10.1016/j.istruc.2025.108519,Erfan Khajavi,False
medium,open full text but no repository hint,concrete strength,10.1371/journal.pone.0297364,Evaluation and estimation of compressive strength of concrete masonry prism using gradient boosting algorithm,2024,PLoS ONE,19,True,https://journals.plos.org/plosone/article/file?id=10.1371/journal.pone.0297364&type=printable,Lanh Si Ho,False
medium,open full text but no repository hint,concrete strength,10.3389/fmats.2023.1187094,Machine learning-based evaluation of parameters of high-strength concrete and raw material interaction at elevated temperatures,2023,Frontiers in Materials,19,True,https://www.frontiersin.org/articles/10.3389/fmats.2023.1187094/pdf,Gongmei Chen,False
medium,open full text but no repository hint,fiber/SFRC shear,10.3390/math10162918,Machine Learning-Based Models for Shear Strength Prediction of UHPFRC Beams,2022,Mathematics,19,True,https://www.mdpi.com/2227-7390/10/16/2918/pdf?version=1661245877,Xiangyong Ni,False
medium,open full text but no repository hint,concrete strength,10.1007/s11709-022-0880-7,Development of deep neural network model to predict the compressive strength of FRCM confined columns,2022,Frontiers of Structural and Civil Engineering,19,True,https://link.springer.com/content/pdf/10.1007/s11709-022-0880-7.pdf,Khuong Le‐Nguyen,False
medium,open full text but no repository hint,concrete strength,10.1038/s41598-024-74990-5,Circular rubber aggregate CFST stub columns under axial compression: prediction and reliability analysis,2024,Scientific Reports,18,True,https://www.nature.com/articles/s41598-024-74990-5.pdf,Khaled Megahed,False
medium,open full text but no repository hint,pile/geotechnical,10.3390/app14072716,Prediction of Soil Compaction Parameters Using Machine Learning Models,2024,Applied Sciences,18,True,https://www.mdpi.com/2076-3417/14/7/2716/pdf?version=1711269881,Bingyi Li,False
medium,open full text but no repository hint,concrete strength,10.3390/buildings14010225,Strength Reduction Due to Acid Attack in Cement Mortar Containing Waste Eggshell and Glass: A Machine Learning-Based Modeling Study,2024,Buildings,18,True,https://www.mdpi.com/2075-5309/14/1/225/pdf?version=1705226389,Fei Zhu,False
medium,open full text but no repository hint,concrete strength,10.3390/su151612345,Prediction of Compressive Strength and Elastic Modulus for Recycled Aggregate Concrete Based on AutoGluon,2023,Sustainability,18,True,https://www.mdpi.com/2071-1050/15/16/12345/pdf?version=1692002201,Chenxi Lin,False
medium,open full text but no repository hint,pile/geotechnical,10.1186/s43251-020-00027-2,Classifying bridges for the risk of fire hazard via competitive machine learning,2021,Advances in Bridge Engineering,18,True,https://aben.springeropen.com/track/pdf/10.1186/s43251-020-00027-2,Venkatesh Kodur,False
medium,open full text but no repository hint,CFST/composite column,10.1038/s41598-025-85371-x,Symbolic regression for strength prediction of eccentrically loaded concrete-filled steel tubular columns,2025,Scientific Reports,17,True,https://www.nature.com/articles/s41598-025-85371-x.pdf,Khaled Megahed,False
medium,open full text but no repository hint,concrete strength,10.1016/j.heliyon.2025.e41924,"Experimental investigation on fresh, hardened and durability characteristics of partially replaced E-waste plastic concrete: A sustainable concept with machine learning approaches",2025,Heliyon,17,True,https://doi.org/10.1016/j.heliyon.2025.e41924,Md Hamidul Islam,False
medium,open full text but no repository hint,other structural ML,10.1038/s41598-025-13444-y,Enhancing shear strength predictions of UHPC beams through hybrid machine learning approaches,2025,Scientific Reports,17,True,https://www.nature.com/articles/s41598-025-13444-y.pdf,Sanjog Chhetri Sapkota,False
medium,open full text but no repository hint,concrete strength,10.1515/eng-2022-0604,Machine learning-based compressive strength estimation in nanomaterial-modified lightweight concrete,2024,Open Engineering,17,True,https://www.degruyterbrill.com/document/doi/10.1515/eng-2022-0604/pdf,Nashat S. Alghrairi,False
medium,open full text but no repository hint,other structural ML,10.1016/j.compstruct.2024.118632,An interpretable machine learning-based model for shear resistance prediction of CFRP-strengthened RC beams using experimental and synthetic dataset,2024,Composite Structures,17,True,https://doi.org/10.1016/j.compstruct.2024.118632,Amirhossein Mohammadi,False
medium,open full text but no repository hint,CFST/composite column,10.3390/ma15093309,Prediction of Bearing Capacity of the Square Concrete-Filled Steel Tube Columns: An Application of Metaheuristic-Based Neural Network Models,2022,Materials,17,True,https://www.mdpi.com/1996-1944/15/9/3309/pdf?version=1651752857,Payam Sarir,False
medium,open full text but no repository hint,concrete strength,10.13189/cea.2022.100605,Application of Artificial Neural Network to Predict the Properties of Permeable Concrete,2022,Civil Engineering and Architecture,17,True,http://www.hrpub.org/download/20220830/CEA5-14827605.pdf,Hatem Almasaeid,False
medium,open full text but no repository hint,seismic/fragility,10.1080/10286608.2021.1895126,Reliability-based retrofit assessment of coastal bridges subjected to wave forces using 3D CFD simulation and metamodeling,2021,Civil Engineering and Environmental Systems,17,True,http://ira.lib.polyu.edu.hk/bitstream/10397/97462/1/Zhu_Reliability-Based_Retrofit_Assessment.pdf,Deming Zhu,False
medium,open full text but no repository hint,other structural ML,10.3390/infrastructures6120170,A Hybrid Surrogate Model for the Prediction of Solitary Wave Forces on the Coastal Bridge Decks,2021,Infrastructures,17,True,https://www.mdpi.com/2412-3811/6/12/170/pdf?version=1638412219,Jinsheng Wang,False
medium,open full text but no repository hint,concrete strength,10.1038/s41598-025-11601-x,Predicting the mechanical performance of industrial waste incorporated sustainable concrete using hybrid machine learning modeling and parametric analyses,2025,Scientific Reports,16,True,https://www.nature.com/articles/s41598-025-11601-x.pdf,Mohammad Amran Uddin,False
medium,open full text but no repository hint,concrete strength,10.1038/s41598-024-73504-7,Experimental Investigation and Machine Learning Prediction of Mechanical Properties of Rubberized Concrete for Sustainable Construction,2024,Scientific Reports,16,True,https://www.nature.com/articles/s41598-024-73504-7.pdf,T. Senthil Vadivel,False
medium,open full text but no repository hint,fiber/SFRC shear,10.3390/buildings14051223,Accurate Prediction of Punching Shear Strength of Steel Fiber-Reinforced Concrete Slabs: A Machine Learning Approach with Data Augmentation and Explainability,2024,Buildings,16,True,https://www.mdpi.com/2075-5309/14/5/1223/pdf?version=1714040503,Cheng Cheng,False
medium,open full text but no repository hint,concrete strength,10.1016/j.engstruct.2024.119485,Data-driven shear strength prediction of RC beams strengthened with FRCM jackets using machine learning approach,2024,Engineering Structures,16,True,https://doi.org/10.1016/j.engstruct.2024.119485,Xiangsheng Liu,False
medium,open full text but no repository hint,fiber/SFRC shear,10.1016/j.heliyon.2024.e32240,Prediction of constitutive model for basalt fiber reinforced concrete based on PSO-KNN,2024,Heliyon,16,True,http://www.cell.com/article/S2405844024082719/pdf,Meng Zhu,False
medium,open full text but no repository hint,seismic/fragility,10.1002/eqe.4254,Efficient seismic fragility analysis considering uncertainties in structural systems and ground motions,2024,Earthquake Engineering & Structural Dynamics,16,True,https://onlinelibrary.wiley.com/doi/pdfdirect/10.1002/eqe.4254,Jungho Kim,False
medium,open full text but no repository hint,concrete strength,10.1016/j.heliyon.2023.e22502,Estimation of concrete materials uniaxial compressive strength using soft computing techniques,2023,Heliyon,16,True,http://www.cell.com/article/S2405844023097104/pdf,Matiur Rahman Raju,False
medium,open full text but no repository hint,concrete strength,10.1155/2023/3692090,Machine Learning-Based Prediction of Unconfined Compressive Strength of Sands Treated by Microbially-Induced Calcite Precipitation (MICP): A Gradient Boosting Approach and Correlation Analysis,2023,Advances in Civil Engineering,16,True,https://downloads.hindawi.com/journals/ace/2023/3692090.pdf,Saeed Talamkhani,False
medium,open full text but no repository hint,concrete strength,10.3390/buildings13102451,Prediction of Progressive Frost Damage Development of Concrete Using Machine-Learning Algorithms,2023,Buildings,16,True,https://www.mdpi.com/2075-5309/13/10/2451/pdf?version=1695793124,Muhammad Atasham ul haq,False
medium,open full text but no repository hint,beam-column joint,10.1155/2023/7552337,Automated Pixel-Level Detection of Expansion Joints on Asphalt Pavement Using a Deep-Learning-Based Approach,2023,Structural Control and Health Monitoring,16,True,https://downloads.hindawi.com/journals/schm/2023/7552337.pdf,Anzheng He,False
medium,open full text but no repository hint,seismic/fragility,10.3390/su14095274,Fast Seismic Assessment of Built Urban Areas with the Accuracy of Mechanical Methods Using a Feedforward Neural Network,2022,Sustainability,16,True,https://www.mdpi.com/2071-1050/14/9/5274/pdf?version=1651056167,Jaime de Miguel-Rodríguez,False
medium,open full text but no repository hint,other structural ML,10.1186/s44147-025-00623-x,Predictive modeling of longitudinal cracking in CRCP using PSO-tuned gradient boosting machines,2025,Journal of Engineering and Applied Science,15,True,https://jeas.springeropen.com/counter/pdf/10.1186/s44147-025-00623-x,Ali Alnaqbi,False
medium,open full text but no repository hint,concrete strength,10.32604/cmes.2023.043384,Prediction of Geopolymer Concrete Compressive Strength Using Convolutional Neural Networks,2024,Computer Modeling in Engineering & Sciences,15,True,https://www.techscience.com/CMES/online/detail/19738/pdf,Kolli Ramujee,False
medium,open full text but no repository hint,concrete strength,10.1007/s44242-024-00042-w,Revolutionizing engineered cementitious composite materials (ECC): the impact of XGBoost-SHAP analysis on polyvinyl alcohol (PVA) based ECC predictions,2024,Low-carbon Materials and Green Construction,15,True,https://link.springer.com/content/pdf/10.1007/s44242-024-00042-w.pdf,Md Nasir Uddin,False
medium,open full text but no repository hint,concrete strength,10.3390/math12162542,Leveraging a Hybrid Machine Learning Approach for Compressive Strength Estimation of Roller-Compacted Concrete with Recycled Aggregates,2024,Mathematics,15,True,https://www.mdpi.com/2227-7390/12/16/2542/pdf?version=1723883819,Nhat‐Duc Hoang,False
medium,open full text but no repository hint,concrete strength,10.3390/buildings14123851,A Comprehensive Study on the Estimation of Concrete Compressive Strength Using Machine Learning Models,2024,Buildings,15,True,https://www.mdpi.com/2075-5309/14/12/3851/pdf?version=1732954998,Yusuf Tahir ALTUNCI,False
medium,open full text but no repository hint,concrete strength,10.3390/buildings14030615,Towards a Reliable Design of Geopolymer Concrete for Green Landscapes: A Comparative Study of Tree-Based and Regression-Based Models,2024,Buildings,15,True,https://www.mdpi.com/2075-5309/14/3/615/pdf?version=1708958065,Ranran Wang,False
medium,open full text but no repository hint,concrete strength,10.3390/math12081267,Predicting Compressive Strength of High-Performance Concrete Using Hybridization of Nature-Inspired Metaheuristic and Gradient Boosting Machine,2024,Mathematics,15,True,https://www.mdpi.com/2227-7390/12/8/1267/pdf?version=1713790450,Nhat‐Duc Hoang,False
medium,open full text but no repository hint,concrete strength,10.2478/sgem-2024-0020,Intelligent Models for Prediction of Compressive Strength of Geopolymer Pervious Concrete Hybridized with Agro-Industrial and Construction-Demolition Wastes,2024,Studia Geotechnica et Mechanica,15,True,https://doi.org/10.2478/sgem-2024-0020,Shriram Marathe,False
medium,open full text but no repository hint,pile/geotechnical,10.3390/buildings13122914,Failure Mode Identification and Shear Strength Prediction of Rectangular Hollow RC Columns Using Novel Hybrid Machine Learning Models,2023,Buildings,15,True,https://www.mdpi.com/2075-5309/13/12/2914/pdf?version=1700730345,Viet‐Linh Tran,False
medium,open full text but no repository hint,concrete strength,10.3390/app13031953,A Machine Learning Approach to Prediction of the Compressive Strength of Segregated Lightweight Aggregate Concretes Using Ultrasonic Pulse Velocity,2023,Applied Sciences,15,True,https://www.mdpi.com/2076-3417/13/3/1953/pdf?version=1675347322,Violeta Migallón,False
medium,open full text but no repository hint,concrete strength,10.1038/s41598-025-85585-z,Experimental and analytical study on axial behaviour of square corrugated concrete filled single and double skin tube stub columns,2025,Scientific Reports,14,True,https://www.nature.com/articles/s41598-025-85585-z.pdf,Aya Mohsen Handousa,False
medium,open full text but no repository hint,concrete strength,10.1007/s44290-025-00231-x,"Assessing the impact of pozzolanic materials on the mechanical characteristics of UHPC: analysis, and modeling study",2025,Discover Civil Engineering,14,True,https://link.springer.com/content/pdf/10.1007/s44290-025-00231-x.pdf,Diar Fatah Abdulrahman Askari,False
medium,open full text but no repository hint,seismic/fragility,10.1007/s44285-024-00013-4,Deep learning enabled seismic fragility evaluation of structures subjected to mainshock-aftershock earthquakes,2024,Urban Lifeline,14,True,https://link.springer.com/content/pdf/10.1007/s44285-024-00013-4.pdf,Shan He,False
medium,open full text but no repository hint,concrete strength,10.1186/s40537-023-00739-y,Practical ANN prediction models for the axial capacity of square CFST columns,2023,Journal Of Big Data,14,True,https://journalofbigdata.springeropen.com/counter/pdf/10.1186/s40537-023-00739-y,Filip Đorđević,False
medium,open full text but no repository hint,beam-column joint,10.3390/su16010011,The Efficiency of Using Machine Learning Techniques in Fiber-Reinforced-Polymer Applications in Structural Engineering,2023,Sustainability,14,True,https://www.mdpi.com/2071-1050/16/1/11/pdf?version=1702967909,Mohammad Alhusban,False
medium,open full text but no repository hint,concrete strength,10.3390/ma16134671,Prediction and Global Sensitivity Analysis of Long-Term Deflections in Reinforced Concrete Flexural Structures Using Surrogate Models,2023,Materials,14,True,https://www.mdpi.com/1996-1944/16/13/4671/pdf?version=1688009258,W.J. Dan,False
medium,open full text but no repository hint,beam-column joint,10.1155/2023/9761154,Condition Assessment of Highway Bridges Using Textual Data and Natural Language Processing- (NLP-) Based Machine Learning Models,2023,Structural Control and Health Monitoring,14,True,https://downloads.hindawi.com/journals/schm/2023/9761154.pdf,De‐Cheng Feng,False
medium,open full text but no repository hint,seismic/fragility,10.3311/ppci.19323,Efficiency of Hybrid Algorithms for Estimating the Shear Strength of Deep Reinforced Concrete Beams,2022,Periodica Polytechnica Civil Engineering,14,True,https://pp.bme.hu/ci/article/download/19323/9314,Mohammad Sadegh Barkhordari,False
medium,open full text but no repository hint,seismic/fragility,10.1155/2022/5504283,Machine Learning-Based Fragility Assessment of Reinforced Concrete Buildings,2022,Computational Intelligence and Neuroscience,14,True,https://downloads.hindawi.com/journals/cin/2022/5504283.pdf,Abdur Rasheed,False
medium,open full text but no repository hint,concrete strength,10.1038/s41598-025-04762-2,Machine learning prediction and explainability analysis of high strength glass powder concrete using SHAP PDP and ICE,2025,Scientific Reports,13,True,https://www.nature.com/articles/s41598-025-04762-2.pdf,Muhammad Sarmad Mahmood,False
medium,open full text but no repository hint,concrete strength,10.1038/s41598-025-13176-z,Compressive strength modelling of cenosphere and copper slag-based geopolymer concrete using deep learning model,2025,Scientific Reports,13,True,https://www.nature.com/articles/s41598-025-13176-z.pdf,G. K. Arunvivek,False
medium,open full text but no repository hint,other structural ML,10.1186/s44147-025-00706-9,A hybrid machine learning method of support vector regression with particle swarm optimization for predicting IRI in continuously reinforced concrete pavement,2025,Journal of Engineering and Applied Science,13,True,https://link.springer.com/content/pdf/10.1186/s44147-025-00706-9.pdf,Ali Alnaqbi,False
medium,open full text but no repository hint,structural deterioration,10.53941/bci.2025.100007,Prediction of Chloride Resistance Level in Concrete Using Optimized Tree-Based Machine Learning Models,2025,Bulletin of Computational Intelligence,13,True,https://media.sciltp.com/articles/2509001339/2509001339.pdf,Mohamed Ghrici,False
medium,open full text but no repository hint,concrete strength,10.1515/rams-2024-0050,Predicting mechanical properties of sustainable green concrete using novel machine learning: Stacking and gene expression programming,2024,REVIEWS ON ADVANCED MATERIALS SCIENCE,13,True,https://www.degruyterbrill.com/document/doi/10.1515/rams-2024-0050/pdf,Muhammad Waqas Ashraf,False
medium,open full text but no repository hint,concrete strength,10.3390/buildings14051198,Prediction of the Properties of Vibro-Centrifuged Variatropic Concrete in Aggressive Environments Using Machine Learning Methods,2024,Buildings,13,True,https://www.mdpi.com/2075-5309/14/5/1198/pdf?version=1713882923,Alexey N. Beskopylny,False
medium,open full text but no repository hint,concrete strength,10.1016/j.mtcomm.2024.109150,Optimizing compressive strength of quaternary-blended cement concrete through ensemble-instance-based machine learning,2024,Materials Today Communications,13,True,https://purehost.bath.ac.uk/ws/files/335657191/MTCOMM-D-24-03213-R2.pdf,Ammar Babiker,False
medium,open full text but no repository hint,concrete strength,10.1038/s41598-024-83476-3,Petrological controls on the engineering properties of carbonate aggregates through a machine learning approach,2024,Scientific Reports,13,True,https://www.nature.com/articles/s41598-024-83476-3.pdf,Javid Hussain,False
medium,open full text but no repository hint,concrete strength,10.1155/2023/9715120,Computational Intelligence-Based Structural Health Monitoring of Corroded and Eccentrically Loaded Reinforced Concrete Columns,2023,Shock and Vibration,13,True,https://downloads.hindawi.com/journals/sv/2023/9715120.pdf,Somain Sharma,False
medium,open full text but no repository hint,pile/geotechnical,10.1109/access.2022.3224184,A Novel Hybrid Deep Neural Network Prediction Model for Shield Tunneling Machine Thrust,2022,IEEE Access,13,True,https://ieeexplore.ieee.org/ielx7/6287639/6514899/09961184.pdf,Cheng Chen,False
medium,open full text but no repository hint,concrete strength,10.3390/computation12100202,Explainable Boosting Machine Learning for Predicting Bond Strength of FRP Rebars in Ultra High-Performance Concrete,2024,Computation,12,True,https://doi.org/10.3390/computation12100202,Alireza Mahmoudian,False
medium,open full text but no repository hint,other structural ML,10.3390/buildings13102471,Probabilistic Shear Strength Prediction for Deep Beams Based on Bayesian-Optimized Data-Driven Approach,2023,Buildings,12,True,https://www.mdpi.com/2075-5309/13/10/2471/pdf?version=1695902614,Mao-Yi Liu,False
medium,open full text but no repository hint,pile/geotechnical,10.3390/s23198308,Pile Damage Detection Using Machine Learning with the Multipoint Traveling Wave Decomposition Method,2023,Sensors,12,True,https://www.mdpi.com/1424-8220/23/19/8308/pdf?version=1696746186,Juntao Wu,False
medium,open full text but no repository hint,concrete strength,10.3390/ma16144977,Machine Learning-Based Prediction of the Compressive Strength of Brazilian Concretes: A Dual-Dataset Study,2023,Materials,12,True,https://www.mdpi.com/1996-1944/16/14/4977/pdf?version=1689214934,Vitor Pereira Silva,False
medium,open full text but no repository hint,concrete strength,10.1002/suco.70271,Computational intelligence enhances compressive strength estimation of sustainable concrete using industrial waste,2025,Structural Concrete,11,True,https://onlinelibrary.wiley.com/doi/pdfdirect/10.1002/suco.70271,Saroj Sapkota,False
medium,open full text but no repository hint,concrete strength,10.1007/s43503-024-00044-4,Data-driven analysis in 3D concrete printing: predicting and optimizing construction mixtures,2025,AI in Civil Engineering,11,True,https://link.springer.com/content/pdf/10.1007/s43503-024-00044-4.pdf,Rodrigo Teixeira Schossler,False
medium,open full text but no repository hint,concrete strength,10.1007/s44290-024-00052-4,Machine learning models for predicting the compressive strength of agro-waste stabilized bricks for sustainable buildings,2024,Discover Civil Engineering,11,True,https://link.springer.com/content/pdf/10.1007/s44290-024-00052-4.pdf,Ifeyinwa Ijeoma Obianyo,False
medium,open full text but no repository hint,concrete strength,10.3390/ma17194744,Predicting the Compressive Strength of Sustainable Portland Cement–Fly Ash Mortar Using Explainable Boosting Machine Learning Techniques,2024,Materials,11,True,https://www.mdpi.com/1996-1944/17/19/4744/pdf?version=1727430049,Hongwei Wang,False
medium,open full text but no repository hint,pile/geotechnical,10.3390/ma17163964,Machine Learning-Based Prediction Models for Punching Shear Strength of Fiber-Reinforced Polymer Reinforced Concrete Slabs Using a Gradient-Boosted Regression Tree,2024,Materials,11,True,https://www.mdpi.com/1996-1944/17/16/3964/pdf?version=1723198488,Emad A. Abood,False
medium,open full text but no repository hint,concrete strength,10.3390/ma16093285,Prediction of Axial Compressive Load–Strain Curves of Circular Concrete-Filled Steel Tube Columns Using Long Short-Term Memory Network,2023,Materials,11,True,https://www.mdpi.com/1996-1944/16/9/3285/pdf?version=1682230557,Xinyu Fan,False
medium,open full text but no repository hint,seismic/fragility,10.3390/s23104694,Machine Learning-Based Rapid Post-Earthquake Damage Detection of RC Resisting-Moment Frame Buildings,2023,Sensors,11,True,https://www.mdpi.com/1424-8220/23/10/4694/pdf?version=1683886760,Edisson Alberto Moscoso Alcantara,False
medium,open full text but no repository hint,seismic/fragility,10.3390/app132312821,Random Forests Machine Learning Applied to PEER Structural Performance Experimental Columns Database,2023,Applied Sciences,11,True,https://www.mdpi.com/2076-3417/13/23/12821/pdf?version=1701265761,Konstantinos G. Megalooikonomou,False
medium,open full text but no repository hint,seismic/fragility,10.1155/2022/2923069,Prediction of Transverse Reinforcement of RC Columns Using Machine Learning Techniques,2022,Advances in Civil Engineering,11,True,https://downloads.hindawi.com/journals/ace/2022/2923069.pdf,Congzhen Xiao,False
medium,open full text but no repository hint,concrete strength,10.3390/buildings15020288,Modeling Soil Behavior with Machine Learning: Static and Cyclic Properties of High Plasticity Clays Treated with Lime and Fly Ash,2025,Buildings,10,True,https://www.mdpi.com/2075-5309/15/2/288/pdf?version=1737291799,Gebrai̇l Bekdaş,False
medium,open full text but no repository hint,concrete strength,10.1038/s41598-025-22212-x,Ensemble machine learning models for predicting strength of concrete with foundry sand and coal bottom ash as fine aggregate replacements,2025,Scientific Reports,10,True,https://www.nature.com/articles/s41598-025-22212-x.pdf,Sagar Paruthi,False
medium,open full text but no repository hint,concrete strength,10.1038/s41598-025-96420-w,Predicting the strengths of basalt fiber reinforced concrete mixed with fly ash using AML and Hoffman and Gardener techniques,2025,Scientific Reports,10,True,https://www.nature.com/articles/s41598-025-96420-w.pdf,Kennedy C. Onyelowe,False
medium,open full text but no repository hint,other structural ML,10.1186/s43251-025-00170-8,A CNN deep learning approach to scour depth estimation around complex bridge piers in steady flow environments,2025,Advances in Bridge Engineering,10,True,https://link.springer.com/content/pdf/10.1186/s43251-025-00170-8.pdf,Ngoc Thi Huynh,False
medium,open full text but no repository hint,concrete strength,10.3390/civileng5010008,Artificial Neural Network Models for Determining the Load-Bearing Capacity of Eccentrically Compressed Short Concrete-Filled Steel Tubular Columns,2024,CivilEng,10,True,https://www.mdpi.com/2673-4109/5/1/8/pdf?version=1706878545,Антон Чепурненко,False
medium,open full text but no repository hint,structural deterioration,10.1016/j.mtcomm.2024.109527,Concrete aging factor prediction using machine learning,2024,Materials Today Communications,10,True,https://doi.org/10.1016/j.mtcomm.2024.109527,Woubishet Zewdu Taffese,False
medium,open full text but no repository hint,pile/geotechnical,10.3390/buildings14082492,Machine-Learning-Based Predictive Models for Punching Shear Strength of FRP-Reinforced Concrete Slabs: A Comparative Study,2024,Buildings,10,True,https://www.mdpi.com/2075-5309/14/8/2492/pdf,Weidong Xu,False
medium,open full text but no repository hint,CFST/composite column,10.1002/tal.2071,Universal boosting ML approaches to predict the ultimate load capacity of CFST columns,2023,The Structural Design of Tall and Special Buildings,10,True,https://onlinelibrary.wiley.com/doi/pdfdirect/10.1002/tal.2071,Thuy‐Anh Nguyen,False
medium,open full text but no repository hint,concrete strength,10.3390/buildings13020391,Combining Artificial Neural Network and Seeker Optimization Algorithm for Predicting Compression Capacity of Concrete-Filled Steel Tube Columns,2023,Buildings,10,True,https://www.mdpi.com/2075-5309/13/2/391/pdf?version=1675764989,Pan Hu,False
medium,open full text but no repository hint,other structural ML,10.1007/s13202-023-01688-1,Petrophysical log-driven kerogen typing: unveiling the potential of hybrid machine learning,2023,Journal of Petroleum Exploration and Production Technology,10,True,https://link.springer.com/content/pdf/10.1007/s13202-023-01688-1.pdf,Ahmad Azadivash,False
medium,open full text but no repository hint,structural deterioration,10.3390/s23208419,Automated Prediction of Crack Propagation Using H2O AutoML,2023,Sensors,10,True,https://www.mdpi.com/1424-8220/23/20/8419/pdf?version=1697105669,Intisar Omar,False
medium,open full text but no repository hint,seismic/fragility,10.3390/app14010341,Machine Learning Algorithms for the Prediction of the Seismic Response of Rigid Rocking Blocks,2023,Applied Sciences,10,True,https://www.mdpi.com/2076-3417/14/1/341/pdf?version=1703862949,Ioannis Karampinis,False
medium,open full text but no repository hint,seismic/fragility,10.1155/2021/5566874,Seismic Response Analysis and Evaluation of Laminated Rubber Bearing Supported Bridge Based on the Artificial Neural Network,2021,Shock and Vibration,10,True,https://downloads.hindawi.com/journals/sv/2021/5566874.pdf,Bingzhe Zhang,False
medium,open full text but no repository hint,other structural ML,10.1038/s41598-025-03991-9,Investigation of cold formed steel angle compression through high throughput design FEA and machine learning,2025,Scientific Reports,9,True,https://www.nature.com/articles/s41598-025-03991-9.pdf,Pradeep Thangavel,False
medium,open full text but no repository hint,concrete strength,10.1038/s41598-025-16516-1,Application of machine learning techniques to predict the compressive strength of steel fiber reinforced concrete,2025,Scientific Reports,9,True,https://www.nature.com/articles/s41598-025-16516-1.pdf,Ala’a R. Al-Shamasneh,False
medium,open full text but no repository hint,other structural ML,10.3390/math12203254,Predicting Factor of Safety of Slope Using an Improved Support Vector Machine Regression Model,2024,Mathematics,9,True,https://www.mdpi.com/2227-7390/12/20/3254/pdf?version=1729174870,Daxing Lei,False
medium,open full text but no repository hint,seismic/fragility,10.3390/buildings14051190,A Machine Learning Model to Predict the Seismic Lifecycle Behavior of a Cross-Sea Cable-Stayed Bridge,2024,Buildings,9,True,https://www.mdpi.com/2075-5309/14/5/1190/pdf?version=1713866460,Ping Lu,False
medium,open full text but no repository hint,concrete strength,10.1038/s41598-023-43463-6,Predicting compressive strength of RCFST columns under different loading scenarios using machine learning optimization,2023,Scientific Reports,9,True,https://www.nature.com/articles/s41598-023-43463-6.pdf,Feng Wu,False
medium,open full text but no repository hint,other structural ML,10.3390/s24010003,A Binocular Vision-Based Crack Detection and Measurement Method Incorporating Semantic Segmentation,2023,Sensors,9,True,https://www.mdpi.com/1424-8220/24/1/3/pdf?version=1702966369,Zhicheng Zhang,False
medium,open full text but no repository hint,other structural ML,10.3390/su152216126,Advancing Shear Capacity Estimation in Rectangular RC Beams: A Cutting-Edge Artificial Intelligence Approach for Assessing the Contribution of FRP,2023,Sustainability,9,True,https://www.mdpi.com/2071-1050/15/22/16126/pdf?version=1700482311,Nima Ezami,False
medium,open full text but no repository hint,beam-column joint,10.1186/s43251-022-00056-z,Artificial Neural network-based prediction of SCF at the Intersection of CFST Y-joints,2022,Advances in Bridge Engineering,9,True,https://aben.springeropen.com/counter/pdf/10.1186/s43251-022-00056-z,Lin Xiao,False
medium,open full text but no repository hint,CFST/composite column,10.1038/s41598-025-86274-7,Prediction of the axial compression capacity of ECC-CES columns using adaptive sampling and machine learning techniques,2025,Scientific Reports,8,True,https://www.nature.com/articles/s41598-025-86274-7.pdf,Khaled Megahed,False
medium,open full text but no repository hint,fiber/SFRC shear,10.1016/j.heliyon.2024.e39513,Effect of water to cement ratio on mechanical properties of FRC subjected to elevated temperatures: Experimental and soft computing approaches,2024,Heliyon,8,True,https://doi.org/10.1016/j.heliyon.2024.e39513,Mohammad Javad Moradi,False
medium,open full text but no repository hint,other structural ML,10.3390/su15107815,"Machine Learning-Based Prediction of Elastic Buckling Coefficients on Diagonally Stiffened Plate Subjected to Shear, Bending, and Compression",2023,Sustainability,8,True,https://www.mdpi.com/2071-1050/15/10/7815/pdf?version=1683711843,Yuqing Yang,False
medium,open full text but no repository hint,concrete strength,10.1038/s41598-023-36576-5,Application of ensemble model in capacity prediction of the CCFST columns under axial and eccentric loading,2023,Scientific Reports,8,True,https://www.nature.com/articles/s41598-023-36576-5.pdf,Jing Wang,False
medium,open full text but no repository hint,concrete strength,10.3390/buildings14041040,Prediction of Torque Capacity in Circular Concrete-Filled Double-Skin Tubular Members under Pure Torsion via Machine Learning and Shapley Additive Explanations Interpretation,2024,Buildings,7,True,https://www.mdpi.com/2075-5309/14/4/1040/pdf?version=1712584686,Lenganji Simwanda,False
medium,open full text but no repository hint,concrete strength,10.3390/buildings14113433,Experimental Study and Machine Learning-Based Prediction of the Abrasion Resistance of Manufactured Sand Concrete,2024,Buildings,7,True,https://www.mdpi.com/2075-5309/14/11/3433/pdf?version=1730170752,Xubo Xu,False
medium,open full text but no repository hint,concrete strength,10.4186/ej.2021.25.7.135,Machine Learning Models for Inferring the Axial Strength in Short Concrete-Filled Steel Tube Columns Infilled with Various Strength Concrete,2021,Engineering Journal,7,True,https://doi.org/10.4186/ej.2021.25.7.135,Ngoc-Tri Ngo,False
medium,open full text but no repository hint,CFST/composite column,10.3390/buildings13112783,Prediction and Interpretation of Residual Bearing Capacity of Cfst Columns under Impact Loads Based Interpretable Stacking Fusion Modeling,2023,Buildings,6,True,https://www.mdpi.com/2075-5309/13/11/2783/pdf?version=1699243550,Guangchao Yang,False
medium,open full text but no repository hint,CFST/composite column,10.3390/buildings13051226,An Improved Equation for the Bearing Capacity of Concrete-Filled Steel Tube Concrete Short Columns Based on GPR,2023,Buildings,6,True,https://www.mdpi.com/2075-5309/13/5/1226/pdf?version=1683526201,Wei Ding,False
medium,open full text but no repository hint,concrete strength,10.1016/j.engstruct.2026.122134,Mechanistic-data-driven modeling of multi-material composite columns: Toward intelligent lightweight design,2026,Engineering Structures,5,True,https://doi.org/10.1016/j.engstruct.2026.122134,Shan Gao,False
low,no immediate open-data/code signal,concrete strength,10.1016/j.engstruct.2022.114239,Prediction of axial compressive capacity of CFRP-confined concrete-filled steel tubular short columns based on XGBoost algorithm,2022,Engineering Structures,88,False,,Lu Ma,False
low,no immediate open-data/code signal,other structural ML,10.1016/j.measurement.2019.01.035,Estimating punching shear capacity of steel fibre reinforced concrete slabs using sequential piecewise multiple linear regression and artificial neural network,2019,Measurement,85,False,,Nhat‐Duc Hoang,False
low,no immediate open-data/code signal,shear wall,10.1016/j.istruc.2020.12.054,A machine learning-based formulation for predicting shear capacity of squat flanged RC walls,2021,Structures,83,False,,Duy‐Duan Nguyen,False
low,no immediate open-data/code signal,other structural ML,10.1016/j.engstruct.2022.114083,Predicting shear strength of FRP-reinforced concrete beams using novel synthetic data driven deep learning,2022,Engineering Structures,72,False,,Afshin Marani,False
low,no immediate open-data/code signal,fiber/SFRC shear,10.1016/j.istruc.2024.106009,"A comparative study of LightGBM, XGBoost, and GEP models in shear strength management of SFRC-SBWS",2024,Structures,70,False,,Odey Alshboul,False
low,no immediate open-data/code signal,shear wall,10.1061/(asce)st.1943-541x.0003401,Probabilistic Machine-Learning Methods for Performance Prediction of Structure and Infrastructures through Natural Gradient Boosting,2022,Journal of Structural Engineering,67,False,,Shi‐Zhi Chen,False
low,no immediate open-data/code signal,concrete strength,10.1061/(asce)mt.1943-5533.0003845,Compressive Strength of Sandy Soils Stabilized with Alkali-Activated Volcanic Ash and Slag,2021,Journal of Materials in Civil Engineering,67,False,,Nader Shariatmadari,False
low,no immediate open-data/code signal,other structural ML,10.1007/s00500-019-04103-2,"Shear strength prediction of reinforced concrete beams by baseline, ensemble, and hybrid machine learning models",2019,Soft Computing,62,False,,Jui‐Sheng Chou,False
low,no immediate open-data/code signal,other structural ML,10.1016/j.engstruct.2022.113898,Assessment of punching shear strength of FRP-RC slab-column connections using machine learning algorithms,2022,Engineering Structures,61,False,,Gia Toai Truong,False
low,no immediate open-data/code signal,concrete strength,10.1007/s42107-023-00804-0,Predicting compressive strength of concrete with fly ash and admixture using XGBoost: a comparative study of machine learning algorithms,2023,Asian Journal of Civil Engineering,51,False,,Abhilash Gogineni,False
low,no immediate open-data/code signal,fiber/SFRC shear,10.1016/j.istruc.2023.06.026,A comparative study of shear strength prediction models for SFRC deep beams without stirrups using Machine learning algorithms,2023,Structures,50,False,,Odey Alshboul,False
low,no immediate open-data/code signal,seismic/fragility,10.1016/j.engstruct.2023.116739,Efficient seismic fragility analysis method utilizing ground motion clustering and probabilistic machine learning,2023,Engineering Structures,50,False,,Jia‐Yi Ding,False
low,no immediate open-data/code signal,concrete strength,10.1016/j.istruc.2023.03.170,Machine learning-based models for predicting the shear strength of synthetic fiber reinforced concrete beams without stirrups,2023,Structures,47,False,,Ghassan Almasabha,False
low,no immediate open-data/code signal,other structural ML,10.1080/15376494.2022.2068209,Prediction and feature analysis of punching shear strength of two-way reinforced concrete slabs using optimized machine learning algorithm and Shapley additive explanations,2022,Mechanics of Advanced Materials and Structures,47,False,,Yanqi Wu,False
low,no immediate open-data/code signal,other structural ML,10.1016/j.conbuildmat.2023.133553,Shear strength prediction of FRP-strengthened concrete beams using interpretable machine learning,2023,Construction and Building Materials,45,False,,Chenxin Wang,False
low,no immediate open-data/code signal,CFST/composite column,10.1016/j.engstruct.2023.115956,A comprehensive and reliable investigation of axial capacity of Sy-CFST columns using machine learning-based models,2023,Engineering Structures,45,False,,Armin Memarzadeh,False
low,no immediate open-data/code signal,shear wall,10.1016/j.jobe.2022.105046,Predicting nominal shear capacity of reinforced concrete wall in building by metaheuristics-optimized machine learning,2022,Journal of Building Engineering,43,False,,Jui‐Sheng Chou,False
low,no immediate open-data/code signal,fiber/SFRC shear,10.1016/j.conbuildmat.2019.07.312,"High-performance fiber reinforced concrete as a repairing material to normal concrete structures: Experiments, numerical simulations and a machine learning-based prediction model",2019,Construction and Building Materials,43,False,,Pengcheng Jiao,False
low,no immediate open-data/code signal,CFST/composite column,10.1016/j.istruc.2022.11.030,Optimized data-driven machine learning models for axial strength prediction of rectangular CFST columns,2022,Structures,40,False,,Xiaoguang Zhou,False
low,no immediate open-data/code signal,pile/geotechnical,10.1016/j.measurement.2022.111723,Development of machine learning models for reliable prediction of the punching shear strength of FRP-reinforced concrete slabs without shear reinforcements,2022,Measurement,36,False,,Niveen Badra,False
low,no immediate open-data/code signal,fiber/SFRC shear,10.1007/s13369-023-08176-y,Machine Learning Regression Algorithms for Shear Strength Prediction of SFRC-DBs: Performance Evaluation and Comparisons,2023,Arabian Journal for Science and Engineering,31,False,,Majdi Maabreh,False
low,no immediate open-data/code signal,CFST/composite column,10.1177/14759217221088457,Distributed detection of internal cavities in concrete-filled steel tube arch bridge elements,2022,Structural Health Monitoring,26,False,,Shilin Gong,False
low,no immediate open-data/code signal,CFST/composite column,10.1002/tal.2111,Interpretable machine learning model for shear strength estimation of circular concrete‐filled steel tubes,2024,The Structural Design of Tall and Special Buildings,10,False,,Ali Mansouri,False
low,no immediate open-data/code signal,CFST/composite column,10.1007/s13296-023-00800-9,Prediction of the Axial Bearing Compressive Capacities of CFST Columns Based on Machine Learning Methods,2024,International Journal of Steel Structures,7,False,,Lusong Yu,False
low,no immediate open-data/code signal,CFST/composite column,10.1016/j.engstruct.2025.120514,Generative adversarial network-enhanced machine learning models for high-precision prediction of rectangular concrete-filled steel tube strength,2025,Engineering Structures,6,False,,Shengkang Zhang,False
low,no immediate open-data/code signal,CFST/composite column,10.1016/j.istruc.2025.109759,Hybrid resampling-enhanced machine learning for failure mode prediction of axially compressed rectangular CFST columns with imbalanced data,2025,Structures,6,False,,Xueqi Zhong,False
low,no immediate open-data/code signal,CFST/composite column,10.1109/csci51800.2020.00119,Prediction of Ultimate Load Capacity of Concrete-Filled Steel Tubes with Circular Sections under Axial Load by Using Predictive Analytics Methods,2020,,6,False,,Cumhur Coşgun,False
low,no immediate open-data/code signal,CFST/composite column,10.1007/s13369-024-09148-6,An Innovative Machine Learning Model to Formulate the Bearing Capacity of Concrete-Filled Steel Tube Column,2024,Arabian Journal for Science and Engineering,5,False,,Alireza Abbasi,False
